market,report_date,usable_from,open_interest,nc_long,nc_short,nc_spread,c_long,c_short,nr_long,nr_short
gold,1986-01-15,1986-01-17,148186,18589,7706,12038,80962,89990,36597,38452
gold,1986-01-31,1986-01-31,144149,15364,9303,10088,82262,85250,36435,39508
gold,1986-02-14,1986-02-14,139995,5457,12229,10330,94830,76735,29378,40701
gold,1986-02-28,1986-02-28,143752,7991,12222,13205,94126,76200,28430,42125
gold,1986-03-14,1986-03-14,142868,12637,11015,11390,85925,78653,32916,41810
gold,1986-03-31,1986-04-04,136568,9817,11406,6002,88897,67171,31852,51989
gold,1986-04-15,1986-04-18,138825,6805,20416,3121,99640,67997,29259,47291
gold,1986-04-30,1986-05-02,132088,8159,10519,3987,88769,72810,31173,44772
gold,1986-05-15,1986-05-16,132147,4649,10375,7467,94944,71660,25087,42645
gold,1986-05-30,1986-05-30,115038,4982,13683,5535,78662,56902,25859,38918
gold,1986-06-13,1986-06-13,115960,11657,10839,5447,69558,66942,29298,32732
gold,1986-06-30,1986-07-04,120954,5361,13631,5988,88561,62551,21044,38784
gold,1986-07-15,1986-07-18,121925,6735,11983,5771,86078,67675,23341,36496
gold,1986-07-31,1986-08-01,125988,18617,9540,6294,69897,71940,31180,38214
gold,1986-08-15,1986-08-15,134903,23234,10589,7013,67333,82453,37323,34848
gold,1986-08-29,1986-08-29,136959,23229,10291,7561,69541,84510,36628,34597
gold,1986-09-15,1986-09-19,149809,24807,10423,12560,69388,95797,43054,31029
gold,1986-09-30,1986-10-03,136574,22421,7840,11149,57513,85239,45491,32346
gold,1986-10-15,1986-10-17,147411,21274,10239,9744,70584,89512,45809,37916
gold,1986-10-31,1986-10-31,146778,12673,9373,8897,79221,90456,45987,38052
gold,1986-11-14,1986-11-14,150800,15816,11905,6141,86136,94132,42707,38622
gold,1986-11-28,1986-11-28,131679,10148,8849,5360,79143,81278,37028,36192
gold,1986-12-15,1986-12-19,134005,13089,11027,6366,76757,80007,37793,36605
gold,1986-12-31,1987-01-02,140744,9405,8347,8187,81948,86647,41204,37563
gold,1987-01-15,1987-01-16,139318,14063,8147,6306,68344,87902,50605,36963
gold,1987-01-30,1987-01-30,130078,13453,9022,7277,62992,78194,46356,35585
gold,1987-02-13,1987-02-13,138130,7705,14024,6614,81749,77255,42062,40237
gold,1987-02-27,1987-02-27,140016,7349,12273,6910,81851,85616,43906,35217
gold,1987-03-13,1987-03-13,145109,10654,10265,7238,79189,87238,48028,40368
gold,1987-03-31,1987-04-03,156832,18464,10076,8573,74906,104113,54889,34070
gold,1987-04-15,1987-04-17,171395,27260,9006,9615,67566,111648,66954,41126
gold,1987-04-30,1987-05-01,175437,24684,12933,9593,64600,104305,76560,48606
gold,1987-05-15,1987-05-15,170819,32997,6294,11069,55854,126196,70899,27260
gold,1987-05-29,1987-05-29,150964,24267,8705,12531,56420,86818,57746,42910
gold,1987-06-15,1987-06-19,149219,20380,11899,14787,57458,83188,56594,39345
gold,1987-06-30,1987-07-03,146960,15476,11621,16824,63817,78120,50843,40395
gold,1987-07-15,1987-07-17,146076,16101,7483,14324,60840,85807,54811,38462
gold,1987-07-31,1987-07-31,150523,23945,6857,12929,60306,102966,53343,27771
gold,1987-08-14,1987-08-14,150693,18612,10402,13257,63626,95033,55198,32001
gold,1987-08-31,1987-09-04,148815,16503,15979,13017,69761,86279,49534,33540
gold,1987-09-15,1987-09-18,146895,16196,12249,12591,70143,93238,47965,28817
gold,1987-09-30,1987-10-02,142634,17083,9981,12216,64861,86977,48474,33460
gold,1987-10-15,1987-10-16,143498,19848,7101,13894,61354,91228,48402,31275
gold,1987-10-30,1987-10-30,133422,15243,9416,14070,65767,80209,38342,29727
gold,1987-11-13,1987-11-13,132803,10867,9427,13482,77616,76183,30838,33711
gold,1987-11-30,1987-12-04,152206,24270,8453,15330,72663,92561,39943,35862
gold,1987-12-15,1987-12-18,158831,20912,9291,16825,81462,96123,39632,36592
gold,1987-12-31,1988-01-01,150106,14523,9354,15990,85947,89586,33646,35176
gold,1988-01-15,1988-01-15,146350,13275,9794,13696,82475,80747,36904,42113
gold,1988-01-29,1988-01-29,146192,9803,19037,12773,93908,69580,29708,44802
gold,1988-02-12,1988-02-12,150569,3759,26630,9589,106136,69098,31085,45252
gold,1988-02-29,1988-03-04,158223,4067,29807,8455,90624,74906,55077,45055
gold,1988-03-15,1988-03-18,161792,6054,23501,11205,92072,82814,52461,44272
gold,1988-03-31,1988-04-01,148310,5401,24023,8840,79820,75633,54249,39814
gold,1988-04-15,1988-04-15,156961,5491,24441,11750,87218,82172,52502,38598
gold,1988-04-29,1988-04-29,154184,2580,19679,10338,117459,84352,23807,39815
gold,1988-05-13,1988-05-13,153681,4835,13402,11580,113514,86621,23752,42078
gold,1988-05-31,1988-06-03,146461,8320,11067,12734,89780,82730,35627,39930
gold,1988-06-15,1988-06-17,142022,7185,10455,10821,86033,79009,37983,41737
gold,1988-06-30,1988-07-01,151645,4658,23026,12595,101902,71375,32490,44649
gold,1988-07-15,1988-07-15,149809,8779,22871,11364,96018,71106,33648,44468
gold,1988-07-29,1988-07-29,139382,3850,18769,8836,99489,68930,27207,42847
gold,1988-08-15,1988-08-19,139252,4761,18548,9307,96217,72158,28967,39239
gold,1988-08-31,1988-09-02,142631,4905,18415,10100,100622,76063,27004,38053
gold,1988-09-15,1988-09-16,155243,3567,27502,9545,109460,66481,32671,51715
gold,1988-09-30,1988-09-30,156546,4427,33064,7433,113359,73347,31327,42702
gold,1988-10-14,1988-10-14,159467,4517,33787,10310,113352,76238,31288,39132
gold,1988-10-31,1988-11-04,160894,4381,31358,10369,118197,79984,27947,39183
gold,1988-11-15,1988-11-18,148897,8125,15896,10630,101825,84867,28317,37504
gold,1988-11-30,1988-12-02,148286,5517,17263,7577,106343,82705,28849,40741
gold,1988-12-15,1988-12-16,145811,5445,17648,9398,107723,79027,23245,39738
gold,1988-12-30,1988-12-30,152731,6837,21800,11368,112108,78299,22418,41264
gold,1989-01-13,1989-01-13,163937,5233,29394,13293,118240,73501,27171,47749
gold,1989-01-31,1989-02-03,170221,5009,37911,17904,125090,67239,22218,47167
gold,1989-02-15,1989-02-17,168943,5828,32830,17013,120632,75634,25470,43466
gold,1989-02-28,1989-03-03,165774,4394,32432,16041,116638,72416,28701,44885
gold,1989-03-15,1989-03-17,165615,6347,25675,16103,108780,81707,34385,42130
gold,1989-03-31,1989-03-31,163649,3422,33947,15505,120884,71844,23838,42353
gold,1989-04-14,1989-04-14,158340,6079,29001,15817,106915,69206,29529,44316
gold,1989-04-28,1989-04-28,168488,2448,32920,18276,121679,70134,26085,47158
gold,1989-05-15,1989-05-19,188114,6010,30245,16420,136797,87394,28887,54055
gold,1989-05-31,1989-06-02,179513,3414,28885,13509,139249,86952,23341,50167
gold,1989-06-15,1989-06-16,163699,5891,24023,13325,121475,85527,23008,40824
gold,1989-06-30,1989-06-30,157858,8381,21462,12453,111938,86700,25086,37243
gold,1989-07-14,1989-07-14,154241,7662,19453,13567,105367,81687,27645,39534
gold,1989-07-31,1989-08-04,148279,3696,18587,13920,107310,71153,23353,44619
gold,1989-08-15,1989-08-18,147488,6197,20394,14160,104463,75201,22668,37733
gold,1989-08-31,1989-09-01,156595,3477,28851,14262,117348,71879,21508,41603
gold,1989-09-15,1989-09-15,154493,10113,23924,13170,104836,73183,26374,44216
gold,1989-09-29,1989-09-29,147468,5134,16802,13553,97489,82389,31292,34724
gold,1989-10-13,1989-10-13,143681,3906,20467,13857,103066,75001,22852,34356
gold,1989-10-31,1989-11-03,151142,15567,12768,14529,84825,90281,36221,33564
gold,1989-11-15,1989-11-17,153379,22440,9204,13667,71252,95573,46020,34935
gold,1989-11-30,1989-12-01,147759,28985,11049,13907,58418,89124,46449,33679
gold,1989-12-15,1989-12-15,156019,30438,8513,14939,62011,97361,48631,35206
gold,1989-12-29,1989-12-29,150931,22982,8581,15233,74736,91444,37980,35673
gold,1990-01-15,1990-01-19,149393,21782,5238,15746,65795,93951,46070,34458
gold,1990-01-31,1990-02-02,131994,13694,7321,16174,58218,76338,43908,32161
gold,1990-02-15,1990-02-16,130564,20315,5565,12665,53767,76179,43817,36155
gold,1990-02-28,1990-03-02,121920,11965,8989,12390,57161,63372,40404,37169
gold,1990-03-15,1990-03-16,132871,13967,18303,11472,65716,66537,41716,36559
gold,1990-03-30,1990-03-30,116812,9414,21463,9224,66504,50523,31670,35602
gold,1990-04-12,1990-04-13,118177,7110,21181,8860,73591,56269,28616,31867
gold,1990-04-30,1990-05-04,123601,6364,20632,7917,80985,59142,28335,35910
gold,1990-05-15,1990-05-18,118492,5297,19403,7834,75378,52444,29983,38811
gold,1990-05-31,1990-06-01,104625,5233,18710,7787,63869,44851,27736,33277
gold,1990-06-15,1990-06-15,117247,4110,26452,7378,80735,46810,25024,36607
gold,1990-06-29,1990-06-29,112142,4316,20190,7250,73148,50545,27428,34157
gold,1990-07-13,1990-07-13,107275,5878,15214,8213,64335,52652,28849,31196
gold,1990-07-31,1990-08-03,98923,8016,5875,8805,50139,56633,31963,27610
gold,1990-08-15,1990-08-17,125895,23830,7522,9581,43347,75837,49137,32955
gold,1990-08-31,1990-08-31,123147,20892,10597,9128,50615,74660,42512,28762
gold,1990-09-14,1990-09-14,113077,13775,7718,9579,55320,66701,34403,29079
gold,1990-09-28,1990-09-28,116620,24684,3187,8603,42594,81102,40739,23728
gold,1990-10-15,1990-10-19,116656,17794,9063,9502,56851,63409,32509,34682
gold,1990-10-31,1990-11-02,114534,10974,9392,11086,61123,60718,31351,33338
gold,1990-11-15,1990-11-16,111194,5893,8204,8323,66635,61633,30343,33034
gold,1990-11-30,1990-11-30,101946,7264,6135,8618,58680,59946,27384,27247
gold,1990-12-14,1990-12-14,111586,4781,10532,9108,75789,60314,21908,31632
gold,1990-12-31,1991-01-04,107610,9228,4426,10125,60179,70360,28078,22699
gold,1991-01-15,1991-01-18,118173,17648,6122,7647,53902,78605,38976,25799
gold,1991-01-31,1991-02-01,93496,2044,14302,4645,62619,44343,24188,30206
gold,1991-02-15,1991-02-15,95750,2515,16880,5666,66286,42163,21283,31041
gold,1991-02-28,1991-03-01,98025,1612,16447,5212,68140,42842,23061,33524
gold,1991-03-15,1991-03-15,98708,3111,14868,5314,64098,48855,26185,29671
gold,1991-03-28,1991-03-29,102541,1724,21208,6191,72228,39820,22398,35322
gold,1991-04-15,1991-04-19,97290,4002,18163,6407,65132,43436,21749,29284
gold,1991-04-30,1991-05-03,108217,4300,25710,6487,76391,44499,21039,31521
gold,1991-05-15,1991-05-17,99903,6949,17450,5236,63768,49088,23950,28129
gold,1991-05-31,1991-05-31,91485,8125,17440,3149,54483,44089,25728,26807
gold,1991-06-14,1991-06-14,91953,19823,11956,2258,34066,52219,35806,25520
gold,1991-06-28,1991-06-28,87349,18540,9247,5574,34622,48041,28613,24487
gold,1991-07-15,1991-07-19,95164,19663,9095,6785,36268,54405,32448,24879
gold,1991-07-31,1991-08-02,87490,12649,15454,6959,42988,36950,24894,28127
gold,1991-08-15,1991-08-16,101756,12421,27321,6781,62082,33916,20472,33738
gold,1991-08-30,1991-08-30,107993,7227,31854,7122,73497,33794,20147,35223
gold,1991-09-16,1991-09-20,107449,7736,29869,8244,70495,36166,20974,33170
gold,1991-09-30,1991-10-04,97904,9403,20755,7224,55772,40650,25505,29275
gold,1991-10-15,1991-10-18,92152,11464,9834,9873,44529,48658,26286,23787
gold,1991-10-31,1991-11-01,100311,13595,10032,11172,47307,54327,28237,24780
gold,1991-11-15,1991-11-15,103034,10191,13131,11186,56116,50752,25541,27965
gold,1991-11-29,1991-11-29,115496,32242,4002,12829,34930,75660,35495,23005
gold,1991-12-13,1991-12-13,103659,16792,6313,12304,46254,61304,28309,23738
gold,1991-12-31,1992-01-03,114144,9018,13620,12697,70346,57166,22083,30661
gold,1992-01-15,1992-01-17,104052,11190,15685,8932,60556,48784,23374,30651
gold,1992-01-31,1992-01-31,102940,13351,12438,10418,54833,53562,24338,26522
gold,1992-02-14,1992-02-14,100473,13917,13429,10479,52162,50194,23915,26371
gold,1992-02-28,1992-02-28,102931,12912,19139,10860,55362,47033,23797,25899
gold,1992-03-13,1992-03-13,113645,11724,26279,10541,62242,48439,29138,28386
gold,1992-03-31,1992-04-03,103658,10876,23488,8247,60693,42566,23842,29357
gold,1992-04-15,1992-04-17,109312,4260,29372,8526,72591,42019,23935,29395
gold,1992-04-30,1992-05-01,113724,9025,27004,10019,68658,46656,26022,30045
gold,1992-05-15,1992-05-15,109747,10494,18809,8375,61619,52312,29259,30251
gold,1992-05-29,1992-05-29,102788,6295,22164,7629,61668,45653,27196,27342
gold,1992-06-15,1992-06-19,103229,16252,9864,8989,44841,60652,33147,23724
gold,1992-06-30,1992-07-03,91162,13062,9401,8908,36761,51484,32431,21369
gold,1992-07-15,1992-07-17,111763,29782,5632,10521,31806,74286,39654,21324
gold,1992-07-31,1992-07-31,112384,32345,6932,9586,32110,76128,38343,19738
gold,1992-08-14,1992-08-14,102784,6668,19887,9825,60889,44540,25402,28532
gold,1992-08-31,1992-09-04,99349,6194,19845,8798,60763,44304,23594,26402
gold,1992-09-15,1992-09-18,100717,5167,13592,9023,59957,53290,26570,24812
gold,1992-09-30,1992-10-02,99191,6206,8706,10547,56577,56161,25861,23777
gold,1992-10-06,1992-10-09,101946,6573,8550,11071,55250,59291,29052,23034
gold,1992-10-13,1992-10-16,101717,5552,10250,10321,63340,56536,22504,24610
gold,1992-10-20,1992-10-23,99420,3774,12210,9818,64490,52513,21338,24879
gold,1992-10-27,1992-10-30,108776,3248,18553,7615,74709,51524,23204,31084
gold,1992-11-03,1992-11-06,106734,3350,20778,6754,72969,49814,23661,29388
gold,1992-11-10,1992-11-13,116747,5307,27347,6870,76352,50427,28218,32103
gold,1992-11-17,1992-11-20,112935,4157,25377,7370,72936,47126,28472,33062
gold,1992-11-24,1992-11-27,108774,3396,23825,7217,70339,46797,27822,30935
gold,1992-12-01,1992-12-04,98384,2612,24775,6462,64665,39077,24645,28070
gold,1992-12-08,1992-12-11,96886,3555,22253,5895,59900,40700,27536,28038
gold,1992-12-15,1992-12-18,99913,3231,22110,6536,63847,43574,26299,27693
gold,1992-12-22,1992-12-25,103836,6638,21541,7375,63632,46547,26191,28373
gold,1992-12-29,1993-01-01,107682,5600,24445,7460,70347,47847,24275,27930
gold,1993-01-05,1993-01-08,113329,5051,26772,7355,76298,48961,24625,30241
gold,1993-01-12,1993-01-15,113657,3937,31804,6072,78498,43962,25150,31819
gold,1993-01-19,1993-01-22,115828,3271,31316,6670,79009,45458,26878,32384
gold,1993-01-26,1993-01-29,109548,3778,25046,6262,71146,46785,28362,31455
gold,1993-02-02,1993-02-05,104396,4374,22919,7359,69104,45450,23559,28668
gold,1993-02-09,1993-02-12,113003,4978,23564,6394,77411,51955,24220,31090
gold,1993-02-16,1993-02-19,111624,6559,17211,6920,66797,62861,31348,24632
gold,1993-02-23,1993-02-26,108001,6419,15221,6113,66329,58746,29140,27921
gold,1993-03-02,1993-03-05,109864,5831,19213,6335,71241,58300,26457,26016
gold,1993-03-09,1993-03-12,118364,5010,29273,5694,80433,49849,27227,33548
gold,1993-03-16,1993-03-19,118169,10013,25153,6099,73169,53417,28888,33500
gold,1993-03-23,1993-03-26,112481,16471,14010,5881,52355,64122,37774,28468
gold,1993-03-30,1993-04-02,127614,32032,9314,6634,45502,86772,43446,24894
gold,1993-04-06,1993-04-09,134202,44080,3972,6386,40345,100146,43391,23698
gold,1993-04-13,1993-04-16,134188,44184,3174,5975,41368,102372,42661,22667
gold,1993-04-20,1993-04-23,137431,43522,7029,6281,43678,101029,43950,23092
gold,1993-04-27,1993-04-30,156996,57655,7490,7080,49008,121077,43253,21349
gold,1993-05-04,1993-05-07,164403,65914,9316,8178,41121,121269,49190,25640
gold,1993-05-11,1993-05-14,167088,65778,11210,8110,41612,123213,51588,24555
gold,1993-05-18,1993-05-21,178417,73031,5758,8395,38596,137038,58395,27226
gold,1993-05-25,1993-05-28,174530,61808,8643,8670,41338,128913,62714,28304
gold,1993-06-01,1993-06-04,175145,61163,10146,10300,46439,126824,57243,27875
gold,1993-06-08,1993-06-11,171089,56205,9226,9743,49340,123911,55801,28209
gold,1993-06-15,1993-06-18,164461,49164,10595,9872,56725,114096,48700,29898
gold,1993-06-22,1993-06-25,167368,54439,11130,10460,53056,114832,49413,30946
gold,1993-06-29,1993-07-02,174697,60965,12036,10791,47144,123614,55797,28256
gold,1993-07-06,1993-07-09,199471,73775,17138,12745,48718,138294,64233,31294
gold,1993-07-13,1993-07-16,204057,76537,13336,13834,49761,143151,63925,33736
gold,1993-07-20,1993-07-23,204642,74337,9855,14117,51185,146683,65003,33987
gold,1993-07-27,1993-07-30,197704,69330,10481,12979,49019,140657,66376,33587
gold,1993-08-03,1993-08-06,206869,82076,12479,12848,37142,150213,74803,31329
gold,1993-08-10,1993-08-13,176847,55725,13359,13538,51696,116081,55888,33869
gold,1993-08-17,1993-08-20,172814,41868,12872,14559,60168,112831,56219,32552
gold,1993-08-24,1993-08-27,172556,44404,11738,14290,62404,118570,51458,27958
gold,1993-08-31,1993-09-03,175913,48894,12805,13770,63290,119754,49959,29584
gold,1993-09-07,1993-09-10,179032,45493,18741,13229,78805,114683,41505,32379
gold,1993-09-14,1993-09-17,171512,38360,17840,10438,80158,107192,42556,36042
gold,1993-09-21,1993-09-24,159931,32735,16165,10375,75554,103273,41267,30118
gold,1993-09-28,1993-10-01,154198,31272,15137,9882,72225,100288,40819,28891
gold,1993-10-05,1993-10-08,151216,29815,16588,9378,73281,95448,38742,29802
gold,1993-10-12,1993-10-15,151204,36607,10716,8764,60068,103903,45765,27821
gold,1993-10-19,1993-10-22,149633,37249,9111,8594,57287,106630,46503,25298
gold,1993-10-26,1993-10-29,154785,41405,10361,9626,56961,108815,46793,25983
gold,1993-11-02,1993-11-05,146843,37080,11946,9599,56427,97575,43737,27723
gold,1993-11-09,1993-11-12,154670,44920,13504,8338,48124,104921,53288,27907
gold,1993-11-16,1993-11-19,151618,41735,6983,8016,45116,109067,56751,27552
gold,1993-11-23,1993-11-26,154281,42924,7011,11238,45351,108417,54768,27615
gold,1993-11-30,1993-12-03,147175,35713,11162,12475,54605,97414,44382,26124
gold,1993-12-07,1993-12-10,142524,40747,8594,11936,41318,98989,48523,23005
gold,1993-12-14,1993-12-17,156428,52864,7980,12159,37153,110796,54252,25493
gold,1993-12-21,1993-12-24,159335,53916,8322,12158,38474,112882,54787,25973
gold,1993-12-28,1993-12-31,159847,54009,8224,12248,40212,113683,53378,25692
gold,1994-01-04,1994-01-07,170497,59294,9532,20268,31550,115035,59385,25662
gold,1994-01-11,1994-01-14,157271,50144,8811,16975,36364,99590,53788,31895
gold,1994-01-18,1994-01-21,159083,51621,6893,15900,32632,109092,58930,27198
gold,1994-01-25,1994-01-28,147945,38287,9784,9176,45607,97420,54875,31565
gold,1994-02-01,1994-02-04,134302,35258,14480,7312,42783,82628,48949,29882
gold,1994-02-08,1994-02-11,136106,34704,14233,7568,49322,86181,44512,28124
gold,1994-02-15,1994-02-18,140211,34398,13788,7273,52011,89918,46529,29232
gold,1994-02-22,1994-02-25,139965,30012,17832,7417,55220,85071,47316,29645
gold,1994-03-01,1994-03-04,148260,33205,25729,6460,59637,81717,48958,34354
gold,1994-03-08,1994-03-11,146116,28210,27146,5481,65989,79981,46436,33508
gold,1994-03-15,1994-03-18,142387,35954,15216,6853,49538,91010,50042,29308
gold,1994-03-22,1994-03-25,147001,37614,15374,7723,47872,96175,53792,27729
gold,1994-03-29,1994-04-01,147441,39949,16234,7580,44989,98182,54923,25445
gold,1994-04-05,1994-04-08,138683,35281,17876,8547,42664,89039,52191,23221
gold,1994-04-12,1994-04-15,140190,30231,27193,8618,53837,76023,47504,28356
gold,1994-04-19,1994-04-22,150065,25666,42487,9186,68830,64190,46383,34202
gold,1994-04-26,1994-04-29,149682,21360,48075,9300,74124,61806,44898,30501
gold,1994-05-03,1994-05-06,150507,23855,49230,6988,74892,61492,44772,32797
gold,1994-05-10,1994-05-13,142039,25958,34299,6075,63828,71306,46178,30359
gold,1994-05-17,1994-05-20,144784,30099,32281,7749,58995,75802,47941,28952
gold,1994-05-24,1994-05-27,154408,37509,29218,7872,60829,89041,48198,28277
gold,1994-05-31,1994-06-03,148143,45219,23705,6783,53859,92327,42282,25328
gold,1994-06-07,1994-06-10,136615,31353,25920,7108,58939,79078,39215,24509
gold,1994-06-14,1994-06-17,138822,33843,23618,7278,55774,81599,41927,26327
gold,1994-06-21,1994-06-24,161383,55391,21845,7373,45752,107129,52867,25036
gold,1994-06-28,1994-07-01,148851,39328,23394,9670,51710,89550,48143,26237
gold,1994-07-05,1994-07-08,146005,36631,23603,8720,51644,87620,49010,26062
gold,1994-07-12,1994-07-15,145019,32962,23307,8727,56076,87407,47254,25578
gold,1994-07-19,1994-07-22,153041,33006,22995,8738,68665,94952,42632,26356
gold,1994-07-26,1994-07-29,149109,34041,22650,7980,62897,92908,44191,25571
gold,1994-08-02,1994-08-05,145660,33034,37935,7563,65127,66527,39936,33635
gold,1994-08-09,1994-08-12,155058,32524,46074,9466,73031,65591,40037,33927
gold,1994-08-16,1994-08-19,160298,27649,45377,10458,79665,64758,42526,39705
gold,1994-08-23,1994-08-26,156684,30405,38306,9751,75417,73616,41111,35011
gold,1994-08-30,1994-09-02,156676,38628,23584,8304,65755,95446,43989,29342
gold,1994-09-06,1994-09-09,157364,40107,21267,9023,62716,99828,45518,27246
gold,1994-09-13,1994-09-16,159123,42907,11099,8863,57174,109582,50179,29579
gold,1994-09-20,1994-09-23,174646,58124,11079,8166,53595,129859,54761,25542
gold,1994-09-27,1994-09-30,184697,66886,8688,9938,53032,137926,54841,28145
gold,1994-10-04,1994-10-07,188054,66676,9236,9647,56367,141031,55364,28140
gold,1994-10-11,1994-10-14,164252,38255,10971,12277,64796,111155,48924,29849
gold,1994-10-18,1994-10-21,156161,32979,15993,12512,63875,99679,46795,27977
gold,1994-10-25,1994-10-28,157554,35388,13717,11031,64591,104776,46544,28030
gold,1994-11-01,1994-11-04,163943,30039,37703,11225,79368,81999,43311,33016
gold,1994-11-08,1994-11-11,166608,30702,41118,10542,79173,80941,46191,34007
gold,1994-11-15,1994-11-18,166090,26522,41122,12291,80445,77390,46832,35287
gold,1994-11-22,1994-11-25,170691,23152,37251,17037,82960,75907,47542,40496
gold,1994-11-29,1994-12-02,172690,19279,39679,16944,94165,78915,42302,37152
gold,1994-12-06,1994-12-09,180619,14632,59710,17657,112946,64192,35384,39060
gold,1994-12-13,1994-12-16,179346,14093,60972,17518,109896,61920,37839,38936
gold,1994-12-20,1994-12-23,175686,14095,54202,18599,104448,66311,38544,36574
gold,1994-12-27,1994-12-30,179759,13482,53710,18282,110098,71461,37897,36306
gold,1995-01-03,1995-01-06,178399,13004,47070,19506,107348,75580,38541,36243
gold,1995-01-10,1995-01-13,196271,14517,64096,15927,130319,73773,35508,42475
gold,1995-01-17,1995-01-20,188429,15750,53584,15436,121211,80263,36032,39146
gold,1995-01-24,1995-01-27,175858,16319,38233,15456,109250,84863,34833,37306
gold,1995-01-31,1995-02-03,171777,14708,45288,15587,110145,76920,31337,33982
gold,1995-02-07,1995-02-10,172009,15943,47046,15148,107861,71652,33057,38163
gold,1995-02-14,1995-02-17,171401,15637,44891,14972,108789,75137,32003,36401
gold,1995-02-21,1995-02-24,169377,15597,39363,15542,101870,80903,36368,33569
gold,1995-02-28,1995-03-03,174285,14603,43836,15104,110501,81075,34077,34270
gold,1995-03-07,1995-03-10,168151,15813,25347,17058,92777,94106,42503,31640
gold,1995-03-14,1995-03-17,167938,19918,12967,16618,88890,107100,42512,31253
gold,1995-03-21,1995-03-24,168138,15352,11719,17240,93215,107852,42331,31327
gold,1995-03-28,1995-03-31,162245,12659,11818,17428,89743,105159,42415,27840
gold,1995-04-04,1995-04-07,187495,39871,6180,15306,83346,138602,48972,27407
gold,1995-04-11,1995-04-14,191233,43265,6820,14895,83303,144141,49770,25377
gold,1995-04-18,1995-04-21,198168,44945,6259,14921,85055,151666,53247,25322
gold,1995-04-25,1995-04-28,196084,42702,6829,15745,86275,148863,51362,24647
gold,1995-05-02,1995-05-05,177178,25653,6962,15517,91720,128869,44288,25830
gold,1995-05-09,1995-05-12,170206,12615,13750,15103,103960,111444,38528,29909
gold,1995-05-16,1995-05-19,173860,13179,19220,14993,108613,107049,37075,32598
gold,1995-05-23,1995-05-26,181812,11361,21878,15522,117613,110597,37316,33815
gold,1995-05-30,1995-06-02,159456,11716,17770,11700,99640,98694,36400,31292
gold,1995-06-06,1995-06-09,170887,13907,18187,9288,109786,110995,37906,32417
gold,1995-06-13,1995-06-16,164848,17242,12814,7377,102130,115450,38099,29207
gold,1995-06-20,1995-06-23,183209,33046,6879,6166,103006,141191,40991,28973
gold,1995-06-27,1995-06-30,177052,29025,7584,5428,104276,136051,38323,27989
gold,1995-07-03,1995-07-07,175928,18389,21962,5374,120041,117925,32124,30667
gold,1995-07-11,1995-07-14,184850,14673,26780,5330,129634,118300,35213,34440
gold,1995-07-18,1995-07-21,171900,20360,12480,5591,107914,121954,38035,31875
gold,1995-07-25,1995-07-28,168448,16627,14624,5554,108254,112565,38013,35705
gold,1995-08-01,1995-08-04,170099,13084,40233,5579,117679,87760,33757,36527
gold,1995-08-08,1995-08-11,177811,15272,46262,8190,117389,86027,36960,37332
gold,1995-08-15,1995-08-18,173296,14838,32053,5889,114219,101377,38350,33977
gold,1995-08-22,1995-08-25,175852,12195,45313,5993,121716,90693,35948,33853
gold,1995-08-29,1995-09-01,177422,11333,47660,6183,122962,88188,36944,35391
gold,1995-09-05,1995-09-08,183988,12639,53989,6342,126514,83849,38493,39808
gold,1995-09-12,1995-09-15,186741,15444,44478,7415,122310,96028,41572,38820
gold,1995-09-19,1995-09-22,188070,16915,38672,7032,121328,105347,42795,37019
gold,1995-09-26,1995-09-29,184643,14513,41360,6537,124246,101213,39347,35533
gold,1995-10-03,1995-10-06,180193,13167,44756,5998,123498,92411,37530,37028
gold,1995-10-10,1995-10-13,180595,15392,40580,5824,119805,99354,39574,34837
gold,1995-10-17,1995-10-20,181415,13493,41915,6677,123875,99061,37370,33762
gold,1995-10-24,1995-10-27,191143,13266,54685,6714,134142,93322,37021,36422
gold,1995-10-31,1995-11-03,192942,14314,52940,7216,134532,96123,36880,36663
gold,1995-11-07,1995-11-10,187463,15493,41697,9729,120337,100476,41904,35561
gold,1995-11-14,1995-11-17,172130,23423,15186,8095,96779,118017,43833,30832
gold,1995-11-21,1995-11-24,155570,17247,14347,8705,88430,102092,41188,30426
gold,1995-11-28,1995-12-01,150937,14863,17285,10275,84850,89721,40949,33656
gold,1995-12-05,1995-12-08,139049,15236,15528,10849,76282,86287,36682,26385
gold,1995-12-12,1995-12-15,144601,24462,13377,10230,69524,95566,40385,25428
gold,1995-12-19,1995-12-22,142709,16148,13121,11125,76641,93422,38795,25041
gold,1995-12-26,1995-12-29,141213,15493,13233,11278,75655,92325,38787,24377
gold,1996-01-02,1996-01-05,148656,22223,11829,11590,73546,99829,41297,25408
gold,1996-01-09,1996-01-12,196205,56064,6413,12346,75052,147039,52743,30407
gold,1996-01-16,1996-01-19,213033,64825,6689,12995,79728,165217,55485,28132
gold,1996-01-23,1996-01-26,226823,72631,3289,13299,78002,176451,62891,33784
gold,1996-01-30,1996-02-02,223800,73978,6284,14140,77403,171610,58279,31766
gold,1996-02-06,1996-02-09,235728,72958,9113,14133,89164,183472,59473,29010
gold,1996-02-13,1996-02-16,224779,55477,6884,11783,95235,174281,62284,31831
gold,1996-02-20,1996-02-23,221187,49123,8013,10713,100192,171978,61159,30483
gold,1996-02-27,1996-03-01,220205,44106,5830,11621,102754,175501,61724,27253
gold,1996-03-05,1996-03-08,206708,32146,9856,13511,100702,152643,60349,30698
gold,1996-03-12,1996-03-15,208236,34232,9423,10725,98394,156826,64885,31262
gold,1996-03-19,1996-03-22,197708,29171,12107,9063,97546,147751,61928,28787
gold,1996-03-26,1996-03-29,201147,39469,7768,9681,84317,154441,67680,29257
gold,1996-04-02,1996-04-05,189385,36397,11592,9740,88576,140144,54672,27909
gold,1996-04-09,1996-04-12,202031,42220,12257,9574,92202,149859,58035,30341
gold,1996-04-16,1996-04-19,201839,24271,17681,10174,109777,138722,57617,35262
gold,1996-04-23,1996-04-26,203351,24144,23597,10075,114426,137205,54706,32474
gold,1996-04-30,1996-05-03,206658,24448,25486,11107,115145,138926,55958,31139
gold,1996-05-07,1996-05-10,201442,25875,21051,10282,104407,137787,60878,32322
gold,1996-05-14,1996-05-17,205744,23187,28223,8977,112867,135835,60713,32709
gold,1996-05-21,1996-05-24,205874,23277,34180,9792,115820,127772,56985,34130
gold,1996-05-28,1996-05-31,202685,23843,31809,11064,109750,126013,58028,33799
gold,1996-06-04,1996-06-07,183865,25230,37997,10547,97804,103709,50284,31612
gold,1996-06-11,1996-06-14,189544,16825,53384,10725,114523,92795,47471,32640
gold,1996-06-18,1996-06-21,192486,18772,50728,11717,117940,98312,44057,31729
gold,1996-06-25,1996-06-28,194460,18980,49010,10613,118840,99091,46027,35746
gold,1996-07-02,1996-07-05,196152,13499,52310,11027,126988,95449,44638,37366
gold,1996-07-09,1996-07-12,197471,13856,49630,11414,126504,99214,45697,37213
gold,1996-07-16,1996-07-19,187816,10183,42189,12896,117518,97101,47219,35630
gold,1996-07-23,1996-07-26,176128,10760,38907,12730,106893,89040,45745,35451
gold,1996-07-30,1996-08-02,169384,11780,35384,11502,105049,91351,41053,31147
gold,1996-08-06,1996-08-09,158371,14155,17964,10825,89608,101842,43783,27740
gold,1996-08-13,1996-08-16,160705,13969,17399,11776,90375,104334,44585,27196
gold,1996-08-20,1996-08-23,157653,12948,19352,12479,90037,99636,42189,26186
gold,1996-08-27,1996-08-30,160819,14313,16841,12458,90764,105725,43284,25795
gold,1996-09-03,1996-09-06,162775,10839,27442,13787,95941,93677,42208,27869
gold,1996-09-10,1996-09-13,186183,10988,58020,12871,120065,83328,42259,31964
gold,1996-09-17,1996-09-20,191988,11628,63874,12076,126902,82889,41382,33149
gold,1996-09-24,1996-09-27,189340,9958,65772,11440,128476,78937,39466,33191
gold,1996-10-01,1996-10-04,197398,10856,69120,11065,139012,82577,36465,34636
gold,1996-10-08,1996-10-11,193843,12001,66246,10964,133689,82330,37189,34303
gold,1996-10-15,1996-10-18,196753,14657,65430,9996,132953,88501,39147,32826
gold,1996-10-22,1996-10-25,187813,12240,48255,10244,122605,95927,42724,33387
gold,1996-10-29,1996-11-01,187475,10169,54543,10753,125555,88769,40998,33410
gold,1996-11-05,1996-11-08,193964,10481,64187,11194,134149,83834,38140,34749
gold,1996-11-12,1996-11-15,189454,13614,53794,11580,124540,90543,39720,33537
gold,1996-11-19,1996-11-22,175954,10143,50202,11944,113842,81820,40025,31988
gold,1996-11-26,1996-11-29,191221,10662,65255,12355,133250,81260,34954,32351
gold,1996-12-03,1996-12-06,188166,11865,65840,11789,129083,78002,35429,32535
gold,1996-12-10,1996-12-13,185516,13689,51181,12413,124975,89990,34439,31932
gold,1996-12-17,1996-12-20,185415,12219,49246,11174,126060,91688,35962,33307
gold,1996-12-24,1996-12-27,186187,11874,49415,11925,129300,92681,33088,32166
gold,1996-12-31,1997-01-03,189805,11848,53773,12388,132509,89076,33060,34568
gold,1997-01-07,1997-01-10,201412,11368,59524,13493,142810,92461,33741,35934
gold,1997-01-14,1997-01-17,204117,7643,60612,13077,148436,91838,34961,38590
gold,1997-01-21,1997-01-24,205471,7815,58085,13451,146541,92667,37664,41268
gold,1997-01-28,1997-01-31,189160,10226,49182,13256,131672,89781,34006,36941
gold,1997-02-04,1997-02-07,191347,7438,55221,13834,135757,89711,34318,32581
gold,1997-02-11,1997-02-14,195275,8403,55053,12010,139125,94371,35737,33841
gold,1997-02-18,1997-02-21,194794,14150,48011,12969,131009,99942,36666,33872
gold,1997-02-25,1997-02-28,184459,14009,35250,13671,121543,103504,35236,32034
gold,1997-03-04,1997-03-07,174030,21214,18641,13700,100996,112632,38120,29057
gold,1997-03-11,1997-03-14,170832,15219,16432,14227,99498,110335,41888,29838
gold,1997-03-18,1997-03-21,172691,12800,23671,13631,101843,99951,44417,35438
gold,1997-03-25,1997-03-28,163639,16865,23580,12660,96276,97554,37838,29845
gold,1997-04-01,1997-04-04,152107,10496,19958,11560,95210,92335,34841,28254
gold,1997-04-08,1997-04-11,148359,10019,18882,12046,91818,89007,34476,28424
gold,1997-04-15,1997-04-18,159410,8895,37248,12228,101797,74791,36490,35143
gold,1997-04-22,1997-04-25,162911,9131,46631,11809,104100,70038,37871,34433
gold,1997-04-29,1997-05-02,163585,8071,48003,12234,105901,69213,37379,34135
gold,1997-05-06,1997-05-09,168134,8661,48910,12728,107085,70016,39660,36480
gold,1997-05-13,1997-05-16,162528,14204,31887,11941,93680,81341,42703,37359
gold,1997-05-20,1997-05-23,159466,10213,40450,12352,97955,72917,38946,33747
gold,1997-05-27,1997-05-30,158811,10253,39801,12288,97036,72994,39234,33728
gold,1997-06-03,1997-06-06,150801,8479,39277,12889,96893,68789,32540,29846
gold,1997-06-10,1997-06-13,160675,7903,44095,12983,104606,71374,35183,32223
gold,1997-06-17,1997-06-20,164407,8277,45856,12707,109496,73328,33927,32516
gold,1997-06-24,1997-06-27,185491,9490,64083,13310,125591,70159,37100,37939
gold,1997-07-01,1997-07-04,196108,5230,72241,14239,139801,69136,36838,40492
gold,1997-07-08,1997-07-11,217966,6339,78779,19518,157324,78253,34785,41416
gold,1997-07-15,1997-07-18,217370,7397,81985,17717,156780,74629,35476,43039
gold,1997-07-22,1997-07-25,204631,10794,72280,20306,140751,72776,32780,39269
gold,1997-07-29,1997-08-01,194719,11544,68170,13463,133032,72713,36680,40373
gold,1997-08-05,1997-08-08,197799,6513,77419,12110,147444,70830,31732,37440
gold,1997-08-12,1997-08-15,196685,14018,63722,13153,129979,79231,39535,40579
gold,1997-08-19,1997-08-22,201656,7183,63592,13664,140302,84641,40507,39759
gold,1997-08-26,1997-08-29,196870,7589,59131,13491,133381,85437,42409,38811
gold,1997-09-02,1997-09-05,195898,6674,66468,13110,138746,82096,37368,34224
gold,1997-09-09,1997-09-12,202432,6595,66009,12856,144584,85178,38397,38389
gold,1997-09-16,1997-09-19,205520,4357,66787,11896,148037,84679,41230,42158
gold,1997-09-23,1997-09-26,201439,4678,67575,11728,146080,83998,38953,38138
gold,1997-09-30,1997-10-03,182284,22302,42134,12732,100304,101704,46946,25714
gold,1997-10-07,1997-10-10,182549,41536,38086,12543,79426,106616,49044,25304
gold,1997-10-14,1997-10-17,176930,30291,38030,11998,85885,95722,48756,31180
gold,1997-10-21,1997-10-24,175223,13909,43706,12623,102442,87675,46249,31219
gold,1997-10-28,1997-10-31,217825,7117,71623,15011,147762,89397,47935,41794
gold,1997-11-04,1997-11-07,217937,8017,71591,16039,151730,91958,42151,38349
gold,1997-11-11,1997-11-14,214765,8834,68744,16429,147357,90349,42145,39243
gold,1997-11-18,1997-11-21,214353,13705,64354,14987,140488,92443,45173,42569
gold,1997-11-25,1997-11-28,192531,9687,69449,15961,133374,73859,33509,33262
gold,1997-12-02,1997-12-05,194540,10682,71170,15420,133401,71488,35037,36462
gold,1997-12-09,1997-12-12,197049,10623,73243,15614,132395,71638,38417,36554
gold,1997-12-16,1997-12-19,187364,9866,68635,16162,123302,64942,38034,37625
gold,1997-12-23,1997-12-26,183073,10200,61984,16929,109997,64425,45947,39735
gold,1997-12-30,1998-01-02,177704,9580,60624,16667,109536,65092,41921,35321
gold,1998-01-06,1998-01-09,189409,9714,68298,19237,121497,65006,38961,36868
gold,1998-01-13,1998-01-16,191691,9852,68380,16016,123854,68498,41969,38797
gold,1998-01-20,1998-01-23,181245,10105,61779,16726,111193,65943,43221,36797
gold,1998-01-27,1998-01-30,162174,12390,36522,16221,92532,77266,41031,32165
gold,1998-02-03,1998-02-06,164191,14549,38547,15078,95566,80855,38998,29711
gold,1998-02-10,1998-02-13,169296,15393,36662,16368,96853,87563,40682,28703
gold,1998-02-17,1998-02-20,172572,14602,38649,16651,101077,85270,40242,32002
gold,1998-02-24,1998-02-27,178732,13023,46469,17835,112478,81205,35396,33223
gold,1998-03-03,1998-03-06,181113,15161,43053,17991,108038,87020,39923,33049
gold,1998-03-10,1998-03-13,184128,13496,48149,18393,113872,83364,38367,34222
gold,1998-03-17,1998-03-20,200258,7047,58345,18815,135033,83753,39363,39345
gold,1998-03-24,1998-03-27,172915,6820,48971,16625,109127,72431,40343,34888
gold,1998-03-31,1998-04-03,161065,14151,35778,16721,90868,79111,39325,29455
gold,1998-04-07,1998-04-10,180125,35912,30665,17882,80360,104876,45971,26702
gold,1998-04-14,1998-04-17,182619,39334,31138,17225,79027,107599,47033,26657
gold,1998-04-21,1998-04-24,184930,41712,29121,16954,76768,112982,49496,25873
gold,1998-04-28,1998-05-01,183719,41569,23684,16503,77633,114737,48014,28795
gold,1998-05-05,1998-05-08,173676,33098,27867,15266,81123,98834,44189,31709
gold,1998-05-12,1998-05-15,156329,12860,31575,16058,87130,76681,40281,32015
gold,1998-05-19,1998-05-22,154467,12490,29737,14879,86888,78181,40210,31670
gold,1998-05-26,1998-05-29,149778,11717,33923,14462,85218,69898,38381,31495
gold,1998-06-02,1998-06-05,171275,7556,60612,15217,115290,58744,33212,36702
gold,1998-06-09,1998-06-12,171755,7000,58174,16308,114066,61281,34381,35992
gold,1998-06-16,1998-06-19,182514,5082,65909,17186,127101,63397,33145,36022
gold,1998-06-23,1998-06-26,167070,5441,42956,16326,111188,73389,34115,34399
gold,1998-06-30,1998-07-03,164716,5022,40939,15542,111528,77599,32624,30636
gold,1998-07-07,1998-07-10,167652,8467,42482,16866,110070,78169,32249,30135
gold,1998-07-14,1998-07-17,171176,6518,44177,18329,111476,76352,34853,32318
gold,1998-07-21,1998-07-24,170503,6425,40077,17941,111414,81205,34723,31280
gold,1998-07-28,1998-07-31,164221,7801,47568,16376,107815,67478,32229,32799
gold,1998-08-04,1998-08-07,179832,8618,67413,15518,124980,62611,30716,34290
gold,1998-08-11,1998-08-14,185167,9059,68769,16459,129913,65851,29736,34088
gold,1998-08-18,1998-08-21,195394,12089,71699,18020,133248,68147,32037,37528
gold,1998-08-25,1998-08-28,199774,10539,72049,16474,139764,72597,32997,38654
gold,1998-09-01,1998-09-04,207005,6779,76568,17178,150324,73995,32724,39264
gold,1998-09-08,1998-09-11,197099,7890,59215,16055,133363,81709,39791,40120
gold,1998-09-15,1998-09-18,173813,10405,30520,16957,109857,93866,36594,32470
gold,1998-09-22,1998-09-25,174705,13273,32286,17540,106870,96553,37022,28326
gold,1998-09-29,1998-10-02,175102,18982,24893,18329,97831,104569,39960,27311
gold,1998-10-06,1998-10-09,190174,36588,12919,19886,90267,132205,43433,25164
gold,1998-10-13,1998-10-16,187179,32954,12822,19568,92675,129522,41982,25267
gold,1998-10-20,1998-10-23,184842,29034,13243,20750,94588,123504,40470,27345
gold,1998-10-27,1998-10-30,184784,21174,13968,20406,106270,123022,36934,27388
gold,1998-11-03,1998-11-06,180415,9917,27612,21212,113225,100392,36061,31199
gold,1998-11-10,1998-11-13,172069,11354,18465,20259,100977,103687,39479,29658
gold,1998-11-17,1998-11-20,153511,15147,11960,19345,81854,96527,37165,25679
gold,1998-11-24,1998-11-27,150873,17284,10369,19069,76749,94409,37771,27026
gold,1998-12-01,1998-12-04,143535,12857,16775,20752,82066,80961,27860,25047
gold,1998-12-08,1998-12-11,145386,12306,17456,20964,82599,83223,29517,23743
gold,1998-12-15,1998-12-18,148455,8951,23617,20417,91654,77427,27433,26994
gold,1998-12-22,1998-12-25,158623,8703,35495,20515,101641,72653,27764,29960
gold,1998-12-29,1999-01-01,162536,8174,42760,20617,106847,69641,26898,29518
gold,1999-01-05,1999-01-08,173200,9127,53151,20578,115550,68930,27945,30541
gold,1999-01-12,1999-01-15,172413,11435,53161,17498,114634,74034,28846,27720
gold,1999-01-19,1999-01-22,184145,9596,64878,18845,124609,69290,31095,31132
gold,1999-01-26,1999-01-29,181330,9861,70853,15552,125046,60260,30871,34665
gold,1999-02-02,1999-02-05,181292,13654,73572,17962,122419,59582,27257,30176
gold,1999-02-09,1999-02-12,181688,10261,71310,17691,126315,64297,27421,28390
gold,1999-02-16,1999-02-19,185713,8862,77268,17046,131789,60983,28016,30416
gold,1999-02-23,1999-02-26,190553,8938,79003,17149,136697,64885,27769,29516
gold,1999-03-02,1999-03-05,191522,17147,75294,17527,127699,70785,29149,27916
gold,1999-03-09,1999-03-12,182305,32899,35104,18218,96704,102391,34484,26592
gold,1999-03-16,1999-03-19,165270,11160,39610,18412,103547,74584,32151,32664
gold,1999-03-23,1999-03-26,174143,7997,62020,17489,118186,62293,30471,32341
gold,1999-03-30,1999-04-02,187558,6836,87076,17987,134373,52219,28362,30276
gold,1999-04-06,1999-04-09,196125,9350,97713,18249,139047,47357,29479,32806
gold,1999-04-13,1999-04-16,196091,11955,93046,17417,135918,53306,30801,32322
gold,1999-04-20,1999-04-23,196996,12075,85765,18901,137066,62025,28954,30305
gold,1999-04-27,1999-04-30,204378,14087,94179,18487,142084,58108,29720,33604
gold,1999-05-04,1999-05-07,193275,18454,68306,17778,121417,79119,35626,28072
gold,1999-05-11,1999-05-14,187427,12626,75976,18677,118496,58436,37628,34338
gold,1999-05-18,1999-05-21,196892,8173,88719,20960,134284,55652,33475,31561
gold,1999-05-25,1999-05-28,199633,7689,93127,19482,139741,51666,32721,35358
gold,1999-06-01,1999-06-04,198487,9625,88396,18662,141084,58694,29116,32735
gold,1999-06-08,1999-06-11,203955,9281,94516,19173,142345,54138,33156,36128
gold,1999-06-15,1999-06-18,212568,10132,95118,20463,147656,61240,34317,35747
gold,1999-06-22,1999-06-25,213680,9930,96789,21024,147990,61086,34736,34781
gold,1999-06-29,1999-07-02,208222,8971,92582,20522,142021,60945,36708,34173
gold,1999-07-06,1999-07-09,218365,8728,95291,23030,142531,60534,44076,39510
gold,1999-07-13,1999-07-16,211594,9914,88774,21555,144152,62918,35973,38347
gold,1999-07-20,1999-07-23,206266,10323,89538,20112,141284,59797,34547,36819
gold,1999-07-27,1999-07-30,198760,13624,81518,19872,131089,60265,34175,37105
gold,1999-08-03,1999-08-06,188933,17758,74198,17527,122268,66222,31380,30986
gold,1999-08-10,1999-08-13,193698,15272,70336,15362,127509,78111,35555,29889
gold,1999-08-17,1999-08-20,191776,21260,56502,15372,114180,92288,40964,27614
gold,1999-08-24,1999-08-27,191040,16211,75298,14261,124090,68671,36478,32810
gold,1999-08-31,1999-09-03,198692,17219,78710,14938,130394,71153,36141,33891
gold,1999-09-07,1999-09-10,201266,16931,79841,15882,130654,70246,37799,35297
gold,1999-09-14,1999-09-17,201806,18500,72632,13644,130041,78513,39621,37017
gold,1999-09-21,1999-09-24,205259,27235,65077,14386,120486,90995,43152,34801
gold,1999-09-28,1999-10-01,225467,47881,62196,16509,102879,105629,58198,41133
gold,1999-10-05,1999-10-08,215041,43094,64951,18741,105128,92730,48078,38619
gold,1999-10-12,1999-10-15,216938,35722,52723,21652,114325,112367,45239,30196
gold,1999-10-19,1999-10-22,223090,35601,52897,21582,122130,119616,43777,28995
gold,1999-10-26,1999-10-29,217916,33470,47085,20800,122596,120181,41050,29850
gold,1999-11-02,1999-11-05,208907,27786,43069,20582,121293,117147,39246,28109
gold,1999-11-09,1999-11-12,203057,23669,42788,19002,121448,111331,38938,29936
gold,1999-11-16,1999-11-19,182148,28090,25319,17969,96271,112823,39818,26037
gold,1999-11-23,1999-11-26,171564,33610,24256,17285,81966,105069,38703,24954
gold,1999-11-30,1999-12-03,163574,31811,25682,16128,79135,95935,36500,25829
gold,1999-12-07,1999-12-10,156712,24409,27381,16289,84902,85788,31112,27254
gold,1999-12-14,1999-12-17,155142,10261,30814,14959,99201,82783,30721,26586
gold,1999-12-21,1999-12-24,156318,11393,39362,18962,102262,83833,23701,14161
gold,1999-12-28,1999-12-31,156526,10876,39829,19186,101938,83816,24526,13695
gold,2000-01-04,2000-01-07,155835,12360,41068,18440,102766,80116,22269,16211
gold,2000-01-11,2000-01-14,157326,17699,41917,18428,100041,81647,21158,15334
gold,2000-01-18,2000-01-21,148055,19895,26998,21104,84768,85786,22288,14167
gold,2000-01-25,2000-01-28,142913,19469,25003,21062,78940,83689,23442,13159
gold,2000-02-01,2000-02-04,134305,19414,28247,18061,78709,73869,18121,14128
gold,2000-02-08,2000-02-11,153976,40614,31600,18110,69057,93527,26195,10739
gold,2000-02-15,2000-02-18,157231,42107,21410,17973,69135,105530,28016,12318
gold,2000-02-22,2000-02-25,168125,52079,21071,17715,69951,116433,28380,12906
gold,2000-02-29,2000-03-03,166509,41099,22312,19417,80273,111356,25720,13424
gold,2000-03-07,2000-03-10,161362,38403,19732,11737,80997,108116,30225,21777
gold,2000-03-14,2000-03-17,161540,34577,17282,18578,86418,110852,21967,14828
gold,2000-03-21,2000-03-24,164397,33068,18135,19256,90849,110567,21224,16439
gold,2000-03-28,2000-03-31,150712,15152,29437,16597,98639,85603,20324,19075
gold,2000-04-04,2000-04-07,155378,19129,42440,17628,98801,76842,19820,18468
gold,2000-04-11,2000-04-14,153144,18432,40617,17784,96251,75006,20677,19737
gold,2000-04-18,2000-04-21,153546,18580,38933,17906,95886,77253,21174,19454
gold,2000-04-25,2000-04-28,156486,17428,44970,19327,100286,71993,19445,20196
gold,2000-05-02,2000-05-05,168231,18529,51124,22114,107120,72779,20468,22214
gold,2000-05-09,2000-05-12,162759,19708,45430,21588,100796,76508,20667,19233
gold,2000-05-16,2000-05-19,160373,15748,45278,22850,97133,71449,24642,20796
gold,2000-05-23,2000-05-26,163062,17625,53467,18804,102216,69092,24417,21699
gold,2000-05-30,2000-06-02,159156,19861,60485,17196,102206,59616,19893,21859
gold,2000-06-06,2000-06-09,140841,26029,30046,15411,79617,81597,19784,13787
gold,2000-06-13,2000-06-16,141504,31474,16814,14848,72711,97773,22471,12069
gold,2000-06-20,2000-06-23,143814,32680,13622,14257,72771,103693,24106,12242
gold,2000-06-27,2000-06-30,143700,31821,15602,15406,76236,101409,20237,11283
gold,2000-07-05,2000-07-07,150096,31351,15523,15291,81135,107920,22319,11362
gold,2000-07-11,2000-07-14,146022,29093,16695,15376,82973,101830,18580,12121
gold,2000-07-18,2000-07-21,136090,26606,17591,16309,72418,88264,20757,13926
gold,2000-07-25,2000-07-28,122177,24352,20809,15340,61847,69338,20638,16690
gold,2000-08-01,2000-08-04,111188,23120,28717,15283,54380,49413,18405,17775
gold,2000-08-08,2000-08-11,122540,21171,46194,16280,67758,40607,17331,19459
gold,2000-08-15,2000-08-18,132994,19597,52483,16223,78853,43753,18321,20535
gold,2000-08-22,2000-08-25,130211,22255,48476,15989,74630,45762,17337,19984
gold,2000-08-29,2000-09-01,132014,22128,50766,15807,75631,45785,18448,19656
gold,2000-09-05,2000-09-08,125433,23403,42285,14611,67240,48772,20179,19765
gold,2000-09-12,2000-09-15,133431,22031,49029,16090,73339,46655,21971,21657
gold,2000-09-19,2000-09-22,137565,22874,53435,14944,77684,46399,22063,22787
gold,2000-09-26,2000-09-29,133035,24033,49984,10800,75429,49827,22773,22424
gold,2000-10-03,2000-10-06,124815,23444,43555,11252,68457,51489,21662,18519
gold,2000-10-10,2000-10-13,134015,25477,51003,11783,73756,51341,22999,19888
gold,2000-10-17,2000-10-20,129680,29308,46045,11103,66289,52572,22980,19960
gold,2000-10-24,2000-10-27,135064,30738,49309,11771,70588,53438,21967,20546
gold,2000-10-31,2000-11-03,137818,24308,56030,11363,80001,48155,22146,22270
gold,2000-11-07,2000-11-10,138300,22498,56618,12891,81661,48216,21250,20575
gold,2000-11-14,2000-11-17,140258,16145,61121,10462,90323,47484,23328,21191
gold,2000-11-21,2000-11-24,132633,16495,62951,9343,84678,39827,22117,20512
gold,2000-11-28,2000-12-01,124950,16405,52606,9615,75542,43041,23388,19688
gold,2000-12-05,2000-12-08,113455,16902,43823,8336,65082,43640,23135,17656
gold,2000-12-12,2000-12-15,110455,18834,36776,8766,60144,49041,22711,15872
gold,2000-12-19,2000-12-22,114708,17208,39376,9458,65914,49079,22128,16795
gold,2000-12-26,2000-12-29,114850,18940,33199,9023,63002,56717,23885,15911
gold,2001-01-02,2001-01-05,114491,17745,41480,9709,68027,47517,19010,15785
gold,2001-01-09,2001-01-12,126527,15778,54004,10348,81142,42641,19259,19534
gold,2001-01-16,2001-01-19,139180,13743,70903,9195,96907,37419,19335,21663
gold,2001-01-23,2001-01-26,140120,15626,73324,9262,93293,36630,21939,20904
gold,2001-01-30,2001-02-02,141156,18847,72662,6853,97509,41884,17947,19757
gold,2001-02-06,2001-02-09,135682,16396,69102,6865,93974,39671,18447,20044
gold,2001-02-13,2001-02-16,143725,15639,74611,8086,102809,40634,17191,20394
gold,2001-02-20,2001-02-23,148782,16291,83022,7233,106088,38562,19170,19965
gold,2001-02-27,2001-03-02,143173,17753,68548,10447,92299,44440,22674,19738
gold,2001-03-06,2001-03-09,133440,17806,59788,10847,84196,43989,20591,18816
gold,2001-03-13,2001-03-16,126821,19050,43294,9806,72102,58437,25863,15284
gold,2001-03-20,2001-03-23,123758,11598,49567,10794,79069,46841,22297,16556
gold,2001-03-27,2001-03-30,122944,12006,45310,10031,78979,49332,21928,18271
gold,2001-04-03,2001-04-06,118398,10226,61580,8202,79740,28757,20230,19859
gold,2001-04-10,2001-04-13,130116,10961,69094,10178,88319,30329,20658,20515
gold,2001-04-17,2001-04-20,122146,10091,55660,9671,79692,37051,22692,19764
gold,2001-04-24,2001-04-27,114900,11752,46763,9712,69126,41204,24310,17221
gold,2001-05-01,2001-05-04,110868,12738,40708,11148,61633,41814,25349,17198
gold,2001-05-08,2001-05-11,109018,12867,38655,11083,60306,43059,24762,16221
gold,2001-05-15,2001-05-18,106947,28829,27298,12261,38943,52858,26914,14530
gold,2001-05-22,2001-05-25,133866,53505,14569,12107,27867,93117,40387,14073
gold,2001-05-29,2001-06-01,133990,55117,11881,11191,31273,99716,36409,11202
gold,2001-06-05,2001-06-08,109182,34718,9707,10264,36233,78547,27967,10664
gold,2001-06-12,2001-06-15,114065,32243,13688,9524,42617,79161,29681,11692
gold,2001-06-19,2001-06-22,118500,33983,14981,9651,45070,85297,29796,8571
gold,2001-06-26,2001-06-29,125033,37204,15131,9993,45563,90256,32273,9653
gold,2001-07-03,2001-07-06,117731,32764,16594,11009,47467,80059,26491,10069
gold,2001-07-10,2001-07-13,118688,31178,20576,11231,50380,74912,25899,11969
gold,2001-07-17,2001-07-20,116292,30150,19384,11886,47165,72672,27091,12350
gold,2001-07-24,2001-07-27,111764,31387,18013,11642,40651,69562,28084,12547
gold,2001-07-31,2001-08-03,100943,24089,26795,10209,41533,47679,25112,16260
gold,2001-08-07,2001-08-10,98582,25067,26757,10193,38190,45328,25132,16304
gold,2001-08-14,2001-08-17,119311,50435,17566,10118,26735,81962,32023,9665
gold,2001-08-21,2001-08-24,131631,57049,17515,11279,28387,92799,34916,10038
gold,2001-08-28,2001-08-31,120108,46567,18745,11507,29845,80697,32189,9159
gold,2001-09-04,2001-09-07,121687,44767,18850,12236,31650,81489,33034,9112
gold,2001-09-10,2001-09-14,119518,42337,21513,11892,34261,77504,31028,8609
gold,2001-09-18,2001-09-21,120062,47155,18007,11812,29086,78542,32009,11701
gold,2001-09-25,2001-09-28,129840,55700,19062,9953,24492,82834,39695,17991
gold,2001-10-02,2001-10-05,132653,54976,19721,9828,27883,95005,39966,8099
gold,2001-10-09,2001-10-12,134663,53926,21148,10207,31042,95771,39488,7537
gold,2001-10-16,2001-10-19,126767,43774,19686,11104,36316,88132,35573,7845
gold,2001-10-23,2001-10-26,117875,35467,20788,11879,37139,62330,33390,22878
gold,2001-10-30,2001-11-02,118614,32041,19881,12142,44910,78109,29521,8482
gold,2001-11-06,2001-11-09,115880,32582,19052,13655,41334,76769,28309,6404
gold,2001-11-13,2001-11-16,111255,29312,23885,8899,46091,69728,26953,8743
gold,2001-11-20,2001-11-23,115326,25380,34553,9393,51619,54108,28934,17272
gold,2001-11-27,2001-11-30,111942,23633,35773,9280,53349,51611,25680,15278
gold,2001-12-04,2001-12-07,105023,26142,36171,9775,43346,45880,25760,13197
gold,2001-12-11,2001-12-14,115485,25806,47523,10014,54864,41238,24801,16710
gold,2001-12-18,2001-12-21,110873,30819,31680,11673,41158,56356,27223,11164
gold,2001-12-21,2001-12-21,110971,28075,30978,11003,46856,58832,25037,10158
gold,2001-12-28,2001-12-28,113672,28829,29474,10727,47939,62494,26177,10977
gold,2002-01-08,2002-01-11,113020,29232,23876,10423,43737,67779,29628,10942
gold,2002-01-15,2002-01-18,128197,47510,18069,10192,36265,90203,34230,9733
gold,2002-01-22,2002-01-25,132005,44800,18871,11266,41689,92648,34250,9220
gold,2002-01-29,2002-02-01,124540,29044,16610,11605,53566,85081,30325,11244
gold,2002-02-05,2002-02-08,138370,53810,19722,10579,41428,99608,32553,8461
gold,2002-02-12,2002-02-15,148022,61706,25373,11969,37963,100186,36384,10494
gold,2002-02-19,2002-02-22,148242,61748,27384,12218,38355,98409,35921,10231
gold,2002-02-26,2002-03-01,144384,58404,29325,12560,36376,92785,37044,9714
gold,2002-03-05,2002-03-08,144154,55673,25211,12843,37550,96216,38088,9884
gold,2002-03-12,2002-03-15,140978,50525,20039,14319,36820,95327,39314,11293
gold,2002-03-19,2002-03-22,140007,48393,20406,14291,38406,94525,38917,10785
gold,2002-03-26,2002-03-29,148479,53695,19301,15942,38055,103943,40787,9293
gold,2002-04-02,2002-04-05,153322,62448,24787,14069,33449,105362,43356,9104
gold,2002-04-09,2002-04-12,152187,63780,27273,13746,34255,101786,40406,9382
gold,2002-04-16,2002-04-19,154615,58851,26769,15006,40119,103285,40639,9555
gold,2002-04-23,2002-04-26,162580,65168,25503,14927,39629,112332,42856,9818
gold,2002-04-30,2002-05-03,180829,73449,27382,17248,42451,124832,47681,11367
gold,2002-05-07,2002-05-10,192242,76757,32322,18859,46163,128868,50463,12193
gold,2002-05-14,2002-05-17,191721,70071,32232,17224,52774,129726,51652,12539
gold,2002-05-21,2002-05-24,189679,75332,28418,16525,45289,133932,52533,10804
gold,2002-05-28,2002-05-31,190444,75210,33887,13883,44076,131508,57275,11166
gold,2002-06-04,2002-06-07,181999,73044,31101,14486,40497,125717,53972,10695
gold,2002-06-11,2002-06-14,171476,68206,21750,16566,44066,121249,42638,11911
gold,2002-06-18,2002-06-21,169101,63445,22204,17633,44277,117060,43746,12204
gold,2002-06-25,2002-06-28,176291,62956,24989,18420,47064,121261,47851,11621
gold,2002-07-02,2002-07-05,167318,53434,23361,19866,48192,114067,45826,10024
gold,2002-07-09,2002-07-12,169837,45598,22970,19320,54081,115807,50838,11740
gold,2002-07-16,2002-07-19,173241,47062,23151,19092,55729,120093,51358,10905
gold,2002-07-23,2002-07-26,171233,48196,21958,19070,51743,118696,52224,11509
gold,2002-07-30,2002-08-02,147221,27460,27075,16648,63814,96047,39299,7451
gold,2002-08-06,2002-08-09,140484,24859,23882,14521,58217,89596,42887,12485
gold,2002-08-13,2002-08-16,144723,25632,26108,14875,63031,92463,41185,11277
gold,2002-08-20,2002-08-23,149693,28280,23572,15629,63419,97708,42365,12784
gold,2002-08-27,2002-08-30,150531,27532,25150,16028,63271,97340,43700,12013
gold,2002-09-03,2002-09-06,149202,29706,23591,15707,57919,98586,45870,11318
gold,2002-09-10,2002-09-13,161170,45693,25872,15349,49522,110002,50606,9947
gold,2002-09-17,2002-09-20,164036,46110,20924,14975,50462,116966,52489,11171
gold,2002-09-24,2002-09-27,187501,68074,25893,13362,49259,137650,56806,10596
gold,2002-10-01,2002-10-04,178261,67739,25037,14793,44523,128220,51206,10211
gold,2002-10-08,2002-10-11,173762,61992,24320,14984,46732,123359,50054,11099
gold,2002-10-15,2002-10-18,158344,40830,24916,15475,56350,105202,45689,12751
gold,2002-10-22,2002-10-25,155085,34838,25376,15556,58942,100539,45749,13614
gold,2002-10-29,2002-11-01,152205,33696,18365,16399,56328,105184,45782,12257
gold,2002-11-05,2002-11-08,152269,38982,18997,15799,49341,106044,48147,11429
gold,2002-11-12,2002-11-15,174682,57600,20693,18546,43611,122035,54925,13408
gold,2002-11-19,2002-11-22,169985,56665,18809,18411,43159,118941,51750,13824
gold,2002-11-26,2002-11-29,166371,52488,14934,16638,47799,119364,49446,15435
gold,2002-12-03,2002-12-06,158433,48545,15584,16944,41407,109565,51537,16340
gold,2002-12-10,2002-12-13,180754,73216,21857,13926,37865,128689,55747,16282
gold,2002-12-17,2002-12-20,205550,86949,31749,15914,36725,138211,65962,19676
gold,2002-12-23,2002-12-27,201761,86100,28995,15893,36551,140004,63217,16869
gold,2002-12-31,2003-01-03,206914,88002,28497,17128,39250,143666,62534,17623
gold,2003-01-07,2003-01-10,215299,93664,30101,17965,40513,149899,63157,17334
gold,2003-01-14,2003-01-17,214684,93046,32384,18688,38005,142982,64945,20630
gold,2003-01-21,2003-01-24,218286,95013,33331,19498,35901,144173,67874,21284
gold,2003-01-28,2003-01-31,229819,91912,35045,23931,36327,149177,77649,21666
gold,2003-02-04,2003-02-07,241161,105154,38340,23149,35779,162286,77079,17386
gold,2003-02-11,2003-02-14,216608,89620,39511,21427,45786,140146,59775,15524
gold,2003-02-14,2003-02-14,202671,69759,33952,21318,54707,132506,56887,14895
gold,2003-02-25,2003-02-28,196138,60864,33899,20640,57629,126289,57005,15310
gold,2003-03-04,2003-03-07,189928,60149,29173,19226,56069,127232,54484,14297
gold,2003-03-11,2003-03-14,193841,62022,28473,21363,56078,130668,54378,13337
gold,2003-03-18,2003-03-21,189983,51897,30476,21117,65053,121895,51916,16495
gold,2003-03-25,2003-03-28,182966,45220,15690,19943,73435,130380,44368,16953
gold,2003-04-01,2003-04-04,171558,40659,16292,18959,69948,119919,41992,16388
gold,2003-04-08,2003-04-11,173293,45496,19799,18169,66333,118940,43295,16385
gold,2003-04-15,2003-04-18,180817,47667,26362,20057,67965,116587,45128,17811
gold,2003-04-22,2003-04-25,177869,50301,25224,20813,62217,114835,44538,16997
gold,2003-04-29,2003-05-02,176123,49345,24578,19687,61323,114157,45768,17701
gold,2003-05-06,2003-05-09,178933,53877,14586,20379,59479,129288,45198,14680
gold,2003-05-13,2003-05-16,183957,58093,15673,21509,57917,131631,46438,15144
gold,2003-05-20,2003-05-23,196238,79694,13953,22060,45003,143069,49481,17156
gold,2003-05-27,2003-05-30,206318,78295,9546,22982,44032,141663,61009,32127
gold,2003-06-03,2003-06-06,205219,94155,9108,20688,47320,160932,43056,14491
gold,2003-06-10,2003-06-13,201381,79118,13519,21911,51645,145025,48707,20926
gold,2003-06-17,2003-06-20,199642,81499,17324,23119,51869,146075,43155,13124
gold,2003-06-24,2003-06-27,192790,65690,16806,23928,59389,136408,43783,15648
gold,2003-07-01,2003-07-04,187164,59522,14308,24897,60916,132919,41829,15040
gold,2003-07-08,2003-07-11,187327,56977,15649,25219,63710,132545,41421,13914
gold,2003-07-15,2003-07-18,186983,51045,23530,28489,66125,119797,41324,15167
gold,2003-07-22,2003-07-25,192848,60068,20659,26767,62487,130912,43526,14510
gold,2003-07-29,2003-08-01,238119,93311,17864,28341,57122,167454,59345,24460
gold,2003-08-05,2003-08-08,200599,75623,17812,26154,52412,145598,46410,11035
gold,2003-08-12,2003-08-15,209187,84578,18065,26184,49254,151016,49171,13922
gold,2003-08-19,2003-08-22,229142,104223,14225,26558,48481,174211,49880,14148
gold,2003-08-26,2003-08-29,243009,117340,17113,25910,47524,184612,52235,15374
gold,2003-09-02,2003-09-05,274981,146230,23383,24647,45994,209840,58110,17111
gold,2003-09-09,2003-09-12,283325,151530,36438,25111,46865,204805,59819,16971
gold,2003-09-16,2003-09-19,283175,144818,39002,26176,52270,200273,59911,17724
gold,2003-09-23,2003-09-26,291738,146587,38919,29543,53760,204257,61848,19019
gold,2003-09-30,2003-10-03,277922,136571,41383,24867,56237,193254,60247,18418
gold,2003-10-07,2003-10-10,255935,110811,30046,25505,66122,182162,53497,18222
gold,2003-10-14,2003-10-17,246133,108615,31723,23159,60855,174060,53504,17191
gold,2003-10-21,2003-10-24,252897,115942,35078,23405,58549,177380,55001,17034
gold,2003-10-28,2003-10-31,261514,126193,35580,21221,55341,183200,58759,21513
gold,2003-11-04,2003-11-07,262696,119702,35092,22201,60871,184866,59922,20537
gold,2003-11-11,2003-11-14,270895,124456,41878,23951,63501,186704,58987,18362
gold,2003-11-18,2003-11-21,285620,136229,43069,21287,60181,194784,67923,26480
gold,2003-11-25,2003-11-28,285510,134093,26065,15786,67023,217576,68608,26083
gold,2003-12-02,2003-12-05,278759,142642,29787,15813,56851,215807,63453,17352
gold,2003-12-09,2003-12-12,276302,140647,33619,16022,53459,206979,66174,19682
gold,2003-12-16,2003-12-19,278928,148033,31925,18093,49454,211647,63348,17263
gold,2003-12-22,2003-12-26,273517,143783,35511,17145,49352,203489,63237,17372
gold,2003-12-30,2004-01-02,278641,146647,34047,18234,48694,208608,65066,17752
gold,2004-01-06,2004-01-09,284500,151691,35706,18156,49723,210164,64930,20474
gold,2004-01-13,2004-01-16,300273,147745,40513,23929,61098,218408,67501,17423
gold,2004-01-20,2004-01-23,277381,125320,40285,22862,68541,196700,60658,17534
gold,2004-01-27,2004-01-30,275490,118100,32044,19837,66120,199090,71433,24519
gold,2004-02-03,2004-02-06,236512,95128,27564,17789,66869,176314,56726,14845
gold,2004-02-10,2004-02-13,237396,95652,35366,17384,62967,169358,61393,15288
gold,2004-02-17,2004-02-20,241858,106632,36327,16990,58109,177706,60127,10835
gold,2004-02-24,2004-02-27,241721,95788,32730,21656,64021,168520,60256,18815
gold,2004-03-02,2004-03-05,237352,83802,39923,18072,70486,160877,64992,18480
gold,2004-03-09,2004-03-12,230009,95130,34591,17981,58037,164459,58861,12978
gold,2004-03-16,2004-03-19,245495,98116,35637,17293,65943,176447,64143,16118
gold,2004-03-23,2004-03-26,281839,144353,41842,17049,49762,204617,70675,18331
gold,2004-03-30,2004-04-02,295044,159753,34615,15626,53537,231882,66128,12921
gold,2004-04-06,2004-04-09,305661,176285,32032,15485,47013,243320,66878,14824
gold,2004-04-12,2004-04-16,305423,174575,35879,15305,48309,239183,67234,15056
gold,2004-04-20,2004-04-23,255395,109438,36162,22133,60461,182891,63363,14209
gold,2004-04-27,2004-04-30,246504,98229,40425,22376,68224,169845,57675,13858
gold,2004-05-04,2004-05-07,246863,91845,37182,28082,72166,161564,54770,20035
gold,2004-05-11,2004-05-14,254742,86776,48760,29688,83705,153147,54573,23147
gold,2004-05-18,2004-05-21,253647,82288,54775,29866,87190,144769,54303,24237
gold,2004-05-25,2004-05-28,252665,76713,54504,30885,88917,138156,56150,29120
gold,2004-06-01,2004-06-04,228721,78293,46310,23929,76601,136960,49898,21522
gold,2004-06-08,2004-06-11,225921,78878,48547,23600,74331,134807,49112,18967
gold,2004-06-15,2004-06-18,223243,80534,51418,23793,70809,127617,48107,20415
gold,2004-06-22,2004-06-25,219524,83340,43442,23551,64397,134977,48236,17554
gold,2004-06-29,2004-07-02,226773,86673,46506,20648,68603,140786,50849,18833
gold,2004-07-06,2004-07-09,226957,82019,50616,21402,73312,136553,50224,18386
gold,2004-07-13,2004-07-16,247735,112049,41615,20104,63996,170313,51586,15703
gold,2004-07-20,2004-07-23,256572,114160,43702,18114,71997,177908,52301,16848
gold,2004-07-27,2004-07-30,232007,78464,45149,23039,70511,137016,59993,26803
gold,2004-08-03,2004-08-06,217814,81545,47091,18822,71215,134926,46232,16975
gold,2004-08-10,2004-08-13,219062,85056,38949,18243,68536,146879,47227,14991
gold,2004-08-17,2004-08-20,227948,91881,38091,18625,68688,155438,48754,15794
gold,2004-08-24,2004-08-27,259849,126481,41720,17974,64326,184274,51068,15881
gold,2004-08-31,2004-09-03,269575,130720,50223,18863,66831,184906,53161,15583
gold,2004-09-07,2004-09-10,256711,111967,49824,17343,72594,171923,54807,17621
gold,2004-09-14,2004-09-17,249885,101047,46191,17678,76180,170130,54980,15886
gold,2004-09-21,2004-09-24,256086,108228,43901,17203,76546,179508,54109,15474
gold,2004-09-28,2004-10-01,266565,124815,42697,16970,69397,191559,55383,15339
gold,2004-10-05,2004-10-08,296592,162941,48849,16126,61921,216187,55604,15430
gold,2004-10-12,2004-10-15,302197,165529,50392,16282,59577,217073,60809,18450
gold,2004-10-19,2004-10-22,305225,172649,51735,16231,60297,219891,56048,17368
gold,2004-10-26,2004-10-29,321849,185342,57447,16780,60217,223855,59510,23767
gold,2004-11-02,2004-11-05,313532,176069,64632,15394,63188,213245,58881,20261
gold,2004-11-09,2004-11-12,342146,187528,69675,22898,69495,231763,62225,17810
gold,2004-11-16,2004-11-19,362336,196371,73370,28206,73269,239496,64490,21264
gold,2004-11-23,2004-11-26,352638,202921,64289,25983,60802,237632,62932,24734
gold,2004-11-30,2004-12-03,345646,201218,72765,17948,66242,234572,60238,20361
gold,2004-12-07,2004-12-10,353244,211208,78861,16575,67132,236389,58329,21419
gold,2004-12-14,2004-12-17,316029,160002,72208,17282,84079,206877,54666,19662
gold,2004-12-21,2004-12-24,319955,162396,72143,18771,84261,210579,54527,18462
gold,2004-12-28,2004-12-31,330965,169514,70761,19125,85507,223002,56819,18077
gold,2005-01-04,2005-01-07,302298,140471,67228,16838,89301,195043,55688,23189
gold,2005-01-11,2005-01-14,275461,109497,72710,19170,94433,164780,52361,18801
gold,2005-01-18,2005-01-21,275630,107825,78259,20038,93319,156259,54448,21074
gold,2005-01-25,2005-01-28,273430,107378,79033,18722,86831,146415,60499,29260
gold,2005-02-01,2005-02-04,253116,102388,74270,15382,87665,145237,47681,18227
gold,2005-02-08,2005-02-11,255424,97630,86455,15041,95269,133451,47484,20477
gold,2005-02-15,2005-02-18,262589,109421,87714,15731,88032,139509,49405,19635
gold,2005-02-22,2005-02-25,267860,119318,80413,17941,77524,151123,53077,18383
gold,2005-03-01,2005-03-04,287761,135741,79060,19973,78389,169645,53658,19083
gold,2005-03-08,2005-03-11,296335,143930,73453,20514,75163,184237,56728,18131
gold,2005-03-15,2005-03-18,335503,178724,67602,21632,78689,226180,56458,20089
gold,2005-03-22,2005-03-25,299531,148089,56328,21920,74842,200820,54680,20463
gold,2005-03-29,2005-04-01,281601,139491,37970,19722,70361,204216,52027,19693
gold,2005-04-05,2005-04-08,272946,143487,37223,17593,66117,201057,45749,17073
gold,2005-04-12,2005-04-15,279545,150611,37267,18207,64126,206155,46601,17916
gold,2005-04-19,2005-04-22,280432,152815,38423,20037,61372,204959,46208,17013
gold,2005-04-26,2005-04-29,302084,173826,36049,19296,57612,226901,51350,19838
gold,2005-05-03,2005-05-06,290539,153914,46186,20270,67838,205533,48517,18550
gold,2005-05-10,2005-05-13,282478,134719,54341,19727,79372,187921,48660,20489
gold,2005-05-17,2005-05-20,274382,124569,68625,20727,81363,161224,47723,23806
gold,2005-05-24,2005-05-27,272748,114965,75456,19646,91915,152378,46222,25268
gold,2005-05-31,2005-06-03,255995,113002,80037,18579,80741,133737,43673,23642
gold,2005-06-07,2005-06-10,252151,111796,72689,21766,71621,138673,46968,19023
gold,2005-06-14,2005-06-17,257034,119458,62597,22054,65549,153639,49973,18744
gold,2005-06-21,2005-06-24,289771,162238,53728,21105,51923,195985,54505,18953
gold,2005-06-28,2005-07-01,303385,175520,45589,24791,49769,215343,53305,17662
gold,2005-07-05,2005-07-08,281186,146733,41859,23779,54747,195088,55927,20460
gold,2005-07-12,2005-07-15,269891,124585,50863,23532,66138,177046,55636,18450
gold,2005-07-19,2005-07-22,270001,116572,62461,23347,75991,160039,54091,24154
gold,2005-07-26,2005-07-29,256886,110685,61663,20454,68301,151110,57446,23659
gold,2005-08-02,2005-08-05,244488,118941,53372,18462,55334,155141,51751,17513
gold,2005-08-09,2005-08-12,287839,168613,50914,19873,48576,199406,50777,17646
gold,2005-08-16,2005-08-19,331633,208558,50951,22514,46115,239481,54446,18687
gold,2005-08-23,2005-08-26,331804,206898,47211,23456,48371,242245,53079,18892
gold,2005-08-30,2005-09-02,291894,158841,49008,23232,58835,198485,50986,21169
gold,2005-09-06,2005-09-09,299192,159922,44670,26577,56461,205078,56232,22867
gold,2005-09-13,2005-09-16,321200,175285,48487,27202,63202,221991,55511,23520
gold,2005-09-20,2005-09-23,363315,219963,61837,29553,58120,245197,55679,26728
gold,2005-09-27,2005-09-30,366819,219648,53548,34288,53912,248026,58971,30957
gold,2005-10-04,2005-10-07,363529,229464,57966,26620,51172,253896,56273,25047
gold,2005-10-11,2005-10-14,370844,234060,56650,28970,49551,262265,58263,22959
gold,2005-10-18,2005-10-21,362699,224424,54000,30249,51648,251155,56378,27295
gold,2005-10-25,2005-10-28,339388,206809,53457,30260,54314,235105,48005,20566
gold,2005-11-01,2005-11-04,334470,180554,49986,30031,69529,229860,54356,24593
gold,2005-11-08,2005-11-11,317076,167250,44139,30469,67808,218224,51549,24244
gold,2005-11-15,2005-11-18,324719,177421,47735,28940,67453,221732,50905,26312
gold,2005-11-22,2005-11-25,350603,201765,38783,33292,56380,236621,59166,41907
gold,2005-11-29,2005-12-02,350225,199521,40616,29998,70700,251219,50006,28392
gold,2005-12-06,2005-12-09,341011,208466,41053,30240,52222,242514,50083,27204
gold,2005-12-13,2005-12-16,337574,189931,33600,32349,56475,237205,58819,34420
gold,2005-12-20,2005-12-23,324429,182723,26553,31141,55214,244745,55351,21990
gold,2005-12-27,2005-12-30,320115,179324,24802,31308,53560,242794,55923,21211
gold,2006-01-03,2006-01-06,325524,180688,29726,34714,51741,239049,58381,22035
gold,2006-01-10,2006-01-13,343419,184408,38602,37270,59932,240141,61809,27406
gold,2006-01-17,2006-01-20,361704,191650,43171,38494,66156,248147,65404,31892
gold,2006-01-24,2006-01-27,356080,188928,46079,39439,63004,238009,64709,32553
gold,2006-01-31,2006-02-03,339645,187406,48156,33268,63986,231268,54985,26953
gold,2006-02-07,2006-02-10,341727,180971,53622,37576,67909,222347,55271,28182
gold,2006-02-14,2006-02-17,338143,167910,48996,44084,71566,220771,54583,24292
gold,2006-02-21,2006-02-24,333410,163886,45202,45150,69049,219002,55325,24056
gold,2006-02-28,2006-03-03,339859,169963,42593,46246,69177,226038,54473,24982
gold,2006-03-07,2006-03-10,338325,167144,46255,46172,71482,221233,53527,24665
gold,2006-03-14,2006-03-17,322360,143697,47757,44644,78233,208569,55786,21390
gold,2006-03-21,2006-03-24,319618,149946,45682,42567,72080,207882,55025,23487
gold,2006-03-28,2006-03-31,334042,163056,42470,43446,66109,215821,61431,32305
gold,2006-04-04,2006-04-07,342721,178040,45832,38347,60499,231414,65835,27128
gold,2006-04-11,2006-04-14,342632,175000,50668,45969,62155,228104,59508,17891
gold,2006-04-18,2006-04-21,353757,177870,47576,54648,58342,230866,62897,20667
gold,2006-04-25,2006-04-28,354108,175346,45968,55672,62298,229153,60792,23315
gold,2006-05-02,2006-05-05,359539,177709,47421,58171,60931,232651,62728,21296
gold,2006-05-09,2006-05-12,351933,175709,41773,54158,61535,232868,60531,23134
gold,2006-05-16,2006-05-19,338720,163773,37616,53321,62710,225860,58916,21923
gold,2006-05-23,2006-05-26,316143,144247,33149,54996,61059,210062,55841,17936
gold,2006-05-30,2006-06-02,314494,133475,31988,49314,78942,218251,52763,14941
gold,2006-06-06,2006-06-09,283161,134649,38753,48951,51439,180808,48122,14649
gold,2006-06-13,2006-06-16,288981,138766,39479,51884,51699,186100,46632,11518
gold,2006-06-20,2006-06-23,288148,131864,41643,52900,58813,181084,44571,12521
gold,2006-06-27,2006-06-30,292789,128310,42686,55557,61095,177336,47827,17210
gold,2006-07-03,2006-07-07,292500,131186,39266,56358,60102,182269,44854,14607
gold,2006-07-11,2006-07-14,312684,142194,40265,61204,64408,196455,44878,14760
gold,2006-07-18,2006-07-21,324276,143202,35828,67348,63969,204060,49757,17040
gold,2006-07-25,2006-07-28,315635,132268,30713,70067,65461,204950,47839,9905
gold,2006-08-01,2006-08-04,304907,132781,30020,62624,59866,198299,49636,13964
gold,2006-08-08,2006-08-11,309097,138971,32873,62653,60258,202183,47215,11388
gold,2006-08-15,2006-08-18,313327,132019,31475,65293,61402,196531,54613,20028
gold,2006-08-22,2006-08-25,306171,128897,32949,66198,64509,192582,46567,14442
gold,2006-08-29,2006-09-01,307583,124421,36705,67159,70804,188049,45199,15670
gold,2006-09-05,2006-09-08,319998,133991,35657,67421,66731,197996,51855,18924
gold,2006-09-12,2006-09-15,310510,121455,37233,68241,76201,186896,44613,18140
gold,2006-09-19,2006-09-22,325852,116119,38251,80189,86123,188048,43421,19364
gold,2006-09-26,2006-09-29,322937,108117,36873,80462,88639,184004,45719,21598
gold,2006-10-03,2006-10-06,330065,107570,38136,86368,88721,180715,47406,24846
gold,2006-10-10,2006-10-13,334329,106211,43762,92454,95161,177763,40503,20350
gold,2006-10-17,2006-10-20,329875,107993,46734,90464,92428,175566,38990,17111
gold,2006-10-24,2006-10-27,331598,104099,48049,92994,93641,174150,40864,16405
gold,2006-10-31,2006-11-03,323481,107472,42756,85790,84097,175993,46122,18942
gold,2006-11-07,2006-11-10,335036,121406,40240,85217,78904,193360,49509,16219
gold,2006-11-14,2006-11-17,356575,126907,38073,90726,87908,211429,51034,16347
gold,2006-11-21,2006-11-24,355430,123021,38728,93503,87188,206164,51718,17035
gold,2006-11-28,2006-12-01,349517,120078,40212,94351,79380,197104,55708,17850
gold,2006-12-05,2006-12-08,330530,122145,38506,83786,70965,191133,53634,17105
gold,2006-12-12,2006-12-15,333101,120128,38299,87301,76784,193066,48888,14435
gold,2006-12-19,2006-12-22,337096,109682,39789,91050,89467,191199,46897,15058
gold,2006-12-26,2006-12-29,340473,110486,42394,92526,89611,192679,47850,12874
gold,2007-01-03,2007-01-05,353494,120639,42756,98844,82085,194532,51926,17362
gold,2007-01-09,2007-01-12,347491,105157,52289,98403,95765,177439,48166,19360
gold,2007-01-16,2007-01-19,344685,109386,46436,94391,94910,187019,45998,16839
gold,2007-01-23,2007-01-26,361114,128463,43962,90070,90640,209217,51941,17865
gold,2007-01-30,2007-02-02,348035,143964,43619,80465,75716,211327,47890,12624
gold,2007-02-06,2007-02-09,360936,151891,43345,82955,75896,222560,50194,12076
gold,2007-02-13,2007-02-16,383169,167479,42729,86755,75344,240808,53591,12877
gold,2007-02-20,2007-02-23,396115,168838,38905,91205,81923,250073,54149,15932
gold,2007-02-27,2007-03-02,415155,182456,40364,98037,82029,265779,52633,10975
gold,2007-03-06,2007-03-09,382550,136421,34723,94622,97335,234646,54172,18559
gold,2007-03-13,2007-03-16,394090,129078,32736,99750,112843,243759,52419,17845
gold,2007-03-20,2007-03-23,359726,125201,31777,85276,96485,226379,52764,16294
gold,2007-03-27,2007-03-30,359434,126413,31290,82070,91430,229954,59521,16120
gold,2007-04-03,2007-04-06,347817,131858,37913,75698,90718,220216,49543,13990
gold,2007-04-10,2007-04-13,369536,150573,37617,76470,87446,240650,55047,14799
gold,2007-04-17,2007-04-20,380800,170601,35243,75344,79882,254480,54973,15733
gold,2007-04-24,2007-04-27,403388,169703,35861,85916,90211,261984,57558,19627
gold,2007-05-01,2007-05-04,396276,163823,33378,85991,92693,258846,53769,18061
gold,2007-05-08,2007-05-11,411273,168350,32064,90032,97353,269817,55538,19360
gold,2007-05-15,2007-05-18,408936,149772,35874,96272,108784,256077,54108,20713
gold,2007-05-22,2007-05-25,416813,141294,45479,103507,117506,241722,54506,26105
gold,2007-05-29,2007-06-01,425688,134404,39507,107867,125989,244684,57428,33630
gold,2007-06-05,2007-06-08,385046,143052,35435,91821,106068,242464,44105,15326
gold,2007-06-12,2007-06-15,412150,125076,49180,111179,133800,231805,42095,19986
gold,2007-06-19,2007-06-22,410324,126207,44602,112837,127209,236429,44071,16456
gold,2007-06-26,2007-06-29,407640,119068,55991,113183,133598,217182,41791,21284
gold,2007-07-03,2007-07-06,375642,109652,43990,106759,115835,207067,43396,17826
gold,2007-07-10,2007-07-13,387916,113510,41290,109146,115881,219066,49379,18414
gold,2007-07-17,2007-07-20,385595,114788,35069,107076,111437,223945,52294,19505
gold,2007-07-24,2007-07-27,401603,154251,31321,102578,91670,253272,53104,14432
gold,2007-07-31,2007-08-03,351185,113706,32817,95149,96154,208798,46176,14421
gold,2007-08-07,2007-08-10,352908,123391,34020,93393,90267,211513,45857,13982
gold,2007-08-14,2007-08-17,347973,118978,24767,94401,88846,214740,45748,14065
gold,2007-08-21,2007-08-24,330204,102578,33648,87526,99513,191507,40587,17523
gold,2007-08-28,2007-08-31,325767,103844,26633,85943,96677,195541,39303,17650
gold,2007-09-04,2007-09-07,339439,126346,29366,83449,83446,207800,46198,18824
gold,2007-09-11,2007-09-14,373686,155317,28648,83570,83992,244914,50807,16554
gold,2007-09-18,2007-09-21,392748,168140,26490,87493,84176,259440,52939,19325
gold,2007-09-25,2007-09-28,440945,201188,27143,93783,88400,296412,57574,23607
gold,2007-10-02,2007-10-05,439865,210766,34871,94250,80388,292419,54461,18325
gold,2007-10-09,2007-10-12,458936,221749,31053,105279,79580,306601,52328,16003
gold,2007-10-16,2007-10-19,483872,238432,36573,111023,77405,316501,57012,19775
gold,2007-10-23,2007-10-26,489471,226875,40571,123288,83708,306477,55600,19135
gold,2007-10-30,2007-11-02,516163,232622,34016,136909,91655,326788,54977,18450
gold,2007-11-06,2007-11-09,556856,241475,39350,157402,96082,336091,61897,24013
gold,2007-11-13,2007-11-16,552546,228360,37575,152929,111704,338121,59553,23921
gold,2007-11-20,2007-11-23,512430,213234,40844,129792,114599,324224,54805,17570
gold,2007-11-27,2007-11-30,520782,206498,31417,122145,132752,338076,59387,29144
gold,2007-12-04,2007-12-07,486709,190888,23364,122898,119700,324598,53223,15849
gold,2007-12-11,2007-12-14,486198,196529,24755,126580,110559,321302,52530,13561
gold,2007-12-18,2007-12-21,495001,197789,27516,131047,111220,320827,54945,15611
gold,2007-12-24,2007-12-28,517020,210521,26146,139730,115530,337061,51239,14083
gold,2007-12-31,2008-01-04,541854,227112,27674,143527,116141,354553,55074,16100
gold,2008-01-08,2008-01-11,558309,238089,32685,140554,119844,366534,59822,18536
gold,2008-01-15,2008-01-18,593953,247106,35059,147308,139606,390720,59933,20866
gold,2008-01-22,2008-01-25,560173,241183,36108,131814,119585,362612,67591,29639
gold,2008-01-29,2008-02-01,522142,237252,31472,98836,121716,366717,64338,25117
gold,2008-02-05,2008-02-08,495139,234852,31110,90812,113952,355533,55523,17684
gold,2008-02-12,2008-02-15,475749,240806,34210,76587,103713,347313,54643,17639
gold,2008-02-19,2008-02-22,489789,251717,39458,75373,104482,357222,58217,17736
gold,2008-02-26,2008-02-29,495102,250270,40907,75835,104099,356374,64898,21986
gold,2008-03-04,2008-03-07,486992,240597,44817,80661,100312,340421,65422,21093
gold,2008-03-11,2008-03-14,482035,239048,42705,77132,102839,346097,63016,16101
gold,2008-03-18,2008-03-21,489055,232427,40418,82583,110087,349215,63958,16839
gold,2008-03-25,2008-03-28,452193,214651,38909,73087,104994,311119,59461,29078
gold,2008-04-01,2008-04-04,399393,190958,29680,65644,94901,287969,47890,16100
gold,2008-04-08,2008-04-11,407212,196823,31430,70659,94076,288648,45654,16475
gold,2008-04-15,2008-04-18,422699,202910,30933,74683,96173,301285,48933,15798
gold,2008-04-22,2008-04-25,424218,201865,34242,75203,101648,301247,45502,13526
gold,2008-04-29,2008-05-02,429670,194844,34196,76235,107519,293001,51072,26238
gold,2008-05-06,2008-05-09,433741,192719,36752,79371,114554,297282,47097,20336
gold,2008-05-13,2008-05-16,439636,197809,44871,74032,121605,299202,46190,21531
gold,2008-05-20,2008-05-23,453084,216324,34205,76092,108853,324034,51815,18753
gold,2008-05-27,2008-05-30,430961,220954,29442,66181,92239,310524,51587,24814
gold,2008-06-03,2008-06-06,398441,200544,30333,59975,92556,294727,45366,13406
gold,2008-06-10,2008-06-13,396392,189175,37927,66457,94287,277368,46473,14640
gold,2008-06-17,2008-06-20,390471,180637,29447,67609,96068,279508,46157,13907
gold,2008-06-24,2008-06-27,401226,190218,36680,64375,95832,282588,50801,17583
gold,2008-07-01,2008-07-04,434024,223539,35860,65054,89674,316701,55757,16409
gold,2008-07-08,2008-07-11,443202,225045,35443,63001,97573,326233,57583,18525
gold,2008-07-15,2008-07-18,483920,240934,38151,66920,112225,358802,63841,20047
gold,2008-07-22,2008-07-25,475606,231170,36517,70997,114261,351322,59178,16770
gold,2008-07-29,2008-08-01,446013,212285,29966,73497,110651,330322,49580,12228
gold,2008-08-05,2008-08-08,408430,192528,28800,64011,98643,297560,53248,18059
gold,2008-08-12,2008-08-15,365611,159313,28653,61486,97743,253556,47069,21916
gold,2008-08-19,2008-08-22,372968,144104,31738,66195,118611,248765,44058,26270
gold,2008-08-26,2008-08-29,380766,147240,41961,64868,127926,249845,40732,24092
gold,2008-09-02,2008-09-05,382329,139251,46060,65155,136887,244918,41036,26196
gold,2008-09-09,2008-09-12,392592,133946,51291,67853,150444,244428,40349,29020
gold,2008-09-16,2008-09-19,393814,147720,57429,71222,135086,238108,39786,27055
gold,2008-09-23,2008-09-26,368254,156812,35796,66456,102529,243805,42457,22197
gold,2008-09-30,2008-10-03,336598,141026,23240,58897,92860,233698,43815,20763
gold,2008-10-07,2008-10-10,329480,137672,26059,59010,90270,221577,42528,22834
gold,2008-10-14,2008-10-17,323496,131093,24268,57537,90552,216295,44314,25396
gold,2008-10-21,2008-10-24,319472,125951,26749,57677,98664,207457,37180,27589
gold,2008-10-28,2008-10-31,313709,117638,39323,56317,108336,193412,31418,24657
gold,2008-11-04,2008-11-07,303908,118166,49971,51192,102401,178807,32149,23938
gold,2008-11-11,2008-11-14,293831,116351,52392,48738,98118,167614,30624,25087
gold,2008-11-18,2008-11-21,289700,111063,46234,46350,95697,166813,36590,30303
gold,2008-11-25,2008-11-28,276567,115014,33142,37697,88357,181592,35499,24136
gold,2008-12-02,2008-12-05,264796,111592,27223,36173,83482,177770,33549,23630
gold,2008-12-09,2008-12-12,261001,111284,28129,32980,83274,178146,33463,21746
gold,2008-12-16,2008-12-19,282915,132674,24425,34682,78482,201593,37077,22215
gold,2008-12-22,2008-12-26,291022,141246,21458,36928,79850,212647,32998,19989
gold,2008-12-30,2009-01-02,300448,146292,20331,37890,78765,221538,37501,20689
gold,2009-01-06,2009-01-09,320391,152569,18965,41959,85948,235430,39915,24037
gold,2009-01-13,2009-01-16,318185,146167,18549,42736,90615,232178,38667,24722
gold,2009-01-20,2009-01-23,331507,146910,22973,43929,99813,238744,40855,25861
gold,2009-01-27,2009-01-30,354191,165652,24538,39876,102080,260456,46583,29321
gold,2009-02-03,2009-02-06,346288,181020,25714,23394,95920,273509,45954,23671
gold,2009-02-10,2009-02-13,350858,188898,25276,22856,94052,282764,45052,19962
gold,2009-02-17,2009-02-20,361619,195966,30045,24111,90051,286411,51491,21052
gold,2009-02-24,2009-02-27,372697,199830,37965,22275,97256,288192,53336,24265
gold,2009-03-03,2009-03-06,365271,189580,30287,24383,99652,288053,51656,22548
gold,2009-03-10,2009-03-13,371321,178160,33372,33438,107448,280299,52275,24212
gold,2009-03-17,2009-03-20,376237,175190,24795,34677,118398,294082,47972,22683
gold,2009-03-24,2009-03-27,387177,178635,26708,31512,128889,310178,48141,18779
gold,2009-03-31,2009-04-03,368618,182986,28127,27784,108489,290415,49359,22292
gold,2009-04-07,2009-04-10,344929,165377,37565,29755,100993,254216,48804,23393
gold,2009-04-14,2009-04-17,336930,165866,35971,30248,92383,245892,48433,24819
gold,2009-04-21,2009-04-24,339226,164328,35961,34753,93836,243444,46309,25068
gold,2009-04-28,2009-05-01,343037,166821,37721,34109,92061,245480,50046,25727
gold,2009-05-05,2009-05-08,341461,171493,41502,33362,81437,241882,55169,24715
gold,2009-05-12,2009-05-15,359517,184509,45632,36828,84161,255341,54019,21716
gold,2009-05-19,2009-05-22,367931,185932,36348,42250,85018,268083,54731,21250
gold,2009-05-26,2009-05-29,396965,209733,32425,43273,82709,290845,61250,30422
gold,2009-06-02,2009-06-05,391057,215968,28628,38551,80715,307236,55823,16642
gold,2009-06-09,2009-06-12,387181,215785,26111,38448,78765,303812,54183,18810
gold,2009-06-16,2009-06-19,371997,202687,27144,37909,80885,288253,50516,18691
gold,2009-06-23,2009-06-26,370347,195654,29360,39298,84584,279014,50811,22675
gold,2009-06-30,2009-07-03,379199,194005,29819,42395,88241,286059,54558,20926
gold,2009-07-07,2009-07-10,372985,190386,26242,41389,93002,284309,48208,21045
gold,2009-07-14,2009-07-17,370509,185704,26900,44722,94110,276397,45973,22490
gold,2009-07-21,2009-07-24,390939,201269,27967,47429,90227,294453,52014,21090
gold,2009-07-28,2009-07-31,386340,199452,26681,47039,91473,293994,48376,18626
gold,2009-08-04,2009-08-07,392834,217009,23495,41473,82256,310449,52096,17417
gold,2009-08-11,2009-08-14,385002,211989,21903,41984,79855,302760,51174,18355
gold,2009-08-18,2009-08-21,373810,203467,25937,41603,81498,286043,47242,20227
gold,2009-08-25,2009-08-28,379629,205472,22490,43392,82177,293519,48588,20228
gold,2009-09-01,2009-09-04,384703,206799,22298,44086,82154,298862,51664,19457
gold,2009-09-08,2009-09-11,451713,251708,27032,48382,84842,355639,66781,20660
gold,2009-09-15,2009-09-18,467892,263329,27682,48532,81382,366043,74649,25635
gold,2009-09-22,2009-09-25,467145,265925,29176,47013,80338,367948,73869,23008
gold,2009-09-29,2009-10-02,454585,252994,21608,49564,84923,360157,67104,23256
gold,2009-10-06,2009-10-09,484307,269879,30211,51036,81578,363442,81814,39618
gold,2009-10-13,2009-10-16,504187,288214,34259,54262,86071,381997,75640,33669
gold,2009-10-20,2009-10-23,509678,286864,36757,61348,86225,383718,75241,27855
gold,2009-10-27,2009-10-30,497479,272946,31169,59381,89306,372785,75846,34144
gold,2009-11-03,2009-11-06,493991,279524,38205,66381,91788,375640,56298,13765
gold,2009-11-09,2009-11-13,530505,280398,42338,73337,98290,381074,78480,33756
gold,2009-11-17,2009-11-20,533119,284390,48693,68359,99935,381481,80435,34586
gold,2009-11-24,2009-11-27,521253,294780,32449,51230,100243,406347,75000,31227
gold,2009-12-01,2009-12-04,521433,297316,38252,48756,96699,404930,78662,29495
gold,2009-12-08,2009-12-11,505652,290956,36527,53491,87110,386296,74095,29338
gold,2009-12-15,2009-12-18,504368,288482,32374,53412,87400,391191,75074,27391
gold,2009-12-22,2009-12-25,499233,273487,35411,59407,92637,378302,73702,26113
gold,2009-12-29,2010-01-01,491712,263631,33141,60672,94841,373783,72568,24116
gold,2010-01-05,2010-01-08,507643,263008,35241,67958,98195,376746,78482,27698
gold,2010-01-12,2010-01-15,523266,271260,41918,75955,100451,382939,75600,22454
gold,2010-01-19,2010-01-22,528924,261276,39807,82893,109197,382844,75558,23380
gold,2010-01-26,2010-01-29,507565,246223,34299,76151,111492,360110,73699,37005
gold,2010-02-02,2010-02-05,480860,246048,35879,68851,103361,347940,62600,28190
gold,2010-02-09,2010-02-12,466905,222775,41256,70832,110759,324186,62539,30631
gold,2010-02-16,2010-02-19,466509,224715,35857,68959,105334,325212,67501,36481
gold,2010-02-23,2010-02-26,466572,233106,32484,67508,97536,335580,68422,31000
gold,2010-03-02,2010-03-05,482786,239765,32393,72852,101700,353237,68469,24304
gold,2010-03-09,2010-03-12,493909,240868,32674,72523,112952,364739,67566,23973
gold,2010-03-16,2010-03-19,496481,239065,38719,80696,109825,352120,66895,24946
gold,2010-03-23,2010-03-26,495143,221472,37600,83751,124504,348327,65416,25465
gold,2010-03-30,2010-04-02,466678,209874,36108,67642,135472,343163,53690,19765
gold,2010-04-06,2010-04-09,497388,242302,38856,69884,126670,371576,58532,17072
gold,2010-04-13,2010-04-16,528856,262599,41857,69469,135469,398953,61319,18577
gold,2010-04-20,2010-04-23,521338,251244,40593,64759,139961,397357,65374,18629
gold,2010-04-27,2010-04-30,538591,263472,37804,62744,145584,411106,66791,26937
gold,2010-05-04,2010-05-07,551616,271511,40964,64110,151675,423261,64320,23281
gold,2010-05-11,2010-05-14,583504,282375,46550,58622,168306,450950,74201,27382
gold,2010-05-18,2010-05-21,579758,281985,50315,56608,170172,449916,70993,22919
gold,2010-05-25,2010-05-28,591360,271184,43493,86772,167088,435467,66316,25628
gold,2010-06-01,2010-06-04,553950,266569,42023,50917,172487,440110,63977,20900
gold,2010-06-08,2010-06-11,564792,270729,43331,50242,175948,449525,67873,21694
gold,2010-06-15,2010-06-18,569204,273657,43406,50838,178313,457257,66396,17703
gold,2010-06-22,2010-06-25,602411,283920,45286,57889,186762,475678,73840,23558
gold,2010-06-29,2010-07-02,601138,279992,35267,62147,192020,481976,66979,21748
gold,2010-07-06,2010-07-09,577732,251273,42231,59035,203285,452427,64139,24039
gold,2010-07-13,2010-07-16,568078,243867,38946,61448,198305,446653,64458,21031
gold,2010-07-20,2010-07-23,559473,227963,49656,63477,208787,424451,59246,21889
gold,2010-07-27,2010-07-30,560066,228251,39350,74039,193521,421076,64255,25601
gold,2010-08-03,2010-08-06,518643,222704,37189,59542,179968,401997,56429,19915
gold,2010-08-10,2010-08-13,523078,224485,33798,64875,174249,405229,59469,19176
gold,2010-08-17,2010-08-20,543674,240954,36726,66794,172331,421901,63595,18253
gold,2010-08-24,2010-08-27,556464,256244,35053,65276,172529,436829,62415,19306
gold,2010-08-31,2010-09-03,577352,272509,34432,67118,171275,455836,66450,19966
gold,2010-09-07,2010-09-10,585564,275367,35670,68386,171591,459271,70220,22237
gold,2010-09-14,2010-09-17,594058,286237,41976,66120,171449,464388,70252,21574
gold,2010-09-21,2010-09-24,597592,286568,42555,66691,173670,465978,70663,22368
gold,2010-09-28,2010-10-01,619408,297272,39623,66647,182276,485016,73213,28122
gold,2010-10-05,2010-10-08,617204,300571,40951,69982,179071,478569,67580,27702
gold,2010-10-12,2010-10-15,616382,304564,48690,67046,177524,477546,67248,23100
gold,2010-10-19,2010-10-22,630626,299275,49523,84737,177820,470902,68794,25464
gold,2010-10-26,2010-10-29,607582,283153,44067,79892,174257,456692,70280,26931
gold,2010-11-02,2010-11-05,618381,282707,52479,82527,184286,460898,68861,22477
gold,2010-11-09,2010-11-12,650764,298005,51826,100000,181532,472485,71227,26453
gold,2010-11-16,2010-11-19,637435,267157,48678,105592,189737,454645,74949,28520
gold,2010-11-23,2010-11-26,622712,261969,40640,91080,191319,455212,78344,35780
gold,2010-11-30,2010-12-03,600158,265824,38217,80653,183793,454262,69888,27026
gold,2010-12-07,2010-12-10,603632,269504,36753,79139,181151,459824,73838,27916
gold,2010-12-14,2010-12-17,594652,259917,39722,77570,184736,452871,72429,24489
gold,2010-12-21,2010-12-24,582133,251722,45298,67525,194090,445898,68796,23412
gold,2010-12-28,2010-12-31,594490,258145,42357,73193,190440,450210,72712,28730
gold,2011-01-04,2011-01-07,592613,250305,47987,68997,193319,447901,79992,27728
gold,2011-01-11,2011-01-14,588179,234333,56961,82517,201336,426400,69993,22301
gold,2011-01-18,2011-01-21,587832,237404,72411,81307,201589,408060,67532,26054
gold,2011-01-25,2011-01-28,506047,232725,72136,25547,181815,379298,65960,29066
gold,2011-02-01,2011-02-04,462907,212265,61071,25247,159816,353013,65579,23576
gold,2011-02-08,2011-02-11,469779,226799,59706,21916,154774,364685,66290,23472
gold,2011-02-15,2011-02-18,473345,230943,58099,21528,153168,371794,67706,21924
gold,2011-02-22,2011-02-25,502119,246967,66543,23760,157951,389757,73441,22059
gold,2011-03-01,2011-03-04,515784,257754,60501,27992,155830,406426,74208,20865
gold,2011-03-08,2011-03-11,515214,253434,62494,32206,152903,400367,76671,20147
gold,2011-03-15,2011-03-18,507760,240661,66090,31471,168330,388484,67298,21715
gold,2011-03-22,2011-03-25,509131,231512,56675,43600,162616,387415,71403,21441
gold,2011-03-29,2011-04-01,492087,242343,49222,22806,158429,399198,68509,20861
gold,2011-04-05,2011-04-08,508956,259792,55086,16131,157327,415992,75706,21747
gold,2011-04-12,2011-04-15,514871,261335,59590,24447,157498,411186,71591,19648
gold,2011-04-19,2011-04-22,537946,274208,59282,30440,157793,424341,75505,23883
gold,2011-04-26,2011-04-29,530132,260607,59341,28362,167035,416029,74128,26400
gold,2011-05-03,2011-05-06,522323,259440,66784,27637,161934,402036,73312,25866
gold,2011-05-10,2011-05-13,510151,240975,64636,21744,178418,399999,69014,23772
gold,2011-05-17,2011-05-20,509164,227421,62818,27803,189113,396062,64827,22481
gold,2011-05-24,2011-05-27,531180,240461,68067,38165,185259,402496,67295,22452
gold,2011-05-31,2011-06-03,501400,247185,55411,15917,170783,411291,67515,18781
gold,2011-06-07,2011-06-10,502251,251837,53129,14209,168869,416553,67336,18360
gold,2011-06-14,2011-06-17,497780,247713,56018,14270,171824,409253,63973,18239
gold,2011-06-21,2011-06-24,515016,262254,59027,16931,167811,419058,68020,20000
gold,2011-06-28,2011-07-01,495761,225982,60080,24711,177824,386579,67244,24391
gold,2011-07-05,2011-07-08,489782,219889,62114,27693,177118,379120,65082,20855
gold,2011-07-12,2011-07-15,520202,262515,64918,20012,167806,412055,69869,23217
gold,2011-07-19,2011-07-22,542342,277492,58195,34731,162395,426209,67724,23207
gold,2011-07-26,2011-07-29,536454,278473,42856,24264,158260,441233,75457,28101
gold,2011-08-02,2011-08-05,529403,291974,44799,15714,155014,442648,66701,26242
gold,2011-08-09,2011-08-12,510223,259388,55815,14425,163472,412678,72938,27305
gold,2011-08-16,2011-08-19,514107,263954,63868,19081,160562,409409,70510,21749
gold,2011-08-23,2011-08-26,528520,258641,70960,24776,175150,405586,69953,27198
gold,2011-08-30,2011-09-02,509326,237230,60283,29509,176476,393831,66111,25703
gold,2011-09-06,2011-09-09,523294,248457,64086,31105,174101,401815,69631,26288
gold,2011-09-13,2011-09-16,512068,235395,66548,28645,183452,393920,64576,22955
gold,2011-09-20,2011-09-23,499356,212809,62280,30150,187257,384885,69140,22041
gold,2011-09-27,2011-09-30,465414,181723,53922,28003,192457,359140,63231,24349
gold,2011-10-04,2011-10-07,436920,180635,47479,22119,180289,345040,53877,22282
gold,2011-10-11,2011-10-14,438090,179125,44623,22377,179749,348227,56839,22863
gold,2011-10-18,2011-10-21,437739,175224,48246,23258,182341,341494,56916,24741
gold,2011-10-25,2011-10-28,443723,182146,52425,23518,175677,343791,62382,23989
gold,2011-11-01,2011-11-04,442435,183149,43204,25432,170316,352716,63538,21083
gold,2011-11-08,2011-11-11,464982,200186,44479,18558,170248,367183,75990,34762
gold,2011-11-15,2011-11-18,470490,205417,46203,26282,170594,374757,68197,23248
gold,2011-11-22,2011-11-25,457070,194066,33096,25222,170098,362511,67684,36241
gold,2011-11-29,2011-12-02,423176,186031,31238,22953,151929,345474,62263,23511
gold,2011-12-06,2011-12-09,422956,192752,33041,23758,142443,343943,64003,22214
gold,2011-12-13,2011-12-16,427699,184468,33965,29626,152357,338574,61248,25534
gold,2011-12-20,2011-12-23,423465,172973,39037,34102,159783,324337,56607,25989
gold,2011-12-27,2011-12-30,418945,167413,36625,31683,162522,326454,57327,24183
gold,2012-01-03,2012-01-06,423275,169339,38368,33357,164117,325960,56462,25590
gold,2012-01-10,2012-01-13,417923,166262,33502,33354,160949,327523,57358,23544
gold,2012-01-17,2012-01-20,432838,167373,31344,34061,172691,345667,58713,21766
gold,2012-01-24,2012-01-27,427032,173479,31256,29518,164048,343816,59987,22442
gold,2012-01-31,2012-02-03,425133,197478,26119,22607,147555,357417,57493,18990
gold,2012-02-07,2012-02-10,436061,207620,30113,23541,143085,364157,61815,18250
gold,2012-02-14,2012-02-17,431164,200332,32912,24718,146818,356226,59296,17308
gold,2012-02-21,2012-02-24,456676,214343,33382,29906,146004,375306,66423,18082
gold,2012-02-28,2012-03-02,479044,231050,37830,32561,145061,390412,70372,18241
gold,2012-03-06,2012-03-09,443249,198112,34847,33759,152969,353177,58409,21466
gold,2012-03-13,2012-03-16,442319,190477,39571,38457,151435,343123,61950,21168
gold,2012-03-20,2012-03-23,431039,175009,43546,31719,166859,332997,57452,22777
gold,2012-03-27,2012-03-30,417304,182369,34548,22659,152335,337411,59941,22686
gold,2012-04-03,2012-04-06,407761,175592,33827,20401,155751,333215,56017,20318
gold,2012-04-10,2012-04-13,403989,170996,34343,27567,148103,319152,57323,22927
gold,2012-04-17,2012-04-20,398526,168700,26695,28760,145730,321821,55336,21250
gold,2012-04-24,2012-04-27,395389,165003,30009,26739,148994,316231,54653,22410
gold,2012-05-01,2012-05-04,411972,169568,29175,31031,153584,331587,57789,20179
gold,2012-05-08,2012-05-11,417798,166130,42827,36540,161037,312492,54091,25939
gold,2012-05-15,2012-05-18,422091,164051,49909,35429,170616,309533,51995,27220
gold,2012-05-22,2012-05-25,435706,169551,54400,40854,172750,308348,52551,32104
gold,2012-05-29,2012-06-01,419991,167439,56727,32488,170208,300917,49856,29859
gold,2012-06-05,2012-06-08,423941,183962,55098,30144,154597,310719,55238,27980
gold,2012-06-12,2012-06-15,412244,181259,48944,30139,147076,305866,53770,27295
gold,2012-06-19,2012-06-22,418492,184393,47989,29907,150812,314503,53380,26093
gold,2012-06-26,2012-06-29,413618,174589,51970,30452,155729,299889,52848,31307
gold,2012-07-03,2012-07-06,425068,187263,50048,28717,154926,321563,54162,24740
gold,2012-07-10,2012-07-13,429854,182156,55921,30232,163399,316165,54067,27536
gold,2012-07-17,2012-07-20,431317,180474,51515,32493,162570,321389,55780,25920
gold,2012-07-24,2012-07-27,420296,166085,53108,33793,166448,302693,53970,30702
gold,2012-07-31,2012-08-03,403403,171331,45267,22297,155355,311367,54420,24472
gold,2012-08-07,2012-08-10,388254,163082,47582,21030,149011,295429,55131,24213
gold,2012-08-14,2012-08-17,388187,161435,47131,25318,147418,291358,54016,24380
gold,2012-08-21,2012-08-24,398747,170780,40096,26253,137903,309125,63811,23273
gold,2012-08-28,2012-08-31,426559,194680,36189,24517,139050,342674,68312,23179
gold,2012-09-04,2012-09-07,444489,204945,34481,28213,139746,359132,71585,22663
gold,2012-09-11,2012-09-14,460531,214403,32387,28067,143148,380239,74913,19838
gold,2012-09-18,2012-09-21,478609,224988,33873,27931,148802,398435,76888,18370
gold,2012-09-25,2012-09-28,489516,233994,30098,32641,144506,406861,78375,19916
gold,2012-10-02,2012-10-05,480908,239434,31108,26727,136250,405520,78497,17553
gold,2012-10-09,2012-10-12,484359,247401,35452,32187,131714,398702,73057,18018
gold,2012-10-16,2012-10-19,462826,232988,38968,28096,129500,376883,72242,18879
gold,2012-10-23,2012-10-26,455836,222095,40052,31001,132859,365524,69881,19259
gold,2012-10-30,2012-11-02,454742,207532,37310,29351,144346,367110,73513,20971
gold,2012-11-06,2012-11-09,447154,196504,36331,36245,144788,352530,69617,22048
gold,2012-11-13,2012-11-16,459761,207847,36253,33324,144488,369283,74102,20901
gold,2012-11-20,2012-11-23,474129,217433,36618,38921,145098,381162,72677,17428
gold,2012-11-27,2012-11-30,479373,228431,28024,30050,141117,399829,79775,21470
gold,2012-12-04,2012-12-07,434416,202177,36441,22774,135887,353483,73578,21718
gold,2012-12-11,2012-12-14,433586,201955,38256,24220,135772,350652,71639,20458
gold,2012-12-18,2012-12-21,435742,202641,44860,26462,137780,339914,68859,24506
gold,2012-12-24,2012-12-28,426300,200436,50340,24184,139479,327143,62201,24633
gold,2012-12-31,2013-01-04,427991,198660,50141,21653,143210,331869,64468,24328
gold,2013-01-08,2013-01-11,441304,193869,51061,34559,152103,330575,60773,25109
gold,2013-01-15,2013-01-18,447773,192955,47839,34546,156010,341123,64262,24265
gold,2013-01-22,2013-01-25,461369,195795,43898,46176,153048,348998,66350,22297
gold,2013-01-29,2013-02-01,430718,181103,54155,26035,159776,326873,63804,23655
gold,2013-02-05,2013-02-08,423982,192806,55341,24811,145291,319898,61074,23932
gold,2013-02-12,2013-02-15,435088,193941,67106,24521,154573,315226,62053,28235
gold,2013-02-19,2013-02-22,447290,195870,92219,30882,158900,290982,61638,33207
gold,2013-02-26,2013-03-01,433858,201956,85357,25267,151145,288765,55490,34469
gold,2013-03-05,2013-03-08,434586,195248,87661,31003,150453,284251,57882,31671
gold,2013-03-12,2013-03-15,445651,201617,87110,35982,149550,291671,58502,30888
gold,2013-03-19,2013-03-22,440712,208895,73285,37122,136677,299041,58018,31264
gold,2013-03-26,2013-03-29,419727,200389,67943,24431,139588,298061,55319,29292
gold,2013-04-02,2013-04-05,417176,202634,82428,25084,137205,279727,52253,29937
gold,2013-04-09,2013-04-12,416513,203812,84453,23873,135855,279657,52973,28530
gold,2013-04-16,2013-04-19,413083,204677,75795,18067,144522,286451,45817,32770
gold,2013-04-23,2013-04-26,415074,197188,92933,21887,156131,260519,39868,39735
gold,2013-04-30,2013-05-03,421087,193310,96258,20115,170211,265774,37451,38940
gold,2013-05-07,2013-05-10,437931,189343,99920,23851,186671,274390,38066,39770
gold,2013-05-14,2013-05-17,443806,186921,103195,25713,190502,274648,40670,40250
gold,2013-05-21,2013-05-24,446087,189401,109142,22414,192147,276269,42125,38262
gold,2013-05-28,2013-05-31,411001,172565,115686,21758,171995,231216,44683,42341
gold,2013-06-04,2013-06-07,373061,170971,109771,18663,147497,209149,35930,35478
gold,2013-06-11,2013-06-14,373844,174015,115010,17566,146470,204792,35793,36476
gold,2013-06-18,2013-06-21,377106,166771,123079,17807,155303,199418,37225,36802
gold,2013-06-25,2013-06-28,390647,164901,130749,21858,164958,200166,38930,37874
gold,2013-07-02,2013-07-05,410399,158712,137961,27133,186385,209161,38169,36144
gold,2013-07-09,2013-07-12,431574,160214,143657,31041,202617,221658,37702,35218
gold,2013-07-16,2013-07-19,440283,156571,133109,23071,222746,247353,37895,36750
gold,2013-07-23,2013-07-26,434750,161197,127006,25291,210233,244929,38029,37524
gold,2013-07-30,2013-08-02,397035,154519,126153,19841,188832,214606,33843,36435
gold,2013-08-06,2013-08-09,396062,153812,102177,18480,187636,241795,36134,33610
gold,2013-08-13,2013-08-16,390547,148524,94598,19182,184321,245195,38520,31572
gold,2013-08-20,2013-08-23,385410,151348,90952,20004,176610,244275,37448,30179
gold,2013-08-27,2013-08-30,384102,150074,71785,18030,175698,263336,40300,30951
gold,2013-09-03,2013-09-06,388584,151951,73760,15676,177861,270322,43096,28826
gold,2013-09-10,2013-09-13,384164,141506,72782,19183,184972,265196,38503,27003
gold,2013-09-17,2013-09-20,384592,138956,80160,18329,188729,254066,38578,32037
gold,2013-09-24,2013-09-27,378216,140468,73329,18461,183688,255215,35599,31211
gold,2013-10-01,2013-10-04,374151,141541,68494,16891,179659,257787,36060,30979
gold,2013-10-08,2013-10-11,370406,140207,57890,17192,176330,266746,36677,28578
gold,2013-10-15,2013-10-18,381727,139663,77730,17157,188890,253714,36017,33126
gold,2013-10-22,2013-10-25,390369,147835,71170,22618,183393,265541,36523,31040
gold,2013-10-29,2013-11-01,387166,153409,53173,21935,174866,281653,36956,30405
gold,2013-11-05,2013-11-08,386796,149031,57895,23652,178714,272614,35399,32635
gold,2013-11-12,2013-11-15,403840,144062,82710,29266,190317,256102,40195,35762
gold,2013-11-19,2013-11-22,397590,140853,92733,28833,190106,241621,37798,34403
gold,2013-11-26,2013-11-29,394432,133414,106859,27046,196011,224247,37961,36280
gold,2013-12-03,2013-12-06,386436,134546,111855,24091,190092,212391,37707,38099
gold,2013-12-10,2013-12-13,377313,133866,107486,22627,183319,212281,37501,34919
gold,2013-12-17,2013-12-20,385432,133068,107164,24163,191045,218144,37156,35961
gold,2013-12-24,2013-12-27,384974,135390,108051,24226,188511,215029,36847,37668
gold,2013-12-31,2014-01-03,379550,137182,104959,22650,182101,215122,37617,36819
gold,2014-01-07,2014-01-10,383021,139244,100357,26197,179334,221218,38246,35249
gold,2014-01-14,2014-01-17,415426,145857,101844,32702,199650,244905,37217,35975
gold,2014-01-21,2014-01-24,410959,146018,99435,28205,200101,246192,36635,37127
gold,2014-01-28,2014-01-31,382739,150158,83817,22502,176630,241609,33449,34811
gold,2014-02-04,2014-02-07,368279,147754,82815,23424,165354,231136,31747,30904
gold,2014-02-11,2014-02-14,376973,156786,85585,22664,162156,234810,35367,33914
gold,2014-02-18,2014-02-21,390535,164478,79847,27630,159449,251200,38978,31858
gold,2014-02-25,2014-02-28,387503,169870,60406,21879,155969,272632,39785,32586
gold,2014-03-04,2014-03-07,393266,171404,56238,26853,157838,278987,37171,31188
gold,2014-03-11,2014-03-14,415340,170482,51592,40601,163920,289287,40337,33860
gold,2014-03-18,2014-03-21,420626,183324,46510,32699,164293,310227,40310,31190
gold,2014-03-25,2014-03-28,398264,169083,51766,30361,159979,287600,38841,28537
gold,2014-04-01,2014-04-04,363451,158152,58007,21496,143575,257604,40228,26344
gold,2014-04-08,2014-04-11,365400,149693,61094,24181,151954,253697,39572,26428
gold,2014-04-15,2014-04-18,369577,147432,68140,25898,157917,245522,38330,30017
gold,2014-04-22,2014-04-25,372593,146880,65047,24052,162799,253325,38862,30169
gold,2014-04-29,2014-05-02,378092,147769,62542,28235,162815,259986,39273,27329
gold,2014-05-06,2014-05-09,404700,160982,63026,35948,167794,278265,39976,27461
gold,2014-05-13,2014-05-16,397029,157176,65542,33867,164941,267262,41045,30358
gold,2014-05-20,2014-05-23,399371,157398,60907,38192,164289,270299,39492,29973
gold,2014-05-27,2014-05-30,397695,155615,82224,35612,162078,240716,44390,39143
gold,2014-06-03,2014-06-06,382141,157332,98181,28406,159545,222989,36858,32565
gold,2014-06-10,2014-06-13,378689,159567,98440,26148,156553,219703,36421,34398
gold,2014-06-17,2014-06-20,379843,162052,83757,26131,157023,235348,34637,34607
gold,2014-06-24,2014-06-27,392388,183433,62574,24959,142864,274471,41132,30384
gold,2014-07-01,2014-07-04,401813,201287,55262,21991,135444,295899,43091,28661
gold,2014-07-08,2014-07-11,410992,203464,53443,27240,135998,302001,44290,28308
gold,2014-07-15,2014-07-18,408368,199950,57492,28562,138542,295448,41314,26866
gold,2014-07-22,2014-07-25,405617,197835,51689,31486,134809,295000,41487,27442
gold,2014-07-29,2014-08-01,374467,188980,49827,21619,126297,275229,37571,27792
gold,2014-08-05,2014-08-08,360342,176386,54923,22884,123492,255134,37580,27401
gold,2014-08-12,2014-08-15,368114,191325,43644,21718,113862,274549,41209,28203
gold,2014-08-19,2014-08-22,366401,183846,45870,20400,122377,270039,39778,30092
gold,2014-08-26,2014-08-29,363608,172022,58853,23465,127433,250981,40688,30309
gold,2014-09-02,2014-09-05,371515,172522,75643,24631,134701,238408,39661,32833
gold,2014-09-09,2014-09-12,384341,177555,82414,26286,141921,239876,38579,35765
gold,2014-09-16,2014-09-19,386080,170749,98562,29320,145480,221723,40531,36475
gold,2014-09-23,2014-09-26,385788,170382,106498,30538,148615,212934,36253,35818
gold,2014-09-30,2014-10-03,379874,171075,106205,27803,145396,206125,35600,39741
gold,2014-10-07,2014-10-10,380087,174075,107628,27007,143466,206873,35539,38579
gold,2014-10-14,2014-10-17,397855,193580,108165,30035,140637,219460,33603,40195
gold,2014-10-21,2014-10-24,411057,207129,99145,30768,139429,244327,33731,36817
gold,2014-10-28,2014-10-31,414410,195885,95146,39781,146345,245209,32399,34274
gold,2014-11-04,2014-11-07,417377,176899,113674,44595,161667,216974,34216,42134
gold,2014-11-11,2014-11-14,443422,177268,121225,46591,184326,234350,35237,41256
gold,2014-11-18,2014-11-21,459657,187955,106533,44726,193668,264665,33308,43733
gold,2014-11-25,2014-11-28,388145,167394,91187,31561,156334,224819,32856,40578
gold,2014-12-02,2014-12-05,368121,170635,81305,27571,135777,225185,34138,34060
gold,2014-12-09,2014-12-12,375323,186861,71999,25322,125091,241692,38049,36310
gold,2014-12-16,2014-12-19,371743,182147,63739,23796,132868,247959,32932,36249
gold,2014-12-23,2014-12-26,375212,180980,70070,28208,134796,240021,31228,36913
gold,2014-12-30,2015-01-02,373982,182897,67060,30659,125818,238952,34608,37311
gold,2015-01-06,2015-01-09,394021,187705,65527,40899,130427,253099,34990,34496
gold,2015-01-13,2015-01-16,402108,192959,62733,40729,129436,267112,38984,31534
gold,2015-01-20,2015-01-23,430128,223257,60802,42480,120946,298756,43445,28090
gold,2015-01-27,2015-01-30,438279,238407,49482,38815,117326,323486,43731,26496
gold,2015-02-03,2015-02-06,419524,229006,43991,28674,117174,320447,44670,26412
gold,2015-02-10,2015-02-13,393232,199036,43762,31396,120702,291293,42098,26781
gold,2015-02-17,2015-02-20,389530,188121,56387,34865,125433,269068,41111,29210
gold,2015-02-24,2015-02-27,399307,184416,58245,41717,133432,269126,39742,30219
gold,2015-03-03,2015-03-06,405124,180561,64741,44158,140080,263467,40325,32758
gold,2015-03-10,2015-03-13,410918,171821,89929,43257,154578,243920,41262,33812
gold,2015-03-17,2015-03-20,429738,162268,109175,46560,180464,236954,40446,37049
gold,2015-03-24,2015-03-27,433767,168234,113953,52190,178058,230983,35285,36641
gold,2015-03-31,2015-04-03,387585,172818,92799,37572,144197,225312,32998,31902
gold,2015-04-07,2015-04-10,390571,183130,82373,39159,133199,241488,35083,27551
gold,2015-04-14,2015-04-17,395089,184741,86344,44957,130960,234553,34431,29235
gold,2015-04-21,2015-04-24,397379,184567,83322,50963,126107,231113,35742,31981
gold,2015-04-28,2015-05-01,403575,189929,88672,52390,125733,232605,35523,29908
gold,2015-05-05,2015-05-08,399988,173105,100665,56074,138096,212258,32713,30991
gold,2015-05-12,2015-05-15,405612,179257,101817,49451,144829,222331,32075,32013
gold,2015-05-19,2015-05-22,428597,202190,79569,46685,140751,273085,38971,29258
gold,2015-05-26,2015-05-29,411961,191951,87257,38409,144540,254260,37061,32035
gold,2015-06-02,2015-06-05,398724,194299,89889,32798,138423,246573,33204,29464
gold,2015-06-09,2015-06-12,406069,186813,111723,33742,150277,228866,35237,31738
gold,2015-06-16,2015-06-19,415718,191053,115330,37042,153712,230349,33911,32997
gold,2015-06-23,2015-06-26,430978,202944,107830,41267,150444,251332,36323,30549
gold,2015-06-30,2015-07-03,442301,194476,127321,46169,163797,238566,37859,30245
gold,2015-07-07,2015-07-10,452145,193776,143328,48006,172552,225141,37811,35670
gold,2015-07-14,2015-07-17,462664,191014,143190,51510,183945,232414,36195,35550
gold,2015-07-21,2015-07-24,459760,187720,159441,46943,189676,211260,35421,42116
gold,2015-07-28,2015-07-31,438282,182977,158512,44365,176720,191986,34220,43419
gold,2015-08-04,2015-08-07,434273,184792,154892,46290,170826,185646,32365,47445
gold,2015-08-11,2015-08-14,435489,187778,155336,46362,166020,190478,35329,43313
gold,2015-08-18,2015-08-21,432728,185712,144053,48716,166062,196010,32238,43949
gold,2015-08-25,2015-08-28,432154,189893,119160,53016,156659,219295,32586,40683
gold,2015-09-01,2015-09-04,410274,182753,110068,47590,146865,215953,33066,36663
gold,2015-09-08,2015-09-11,421732,183615,124322,48883,155620,211599,33614,36928
gold,2015-09-15,2015-09-18,413333,174225,134678,51513,154988,187967,32607,39175
gold,2015-09-22,2015-09-25,419304,182080,120955,56151,149092,206320,31981,35878
gold,2015-09-29,2015-10-02,415700,182792,106147,50513,149535,222678,32860,36362
gold,2015-10-06,2015-10-09,430228,191000,104181,57295,148424,236893,33509,31859
gold,2015-10-13,2015-10-16,435928,203299,86140,53042,144242,262736,35345,34010
gold,2015-10-20,2015-10-23,467792,233227,81926,57126,134966,298266,42473,30474
gold,2015-10-27,2015-10-30,466780,225985,68551,62506,138770,304618,39519,31105
gold,2015-11-03,2015-11-06,443900,194784,78442,63397,146369,271357,39350,30704
gold,2015-11-10,2015-11-13,436426,174561,106172,65660,155946,227840,40259,36754
gold,2015-11-17,2015-11-20,435376,173395,138996,52408,170494,198967,39079,45005
gold,2015-11-24,2015-11-27,397705,159440,143138,43199,155709,167692,39357,43676
gold,2015-12-01,2015-12-04,390940,158792,149042,40887,155554,158465,35707,42546
gold,2015-12-08,2015-12-11,394128,162764,143141,46025,149617,163614,35722,41348
gold,2015-12-15,2015-12-18,390944,155934,142278,48714,151012,159278,35284,40674
gold,2015-12-22,2015-12-25,405294,154276,127849,64301,151272,173523,35445,39621
gold,2015-12-29,2016-01-01,401880,150229,131127,67961,147179,162514,36511,40278
gold,2016-01-05,2016-01-08,413688,153532,126972,78561,147674,166949,33921,41206
gold,2016-01-12,2016-01-15,397565,158655,113937,58837,142221,185806,37852,38985
gold,2016-01-19,2016-01-22,408835,158320,114626,76043,140723,180866,33749,37300
gold,2016-01-26,2016-01-29,385350,170471,111431,60993,115343,175176,38543,37750
gold,2016-02-02,2016-02-05,379185,176968,104146,46169,116469,193824,39579,35046
gold,2016-02-09,2016-02-12,410833,201754,103326,45747,121357,226280,41975,35480
gold,2016-02-16,2016-02-19,428912,209101,91741,46240,127800,259784,45771,31147
gold,2016-02-23,2016-02-26,445290,227381,82403,47607,120854,284003,49448,31277
gold,2016-03-01,2016-03-04,450555,223186,70773,60650,115571,287002,51148,32130
gold,2016-03-08,2016-03-11,499110,252895,78085,76202,116493,311865,53520,32958
gold,2016-03-15,2016-03-18,493086,247659,78147,77007,118610,304141,49810,33791
gold,2016-03-22,2016-03-25,510579,258646,79815,73290,127081,327075,51562,30399
gold,2016-03-29,2016-04-01,480461,262082,72276,45729,123227,331191,49423,31265
gold,2016-04-05,2016-04-08,474094,263781,73381,44650,118103,325348,47560,30715
gold,2016-04-12,2016-04-15,504523,286341,72534,46969,122181,353968,49032,31052
gold,2016-04-19,2016-04-22,503331,291143,74306,44240,117743,357864,50205,26921
gold,2016-04-26,2016-04-29,497884,288173,67316,46236,116445,356553,47030,27779
gold,2016-05-03,2016-05-06,565774,338476,66828,59431,116644,411545,51223,27970
gold,2016-05-10,2016-05-13,579777,337251,72353,67605,123211,408207,51710,31612
gold,2016-05-17,2016-05-20,595077,340748,74460,79137,122477,412720,52715,28760
gold,2016-05-24,2016-05-27,542958,291266,84634,52773,146205,371418,52714,34133
gold,2016-05-31,2016-06-03,494321,274589,77454,38761,133624,347662,47347,30444
gold,2016-06-07,2016-06-10,496330,295688,67069,41132,112940,356632,46570,31497
gold,2016-06-14,2016-06-17,545357,347557,67695,38925,113281,411358,45594,27379
gold,2016-06-21,2016-06-24,571517,358825,66096,45399,119782,431919,47511,28103
gold,2016-06-28,2016-07-01,613792,373128,71208,64364,127169,453490,49131,24730
gold,2016-07-05,2016-07-08,652971,389590,73627,88857,123735,463942,50789,26545
gold,2016-07-12,2016-07-15,633020,378081,80618,79128,123258,448710,52553,24564
gold,2016-07-19,2016-07-22,617069,366871,80960,75151,119433,434910,55614,26048
gold,2016-07-26,2016-07-29,576325,347426,68471,55650,117420,426443,55829,25761
gold,2016-08-02,2016-08-05,582211,365801,71618,48048,113911,437938,54451,24607
gold,2016-08-09,2016-08-12,575399,356471,70024,50020,116251,429192,52657,26163
gold,2016-08-16,2016-08-19,572496,351535,67684,52308,116128,427121,52525,25383
gold,2016-08-23,2016-08-26,572973,359785,65176,52821,108571,426046,51796,28930
gold,2016-08-30,2016-09-02,558398,340586,64245,54292,109854,411067,53666,28794
gold,2016-09-06,2016-09-09,590656,370375,62515,55872,110470,440443,53939,31826
gold,2016-09-13,2016-09-16,575002,351776,66363,52492,116841,428212,53893,27935
gold,2016-09-20,2016-09-23,558791,326326,70147,50995,120314,410929,61156,26720
gold,2016-09-27,2016-09-30,583161,358972,67068,47925,123156,437750,53108,30418
gold,2016-10-04,2016-10-07,544824,324136,78628,53866,111864,383106,54958,29224
gold,2016-10-11,2016-10-14,500328,283386,88167,50883,112362,333561,53697,27717
gold,2016-10-18,2016-10-21,497061,274345,94727,56255,115441,318112,51020,27967
gold,2016-10-25,2016-10-28,507617,285376,88396,57916,114700,332299,49625,29006
gold,2016-11-01,2016-11-04,521506,288308,73177,65953,115398,354649,51847,27727
gold,2016-11-08,2016-11-11,528203,289860,72622,72413,114915,360501,51015,22667
gold,2016-11-15,2016-11-18,479237,245750,68090,69056,115191,315157,49240,26934
gold,2016-11-22,2016-11-25,461062,241646,74561,68746,97975,290147,52695,27608
gold,2016-11-29,2016-12-02,405661,229731,78161,37735,92628,260451,45567,29314
gold,2016-12-06,2016-12-09,393524,227675,91295,33973,86237,241181,45639,27075
gold,2016-12-13,2016-12-16,397034,229755,100444,35044,86143,236029,46092,25517
gold,2016-12-20,2016-12-23,398661,219067,104233,44342,87960,221982,47292,28104
gold,2016-12-27,2016-12-30,401513,206538,108195,55836,89975,210942,49164,26540
gold,2017-01-03,2017-01-06,424673,208855,112305,71021,97410,215022,47387,26325
gold,2017-01-10,2017-01-13,444001,214000,104518,89161,96763,222579,44077,27743
gold,2017-01-17,2017-01-20,467937,218144,111103,104399,101399,224510,43995,27925
gold,2017-01-24,2017-01-27,482374,209854,100447,119798,109000,235374,43722,26755
gold,2017-01-31,2017-02-03,398433,212414,93259,45008,101784,233587,39227,26579
gold,2017-02-07,2017-02-10,415543,216408,99259,51747,106024,240170,41364,24367
gold,2017-02-14,2017-02-17,415128,212259,102507,57432,105674,233462,39763,21727
gold,2017-02-21,2017-02-24,427168,219673,95910,63290,103861,243425,40344,24543
gold,2017-02-28,2017-03-03,446081,247494,83696,54410,100180,280087,43997,27888
gold,2017-03-07,2017-03-10,434401,229969,96284,61157,99484,252132,43791,24828
gold,2017-03-14,2017-03-17,426170,210315,104277,69088,102535,225822,44232,26983
gold,2017-03-21,2017-03-24,446880,219719,103467,82582,101282,230279,43297,30552
gold,2017-03-28,2017-03-31,449418,227839,90019,74805,104760,256874,42014,27720
gold,2017-04-04,2017-04-07,427808,239061,83625,49043,96115,267131,43589,28009
gold,2017-04-11,2017-04-14,456131,253004,80338,57490,98119,285483,47518,32820
gold,2017-04-18,2017-04-21,472263,279311,83543,48361,97769,308833,46822,31526
gold,2017-04-25,2017-04-28,475985,287468,86791,43513,100335,314915,44669,30766
gold,2017-05-02,2017-05-05,461905,276032,86398,42037,99054,303040,44782,30430
gold,2017-05-09,2017-05-12,433033,236115,86109,46859,104960,269382,45099,30683
gold,2017-05-16,2017-05-19,435021,221532,94808,54659,113719,256578,45111,28976
gold,2017-05-23,2017-05-26,462572,241752,81985,63428,112114,286405,45278,30754
gold,2017-05-30,2017-06-02,434246,250542,83452,35549,103751,286970,44404,28275
gold,2017-06-06,2017-06-09,494041,312240,107775,29475,108298,324652,44028,32139
gold,2017-06-13,2017-06-16,471134,297178,106904,28577,105193,308804,40186,26849
gold,2017-06-20,2017-06-23,445841,252620,101945,39733,110287,275303,43201,28860
gold,2017-06-27,2017-06-30,453144,236586,104914,51658,117497,267360,47403,29212
gold,2017-07-03,2017-07-07,457201,221681,127882,56968,131190,238416,47362,33935
gold,2017-07-11,2017-07-14,475669,217637,157377,64759,147818,221734,45455,31799
gold,2017-07-18,2017-07-21,484204,217232,157094,69714,153064,226699,44194,30697
gold,2017-07-25,2017-07-28,463827,220299,129468,51215,148926,252269,43387,30875
gold,2017-08-01,2017-08-04,448709,239766,110094,39997,126891,270276,42055,28342
gold,2017-08-08,2017-08-11,448727,246377,97540,36408,125168,284679,40774,30100
gold,2017-08-15,2017-08-18,477921,277730,89996,37693,122138,318769,40360,31463
gold,2017-08-22,2017-08-25,500443,295711,87273,37626,125036,344954,42070,30590
gold,2017-08-29,2017-09-01,538875,318883,87836,53981,119030,367059,46981,29999
gold,2017-09-05,2017-09-08,566817,336073,90775,54858,125145,386952,50741,34232
gold,2017-09-12,2017-09-15,580606,351492,96732,57172,123298,395396,48644,31306
gold,2017-09-19,2017-09-22,570096,330646,94557,63976,129222,382263,46252,29300
gold,2017-09-26,2017-09-29,549637,303255,90661,63295,134501,367972,48586,27709
gold,2017-10-03,2017-10-06,525127,287296,83441,64511,126749,351172,46571,26003
gold,2017-10-10,2017-10-13,520005,279227,79115,68514,124178,347175,48086,25201
gold,2017-10-17,2017-10-20,528800,284617,83893,70277,126678,348302,47228,26328
gold,2017-10-24,2017-10-27,526674,275521,84136,80570,125468,336121,45115,25847
gold,2017-10-31,2017-11-03,531918,268710,75615,89354,128371,339019,45483,27930
gold,2017-11-07,2017-11-10,536843,272571,76781,94638,123149,338436,46485,26988
gold,2017-11-14,2017-11-17,533054,271496,76412,91605,122703,338494,47250,26543
gold,2017-11-21,2017-11-24,531612,272934,71107,84095,124856,349912,49727,26498
gold,2017-11-28,2017-12-01,503810,287384,62967,52355,116831,363372,47240,25116
gold,2017-12-05,2017-12-08,472795,251234,77905,44905,132509,322399,44147,27586
gold,2017-12-12,2017-12-15,446618,201912,94844,45407,155730,275193,43569,31174
gold,2017-12-19,2017-12-22,453595,197473,83678,56410,156226,284443,43486,29064
gold,2017-12-26,2017-12-29,456470,202590,66642,57643,155469,304938,40768,27247
gold,2018-01-02,2018-01-05,500731,241428,78160,60048,155104,332704,44151,29819
gold,2018-01-09,2018-01-12,555455,289161,85873,69270,150099,370370,46925,29942
gold,2018-01-16,2018-01-19,582333,301863,90152,73170,158202,390709,49098,28302
gold,2018-01-23,2018-01-26,582421,305812,91128,64523,161458,396010,50628,30760
gold,2018-01-30,2018-02-02,559332,298327,91065,57648,154690,379766,48667,30853
gold,2018-02-06,2018-02-09,535321,273828,82951,60557,158650,364101,42286,27712
gold,2018-02-13,2018-02-16,511745,251860,76254,64242,150847,345383,44796,25866
gold,2018-02-20,2018-02-23,528154,257205,66283,67636,154913,369791,48400,24444
gold,2018-02-27,2018-03-02,532860,251981,73263,72017,161527,361323,47335,26257
gold,2018-03-06,2018-03-09,508100,245587,61764,62811,153421,358324,46281,25201
gold,2018-03-13,2018-03-16,526762,234431,66483,82713,161604,350414,48014,27152
gold,2018-03-20,2018-03-23,545499,223882,75151,102004,173307,340577,46306,27767
gold,2018-03-27,2018-03-30,529690,259032,55678,63396,157443,383803,49819,26813
gold,2018-04-03,2018-04-06,493141,234677,68088,52011,162608,351473,43845,21569
gold,2018-04-10,2018-04-13,499588,234457,79085,52761,166796,342448,45574,25294
gold,2018-04-17,2018-04-20,510229,237288,74219,52500,173535,358797,46906,24713
gold,2018-04-24,2018-04-27,506410,225804,89158,54354,175715,337515,50537,25383
gold,2018-05-01,2018-05-04,507756,209577,102798,66156,179735,311607,52288,27195
gold,2018-05-08,2018-05-11,491398,198548,91108,57613,181586,316570,53651,26107
gold,2018-05-15,2018-05-18,519958,201468,109025,65319,195925,314014,57246,31600
gold,2018-05-22,2018-05-25,502942,189677,98720,55606,203101,318676,54558,29940
gold,2018-05-29,2018-06-01,469382,193652,78522,52942,171361,308050,51427,29868
gold,2018-06-05,2018-06-08,450641,185321,73905,50712,164024,298371,50584,27653
gold,2018-06-12,2018-06-15,448695,192752,72512,48368,159416,300003,48159,27812
gold,2018-06-19,2018-06-22,468345,202915,106403,56882,161475,275599,47073,29461
gold,2018-06-26,2018-06-29,468573,195118,118446,51434,171601,266564,50420,32129
gold,2018-07-03,2018-07-06,494164,210483,132156,59665,172917,266067,51099,36276
gold,2018-07-10,2018-07-13,503593,214310,132876,70367,165561,265955,53355,34395
gold,2018-07-17,2018-07-20,528278,218427,160586,77094,181266,254901,51491,35697
gold,2018-07-24,2018-07-27,496620,220620,172023,58618,162640,228308,54742,37671
gold,2018-07-31,2018-08-03,452655,209255,173918,48128,145254,193172,50018,37437
gold,2018-08-07,2018-08-10,459474,208292,195604,48577,154203,179812,48402,35481
gold,2018-08-14,2018-08-17,476739,211779,215467,54392,164195,171545,46373,35335
gold,2018-08-21,2018-08-24,483730,213500,222210,58806,166529,168214,44895,34500
gold,2018-08-28,2018-08-31,479283,207370,210433,60824,165581,173843,45508,34183
gold,2018-09-04,2018-09-07,473118,199762,213259,55455,168732,162207,49169,42197
gold,2018-09-11,2018-09-14,469450,198367,205957,54025,169192,169179,47866,40289
gold,2018-09-18,2018-09-21,469436,197797,208641,56478,171293,169602,43868,34715
gold,2018-09-25,2018-09-28,460279,192940,210588,51897,167904,160824,47538,36970
gold,2018-10-02,2018-10-05,459776,192490,214312,48629,169371,160496,49286,36339
gold,2018-10-09,2018-10-12,465253,179746,217921,63757,174309,148443,47441,35132
gold,2018-10-16,2018-10-19,474418,189200,171533,71278,166143,198139,47797,33468
gold,2018-10-23,2018-10-26,477832,192578,163190,73950,163414,209934,47890,30758
gold,2018-10-30,2018-11-02,474941,168754,155560,91460,165857,197062,48870,30859
gold,2018-11-06,2018-11-09,494911,169141,150115,103258,173897,212033,48615,29505
gold,2018-11-13,2018-11-16,539520,168416,177663,122818,201354,203177,46932,35862
gold,2018-11-20,2018-11-23,525940,165506,156610,115384,201259,224399,43791,29547
gold,2018-11-27,2018-11-30,442801,156779,154908,65544,172358,188458,48120,33891
gold,2018-12-04,2018-12-07,399919,173019,124018,52329,135067,193316,39504,30256
gold,2018-12-11,2018-12-14,402250,169600,109101,53101,134285,211653,45264,28395
gold,2018-12-18,2018-12-21,412485,182168,106208,53411,132148,224823,44758,28043
gold,2018-12-24,2018-12-28,442727,208622,97637,60149,130090,258309,43866,26632
gold,2018-12-31,2019-01-04,451360,210141,86369,64227,130285,274899,46707,25865
gold,2019-01-08,2019-01-11,455232,199560,100344,69559,137605,258792,48508,26537
gold,2019-01-15,2019-01-18,501605,201796,113883,71416,179059,287172,49334,29134
gold,2019-01-22,2019-01-25,513509,186510,112006,80981,197278,289355,48740,31167
gold,2019-01-29,2019-02-01,483390,212318,112725,58008,163922,282531,49142,30126
gold,2019-02-05,2019-02-08,479736,218200,109105,53593,157588,288830,50355,28208
gold,2019-02-12,2019-02-15,476083,214170,109296,53388,159676,285787,48849,27612
gold,2019-02-19,2019-02-22,504639,254086,108439,53521,146161,312638,50871,30041
gold,2019-02-26,2019-03-01,501268,236835,101139,65402,146042,305887,52989,28840
gold,2019-03-05,2019-03-08,471311,202628,114610,59730,155732,269729,53221,27242
gold,2019-03-12,2019-03-15,530030,205250,126431,75211,192029,300503,57540,27885
gold,2019-03-19,2019-03-22,514163,204325,115929,68691,186704,302363,54443,27180
gold,2019-03-26,2019-03-29,509575,214897,94959,69207,161201,312635,64270,32774
gold,2019-04-02,2019-04-05,440170,193784,99228,56826,139514,257744,50046,26372
gold,2019-04-09,2019-04-12,447539,199507,94143,61105,132478,265287,54449,27004
gold,2019-04-16,2019-04-19,440581,183213,126940,58444,145702,224132,53222,31065
gold,2019-04-23,2019-04-26,440048,176691,139296,59299,154403,211799,49655,29654
gold,2019-04-30,2019-05-03,430011,177275,111056,56305,147288,235600,49143,27050
gold,2019-05-07,2019-05-10,450039,185801,110390,73060,142078,238437,49100,28152
gold,2019-05-14,2019-05-17,517995,226361,101825,78759,159444,296627,53431,40784
gold,2019-05-21,2019-05-24,508643,203628,114823,83533,167827,275765,53655,34522
gold,2019-05-28,2019-05-31,505126,194463,107775,62206,191290,301244,57167,33901
gold,2019-06-04,2019-06-07,481495,240477,84362,56898,132517,305093,51603,35142
gold,2019-06-11,2019-06-14,496663,250114,65876,59835,137719,339746,48995,31206
gold,2019-06-18,2019-06-21,525636,274633,70310,56655,141993,365848,52355,32823
gold,2019-06-25,2019-06-28,577605,298108,61554,59841,160228,420378,59428,35832
gold,2019-07-02,2019-07-05,605949,312702,53756,71633,160282,447104,61332,33456
gold,2019-07-09,2019-07-12,598977,306105,61342,62529,163955,442371,66388,32735
gold,2019-07-16,2019-07-19,601900,309535,64034,48434,175785,453193,68146,36239
gold,2019-07-23,2019-07-26,616859,311881,60631,56198,175785,463624,72995,36406
gold,2019-07-30,2019-08-02,563298,312214,57826,45699,141164,429131,64221,30642
gold,2019-08-06,2019-08-09,600317,350558,58013,49905,137010,461335,62844,31064
gold,2019-08-13,2019-08-16,593962,346223,56133,47458,136823,460550,63458,29821
gold,2019-08-20,2019-08-23,594807,352294,52301,45250,133408,469658,63855,27598
gold,2019-08-27,2019-08-30,636183,362609,65771,54297,148866,482672,70411,33443
gold,2019-09-03,2019-09-06,634358,365385,64838,55608,147717,485458,65648,28454
gold,2019-09-10,2019-09-13,614753,334114,64389,61037,156061,461672,63541,27655
gold,2019-09-17,2019-09-20,630990,341511,58912,65382,163008,481407,61089,25289
gold,2019-09-24,2019-09-27,658944,370393,57949,61489,163585,508730,63477,30776
gold,2019-10-01,2019-10-04,604885,322800,53807,58499,163050,466738,60536,25841
gold,2019-10-08,2019-10-11,616957,334383,58820,53301,167755,478697,61518,26139
gold,2019-10-15,2019-10-18,607387,319370,66343,57254,167700,455975,63063,27815
gold,2019-10-22,2019-10-25,625528,322917,63785,67189,171329,466686,64093,27868
gold,2019-10-29,2019-11-01,643442,335423,58908,65405,176997,478213,65617,40916
gold,2019-11-05,2019-11-08,690181,344591,64763,98524,181688,498826,65378,28068
gold,2019-11-12,2019-11-15,708463,323189,56123,107486,210067,511535,67721,33319
gold,2019-11-19,2019-11-22,719211,337296,51437,109736,206626,525721,65553,32317
gold,2019-11-26,2019-11-29,669268,325286,53652,93522,191548,497015,58912,25079
gold,2019-12-03,2019-12-06,701016,346525,55820,93891,203920,526707,56680,24598
gold,2019-12-10,2019-12-13,690003,329169,58249,101409,203374,505657,56051,24688
gold,2019-12-17,2019-12-20,716987,344493,58218,114165,202432,521051,55897,23553
gold,2019-12-24,2019-12-27,748737,364310,58658,122022,203204,543600,59201,24457
gold,2019-12-31,2020-01-03,786166,381620,53695,140611,202925,569416,61010,22444
gold,2020-01-07,2020-01-10,785857,383480,61189,139363,202452,558533,60562,26772
gold,2020-01-14,2020-01-17,796883,376809,57574,137119,221358,571177,61597,31013
gold,2020-01-21,2020-01-24,793829,374793,57098,141474,212445,564348,65117,30909
gold,2020-01-28,2020-01-31,715539,376401,46309,86056,192300,553114,60782,30060
gold,2020-02-04,2020-02-07,654572,355909,56103,61212,176786,508473,60665,28784
gold,2020-02-11,2020-02-14,658024,356535,48561,59263,181629,519420,60597,30780
gold,2020-02-18,2020-02-21,715317,408349,54700,66606,175519,561131,64843,32880
gold,2020-02-25,2020-02-28,732917,389339,53474,90728,176619,552240,76231,36475
gold,2020-03-03,2020-03-06,691985,366173,46440,85359,178134,529145,62319,31041
gold,2020-03-10,2020-03-13,633470,336290,36759,54064,182948,511252,60168,31395
gold,2020-03-17,2020-03-20,573925,317405,35489,50438,154761,456470,51321,31528
gold,2020-03-24,2020-03-27,547334,317928,29562,43879,135711,447534,49816,26359
gold,2020-03-31,2020-04-03,495652,287529,28680,32344,128083,412042,47696,22586
gold,2020-04-07,2020-04-10,480050,279880,30938,29821,118885,394496,51464,24795
gold,2020-04-14,2020-04-17,489965,286617,34116,33338,116839,397247,53171,25264
gold,2020-04-21,2020-04-24,493158,282263,32692,40929,116808,396881,53158,22656
gold,2020-04-28,2020-05-01,500816,287382,24653,44448,114902,408531,54084,23184
gold,2020-05-05,2020-05-08,490343,275571,25567,40010,120045,401681,54717,23085
gold,2020-05-12,2020-05-15,496739,277771,34943,35158,126023,404556,57787,22082
gold,2020-05-19,2020-05-22,528205,295394,43606,39245,133715,423889,59851,21465
gold,2020-05-26,2020-05-29,519374,288148,50234,39951,131977,406299,59298,22890
gold,2020-06-02,2020-06-05,475745,272196,53162,37007,108654,365277,57888,20299
gold,2020-06-09,2020-06-12,475661,263972,55359,46644,110115,353572,54930,20086
gold,2020-06-16,2020-06-19,489563,277395,53047,46087,110922,368942,55159,21487
gold,2020-06-23,2020-06-26,532101,308459,56502,47555,114410,401702,61677,26342
gold,2020-06-30,2020-07-03,561628,328942,62272,53868,116697,418160,62121,27328
gold,2020-07-07,2020-07-10,572776,337030,69672,54030,118424,421016,63292,28058
gold,2020-07-14,2020-07-17,580175,330205,67777,59596,125909,427927,64465,24875
gold,2020-07-21,2020-07-24,603138,334237,67801,71987,129690,433549,67224,29801
gold,2020-07-28,2020-07-31,598629,312588,75787,80837,139803,418180,65401,23825
gold,2020-08-04,2020-08-07,561837,321847,83101,53454,119109,395454,67427,29828
gold,2020-08-11,2020-08-14,553345,306867,82814,55281,123125,391456,68072,23794
gold,2020-08-18,2020-08-21,544010,302369,78851,51177,123511,391282,66953,22700
gold,2020-08-25,2020-08-28,549282,301559,80521,53072,128266,394711,66385,20978
gold,2020-09-01,2020-09-04,547704,306118,75322,50981,121254,398660,69351,22741
gold,2020-09-08,2020-09-11,557457,313173,76700,54949,122050,403090,67285,22718
gold,2020-09-15,2020-09-18,578925,324512,83535,59586,126290,411476,68537,24328
gold,2020-09-22,2020-09-25,575877,309015,89955,59292,137900,404308,69670,22322
gold,2020-09-29,2020-10-02,562396,316106,72447,48077,133657,419835,64556,22037
gold,2020-10-06,2020-10-09,555555,320922,72335,43710,124401,412869,66522,26641
gold,2020-10-13,2020-10-16,553197,326986,86315,42010,116429,401084,67772,23788
gold,2020-10-20,2020-10-23,562993,340206,90602,39875,116918,411042,65994,21474
gold,2020-10-27,2020-10-30,560900,326063,77429,49849,114210,410672,70778,22950
gold,2020-11-03,2020-11-06,544774,321798,78889,47471,108679,398017,66826,20397
gold,2020-11-10,2020-11-13,547449,318516,78780,53544,111142,394565,64247,20560
gold,2020-11-17,2020-11-20,557533,329698,78428,56853,106681,401253,64301,20999
gold,2020-11-24,2020-11-27,555253,320324,76422,60914,108625,393454,65390,24463
gold,2020-12-01,2020-12-04,538042,324344,64030,48151,110108,403371,55439,22490
gold,2020-12-08,2020-12-11,549520,338271,69051,51481,104016,404739,55752,24249
gold,2020-12-15,2020-12-18,550366,340610,69026,50941,101736,408078,57079,22321
gold,2020-12-21,2020-12-25,560769,349870,71674,52816,99303,414402,58780,21877
gold,2020-12-29,2021-01-01,556414,341812,72940,54593,101283,408537,58726,20344
gold,2021-01-05,2021-01-08,568888,349946,70628,59807,97405,418328,61730,20125
gold,2021-01-12,2021-01-15,555538,313217,66990,73535,105980,396281,62806,18732
gold,2021-01-19,2021-01-22,541330,307507,60869,73648,99444,386911,60731,19902
gold,2021-01-26,2021-01-29,534574,313532,55986,65184,94890,393838,60968,19566
gold,2021-02-02,2021-02-05,520011,314352,57226,56076,90132,388089,59451,18620
gold,2021-02-09,2021-02-12,506741,309326,57919,51574,87800,379995,58041,17253
gold,2021-02-16,2021-02-19,503016,303583,68614,49141,91152,366230,59140,19031
gold,2021-02-23,2021-02-26,481125,284081,68348,49235,92086,343815,55723,19727
gold,2021-03-02,2021-03-05,467008,265533,75895,53221,94844,317047,53410,20845
gold,2021-03-09,2021-03-12,473871,254839,79676,59860,104656,312536,54516,21799
gold,2021-03-16,2021-03-19,476467,256237,76041,54258,115396,324871,50576,21297
gold,2021-03-23,2021-03-26,485457,262774,88707,55845,116781,318584,50057,22321
gold,2021-03-30,2021-04-02,467321,263453,95925,42816,112072,305798,48980,22782
gold,2021-04-06,2021-04-09,463353,275703,86194,43153,98196,312995,46301,21011
gold,2021-04-13,2021-04-16,460733,269513,88639,42820,100227,309015,48173,20259
gold,2021-04-20,2021-04-23,471738,275985,94487,44475,100905,314098,50373,18678
gold,2021-04-27,2021-04-30,473305,270717,100098,44657,103732,310909,54199,17641
gold,2021-05-04,2021-05-07,470341,270194,99453,45060,103961,305884,51126,19944
gold,2021-05-11,2021-05-14,498693,282161,89906,50381,111751,338835,54400,19571
gold,2021-05-18,2021-05-21,520410,290267,91378,53158,121839,354740,55146,21134
gold,2021-05-25,2021-05-28,510164,288266,73624,51363,111024,361893,59511,23284
gold,2021-06-01,2021-06-04,489198,288826,75125,44080,102986,351161,53306,18832
gold,2021-06-08,2021-06-11,491858,288781,79394,45752,103496,348302,53829,18410
gold,2021-06-15,2021-06-18,480127,273947,81911,43537,106323,337549,56320,17130
gold,2021-06-22,2021-06-25,453940,253153,86939,41805,105830,308212,53152,16984
gold,2021-06-29,2021-07-02,453360,254206,91980,40708,107398,302518,51048,18154
gold,2021-07-06,2021-07-09,465811,270545,87724,37663,107675,322401,49928,18023
gold,2021-07-13,2021-07-16,495798,275543,84707,57737,112439,333467,50079,19887
gold,2021-07-20,2021-07-23,490520,277312,81340,40467,123541,352089,49200,16624
gold,2021-07-27,2021-07-30,500187,273688,74300,61921,116498,345312,48080,18654
gold,2021-08-03,2021-08-06,485663,273143,76808,39580,121349,352633,51591,16642
gold,2021-08-10,2021-08-13,477232,277260,108854,27767,124720,320361,47485,20250
gold,2021-08-17,2021-08-20,485485,284437,92895,33432,123301,337301,44315,21857
gold,2021-08-24,2021-08-27,504735,299084,88431,38033,123101,357779,44517,20492
gold,2021-08-31,2021-09-03,507113,311004,94454,32699,119896,360408,43514,19552
gold,2021-09-07,2021-09-10,506772,306017,99978,31635,119906,355714,49214,19445
gold,2021-09-14,2021-09-17,506356,306988,99228,33119,119152,353403,47097,20606
gold,2021-09-21,2021-09-24,492765,296670,109023,31152,119307,331951,45636,20639
gold,2021-09-28,2021-10-01,490858,293814,125415,28150,124073,314224,44821,23069
gold,2021-10-05,2021-10-08,483789,295939,113357,29604,114229,317931,44017,22897
gold,2021-10-12,2021-10-15,484382,298503,112964,31363,110697,318311,43819,21744
gold,2021-10-19,2021-10-22,485974,299882,106533,32770,107128,326318,46194,20353
gold,2021-10-26,2021-10-29,509794,313646,99086,45018,103423,343077,47707,22613
gold,2021-11-02,2021-11-05,507616,311091,95962,49897,100692,340569,45936,21188
gold,2021-11-09,2021-11-12,571025,341111,90930,74623,105197,380686,50094,24786
gold,2021-11-16,2021-11-19,612612,360529,100749,74271,125758,413297,52054,24295
gold,2021-11-23,2021-11-26,559823,326409,91998,57007,121027,388861,55380,21957
gold,2021-11-30,2021-12-03,531868,310253,84393,50396,119562,378165,51657,18914
gold,2021-12-07,2021-12-10,499307,300518,83333,47489,103942,349565,47358,18920
gold,2021-12-14,2021-12-17,503709,298142,95741,49449,107421,338832,48697,19687
gold,2021-12-21,2021-12-24,500846,296628,90817,49970,104997,341026,49251,19033
gold,2021-12-28,2021-12-31,508912,303879,90723,50740,103172,348836,51121,18613
gold,2022-01-04,2022-01-07,502717,296583,85228,56476,104258,341716,45400,19297
gold,2022-01-11,2022-01-14,546516,290102,90365,91799,116292,341365,48323,22987
gold,2022-01-18,2022-01-21,539204,290528,96321,68934,132764,353832,46978,20117
gold,2022-01-25,2022-01-28,572078,313415,93264,77786,130208,379954,50669,21074
gold,2022-02-01,2022-02-04,515331,275994,103852,64885,127633,328975,46819,17619
gold,2022-02-08,2022-02-11,512842,279559,92853,62086,126328,337762,44869,20141
gold,2022-02-15,2022-02-18,558645,313269,99656,71850,126837,365712,46689,21427
gold,2022-02-22,2022-02-25,611488,350096,106948,82620,129682,399404,49090,22516
gold,2022-03-01,2022-03-04,615600,354177,96555,83926,127231,413040,50266,22079
gold,2022-03-08,2022-03-11,638502,364618,90230,78523,139397,446343,55964,23406
gold,2022-03-15,2022-03-18,617605,346731,84943,65499,151045,448486,54330,18677
gold,2022-03-22,2022-03-25,605191,328660,80628,68051,155039,436634,53441,19878
gold,2022-03-29,2022-04-01,574521,327632,70036,64817,133050,418987,49022,20681
gold,2022-04-05,2022-04-08,560666,324570,79029,59812,124506,403264,51778,18561
gold,2022-04-12,2022-04-15,577639,338164,83877,58584,125627,413720,55264,21458
gold,2022-04-19,2022-04-22,575202,330745,90988,60268,129157,404682,55032,19264
gold,2022-04-26,2022-04-29,557785,310511,92487,68790,127546,376840,50938,19668
gold,2022-05-03,2022-05-06,560441,293439,94271,84937,130795,362647,51270,18586
gold,2022-05-10,2022-05-13,571447,288947,95632,98151,132251,360007,52098,17657
gold,2022-05-17,2022-05-20,555756,283011,107651,84470,137687,344566,50588,19069
gold,2022-05-24,2022-05-27,530098,282202,98389,70121,130364,342311,47411,19277
gold,2022-05-31,2022-06-03,513722,269459,96870,62264,135360,335416,46639,19172
gold,2022-06-07,2022-06-10,494130,270356,95088,62719,116965,316851,44090,19472
gold,2022-06-14,2022-06-17,497456,266596,111998,63208,121926,300495,45726,21755
gold,2022-06-21,2022-06-24,500276,268119,104832,67732,120045,306974,44380,20738
gold,2022-06-28,2022-07-01,497005,268712,111019,66432,117038,299045,44823,20509
gold,2022-07-05,2022-07-08,498210,267806,122146,68182,118289,283874,43933,24008
gold,2022-07-12,2022-07-15,542493,251126,133005,107614,131170,268958,52583,32916
gold,2022-07-19,2022-07-22,524786,241004,146049,88385,152103,264365,43294,25987
gold,2022-07-26,2022-07-29,487515,241661,148971,61026,142007,250429,42821,27089
gold,2022-08-02,2022-08-05,459649,242128,117802,52340,127700,263265,37481,26242
gold,2022-08-09,2022-08-12,453540,242906,100055,50727,121980,276534,37927,26224
gold,2022-08-16,2022-08-19,453960,238196,97032,55372,122566,276275,37826,25281
gold,2022-08-23,2022-08-26,457762,237427,111580,55850,126193,264265,38292,26067
gold,2022-08-30,2022-09-02,459165,235314,117580,58398,126535,256214,38918,26973
gold,2022-09-06,2022-09-09,465908,231527,127670,65900,129683,243747,38798,28591
gold,2022-09-13,2022-09-16,463674,225932,128588,70236,126950,237888,40556,26962
gold,2022-09-20,2022-09-23,469395,214557,148835,72476,141862,217290,40500,30794
gold,2022-09-27,2022-09-30,457061,207154,155073,70221,139361,201499,40325,30268
gold,2022-10-04,2022-10-07,437065,215964,127579,67946,116451,212999,36704,28541
gold,2022-10-11,2022-10-14,431395,212561,118141,68979,112867,216595,36988,27680
gold,2022-10-18,2022-10-21,434701,210890,133934,69452,115073,205103,39286,26212
gold,2022-10-25,2022-10-28,456072,212853,144821,80497,123085,203298,39637,27456
gold,2022-11-01,2022-11-04,467276,216341,151718,86687,125689,200471,38559,28400
gold,2022-11-08,2022-11-11,488471,223135,140797,101104,126187,217331,38045,29239
gold,2022-11-15,2022-11-18,495171,227282,101013,95881,135035,269343,36973,28934
gold,2022-11-22,2022-11-25,449542,214284,98171,61208,133754,263818,40296,26345
gold,2022-11-29,2022-12-02,433661,209161,99158,56370,134184,253417,33946,24716
gold,2022-12-06,2022-12-09,422100,211472,96347,55265,117578,247657,37785,22831
gold,2022-12-13,2022-12-16,437040,224409,98760,55414,119908,258437,37309,24429
gold,2022-12-20,2022-12-23,436653,226136,97288,55356,116465,258979,38696,25030
gold,2022-12-27,2022-12-30,440040,229525,92645,54347,116744,270520,39424,22528
gold,2023-01-03,2023-01-06,449393,230801,89135,62735,113520,273494,42337,24029
gold,2023-01-10,2023-01-13,481519,243566,93031,79862,111718,284196,46373,24430
gold,2023-01-17,2023-01-20,491818,246874,93634,74002,122814,298727,48128,25455
gold,2023-01-24,2023-01-27,499927,253311,95638,71317,127419,307973,47880,24999
gold,2023-01-31,2023-02-03,471642,256417,96136,51094,120147,300667,43984,23745
gold,2023-02-07,2023-02-10,439755,223298,94483,49579,118802,271768,48076,23925
gold,2023-02-14,2023-02-17,426116,210374,104845,49486,120812,249884,45444,21901
gold,2023-02-21,2023-02-24,422648,210185,103084,49467,119040,248395,43956,21702
gold,2023-02-28,2023-03-03,426890,208419,99826,53122,123391,250878,41958,23064
gold,2023-03-07,2023-03-10,458474,215574,117100,73866,125394,244314,43640,23194
gold,2023-03-14,2023-03-17,459064,230823,90492,63989,122457,277897,41795,26686
gold,2023-03-21,2023-03-24,469874,237891,79286,62681,121678,305246,47624,22661
gold,2023-03-28,2023-03-31,478611,245135,63505,54302,131786,333294,47388,27510
gold,2023-04-04,2023-04-07,476592,266164,70948,44819,116869,335119,48740,25706
gold,2023-04-11,2023-04-14,476567,260165,67420,47590,119710,336258,49102,25299
gold,2023-04-18,2023-04-21,482254,260061,70168,48050,123496,339921,50647,24115
gold,2023-04-25,2023-04-28,473209,253186,67922,44457,124518,336446,51048,24384
gold,2023-05-02,2023-05-05,493804,262413,66846,56438,127451,345035,47502,25485
gold,2023-05-09,2023-05-12,518951,266472,70658,69482,130985,353500,52012,25311
gold,2023-05-16,2023-05-19,521832,255250,75436,73408,138322,349879,54852,23109
gold,2023-05-23,2023-05-26,479080,236149,75417,50620,142984,330007,49327,23036
gold,2023-05-30,2023-06-02,449515,237306,67990,35269,133329,323334,43611,22922
gold,2023-06-06,2023-06-09,436301,237467,61826,34876,116363,314550,47595,25049
gold,2023-06-13,2023-06-16,432898,227317,67108,36167,120461,306523,48953,23100
gold,2023-06-20,2023-06-23,438037,229308,66333,39908,121419,307956,47402,23840
gold,2023-06-27,2023-06-30,431861,220881,68971,43884,119054,294389,48042,24617
gold,2023-07-03,2023-07-07,448063,235081,71984,52587,114905,299622,45490,23870
gold,2023-07-11,2023-07-14,483170,240546,74792,81216,114790,302539,46618,24623
gold,2023-07-18,2023-07-21,482104,263740,70392,57082,115498,329213,45784,25417
gold,2023-07-25,2023-07-28,476176,248229,74590,55156,125491,323701,47300,22729
gold,2023-08-01,2023-08-04,439383,238985,74061,39534,117610,304455,43254,21333
gold,2023-08-08,2023-08-11,427759,228846,85861,40027,113890,281444,44996,20427
gold,2023-08-15,2023-08-18,433611,233078,111942,40134,116062,257992,44337,23543
gold,2023-08-22,2023-08-25,430239,226340,124394,40941,117646,238682,45312,26222
gold,2023-08-29,2023-09-01,442806,236054,112782,44853,118132,258726,43767,26445
gold,2023-09-05,2023-09-08,438672,235802,97796,45448,111456,269695,45966,25733
gold,2023-09-12,2023-09-15,441221,235704,111840,45715,113062,257872,46740,25794
gold,2023-09-19,2023-09-22,438078,237716,102553,46427,110014,262946,43921,26152
gold,2023-09-26,2023-09-29,435620,235560,119745,44003,110844,245680,45213,26192
gold,2023-10-03,2023-10-06,431226,228406,137180,46898,110666,222648,45256,24500
gold,2023-10-10,2023-10-13,436499,220332,148899,50356,121341,211769,44470,25475
gold,2023-10-17,2023-10-20,439581,231412,118674,57244,110062,238061,40863,25602
gold,2023-10-24,2023-10-27,463476,251469,102084,63698,106180,272053,42129,25641
gold,2023-10-31,2023-11-03,475808,261053,97628,63992,105971,288678,44792,25510
gold,2023-11-07,2023-11-10,484347,261653,95437,66559,110651,296742,45484,25609
gold,2023-11-14,2023-11-17,486634,254352,98976,76145,110728,287747,45409,23766
gold,2023-11-21,2023-11-24,508429,269701,97996,78832,115937,306172,43959,25429
gold,2023-11-28,2023-12-01,505658,289845,89761,54567,115596,334188,45650,27142
gold,2023-12-05,2023-12-08,487469,288840,85296,47953,103193,330138,47483,24082
gold,2023-12-12,2023-12-15,469939,273536,85303,44236,105710,318518,46457,21882
gold,2023-12-19,2023-12-22,481203,280972,79633,46653,105559,332617,48019,22300
gold,2023-12-26,2023-12-29,491343,289843,82125,47513,105951,338296,48036,23409
gold,2024-01-02,2024-01-05,500364,290706,83057,51654,108804,344282,49200,21371
gold,2024-01-09,2024-01-12,489849,271665,83051,61121,106489,324190,50574,21487
gold,2024-01-16,2024-01-19,489334,262360,82467,68047,109287,316707,49640,22113
gold,2024-01-23,2024-01-26,465872,241100,71626,66034,113094,305187,45644,23025
gold,2024-01-30,2024-02-02,430328,219222,71431,48217,117525,288043,45364,22637
gold,2024-02-06,2024-02-09,419121,228623,66885,44291,104344,284585,41863,23360
gold,2024-02-13,2024-02-16,420812,217505,86337,49550,109529,262509,44228,22416
gold,2024-02-20,2024-02-23,407063,211034,70772,47764,106419,265830,41846,22697
gold,2024-02-27,2024-03-01,411195,214948,73312,48872,108432,266784,38943,22227
gold,2024-03-05,2024-03-08,471616,264148,72855,58663,104023,310815,44782,29283
gold,2024-03-12,2024-03-15,516057,283062,81460,55571,129432,347705,47992,31321
gold,2024-03-19,2024-03-22,535047,278732,77130,69082,138102,355632,49131,33203
gold,2024-03-26,2024-03-29,503642,265647,66353,48217,141774,360114,48004,28958
gold,2024-04-02,2024-04-05,500045,281399,74149,42601,127114,352828,48931,30467
gold,2024-04-09,2024-04-12,505214,279799,77380,45762,128094,352676,51559,29396
gold,2024-04-16,2024-04-19,517193,278777,76854,55487,132684,355442,50245,29410
gold,2024-04-23,2024-04-26,516249,279535,76644,58717,129083,355955,48914,24933
gold,2024-04-30,2024-05-03,519791,278850,74640,63742,126925,354423,50274,26986
gold,2024-05-07,2024-05-10,529835,272144,72577,78091,124899,352165,54701,27002
gold,2024-05-14,2024-05-17,522952,277642,73146,59094,133583,365693,52633,25019
gold,2024-05-21,2024-05-24,530591,300729,70923,56084,118514,377177,55264,26407
gold,2024-05-28,2024-05-31,485430,286737,50152,37984,109181,370131,51528,27163
gold,2024-06-04,2024-06-07,447488,284566,47264,29697,83418,349349,49807,21178
gold,2024-06-11,2024-06-14,436857,276769,42843,27603,82174,342685,50311,23726
gold,2024-06-18,2024-06-21,444345,287147,44063,26099,83440,351170,47659,23013
gold,2024-06-25,2024-06-28,452190,284885,38656,32318,86551,358039,48436,23177
gold,2024-07-02,2024-07-05,454730,280117,38574,40014,86905,351704,47694,24438
gold,2024-07-09,2024-07-12,516324,303043,48268,69751,92907,373536,50623,24769
gold,2024-07-16,2024-07-19,579862,349827,64803,66180,110041,419345,53814,29534
gold,2024-07-23,2024-07-26,572306,341600,68526,74764,102237,403162,53705,25854
gold,2024-07-30,2024-08-02,510914,313364,66763,48604,99015,371872,49931,23675
gold,2024-08-06,2024-08-09,480645,298119,59370,42879,88442,357476,51205,20920
gold,2024-08-13,2024-08-16,505872,328769,61505,38402,88313,380815,50388,25150
gold,2024-08-20,2024-08-23,532867,355551,64298,38166,86232,402738,52918,27665
gold,2024-08-27,2024-08-30,521759,343330,48885,38638,85102,407421,54689,26815
gold,2024-09-03,2024-09-06,511136,339157,51599,40365,80416,392303,51198,26869
gold,2024-09-10,2024-09-13,511501,340006,57505,42326,78232,385131,50937,26539
gold,2024-09-17,2024-09-20,537627,369734,59668,40270,74647,409774,52976,27915
gold,2024-09-24,2024-09-27,564640,387572,72182,46911,76713,416419,53444,29128
gold,2024-10-01,2024-10-04,533107,370051,70120,42766,67099,394623,53191,25598
gold,2024-10-08,2024-10-11,520316,348891,70711,51028,68957,372933,51440,25644
gold,2024-10-15,2024-10-18,541232,357494,71060,63220,70028,382686,50490,24266
gold,2024-10-22,2024-10-25,573760,371813,75609,81488,66245,390946,54214,25717
gold,2024-10-29,2024-11-01,579468,366636,87983,90465,68935,372606,53432,28414
gold,2024-11-05,2024-11-08,558034,336816,81487,95294,73287,356346,52637,24907
gold,2024-11-12,2024-11-15,535981,316225,79774,87571,75347,340929,56838,27707
gold,2024-11-19,2024-11-22,502952,309354,74987,67718,73459,335781,52421,24466
gold,2024-11-26,2024-11-29,472660,303401,53063,50308,72377,344897,46574,24392
gold,2024-12-03,2024-12-06,462040,307611,47875,42841,63251,349526,48337,21798
gold,2024-12-10,2024-12-13,483346,324332,48746,46541,66025,362896,46448,25163
gold,2024-12-17,2024-12-20,466571,302978,40937,54193,61012,346245,48388,25196
gold,2024-12-24,2024-12-27,454646,289416,41787,59281,58136,331472,47813,22106
gold,2024-12-31,2025-01-03,458584,282907,35628,67921,60399,331695,47357,23340
gold,2025-01-07,2025-01-10,477043,291721,36810,75074,62674,341320,47574,23839
gold,2025-01-14,2025-01-17,526467,312568,33205,73574,92075,394527,48250,25161
gold,2025-01-21,2025-01-24,571387,337289,36505,88344,95116,421724,50638,24814
gold,2025-01-28,2025-01-31,577505,338371,38962,79876,110034,433756,49224,24911
gold,2025-02-04,2025-02-07,542004,356500,53992,61604,74378,402553,49522,23855
gold,2025-02-11,2025-02-14,528719,343766,59262,62822,72622,382510,49509,24125
gold,2025-02-18,2025-02-21,522330,334043,65369,65012,72393,368464,50882,23485
gold,2025-02-25,2025-02-28,512179,316948,55323,74632,71796,359896,48803,22328
gold,2025-03-04,2025-03-07,489270,303132,59871,70823,65713,336828,49602,21748
gold,2025-03-11,2025-03-14,511276,296172,60072,76812,84545,349733,53747,24659
gold,2025-03-18,2025-03-21,533566,321654,63722,67522,91549,376717,52841,25605
gold,2025-03-25,2025-03-28,511482,316572,66776,55220,86838,365436,52852,24050
gold,2025-04-01,2025-04-04,498746,327936,89502,51247,68875,333936,50688,24061
gold,2025-04-08,2025-04-11,445468,269833,69118,55935,69214,301397,50486,19018
gold,2025-04-15,2025-04-18,456628,271707,69497,63004,70568,302480,51349,21647
gold,2025-04-22,2025-04-25,465351,258896,83518,64423,91128,293396,50904,24014
gold,2025-04-29,2025-05-02,451868,240377,77059,68029,92787,283548,50675,23232
gold,2025-05-06,2025-05-09,452414,237445,74948,75093,87244,279347,52632,23026
gold,2025-05-13,2025-05-16,440842,238191,76982,62669,88412,279619,51570,21572
gold,2025-05-20,2025-05-23,448000,238062,74081,65629,90256,287904,54053,20386
gold,2025-05-27,2025-05-30,437538,234087,59903,59401,87509,295096,56541,23138
gold,2025-06-03,2025-06-06,415941,246982,59077,46058,70905,291731,51996,19075
gold,2025-06-10,2025-06-13,417143,245995,58514,48708,68432,291150,54008,18771
gold,2025-06-17,2025-06-20,441214,260586,59938,53104,71684,309411,55840,18761
gold,2025-06-24,2025-06-27,434958,256077,61073,50549,73323,303883,55009,19453
gold,2025-07-01,2025-07-04,437662,258631,56651,56887,68820,304889,53324,19235
gold,2025-07-08,2025-07-11,443144,261685,58717,53293,71875,310229,56291,20905
gold,2025-07-15,2025-07-18,448531,270227,57112,45339,75989,326677,56976,19403
gold,2025-07-22,2025-07-25,489423,311949,58911,46696,76726,359063,54052,24753
gold,2025-07-29,2025-08-01,445259,281241,57645,31709,79093,338172,53216,17733
gold,2025-08-05,2025-08-08,449647,292194,55144,30781,74075,344221,52597,19501
gold,2025-08-12,2025-08-15,446152,288115,58630,40954,63427,326492,53656,20076
gold,2025-08-19,2025-08-22,438541,275277,62687,40496,66670,316635,56098,18723
gold,2025-08-26,2025-08-29,443760,275767,61456,38373,72908,323873,56712,20058
gold,2025-09-02,2025-09-05,492908,315796,66266,46558,73919,347817,56635,32267
gold,2025-09-09,2025-09-12,509625,324875,63135,51910,73850,347225,58990,47355
gold,2025-09-16,2025-09-19,516221,326778,60368,50704,77867,380238,60872,24911
gold,2025-09-23,2025-09-26,528789,332808,66059,55327,82971,381374,57683,26029
gold,2025-09-30,2025-10-03,493748,318804,65896,48548,68872,357108,57524,22196
gold,2025-10-07,2025-10-10,485559,300798,68842,50588,77599,341371,56574,24758
gold,2025-10-14,2025-10-17,485788,278405,74489,56097,92027,328894,59259,26308
gold,2025-10-21,2025-10-24,472421,253851,77242,54802,107847,317964,55921,22413
gold,2025-10-28,2025-10-31,457122,266308,61644,48419,89653,326680,52742,20379
gold,2025-11-04,2025-11-07,450399,256572,54265,51811,88355,324897,53661,19426
gold,2025-11-10,2025-11-14,459997,265916,58847,50263,87076,331899,56742,18988
gold,2025-11-18,2025-11-21,471953,269556,59217,51157,97001,342586,54239,18993
gold,2025-11-25,2025-11-28,432946,253266,48678,43250,82657,324060,53773,16958
gold,2025-12-02,2025-12-05,418490,261331,43771,41200,60147,315495,55812,18024
gold,2025-12-09,2025-12-12,432569,268485,44599,44892,63707,326286,55485,16792
gold,2025-12-16,2025-12-19,471093,280920,46942,56723,74655,349013,58795,18415
gold,2025-12-23,2025-12-26,492103,290161,49461,63839,75835,359361,62268,19442
gold,2025-12-30,2026-01-02,481866,275592,44419,63803,82254,357500,60217,16144
gold,2026-01-06,2026-01-09,488116,274435,46803,73345,80218,352253,60118,15715
gold,2026-01-13,2026-01-16,527455,296183,44945,81670,83382,380488,66220,20352
gold,2026-01-20,2026-01-23,528004,295772,51002,84227,85869,375558,62136,17217
gold,2026-01-27,2026-01-30,488463,252100,46704,77486,96200,344485,62677,19788
gold,2026-02-03,2026-02-06,409694,214508,48904,50612,87964,295742,56610,14436
gold,2026-02-10,2026-02-13,404391,212808,52796,49929,88738,286476,52916,15190
gold,2026-02-17,2026-02-20,407078,213432,53517,53588,88237,285019,51821,14954
gold,2026-02-24,2026-02-27,420182,211649,52472,54563,86198,287004,67772,26143
gold,2026-03-03,2026-03-06,409789,213752,53607,56077,84834,285417,55126,14688
gold,2026-03-10,2026-03-13,413956,215445,52313,59807,85280,288256,53424,13580
gold,2026-03-17,2026-03-20,411388,215961,56092,56330,86184,284832,52913,14134
gold,2026-03-24,2026-03-27,403925,220861,52534,56794,76997,280825,49273,13772
gold,2026-03-31,2026-04-03,361409,207602,44400,44493,58697,260337,50617,12179
gold,2026-04-07,2026-04-10,354877,205368,49063,42663,57729,251480,49117,11671
gold,2026-04-14,2026-04-17,362274,210009,47483,44940,55757,256839,51568,13012
gold,2026-04-21,2026-04-24,365842,212893,48887,44465,56261,259201,52223,13289
gold,2026-04-28,2026-05-01,369530,211818,52247,47879,60553,255366,49280,14038
gold,2026-05-05,2026-05-08,367932,211814,48511,48636,58230,257165,49252,13620
gold,2026-05-12,2026-05-15,376496,219793,48171,49027,57725,267983,49951,11315
gold,2026-05-19,2026-05-22,379325,211018,51185,51705,69520,261149,47082,15286
gold,2026-05-26,2026-05-29,353489,200704,46444,30995,74641,260407,47149,15643
gold,2026-06-02,2026-06-05,326052,206096,30076,22449,53851,260196,43656,13331
gold,2026-06-09,2026-06-12,332709,207984,34147,22848,58986,260022,42891,15692
gold,2026-06-16,2026-06-19,339330,211127,30907,26017,58220,265783,43966,16623
gold,2026-06-23,2026-06-26,352167,217028,35689,31295,64579,269983,39265,15200
gold,2026-06-30,2026-07-03,369541,229619,35600,31769,59118,280188,49035,21984
gold,2026-07-07,2026-07-10,371776,233713,39467,32863,59564,281846,45636,17600
gold,2026-07-14,2026-07-17,383689,227310,40628,32321,79639,294427,44419,16313
gold,2026-07-21,2026-07-24,383368,224785,40875,31983,80457,293656,46143,16854
gold,2026-07-28,2026-07-31,384603,219622,37552,28137,75460,287769,61384,31145
silver,1986-01-15,1986-01-17,82722,11687,7480,3624,34323,57215,33088,14403
silver,1986-01-31,1986-01-31,81949,10702,5664,3968,31867,58330,35412,13987
silver,1986-02-14,1986-02-14,82008,9113,7091,4890,32173,53506,35832,16521
silver,1986-02-28,1986-02-28,79008,10355,10555,7268,28492,43021,32893,18164
silver,1986-03-14,1986-03-14,74066,8740,7771,7003,25972,43243,32351,16049
silver,1986-03-31,1986-04-04,78406,8990,10443,7622,27390,43253,34404,17088
silver,1986-04-15,1986-04-18,79567,12005,8955,6290,29117,46343,32155,17979
silver,1986-04-30,1986-05-02,73868,7526,7486,8333,26849,41377,31160,16672
silver,1986-05-15,1986-05-16,73890,7598,8493,8101,28687,42068,29504,15228
silver,1986-05-30,1986-05-30,75216,10377,7920,7122,27548,44963,30169,15211
silver,1986-06-13,1986-06-13,74855,12768,7637,5395,26198,48111,30494,13712
silver,1986-06-30,1986-07-04,64478,5425,6399,5071,23455,37390,30527,15618
silver,1986-07-15,1986-07-18,65294,4965,7341,4501,25286,39989,30542,13463
silver,1986-07-31,1986-08-01,71238,7086,6131,4955,28170,47415,31027,12737
silver,1986-08-15,1986-08-15,77588,11302,3289,5264,28769,57473,32253,11562
silver,1986-08-29,1986-08-29,67835,9953,3424,4369,22803,47385,30710,12657
silver,1986-09-15,1986-09-19,87271,16365,4913,4384,30527,60532,35995,17442
silver,1986-09-30,1986-10-03,73895,12097,4808,4636,24420,50017,32742,14434
silver,1986-10-15,1986-10-17,84548,12235,4559,3951,34310,59637,34052,16401
silver,1986-10-31,1986-10-31,89998,13490,4438,5303,35952,64694,35253,15563
silver,1986-11-14,1986-11-14,98214,13833,5501,6667,37460,68252,40254,17794
silver,1986-11-28,1986-11-28,90952,8485,3951,9294,37768,62441,35405,15266
silver,1986-12-15,1986-12-19,89252,8741,3326,8441,37890,62479,34180,15006
silver,1986-12-31,1987-01-02,89822,8638,4693,8367,38363,62183,34454,14579
silver,1987-01-15,1987-01-16,93470,9986,3672,7344,40135,68968,36005,13486
silver,1987-01-30,1987-01-30,95672,10122,3729,6724,42118,70880,36708,14339
silver,1987-02-13,1987-02-13,94609,8984,4243,6818,46162,69150,32645,14398
silver,1987-02-27,1987-02-27,89438,9873,6561,4538,42742,66283,32285,12056
silver,1987-03-13,1987-03-13,92735,12775,5539,7204,38289,65609,34467,14383
silver,1987-03-31,1987-04-03,100751,19625,6973,7220,31384,69890,42522,16668
silver,1987-04-15,1987-04-17,111131,20923,8692,6782,34507,69555,48919,26102
silver,1987-04-30,1987-05-01,108882,15262,6519,9632,36283,63208,47705,29523
silver,1987-05-15,1987-05-15,99902,19916,6627,6272,33818,64167,39896,22836
silver,1987-05-29,1987-05-29,93803,11438,6578,5530,32023,58455,44812,23240
silver,1987-06-15,1987-06-19,92473,13384,3864,4959,32380,61055,41750,22595
silver,1987-06-30,1987-07-03,80745,13283,4697,2557,27576,51143,37329,22348
silver,1987-07-15,1987-07-17,83105,15011,5487,2660,28036,53759,37398,21199
silver,1987-07-31,1987-07-31,88277,17923,5983,2910,33269,64885,34175,14499
silver,1987-08-14,1987-08-14,86311,12014,5684,2794,36426,60682,35077,17151
silver,1987-08-31,1987-09-04,82360,9894,8965,2273,33997,57011,36196,14111
silver,1987-09-15,1987-09-18,80424,12743,7153,1926,31096,58153,34659,13192
silver,1987-09-30,1987-10-02,78573,9740,5956,1497,34166,57225,33170,13895
silver,1987-10-15,1987-10-16,86803,10543,5206,2153,36672,64754,37435,14690
silver,1987-10-30,1987-10-30,82890,9794,6055,4517,36242,55567,32337,16751
silver,1987-11-13,1987-11-13,78897,8154,5029,5121,34976,53524,30646,15223
silver,1987-11-30,1987-12-04,71169,7029,4308,4697,30265,48132,29178,14032
silver,1987-12-15,1987-12-18,71447,8767,4567,4136,29126,48025,29418,14719
silver,1987-12-31,1988-01-01,74233,7244,4499,4785,35230,50738,26974,14211
silver,1988-01-15,1988-01-15,77166,8337,4852,4778,34665,52959,29386,14577
silver,1988-01-29,1988-01-29,79470,7767,6428,4403,37526,52592,29774,16047
silver,1988-02-12,1988-02-12,80621,6719,7385,4335,36660,52753,32907,16148
silver,1988-02-29,1988-03-04,71002,9124,6019,3853,30107,45706,27918,15424
silver,1988-03-15,1988-03-18,67760,8042,4761,2269,27882,46009,29567,14721
silver,1988-03-31,1988-04-01,68708,14472,4154,954,19686,50555,33596,13045
silver,1988-04-15,1988-04-15,65254,8005,5184,2113,19605,43657,35531,14300
silver,1988-04-29,1988-04-29,62356,8187,4149,1854,22823,42934,29492,13419
silver,1988-05-13,1988-05-13,69826,9568,4984,1471,26663,52347,32124,11024
silver,1988-05-31,1988-06-03,71083,11371,4968,1915,24909,53366,32888,10834
silver,1988-06-15,1988-06-17,81946,15304,5065,951,26759,61343,38932,14587
silver,1988-06-30,1988-07-01,79431,12945,4251,2491,28918,58325,35077,14364
silver,1988-07-15,1988-07-15,86951,21107,5705,1436,25284,66391,39124,13419
silver,1988-07-29,1988-07-29,83956,13803,5459,651,27637,63111,41865,14735
silver,1988-08-15,1988-08-19,81975,9494,5956,1080,28994,59128,42407,15811
silver,1988-08-31,1988-09-02,76870,7866,5179,1970,27288,55110,39746,14611
silver,1988-09-15,1988-09-16,84791,8573,5296,1525,34266,63710,40427,14260
silver,1988-09-30,1988-09-30,81903,7371,5538,1992,31312,55899,41228,18474
silver,1988-10-14,1988-10-14,86088,10886,5651,4053,29384,61291,41765,15093
silver,1988-10-31,1988-11-04,86090,9320,4116,4962,31080,63967,40728,13045
silver,1988-11-15,1988-11-18,89952,10628,4505,5192,31853,67196,42279,13059
silver,1988-11-30,1988-12-02,91104,10572,11505,5108,36953,55842,38471,18649
silver,1988-12-15,1988-12-16,90557,12242,10341,4734,34992,59978,38589,15504
silver,1988-12-30,1988-12-30,93990,12815,11186,4476,33060,59647,43639,18681
silver,1989-01-13,1989-01-13,92768,11392,12664,5736,33871,58565,41769,15803
silver,1989-01-31,1989-02-03,94178,13385,10332,4720,31517,62619,44556,16507
silver,1989-02-15,1989-02-17,96665,13333,9376,5011,33746,65364,44575,16914
silver,1989-02-28,1989-03-03,91910,14201,8555,6776,30420,61108,40513,15471
silver,1989-03-15,1989-03-17,91484,20438,4602,4948,26394,68291,39704,13643
silver,1989-03-31,1989-03-31,97317,19375,11191,4877,29989,64404,43076,16845
silver,1989-04-14,1989-04-14,101606,19359,10651,4700,32084,68073,45463,18182
silver,1989-04-28,1989-04-28,93849,17135,11074,5466,28347,57547,42901,19762
silver,1989-05-15,1989-05-19,93496,17893,13792,5338,25885,56091,44380,18275
silver,1989-05-31,1989-06-02,87166,15244,9429,4740,23623,54161,43559,18836
silver,1989-06-15,1989-06-16,87582,12541,7496,6671,22036,55399,46334,18016
silver,1989-06-30,1989-06-30,85789,11267,9083,6673,25284,51582,42565,18451
silver,1989-07-14,1989-07-14,82030,10808,7778,6088,23642,51790,41492,16374
silver,1989-07-31,1989-08-04,88352,12565,12069,5565,28107,53834,42115,16884
silver,1989-08-15,1989-08-18,87521,12261,10879,5376,26190,55032,43694,16234
silver,1989-08-31,1989-09-01,84012,13863,13822,5368,23140,47993,41641,16829
silver,1989-09-15,1989-09-15,84173,15299,14669,4235,21387,49861,43252,15408
silver,1989-09-29,1989-09-29,88111,17540,7600,4883,20302,60369,45386,15259
silver,1989-10-13,1989-10-13,87867,16530,12773,4098,21269,55453,45970,15543
silver,1989-10-31,1989-11-03,88762,16866,8308,3430,22879,63055,45587,13969
silver,1989-11-15,1989-11-17,89216,20754,2214,4592,18842,67444,45028,14966
silver,1989-11-30,1989-12-01,90479,27449,2564,4045,17335,66646,41650,17224
silver,1989-12-15,1989-12-15,94383,26513,3309,4532,20440,73029,42898,13513
silver,1989-12-29,1989-12-29,94843,17180,4373,5178,27889,67843,44596,17449
silver,1990-01-15,1990-01-19,95260,17366,6257,5476,28626,68136,43792,15391
silver,1990-01-31,1990-02-02,92892,16038,7111,6822,24518,63503,45514,15456
silver,1990-02-15,1990-02-16,91942,19825,4687,7960,19381,65158,44776,14137
silver,1990-02-28,1990-03-02,95314,19165,10279,9089,19647,57966,47413,17980
silver,1990-03-15,1990-03-16,96786,20497,13001,9562,18373,58625,48354,15598
silver,1990-03-30,1990-03-30,98752,19698,12453,9147,19680,59989,50227,17163
silver,1990-04-12,1990-04-13,92661,20310,8016,7580,15972,64213,48799,12852
silver,1990-04-30,1990-05-04,96543,19264,12738,9156,19598,56529,48525,18120
silver,1990-05-15,1990-05-18,94790,20451,11678,8460,17314,60770,48565,13882
silver,1990-05-31,1990-06-01,97589,25058,2232,8570,17797,73547,46164,13240
silver,1990-06-15,1990-06-15,110675,19336,12995,9445,23527,68685,58367,19550
silver,1990-06-29,1990-06-29,102356,23020,13259,6875,19936,64919,52525,17303
silver,1990-07-13,1990-07-13,98270,22927,11689,7317,17593,65180,50433,14084
silver,1990-07-31,1990-08-03,100192,19957,14596,7510,18227,63860,54498,14226
silver,1990-08-15,1990-08-17,101135,20153,3391,7270,19353,73733,54359,16741
silver,1990-08-31,1990-08-31,93504,16602,8976,7261,20913,64548,48728,12719
silver,1990-09-14,1990-09-14,91407,16862,10086,7927,19331,63159,47287,10235
silver,1990-09-28,1990-09-28,91807,17221,8559,7643,17814,64691,49129,10914
silver,1990-10-15,1990-10-19,91155,18328,9178,6848,17968,59887,48011,15242
silver,1990-10-31,1990-11-02,89414,19860,9393,7041,19538,59054,42975,13926
silver,1990-11-15,1990-11-16,84858,15257,6741,5701,19136,57458,44764,14958
silver,1990-11-30,1990-11-30,73707,16617,6680,2890,16353,49173,37847,14964
silver,1990-12-14,1990-12-14,82613,17426,9879,5506,20706,53625,38975,13603
silver,1990-12-31,1991-01-04,84343,17508,4098,4729,22319,62592,39787,12924
silver,1991-01-15,1991-01-18,92239,19645,6592,8643,21372,63752,42579,13252
silver,1991-01-31,1991-02-01,89726,17231,9362,6754,24290,59446,41451,14164
silver,1991-02-15,1991-02-15,102137,21931,8736,11674,28384,66803,40148,14924
silver,1991-02-28,1991-03-01,96613,21650,8553,12351,23381,59423,39231,16286
silver,1991-03-15,1991-03-15,99760,29042,2880,5450,26245,77556,39023,13874
silver,1991-03-28,1991-03-29,105335,27461,4248,4211,33433,81914,40230,14962
silver,1991-04-15,1991-04-19,98063,22744,3183,4683,31227,78550,39409,11647
silver,1991-04-30,1991-05-03,95163,23134,4830,5420,26978,72686,39631,12227
silver,1991-05-15,1991-05-17,95414,24657,3851,3857,26469,76317,40431,11389
silver,1991-05-31,1991-05-31,98889,24583,7249,3743,28298,74323,42265,13574
silver,1991-06-14,1991-06-14,108901,29982,2224,3765,27660,84178,47494,18734
silver,1991-06-28,1991-06-28,97162,29693,1823,2878,21789,79443,42802,13018
silver,1991-07-15,1991-07-19,97616,27926,4474,2944,23653,76157,43093,14041
silver,1991-07-31,1991-08-02,96529,20487,12187,3035,31991,66892,41016,14415
silver,1991-08-15,1991-08-16,96182,18460,17010,2894,33259,57962,41569,18316
silver,1991-08-30,1991-08-30,87980,19447,18416,3025,29368,51091,36140,15448
silver,1991-09-16,1991-09-20,86917,24077,14322,2612,23557,55501,36671,14482
silver,1991-09-30,1991-10-04,86818,24676,5901,2098,22961,67537,37083,11282
silver,1991-10-15,1991-10-18,90476,23108,7294,3982,26291,68324,37095,10876
silver,1991-10-31,1991-11-01,93747,23464,5719,3786,27546,73319,38951,10923
silver,1991-11-15,1991-11-15,89210,19832,10699,4583,24628,59991,40167,13937
silver,1991-11-29,1991-11-29,81040,18943,7906,4721,24144,58600,33232,9813
silver,1991-12-13,1991-12-13,96584,17215,23459,5165,35701,53182,38503,14778
silver,1991-12-31,1992-01-03,96843,18786,19802,5194,37612,58298,35251,13549
silver,1992-01-15,1992-01-17,98251,24533,10827,3579,33330,71671,36809,12174
silver,1992-01-31,1992-01-31,96343,27954,5828,2933,29663,75882,35793,11700
silver,1992-02-14,1992-02-14,94260,27420,5890,3465,27564,69286,35811,15619
silver,1992-02-28,1992-02-28,87607,25195,5989,3863,26913,64262,31636,13493
silver,1992-03-13,1992-03-13,87719,24606,6020,4267,27588,66381,31258,11051
silver,1992-03-31,1992-04-03,90245,27195,4661,4865,24810,68966,33375,11753
silver,1992-04-15,1992-04-17,96449,21324,10549,6667,34397,64490,34061,14743
silver,1992-04-30,1992-05-01,94565,23837,16537,6114,31303,57922,33311,13992
silver,1992-05-15,1992-05-15,85822,22686,7604,5657,22606,61361,34873,11200
silver,1992-05-29,1992-05-29,86029,22062,8321,4683,25698,61519,33586,11506
silver,1992-06-15,1992-06-19,84018,22793,5381,4206,21932,61983,35087,12448
silver,1992-06-30,1992-07-03,80383,20216,14043,2641,22474,51959,35052,11740
silver,1992-07-15,1992-07-17,81509,20994,13432,2532,19898,53044,38085,12501
silver,1992-07-31,1992-07-31,80767,20609,11364,2335,20002,53274,37821,13794
silver,1992-08-14,1992-08-14,83052,18372,15123,1924,22223,50005,40533,16000
silver,1992-08-31,1992-09-04,79526,20183,12992,2296,22374,50408,34673,13830
silver,1992-09-15,1992-09-18,72642,17395,6254,2128,19357,52670,33762,11590
silver,1992-09-30,1992-10-02,71889,18449,6896,2037,18447,52378,32956,10578
silver,1992-10-06,1992-10-09,71249,18538,7333,2018,17971,51042,32722,10856
silver,1992-10-13,1992-10-16,70054,18799,7304,2091,15518,48815,33646,11844
silver,1992-10-20,1992-10-23,73618,19438,6818,2059,16902,53257,35219,11484
silver,1992-10-27,1992-10-30,73045,20059,5916,2059,16438,54524,34489,10546
silver,1992-11-03,1992-11-06,73513,20605,5363,2176,15360,56108,35372,9866
silver,1992-11-10,1992-11-13,80667,22417,5220,2422,16575,58437,39253,14588
silver,1992-11-17,1992-11-20,76501,19292,4273,2628,17992,56970,36589,12630
silver,1992-11-24,1992-11-27,75530,19597,4547,2595,18076,56164,35262,12224
silver,1992-12-01,1992-12-04,71438,19225,3947,2680,17027,54410,32506,10401
silver,1992-12-08,1992-12-11,70866,18530,3947,2675,16728,54238,32933,10006
silver,1992-12-15,1992-12-18,71331,18533,5410,2826,17343,52661,32629,10434
silver,1992-12-22,1992-12-25,71986,19206,4756,3134,16099,53803,33547,10293
silver,1992-12-29,1993-01-01,75202,17683,7492,3134,18944,52389,35441,12187
silver,1993-01-05,1993-01-08,77640,17494,9198,3276,21649,53633,35221,11533
silver,1993-01-12,1993-01-15,79540,16665,6629,2461,23717,59652,36697,10798
silver,1993-01-19,1993-01-22,81358,17367,5350,2722,24484,62622,36785,10664
silver,1993-01-26,1993-01-29,80602,19557,3412,2682,22386,64289,35977,10219
silver,1993-02-02,1993-02-05,79200,18064,5225,3266,21392,60309,36478,10400
silver,1993-02-09,1993-02-12,80481,18480,5406,3658,21458,60074,36885,11343
silver,1993-02-16,1993-02-19,83013,17855,2831,3801,22636,65867,38721,10514
silver,1993-02-23,1993-02-26,96768,17134,15863,4084,34267,62037,41283,14784
silver,1993-03-02,1993-03-05,88353,18468,15709,4376,28654,55407,36855,12861
silver,1993-03-09,1993-03-12,88224,17497,15289,4391,27544,55201,38792,13343
silver,1993-03-16,1993-03-19,82860,18086,7529,4097,23704,59800,36973,11434
silver,1993-03-23,1993-03-26,84475,19933,7697,4090,23743,61272,36709,11416
silver,1993-03-30,1993-04-02,92679,30367,3111,3740,19694,72829,38878,12999
silver,1993-04-06,1993-04-09,96947,37132,2905,3033,15841,76413,40941,14596
silver,1993-04-13,1993-04-16,95518,34734,1562,3374,16127,76382,41283,14200
silver,1993-04-20,1993-04-23,98978,34580,2218,3178,19681,79051,41539,14531
silver,1993-04-27,1993-04-30,109531,36714,2676,3386,21676,83429,47755,20040
silver,1993-05-04,1993-05-07,104252,34985,5091,3715,21195,78339,44357,17107
silver,1993-05-11,1993-05-14,104248,34921,5249,3960,20595,79726,44772,15313
silver,1993-05-18,1993-05-21,107217,33558,4895,5425,20384,80456,47850,16441
silver,1993-05-25,1993-05-28,107080,32697,5429,5607,21390,80496,47386,15548
silver,1993-06-01,1993-06-04,107638,30799,6808,6106,23662,77805,47071,16919
silver,1993-06-08,1993-06-11,103993,27774,5478,6092,25413,75531,44714,16892
silver,1993-06-15,1993-06-18,99004,23262,4439,4988,29286,74539,41468,15038
silver,1993-06-22,1993-06-25,101769,25541,7540,4892,28235,72608,43101,16729
silver,1993-06-29,1993-07-02,102978,26676,1925,5636,27478,79905,43188,15512
silver,1993-07-06,1993-07-09,103506,31980,5071,6453,19622,76523,45451,15459
silver,1993-07-13,1993-07-16,108242,35703,5491,5934,19804,79888,46801,16929
silver,1993-07-20,1993-07-23,108548,34079,6452,5986,21316,80226,47167,15884
silver,1993-07-27,1993-07-30,106962,34677,6753,5636,21806,77689,44843,16884
silver,1993-08-03,1993-08-06,114900,37152,7940,5474,22403,82702,49871,18784
silver,1993-08-10,1993-08-13,107703,31158,7567,5933,29806,77793,40806,16410
silver,1993-08-17,1993-08-20,106813,29503,4240,5193,32542,79680,39575,17700
silver,1993-08-24,1993-08-27,108322,29165,4264,5319,34264,82489,39574,16250
silver,1993-08-31,1993-09-03,99584,33702,3872,5664,23360,76391,36858,13657
silver,1993-09-07,1993-09-10,96390,30745,4966,5998,22819,68099,36828,17327
silver,1993-09-14,1993-09-17,95741,31405,6014,6060,22133,67744,36143,15923
silver,1993-09-21,1993-09-24,92402,29242,6270,5316,20662,64702,37182,16114
silver,1993-09-28,1993-10-01,91233,29077,5366,5266,20212,64865,36678,15736
silver,1993-10-05,1993-10-08,90461,28839,5123,4995,19592,63125,37035,17218
silver,1993-10-12,1993-10-15,93580,29107,3224,5333,19980,68132,39160,16891
silver,1993-10-19,1993-10-22,92657,27441,3737,5048,21157,66431,39011,17441
silver,1993-10-26,1993-10-29,96200,27361,3303,5170,24212,71280,39457,16447
silver,1993-11-02,1993-11-05,101263,28063,6697,4775,30068,73614,38357,16177
silver,1993-11-09,1993-11-12,102013,27749,5774,4812,29579,75325,39873,16102
silver,1993-11-16,1993-11-19,101279,28473,3788,3727,25130,78234,43949,15530
silver,1993-11-23,1993-11-26,103903,25180,4704,6068,30417,78296,42238,14835
silver,1993-11-30,1993-12-03,92806,25243,4671,6013,27560,69112,33990,13010
silver,1993-12-07,1993-12-10,107222,31395,5086,13492,24045,75352,38290,13292
silver,1993-12-14,1993-12-17,110272,33858,3732,13965,25128,78112,37321,14463
silver,1993-12-21,1993-12-24,112332,33953,3020,15054,25117,79395,38208,14863
silver,1993-12-28,1993-12-31,114054,35169,3049,15056,25555,82459,38274,13490
silver,1994-01-04,1994-01-07,118041,37925,3881,14415,24668,85440,41033,14305
silver,1994-01-11,1994-01-14,106964,35230,4026,3856,28544,82379,39334,16703
silver,1994-01-18,1994-01-21,111477,39290,4160,3826,26741,86319,41620,17172
silver,1994-01-25,1994-01-28,110651,39111,4191,5592,26925,83841,39023,17027
silver,1994-02-01,1994-02-04,114278,39786,4016,3865,32552,88896,38075,17501
silver,1994-02-08,1994-02-11,119135,43110,4361,4751,32146,90972,39128,19051
silver,1994-02-15,1994-02-18,117655,37768,3354,5214,34502,90865,40171,18222
silver,1994-02-22,1994-02-25,115482,37996,3758,5706,31294,88477,40486,17541
silver,1994-03-01,1994-03-04,107929,40447,3427,5782,24246,83366,37454,15354
silver,1994-03-08,1994-03-11,107057,38995,3749,6118,24806,82719,37138,14471
silver,1994-03-15,1994-03-18,113823,46211,3562,6082,23769,86995,37761,17184
silver,1994-03-22,1994-03-25,116536,48168,4415,6411,21591,88327,40366,17383
silver,1994-03-29,1994-04-01,116902,49430,5243,6478,19792,87339,41202,17842
silver,1994-04-05,1994-04-08,117410,45371,5530,6570,21035,86874,44434,18436
silver,1994-04-12,1994-04-15,113560,40308,5155,7241,25435,83658,40576,17506
silver,1994-04-19,1994-04-22,114547,43553,6331,8010,25167,83879,37817,16327
silver,1994-04-26,1994-04-29,127858,45671,7572,7524,33976,92152,40687,20610
silver,1994-05-03,1994-05-06,120110,49092,7009,7530,26401,89641,37087,15930
silver,1994-05-10,1994-05-13,114017,47958,5880,6216,25020,87195,34823,14726
silver,1994-05-17,1994-05-20,119947,53632,5035,5766,23646,93848,36903,15298
silver,1994-05-24,1994-05-27,130249,61290,5958,6074,22739,100916,40146,17301
silver,1994-05-31,1994-06-03,128229,60055,4890,8060,21383,99253,38731,16026
silver,1994-06-07,1994-06-10,124445,51936,4877,8120,24808,95800,39581,15648
silver,1994-06-14,1994-06-17,124907,51862,4722,8597,23546,96061,40902,15527
silver,1994-06-21,1994-06-24,124718,55431,4867,7354,22888,96848,39045,15649
silver,1994-06-28,1994-07-01,126877,56156,6339,8042,23024,97897,39655,14599
silver,1994-07-05,1994-07-08,121780,58755,5604,6743,19020,95483,37262,13950
silver,1994-07-12,1994-07-15,122756,55479,5923,6957,19783,94774,40537,15102
silver,1994-07-19,1994-07-22,123282,55265,7738,6624,20374,93593,41019,15327
silver,1994-07-26,1994-07-29,119638,54753,7908,6020,21077,91107,37788,14603
silver,1994-08-02,1994-08-05,120551,53320,8818,6019,22562,90578,38650,15136
silver,1994-08-09,1994-08-12,122383,50963,11093,7614,23094,87175,40712,16501
silver,1994-08-16,1994-08-19,121690,45457,10803,6750,23995,85838,45488,18299
silver,1994-08-23,1994-08-26,110711,40921,8875,4392,23394,81600,42004,15844
silver,1994-08-30,1994-09-02,111767,47535,3896,4670,19702,89736,39860,13465
silver,1994-09-06,1994-09-09,108333,50445,1828,4649,14163,89586,39076,12270
silver,1994-09-13,1994-09-16,107876,44123,3846,4296,18922,88266,40535,11468
silver,1994-09-20,1994-09-23,115191,52246,3465,4217,17332,94308,41396,13201
silver,1994-09-27,1994-09-30,119912,55832,4083,4187,18313,98142,41580,13500
silver,1994-10-04,1994-10-07,125315,57779,3045,5124,17822,103552,44590,13594
silver,1994-10-11,1994-10-14,121787,51859,3427,5766,20844,97402,43318,15192
silver,1994-10-18,1994-10-21,113406,41180,3886,5085,24679,91680,42462,12755
silver,1994-10-25,1994-10-28,111247,34998,3982,4866,27457,89383,43926,13016
silver,1994-11-01,1994-11-04,113989,36075,5743,4545,28618,88647,44751,15054
silver,1994-11-08,1994-11-11,115777,36072,7915,4627,28800,87225,46278,16010
silver,1994-11-15,1994-11-18,131753,31044,14835,16284,34844,83951,49581,16683
silver,1994-11-22,1994-11-25,137656,29997,14895,19876,39261,85645,48522,17240
silver,1994-11-29,1994-12-02,140148,28541,16176,18006,45660,87829,47941,18137
silver,1994-12-06,1994-12-09,137536,27529,19490,24556,40720,75586,44731,17904
silver,1994-12-13,1994-12-16,135027,25278,20077,25233,40198,71762,44318,17955
silver,1994-12-20,1994-12-23,131634,26418,18461,25385,37590,71272,42241,16516
silver,1994-12-27,1994-12-30,133327,27194,19799,25347,38203,71402,42583,16779
silver,1995-01-03,1995-01-06,131937,26028,18165,25427,38267,71710,42215,16635
silver,1995-01-10,1995-01-13,133353,25475,19120,26148,40221,70666,41509,17419
silver,1995-01-17,1995-01-20,132566,23463,15829,26891,40065,73114,42147,16732
silver,1995-01-24,1995-01-27,131736,22623,13578,28050,40161,73799,40902,16309
silver,1995-01-31,1995-02-03,135922,22770,16430,28269,40623,72533,44260,18690
silver,1995-02-07,1995-02-10,138558,22263,16355,28108,44372,77081,43815,17014
silver,1995-02-14,1995-02-17,140848,20422,13115,27783,46734,81500,45909,18450
silver,1995-02-21,1995-02-24,140784,20145,12782,27607,45330,80051,47702,20344
silver,1995-02-28,1995-03-03,138076,24229,15391,28295,43850,75771,41702,18619
silver,1995-03-07,1995-03-10,134360,20315,15669,26720,46681,72606,40644,19365
silver,1995-03-14,1995-03-17,131101,19008,12019,27234,45600,74726,39259,17122
silver,1995-03-21,1995-03-24,131372,19093,11532,27362,45772,75115,39145,17363
silver,1995-03-28,1995-03-31,134153,20341,11413,28385,46399,77956,39028,16399
silver,1995-04-04,1995-04-07,130183,21123,5817,28792,39197,78455,41071,17119
silver,1995-04-11,1995-04-14,129877,25463,6221,27977,38075,78083,38362,17596
silver,1995-04-18,1995-04-21,132264,26492,3469,23250,45642,88005,36880,17540
silver,1995-04-25,1995-04-28,125453,27080,2946,20076,41875,84481,36422,17950
silver,1995-05-02,1995-05-05,117477,28960,3395,19751,35761,79442,33005,14889
silver,1995-05-09,1995-05-12,117829,28429,4035,18614,35743,79729,35043,15451
silver,1995-05-16,1995-05-19,109851,20122,2965,18577,38179,73917,32973,14392
silver,1995-05-23,1995-05-26,107691,18076,4011,18699,37212,72781,33704,12200
silver,1995-05-30,1995-06-02,107938,17557,6573,18863,37810,69674,33708,12828
silver,1995-06-06,1995-06-09,108529,16510,7857,18423,39888,68331,33708,13918
silver,1995-06-13,1995-06-16,108288,16344,4824,17611,42109,72651,32224,13202
silver,1995-06-20,1995-06-23,112393,17296,4719,17607,42557,76161,34933,13906
silver,1995-06-27,1995-06-30,105404,18856,5265,16917,37755,70948,31876,12274
silver,1995-07-03,1995-07-07,106230,17271,10727,16789,42266,65486,29904,13228
silver,1995-07-11,1995-07-14,102370,17207,11100,16492,38322,59298,30349,15480
silver,1995-07-18,1995-07-21,99852,16938,7711,16722,36553,60997,29639,14422
silver,1995-07-25,1995-07-28,99729,18503,7991,16702,36148,61063,28376,13973
silver,1995-08-01,1995-08-04,102987,19207,9724,16738,35670,61394,31372,15131
silver,1995-08-08,1995-08-11,108222,18984,8931,17354,40426,67107,31458,14830
silver,1995-08-15,1995-08-18,113220,21179,8213,16147,43858,73437,32036,15423
silver,1995-08-22,1995-08-25,116078,30647,4422,17079,33065,78774,35287,15803
silver,1995-08-29,1995-09-01,115300,31212,4142,14906,32210,79771,36972,16481
silver,1995-09-05,1995-09-08,99553,24241,3132,14635,28998,68485,31679,13301
silver,1995-09-12,1995-09-15,93479,25589,2799,13138,23600,63490,31152,14052
silver,1995-09-19,1995-09-22,96393,28831,3462,13950,21872,64661,31740,14320
silver,1995-09-26,1995-09-29,95062,29796,1654,13732,21692,67674,29842,12002
silver,1995-10-03,1995-10-06,96978,26334,3330,14510,26549,65994,29585,13144
silver,1995-10-10,1995-10-13,98775,25153,4155,14401,29116,67598,30105,12621
silver,1995-10-17,1995-10-20,103036,25032,5577,14451,33255,69690,30298,13318
silver,1995-10-24,1995-10-27,104749,25162,5732,14404,34471,70040,30712,14573
silver,1995-10-31,1995-11-03,106062,25809,4462,14974,35199,72179,30080,14447
silver,1995-11-07,1995-11-10,107649,25210,5685,15267,34637,70867,32535,15830
silver,1995-11-14,1995-11-17,106133,24223,5524,15678,33897,70208,32335,14723
silver,1995-11-21,1995-11-24,103562,23712,6100,12106,35093,69279,32651,16077
silver,1995-11-28,1995-12-01,105592,25693,13581,11259,34705,65007,33935,15745
silver,1995-12-05,1995-12-08,96034,27207,14372,11684,25082,55575,32061,14403
silver,1995-12-12,1995-12-15,95363,27209,15421,12210,24225,54018,31719,13714
silver,1995-12-19,1995-12-22,94931,25507,14930,12235,26330,53315,30859,14451
silver,1995-12-26,1995-12-29,95095,25056,14560,11917,27209,54738,30913,13880
silver,1996-01-02,1996-01-05,96849,24745,10881,12210,26438,60513,33456,13245
silver,1996-01-09,1996-01-12,97404,30385,4848,12395,20693,68675,33931,11486
silver,1996-01-16,1996-01-19,98602,32524,4572,10847,20224,71710,35007,11473
silver,1996-01-23,1996-01-26,100483,31827,3529,10900,21044,73553,36712,12501
silver,1996-01-30,1996-02-02,103186,31211,3981,10996,24967,76820,36012,11389
silver,1996-02-06,1996-02-09,111001,36147,3953,11568,23978,80530,39308,14950
silver,1996-02-13,1996-02-16,114098,34501,3638,11786,30017,86061,37794,12613
silver,1996-02-20,1996-02-23,108505,30857,3701,10565,30510,81410,36573,12829
silver,1996-02-27,1996-03-01,97767,26648,2538,8604,27607,73186,34908,13439
silver,1996-03-05,1996-03-08,87724,22283,3216,7902,24156,64849,33383,11757
silver,1996-03-12,1996-03-15,89503,24166,1329,7643,22472,68026,35222,12505
silver,1996-03-19,1996-03-22,91666,28102,1739,8361,21270,70228,33933,11338
silver,1996-03-26,1996-03-29,98108,34594,1613,7860,19118,75439,36536,13196
silver,1996-04-02,1996-04-05,97836,30800,3477,8367,21699,73814,36970,12178
silver,1996-04-09,1996-04-12,102885,30441,8558,8010,26195,72345,38239,13972
silver,1996-04-16,1996-04-19,105657,25763,13261,7651,32228,68581,40015,16164
silver,1996-04-23,1996-04-26,98307,22668,15245,7129,25647,61298,42863,14635
silver,1996-04-30,1996-05-03,98613,25210,16032,8296,28656,60899,36451,13386
silver,1996-05-07,1996-05-10,97372,27002,13438,8718,25821,62662,35831,12554
silver,1996-05-14,1996-05-17,99017,26582,13320,8463,27299,65057,36673,12177
silver,1996-05-21,1996-05-24,101303,21543,17736,8426,31826,62393,39508,12748
silver,1996-05-28,1996-05-31,100879,21454,16939,8403,32571,63328,38451,12209
silver,1996-06-04,1996-06-07,103265,22311,16609,6404,34955,65198,39595,15054
silver,1996-06-11,1996-06-14,110039,22340,20372,6901,40204,67872,40594,14894
silver,1996-06-18,1996-06-21,114585,20693,20506,6975,45287,70653,41630,16451
silver,1996-06-25,1996-06-28,111021,20626,18519,4351,44776,72457,41268,15694
silver,1996-07-02,1996-07-05,99240,19421,18477,2305,39758,64326,37756,14132
silver,1996-07-09,1996-07-12,98079,19752,16867,2205,38358,64834,37764,14173
silver,1996-07-16,1996-07-19,107865,21533,22302,2122,46070,69103,38140,14338
silver,1996-07-23,1996-07-26,112387,20902,26950,1897,50651,68847,38937,14693
silver,1996-07-30,1996-08-02,106664,19281,21593,1947,47176,69177,38260,13947
silver,1996-08-06,1996-08-09,111123,20130,22593,1986,49295,70676,39712,15868
silver,1996-08-13,1996-08-16,109171,19579,20377,2136,47790,71469,39666,15189
silver,1996-08-20,1996-08-23,100042,20568,9459,1653,38970,76146,38851,12784
silver,1996-08-27,1996-08-30,92819,21258,5328,2243,32737,73939,36581,11309
silver,1996-09-03,1996-09-06,88829,21775,5207,1855,30302,70591,34897,11176
silver,1996-09-10,1996-09-13,87994,19838,7057,2090,30977,67654,35089,11193
silver,1996-09-17,1996-09-20,92555,18288,12377,2897,34059,64364,37311,12917
silver,1996-09-24,1996-09-27,98308,18566,22345,3541,35727,58742,40474,13680
silver,1996-10-01,1996-10-04,97749,19026,19490,3555,35280,60257,39888,14447
silver,1996-10-08,1996-10-11,97644,19085,19280,3710,35073,59679,39776,14975
silver,1996-10-15,1996-10-18,92944,21705,15432,3974,29430,60154,37835,13384
silver,1996-10-22,1996-10-25,94098,18496,15997,4394,33664,60761,37544,12946
silver,1996-10-29,1996-11-01,97500,18772,18292,4428,35558,58937,38742,15843
silver,1996-11-05,1996-11-08,96727,18434,19766,4728,35741,57541,37824,14692
silver,1996-11-12,1996-11-15,94736,17465,18529,4976,34595,57773,37700,13458
silver,1996-11-19,1996-11-22,91682,16506,16578,4977,32886,56877,37313,13250
silver,1996-11-26,1996-11-29,89184,16902,18536,3914,34869,52496,33499,14238
silver,1996-12-03,1996-12-06,86368,16738,18011,5262,34011,50981,30357,12114
silver,1996-12-10,1996-12-13,84492,16095,14645,6781,30568,49812,31048,13254
silver,1996-12-17,1996-12-20,83189,16659,10522,6964,29777,52381,29789,13322
silver,1996-12-24,1996-12-27,81991,15569,11264,6938,31148,51260,28336,12529
silver,1996-12-31,1997-01-03,84693,16155,15845,6701,31695,48807,30142,13340
silver,1997-01-07,1997-01-10,89321,18288,20767,7361,33144,46996,30528,14197
silver,1997-01-14,1997-01-17,94028,22560,24449,6935,33821,47017,30712,15627
silver,1997-01-21,1997-01-24,93223,21176,23421,7012,35049,46896,29986,15894
silver,1997-01-28,1997-01-31,89571,21369,10856,7689,30566,56735,29947,14291
silver,1997-02-04,1997-02-07,90098,20788,12154,7447,31160,57387,30703,13110
silver,1997-02-11,1997-02-14,91079,19074,11833,7851,31725,58208,32429,13187
silver,1997-02-18,1997-02-21,99563,29180,4300,8057,27523,71931,34803,15275
silver,1997-02-25,1997-02-28,93596,30374,4026,6260,22241,69036,34721,14274
silver,1997-03-04,1997-03-07,90813,33000,1602,6312,18618,69206,32883,13693
silver,1997-03-11,1997-03-14,89019,32071,2576,6201,18032,67567,32715,12675
silver,1997-03-18,1997-03-21,89969,30866,3122,6449,19962,68234,32692,12164
silver,1997-03-25,1997-03-28,88713,28240,3784,6721,20174,67033,33578,11175
silver,1997-04-01,1997-04-04,93926,25177,6952,6863,26161,66946,35725,13165
silver,1997-04-08,1997-04-11,99130,20575,17317,7908,35841,59198,34806,14707
silver,1997-04-15,1997-04-18,101823,20684,19120,8866,36464,59424,35809,14413
silver,1997-04-22,1997-04-25,98005,18051,18435,8973,34442,55303,36539,15294
silver,1997-04-29,1997-05-02,91260,18139,19867,8056,31240,49001,33825,14336
silver,1997-05-06,1997-05-09,86192,18018,17869,8881,26010,46719,33283,12723
silver,1997-05-13,1997-05-16,85327,18927,15333,8487,24454,48660,33459,12847
silver,1997-05-20,1997-05-23,90268,18499,22254,8328,29518,46008,33923,13678
silver,1997-05-27,1997-05-30,89477,19974,22193,7917,28223,46879,33363,12488
silver,1997-06-03,1997-06-06,91915,20265,22602,8936,28838,48289,33876,12088
silver,1997-06-10,1997-06-13,88045,19340,18647,9176,26011,47463,33518,12759
silver,1997-06-17,1997-06-20,90655,19667,20135,9365,26745,48822,34878,12333
silver,1997-06-24,1997-06-27,88950,19132,13632,10230,26924,51315,32664,13773
silver,1997-07-01,1997-07-04,93480,19203,21457,9641,31713,47411,32923,14971
silver,1997-07-08,1997-07-11,99053,17651,25419,12363,35826,43777,33213,17494
silver,1997-07-15,1997-07-18,99155,17693,25080,10364,35724,44019,35374,19692
silver,1997-07-22,1997-07-25,94829,18583,27561,10358,35585,41608,30303,15302
silver,1997-07-29,1997-08-01,97777,19062,29441,11934,36283,41053,30498,15349
silver,1997-08-05,1997-08-08,94293,19153,25851,11650,32735,41369,30755,15423
silver,1997-08-12,1997-08-15,92228,18988,24558,11268,31587,42354,30385,14048
silver,1997-08-19,1997-08-22,88932,17857,20044,10490,30657,43345,29928,15053
silver,1997-08-26,1997-08-29,82848,16539,10782,10734,27151,46284,28424,15048
silver,1997-09-02,1997-09-05,77184,16399,10946,9695,26784,45319,24306,11224
silver,1997-09-09,1997-09-12,77878,18542,10576,10068,23664,45516,25604,11718
silver,1997-09-16,1997-09-19,78406,18546,13451,9794,24382,42362,25684,12799
silver,1997-09-23,1997-09-26,78039,17738,11781,10116,24660,44548,25525,11594
silver,1997-09-30,1997-10-03,95589,40463,8321,11489,16549,62939,27088,12840
silver,1997-10-07,1997-10-10,104480,43323,8629,11969,19179,70129,30009,13753
silver,1997-10-14,1997-10-17,103011,41833,10197,11722,20182,68373,29274,12719
silver,1997-10-21,1997-10-24,99037,39795,13055,12757,18292,60128,28193,13097
silver,1997-10-28,1997-10-31,92847,29786,15073,13011,22379,51738,27671,13025
silver,1997-11-04,1997-11-07,95965,31952,16542,14327,22904,53076,26782,12020
silver,1997-11-11,1997-11-14,94993,34651,17025,14454,19740,51320,26148,12194
silver,1997-11-18,1997-11-21,98554,39799,15195,14598,17560,56054,26597,12707
silver,1997-11-25,1997-11-28,94257,48407,7964,4683,13316,70571,27851,11039
silver,1997-12-02,1997-12-05,89243,48359,7858,4493,12029,66703,24362,10189
silver,1997-12-09,1997-12-12,89550,45081,7661,4600,13839,64624,26030,12665
silver,1997-12-16,1997-12-19,94552,49495,7764,3973,12720,68586,28364,14229
silver,1997-12-23,1997-12-26,98820,51855,8919,5082,12504,71167,29379,13652
silver,1997-12-30,1998-01-02,98558,52149,10022,5609,12286,69408,28514,13519
silver,1998-01-06,1998-01-09,97490,51594,10113,5359,12403,69073,28134,12945
silver,1998-01-13,1998-01-16,92507,44921,7221,5952,15299,65207,26335,14127
silver,1998-01-20,1998-01-23,92731,43479,7280,6761,16526,65931,25965,12759
silver,1998-01-27,1998-01-30,97404,45771,5472,8324,15515,69714,27794,13894
silver,1998-02-03,1998-02-06,106274,52932,6033,11811,15245,72888,26286,15542
silver,1998-02-10,1998-02-13,111633,53144,5186,11020,16522,79671,30947,15756
silver,1998-02-17,1998-02-20,113004,53813,4617,12212,15741,76828,31238,19347
silver,1998-02-24,1998-02-27,102156,51662,5541,11308,13306,71291,25880,14016
silver,1998-03-03,1998-03-06,97626,49878,4183,12488,9451,67180,25809,13775
silver,1998-03-10,1998-03-13,97317,49305,4437,13369,8369,66244,26274,13267
silver,1998-03-17,1998-03-20,90971,40039,5057,10770,13549,61442,26613,13702
silver,1998-03-24,1998-03-27,85814,35861,3768,9095,14924,59682,25934,13269
silver,1998-03-31,1998-04-03,85986,37432,3525,8838,13627,60307,26089,13316
silver,1998-04-07,1998-04-10,87773,38793,2530,8291,14435,64685,26254,12267
silver,1998-04-14,1998-04-17,86079,38606,3024,7459,14261,62607,25753,12989
silver,1998-04-21,1998-04-24,81336,37320,3764,4146,14001,61605,25869,11821
silver,1998-04-28,1998-05-01,77206,37218,3608,3062,13073,57079,23853,13457
silver,1998-05-05,1998-05-08,74273,36486,4082,2702,10026,55532,25059,11957
silver,1998-05-12,1998-05-15,76225,33068,6532,2438,14039,54825,26680,12430
silver,1998-05-19,1998-05-22,82076,30551,13975,2342,18944,50686,30239,15073
silver,1998-05-26,1998-05-29,84069,29236,14572,2650,22306,51521,29877,15326
silver,1998-06-02,1998-06-05,93121,32212,19771,2801,27247,55234,30861,15315
silver,1998-06-09,1998-06-12,94321,33273,18868,3845,26910,56527,30293,15081
silver,1998-06-16,1998-06-19,92339,29280,15286,3747,28738,58513,30574,14793
silver,1998-06-23,1998-06-26,91947,29370,11868,4237,29130,61504,29210,14338
silver,1998-06-30,1998-07-03,79898,30414,11433,1898,18825,52652,28761,13915
silver,1998-07-07,1998-07-10,75445,29066,11041,1665,16304,50680,28410,12059
silver,1998-07-14,1998-07-17,76839,29569,10769,2297,17202,53218,27771,10555
silver,1998-07-21,1998-07-24,81787,32248,9965,2678,18118,56908,28743,12236
silver,1998-07-28,1998-07-31,80261,32914,2247,2567,14462,63694,30318,11753
silver,1998-08-04,1998-08-07,81012,33391,3512,2548,15399,63510,29674,11442
silver,1998-08-11,1998-08-14,82378,32264,6483,2633,18208,59727,29273,13535
silver,1998-08-18,1998-08-21,83930,31039,12433,2597,20068,54411,30226,14489
silver,1998-08-25,1998-08-28,83468,31874,14672,1913,19404,51158,30277,15725
silver,1998-09-01,1998-09-04,79403,30157,21464,2064,18685,41554,28497,14321
silver,1998-09-08,1998-09-11,76854,30026,20847,2068,16247,39909,28513,14030
silver,1998-09-15,1998-09-18,72989,29339,18476,2247,12460,39265,28943,13001
silver,1998-09-22,1998-09-25,74894,30608,18436,3001,12875,38840,28410,14617
silver,1998-09-29,1998-10-02,72508,31316,7307,2861,9978,49115,28353,13225
silver,1998-10-06,1998-10-09,72198,29448,6245,2877,11027,50040,28846,13036
silver,1998-10-13,1998-10-16,74184,28426,10540,3649,12012,47023,30097,12972
silver,1998-10-20,1998-10-23,74847,28789,10973,4124,12727,46752,29207,12998
silver,1998-10-27,1998-10-30,76173,28808,11440,4157,12840,47228,30368,13348
silver,1998-11-03,1998-11-06,74429,28055,9397,4667,12371,46302,29336,14063
silver,1998-11-10,1998-11-13,75074,28143,7831,4700,12903,49696,29328,12847
silver,1998-11-17,1998-11-20,77804,27325,8319,5039,16226,52125,29214,12321
silver,1998-11-24,1998-11-27,76932,26256,11885,5103,16531,46883,29042,13061
silver,1998-12-01,1998-12-04,74764,28329,12850,3218,16248,45588,26969,13108
silver,1998-12-08,1998-12-11,82305,28158,21298,2676,23343,43427,28128,14904
silver,1998-12-15,1998-12-18,80768,27150,19953,3340,22226,42980,28052,14495
silver,1998-12-22,1998-12-25,76273,27868,14689,3274,19738,45906,25393,12404
silver,1998-12-29,1999-01-01,75987,28994,14744,3298,18211,46018,25484,11927
silver,1999-01-05,1999-01-08,76063,29939,13288,3530,17494,46256,25100,12989
silver,1999-01-12,1999-01-15,80352,37222,4415,3661,12228,60189,27241,12087
silver,1999-01-19,1999-01-22,76822,34777,4701,3485,11864,58071,26696,10565
silver,1999-01-26,1999-01-29,76505,34715,4594,3730,11045,57265,27015,10916
silver,1999-02-02,1999-02-05,89734,44079,3962,5570,11835,66791,28250,13411
silver,1999-02-09,1999-02-12,100332,56505,2869,5763,9689,77740,28375,13960
silver,1999-02-16,1999-02-19,98123,55186,3405,5985,7940,74160,29012,14573
silver,1999-02-23,1999-02-26,95748,54471,3587,6471,5929,70690,28877,15000
silver,1999-03-02,1999-03-05,97800,55330,3430,5317,6771,74843,30382,14210
silver,1999-03-09,1999-03-12,85178,43428,1962,5000,5666,65911,31084,12305
silver,1999-03-16,1999-03-19,80622,33646,3932,5246,10261,58332,31469,13112
silver,1999-03-23,1999-03-26,76062,29659,6404,4921,10777,52295,30705,12442
silver,1999-03-30,1999-04-02,78567,32303,6971,5036,10710,51927,30518,14633
silver,1999-04-06,1999-04-09,79770,33420,11537,5496,10679,48005,30175,14732
silver,1999-04-13,1999-04-16,84956,31968,20163,5554,18208,44914,29226,14325
silver,1999-04-20,1999-04-23,83096,30840,9356,5919,17998,51640,28339,16181
silver,1999-04-27,1999-04-30,82409,31972,8545,6040,16616,51308,27781,16516
silver,1999-05-04,1999-05-07,76614,35807,3425,7029,6026,53044,27752,13116
silver,1999-05-11,1999-05-14,82022,40591,2136,7845,5977,58717,27609,13324
silver,1999-05-18,1999-05-21,81269,39323,1768,7907,7076,58537,26963,13057
silver,1999-05-25,1999-05-28,74250,29275,2781,8215,9364,50695,27396,12559
silver,1999-06-01,1999-06-04,76488,26831,8868,7835,14022,46264,27800,13521
silver,1999-06-08,1999-06-11,82171,26609,15520,7083,19196,44360,29283,15208
silver,1999-06-15,1999-06-18,76482,27625,13138,7033,13829,43300,27995,13011
silver,1999-06-22,1999-06-25,79866,27561,15528,7100,15323,42456,29882,14782
silver,1999-06-29,1999-07-02,78443,29679,9507,9098,12353,44203,27313,15635
silver,1999-07-06,1999-07-09,81775,35687,3343,8181,12456,55779,25451,14472
silver,1999-07-13,1999-07-16,81007,35368,3193,8142,13566,56759,23931,12913
silver,1999-07-20,1999-07-23,74994,29595,6865,7576,13929,47550,23894,13003
silver,1999-07-27,1999-07-30,74673,30824,5174,6774,12710,49141,24365,13584
silver,1999-08-03,1999-08-06,86060,44995,3035,6613,8212,64713,26240,11699
silver,1999-08-10,1999-08-13,94386,51159,2721,6849,9074,72574,27304,12242
silver,1999-08-17,1999-08-20,86799,44582,2666,7707,8409,65775,26101,10651
silver,1999-08-24,1999-08-27,83534,38351,3888,8443,10811,58917,25929,12286
silver,1999-08-31,1999-09-03,73844,34083,7463,6701,6978,48034,26082,11646
silver,1999-09-07,1999-09-10,72739,33765,8430,6361,6058,45610,26555,12338
silver,1999-09-14,1999-09-17,74979,34187,9341,6871,6460,46947,27461,11820
silver,1999-09-21,1999-09-24,79137,39471,8370,6926,4538,51871,28202,11970
silver,1999-09-28,1999-10-01,89783,49826,5020,7026,3872,68109,29059,9628
silver,1999-10-05,1999-10-08,92737,49990,4758,7835,4904,69604,30008,10540
silver,1999-10-12,1999-10-15,95551,53320,3134,8202,4105,73622,29924,10593
silver,1999-10-19,1999-10-22,80320,37266,2571,7361,6556,58396,29137,11992
silver,1999-10-26,1999-10-29,77899,33033,4787,7721,8546,54903,28599,10488
silver,1999-11-02,1999-11-05,79536,34051,6711,8278,7908,52676,29299,11871
silver,1999-11-09,1999-11-12,86458,32436,16595,6905,14267,47845,32850,15113
silver,1999-11-16,1999-11-19,81061,32714,14121,5304,10875,46755,32168,14881
silver,1999-11-23,1999-11-26,76209,33429,7137,3901,6194,50398,32685,14773
silver,1999-11-30,1999-12-03,71574,32267,7834,4207,6984,46364,28116,13169
silver,1999-12-07,1999-12-10,69769,31749,8771,3654,6867,44784,27499,12560
silver,1999-12-14,1999-12-17,69789,30943,8514,3859,6949,45573,28038,11843
silver,1999-12-21,1999-12-24,69062,32542,6574,5035,7927,49516,23558,7937
silver,1999-12-28,1999-12-31,70000,32641,6583,5076,8501,50544,23782,7797
silver,2000-01-04,2000-01-07,76093,39893,5045,5245,6355,58287,24600,7516
silver,2000-01-11,2000-01-14,73157,35479,5710,5513,8310,54504,23855,7430
silver,2000-01-18,2000-01-21,76432,35224,11157,5560,10351,51509,25297,8206
silver,2000-01-25,2000-01-28,76786,39143,6602,4974,7762,58060,24907,7150
silver,2000-02-01,2000-02-04,80659,43190,4252,6128,6882,61918,24459,8361
silver,2000-02-08,2000-02-11,85895,47362,3169,7658,6499,66466,24376,8602
silver,2000-02-15,2000-02-18,81169,42619,1977,6726,7592,64548,24232,7918
silver,2000-02-22,2000-02-25,79929,42051,1647,6585,6672,63004,24621,8693
silver,2000-02-29,2000-03-03,74070,34389,10480,3748,11419,49681,24514,10161
silver,2000-03-07,2000-03-10,74416,33524,15727,2219,10866,45353,27807,11117
silver,2000-03-14,2000-03-17,74268,34517,17849,3112,10131,42734,26508,10573
silver,2000-03-21,2000-03-24,74137,33727,16256,3353,9995,43623,27062,10905
silver,2000-03-28,2000-03-31,78683,34467,18283,5046,12166,44884,27004,10470
silver,2000-04-04,2000-04-07,73613,30926,16585,3273,11534,43663,27880,10092
silver,2000-04-11,2000-04-14,71464,30727,12629,3556,11487,45124,25694,10155
silver,2000-04-18,2000-04-21,76728,31313,11727,3743,16863,52274,24809,8984
silver,2000-04-25,2000-04-28,82551,31410,20141,4632,20231,48319,26278,9459
silver,2000-05-02,2000-05-05,72673,32221,20428,3460,12143,40392,24849,8393
silver,2000-05-09,2000-05-12,73478,32293,16209,3289,11666,43385,26230,10595
silver,2000-05-16,2000-05-19,72016,31607,15284,3620,10743,42360,26046,10752
silver,2000-05-23,2000-05-26,75631,32657,20124,4131,13162,41037,25681,10339
silver,2000-05-30,2000-06-02,81362,34271,29087,4082,15036,36092,27973,12101
silver,2000-06-06,2000-06-09,76294,31425,15286,5004,12980,46187,26885,9817
silver,2000-06-13,2000-06-16,75159,29290,14351,4778,14899,47542,26192,8488
silver,2000-06-20,2000-06-23,72499,30096,13305,4022,13497,47322,24884,7850
silver,2000-06-27,2000-06-30,78737,29502,20721,3452,17575,45338,28208,9226
silver,2000-07-05,2000-07-07,74024,30461,17104,2992,14944,44365,25627,9563
silver,2000-07-11,2000-07-14,74345,31211,19423,2809,15297,43208,25028,8905
silver,2000-07-18,2000-07-21,72072,29087,17737,2461,15574,43585,24950,8289
silver,2000-07-25,2000-07-28,76902,30622,21725,4051,17686,42570,24543,8556
silver,2000-08-01,2000-08-04,78268,29482,19767,5079,19545,44777,24162,8645
silver,2000-08-08,2000-08-11,89533,31969,25104,6499,26259,47316,24806,10614
silver,2000-08-15,2000-08-18,96284,33832,30884,6706,30478,47899,25268,10795
silver,2000-08-22,2000-08-25,98698,34195,32983,7185,32778,47165,24540,11365
silver,2000-08-29,2000-09-01,87766,33377,30678,4485,26932,42244,22972,10359
silver,2000-09-05,2000-09-08,74290,32041,24432,2352,17844,38985,22053,8521
silver,2000-09-12,2000-09-15,72522,33240,23985,2184,14892,37617,22206,8736
silver,2000-09-19,2000-09-22,73625,32520,25741,2797,15525,36211,22783,8876
silver,2000-09-26,2000-09-29,73351,32378,25470,2735,16074,36786,22164,8360
silver,2000-10-03,2000-10-06,72365,31772,23114,2747,15734,38080,22112,8424
silver,2000-10-10,2000-10-13,74915,32440,23592,2647,16583,40721,23245,7955
silver,2000-10-17,2000-10-20,78490,34715,26971,2944,17053,39448,23778,9127
silver,2000-10-24,2000-10-27,82093,35485,32451,2757,19786,38713,24065,8172
silver,2000-10-31,2000-11-03,84841,34460,34750,2821,22533,38767,25027,8503
silver,2000-11-07,2000-11-10,86546,35551,35563,2631,23369,39202,24995,9150
silver,2000-11-14,2000-11-17,84208,30920,34630,3240,25223,38020,24825,8318
silver,2000-11-21,2000-11-24,81382,30617,32437,2821,23786,36809,24158,9315
silver,2000-11-28,2000-12-01,79683,33049,31370,3927,22809,36915,19898,7471
silver,2000-12-05,2000-12-08,73515,33964,32716,3265,16187,30295,20099,7239
silver,2000-12-12,2000-12-15,75097,34400,32456,3656,15283,31223,21758,7762
silver,2000-12-19,2000-12-22,73261,32047,32841,3503,16396,28537,21315,8380
silver,2000-12-26,2000-12-29,72291,32052,32812,3241,15855,28591,21143,7647
silver,2001-01-02,2001-01-05,73255,31882,34097,3219,17128,27825,21026,8114
silver,2001-01-09,2001-01-12,72565,32187,32916,3300,16317,27676,20761,8673
silver,2001-01-16,2001-01-19,69210,30853,29244,3726,11359,29273,23272,6967
silver,2001-01-23,2001-01-26,66720,30964,19164,3448,12308,37557,20000,6551
silver,2001-01-30,2001-02-02,66478,31132,15969,2732,12006,41533,20608,6244
silver,2001-02-06,2001-02-09,66339,32995,15848,2740,11683,39780,18921,7971
silver,2001-02-13,2001-02-16,72095,29528,23093,2298,19247,38042,21022,8662
silver,2001-02-20,2001-02-23,76826,29426,28215,3420,22424,35316,21556,9875
silver,2001-02-27,2001-03-02,83021,29767,29560,4927,27861,39251,20466,9283
silver,2001-03-06,2001-03-09,74339,29431,31729,4439,20351,29896,20118,8275
silver,2001-03-13,2001-03-16,73038,29642,30709,4386,18841,29601,20169,8342
silver,2001-03-20,2001-03-23,75015,29711,31153,4119,22511,30645,18674,9098
silver,2001-03-27,2001-03-30,73258,30362,27852,4155,20304,31429,18437,9822
silver,2001-04-03,2001-04-06,75281,30745,29593,4017,21688,31692,18831,9979
silver,2001-04-10,2001-04-13,75305,30576,28350,3934,21300,32527,19495,10494
silver,2001-04-17,2001-04-20,70392,28102,25483,3415,19126,31576,19749,9918
silver,2001-04-24,2001-04-27,67640,28649,22094,3129,17204,34274,18658,8143
silver,2001-05-01,2001-05-04,64781,28896,24793,3227,13694,27005,18964,9756
silver,2001-05-08,2001-05-11,66853,29074,28452,3587,15084,25190,19108,9624
silver,2001-05-15,2001-05-18,69410,29584,31045,3518,16877,25734,19431,9113
silver,2001-05-22,2001-05-25,67973,32379,21052,3343,12706,36818,19545,6760
silver,2001-05-29,2001-06-01,68464,32809,17202,3688,12182,40520,19785,7054
silver,2001-06-05,2001-06-08,66439,30503,19097,3895,13241,34894,18800,8553
silver,2001-06-12,2001-06-15,68826,29066,21891,4064,16402,33842,19294,9029
silver,2001-06-19,2001-06-22,65308,28507,18974,3708,14499,33442,18594,9184
silver,2001-06-26,2001-06-29,70494,29153,23029,3744,16140,32224,21457,11497
silver,2001-07-03,2001-07-06,69074,31180,27618,3425,15051,27352,19418,10679
silver,2001-07-10,2001-07-13,73531,31663,31096,3141,19284,29043,19443,10251
silver,2001-07-17,2001-07-20,77428,31520,34106,3321,22156,29902,20431,10099
silver,2001-07-24,2001-07-27,76722,31863,33840,3083,22102,30278,19674,9521
silver,2001-07-31,2001-08-03,77616,32373,34126,3180,22132,30531,19931,9779
silver,2001-08-07,2001-08-10,78056,32451,33801,3306,22526,30657,19773,10292
silver,2001-08-14,2001-08-17,75207,31157,31783,2606,20887,30603,20557,10215
silver,2001-08-21,2001-08-24,74613,32955,29985,2828,18813,31945,20017,9855
silver,2001-08-28,2001-08-31,73714,33344,29872,2271,18649,31462,19450,10109
silver,2001-09-04,2001-09-07,72547,32968,31365,2107,18767,29338,18705,9737
silver,2001-09-10,2001-09-14,70825,32728,31498,2105,17293,27799,18699,9423
silver,2001-09-18,2001-09-21,63592,34064,25205,2710,11036,23335,15782,12342
silver,2001-09-25,2001-09-28,63127,33697,9577,2230,9778,35714,17422,15606
silver,2001-10-02,2001-10-05,65473,37429,7436,2479,8360,52396,17205,3162
silver,2001-10-09,2001-10-12,71215,43743,9004,2516,8332,57073,16624,2622
silver,2001-10-16,2001-10-19,65557,37952,6696,2827,7944,52436,16834,3598
silver,2001-10-23,2001-10-26,65520,31598,8503,2633,13080,35179,18209,19205
silver,2001-10-30,2001-11-02,67416,30473,11847,2966,16751,46422,17226,6181
silver,2001-11-06,2001-11-09,73175,31175,21983,2519,22456,41678,17025,6995
silver,2001-11-13,2001-11-16,73671,31920,25081,2071,22830,39958,16850,6561
silver,2001-11-20,2001-11-23,75468,31532,27499,1766,23035,38120,19135,8083
silver,2001-11-27,2001-11-30,72849,31589,30166,2433,21153,33547,17674,6703
silver,2001-12-04,2001-12-07,71351,32356,29303,663,20179,33358,18153,8027
silver,2001-12-11,2001-12-14,67829,32823,24919,609,16269,34499,18128,7802
silver,2001-12-18,2001-12-21,65704,32107,19016,998,15141,38460,17458,7230
silver,2001-12-21,2001-12-21,63848,31808,13840,935,14187,41847,16918,7226
silver,2001-12-28,2001-12-28,63260,32058,8990,967,12471,45958,17764,7345
silver,2002-01-08,2002-01-11,67412,37728,5115,1223,10688,55534,17773,5540
silver,2002-01-15,2002-01-18,71748,40882,4674,1308,10196,59330,19362,6436
silver,2002-01-22,2002-01-25,67577,36636,3600,1205,10262,57518,19474,5254
silver,2002-01-29,2002-02-01,65182,32428,3833,1122,11645,54543,19987,5684
silver,2002-02-05,2002-02-08,66014,30712,5491,2125,13314,53520,19863,4878
silver,2002-02-12,2002-02-15,64702,30777,4253,1852,12397,52605,19676,5992
silver,2002-02-19,2002-02-22,68018,32533,4405,2012,13921,54596,19552,7005
silver,2002-02-26,2002-03-01,65009,32327,5217,1857,12947,52118,17878,5817
silver,2002-03-05,2002-03-08,66893,35995,3958,1602,9433,56302,19863,5031
silver,2002-03-12,2002-03-15,69921,36515,3882,2111,10634,57880,20661,6048
silver,2002-03-19,2002-03-22,71778,36681,3600,2156,11364,60393,21577,5629
silver,2002-03-26,2002-03-29,74477,38820,4017,1885,11610,62603,22162,5972
silver,2002-04-02,2002-04-05,80061,45615,3686,1533,8819,68143,24094,6699
silver,2002-04-09,2002-04-12,79026,43572,4532,2553,11194,66414,21707,5527
silver,2002-04-16,2002-04-19,73774,34125,5958,2954,14450,57648,22245,7214
silver,2002-04-23,2002-04-26,71283,32350,3698,2011,14453,58968,22469,6606
silver,2002-04-30,2002-05-03,73618,32661,3686,2465,17482,61230,21010,6237
silver,2002-05-07,2002-05-10,73729,33697,3761,2378,16646,62328,21008,5262
silver,2002-05-14,2002-05-17,74887,34377,3413,2771,16334,63337,21405,5366
silver,2002-05-21,2002-05-24,85666,49038,3708,3121,12508,77106,20999,1731
silver,2002-05-28,2002-05-31,98766,56092,6586,2805,12220,83919,27649,5456
silver,2002-06-04,2002-06-07,101403,58184,6012,3523,11430,85985,28266,5883
silver,2002-06-11,2002-06-14,101564,54720,4528,5001,14785,86082,27058,5953
silver,2002-06-18,2002-06-21,102608,49496,4841,4978,19968,87285,28166,5504
silver,2002-06-25,2002-06-28,98927,44821,5657,5359,19978,81414,28769,6497
silver,2002-07-02,2002-07-05,93941,47016,4763,4314,14714,79718,27897,5146
silver,2002-07-09,2002-07-12,97169,50066,5742,4447,13687,82593,28969,4387
silver,2002-07-16,2002-07-19,100428,52634,4089,4723,13360,85798,29711,5818
silver,2002-07-23,2002-07-26,95317,47110,3835,5159,14914,81286,28134,5037
silver,2002-07-30,2002-08-02,83102,32082,3708,4881,22605,69314,23534,5199
silver,2002-08-06,2002-08-09,83630,29692,4766,4750,26029,68681,23159,5433
silver,2002-08-13,2002-08-16,82391,28981,6244,4903,24733,65863,23774,5381
silver,2002-08-20,2002-08-23,83430,26231,9787,4944,24666,61536,27589,7163
silver,2002-08-27,2002-08-30,79468,26550,13424,5278,19069,53569,28571,7197
silver,2002-09-03,2002-09-06,77879,26210,14855,5238,19230,50141,27201,7645
silver,2002-09-10,2002-09-13,80009,26612,15038,5844,19684,52074,27869,7053
silver,2002-09-17,2002-09-20,81185,28406,14087,5715,18639,54704,28425,6679
silver,2002-09-24,2002-09-27,81663,32953,10747,6332,17661,59410,24717,5174
silver,2002-10-01,2002-10-04,81743,30840,12792,6941,20371,55294,23591,6716
silver,2002-10-08,2002-10-11,86501,29252,20882,7214,26042,50422,23993,7983
silver,2002-10-15,2002-10-18,90648,28629,29002,6870,28890,46219,26259,8557
silver,2002-10-22,2002-10-25,92676,30128,30917,7476,29469,46050,25603,8233
silver,2002-10-29,2002-11-01,89063,29937,27401,7437,26935,46446,24754,7779
silver,2002-11-05,2002-11-08,85603,28414,22234,7414,25421,49432,24354,6523
silver,2002-11-12,2002-11-15,84103,30745,15936,7154,22845,54675,23359,6338
silver,2002-11-19,2002-11-22,86256,32339,14484,7963,23400,57327,22554,6482
silver,2002-11-26,2002-11-29,83456,28788,16324,5100,27284,55450,22284,6582
silver,2002-12-03,2002-12-06,79183,29315,16765,4676,23026,50377,22166,7365
silver,2002-12-10,2002-12-13,76695,31288,10149,4675,18646,56139,22086,5732
silver,2002-12-17,2002-12-20,78899,33764,6138,4514,15636,63069,24985,5178
silver,2002-12-23,2002-12-27,76932,34246,5314,4405,12718,62797,25563,4416
silver,2002-12-31,2003-01-03,80920,36652,4772,4564,12948,67845,26756,3739
silver,2003-01-07,2003-01-10,95739,45993,7406,4861,15941,79275,28944,4197
silver,2003-01-14,2003-01-17,98600,45901,8658,5038,18244,81066,29417,3838
silver,2003-01-21,2003-01-24,99420,47016,8616,4775,17880,81442,29749,4587
silver,2003-01-28,2003-01-31,102214,47139,7167,4628,18122,84903,32325,5516
silver,2003-02-04,2003-02-07,103514,49110,6582,4104,16654,87790,33646,5038
silver,2003-02-11,2003-02-14,95036,36461,7324,5909,20067,76962,32599,4841
silver,2003-02-14,2003-02-14,92139,30821,10643,5190,23182,69932,32946,6374
silver,2003-02-25,2003-02-28,90955,30629,9723,3387,24080,67623,32859,10222
silver,2003-03-04,2003-03-07,81825,27509,9499,2601,23871,63249,27844,6476
silver,2003-03-11,2003-03-14,81943,28597,6577,2386,22997,66325,27963,6655
silver,2003-03-18,2003-03-21,83928,27518,14759,3601,24724,57287,28085,8281
silver,2003-03-25,2003-03-28,88189,25093,25714,4164,32131,49159,26801,9152
silver,2003-04-01,2003-04-04,89047,25268,28948,3857,32501,48346,27421,7896
silver,2003-04-08,2003-04-11,90692,27512,28192,4592,30983,50126,27605,7782
silver,2003-04-15,2003-04-18,88705,26854,27201,4054,30838,49990,26959,7460
silver,2003-04-22,2003-04-25,87564,26792,22701,4140,29123,52924,27509,7799
silver,2003-04-29,2003-05-02,81957,24615,15398,3009,29607,57474,24726,6076
silver,2003-05-06,2003-05-09,84773,34169,8581,3068,22310,66540,25226,6584
silver,2003-05-13,2003-05-16,89108,39038,6805,3509,20994,73244,25567,5550
silver,2003-05-20,2003-05-23,89363,40340,8176,5315,17944,72581,25764,3291
silver,2003-05-27,2003-05-30,82547,36415,6110,4067,16026,67335,26039,5035
silver,2003-06-03,2003-06-06,75912,26998,6250,4339,17737,60060,26838,5263
silver,2003-06-10,2003-06-13,78684,26604,11940,4071,20185,56153,27824,6520
silver,2003-06-17,2003-06-20,79428,27358,13676,4464,19375,53673,28231,7615
silver,2003-06-24,2003-06-27,83905,27154,17398,3915,24569,52579,28267,10013
silver,2003-07-01,2003-07-04,79972,26686,17810,3177,22786,51426,27323,7559
silver,2003-07-08,2003-07-11,81775,31125,10210,4675,19496,60178,26479,6712
silver,2003-07-15,2003-07-18,87872,38637,8294,4696,19142,67436,25397,7446
silver,2003-07-22,2003-07-25,89035,39330,9419,4543,20081,67934,25081,7139
silver,2003-07-29,2003-08-01,108811,56004,7572,6846,16970,87846,28991,6547
silver,2003-08-05,2003-08-08,110005,53066,5353,9348,18014,88498,29577,6806
silver,2003-08-12,2003-08-15,107445,48346,6163,8733,16829,84628,33537,7921
silver,2003-08-19,2003-08-22,107708,45072,5482,10135,16208,85525,36293,6566
silver,2003-08-26,2003-08-29,103343,46748,4403,5139,18281,85388,33175,8413
silver,2003-09-02,2003-09-05,103311,47810,6073,4047,15559,86690,35895,6501
silver,2003-09-09,2003-09-12,109498,57490,4680,3560,13170,94925,35278,6333
silver,2003-09-16,2003-09-19,115510,56129,5118,4607,18275,98056,36499,7729
silver,2003-09-23,2003-09-26,114578,54399,5742,5694,17429,95566,37056,7576
silver,2003-09-30,2003-10-03,105542,50958,6033,5754,13885,86031,34945,7724
silver,2003-10-07,2003-10-10,89786,29732,6991,5787,19680,69299,34587,7709
silver,2003-10-14,2003-10-17,86995,28179,9693,5372,20121,63911,33323,8019
silver,2003-10-21,2003-10-24,90599,30156,8228,6790,21158,68011,32495,7570
silver,2003-10-28,2003-10-31,93409,33068,5011,7640,20860,72895,31841,7863
silver,2003-11-04,2003-11-07,92256,30227,5156,8638,21167,71040,32224,7422
silver,2003-11-11,2003-11-14,91880,29492,5377,8680,20773,70299,32935,7524
silver,2003-11-18,2003-11-21,109720,42567,5213,12378,20147,83030,34628,9099
silver,2003-11-25,2003-11-28,107762,41236,1659,4788,24955,90775,36783,10540
silver,2003-12-02,2003-12-05,104077,47798,2656,4613,19115,89094,32551,7714
silver,2003-12-09,2003-12-12,103100,50808,3595,4442,14714,86392,33136,8671
silver,2003-12-16,2003-12-19,104093,53237,3769,5845,12072,86415,32939,8064
silver,2003-12-22,2003-12-26,102585,52468,3498,5571,11507,84870,33039,8646
silver,2003-12-30,2004-01-02,102784,54889,3364,5391,9077,85682,33427,8347
silver,2004-01-06,2004-01-09,107665,59543,4042,5536,7628,88694,34958,9393
silver,2004-01-13,2004-01-16,108724,57364,4752,5862,8085,89485,37413,8625
silver,2004-01-20,2004-01-23,107814,54925,7743,6799,9315,85248,36775,8024
silver,2004-01-27,2004-01-30,114036,61066,4621,5167,9031,94933,38772,9315
silver,2004-02-03,2004-02-06,107432,53206,2650,5986,10457,89457,37783,9339
silver,2004-02-10,2004-02-13,112587,54115,3983,5117,13702,92960,39653,10527
silver,2004-02-17,2004-02-20,119070,57144,3969,5357,14237,98639,42332,11105
silver,2004-02-24,2004-02-27,118149,56131,2432,5744,10984,94962,45290,15011
silver,2004-03-02,2004-03-05,113485,58087,3783,6608,11316,93319,37474,9775
silver,2004-03-09,2004-03-12,116299,63135,4449,6284,9544,96843,37336,8723
silver,2004-03-16,2004-03-19,117659,61444,5183,6051,11804,97381,38360,9044
silver,2004-03-23,2004-03-26,119976,61720,5373,7099,10670,97561,40487,9943
silver,2004-03-30,2004-04-02,119147,59587,3496,8807,10230,95630,40523,11214
silver,2004-04-06,2004-04-09,120507,57433,5696,8568,11965,94944,42541,11299
silver,2004-04-12,2004-04-16,119901,55444,3728,8635,11989,94907,43833,12631
silver,2004-04-20,2004-04-23,110293,46589,3286,9764,14364,89184,39576,8059
silver,2004-04-27,2004-04-30,106516,39078,4447,9962,16276,83144,41200,8963
silver,2004-05-04,2004-05-07,93166,37178,4130,7144,13877,75844,34967,6048
silver,2004-05-11,2004-05-14,91879,33653,5389,7912,15172,71259,35142,7319
silver,2004-05-18,2004-05-21,89376,32998,6815,8158,13769,67093,34451,7310
silver,2004-05-25,2004-05-28,88330,30587,7247,8723,13654,62775,35366,9585
silver,2004-06-01,2004-06-04,85891,30077,7209,9066,13271,63186,33477,6430
silver,2004-06-08,2004-06-11,83809,29672,9397,8052,12943,58450,33142,7910
silver,2004-06-15,2004-06-18,85796,29651,8623,8456,15132,60714,32557,8003
silver,2004-06-22,2004-06-25,90502,29109,8260,9378,16743,62088,35272,10776
silver,2004-06-29,2004-07-02,90221,30613,5165,8817,18812,68568,31979,7671
silver,2004-07-06,2004-07-09,82761,30389,6413,8735,12576,60868,31061,6745
silver,2004-07-13,2004-07-16,87162,36761,2825,8707,10362,68219,31332,7411
silver,2004-07-20,2004-07-23,92456,43271,3272,8427,9777,72715,30981,8042
silver,2004-07-27,2004-07-30,91991,40184,4728,7718,12793,70304,31296,9241
silver,2004-08-03,2004-08-06,94715,44765,4256,7993,10658,72797,31299,9669
silver,2004-08-10,2004-08-13,97251,48019,3675,7084,11239,78543,30909,7949
silver,2004-08-17,2004-08-20,96119,46370,2830,7316,11578,77830,30855,8143
silver,2004-08-24,2004-08-27,102711,48506,2074,9446,13122,82511,31637,8680
silver,2004-08-31,2004-09-03,95230,48118,2547,5048,12778,80316,29286,7319
silver,2004-09-07,2004-09-10,87139,38898,4221,5417,12019,69868,30805,7633
silver,2004-09-14,2004-09-17,82028,30554,7365,5313,15141,62590,31020,6760
silver,2004-09-21,2004-09-24,82327,30798,6958,5085,15058,62814,31386,7470
silver,2004-09-28,2004-10-01,83896,32046,4831,5210,15111,66557,31529,7298
silver,2004-10-05,2004-10-08,99518,50369,4088,7435,12655,79946,29059,8049
silver,2004-10-12,2004-10-15,107869,58594,5141,9232,10961,85103,29082,8393
silver,2004-10-19,2004-10-22,111307,60545,5058,9841,11935,87795,28986,8613
silver,2004-10-26,2004-10-29,116815,62746,6653,10590,13474,90254,30005,9318
silver,2004-11-02,2004-11-05,114494,58504,4172,11638,14859,89215,29493,9469
silver,2004-11-09,2004-11-12,123564,64181,6960,14998,14924,92869,29461,8737
silver,2004-11-16,2004-11-19,124272,64251,7074,14629,14310,92973,31082,9596
silver,2004-11-23,2004-11-26,121720,69820,4062,10218,11541,98341,30141,9099
silver,2004-11-30,2004-12-03,116958,70987,3763,4393,13545,100719,28033,8083
silver,2004-12-07,2004-12-10,125722,73786,3668,3920,18752,109964,29264,8170
silver,2004-12-14,2004-12-17,101771,46556,3331,4647,20074,87036,30494,6757
silver,2004-12-21,2004-12-24,98426,42217,4553,4894,21338,82233,29977,6746
silver,2004-12-28,2004-12-31,99266,42318,4612,4943,21040,82284,30965,7427
silver,2005-01-04,2005-01-07,96882,43147,4797,4887,18843,77637,30005,9561
silver,2005-01-11,2005-01-14,98189,42170,9052,6232,19423,73934,30364,8971
silver,2005-01-18,2005-01-21,98962,42288,9642,6253,20620,74229,29801,8838
silver,2005-01-25,2005-01-28,96891,40809,10583,6161,18862,70949,31059,9198
silver,2005-02-01,2005-02-04,95173,40985,10753,6582,18725,69140,28881,8698
silver,2005-02-08,2005-02-11,95344,39463,11700,7064,19194,66421,29623,10159
silver,2005-02-15,2005-02-18,96899,43664,6690,7495,17551,71976,28189,10738
silver,2005-02-22,2005-02-25,102103,47471,5157,8545,16025,76305,30062,12096
silver,2005-03-01,2005-03-04,99341,47371,4887,7835,14986,77260,29149,9359
silver,2005-03-08,2005-03-11,101960,49415,4676,7618,13903,80350,31024,9316
silver,2005-03-15,2005-03-18,102305,47955,3510,8068,15054,80962,31228,9765
silver,2005-03-22,2005-03-25,103328,45798,6246,8633,17765,79887,31132,8562
silver,2005-03-29,2005-04-01,96568,37645,4674,8573,19560,74972,30790,8349
silver,2005-04-05,2005-04-08,98663,39261,4663,7053,22778,78411,29571,8536
silver,2005-04-12,2005-04-15,102168,40952,4268,7271,22874,80126,31071,10503
silver,2005-04-19,2005-04-22,104305,40909,3273,7609,25083,83367,30704,10056
silver,2005-04-26,2005-04-29,111987,44601,4236,9658,23703,86601,34025,11492
silver,2005-05-03,2005-05-06,105261,37887,18029,7910,29004,71697,30460,7625
silver,2005-05-10,2005-05-13,104114,37632,15121,8685,27294,70479,30503,9829
silver,2005-05-17,2005-05-20,102869,38777,14087,8543,26752,70520,28797,9719
silver,2005-05-24,2005-05-27,105219,38526,13572,8659,28656,72860,29378,10128
silver,2005-05-31,2005-06-03,113358,52757,9956,8511,22521,85737,29569,9154
silver,2005-06-07,2005-06-10,121857,64948,7479,8640,17790,94662,30479,11076
silver,2005-06-14,2005-06-17,128442,59725,5778,13813,24633,98583,30271,10268
silver,2005-06-21,2005-06-24,130474,57072,5781,15426,25676,98147,32300,11120
silver,2005-06-28,2005-07-01,124362,52982,6335,10371,27220,95868,33789,11788
silver,2005-07-05,2005-07-08,122624,42886,18329,10269,35021,81531,34448,12495
silver,2005-07-12,2005-07-15,123279,41751,18891,10779,37284,80816,33465,12793
silver,2005-07-19,2005-07-22,128213,43198,21296,13183,38382,80908,33450,12826
silver,2005-07-26,2005-07-29,123485,41302,19384,13266,36453,78904,32464,11931
silver,2005-08-02,2005-08-05,122020,43043,9640,13790,32724,87071,32463,11519
silver,2005-08-09,2005-08-12,123818,41925,12687,14667,35010,85551,32216,10913
silver,2005-08-16,2005-08-19,121306,40199,15861,13311,34168,81025,33628,11109
silver,2005-08-23,2005-08-26,116131,40167,15490,11851,29796,76470,34317,12320
silver,2005-08-30,2005-09-02,120303,43817,32167,7952,35083,67188,33451,12996
silver,2005-09-06,2005-09-09,112175,39225,24659,7969,33429,68541,31552,11006
silver,2005-09-13,2005-09-16,115435,42004,26495,8192,34098,69382,31141,11366
silver,2005-09-20,2005-09-23,117718,49008,15548,8360,27885,81784,32465,12026
silver,2005-09-27,2005-09-30,118954,50616,13317,9938,25821,84503,32579,11196
silver,2005-10-04,2005-10-07,125742,55195,12413,11276,26807,90271,32464,11782
silver,2005-10-11,2005-10-14,134435,62883,11516,13276,26038,96634,32238,13009
silver,2005-10-18,2005-10-21,142530,66282,12036,13290,26591,99784,36367,17420
silver,2005-10-25,2005-10-28,138960,66256,12135,14317,25901,101417,32486,11091
silver,2005-11-01,2005-11-04,137967,60685,9137,15919,28578,100970,32785,11941
silver,2005-11-08,2005-11-11,143966,62257,11181,16487,31933,103861,33289,12437
silver,2005-11-15,2005-11-18,150342,65215,13493,19171,32637,105122,33319,12556
silver,2005-11-22,2005-11-25,149698,73548,12988,10265,29449,107773,36436,18672
silver,2005-11-29,2005-12-02,145136,75230,12079,5962,30527,112758,33417,14337
silver,2005-12-06,2005-12-09,141571,79031,12301,6671,23195,110390,32674,12209
silver,2005-12-13,2005-12-16,137249,72934,10147,6221,24426,107171,33668,13710
silver,2005-12-20,2005-12-23,133600,68903,7927,6209,26152,108822,32336,10642
silver,2005-12-27,2005-12-30,135028,69081,7888,6532,26004,109584,33411,11024
silver,2006-01-03,2006-01-06,131555,66488,7108,6895,25456,108045,32716,9507
silver,2006-01-10,2006-01-13,130725,64551,5580,7881,24497,106949,33796,10315
silver,2006-01-17,2006-01-20,131701,64299,5452,7935,23658,107107,35809,11207
silver,2006-01-24,2006-01-27,131185,66946,7114,8918,21056,102171,34265,12982
silver,2006-01-31,2006-02-03,133259,66502,10246,10257,19688,98383,36812,14373
silver,2006-02-07,2006-02-10,130754,62794,10006,11160,19361,95241,37439,14347
silver,2006-02-14,2006-02-17,127737,59275,8687,13599,21658,94525,33205,10926
silver,2006-02-21,2006-02-24,132532,59943,8096,15021,22009,95930,35559,13485
silver,2006-02-28,2006-03-03,127839,56871,12249,15476,23583,88793,31909,11321
silver,2006-03-07,2006-03-10,132341,61688,9732,14967,22142,96007,33544,11635
silver,2006-03-14,2006-03-17,127834,59251,8062,13980,21128,94462,33475,11330
silver,2006-03-21,2006-03-24,132347,62687,8786,15050,19905,95536,34705,12975
silver,2006-03-28,2006-03-31,134579,63054,10691,16663,20856,95008,34006,12217
silver,2006-04-04,2006-04-07,140419,62676,10830,20246,21029,97020,36468,12323
silver,2006-04-11,2006-04-14,141906,60028,13889,20339,22847,94633,38692,13045
silver,2006-04-18,2006-04-21,140408,56968,14792,21991,20866,90823,40583,12802
silver,2006-04-25,2006-04-28,127250,43242,7187,22454,24842,84940,36712,12669
silver,2006-05-02,2006-05-05,112421,41659,10448,16613,20888,75446,33261,9914
silver,2006-05-09,2006-05-12,110968,38664,8838,19104,21432,73721,31768,9305
silver,2006-05-16,2006-05-19,110184,35419,9349,19934,21968,70788,32863,10113
silver,2006-05-23,2006-05-26,110443,34795,8554,20566,23353,71231,31729,10092
silver,2006-05-30,2006-06-02,109388,35169,8797,23590,19930,68855,30699,8146
silver,2006-06-06,2006-06-09,112351,32662,9728,25304,24724,68330,29661,8989
silver,2006-06-13,2006-06-16,112993,33080,8612,25233,25567,69445,29113,9703
silver,2006-06-20,2006-06-23,112485,32276,9803,25222,27978,68486,27009,8974
silver,2006-06-27,2006-06-30,109024,30746,10906,20471,31229,69199,26578,8448
silver,2006-07-03,2006-07-07,97874,31220,7219,16185,24618,66362,25851,8108
silver,2006-07-11,2006-07-14,99551,31855,7464,18161,23466,65328,26069,8598
silver,2006-07-18,2006-07-21,99954,31264,8077,19059,23009,63733,26622,9085
silver,2006-07-25,2006-07-28,97539,31142,7320,19600,20804,62454,25993,8165
silver,2006-08-01,2006-08-04,98685,32228,7889,21451,18452,62793,26554,6552
silver,2006-08-08,2006-08-11,108463,37564,8994,24319,18336,66232,28244,8918
silver,2006-08-15,2006-08-18,111358,36719,8978,26466,21360,68455,26813,7459
silver,2006-08-22,2006-08-25,114877,38914,9361,26116,22594,71848,27253,7552
silver,2006-08-29,2006-09-01,112346,38861,9400,24382,21262,70022,27841,8542
silver,2006-09-05,2006-09-08,108132,40920,11100,20085,19816,70364,27311,6583
silver,2006-09-12,2006-09-15,101450,32926,10553,19038,24162,64270,25324,7589
silver,2006-09-19,2006-09-22,100314,29367,10286,19143,26450,62338,25354,8547
silver,2006-09-26,2006-09-29,100272,28267,9800,20190,27140,62995,24675,7287
silver,2006-10-03,2006-10-06,98967,27302,8089,20357,26222,62108,25086,8413
silver,2006-10-10,2006-10-13,100304,27850,8370,20878,27313,63119,24263,7937
silver,2006-10-17,2006-10-20,106890,31433,9026,23476,26641,66698,25340,7690
silver,2006-10-24,2006-10-27,109100,34851,8496,23437,25365,68469,25447,8698
silver,2006-10-31,2006-11-03,110237,36672,8570,22944,23248,69930,27373,8793
silver,2006-11-07,2006-11-10,113697,38784,8467,22548,23035,72927,29330,9755
silver,2006-11-14,2006-11-17,117486,43634,8540,21351,25283,79548,27218,8047
silver,2006-11-21,2006-11-24,116375,44371,6905,21208,23322,80486,27474,7776
silver,2006-11-28,2006-12-01,109864,46095,7051,14818,21989,80386,26962,7609
silver,2006-12-05,2006-12-08,106839,49012,7352,10205,21287,82054,26335,7228
silver,2006-12-12,2006-12-15,110084,51968,8364,9809,21075,84037,27232,7874
silver,2006-12-19,2006-12-22,103358,43218,6432,10711,23977,78315,25452,7900
silver,2006-12-26,2006-12-29,101141,41044,6541,11539,24528,75759,24030,7302
silver,2007-01-03,2007-01-05,103703,40337,8056,12394,23649,74480,27323,8773
silver,2007-01-09,2007-01-12,101420,40894,7262,12416,23402,72775,24708,8967
silver,2007-01-16,2007-01-19,101830,39984,7212,13116,22897,72820,25833,8682
silver,2007-01-23,2007-01-26,108484,43051,7398,14318,23868,78117,27247,8651
silver,2007-01-30,2007-02-02,112320,47120,8123,13528,23938,82394,27734,8275
silver,2007-02-06,2007-02-09,116607,49943,8816,14185,24398,85387,28081,8219
silver,2007-02-13,2007-02-16,123596,53943,10381,15564,25753,89360,28336,8291
silver,2007-02-20,2007-02-23,127032,56923,10495,14696,26339,90729,29074,11112
silver,2007-02-27,2007-03-02,125249,63891,9502,12975,22636,95689,25747,7083
silver,2007-03-06,2007-03-09,115412,44348,7308,14894,28039,84719,28131,8491
silver,2007-03-13,2007-03-16,112728,40204,6920,15600,29756,81149,27168,9059
silver,2007-03-20,2007-03-23,113072,38039,6475,16378,30335,81065,28320,9154
silver,2007-03-27,2007-03-30,111348,38443,6365,16696,28630,80585,27579,7702
silver,2007-04-03,2007-04-06,112120,39399,7739,16830,25973,77350,29918,10201
silver,2007-04-10,2007-04-13,118004,43105,9375,18268,26167,81958,30464,8403
silver,2007-04-17,2007-04-20,122313,47030,9997,18291,26140,84445,30852,9580
silver,2007-04-24,2007-04-27,123627,48794,10378,17696,27432,86088,29705,9465
silver,2007-05-01,2007-05-04,109108,43129,11404,14761,22005,75542,29213,7401
silver,2007-05-08,2007-05-11,108852,41590,11929,15022,23074,73766,29166,8135
silver,2007-05-15,2007-05-18,108698,41376,11620,15518,23602,74081,28202,7479
silver,2007-05-22,2007-05-25,108612,39806,14479,16974,24336,68807,27496,8352
silver,2007-05-29,2007-06-01,111742,41409,13717,17708,24132,71062,28493,9255
silver,2007-06-05,2007-06-08,115097,44461,11980,18731,22250,75366,29655,9020
silver,2007-06-12,2007-06-15,119583,44174,12494,22734,24552,75384,28123,8971
silver,2007-06-19,2007-06-22,124252,44649,9953,22711,27269,82078,29623,9510
silver,2007-06-26,2007-06-29,120288,40565,12713,20073,28444,76366,31206,11136
silver,2007-07-03,2007-07-06,117290,40070,16067,19269,29864,71918,28087,10036
silver,2007-07-10,2007-07-13,116724,40880,14402,18933,29107,73814,27804,9575
silver,2007-07-17,2007-07-20,115546,39986,12046,20305,27296,74216,27959,8979
silver,2007-07-24,2007-07-27,119064,42754,10411,22142,25919,78207,28249,8304
silver,2007-07-31,2007-08-03,118550,38580,11211,21085,29692,76627,29193,9627
silver,2007-08-07,2007-08-10,122787,39317,10377,22922,31888,79448,28660,10040
silver,2007-08-14,2007-08-17,122912,36203,9256,23977,33866,80298,28866,9381
silver,2007-08-21,2007-08-24,117914,32607,12809,24464,35312,70734,25531,9907
silver,2007-08-28,2007-08-31,111791,25712,16050,23160,35002,61984,27917,10597
silver,2007-09-04,2007-09-07,107814,25965,16688,22267,33683,58516,25899,10343
silver,2007-09-11,2007-09-14,108199,27426,16582,23295,31369,57796,26109,10526
silver,2007-09-18,2007-09-21,109750,28450,15241,23716,31931,61152,25653,9641
silver,2007-09-25,2007-09-28,116537,37848,13085,26200,26429,68589,26060,8663
silver,2007-10-02,2007-10-05,117498,39347,12749,26033,25629,70478,26489,8238
silver,2007-10-09,2007-10-12,120478,41278,13029,25936,26687,73685,26577,7828
silver,2007-10-16,2007-10-19,124780,41936,13040,27027,27425,76032,28392,8681
silver,2007-10-23,2007-10-26,122842,40818,12298,26170,28464,75619,27390,8755
silver,2007-10-30,2007-11-02,133518,44222,13733,30469,29344,80532,29483,8784
silver,2007-11-06,2007-11-09,150120,48322,14245,36563,33988,88954,31247,10358
silver,2007-11-13,2007-11-16,146205,45951,14724,34393,33634,88266,32227,8822
silver,2007-11-20,2007-11-23,146852,44350,14802,34051,37480,90365,30971,7634
silver,2007-11-27,2007-11-30,144601,42438,11564,33908,36684,88384,31571,10745
silver,2007-12-04,2007-12-07,138128,39409,11041,33818,35611,85186,29290,8083
silver,2007-12-11,2007-12-14,147922,42254,11234,37676,38941,92080,29051,6932
silver,2007-12-18,2007-12-21,148157,38234,12111,38927,40362,88289,30634,8830
silver,2007-12-24,2007-12-28,150953,40310,8820,41791,40229,92648,28623,7694
silver,2007-12-31,2008-01-04,152888,43450,8322,42710,37371,93869,29357,7987
silver,2008-01-08,2008-01-11,168508,51774,10691,47327,37921,101676,31486,8814
silver,2008-01-15,2008-01-18,177544,55869,12852,51412,38336,103678,31927,9602
silver,2008-01-22,2008-01-25,179362,58504,11916,50048,39040,107982,31770,9416
silver,2008-01-29,2008-02-01,183056,57683,11571,51780,40907,110412,32686,9293
silver,2008-02-05,2008-02-08,184677,58807,9057,52256,43255,113354,30359,10010
silver,2008-02-12,2008-02-15,187309,62875,10885,47598,46904,118872,29932,9954
silver,2008-02-19,2008-02-22,189151,63733,10595,44715,47210,123000,33493,10841
silver,2008-02-26,2008-02-29,173340,63537,9620,34136,40554,113703,35113,15881
silver,2008-03-04,2008-03-07,166625,62211,11594,31695,40419,111332,32300,12004
silver,2008-03-11,2008-03-14,162481,59926,8916,32832,38872,109774,30851,10959
silver,2008-03-18,2008-03-21,160860,59944,9489,32853,37413,108601,30650,9917
silver,2008-03-25,2008-03-28,148918,48579,8541,31329,40801,99922,28209,9126
silver,2008-04-01,2008-04-04,145358,47457,6193,31543,39781,98073,26577,9549
silver,2008-04-08,2008-04-11,145698,47194,7258,31449,40437,98064,26618,8927
silver,2008-04-15,2008-04-18,149199,46916,6379,32368,42771,100963,27144,9489
silver,2008-04-22,2008-04-25,153234,47548,6226,33512,45072,104747,27102,8749
silver,2008-04-29,2008-05-02,126504,48978,6421,19304,32510,92717,25712,8062
silver,2008-05-06,2008-05-09,121057,48779,7600,18235,27698,86446,26345,8776
silver,2008-05-13,2008-05-16,122802,49456,9415,18426,27010,86063,27910,8898
silver,2008-05-20,2008-05-23,125838,54227,11158,18551,25630,87870,27430,8259
silver,2008-05-27,2008-05-30,126583,55747,10909,17960,25034,89595,27842,8119
silver,2008-06-03,2008-06-06,123200,51098,9145,18517,26410,87075,27175,8463
silver,2008-06-10,2008-06-13,128241,51259,10338,20289,30053,89162,26640,8452
silver,2008-06-17,2008-06-20,130931,49452,9430,20730,33211,92480,27538,8291
silver,2008-06-24,2008-06-27,128720,49195,10195,20616,30744,89154,28165,8755
silver,2008-07-01,2008-07-04,130495,56414,9925,19289,27495,92817,27297,8464
silver,2008-07-08,2008-07-11,135835,59095,10957,20758,27542,96098,28440,8022
silver,2008-07-15,2008-07-18,143386,60062,10777,23072,30013,101164,30239,8373
silver,2008-07-22,2008-07-25,140089,57762,10802,22572,29884,98925,29871,7790
silver,2008-07-29,2008-08-01,132854,50265,10421,22346,33211,93068,27032,7019
silver,2008-08-05,2008-08-08,133255,46849,9649,24359,35217,90678,26830,8569
silver,2008-08-12,2008-08-15,140094,45941,9915,27363,41559,92209,25231,10607
silver,2008-08-19,2008-08-22,135028,42525,10961,23520,43891,90759,25092,9788
silver,2008-08-26,2008-08-29,125075,39453,11869,23633,37361,80469,24628,9104
silver,2008-09-02,2008-09-05,116628,40310,13301,21172,31721,70569,23425,11586
silver,2008-09-09,2008-09-12,116403,38840,14090,21703,31065,68568,24795,12042
silver,2008-09-16,2008-09-19,112340,38161,14660,19213,29032,66267,25934,12200
silver,2008-09-23,2008-09-26,104403,34169,13012,19711,26895,60267,23628,11413
silver,2008-09-30,2008-10-03,103812,30405,12069,20696,30397,59180,22314,11867
silver,2008-10-07,2008-10-10,99883,28882,11783,18595,30780,60609,21626,8896
silver,2008-10-14,2008-10-17,98596,28140,11218,18546,30987,58158,20923,10674
silver,2008-10-21,2008-10-24,95873,27104,13463,15945,33648,55916,19176,10549
silver,2008-10-28,2008-10-31,95716,27822,12754,16899,32678,56190,18317,9873
silver,2008-11-04,2008-11-07,94365,29015,11508,16981,29460,57368,18909,8508
silver,2008-11-11,2008-11-14,94494,30913,11287,18686,26743,54707,18152,9814
silver,2008-11-18,2008-11-21,91853,29678,10603,16457,27064,54522,18654,10271
silver,2008-11-25,2008-11-28,86878,24915,10756,14484,29610,53292,17869,8346
silver,2008-12-02,2008-12-05,82434,24263,8210,13767,27282,52176,17122,8281
silver,2008-12-09,2008-12-12,83476,24501,7618,15061,26936,51687,16978,9110
silver,2008-12-16,2008-12-19,87384,26737,7416,15124,26648,55831,18875,9013
silver,2008-12-22,2008-12-26,85219,26817,6577,14644,25634,56314,18124,7684
silver,2008-12-30,2009-01-02,85312,27106,7311,14300,25545,55789,18361,7912
silver,2009-01-06,2009-01-09,86788,26767,6578,14692,25818,56738,19511,8780
silver,2009-01-13,2009-01-16,85916,25899,7543,15470,26028,53708,18519,9195
silver,2009-01-20,2009-01-23,86349,26663,7597,14819,26347,55277,18520,8656
silver,2009-01-27,2009-01-30,89185,28760,7802,14775,26230,58425,19420,8183
silver,2009-02-03,2009-02-06,93813,29430,7015,16506,28118,61291,19759,9001
silver,2009-02-10,2009-02-13,96019,30842,6720,16205,28945,63982,20027,9112
silver,2009-02-17,2009-02-20,99325,30954,6237,17419,30435,66486,20517,9183
silver,2009-02-24,2009-02-27,101629,30975,5768,17811,33232,71463,19611,6587
silver,2009-03-03,2009-03-06,93051,32391,5706,13232,28264,66968,19164,7145
silver,2009-03-10,2009-03-13,92260,30549,5267,14212,28649,64416,18850,8365
silver,2009-03-17,2009-03-20,92796,29437,5022,15198,29155,64915,19006,7661
silver,2009-03-24,2009-03-27,93147,27711,4980,15973,30854,64455,18609,7739
silver,2009-03-31,2009-04-03,94506,27232,6645,17253,29827,62930,20194,7678
silver,2009-04-07,2009-04-10,93101,26198,8557,17080,29430,59011,20393,8453
silver,2009-04-14,2009-04-17,94568,24462,7656,19221,30683,59541,20202,8150
silver,2009-04-21,2009-04-24,96277,24516,10518,19648,31095,56266,21018,9845
silver,2009-04-28,2009-05-01,90687,24121,8402,16589,30037,57497,19940,8199
silver,2009-05-05,2009-05-08,89477,27385,6581,16042,26480,58403,19570,8451
silver,2009-05-12,2009-05-15,96546,32432,7932,16759,26221,63272,21134,8583
silver,2009-05-19,2009-05-22,96079,34189,5964,17361,23327,64874,21202,7880
silver,2009-05-26,2009-05-29,98120,33982,5948,17667,23168,65947,23303,8558
silver,2009-06-02,2009-06-05,104986,35789,7121,19352,26072,69046,23773,9467
silver,2009-06-09,2009-06-12,106447,36330,5446,19428,26514,73464,24175,8109
silver,2009-06-16,2009-06-19,103981,33876,4481,18844,27200,72802,24061,7854
silver,2009-06-23,2009-06-26,105699,30838,4633,23460,27673,69666,23728,7940
silver,2009-06-30,2009-07-03,104594,30233,5455,18672,31610,72094,24079,8373
silver,2009-07-07,2009-07-10,100376,29641,5515,19476,29798,67230,21461,8155
silver,2009-07-14,2009-07-17,99662,28690,7605,19200,29870,64495,21902,8362
silver,2009-07-21,2009-07-24,98269,28351,9811,18252,29821,63022,21845,7184
silver,2009-07-28,2009-07-31,97761,30181,8855,15644,29678,65564,22258,7698
silver,2009-08-04,2009-08-07,99477,32434,8585,14938,29767,68808,22338,7146
silver,2009-08-11,2009-08-14,104790,36581,8771,15381,29940,72286,22888,8352
silver,2009-08-18,2009-08-21,103527,35138,7287,15949,29631,72752,22809,7539
silver,2009-08-25,2009-08-28,101539,35667,6537,15128,28320,71038,22424,8836
silver,2009-09-01,2009-09-04,106671,42244,7815,14692,27994,76050,21741,8114
silver,2009-09-08,2009-09-11,116421,48685,7783,16597,26175,82576,24964,9465
silver,2009-09-15,2009-09-18,123873,54995,8526,17206,24923,86849,26749,11292
silver,2009-09-22,2009-09-25,128184,56756,9522,18659,25922,90277,26847,9726
silver,2009-09-29,2009-10-02,128695,54966,7556,19057,26732,90838,27940,11244
silver,2009-10-06,2009-10-09,131801,54614,7314,20511,26535,91723,30141,12253
silver,2009-10-13,2009-10-16,136015,55532,7257,23226,27902,93328,29355,12204
silver,2009-10-20,2009-10-23,135456,55740,7602,22677,28261,94265,28778,10912
silver,2009-10-27,2009-10-30,132843,51014,6874,21471,29343,93705,31015,10793
silver,2009-11-03,2009-11-06,129240,45742,5944,24951,32697,91680,25850,6665
silver,2009-11-09,2009-11-13,141794,43862,5908,30051,34800,93546,33081,12289
silver,2009-11-17,2009-11-20,142200,47597,7117,27334,35903,94284,31366,13465
silver,2009-11-24,2009-11-27,136162,48870,3222,21809,30971,95416,34512,15715
silver,2009-12-01,2009-12-04,131899,49798,4599,21009,28360,92184,32732,14107
silver,2009-12-08,2009-12-11,125999,46575,4039,20365,27039,88861,32020,12734
silver,2009-12-15,2009-12-18,121787,42440,3763,20591,27450,85358,31306,12075
silver,2009-12-22,2009-12-25,122294,42528,2850,21930,26982,84142,30854,13372
silver,2009-12-29,2010-01-01,124334,41886,3165,23665,27360,84710,31423,12794
silver,2010-01-05,2010-01-08,125391,44312,4813,22940,26098,83488,32041,14150
silver,2010-01-12,2010-01-15,128675,48703,4175,23583,26124,87870,30265,13047
silver,2010-01-19,2010-01-22,131385,49357,5056,22737,26749,88439,32542,15153
silver,2010-01-26,2010-01-29,124895,41473,4404,22369,29036,83747,32017,14375
silver,2010-02-02,2010-02-05,122261,36924,6047,23263,32572,79135,29502,13816
silver,2010-02-09,2010-02-12,118593,32438,9073,22446,34830,72630,28879,14444
silver,2010-02-16,2010-02-19,120166,34615,9237,22395,35553,73779,27603,14755
silver,2010-02-23,2010-02-26,117376,35495,7679,19832,36528,76298,25521,13567
silver,2010-03-02,2010-03-05,108248,36721,5663,16388,31034,71974,24105,14223
silver,2010-03-09,2010-03-12,112130,40051,4886,17569,29220,75019,25290,14656
silver,2010-03-16,2010-03-19,114192,40126,5270,17821,29779,77787,26466,13314
silver,2010-03-23,2010-03-26,112520,38105,5804,18465,29886,75584,26064,12667
silver,2010-03-30,2010-04-02,113405,38734,5753,19727,31259,77576,23685,10349
silver,2010-04-06,2010-04-09,118712,44052,6529,20223,29839,81525,24598,10435
silver,2010-04-13,2010-04-16,123661,47495,7890,18963,30927,86316,26276,10492
silver,2010-04-20,2010-04-23,126679,46960,8098,21052,32605,86922,26062,10607
silver,2010-04-27,2010-04-30,124157,48462,7895,19410,29762,86183,26523,10669
silver,2010-05-04,2010-05-07,123448,47287,8627,17812,32069,87457,26280,9552
silver,2010-05-11,2010-05-14,122669,47848,10258,17939,30697,83215,26185,11257
silver,2010-05-18,2010-05-21,125228,51664,8874,16890,30235,89453,26439,10011
silver,2010-05-25,2010-05-28,120120,42146,7314,21424,31781,83230,24769,8152
silver,2010-06-01,2010-06-04,122368,41797,5912,21694,33716,85671,25161,9091
silver,2010-06-08,2010-06-11,122536,40478,5475,22511,33856,85900,25691,8650
silver,2010-06-15,2010-06-18,131070,43464,5948,27733,34328,88109,25545,9280
silver,2010-06-22,2010-06-25,139019,46666,6615,30422,35668,91244,26263,10738
silver,2010-06-29,2010-07-02,128065,47455,5545,25831,30402,88911,24377,7778
silver,2010-07-06,2010-07-09,118962,39876,4832,23026,29776,82143,26284,8961
silver,2010-07-13,2010-07-16,117959,39176,3994,22741,30751,81965,25291,9259
silver,2010-07-20,2010-07-23,117531,37827,6193,21709,31904,79864,26091,9765
silver,2010-07-27,2010-07-30,117370,38480,8143,20175,32835,79603,25880,9449
silver,2010-08-03,2010-08-06,123464,43185,6730,23374,31537,84080,25368,9280
silver,2010-08-10,2010-08-13,123370,42597,6863,22540,31676,84429,26557,9538
silver,2010-08-17,2010-08-20,128848,43251,7679,24423,33949,87693,27225,9053
silver,2010-08-24,2010-08-27,124185,42255,7448,23449,31306,82158,27175,11130
silver,2010-08-31,2010-09-03,130813,54472,9659,22086,27884,87261,26371,11807
silver,2010-09-07,2010-09-10,139522,59112,11909,23951,28855,90653,27604,13009
silver,2010-09-14,2010-09-17,144798,60696,11905,23909,29764,94825,30429,14159
silver,2010-09-21,2010-09-24,146767,62013,12642,25380,28973,94276,30401,14469
silver,2010-09-28,2010-10-01,154219,66066,14585,28242,29034,94447,30877,16945
silver,2010-10-05,2010-10-08,156096,63681,15198,32169,30023,92150,30223,16579
silver,2010-10-12,2010-10-15,153970,59615,14263,33687,29899,91403,30769,14617
silver,2010-10-19,2010-10-22,151104,56278,12981,36736,28601,86751,29489,14636
silver,2010-10-26,2010-10-29,152980,53018,12509,39270,30157,88023,30535,13178
silver,2010-11-02,2010-11-05,158633,52625,12834,44377,31152,87200,30479,14222
silver,2010-11-09,2010-11-12,156418,46004,13421,43085,33976,84461,33353,15451
silver,2010-11-16,2010-11-19,146693,40243,12139,38951,37001,82655,30498,12948
silver,2010-11-23,2010-11-26,147685,40307,9881,36383,37420,84273,33575,17148
silver,2010-11-30,2010-12-03,133139,40818,6784,33232,29791,79561,29298,13562
silver,2010-12-07,2010-12-10,137675,42606,9637,35326,29245,78070,30498,14642
silver,2010-12-14,2010-12-17,130145,39450,9218,31201,28454,76590,31040,13136
silver,2010-12-21,2010-12-24,133135,39180,8885,32475,30852,77909,30628,13866
silver,2010-12-28,2010-12-31,137918,41539,9420,33338,30286,81177,32755,13983
silver,2011-01-04,2011-01-07,136931,40483,10448,34204,29598,79349,32646,12930
silver,2011-01-11,2011-01-14,136331,38570,9301,36814,30787,77537,30160,12679
silver,2011-01-18,2011-01-21,135675,40010,10357,36169,30663,76031,28833,13118
silver,2011-01-25,2011-01-28,125229,38699,10473,26445,29818,72964,30267,15347
silver,2011-02-01,2011-02-04,125287,37883,7203,25320,31966,76767,30118,15997
silver,2011-02-08,2011-02-11,135797,44915,7852,27423,31150,82267,32309,18255
silver,2011-02-15,2011-02-18,147113,50718,9781,30699,34051,89098,31645,17535
silver,2011-02-22,2011-02-25,145070,50937,11714,26430,31935,89728,35768,17198
silver,2011-03-01,2011-03-04,135802,49750,11848,20531,31676,88136,33845,15287
silver,2011-03-08,2011-03-11,133485,50394,11900,20159,30841,86191,32091,15235
silver,2011-03-15,2011-03-18,134914,47290,12336,22274,31210,84631,34140,15673
silver,2011-03-22,2011-03-25,135988,47552,10777,23992,31526,86708,32918,14511
silver,2011-03-29,2011-04-01,138486,47764,10625,23075,32587,87882,35060,16904
silver,2011-04-05,2011-04-08,143013,48890,12105,25708,33413,89827,35002,15373
silver,2011-04-12,2011-04-15,144670,46305,13583,28968,34794,86073,34603,16046
silver,2011-04-19,2011-04-22,144981,48325,14559,27451,34043,86735,35162,16236
silver,2011-04-26,2011-04-29,143341,43078,18083,28356,35763,78297,36144,18605
silver,2011-05-03,2011-05-06,131907,42751,19397,24159,30743,73203,34254,15148
silver,2011-05-10,2011-05-13,123537,34239,10753,24989,33266,74602,31043,13193
silver,2011-05-17,2011-05-20,120227,30936,13501,24428,36082,70099,28781,12199
silver,2011-05-24,2011-05-27,121395,31754,14171,27380,33663,68622,28598,11222
silver,2011-05-31,2011-06-03,120853,28870,11288,27241,36702,71025,28040,11299
silver,2011-06-07,2011-06-10,121191,28761,11762,27441,37428,70756,27561,11232
silver,2011-06-14,2011-06-17,118846,29261,12674,23199,38561,71785,27825,11188
silver,2011-06-21,2011-06-24,120238,30454,11131,25832,35382,70946,28570,12329
silver,2011-06-28,2011-07-01,114330,27439,11441,23733,36894,66060,26264,13096
silver,2011-07-05,2011-07-08,111251,28131,9296,22565,33548,66999,27007,12391
silver,2011-07-12,2011-07-15,112795,29967,9464,23869,30712,68202,28247,11260
silver,2011-07-19,2011-07-22,115999,34248,13499,20535,31009,70522,30207,11443
silver,2011-07-26,2011-07-29,119563,37358,13445,21332,29990,72763,30883,12023
silver,2011-08-02,2011-08-05,120385,38265,13414,20805,30441,75029,30874,11137
silver,2011-08-09,2011-08-12,115939,32101,13713,18761,36394,71735,28683,11730
silver,2011-08-16,2011-08-19,116007,32697,10769,19745,34555,75236,29010,10257
silver,2011-08-23,2011-08-26,122543,38756,11745,19119,34281,81380,30387,10299
silver,2011-08-30,2011-09-02,112375,36537,9694,17430,31944,77092,26464,8159
silver,2011-09-06,2011-09-09,113449,37185,9978,16965,30563,77869,28736,8637
silver,2011-09-13,2011-09-16,112726,36588,10301,17090,31851,77238,27197,8097
silver,2011-09-20,2011-09-23,112103,33947,11409,17596,32373,73081,28187,10017
silver,2011-09-27,2011-09-30,102014,25153,9728,18511,38025,62287,20325,11488
silver,2011-10-04,2011-10-07,101102,23859,11959,18780,39584,58507,18879,11856
silver,2011-10-11,2011-10-14,99698,23571,11623,18828,37590,58418,19709,10829
silver,2011-10-18,2011-10-21,103357,23005,12653,20205,40121,58895,20026,11604
silver,2011-10-25,2011-10-28,107066,23660,12638,21580,38176,61692,23650,11156
silver,2011-11-01,2011-11-04,108675,24084,11910,23612,39207,62049,21772,11104
silver,2011-11-08,2011-11-11,111841,24414,11474,17720,41455,66166,28252,16481
silver,2011-11-15,2011-11-18,110513,25822,11375,22303,38950,65242,23438,11593
silver,2011-11-22,2011-11-25,108548,23577,10953,22298,40241,61972,22432,13325
silver,2011-11-29,2011-12-02,98959,23816,11722,16103,38884,59572,20156,11562
silver,2011-12-06,2011-12-09,95684,23211,10581,16064,35493,58012,20916,11027
silver,2011-12-13,2011-12-16,98311,25572,11905,17176,35629,55934,19934,13296
silver,2011-12-20,2011-12-23,101165,24302,16874,17979,40017,54842,18867,11470
silver,2011-12-27,2011-12-30,103993,24026,17171,18449,41224,55356,20294,13017
silver,2012-01-03,2012-01-06,107101,26629,16991,19212,41300,57216,19960,13682
silver,2012-01-10,2012-01-13,104345,26208,15137,18856,38959,58021,20322,12331
silver,2012-01-17,2012-01-20,103668,26209,12816,19228,39029,59411,19202,12213
silver,2012-01-24,2012-01-27,103025,27051,10934,20520,35283,60304,20171,11267
silver,2012-01-31,2012-02-03,101747,28465,9374,19604,33693,62422,19985,10347
silver,2012-02-07,2012-02-10,106008,32239,8652,20019,31795,66445,21955,10892
silver,2012-02-14,2012-02-17,104872,32860,7192,19371,31427,68737,21214,9572
silver,2012-02-21,2012-02-24,110583,34819,8154,21545,31735,70923,22484,9961
silver,2012-02-28,2012-03-02,115866,38012,8009,19872,33802,78395,24180,9590
silver,2012-03-06,2012-03-09,111023,30635,7443,21500,36329,72125,22559,9955
silver,2012-03-13,2012-03-16,111730,28459,6643,24785,35341,70972,23145,9330
silver,2012-03-20,2012-03-23,111422,28489,7320,24246,37622,69748,21065,10108
silver,2012-03-27,2012-03-30,109859,26897,8242,23006,38722,68400,21234,10211
silver,2012-04-03,2012-04-06,116434,29242,9187,25257,39894,71230,22041,10760
silver,2012-04-10,2012-04-13,114469,28154,9968,23979,42151,68537,20185,11985
silver,2012-04-17,2012-04-20,121448,28051,9644,25912,44523,71020,22962,14872
silver,2012-04-24,2012-04-27,122325,28913,12442,25821,48344,70697,19247,13365
silver,2012-05-01,2012-05-04,110862,26855,11271,21364,42450,66193,20193,12034
silver,2012-05-08,2012-05-11,113549,28008,15445,20163,45482,63381,19896,14560
silver,2012-05-15,2012-05-18,114208,27251,15777,21734,45565,61473,19658,15224
silver,2012-05-22,2012-05-25,113647,28018,17221,20984,44547,59769,20098,15673
silver,2012-05-29,2012-06-01,113961,26499,17941,20712,45817,60151,20933,15157
silver,2012-06-05,2012-06-08,116809,27809,18015,22781,44927,61452,21292,14561
silver,2012-06-12,2012-06-15,122080,26716,17107,26363,46701,64620,22300,13990
silver,2012-06-19,2012-06-22,122508,27767,17665,25590,47447,64401,21704,14852
silver,2012-06-26,2012-06-29,126164,28362,22140,27648,48591,60602,21563,15774
silver,2012-07-03,2012-07-06,122128,28662,18956,26979,45803,63157,20684,13036
silver,2012-07-10,2012-07-13,124109,28434,19652,26284,48371,62478,21020,15695
silver,2012-07-17,2012-07-20,121819,28431,20775,24156,48214,63349,21018,13539
silver,2012-07-24,2012-07-27,123661,30291,22132,25417,47198,62653,20755,13459
silver,2012-07-31,2012-08-03,121809,31394,18358,25681,43698,65060,21036,12710
silver,2012-08-07,2012-08-10,124276,31421,17741,26680,44595,66447,21580,13408
silver,2012-08-14,2012-08-17,128993,32317,16730,27125,47797,71199,21754,13939
silver,2012-08-21,2012-08-24,127776,35646,14446,24554,43146,75623,24430,13153
silver,2012-08-28,2012-08-31,121777,39708,11070,22132,38039,76613,21898,11962
silver,2012-09-04,2012-09-07,119504,42283,9853,21516,32297,77217,23408,10918
silver,2012-09-11,2012-09-14,121050,41371,9889,22212,32206,79478,25261,9471
silver,2012-09-18,2012-09-21,127032,43205,10650,23977,31884,82358,27966,10047
silver,2012-09-25,2012-09-28,133163,44778,10768,24808,34451,86110,29126,11477
silver,2012-10-02,2012-10-05,139117,47236,9118,26027,35788,93628,30066,10344
silver,2012-10-09,2012-10-12,140426,49398,9573,26416,36184,93188,28428,11249
silver,2012-10-16,2012-10-19,141405,49041,8913,28162,36221,93315,27981,11015
silver,2012-10-23,2012-10-26,140643,47463,9327,29957,35786,91285,27437,10074
silver,2012-10-30,2012-11-02,137585,46782,10565,27053,36939,90671,26811,9296
silver,2012-11-06,2012-11-09,139313,44230,10111,30677,38726,88404,25680,10121
silver,2012-11-13,2012-11-16,144567,45185,10775,30405,41797,92758,27180,10629
silver,2012-11-20,2012-11-23,150335,47308,9347,30655,43419,98605,28953,11728
silver,2012-11-27,2012-11-30,150727,51084,9809,26738,42544,101878,30361,12302
silver,2012-12-04,2012-12-07,141738,50204,8932,24087,38410,96924,29037,11795
silver,2012-12-11,2012-12-14,142085,48548,9048,24475,39515,97438,29547,11124
silver,2012-12-18,2012-12-21,141423,44889,8900,26619,40347,95686,29568,10218
silver,2012-12-24,2012-12-28,140751,39620,8977,30380,44302,91010,26449,10384
silver,2012-12-31,2013-01-04,141489,38291,9104,31177,45415,90751,26606,10457
silver,2013-01-08,2013-01-11,137542,37257,9163,30195,44977,86242,25113,11942
silver,2013-01-15,2013-01-18,140433,38382,9810,29529,46337,88369,26185,12725
silver,2013-01-22,2013-01-25,142279,41282,10189,28972,44790,92188,27235,10930
silver,2013-01-29,2013-02-01,148532,43089,8285,33630,45404,95671,26409,10946
silver,2013-02-05,2013-02-08,151512,42449,6588,35724,46293,98239,27046,10961
silver,2013-02-12,2013-02-15,152817,40205,8133,33747,52182,98979,26683,11958
silver,2013-02-19,2013-02-22,155353,39057,12601,34909,54208,92164,27179,15679
silver,2013-02-26,2013-03-01,145625,37753,16016,30823,52509,83395,24540,15391
silver,2013-03-05,2013-03-08,147100,38449,19846,31021,52774,81957,24856,14276
silver,2013-03-12,2013-03-15,148283,38637,20529,32818,51929,81352,24899,13584
silver,2013-03-19,2013-03-22,151521,38707,23656,32467,55014,81453,25333,13945
silver,2013-03-26,2013-03-29,151568,37548,26144,31875,55564,79605,26581,13944
silver,2013-04-02,2013-04-05,155755,38201,30055,32496,57847,76350,27211,16854
silver,2013-04-09,2013-04-12,162241,38492,30577,36935,61060,78984,25754,15745
silver,2013-04-16,2013-04-19,157302,39701,22103,33283,61641,84139,22677,17777
silver,2013-04-23,2013-04-26,158970,38817,23816,31113,68258,85422,20782,18619
silver,2013-04-30,2013-05-03,143477,35720,23530,23400,65685,79915,18672,16632
silver,2013-05-07,2013-05-10,144156,35834,22183,23765,65703,80159,18854,18049
silver,2013-05-14,2013-05-17,144666,35690,24896,22992,66717,79935,19267,16843
silver,2013-05-21,2013-05-24,148619,35533,26718,24576,67754,79680,20756,17645
silver,2013-05-28,2013-05-31,145299,34059,29468,24345,66428,74762,20467,16724
silver,2013-06-04,2013-06-07,145734,35051,29695,24211,66857,75256,19615,16572
silver,2013-06-11,2013-06-14,147175,35509,31806,23972,68438,73458,19256,17939
silver,2013-06-18,2013-06-21,149891,35474,31570,26937,68245,74197,19235,17187
silver,2013-06-25,2013-06-28,140639,34505,33668,20224,66478,70571,19432,16176
silver,2013-07-02,2013-07-05,136146,36175,31528,18013,63219,70988,18739,15617
silver,2013-07-09,2013-07-12,133851,36560,31539,16617,62307,69205,18367,16490
silver,2013-07-16,2013-07-19,133445,36775,30140,16472,61325,72647,18873,14186
silver,2013-07-23,2013-07-26,131748,35440,29759,15696,60950,71063,19662,15230
silver,2013-07-30,2013-08-02,132831,35628,30653,17780,60510,68817,18913,15581
silver,2013-08-06,2013-08-09,132053,34627,29160,19278,58203,68503,19945,15112
silver,2013-08-13,2013-08-16,135226,36945,24236,17054,60196,80472,21031,13464
silver,2013-08-20,2013-08-23,131076,37308,18800,15539,59439,82713,18790,14024
silver,2013-08-27,2013-08-30,122271,33147,16767,13533,54973,79347,20618,12624
silver,2013-09-03,2013-09-06,115644,34616,15769,11706,49643,77006,19679,11163
silver,2013-09-10,2013-09-13,112276,32644,16810,12467,48979,72477,18186,10522
silver,2013-09-17,2013-09-20,112757,30889,17083,12646,49729,71983,19493,11045
silver,2013-09-24,2013-09-27,112317,29357,16705,12566,52271,71892,18123,11154
silver,2013-10-01,2013-10-04,115238,31235,18460,12795,54294,70939,16914,13044
silver,2013-10-08,2013-10-11,116098,31887,16881,12216,52815,74081,19180,12920
silver,2013-10-15,2013-10-18,116207,33368,18600,11901,52976,72249,17962,13457
silver,2013-10-22,2013-10-25,116767,35706,17498,10994,51120,76005,18947,12270
silver,2013-10-29,2013-11-01,117934,36674,18225,10402,51321,77457,19537,11850
silver,2013-11-05,2013-11-08,118718,36134,17231,10882,51669,77503,20033,13102
silver,2013-11-12,2013-11-15,129525,37380,24344,12569,55623,78252,23953,14360
silver,2013-11-19,2013-11-22,138809,38586,28555,15494,60926,78390,23803,16370
silver,2013-11-26,2013-11-29,133287,39270,32648,10641,56669,73097,26707,16901
silver,2013-12-03,2013-12-06,133109,40438,37537,10015,56666,68831,25990,16726
silver,2013-12-10,2013-12-13,133086,42551,32598,10308,56471,74003,23756,16177
silver,2013-12-17,2013-12-20,133306,41916,30368,11925,55860,75105,23605,15908
silver,2013-12-24,2013-12-27,132501,42097,29999,11126,56157,75843,23121,15533
silver,2013-12-31,2014-01-03,132475,42083,27402,11149,54280,79052,24963,14872
silver,2014-01-07,2014-01-10,131294,41285,23950,12756,53875,79404,23378,15184
silver,2014-01-14,2014-01-17,136158,41287,24798,14479,58869,83678,21523,13203
silver,2014-01-21,2014-01-24,139468,42334,26466,14868,60600,84551,21666,13583
silver,2014-01-28,2014-01-31,144244,40816,30324,17023,62077,83110,24328,13787
silver,2014-02-04,2014-02-07,149163,41321,34333,19017,65457,80309,23368,15504
silver,2014-02-11,2014-02-14,147988,41279,28645,21235,61524,83941,23950,14167
silver,2014-02-18,2014-02-21,147035,40506,16971,19267,63221,96074,24041,14723
silver,2014-02-25,2014-02-28,144305,44848,15911,16880,59225,98210,23352,13304
silver,2014-03-04,2014-03-07,133550,44297,16388,13046,54619,94388,21588,9728
silver,2014-03-11,2014-03-14,136625,43886,17222,14767,55639,93273,22333,11363
silver,2014-03-18,2014-03-21,144578,44744,20372,16260,60632,96532,22942,11414
silver,2014-03-25,2014-03-28,147597,45500,26487,17406,60091,91846,24600,11858
silver,2014-04-01,2014-04-04,150361,44145,29641,19159,61104,89546,25953,12015
silver,2014-04-08,2014-04-11,159316,45042,28780,20988,67545,96450,25741,13098
silver,2014-04-15,2014-04-18,164158,45957,32858,17939,74713,98007,25549,15354
silver,2014-04-22,2014-04-25,157687,45868,31751,16513,71987,94760,23319,14663
silver,2014-04-29,2014-05-02,149341,46103,34052,15717,63507,86863,24014,12709
silver,2014-05-06,2014-05-09,149495,45772,35393,16379,63588,83937,23756,13786
silver,2014-05-13,2014-05-16,149922,46625,35088,16523,63645,83079,23129,15232
silver,2014-05-20,2014-05-23,150164,45967,37891,17061,63691,81288,23445,13924
silver,2014-05-27,2014-05-30,156319,48126,43038,18920,64976,79206,24297,15155
silver,2014-06-03,2014-06-06,161062,49778,49012,20738,65523,75163,25023,16149
silver,2014-06-10,2014-06-13,161532,48592,44486,24839,63087,77409,25014,14798
silver,2014-06-17,2014-06-20,164576,48333,34996,25775,66461,89299,24007,14506
silver,2014-06-24,2014-06-27,158093,54160,24830,19306,58728,101625,25899,12332
silver,2014-07-01,2014-07-04,156698,60392,20093,19883,52495,104450,23928,12272
silver,2014-07-08,2014-07-11,162879,67029,19148,21539,51053,109071,23258,13121
silver,2014-07-15,2014-07-18,162447,65907,16629,24774,49410,108106,22356,12938
silver,2014-07-22,2014-07-25,162485,64277,16752,25589,49553,107900,23066,12244
silver,2014-07-29,2014-08-01,158558,59030,14918,24591,51091,107674,23846,11375
silver,2014-08-05,2014-08-08,157578,54165,19802,23600,52922,101125,26891,13051
silver,2014-08-12,2014-08-15,158219,53942,24245,19770,57024,100750,27483,13454
silver,2014-08-19,2014-08-22,164893,53677,29526,22376,60527,97910,28313,15081
silver,2014-08-26,2014-08-29,164262,55545,33021,19691,60343,97662,28683,13888
silver,2014-09-02,2014-09-05,162307,59472,39917,18048,57555,89850,27232,14492
silver,2014-09-09,2014-09-12,165281,58910,42373,19004,59823,89776,27544,14128
silver,2014-09-16,2014-09-19,171260,58536,47624,20269,64619,88178,27836,15189
silver,2014-09-23,2014-09-26,170393,55602,46780,21943,67047,83814,25801,17856
silver,2014-09-30,2014-10-03,173222,58730,52104,18922,68945,84406,26625,17790
silver,2014-10-07,2014-10-10,171283,58526,49584,19835,67816,84056,25106,17808
silver,2014-10-14,2014-10-17,169329,58188,50451,18900,66900,83160,25341,16818
silver,2014-10-21,2014-10-24,170192,57236,50405,18335,70098,84689,24523,16763
silver,2014-10-28,2014-10-31,173733,57469,51537,20011,71215,85370,25038,16815
silver,2014-11-04,2014-11-07,176463,58088,51146,20093,73977,86385,24305,18839
silver,2014-11-11,2014-11-14,170684,57465,47033,19283,69712,87324,24224,17044
silver,2014-11-18,2014-11-21,173075,56831,45077,18742,74136,92503,23366,16753
silver,2014-11-25,2014-11-28,156984,52883,37427,16352,65268,87311,22481,15894
silver,2014-12-02,2014-12-05,148422,50686,29095,14626,62023,88609,21087,16092
silver,2014-12-09,2014-12-12,148195,52129,23670,14919,59448,94805,21699,14801
silver,2014-12-16,2014-12-19,150199,52921,26432,13989,62195,96192,21094,13586
silver,2014-12-23,2014-12-26,149149,52057,25744,14178,62444,96176,20470,13051
silver,2014-12-30,2015-01-02,149594,54126,24104,13989,60612,99248,20867,12253
silver,2015-01-06,2015-01-09,152879,54911,22872,14900,62455,102064,20613,13043
silver,2015-01-13,2015-01-16,157282,59808,19869,15845,61363,108167,20266,13401
silver,2015-01-20,2015-01-23,159904,62203,15929,15367,60587,116228,21747,12380
silver,2015-01-27,2015-01-30,162440,65722,12375,15557,59964,121557,21197,12951
silver,2015-02-03,2015-02-06,168486,64166,13593,18947,65063,121262,20310,14684
silver,2015-02-10,2015-02-13,168146,62034,15170,20438,64438,117895,21236,14643
silver,2015-02-17,2015-02-20,175193,61145,19822,24075,68694,116415,21279,14881
silver,2015-02-24,2015-02-27,166676,57348,20009,23044,67267,109414,19017,14209
silver,2015-03-03,2015-03-06,164018,56342,25135,22609,63453,103165,21614,13109
silver,2015-03-10,2015-03-13,169125,57966,31994,23489,65853,99116,21817,14526
silver,2015-03-17,2015-03-20,178524,61649,37238,23631,72202,102412,21042,15243
silver,2015-03-24,2015-03-27,172659,62332,30209,22797,67276,106518,20254,13135
silver,2015-03-31,2015-04-03,170105,65426,22314,21968,63225,113086,19486,12737
silver,2015-04-07,2015-04-10,169700,63241,21160,21733,64592,115030,20134,11777
silver,2015-04-14,2015-04-17,177877,61417,26872,27726,67026,110891,21708,12388
silver,2015-04-21,2015-04-24,182633,60848,36523,24995,73151,106987,23639,14128
silver,2015-04-28,2015-05-01,179461,64340,41410,21236,69451,103450,24434,13365
silver,2015-05-05,2015-05-08,175694,65383,37760,20964,67908,105158,21439,11812
silver,2015-05-12,2015-05-15,174919,65302,35964,20088,68337,106440,21192,12427
silver,2015-05-19,2015-05-22,174337,68171,16891,21281,62550,125035,22335,11130
silver,2015-05-26,2015-05-29,173629,66592,15611,21336,63321,124823,22380,11859
silver,2015-06-02,2015-06-05,178343,63573,16728,24931,67193,124762,22646,11922
silver,2015-06-09,2015-06-12,189524,65881,43335,24291,71347,107288,28005,14610
silver,2015-06-16,2015-06-19,191774,67315,51643,22426,74139,102994,27894,14711
silver,2015-06-23,2015-06-26,200273,74254,58697,23474,73843,103320,28702,14782
silver,2015-06-30,2015-07-03,196724,71886,62005,22560,76246,97406,26032,14753
silver,2015-07-07,2015-07-10,197092,70786,63993,23008,78158,92477,25140,17614
silver,2015-07-14,2015-07-17,185716,66392,56839,21631,75946,91535,21747,15711
silver,2015-07-21,2015-07-24,190226,66576,62331,20421,79791,90958,23438,16516
silver,2015-07-28,2015-07-31,190322,67125,60829,21869,79630,91703,21698,15921
silver,2015-08-04,2015-08-07,185848,66772,58367,21357,76161,89917,21558,16207
silver,2015-08-11,2015-08-14,177902,65566,48729,22975,68255,90482,21106,15716
silver,2015-08-18,2015-08-21,173545,59535,45501,17977,71220,94613,24813,15454
silver,2015-08-25,2015-08-28,167243,58687,43129,14926,71182,95152,22448,14036
silver,2015-09-01,2015-09-04,157013,57866,40394,15074,63067,85633,21006,15912
silver,2015-09-08,2015-09-11,155615,58761,40020,14944,60995,86555,20915,14096
silver,2015-09-15,2015-09-18,158007,60443,46180,14576,61170,82527,21818,14724
silver,2015-09-22,2015-09-25,152140,60413,35554,14554,56244,87558,20929,14474
silver,2015-09-29,2015-10-02,156905,61556,38453,17221,56932,87038,21196,14193
silver,2015-10-06,2015-10-09,156226,68838,28052,16960,48944,98446,21484,12768
silver,2015-10-13,2015-10-16,161346,74575,22865,20210,45022,103648,21539,14623
silver,2015-10-20,2015-10-23,167574,79449,22151,23381,42189,108989,22555,13053
silver,2015-10-27,2015-10-30,169757,82023,19578,24994,41050,110423,21690,14762
silver,2015-11-03,2015-11-06,166942,77220,18843,25492,41512,108653,22718,13954
silver,2015-11-10,2015-11-13,162435,72304,33314,15952,48381,98510,25798,14659
silver,2015-11-17,2015-11-20,170721,72282,47028,14945,57596,93120,25898,15628
silver,2015-11-24,2015-11-27,170092,70210,50817,16065,58718,87443,25099,15767
silver,2015-12-01,2015-12-04,163286,72909,51019,13123,53239,83060,24015,16084
silver,2015-12-08,2015-12-11,162758,70591,49331,16103,52285,83312,23779,14012
silver,2015-12-15,2015-12-18,166864,71479,55902,16805,54707,78249,23873,15908
silver,2015-12-22,2015-12-25,161116,68584,45193,19382,51148,82310,22002,14231
silver,2015-12-29,2016-01-01,165006,68450,47746,20363,52149,82027,24044,14870
silver,2016-01-05,2016-01-08,167520,69779,48153,22172,52680,81479,22889,15716
silver,2016-01-12,2016-01-15,166172,71255,48772,19696,50690,81252,24531,16452
silver,2016-01-19,2016-01-22,159521,68196,39238,19274,49508,85542,22543,15467
silver,2016-01-26,2016-01-29,154734,68920,31334,16749,46228,91352,22837,15299
silver,2016-02-02,2016-02-05,157934,70685,32097,17609,47967,93441,21673,14787
silver,2016-02-09,2016-02-12,164664,78108,25426,17923,44437,106146,24196,15169
silver,2016-02-16,2016-02-19,166645,80249,21532,18689,44638,114700,23069,11724
silver,2016-02-23,2016-02-26,174697,83189,21262,22171,45040,118717,24297,12547
silver,2016-03-01,2016-03-04,162293,78607,23127,13530,48025,113262,22131,12374
silver,2016-03-08,2016-03-11,169875,79879,19995,18527,47434,118249,24035,13104
silver,2016-03-15,2016-03-18,166180,76606,18533,19118,46447,116471,24009,12058
silver,2016-03-22,2016-03-25,175775,82933,19504,18377,47743,124985,26722,12909
silver,2016-03-29,2016-04-01,175255,79493,24986,21836,47675,115779,26251,12654
silver,2016-04-05,2016-04-08,179913,79942,27931,25696,51291,110956,22984,15330
silver,2016-04-12,2016-04-15,184800,87892,25424,17878,52108,124524,26922,16974
silver,2016-04-19,2016-04-22,194510,94988,23560,15772,53952,138036,29798,17142
silver,2016-04-26,2016-04-29,206748,99774,21001,20826,56700,148002,29448,16919
silver,2016-05-03,2016-05-06,198237,100401,24526,14599,55731,146325,27506,12787
silver,2016-05-10,2016-05-13,205391,107844,27573,16664,53870,145602,27013,15552
silver,2016-05-17,2016-05-20,207394,105988,28786,18897,54759,144654,27750,15057
silver,2016-05-24,2016-05-27,203682,97242,31358,20457,59097,137390,26886,14477
silver,2016-05-31,2016-06-03,198118,89815,28184,20142,59970,135935,28191,13857
silver,2016-06-07,2016-06-10,192376,86676,29635,21265,56476,128310,27959,13166
silver,2016-06-14,2016-06-17,199111,97370,27731,18488,56766,138510,26487,14382
silver,2016-06-21,2016-06-24,205618,106942,26699,18326,55836,145772,24514,14821
silver,2016-06-28,2016-07-01,211396,107555,23894,22274,56671,151872,24896,13356
silver,2016-07-05,2016-07-08,211347,111348,25594,18408,55718,154486,25873,12859
silver,2016-07-12,2016-07-15,214617,114376,26724,19615,54035,154155,26591,14123
silver,2016-07-19,2016-07-22,219206,120839,26449,21362,50379,156634,26626,14761
silver,2016-07-26,2016-07-29,218299,123737,27660,21323,48115,155238,25124,14078
silver,2016-08-02,2016-08-05,224540,122676,29242,24491,49123,158244,28250,12563
silver,2016-08-09,2016-08-12,210647,122165,31101,14537,47020,150331,26925,14678
silver,2016-08-16,2016-08-19,205905,118988,33999,8836,49176,149770,28905,13300
silver,2016-08-23,2016-08-26,206264,118356,35153,12383,47602,145671,27923,13057
silver,2016-08-30,2016-09-02,189416,114230,29876,7433,44378,140056,23375,12051
silver,2016-09-06,2016-09-09,199197,118059,30031,8814,45970,145552,26354,14800
silver,2016-09-13,2016-09-16,193953,113792,32224,8174,45479,142154,26508,11401
silver,2016-09-20,2016-09-23,193501,113567,30932,8339,45909,142854,25686,11376
silver,2016-09-27,2016-09-30,201486,116948,32086,8572,48161,148979,27805,11849
silver,2016-10-04,2016-10-07,198747,110764,34961,12117,48885,139781,26981,11888
silver,2016-10-11,2016-10-14,187469,97527,34634,11453,52174,129809,26315,11573
silver,2016-10-18,2016-10-21,189229,94230,34944,14570,53771,128682,26658,11033
silver,2016-10-25,2016-10-28,196311,92213,35140,19340,57120,130516,27638,11315
silver,2016-11-01,2016-11-04,196912,89233,27097,20338,58595,135512,28746,13965
silver,2016-11-08,2016-11-11,188265,89360,24091,17182,53861,136122,27862,10870
silver,2016-11-15,2016-11-18,174831,85575,22969,10612,51359,129880,27285,11370
silver,2016-11-22,2016-11-25,169661,81835,21668,11493,46804,125036,29529,11464
silver,2016-11-29,2016-12-02,156626,79485,20445,9044,41906,117351,26191,9786
silver,2016-12-06,2016-12-09,159337,81495,22130,8603,43081,118821,26158,9783
silver,2016-12-13,2016-12-16,163556,87040,20107,9621,41867,122998,25028,10830
silver,2016-12-20,2016-12-23,159697,83529,22635,9796,42097,116045,24275,11221
silver,2016-12-27,2016-12-30,163097,84330,25419,11309,41974,115981,25484,10388
silver,2017-01-03,2017-01-06,163812,86821,25530,9877,42493,118307,24621,10098
silver,2017-01-10,2017-01-13,165040,88430,23829,10536,41425,120362,24649,10313
silver,2017-01-17,2017-01-20,172056,90838,21356,12618,45028,126764,23572,11318
silver,2017-01-24,2017-01-27,177601,92319,21298,15427,47195,130279,22660,10597
silver,2017-01-31,2017-02-03,186839,96909,20935,16500,49265,138678,24165,10726
silver,2017-02-07,2017-02-10,193936,98560,20283,19386,50072,142784,25918,11483
silver,2017-02-14,2017-02-17,195338,104765,19953,16346,48659,147686,25568,11353
silver,2017-02-21,2017-02-24,208147,108848,20831,22146,51934,154167,25219,11003
silver,2017-02-28,2017-03-03,197629,115229,19806,8521,50081,158091,23798,11211
silver,2017-03-07,2017-03-10,192398,113437,19984,9327,46774,152636,22860,10451
silver,2017-03-14,2017-03-17,186936,102675,19797,12918,46747,144746,24596,9475
silver,2017-03-21,2017-03-24,190819,100337,21225,17362,48468,142202,24652,10030
silver,2017-03-28,2017-03-31,201829,112197,21509,18846,48127,149894,22659,11580
silver,2017-04-04,2017-04-07,219160,126524,25142,21540,47639,159985,23457,12493
silver,2017-04-11,2017-04-14,220172,131969,26454,18802,46900,161314,22501,13602
silver,2017-04-18,2017-04-21,227984,128378,24491,26918,46878,163710,25810,12865
silver,2017-04-25,2017-04-28,214782,121018,27405,25023,43415,151504,25326,10850
silver,2017-05-02,2017-05-05,189240,101538,30171,16458,43731,130305,27513,12306
silver,2017-05-09,2017-05-12,196083,94982,41327,22955,48400,117669,29746,14132
silver,2017-05-16,2017-05-19,215127,100142,57138,30333,55612,112949,29040,14707
silver,2017-05-23,2017-05-26,203459,96531,45358,27962,53195,117182,25771,12957
silver,2017-05-30,2017-06-02,205235,96568,35154,32131,52861,123943,23675,14007
silver,2017-06-06,2017-06-09,208967,101713,35772,31973,52429,128053,22852,13169
silver,2017-06-13,2017-06-16,201214,102702,42044,21960,51617,123530,24935,13680
silver,2017-06-20,2017-06-23,199929,96000,49319,21467,56301,115135,26161,14008
silver,2017-06-27,2017-06-30,204637,93869,58337,22067,59720,109928,28981,14305
silver,2017-07-03,2017-07-07,203541,91996,65721,20600,61561,100789,29384,16431
silver,2017-07-11,2017-07-14,207592,91174,77169,23907,65517,90084,26994,16432
silver,2017-07-18,2017-07-21,209689,90776,81400,24987,66398,88312,27528,14990
silver,2017-07-25,2017-07-28,206347,90865,71448,26925,63775,93307,24782,14667
silver,2017-08-01,2017-08-04,207258,92259,61500,31018,60593,100260,23388,14480
silver,2017-08-08,2017-08-11,195163,91345,57481,21600,59273,98834,22945,17248
silver,2017-08-15,2017-08-18,187955,91596,52745,16096,55918,104006,24345,15108
silver,2017-08-22,2017-08-25,187227,91305,46759,16932,55060,110109,23930,13427
silver,2017-08-29,2017-09-01,182823,92930,39285,12890,51479,117067,25524,13581
silver,2017-09-05,2017-09-08,183276,96374,32203,13591,47489,124177,25822,13305
silver,2017-09-12,2017-09-15,188207,102243,27256,16089,45932,130613,23943,14249
silver,2017-09-19,2017-09-22,192994,99687,31884,21619,47905,126313,23783,13178
silver,2017-09-26,2017-09-29,186906,91812,31552,21572,49345,121611,24177,12171
silver,2017-10-03,2017-10-06,183494,91097,31918,24020,46546,115263,21831,12293
silver,2017-10-10,2017-10-13,188258,92195,33087,26362,46444,117052,23257,11757
silver,2017-10-17,2017-10-20,191928,94825,30910,26375,46960,121873,23768,12770
silver,2017-10-24,2017-10-27,193899,95413,30293,25380,49309,125814,23797,12412
silver,2017-10-31,2017-11-03,198853,95382,35230,26981,51632,122660,24858,13982
silver,2017-11-07,2017-11-10,203330,99872,30970,25821,52183,133824,25454,12715
silver,2017-11-14,2017-11-17,199899,98070,28897,25532,51730,132178,24567,13292
silver,2017-11-21,2017-11-24,199402,98144,30503,23467,52431,132867,25360,12565
silver,2017-11-28,2017-12-01,186272,90138,31356,17123,52073,125148,26938,12645
silver,2017-12-05,2017-12-08,192970,84905,53479,16984,61774,108128,29307,14379
silver,2017-12-12,2017-12-15,202797,77169,67255,19259,75352,100181,31017,16102
silver,2017-12-19,2017-12-22,203703,77575,75106,19558,76696,95317,29874,13722
silver,2017-12-26,2017-12-29,200321,74013,69365,20072,77046,97785,29190,13099
silver,2018-01-02,2018-01-05,192423,75127,52377,20600,70480,107672,26216,11774
silver,2018-01-09,2018-01-12,195009,84313,46278,17654,67973,117915,25069,13162
silver,2018-01-16,2018-01-19,196511,79866,42654,21702,68356,118499,26587,13656
silver,2018-01-23,2018-01-26,199985,76193,47112,24616,72086,113583,27090,14674
silver,2018-01-30,2018-02-02,198358,72145,39723,30601,68278,115569,27334,12465
silver,2018-02-06,2018-02-09,205470,63729,47189,38732,75255,105896,27754,13653
silver,2018-02-13,2018-02-16,194056,64816,56105,20939,80026,101974,28275,15038
silver,2018-02-20,2018-02-23,203629,63200,57880,26167,86061,105506,28201,14076
silver,2018-02-27,2018-03-02,193343,63023,64531,17765,82138,96601,30417,14446
silver,2018-03-06,2018-03-09,196590,68686,62500,23783,74760,96570,29361,13737
silver,2018-03-13,2018-03-16,200094,66707,63760,28475,75362,94635,29550,13224
silver,2018-03-20,2018-03-23,216042,63813,76329,36415,84080,87789,31734,15509
silver,2018-03-27,2018-03-30,219518,60786,74443,42455,82087,89439,34190,13181
silver,2018-04-03,2018-04-06,232682,65969,82934,47964,86416,89053,32333,12731
silver,2018-04-10,2018-04-13,227175,65033,79866,46178,83340,87918,32624,13213
silver,2018-04-17,2018-04-20,214297,66609,66696,40261,76300,93255,31127,14085
silver,2018-04-24,2018-04-27,201707,67802,55835,26724,75386,106951,31795,12197
silver,2018-05-01,2018-05-04,194685,68528,75724,15403,78011,89989,32743,13569
silver,2018-05-08,2018-05-11,195865,72713,72834,15233,77127,94204,30792,13594
silver,2018-05-15,2018-05-18,198065,72663,72005,16450,78406,96472,30546,13138
silver,2018-05-22,2018-05-25,198248,78007,62782,14609,76516,107939,29116,12918
silver,2018-05-29,2018-06-01,207610,83066,65613,16347,77447,112744,30750,12906
silver,2018-06-05,2018-06-08,211605,85070,65636,20135,75763,113310,30637,12524
silver,2018-06-12,2018-06-15,230163,101133,51403,27232,70970,138352,30828,13176
silver,2018-06-19,2018-06-22,218814,95323,54421,20575,71799,130340,31117,13478
silver,2018-06-26,2018-06-29,218492,93565,59344,20399,73397,122428,31131,16321
silver,2018-07-03,2018-07-06,205622,92678,67996,9374,72877,111432,30693,16820
silver,2018-07-10,2018-07-13,207701,90598,66899,13621,72068,110668,31414,16513
silver,2018-07-17,2018-07-20,212527,87176,78294,16937,74948,100013,33466,17283
silver,2018-07-24,2018-07-27,214596,88025,84487,16917,76088,96113,33566,17079
silver,2018-07-31,2018-08-03,226512,89616,83752,24373,77534,101683,34989,16704
silver,2018-08-07,2018-08-10,235440,93016,88675,29081,79490,101608,33853,16076
silver,2018-08-14,2018-08-17,240038,93346,96182,28512,84657,97033,33523,18311
silver,2018-08-21,2018-08-24,244196,91428,98586,28647,91362,98780,32759,18183
silver,2018-08-28,2018-08-31,227329,86540,103138,21054,87538,86121,32197,17016
silver,2018-09-04,2018-09-07,212391,83061,112035,16989,81421,66808,30920,16559
silver,2018-09-11,2018-09-14,208969,81095,108498,18339,78140,65766,31395,16366
silver,2018-09-18,2018-09-21,205469,80024,105540,15371,77147,68313,32927,16245
silver,2018-09-25,2018-09-28,204508,79198,102453,15976,76039,70653,33295,15426
silver,2018-10-02,2018-10-05,200173,75937,93435,15352,76734,77746,32150,13640
silver,2018-10-09,2018-10-12,199853,72135,94385,16629,78165,74610,32924,14229
silver,2018-10-16,2018-10-19,199398,72203,87030,15653,77622,82446,33920,14269
silver,2018-10-23,2018-10-26,199746,75016,80195,15332,76579,89841,32819,14378
silver,2018-10-30,2018-11-02,208976,76053,84523,16801,82398,92158,33724,15494
silver,2018-11-06,2018-11-09,213566,73117,75587,27467,78778,98069,34204,12443
silver,2018-11-13,2018-11-16,224346,74618,91763,30860,82163,87110,36705,14613
silver,2018-11-20,2018-11-23,223049,71646,82374,35360,83855,90749,32188,14566
silver,2018-11-27,2018-11-30,199783,67813,78779,17593,80490,89331,33887,14080
silver,2018-12-04,2018-12-07,179909,69314,69949,14354,67785,83203,28456,12403
silver,2018-12-11,2018-12-14,174071,71136,59880,10121,64282,92161,28532,11909
silver,2018-12-18,2018-12-21,172860,74023,54192,9932,61045,96521,27860,12215
silver,2018-12-24,2018-12-28,173685,77314,51764,9967,59612,99481,26792,12473
silver,2018-12-31,2019-01-04,176159,83022,38063,10651,56481,114335,26005,13110
silver,2019-01-08,2019-01-11,186506,86786,32763,10909,60851,129642,27960,13192
silver,2019-01-15,2019-01-18,191922,85959,33784,11903,63464,135154,30596,11081
silver,2019-01-22,2019-01-25,188674,83303,35147,11049,64325,129257,29997,13221
silver,2019-01-29,2019-02-01,194895,86074,31791,12758,65398,137860,30665,12486
silver,2019-02-05,2019-02-08,207101,89868,32773,15576,68031,146235,33626,12517
silver,2019-02-12,2019-02-15,217925,89722,36519,13531,79633,155127,35039,12748
silver,2019-02-19,2019-02-22,220822,89135,38866,14666,80913,154787,36108,12503
silver,2019-02-26,2019-03-01,206447,90971,32658,12319,72192,150361,30965,11109
silver,2019-03-05,2019-03-08,190024,76954,44433,12367,70314,122555,30389,10669
silver,2019-03-12,2019-03-15,189768,76183,49101,13706,69170,115431,30709,11530
silver,2019-03-19,2019-03-22,189124,75196,51886,13550,70131,113831,30247,9857
silver,2019-03-26,2019-03-29,192676,76541,49864,14945,70719,117435,30471,10432
silver,2019-04-02,2019-04-05,199592,78993,62210,17743,72376,106734,30480,12905
silver,2019-04-09,2019-04-12,208784,76410,59992,19044,78785,116547,34545,13201
silver,2019-04-16,2019-04-19,224783,76033,70148,20872,94236,117908,33642,15855
silver,2019-04-23,2019-04-26,219113,75889,75999,18115,90400,110392,34709,14607
silver,2019-04-30,2019-05-03,196610,77120,74984,13585,75855,97215,30050,10826
silver,2019-05-07,2019-05-10,199467,77346,78303,14627,77749,94408,29745,12129
silver,2019-05-14,2019-05-17,203788,77542,79751,15980,79189,91967,31077,16090
silver,2019-05-21,2019-05-24,210356,75482,90144,18275,83301,88484,33298,13453
silver,2019-05-28,2019-05-31,217605,73663,96072,21118,87083,85968,35741,14447
silver,2019-06-04,2019-06-07,216145,76653,85096,21911,82484,94773,35097,14365
silver,2019-06-11,2019-06-14,226513,85225,82565,18869,85922,111113,36497,13966
silver,2019-06-18,2019-06-21,239466,93275,78759,22494,90242,124729,33455,13484
silver,2019-06-25,2019-06-28,229007,97573,67008,16748,80049,133601,34637,11650
silver,2019-07-02,2019-07-05,221224,99739,69284,14492,75576,127639,31417,9809
silver,2019-07-09,2019-07-12,218493,96080,70929,16034,75714,120991,30665,10539
silver,2019-07-16,2019-07-19,229465,100449,63024,21738,75284,134641,31994,10062
silver,2019-07-23,2019-07-26,234735,110129,55368,22095,71168,147306,31343,9966
silver,2019-07-30,2019-08-02,239059,111282,46985,23189,73649,157565,30939,11320
silver,2019-08-06,2019-08-09,239290,106034,56202,20745,77974,153240,34537,9103
silver,2019-08-13,2019-08-16,233839,97520,58251,13896,85877,151110,36546,10582
silver,2019-08-20,2019-08-23,238086,95987,49273,17951,84338,155201,39810,15661
silver,2019-08-27,2019-08-30,239970,103488,43636,22694,79050,160731,34738,12909
silver,2019-09-03,2019-09-06,225688,104977,42852,12557,73728,158406,34426,11873
silver,2019-09-10,2019-09-13,217433,100413,40182,12079,71511,156279,33430,8893
silver,2019-09-17,2019-09-20,212514,94625,38647,12995,73993,151540,30901,9332
silver,2019-09-24,2019-09-27,215217,94002,43273,13471,74207,149986,33537,8487
silver,2019-10-01,2019-10-04,212266,89967,40152,16246,73357,147138,32696,8730
silver,2019-10-08,2019-10-11,213968,90092,39338,16041,73677,150583,34158,8006
silver,2019-10-15,2019-10-18,210916,85088,41099,16744,74855,145342,34229,7731
silver,2019-10-22,2019-10-25,214529,89747,43004,16022,75366,147389,33394,8114
silver,2019-10-29,2019-11-01,221384,95368,41690,18241,74038,142083,33737,19370
silver,2019-11-05,2019-11-08,227509,97174,49177,18670,75937,150919,35728,8743
silver,2019-11-12,2019-11-15,222122,89327,51963,16953,81555,143447,34287,9759
silver,2019-11-19,2019-11-22,221707,89898,45182,18869,78576,145125,34364,12531
silver,2019-11-26,2019-11-29,209603,90895,38385,19229,69422,143295,30057,8694
silver,2019-12-03,2019-12-06,205807,89241,39014,18529,66399,140698,31638,7566
silver,2019-12-10,2019-12-13,202258,85617,44875,18809,67583,130730,30249,7844
silver,2019-12-17,2019-12-20,206302,88215,42434,18969,67638,138596,31480,6303
silver,2019-12-24,2019-12-27,223046,101030,38608,22600,68772,154099,30644,7739
silver,2019-12-31,2020-01-03,229680,106310,36582,25505,64730,161382,33135,6211
silver,2020-01-07,2020-01-10,234324,109224,41971,26112,66666,157840,32322,8401
silver,2020-01-14,2020-01-17,234639,110762,43389,28181,64104,156461,31592,6608
silver,2020-01-21,2020-01-24,233858,109144,40269,28742,63830,158058,32142,6789
silver,2020-01-28,2020-01-31,231933,105637,42220,28825,65248,154419,32223,6469
silver,2020-02-04,2020-02-07,224936,97078,29275,30017,66390,157746,31451,7898
silver,2020-02-11,2020-02-14,221858,96395,28758,23731,68930,161387,32802,7982
silver,2020-02-18,2020-02-21,238077,107940,30063,27193,69992,170773,32952,10048
silver,2020-02-25,2020-02-28,238970,107490,32697,26341,70697,170057,34442,9875
silver,2020-03-03,2020-03-06,196909,82570,34267,16535,69143,137587,28661,8520
silver,2020-03-10,2020-03-13,187060,75117,30170,15623,71377,131713,24943,9554
silver,2020-03-17,2020-03-20,166682,61215,19247,16755,66031,120678,22681,10002
silver,2020-03-24,2020-03-27,150700,53077,19390,10732,64915,109595,21976,10983
silver,2020-03-31,2020-04-03,139256,47050,16172,7344,64811,106111,20051,9629
silver,2020-04-07,2020-04-10,138974,46471,16754,7286,63121,106108,22096,8826
silver,2020-04-14,2020-04-17,143477,48003,17449,7090,64266,107722,24118,11216
silver,2020-04-21,2020-04-24,139607,46688,18180,7800,63216,102551,21903,11076
silver,2020-04-28,2020-05-01,138349,45020,19515,9115,62881,99738,21333,9981
silver,2020-05-05,2020-05-08,132573,44052,21137,6934,60917,94865,20670,9637
silver,2020-05-12,2020-05-15,135987,44757,18984,8183,59195,99876,23852,8944
silver,2020-05-19,2020-05-22,151890,54391,23463,7413,64331,109220,25755,11794
silver,2020-05-26,2020-05-29,158185,61525,24336,7808,63923,114515,24929,11526
silver,2020-06-02,2020-06-05,169670,64997,27773,9307,67850,121797,27516,10793
silver,2020-06-09,2020-06-12,175240,65660,32295,12786,69696,119867,27098,10292
silver,2020-06-16,2020-06-19,174386,66664,30042,11935,70308,119338,25479,13071
silver,2020-06-23,2020-06-26,183444,71859,33936,16160,69758,120595,25667,12753
silver,2020-06-30,2020-07-03,169418,78746,41145,8929,56406,106680,25337,12664
silver,2020-07-07,2020-07-10,169513,80741,42916,9818,52444,105086,26510,11693
silver,2020-07-14,2020-07-17,178367,85679,41810,11418,52696,112891,28574,12248
silver,2020-07-21,2020-07-24,185745,90010,43255,11688,54095,116064,29952,14738
silver,2020-07-28,2020-07-31,184020,74401,47093,18225,60398,107882,30996,10820
silver,2020-08-04,2020-08-07,205527,75498,45609,32942,64304,115474,32783,11502
silver,2020-08-11,2020-08-14,198069,67428,43860,29861,67658,113318,33122,11030
silver,2020-08-18,2020-08-21,194897,71283,44727,24372,69141,113269,30101,12529
silver,2020-08-25,2020-08-28,187631,74311,42974,23711,61444,109226,28165,11720
silver,2020-09-01,2020-09-04,166449,76346,42874,5605,55051,106835,29447,11135
silver,2020-09-08,2020-09-11,158991,73019,39539,5829,53676,102795,26467,10828
silver,2020-09-15,2020-09-18,162397,77004,38655,6259,51418,107425,27716,10058
silver,2020-09-22,2020-09-25,157908,75009,36062,7115,50232,103466,25552,11265
silver,2020-09-29,2020-10-02,157308,74631,33901,6106,51503,104702,25068,12599
silver,2020-10-06,2020-10-09,155484,75358,34101,5520,49407,105603,25199,10260
silver,2020-10-13,2020-10-16,158203,76920,36132,5082,49700,106648,26501,10341
silver,2020-10-20,2020-10-23,157845,76946,32220,5686,49016,108516,26197,11423
silver,2020-10-27,2020-10-30,160550,76652,32021,7501,50389,109475,26008,11553
silver,2020-11-03,2020-11-06,153267,72516,27175,6727,47860,107191,26164,12174
silver,2020-11-10,2020-11-13,155011,72544,26716,6490,49658,109200,26319,12605
silver,2020-11-17,2020-11-20,160972,75632,30018,9746,49095,110771,26499,10437
silver,2020-11-24,2020-11-27,162092,74771,29091,11878,49577,109737,25866,11386
silver,2020-12-01,2020-12-04,152372,77023,29131,5651,45567,107452,24131,10138
silver,2020-12-08,2020-12-11,154821,79310,30934,6129,41771,108693,27611,9065
silver,2020-12-15,2020-12-18,158268,80689,31177,7527,41702,110692,28350,8872
silver,2020-12-21,2020-12-25,171398,90473,33184,9530,42591,119749,28804,8935
silver,2020-12-29,2021-01-01,170057,88868,34089,9974,42244,118070,28971,7924
silver,2021-01-05,2021-01-08,176005,90777,35226,11922,42825,120339,30481,8518
silver,2021-01-12,2021-01-15,170033,87905,35113,12461,42147,112133,27520,10326
silver,2021-01-19,2021-01-22,166896,84009,32007,13871,41109,111425,27907,9593
silver,2021-01-26,2021-01-29,167880,84444,29984,13957,41135,114547,28344,9392
silver,2021-02-02,2021-02-05,179786,80634,29225,19057,45782,119636,34313,11868
silver,2021-02-09,2021-02-12,179288,80133,30590,14592,48818,121638,35745,12468
silver,2021-02-16,2021-02-19,183544,81648,31824,15893,50829,122217,35174,13610
silver,2021-02-23,2021-02-26,172392,78710,31067,13292,46268,116710,34122,11323
silver,2021-03-02,2021-03-05,158349,74925,35309,6818,45896,105096,30710,11126
silver,2021-03-09,2021-03-12,155425,71445,35296,7073,47998,103166,28909,9890
silver,2021-03-16,2021-03-19,159092,70658,37049,7993,50087,102864,30354,11186
silver,2021-03-23,2021-03-26,160437,70257,39178,8844,51442,101044,29894,11371
silver,2021-03-30,2021-04-02,154987,66502,37532,7983,52310,97471,28192,12001
silver,2021-04-06,2021-04-09,154593,67245,34930,9040,49415,100000,28893,10623
silver,2021-04-13,2021-04-16,164066,69429,33005,13125,51505,107007,30007,10929
silver,2021-04-20,2021-04-23,169420,75167,33486,10299,53628,114745,30326,10890
silver,2021-04-27,2021-04-30,172470,76380,33539,9829,54556,118308,31705,10794
silver,2021-05-04,2021-05-07,167073,78858,30991,8694,49532,118077,29989,9311
silver,2021-05-11,2021-05-14,178250,86397,33554,10316,50873,124148,30664,10232
silver,2021-05-18,2021-05-21,181606,86640,35659,11530,50722,125083,32714,9334
silver,2021-05-25,2021-05-28,180830,86013,35531,11919,51487,123761,31411,9619
silver,2021-06-01,2021-06-04,182312,84400,36883,12160,52300,123782,33452,9487
silver,2021-06-08,2021-06-11,184841,83378,33572,13063,54818,124931,33582,13275
silver,2021-06-15,2021-06-18,194268,88591,36527,12754,61399,132403,31524,12584
silver,2021-06-22,2021-06-25,175703,73841,33970,13352,59243,116925,29267,11456
silver,2021-06-29,2021-07-02,157119,71855,30378,10906,48274,105382,26084,10453
silver,2021-07-06,2021-07-09,157216,76790,32302,8444,43915,107012,28067,9458
silver,2021-07-13,2021-07-16,154699,74247,30558,9531,43326,104194,27595,10416
silver,2021-07-20,2021-07-23,151763,70286,32811,10234,43900,96442,27343,12276
silver,2021-07-27,2021-07-30,150814,66733,35516,10935,45816,92725,27330,11638
silver,2021-08-03,2021-08-06,146196,66192,30053,10050,42659,94828,27295,11265
silver,2021-08-10,2021-08-13,154491,64379,39905,10158,51825,91673,28129,12755
silver,2021-08-17,2021-08-20,153825,63390,42170,8007,55831,91321,26597,12327
silver,2021-08-24,2021-08-27,149847,63311,41450,9276,50674,86800,26586,12321
silver,2021-08-31,2021-09-03,140937,62935,40604,5919,45248,83215,26835,11199
silver,2021-09-07,2021-09-10,139187,63879,35323,6930,42561,85813,25817,11121
silver,2021-09-14,2021-09-17,140540,64827,38151,7301,42909,83065,25503,12023
silver,2021-09-21,2021-09-24,145537,66708,51073,8124,45282,73337,25423,13003
silver,2021-09-28,2021-10-01,142163,64490,47785,8676,44202,72850,24795,12852
silver,2021-10-05,2021-10-08,139763,63957,47578,7910,43573,71351,24323,12924
silver,2021-10-12,2021-10-15,139403,63488,45501,7709,43055,73347,25151,12846
silver,2021-10-19,2021-10-22,143664,66572,36216,9333,40556,85136,27203,12979
silver,2021-10-26,2021-10-29,141581,66677,29145,9239,39289,90793,26376,12404
silver,2021-11-02,2021-11-05,141394,64502,31387,8328,41473,90333,27091,11346
silver,2021-11-09,2021-11-12,144370,65013,28098,7114,43811,97480,28432,11678
silver,2021-11-16,2021-11-19,152404,73944,28319,5843,40998,107146,31619,11096
silver,2021-11-23,2021-11-26,149642,68478,28373,10329,41120,98118,29715,12822
silver,2021-11-30,2021-12-03,138003,62678,24244,9034,40107,92116,26184,12609
silver,2021-12-07,2021-12-10,136572,62930,33097,7945,39369,82517,26328,13013
silver,2021-12-14,2021-12-17,142384,63669,41685,8442,43477,79332,26796,12925
silver,2021-12-21,2021-12-24,141119,62070,41144,9056,42742,79141,27251,11778
silver,2021-12-28,2021-12-31,141246,63873,37415,9137,41386,83314,26850,11380
silver,2022-01-04,2022-01-07,139521,65108,34189,9125,39892,83865,25396,12342
silver,2022-01-11,2022-01-14,144442,66193,38645,8095,46451,83811,23703,13891
silver,2022-01-18,2022-01-21,148737,65985,36285,7658,50331,91871,24763,12923
silver,2022-01-25,2022-01-28,151779,63923,31782,9589,50135,97819,28132,12589
silver,2022-02-01,2022-02-04,149136,60723,38605,10762,52970,88233,24681,11536
silver,2022-02-08,2022-02-11,147379,56905,37606,11300,52943,85514,26231,12959
silver,2022-02-15,2022-02-18,156968,56911,33355,18556,56394,92742,25107,12315
silver,2022-02-22,2022-02-25,163745,58830,28528,22612,55747,99467,26556,13138
silver,2022-03-01,2022-03-04,157391,71235,26287,9482,51440,108590,25234,13032
silver,2022-03-08,2022-03-11,168283,76565,24268,14319,48816,118425,28583,11271
silver,2022-03-15,2022-03-18,159571,74044,22490,14933,44324,111903,26270,10245
silver,2022-03-22,2022-03-25,155456,69279,21332,14982,44270,108827,26925,10315
silver,2022-03-29,2022-04-01,147370,65917,17677,11719,44589,105961,25145,12013
silver,2022-04-05,2022-04-08,148526,64936,19902,11361,45922,105958,26307,11305
silver,2022-04-12,2022-04-15,158813,66356,20370,11441,51139,114829,29877,12173
silver,2022-04-19,2022-04-22,170577,69088,22659,18299,54719,118007,28471,11612
silver,2022-04-26,2022-04-29,145538,56782,21376,11924,50176,98959,26656,13279
silver,2022-05-03,2022-05-06,137692,56764,28696,6884,50184,89501,23860,12611
silver,2022-05-10,2022-05-13,142752,59829,40747,5424,52637,83156,24862,13425
silver,2022-05-17,2022-05-20,144534,59857,43743,7269,54287,79128,23121,14394
silver,2022-05-24,2022-05-27,146456,58748,44645,7734,56910,80207,23064,13870
silver,2022-05-31,2022-06-03,147301,55545,41548,10827,56447,80308,24482,14618
silver,2022-06-07,2022-06-10,148294,54899,37495,13599,54707,82697,25089,14503
silver,2022-06-14,2022-06-17,151978,57216,43211,10333,60161,82208,24268,16226
silver,2022-06-21,2022-06-24,145356,54451,36032,11059,54828,82078,25018,16187
silver,2022-06-28,2022-07-01,135775,52932,42041,4713,55406,73891,22724,15130
silver,2022-07-05,2022-07-08,140463,54841,49702,6990,56137,67759,22495,16012
silver,2022-07-12,2022-07-15,142259,54744,51540,7902,57865,67477,21748,15340
silver,2022-07-19,2022-07-22,145247,56187,54827,9113,58430,66643,21517,14664
silver,2022-07-26,2022-07-29,147784,54671,59171,8724,62080,64733,22309,15156
silver,2022-08-02,2022-08-05,136267,49220,48246,9313,55536,64600,22198,14108
silver,2022-08-09,2022-08-12,141093,48864,45985,11231,56876,70450,24122,13427
silver,2022-08-16,2022-08-19,144314,47851,44343,13480,59753,72204,23230,14287
silver,2022-08-23,2022-08-26,144357,49151,53651,8124,63429,67748,23653,14834
silver,2022-08-30,2022-09-02,138714,49468,57739,7939,58592,58327,22715,14709
silver,2022-09-06,2022-09-09,138300,51714,64498,8076,55823,50768,22687,14958
silver,2022-09-13,2022-09-16,135530,53373,58013,8527,51822,54373,21808,14617
silver,2022-09-20,2022-09-23,132107,52323,53963,7740,50661,56290,21383,14114
silver,2022-09-27,2022-09-30,129000,49984,49226,9342,48993,55853,20681,14579
silver,2022-10-04,2022-10-07,129524,51926,43218,7803,47755,65372,22040,13131
silver,2022-10-11,2022-10-14,125623,47939,40550,8734,47603,63206,21347,13133
silver,2022-10-18,2022-10-21,136055,51541,50274,11544,50956,60041,22014,14196
silver,2022-10-25,2022-10-28,139085,51163,51264,12639,52952,61809,22331,13373
silver,2022-11-01,2022-11-04,138875,51286,49762,13711,51802,62165,22076,13237
silver,2022-11-08,2022-11-11,140437,53651,40648,16295,47451,69539,23040,13955
silver,2022-11-15,2022-11-18,141623,52692,35085,16152,48393,77817,24386,12569
silver,2022-11-22,2022-11-25,128907,50540,33774,9737,45351,72993,23279,12403
silver,2022-11-29,2022-12-02,121258,48441,30958,4397,46270,75267,22150,10636
silver,2022-12-06,2022-12-09,122558,48954,29746,5199,44757,77019,23648,10594
silver,2022-12-13,2022-12-16,125555,51405,28586,5394,44913,80719,23843,10856
silver,2022-12-20,2022-12-23,129278,56164,26402,5019,44388,84697,23707,13160
silver,2022-12-27,2022-12-30,128467,55870,24843,4974,44044,86961,23579,11689
silver,2023-01-03,2023-01-06,131990,57801,26867,6384,44229,88440,23576,10299
silver,2023-01-10,2023-01-13,129961,56770,27757,6654,42599,85524,23938,10026
silver,2023-01-17,2023-01-20,131862,57439,25971,7772,42668,88035,23983,10084
silver,2023-01-24,2023-01-27,134922,55595,29911,8093,47359,86820,23875,10098
silver,2023-01-31,2023-02-03,138263,54867,27551,10734,47997,88431,24665,11547
silver,2023-02-07,2023-02-10,133601,48121,34590,10808,47750,77429,26922,10774
silver,2023-02-14,2023-02-17,132132,46028,34522,10268,48772,74594,27064,12748
silver,2023-02-21,2023-02-24,123906,44985,35083,8870,45388,68438,24663,11515
silver,2023-02-28,2023-03-03,123900,44202,44256,6305,47645,60797,25748,12542
silver,2023-03-07,2023-03-10,127503,42903,50685,7308,50301,55914,26991,13596
silver,2023-03-14,2023-03-17,121772,42227,43446,6934,48543,57780,24068,13612
silver,2023-03-21,2023-03-24,119082,41325,37863,6744,48685,61366,22328,13109
silver,2023-03-28,2023-03-31,117395,42254,28893,8109,44970,66845,22062,13548
silver,2023-04-04,2023-04-07,131210,50327,29044,11738,44936,76371,24209,14057
silver,2023-04-11,2023-04-14,142699,55583,31865,14269,47629,83884,25218,12681
silver,2023-04-18,2023-04-21,158371,62968,36373,18074,51891,90547,25438,13377
silver,2023-04-25,2023-04-28,149692,66145,35542,13410,45907,87430,24230,13310
silver,2023-05-02,2023-05-05,142538,68219,36267,8269,41363,86537,24687,11465
silver,2023-05-09,2023-05-12,145445,69166,36806,9169,41636,87826,25474,11644
silver,2023-05-16,2023-05-19,140139,60440,36625,11066,43026,80093,25607,12355
silver,2023-05-23,2023-05-26,135740,56686,34728,11205,42194,77166,25655,12641
silver,2023-05-30,2023-06-02,133619,54837,33713,11696,41602,76138,25484,12072
silver,2023-06-06,2023-06-09,137871,53149,31674,16066,42785,76850,25871,13281
silver,2023-06-13,2023-06-16,153853,55054,31318,28642,42908,81378,27249,12515
silver,2023-06-20,2023-06-23,152633,52547,32489,25937,45941,82151,28208,12056
silver,2023-06-27,2023-06-30,123491,45983,26931,11370,42723,72050,23415,13140
silver,2023-07-03,2023-07-07,114421,46433,28443,7184,37784,67353,23020,11441
silver,2023-07-11,2023-07-14,120282,51305,31013,7435,38238,69887,23304,11947
silver,2023-07-18,2023-07-21,146863,76420,32558,7193,38710,94693,24540,12419
silver,2023-07-25,2023-07-28,146898,72786,35861,10437,39197,88915,24478,11685
silver,2023-08-01,2023-08-04,144138,68463,37632,12300,38959,82971,24416,11235
silver,2023-08-08,2023-08-11,137631,53781,40457,14865,41636,71985,27349,10324
silver,2023-08-15,2023-08-18,138215,50692,42831,12255,47240,70504,28028,12625
silver,2023-08-22,2023-08-25,136680,52967,40090,12580,46446,70250,24687,13760
silver,2023-08-29,2023-09-01,134993,61744,34611,8472,42894,78670,21883,13240
silver,2023-09-05,2023-09-08,128279,57558,30754,6855,40052,77760,23814,12910
silver,2023-09-12,2023-09-15,125292,52963,34930,5872,40030,72070,26427,12420
silver,2023-09-19,2023-09-22,125749,50699,35468,7932,40917,70704,26201,11645
silver,2023-09-26,2023-09-29,126206,51539,31434,8720,40346,73426,25601,12626
silver,2023-10-03,2023-10-06,125847,51405,36061,8287,37769,68127,28386,13372
silver,2023-10-10,2023-10-13,126971,50337,38038,8839,39790,66008,28005,14086
silver,2023-10-17,2023-10-20,123640,50749,31003,9807,37663,69289,25421,13541
silver,2023-10-24,2023-10-27,123980,51860,27528,10272,38321,72891,23527,13289
silver,2023-10-31,2023-11-03,126549,48025,27814,12220,40441,73580,25863,12935
silver,2023-11-07,2023-11-10,131073,47196,28943,15294,42249,72971,26334,13865
silver,2023-11-14,2023-11-17,134826,50291,27893,13605,45551,77185,25379,16143
silver,2023-11-21,2023-11-24,134333,53372,25920,10658,43514,84458,26789,13297
silver,2023-11-28,2023-12-01,139144,62880,28600,9330,40287,88142,26647,13072
silver,2023-12-05,2023-12-08,139753,63241,26938,9151,40974,92988,26387,10676
silver,2023-12-12,2023-12-15,134281,55684,27226,10145,37850,85346,30602,11564
silver,2023-12-19,2023-12-22,127549,52631,22880,8239,36520,85311,30159,11119
silver,2023-12-26,2023-12-29,131408,54559,22696,8984,36389,89011,31476,10717
silver,2024-01-02,2024-01-05,134725,57634,25064,10808,38107,88654,28176,10199
silver,2024-01-09,2024-01-12,131992,52886,26524,11233,38495,82250,29378,11985
silver,2024-01-16,2024-01-19,131956,54001,28408,11540,36482,80241,29933,11767
silver,2024-01-23,2024-01-26,138617,53121,35384,13236,41949,76020,30311,13977
silver,2024-01-30,2024-02-02,136544,52778,31352,12188,41387,79165,30191,13839
silver,2024-02-06,2024-02-09,147333,55335,38455,13390,46446,79929,32162,15559
silver,2024-02-13,2024-02-16,152544,56785,44360,16049,47556,77244,32154,14891
silver,2024-02-20,2024-02-23,146584,57582,35205,13101,45507,83452,30394,14826
silver,2024-02-27,2024-03-01,144382,54546,40047,9737,49112,81560,30987,13038
silver,2024-03-05,2024-03-08,141026,58885,30570,10175,42874,87899,29092,12382
silver,2024-03-12,2024-03-15,144534,67094,26116,8617,40997,96127,27826,13674
silver,2024-03-19,2024-03-22,153154,77632,25197,8787,39876,103893,26859,15277
silver,2024-03-26,2024-03-29,160327,80721,29885,8994,42250,107327,28362,14121
silver,2024-04-02,2024-04-05,166823,83565,30418,10545,42938,110644,29775,15216
silver,2024-04-09,2024-04-12,174397,84826,31614,12887,44362,115637,32322,14259
silver,2024-04-16,2024-04-19,175784,82415,29056,14269,46442,120470,32658,11989
silver,2024-04-23,2024-04-26,175740,86178,26838,15870,43245,120654,30447,12378
silver,2024-04-30,2024-05-03,166315,83094,28600,10167,40745,115941,32309,11607
silver,2024-05-07,2024-05-10,161868,81650,27998,8552,39225,113640,32441,11678
silver,2024-05-14,2024-05-17,171371,87936,28475,9168,41532,122954,32735,10774
silver,2024-05-21,2024-05-24,186945,94141,34497,10470,47423,130517,34911,11461
silver,2024-05-28,2024-05-31,184846,91730,34547,11481,45930,127002,35705,11816
silver,2024-06-04,2024-06-07,179854,88604,32201,14172,41280,122800,35798,10681
silver,2024-06-11,2024-06-14,176036,84193,32501,11885,42496,120833,37462,10817
silver,2024-06-18,2024-06-21,176605,81859,29958,14095,43591,122193,37060,10359
silver,2024-06-25,2024-06-28,166470,81366,25388,10040,39375,120093,35689,10949
silver,2024-07-02,2024-07-05,154724,79771,23937,8174,33532,113487,33247,9126
silver,2024-07-09,2024-07-12,163245,84351,23295,12663,33496,118286,32735,9001
silver,2024-07-16,2024-07-19,166641,85005,24840,15029,33181,116916,33426,9856
silver,2024-07-23,2024-07-26,157106,75473,24093,14711,34503,108319,32419,9983
silver,2024-07-30,2024-08-02,151437,67416,18355,18478,33703,104073,31840,10531
silver,2024-08-06,2024-08-09,147537,64574,15493,17965,34304,103935,30694,10144
silver,2024-08-13,2024-08-16,147859,61458,16169,16388,38079,104855,31934,10447
silver,2024-08-20,2024-08-23,146986,63930,14606,15127,35699,106927,32230,10326
silver,2024-08-27,2024-08-30,141613,65715,13529,8780,36444,108584,30674,10720
silver,2024-09-03,2024-09-06,130928,64099,18040,7143,30538,95067,29148,10678
silver,2024-09-10,2024-09-13,128959,61649,16907,8694,30386,92472,28230,10886
silver,2024-09-17,2024-09-20,140605,74978,16680,8491,28131,105437,29005,9997
silver,2024-09-24,2024-09-27,150071,81029,18831,9644,29339,111171,30059,10425
silver,2024-10-01,2024-10-04,144757,75588,18664,8189,29018,108238,31962,9666
silver,2024-10-08,2024-10-11,142839,72113,17398,9730,29717,106432,31279,9279
silver,2024-10-15,2024-10-18,141898,70024,15992,10340,29913,105671,31621,9895
silver,2024-10-22,2024-10-25,157264,82139,15784,13617,29291,114649,32217,13214
silver,2024-10-29,2024-11-01,156320,79649,19218,14281,30224,112436,32166,10385
silver,2024-11-05,2024-11-08,151126,73980,20634,16272,30347,104590,30527,9630
silver,2024-11-12,2024-11-15,147526,68951,21309,14211,33197,100604,31167,11402
silver,2024-11-19,2024-11-22,141287,65939,19616,10792,34466,99547,30090,11332
silver,2024-11-26,2024-11-29,134590,63076,20293,8779,33100,94258,29635,11260
silver,2024-12-03,2024-12-06,134074,64285,21025,7623,32688,94707,29478,10719
silver,2024-12-10,2024-12-13,151096,72515,31350,11648,36376,96219,30557,11879
silver,2024-12-17,2024-12-20,146938,68183,27919,14224,35135,92645,29396,12150
silver,2024-12-24,2024-12-27,145618,67851,27688,15009,35192,90213,27566,12708
silver,2024-12-31,2025-01-03,151013,67007,29118,18525,36850,89257,28631,14113
silver,2025-01-07,2025-01-10,151590,68892,27944,19334,35032,91206,28332,13106
silver,2025-01-14,2025-01-17,150364,71511,25431,19450,32379,92055,27024,13428
silver,2025-01-21,2025-01-24,159899,75660,28180,22865,33476,96453,27898,12401
silver,2025-01-28,2025-01-31,165135,74656,30288,25956,36404,96672,28119,12219
silver,2025-02-04,2025-02-07,170726,83120,32759,26221,29564,98571,31821,13175
silver,2025-02-11,2025-02-14,164251,79112,29402,19831,32501,100751,32807,14267
silver,2025-02-18,2025-02-21,170107,84814,30360,18869,35237,107197,31187,13681
silver,2025-02-25,2025-02-28,163681,78469,25607,16981,38149,108337,30082,12756
silver,2025-03-04,2025-03-07,145935,73315,19999,13540,30890,101834,28190,10562
silver,2025-03-11,2025-03-14,155263,79965,20439,16152,29463,106819,29683,11853
silver,2025-03-18,2025-03-21,170566,87601,25303,19048,31479,113134,32438,13081
silver,2025-03-25,2025-03-28,169628,85712,24762,19661,32304,113009,31951,12196
silver,2025-04-01,2025-04-04,170197,85609,28351,18704,34641,111046,31243,12096
silver,2025-04-08,2025-04-11,154289,68426,21910,19554,35320,99342,30989,13483
silver,2025-04-15,2025-04-18,144400,65068,21119,9781,40181,102931,29370,10569
silver,2025-04-22,2025-04-25,146923,64693,19967,11776,40479,104853,29975,10327
silver,2025-04-29,2025-05-02,152669,70299,20356,12595,41240,110504,28535,9214
silver,2025-05-06,2025-05-09,140261,70335,21083,10043,32146,99949,27737,9186
silver,2025-05-13,2025-05-16,138262,67944,20190,9634,33164,99344,27520,9094
silver,2025-05-20,2025-05-23,141451,70891,20849,9936,33798,100577,26826,10089
silver,2025-05-27,2025-05-30,147555,73240,20228,12167,34318,104595,27830,10565
silver,2025-06-03,2025-06-06,163347,81981,21211,18708,32689,111830,29969,11598
silver,2025-06-10,2025-06-13,174281,85192,18542,20852,34871,120532,33366,14355
silver,2025-06-17,2025-06-20,184831,88994,21820,22449,39948,125896,33440,14666
silver,2025-06-24,2025-06-27,174613,84491,21544,16833,40422,122899,32867,13337
silver,2025-07-01,2025-07-04,163567,82747,19347,12612,36203,120743,32005,10865
silver,2025-07-08,2025-07-11,162803,80779,22258,13166,37094,116689,31764,10690
silver,2025-07-15,2025-07-18,171474,85022,25574,18565,35466,115114,32421,12221
silver,2025-07-22,2025-07-25,173679,85678,25058,19256,36803,116030,31942,13335
silver,2025-07-29,2025-08-01,170329,80493,21086,21365,37879,116808,30592,11070
silver,2025-08-05,2025-08-08,161262,71234,20576,21674,37347,109575,31007,9437
silver,2025-08-12,2025-08-15,156432,66252,21984,16202,41331,107752,32647,10494
silver,2025-08-19,2025-08-22,158477,68102,21553,14232,45127,111802,31016,10890
silver,2025-08-26,2025-08-29,158630,68227,21761,11610,46134,114419,32659,10840
silver,2025-09-02,2025-09-05,158368,74466,18543,10773,40121,114318,33008,14734
silver,2025-09-09,2025-09-12,156703,72450,18513,11899,40163,113565,32191,12726
silver,2025-09-16,2025-09-19,162954,71623,20085,15806,43118,114507,32407,12556
silver,2025-09-23,2025-09-26,165805,72318,20042,18048,42281,115036,33158,12679
silver,2025-09-30,2025-10-03,163837,70062,20323,17432,41780,112870,34563,13212
silver,2025-10-07,2025-10-10,166474,67668,21451,18601,44862,113548,35343,12874
silver,2025-10-14,2025-10-17,172415,67041,23860,24209,46432,111087,34733,13259
silver,2025-10-21,2025-10-24,169418,60904,23645,31025,45199,102436,32290,12312
silver,2025-10-28,2025-10-31,158187,55959,18840,27632,43371,98956,31225,12759
silver,2025-11-04,2025-11-07,155257,54166,20945,27742,42218,94882,31131,11688
silver,2025-11-10,2025-11-14,159649,55038,22052,27027,45569,97785,32015,12785
silver,2025-11-18,2025-11-21,153295,54535,20519,20682,47076,100502,31002,11592
silver,2025-11-25,2025-11-28,144541,52002,19814,16300,45480,98748,30759,9679
silver,2025-12-02,2025-12-05,150832,59575,21056,15112,44313,100952,31832,13712
silver,2025-12-09,2025-12-12,154762,65958,21249,15176,42995,103822,30633,14515
silver,2025-12-16,2025-12-19,152921,56034,19682,19618,45998,101189,31271,12432
silver,2025-12-23,2025-12-26,155710,55243,19359,21736,46775,101042,31956,13573
silver,2025-12-30,2026-01-02,157391,50506,20443,24707,50323,100585,31855,11656
silver,2026-01-06,2026-01-09,153240,47384,18113,24052,47989,99680,33815,11395
silver,2026-01-13,2026-01-16,151513,47337,15277,26065,42595,97887,35516,12284
silver,2026-01-20,2026-01-23,152020,42965,17751,29724,43723,90112,35608,14433
silver,2026-01-27,2026-01-30,156637,43475,19772,33930,44788,88844,34444,14091
silver,2026-02-03,2026-02-06,143180,38883,13006,36580,35248,80973,32469,12621
silver,2026-02-10,2026-02-13,133641,36660,13705,29843,37295,79458,29843,10635
silver,2026-02-17,2026-02-20,131496,36626,12623,29627,36729,79076,28514,10170
silver,2026-02-24,2026-02-27,125454,32500,10240,27289,35475,76555,30190,11370
silver,2026-03-03,2026-03-06,113326,34226,10888,22128,30893,70859,26079,9451
silver,2026-03-10,2026-03-13,115458,33306,8728,23644,31789,73366,26719,9720
silver,2026-03-17,2026-03-20,114758,31125,9244,25398,31938,70296,26297,9820
silver,2026-03-24,2026-03-27,113164,33938,9265,25160,29511,69799,24555,8940
silver,2026-03-31,2026-04-03,115169,33463,9559,27349,29892,68749,24465,9512
silver,2026-04-07,2026-04-10,115138,32810,9393,29209,28211,67126,24908,9410
silver,2026-04-14,2026-04-17,116983,32391,8829,26489,32338,72471,25765,9194
silver,2026-04-21,2026-04-24,115462,33233,9513,23619,32357,73342,26253,8988
silver,2026-04-28,2026-05-01,101275,31314,7154,14823,29676,70128,25462,9170
silver,2026-05-05,2026-05-08,96932,32965,9073,12062,26094,66629,25811,9168
silver,2026-05-12,2026-05-15,103800,36569,10458,12088,27341,70987,27802,10267
silver,2026-05-19,2026-05-22,100751,34591,9920,12629,27108,69776,26423,8426
silver,2026-05-26,2026-05-29,101744,32758,10535,14080,27605,68498,27301,8631
silver,2026-06-02,2026-06-05,102809,33933,10007,14997,25782,68443,28097,9362
silver,2026-06-09,2026-06-12,103440,32487,10273,16620,26660,67028,27673,9519
silver,2026-06-16,2026-06-19,107721,35611,11067,14300,30683,73001,27127,9353
silver,2026-06-23,2026-06-26,108944,35139,11388,17319,30501,70741,25985,9496
silver,2026-06-30,2026-07-03,108964,37805,10437,10458,32133,73458,28568,14611
silver,2026-07-07,2026-07-10,104859,39446,11431,9247,31337,74432,24829,9749
silver,2026-07-14,2026-07-17,105023,36246,11172,9156,32919,75516,26702,9179
silver,2026-07-21,2026-07-24,106410,36741,13276,10158,32050,72503,27461,10473
silver,2026-07-28,2026-07-31,106719,35314,13097,12936,32507,71316,25962,9370
nikkei,2000-08-29,2000-09-01,16123,2858,3469,612,7941,9168,4712,2874
nikkei,2000-09-05,2000-09-08,19493,3067,3195,666,8858,10573,6902,5059
nikkei,2000-09-12,2000-09-15,11864,2397,633,123,4822,8983,4522,2125
nikkei,2000-09-19,2000-09-22,12486,2591,400,182,5176,9038,4537,2866
nikkei,2000-09-26,2000-09-29,12458,2380,650,146,5209,8570,4723,3092
nikkei,2000-10-03,2000-10-06,15166,4089,1820,186,5691,9328,5200,3832
nikkei,2000-10-10,2000-10-13,14851,3649,2285,140,5438,8533,5624,3893
nikkei,2000-10-17,2000-10-20,15292,3985,1942,102,5756,8526,5449,4722
nikkei,2000-10-24,2000-10-27,15213,3842,1791,102,6084,9026,5185,4294
nikkei,2000-10-31,2000-11-03,15951,3369,2539,0,6591,9122,5991,4290
nikkei,2000-11-07,2000-11-10,15871,3132,2128,148,6617,8966,5974,4629
nikkei,2000-11-14,2000-11-17,16586,3763,1953,148,6945,8834,5730,5651
nikkei,2000-11-21,2000-11-24,16559,3393,2120,148,7223,9081,5795,5210
nikkei,2000-11-28,2000-12-01,16800,3373,2254,63,7336,8556,6028,5927
nikkei,2000-12-05,2000-12-08,25533,3644,2289,249,11659,14261,9981,8734
nikkei,2000-12-12,2000-12-15,13349,3177,452,90,5217,9134,4865,3673
nikkei,2000-12-19,2000-12-22,14140,3270,123,86,5861,10277,4923,3654
nikkei,2000-12-26,2000-12-29,14819,3625,498,154,6210,10433,4830,3734
nikkei,2001-01-02,2001-01-05,15162,3526,724,88,6282,9898,5266,4452
nikkei,2001-01-09,2001-01-12,16229,4548,1572,114,6910,10525,4657,4018
nikkei,2001-01-16,2001-01-19,17451,4883,2241,114,7735,10945,4719,4151
nikkei,2001-01-23,2001-01-26,18228,5020,2610,0,8084,11527,5124,4091
nikkei,2001-01-30,2001-02-02,18474,4856,3241,0,8433,11546,5185,3687
nikkei,2001-02-06,2001-02-09,18850,4903,3328,0,8605,12002,5342,3520
nikkei,2001-02-13,2001-02-16,19517,5147,3415,0,8954,11936,5416,4166
nikkei,2001-02-20,2001-02-23,19300,5096,3290,0,8506,11895,5698,4115
nikkei,2001-02-27,2001-03-02,19626,5029,3550,0,8586,11810,6011,4266
nikkei,2001-03-06,2001-03-09,29736,4901,4388,170,13308,15880,11357,9298
nikkei,2001-03-13,2001-03-16,16765,4311,274,0,7578,11070,4876,5421
nikkei,2001-03-20,2001-03-23,17220,4013,424,0,8085,11315,5122,5481
nikkei,2001-03-27,2001-03-30,19156,5334,1213,51,8738,11781,5033,6111
nikkei,2001-04-03,2001-04-06,19127,5351,1439,101,8575,11977,5100,5610
nikkei,2001-04-10,2001-04-13,19570,5726,1756,0,8085,12135,5759,5679
nikkei,2001-04-17,2001-04-20,18969,5698,1628,0,7638,11629,5633,5712
nikkei,2001-04-24,2001-04-27,19433,5873,1489,113,7693,12556,5754,5275
nikkei,2001-05-01,2001-05-04,19483,5767,1889,153,7842,12261,5721,5180
nikkei,2001-05-08,2001-05-11,21200,4811,2443,280,9623,12763,6486,5714
nikkei,2001-05-15,2001-05-18,20540,4682,2840,273,10098,12106,5487,5321
nikkei,2001-05-22,2001-05-25,20751,4752,2998,246,9997,12154,5756,5353
nikkei,2001-05-29,2001-06-01,19923,4774,1952,244,8634,12297,6271,5430
nikkei,2001-06-05,2001-06-08,25712,4040,1327,321,10229,13437,11122,10627
nikkei,2001-06-12,2001-06-15,14337,3868,2068,0,6707,7852,3762,4417
nikkei,2001-06-19,2001-06-22,14913,4039,1925,0,6810,8103,4064,4885
nikkei,2001-06-26,2001-06-29,15156,3960,1795,113,6986,8419,4097,4829
nikkei,2001-07-03,2001-07-06,16071,4413,2017,100,7041,8462,4517,5492
nikkei,2001-07-10,2001-07-13,15514,3700,1725,200,7161,8704,4453,4885
nikkei,2001-07-17,2001-07-20,16622,3794,1893,187,7556,9203,5085,5339
nikkei,2001-07-24,2001-07-27,17196,4677,2480,105,7278,9472,5136,5139
nikkei,2001-07-31,2001-08-03,17689,5408,1279,163,7832,11163,4286,5084
nikkei,2001-08-07,2001-08-10,17313,4722,1172,244,8268,11294,4079,4603
nikkei,2001-08-14,2001-08-17,18628,5721,1544,0,8360,11690,4547,5394
nikkei,2001-08-21,2001-08-24,18643,5672,1301,0,8396,11641,4575,5701
nikkei,2001-08-28,2001-08-31,19058,5527,1797,0,8423,11194,5108,6067
nikkei,2001-09-04,2001-09-07,19079,5796,1749,0,7722,11503,5561,5827
nikkei,2001-09-10,2001-09-14,19820,5815,454,643,6651,11243,6711,7480
nikkei,2001-09-18,2001-09-21,11804,4489,641,0,3491,7477,3824,3686
nikkei,2001-09-25,2001-09-28,13476,4107,1251,5,5339,8833,4025,3387
nikkei,2001-10-02,2001-10-05,13950,4022,1663,0,5704,8244,4224,4043
nikkei,2001-10-09,2001-10-12,13573,4143,1996,0,5487,8111,3943,3466
nikkei,2001-10-16,2001-10-19,13725,3944,1830,20,5384,8351,4377,3524
nikkei,2001-10-23,2001-10-26,13059,3790,2381,0,5413,8296,3856,2382
nikkei,2001-10-30,2001-11-02,13274,4136,3071,0,5421,8395,3717,1808
nikkei,2001-11-06,2001-11-09,14662,4631,2296,20,6099,9359,3912,2987
nikkei,2001-11-13,2001-11-16,16149,4594,3291,0,7234,9676,4321,3182
nikkei,2001-11-20,2001-11-23,15838,4262,3729,0,7556,8994,4020,3115
nikkei,2001-11-27,2001-11-30,15928,4222,4152,0,7744,9106,3962,2670
nikkei,2001-12-04,2001-12-07,16382,4095,4607,0,8223,8988,4064,2787
nikkei,2001-12-11,2001-12-14,22549,3942,4526,184,10638,11959,7785,5880
nikkei,2001-12-18,2001-12-21,12664,3881,1478,0,4952,7222,3831,3964
nikkei,2001-12-21,2001-12-21,12694,3806,1884,63,5002,7000,3823,3747
nikkei,2001-12-28,2001-12-28,13093,3671,2344,0,5353,6832,4069,3917
nikkei,2002-01-08,2002-01-11,14656,3845,3300,0,5911,6900,4900,4456
nikkei,2002-01-15,2002-01-18,14232,3733,3104,0,6042,7138,4457,3990
nikkei,2002-01-22,2002-01-25,14588,3764,2997,0,6015,6997,4809,4594
nikkei,2002-01-29,2002-02-01,15130,3864,3122,0,6335,7530,4931,4478
nikkei,2002-02-05,2002-02-08,16001,4271,3877,18,7011,7089,4701,5017
nikkei,2002-02-12,2002-02-15,15630,3673,3675,54,7166,7134,4737,4767
nikkei,2002-02-19,2002-02-22,15488,4286,3567,29,6994,7275,4179,4617
nikkei,2002-02-26,2002-03-01,15698,4394,2805,29,7013,7938,4262,4926
nikkei,2002-03-05,2002-03-08,25690,2940,2250,561,13608,14623,8581,8256
nikkei,2002-03-12,2002-03-15,16969,3195,1626,40,9445,11605,4289,3698
nikkei,2002-03-19,2002-03-22,16994,3474,2122,0,9389,12190,4131,2682
nikkei,2002-03-26,2002-03-29,16042,3240,2061,0,8926,11902,3876,2079
nikkei,2002-04-02,2002-04-05,15614,2698,1581,0,9221,11610,3695,2423
nikkei,2002-04-09,2002-04-12,15007,2188,909,0,9069,11543,3750,2555
nikkei,2002-04-16,2002-04-19,14957,2532,982,0,8658,11811,3767,2164
nikkei,2002-04-23,2002-04-26,14698,2697,920,66,7980,11676,3955,2036
nikkei,2002-04-30,2002-05-03,15235,3525,1153,66,7979,11801,3665,2215
nikkei,2002-05-07,2002-05-10,15909,3946,1433,66,7832,12065,4065,2345
nikkei,2002-05-14,2002-05-17,16936,4254,1524,38,8631,12937,4013,2437
nikkei,2002-05-21,2002-05-24,18053,2955,2233,71,10122,13231,4905,2518
nikkei,2002-05-28,2002-05-31,22592,3621,4909,0,13936,13715,5035,3968
nikkei,2002-06-04,2002-06-07,22727,3709,5376,0,14467,13995,4551,3356
nikkei,2002-06-11,2002-06-14,35126,3362,4815,108,20163,21772,11493,8431
nikkei,2002-06-18,2002-06-21,20957,3675,847,153,13212,16401,3917,3556
nikkei,2002-06-25,2002-06-28,23183,3690,919,19,13418,16644,6056,5601
nikkei,2002-07-02,2002-07-05,22627,4373,1218,0,13561,17258,4693,4151
nikkei,2002-07-09,2002-07-12,22857,4212,379,0,14267,18777,4378,3701
nikkei,2002-07-16,2002-07-19,24145,4969,440,0,14947,19977,4229,3728
nikkei,2002-07-23,2002-07-26,25033,6427,522,10,14440,21173,4156,3328
nikkei,2002-07-30,2002-08-02,25638,7706,394,10,13369,21264,4553,3970
nikkei,2002-08-06,2002-08-09,24977,7300,529,10,12911,20678,4756,3760
nikkei,2002-08-13,2002-08-16,24989,6921,804,10,13001,20571,5057,3604
nikkei,2002-08-20,2002-08-23,24874,7042,843,65,12855,20118,4912,3848
nikkei,2002-08-27,2002-08-30,25150,7398,935,119,13016,20996,4617,3100
nikkei,2002-09-03,2002-09-06,25814,7293,1022,74,13463,21199,4984,3519
nikkei,2002-09-10,2002-09-13,33665,7416,1108,626,15192,22708,10431,9223
nikkei,2002-09-17,2002-09-20,13772,2525,1991,0,6819,9505,4428,2276
nikkei,2002-09-24,2002-09-27,18154,5872,2815,129,7584,12585,4569,2625
nikkei,2002-10-01,2002-10-04,19862,6894,2843,120,8233,13400,4615,3499
nikkei,2002-10-08,2002-10-11,19740,5474,3110,0,9436,13457,4830,3173
nikkei,2002-10-15,2002-10-18,20448,5315,3251,0,9580,13643,5553,3554
nikkei,2002-10-22,2002-10-25,19386,4738,2957,106,9228,13288,5314,3035
nikkei,2002-10-29,2002-11-01,19312,4918,3184,48,9708,13120,4638,2960
nikkei,2002-11-05,2002-11-08,19466,5141,3410,29,9593,12799,4703,3228
nikkei,2002-11-12,2002-11-15,19034,5045,3459,72,8916,12537,5001,2966
nikkei,2002-11-19,2002-11-22,19294,5291,3757,29,9069,12428,4905,3080
nikkei,2002-11-26,2002-11-29,19495,5385,3636,34,8347,12555,5729,3270
nikkei,2002-12-03,2002-12-06,18789,5958,3845,24,7897,11964,4910,2956
nikkei,2002-12-10,2002-12-13,28768,5825,3936,347,12277,16135,10319,8350
nikkei,2002-12-17,2002-12-20,11894,2729,1450,20,5486,7864,3659,2560
nikkei,2002-12-23,2002-12-27,12626,2827,1659,217,5725,7885,3857,2865
nikkei,2002-12-31,2003-01-03,12504,2598,974,217,5604,8564,4085,2749
nikkei,2003-01-07,2003-01-10,13845,3507,2144,20,5469,8748,4849,2933
nikkei,2003-01-14,2003-01-17,13999,3112,2491,20,6329,8012,4538,3476
nikkei,2003-01-21,2003-01-24,14844,2726,2440,83,7793,8816,4242,3505
nikkei,2003-01-28,2003-01-31,16683,3283,3401,83,8336,9358,4981,3841
nikkei,2003-02-04,2003-02-07,16095,3817,3642,24,6786,8741,5468,3688
nikkei,2003-02-11,2003-02-14,15781,3731,3069,87,6707,8884,5256,3741
nikkei,2003-02-18,2003-02-21,15915,4028,3192,83,6904,8848,4900,3792
nikkei,2003-02-25,2003-02-28,17572,4464,3878,97,7425,9533,5586,4064
nikkei,2003-03-04,2003-03-07,17543,4431,4065,97,8073,9514,4942,3867
nikkei,2003-03-11,2003-03-14,25281,4082,3412,553,8284,9556,12362,11760
nikkei,2003-03-18,2003-03-21,18066,3313,1569,11,8419,11808,6323,4678
nikkei,2003-03-25,2003-03-28,18924,3275,2383,104,9297,11873,6248,4564
nikkei,2003-04-01,2003-04-04,18522,3868,2599,94,8551,11842,6009,3987
nikkei,2003-04-08,2003-04-11,18835,3729,2642,94,8646,12207,6366,3892
nikkei,2003-04-15,2003-04-18,19981,4010,2799,129,9106,12939,6736,4114
nikkei,2003-04-22,2003-04-25,20249,4318,2996,129,8485,12733,7317,4391
nikkei,2003-04-29,2003-05-02,20921,4816,3687,155,9033,12685,6917,4394
nikkei,2003-05-06,2003-05-09,22536,5871,4911,141,9204,12686,7320,4798
nikkei,2003-05-13,2003-05-16,22821,6252,5329,162,9545,13232,6862,4098
nikkei,2003-05-20,2003-05-23,21924,4659,5163,93,10850,12908,6322,3760
nikkei,2003-05-27,2003-05-30,22743,4403,5300,146,10867,13155,7327,4142
nikkei,2003-06-03,2003-06-06,24124,5391,5742,254,11209,14128,7270,4000
nikkei,2003-06-10,2003-06-13,32360,5931,6006,627,13566,16917,12236,8810
nikkei,2003-06-17,2003-06-20,18398,6548,3986,210,5179,9532,6461,4670
nikkei,2003-06-24,2003-06-27,19188,7420,3967,250,5519,10322,5999,4649
nikkei,2003-07-01,2003-07-04,20652,7616,4349,250,6529,11292,6257,4761
nikkei,2003-07-08,2003-07-11,27004,9042,7146,255,10564,13376,7143,6227
nikkei,2003-07-15,2003-07-18,28794,10610,7108,391,11149,14934,6644,6361
nikkei,2003-07-22,2003-07-25,27961,10899,7185,375,10261,13925,6426,6476
nikkei,2003-07-29,2003-08-01,28687,10349,8145,480,10846,14001,7012,6061
nikkei,2003-08-05,2003-08-08,27253,9060,7697,512,10627,12809,7054,6235
nikkei,2003-08-12,2003-08-15,28935,11349,8963,510,10412,13601,6664,5861
nikkei,2003-08-19,2003-08-22,33574,14132,11400,504,9717,16113,9221,5557
nikkei,2003-08-26,2003-08-29,33734,13815,11395,524,11818,15749,7577,6066
nikkei,2003-09-02,2003-09-05,34231,12060,11140,535,14028,15719,7608,6837
nikkei,2003-09-09,2003-09-12,49866,12819,11194,1129,22245,23008,13673,14535
nikkei,2003-09-16,2003-09-19,23684,11486,2917,107,6178,16208,5913,4452
nikkei,2003-09-23,2003-09-26,26638,11269,3738,95,8055,17478,7219,5327
nikkei,2003-09-30,2003-10-03,26216,9862,4990,232,8991,16626,7131,4368
nikkei,2003-10-07,2003-10-10,26886,11410,4612,172,8139,17746,7165,4356
nikkei,2003-10-14,2003-10-17,27766,11487,4228,1,9238,18742,7040,4795
nikkei,2003-10-21,2003-10-24,27794,10863,3875,88,10389,19176,6454,4655
nikkei,2003-10-28,2003-10-31,28488,10257,3963,165,10969,19683,7097,4677
nikkei,2003-11-04,2003-11-07,28891,10249,3984,100,10544,19654,7998,5153
nikkei,2003-11-11,2003-11-14,29541,10109,4644,100,11582,19556,7750,5241
nikkei,2003-11-18,2003-11-21,31608,9401,5988,210,14642,20035,7355,5375
nikkei,2003-11-25,2003-11-28,33916,9051,8251,255,16360,20724,8250,4686
nikkei,2003-12-02,2003-12-05,34937,9440,8972,252,17451,21112,7794,4601
nikkei,2003-12-09,2003-12-12,43047,9977,9292,593,20733,24234,11744,8928
nikkei,2003-12-16,2003-12-19,20966,7930,6434,48,7201,9466,5787,5018
nikkei,2003-12-22,2003-12-26,22612,8933,7694,5,8328,10241,5346,4672
nikkei,2003-12-30,2004-01-02,24055,9756,8387,5,8568,10944,5726,4719
nikkei,2004-01-06,2004-01-09,27219,11488,10022,85,9898,12105,5748,5007
nikkei,2004-01-13,2004-01-16,28513,12125,10711,90,10384,12321,5914,5391
nikkei,2004-01-20,2004-01-23,30269,12352,11635,95,12113,13269,5709,5270
nikkei,2004-01-27,2004-01-30,31602,11821,10844,100,13006,14865,6675,5793
nikkei,2004-02-03,2004-02-06,30730,10145,10565,193,13952,14371,6440,5601
nikkei,2004-02-10,2004-02-13,32211,10616,11233,170,14705,14967,6720,5841
nikkei,2004-02-17,2004-02-20,34743,10938,12542,221,15377,15267,8207,6713
nikkei,2004-02-24,2004-02-27,35140,11024,13908,186,16489,15365,7441,5681
nikkei,2004-03-02,2004-03-05,39968,11800,15339,791,18828,16980,8549,6858
nikkei,2004-03-09,2004-03-12,50067,12630,15674,1759,26577,25000,9101,7634
nikkei,2004-03-16,2004-03-19,33213,15202,8048,211,9775,18640,8025,6314
nikkei,2004-03-23,2004-03-26,35927,18018,9523,124,11420,21097,6365,5183
nikkei,2004-03-30,2004-04-02,39425,18952,11627,60,13858,22086,6555,5652
nikkei,2004-04-06,2004-04-09,41877,18685,13941,90,16634,22015,6468,5831
nikkei,2004-04-12,2004-04-16,43185,18633,14941,116,17334,22031,7102,6097
nikkei,2004-04-20,2004-04-23,42985,17663,16439,75,18066,20280,7181,6191
nikkei,2004-04-27,2004-04-30,41659,15576,15851,71,19137,20069,6875,5668
nikkei,2004-05-04,2004-05-07,41765,17601,13751,198,15434,20751,8532,7065
nikkei,2004-05-11,2004-05-14,40601,16294,14546,450,14396,17737,9461,7868
nikkei,2004-05-18,2004-05-21,38628,14312,13563,502,15030,17680,8784,6883
nikkei,2004-05-25,2004-05-28,38313,12710,13064,487,16798,17663,8318,7099
nikkei,2004-06-01,2004-06-04,41158,13600,13967,602,18946,18989,8010,7600
nikkei,2004-06-08,2004-06-11,46842,14194,13118,2257,19794,20601,10597,10866
nikkei,2004-06-15,2004-06-18,29128,11818,9909,20,10281,15539,7009,3660
nikkei,2004-06-22,2004-06-25,31140,12800,10210,182,11562,16491,6596,4257
nikkei,2004-06-29,2004-07-02,30795,13295,9377,142,11195,16614,6163,4662
nikkei,2004-07-06,2004-07-09,31779,12896,9188,295,11125,17336,7463,4960
nikkei,2004-07-13,2004-07-16,30832,12718,9135,288,11151,17392,6675,4017
nikkei,2004-07-20,2004-07-23,31399,12349,9695,137,12204,17893,6709,3674
nikkei,2004-07-27,2004-07-30,31613,11820,9087,187,12630,18570,6976,3769
nikkei,2004-08-03,2004-08-06,31896,12070,9580,192,12838,18100,6796,4024
nikkei,2004-08-10,2004-08-13,32324,12482,9693,150,11663,17583,8029,4898
nikkei,2004-08-17,2004-08-20,32158,11624,9097,162,11320,17218,9052,5681
nikkei,2004-08-24,2004-08-27,30658,10441,8674,317,11802,17126,8098,4541
nikkei,2004-08-31,2004-09-03,29072,11122,8832,203,10889,16267,6858,3770
nikkei,2004-09-07,2004-09-10,36279,10790,7853,2033,12256,18301,11200,8092
nikkei,2004-09-14,2004-09-17,22560,10787,6518,0,5471,11208,6302,4834
nikkei,2004-09-21,2004-09-24,23336,10060,7980,0,6850,12299,6426,3057
nikkei,2004-09-28,2004-10-01,23725,10586,7829,0,6701,12005,6438,3891
nikkei,2004-10-05,2004-10-08,26525,11207,9214,47,8304,13143,6967,4121
nikkei,2004-10-12,2004-10-15,27542,11290,9424,43,8458,13377,7751,4698
nikkei,2004-10-19,2004-10-22,26423,11103,8927,46,7831,13782,7443,3668
nikkei,2004-10-26,2004-10-29,28999,10962,8862,750,9425,15768,7862,3619
nikkei,2004-11-02,2004-11-05,31046,11854,9983,62,11130,16539,8000,4462
nikkei,2004-11-09,2004-11-12,34081,13177,13686,20,12273,16090,8611,4285
nikkei,2004-11-16,2004-11-19,34795,12805,14076,217,12976,16351,8797,4151
nikkei,2004-11-23,2004-11-26,35882,12392,13874,134,13787,17404,9569,4470
nikkei,2004-11-30,2004-12-03,35951,11827,12322,86,14435,18739,9603,4804
nikkei,2004-12-07,2004-12-10,46914,12103,14077,1324,18513,20993,14974,10520
nikkei,2004-12-14,2004-12-17,29775,10552,10493,15,11682,14088,7526,5179
nikkei,2004-12-21,2004-12-24,28003,11099,8272,94,9043,15104,7767,4533
nikkei,2004-12-28,2004-12-31,28598,12317,8975,87,9160,15732,7034,3804
nikkei,2005-01-04,2005-01-07,32220,12841,8879,87,9474,17516,9818,5738
nikkei,2005-01-11,2005-01-14,31308,13033,7199,82,9169,18917,9024,5110
nikkei,2005-01-18,2005-01-21,32572,13405,6652,90,10324,19824,8753,6006
nikkei,2005-01-25,2005-01-28,33231,9448,5790,132,10345,21244,13306,6065
nikkei,2005-02-01,2005-02-04,34449,9978,7214,112,11394,20957,12965,6166
nikkei,2005-02-08,2005-02-11,36832,10378,8027,110,12881,22193,13463,6502
nikkei,2005-02-15,2005-02-18,38314,10755,9229,110,14398,22426,13051,6549
nikkei,2005-02-22,2005-02-25,38276,11214,7374,128,13476,23395,13458,7379
nikkei,2005-03-01,2005-03-04,40064,11848,8498,154,15744,23908,12318,7504
nikkei,2005-03-08,2005-03-11,53368,12532,8247,7134,15343,25209,18359,12778
nikkei,2005-03-15,2005-03-18,31177,11784,10666,36,8883,12932,10474,7543
nikkei,2005-03-22,2005-03-25,32790,12752,11210,72,9246,14540,10720,6968
nikkei,2005-03-29,2005-04-01,36850,12340,11531,151,12130,16222,12229,8946
nikkei,2005-04-05,2005-04-08,35713,11678,10369,179,12235,16468,11621,8697
nikkei,2005-04-12,2005-04-15,35452,11628,10287,77,13659,18173,10088,6915
nikkei,2005-04-19,2005-04-22,37385,10269,8289,35,15270,20897,11811,8164
nikkei,2005-04-26,2005-04-29,37069,10470,6697,35,14332,21017,12232,9320
nikkei,2005-05-03,2005-05-06,37540,10415,5828,351,14284,22752,12490,8609
nikkei,2005-05-10,2005-05-13,39391,10171,5408,449,15925,23801,12846,9733
nikkei,2005-05-17,2005-05-20,40706,10190,5889,66,17516,24698,12934,10053
nikkei,2005-05-24,2005-05-27,42339,13540,6554,76,14303,22824,14420,12885
nikkei,2005-05-31,2005-06-03,40914,13567,5556,143,13479,23463,13725,11752
nikkei,2005-06-07,2005-06-10,52315,14203,6548,2608,16584,26063,18920,17096
nikkei,2005-06-14,2005-06-17,30741,9951,7215,88,9125,14537,11577,8901
nikkei,2005-06-21,2005-06-24,30821,10701,5820,192,9082,16669,10846,8140
nikkei,2005-06-28,2005-07-01,31617,10875,5825,259,9566,18830,10917,6703
nikkei,2005-07-05,2005-07-08,31978,11583,5454,390,9644,19185,10361,6949
nikkei,2005-07-12,2005-07-15,35164,12062,5937,430,11348,21240,11324,7557
nikkei,2005-07-19,2005-07-22,37610,13414,7083,411,12320,21970,11465,8146
nikkei,2005-07-26,2005-07-29,40702,13811,6602,415,13773,23820,12703,9865
nikkei,2005-08-02,2005-08-05,44679,16110,6727,418,14834,26556,13317,10978
nikkei,2005-08-09,2005-08-12,44683,15278,7013,571,14902,25845,13932,11254
nikkei,2005-08-16,2005-08-19,50026,19142,9824,498,16241,29186,14145,10518
nikkei,2005-08-23,2005-08-26,56623,20648,11770,461,19130,31967,16384,12425
nikkei,2005-08-30,2005-09-02,54201,19541,12930,357,18239,31240,16064,9674
nikkei,2005-09-06,2005-09-09,65798,20338,13132,6222,21328,34291,17910,12153
nikkei,2005-09-13,2005-09-16,43493,17098,16007,107,14971,22164,11317,5215
nikkei,2005-09-20,2005-09-23,47160,18756,18613,107,18054,24149,10243,4291
nikkei,2005-09-27,2005-09-30,52548,20244,19355,249,20250,26965,11805,5979
nikkei,2005-10-04,2005-10-07,52991,17033,17304,1140,22349,29008,12469,5539
nikkei,2005-10-11,2005-10-14,57777,17701,17452,1116,26917,31458,12043,7751
nikkei,2005-10-18,2005-10-21,58951,17057,17449,725,29373,33860,11796,6917
nikkei,2005-10-25,2005-10-28,58092,16458,17330,630,28322,33398,12682,6734
nikkei,2005-11-01,2005-11-04,59019,18288,17248,422,28495,35398,11814,5951
nikkei,2005-11-08,2005-11-11,65904,20925,23872,1246,32797,35495,10936,5291
nikkei,2005-11-15,2005-11-18,68244,20383,25523,1232,32728,33338,13901,8151
nikkei,2005-11-22,2005-11-25,72180,19790,27102,1206,36917,35768,14267,8104
nikkei,2005-11-29,2005-12-02,71750,17421,24265,1216,38682,36978,14431,9291
nikkei,2005-12-06,2005-12-09,106263,22547,23165,11756,51108,50031,20852,21311
nikkei,2005-12-13,2005-12-16,53008,15685,21671,0,27281,25915,10042,5422
nikkei,2005-12-20,2005-12-23,53941,14306,19860,230,26034,26819,13371,7032
nikkei,2005-12-27,2005-12-30,54362,13578,17460,424,26849,28214,13511,8264
nikkei,2006-01-03,2006-01-06,54588,13851,20160,598,26823,26108,13316,7722
nikkei,2006-01-10,2006-01-13,57289,17160,19268,513,25850,28785,13766,8723
nikkei,2006-01-17,2006-01-20,59849,17626,18410,678,27374,31164,14171,9597
nikkei,2006-01-24,2006-01-27,57829,16576,16081,392,27469,31624,13392,9732
nikkei,2006-01-31,2006-02-03,59291,16911,17026,78,29501,32938,12801,9249
nikkei,2006-02-07,2006-02-10,59178,18337,15765,109,28104,33639,12628,9665
nikkei,2006-02-14,2006-02-17,61030,19418,15605,69,28229,35806,13314,9550
nikkei,2006-02-21,2006-02-24,65913,21469,16757,71,29501,37068,14872,12017
nikkei,2006-02-28,2006-03-03,67300,23426,16250,214,29502,39569,14158,11267
nikkei,2006-03-07,2006-03-10,74629,20208,15347,2151,36598,44893,15672,12238
nikkei,2006-03-14,2006-03-17,48033,14453,14791,187,22491,25438,10902,7617
nikkei,2006-03-21,2006-03-24,49609,17131,15881,184,22142,25094,10152,8450
nikkei,2006-03-28,2006-03-31,51575,18635,16868,82,23303,26050,9555,8575
nikkei,2006-04-04,2006-04-07,51591,18318,16547,74,25020,28027,8179,6943
nikkei,2006-04-11,2006-04-14,53697,18310,17800,72,25358,27786,9957,8039
nikkei,2006-04-18,2006-04-21,52370,15527,16724,92,26083,27043,10668,8511
nikkei,2006-04-25,2006-04-28,50486,13845,16296,90,25488,25838,11063,8262
nikkei,2006-05-02,2006-05-05,50687,15365,16009,77,25209,26327,10036,8274
nikkei,2006-05-09,2006-05-12,55885,17428,18094,100,26513,29344,11844,8347
nikkei,2006-05-16,2006-05-19,55625,17753,18802,243,25542,27711,12087,8869
nikkei,2006-05-23,2006-05-26,55816,16952,20231,601,24966,27210,13297,7774
nikkei,2006-05-30,2006-06-02,53645,14768,16972,567,25484,29128,12826,6978
nikkei,2006-06-06,2006-06-09,62748,16246,17813,2789,30670,32419,13043,9727
nikkei,2006-06-13,2006-06-16,40853,12310,17986,97,16971,16422,11475,6348
nikkei,2006-06-20,2006-06-23,38790,10773,15409,2,17743,17046,10272,6333
nikkei,2006-06-27,2006-06-30,37267,10041,14505,2,18234,16219,8990,6541
nikkei,2006-07-03,2006-07-07,38138,9596,13872,2,18278,16646,10262,7618
nikkei,2006-07-11,2006-07-14,39161,9607,12831,252,18458,18247,10844,7831
nikkei,2006-07-18,2006-07-21,40567,10136,12765,395,17341,20085,12695,7322
nikkei,2006-07-25,2006-07-28,40253,9643,14378,0,18958,18893,11652,6982
nikkei,2006-08-01,2006-08-04,40846,9236,13441,609,18543,18202,12458,8594
nikkei,2006-08-08,2006-08-11,44551,9812,12871,2,18250,20501,16487,11177
nikkei,2006-08-15,2006-08-18,43278,11884,13266,0,17355,22637,14039,7375
nikkei,2006-08-22,2006-08-25,44220,12391,14687,19,18103,22421,13707,7093
nikkei,2006-08-29,2006-09-01,45596,10648,14522,755,19959,23499,14234,6820
nikkei,2006-09-05,2006-09-08,61361,11913,13559,9921,23161,27853,16366,10028
nikkei,2006-09-12,2006-09-15,37643,7290,16460,0,17441,15063,12912,6120
nikkei,2006-09-19,2006-09-22,39121,7692,16179,0,19135,17757,12294,5185
nikkei,2006-09-26,2006-09-29,42555,8087,15799,0,21324,20728,13144,6028
nikkei,2006-10-03,2006-10-06,42146,8882,16075,0,21624,19834,11640,6237
nikkei,2006-10-10,2006-10-13,43003,9832,15472,0,21963,20991,11208,6540
nikkei,2006-10-17,2006-10-20,44653,10062,15671,60,22978,22852,11553,6070
nikkei,2006-10-24,2006-10-27,42910,10435,14363,0,21366,22574,11109,5973
nikkei,2006-10-31,2006-11-03,46049,11768,16428,215,22824,23686,11242,5720
nikkei,2006-11-07,2006-11-10,45908,11125,14042,2,23417,25060,11364,6804
nikkei,2006-11-14,2006-11-17,47491,11095,16356,162,24255,22962,11979,8011
nikkei,2006-11-21,2006-11-24,49494,10855,18556,13,25286,21686,13340,9239
nikkei,2006-11-28,2006-12-01,47842,9196,17555,260,25898,22129,12488,7898
nikkei,2006-12-05,2006-12-08,53697,8928,17567,1684,27344,23886,15741,10560
nikkei,2006-12-12,2006-12-15,39278,8958,10668,0,22114,21145,8206,7465
nikkei,2006-12-19,2006-12-22,41978,10052,10242,0,22949,23560,8977,8176
nikkei,2006-12-26,2006-12-29,41864,10011,10873,0,23679,24485,8174,6506
nikkei,2007-01-03,2007-01-05,44688,11150,11257,10,24855,25379,8673,8042
nikkei,2007-01-09,2007-01-12,43777,11027,10780,10,24073,25087,8667,7900
nikkei,2007-01-16,2007-01-19,44405,10682,12572,50,24615,23787,9058,7996
nikkei,2007-01-23,2007-01-26,45442,10931,14399,130,24903,22609,9478,8304
nikkei,2007-01-30,2007-02-02,47486,10773,15544,69,27235,22588,9409,9285
nikkei,2007-02-06,2007-02-09,48618,10128,14585,87,26493,22615,11910,11331
nikkei,2007-02-13,2007-02-16,49634,11189,16327,644,27024,22289,10777,10374
nikkei,2007-02-20,2007-02-23,53338,12298,17258,57,29751,24447,11232,11576
nikkei,2007-02-27,2007-03-02,57013,9785,17530,995,33335,27702,12898,10786
nikkei,2007-03-06,2007-03-09,70004,11158,16420,11925,32711,28820,14210,12839
nikkei,2007-03-13,2007-03-16,45675,10169,17327,234,24496,16387,10776,11727
nikkei,2007-03-20,2007-03-23,46706,11912,16790,227,24716,16448,9851,13241
nikkei,2007-03-27,2007-03-30,49638,12422,18003,275,26885,18160,10056,13200
nikkei,2007-04-03,2007-04-06,51162,9448,17379,257,31004,18851,10453,14675
nikkei,2007-04-10,2007-04-13,48007,9920,15861,240,27620,18145,10227,13761
nikkei,2007-04-17,2007-04-20,52438,9270,17356,613,32418,20196,10137,14273
nikkei,2007-04-24,2007-04-27,53343,9373,17986,532,33335,21093,10103,13732
nikkei,2007-05-01,2007-05-04,56067,9799,19110,532,35478,22726,10258,13699
nikkei,2007-05-08,2007-05-11,57913,9551,18545,742,35662,23960,11958,14666
nikkei,2007-05-15,2007-05-18,56893,11736,16669,941,32452,25711,11764,13572
nikkei,2007-05-22,2007-05-25,58002,12066,16503,711,32465,25595,12760,15193
nikkei,2007-05-29,2007-06-01,58254,12406,16535,711,32867,25419,12270,15589
nikkei,2007-06-05,2007-06-08,83435,13152,16608,5191,48322,41049,16770,20587
nikkei,2007-06-12,2007-06-15,49932,8940,12961,98,29307,23786,11587,13087
nikkei,2007-06-19,2007-06-22,50440,10074,14910,2,29915,24488,10449,11040
nikkei,2007-06-26,2007-06-29,50585,12288,14518,2,27508,23428,10787,12637
nikkei,2007-07-03,2007-07-06,51326,12768,13718,2,27629,25842,10927,11764
nikkei,2007-07-10,2007-07-13,50411,11158,14220,2,28797,25472,10454,10717
nikkei,2007-07-17,2007-07-20,51178,11271,13725,2,29401,26225,10504,11226
nikkei,2007-07-24,2007-07-27,51530,11621,13503,1,28701,27341,11207,10685
nikkei,2007-07-31,2007-08-03,52466,12615,14646,1,30689,28795,9161,9024
nikkei,2007-08-07,2007-08-10,53901,11393,14676,0,32715,29159,9793,10066
nikkei,2007-08-14,2007-08-17,55017,12290,16016,35,32210,28173,10482,10793
nikkei,2007-08-21,2007-08-24,58505,12789,19006,1,34845,27493,10870,12005
nikkei,2007-08-28,2007-08-31,61116,13619,23851,8,38050,28751,9439,8506
nikkei,2007-09-04,2007-09-07,67321,12866,20509,3434,42064,33306,8957,10072
nikkei,2007-09-11,2007-09-14,122778,12509,22948,18325,72875,62451,19069,19054
nikkei,2007-09-18,2007-09-21,68937,8149,32044,300,50654,21963,9834,14630
nikkei,2007-09-25,2007-09-28,66487,9865,31449,1,47717,21672,8904,13365
nikkei,2007-10-02,2007-10-05,68686,12380,31850,535,47651,24688,8120,11613
nikkei,2007-10-09,2007-10-12,68909,12890,31993,535,46762,24504,8722,11877
nikkei,2007-10-16,2007-10-19,69437,12400,32804,195,48580,24391,8262,12047
nikkei,2007-10-23,2007-10-26,70059,12796,33566,0,47629,24124,9634,12369
nikkei,2007-10-30,2007-11-02,70912,13837,30964,0,47878,27800,9197,12148
nikkei,2007-11-06,2007-11-09,69729,13780,28318,1,47069,29915,8879,11495
nikkei,2007-11-13,2007-11-16,70886,12028,27462,555,48640,30529,9663,12340
nikkei,2007-11-20,2007-11-23,67930,9463,26420,165,48306,29355,9996,11990
nikkei,2007-11-27,2007-11-30,68262,9441,25244,173,48242,30041,10406,12804
nikkei,2007-12-04,2007-12-07,70846,10346,30950,679,50524,27327,9297,11890
nikkei,2007-12-11,2007-12-14,97152,10807,33462,11645,62107,40124,12593,11921
nikkei,2007-12-18,2007-12-21,62808,12455,34517,189,40835,20334,9329,7768
nikkei,2007-12-24,2007-12-28,62612,13353,36475,80,41181,19770,7998,6287
nikkei,2007-12-31,2008-01-04,63943,13303,37017,80,41685,20317,8875,6529
nikkei,2008-01-08,2008-01-11,67502,12358,35169,325,43633,22857,11186,9151
nikkei,2008-01-15,2008-01-18,68675,12330,33665,230,43874,25130,12241,9650
nikkei,2008-01-22,2008-01-25,76302,11852,36120,1057,49684,30765,13709,8360
nikkei,2008-01-29,2008-02-01,80034,11674,36724,756,53992,32395,13612,10159
nikkei,2008-02-05,2008-02-08,80163,11941,33743,771,55336,36368,12115,9281
nikkei,2008-02-12,2008-02-15,83861,12274,33771,720,57030,38799,13837,10571
nikkei,2008-02-19,2008-02-22,79632,11461,32980,718,56141,37113,11312,8821
nikkei,2008-02-26,2008-02-29,80462,11980,34510,1071,57099,37953,10312,6928
nikkei,2008-03-04,2008-03-07,83490,12666,34921,1470,59222,40009,10132,7090
nikkei,2008-03-11,2008-03-14,102395,12981,37175,8166,68141,47733,13107,9321
nikkei,2008-03-18,2008-03-21,74855,12995,43522,927,50543,22006,10390,8400
nikkei,2008-03-25,2008-03-28,73390,13750,43321,932,49841,22680,8867,6457
nikkei,2008-04-01,2008-04-04,72865,10169,41552,844,52800,23860,9052,6609
nikkei,2008-04-08,2008-04-11,72110,10256,39698,200,52681,25783,8973,6429
nikkei,2008-04-15,2008-04-18,73591,9321,38778,200,55206,27883,8864,6730
nikkei,2008-04-22,2008-04-25,78133,10951,41897,265,58156,29333,8761,6638
nikkei,2008-04-29,2008-05-02,83003,11004,45055,265,62764,30180,8970,7503
nikkei,2008-05-06,2008-05-09,88719,13591,51463,265,65246,30521,9617,6470
nikkei,2008-05-13,2008-05-16,90444,13027,52284,610,66599,30046,10208,7504
nikkei,2008-05-20,2008-05-23,90528,11502,51293,725,68307,30532,9994,7978
nikkei,2008-05-27,2008-05-30,90755,11546,51361,394,69544,30781,9271,8219
nikkei,2008-06-03,2008-06-06,93482,10625,51298,727,71723,32760,10407,8697
nikkei,2008-06-10,2008-06-13,105962,10285,50901,1728,80676,41586,13273,11747
nikkei,2008-06-17,2008-06-20,63636,11958,32497,5,43175,23238,8498,7896
nikkei,2008-06-24,2008-06-27,67081,12199,31619,5,47325,31767,7552,3690
nikkei,2008-07-01,2008-07-04,71438,12183,32357,5,49699,28669,9551,10407
nikkei,2008-07-08,2008-07-11,68868,11125,31035,5,48892,29808,8846,8020
nikkei,2008-07-15,2008-07-18,73754,13449,35060,402,51541,30548,8362,7744
nikkei,2008-07-22,2008-07-25,75267,14107,36448,5,52553,31569,8602,7245
nikkei,2008-07-29,2008-08-01,76987,14139,37870,5,54127,31200,8716,7912
nikkei,2008-08-05,2008-08-08,78107,14199,38131,5,55254,32607,8649,7364
nikkei,2008-08-12,2008-08-15,76644,12823,37994,15,55714,31113,8092,7522
nikkei,2008-08-19,2008-08-22,78105,10872,38377,15,58310,31246,8908,8467
nikkei,2008-08-26,2008-08-29,78451,10929,39146,13,59576,32307,7933,6985
nikkei,2008-09-02,2008-09-05,82503,11819,42039,697,61442,32120,8545,7647
nikkei,2008-09-09,2008-09-12,104538,13622,41207,1866,71859,44287,17191,17178
nikkei,2008-09-16,2008-09-19,54885,11505,25242,0,33839,22012,9541,7631
nikkei,2008-09-23,2008-09-26,58567,14634,21231,5,36647,30853,7281,6478
nikkei,2008-09-30,2008-10-03,61394,14114,19454,20,38888,33741,8372,8179
nikkei,2008-10-07,2008-10-10,63246,14604,20212,28,39901,35819,8713,7187
nikkei,2008-10-14,2008-10-17,65607,13830,17428,140,41717,37364,9920,10675
nikkei,2008-10-21,2008-10-24,62460,10613,16617,5,43100,38218,8742,7620
nikkei,2008-10-28,2008-10-31,64097,9513,14306,3,45260,40242,9321,9546
nikkei,2008-11-04,2008-11-07,63210,11049,12461,12,44781,42885,7368,7852
nikkei,2008-11-11,2008-11-14,64387,11238,12808,0,45962,43746,7187,7833
nikkei,2008-11-18,2008-11-21,64782,11344,15733,164,44909,43195,8365,5690
nikkei,2008-11-25,2008-11-28,61674,10167,14320,195,44817,42422,6495,4737
nikkei,2008-12-02,2008-12-05,62546,14756,14407,222,39920,43625,7648,4292
nikkei,2008-12-09,2008-12-12,75879,13781,14268,3889,43623,44042,14586,13680
nikkei,2008-12-16,2008-12-19,30837,5815,7577,10,19145,17217,5867,6033
nikkei,2008-12-22,2008-12-26,31471,4934,8664,10,20541,17772,5986,5025
nikkei,2008-12-30,2009-01-02,31551,5209,8006,10,20807,18146,5525,5389
nikkei,2009-01-06,2009-01-09,32976,5179,7263,10,21841,21168,5946,4535
nikkei,2009-01-13,2009-01-16,35441,6075,8911,15,23374,21396,5977,5119
nikkei,2009-01-20,2009-01-23,34450,6312,6325,0,22370,22600,5768,5525
nikkei,2009-01-27,2009-01-30,35626,6026,9099,10,24169,21061,5421,5456
nikkei,2009-02-03,2009-02-06,37574,6487,9752,0,25363,22513,5724,5309
nikkei,2009-02-10,2009-02-13,38907,6849,9988,0,24265,21914,7793,7005
nikkei,2009-02-17,2009-02-20,38777,6487,9340,0,25165,22991,7125,6446
nikkei,2009-02-24,2009-02-27,37199,6237,6802,0,23847,24374,7115,6023
nikkei,2009-03-03,2009-03-06,39084,7630,6563,17,24575,27431,6862,5073
nikkei,2009-03-10,2009-03-13,45794,7038,7824,3678,29552,29783,5526,4509
nikkei,2009-03-17,2009-03-20,27943,4961,11408,0,17681,10380,5301,6155
nikkei,2009-03-24,2009-03-27,27497,4301,10895,0,17411,11634,5785,4968
nikkei,2009-03-31,2009-04-03,29158,4617,10411,0,19301,13527,5240,5220
nikkei,2009-04-07,2009-04-10,28498,4324,9726,0,18761,13849,5413,4923
nikkei,2009-04-14,2009-04-17,29342,4617,10478,12,18879,14688,5834,4164
nikkei,2009-04-21,2009-04-24,26180,3873,7884,0,16539,13877,5768,4419
nikkei,2009-04-28,2009-05-01,27910,5065,8867,0,16933,14193,5912,4850
nikkei,2009-05-05,2009-05-08,30677,6813,9880,0,17266,14988,6598,5809
nikkei,2009-05-12,2009-05-15,30625,7541,11116,1,17087,13943,5996,5565
nikkei,2009-05-19,2009-05-22,27387,7064,5029,1,12321,14830,8001,7527
nikkei,2009-05-26,2009-05-29,25476,8418,4797,1,11003,15175,6054,5503
nikkei,2009-06-02,2009-06-05,27311,7796,5743,201,13320,16054,5994,5313
nikkei,2009-06-09,2009-06-12,34147,7533,5996,1702,17609,19102,7303,7347
nikkei,2009-06-16,2009-06-19,22782,5602,6255,0,11495,11551,5685,4976
nikkei,2009-06-23,2009-06-26,23105,7250,5712,0,10426,12971,5429,4422
nikkei,2009-06-30,2009-07-03,24839,8312,5402,0,11748,14712,4779,4725
nikkei,2009-07-07,2009-07-10,26249,7512,6285,0,7140,14213,11597,5751
nikkei,2009-07-14,2009-07-17,26794,8417,5403,0,6920,15814,11457,5577
nikkei,2009-07-21,2009-07-24,29423,8937,7770,0,8347,15880,12139,5773
nikkei,2009-07-28,2009-07-31,32770,9709,10528,0,10077,16973,12984,5269
nikkei,2009-08-04,2009-08-07,32300,9838,10213,0,8999,15488,13463,6599
nikkei,2009-08-11,2009-08-14,36605,11914,13686,0,11933,15734,12758,7185
nikkei,2009-08-18,2009-08-21,35353,10557,13386,0,12238,15338,12558,6629
nikkei,2009-08-25,2009-08-28,39089,11695,16018,1,14062,16372,13331,6698
nikkei,2009-09-01,2009-09-04,37276,10195,14164,201,12871,16099,14009,6812
nikkei,2009-09-08,2009-09-11,46439,11466,13610,1111,15346,19145,18516,12573
nikkei,2009-09-15,2009-09-18,32137,10572,9352,0,8072,14160,13493,8625
nikkei,2009-09-22,2009-09-25,33461,10874,9398,0,8248,15644,14339,8419
nikkei,2009-09-29,2009-10-02,31497,12795,4396,0,11394,18714,7308,8387
nikkei,2009-10-06,2009-10-09,29266,10364,2283,0,11764,18355,7138,8628
nikkei,2009-10-13,2009-10-16,30032,11489,3143,0,12277,18563,6266,8326
nikkei,2009-10-20,2009-10-23,31120,11914,4075,0,13440,18398,5766,8647
nikkei,2009-10-27,2009-10-30,32052,11427,4771,0,14173,18074,6452,9207
nikkei,2009-11-03,2009-11-06,30202,9076,3745,0,14811,16607,6315,9850
nikkei,2009-11-09,2009-11-13,31018,9727,3784,0,15785,16966,5506,10268
nikkei,2009-11-17,2009-11-20,33299,8372,5198,0,19509,17280,5418,10821
nikkei,2009-11-24,2009-11-27,33784,8546,4668,0,19134,17535,6104,11581
nikkei,2009-12-01,2009-12-04,35272,8909,4983,55,20462,17244,5846,12990
nikkei,2009-12-08,2009-12-11,54995,10014,5957,1635,26928,23350,16418,24053
nikkei,2009-12-15,2009-12-18,25848,9563,6825,0,10591,8696,5694,10327
nikkei,2009-12-22,2009-12-25,24375,7646,5021,0,11173,8417,5556,10937
nikkei,2009-12-29,2010-01-01,24800,7674,5502,0,11580,8571,5546,10727
nikkei,2010-01-05,2010-01-08,36093,12211,10267,0,17351,11259,6531,14567
nikkei,2010-01-12,2010-01-15,38254,13766,14609,0,18545,10762,5943,12883
nikkei,2010-01-19,2010-01-22,40127,14685,15144,0,19013,11767,6429,13216
nikkei,2010-01-26,2010-01-29,41754,15376,13223,0,20772,15295,5606,13236
nikkei,2010-02-02,2010-02-05,42095,15159,12154,0,17534,14055,9402,15886
nikkei,2010-02-09,2010-02-12,39460,15731,11679,0,16347,13501,7382,14280
nikkei,2010-02-16,2010-02-19,39443,15551,10779,0,16262,14789,7630,13875
nikkei,2010-02-23,2010-02-26,40650,15499,9296,0,16432,17266,8719,14088
nikkei,2010-03-02,2010-03-05,40694,15966,8689,20,16601,19026,8107,12959
nikkei,2010-03-09,2010-03-12,61340,14612,9824,6194,27589,26597,12945,18725
nikkei,2010-03-16,2010-03-19,42225,14179,13909,0,19731,13876,8315,14440
nikkei,2010-03-23,2010-03-26,43251,14258,13865,0,20128,15455,8865,13931
nikkei,2010-03-30,2010-04-02,44669,14142,13075,0,20569,18577,9958,13017
nikkei,2010-04-06,2010-04-09,47175,14850,13423,0,22154,19025,10171,14727
nikkei,2010-04-13,2010-04-16,48193,14267,15094,0,22665,17690,11261,15409
nikkei,2010-04-20,2010-04-23,50029,15175,12201,0,18915,17852,15939,19976
nikkei,2010-04-27,2010-04-30,47697,14963,11351,0,21899,20045,10835,16301
nikkei,2010-05-04,2010-05-07,43421,14448,6122,0,17319,20228,11654,17071
nikkei,2010-05-11,2010-05-14,54951,15098,7604,0,18651,22440,21202,24907
nikkei,2010-05-18,2010-05-21,43320,16305,7699,0,18350,21477,8665,14144
nikkei,2010-05-25,2010-05-28,46472,14199,8404,0,20882,20930,11391,17138
nikkei,2010-06-01,2010-06-04,42503,13664,7902,6,19276,21871,9557,12724
nikkei,2010-06-08,2010-06-11,54674,16272,6418,1946,21661,26689,14795,19621
nikkei,2010-06-15,2010-06-18,30572,10479,4582,0,11614,7714,8479,18276
nikkei,2010-06-22,2010-06-25,30840,10214,4887,8,10829,8896,9789,17049
nikkei,2010-06-29,2010-07-02,30291,10916,4804,8,12206,9434,7161,16045
nikkei,2010-07-06,2010-07-09,32413,12676,4591,8,11561,10728,8168,17086
nikkei,2010-07-13,2010-07-16,32746,11709,4458,8,13418,11783,7611,16497
nikkei,2010-07-20,2010-07-23,29643,9279,4862,8,12741,10221,7615,14552
nikkei,2010-07-27,2010-07-30,30599,8220,4329,8,14493,11002,7878,15260
nikkei,2010-08-03,2010-08-06,31950,7343,4271,8,14693,11405,9906,16266
nikkei,2010-08-10,2010-08-13,30327,6625,4917,0,14569,10043,9133,15367
nikkei,2010-08-17,2010-08-20,29751,6246,4886,0,14852,10164,8653,14701
nikkei,2010-08-24,2010-08-27,32872,6428,5410,206,17464,10951,8774,16305
nikkei,2010-08-31,2010-09-03,32031,5699,5764,0,18124,10382,8208,15885
nikkei,2010-09-07,2010-09-10,44935,6937,5893,4836,17710,11816,15452,22390
nikkei,2010-09-14,2010-09-17,28162,5855,4634,0,14404,6641,7903,16887
nikkei,2010-09-21,2010-09-24,30668,7353,4521,0,15950,7051,7365,19096
nikkei,2010-09-28,2010-10-01,31418,7251,4531,0,15522,7794,8645,19093
nikkei,2010-10-05,2010-10-08,32389,6188,4089,4,16524,6653,9673,21643
nikkei,2010-10-12,2010-10-15,34118,7569,6150,4,16150,7139,10395,20825
nikkei,2010-10-19,2010-10-22,32911,7092,6865,4,16738,7928,9077,18114
nikkei,2010-10-26,2010-10-29,34411,7115,6885,4,17625,8346,9667,19176
nikkei,2010-11-02,2010-11-05,33779,6773,7129,4,17815,8488,9187,18158
nikkei,2010-11-09,2010-11-12,37669,10048,8839,0,17785,10026,9836,18804
nikkei,2010-11-16,2010-11-19,40790,9687,12014,0,21689,10114,9414,18662
nikkei,2010-11-23,2010-11-26,45144,11433,14415,79,22400,10535,11232,20115
nikkei,2010-11-30,2010-12-03,45596,10406,14995,48,23309,11172,11833,19381
nikkei,2010-12-07,2010-12-10,63587,10060,13042,477,27152,16963,25898,33105
nikkei,2010-12-14,2010-12-17,37411,8349,12161,2,18377,7100,10683,18148
nikkei,2010-12-21,2010-12-24,39299,9571,12798,2,18913,6156,10813,20343
nikkei,2010-12-28,2010-12-31,38595,9409,12342,2,19129,7007,10055,19244
nikkei,2011-01-04,2011-01-07,39695,9988,13047,2,19475,7364,10230,19282
nikkei,2011-01-11,2011-01-14,39603,8446,12996,0,20383,8136,10774,18471
nikkei,2011-01-18,2011-01-21,42039,8535,14568,12,21079,7975,12413,19484
nikkei,2011-01-25,2011-01-28,40787,8397,10761,12,19430,9071,12948,20943
nikkei,2011-02-01,2011-02-04,40398,8202,11332,12,21234,10405,10950,18649
nikkei,2011-02-08,2011-02-11,45395,8348,12650,12,25623,9918,11412,22815
nikkei,2011-02-15,2011-02-18,48292,8917,15311,12,27163,9315,12200,23654
nikkei,2011-02-22,2011-02-25,47884,9312,15534,192,26734,10482,11646,21676
nikkei,2011-03-01,2011-03-04,44396,8632,12154,406,24819,10572,10539,21264
nikkei,2011-03-08,2011-03-11,64355,7630,12409,2419,34779,19649,19527,29878
nikkei,2011-03-15,2011-03-18,47888,11348,7516,15,22808,19591,13717,20766
nikkei,2011-03-22,2011-03-25,55688,16962,7449,12,30053,29622,8661,18605
nikkei,2011-03-29,2011-04-01,56725,20195,5919,12,28926,32706,7592,18088
nikkei,2011-04-05,2011-04-08,57183,21520,8140,12,28322,30781,7329,18250
nikkei,2011-04-12,2011-04-15,54553,23251,7448,6,23956,29971,7340,17128
nikkei,2011-04-19,2011-04-22,55815,21882,8466,0,27206,29904,6727,17445
nikkei,2011-04-26,2011-04-29,55806,19907,8264,1240,27678,29205,6981,17097
nikkei,2011-05-03,2011-05-06,55193,18139,7047,3592,26581,27822,6881,16732
nikkei,2011-05-10,2011-05-13,49692,17592,6005,3622,21682,23408,6796,16657
nikkei,2011-05-17,2011-05-20,48211,15500,7598,3634,21658,19052,7419,17927
nikkei,2011-05-24,2011-05-27,46675,15743,7063,3696,20197,19548,7039,16368
nikkei,2011-05-31,2011-06-03,46773,15696,7124,4074,19440,19040,7563,16535
nikkei,2011-06-07,2011-06-10,61071,17443,7236,12200,22238,23042,9190,18593
nikkei,2011-06-14,2011-06-17,27641,8413,6706,0,12662,14266,6566,6669
nikkei,2011-06-21,2011-06-24,28718,9156,6456,0,13069,14936,6493,7326
nikkei,2011-06-28,2011-07-01,31013,8626,8335,1,15600,15384,6786,7293
nikkei,2011-07-05,2011-07-08,35341,10374,11873,1,18405,15568,6561,7899
nikkei,2011-07-12,2011-07-15,35770,8238,12308,0,19911,16009,7621,7453
nikkei,2011-07-19,2011-07-22,37432,8352,13855,0,20196,14802,8884,8775
nikkei,2011-07-26,2011-07-29,37496,9364,15018,1,20874,13410,7257,9067
nikkei,2011-08-02,2011-08-05,35988,9629,14152,0,19479,14476,6880,7360
nikkei,2011-08-09,2011-08-12,30783,6467,11055,0,17158,12466,7158,7262
nikkei,2011-08-16,2011-08-19,32081,6711,11531,0,19178,12093,6192,8457
nikkei,2011-08-23,2011-08-26,30509,6210,11124,0,18253,9975,6046,9410
nikkei,2011-08-30,2011-09-02,31101,6743,11393,0,17855,10730,6503,8978
nikkei,2011-09-06,2011-09-09,42150,6322,8873,3024,17780,13216,15024,17037
nikkei,2011-09-13,2011-09-16,27120,3073,8519,1,16870,6761,7176,11839
nikkei,2011-09-20,2011-09-23,26440,3223,7624,0,16016,6826,7201,11990
nikkei,2011-09-27,2011-09-30,25772,4245,6028,2,14756,8406,6769,11336
nikkei,2011-10-04,2011-10-07,25487,3943,6558,5,14145,7644,7394,11280
nikkei,2011-10-11,2011-10-14,25452,3250,6411,5,14830,8104,7367,10932
nikkei,2011-10-18,2011-10-21,25579,3501,6250,11,14665,7374,7402,11944
nikkei,2011-10-25,2011-10-28,26427,4144,7106,12,15367,7594,6904,11715
nikkei,2011-11-01,2011-11-04,28806,2688,9012,0,19625,7278,6493,12516
nikkei,2011-11-08,2011-11-11,29003,3181,8925,19,19122,7498,6681,12561
nikkei,2011-11-15,2011-11-18,30041,4108,9250,67,19559,7538,6307,13186
nikkei,2011-11-22,2011-11-25,30572,4507,8130,47,19381,8114,6637,14281
nikkei,2011-11-29,2011-12-02,28319,3384,5582,104,18276,8515,6555,14118
nikkei,2011-12-06,2011-12-09,30676,3741,5042,1511,19114,9649,6310,14474
nikkei,2011-12-13,2011-12-16,22552,3507,8718,0,13854,5204,5191,8630
nikkei,2011-12-20,2011-12-23,22336,3253,8333,3,13010,4624,6070,9376
nikkei,2011-12-27,2011-12-30,23104,3563,8360,3,13683,4574,5855,10167
nikkei,2012-01-03,2012-01-06,23554,3802,7896,0,13859,5362,5893,10296
nikkei,2012-01-10,2012-01-13,23171,3882,8490,2,13469,5194,5818,9485
nikkei,2012-01-17,2012-01-20,23372,4638,7399,3,13055,5169,5676,10801
nikkei,2012-01-24,2012-01-27,22907,3508,6364,0,13858,5935,5541,10608
nikkei,2012-01-31,2012-02-03,21835,3499,6472,0,12514,4984,5822,10379
nikkei,2012-02-07,2012-02-10,24074,4697,7810,501,12862,5869,6014,9894
nikkei,2012-02-14,2012-02-17,25302,4861,7812,500,13340,5312,6601,11678
nikkei,2012-02-21,2012-02-24,31610,5368,10158,500,18113,6124,7629,14828
nikkei,2012-02-28,2012-03-02,36664,6376,11302,500,22615,6143,7173,18719
nikkei,2012-03-06,2012-03-09,50210,5467,11490,4156,32463,16142,8124,18422
nikkei,2012-03-13,2012-03-16,45950,6291,18256,0,33050,5433,6609,22261
nikkei,2012-03-20,2012-03-23,44910,6728,17379,0,31361,5193,6821,22338
nikkei,2012-03-27,2012-03-30,45659,7467,18304,0,31768,5183,6424,22172
nikkei,2012-04-03,2012-04-06,49658,12081,19240,188,31381,5798,6008,24432
nikkei,2012-04-10,2012-04-13,44073,10615,15967,0,26890,5666,6568,22440
nikkei,2012-04-17,2012-04-20,42771,9764,14658,0,26111,4840,6896,23273
nikkei,2012-04-24,2012-04-27,41814,9900,14090,0,25541,4875,6373,22849
nikkei,2012-05-01,2012-05-04,42151,9415,14182,0,25741,4895,6995,23074
nikkei,2012-05-08,2012-05-11,41146,9714,13535,0,24489,5043,6943,22568
nikkei,2012-05-15,2012-05-18,35519,4016,7179,0,23708,5381,7795,22959
nikkei,2012-05-22,2012-05-25,35095,3931,7789,0,23325,5300,7839,22006
nikkei,2012-05-29,2012-06-01,34948,3954,6882,67,23238,5368,7689,22631
nikkei,2012-06-05,2012-06-08,41501,4483,6828,4371,24372,6916,8275,23386
nikkei,2012-06-12,2012-06-15,27804,2637,10629,0,18204,5071,6963,12104
nikkei,2012-06-19,2012-06-22,28364,3247,10576,0,18108,5085,7009,12703
nikkei,2012-06-26,2012-06-29,27409,2781,9707,0,17866,5327,6762,12375
nikkei,2012-07-03,2012-07-06,28497,1939,9507,0,20384,5567,6174,13423
nikkei,2012-07-10,2012-07-13,29680,2613,9564,0,21056,5239,6011,14877
nikkei,2012-07-17,2012-07-20,29531,2607,9829,0,20676,5415,6248,14287
nikkei,2012-07-24,2012-07-27,29035,2913,9578,1,19741,5240,6380,14216
nikkei,2012-07-31,2012-08-03,31261,4374,11133,2,20155,5418,6730,14708
nikkei,2012-08-07,2012-08-10,31614,4770,12151,2,19946,5433,6896,14028
nikkei,2012-08-14,2012-08-17,31161,4261,11900,0,20269,5069,6631,14192
nikkei,2012-08-21,2012-08-24,30096,2333,11423,0,20365,4665,7398,14008
nikkei,2012-08-28,2012-08-31,31129,2600,11623,0,21124,4774,7405,14732
nikkei,2012-09-04,2012-09-07,31572,2630,11540,140,20598,4230,8204,15662
nikkei,2012-09-11,2012-09-14,35704,3955,10184,320,22336,7291,9093,17909
nikkei,2012-09-18,2012-09-21,21611,1964,4295,0,13481,6260,6166,11056
nikkei,2012-09-25,2012-09-28,20773,1320,4284,0,12155,6547,7298,9942
nikkei,2012-10-02,2012-10-05,20484,2249,2642,127,11976,7070,6132,10645
nikkei,2012-10-09,2012-10-12,20785,2489,2224,0,12380,7428,5916,11133
nikkei,2012-10-16,2012-10-19,25197,5543,2980,0,13744,7693,5910,14524
nikkei,2012-10-23,2012-10-26,25635,3564,4545,0,16536,7828,5535,13262
nikkei,2012-10-30,2012-11-02,30071,7143,7312,0,17403,7939,5525,14820
nikkei,2012-11-06,2012-11-09,31730,7819,7576,0,17826,8126,6085,16028
nikkei,2012-11-13,2012-11-16,31646,8567,7374,15,17259,8434,5805,15823
nikkei,2012-11-20,2012-11-23,37244,9933,9627,0,22490,7904,4821,19713
nikkei,2012-11-27,2012-11-30,41183,12140,12937,0,21260,8163,7783,20083
nikkei,2012-12-04,2012-12-07,43623,12997,14896,100,22473,6282,8053,22345
nikkei,2012-12-11,2012-12-14,56158,15643,17555,1170,25372,5728,13973,31705
nikkei,2012-12-18,2012-12-21,52544,18092,23844,100,24821,6172,9531,22428
nikkei,2012-12-24,2012-12-28,52532,17101,21967,776,24785,10343,9870,19446
nikkei,2012-12-31,2013-01-04,52920,18159,20708,860,24594,10782,9307,20570
nikkei,2013-01-08,2013-01-11,50835,13886,17561,1237,24158,10706,11554,21331
nikkei,2013-01-15,2013-01-18,53906,18163,16377,0,24273,14492,11470,23037
nikkei,2013-01-22,2013-01-25,61285,22000,20429,0,26732,13787,12553,27069
nikkei,2013-01-29,2013-02-01,62857,24200,22015,27,26822,14721,11808,26094
nikkei,2013-02-05,2013-02-08,64170,23295,21568,111,29018,14816,11746,27675
nikkei,2013-02-12,2013-02-15,78532,24630,21375,185,35954,22269,17763,34703
nikkei,2013-02-19,2013-02-22,75179,23448,22415,573,37621,19988,13537,32203
nikkei,2013-02-26,2013-03-01,74869,21002,16507,689,39663,21621,13515,36052
nikkei,2013-03-05,2013-03-08,90992,28184,16503,6715,45191,32598,10902,35176
nikkei,2013-03-12,2013-03-15,67465,26126,13869,315,29711,32951,11313,20330
nikkei,2013-03-19,2013-03-22,63673,24822,12096,160,29263,32211,9428,19206
nikkei,2013-03-26,2013-03-29,67841,26572,13530,127,31319,33069,9823,21115
nikkei,2013-04-02,2013-04-05,67164,25440,13188,158,31381,32813,10185,21005
nikkei,2013-04-09,2013-04-12,76030,33388,17816,142,31857,32812,10643,25260
nikkei,2013-04-16,2013-04-19,76492,31344,14675,32,32756,37695,12360,24090
nikkei,2013-04-23,2013-04-26,75334,30992,14124,9,33414,37557,10919,23644
nikkei,2013-04-30,2013-05-03,76760,31280,16138,445,33828,37533,11207,22644
nikkei,2013-05-07,2013-05-10,79230,32006,17565,0,35549,37203,11675,24462
nikkei,2013-05-14,2013-05-17,82330,32390,18609,250,38228,38221,11462,25250
nikkei,2013-05-21,2013-05-24,81990,30783,18925,312,39149,38023,11746,24730
nikkei,2013-05-28,2013-05-31,77917,27664,12562,760,36565,40622,12928,23973
nikkei,2013-06-04,2013-06-07,69667,23914,8209,432,30997,37110,14324,23916
nikkei,2013-06-11,2013-06-14,97578,22562,9027,5536,56882,60730,12598,22285
nikkei,2013-06-18,2013-06-21,54701,15930,6133,293,27769,41112,10709,7163
nikkei,2013-06-25,2013-06-28,55221,16401,5531,74,27535,41656,11211,7960
nikkei,2013-07-02,2013-07-05,58865,18367,10349,240,29575,40812,10683,7464
nikkei,2013-07-09,2013-07-12,62702,20235,11510,124,31317,43876,11026,7192
nikkei,2013-07-16,2013-07-19,65374,21328,12250,27,32443,47201,11576,5896
nikkei,2013-07-23,2013-07-26,65309,20660,12293,72,33405,47617,11172,5327
nikkei,2013-07-30,2013-08-02,58093,16287,8665,107,30376,45605,11323,3716
nikkei,2013-08-06,2013-08-09,58672,17945,9036,221,30239,45306,10267,4109
nikkei,2013-08-13,2013-08-16,59180,17269,9359,0,28954,44669,12957,5152
nikkei,2013-08-20,2013-08-23,54753,13929,7864,5,28064,43477,12755,3407
nikkei,2013-08-27,2013-08-30,53779,12606,5241,970,27752,43947,12451,3621
nikkei,2013-09-03,2013-09-06,55604,14802,5437,1471,27461,43345,11870,5351
nikkei,2013-09-10,2013-09-13,76580,17401,6546,6568,41317,54949,11294,8517
nikkei,2013-09-17,2013-09-20,56654,15270,9648,112,31587,42348,9685,4546
nikkei,2013-09-24,2013-09-27,59857,17872,11043,83,32217,42995,9685,5736
nikkei,2013-10-01,2013-10-04,62162,18293,12439,0,33429,43352,10440,6371
nikkei,2013-10-08,2013-10-11,61747,16498,11610,0,34094,46465,11155,3672
nikkei,2013-10-15,2013-10-18,65224,14984,12410,0,39807,46862,10433,5952
nikkei,2013-10-22,2013-10-25,66746,16399,13486,0,40697,47361,9650,5899
nikkei,2013-10-29,2013-11-01,67000,15231,12843,0,41075,47461,10694,6696
nikkei,2013-11-05,2013-11-08,67453,15434,13498,174,40614,47942,11231,5839
nikkei,2013-11-12,2013-11-15,61460,16165,8769,159,33416,48215,11720,4317
nikkei,2013-11-19,2013-11-22,64856,16115,9035,592,36151,48176,11998,7053
nikkei,2013-11-26,2013-11-29,68743,19022,11451,24,36676,48875,13021,8393
nikkei,2013-12-03,2013-12-06,71237,19451,12233,522,38964,49279,12300,9203
nikkei,2013-12-10,2013-12-13,84502,18603,15017,4326,46092,56031,15481,9128
nikkei,2013-12-17,2013-12-20,71148,22581,17887,1,38337,44841,10229,8419
nikkei,2013-12-24,2013-12-27,74919,23636,19189,89,39852,46958,11342,8683
nikkei,2013-12-31,2014-01-03,75705,24776,19850,0,39843,48475,11086,7380
nikkei,2014-01-07,2014-01-10,78585,25016,20865,91,41575,48966,11903,8663
nikkei,2014-01-14,2014-01-17,75571,25338,20295,25,38853,48760,11355,6491
nikkei,2014-01-21,2014-01-24,77289,25236,21738,375,39143,49047,12535,6129
nikkei,2014-01-28,2014-01-31,67980,18663,15714,0,37654,49214,11663,3052
nikkei,2014-02-04,2014-02-07,71165,24076,13389,122,35985,52731,10982,4923
nikkei,2014-02-11,2014-02-14,72609,27131,14383,164,34716,52864,10598,5198
nikkei,2014-02-18,2014-02-21,68886,23067,12849,109,34549,51248,11161,4680
nikkei,2014-02-25,2014-02-28,69112,23737,13243,0,35372,50028,10003,5841
nikkei,2014-03-04,2014-03-07,67691,21829,11812,400,35288,50432,10174,5047
nikkei,2014-03-11,2014-03-14,94942,23192,13844,4156,52431,65922,15163,11020
nikkei,2014-03-18,2014-03-21,60943,19334,13183,47,32246,36478,9316,11235
nikkei,2014-03-25,2014-03-28,62554,20144,13592,47,33222,36618,9141,12297
nikkei,2014-04-01,2014-04-04,61990,19112,13374,47,33274,36463,9557,12106
nikkei,2014-04-08,2014-04-11,62964,20137,13076,128,32408,37872,10291,11888
nikkei,2014-04-15,2014-04-18,62589,21516,11220,47,30484,39516,10542,11806
nikkei,2014-04-22,2014-04-25,61878,21773,11196,47,30515,39570,9543,11065
nikkei,2014-04-29,2014-05-02,61062,20934,12066,52,30131,39297,9945,9647
nikkei,2014-05-06,2014-05-09,60688,20870,11400,159,29612,39473,10047,9656
nikkei,2014-05-13,2014-05-16,60157,19506,11442,408,29423,39502,10820,8805
nikkei,2014-05-20,2014-05-23,58464,19189,10648,315,29116,38020,9844,9481
nikkei,2014-05-27,2014-05-30,61437,22148,10757,487,28453,39323,10349,10870
nikkei,2014-06-03,2014-06-06,61237,19402,10587,584,27987,39284,13264,10782
nikkei,2014-06-10,2014-06-13,82345,24027,12643,4448,35189,45871,18681,19383
nikkei,2014-06-17,2014-06-20,58558,20134,13199,0,28541,29747,9883,15612
nikkei,2014-06-24,2014-06-27,58332,19792,12678,0,29166,29660,9374,15994
nikkei,2014-07-01,2014-07-04,57925,18944,11788,0,29567,29992,9414,16145
nikkei,2014-07-08,2014-07-11,61196,22827,13795,0,29745,30232,8624,17169
nikkei,2014-07-15,2014-07-18,61457,21852,15041,96,30729,30390,8780,15930
nikkei,2014-07-22,2014-07-25,62315,21258,15620,90,32479,30464,8488,16141
nikkei,2014-07-29,2014-08-01,62526,21579,15892,0,32100,29968,8847,16666
nikkei,2014-08-05,2014-08-08,61316,19369,14563,272,31646,30382,10029,16099
nikkei,2014-08-12,2014-08-15,59147,20374,13603,96,28636,30235,10041,15213
nikkei,2014-08-19,2014-08-22,59592,21199,13187,297,28399,30305,9697,15803
nikkei,2014-08-26,2014-08-29,64458,26119,15960,212,28512,28713,9615,19573
nikkei,2014-09-02,2014-09-05,63958,25481,15890,386,28163,28421,9928,19261
nikkei,2014-09-09,2014-09-12,78737,25622,16342,1501,36532,37036,15082,23858
nikkei,2014-09-16,2014-09-19,64448,23511,17000,25,30026,26952,10886,20471
nikkei,2014-09-23,2014-09-26,64491,23827,17662,50,29506,27254,11108,19525
nikkei,2014-09-30,2014-10-03,63635,22220,15737,271,29469,27343,11675,20284
nikkei,2014-10-07,2014-10-10,55637,16303,9633,0,28098,27428,11236,18576
nikkei,2014-10-14,2014-10-17,53919,15927,8578,81,27452,27130,10459,18130
nikkei,2014-10-21,2014-10-24,51080,12725,8691,49,26492,23408,11814,18932
nikkei,2014-10-28,2014-10-31,53400,12827,10912,91,30125,22100,10357,20297
nikkei,2014-11-04,2014-11-07,64650,17002,15147,1388,33791,23704,12469,24411
nikkei,2014-11-11,2014-11-14,68444,20765,20504,684,33143,23583,13852,23673
nikkei,2014-11-18,2014-11-21,70753,24465,21995,918,32487,23807,12883,24033
nikkei,2014-11-25,2014-11-28,72034,24582,21392,74,33372,25712,14006,24856
nikkei,2014-12-02,2014-12-05,72614,24985,21562,122,33564,26633,13943,24297
nikkei,2014-12-09,2014-12-12,82427,23147,21923,4666,39924,34423,14690,21415
nikkei,2014-12-16,2014-12-19,60474,19769,14544,373,29725,39764,10607,5793
nikkei,2014-12-23,2014-12-26,60998,20008,15139,398,29789,39603,10803,5858
nikkei,2014-12-30,2015-01-02,61607,19056,16985,473,30380,37705,11698,6444
nikkei,2015-01-06,2015-01-09,57543,14963,14850,106,30371,36311,12103,6276
nikkei,2015-01-13,2015-01-16,56228,14243,14875,360,30144,35996,11481,4997
nikkei,2015-01-20,2015-01-23,53498,14420,15655,236,27612,32489,11230,5118
nikkei,2015-01-27,2015-01-30,52339,15481,15902,652,25909,30796,10297,4989
nikkei,2015-02-03,2015-02-06,53044,16398,16283,864,24915,30794,10867,5103
nikkei,2015-02-10,2015-02-13,53655,17404,16131,1125,24384,30805,10742,5594
nikkei,2015-02-17,2015-02-20,54081,17228,15633,859,25134,30793,10860,6796
nikkei,2015-02-24,2015-02-27,56282,17915,15902,433,25756,31374,12178,8573
nikkei,2015-03-03,2015-03-06,59068,17460,16574,335,26842,31220,14431,10939
nikkei,2015-03-10,2015-03-13,85038,18719,17824,2664,49132,54231,14523,10319
nikkei,2015-03-17,2015-03-20,57894,19102,6990,0,27125,44635,11667,6269
nikkei,2015-03-24,2015-03-27,59147,18981,7689,697,28013,44527,11456,6234
nikkei,2015-03-31,2015-04-03,59404,19672,7665,387,27073,44153,12272,7199
nikkei,2015-04-07,2015-04-10,58212,18789,7141,377,27605,43962,11441,6732
nikkei,2015-04-14,2015-04-17,57224,15730,7920,1177,27691,42569,12626,5558
nikkei,2015-04-21,2015-04-24,57014,16266,7058,1320,27705,42579,11723,6057
nikkei,2015-04-28,2015-05-01,56365,16717,7345,883,27140,42610,11625,5527
nikkei,2015-05-05,2015-05-08,56111,17476,7969,425,26608,42584,11602,5133
nikkei,2015-05-12,2015-05-15,58777,19724,8911,813,26195,43133,12045,5920
nikkei,2015-05-19,2015-05-22,61667,21968,10433,465,27998,42880,11236,7889
nikkei,2015-05-26,2015-05-29,61759,21967,9941,463,27912,42902,11417,8453
nikkei,2015-06-02,2015-06-05,61538,21612,9087,612,27538,42903,11776,8936
nikkei,2015-06-09,2015-06-12,70461,20629,9075,9390,27722,43566,12720,8430
nikkei,2015-06-16,2015-06-19,52618,14786,14396,45,28168,32645,9619,5532
nikkei,2015-06-23,2015-06-26,56236,17123,15149,0,28611,34194,10502,6893
nikkei,2015-06-30,2015-07-03,54863,14884,15245,1,28614,34285,11364,5332
nikkei,2015-07-07,2015-07-10,55030,15954,15155,0,29229,34262,9847,5613
nikkei,2015-07-14,2015-07-17,56125,16645,13687,0,29349,36105,10131,6333
nikkei,2015-07-21,2015-07-24,55757,15244,14129,400,29570,36467,10543,4761
nikkei,2015-07-28,2015-07-31,54091,14396,13513,243,29236,36371,10216,3964
nikkei,2015-08-04,2015-08-07,55194,14473,13558,460,29226,36685,11035,4491
nikkei,2015-08-11,2015-08-14,55867,15867,14344,446,29030,36684,10524,4393
nikkei,2015-08-18,2015-08-21,54606,16267,13244,205,28666,36681,9468,4476
nikkei,2015-08-25,2015-08-28,52113,13759,9537,750,26142,37139,11462,4687
nikkei,2015-09-01,2015-09-04,51836,15684,9376,458,25571,36675,10123,5327
nikkei,2015-09-08,2015-09-11,56966,17981,11082,2445,27157,38600,9383,4839
nikkei,2015-09-15,2015-09-18,46086,16386,18260,520,21249,19600,7931,7706
nikkei,2015-09-22,2015-09-25,48179,18689,20933,0,21276,19627,8214,7619
nikkei,2015-09-29,2015-10-02,46703,18299,19788,20,19838,19408,8546,7487
nikkei,2015-10-06,2015-10-09,46636,18424,19735,0,20083,19110,8129,7791
nikkei,2015-10-13,2015-10-16,47905,19384,20742,131,20621,18656,7769,8376
nikkei,2015-10-20,2015-10-23,49486,20831,21440,460,20632,18960,7563,8626
nikkei,2015-10-27,2015-10-30,52546,20816,23719,333,23506,20241,7891,8253
nikkei,2015-11-03,2015-11-06,51565,19557,22138,588,23131,21713,8289,7126
nikkei,2015-11-10,2015-11-13,52595,21666,21218,151,22011,24164,8767,7062
nikkei,2015-11-17,2015-11-20,52575,21053,19636,569,22067,24369,8886,8001
nikkei,2015-11-24,2015-11-27,53522,22159,21065,691,21836,24598,8836,7168
nikkei,2015-12-01,2015-12-04,51941,22889,19515,681,19641,24405,8730,7340
nikkei,2015-12-08,2015-12-11,65715,20640,18451,1857,30516,36917,12702,8490
nikkei,2015-12-15,2015-12-18,48828,19024,7803,139,20064,37358,9601,3528
nikkei,2015-12-22,2015-12-25,48555,18358,7725,133,19734,37348,10330,3349
nikkei,2015-12-29,2016-01-01,48082,19867,7162,133,19932,37502,8150,3285
nikkei,2016-01-05,2016-01-08,47061,20121,5868,139,19917,37541,6884,3513
nikkei,2016-01-12,2016-01-15,48178,18873,7149,0,20321,37316,8984,3713
nikkei,2016-01-19,2016-01-22,43963,16393,7270,0,17470,32011,10100,4682
nikkei,2016-01-26,2016-01-29,43211,11034,8952,160,21709,28412,10308,5687
nikkei,2016-02-02,2016-02-05,42282,13236,8589,13,21372,28570,7661,5110
nikkei,2016-02-09,2016-02-12,41491,13010,7622,0,20795,28696,7686,5173
nikkei,2016-02-16,2016-02-19,41184,12592,7219,524,20508,28811,7560,4630
nikkei,2016-02-23,2016-02-26,40093,11421,6485,504,20751,28490,7417,4614
nikkei,2016-03-01,2016-03-04,40667,11271,6073,240,22002,29708,7154,4646
nikkei,2016-03-08,2016-03-11,45279,9796,5296,2981,23644,31729,8858,5273
nikkei,2016-03-15,2016-03-18,29282,6782,4679,400,16612,17722,5488,6481
nikkei,2016-03-22,2016-03-25,30399,7441,5337,0,17305,19427,5653,5635
nikkei,2016-03-29,2016-04-01,29701,7159,5293,0,17006,19398,5536,5010
nikkei,2016-04-05,2016-04-08,30689,8973,4735,0,15699,19892,6017,6062
nikkei,2016-04-12,2016-04-15,30407,9417,4815,25,15506,19808,5459,5759
nikkei,2016-04-19,2016-04-22,30070,8515,3792,0,15445,20540,6110,5738
nikkei,2016-04-26,2016-04-29,33521,10557,4381,0,16059,21790,6905,7350
nikkei,2016-05-03,2016-05-06,34697,11045,4254,0,16234,23922,7418,6521
nikkei,2016-05-10,2016-05-13,34093,12146,2923,0,15657,24511,6290,6659
nikkei,2016-05-17,2016-05-20,32156,11198,2095,0,15601,24021,5357,6040
nikkei,2016-05-24,2016-05-27,33222,11943,2973,7,15647,23462,5625,6780
nikkei,2016-05-31,2016-06-03,35516,12260,4677,78,15604,23318,7574,7443
nikkei,2016-06-07,2016-06-10,40713,11984,3990,2918,18979,25887,6832,7918
nikkei,2016-06-14,2016-06-17,31604,10258,3572,0,15221,22275,6125,5757
nikkei,2016-06-21,2016-06-24,32479,10685,3462,0,15790,22827,6004,6190
nikkei,2016-06-28,2016-07-01,34020,11415,4704,0,16462,22845,6143,6471
nikkei,2016-07-05,2016-07-08,35176,12055,4844,0,16500,23977,6621,6355
nikkei,2016-07-12,2016-07-15,36637,13609,4373,38,16305,26304,6685,5922
nikkei,2016-07-19,2016-07-22,37418,12702,4272,38,17545,27250,7133,5858
nikkei,2016-07-26,2016-07-29,35753,9954,3643,60,17834,28138,7905,3912
nikkei,2016-08-02,2016-08-05,36017,9438,2678,54,18014,28713,8511,4572
nikkei,2016-08-09,2016-08-12,35341,9218,2431,18,17653,28572,8452,4320
nikkei,2016-08-16,2016-08-19,36532,9493,2393,18,18022,28599,8999,5522
nikkei,2016-08-23,2016-08-26,35404,9156,2264,118,18031,28597,8099,4425
nikkei,2016-08-30,2016-09-02,36796,10872,2644,18,17978,28509,7928,5625
nikkei,2016-09-06,2016-09-09,49765,10644,3000,208,28989,39526,9924,7031
nikkei,2016-09-13,2016-09-16,32801,10697,3351,18,14997,24001,7089,5431
nikkei,2016-09-20,2016-09-23,33242,10392,3297,18,16170,24991,6662,4936
nikkei,2016-09-27,2016-09-30,34218,11313,2830,9,15064,25680,7832,5699
nikkei,2016-10-04,2016-10-07,32644,11857,2589,15,14336,25456,6436,4584
nikkei,2016-10-11,2016-10-14,32862,9627,2559,8,14489,25580,8738,4715
nikkei,2016-10-18,2016-10-21,33116,11160,3335,8,14635,25085,7313,4688
nikkei,2016-10-25,2016-10-28,34701,11445,3363,60,14325,26263,8871,5015
nikkei,2016-11-01,2016-11-04,36267,13145,2925,8,14398,28928,8716,4406
nikkei,2016-11-08,2016-11-11,34948,11747,2485,5,14053,28346,9143,4112
nikkei,2016-11-15,2016-11-18,35489,10950,2951,5,15859,28461,8675,4072
nikkei,2016-11-22,2016-11-25,35836,12178,2752,3,15056,28702,8599,4379
nikkei,2016-11-29,2016-12-02,36014,11958,2797,136,15396,28411,8524,4670
nikkei,2016-12-06,2016-12-09,50456,11354,2923,1465,25231,38863,12406,7205
nikkei,2016-12-13,2016-12-16,30333,7583,6368,0,15359,17594,7391,6371
nikkei,2016-12-20,2016-12-23,28999,6421,5777,0,15076,16360,7502,6862
nikkei,2016-12-27,2016-12-30,28503,5976,5911,0,15101,16295,7426,6297
nikkei,2017-01-03,2017-01-06,28256,7028,5299,96,13770,15878,7362,6983
nikkei,2017-01-10,2017-01-13,27963,6709,6344,90,13534,15945,7630,5584
nikkei,2017-01-17,2017-01-20,28908,7604,5420,109,12884,16731,8311,6648
nikkei,2017-01-24,2017-01-27,28092,7812,4973,0,11754,17161,8526,5958
nikkei,2017-01-31,2017-02-03,28665,7966,5051,500,12158,18094,8041,5020
nikkei,2017-02-07,2017-02-10,29499,9330,4625,0,12179,18677,7990,6197
nikkei,2017-02-14,2017-02-17,32342,10365,4782,123,12600,18874,9254,8563
nikkei,2017-02-21,2017-02-24,31672,9479,5247,7,12610,19144,9576,7274
nikkei,2017-02-28,2017-03-03,32043,10272,5717,139,12633,18676,8999,7511
nikkei,2017-03-07,2017-03-10,50129,12260,5629,4896,23224,26426,9749,13178
nikkei,2017-03-14,2017-03-17,33999,12624,6868,0,13033,18179,8342,8952
nikkei,2017-03-21,2017-03-24,33346,11024,7059,0,12996,18184,9326,8103
nikkei,2017-03-28,2017-03-31,35387,14161,8334,0,12467,18770,8759,8283
nikkei,2017-04-04,2017-04-07,37858,16468,9955,0,12872,20023,8518,7880
nikkei,2017-04-11,2017-04-14,40877,17749,13456,13,14203,22126,8912,5282
nikkei,2017-04-18,2017-04-21,41015,18010,13420,0,13302,23092,9703,4503
nikkei,2017-04-25,2017-04-28,39317,17635,11616,2,12372,24397,9308,3302
nikkei,2017-05-02,2017-05-05,38715,17758,11072,0,12361,24316,8596,3327
nikkei,2017-05-09,2017-05-12,40599,18383,12535,0,13010,24318,9206,3746
nikkei,2017-05-16,2017-05-19,41054,17392,12949,23,12637,24618,11002,3464
nikkei,2017-05-23,2017-05-26,40148,17364,12581,23,12963,24385,9798,3159
nikkei,2017-05-30,2017-06-02,39530,17739,12462,114,13277,23733,8400,3221
nikkei,2017-06-06,2017-06-09,56378,16264,11667,5601,22445,32488,12068,6622
nikkei,2017-06-13,2017-06-16,36672,14764,7242,0,13898,27340,8010,2090
nikkei,2017-06-20,2017-06-23,37896,13846,7833,0,15942,27354,8108,2709
nikkei,2017-06-27,2017-06-30,36845,12533,6932,0,15745,26840,8567,3073
nikkei,2017-07-03,2017-07-07,36443,13172,6605,0,15040,26946,8231,2892
nikkei,2017-07-11,2017-07-14,36551,13661,6223,28,14750,27198,8112,3102
nikkei,2017-07-18,2017-07-21,36265,13985,5692,2,14252,27189,8026,3382
nikkei,2017-07-25,2017-07-28,35901,12222,6138,2,14646,27168,9031,2593
nikkei,2017-08-01,2017-08-04,35634,12228,5992,2,14090,26991,9314,2649
nikkei,2017-08-08,2017-08-11,35241,12982,5664,0,14215,26687,8044,2890
nikkei,2017-08-15,2017-08-18,34288,12569,5717,13,14696,26361,7010,2197
nikkei,2017-08-22,2017-08-25,34424,12966,5939,103,14878,26093,6477,2289
nikkei,2017-08-29,2017-09-01,34541,12394,5681,112,13974,26008,8061,2740
nikkei,2017-09-05,2017-09-08,44218,13510,5734,4410,19314,29856,6984,4218
nikkei,2017-09-12,2017-09-15,34932,14668,8453,0,14370,23119,5894,3360
nikkei,2017-09-19,2017-09-22,36752,15338,9204,233,13507,23514,7674,3801
nikkei,2017-09-26,2017-09-29,36802,15611,10618,161,14277,22323,6753,3700
nikkei,2017-10-03,2017-10-06,37980,15256,12199,246,15069,21687,7409,3848
nikkei,2017-10-10,2017-10-13,38772,16889,11940,33,15154,21700,6696,5099
nikkei,2017-10-17,2017-10-20,40402,15871,11299,863,15788,22823,7880,5417
nikkei,2017-10-24,2017-10-27,42608,18357,12658,642,16207,24915,7402,4393
nikkei,2017-10-31,2017-11-03,43522,18407,13367,545,16526,25469,8044,4141
nikkei,2017-11-07,2017-11-10,42973,17137,12357,462,16951,25415,8423,4739
nikkei,2017-11-14,2017-11-17,41439,17142,10892,171,15590,26639,8536,3737
nikkei,2017-11-21,2017-11-24,42332,17733,11657,152,15232,26741,9215,3782
nikkei,2017-11-28,2017-12-01,42099,17336,11111,155,15491,26962,9117,3871
nikkei,2017-12-05,2017-12-08,56633,17347,11179,7191,17770,30120,14325,8143
nikkei,2017-12-12,2017-12-15,38181,16807,10514,0,13698,23685,7676,3982
nikkei,2017-12-19,2017-12-22,38668,16029,10360,0,14457,24752,8182,3556
nikkei,2017-12-26,2017-12-29,39115,12190,10682,268,18869,24438,7788,3727
nikkei,2018-01-02,2018-01-05,40475,12901,12259,268,18871,24364,8435,3584
nikkei,2018-01-09,2018-01-12,46320,14148,18672,513,22424,23795,9235,3340
nikkei,2018-01-16,2018-01-19,47198,15480,17895,359,22033,25728,9326,3216
nikkei,2018-01-23,2018-01-26,49964,18317,18749,300,21854,26395,9493,4520
nikkei,2018-01-30,2018-02-02,50728,18621,18524,0,22162,29141,9945,3063
nikkei,2018-02-06,2018-02-09,53591,21961,18372,93,23440,31862,8097,3264
nikkei,2018-02-13,2018-02-16,54737,22685,17733,73,23994,33684,7985,3247
nikkei,2018-02-20,2018-02-23,56484,25295,18159,12,23117,35066,8060,3247
nikkei,2018-02-27,2018-03-02,55941,25645,17277,126,23018,35082,7152,3456
nikkei,2018-03-06,2018-03-09,65703,25105,16799,4050,27903,40045,8645,4809
nikkei,2018-03-13,2018-03-16,48678,19494,10992,422,21955,33175,6807,4089
nikkei,2018-03-20,2018-03-23,46789,17776,7803,12,22416,35582,6585,3392
nikkei,2018-03-27,2018-03-30,47312,18846,4632,12,22385,38611,6069,4057
nikkei,2018-04-03,2018-04-06,44359,15415,4487,896,21544,36119,6504,2857
nikkei,2018-04-10,2018-04-13,44889,15006,4763,1020,22080,36048,6783,3058
nikkei,2018-04-17,2018-04-20,44651,15096,6083,510,22909,35923,6136,2135
nikkei,2018-04-24,2018-04-27,43861,16094,5200,579,21040,35165,6148,2917
nikkei,2018-05-01,2018-05-04,44213,16999,5306,825,20325,35077,6064,3005
nikkei,2018-05-08,2018-05-11,45206,16557,5406,998,21423,35036,6228,3766
nikkei,2018-05-15,2018-05-18,44659,15731,5032,1122,21488,34976,6318,3529
nikkei,2018-05-22,2018-05-25,45560,16414,6040,1132,21524,34952,6490,3436
nikkei,2018-05-29,2018-06-01,44094,15977,5589,289,20646,35282,7182,2934
nikkei,2018-06-05,2018-06-08,49016,18008,6022,3444,20284,35617,7280,3933
nikkei,2018-06-12,2018-06-15,31221,6747,8898,186,18160,17769,6128,4368
nikkei,2018-06-19,2018-06-22,31140,5936,11554,173,18687,16234,6344,3179
nikkei,2018-06-26,2018-06-29,29667,5986,11839,214,17615,13616,5852,3998
nikkei,2018-07-03,2018-07-06,31852,5846,13922,213,19828,14208,5965,3509
nikkei,2018-07-10,2018-07-13,30547,6083,12596,238,18254,15394,5972,2319
nikkei,2018-07-17,2018-07-20,29522,6595,11866,240,17097,15372,5590,2044
nikkei,2018-07-24,2018-07-27,29981,6540,11938,255,17567,15319,5619,2469
nikkei,2018-07-31,2018-08-03,29557,6334,11420,253,17347,14506,5623,3378
nikkei,2018-08-07,2018-08-10,30058,7189,9847,260,17106,17497,5503,2454
nikkei,2018-08-14,2018-08-17,31916,6071,11737,23,19860,17031,5962,3125
nikkei,2018-08-21,2018-08-24,32026,6586,11902,115,18834,17123,6491,2886
nikkei,2018-08-28,2018-08-31,32555,7278,11940,25,18728,17083,6524,3507
nikkei,2018-09-04,2018-09-07,34097,8827,12825,420,18842,17183,6008,3669
nikkei,2018-09-11,2018-09-14,36575,7725,11591,2911,19086,17922,6853,4151
nikkei,2018-09-18,2018-09-21,31753,8487,17423,23,16295,10045,6948,4262
nikkei,2018-09-25,2018-09-28,31793,8440,17147,29,16393,10807,6931,3810
nikkei,2018-10-02,2018-10-05,33187,9085,17778,243,16883,11698,6976,3468
nikkei,2018-10-09,2018-10-12,33725,8864,17840,272,18287,12152,6302,3461
nikkei,2018-10-16,2018-10-19,32575,8461,17589,33,17383,11387,6698,3566
nikkei,2018-10-23,2018-10-26,30275,7854,15681,274,15735,11615,6412,2705
nikkei,2018-10-30,2018-11-02,29026,7372,14340,373,14727,11026,6554,3287
nikkei,2018-11-06,2018-11-09,29057,6886,14920,374,15685,10395,6112,3368
nikkei,2018-11-13,2018-11-16,30552,7579,13909,383,16895,12402,5695,3858
nikkei,2018-11-20,2018-11-23,31459,9764,14732,379,15826,12362,5490,3986
nikkei,2018-11-27,2018-11-30,31975,9935,14036,1046,15887,13441,5107,3452
nikkei,2018-12-04,2018-12-07,31683,9061,17472,1094,15698,9869,5830,3248
nikkei,2018-12-11,2018-12-14,41838,11012,16280,4715,19240,14524,6871,6319
nikkei,2018-12-18,2018-12-21,19996,6289,13989,64,8484,3064,5159,2879
nikkei,2018-12-24,2018-12-28,20840,6255,14432,65,9072,3351,5448,2992
nikkei,2018-12-31,2019-01-04,20462,5516,13273,71,9920,3590,4955,3528
nikkei,2019-01-08,2019-01-11,24219,5294,17446,213,13852,3316,4860,3244
nikkei,2019-01-15,2019-01-18,25595,6311,19455,229,14080,2930,4975,2981
nikkei,2019-01-22,2019-01-25,26293,6433,21030,200,14359,2087,5301,2976
nikkei,2019-01-29,2019-02-01,24928,6063,20030,0,13226,2098,5639,2800
nikkei,2019-02-05,2019-02-08,26188,6853,21550,19,13172,2083,6144,2536
nikkei,2019-02-12,2019-02-15,26734,8023,21353,25,13065,2225,5621,3131
nikkei,2019-02-19,2019-02-22,29406,9132,22532,504,13506,3247,6264,3123
nikkei,2019-02-26,2019-03-01,29234,9182,21935,597,13400,3750,6055,2952
nikkei,2019-03-05,2019-03-08,39260,9249,21619,8545,12586,4438,8880,4658
nikkei,2019-03-12,2019-03-15,24124,10044,17721,40,9526,3119,4514,3244
nikkei,2019-03-19,2019-03-22,23372,8081,17647,38,10260,2467,4993,3220
nikkei,2019-03-26,2019-03-29,23990,8395,18495,39,10082,2514,5474,2942
nikkei,2019-04-02,2019-04-05,25560,7184,19349,40,13954,2357,4382,3814
nikkei,2019-04-09,2019-04-12,26159,5805,20069,434,14950,2379,4970,3277
nikkei,2019-04-16,2019-04-19,25905,5365,20765,1,15378,1617,5161,3522
nikkei,2019-04-23,2019-04-26,25644,4680,19671,6,15641,1617,5317,4350
nikkei,2019-04-30,2019-05-03,25512,5179,20657,23,15153,1617,5157,3215
nikkei,2019-05-07,2019-05-10,26300,5066,21364,6,15405,1604,5823,3326
nikkei,2019-05-14,2019-05-17,24823,4574,19905,0,15042,1669,5207,3249
nikkei,2019-05-21,2019-05-24,24729,4829,19149,480,14283,1606,5137,3494
nikkei,2019-05-28,2019-05-31,26640,5835,19396,902,14074,1856,5829,4486
nikkei,2019-06-04,2019-06-07,27877,8189,22057,44,13535,1616,6109,4160
nikkei,2019-06-11,2019-06-14,32437,8578,22750,652,17978,5160,5229,3875
nikkei,2019-06-18,2019-06-21,23461,9288,15253,13,8507,5151,5653,3044
nikkei,2019-06-25,2019-06-28,27590,12690,19230,28,8836,5376,6036,2956
nikkei,2019-07-02,2019-07-05,26137,11973,18402,1,8849,5161,5314,2573
nikkei,2019-07-09,2019-07-12,26512,11318,18719,14,8835,5169,6345,2610
nikkei,2019-07-16,2019-07-19,27565,12914,18582,1115,8576,5170,4960,2698
nikkei,2019-07-23,2019-07-26,26215,10694,17201,1138,8591,5188,5792,2688
nikkei,2019-07-30,2019-08-02,26849,11050,17406,1196,8573,5471,6030,2776
nikkei,2019-08-06,2019-08-09,28373,12627,19578,579,9515,4572,5652,3644
nikkei,2019-08-13,2019-08-16,28836,12999,19130,1073,9784,4997,4980,3636
nikkei,2019-08-20,2019-08-23,30898,13807,20720,1077,10751,4791,5263,4310
nikkei,2019-08-27,2019-08-30,30963,13255,20810,810,10763,4826,6135,4517
nikkei,2019-09-03,2019-09-06,32613,14902,21496,1391,10808,4606,5512,5120
nikkei,2019-09-10,2019-09-13,44995,13303,23645,8696,11785,4992,11211,7662
nikkei,2019-09-17,2019-09-20,20093,4558,12332,48,10142,4746,5345,2967
nikkei,2019-09-24,2019-09-27,20977,5714,13126,70,9668,4540,5525,3241
nikkei,2019-10-01,2019-10-04,24212,8471,15902,61,11131,4531,4549,3718
nikkei,2019-10-08,2019-10-11,23223,5360,15882,45,11713,4537,6105,2759
nikkei,2019-10-15,2019-10-18,26929,8780,18948,55,12754,4529,5340,3397
nikkei,2019-10-22,2019-10-25,27151,8937,19023,57,12126,4521,6031,3550
nikkei,2019-10-29,2019-11-01,28402,9247,19837,598,12238,4496,6319,3471
nikkei,2019-11-05,2019-11-08,34272,15174,20943,299,12766,7572,6033,5458
nikkei,2019-11-12,2019-11-15,34292,15824,21464,466,12911,7584,5091,4778
nikkei,2019-11-19,2019-11-22,34505,15799,22229,443,12902,7559,5361,4274
nikkei,2019-11-26,2019-11-29,34628,15619,22711,448,12963,7548,5598,3921
nikkei,2019-12-03,2019-12-06,39622,17537,26496,245,14075,7330,7765,5551
nikkei,2019-12-10,2019-12-13,46177,19222,28720,2583,16284,10517,8088,4357
nikkei,2019-12-17,2019-12-20,22787,5715,11547,35,10740,7596,6297,3609
nikkei,2019-12-24,2019-12-27,22457,5767,11048,33,10901,7584,5756,3792
nikkei,2019-12-31,2020-01-03,22444,4864,11817,28,10759,7585,6793,3014
nikkei,2020-01-07,2020-01-10,20507,3046,11008,30,9976,7579,7455,1890
nikkei,2020-01-14,2020-01-17,20711,3703,10987,21,9137,7561,7850,2142
nikkei,2020-01-21,2020-01-24,20912,3722,11237,20,9953,7561,7217,2094
nikkei,2020-01-28,2020-01-31,20981,4334,10417,35,10743,7250,5869,3279
nikkei,2020-02-04,2020-02-07,17556,2169,8064,23,9634,6755,5730,2714
nikkei,2020-02-11,2020-02-14,18958,2728,8448,386,9937,6742,5907,3382
nikkei,2020-02-18,2020-02-21,19674,2619,8476,517,10335,6764,6203,3917
nikkei,2020-02-25,2020-02-28,19559,3051,8306,603,10120,6886,5785,3764
nikkei,2020-03-03,2020-03-06,17253,2797,4218,1043,8125,8127,5288,3865
nikkei,2020-03-10,2020-03-13,19285,3668,2711,201,8214,9923,7202,6450
nikkei,2020-05-26,2020-05-29,14916,2710,5543,0,8866,4474,3340,4899
nikkei,2020-06-02,2020-06-05,17377,3118,7865,1,10766,4671,3492,4840
nikkei,2020-06-09,2020-06-12,23196,4538,10511,590,13686,8022,4382,4073
nikkei,2020-09-08,2020-09-11,16671,2424,4094,1635,7809,7013,4803,3929
nikkei,2020-09-22,2020-09-25,14740,3173,3641,0,7898,6774,3669,4325
nikkei,2020-09-29,2020-10-02,14714,3309,2607,7,7517,8016,3881,4084
nikkei,2020-10-06,2020-10-09,14876,3686,1826,3,7628,9520,3559,3527
nikkei,2020-10-13,2020-10-16,17352,5785,1700,3,7557,12644,4007,3005
nikkei,2020-10-20,2020-10-23,17322,6502,1764,3,6626,12523,4191,3032
nikkei,2020-10-27,2020-10-30,17403,6252,2029,201,6992,12516,3958,2657
nikkei,2020-11-03,2020-11-06,16245,4555,709,286,7278,12557,4126,2693
nikkei,2020-11-10,2020-11-13,15428,2367,1745,201,7856,10529,5004,2953
nikkei,2020-11-17,2020-11-20,18026,2793,1321,1278,8445,12104,5510,3323
nikkei,2020-11-24,2020-11-27,18212,3220,2154,765,8648,12075,5579,3218
nikkei,2020-12-01,2020-12-04,18165,3368,2133,341,8999,12316,5457,3375
nikkei,2020-12-08,2020-12-11,20409,2491,1787,2108,8748,13305,7062,3209
nikkei,2020-12-15,2020-12-18,15138,2194,3458,22,8742,6795,4180,4863
nikkei,2020-12-21,2020-12-25,15450,2694,3807,17,8808,6766,3931,4860
nikkei,2020-12-29,2021-01-01,15434,2517,4820,17,8899,6435,4001,4162
nikkei,2021-01-05,2021-01-08,15314,2214,5392,9,8547,6316,4544,3597
nikkei,2021-01-12,2021-01-15,16252,2214,5337,6,8627,6291,5405,4618
nikkei,2021-01-19,2021-01-22,16268,2408,6907,1,8636,6322,5223,3038
nikkei,2021-02-09,2021-02-12,16536,1846,4032,1,8713,10286,5976,2217
nikkei,2021-03-09,2021-03-12,22556,2366,4136,1860,9779,11611,8551,4949
nikkei,2021-03-23,2021-03-26,14347,1833,5753,2,7917,3706,4595,4886
nikkei,2021-03-30,2021-04-02,14624,1972,6176,9,7918,3696,4725,4743
nikkei,2021-04-06,2021-04-09,14861,1542,7095,9,8239,3691,5071,4066
nikkei,2021-04-13,2021-04-16,14649,1582,7018,9,8010,3788,5048,3834
nikkei,2021-04-20,2021-04-23,15281,2171,7667,8,9318,3760,3784,3846
nikkei,2021-04-27,2021-04-30,15411,2156,7258,12,9007,4440,4236,3701
nikkei,2021-05-04,2021-05-07,15407,2156,5563,11,9286,6492,3954,3341
nikkei,2021-05-11,2021-05-14,15698,2609,6271,11,9445,6444,3633,2972
nikkei,2021-05-18,2021-05-21,15518,2485,5395,11,9155,5760,3867,4352
nikkei,2021-05-25,2021-05-28,15759,2659,6705,15,9105,5730,3980,3309
nikkei,2021-06-01,2021-06-04,17028,2699,6790,66,9092,6604,5171,3568
nikkei,2021-06-08,2021-06-11,21446,2556,7113,2419,9187,6605,7284,5309
nikkei,2021-06-15,2021-06-18,15728,2554,7402,9,9378,2914,3787,5403
nikkei,2021-06-22,2021-06-25,15977,2352,7433,9,9651,3451,3965,5084
nikkei,2021-06-29,2021-07-02,16490,2630,7476,9,10054,3771,3797,5234
nikkei,2021-07-06,2021-07-09,16762,3181,7434,9,9895,3743,3677,5576
nikkei,2021-07-13,2021-07-16,15779,2621,8912,9,9377,1897,3772,4961
nikkei,2021-07-27,2021-07-30,15710,2345,7844,0,9485,1898,3880,5968
nikkei,2021-08-03,2021-08-06,15708,2341,7781,0,9754,2367,3613,5560
nikkei,2021-08-10,2021-08-13,16005,2314,8036,0,9987,2399,3704,5570
nikkei,2021-08-17,2021-08-20,15837,2107,8059,0,9880,2416,3850,5362
nikkei,2021-08-24,2021-08-27,18967,2465,6554,965,10623,4828,4914,6620
nikkei,2021-08-31,2021-09-03,21656,3484,7487,1793,10374,6519,6005,5857
nikkei,2021-09-07,2021-09-10,26393,1874,10368,183,13053,7531,11283,8311
nikkei,2021-09-14,2021-09-17,23351,3229,12630,4,16019,5482,4099,5235
nikkei,2021-09-21,2021-09-24,22577,2634,9327,4,15870,10243,4069,3003
nikkei,2021-09-28,2021-10-01,22378,2292,9240,4,15549,10265,4533,2869
nikkei,2021-10-05,2021-10-08,22460,2166,6110,10,15988,13733,4296,2607
nikkei,2021-10-12,2021-10-15,17548,2167,973,27,10796,13332,4558,3216
nikkei,2021-10-19,2021-10-22,16977,2371,1159,27,9546,13336,5033,2455
nikkei,2021-10-26,2021-10-29,17649,2949,3211,27,9999,11955,4674,2456
nikkei,2021-11-02,2021-11-05,17113,2839,2985,24,9556,11949,4694,2155
nikkei,2021-11-09,2021-11-12,18105,3912,3250,24,9661,11968,4508,2863
nikkei,2021-11-16,2021-11-19,18982,4586,3133,25,9690,11967,4681,3857
nikkei,2021-11-23,2021-11-26,17523,2696,1940,24,9867,11952,4936,3607
nikkei,2021-11-30,2021-12-03,17463,2545,777,66,10166,12265,4686,4355
nikkei,2021-12-07,2021-12-10,25848,3959,2748,6114,9791,13050,5984,3936
nikkei,2021-12-14,2021-12-17,15643,1633,9447,14,10237,2808,3759,3374
nikkei,2021-12-21,2021-12-24,15333,1633,9095,29,9686,3029,3985,3180
nikkei,2021-12-28,2021-12-31,15319,1633,9428,33,9684,2823,3969,3035
nikkei,2022-01-04,2022-01-07,15764,1633,9165,0,9690,2801,4441,3798
nikkei,2022-01-11,2022-01-14,15879,1841,7746,0,10042,4855,3996,3278
nikkei,2022-01-18,2022-01-21,15957,1843,5212,0,10012,7606,4102,3139
nikkei,2022-01-25,2022-01-28,15621,1538,3867,0,9885,7174,4198,4580
nikkei,2022-02-01,2022-02-04,15492,2026,4544,0,9786,6979,3680,3969
nikkei,2022-02-08,2022-02-11,15276,2063,4449,1,9591,6980,3621,3846
nikkei,2022-02-22,2022-02-25,14052,2117,3545,3,8895,7309,3037,3195
nikkei,2022-03-08,2022-03-11,17187,3452,1128,772,10165,10806,2798,4481
nikkei,2022-03-15,2022-03-18,11749,877,2802,64,8372,4191,2436,4692
nikkei,2022-05-17,2022-05-20,12586,1669,3183,0,7708,4542,3209,4861
nikkei,2022-05-24,2022-05-27,12332,465,3557,475,8340,4728,3052,3572
nikkei,2022-06-07,2022-06-10,17109,4252,2792,1677,8491,8040,2689,4600
nikkei,2022-06-14,2022-06-17,10692,1443,3856,11,6914,4865,2324,1960
nikkei,2022-06-21,2022-06-24,12380,3130,4722,30,7026,4887,2194,2741
nikkei,2022-06-28,2022-07-01,13442,4220,5835,38,7007,4906,2177,2663
nikkei,2022-07-05,2022-07-08,14508,4119,5864,38,8101,4891,2250,3715
nikkei,2022-07-12,2022-07-15,13053,2991,4942,30,8101,4895,1931,3186
nikkei,2022-07-19,2022-07-22,13324,2269,5396,31,8241,4900,2783,2997
nikkei,2022-07-26,2022-07-29,13545,1478,5868,31,8204,4520,3832,3126
nikkei,2022-08-02,2022-08-05,13410,1178,5813,79,8151,4798,4002,2720
nikkei,2022-08-09,2022-08-12,14297,2278,6538,80,8017,4555,3922,3124
nikkei,2022-08-16,2022-08-19,14751,2278,6841,36,7948,4677,4489,3197
nikkei,2022-08-23,2022-08-26,14151,1729,6370,30,7548,4599,4844,3152
nikkei,2022-09-27,2022-09-30,14070,4860,3340,30,6569,8110,2611,2590
nikkei,2022-10-04,2022-10-07,13671,4389,2831,31,6552,8126,2699,2683
nikkei,2022-10-11,2022-10-14,12694,3760,2121,31,6406,8147,2497,2395
nikkei,2022-10-18,2022-10-21,12489,3794,2216,17,6230,7677,2448,2579
nikkei,2022-10-25,2022-10-28,12187,3396,3394,16,5999,6414,2776,2363
nikkei,2022-11-01,2022-11-04,13102,2981,4737,17,7375,5556,2729,2792
nikkei,2022-11-08,2022-11-11,13335,3218,5137,18,7311,5476,2788,2704
nikkei,2022-11-15,2022-11-18,14225,3486,5391,1,7633,6211,3105,2622
nikkei,2022-11-22,2022-11-25,14363,3173,5712,1,7921,6253,3268,2397
nikkei,2022-11-29,2022-12-02,14964,3173,5781,1,8255,6891,3535,2291
nikkei,2022-12-06,2022-12-09,18813,3193,6157,2854,8634,7216,4132,2586
nikkei,2022-12-20,2022-12-23,13271,3185,7792,0,7410,3119,2676,2360
nikkei,2023-01-03,2023-01-06,11889,2609,5583,0,6242,3350,3038,2956
nikkei,2023-01-10,2023-01-13,11991,2886,5605,0,6257,3540,2848,2846
nikkei,2023-01-17,2023-01-20,14138,2560,6385,11,8653,4313,2914,3429
nikkei,2023-01-24,2023-01-27,14537,2786,7498,11,9279,3733,2461,3295
nikkei,2023-01-31,2023-02-03,14330,2269,7341,0,9440,3988,2621,3001
nikkei,2023-02-07,2023-02-10,12652,2269,5381,0,7431,3930,2952,3341
nikkei,2023-02-14,2023-02-17,12718,3070,5352,0,6520,4113,3128,3253
nikkei,2023-02-21,2023-02-24,12849,3225,5247,0,6296,4472,3328,3130
nikkei,2023-02-28,2023-03-03,13042,3586,5587,30,6353,4244,3073,3181
nikkei,2023-03-07,2023-03-10,16120,4070,7536,968,6751,4198,4331,3418
nikkei,2023-03-14,2023-03-17,11629,2593,4961,0,5605,4354,3431,2314
nikkei,2023-03-21,2023-03-24,10419,2200,3130,0,5476,4681,2743,2608
nikkei,2023-03-28,2023-03-31,10226,1993,3087,0,5507,4163,2726,2976
nikkei,2023-04-04,2023-04-07,10833,839,4118,0,5728,3944,4266,2771
nikkei,2023-04-11,2023-04-14,11035,2121,4235,0,5482,3809,3432,2991
nikkei,2023-04-18,2023-04-21,11716,2147,4703,0,5697,4142,3872,2871
nikkei,2023-04-25,2023-04-28,12374,2485,5057,0,5867,4061,4022,3256
nikkei,2023-05-02,2023-05-05,12638,2514,5519,0,5668,3831,4456,3288
nikkei,2023-05-09,2023-05-12,12296,2532,5228,0,5621,4074,4143,2994
nikkei,2023-05-16,2023-05-19,14130,2561,7088,0,6582,3761,4987,3281
nikkei,2023-05-23,2023-05-26,15929,2585,8097,59,8029,3123,5256,4650
nikkei,2023-05-30,2023-06-02,15459,2440,9330,76,8045,2372,4898,3681
nikkei,2023-06-06,2023-06-09,20045,2667,9944,3579,8037,2914,5762,3608
nikkei,2023-06-13,2023-06-16,15959,2297,8905,0,9078,3967,4584,3087
nikkei,2023-06-20,2023-06-23,16787,2214,9243,0,10254,4862,4319,2682
nikkei,2023-06-27,2023-06-30,15668,1902,8148,0,9567,5005,4199,2515
nikkei,2023-07-03,2023-07-07,16359,1460,7645,0,10407,5736,4492,2978
nikkei,2023-07-11,2023-07-14,16338,1445,5316,0,10254,8338,4639,2684
nikkei,2023-07-18,2023-07-21,16045,1388,4252,0,10254,8690,4403,3103
nikkei,2023-07-25,2023-07-28,16314,1559,4158,0,10519,8716,4236,3440
nikkei,2023-08-01,2023-08-04,16454,1453,2299,0,10691,11092,4310,3063
nikkei,2023-08-08,2023-08-11,16187,1483,2149,0,10631,11084,4073,2954
nikkei,2023-08-15,2023-08-18,16974,2242,2942,0,10489,11085,4243,2947
nikkei,2023-08-22,2023-08-25,17476,3241,3712,0,10462,11072,3773,2692
nikkei,2023-08-29,2023-09-01,17786,3259,3992,10,10530,11060,3987,2724
nikkei,2023-09-05,2023-09-08,24684,4015,4157,679,15537,16736,4453,3112
nikkei,2023-09-12,2023-09-15,16425,1793,1279,0,11249,12167,3383,2979
nikkei,2023-09-19,2023-09-22,16242,1822,2236,0,10606,11545,3814,2461
nikkei,2023-09-26,2023-09-29,15483,1325,1935,0,10385,11585,3773,1963
nikkei,2023-10-03,2023-10-06,16376,2373,2416,0,10185,11243,3818,2717
nikkei,2023-10-10,2023-10-13,15912,985,2588,0,11644,9986,3283,3338
nikkei,2023-10-17,2023-10-20,15736,676,2931,0,11223,9939,3837,2866
nikkei,2023-10-24,2023-10-27,15326,884,3012,0,10754,10059,3688,2255
nikkei,2023-10-31,2023-11-03,14806,679,2554,0,10745,9661,3382,2591
nikkei,2023-11-07,2023-11-10,15437,892,3450,22,10964,9573,3559,2392
nikkei,2023-11-14,2023-11-17,16210,1287,3874,45,11162,9272,3716,3019
nikkei,2023-11-21,2023-11-24,16877,1962,4201,45,11219,9787,3651,2844
nikkei,2023-11-28,2023-12-01,17204,2250,4610,57,11204,9700,3693,2837
nikkei,2023-12-05,2023-12-08,19914,2029,3719,345,13587,12551,3953,3299
nikkei,2023-12-12,2023-12-15,14756,1910,4227,0,9748,7941,3098,2588
nikkei,2023-12-19,2023-12-22,14973,2281,4624,0,9752,7968,2940,2381
nikkei,2023-12-26,2023-12-29,14811,1647,4475,0,9823,7973,3341,2363
nikkei,2024-01-02,2024-01-05,15164,1552,4972,0,9981,7969,3631,2223
nikkei,2024-01-09,2024-01-12,15504,1811,4469,0,9991,8267,3702,2768
nikkei,2024-01-16,2024-01-19,17726,2076,6554,0,11981,8664,3669,2508
nikkei,2024-01-23,2024-01-26,16680,1778,5471,0,11013,8968,3889,2241
nikkei,2024-01-30,2024-02-02,16800,1931,5799,0,10736,8879,4133,2122
nikkei,2024-02-06,2024-02-09,16506,1891,5371,0,10739,8875,3876,2260
nikkei,2024-02-13,2024-02-16,16894,1829,5217,0,10843,9267,4222,2410
nikkei,2024-02-20,2024-02-23,17131,1852,5572,2,11121,8997,4156,2560
nikkei,2024-02-27,2024-03-01,18243,1669,6963,0,11974,8784,4600,2496
nikkei,2024-03-05,2024-03-08,25567,2524,6720,2854,14604,12308,5585,3685
nikkei,2024-03-12,2024-03-15,18020,2100,4692,0,11469,10968,4451,2360
nikkei,2024-03-19,2024-03-22,17291,1386,2807,0,11492,11805,4413,2679
nikkei,2024-03-26,2024-03-29,17768,1396,3988,0,11772,11699,4600,2081
nikkei,2024-04-02,2024-04-05,17211,863,3369,0,11962,11687,4386,2155
nikkei,2024-04-09,2024-04-12,16507,491,2409,0,11359,11682,4657,2416
nikkei,2024-04-16,2024-04-19,16414,1261,2117,0,11077,11755,4076,2542
nikkei,2024-04-23,2024-04-26,15700,922,2306,0,10929,10918,3849,2476
nikkei,2024-04-30,2024-05-03,16170,1161,2952,0,11519,10610,3490,2608
nikkei,2024-05-07,2024-05-10,16025,1465,4872,0,10675,9054,3885,2099
nikkei,2024-05-14,2024-05-17,15869,1798,4554,0,10397,9051,3674,2264
nikkei,2024-05-21,2024-05-24,16209,1764,4009,0,10525,9422,3920,2778
nikkei,2024-05-28,2024-05-31,15830,1823,3459,235,9739,9690,4033,2446
nikkei,2024-06-04,2024-06-07,15675,1569,3132,370,9996,10124,3740,2049
nikkei,2024-06-11,2024-06-14,19563,2946,2995,2668,9218,10844,4731,3056
nikkei,2024-06-18,2024-06-21,13221,747,5936,2,9154,5234,3318,2049
nikkei,2024-06-25,2024-06-28,13555,734,5635,3,9151,5233,3667,2684
nikkei,2024-07-02,2024-07-05,14331,683,5052,4,9981,6637,3663,2638
nikkei,2024-07-09,2024-07-12,15316,925,5717,3,10030,6812,4358,2784
nikkei,2024-07-16,2024-07-19,15049,901,6194,2,9607,6813,4539,2040
nikkei,2024-07-23,2024-07-26,16071,1143,6868,0,10516,6920,4412,2283
nikkei,2024-07-30,2024-08-02,14357,1177,5040,0,9696,7600,3484,1717
nikkei,2024-08-06,2024-08-09,13261,1625,3352,0,8358,7469,3278,2440
nikkei,2024-08-13,2024-08-16,13430,2405,2480,0,8179,7956,2846,2994
nikkei,2024-08-20,2024-08-23,14529,2295,4686,0,8711,7369,3523,2474
nikkei,2024-08-27,2024-08-30,13253,1939,3792,0,8134,6846,3180,2615
nikkei,2024-09-03,2024-09-06,13668,1939,4378,0,8230,6978,3499,2312
nikkei,2024-09-10,2024-09-13,17536,1939,3905,2000,9152,9350,4445,2281
nikkei,2024-09-17,2024-09-20,10849,221,2685,0,7620,6044,3008,2120
nikkei,2024-12-10,2024-12-13,15114,224,2827,3185,8786,6942,2919,2160
nikkei,2024-12-17,2024-12-20,10376,501,4675,0,7419,4390,2456,1311
nikkei,2025-01-07,2025-01-10,10098,440,3884,0,7421,4391,2237,1823
nikkei,2025-01-14,2025-01-17,10380,946,3764,0,7317,4689,2117,1927
nikkei,2025-01-21,2025-01-24,10889,937,3695,0,7647,4938,2305,2256
nikkei,2025-01-28,2025-01-31,12005,767,3830,0,8765,6179,2473,1996
nikkei,2025-02-04,2025-02-07,11672,923,3123,0,8438,6209,2311,2340
nikkei,2025-02-11,2025-02-14,11403,923,3135,0,8080,6132,2400,2136
nikkei,2025-02-18,2025-02-21,11371,923,2754,0,8168,6380,2280,2237
nikkei,2025-02-25,2025-02-28,12045,1444,1325,6,8165,7596,2430,3118
nikkei,2025-03-04,2025-03-07,11119,215,876,102,8400,7847,2402,2294
nikkei,2025-03-11,2025-03-14,14419,1068,1189,582,9952,9998,2817,2650
nikkei,2025-04-08,2025-04-11,10705,2169,265,0,6480,8070,2056,2370
nikkei,2025-09-23,2025-09-26,11139,2054,5627,0,6277,2926,2808,2586
nikkei,2025-09-30,2025-10-03,11894,2159,6644,0,6631,3089,3104,2161
nikkei,2025-10-07,2025-10-10,12400,2560,5573,0,6852,4146,2988,2681
nikkei,2026-03-03,2026-03-06,11702,1745,1490,0,6789,8373,3168,1839
dow,2010-06-15,2010-06-18,62170,5369,4621,4149,42146,40673,10507,12727
dow,2010-06-22,2010-06-25,37543,5705,3993,443,26734,27162,4661,5946
dow,2010-06-29,2010-07-02,41448,7324,3125,418,27923,32267,5783,5638
dow,2010-07-06,2010-07-09,40783,6616,4764,136,27977,29880,6054,6003
dow,2010-07-13,2010-07-16,39091,4819,6256,266,29022,25431,4985,7138
dow,2010-07-20,2010-07-23,41245,6482,4700,449,29066,28213,5249,7884
dow,2010-07-27,2010-07-30,43524,7542,4986,401,29085,29793,6496,8345
dow,2010-08-03,2010-08-06,44759,10430,4278,462,27907,34615,5961,5405
dow,2010-08-10,2010-08-13,46277,9629,3934,627,28972,35250,7049,6466
dow,2010-08-17,2010-08-20,48402,13638,4416,206,27064,38455,7496,5326
dow,2010-08-24,2010-08-27,44608,9852,4597,393,27173,34368,7191,5250
dow,2010-08-31,2010-09-03,43120,9186,5333,275,27248,32456,6411,5056
dow,2010-09-07,2010-09-10,51637,6640,4404,5062,32285,33745,7651,8426
dow,2010-09-14,2010-09-17,53351,11191,6113,2806,31710,38503,7644,5930
dow,2010-09-21,2010-09-24,39273,12139,5698,262,21383,27178,5489,6136
dow,2010-09-28,2010-10-01,44430,17723,3744,661,19989,33814,6058,6212
dow,2010-10-05,2010-10-08,49007,21368,3873,348,19905,39239,7387,5548
dow,2010-10-12,2010-10-15,45517,17192,4613,511,21377,35543,6439,4851
dow,2010-10-19,2010-10-22,45097,16844,4259,372,21575,35606,6306,4860
dow,2010-10-26,2010-10-29,48054,19498,3291,432,20849,39603,7276,4729
dow,2010-11-02,2010-11-05,48467,19951,4130,240,20801,38598,7476,5501
dow,2010-11-09,2010-11-12,50875,22612,6753,204,21237,38794,6822,5125
dow,2010-11-16,2010-11-19,47805,17265,5617,86,23709,37060,6745,5042
dow,2010-11-23,2010-11-26,50667,17610,6959,278,25972,38265,6808,5165
dow,2010-11-30,2010-12-03,48594,15798,5617,205,25850,36767,6742,6005
dow,2010-12-07,2010-12-10,48189,18228,3938,666,22721,38347,6575,5238
dow,2010-12-14,2010-12-17,47633,13260,3165,846,25941,37142,7586,6480
dow,2010-12-21,2010-12-24,36880,10095,3118,9,20605,30470,6172,3284
dow,2010-12-28,2010-12-31,36546,9844,2642,47,20447,29903,6209,3955
dow,2011-01-04,2011-01-07,40020,13354,3352,187,20114,32502,6365,3979
dow,2011-01-11,2011-01-14,42612,15079,3129,0,20959,35748,6575,3735
dow,2011-01-18,2011-01-21,45419,16145,5034,15,22098,35475,7162,4896
dow,2011-01-25,2011-01-28,49782,18658,6530,252,23700,37763,7173,5237
dow,2011-02-01,2011-02-04,60570,21546,4347,1556,29244,47769,8225,6899
dow,2011-02-08,2011-02-11,55629,15536,5398,2020,29452,40008,8622,8204
dow,2011-02-15,2011-02-18,58212,17051,4130,2254,29737,43501,9170,8327
dow,2011-02-22,2011-02-25,57762,16433,5595,2732,29900,41356,8698,8079
dow,2011-03-01,2011-03-04,58911,13825,4242,4220,32244,44315,8623,6135
dow,2011-03-08,2011-03-11,59316,15414,3842,3685,31816,44410,8403,7381
dow,2011-03-15,2011-03-18,63793,11942,2887,4766,37387,44892,9699,11248
dow,2011-03-22,2011-03-25,44989,15576,4108,219,24042,34253,5154,6410
dow,2011-03-29,2011-04-01,58786,24250,4336,268,25145,48454,9125,5729
dow,2011-04-05,2011-04-08,58807,26687,4945,41,25348,45642,6732,8180
dow,2011-04-12,2011-04-15,59261,26079,4368,154,26172,47223,6857,7517
dow,2011-04-19,2011-04-22,53057,20437,4538,13,25406,40602,7202,7905
dow,2011-04-26,2011-04-29,57431,21083,4819,120,28950,43534,7279,8960
dow,2011-05-03,2011-05-06,65524,29601,6358,10,28911,53323,7003,5834
dow,2011-05-10,2011-05-13,60500,25323,4741,189,27324,49315,7664,6255
dow,2011-05-17,2011-05-20,77478,16513,3181,3207,41201,57916,16557,13175
dow,2011-05-24,2011-05-27,77677,15744,3180,3696,41916,57678,16322,13124
dow,2011-05-31,2011-06-03,78430,16735,3186,3948,42021,57847,15727,13450
dow,2011-06-07,2011-06-10,70449,10261,5554,3935,40701,47916,15553,13045
dow,2011-06-14,2011-06-17,81758,10397,3046,6594,48219,57486,16549,14633
dow,2011-06-21,2011-06-24,41287,10436,3270,103,24712,33912,6037,4003
dow,2011-06-28,2011-07-01,39596,10841,2366,272,22518,32922,5965,4036
dow,2011-07-05,2011-07-08,49758,18169,4688,258,24978,40882,6354,3931
dow,2011-07-12,2011-07-15,73447,25474,3138,3684,34236,61296,10054,5330
dow,2011-07-19,2011-07-22,76111,24951,2167,3917,38759,64698,8485,5330
dow,2011-07-26,2011-07-29,74390,19265,2351,4363,42465,62806,8297,4871
dow,2011-08-02,2011-08-05,72896,16261,2947,4167,43343,59216,9126,6566
dow,2011-08-09,2011-08-12,66231,15779,1176,1401,40598,56783,8453,6872
dow,2011-08-16,2011-08-19,53860,8795,6086,3024,35951,37714,6090,7036
dow,2011-08-23,2011-08-26,52216,7412,1283,3235,35154,41084,6415,6614
dow,2011-08-30,2011-09-02,52814,7037,3844,3177,36657,38333,5943,7461
dow,2011-09-06,2011-09-09,51603,8213,2330,3320,33328,38353,6742,7600
dow,2011-09-13,2011-09-16,62157,8306,2987,4666,40408,45923,8777,8581
dow,2011-09-20,2011-09-23,32752,7428,2708,21,21685,25047,3619,4977
dow,2011-09-27,2011-09-30,47828,5827,3307,4211,33252,34520,4540,5791
dow,2011-10-04,2011-10-07,50342,8763,1882,4036,31919,38754,5624,5670
dow,2011-10-11,2011-10-14,39332,10275,4266,29,25000,28843,4028,6194
dow,2011-10-18,2011-10-21,50365,6987,879,3528,33991,39635,5860,6323
dow,2011-10-25,2011-10-28,53649,6572,2608,3802,34991,38423,8285,8817
dow,2011-11-01,2011-11-04,56785,7954,2467,4119,36315,41905,8398,8294
dow,2011-11-08,2011-11-11,42675,7171,4569,20,29042,33156,6442,4930
dow,2011-11-15,2011-11-18,45518,9858,4268,156,28168,35613,7338,5482
dow,2011-11-22,2011-11-25,61638,8099,4185,4492,41274,46322,7774,6640
dow,2011-11-29,2011-12-02,59620,8186,4842,4096,40379,43484,6960,7198
dow,2011-12-06,2011-12-09,66743,11207,2785,3989,43777,52209,7771,7761
dow,2011-12-13,2011-12-16,106167,12678,3423,10426,74083,83826,8981,8493
dow,2011-12-20,2011-12-23,45509,14449,3798,161,25595,37341,5305,4210
dow,2011-12-27,2011-12-30,44765,12651,4184,285,26733,36408,5097,3888
dow,2012-01-03,2012-01-06,47962,13816,3864,180,27865,40251,6102,3668
dow,2012-01-10,2012-01-13,50249,13413,3894,540,28790,41516,7507,4300
dow,2012-01-17,2012-01-20,50886,13940,4327,812,28691,41314,7444,4434
dow,2012-01-24,2012-01-27,51716,16294,4558,98,27813,41910,7512,5151
dow,2012-01-31,2012-02-03,51836,17444,4519,129,27176,42562,7087,4627
dow,2012-02-07,2012-02-10,54890,19704,5388,24,27993,45092,7170,4387
dow,2012-02-14,2012-02-17,53993,18506,5624,24,28318,43139,7146,5207
dow,2012-02-21,2012-02-24,53157,19310,5083,75,27015,42916,6758,5084
dow,2012-02-28,2012-03-02,55949,21253,5789,410,27490,44577,6797,5173
dow,2012-03-06,2012-03-09,54004,19077,7468,392,27696,40341,6839,5804
dow,2012-03-13,2012-03-16,95629,23586,5643,6851,54970,75708,10222,7427
dow,2012-03-20,2012-03-23,53205,21690,6752,3,24827,41705,6686,4745
dow,2012-03-27,2012-03-30,53369,21065,6378,282,24806,42220,7216,4490
dow,2012-04-03,2012-04-06,52465,19811,7193,158,24994,39876,7503,5238
dow,2012-04-10,2012-04-13,49867,18142,8443,27,23711,36767,7987,4630
dow,2012-04-17,2012-04-20,51736,20087,7083,88,24882,39611,6680,4954
dow,2012-04-24,2012-04-27,50342,19659,6055,30,23115,39770,7539,4487
dow,2012-05-01,2012-05-04,56222,23380,6554,26,25378,44568,7438,5075
dow,2012-05-08,2012-05-11,51824,18077,9697,111,26458,37725,7178,4292
dow,2012-05-15,2012-05-18,50060,17836,8465,33,24496,37100,7696,4463
dow,2012-05-22,2012-05-25,67190,14209,6564,5483,38838,47942,8661,7201
dow,2012-05-29,2012-06-01,68734,10900,7337,4462,43416,49173,9957,7763
dow,2012-06-05,2012-06-08,72252,9900,6243,4547,47820,53674,9986,7789
dow,2012-06-12,2012-06-15,88781,11108,5832,6045,59680,66828,11949,10077
dow,2012-06-19,2012-06-22,38715,9785,7545,158,22432,26752,6341,4261
dow,2012-06-26,2012-06-29,45307,17650,5002,61,20591,36190,7005,4055
dow,2012-07-03,2012-07-06,45453,15211,5071,163,22543,36150,7536,4070
dow,2012-07-10,2012-07-13,43280,13226,6197,59,22638,33209,7358,3816
dow,2012-07-17,2012-07-20,41606,11573,5298,1,22857,32732,7175,3576
dow,2012-07-24,2012-07-27,39580,10655,7239,38,21709,28249,7179,4055
dow,2012-07-31,2012-08-03,49096,18289,5857,98,22456,37493,8253,5649
dow,2012-08-07,2012-08-10,52382,19835,5857,104,24328,40359,8117,6063
dow,2012-08-14,2012-08-17,52112,18140,6048,30,25260,40485,8683,5550
dow,2012-08-21,2012-08-24,56637,20812,6999,127,26414,42965,9286,6547
dow,2012-08-28,2012-08-31,58876,22042,5087,616,27061,48104,9158,5070
dow,2012-09-04,2012-09-07,56223,18913,6026,744,28104,44347,8463,5107
dow,2012-09-11,2012-09-14,62974,21841,5891,889,30810,50229,9434,5966
dow,2012-09-18,2012-09-21,75855,25501,5972,1631,39150,61399,9574,6853
dow,2012-09-25,2012-09-28,60437,27727,6551,388,23867,48904,8456,4595
dow,2012-10-02,2012-10-05,62042,27217,5622,680,26367,51675,7779,4065
dow,2012-10-09,2012-10-12,57807,23223,6224,237,26844,46035,7503,5311
dow,2012-10-16,2012-10-19,60449,25678,6472,6,26580,48347,8186,5625
dow,2012-10-23,2012-10-26,55166,18722,7940,519,27633,42646,8293,4062
dow,2012-10-30,2012-11-02,53837,16472,8687,1090,27849,39967,8427,4094
dow,2012-11-06,2012-11-09,51112,14735,6462,1859,26955,38500,7564,4293
dow,2012-11-13,2012-11-16,50635,12483,8915,2816,25812,35030,9525,3875
dow,2012-11-20,2012-11-23,48149,9387,11227,2525,27627,29519,8610,4879
dow,2012-11-27,2012-11-30,48110,8104,10682,2483,29349,30039,8175,4907
dow,2012-12-04,2012-12-07,47680,10533,6824,1214,27242,35031,8692,4612
dow,2012-12-11,2012-12-14,50665,12947,7715,148,29762,36724,7808,6078
dow,2012-12-18,2012-12-21,77875,14859,1962,6610,46613,63046,9794,6258
dow,2012-12-24,2012-12-28,48053,13374,3273,52,26774,40921,7854,3808
dow,2012-12-31,2013-01-04,46805,13650,4785,158,25656,38623,7342,3240
dow,2013-01-08,2013-01-11,46682,12463,3591,0,26233,39017,7987,4075
dow,2013-01-15,2013-01-18,51142,13688,3723,18,29189,42091,8247,5311
dow,2013-01-22,2013-01-25,55139,15702,4029,24,31160,44192,8254,6895
dow,2013-01-29,2013-02-01,57873,17078,6281,115,30994,44133,9687,7346
dow,2013-02-05,2013-02-08,58609,19318,4964,31,29232,47250,10029,6365
dow,2013-02-12,2013-02-15,61689,20017,6539,80,31700,48255,9893,6816
dow,2013-02-19,2013-02-22,61804,19004,5290,90,32209,48737,10501,7687
dow,2013-02-26,2013-03-01,62136,20854,5422,296,30244,48163,10742,8255
dow,2013-03-05,2013-03-08,69220,21390,8669,378,37023,50264,10429,9909
dow,2013-03-12,2013-03-15,102701,22210,6202,1270,67212,80449,12010,14781
dow,2013-03-19,2013-03-22,53674,22914,3891,117,22205,41184,8439,8483
dow,2013-03-26,2013-03-29,55859,22196,4560,205,24482,42627,8977,8468
dow,2013-04-02,2013-04-05,56703,22713,5380,19,25704,40866,8268,10440
dow,2013-04-09,2013-04-12,55463,21507,5605,41,25160,39846,8756,9972
dow,2013-04-16,2013-04-19,57360,23021,5310,147,25518,42298,8674,9605
dow,2013-04-23,2013-04-26,59475,25500,4077,20,25229,46718,8727,8661
dow,2013-04-30,2013-05-03,60731,23531,4369,5,28026,47065,9170,9293
dow,2013-05-07,2013-05-10,60180,23762,4945,12,27509,45880,8898,9344
dow,2013-05-14,2013-05-17,59879,22570,4765,198,27761,44734,9352,10183
dow,2013-05-21,2013-05-24,57531,20351,4263,503,26662,41982,10015,10784
dow,2013-05-28,2013-05-31,57916,21424,3774,65,26070,43215,10357,10862
dow,2013-06-04,2013-06-07,58071,24387,2683,68,24357,44881,9260,10439
dow,2013-06-11,2013-06-14,55426,22767,2743,71,23878,43275,8712,9339
dow,2013-06-18,2013-06-21,76492,26072,2968,1462,39962,62494,8997,9569
dow,2013-06-25,2013-06-28,45296,18589,3454,328,19498,35455,6882,6059
dow,2013-07-02,2013-07-05,47054,19214,2154,235,20669,38755,6936,5911
dow,2013-07-09,2013-07-12,52840,21841,3988,276,23174,41995,7550,6582
dow,2013-07-16,2013-07-19,58559,22706,3171,310,27101,48672,8443,6407
dow,2013-07-23,2013-07-26,60037,22643,3135,244,28392,49923,8759,6736
dow,2013-07-30,2013-08-02,61227,23681,3044,257,28902,50504,8388,7422
dow,2013-08-06,2013-08-09,61341,22220,3670,355,30157,50007,8609,7310
dow,2013-08-13,2013-08-16,63624,24826,3346,276,28184,53202,10339,6800
dow,2013-08-20,2013-08-23,54405,19160,4171,463,25445,43941,9338,5831
dow,2013-08-27,2013-08-30,51533,15023,4225,246,28118,40395,8146,6667
dow,2013-09-03,2013-09-06,49019,13336,3366,223,27415,35738,8047,9693
dow,2013-09-10,2013-09-13,66726,14294,4685,643,38522,49912,13268,11487
dow,2013-09-17,2013-09-20,84348,20351,3525,4874,45509,62394,13614,13555
dow,2013-09-24,2013-09-27,68015,29003,4204,279,29985,58534,8749,4999
dow,2013-10-01,2013-10-04,59278,21238,4482,374,29129,49699,8538,4724
dow,2013-10-08,2013-10-11,50296,14776,5097,242,25931,39812,9348,5146
dow,2013-10-15,2013-10-18,61766,12691,6816,1771,38002,47234,9303,5946
dow,2013-10-22,2013-10-25,65178,15413,6271,2013,38312,50353,9441,6541
dow,2013-10-29,2013-11-01,71415,17990,7991,2117,41557,53159,9751,8148
dow,2013-11-05,2013-11-08,76549,21783,7275,2612,42240,57611,9915,9052
dow,2013-11-12,2013-11-15,78368,21879,7492,2719,44669,58434,9102,9724
dow,2013-11-19,2013-11-22,79063,22167,10054,2720,44283,55174,9894,11116
dow,2013-11-26,2013-11-29,81713,23581,10072,2880,45606,57287,9647,11475
dow,2013-12-03,2013-12-06,86226,26097,7864,3920,46242,63946,9968,10496
dow,2013-12-10,2013-12-13,84512,23873,7564,3694,47085,63781,9860,9474
dow,2013-12-17,2013-12-20,87167,19012,7004,4740,53479,66807,9937,8617
dow,2013-12-24,2013-12-27,59754,15183,10626,290,36133,41554,8149,7285
dow,2013-12-31,2014-01-03,59809,14937,10354,251,36124,41513,8497,7692
dow,2014-01-07,2014-01-10,63744,19460,9859,225,35166,44481,8894,9180
dow,2014-01-14,2014-01-17,66166,21395,9511,327,35213,47791,9232,8538
dow,2014-01-21,2014-01-24,66296,19491,10200,156,37483,47708,9167,8234
dow,2014-01-28,2014-01-31,61970,16126,11282,354,37646,43684,7845,6651
dow,2014-02-04,2014-02-07,58907,14214,9726,435,35570,44060,8689,4687
dow,2014-02-11,2014-02-14,66710,10397,11972,3009,42932,43473,10373,8256
dow,2014-02-18,2014-02-21,55663,12975,13598,31,33531,34946,9128,7090
dow,2014-02-25,2014-02-28,60457,15180,11363,15,35391,42263,9872,6817
dow,2014-03-04,2014-03-07,66245,19393,12139,10,37500,46542,9342,7555
dow,2014-03-11,2014-03-14,64348,17704,13141,195,37375,44140,9075,6873
dow,2014-03-18,2014-03-21,91896,20329,8969,4146,58015,70331,9406,8450
dow,2014-03-25,2014-03-28,63777,16502,12172,10,38432,44100,8834,7496
dow,2014-04-01,2014-04-04,64050,17941,12846,9,37840,43559,8261,7636
dow,2014-04-08,2014-04-11,58307,13553,14493,38,36602,36743,8115,7033
dow,2014-04-15,2014-04-18,53600,12205,12593,38,34247,33809,7111,7161
dow,2014-04-22,2014-04-25,59993,13685,12554,17,37965,39825,8327,7599
dow,2014-04-29,2014-05-02,60892,16205,11446,48,36844,41103,7797,8297
dow,2014-05-06,2014-05-09,59360,15242,13429,92,36621,37583,7405,8257
dow,2014-05-13,2014-05-16,68067,21751,13499,17,37642,43754,8658,10798
dow,2014-05-20,2014-05-23,60912,16134,16871,53,37194,35578,7532,8411
dow,2014-05-27,2014-05-30,64624,18313,13682,626,37255,41847,8430,8469
dow,2014-06-03,2014-06-06,63905,17811,14052,320,36448,40580,9326,8954
dow,2014-06-10,2014-06-13,65446,18777,14439,80,37935,41641,8654,9286
dow,2014-06-17,2014-06-20,83468,17490,13766,747,55568,61344,9664,7612
dow,2014-06-24,2014-06-27,58112,14579,15334,216,35549,35279,7769,7284
dow,2014-07-01,2014-07-04,65075,20245,14188,126,35886,44205,8818,6557
dow,2014-07-08,2014-07-11,58489,15775,13258,154,35219,37808,7342,7270
dow,2014-07-15,2014-07-18,62186,19009,13965,4,34769,41107,8405,7111
dow,2014-07-22,2014-07-25,63627,21719,12547,4,33242,43587,8663,7489
dow,2014-07-29,2014-08-01,63353,20319,10072,181,34237,45858,8616,7243
dow,2014-08-05,2014-08-08,58328,15645,15131,529,33747,36418,8408,6251
dow,2014-08-12,2014-08-15,54959,13015,16752,8,33808,31687,8129,6514
dow,2014-08-19,2014-08-22,55644,13994,15257,232,32360,32274,9059,7882
dow,2014-08-26,2014-08-29,60918,18066,15313,595,33799,36329,8458,8681
dow,2014-09-02,2014-09-05,64775,20144,13566,723,35178,41567,8731,8920
dow,2014-09-09,2014-09-12,64723,18859,13133,1405,36215,40979,8245,9207
dow,2014-09-16,2014-09-19,85792,24228,12543,2654,50640,60582,8271,10014
dow,2014-09-23,2014-09-26,67750,22270,14532,175,37499,45589,7808,7455
dow,2014-09-30,2014-10-03,69201,24463,11442,53,36496,49238,8190,8469
dow,2014-10-07,2014-10-10,66136,20033,11448,229,37747,45888,8127,8572
dow,2014-10-14,2014-10-17,59234,17437,11603,83,33830,40156,7884,7392
dow,2014-10-21,2014-10-24,55269,14010,12294,42,35146,34165,6072,8768
dow,2014-10-28,2014-10-31,56533,17863,12229,140,32465,35053,6066,9112
dow,2014-11-04,2014-11-07,66485,20442,9410,348,37575,46465,8121,10263
dow,2014-11-11,2014-11-14,67770,23307,10596,194,36407,45830,7863,11151
dow,2014-11-18,2014-11-21,71721,25181,10823,98,37851,49155,8593,11646
dow,2014-11-25,2014-11-28,71821,23184,10896,17,39941,48977,8680,11932
dow,2014-12-02,2014-12-05,75115,24543,11243,49,41403,52630,9121,11194
dow,2014-12-09,2014-12-12,83767,21601,9171,1836,48452,62308,11879,10452
dow,2014-12-16,2014-12-19,99154,22853,9442,3033,57741,75244,15528,11436
dow,2014-12-23,2014-12-26,53355,14414,9639,68,30251,38092,8623,5558
dow,2014-12-30,2015-01-02,56954,17687,9701,76,30392,41371,8799,5807
dow,2015-01-06,2015-01-09,56308,19294,10013,236,28477,40569,8302,5491
dow,2015-01-13,2015-01-16,55366,17667,9816,134,29525,39840,8041,5577
dow,2015-01-20,2015-01-23,50301,13779,9278,215,27981,36796,8327,4012
dow,2015-01-27,2015-01-30,52970,11598,12415,1122,30976,34862,9275,4572
dow,2015-02-03,2015-02-06,52505,13228,8514,817,27851,38037,10609,5137
dow,2015-02-10,2015-02-13,53087,17274,8332,136,25558,38765,10120,5854
dow,2015-02-17,2015-02-20,58115,20908,8540,87,26571,43654,10550,5836
dow,2015-02-24,2015-02-27,58166,19723,9200,159,27747,43183,10538,5624
dow,2015-03-03,2015-03-06,58358,21096,9204,90,29022,41728,8150,7336
dow,2015-03-10,2015-03-13,55716,17701,9326,417,29901,38293,7698,7681
dow,2015-03-17,2015-03-20,54208,15665,10638,947,29422,36426,8175,6198
dow,2015-03-24,2015-03-27,53325,14971,8773,1252,29206,38248,7896,5053
dow,2015-03-31,2015-04-03,48671,11178,8041,2115,27229,33339,8150,5176
dow,2015-04-07,2015-04-10,48669,12330,7697,1248,26912,35032,8179,4692
dow,2015-04-14,2015-04-17,54343,16564,7944,559,28801,41021,8420,4821
dow,2015-04-21,2015-04-24,50070,13956,7935,383,27934,36806,7799,4947
dow,2015-04-28,2015-05-01,57117,16318,8098,1067,32012,42187,7721,5766
dow,2015-05-05,2015-05-08,53082,13546,9900,276,31192,37082,8069,5825
dow,2015-05-12,2015-05-15,53077,14676,7130,739,28560,38421,9102,6787
dow,2015-05-19,2015-05-22,60703,21232,9895,627,29512,42504,9333,7677
dow,2015-05-26,2015-05-29,56676,17146,10024,555,30371,39075,8605,7022
dow,2015-06-02,2015-06-05,57516,17099,11021,489,31337,39578,8592,6430
dow,2015-06-09,2015-06-12,58066,11387,11500,823,37349,40355,8508,5389
dow,2015-06-16,2015-06-19,55316,12635,6659,1528,33283,40928,7871,6202
dow,2015-06-23,2015-06-26,53299,17431,5407,920,28044,41417,6904,5556
dow,2015-06-30,2015-07-03,44827,8709,9099,1030,28539,29319,6550,5380
dow,2015-07-07,2015-07-10,43659,9482,9087,281,27544,28153,6353,6139
dow,2015-07-14,2015-07-17,47511,13613,9093,379,27751,31072,5769,6968
dow,2015-07-21,2015-07-24,47433,10570,9301,310,29854,31537,6699,6286
dow,2015-07-28,2015-07-31,46258,9772,12826,563,29337,26906,6586,5963
dow,2015-08-04,2015-08-07,48166,10821,12112,187,30604,29829,6555,6040
dow,2015-08-11,2015-08-14,47419,10418,15837,59,30656,25015,6287,6509
dow,2015-08-18,2015-08-21,46724,10289,15523,1217,29655,22234,5563,7751
dow,2015-08-25,2015-08-28,46395,9798,17726,556,29148,21202,6894,6912
dow,2015-09-01,2015-09-04,42344,8405,14196,739,28003,19243,5198,8167
dow,2015-09-08,2015-09-11,43620,10137,11183,1895,26350,22277,5239,8266
dow,2015-09-15,2015-09-18,48589,10586,12129,1879,30886,25054,5239,9528
dow,2015-09-22,2015-09-25,29388,8230,10239,48,16012,10417,5099,8685
dow,2015-09-29,2015-10-02,31990,10960,10803,43,15910,13891,5077,7253
dow,2015-10-06,2015-10-09,34668,13130,12187,1,16800,13607,4738,8874
dow,2015-10-13,2015-10-16,37572,14124,12347,3,18522,15655,4924,9568
dow,2015-10-20,2015-10-23,37727,12428,12321,9,19824,15637,5467,9761
dow,2015-10-27,2015-10-30,38703,12172,10371,263,20531,18990,5738,9080
dow,2015-11-03,2015-11-06,47790,16900,11205,62,23870,27614,6959,8911
dow,2015-11-10,2015-11-13,51867,19964,9440,87,25141,33215,6676,9126
dow,2015-11-17,2015-11-20,49731,17049,10487,259,24974,31662,7450,7323
dow,2015-11-24,2015-11-27,51507,19594,10716,130,25089,32367,6694,8295
dow,2015-12-01,2015-12-04,53404,20930,12326,314,25060,32863,7100,7901
dow,2015-12-08,2015-12-11,51296,18560,10820,710,25529,32898,6497,6869
dow,2015-12-15,2015-12-18,62230,20308,8972,1418,33251,45144,7254,6697
dow,2015-12-22,2015-12-25,39066,14938,6467,400,17102,26632,6627,5568
dow,2015-12-29,2016-01-01,41172,16457,6197,427,17929,28697,6359,5851
dow,2016-01-05,2016-01-08,37445,14055,9060,544,16884,22018,5963,5825
dow,2016-01-12,2016-01-15,33166,10895,6547,1058,14832,19849,6381,5713
dow,2016-01-19,2016-01-22,30588,8004,6687,296,15944,17675,6344,5931
dow,2016-01-26,2016-01-29,30555,8149,7552,69,17010,16555,5328,6380
dow,2016-02-02,2016-02-05,29967,7564,7548,463,17065,15055,4876,6902
dow,2016-02-09,2016-02-12,32237,7795,8268,429,18880,17202,5134,6340
dow,2016-02-16,2016-02-19,31478,6833,7000,601,19304,17036,4741,6842
dow,2016-02-23,2016-02-26,28952,6829,5566,268,17063,15671,4793,7447
dow,2016-03-01,2016-03-04,31216,7514,5414,368,17662,18615,5672,6819
dow,2016-03-08,2016-03-11,33243,8553,7409,435,18765,17899,5491,7500
dow,2016-03-15,2016-03-18,44843,9700,9286,433,28396,26214,6315,8910
dow,2016-03-22,2016-03-25,45580,17390,13954,236,22284,22313,5670,9077
dow,2016-03-29,2016-04-01,50968,20804,14538,113,23268,27268,6783,9050
dow,2016-04-05,2016-04-08,56474,23739,15182,208,25144,32163,7383,8921
dow,2016-04-12,2016-04-15,58324,24846,16829,299,25394,31919,7786,9278
dow,2016-04-19,2016-04-22,59763,24999,17598,331,26656,31998,7778,9837
dow,2016-04-26,2016-04-29,60869,25610,19471,258,26874,31946,8127,9194
dow,2016-05-03,2016-05-06,62293,26631,17098,357,27844,36175,7462,8664
dow,2016-05-10,2016-05-13,65060,28754,16528,502,26987,39028,8818,9003
dow,2016-05-17,2016-05-20,55806,23957,14892,484,23660,31531,7705,8899
dow,2016-05-24,2016-05-27,58780,27353,13677,538,23168,34826,7721,9740
dow,2016-05-31,2016-06-03,61198,27604,14235,225,25644,37264,7726,9475
dow,2016-06-07,2016-06-10,65122,28402,15593,239,28029,39875,8453,9416
dow,2016-06-14,2016-06-17,74270,32927,12300,934,31873,51647,8537,9390
dow,2016-06-21,2016-06-24,56193,32305,10713,368,15296,37533,8224,7579
dow,2016-06-28,2016-07-01,47108,24762,4674,238,15094,36217,7016,5980
dow,2016-07-05,2016-07-08,49640,27627,4989,188,14749,35879,7078,8585
dow,2016-07-12,2016-07-15,55987,31170,6420,0,16537,38985,8281,10582
dow,2016-07-19,2016-07-22,63157,38649,7219,0,16811,44477,7697,11461
dow,2016-07-26,2016-07-29,67461,41623,8122,22,16470,49198,9348,10121
dow,2016-08-02,2016-08-05,69740,44061,5817,224,16526,54163,8930,9538
dow,2016-08-09,2016-08-12,71005,44907,7500,579,16870,53259,8650,9668
dow,2016-08-16,2016-08-19,72633,46016,8181,759,17557,53548,8302,10146
dow,2016-08-23,2016-08-26,73139,46501,8377,879,17344,53569,8416,10315
dow,2016-08-30,2016-09-02,72837,46385,7609,1007,17238,53966,8208,10256
dow,2016-09-06,2016-09-09,74026,47460,8249,901,16829,54754,8836,10122
dow,2016-09-13,2016-09-16,78565,38561,9285,1348,30063,58664,8593,9269
dow,2016-09-20,2016-09-23,58114,35501,8363,270,14526,41801,7818,7681
dow,2016-09-27,2016-09-30,60653,38693,8256,307,13717,44071,7937,8020
dow,2016-10-04,2016-10-07,61014,38865,9579,510,13822,42857,7818,8068
dow,2016-10-11,2016-10-14,60761,37746,11436,574,13460,40922,8981,7830
dow,2016-10-18,2016-10-21,58842,38043,10112,510,12454,40170,7836,8051
dow,2016-10-25,2016-10-28,57677,36208,11903,622,12538,37018,8310,8135
dow,2016-11-01,2016-11-04,58314,34678,13569,576,15208,36102,7853,8068
dow,2016-11-08,2016-11-11,58186,37184,15435,384,13144,32979,7475,9390
dow,2016-11-15,2016-11-18,61674,37923,7978,1328,14085,39653,8339,12715
dow,2016-11-22,2016-11-25,67260,40187,8882,1513,16167,44428,9393,12438
dow,2016-11-29,2016-12-02,72827,44672,9412,1344,17728,49963,9083,12108
dow,2016-12-06,2016-12-09,71133,43514,8951,608,17621,49855,9391,11720
dow,2016-12-13,2016-12-16,84811,36696,7472,1719,36911,63739,9485,11881
dow,2016-12-20,2016-12-23,63716,37304,6657,1167,16029,46806,9217,9088
dow,2016-12-27,2016-12-30,64692,37127,6959,1086,16572,47314,9907,9333
dow,2017-01-03,2017-01-06,69341,41822,6760,489,17093,53240,9937,8852
dow,2017-01-10,2017-01-13,65240,36829,6174,1265,17454,48730,9693,9072
dow,2017-01-17,2017-01-20,65209,37367,5309,1271,16854,49052,9718,9577
dow,2017-01-24,2017-01-27,67349,41054,9297,900,15095,48073,10301,9080
dow,2017-01-31,2017-02-03,64011,35988,9727,773,17234,44988,10017,8524
dow,2017-02-07,2017-02-10,64132,37048,7997,1235,16498,45352,9352,9549
dow,2017-02-14,2017-02-17,63515,35201,7796,1796,16971,44364,9547,9559
dow,2017-02-21,2017-02-24,63482,33659,7938,2192,17661,44274,9970,9078
dow,2017-02-28,2017-03-03,69610,38128,8372,3101,18098,47537,10284,10601
dow,2017-03-07,2017-03-10,73766,41150,8489,4000,17796,52044,10821,9234
dow,2017-03-14,2017-03-17,88054,43178,6622,4016,29365,68689,11497,8729
dow,2017-03-21,2017-03-24,66701,39718,5425,3482,13293,50309,10208,7486
dow,2017-03-28,2017-03-31,67117,41480,4765,3335,12398,51806,9904,7212
dow,2017-04-04,2017-04-07,64819,36736,3690,3282,15341,50240,9460,7607
dow,2017-04-11,2017-04-14,64569,37591,4343,3395,14030,49297,9554,7535
dow,2017-04-18,2017-04-21,65530,38555,5202,3595,13997,49490,9384,7243
dow,2017-04-25,2017-04-28,66700,38123,5856,3077,15858,49378,9643,8390
dow,2017-05-02,2017-05-05,63185,34330,5276,2914,16066,47542,9876,7453
dow,2017-05-09,2017-05-12,60651,29917,5450,3221,17349,44287,10164,7694
dow,2017-05-16,2017-05-19,60726,28703,5873,3163,18972,43365,9890,8326
dow,2017-05-23,2017-05-26,60170,28751,6782,2676,19523,42147,9221,8565
dow,2017-05-30,2017-06-02,59950,30320,7317,2782,18224,40839,8625,9013
dow,2017-06-06,2017-06-09,62343,31650,6906,3101,18285,43362,9308,8976
dow,2017-06-13,2017-06-16,71798,33725,7030,4180,23062,49159,10831,11430
dow,2017-06-20,2017-06-23,61134,34545,3901,3801,14412,43721,8377,9712
dow,2017-06-27,2017-06-30,65668,38946,5037,3670,14524,48574,8529,8387
dow,2017-07-03,2017-07-07,67412,40831,4205,3391,14372,50183,8819,9634
dow,2017-07-11,2017-07-14,64752,39098,4292,3407,13795,47949,8452,9104
dow,2017-07-18,2017-07-21,64619,39472,5453,3633,13752,46741,7763,8792
dow,2017-07-25,2017-07-28,65152,39925,4986,3605,13472,46560,8150,10002
dow,2017-08-01,2017-08-04,68506,41739,8742,2604,15771,47155,8393,10006
dow,2017-08-08,2017-08-11,71449,45252,9185,2322,14575,49274,9301,10669
dow,2017-08-15,2017-08-18,75987,50425,6773,1557,14340,57297,9665,10361
dow,2017-08-22,2017-08-25,76255,50578,4499,1201,14542,60498,9935,10058
dow,2017-08-29,2017-09-01,77718,50255,6610,1387,16388,59835,9689,9888
dow,2017-09-05,2017-09-08,74819,46191,6705,1848,17555,57061,9226,9205
dow,2017-09-12,2017-09-15,84360,47312,5862,2764,24298,65166,9987,10569
dow,2017-09-19,2017-09-22,76971,49588,6219,1714,15863,59138,9806,9901
dow,2017-09-26,2017-09-29,78934,53393,5533,1107,14753,62240,9682,10055
dow,2017-10-03,2017-10-06,77180,49902,6960,1305,15057,58484,10917,10432
dow,2017-10-10,2017-10-13,77870,49298,8472,1308,16141,58444,11124,9648
dow,2017-10-17,2017-10-20,78925,47966,8082,2318,17163,58040,11478,10485
dow,2017-10-24,2017-10-27,81044,48314,8073,2474,19075,59535,11181,10962
dow,2017-10-31,2017-11-03,79979,48441,7990,2374,17435,60323,11730,9293
dow,2017-11-07,2017-11-10,78121,45149,7105,2432,18414,59307,12126,9277
dow,2017-11-14,2017-11-17,79161,45307,5157,2399,18860,62242,12596,9364
dow,2017-11-21,2017-11-24,77797,42210,6335,4046,19535,58416,12006,9000
dow,2017-11-28,2017-12-01,76112,39853,7381,4517,20062,55314,11681,8901
dow,2017-12-05,2017-12-08,78456,43059,6983,3812,20018,58728,11568,8934
dow,2017-12-12,2017-12-15,86632,42164,5808,5173,27325,67239,11971,8412
dow,2017-12-19,2017-12-22,72370,40410,5712,3579,16245,56565,12136,6514
dow,2017-12-26,2017-12-29,72295,41615,5529,3542,15492,56520,11646,6704
dow,2018-01-02,2018-01-05,74369,43233,5472,3362,15403,59370,12371,6165
dow,2018-01-09,2018-01-12,75319,41129,7736,4244,17240,57415,12708,5925
dow,2018-01-16,2018-01-19,78618,44050,9192,3905,18850,58458,11814,7064
dow,2018-01-23,2018-01-26,78388,40162,9006,3424,21417,59962,13386,5996
dow,2018-01-30,2018-02-02,77825,40739,7674,2939,20673,61217,13475,5996
dow,2018-02-06,2018-02-09,66241,32641,10539,1446,22094,48476,10060,5781
dow,2018-02-13,2018-02-16,63084,25694,15037,1001,27571,40207,8819,6839
dow,2018-02-20,2018-02-23,58963,23250,13677,968,25572,36791,9173,7527
dow,2018-02-27,2018-03-02,59086,22003,10867,1291,26112,39932,9681,6996
dow,2018-03-06,2018-03-09,58398,23520,10813,1202,24849,40009,8828,6375
dow,2018-03-13,2018-03-16,73002,22899,11628,2020,39082,53054,9001,6300
dow,2018-03-20,2018-03-23,53163,21703,8069,1360,21964,37339,8137,6395
dow,2018-03-27,2018-03-30,51868,21104,7538,971,21881,37154,7912,6205
dow,2018-04-03,2018-04-06,48454,18560,8779,1126,21616,32462,7152,6088
dow,2018-04-10,2018-04-13,48443,16867,8150,1411,22919,32149,7247,6734
dow,2018-04-17,2018-04-20,50772,17349,8721,1020,24586,33640,7817,7391
dow,2018-04-24,2018-04-27,53519,15143,15262,1283,29040,30767,8053,6207
dow,2018-05-01,2018-05-04,51939,16185,15003,625,27086,30169,8045,6143
dow,2018-05-08,2018-05-11,51551,16776,15441,352,26686,29167,7738,6591
dow,2018-05-15,2018-05-18,51111,16111,11049,485,25811,32714,8705,6864
dow,2018-05-22,2018-05-25,51450,15984,8865,934,25369,34949,9164,6703
dow,2018-05-29,2018-06-01,52530,16162,9639,1052,26232,35174,9085,6666
dow,2018-06-05,2018-06-08,48855,16345,7523,135,24374,34594,8001,6603
dow,2018-06-12,2018-06-15,57351,17535,5497,2791,28456,41085,8569,7979
dow,2018-06-19,2018-06-22,43300,16190,9508,772,17489,27311,8851,5710
dow,2018-06-26,2018-06-29,43398,15398,11797,1148,17539,25635,9314,4818
dow,2018-07-03,2018-07-06,41911,14866,9017,2175,16557,25378,8313,5342
dow,2018-07-10,2018-07-13,42365,15373,7418,1761,17107,26599,8125,6588
dow,2018-07-17,2018-07-20,43209,16602,6438,1503,16500,28710,8604,6558
dow,2018-07-24,2018-07-27,44888,18771,8082,1397,16292,28746,8428,6663
dow,2018-07-31,2018-08-03,46664,20384,7700,1086,16602,30794,8593,7085
dow,2018-08-07,2018-08-10,50128,22964,8076,1316,17105,33767,8744,6969
dow,2018-08-14,2018-08-17,49010,21599,8486,1380,16392,32013,9640,7133
dow,2018-08-21,2018-08-24,51229,23006,8919,1778,17712,32924,8734,7608
dow,2018-08-28,2018-08-31,52653,24949,9043,1457,18108,34738,8140,7416
dow,2018-09-04,2018-09-07,53146,25983,7942,1719,16787,36255,8658,7231
dow,2018-09-11,2018-09-14,54437,26907,7604,1782,16744,36586,9005,8466
dow,2018-09-18,2018-09-21,64537,27090,6465,4156,22866,44861,10425,9055
dow,2018-09-25,2018-09-28,53775,30921,5891,2136,11781,39331,8937,6417
dow,2018-10-02,2018-10-05,57182,33370,5985,1799,13655,42121,8358,7278
dow,2018-10-09,2018-10-12,52344,28484,5933,2599,12470,37050,8792,6762
dow,2018-10-16,2018-10-19,46361,20338,7160,2784,14356,29027,8885,7391
dow,2018-10-23,2018-10-26,44831,19892,7720,2719,13694,28184,8527,6210
dow,2018-10-30,2018-11-02,43677,17965,8690,2720,15054,26027,7939,6241
dow,2018-11-06,2018-11-09,41582,18138,7121,811,15794,26384,6839,7267
dow,2018-11-13,2018-11-16,42482,18759,3857,1317,14898,30483,7509,6826
dow,2018-11-20,2018-11-23,38900,13213,3863,2600,15364,26484,7724,5953
dow,2018-11-27,2018-11-30,39163,13643,3613,2147,15038,26882,8335,6521
dow,2018-12-04,2018-12-07,38536,15490,3335,438,15182,27487,7426,7276
dow,2018-12-11,2018-12-14,36811,14502,3416,706,15089,26781,6515,5909
dow,2018-12-18,2018-12-21,47207,16192,4504,1115,21959,35978,7942,5611
dow,2018-12-24,2018-12-28,41713,21321,3935,409,12501,32456,7483,4913
dow,2018-12-31,2019-01-04,36864,17495,3788,342,14028,26222,4999,6512
dow,2019-01-08,2019-01-11,37228,16876,4343,534,14668,24672,5150,7680
dow,2019-01-15,2019-01-18,37610,17272,6171,606,14270,22557,5463,8277
dow,2019-01-22,2019-01-25,38510,17093,7711,455,15261,22018,5701,8327
dow,2019-01-29,2019-02-01,39174,15908,9017,1354,16164,20441,5748,8363
dow,2019-02-05,2019-02-08,42870,15892,12490,899,19503,20970,6577,8511
dow,2019-02-12,2019-02-15,41834,16590,10543,797,17601,21778,6848,8717
dow,2019-02-19,2019-02-22,41069,16780,8990,1214,16564,21006,6512,9859
dow,2019-02-26,2019-03-01,42707,18630,8114,1331,16311,24115,6436,9148
dow,2019-03-05,2019-03-08,44409,19801,9569,1403,16242,24420,6964,9018
dow,2019-03-12,2019-03-15,48613,18561,7215,2071,19728,31489,8254,7839
dow,2019-03-19,2019-03-22,39831,19936,10349,1769,11541,20431,6587,7283
dow,2019-03-26,2019-03-29,39096,18426,5323,2318,10760,23421,7592,8034
dow,2019-04-02,2019-04-05,39880,17522,5255,2872,11802,24152,7685,7601
dow,2019-04-09,2019-04-12,39565,18646,5085,2019,11607,25037,7293,7424
dow,2019-04-16,2019-04-19,40945,18270,4540,1446,12016,27149,9214,7811
dow,2019-04-23,2019-04-26,40466,17054,4722,3281,11797,24867,8334,7597
dow,2019-04-30,2019-05-03,41063,17738,5630,3255,11734,23802,8336,8377
dow,2019-05-07,2019-05-10,41408,20830,5480,1333,10071,25083,9175,9512
dow,2019-05-14,2019-05-17,40445,20085,8905,745,11742,22912,7874,7884
dow,2019-05-21,2019-05-24,38661,16949,8395,1730,12425,19807,7559,8730
dow,2019-05-28,2019-05-31,39694,12774,8461,3819,14985,19781,8117,7634
dow,2019-06-04,2019-06-07,39206,9972,8907,2401,19570,18461,7264,9438
dow,2019-06-11,2019-06-14,37341,10111,6984,2025,17731,19199,7475,9133
dow,2019-06-18,2019-06-21,43795,14402,6132,1114,19886,26191,8394,10359
dow,2019-06-25,2019-06-28,41325,22791,4559,535,10132,26724,7868,9507
dow,2019-07-02,2019-07-05,42532,22923,3723,791,10227,29817,8591,8202
dow,2019-07-09,2019-07-12,40651,20935,4576,1286,10164,26510,8267,8280
dow,2019-07-16,2019-07-19,48891,27639,5109,1157,12099,33003,7997,9623
dow,2019-07-23,2019-07-26,46842,26371,4150,1160,11312,32166,7999,9366
dow,2019-07-30,2019-08-02,50564,27688,4409,1129,13882,35752,7866,9275
dow,2019-08-06,2019-08-09,49129,29021,3310,525,12091,37488,7493,7807
dow,2019-08-13,2019-08-16,45609,25025,3224,503,12325,33487,7757,8395
dow,2019-08-20,2019-08-23,41103,21113,2797,486,12412,29878,7093,7943
dow,2019-08-27,2019-08-30,40195,20490,2917,280,12298,28270,7127,8729
dow,2019-09-03,2019-09-06,40519,21296,2461,227,11448,28838,7549,8994
dow,2019-09-10,2019-09-13,44467,23866,3905,334,12622,31364,7646,8865
dow,2019-09-17,2019-09-20,59753,25230,3326,821,25346,46707,8356,8900
dow,2019-09-24,2019-09-27,50109,26985,3816,732,15399,37434,6995,8129
dow,2019-10-01,2019-10-04,51743,27004,4062,957,16200,38135,7583,8590
dow,2019-10-08,2019-10-11,49078,21776,2864,925,18590,37651,7787,7638
dow,2019-10-15,2019-10-18,52347,23204,3946,1064,20179,39353,7901,7985
dow,2019-10-22,2019-10-25,53193,24140,4235,1081,20220,40584,7754,7294
dow,2019-10-29,2019-11-01,57263,25207,5028,1637,22372,42790,8048,7809
dow,2019-11-05,2019-11-08,57565,25375,5831,1395,22419,41839,8377,8501
dow,2019-11-12,2019-11-15,56876,23749,4849,2571,22316,40403,8240,9053
dow,2019-11-19,2019-11-22,55084,21778,6213,1735,22908,38052,8664,9084
dow,2019-11-26,2019-11-29,53659,20718,5353,2454,21572,36644,8916,9209
dow,2019-12-03,2019-12-06,50967,18655,5960,2274,21651,34279,8387,8454
dow,2019-12-10,2019-12-13,53903,20840,10463,830,24041,34384,8193,8227
dow,2019-12-17,2019-12-20,60779,21746,10789,691,29544,39953,8799,9347
dow,2019-12-24,2019-12-27,51518,22274,9399,492,20708,32461,8045,9167
dow,2019-12-31,2020-01-03,53616,23784,10692,707,20864,34162,8262,8056
dow,2020-01-07,2020-01-10,49078,20290,8756,888,19274,31190,8627,8244
dow,2020-01-14,2020-01-17,50993,22724,9351,120,19644,33079,8506,8445
dow,2020-01-21,2020-01-24,51888,23040,7009,1322,18312,34577,9215,8980
dow,2020-01-28,2020-01-31,52420,23751,4629,2382,17437,37149,8850,8260
dow,2020-02-04,2020-02-07,51291,24193,5327,1323,16903,36222,8873,8419
dow,2020-02-11,2020-02-14,51211,19042,4465,4552,18568,33536,9049,8659
dow,2020-02-18,2020-02-21,51736,18639,5020,5439,18593,32432,9066,8846
dow,2020-02-25,2020-02-28,50734,18336,5155,3648,18739,35508,10012,6424
dow,2020-03-03,2020-03-06,44848,12539,5355,2036,22826,31459,7449,5999
dow,2020-03-10,2020-03-13,42743,11575,3604,1626,22391,31672,7151,5841
dow,2020-03-17,2020-03-20,41341,7466,2907,654,26268,31329,6953,6452
dow,2020-03-24,2020-03-27,25081,4390,3059,410,14062,16800,6219,4812
dow,2020-03-31,2020-04-03,28194,3718,8540,27,19216,13453,5233,6175
dow,2020-04-07,2020-04-10,26996,5681,8740,165,16498,10746,4653,7346
dow,2020-04-14,2020-04-17,30200,6222,10196,288,18654,11903,5037,7813
dow,2020-04-21,2020-04-24,30798,6399,12009,242,19428,10934,4730,7614
dow,2020-04-28,2020-05-01,33751,6258,12735,782,21650,12029,5062,8206
dow,2020-05-05,2020-05-08,33234,6323,14440,185,21291,10393,5435,8217
dow,2020-05-12,2020-05-15,34803,6303,14585,442,22507,11546,5551,8230
dow,2020-05-19,2020-05-22,36842,5471,13394,676,24934,13502,5762,9271
dow,2020-05-26,2020-05-29,38789,6225,13418,1178,25531,14743,5855,9451
dow,2020-06-02,2020-06-05,39058,7080,15943,935,25047,13770,5997,8411
dow,2020-06-09,2020-06-12,39723,8106,15200,826,24008,15569,6784,8129
dow,2020-06-16,2020-06-19,46180,6398,20774,2314,30808,15660,6661,7433
dow,2020-06-23,2020-06-26,36461,6842,21190,778,22905,7614,5937,6881
dow,2020-06-30,2020-07-03,37388,6931,19869,902,23191,8781,6365,7837
dow,2020-07-07,2020-07-10,35844,7605,18550,800,21193,9327,6247,7168
dow,2020-07-14,2020-07-17,40025,14170,17862,336,19304,14114,6215,7713
dow,2020-07-21,2020-07-24,39745,13287,17660,177,19717,14210,6565,7699
dow,2020-07-28,2020-07-31,41117,13914,17065,93,19838,16430,7273,7529
dow,2020-08-04,2020-08-07,45154,16233,19428,90,21695,18375,7136,7261
dow,2020-08-11,2020-08-14,47392,16800,18398,236,22957,21738,7400,7021
dow,2020-08-18,2020-08-21,46229,15939,17549,537,21906,21582,7847,6561
dow,2020-08-25,2020-08-28,42244,12878,17330,751,20475,17602,8141,6562
dow,2020-09-01,2020-09-04,41003,12071,16485,1205,19426,16639,8301,6674
dow,2020-09-08,2020-09-11,36683,9437,17547,610,18705,12773,7932,5754
dow,2020-09-15,2020-09-18,44088,9935,17876,1354,24432,19114,8368,5745
dow,2020-09-22,2020-09-25,34886,8680,17346,472,17969,11031,7766,6039
dow,2020-09-29,2020-10-02,37025,11795,17370,592,17123,13601,7515,5462
dow,2020-10-06,2020-10-09,42881,16678,17359,454,18512,19536,7238,5533
dow,2020-10-13,2020-10-16,44989,17092,16838,268,19939,21485,7690,6398
dow,2020-10-20,2020-10-23,47565,20699,17535,274,18498,24508,8095,5249
dow,2020-10-27,2020-10-30,48635,18786,17498,549,20085,25032,9216,5557
dow,2020-11-03,2020-11-06,44597,14304,16069,481,22010,22601,7803,5447
dow,2020-11-10,2020-11-13,46842,16613,17101,300,22035,23858,7894,5583
dow,2020-11-17,2020-11-20,47984,14922,17308,238,24371,24031,8454,6408
dow,2020-11-24,2020-11-27,49293,13047,17886,1386,26142,23901,8719,6121
dow,2020-12-01,2020-12-04,47034,10522,18653,680,26550,21590,9282,6112
dow,2020-12-08,2020-12-11,51358,12544,18871,572,29563,24253,8679,7663
dow,2020-12-15,2020-12-18,53587,10773,19593,1089,32011,25702,9715,7204
dow,2020-12-21,2020-12-25,40772,11718,18217,935,20345,14971,7775,6650
dow,2020-12-29,2021-01-01,40919,11914,18146,741,19855,16466,8410,5568
dow,2021-01-05,2021-01-08,40600,12039,18369,554,19455,16290,8552,5387
dow,2021-01-12,2021-01-15,42106,12138,18299,700,20219,16943,9049,6164
dow,2021-01-19,2021-01-22,43314,11133,17992,965,22747,18884,8470,5473
dow,2021-01-26,2021-01-29,44757,11463,19124,1388,23821,18477,8086,5769
dow,2021-02-02,2021-02-05,49889,16659,19524,1051,22790,23129,9390,6186
dow,2021-02-09,2021-02-12,49829,17483,19406,974,22152,22931,9221,6519
dow,2021-02-16,2021-02-19,46942,14839,18590,936,22049,20894,9119,6523
dow,2021-02-23,2021-02-26,46040,14760,18113,917,21400,20902,8964,6108
dow,2021-03-02,2021-03-05,44698,9925,20341,1504,24775,16922,8495,5932
dow,2021-03-09,2021-03-12,46402,8133,20283,679,28997,19022,8595,6419
dow,2021-03-16,2021-03-19,54432,9342,18687,1790,33609,26901,9691,7054
dow,2021-03-23,2021-03-26,45440,10739,17644,1403,23997,20262,9302,6132
dow,2021-03-30,2021-04-02,44724,11222,18497,1093,23177,18928,9233,6207
dow,2021-04-06,2021-04-09,47120,13321,19348,1488,22162,20095,10151,6190
dow,2021-04-13,2021-04-16,46072,13536,19230,1373,20591,19516,10573,5954
dow,2021-04-20,2021-04-23,45617,12538,16982,1481,20942,21312,10657,5843
dow,2021-04-27,2021-04-30,45600,12761,16789,1363,21393,21723,10084,5727
dow,2021-05-04,2021-05-07,45992,13962,16609,1225,21186,21668,9619,6490
dow,2021-05-11,2021-05-14,49322,15486,19158,1469,22983,22421,9385,6275
dow,2021-05-18,2021-05-21,47834,14947,19461,1269,22608,21295,9011,5810
dow,2021-05-25,2021-05-28,49408,15705,22227,1032,23836,20705,8836,5445
dow,2021-06-01,2021-06-04,51621,17140,22023,1218,24168,22584,9096,5798
dow,2021-06-08,2021-06-11,53147,16548,20958,3258,23832,23446,9509,5485
dow,2021-06-15,2021-06-18,59702,15328,20372,4089,28253,28962,12034,6280
dow,2021-06-22,2021-06-25,51309,13931,21504,2332,26167,22064,8879,5409
dow,2021-06-29,2021-07-02,52814,19344,19757,1060,23453,26870,8957,5128
dow,2021-07-06,2021-07-09,52986,20043,16868,1233,23187,29539,8524,5346
dow,2021-07-13,2021-07-16,55827,23339,18734,913,22257,30600,9319,5582
dow,2021-07-20,2021-07-23,51350,18926,20886,1640,22675,22886,8111,5940
dow,2021-07-27,2021-07-30,51277,20283,20470,842,21320,23728,8833,6238
dow,2021-08-03,2021-08-06,55408,24204,20913,1086,21126,27252,8992,6157
dow,2021-08-10,2021-08-13,57378,23447,22003,1398,23742,27397,8792,6581
dow,2021-08-17,2021-08-20,53963,21125,23098,1067,23108,23650,8663,6148
dow,2021-08-24,2021-08-27,53847,21850,22546,450,22608,25365,8939,5486
dow,2021-08-31,2021-09-03,54638,21926,23197,385,23187,25550,9141,5507
dow,2021-09-07,2021-09-10,53390,17277,22348,1530,24759,23875,9825,5638
dow,2021-09-14,2021-09-17,60533,16106,22057,2568,31066,30122,10793,5787
dow,2021-09-21,2021-09-24,47942,12393,20793,1023,25477,20533,9050,5594
dow,2021-09-28,2021-10-01,49272,14842,18683,832,24962,23950,8636,5808
dow,2021-10-05,2021-10-08,48120,14645,17733,884,23888,23367,8703,6137
dow,2021-10-12,2021-10-15,51020,16092,18233,949,24771,26331,9209,5508
dow,2021-10-19,2021-10-22,53020,20053,18237,1186,23078,27162,8704,6436
dow,2021-10-26,2021-10-29,54648,20776,19907,971,24195,26784,8707,6986
dow,2021-11-02,2021-11-05,57066,22951,20407,904,24100,28554,9111,7201
dow,2021-11-09,2021-11-12,51733,18284,18991,1218,23014,24512,9217,7012
dow,2021-11-16,2021-11-19,51900,18282,20421,1124,23706,23918,8789,6438
dow,2021-11-23,2021-11-26,53046,19566,20642,369,23283,25965,9828,6071
dow,2021-11-30,2021-12-03,50802,17042,20460,550,24389,23130,8822,6663
dow,2021-12-07,2021-12-10,51530,18864,21141,217,24306,22716,8143,7456
dow,2021-12-14,2021-12-17,60334,15591,18930,2221,32911,31054,9612,8130
dow,2021-12-21,2021-12-24,45692,13681,18314,278,23675,21282,8059,5819
dow,2021-12-28,2021-12-31,48375,17808,18387,275,22982,23946,7311,5767
dow,2022-01-04,2022-01-07,50879,20942,17325,343,21877,26462,7718,6750
dow,2022-01-11,2022-01-14,46567,16202,17603,486,22295,22477,7585,6002
dow,2022-01-18,2022-01-21,47351,12312,17484,820,25882,23463,8337,5584
dow,2022-01-25,2022-01-28,46318,12965,18103,699,24818,21815,7837,5702
dow,2022-02-01,2022-02-04,43683,12229,17017,625,23622,19915,7207,6126
dow,2022-02-08,2022-02-11,41397,12029,15460,861,21318,18515,7190,6562
dow,2022-02-15,2022-02-18,40696,10555,15230,878,21996,18365,7267,6224
dow,2022-02-22,2022-02-25,39796,9208,15866,1097,22163,16925,7329,5909
dow,2022-03-01,2022-03-04,39034,8712,16447,279,23002,15415,7041,6893
dow,2022-03-08,2022-03-11,38780,8681,14639,271,24014,17250,5815,6620
dow,2022-03-15,2022-03-18,46279,7656,13710,1744,30096,23036,6783,7789
dow,2022-03-22,2022-03-25,31512,5410,12832,170,19989,12234,5944,6277
dow,2022-03-29,2022-04-01,32654,3870,13582,64,22903,12700,5818,6309
dow,2022-04-05,2022-04-08,33316,5048,13912,454,21962,12979,5853,5973
dow,2022-04-12,2022-04-15,35593,4454,15910,154,25092,13310,5894,6219
dow,2022-04-19,2022-04-22,38811,7779,15171,914,23674,15572,6444,7155
dow,2022-04-26,2022-04-29,42232,6375,17268,361,28617,17615,6879,6988
dow,2022-05-03,2022-05-06,39724,6531,16121,576,26259,16738,6359,6289
dow,2022-05-10,2022-05-13,41470,6618,18197,39,27940,16153,6874,7082
dow,2022-05-17,2022-05-20,40099,7276,19020,189,26637,13788,5998,7103
dow,2022-05-24,2022-05-27,41510,7678,19714,86,27878,14743,5869,6968
dow,2022-05-31,2022-06-03,42241,7100,20159,195,29405,14527,5542,7361
dow,2022-06-07,2022-06-10,40205,7587,17807,394,26840,13583,5384,8422
dow,2022-06-14,2022-06-17,46792,7247,18392,1981,30968,18752,6596,7667
dow,2022-06-21,2022-06-24,34512,5155,17892,65,24083,9615,5209,6941
dow,2022-06-28,2022-07-01,33380,4506,17042,356,23545,8707,4974,7275
dow,2022-07-05,2022-07-08,33719,5527,17068,305,22713,8936,5175,7410
dow,2022-07-12,2022-07-15,33627,6837,16759,288,21614,8796,4889,7785
dow,2022-07-19,2022-07-22,35639,8784,16702,336,21334,10842,5186,7759
dow,2022-07-26,2022-07-29,36644,7978,18570,203,23452,9899,5013,7973
dow,2022-08-02,2022-08-05,36310,8081,17291,410,22693,11213,5127,7396
dow,2022-08-09,2022-08-12,37697,10004,16359,251,22264,13680,5179,7408
dow,2022-08-16,2022-08-19,40519,11608,15090,371,21898,17215,6643,7844
dow,2022-08-23,2022-08-26,40390,12739,15036,557,20977,18517,6118,6280
dow,2022-08-30,2022-09-02,38715,13362,14072,529,19003,17489,5822,6625
dow,2022-09-06,2022-09-09,38363,11615,16419,441,20307,15114,6001,6390
dow,2022-09-13,2022-09-16,46289,10331,16174,3275,26649,19888,6034,6952
dow,2022-09-20,2022-09-23,32745,7658,15375,124,19120,11200,5844,6047
dow,2022-09-27,2022-09-30,33528,7155,16770,262,20316,10102,5795,6394
dow,2022-10-04,2022-10-07,33326,6594,14844,700,19467,10893,6566,6889
dow,2022-10-11,2022-10-14,32966,7568,14443,781,18743,10436,5874,7307
dow,2022-10-18,2022-10-21,34618,7111,15536,1000,21621,11255,4887,6828
dow,2022-10-25,2022-10-28,35360,8080,15015,543,21273,11893,5465,7910
dow,2022-11-01,2022-11-04,37908,10261,14360,65,21704,13640,5878,9843
dow,2022-11-08,2022-11-11,38875,10626,14798,491,21843,13965,5916,9622
dow,2022-11-15,2022-11-18,36917,7502,12807,283,22792,14642,6340,9185
dow,2022-11-22,2022-11-25,39633,10335,13530,496,22581,15510,6222,10097
dow,2022-11-29,2022-12-02,39542,10608,13679,759,21943,15503,6233,9602
dow,2022-12-06,2022-12-09,40889,10989,16791,1281,22378,12829,6241,9989
dow,2022-12-13,2022-12-16,53227,11706,17977,4856,29739,19614,6928,10781
dow,2022-12-20,2022-12-23,36303,12526,15748,249,17529,12343,6000,7964
dow,2022-12-27,2022-12-30,37475,11737,17759,563,18822,11343,6355,7811
dow,2023-01-03,2023-01-06,39866,12624,18570,1021,20450,12431,5771,7845
dow,2023-01-10,2023-01-13,38814,12972,17543,1135,18560,12237,6148,7901
dow,2023-01-17,2023-01-20,41330,12924,18230,1606,19974,13829,6827,7666
dow,2023-01-24,2023-01-27,38826,10553,15536,1577,19750,13637,6947,8077
dow,2023-01-31,2023-02-03,40193,10670,15384,1814,20937,14899,6773,8098
dow,2023-02-07,2023-02-10,43150,13567,16709,1775,21743,17566,6065,7101
dow,2023-02-14,2023-02-17,43725,14256,17625,1809,21295,16232,6367,8060
dow,2023-02-21,2023-02-24,45644,13672,21795,2022,22991,14194,6959,7634
dow,2023-02-28,2023-03-03,44956,12808,20811,1229,23590,14889,7329,8028
dow,2023-03-07,2023-03-10,44709,13592,19945,528,24340,15536,6250,8701
dow,2023-03-14,2023-03-17,52119,10098,20138,1018,33726,20465,7277,10499
dow,2023-03-21,2023-03-24,40874,7802,18876,201,27581,12549,5291,9248
dow,2023-03-28,2023-03-31,38175,6095,17880,402,26752,10467,4926,9427
dow,2023-04-04,2023-04-07,44146,7151,18964,367,30157,13847,6471,10969
dow,2023-04-11,2023-04-14,45132,8705,19528,307,30383,16340,5738,8957
dow,2023-04-18,2023-04-21,48031,9448,21647,318,32153,17480,6113,8587
dow,2023-04-25,2023-04-28,49609,11415,24251,905,31641,15341,5649,9112
dow,2023-05-02,2023-05-05,97094,25933,46924,1320,58311,31813,11530,17037
dow,2023-05-09,2023-05-12,96996,24886,44562,2861,56790,31921,12459,17652
dow,2023-05-16,2023-05-19,99483,24497,46329,4037,58156,31371,12794,17747
dow,2023-05-23,2023-05-26,97077,21513,44545,3455,58613,32662,13497,16416
dow,2023-05-30,2023-06-02,98019,20345,42456,3925,58137,35799,15611,15839
dow,2023-06-06,2023-06-09,103684,19206,42409,4584,62528,40942,17366,15749
dow,2023-06-13,2023-06-16,106498,18584,34353,7077,64825,49731,16012,15337
dow,2023-06-20,2023-06-23,87911,19335,35194,1065,54798,38345,12713,13307
dow,2023-06-27,2023-06-30,92561,21039,39961,455,58835,38687,12232,13458
dow,2023-07-03,2023-07-07,95161,24233,37315,731,57403,43167,12794,13948
dow,2023-07-11,2023-07-14,97782,23205,41790,960,61658,40333,11959,14699
dow,2023-07-18,2023-07-21,102267,29709,36850,1887,55758,48809,14913,14721
dow,2023-07-25,2023-07-28,114947,36083,33714,6681,57350,56982,14833,17571
dow,2023-08-01,2023-08-04,115736,36147,33642,6156,57458,58769,15976,17169
dow,2023-08-08,2023-08-11,106566,33027,28996,4510,54693,57160,14336,15900
dow,2023-08-15,2023-08-18,104216,32257,35478,3631,53909,51030,14419,14077
dow,2023-08-22,2023-08-25,97208,22926,37644,3648,55322,43369,15312,12547
dow,2023-08-29,2023-09-01,96960,25225,35225,2490,54937,46759,14308,12486
dow,2023-09-05,2023-09-08,93933,22245,33969,3233,53865,43642,14590,13089
dow,2023-09-12,2023-09-15,102910,22788,35688,4913,60631,48194,14578,14115
dow,2023-09-19,2023-09-22,86992,19016,36785,2967,52111,34824,12898,12416
dow,2023-09-26,2023-09-29,92551,18237,39855,2063,57681,38209,14570,12424
dow,2023-10-03,2023-10-06,100823,19480,51927,1102,65200,35651,15041,12143
dow,2023-10-10,2023-10-13,94607,17675,52327,584,65178,27965,11170,13731
dow,2023-10-17,2023-10-20,96554,18161,53372,263,67215,26959,10915,15960
dow,2023-10-24,2023-10-27,104581,25159,61119,495,68034,28385,10893,14582
dow,2023-10-31,2023-11-03,103936,23780,59891,809,68690,28069,10657,15167
dow,2023-11-07,2023-11-10,103306,22730,59806,1076,68739,26180,10761,16244
dow,2023-11-14,2023-11-17,101030,20914,57427,1940,67381,25585,10795,16078
dow,2023-11-21,2023-11-24,94498,16401,50709,1032,66382,26993,10683,15764
dow,2023-11-28,2023-12-01,100979,22535,47590,884,63993,34693,13567,17812
dow,2023-12-05,2023-12-08,94870,26253,25945,1924,53465,50632,13228,16369
dow,2023-12-12,2023-12-15,112076,25968,22517,6027,65779,65580,14302,17952
dow,2023-12-19,2023-12-22,100329,29883,22760,2550,53885,60515,14011,14504
dow,2023-12-26,2023-12-29,98501,28469,17316,1981,54316,66799,13735,12405
dow,2024-01-02,2024-01-05,103364,34309,14767,1610,53646,74236,13799,12751
dow,2024-01-09,2024-01-12,103318,36987,12908,2656,49419,74852,14256,12902
dow,2024-01-16,2024-01-19,100152,33560,15276,2503,49174,67027,14914,15346
dow,2024-01-23,2024-01-26,101763,33822,14760,2613,49699,71552,15629,12839
dow,2024-01-30,2024-02-02,110393,40612,14781,2205,52140,78846,15436,14561
dow,2024-02-06,2024-02-09,104421,33274,12289,2764,53657,77363,14726,12005
dow,2024-02-13,2024-02-16,105714,33947,12403,2343,52919,76538,16505,14430
dow,2024-02-20,2024-02-23,104742,33012,15071,2699,53689,73083,15342,13890
dow,2024-02-27,2024-03-01,106563,33554,14233,2949,53500,76091,16561,13291
dow,2024-03-05,2024-03-08,101334,30685,15242,1643,53467,71427,15538,13022
dow,2024-03-12,2024-03-15,115061,31031,14018,10208,56972,75691,16851,15144
dow,2024-03-19,2024-03-22,93851,35688,13243,1811,42385,67017,13967,11780
dow,2024-03-26,2024-03-29,92741,32236,12224,1214,44687,68927,14604,10376
dow,2024-04-02,2024-04-05,93520,32106,15511,1136,45901,65712,14377,11161
dow,2024-04-09,2024-04-12,92484,28859,11898,2099,47292,65690,14234,12797
dow,2024-04-16,2024-04-19,93614,23705,10026,2801,52698,69157,14410,11630
dow,2024-04-23,2024-04-26,90835,19266,12414,2416,56280,64010,12873,11995
dow,2024-04-30,2024-05-03,89960,17883,12685,2174,56959,63598,12944,11503
dow,2024-05-07,2024-05-10,92752,19305,10641,2613,57061,67908,13773,11590
dow,2024-05-14,2024-05-17,99207,24739,8966,2660,57006,76183,14802,11398
dow,2024-05-21,2024-05-24,103626,30728,10291,3660,53739,76615,15500,13061
dow,2024-05-28,2024-05-31,97243,22285,9141,6086,53401,71055,15471,10961
dow,2024-06-04,2024-06-07,100634,21008,12722,6666,58709,68904,14251,12342
dow,2024-06-11,2024-06-14,107902,19838,17462,7729,66292,70690,14043,12021
dow,2024-06-18,2024-06-21,114233,17190,15666,10272,72670,76088,14101,12207
dow,2024-06-25,2024-06-28,84823,16170,16684,3660,51415,52760,13578,11719
dow,2024-07-02,2024-07-05,82128,18305,11577,3156,47246,56340,13421,11055
dow,2024-07-09,2024-07-12,88307,22317,14522,3728,48737,59798,13525,10259
dow,2024-07-16,2024-07-19,99652,30568,15327,3915,50244,67905,14925,12505
dow,2024-07-23,2024-07-26,91047,25941,14575,1827,49115,63755,14164,10890
dow,2024-07-30,2024-08-02,92185,27554,14016,2153,48111,64984,14367,11032
dow,2024-08-06,2024-08-09,84440,21484,14115,2059,48536,55857,12361,12409
dow,2024-08-13,2024-08-16,81881,18012,16775,1559,48794,52578,13516,10969
dow,2024-08-20,2024-08-23,87145,22507,15779,1591,49419,57029,13628,12746
dow,2024-08-27,2024-08-30,92406,21999,15075,2355,51164,61600,16888,13377
dow,2024-09-03,2024-09-06,85167,19772,12636,1747,50054,57250,13594,13534
dow,2024-09-10,2024-09-13,85971,19636,11468,2389,49358,58544,14588,13570
dow,2024-09-17,2024-09-20,101534,22931,9878,4013,55781,71737,18809,15905
dow,2024-09-24,2024-09-27,87645,23223,7787,1306,48223,67076,14893,11476
dow,2024-10-01,2024-10-04,89570,25145,8095,1144,49331,67963,13950,12368
dow,2024-10-08,2024-10-11,84731,20585,6299,1671,48713,64556,13762,12205
dow,2024-10-15,2024-10-18,91117,23983,11383,1442,49858,65588,15835,12705
dow,2024-10-22,2024-10-25,91035,24760,12524,2624,48586,62979,15065,12908
dow,2024-10-29,2024-11-01,89974,23118,13493,2424,47980,60882,16452,13175
dow,2024-11-05,2024-11-08,86343,24195,11264,2174,43814,60931,16160,11974
dow,2024-11-12,2024-11-15,88312,26664,12998,2108,43230,60875,16310,12331
dow,2024-11-19,2024-11-22,86770,20016,12464,4045,44691,59509,18018,10752
dow,2024-11-26,2024-11-29,89349,24909,13413,2013,44731,59090,17696,14833
dow,2024-12-03,2024-12-06,92337,26196,15696,2216,48062,61675,15863,12750
dow,2024-12-10,2024-12-13,92474,24147,14026,3129,45997,62448,19201,12871
dow,2024-12-17,2024-12-20,108960,20489,14890,7156,59009,72304,22306,14609
dow,2024-12-24,2024-12-27,82150,18570,12595,2051,46633,57644,14896,9860
dow,2024-12-31,2025-01-03,83957,17408,12768,1385,49740,61058,15424,8746
dow,2025-01-07,2025-01-10,85367,15722,12963,1113,51259,61736,17273,9555
dow,2025-01-14,2025-01-17,81768,14679,13233,853,50479,57439,15757,10243
dow,2025-01-21,2025-01-24,81691,13377,11050,807,53190,58754,14317,11080
dow,2025-01-28,2025-01-31,85619,15451,13180,1058,54455,58224,14655,13157
dow,2025-02-04,2025-02-07,82475,13205,11484,1892,52409,58492,14969,10607
dow,2025-02-11,2025-02-14,81382,14179,11302,2578,49676,56946,14949,10556
dow,2025-02-18,2025-02-21,82322,14587,15628,3071,49596,52209,15069,11415
dow,2025-02-25,2025-02-28,81664,16132,17677,3587,45928,47023,16017,13377
dow,2025-03-04,2025-03-07,77647,14850,14785,2798,44551,47097,15447,12967
dow,2025-03-11,2025-03-14,77307,12659,11439,2887,46679,51163,15081,11817
dow,2025-03-18,2025-03-21,94597,10737,10256,14523,55140,57215,14197,12603
dow,2025-03-25,2025-03-28,74443,8894,13100,6281,47272,44626,11996,10436
dow,2025-04-01,2025-04-04,74497,9846,12450,6946,47045,43420,10660,11681
dow,2025-04-08,2025-04-11,73838,9192,7872,6886,48549,48130,9211,10950
dow,2025-04-15,2025-04-18,73931,8422,8181,7243,50250,47004,8016,11503
dow,2025-04-22,2025-04-25,78992,9623,8736,7429,52324,52107,9616,10720
dow,2025-04-29,2025-05-02,78341,13202,7653,6622,50136,52773,8381,11293
dow,2025-05-06,2025-05-09,76175,12694,6899,6499,48033,51538,8949,11239
dow,2025-05-13,2025-05-16,77515,13259,6145,6667,47987,52287,9602,12416
dow,2025-05-20,2025-05-23,78995,14117,5970,6751,49297,53016,8830,13258
dow,2025-05-27,2025-05-30,80388,16567,5389,6947,46548,54532,10326,13520
dow,2025-06-03,2025-06-06,85461,16693,7067,8125,47752,57218,12891,13051
dow,2025-06-10,2025-06-13,88212,17872,8647,8264,49602,58535,12473,12766
dow,2025-06-17,2025-06-20,103343,19814,9214,11030,59924,69549,12575,13549
dow,2025-06-24,2025-06-27,82269,14950,8564,4755,51685,57854,10879,11096
dow,2025-07-01,2025-07-04,86845,16389,10245,5226,53418,60082,11812,11292
dow,2025-07-08,2025-07-11,85138,15147,10844,5189,51607,59108,13195,9997
dow,2025-07-15,2025-07-18,83480,15546,12014,5470,49247,54297,13217,11699
dow,2025-07-22,2025-07-25,86201,13879,12688,7278,52117,54880,12927,11355
dow,2025-07-29,2025-08-01,86736,11943,14888,7470,55266,53672,12057,10706
dow,2025-08-05,2025-08-08,87993,9770,13685,7659,58635,57014,11929,9635
dow,2025-08-12,2025-08-15,88755,11091,13503,8254,57123,56116,12287,10883
dow,2025-08-19,2025-08-22,85223,12445,15386,6824,55272,52065,10682,10948
dow,2025-08-26,2025-08-29,86477,10807,13655,7800,55711,53419,12159,11603
dow,2025-09-02,2025-09-05,84001,7734,12435,7666,56703,51344,11899,12555
dow,2025-09-09,2025-09-12,89055,10976,13087,7250,58705,56266,12123,12451
dow,2025-09-16,2025-09-19,100891,6931,16748,17974,62076,53850,13910,12319
dow,2025-09-23,2025-09-26,78112,13217,13194,8020,45591,45430,11284,11468
dow,2025-09-30,2025-10-03,78830,8387,23116,720,58021,44377,11702,10617
dow,2025-10-07,2025-10-10,82515,10816,23496,1468,58172,46981,12059,10570
dow,2025-10-14,2025-10-17,85017,9390,23015,1610,61772,49864,12245,10528
dow,2025-10-21,2025-10-24,92051,13509,24639,2174,62941,53154,13427,12084
dow,2025-10-28,2025-10-31,92593,14152,22900,3036,62050,54853,13356,11804
dow,2025-11-04,2025-11-07,88387,11405,22520,2598,61755,51828,12629,11441
dow,2025-11-10,2025-11-14,81781,9350,23116,1580,57134,46262,13717,10823
dow,2025-11-18,2025-11-21,82876,8567,26628,1826,59265,45579,13218,8843
dow,2025-11-25,2025-11-28,85923,5461,27352,4197,61766,43944,14499,10430
dow,2025-12-02,2025-12-05,82132,5972,25721,2442,60389,44223,13329,9746
dow,2025-12-09,2025-12-12,83015,7983,26161,1853,59905,45374,13274,9627
dow,2025-12-16,2025-12-19,90249,9200,26174,2017,65657,52329,13375,9729
dow,2025-12-23,2025-12-26,61462,10845,10975,1036,36627,40465,12954,8986
dow,2025-12-30,2026-01-02,61375,10476,10966,1525,36643,40219,12731,8665
dow,2026-01-06,2026-01-09,66021,15100,10993,979,35413,44664,14529,9385
dow,2026-01-13,2026-01-16,68752,17348,16711,949,37813,42116,12642,8976
dow,2026-01-20,2026-01-23,70237,17652,20923,1694,38520,38620,12371,9000
dow,2026-01-27,2026-01-30,70906,20044,18900,977,36902,41628,12983,9401
dow,2026-02-03,2026-02-06,70011,20011,18964,1018,37734,39981,11248,10048
dow,2026-02-10,2026-02-13,74433,21453,20020,2002,36801,40695,14177,11716
dow,2026-02-17,2026-02-20,68377,20072,21607,1078,35032,36279,12195,9413
dow,2026-02-24,2026-02-27,73183,19165,17045,3960,35535,41570,14524,10609
dow,2026-03-03,2026-03-06,75978,16739,19590,6190,39721,39280,13328,10918
dow,2026-03-10,2026-03-13,74984,13054,15971,6059,41931,41710,13940,11244
dow,2026-03-17,2026-03-20,96572,12991,13945,7170,60392,63605,16019,11852
dow,2026-03-24,2026-03-27,67922,5330,11893,1277,48360,45405,12955,9347
dow,2026-03-31,2026-04-03,70828,6830,10936,1981,47681,46129,14337,11782
dow,2026-04-07,2026-04-10,68557,5015,14589,1102,49346,43180,13094,9686
dow,2026-04-14,2026-04-17,72089,7010,11610,3165,47901,46680,14012,10634
dow,2026-04-21,2026-04-24,74320,10471,12202,2694,46217,48922,14939,10503
dow,2026-04-28,2026-05-01,78128,10127,11558,3177,50504,53363,14320,10030
dow,2026-05-05,2026-05-08,82145,11045,11722,4066,52137,56726,14896,9630
dow,2026-05-12,2026-05-15,86762,11445,15007,4305,57497,56607,13515,10843
dow,2026-05-19,2026-05-22,88152,7337,18102,5086,62571,54603,13158,10361
dow,2026-05-26,2026-05-29,86461,7803,17127,4895,58373,53500,15391,10940
dow,2026-06-02,2026-06-05,86937,11353,16982,4710,55495,54261,15379,10984
dow,2026-06-09,2026-06-12,84273,10995,13534,5302,53858,55122,14118,10314
dow,2026-06-16,2026-06-19,108853,13883,9544,13130,64086,73673,17754,12506
dow,2026-06-23,2026-06-26,78956,19836,10362,981,43613,59312,14526,8301
dow,2026-06-30,2026-07-03,83306,23784,11715,641,43903,62072,14978,8878
dow,2026-07-07,2026-07-10,79726,21493,10013,947,43415,58490,13871,10276
dow,2026-07-14,2026-07-17,76483,20912,7708,892,40332,59068,14347,8815
dow,2026-07-21,2026-07-24,82002,24544,10617,715,41157,62761,15586,7909
dow,2026-07-28,2026-07-31,87436,25899,6336,4536,40823,65554,16179,11011
nasdaq,2010-06-15,2010-06-18,121827,11012,13265,6674,83683,85568,20459,16320
nasdaq,2010-06-22,2010-06-25,57845,13228,10903,396,40019,43034,4202,3512
nasdaq,2010-06-29,2010-07-02,59605,9173,11680,280,45452,43248,4700,4397
nasdaq,2010-07-06,2010-07-09,72124,9965,15885,885,52618,50179,8657,5175
nasdaq,2010-07-13,2010-07-16,76300,11722,19242,1103,52671,48496,10805,7459
nasdaq,2010-07-20,2010-07-23,76812,12255,13721,1498,53057,53845,10003,7748
nasdaq,2010-07-27,2010-07-30,78205,12991,14909,870,54664,56187,9680,6240
nasdaq,2010-08-03,2010-08-06,83508,18264,13702,1128,53678,63307,10439,5372
nasdaq,2010-08-10,2010-08-13,86874,20826,13307,1674,54320,66199,10053,5693
nasdaq,2010-08-17,2010-08-20,86763,16636,14559,938,59474,64329,9715,6937
nasdaq,2010-08-24,2010-08-27,93392,10558,18892,2108,71671,65437,9054,6955
nasdaq,2010-08-31,2010-09-03,96738,6865,22112,2355,78169,64814,9349,7457
nasdaq,2010-09-07,2010-09-10,94852,8201,21070,1808,75363,64657,9480,7317
nasdaq,2010-09-14,2010-09-17,121873,14079,19434,3578,90705,88656,13510,10204
nasdaq,2010-09-21,2010-09-24,69213,16819,13606,826,45206,51676,6363,3105
nasdaq,2010-09-28,2010-10-01,82561,30595,15495,1431,43459,63015,7076,2619
nasdaq,2010-10-05,2010-10-08,111443,36090,10627,8081,55811,86573,11460,6162
nasdaq,2010-10-12,2010-10-15,108848,28709,9644,8459,61268,84471,10412,6275
nasdaq,2010-10-19,2010-10-22,109183,25979,8265,8588,62772,85196,11844,7133
nasdaq,2010-10-26,2010-10-29,115614,31065,8932,8116,64520,90617,11914,7950
nasdaq,2010-11-02,2010-11-05,113462,30794,10537,8334,62518,87120,11816,7471
nasdaq,2010-11-09,2010-11-12,114938,27428,10967,8635,69088,90274,9786,5062
nasdaq,2010-11-16,2010-11-19,123529,31808,11049,10635,70902,93589,10183,8255
nasdaq,2010-11-23,2010-11-26,110771,23300,11441,9170,69706,86224,8595,3937
nasdaq,2010-11-30,2010-12-03,107048,22257,10568,8146,66101,81672,10544,6663
nasdaq,2010-12-07,2010-12-10,110065,23284,9870,8352,66676,85624,11753,6220
nasdaq,2010-12-14,2010-12-17,134491,24366,10202,11095,85062,103960,13969,9235
nasdaq,2010-12-21,2010-12-24,66711,24902,7439,244,36408,56100,5158,2928
nasdaq,2010-12-28,2010-12-31,74063,23053,6810,1354,41366,62760,8291,3140
nasdaq,2011-01-04,2011-01-07,84953,25846,6071,3551,45776,71796,9779,3535
nasdaq,2011-01-11,2011-01-14,84045,24012,7647,3843,47328,67909,8863,4646
nasdaq,2011-01-18,2011-01-21,88962,26546,8300,4488,48304,70505,9624,5669
nasdaq,2011-01-25,2011-01-28,93513,28500,7731,5836,49101,74660,10076,5287
nasdaq,2011-02-01,2011-02-04,89303,27429,7759,4413,47246,71304,10215,5828
nasdaq,2011-02-08,2011-02-11,86607,20628,8772,4252,51154,67150,10574,6433
nasdaq,2011-02-15,2011-02-18,89253,20979,7219,3875,54188,72024,10210,6134
nasdaq,2011-02-22,2011-02-25,94932,25722,9176,3525,57635,76061,8050,6170
nasdaq,2011-03-01,2011-03-04,91733,19461,9738,2411,58933,73790,10928,5794
nasdaq,2011-03-08,2011-03-11,93669,21788,10425,3438,57667,73611,10776,6196
nasdaq,2011-03-15,2011-03-18,112617,13530,11474,8881,80712,85525,9493,6736
nasdaq,2011-03-22,2011-03-25,54965,12647,10676,1149,36678,39346,4490,3793
nasdaq,2011-03-29,2011-04-01,74143,19335,9964,3358,42517,56009,8934,4812
nasdaq,2011-04-05,2011-04-08,90141,25099,9541,7384,48093,69483,9565,3734
nasdaq,2011-04-12,2011-04-15,84480,21385,10051,6009,48102,64785,8983,3635
nasdaq,2011-04-19,2011-04-22,77540,17352,9170,1839,49419,61923,8929,4607
nasdaq,2011-04-26,2011-04-29,91470,25249,9828,4715,52376,72523,9130,4404
nasdaq,2011-05-03,2011-05-06,106635,32380,7708,8201,56539,86844,9516,3883
nasdaq,2011-05-10,2011-05-13,104332,29101,6552,8495,56952,85598,9784,3687
nasdaq,2011-05-17,2011-05-20,93078,22330,5324,4647,56731,79007,9369,4100
nasdaq,2011-05-24,2011-05-27,87582,18991,6423,3302,55325,73284,9964,4574
nasdaq,2011-05-31,2011-06-03,88383,18823,6005,3325,56249,74252,9986,4802
nasdaq,2011-06-07,2011-06-10,85862,14906,7558,5700,55962,66355,9294,6249
nasdaq,2011-06-14,2011-06-17,100551,10802,10035,7743,67437,74783,14569,7990
nasdaq,2011-06-21,2011-06-24,54132,7606,11002,968,40846,41920,4712,242
nasdaq,2011-06-28,2011-07-01,53574,7030,9073,1018,40754,40068,4772,3415
nasdaq,2011-07-05,2011-07-08,58531,13274,9510,1111,38514,44564,5631,3345
nasdaq,2011-07-12,2011-07-15,87588,23298,5670,4389,49540,71438,10362,6092
nasdaq,2011-07-19,2011-07-22,91279,23417,7279,5246,53172,74364,9444,4390
nasdaq,2011-07-26,2011-07-29,90825,22269,5621,5394,54104,75145,9058,4665
nasdaq,2011-08-02,2011-08-05,88746,19057,5868,4853,55789,72759,9047,5266
nasdaq,2011-08-09,2011-08-12,81283,13297,4745,2017,57412,68209,8557,6312
nasdaq,2011-08-16,2011-08-19,91215,5855,8310,2515,72517,70556,10328,9834
nasdaq,2011-08-23,2011-08-26,96918,6847,6970,2110,77541,77753,10419,10085
nasdaq,2011-08-30,2011-09-02,101620,5176,7946,3274,83471,80362,9699,10039
nasdaq,2011-09-06,2011-09-09,106003,7544,6750,1536,85295,86456,11628,11261
nasdaq,2011-09-13,2011-09-16,127549,7409,7605,3155,104413,104551,12572,12237
nasdaq,2011-09-20,2011-09-23,61986,10434,5388,288,45426,52003,5838,4307
nasdaq,2011-09-27,2011-09-30,76827,10649,5791,1534,54270,58999,10374,10503
nasdaq,2011-10-04,2011-10-07,79939,8892,7949,1812,58018,59442,11217,10736
nasdaq,2011-10-11,2011-10-14,75078,8790,5324,598,54830,58920,10861,10236
nasdaq,2011-10-18,2011-10-21,84996,13366,4189,1077,56427,68245,14126,11485
nasdaq,2011-10-25,2011-10-28,90514,16560,4697,1745,58222,72674,13987,11398
nasdaq,2011-11-01,2011-11-04,98356,16355,3599,2013,62676,78902,17312,13842
nasdaq,2011-11-08,2011-11-11,100620,15002,3971,2593,63088,77970,19938,16085
nasdaq,2011-11-15,2011-11-18,102002,14905,3454,2967,64589,80354,19541,15227
nasdaq,2011-11-22,2011-11-25,94718,10511,7344,1704,63666,69695,18836,15974
nasdaq,2011-11-29,2011-12-02,88202,7592,5659,424,62295,65712,17891,16406
nasdaq,2011-12-06,2011-12-09,94208,9450,4711,1144,64924,72412,18691,15941
nasdaq,2011-12-13,2011-12-16,114413,12959,3932,4026,78108,88209,19319,18245
nasdaq,2011-12-20,2011-12-23,51165,8987,4465,282,36435,43760,5460,2658
nasdaq,2011-12-27,2011-12-30,51197,7820,4862,992,36681,42754,5704,2588
nasdaq,2012-01-03,2012-01-06,52931,9563,4159,268,36266,45518,6835,2986
nasdaq,2012-01-10,2012-01-13,69158,13404,3692,1426,44845,58546,9483,5494
nasdaq,2012-01-17,2012-01-20,77129,15374,3863,2163,49293,65035,10299,6068
nasdaq,2012-01-24,2012-01-27,91118,22708,3893,3970,52762,76561,11677,6693
nasdaq,2012-01-31,2012-02-03,91933,25453,3938,1070,56757,82774,8652,4150
nasdaq,2012-02-07,2012-02-10,92812,27843,4485,648,55207,83157,9115,4522
nasdaq,2012-02-14,2012-02-17,106024,30836,5683,1528,63901,93503,9758,5309
nasdaq,2012-02-21,2012-02-24,110676,28308,6180,1739,72297,98257,8332,4500
nasdaq,2012-02-28,2012-03-02,114795,30705,5582,1919,73407,102296,8765,4998
nasdaq,2012-03-06,2012-03-09,115730,31506,6949,2014,72809,101186,9401,5580
nasdaq,2012-03-13,2012-03-16,140207,33952,6324,5378,88916,119961,11961,8544
nasdaq,2012-03-20,2012-03-23,88340,26675,8599,724,55647,73238,5294,5779
nasdaq,2012-03-27,2012-03-30,87135,25074,8638,1290,55110,70199,5661,7008
nasdaq,2012-04-03,2012-04-06,89424,26629,8003,828,56551,73196,5416,7397
nasdaq,2012-04-10,2012-04-13,102199,29710,9843,1515,59148,82202,11827,8638
nasdaq,2012-04-17,2012-04-20,101027,30161,6876,1016,59096,86136,10755,6999
nasdaq,2012-04-24,2012-04-27,98447,28231,6792,1678,57388,83710,11150,6267
nasdaq,2012-05-01,2012-05-04,98438,25592,6753,2190,59883,82481,10773,7014
nasdaq,2012-05-08,2012-05-11,104211,18457,10405,5202,70988,82719,9564,5884
nasdaq,2012-05-15,2012-05-18,102304,22490,8543,3937,67352,85004,8526,4820
nasdaq,2012-05-22,2012-05-25,101472,17610,9143,5893,69701,81116,8268,5320
nasdaq,2012-05-29,2012-06-01,98712,14998,9638,4092,71377,79721,8245,5262
nasdaq,2012-06-05,2012-06-08,99322,15452,11714,3660,72674,78905,7536,5043
nasdaq,2012-06-12,2012-06-15,115527,13849,10824,4825,84542,91497,12311,8381
nasdaq,2012-06-19,2012-06-22,65970,15579,4865,40,44744,58199,5607,2866
nasdaq,2012-06-26,2012-06-29,67857,17118,5394,212,45719,59377,4808,2874
nasdaq,2012-07-03,2012-07-06,70759,17593,4842,200,47235,63030,5731,2687
nasdaq,2012-07-10,2012-07-13,69789,14778,5345,493,48969,61133,5549,2819
nasdaq,2012-07-17,2012-07-20,67892,12765,4318,262,49037,60851,5828,2461
nasdaq,2012-07-24,2012-07-27,81009,15322,4226,3057,53732,69284,8898,4442
nasdaq,2012-07-31,2012-08-03,73700,20053,4383,73,48003,66359,5572,2885
nasdaq,2012-08-07,2012-08-10,78551,24996,4628,118,47469,70009,5968,3795
nasdaq,2012-08-14,2012-08-17,81993,26731,5424,149,48696,72495,6417,3925
nasdaq,2012-08-21,2012-08-24,101917,30427,6064,952,58984,88903,11553,5997
nasdaq,2012-08-28,2012-08-31,110549,32843,5145,917,63628,96613,13160,7874
nasdaq,2012-09-04,2012-09-07,113775,33890,5683,906,65197,98915,13782,8271
nasdaq,2012-09-11,2012-09-14,115726,32274,4393,1275,66785,101694,15392,8365
nasdaq,2012-09-18,2012-09-21,146791,29756,4152,3317,98773,130117,14946,9206
nasdaq,2012-09-25,2012-09-28,82047,28512,3827,658,45679,75074,7199,2488
nasdaq,2012-10-02,2012-10-05,82519,26472,5517,1205,48259,73010,6583,2786
nasdaq,2012-10-09,2012-10-12,79758,24405,7864,1194,47989,67889,6171,2812
nasdaq,2012-10-16,2012-10-19,77919,21114,6713,896,50011,67538,5897,2773
nasdaq,2012-10-23,2012-10-26,74182,17347,7469,713,49452,63025,6671,2976
nasdaq,2012-10-30,2012-11-02,74253,16782,7171,623,50446,63719,6402,2740
nasdaq,2012-11-06,2012-11-09,72194,14733,6925,337,51466,61995,5657,2936
nasdaq,2012-11-13,2012-11-16,72434,12978,8398,278,53779,60546,5399,3212
nasdaq,2012-11-20,2012-11-23,108038,8747,10629,2395,88642,89540,8254,5474
nasdaq,2012-11-27,2012-11-30,79925,10773,11258,421,61710,64136,7021,4110
nasdaq,2012-12-04,2012-12-07,103926,12665,8762,451,80148,88471,10662,6242
nasdaq,2012-12-11,2012-12-14,103354,16910,8270,1530,75224,88201,9690,5354
nasdaq,2012-12-18,2012-12-21,120814,15849,7283,2577,94833,107599,7554,3355
nasdaq,2012-12-24,2012-12-28,58825,14343,6688,239,37715,49579,6528,2319
nasdaq,2012-12-31,2013-01-04,56261,13050,8180,400,36702,45101,6109,2580
nasdaq,2013-01-08,2013-01-11,60127,16133,6810,267,38014,50303,5714,2747
nasdaq,2013-01-15,2013-01-18,61892,15044,6821,467,40218,51792,6163,2813
nasdaq,2013-01-22,2013-01-25,63166,16105,6475,383,40635,52887,6044,3422
nasdaq,2013-01-29,2013-02-01,66046,17596,6216,673,42129,55809,5647,3348
nasdaq,2013-02-05,2013-02-08,67138,18829,5882,325,42753,56175,5231,4756
nasdaq,2013-02-12,2013-02-15,66913,17203,5734,322,43689,56815,5699,4042
nasdaq,2013-02-19,2013-02-22,69693,19170,5483,351,44574,59072,5598,4787
nasdaq,2013-02-26,2013-03-01,66351,16348,7004,805,43869,54301,5329,4242
nasdaq,2013-03-05,2013-03-08,70816,22177,6612,438,41885,59488,6315,4277
nasdaq,2013-03-12,2013-03-15,91323,24094,6611,520,60065,79042,6645,5150
nasdaq,2013-03-19,2013-03-22,68041,23708,4413,366,38638,60493,5329,2769
nasdaq,2013-03-26,2013-03-29,69667,23215,3973,309,40646,61933,5497,3452
nasdaq,2013-04-02,2013-04-05,75524,27494,4190,140,42366,67558,5523,3635
nasdaq,2013-04-09,2013-04-12,70340,21124,3850,1290,42829,61159,5097,4040
nasdaq,2013-04-16,2013-04-19,73712,25009,3364,331,42837,65589,5536,4428
nasdaq,2013-04-23,2013-04-26,70732,21021,4643,903,43423,62009,5386,3177
nasdaq,2013-04-30,2013-05-03,78125,29028,2928,388,42496,69263,6214,5547
nasdaq,2013-05-07,2013-05-10,81815,30329,3872,780,44271,71579,6436,5585
nasdaq,2013-05-14,2013-05-17,82695,30020,3727,867,45690,72578,6118,5523
nasdaq,2013-05-21,2013-05-24,83665,28468,2720,664,47666,74191,6867,6090
nasdaq,2013-05-28,2013-05-31,87214,32016,2242,318,48252,79268,6628,5387
nasdaq,2013-06-04,2013-06-07,86007,29246,1804,388,49557,77516,6816,6299
nasdaq,2013-06-11,2013-06-14,77849,21362,2049,786,49518,69485,6184,5530
nasdaq,2013-06-18,2013-06-21,105066,23633,3818,2905,67842,92506,10687,5838
nasdaq,2013-06-25,2013-06-28,60029,16128,5479,842,37893,50991,5165,2717
nasdaq,2013-07-02,2013-07-05,61504,16237,5409,197,40292,53119,4778,2780
nasdaq,2013-07-09,2013-07-12,64004,17921,4463,421,40048,56407,5614,2713
nasdaq,2013-07-16,2013-07-19,73333,22360,4566,435,44446,64984,6092,3348
nasdaq,2013-07-23,2013-07-26,79243,27902,4323,620,44744,70678,5977,3623
nasdaq,2013-07-30,2013-08-02,79783,27853,3843,545,45578,70848,5807,4547
nasdaq,2013-08-06,2013-08-09,81170,28570,3651,374,46262,72138,5964,5006
nasdaq,2013-08-13,2013-08-16,83801,29188,3936,281,47977,75164,6355,4420
nasdaq,2013-08-20,2013-08-23,77539,24996,4551,667,45875,68442,6001,3878
nasdaq,2013-08-27,2013-08-30,83843,23013,6498,654,51143,71073,9034,5618
nasdaq,2013-09-03,2013-09-06,80375,23208,6139,288,47827,68474,9052,5474
nasdaq,2013-09-10,2013-09-13,83562,23439,4664,340,49853,71891,9930,6666
nasdaq,2013-09-17,2013-09-20,106495,27156,3723,916,67085,94609,11337,7247
nasdaq,2013-09-24,2013-09-27,78276,26281,2540,133,45651,72289,6212,3315
nasdaq,2013-10-01,2013-10-04,80374,29387,2121,133,44665,73891,6188,4228
nasdaq,2013-10-08,2013-10-11,75626,24665,3784,296,44380,68306,6285,3240
nasdaq,2013-10-15,2013-10-18,73979,23407,2537,115,44237,68170,6221,3158
nasdaq,2013-10-22,2013-10-25,73457,24966,2760,303,42393,65947,5795,4448
nasdaq,2013-10-29,2013-11-01,78938,28741,3198,63,44166,71250,5967,4427
nasdaq,2013-11-05,2013-11-08,84122,30796,2937,60,47028,76501,6239,4625
nasdaq,2013-11-12,2013-11-15,79457,27868,3644,67,45511,71700,6012,4046
nasdaq,2013-11-19,2013-11-22,79507,25459,2704,280,47764,71826,6003,4696
nasdaq,2013-11-26,2013-11-29,82209,28573,3413,72,47623,73244,5940,5480
nasdaq,2013-12-03,2013-12-06,85816,30124,4075,300,49516,76271,5876,5170
nasdaq,2013-12-10,2013-12-13,84692,26702,3004,492,51474,74843,6024,6353
nasdaq,2013-12-17,2013-12-20,103403,28104,2809,1228,67266,94310,6805,5056
nasdaq,2013-12-24,2013-12-27,82705,23032,3054,275,53658,76175,5740,3201
nasdaq,2013-12-31,2014-01-03,83927,22997,2937,191,55025,77400,5715,3399
nasdaq,2014-01-07,2014-01-10,86468,24534,5769,128,55425,77511,6382,3060
nasdaq,2014-01-14,2014-01-17,86236,25241,7396,144,54401,74982,6449,3713
nasdaq,2014-01-21,2014-01-24,84719,23657,4664,367,53668,76033,7028,3655
nasdaq,2014-01-28,2014-01-31,85684,24845,6061,123,52098,76579,8619,2922
nasdaq,2014-02-04,2014-02-07,95510,20753,4019,1075,62722,83179,10960,7237
nasdaq,2014-02-11,2014-02-14,81194,19309,6540,334,53799,70636,7753,3685
nasdaq,2014-02-18,2014-02-21,87275,24406,7059,513,54387,75616,7969,4087
nasdaq,2014-02-25,2014-02-28,92114,28924,6125,309,55044,81665,7837,4014
nasdaq,2014-03-04,2014-03-07,95015,28501,5853,463,58485,85053,7566,3645
nasdaq,2014-03-11,2014-03-14,93499,24252,5895,707,60432,82966,8107,3931
nasdaq,2014-03-18,2014-03-21,132014,26370,5675,2518,91407,116261,11719,7560
nasdaq,2014-03-25,2014-03-28,75742,20652,6385,833,47647,65449,6610,3075
nasdaq,2014-04-01,2014-04-04,73334,21000,6187,454,43944,63374,7935,3318
nasdaq,2014-04-08,2014-04-11,74360,16414,8107,331,46314,62274,11301,3649
nasdaq,2014-04-15,2014-04-18,70106,13763,6897,751,45750,58555,9842,3903
nasdaq,2014-04-22,2014-04-25,65784,12535,7489,807,41854,52782,10588,4706
nasdaq,2014-04-29,2014-05-02,69784,15112,7689,915,42191,56680,11566,4501
nasdaq,2014-05-06,2014-05-09,87799,15954,7667,1498,56125,66948,14222,11687
nasdaq,2014-05-13,2014-05-16,93266,17350,9703,1295,58528,69053,16093,13214
nasdaq,2014-05-20,2014-05-23,93497,15324,9986,1393,61002,67826,15778,14292
nasdaq,2014-05-27,2014-05-30,87667,19606,10196,912,55699,65800,11450,10759
nasdaq,2014-06-03,2014-06-06,90252,20287,10037,1067,55009,68590,13889,10558
nasdaq,2014-06-10,2014-06-13,89152,19180,7863,1031,56719,69449,12222,10809
nasdaq,2014-06-17,2014-06-20,109268,21187,6487,2533,75500,92808,10048,7440
nasdaq,2014-06-24,2014-06-27,68535,17270,6642,1082,43977,55219,6206,5591
nasdaq,2014-07-01,2014-07-04,71784,19089,9200,974,45276,55702,6446,5908
nasdaq,2014-07-08,2014-07-11,72194,17821,8843,882,46251,57392,7239,5077
nasdaq,2014-07-15,2014-07-18,71645,18382,8003,1072,46023,57256,6168,5313
nasdaq,2014-07-22,2014-07-25,72587,19990,7266,1088,45601,58942,5908,5291
nasdaq,2014-07-29,2014-08-01,74687,20460,7541,1009,47218,60707,6000,5430
nasdaq,2014-08-05,2014-08-08,72218,20297,7597,998,44293,58736,6630,4887
nasdaq,2014-08-12,2014-08-15,68866,17670,7623,978,43945,55315,6273,4950
nasdaq,2014-08-19,2014-08-22,71774,17378,7821,1013,45035,57278,8349,5662
nasdaq,2014-08-26,2014-08-29,72077,19255,8684,981,43088,56376,8753,6037
nasdaq,2014-09-02,2014-09-05,73483,19958,9135,998,43672,57409,8855,5940
nasdaq,2014-09-09,2014-09-12,73158,19746,8771,857,43853,57515,8702,6015
nasdaq,2014-09-16,2014-09-19,111953,23711,10062,2911,73336,90425,11995,8555
nasdaq,2014-09-23,2014-09-26,75568,21305,8597,1149,47334,60706,5779,5116
nasdaq,2014-09-30,2014-10-03,75621,22298,8382,767,45579,61319,6977,5153
nasdaq,2014-10-07,2014-10-10,75014,22457,8720,341,45999,61323,6217,4630
nasdaq,2014-10-14,2014-10-17,80222,21694,8844,808,50357,65855,7362,4715
nasdaq,2014-10-21,2014-10-24,64588,15319,7354,755,40500,51034,8013,5444
nasdaq,2014-10-28,2014-10-31,65573,15486,5882,1106,40299,53441,8683,5144
nasdaq,2014-11-04,2014-11-07,68057,17260,7508,910,41881,55440,8006,4199
nasdaq,2014-11-11,2014-11-14,79091,20723,5711,994,48992,67265,8383,5121
nasdaq,2014-11-18,2014-11-21,84518,21504,6179,1771,52128,70281,9115,6286
nasdaq,2014-11-25,2014-11-28,86984,20591,7249,1563,54716,70258,10114,7913
nasdaq,2014-12-02,2014-12-05,91222,22170,7626,2285,56645,73890,10120,7420
nasdaq,2014-12-09,2014-12-12,91693,21970,6925,1880,56937,75065,10906,7823
nasdaq,2014-12-16,2014-12-19,109225,22199,9275,2420,77899,95065,6706,2464
nasdaq,2014-12-23,2014-12-26,68041,15689,7354,1448,43985,56289,6918,2950
nasdaq,2014-12-30,2015-01-02,66939,16027,7738,1366,42275,54792,7271,3043
nasdaq,2015-01-06,2015-01-09,67205,17639,7964,1474,41681,54647,6410,3119
nasdaq,2015-01-13,2015-01-16,63382,16324,8774,1494,38439,49762,7125,3352
nasdaq,2015-01-20,2015-01-23,61136,14747,9041,1294,36707,47627,8388,3174
nasdaq,2015-01-27,2015-01-30,60303,13378,9446,1325,37411,46759,8188,2772
nasdaq,2015-02-03,2015-02-06,60337,12106,8075,1689,38191,47144,8350,3428
nasdaq,2015-02-10,2015-02-13,62923,14552,8523,1800,38027,49551,8544,3049
nasdaq,2015-02-17,2015-02-20,83967,19382,7829,2381,52026,67166,10179,6592
nasdaq,2015-02-24,2015-02-27,86451,20662,8602,2000,53782,69634,10007,6215
nasdaq,2015-03-03,2015-03-06,87354,22412,8935,1454,54743,72030,8744,4935
nasdaq,2015-03-10,2015-03-13,87826,23160,7555,2313,54277,73426,8076,4532
nasdaq,2015-03-17,2015-03-20,98973,18401,5698,1236,70804,87314,8531,4724
nasdaq,2015-03-24,2015-03-27,66961,17172,5002,1286,42485,57518,6018,3155
nasdaq,2015-03-31,2015-04-03,63967,14946,4485,2232,41212,53979,5577,3271
nasdaq,2015-04-07,2015-04-10,63958,15571,3715,2164,40593,54868,5630,3211
nasdaq,2015-04-14,2015-04-17,66124,17603,3986,1235,41815,57181,5471,3723
nasdaq,2015-04-21,2015-04-24,66710,18774,4743,1044,40801,57065,6091,3858
nasdaq,2015-04-28,2015-05-01,73186,24642,6966,978,40854,59978,6712,5264
nasdaq,2015-05-05,2015-05-08,68376,19014,5639,1358,41170,54040,6834,7339
nasdaq,2015-05-12,2015-05-15,61877,15752,6499,1212,39450,50167,5463,3999
nasdaq,2015-05-19,2015-05-22,63769,17014,5979,1181,39359,52332,6216,4278
nasdaq,2015-05-26,2015-05-29,63314,16774,6928,1443,39288,50269,5809,4675
nasdaq,2015-06-02,2015-06-05,75510,19200,5681,2389,45268,61927,8652,5513
nasdaq,2015-06-09,2015-06-12,72917,16444,8272,2697,45857,56859,7919,5089
nasdaq,2015-06-16,2015-06-19,87708,15887,7151,3698,58163,69157,9960,7702
nasdaq,2015-06-23,2015-06-26,69325,20195,5255,1122,41982,59246,6025,3702
nasdaq,2015-06-30,2015-07-03,62195,14098,7910,1161,41736,49774,5200,3350
nasdaq,2015-07-07,2015-07-10,59219,12922,7139,1313,39664,47220,5319,3547
nasdaq,2015-07-14,2015-07-17,60800,16438,5460,1139,37788,49989,5435,4212
nasdaq,2015-07-21,2015-07-24,68975,23598,6470,1020,38470,56836,5887,4648
nasdaq,2015-07-28,2015-07-31,72305,24167,6134,976,40900,61704,6261,3490
nasdaq,2015-08-04,2015-08-07,70634,22066,6270,1124,41335,59506,6110,3735
nasdaq,2015-08-11,2015-08-14,68902,18343,5983,2307,42209,56684,6043,3928
nasdaq,2015-08-18,2015-08-21,70143,20950,6174,1794,41762,58448,5636,3726
nasdaq,2015-08-25,2015-08-28,63216,12715,10429,1470,44181,47127,4850,4190
nasdaq,2015-09-01,2015-09-04,59008,9569,10790,1376,43678,42532,4386,4309
nasdaq,2015-09-08,2015-09-11,59221,9125,10282,1447,44586,42588,4063,4905
nasdaq,2015-09-15,2015-09-18,64703,10479,10603,1488,48533,47798,4203,4815
nasdaq,2015-09-22,2015-09-25,53300,13113,11306,660,35582,36808,3945,4526
nasdaq,2015-09-29,2015-10-02,52099,11103,10695,485,35944,36463,4567,4456
nasdaq,2015-10-06,2015-10-09,52137,11684,9777,563,36142,36828,3748,4969
nasdaq,2015-10-13,2015-10-16,53639,12252,9901,401,36561,38644,4425,4693
nasdaq,2015-10-20,2015-10-23,57673,15197,9187,275,37278,43440,4923,4771
nasdaq,2015-10-27,2015-10-30,64871,18064,6701,732,40851,52230,5223,5208
nasdaq,2015-11-03,2015-11-06,68337,19984,5956,995,41855,56238,5503,5148
nasdaq,2015-11-10,2015-11-13,72983,22793,6480,964,42930,61071,6296,4468
nasdaq,2015-11-17,2015-11-20,69955,19525,5752,1300,43304,58826,5826,4077
nasdaq,2015-11-24,2015-11-27,67450,18197,7153,1907,41615,54302,5731,4088
nasdaq,2015-12-01,2015-12-04,69314,18966,7614,1678,42510,55509,6161,4513
nasdaq,2015-12-08,2015-12-11,67445,19111,8312,1483,41104,53639,5747,4011
nasdaq,2015-12-15,2015-12-18,77044,19540,7236,1579,51677,65965,4248,2264
nasdaq,2015-12-22,2015-12-25,61599,16793,7215,793,38292,50295,5722,3296
nasdaq,2015-12-29,2016-01-01,63214,19138,6954,519,38002,52140,5555,3601
nasdaq,2016-01-05,2016-01-08,60436,16822,9629,1254,37352,45751,5008,3802
nasdaq,2016-01-12,2016-01-15,60148,17207,10561,831,36715,44885,5395,3872
nasdaq,2016-01-19,2016-01-22,55449,14497,8681,749,35307,42156,4896,3863
nasdaq,2016-01-26,2016-01-29,53779,14211,8152,578,34571,40721,4420,4328
nasdaq,2016-02-02,2016-02-05,54214,14327,9978,777,35108,38677,4002,4782
nasdaq,2016-02-09,2016-02-12,57062,13290,11366,1357,37855,39682,4560,4657
nasdaq,2016-02-16,2016-02-19,53918,11892,11966,1073,36749,35172,4204,5707
nasdaq,2016-02-23,2016-02-26,52133,11632,11057,1166,35614,34318,3722,5593
nasdaq,2016-03-01,2016-03-04,51617,12650,9870,1472,33246,35084,4249,5192
nasdaq,2016-03-08,2016-03-11,52461,13088,11732,1322,33880,34405,4171,5003
nasdaq,2016-03-15,2016-03-18,55478,10298,11178,1600,39054,37561,4527,5139
nasdaq,2016-03-22,2016-03-25,42279,11788,10196,1092,25139,26278,4261,4714
nasdaq,2016-03-29,2016-04-01,44012,14524,10298,858,23725,28436,4905,4420
nasdaq,2016-04-05,2016-04-08,43356,14237,8379,735,23499,29809,4883,4432
nasdaq,2016-04-12,2016-04-15,44895,15202,7579,514,24037,32657,5142,4145
nasdaq,2016-04-19,2016-04-22,47078,17729,7631,542,23872,34644,4934,4261
nasdaq,2016-04-26,2016-04-29,45360,15658,8295,538,23730,32287,5434,4240
nasdaq,2016-05-03,2016-05-06,48150,14503,12637,673,28170,30256,4804,4584
nasdaq,2016-05-10,2016-05-13,46611,11035,12899,1089,29957,27858,4530,4765
nasdaq,2016-05-17,2016-05-20,44755,9160,10680,993,30601,27839,4001,5243
nasdaq,2016-05-24,2016-05-27,44271,14308,8267,918,24126,29626,4919,5460
nasdaq,2016-05-31,2016-06-03,46379,19443,8450,443,21550,32042,4943,5444
nasdaq,2016-06-07,2016-06-10,48764,19837,7293,333,23159,36345,5435,4793
nasdaq,2016-06-14,2016-06-17,57521,23825,7186,1701,26691,43761,5304,4873
nasdaq,2016-06-21,2016-06-24,43667,21007,5689,478,17536,33497,4646,4003
nasdaq,2016-06-28,2016-07-01,41211,16351,6989,394,20765,29004,3702,4825
nasdaq,2016-07-05,2016-07-08,40019,15821,6895,330,20041,27845,3828,4950
nasdaq,2016-07-12,2016-07-15,45807,20714,6255,303,19788,34362,5002,4887
nasdaq,2016-07-19,2016-07-22,50432,24796,5537,269,20003,40305,5365,4321
nasdaq,2016-07-26,2016-07-29,54783,29332,5275,191,19872,44786,5388,4531
nasdaq,2016-08-02,2016-08-05,56902,32123,5787,296,19015,45886,5469,4933
nasdaq,2016-08-09,2016-08-12,57841,32121,5792,330,19577,46923,5812,4795
nasdaq,2016-08-16,2016-08-19,59338,32694,7105,366,19799,46129,6479,5738
nasdaq,2016-08-23,2016-08-26,59466,32440,6814,428,20534,46962,6064,5262
nasdaq,2016-08-30,2016-09-02,61088,36144,6736,274,18737,48793,5932,5285
nasdaq,2016-09-06,2016-09-09,61802,35883,7137,252,19811,48729,5856,5684
nasdaq,2016-09-13,2016-09-16,64292,26815,7582,705,30931,51011,5841,4994
nasdaq,2016-09-20,2016-09-23,54968,29634,5891,307,19464,43597,5563,5173
nasdaq,2016-09-27,2016-09-30,59441,33393,6094,585,19408,47385,6056,5377
nasdaq,2016-10-04,2016-10-07,59174,33176,5698,585,19581,47462,5831,5428
nasdaq,2016-10-11,2016-10-14,59494,31725,5865,904,18645,47033,8219,5691
nasdaq,2016-10-18,2016-10-21,60955,36889,5465,295,17800,49910,5971,5285
nasdaq,2016-10-25,2016-10-28,63259,38321,5788,318,18395,51326,6224,5826
nasdaq,2016-11-01,2016-11-04,63297,32281,5941,497,24911,51275,5608,5585
nasdaq,2016-11-08,2016-11-11,59822,25589,5269,1155,27699,48612,5379,4786
nasdaq,2016-11-15,2016-11-18,51101,21851,7569,975,22894,37881,5381,4676
nasdaq,2016-11-22,2016-11-25,50117,23690,6837,448,20220,37743,5760,5089
nasdaq,2016-11-29,2016-12-02,51057,24991,7137,395,19550,38405,6120,5119
nasdaq,2016-12-06,2016-12-09,50837,20168,9623,1318,23086,33366,6265,6530
nasdaq,2016-12-13,2016-12-16,59800,22787,7363,1064,29359,47228,6590,4145
nasdaq,2016-12-20,2016-12-23,44391,22870,7882,523,15102,31728,5896,4258
nasdaq,2016-12-27,2016-12-30,44880,23167,6463,650,15192,33810,5871,3957
nasdaq,2017-01-03,2017-01-06,45925,23770,9034,925,15466,31839,5764,4127
nasdaq,2017-01-10,2017-01-13,44423,23149,6807,385,15104,31865,5786,5365
nasdaq,2017-01-17,2017-01-20,45075,24522,6721,477,14261,32632,5815,5245
nasdaq,2017-01-24,2017-01-27,44694,23447,5910,703,14768,32089,5776,5992
nasdaq,2017-01-31,2017-02-03,47517,26101,6161,424,15148,35706,5844,5226
nasdaq,2017-02-07,2017-02-10,46339,24543,6060,549,15490,33890,5757,5841
nasdaq,2017-02-14,2017-02-17,45770,24046,6110,688,15287,32556,5749,6417
nasdaq,2017-02-21,2017-02-24,46915,24753,8878,759,15484,30669,5920,6610
nasdaq,2017-02-28,2017-03-03,47852,25714,8957,1147,14833,31561,6157,6187
nasdaq,2017-03-07,2017-03-10,46856,24101,9144,1511,15085,30065,6159,6136
nasdaq,2017-03-14,2017-03-17,60922,24038,9215,1696,27608,42829,7579,7181
nasdaq,2017-03-21,2017-03-24,47727,23834,8608,1396,16027,32284,6470,5439
nasdaq,2017-03-28,2017-03-31,47894,25538,8479,374,15668,33197,6313,5843
nasdaq,2017-04-04,2017-04-07,48427,26302,7495,893,15176,33783,6057,6256
nasdaq,2017-04-11,2017-04-14,49774,27066,7517,534,16014,35455,6160,6269
nasdaq,2017-04-18,2017-04-21,51069,27944,6777,658,16301,37425,6166,6210
nasdaq,2017-04-25,2017-04-28,54974,30653,7749,455,17455,40168,6411,6602
nasdaq,2017-05-02,2017-05-05,54595,28980,7814,821,18194,39034,6600,6927
nasdaq,2017-05-09,2017-05-12,53864,27162,8264,886,19463,37836,6353,6877
nasdaq,2017-05-16,2017-05-19,53992,25254,9547,1205,20997,36035,6536,7206
nasdaq,2017-05-23,2017-05-26,54042,23754,8937,1608,22253,36554,6427,6942
nasdaq,2017-05-30,2017-06-02,55100,25368,9306,1055,21670,37534,7008,7205
nasdaq,2017-06-06,2017-06-09,63241,29274,10776,1225,25427,44402,7316,6839
nasdaq,2017-06-13,2017-06-16,89647,30168,9852,1572,50179,71142,7728,7081
nasdaq,2017-06-20,2017-06-23,56941,24919,10731,1354,23212,38966,7456,5890
nasdaq,2017-06-27,2017-06-30,57176,22265,12025,1200,26500,37151,7211,6801
nasdaq,2017-07-03,2017-07-07,58428,20782,13067,1117,29353,37492,7175,6752
nasdaq,2017-07-11,2017-07-14,55985,18253,12107,920,30425,35386,6387,7572
nasdaq,2017-07-18,2017-07-21,56703,20604,12852,853,28834,35211,6412,7787
nasdaq,2017-07-25,2017-07-28,58043,22661,12006,782,28063,37378,6536,7876
nasdaq,2017-08-01,2017-08-04,58560,22743,11586,1071,27886,37905,6860,7999
nasdaq,2017-08-08,2017-08-11,59955,21220,12621,1840,30700,37497,6194,7997
nasdaq,2017-08-15,2017-08-18,60505,21637,12205,1547,30824,37926,6497,8828
nasdaq,2017-08-22,2017-08-25,58746,20634,12821,1392,29882,36484,6838,8048
nasdaq,2017-08-29,2017-09-01,58179,21234,12802,880,29443,36269,6622,8228
nasdaq,2017-09-05,2017-09-08,56291,21165,12338,1047,27646,34557,6432,8348
nasdaq,2017-09-12,2017-09-15,71552,21870,12354,1982,40814,48503,6887,8713
nasdaq,2017-09-19,2017-09-22,52922,20561,12855,1164,24900,31871,6298,7032
nasdaq,2017-09-26,2017-09-29,53532,19761,14107,1189,25965,30926,6617,7310
nasdaq,2017-10-03,2017-10-06,53966,19815,13978,1026,26623,31719,6502,7242
nasdaq,2017-10-10,2017-10-13,56427,21759,15748,893,27120,32081,6655,7706
nasdaq,2017-10-17,2017-10-20,55697,21540,15753,862,26630,31034,6666,8048
nasdaq,2017-10-24,2017-10-27,55890,21716,14631,1240,25660,32348,7273,7671
nasdaq,2017-10-31,2017-11-03,54393,21268,12867,1535,24512,32434,7078,7557
nasdaq,2017-11-07,2017-11-10,55140,18802,13053,1611,27877,32777,6850,7699
nasdaq,2017-11-14,2017-11-17,57261,20431,14914,1748,28162,32778,6919,7821
nasdaq,2017-11-21,2017-11-24,58925,18611,15474,2242,30938,33654,7134,7555
nasdaq,2017-11-28,2017-12-01,58911,18274,17152,2036,31564,32154,7037,7569
nasdaq,2017-12-05,2017-12-08,60856,20067,18846,1825,31012,32911,7952,7274
nasdaq,2017-12-12,2017-12-15,72410,18354,17020,2842,43077,44668,8137,7880
nasdaq,2017-12-19,2017-12-22,55177,17674,16866,1280,29367,30854,6856,6177
nasdaq,2017-12-26,2017-12-29,57539,18126,17551,1544,30434,32376,7435,6068
nasdaq,2018-01-02,2018-01-05,55389,19674,16102,1555,27264,31102,6896,6629
nasdaq,2018-01-09,2018-01-12,51860,18130,14890,1581,25149,28283,7001,7106
nasdaq,2018-01-16,2018-01-19,54817,19625,14544,1427,26676,31853,7089,6994
nasdaq,2018-01-23,2018-01-26,51194,17580,14582,1479,25104,28559,7031,6573
nasdaq,2018-01-30,2018-02-02,51944,18711,14236,1767,23897,29395,7570,6547
nasdaq,2018-02-06,2018-02-09,49143,16635,14136,1435,23939,27607,7135,5965
nasdaq,2018-02-13,2018-02-16,46006,13682,15765,1195,25268,23411,5860,5634
nasdaq,2018-02-20,2018-02-23,46459,12598,14256,742,27134,24424,5984,7036
nasdaq,2018-02-27,2018-03-02,46287,11818,11251,1081,27160,26742,6228,7212
nasdaq,2018-03-06,2018-03-09,48410,12001,10816,1134,28495,29617,6780,6842
nasdaq,2018-03-13,2018-03-16,58820,13918,10090,1663,35599,39986,7641,7081
nasdaq,2018-03-20,2018-03-23,46328,14080,11648,1232,23851,26843,7165,6604
nasdaq,2018-03-27,2018-03-30,46896,14815,11301,1323,23981,27530,6777,6742
nasdaq,2018-04-03,2018-04-06,50750,15224,18382,1060,27562,25179,6904,6128
nasdaq,2018-04-10,2018-04-13,48586,14573,15905,970,26769,25840,6274,5871
nasdaq,2018-04-17,2018-04-20,47647,13047,14624,991,27539,25486,6069,6545
nasdaq,2018-04-24,2018-04-27,48840,11401,16343,737,29918,25492,6784,6268
nasdaq,2018-05-01,2018-05-04,47850,12969,15742,825,27861,24639,6194,6643
nasdaq,2018-05-08,2018-05-11,47008,12394,13716,920,27648,25559,6046,6812
nasdaq,2018-05-15,2018-05-18,49660,14091,14099,421,28425,26034,6723,9106
nasdaq,2018-05-22,2018-05-25,49018,12469,13211,949,28957,28500,6642,6357
nasdaq,2018-05-29,2018-06-01,50257,13757,12483,550,29490,30239,6460,6985
nasdaq,2018-06-05,2018-06-08,51941,14344,12122,719,30027,31873,6851,7227
nasdaq,2018-06-12,2018-06-15,58502,13376,11694,808,36925,38266,7392,7733
nasdaq,2018-06-19,2018-06-22,45194,15264,10706,785,22405,26223,6741,7480
nasdaq,2018-06-26,2018-06-29,47098,15739,13033,815,23086,25651,7458,7599
nasdaq,2018-07-03,2018-07-06,48460,18144,14914,846,22053,25455,7417,7246
nasdaq,2018-07-10,2018-07-13,48659,19444,15123,686,21433,25660,7096,7190
nasdaq,2018-07-17,2018-07-20,49735,21065,13225,741,20589,28546,7340,7222
nasdaq,2018-07-24,2018-07-27,47891,17823,11249,760,21188,28202,8120,7679
nasdaq,2018-07-31,2018-08-03,47922,18773,10129,766,21299,29816,7083,7210
nasdaq,2018-08-07,2018-08-10,48994,18015,10680,642,23591,29897,6746,7775
nasdaq,2018-08-14,2018-08-17,47514,17106,9612,908,22822,29031,6678,7963
nasdaq,2018-08-21,2018-08-24,47967,16360,10146,1036,23549,29472,7022,7314
nasdaq,2018-08-28,2018-08-31,49255,17985,10502,681,23691,30378,6897,7693
nasdaq,2018-09-04,2018-09-07,53257,19532,10608,699,25749,33523,7277,8427
nasdaq,2018-09-11,2018-09-14,52726,17477,10538,781,27108,33996,7360,7411
nasdaq,2018-09-18,2018-09-21,61679,16238,10372,1012,36848,42665,7581,7630
nasdaq,2018-09-25,2018-09-28,49420,17370,10112,1135,24274,31314,6641,6859
nasdaq,2018-10-02,2018-10-05,49441,18573,11328,767,23316,30189,6785,7158
nasdaq,2018-10-09,2018-10-12,49546,15235,12972,935,26109,28535,7267,7104
nasdaq,2018-10-16,2018-10-19,50144,12291,12216,1315,30098,28794,6440,7819
nasdaq,2018-10-23,2018-10-26,50872,14147,12291,825,28904,30527,6996,7229
nasdaq,2018-10-30,2018-11-02,49653,12214,10164,919,29958,30804,6563,7766
nasdaq,2018-11-06,2018-11-09,48663,10533,10651,997,31306,30071,5826,6943
nasdaq,2018-11-13,2018-11-16,49733,8969,10049,1204,33283,30602,6277,7877
nasdaq,2018-11-20,2018-11-23,51279,10050,9155,2243,31867,32136,7120,7744
nasdaq,2018-11-27,2018-11-30,48146,11324,8579,648,30002,31896,6171,7023
nasdaq,2018-12-04,2018-12-07,48620,8119,10183,792,33152,30776,6557,6869
nasdaq,2018-12-11,2018-12-14,50696,9840,10449,372,34530,33627,5954,6248
nasdaq,2018-12-18,2018-12-21,54430,10670,9972,701,35211,36344,7847,7413
nasdaq,2018-12-24,2018-12-28,41653,10453,8296,347,23940,27108,6913,5902
nasdaq,2018-12-31,2019-01-04,40798,7327,9085,345,27688,25089,5438,6278
nasdaq,2019-01-08,2019-01-11,41062,7391,8600,366,28567,23926,4738,8170
nasdaq,2019-01-15,2019-01-18,41781,7068,10010,471,29611,22746,4631,8553
nasdaq,2019-01-22,2019-01-25,41357,7591,10431,475,28840,23954,4451,6497
nasdaq,2019-01-29,2019-02-01,43546,7526,11228,541,30736,23867,4744,7911
nasdaq,2019-02-05,2019-02-08,43092,7460,12163,540,29732,21453,5359,8936
nasdaq,2019-02-12,2019-02-15,43001,7507,12866,348,29981,21433,5165,8354
nasdaq,2019-02-19,2019-02-22,44320,8323,13468,370,30501,22257,5125,8224
nasdaq,2019-02-26,2019-03-01,44657,9585,13475,422,29487,22521,5164,8240
nasdaq,2019-03-05,2019-03-08,46534,9348,13591,1218,30741,23097,5226,8628
nasdaq,2019-03-12,2019-03-15,51567,11096,13826,1807,32467,26359,6198,9576
nasdaq,2019-03-19,2019-03-22,39868,12547,12096,424,21197,19677,5700,7671
nasdaq,2019-03-26,2019-03-29,38725,12222,10740,638,19955,19751,5909,7596
nasdaq,2019-04-02,2019-04-05,39308,12309,10881,705,20468,20416,5826,7306
nasdaq,2019-04-09,2019-04-12,40204,12387,10908,878,20833,20699,6106,7719
nasdaq,2019-04-16,2019-04-19,41813,11794,13499,957,22421,18660,6642,8698
nasdaq,2019-04-23,2019-04-26,43451,12553,13761,891,23509,20444,6497,8354
nasdaq,2019-04-30,2019-05-03,43989,13027,13509,893,23604,21690,6464,7896
nasdaq,2019-05-07,2019-05-10,41776,11277,13147,863,23007,20346,6629,7420
nasdaq,2019-05-14,2019-05-17,43292,11663,9366,1686,23478,24221,6465,8020
nasdaq,2019-05-21,2019-05-24,43256,12782,10190,950,22996,24277,6527,7839
nasdaq,2019-05-28,2019-05-31,44743,13902,10358,694,23185,26066,6961,7624
nasdaq,2019-06-04,2019-06-07,44544,12281,11440,653,25298,25126,6311,7325
nasdaq,2019-06-11,2019-06-14,43984,13822,11509,496,22927,23903,6739,8076
nasdaq,2019-06-18,2019-06-21,49541,15005,10710,1096,26371,30477,7069,7259
nasdaq,2019-06-25,2019-06-28,43391,15532,11018,496,21256,24989,6107,6888
nasdaq,2019-07-02,2019-07-05,41814,14070,9150,407,21144,25055,6192,7201
nasdaq,2019-07-09,2019-07-12,42165,12595,9009,804,22287,24617,6479,7735
nasdaq,2019-07-16,2019-07-19,43219,14979,9883,513,20911,25108,6816,7715
nasdaq,2019-07-23,2019-07-26,44925,14298,9631,551,23093,26961,6982,7782
nasdaq,2019-07-30,2019-08-02,45643,15094,10099,753,23203,26961,6593,7830
nasdaq,2019-08-06,2019-08-09,40983,16775,8967,746,17080,22720,6382,8550
nasdaq,2019-08-13,2019-08-16,38828,14830,9991,746,16917,19962,6335,8129
nasdaq,2019-08-20,2019-08-23,38354,14486,9770,667,16991,19603,6210,8313
nasdaq,2019-08-27,2019-08-30,40023,14078,9501,1034,18488,20515,6424,8973
nasdaq,2019-09-03,2019-09-06,40017,14282,9391,1122,17947,21167,6667,8337
nasdaq,2019-09-10,2019-09-13,40842,14461,9082,1057,18530,23207,6795,7496
nasdaq,2019-09-17,2019-09-20,49948,16298,9340,2760,23983,29238,6907,8611
nasdaq,2019-09-24,2019-09-27,40586,13948,11192,808,19831,21235,5999,7351
nasdaq,2019-10-01,2019-10-04,41303,15010,9656,873,19329,23002,6091,7772
nasdaq,2019-10-08,2019-10-11,40562,13335,9724,624,20385,22529,6219,7686
nasdaq,2019-10-15,2019-10-18,42866,16782,10302,583,19542,23502,5959,8479
nasdaq,2019-10-22,2019-10-25,43791,16784,10566,849,19627,24662,6531,7714
nasdaq,2019-10-29,2019-11-01,45936,19153,11067,467,19723,26049,6593,8353
nasdaq,2019-11-05,2019-11-08,45370,18462,10229,651,19726,25501,6531,8990
nasdaq,2019-11-12,2019-11-15,46371,18729,10754,1014,20145,25707,6483,8895
nasdaq,2019-11-19,2019-11-22,46589,18032,11117,1243,20601,25048,6713,9181
nasdaq,2019-11-26,2019-11-29,44884,18029,11378,1058,18909,23344,6889,9105
nasdaq,2019-12-03,2019-12-06,42146,14095,9674,1406,19934,22586,6711,8480
nasdaq,2019-12-10,2019-12-13,42601,13101,10661,1983,20577,21212,6940,8745
nasdaq,2019-12-17,2019-12-20,55265,13105,11526,2979,31947,31842,7234,8918
nasdaq,2019-12-24,2019-12-27,42219,12661,9965,2031,20936,23001,6590,7222
nasdaq,2019-12-31,2020-01-03,43347,14302,9175,1732,19969,25228,7343,7212
nasdaq,2020-01-07,2020-01-10,42058,12833,9498,1996,20084,22554,7144,8009
nasdaq,2020-01-14,2020-01-17,43174,13821,10476,1793,20261,23184,7298,7721
nasdaq,2020-01-21,2020-01-24,43385,13847,12048,1506,20950,21622,7082,8208
nasdaq,2020-01-28,2020-01-31,41234,14353,9477,1324,18396,21871,7160,8562
nasdaq,2020-02-04,2020-02-07,40957,14109,9851,1422,18461,20678,6965,9006
nasdaq,2020-02-11,2020-02-14,41566,14808,13062,1202,18352,19430,7204,7871
nasdaq,2020-02-18,2020-02-21,41664,15694,12013,1152,17406,20268,7412,8230
nasdaq,2020-02-25,2020-02-28,42933,16592,8676,1144,15325,23939,9872,9173
nasdaq,2020-03-03,2020-03-06,43369,15557,9115,1083,19282,26018,7446,7153
nasdaq,2020-03-10,2020-03-13,44032,14999,11465,1017,20355,24828,7660,6722
nasdaq,2020-03-17,2020-03-20,59254,13368,8885,4900,28607,33479,12379,11990
nasdaq,2020-03-24,2020-03-27,39971,13345,7862,499,19829,24949,6298,6661
nasdaq,2020-03-31,2020-04-03,37304,12725,8445,399,18781,21546,5399,6914
nasdaq,2020-04-07,2020-04-10,36673,11959,9156,485,18698,19808,5531,7224
nasdaq,2020-04-14,2020-04-17,35587,10902,10853,573,18827,17222,5284,6940
nasdaq,2020-04-21,2020-04-24,35851,11843,10098,548,18097,18950,5363,6255
nasdaq,2020-04-28,2020-05-01,36350,11878,9678,595,18291,19919,5585,6158
nasdaq,2020-05-05,2020-05-08,36901,11545,8975,425,19140,21194,5792,6307
nasdaq,2020-05-12,2020-05-15,39313,12831,11141,517,19738,21525,6227,6129
nasdaq,2020-05-19,2020-05-22,39633,11930,12921,794,20668,20105,6241,5813
nasdaq,2020-05-26,2020-05-29,42000,13748,13060,747,20787,21810,6719,6384
nasdaq,2020-06-02,2020-06-05,41947,13707,11187,620,21673,23590,5947,6550
nasdaq,2020-06-09,2020-06-12,43255,13478,11447,1062,22592,23319,6123,7427
nasdaq,2020-06-16,2020-06-19,45730,14653,9616,1592,22945,28388,6539,6133
nasdaq,2020-06-23,2020-06-26,36512,14882,7088,303,15301,23059,6026,6062
nasdaq,2020-06-30,2020-07-03,38816,15656,6892,438,16491,25095,6231,6390
nasdaq,2020-07-07,2020-07-10,42507,16359,7419,634,18992,27594,6522,6860
nasdaq,2020-07-14,2020-07-17,44657,15903,8780,687,21395,27928,6672,7261
nasdaq,2020-07-21,2020-07-24,44441,13047,9905,1075,23372,26923,6947,6538
nasdaq,2020-07-28,2020-07-31,44183,14488,9667,597,21619,27470,7479,6449
nasdaq,2020-08-04,2020-08-07,45713,14719,11067,686,22750,27139,7559,6821
nasdaq,2020-08-11,2020-08-14,47013,13788,11288,1337,24223,27509,7665,6879
nasdaq,2020-08-18,2020-08-21,45989,15576,11335,605,21566,27044,8241,7005
nasdaq,2020-08-25,2020-08-28,46997,15625,11681,797,21783,27110,8792,7408
nasdaq,2020-09-01,2020-09-04,49030,15861,14135,988,23184,26249,8996,7657
nasdaq,2020-09-08,2020-09-11,50161,14256,17950,779,23529,24336,11596,7095
nasdaq,2020-09-15,2020-09-18,69673,15438,31612,1815,40292,29115,12128,7130
nasdaq,2020-09-22,2020-09-25,66403,16676,43538,692,39234,15356,9801,6818
nasdaq,2020-09-29,2020-10-02,55119,14857,30795,897,29654,16769,9711,6657
nasdaq,2020-10-06,2020-10-09,55500,14529,29531,723,30609,18584,9640,6662
nasdaq,2020-10-13,2020-10-16,45242,14733,11160,716,19981,26522,9812,6844
nasdaq,2020-10-20,2020-10-23,43978,13223,12010,752,20633,24831,9370,6385
nasdaq,2020-10-27,2020-10-30,45535,13167,13265,930,22608,24474,8830,6866
nasdaq,2020-11-03,2020-11-06,44591,13165,13103,939,21691,23763,8796,6786
nasdaq,2020-11-10,2020-11-13,47620,13685,16741,821,24289,23727,8825,6330
nasdaq,2020-11-17,2020-11-20,47695,12507,15803,901,26264,24578,8022,6413
nasdaq,2020-11-24,2020-11-27,49452,13235,17795,733,26528,24049,8956,6875
nasdaq,2020-12-01,2020-12-04,49193,13349,17874,745,26337,23623,8762,6952
nasdaq,2020-12-08,2020-12-11,48901,14001,12187,856,25171,28791,8874,7067
nasdaq,2020-12-15,2020-12-18,55366,15015,12608,858,28827,33432,10665,8467
nasdaq,2020-12-21,2020-12-25,42541,14062,7823,417,21565,27775,6497,6526
nasdaq,2020-12-29,2021-01-01,43377,14140,10181,331,21829,26383,7077,6482
nasdaq,2021-01-05,2021-01-08,44180,14466,9309,505,22262,27875,6946,6490
nasdaq,2021-01-12,2021-01-15,46458,15673,11590,466,23372,27380,6947,7022
nasdaq,2021-01-19,2021-01-22,47010,17135,10813,361,22840,28181,6674,7656
nasdaq,2021-01-26,2021-01-29,46412,17583,9651,590,21240,28230,6998,7941
nasdaq,2021-02-02,2021-02-05,46946,17434,11621,442,21172,27492,7898,7392
nasdaq,2021-02-09,2021-02-12,46874,16606,11473,467,22138,27516,7664,7418
nasdaq,2021-02-16,2021-02-19,47071,15044,10823,1025,23468,27711,7534,7512
nasdaq,2021-02-23,2021-02-26,48014,13507,14585,1008,25856,25276,7643,7145
nasdaq,2021-03-02,2021-03-05,48803,11323,16021,1388,29025,23066,7067,8327
nasdaq,2021-03-09,2021-03-12,50706,12491,14990,1289,29889,25054,7037,9373
nasdaq,2021-03-16,2021-03-19,51477,11413,13879,1276,31531,27577,7256,8745
nasdaq,2021-03-23,2021-03-26,44355,9946,12478,423,27602,23739,6383,7715
nasdaq,2021-03-30,2021-04-02,44446,9619,13192,731,27661,22598,6435,7925
nasdaq,2021-04-06,2021-04-09,42918,11488,13367,612,23804,21258,7014,7681
nasdaq,2021-04-13,2021-04-16,42860,11859,13081,617,23282,21208,7103,7955
nasdaq,2021-04-20,2021-04-23,43629,11057,12082,999,24097,22770,7475,7777
nasdaq,2021-04-27,2021-04-30,43576,10512,12064,976,24973,22144,7115,8392
nasdaq,2021-05-04,2021-05-07,47448,11433,14794,1035,27217,22340,7763,9280
nasdaq,2021-05-11,2021-05-14,45487,12243,13445,737,25176,21889,7332,9416
nasdaq,2021-05-18,2021-05-21,45595,11798,13019,827,25447,22879,7522,8870
nasdaq,2021-05-25,2021-05-28,46678,10586,13245,807,27806,23342,7478,9283
nasdaq,2021-06-01,2021-06-04,47675,10632,13542,959,28651,23938,7433,9236
nasdaq,2021-06-08,2021-06-11,47631,12104,13804,1035,26969,23412,7524,9381
nasdaq,2021-06-15,2021-06-18,57779,13178,15385,2964,33838,29284,7799,10146
nasdaq,2021-06-22,2021-06-25,44754,11749,13822,518,25571,21672,6915,8741
nasdaq,2021-06-29,2021-07-02,44827,12705,14325,604,24714,20569,6805,9330
nasdaq,2021-07-06,2021-07-09,45658,13151,13465,780,25148,21688,6578,9724
nasdaq,2021-07-13,2021-07-16,46456,13593,14444,700,25857,21471,6307,9842
nasdaq,2021-07-20,2021-07-23,46906,14379,14835,730,24651,22597,7147,8744
nasdaq,2021-07-27,2021-07-30,46944,12768,14733,779,26477,22783,6921,8650
nasdaq,2021-08-03,2021-08-06,44609,12974,13267,1030,23946,21526,6658,8786
nasdaq,2021-08-10,2021-08-13,46672,11700,14354,1448,26707,21565,6817,9305
nasdaq,2021-08-17,2021-08-20,46900,10983,15368,1332,27728,20838,6857,9361
nasdaq,2021-08-24,2021-08-27,45425,13033,13517,972,24583,20901,6837,10035
nasdaq,2021-08-31,2021-09-03,46120,13879,14369,1001,23903,20879,7337,9871
nasdaq,2021-09-07,2021-09-10,46866,15087,14089,1342,22235,21467,8201,9967
nasdaq,2021-09-14,2021-09-17,55540,16398,14486,2993,28058,28568,8090,9493
nasdaq,2021-09-21,2021-09-24,44460,13980,12096,756,22297,24129,7427,7480
nasdaq,2021-09-28,2021-10-01,46122,12808,13264,929,24152,23083,8232,8846
nasdaq,2021-10-05,2021-10-08,45030,11754,12285,1029,24430,23340,7817,8377
nasdaq,2021-10-12,2021-10-15,46123,12134,12298,794,25460,24885,7734,8146
nasdaq,2021-10-19,2021-10-22,47473,12116,12727,1025,27002,24917,7330,8804
nasdaq,2021-10-26,2021-10-29,49102,13151,13802,779,27510,26228,7661,8293
nasdaq,2021-11-02,2021-11-05,51117,14303,12859,695,28918,28566,7202,8998
nasdaq,2021-11-09,2021-11-12,52579,16405,13165,659,28062,30071,7453,8685
nasdaq,2021-11-16,2021-11-19,52868,16123,13431,590,28492,30401,7663,8444
nasdaq,2021-11-23,2021-11-26,51745,16719,11116,865,26124,30679,8037,9085
nasdaq,2021-11-30,2021-12-03,51695,17343,10557,890,26105,31195,7357,9054
nasdaq,2021-12-07,2021-12-10,50376,16143,10988,1270,24877,29854,8086,8265
nasdaq,2021-12-14,2021-12-17,53943,17007,10315,3232,24814,31655,8890,8742
nasdaq,2021-12-21,2021-12-24,41614,14395,9323,417,19278,24732,7524,7142
nasdaq,2021-12-28,2021-12-31,42219,13863,11042,441,20825,23832,7090,6903
nasdaq,2022-01-04,2022-01-07,42186,13910,9565,683,19645,25024,7947,6914
nasdaq,2022-01-11,2022-01-14,44044,15215,10961,828,19795,24396,8207,7860
nasdaq,2022-01-18,2022-01-21,47162,17719,11677,962,20241,26177,8240,8345
nasdaq,2022-01-25,2022-01-28,48669,17582,11561,999,21420,28431,8668,7679
nasdaq,2022-02-01,2022-02-04,47867,14236,14434,1189,25125,22725,7317,9519
nasdaq,2022-02-08,2022-02-11,46753,13408,11814,338,25823,25166,7184,9435
nasdaq,2022-02-15,2022-02-18,47189,13604,11736,560,26328,25130,6697,9763
nasdaq,2022-02-22,2022-02-25,51586,15068,12287,465,28351,29466,7702,9368
nasdaq,2022-03-01,2022-03-04,49907,12290,9863,444,30685,28403,6488,11197
nasdaq,2022-03-08,2022-03-11,49602,15072,9749,465,27123,30001,6942,9387
nasdaq,2022-03-15,2022-03-18,52947,13652,9857,2535,29604,30599,7156,9956
nasdaq,2022-03-22,2022-03-25,42562,11335,10773,711,24852,21518,5663,9559
nasdaq,2022-03-29,2022-04-01,44664,9804,12049,637,28475,21668,5748,10310
nasdaq,2022-04-05,2022-04-08,46538,11730,13457,546,28237,22988,6025,9547
nasdaq,2022-04-12,2022-04-15,45660,13641,11043,422,25305,25282,6293,8913
nasdaq,2022-04-19,2022-04-22,47422,13147,11517,767,27152,26318,6356,8820
nasdaq,2022-04-26,2022-04-29,47395,13604,10438,1131,25237,27182,7423,8645
nasdaq,2022-05-03,2022-05-06,45344,13415,10197,736,24758,26032,6435,8380
nasdaq,2022-05-10,2022-05-13,49984,13844,11151,1099,27779,29399,7262,8336
nasdaq,2022-05-17,2022-05-20,48711,13958,10923,1045,26504,28351,7205,8392
nasdaq,2022-05-24,2022-05-27,51049,15002,12257,686,27760,29980,7601,8126
nasdaq,2022-05-31,2022-06-03,52616,14888,13765,530,30523,29748,6675,8572
nasdaq,2022-06-07,2022-06-10,53659,16695,13295,701,29542,29737,6720,9926
nasdaq,2022-06-14,2022-06-17,60453,17674,11993,2474,31271,35457,9035,10530
nasdaq,2022-06-21,2022-06-24,47325,16578,10416,849,22183,27700,7715,8359
nasdaq,2022-06-28,2022-07-01,49609,15797,10959,952,25754,29740,7106,7958
nasdaq,2022-07-05,2022-07-08,51890,16703,10524,674,27437,32621,7076,8071
nasdaq,2022-07-12,2022-07-15,50852,15394,11511,821,28155,30073,6482,8447
nasdaq,2022-07-19,2022-07-22,51278,15365,9742,1197,27818,31729,6898,8611
nasdaq,2022-07-26,2022-07-29,53432,16698,10336,1437,28504,33599,6792,8060
nasdaq,2022-08-02,2022-08-05,52465,14984,10041,1436,29955,31773,6090,9214
nasdaq,2022-08-09,2022-08-12,51757,14788,10573,984,29941,30174,6044,10026
nasdaq,2022-08-16,2022-08-19,53559,15680,14311,983,30863,27759,6033,10506
nasdaq,2022-08-23,2022-08-26,52432,16857,9251,1048,28217,32012,6310,10121
nasdaq,2022-08-30,2022-09-02,52728,15476,10114,1168,29677,30247,6407,11198
nasdaq,2022-09-06,2022-09-09,57351,17086,12677,1085,32043,31669,7137,11920
nasdaq,2022-09-13,2022-09-16,62994,15056,12695,3514,36688,33579,7736,13206
nasdaq,2022-09-20,2022-09-23,54363,14748,14051,785,33124,28807,5706,10720
nasdaq,2022-09-27,2022-09-30,56411,14946,14956,831,34070,29176,6564,11449
nasdaq,2022-10-04,2022-10-07,54434,13959,14711,994,32177,27911,7304,10818
nasdaq,2022-10-11,2022-10-14,56257,16983,15277,1164,31259,29365,6851,10451
nasdaq,2022-10-18,2022-10-21,54878,15904,15601,1147,30965,28524,6862,9605
nasdaq,2022-10-25,2022-10-28,56318,16498,15358,571,32164,30035,7084,10354
nasdaq,2022-11-01,2022-11-04,56493,14929,17979,1426,33388,27574,6750,9514
nasdaq,2022-11-08,2022-11-11,54611,15662,16145,1235,30884,27655,6830,9576
nasdaq,2022-11-15,2022-11-18,53686,13633,14685,1060,31865,29196,7127,8745
nasdaq,2022-11-22,2022-11-25,50542,13473,12864,670,29033,28344,7367,8664
nasdaq,2022-11-29,2022-12-02,50849,13594,11643,968,29275,29286,7012,8952
nasdaq,2022-12-06,2022-12-09,50020,13747,11044,939,28067,29071,7267,8966
nasdaq,2022-12-13,2022-12-16,62597,14621,10781,3920,36661,39217,7395,8679
nasdaq,2022-12-20,2022-12-23,49009,12498,11595,818,28542,28799,7151,7797
nasdaq,2022-12-27,2022-12-30,50156,12753,12518,1179,29319,28736,6905,7723
nasdaq,2023-01-03,2023-01-06,48932,11960,11688,932,29143,28307,6897,8005
nasdaq,2023-01-10,2023-01-13,50725,11414,13044,1513,31206,28421,6592,7748
nasdaq,2023-01-17,2023-01-20,55003,12324,16451,1542,34585,28476,6552,8534
nasdaq,2023-01-24,2023-01-27,54777,12048,17100,1438,34722,27306,6569,8933
nasdaq,2023-01-31,2023-02-03,55690,11888,15059,995,36620,30209,6187,9426
nasdaq,2023-02-07,2023-02-10,55861,11662,14646,564,37356,31326,6280,9326
nasdaq,2023-02-14,2023-02-17,55237,10802,15367,601,36853,28186,6981,11083
nasdaq,2023-02-21,2023-02-24,53659,11570,14384,1033,34077,27153,6979,11089
nasdaq,2023-02-28,2023-03-03,53651,10789,15555,1197,34864,26464,6800,10435
nasdaq,2023-03-07,2023-03-10,52162,11117,13602,1428,33021,25806,6595,11325
nasdaq,2023-03-14,2023-03-17,61292,12227,13521,2054,38176,31166,8835,14551
nasdaq,2023-03-21,2023-03-24,42975,10613,11637,622,25401,22029,6339,8687
nasdaq,2023-03-28,2023-03-31,44015,10262,11731,556,26474,23505,6723,8222
nasdaq,2023-04-04,2023-04-07,46437,7763,11440,888,27551,25040,10235,9069
nasdaq,2023-04-11,2023-04-14,47494,10321,10747,804,28995,27411,7374,8532
nasdaq,2023-04-18,2023-04-21,49012,11751,11216,797,29438,28155,7026,8844
nasdaq,2023-04-25,2023-04-28,49531,12961,11935,990,28541,27848,7038,8757
nasdaq,2023-05-02,2023-05-05,255954,73064,59376,9311,135518,136225,38061,51042
nasdaq,2023-05-09,2023-05-12,264599,78800,57002,12944,132394,143335,40461,51318
nasdaq,2023-05-16,2023-05-19,283785,81526,58135,14119,147815,155319,40325,56212
nasdaq,2023-05-23,2023-05-26,285583,78584,61828,14285,150290,156169,42424,53302
nasdaq,2023-05-30,2023-06-02,310068,85416,72831,17647,166568,162140,40437,57450
nasdaq,2023-06-06,2023-06-09,318085,89542,77268,18574,167808,165031,42161,57213
nasdaq,2023-06-13,2023-06-16,335337,91391,73805,29210,171832,172439,42904,59883
nasdaq,2023-06-20,2023-06-23,255039,71831,54948,7729,132957,141320,42521,51041
nasdaq,2023-06-27,2023-06-30,265818,79203,62511,10978,131175,141724,44461,50604
nasdaq,2023-07-03,2023-07-07,259143,68020,62783,14998,132358,135444,43768,45919
nasdaq,2023-07-11,2023-07-14,271791,70620,61200,18610,138302,144877,44259,47104
nasdaq,2023-07-18,2023-07-21,278468,68272,66705,23855,143811,137737,42530,50171
nasdaq,2023-07-25,2023-07-28,272910,59273,71666,19006,148445,139121,46186,43116
nasdaq,2023-08-01,2023-08-04,276532,64211,78084,18567,150032,136172,43722,43709
nasdaq,2023-08-08,2023-08-11,281647,62376,77564,19991,153674,138488,45605,45604
nasdaq,2023-08-15,2023-08-18,281293,61059,60915,19789,153208,156471,47237,44118
nasdaq,2023-08-22,2023-08-25,278608,61479,53247,22141,146658,159199,48330,44022
nasdaq,2023-08-29,2023-09-01,282272,63942,51656,24040,148277,157354,46012,49222
nasdaq,2023-09-05,2023-09-08,291708,64075,54515,26510,156324,160243,44800,50440
nasdaq,2023-09-12,2023-09-15,319625,59590,55128,35336,173508,181445,51192,47717
nasdaq,2023-09-19,2023-09-22,241955,55927,53691,8020,137434,139676,40574,40568
nasdaq,2023-09-26,2023-09-29,248727,55953,57889,7075,140391,141582,45309,42182
nasdaq,2023-10-03,2023-10-06,263748,63429,64547,8630,148371,146637,43318,43934
nasdaq,2023-10-10,2023-10-13,264373,69805,61603,7395,145743,152440,41430,42936
nasdaq,2023-10-17,2023-10-20,265176,77044,62286,9226,139525,150998,39382,42666
nasdaq,2023-10-24,2023-10-27,262564,66330,64935,11675,142906,146422,41653,39533
nasdaq,2023-10-31,2023-11-03,270325,69067,64315,13114,146195,152012,41950,40885
nasdaq,2023-11-07,2023-11-10,279223,82864,63440,11171,147096,155699,38092,48914
nasdaq,2023-11-14,2023-11-17,284718,70058,65611,13848,158806,160832,42007,44427
nasdaq,2023-11-21,2023-11-24,295027,76132,67623,10597,163533,174605,44766,42203
nasdaq,2023-11-28,2023-12-01,304631,81194,69738,11045,167170,177697,45223,46151
nasdaq,2023-12-05,2023-12-08,288233,75992,64666,11687,156396,169275,44159,42606
nasdaq,2023-12-12,2023-12-15,348789,72476,58376,16427,212861,223330,47026,50656
nasdaq,2023-12-19,2023-12-22,283394,72084,48466,6193,162938,188576,42179,40159
nasdaq,2023-12-26,2023-12-29,286224,78604,49858,8021,155962,189210,43637,39135
nasdaq,2024-01-02,2024-01-05,281637,78330,40250,10159,148550,196077,44597,35151
nasdaq,2024-01-09,2024-01-12,287400,78944,43110,11114,151236,193356,46106,39820
nasdaq,2024-01-16,2024-01-19,284650,78680,42510,13296,150585,188795,42089,40049
nasdaq,2024-01-23,2024-01-26,302456,84375,50737,16394,158063,195929,43625,39396
nasdaq,2024-01-30,2024-02-02,309275,86972,47661,20129,156557,204268,45618,37217
nasdaq,2024-02-06,2024-02-09,301342,83742,50668,24718,149892,188404,42990,37552
nasdaq,2024-02-13,2024-02-16,312885,88518,55105,24413,155460,192873,44494,40495
nasdaq,2024-02-20,2024-02-23,304972,82979,56750,26897,148924,181521,46172,39804
nasdaq,2024-02-27,2024-03-01,307552,79907,67827,31265,153785,171709,42596,36752
nasdaq,2024-03-05,2024-03-08,309873,69488,69335,32889,161680,172013,45816,35637
nasdaq,2024-03-12,2024-03-15,353521,73204,71077,42524,189424,197956,48369,41963
nasdaq,2024-03-19,2024-03-22,255935,68511,57818,4796,139386,156871,43242,36450
nasdaq,2024-03-26,2024-03-29,260574,64886,72155,3782,147816,149236,44091,35402
nasdaq,2024-04-02,2024-04-05,266623,64284,71106,6394,149656,151423,46290,37700
nasdaq,2024-04-09,2024-04-12,267024,66179,58367,6826,147614,162419,46404,39412
nasdaq,2024-04-16,2024-04-19,263134,65351,59192,7630,141517,159836,48636,36476
nasdaq,2024-04-23,2024-04-26,263107,62829,58089,9689,142258,160632,48331,34698
nasdaq,2024-04-30,2024-05-03,261962,61315,60780,10763,140092,154992,49792,35428
nasdaq,2024-05-07,2024-05-10,242910,65707,60326,8148,125015,135421,44041,39016
nasdaq,2024-05-14,2024-05-17,256748,68568,64269,9697,134445,145213,44037,37569
nasdaq,2024-05-21,2024-05-24,258244,68390,62493,9360,133043,149583,47452,36808
nasdaq,2024-05-28,2024-05-31,265906,68455,70512,8956,139288,145704,49207,40734
nasdaq,2024-06-04,2024-06-07,254627,60959,58991,6717,140208,152796,46743,36123
nasdaq,2024-06-11,2024-06-14,267660,61336,67264,10962,150557,150617,44804,38816
nasdaq,2024-06-18,2024-06-21,345118,66122,67610,31478,200597,204467,46922,41563
nasdaq,2024-06-25,2024-06-28,252655,69542,61187,8619,130392,149017,44103,33833
nasdaq,2024-07-02,2024-07-05,265554,71783,58499,8195,139712,161054,45865,37807
nasdaq,2024-07-09,2024-07-12,271471,67705,60099,9679,148547,164373,45540,37319
nasdaq,2024-07-16,2024-07-19,264434,65921,59747,10548,141826,159804,46140,34335
nasdaq,2024-07-23,2024-07-26,252187,53388,54846,7357,140693,157272,50749,32712
nasdaq,2024-07-30,2024-08-02,266789,49794,48827,8982,149978,175721,58035,33258
nasdaq,2024-08-06,2024-08-09,257764,50648,37350,9372,150446,181279,47299,29764
nasdaq,2024-08-13,2024-08-16,252979,48230,38686,11229,149200,169987,44321,33077
nasdaq,2024-08-20,2024-08-23,253133,54107,42604,12850,143589,165331,42586,32347
nasdaq,2024-08-27,2024-08-30,253674,63961,42785,13589,131061,167161,45063,30139
nasdaq,2024-09-03,2024-09-06,263973,67374,40514,12906,134180,175396,49514,35158
nasdaq,2024-09-10,2024-09-13,269479,68433,41001,18699,138191,176162,44156,33617
nasdaq,2024-09-17,2024-09-20,278372,65981,45380,17896,148620,181509,45875,33586
nasdaq,2024-09-24,2024-09-27,232823,51747,37005,4411,133771,162595,42894,28812
nasdaq,2024-10-01,2024-10-04,239651,56071,41463,7353,133690,160554,42537,30281
nasdaq,2024-10-08,2024-10-11,257025,56872,44725,14384,142601,167110,43168,30806
nasdaq,2024-10-15,2024-10-18,249104,46829,47384,9463,148828,161331,43984,30926
nasdaq,2024-10-22,2024-10-25,254792,49104,47732,12847,150208,163136,42634,31079
nasdaq,2024-10-29,2024-11-01,267750,56266,51971,14322,153750,169743,43411,31713
nasdaq,2024-11-05,2024-11-08,263529,61284,45850,14873,145082,173216,42290,29590
nasdaq,2024-11-12,2024-11-15,288619,68657,51908,18741,157135,187772,44087,30198
nasdaq,2024-11-19,2024-11-22,287341,61892,43812,22508,159419,191304,43523,29717
nasdaq,2024-11-26,2024-11-29,289033,68024,49586,21016,158533,189031,41461,29400
nasdaq,2024-12-03,2024-12-06,307679,82241,52777,20362,161753,202622,43323,31918
nasdaq,2024-12-10,2024-12-13,306813,84419,48915,23182,152775,202986,46437,31730
nasdaq,2024-12-17,2024-12-20,340251,85940,50256,28908,178811,225447,46592,35640
nasdaq,2024-12-24,2024-12-27,251693,78928,50836,2678,126302,167033,43786,31146
nasdaq,2024-12-31,2025-01-03,258092,73675,50005,3054,134614,178134,46749,26898
nasdaq,2025-01-07,2025-01-10,247811,70285,52119,5333,127757,161004,44437,29356
nasdaq,2025-01-14,2025-01-17,261461,62016,52315,8230,147007,171162,44209,29754
nasdaq,2025-01-21,2025-01-24,263439,69166,50343,10839,136047,172556,47387,29701
nasdaq,2025-01-28,2025-01-31,279517,81725,49885,15994,136735,179799,45063,33840
nasdaq,2025-02-04,2025-02-07,271345,70683,50690,17087,140764,171561,42812,32007
nasdaq,2025-02-11,2025-02-14,276366,68694,53824,18093,147909,170886,41670,33563
nasdaq,2025-02-18,2025-02-21,303715,82935,71129,19853,158729,175612,42198,37121
nasdaq,2025-02-25,2025-02-28,301391,77286,53870,20410,152203,194367,51492,32744
nasdaq,2025-03-04,2025-03-07,304391,73119,54189,24722,156125,195979,50426,29502
nasdaq,2025-03-11,2025-03-14,319420,73775,55056,25497,163453,209539,56696,29328
nasdaq,2025-03-18,2025-03-21,320476,66391,47613,44726,153927,195861,55432,32276
nasdaq,2025-03-25,2025-03-28,231229,61737,52096,5236,118514,142643,45743,31254
nasdaq,2025-04-01,2025-04-04,257117,67567,53417,8212,135260,163719,46078,31769
nasdaq,2025-04-08,2025-04-11,266758,67502,48219,11325,148833,174828,39097,32386
nasdaq,2025-04-15,2025-04-18,249669,62942,39845,13829,134897,162111,38001,33884
nasdaq,2025-04-22,2025-04-25,257271,66624,38766,15004,133102,167535,42542,35967
nasdaq,2025-04-29,2025-05-02,265803,65524,47148,18518,138038,157073,43724,43064
nasdaq,2025-05-06,2025-05-09,280451,72355,53865,22357,141615,159774,44124,44455
nasdaq,2025-05-13,2025-05-16,307490,72026,66945,24072,162702,168509,48690,47964
nasdaq,2025-05-20,2025-05-23,301110,69089,68455,23361,160165,160508,48495,48785
nasdaq,2025-05-27,2025-05-30,295593,72608,67349,22603,148665,157729,51717,47913
nasdaq,2025-06-03,2025-06-06,298126,70925,64958,23765,151501,162916,51935,46487
nasdaq,2025-06-10,2025-06-13,298671,71327,62215,24558,150773,165000,52013,46897
nasdaq,2025-06-17,2025-06-20,334937,70973,63595,35835,176194,186275,51935,49233
nasdaq,2025-06-24,2025-06-27,259948,77302,58942,9890,132978,155716,39779,35400
nasdaq,2025-07-01,2025-07-04,274168,78932,48452,10073,141599,182721,43565,32923
nasdaq,2025-07-08,2025-07-11,279888,82108,46895,13129,141437,185838,43214,34025
nasdaq,2025-07-15,2025-07-18,281893,86207,47050,9307,145299,189224,41081,36313
nasdaq,2025-07-22,2025-07-25,281535,76558,42336,11082,151591,190926,42305,37191
nasdaq,2025-07-29,2025-08-01,293645,84598,45850,11828,156451,199289,40767,36678
nasdaq,2025-08-05,2025-08-08,290285,84550,47579,13700,147363,193502,44671,35503
nasdaq,2025-08-12,2025-08-15,316811,96001,48894,15064,162851,213006,42896,39847
nasdaq,2025-08-19,2025-08-22,304458,84077,46416,16917,157155,204210,46310,36915
nasdaq,2025-08-26,2025-08-29,298322,86537,46943,14343,151564,201894,45879,35142
nasdaq,2025-09-02,2025-09-05,296057,76185,57959,15541,161059,185504,43273,37053
nasdaq,2025-09-09,2025-09-12,310398,85105,57228,17598,165005,198116,42690,37456
nasdaq,2025-09-16,2025-09-19,365891,86981,66028,45782,188483,213675,44646,40407
nasdaq,2025-09-23,2025-09-26,281162,91435,67416,7164,141614,169440,40950,37143
nasdaq,2025-09-30,2025-10-03,285789,89804,48330,7287,146443,194697,42255,35475
nasdaq,2025-10-07,2025-10-10,294285,92532,48848,7725,150420,200356,43608,37356
nasdaq,2025-10-14,2025-10-17,290000,88256,37957,17594,140256,199186,43894,35263
nasdaq,2025-10-21,2025-10-24,300347,99017,49784,14394,143480,199594,43456,36575
nasdaq,2025-10-28,2025-10-31,310555,97668,53992,17573,152622,200013,42692,38978
nasdaq,2025-11-04,2025-11-07,304760,90161,43005,18774,149475,208087,46351,34894
nasdaq,2025-11-10,2025-11-14,309882,95865,46909,19269,148918,210654,45831,33051
nasdaq,2025-11-18,2025-11-21,315545,89709,47289,22800,154105,213275,48931,32181
nasdaq,2025-11-25,2025-11-28,315399,93647,41882,23240,151760,215366,46753,34910
nasdaq,2025-12-02,2025-12-05,328582,94669,53116,25824,159230,216668,48859,32973
nasdaq,2025-12-09,2025-12-12,347119,95484,54963,30597,170865,228421,50173,33138
nasdaq,2025-12-16,2025-12-19,403867,99300,61228,57889,193477,251986,53201,32765
nasdaq,2025-12-23,2025-12-26,274369,93583,60008,5389,128215,178143,47182,30830
nasdaq,2025-12-30,2026-01-02,286451,96752,69084,6446,136650,181629,46603,29292
nasdaq,2026-01-06,2026-01-09,284377,97977,62376,6372,132460,184827,47569,30803
nasdaq,2026-01-13,2026-01-16,287403,97965,66984,5582,140464,185659,43393,29178
nasdaq,2026-01-20,2026-01-23,275966,86136,66161,5153,137896,172484,46781,32168
nasdaq,2026-01-27,2026-01-30,269849,91028,62148,5615,130573,171625,42634,30461
nasdaq,2026-02-03,2026-02-06,279784,81685,69617,13469,139441,166226,45189,30473
nasdaq,2026-02-10,2026-02-13,274666,78889,66247,14800,137907,160806,43070,32812
nasdaq,2026-02-17,2026-02-20,287390,85591,63439,17063,140592,170681,44144,36206
nasdaq,2026-02-24,2026-02-27,285165,76599,68043,18263,148075,163182,42228,35677
nasdaq,2026-03-03,2026-03-06,290391,71879,74482,23428,154622,152653,40462,39828
nasdaq,2026-03-10,2026-03-13,275311,72084,50355,24459,141507,163573,37261,36924
nasdaq,2026-03-17,2026-03-20,318004,72274,51333,47996,155328,180264,42406,38411
nasdaq,2026-03-24,2026-03-27,244680,67592,63489,7863,131317,140147,37908,33181
nasdaq,2026-03-31,2026-04-03,256358,76502,57031,11265,130999,151610,37593,36453
nasdaq,2026-04-07,2026-04-10,258663,70032,60117,13790,140869,147663,33972,37094
nasdaq,2026-04-14,2026-04-17,276532,69365,59721,20663,148134,157450,38371,38699
nasdaq,2026-04-21,2026-04-24,290216,68265,61653,32615,147270,158570,42066,37378
nasdaq,2026-04-28,2026-05-01,302430,66824,72797,40474,150672,150656,44461,38504
nasdaq,2026-05-05,2026-05-08,315421,68393,70225,42752,159468,163232,44809,39212
nasdaq,2026-05-12,2026-05-15,316227,59162,81061,44156,166606,152014,46303,38996
nasdaq,2026-05-19,2026-05-22,320044,71907,79306,41255,158856,161816,48026,37667
nasdaq,2026-05-26,2026-05-29,330617,69237,80519,42197,169167,168993,50017,38908
nasdaq,2026-06-02,2026-06-05,345837,68549,90634,45381,181764,166288,50144,43534
nasdaq,2026-06-09,2026-06-12,334790,70466,81447,44610,167311,166995,52403,41738
nasdaq,2026-06-16,2026-06-19,375254,71329,92195,57203,186342,179636,60380,46220
nasdaq,2026-06-23,2026-06-26,276807,59333,75605,11490,160038,156735,45946,32977
nasdaq,2026-06-30,2026-07-03,296634,59160,77403,19294,172993,164008,45188,35930
nasdaq,2026-07-07,2026-07-10,303152,65583,74324,19768,168127,174477,49674,34584
nasdaq,2026-07-14,2026-07-17,307355,61576,71889,25812,171995,173913,47971,35740
nasdaq,2026-07-21,2026-07-24,311523,59542,69233,29184,172789,176760,50009,36346
nasdaq,2026-07-28,2026-07-31,319776,67927,77841,30776,168756,176800,52317,34359
sp500,2010-06-15,2010-06-18,1132309,67613,83149,45466,819504,825894,199725,177801
sp500,2010-06-22,2010-06-25,822092,67766,72899,11381,594634,615490,148310,122322
sp500,2010-06-29,2010-07-02,850401,69820,70834,18957,613773,639288,147851,121322
sp500,2010-07-06,2010-07-09,883425,64842,85465,31581,631550,633522,155452,132857
sp500,2010-07-13,2010-07-16,874896,63843,98538,26471,636298,609334,148284,140552
sp500,2010-07-20,2010-07-23,870890,66009,95334,30477,633554,619374,140850,125705
sp500,2010-07-27,2010-07-30,868087,65268,92454,25227,636659,627457,140933,122949
sp500,2010-08-03,2010-08-06,865807,64806,90058,17955,637074,638644,145972,119149
sp500,2010-08-10,2010-08-13,870141,67131,91966,20701,644384,647077,137925,110396
sp500,2010-08-17,2010-08-20,884624,71973,90359,30368,650475,650443,131808,113453
sp500,2010-08-24,2010-08-27,910530,66850,96389,45055,681565,670053,117060,99033
sp500,2010-08-31,2010-09-03,938443,67684,104198,53314,708129,689249,109316,91682
sp500,2010-09-07,2010-09-10,943773,60997,108961,48346,709530,685121,124900,101345
sp500,2010-09-14,2010-09-17,1103826,65772,111424,48980,811799,789156,177274,154265
sp500,2010-09-21,2010-09-24,779357,54164,82123,15052,577320,567166,132822,115017
sp500,2010-09-28,2010-10-01,811413,62349,76660,27661,590227,598063,131177,109029
sp500,2010-10-05,2010-10-08,829851,73698,76889,34138,584563,613416,137451,105408
sp500,2010-10-12,2010-10-15,843960,68702,77112,35458,601535,625599,138266,105792
sp500,2010-10-19,2010-10-22,854075,71744,77980,36759,614601,635726,130971,103610
sp500,2010-10-26,2010-10-29,869680,78107,73923,43715,620460,649461,127397,102581
sp500,2010-11-02,2010-11-05,879024,82688,75060,45486,633249,668121,117601,90356
sp500,2010-11-09,2010-11-12,904392,82945,80798,55679,644424,680586,121344,87328
sp500,2010-11-16,2010-11-19,921238,86215,85101,48716,646111,686161,140196,101261
sp500,2010-11-23,2010-11-26,936881,79605,92002,51970,665560,689956,139746,102953
sp500,2010-11-30,2010-12-03,941143,77469,82306,51561,676049,703227,136063,104048
sp500,2010-12-07,2010-12-10,980643,75408,79933,69095,685937,724090,150204,107526
sp500,2010-12-14,2010-12-17,1109473,83287,71300,83795,779498,826616,162893,127763
sp500,2010-12-21,2010-12-24,758336,71031,70957,9970,555976,591710,121359,85699
sp500,2010-12-28,2010-12-31,769754,68750,74162,13088,568053,594361,119863,88143
sp500,2011-01-04,2011-01-07,776403,72171,76924,11836,570959,603295,121437,84348
sp500,2011-01-11,2011-01-14,793466,82253,76724,11982,578179,624461,121051,80299
sp500,2011-01-18,2011-01-21,810682,75954,82285,13265,597424,626466,124039,88666
sp500,2011-01-25,2011-01-28,837948,82941,82989,16004,609810,649014,129194,89942
sp500,2011-02-01,2011-02-04,855085,83521,84313,26232,616916,660000,128416,84540
sp500,2011-02-08,2011-02-11,878168,76924,93938,33693,647441,660888,120110,89649
sp500,2011-02-15,2011-02-18,893447,78530,94614,36526,657919,671408,120472,90898
sp500,2011-02-22,2011-02-25,917177,83311,101338,44042,665257,673753,124567,98045
sp500,2011-03-01,2011-03-04,946217,78801,96475,52797,672042,695056,142577,101888
sp500,2011-03-08,2011-03-11,979528,78626,97692,59055,698932,715745,142916,107036
sp500,2011-03-15,2011-03-18,1173662,81187,103701,112848,815196,810236,164431,146877
sp500,2011-03-22,2011-03-25,808947,66378,93228,24007,584545,575325,134017,116388
sp500,2011-03-29,2011-04-01,826332,72854,95623,18580,584123,595107,150775,117022
sp500,2011-04-05,2011-04-08,838763,83505,93573,15079,580197,610712,159982,119399
sp500,2011-04-12,2011-04-15,843173,78729,101382,19053,583679,601175,161712,121562
sp500,2011-04-19,2011-04-22,859929,72895,106650,21854,600242,603141,164937,128284
sp500,2011-04-26,2011-04-29,872221,83074,95228,18493,605934,636890,164720,121609
sp500,2011-05-03,2011-05-06,885078,93482,91735,24140,605282,652773,162174,116430
sp500,2011-05-10,2011-05-13,863175,82166,87896,17336,591556,636735,172117,121208
sp500,2011-05-17,2011-05-20,870469,80938,85862,24067,595871,635850,169593,124690
sp500,2011-05-24,2011-05-27,896257,83607,99834,25022,609141,632271,178486,139129
sp500,2011-05-31,2011-06-03,905541,86812,106898,23440,616517,637786,178771,137417
sp500,2011-06-07,2011-06-10,948917,85698,108808,47932,624780,646436,190506,145741
sp500,2011-06-14,2011-06-17,1072737,81652,101328,72440,699129,716213,219516,182757
sp500,2011-06-21,2011-06-24,771574,70743,88173,19616,555388,574761,125827,89024
sp500,2011-06-28,2011-07-01,767317,68689,85211,17640,564417,579426,116571,85040
sp500,2011-07-05,2011-07-08,767993,72107,95655,21284,561395,565378,113207,85676
sp500,2011-07-12,2011-07-15,795442,83477,84875,21664,567091,599796,123210,89108
sp500,2011-07-19,2011-07-22,792364,71532,84412,24334,573911,595066,122588,88553
sp500,2011-07-26,2011-07-29,802406,75764,85577,26234,573700,599429,126707,91166
sp500,2011-08-02,2011-08-05,855617,82089,86501,21999,608152,631439,143377,115678
sp500,2011-08-09,2011-08-12,1011909,69741,116810,60558,709000,678261,172610,156280
sp500,2011-08-16,2011-08-19,977983,61400,133380,36140,761309,693090,119134,115373
sp500,2011-08-23,2011-08-26,1062071,66810,151303,52869,823050,746075,119342,111825
sp500,2011-08-30,2011-09-02,1113795,58329,166243,40283,864544,763239,150638,144030
sp500,2011-09-06,2011-09-09,1193021,60375,168492,56049,917237,819995,159361,148485
sp500,2011-09-13,2011-09-16,1322673,64482,163271,70598,1023081,916096,164512,172709
sp500,2011-09-20,2011-09-23,849368,57426,128659,10816,636462,558855,144665,151039
sp500,2011-09-27,2011-09-30,881093,59783,127764,23848,661090,584121,136371,145359
sp500,2011-10-04,2011-10-07,925564,56382,124086,27934,694185,630180,147063,143364
sp500,2011-10-11,2011-10-14,886848,54846,118412,23816,670439,602146,137747,142474
sp500,2011-10-18,2011-10-21,892321,52644,123260,25454,676071,600557,138152,143051
sp500,2011-10-25,2011-10-28,896677,54024,118743,31206,675945,610951,135502,135777
sp500,2011-11-01,2011-11-04,859816,57346,113548,24674,663797,613478,113999,108116
sp500,2011-11-08,2011-11-11,874939,55439,109398,29492,672485,623625,117523,112424
sp500,2011-11-15,2011-11-18,897885,62716,108139,31038,677523,641483,126609,117225
sp500,2011-11-22,2011-11-25,901580,53817,110744,23833,694906,649763,129024,117240
sp500,2011-11-29,2011-12-02,902281,48822,109425,27104,698318,649105,128037,116647
sp500,2011-12-06,2011-12-09,926993,58477,102580,33072,702025,671268,133419,120073
sp500,2011-12-13,2011-12-16,1023384,71350,106964,39502,772724,751025,139809,125894
sp500,2011-12-20,2011-12-23,745391,58312,95575,25282,532445,514982,129351,109551
sp500,2011-12-27,2011-12-30,764761,54238,98727,33895,553760,524778,122868,107360
sp500,2012-01-03,2012-01-06,788830,56905,95016,41298,560996,544944,129631,107572
sp500,2012-01-10,2012-01-13,755841,61440,100473,16535,558551,545949,119316,92884
sp500,2012-01-17,2012-01-20,766599,59805,105451,20546,563699,543855,122549,96747
sp500,2012-01-24,2012-01-27,794994,64829,105525,28454,573869,558915,127842,102100
sp500,2012-01-31,2012-02-03,799299,76615,109187,22303,572547,570406,127835,97404
sp500,2012-02-07,2012-02-10,798596,73919,102558,25552,575964,574005,123162,96481
sp500,2012-02-14,2012-02-17,796294,71630,112429,22419,588944,573931,113302,87516
sp500,2012-02-21,2012-02-24,808052,74736,110657,25744,593528,581707,114044,89945
sp500,2012-02-28,2012-03-02,811993,80391,104618,22059,596662,589934,112881,95382
sp500,2012-03-06,2012-03-09,846787,79292,109191,29530,609663,595589,128301,112477
sp500,2012-03-13,2012-03-16,967328,87438,104556,40192,686658,688240,153040,134340
sp500,2012-03-20,2012-03-23,761130,78944,110947,12102,539048,528344,131036,109737
sp500,2012-03-27,2012-03-30,772728,81917,110007,13446,538797,538473,138569,110802
sp500,2012-04-03,2012-04-06,776067,83131,115234,14915,542873,541507,135148,104412
sp500,2012-04-10,2012-04-13,790586,86798,113035,15980,544805,552282,143003,109289
sp500,2012-04-17,2012-04-20,796135,92587,108560,16679,539870,557196,147000,113701
sp500,2012-04-24,2012-04-27,805068,82948,110424,16019,554635,558730,151467,119896
sp500,2012-05-01,2012-05-04,816564,94620,98204,22160,550150,581442,149634,114758
sp500,2012-05-08,2012-05-11,822718,90142,109516,20540,560147,576081,151889,116580
sp500,2012-05-15,2012-05-18,851882,87753,99319,28376,575335,595197,160419,128990
sp500,2012-05-22,2012-05-25,873488,74029,108494,24120,608380,600939,166960,139935
sp500,2012-05-29,2012-06-01,881189,71857,113173,22380,618591,602236,168361,143401
sp500,2012-06-05,2012-06-08,933308,67549,104261,34691,651526,640740,179542,153615
sp500,2012-06-12,2012-06-15,1016255,66961,104564,35995,730404,719704,182896,155992
sp500,2012-06-19,2012-06-22,740602,61807,86991,16195,522555,520609,140045,116807
sp500,2012-06-26,2012-06-29,774074,74284,91716,19052,537877,545061,142861,118246
sp500,2012-07-03,2012-07-06,773321,71090,89242,20668,534277,541827,147286,121583
sp500,2012-07-10,2012-07-13,794026,68187,94058,23236,552631,554585,149973,122147
sp500,2012-07-17,2012-07-20,801482,67232,85482,21906,557976,568474,154368,125619
sp500,2012-07-24,2012-07-27,817472,61689,84997,30262,575041,577961,150480,124252
sp500,2012-07-31,2012-08-03,781796,71955,78374,20272,542133,565295,147436,117855
sp500,2012-08-07,2012-08-10,802712,80950,75769,24832,552555,585847,144375,116264
sp500,2012-08-14,2012-08-17,820949,79767,80695,27023,572264,599821,141895,113409
sp500,2012-08-21,2012-08-24,834977,74879,83505,26338,586733,609366,147026,115767
sp500,2012-08-28,2012-08-31,848540,81605,84500,22464,597908,628238,146563,113338
sp500,2012-09-04,2012-09-07,861624,81663,88228,27076,608269,633769,144615,112550
sp500,2012-09-11,2012-09-14,871458,92814,80912,25009,608943,656174,144693,109363
sp500,2012-09-18,2012-09-21,976025,97385,78729,31347,705594,761757,141699,104193
sp500,2012-09-25,2012-09-28,754465,96443,70052,14686,525973,590713,117362,79013
sp500,2012-10-02,2012-10-05,777618,101055,79705,15731,548690,603920,112142,78262
sp500,2012-10-09,2012-10-12,775286,95958,74078,14507,553521,612720,111301,73981
sp500,2012-10-16,2012-10-19,784344,100149,69284,15099,555753,620245,113343,79717
sp500,2012-10-23,2012-10-26,805026,94431,83642,19874,580247,626046,110474,75464
sp500,2012-10-30,2012-11-02,809024,97857,85870,13535,585760,630688,111871,78930
sp500,2012-11-06,2012-11-09,807567,92828,77113,16199,588317,632002,110223,82254
sp500,2012-11-13,2012-11-16,828091,96915,71926,18774,591566,649395,120836,87997
sp500,2012-11-20,2012-11-23,852640,85610,78813,20365,604839,645653,141827,107809
sp500,2012-11-27,2012-11-30,847506,91327,80871,21877,599923,637066,134379,107692
sp500,2012-12-04,2012-12-07,851897,95885,70419,23351,595590,654049,137071,104078
sp500,2012-12-11,2012-12-14,866940,109997,66286,33210,592476,668194,131256,99250
sp500,2012-12-18,2012-12-21,923950,109934,68228,37114,658118,734674,118783,83934
sp500,2012-12-24,2012-12-28,728890,89259,64037,13486,513860,575556,112285,75812
sp500,2012-12-31,2013-01-04,739159,97475,69182,15174,517785,582325,108725,72478
sp500,2013-01-08,2013-01-11,751437,89647,66329,21508,540195,594395,100087,69205
sp500,2013-01-15,2013-01-18,754799,91147,67952,15275,540849,591331,107528,80241
sp500,2013-01-22,2013-01-25,788046,85452,68557,17460,574026,613777,111109,88252
sp500,2013-01-29,2013-02-01,805010,94728,73544,18295,592488,631347,99500,81824
sp500,2013-02-05,2013-02-08,807925,95912,65469,21994,587241,642569,102778,77893
sp500,2013-02-12,2013-02-15,830577,95397,74038,18536,603501,643155,113144,94849
sp500,2013-02-19,2013-02-22,856539,93173,73429,20111,635935,673860,107319,89138
sp500,2013-02-26,2013-03-01,875260,97415,76975,29854,620074,667922,127917,100509
sp500,2013-03-05,2013-03-08,892367,118843,72216,25192,611617,677023,136715,117935
sp500,2013-03-12,2013-03-15,1017100,121529,71619,42279,710695,780155,142596,123046
sp500,2013-03-19,2013-03-22,724003,121559,64759,17905,487181,565380,97358,75959
sp500,2013-03-26,2013-03-29,745524,119431,68366,15828,506692,575954,103572,85375
sp500,2013-04-02,2013-04-05,763804,123584,74271,16719,512264,582297,111237,90516
sp500,2013-04-09,2013-04-12,775766,118753,71415,18518,523070,592192,115425,93641
sp500,2013-04-16,2013-04-19,772200,121386,69953,22920,520951,598636,106942,80691
sp500,2013-04-23,2013-04-26,782302,115759,75662,25961,522834,590993,117747,89685
sp500,2013-04-30,2013-05-03,791342,128170,71998,25454,524737,609156,112980,84734
sp500,2013-05-07,2013-05-10,816274,127941,84152,22941,548718,619371,116674,89810
sp500,2013-05-14,2013-05-17,846248,122597,78987,29052,576658,647239,117941,90970
sp500,2013-05-21,2013-05-24,860454,114464,82007,31353,603393,664070,111245,83024
sp500,2013-05-28,2013-05-31,876502,121207,79247,27186,613376,690632,114733,79436
sp500,2013-06-04,2013-06-07,867486,111159,75980,33164,611391,657414,111772,100928
sp500,2013-06-11,2013-06-14,894602,101393,74941,34664,625366,660842,133178,124155
sp500,2013-06-18,2013-06-21,991389,109863,77661,41509,692093,728922,147924,143297
sp500,2013-06-25,2013-06-28,703009,96519,72708,15769,469299,524031,121422,90501
sp500,2013-07-02,2013-07-05,703729,90708,70437,19530,476445,524885,117047,88877
sp500,2013-07-09,2013-07-12,705746,88839,70117,16469,477726,524473,122712,94687
sp500,2013-07-16,2013-07-19,716164,95789,58351,19020,480385,545295,120970,93498
sp500,2013-07-23,2013-07-26,727263,100254,60030,18770,492842,561209,115397,87254
sp500,2013-07-30,2013-08-02,730838,105387,59225,17999,493663,566382,113789,87232
sp500,2013-08-06,2013-08-09,732142,96566,67664,23688,496364,555366,115524,85424
sp500,2013-08-13,2013-08-16,738273,98778,69614,25526,494160,552811,119809,90323
sp500,2013-08-20,2013-08-23,754996,98421,71732,28601,502453,557801,125521,96862
sp500,2013-08-27,2013-08-30,780789,91212,80681,30036,523989,559748,135551,110323
sp500,2013-09-03,2013-09-06,789961,95347,86218,22955,523949,555013,147710,125775
sp500,2013-09-10,2013-09-13,810027,90352,86367,19579,546837,567684,153259,136397
sp500,2013-09-17,2013-09-20,917682,99443,78020,32434,627271,673428,158534,133800
sp500,2013-09-24,2013-09-27,675574,96150,66008,16837,450893,518864,111694,73865
sp500,2013-10-01,2013-10-04,677685,99410,70575,20179,446335,511547,111760,75384
sp500,2013-10-08,2013-10-11,701923,94319,79834,20814,466470,521309,120319,79966
sp500,2013-10-15,2013-10-18,695078,97788,76197,16466,463064,522278,117760,80137
sp500,2013-10-22,2013-10-25,708537,100139,77830,18273,482018,529422,108107,83012
sp500,2013-10-29,2013-11-01,721121,106224,71354,20694,488239,548249,105964,80823
sp500,2013-11-05,2013-11-08,728659,105387,71898,23823,490223,556358,109226,76580
sp500,2013-11-12,2013-11-15,728575,107657,75264,22586,493177,554848,105155,75877
sp500,2013-11-19,2013-11-22,745718,101123,81265,25085,510657,560647,108853,78721
sp500,2013-11-26,2013-11-29,741827,102231,78135,25084,510397,567916,104114,70691
sp500,2013-12-03,2013-12-06,748300,100110,81961,27711,516177,568595,104303,70034
sp500,2013-12-10,2013-12-13,764651,98682,79945,26532,523169,577898,116268,80275
sp500,2013-12-17,2013-12-20,873627,105227,74831,33671,628867,689864,105862,75261
sp500,2013-12-24,2013-12-27,684782,105213,80004,15290,463846,522413,100433,67076
sp500,2013-12-31,2014-01-03,700432,108939,84277,19189,467448,524305,104857,72661
sp500,2014-01-07,2014-01-10,699646,111615,81827,18229,464701,529094,105100,70494
sp500,2014-01-14,2014-01-17,719529,110087,87412,22940,486812,541639,99690,67539
sp500,2014-01-21,2014-01-24,722076,101748,95137,17847,508658,545616,93823,63475
sp500,2014-01-28,2014-01-31,743768,102145,98136,19315,512920,552642,109389,73675
sp500,2014-02-04,2014-02-07,771947,97995,96661,30098,521166,560161,122689,85028
sp500,2014-02-11,2014-02-14,808380,91024,111701,19930,556971,565693,140455,111056
sp500,2014-02-18,2014-02-21,833784,92652,104737,20234,569003,586160,151895,122653
sp500,2014-02-25,2014-02-28,851046,94911,98577,22792,572621,603504,160722,126173
sp500,2014-03-04,2014-03-07,880372,98232,92997,23969,598975,634028,159196,129378
sp500,2014-03-11,2014-03-14,899687,97348,104364,19901,614418,639637,168020,135785
sp500,2014-03-18,2014-03-21,1029593,108915,105079,27610,730480,766173,162588,130731
sp500,2014-03-25,2014-03-28,683526,95420,88332,17439,473287,511465,97380,66290
sp500,2014-04-01,2014-04-04,681463,100384,85233,18184,462142,507542,100753,70504
sp500,2014-04-08,2014-04-11,676428,91188,85868,17896,467434,505506,99911,67159
sp500,2014-04-15,2014-04-18,688040,89659,90346,18860,473194,504610,106327,74223
sp500,2014-04-22,2014-04-25,686751,94326,91855,14803,474012,501606,103609,78487
sp500,2014-04-29,2014-05-02,702673,97191,90260,19058,479128,517574,107296,75781
sp500,2014-05-06,2014-05-09,703712,92216,96034,21244,487834,511520,102418,74914
sp500,2014-05-13,2014-05-16,729317,99585,95178,19441,497439,530877,112851,83820
sp500,2014-05-20,2014-05-23,742933,87696,106420,20610,514041,528503,120586,87400
sp500,2014-05-27,2014-05-30,758245,98178,100658,17226,522907,545110,119935,95252
sp500,2014-06-03,2014-06-06,774514,94525,106440,21176,534668,551348,124145,95549
sp500,2014-06-10,2014-06-13,814572,92808,105689,20942,570477,578526,130345,109415
sp500,2014-06-17,2014-06-20,914025,100748,107531,27566,654077,670254,131635,108675
sp500,2014-06-24,2014-06-27,705455,92543,102603,15167,497450,509169,100295,78516
sp500,2014-07-01,2014-07-04,727127,101688,105392,14653,503930,525400,106855,81681
sp500,2014-07-08,2014-07-11,727096,96071,106843,17928,508716,518191,104381,84134
sp500,2014-07-15,2014-07-18,726972,98366,100214,19260,509450,531765,99896,75733
sp500,2014-07-22,2014-07-25,739612,101069,97579,21201,513871,538385,103471,82448
sp500,2014-07-29,2014-08-01,746886,96305,100862,21564,522860,542270,106158,82190
sp500,2014-08-05,2014-08-08,746293,96077,95458,22540,518153,545213,109523,83081
sp500,2014-08-12,2014-08-15,752126,95674,98383,15634,524980,547408,115837,90700
sp500,2014-08-19,2014-08-22,764463,95012,97312,17251,535543,553249,116657,96651
sp500,2014-08-26,2014-08-29,769648,92675,95650,18270,542747,558657,115957,97071
sp500,2014-09-02,2014-09-05,781007,92247,100955,20777,547421,559750,120563,99525
sp500,2014-09-09,2014-09-12,818907,91977,96748,27051,573948,596190,125931,98919
sp500,2014-09-16,2014-09-19,949208,106507,93257,43076,656998,692947,142626,119928
sp500,2014-09-23,2014-09-26,687035,97068,102658,18613,483665,504642,87690,61123
sp500,2014-09-30,2014-10-03,688127,100887,94971,18636,477661,513132,90943,61388
sp500,2014-10-07,2014-10-10,683188,101611,100611,23432,471057,499059,87089,60086
sp500,2014-10-14,2014-10-17,695436,112525,107653,18543,466006,504795,98362,64446
sp500,2014-10-21,2014-10-24,720693,97298,110552,17158,480641,491874,125595,101108
sp500,2014-10-28,2014-10-31,732657,99866,111627,15333,495507,509279,121952,96419
sp500,2014-11-04,2014-11-07,728520,103327,106882,20346,496107,516401,108740,84890
sp500,2014-11-11,2014-11-14,730037,106577,102034,20702,498411,527077,104346,80224
sp500,2014-11-18,2014-11-21,753656,110990,99307,23475,515612,553514,103579,77359
sp500,2014-11-25,2014-11-28,772687,109677,103539,26067,533730,562393,103212,80687
sp500,2014-12-02,2014-12-05,776987,119013,102759,26868,534521,574424,96584,72936
sp500,2014-12-09,2014-12-12,775987,108669,97265,27683,546163,581967,93473,69072
sp500,2014-12-16,2014-12-19,832516,116311,88149,33269,579413,635560,103523,75538
sp500,2014-12-23,2014-12-26,672428,105909,79039,17514,467139,518166,81865,57708
sp500,2014-12-30,2015-01-02,677927,106900,74698,14886,468080,523808,88061,64535
sp500,2015-01-06,2015-01-09,675726,106272,72689,18208,461182,526542,90063,58286
sp500,2015-01-13,2015-01-16,671513,101656,77781,16646,466190,517784,87021,59303
sp500,2015-01-20,2015-01-23,671899,103169,83052,14044,457881,507274,96805,67529
sp500,2015-01-27,2015-01-30,672635,101957,84100,15209,462829,507189,92640,66137
sp500,2015-02-03,2015-02-06,689848,103800,84902,15747,459483,505577,110818,83622
sp500,2015-02-10,2015-02-13,703790,106598,84352,14772,463874,511766,118546,92900
sp500,2015-02-17,2015-02-20,705929,104949,82379,14049,465682,513536,121249,95965
sp500,2015-02-24,2015-02-27,729019,97910,91163,15038,487970,519239,128101,103579
sp500,2015-03-03,2015-03-06,754597,101138,99891,20575,497406,522265,135478,111866
sp500,2015-03-10,2015-03-13,830808,100344,110244,19771,545262,563737,165432,137055
sp500,2015-03-17,2015-03-20,904970,96082,103177,22798,620313,635853,165777,143143
sp500,2015-03-24,2015-03-27,629452,84963,82937,19074,428181,451578,97234,75863
sp500,2015-03-31,2015-04-03,635500,86421,86756,20300,425976,445922,102802,82522
sp500,2015-04-07,2015-04-10,643859,86548,86518,16424,431618,449979,109270,90939
sp500,2015-04-14,2015-04-17,648744,86301,86447,15701,439285,455964,107457,90632
sp500,2015-04-21,2015-04-24,658194,86233,85004,18700,442180,458247,111081,96242
sp500,2015-04-28,2015-05-01,667287,88196,84649,18588,449760,464973,110742,99077
sp500,2015-05-05,2015-05-08,669417,82232,88130,18949,451427,453337,116808,109001
sp500,2015-05-12,2015-05-15,674672,80597,85904,21375,458508,462465,114192,104928
sp500,2015-05-19,2015-05-22,683932,83866,78140,23389,467898,479505,108778,102898
sp500,2015-05-26,2015-05-29,685015,78812,84536,23222,468837,472952,114145,104306
sp500,2015-06-02,2015-06-05,699436,82536,80201,19680,479815,494626,117405,104928
sp500,2015-06-09,2015-06-12,744892,79214,91454,19441,514066,516068,132171,117930
sp500,2015-06-16,2015-06-19,818130,78628,88256,22498,560572,560338,156432,147038
sp500,2015-06-23,2015-06-26,608957,75229,84748,16379,419834,415653,97515,92177
sp500,2015-06-30,2015-07-03,624941,74469,97279,23389,424124,410936,102958,93337
sp500,2015-07-07,2015-07-10,644368,74219,101245,15006,434613,412444,120530,115673
sp500,2015-07-14,2015-07-17,633569,74077,90209,17385,431672,417235,110435,108740
sp500,2015-07-21,2015-07-24,635291,79536,88408,18139,429693,424302,107923,104443
sp500,2015-07-28,2015-07-31,647180,79012,90353,20396,439652,436465,108121,99966
sp500,2015-08-04,2015-08-07,651953,78302,94045,20742,437755,430672,115154,106494
sp500,2015-08-11,2015-08-14,671573,77345,101554,22029,453152,436736,119047,111254
sp500,2015-08-18,2015-08-21,688260,82280,99456,22187,466582,448788,117211,117829
sp500,2015-08-25,2015-08-28,782911,97267,102868,24035,509645,509661,151964,146347
sp500,2015-09-01,2015-09-04,816628,85691,112244,23449,543300,514354,164188,166580
sp500,2015-09-08,2015-09-11,848170,85062,116020,20404,568243,527762,174460,183983
sp500,2015-09-15,2015-09-18,921243,79327,114527,28265,638357,599209,175294,179242
sp500,2015-09-22,2015-09-25,679965,73204,113974,17188,473258,429572,116315,119230
sp500,2015-09-29,2015-10-02,686659,77088,111828,18644,477026,442157,113901,114030
sp500,2015-10-06,2015-10-09,696897,69657,113913,15875,495257,438707,116108,128401
sp500,2015-10-13,2015-10-16,692719,70483,110180,17247,493599,446235,111390,119057
sp500,2015-10-20,2015-10-23,700025,73771,114751,19079,500258,451039,106917,115156
sp500,2015-10-27,2015-10-30,668152,78128,102501,18678,484428,449376,86917,97597
sp500,2015-11-03,2015-11-06,671878,74884,101006,20216,494388,457567,82390,93090
sp500,2015-11-10,2015-11-13,689592,73791,94027,25783,497906,473398,92112,96384
sp500,2015-11-17,2015-11-20,680871,71529,88053,26986,485089,467123,97266,98709
sp500,2015-11-24,2015-11-27,678277,72334,83935,25352,488408,474465,92184,94526
sp500,2015-12-01,2015-12-04,685208,71967,82199,28503,496431,484580,88307,89926
sp500,2015-12-08,2015-12-11,689577,71922,81397,30249,505005,501098,82401,76834
sp500,2015-12-15,2015-12-18,757425,75053,80083,40529,523356,524722,118487,112091
sp500,2015-12-22,2015-12-25,593654,67962,79327,23711,396910,388842,105070,101774
sp500,2015-12-29,2016-01-01,584476,65543,78229,24265,395390,385718,99278,96264
sp500,2016-01-05,2016-01-08,612018,66819,83627,27733,404763,392169,112703,108488
sp500,2016-01-12,2016-01-15,649905,67258,95857,25204,434845,411731,122598,117112
sp500,2016-01-19,2016-01-22,681362,72653,106712,23280,454639,431599,130790,119772
sp500,2016-01-26,2016-01-29,687081,78916,102497,25547,459802,439834,122817,119204
sp500,2016-02-02,2016-02-05,719671,71022,116393,29481,491345,439868,127822,133929
sp500,2016-02-09,2016-02-12,742952,73206,113690,26102,506517,463221,137128,139939
sp500,2016-02-16,2016-02-19,760791,80725,113128,24110,516251,479879,139705,143674
sp500,2016-02-23,2016-02-26,761112,81237,123282,24875,515054,459692,139946,153263
sp500,2016-03-01,2016-03-04,776246,81740,120938,26640,519718,469865,148148,158803
sp500,2016-03-08,2016-03-11,812089,80754,117641,25991,543347,499031,161998,169426
sp500,2016-03-15,2016-03-18,835103,81649,119281,29811,565138,521628,158505,164383
sp500,2016-03-22,2016-03-25,624401,80690,105868,21732,444175,406759,77804,90041
sp500,2016-03-29,2016-04-01,632054,84406,103624,20344,444481,417482,82824,90604
sp500,2016-04-05,2016-04-08,640464,86752,102416,23815,449213,427737,80685,86496
sp500,2016-04-12,2016-04-15,644744,85316,95600,28340,449855,436183,81233,84621
sp500,2016-04-19,2016-04-22,647049,88250,88190,27826,455358,446188,75614,84845
sp500,2016-04-26,2016-04-29,653325,96139,82321,23636,446678,458362,86872,89005
sp500,2016-05-03,2016-05-06,640333,93388,83185,24799,436116,445037,86030,87311
sp500,2016-05-10,2016-05-13,648848,97871,86046,25124,441018,450757,84835,86920
sp500,2016-05-17,2016-05-20,644341,93574,87088,24758,448512,448578,77497,83917
sp500,2016-05-24,2016-05-27,673452,115253,89641,22046,454293,471736,81861,90029
sp500,2016-05-31,2016-06-03,681779,112371,97419,21936,464352,466977,83121,95447
sp500,2016-06-07,2016-06-10,715957,107094,104130,19920,494254,487032,94689,104875
sp500,2016-06-14,2016-06-17,774471,127876,97403,30617,510429,534799,105549,111652
sp500,2016-06-21,2016-06-24,620998,108900,93951,17780,404632,423143,89687,86125
sp500,2016-06-28,2016-07-01,673460,106535,92487,20247,448369,453151,98309,107575
sp500,2016-07-05,2016-07-08,689194,110415,100190,22558,456815,455402,99406,111044
sp500,2016-07-12,2016-07-15,685818,117407,98083,22546,444412,459653,101452,105536
sp500,2016-07-19,2016-07-22,688835,129928,93666,23265,437871,469387,97771,102517
sp500,2016-07-26,2016-07-29,688070,131772,90237,23523,437833,474793,94942,99517
sp500,2016-08-02,2016-08-05,683947,126751,93694,25517,441056,470796,90623,93939
sp500,2016-08-09,2016-08-12,676437,123651,91262,26488,440475,470831,85823,87856
sp500,2016-08-16,2016-08-19,682836,126523,88046,28968,442660,477395,84685,88428
sp500,2016-08-23,2016-08-26,700378,133341,91144,32087,451585,488587,83364,88560
sp500,2016-08-30,2016-09-02,710340,135125,86276,37405,453221,496674,84589,89985
sp500,2016-09-06,2016-09-09,735322,134195,92336,36141,478795,514806,86190,92039
sp500,2016-09-13,2016-09-16,825324,119140,100576,45215,554217,571307,106753,108226
sp500,2016-09-20,2016-09-23,641083,110229,90463,21368,425897,441972,83590,87281
sp500,2016-09-27,2016-09-30,641376,111265,94104,19353,426480,439287,84278,88632
sp500,2016-10-04,2016-10-07,659410,108077,97342,21193,438211,440813,91929,100062
sp500,2016-10-11,2016-10-14,667013,104197,106414,18252,438361,438139,106203,104208
sp500,2016-10-18,2016-10-21,665364,107706,95050,19026,435113,447699,103518,103589
sp500,2016-10-25,2016-10-28,682461,102827,102809,19055,459352,451984,101227,108613
sp500,2016-11-01,2016-11-04,681289,102026,100054,23017,448913,446505,107333,111713
sp500,2016-11-08,2016-11-11,672984,101870,92197,27128,440722,446304,103263,107355
sp500,2016-11-15,2016-11-18,667044,97544,93626,21255,447113,446002,101131,106161
sp500,2016-11-22,2016-11-25,697761,97136,105689,22793,473416,457630,104416,111649
sp500,2016-11-29,2016-12-02,707887,96958,115816,21671,488817,465908,100440,104492
sp500,2016-12-06,2016-12-09,702523,91075,110320,20043,484529,465602,106876,106558
sp500,2016-12-13,2016-12-16,779925,96682,105393,32580,529323,518506,121341,123446
sp500,2016-12-20,2016-12-23,607961,84787,85802,14950,432515,431769,75709,75440
sp500,2016-12-27,2016-12-30,609421,89989,83335,13349,427699,434749,78384,77987
sp500,2017-01-03,2017-01-06,628650,98348,77437,16526,430070,453909,83706,80778
sp500,2017-01-10,2017-01-13,628415,91962,85545,18765,439529,452609,78159,71496
sp500,2017-01-17,2017-01-20,624477,92286,83377,18055,435267,445498,78869,77546
sp500,2017-01-24,2017-01-27,639223,99295,83019,16939,437170,459688,85819,79578
sp500,2017-01-31,2017-02-03,636204,100350,85183,16771,441492,459114,77591,75136
sp500,2017-02-07,2017-02-10,647479,95408,86234,20680,450814,462982,80577,77583
sp500,2017-02-14,2017-02-17,675290,100160,87317,24378,469631,477999,81121,85597
sp500,2017-02-21,2017-02-24,693015,102160,93720,35416,476981,482236,78457,81643
sp500,2017-02-28,2017-03-03,717622,116026,95727,41510,473655,489227,86430,91158
sp500,2017-03-07,2017-03-10,742520,128582,94109,40283,484536,520113,89119,88015
sp500,2017-03-14,2017-03-17,801763,138375,97652,43287,530425,579453,89676,81371
sp500,2017-03-21,2017-03-24,622785,116503,88730,18007,411726,443323,76549,72725
sp500,2017-03-28,2017-03-31,634041,127545,83021,20603,406277,459010,79615,71407
sp500,2017-04-04,2017-04-07,625889,117951,86427,16433,411131,446030,80374,76999
sp500,2017-04-11,2017-04-14,631099,119186,90423,21774,411503,445153,78636,73749
sp500,2017-04-18,2017-04-21,642634,121741,92430,22226,418878,451380,79788,76598
sp500,2017-04-25,2017-04-28,653341,120828,92165,23051,433194,462043,76269,76082
sp500,2017-05-02,2017-05-05,656419,106186,89807,27154,453530,463601,69549,75857
sp500,2017-05-09,2017-05-12,680155,105747,94137,29562,461447,472141,83399,84316
sp500,2017-05-16,2017-05-19,684563,101566,99713,29269,469953,470193,83776,85389
sp500,2017-05-23,2017-05-26,691817,102982,101489,30264,475477,469524,83094,90540
sp500,2017-05-30,2017-06-02,695192,104991,101857,30125,479948,473169,80128,90041
sp500,2017-06-06,2017-06-09,706889,108034,103683,32500,485798,480891,80556,89815
sp500,2017-06-13,2017-06-16,785893,110467,104381,40556,548778,550056,86093,90901
sp500,2017-06-20,2017-06-23,605483,96346,92883,19384,416269,417203,73483,76013
sp500,2017-06-27,2017-06-30,616094,100516,93706,23150,417751,425857,74676,73381
sp500,2017-07-03,2017-07-07,613110,99852,83660,25116,414631,431678,73511,72656
sp500,2017-07-11,2017-07-14,614457,102280,83932,25104,411328,432024,75745,73397
sp500,2017-07-18,2017-07-21,631177,107255,85494,25600,421755,440231,76566,79851
sp500,2017-07-25,2017-07-28,654894,108045,84414,27328,435502,459010,84020,84142
sp500,2017-08-01,2017-08-04,668674,107220,91703,29805,447974,459531,83675,87634
sp500,2017-08-08,2017-08-11,681713,108974,93712,31989,461108,468115,79642,87897
sp500,2017-08-15,2017-08-18,695177,114947,86819,33682,462872,484157,83676,90520
sp500,2017-08-22,2017-08-25,713658,116091,91140,38117,479496,499207,79954,85194
sp500,2017-08-29,2017-09-01,731582,123098,87107,37454,492017,518708,79013,88313
sp500,2017-09-05,2017-09-08,735493,112112,84557,34439,516274,537032,72667,79465
sp500,2017-09-12,2017-09-15,810813,121974,90204,34732,572774,594147,81333,91730
sp500,2017-09-19,2017-09-22,661762,117587,96450,17411,455970,468501,70793,79400
sp500,2017-09-26,2017-09-29,657752,120340,95314,17811,446032,464293,73570,80334
sp500,2017-10-03,2017-10-06,650232,113544,93617,22264,435865,448731,78560,85621
sp500,2017-10-10,2017-10-13,665557,115753,87772,26181,447574,469374,76048,82229
sp500,2017-10-17,2017-10-20,669706,116435,83715,24168,452133,477341,76970,84482
sp500,2017-10-24,2017-10-27,692744,113763,87331,30614,470837,492315,77531,82484
sp500,2017-10-31,2017-11-03,701203,114329,82311,30925,479470,510897,76479,77071
sp500,2017-11-07,2017-11-10,715963,118541,90839,32398,485980,506948,79043,85777
sp500,2017-11-14,2017-11-17,720635,121791,91423,27784,486403,514024,84657,87403
sp500,2017-11-21,2017-11-24,738955,116467,93947,28202,503006,525864,91280,90942
sp500,2017-11-28,2017-12-01,756344,119507,96719,33688,511048,533213,92101,92724
sp500,2017-12-05,2017-12-08,780215,124451,90050,40048,526132,566740,89584,83377
sp500,2017-12-12,2017-12-15,863122,106901,88775,52049,606331,626455,97840,95842
sp500,2017-12-19,2017-12-22,641391,106300,88136,20314,438262,461710,76515,71231
sp500,2017-12-26,2017-12-29,663937,111036,87855,20057,454791,483242,78053,72783
sp500,2018-01-02,2018-01-05,662131,106861,73129,23147,452314,494015,79809,71841
sp500,2018-01-09,2018-01-12,704939,104609,91141,25160,491740,514894,83429,73744
sp500,2018-01-16,2018-01-19,719920,112167,88469,26739,501369,535501,79645,69211
sp500,2018-01-23,2018-01-26,753197,122767,92787,37001,513260,550970,80168,72438
sp500,2018-01-30,2018-02-02,755004,125846,87550,33423,502709,559161,93026,74869
sp500,2018-02-06,2018-02-09,764134,133168,96979,49079,491143,539013,90744,79064
sp500,2018-02-13,2018-02-16,745984,118641,94110,36789,502197,536727,88356,78358
sp500,2018-02-20,2018-02-23,743270,109413,97005,28512,523120,542857,82225,74896
sp500,2018-02-27,2018-03-02,751478,108670,95319,33467,529530,549443,79811,73249
sp500,2018-03-06,2018-03-09,744178,103420,91611,36130,524413,546938,80215,69499
sp500,2018-03-13,2018-03-16,841393,111244,97327,41626,599586,617433,88937,85007
sp500,2018-03-20,2018-03-23,584448,95478,76949,17128,397729,428359,74113,62011
sp500,2018-03-27,2018-03-30,645461,111689,69265,21036,418975,476863,93762,78297
sp500,2018-04-03,2018-04-06,672875,112247,69714,23677,428757,488892,108194,90591
sp500,2018-04-10,2018-04-13,682253,110325,66808,23224,434629,492421,114076,99800
sp500,2018-04-17,2018-04-20,679003,109511,64568,24288,431810,487252,113395,102895
sp500,2018-04-24,2018-04-27,685976,115381,68905,25993,427710,491952,116892,99125
sp500,2018-05-01,2018-05-04,680823,115207,68775,27165,420804,485000,117648,99883
sp500,2018-05-08,2018-05-11,696497,104503,70846,30184,437456,485395,124354,110072
sp500,2018-05-15,2018-05-18,710995,104912,62727,34024,443893,500247,128166,113997
sp500,2018-05-22,2018-05-25,731490,101720,62576,34174,461900,518895,133697,115845
sp500,2018-05-29,2018-06-01,758381,99316,70677,32353,480964,527153,145748,128198
sp500,2018-06-05,2018-06-08,764297,106347,64213,31121,480210,535498,146619,133466
sp500,2018-06-12,2018-06-15,808289,110693,65988,37881,506804,566642,152912,137778
sp500,2018-06-19,2018-06-22,584145,109423,68707,18964,380893,426110,74865,70364
sp500,2018-06-26,2018-06-29,592189,117470,75472,19831,376523,424892,78365,71994
sp500,2018-07-03,2018-07-06,591994,110650,73386,20390,378127,422493,82827,75724
sp500,2018-07-10,2018-07-13,603377,111163,72581,22037,387822,427400,82355,81359
sp500,2018-07-17,2018-07-20,617923,115053,72963,22831,392610,434071,87429,88059
sp500,2018-07-24,2018-07-27,618863,110228,70292,23231,399514,443176,85891,82164
sp500,2018-07-31,2018-08-03,615259,108399,72043,21893,398020,444088,86947,77235
sp500,2018-08-07,2018-08-10,631017,109633,73229,22713,409378,450983,89293,84093
sp500,2018-08-14,2018-08-17,628840,109110,70085,21502,407762,452242,90466,85011
sp500,2018-08-21,2018-08-24,632271,104801,78574,22409,413630,446157,91431,85131
sp500,2018-08-28,2018-08-31,646116,109212,76945,26880,419167,458147,90857,84144
sp500,2018-09-04,2018-09-07,648498,109088,74611,22821,423317,468319,93273,82747
sp500,2018-09-11,2018-09-14,653358,105418,79502,24845,428953,465356,94143,83656
sp500,2018-09-18,2018-09-21,726708,105610,75488,29674,497257,535507,94168,86039
sp500,2018-09-25,2018-09-28,579634,102290,62633,15998,391422,446257,69924,54746
sp500,2018-10-02,2018-10-05,590542,106683,59448,18288,399342,456552,66230,56254
sp500,2018-10-09,2018-10-12,611580,113016,59204,18630,405821,472190,74113,61556
sp500,2018-10-16,2018-10-19,627161,103949,59744,22911,427847,484517,72455,59989
sp500,2018-10-23,2018-10-26,634547,107270,58753,19911,434052,495563,73314,60319
sp500,2018-10-30,2018-11-02,651135,112379,56965,22359,443319,515000,73078,56811
sp500,2018-11-06,2018-11-09,642723,96904,55204,21853,451239,504650,72727,61016
sp500,2018-11-13,2018-11-16,648679,98843,56358,21379,457063,509559,71394,61383
sp500,2018-11-20,2018-11-23,668984,103368,54411,27582,463186,528318,74847,58672
sp500,2018-11-27,2018-11-30,667115,97227,53045,30242,465516,524032,74130,59796
sp500,2018-12-04,2018-12-07,681655,85683,60262,30447,484378,522764,81147,68182
sp500,2018-12-11,2018-12-14,693855,90457,51467,29266,490802,543958,83330,69164
sp500,2018-12-18,2018-12-21,709900,97530,50754,31067,484212,552074,97091,76005
sp500,2018-12-24,2018-12-28,588676,93092,55680,21337,395776,456903,78471,54756
sp500,2018-12-31,2019-01-04,575768,82493,48426,28372,386910,437898,77993,61072
sp500,2019-01-08,2019-01-11,573742,77947,47840,29760,385240,422951,80794,73191
sp500,2019-01-15,2019-01-18,585987,77083,58845,29721,396276,418256,82907,79164
sp500,2019-01-22,2019-01-25,595185,74669,64229,36540,400224,411373,83751,83043
sp500,2019-01-29,2019-02-01,599443,75192,68555,38968,397508,407735,87775,84184
sp500,2019-02-05,2019-02-08,592490,66660,82883,38724,397726,382078,89379,88805
sp500,2019-02-12,2019-02-15,591539,66222,81070,37928,397651,377943,89737,94597
sp500,2019-02-19,2019-02-22,589295,64215,81107,38095,392106,372501,94879,97591
sp500,2019-02-26,2019-03-01,603122,68637,77097,39828,400435,391485,94222,94712
sp500,2019-03-05,2019-03-08,571144,65931,79808,34585,394522,377251,76107,79500
sp500,2019-03-12,2019-03-15,620260,68217,76034,40602,427056,416605,84386,87020
sp500,2019-03-19,2019-03-22,520024,67024,72507,26665,360190,355719,66144,65132
sp500,2019-03-26,2019-03-29,526058,72848,64143,22478,358848,366913,71884,72524
sp500,2019-04-02,2019-04-05,533116,74043,71488,22302,364476,368553,72295,70772
sp500,2019-04-09,2019-04-12,540171,75554,72863,25370,371142,372856,68105,69082
sp500,2019-04-16,2019-04-19,559143,81063,73673,23882,378756,388247,75442,73341
sp500,2019-04-23,2019-04-26,575717,81479,75909,25614,389127,395353,79496,78840
sp500,2019-04-30,2019-05-03,571216,81808,68310,25569,386863,403265,76975,74072
sp500,2019-05-07,2019-05-10,568612,80318,63274,23525,388310,404644,76459,77169
sp500,2019-05-14,2019-05-17,571543,83665,66175,22899,389417,409282,75563,73188
sp500,2019-05-21,2019-05-24,571843,83278,66134,24276,389790,409401,74499,72032
sp500,2019-05-28,2019-05-31,581858,82860,67715,25880,399474,415883,73644,72381
sp500,2019-06-04,2019-06-07,581678,88943,71421,21066,407864,417036,63804,72155
sp500,2019-06-11,2019-06-14,586932,85663,74112,18632,415662,425981,66974,68207
sp500,2019-06-18,2019-06-21,663913,87078,76203,34414,456965,471887,85456,81409
sp500,2019-06-25,2019-06-28,516250,81226,60896,17460,352573,375084,64990,62811
sp500,2019-07-02,2019-07-05,532421,75330,64223,15859,370021,385538,71211,66801
sp500,2019-07-09,2019-07-12,538672,71883,67379,14089,381203,389810,71496,67393
sp500,2019-07-16,2019-07-19,556903,75401,68385,14372,392789,404630,74342,69516
sp500,2019-07-23,2019-07-26,557604,73978,63367,16716,392213,407678,74697,69843
sp500,2019-07-30,2019-08-02,558588,74104,62090,18697,392598,405389,73189,72411
sp500,2019-08-06,2019-08-09,549032,76363,61454,24754,383364,394550,64550,68274
sp500,2019-08-13,2019-08-16,541120,67423,67233,22188,382351,385185,69157,66514
sp500,2019-08-20,2019-08-23,546962,70679,60823,23752,380047,394416,72484,67971
sp500,2019-08-27,2019-08-30,554812,73338,62547,27493,385079,393206,68901,71567
sp500,2019-09-03,2019-09-06,561385,66895,67597,28512,389150,390744,76828,74532
sp500,2019-09-10,2019-09-13,582996,68993,72673,28220,409327,411208,76456,70894
sp500,2019-09-17,2019-09-20,632829,72289,74631,32475,438501,451348,89564,74375
sp500,2019-09-24,2019-09-27,512020,67415,64502,20531,360079,369604,63995,57383
sp500,2019-10-01,2019-10-04,515140,64259,63298,19789,362395,373657,68697,58396
sp500,2019-10-08,2019-10-11,517891,70085,61135,20559,360573,376069,66674,60128
sp500,2019-10-15,2019-10-18,526647,72623,69164,18911,368487,378430,66627,60142
sp500,2019-10-22,2019-10-25,527802,75352,69113,18260,370427,380493,63763,59936
sp500,2019-10-29,2019-11-01,546562,78900,71835,18590,382717,396260,66355,59877
sp500,2019-11-05,2019-11-08,558295,77928,74929,16348,398505,405444,65514,61574
sp500,2019-11-12,2019-11-15,574424,78300,74564,14016,414971,422273,67138,63571
sp500,2019-11-19,2019-11-22,585963,79312,78141,19102,418674,421473,68875,67247
sp500,2019-11-26,2019-11-29,605622,84581,84577,18601,430992,434933,71449,67510
sp500,2019-12-03,2019-12-06,606563,76731,82681,19768,439869,439506,70196,64608
sp500,2019-12-10,2019-12-13,622140,76112,78191,21223,453875,457074,70930,65651
sp500,2019-12-17,2019-12-20,675130,80214,78385,27808,474885,497091,92223,71846
sp500,2019-12-24,2019-12-27,556980,79420,73245,12169,400285,415816,65106,55750
sp500,2019-12-31,2020-01-03,566928,83186,73119,15406,401218,421508,67118,56895
sp500,2020-01-07,2020-01-10,567613,80900,75358,15831,404426,415691,66456,60733
sp500,2020-01-14,2020-01-17,568311,80255,71750,13961,406022,423618,68073,58983
sp500,2020-01-21,2020-01-24,587888,85531,80955,17292,416421,430884,68644,58757
sp500,2020-01-28,2020-01-31,583370,85798,78896,15037,413395,426045,69139,63392
sp500,2020-02-04,2020-02-07,575449,86416,76177,16189,401478,418317,71365,64765
sp500,2020-02-11,2020-02-14,596376,89949,80335,17981,416705,432255,71742,65805
sp500,2020-02-18,2020-02-21,607316,94305,84465,18617,422704,438885,71691,65349
sp500,2020-02-25,2020-02-28,617822,89674,75831,26153,420099,443231,81896,72607
sp500,2020-03-03,2020-03-06,687840,76985,74574,35004,464114,471406,111738,106857
sp500,2020-03-10,2020-03-13,783449,77985,75781,40963,535129,529102,129373,137604
sp500,2020-03-17,2020-03-20,1024737,88601,76675,72469,685745,693788,177921,181805
sp500,2020-03-24,2020-03-27,695310,76862,73854,15153,512553,512431,90742,93872
sp500,2020-03-31,2020-04-03,754083,82475,84607,22555,536224,517075,112829,129846
sp500,2020-04-07,2020-04-10,772134,76897,92562,25471,547209,513726,122557,140375
sp500,2020-04-14,2020-04-17,777289,75295,104271,30174,548212,496262,123607,146581
sp500,2020-04-21,2020-04-24,774339,74034,97092,31824,540663,498148,127817,147275
sp500,2020-04-28,2020-05-01,764991,71848,105672,32424,528590,475188,132128,151707
sp500,2020-05-05,2020-05-08,750913,66525,98988,27811,528507,471826,128070,152287
sp500,2020-05-12,2020-05-15,753246,62090,93931,31832,525575,468094,133749,159390
sp500,2020-05-19,2020-05-22,748020,63991,98845,32644,517938,462279,133447,154251
sp500,2020-05-26,2020-05-29,748823,65913,105198,34977,514540,455046,133393,153602
sp500,2020-06-02,2020-06-05,750830,72765,105925,34038,512878,460327,131149,150541
sp500,2020-06-09,2020-06-12,766888,74970,105326,37576,523104,480002,131238,143984
sp500,2020-06-16,2020-06-19,812088,69438,114765,43888,555399,500827,143363,152608
sp500,2020-06-23,2020-06-26,520654,66603,86019,9465,396083,363930,48503,61240
sp500,2020-06-30,2020-07-03,538487,73550,86397,10495,398546,374131,55897,67464
sp500,2020-07-07,2020-07-10,533758,73098,80874,11764,393705,373090,55192,68030
sp500,2020-07-14,2020-07-17,536906,76053,81762,11424,393165,374709,56264,69011
sp500,2020-07-21,2020-07-24,542138,75175,82396,12408,394949,378036,59605,69297
sp500,2020-07-28,2020-07-31,551791,75311,79481,14747,398712,384105,63021,73457
sp500,2020-08-04,2020-08-07,559277,79250,85736,11329,400108,385390,68590,76822
sp500,2020-08-11,2020-08-14,566508,78319,84754,17271,403103,386282,67816,78201
sp500,2020-08-18,2020-08-21,574834,83642,88160,19541,402919,392919,68731,74213
sp500,2020-08-25,2020-08-28,579474,81957,92090,19526,410901,391954,67090,75904
sp500,2020-09-01,2020-09-04,590438,87974,88205,21027,413850,404137,67587,77070
sp500,2020-09-08,2020-09-11,577671,82885,74749,21303,404358,400149,69125,81470
sp500,2020-09-15,2020-09-18,620388,79455,73380,23860,436485,442161,80588,80987
sp500,2020-09-22,2020-09-25,502173,69926,59734,8405,369163,376393,54678,57642
sp500,2020-09-29,2020-10-02,502009,75232,60600,6701,365996,379896,54080,54812
sp500,2020-10-06,2020-10-09,507185,79725,63868,9091,357776,369259,60593,64967
sp500,2020-10-13,2020-10-16,509854,76154,65504,11589,359424,368067,62687,64694
sp500,2020-10-20,2020-10-23,503160,78290,67406,10997,354801,366225,59071,58531
sp500,2020-10-27,2020-10-30,500239,86027,62497,8953,349762,371525,55498,57265
sp500,2020-11-03,2020-11-06,496324,75714,59120,8834,356862,372084,54914,56287
sp500,2020-11-10,2020-11-13,517065,75963,60448,14275,364024,382100,62804,60242
sp500,2020-11-17,2020-11-20,534823,79023,66263,12495,372350,389377,70954,66688
sp500,2020-11-24,2020-11-27,538369,72682,72479,16380,377702,381983,71605,67527
sp500,2020-12-01,2020-12-04,556009,72558,73394,18717,392360,395297,72374,68602
sp500,2020-12-08,2020-12-11,578100,74932,79021,22293,406955,407359,73920,69427
sp500,2020-12-15,2020-12-18,637832,74197,78575,29262,450274,452079,84099,77916
sp500,2020-12-21,2020-12-25,495182,66638,71549,7343,370121,371537,51080,44753
sp500,2020-12-29,2021-01-01,506564,68924,77759,10430,373394,371911,53816,46464
sp500,2021-01-05,2021-01-08,523123,67750,78490,10669,384003,385588,60701,48376
sp500,2021-01-12,2021-01-15,531665,71702,75603,9217,388348,391745,62397,55099
sp500,2021-01-19,2021-01-22,535228,75532,73814,11474,387514,397419,60708,52521
sp500,2021-01-26,2021-01-29,539902,74484,77412,12686,398244,400190,54487,49614
sp500,2021-02-02,2021-02-05,550121,71435,77717,15105,401994,404427,61588,52872
sp500,2021-02-09,2021-02-12,547257,68281,79914,16002,403003,396214,59972,55126
sp500,2021-02-16,2021-02-19,552371,68357,81513,17892,404516,398322,61607,54645
sp500,2021-02-23,2021-02-26,556649,70638,73035,20159,406513,410282,59339,53173
sp500,2021-03-02,2021-03-05,584840,77157,69518,20935,413525,431016,73222,63370
sp500,2021-03-09,2021-03-12,585629,78080,72055,23536,419563,433563,64450,56474
sp500,2021-03-16,2021-03-19,643898,74511,71937,33268,468792,480160,67328,58533
sp500,2021-03-23,2021-03-26,508037,60998,66659,8949,384090,389148,54000,43281
sp500,2021-03-30,2021-04-02,529023,61730,67115,15959,393077,392014,58257,53935
sp500,2021-04-06,2021-04-09,549444,66477,72628,22756,395575,392067,64636,61994
sp500,2021-04-13,2021-04-16,560636,67046,72813,29295,400381,397553,63914,60975
sp500,2021-04-20,2021-04-23,569824,68475,73684,33276,403075,402627,64997,60238
sp500,2021-04-27,2021-04-30,581117,71967,66614,39339,399144,407701,70667,67463
sp500,2021-05-04,2021-05-07,578570,67680,67488,41631,408587,414284,60672,55167
sp500,2021-05-11,2021-05-14,568597,67445,62886,37659,400231,413505,63261,54546
sp500,2021-05-18,2021-05-21,561295,70055,63171,34609,385284,403387,71347,60128
sp500,2021-05-25,2021-05-28,588098,75932,65998,42627,396276,414502,73263,64971
sp500,2021-06-01,2021-06-04,594184,78536,66544,36439,400132,421687,79076,69514
sp500,2021-06-08,2021-06-11,606772,77843,62073,44269,405693,428644,78966,71785
sp500,2021-06-15,2021-06-18,666519,79776,64706,50553,450732,475032,85458,76227
sp500,2021-06-22,2021-06-25,519840,71475,61456,14732,377507,393940,56125,49711
sp500,2021-06-29,2021-07-02,526777,75214,64894,16596,376407,391339,58560,53949
sp500,2021-07-06,2021-07-09,535166,78739,66107,19257,380078,397109,57092,52693
sp500,2021-07-13,2021-07-16,543030,81398,65090,22564,380437,399095,58630,56281
sp500,2021-07-20,2021-07-23,551237,79924,68886,23891,388722,400946,58700,57514
sp500,2021-07-27,2021-07-30,560457,81145,67760,34784,379600,396193,64928,61720
sp500,2021-08-03,2021-08-06,568882,83032,67716,37560,379850,399480,68441,64127
sp500,2021-08-10,2021-08-13,573185,81431,68402,42229,379985,395570,69539,66984
sp500,2021-08-17,2021-08-20,581375,75567,64424,50551,386818,399212,68439,67187
sp500,2021-08-24,2021-08-27,592348,77966,64447,54719,385377,399657,74286,73525
sp500,2021-08-31,2021-09-03,601293,68990,62984,56502,399278,406479,76524,75328
sp500,2021-09-07,2021-09-10,611152,71398,68583,60109,404665,410413,74980,72047
sp500,2021-09-14,2021-09-17,655925,72391,64726,68819,427136,442696,87579,79685
sp500,2021-09-21,2021-09-24,490636,75027,65064,11283,347579,368969,56747,45320
sp500,2021-09-28,2021-10-01,491475,76499,61868,12564,348232,368654,54180,48390
sp500,2021-10-05,2021-10-08,487471,73946,59389,11875,348965,368346,52684,47860
sp500,2021-10-12,2021-10-15,480633,75980,56224,11352,340808,367441,52492,45615
sp500,2021-10-19,2021-10-22,477317,70031,56507,11920,343730,360785,51636,48105
sp500,2021-10-26,2021-10-29,480961,70534,51237,13090,342382,367690,54955,48945
sp500,2021-11-02,2021-11-05,486386,74143,49043,13646,343417,376241,55181,47457
sp500,2021-11-09,2021-11-12,487561,77478,57966,14254,341241,368625,54588,46715
sp500,2021-11-16,2021-11-19,490979,77657,55427,15357,343331,373396,54634,46800
sp500,2021-11-23,2021-11-26,491063,75503,50740,16371,344663,374573,54526,49379
sp500,2021-11-30,2021-12-03,502143,85140,49195,15695,345829,384366,55478,52886
sp500,2021-12-07,2021-12-10,502877,87588,54509,15600,346949,383534,52740,49234
sp500,2021-12-14,2021-12-17,550927,88284,54729,35893,361666,402373,65084,57931
sp500,2021-12-21,2021-12-24,452425,82869,55593,8844,307607,343044,53105,44944
sp500,2021-12-28,2021-12-31,457570,80723,60064,8384,316531,344086,51933,45036
sp500,2022-01-04,2022-01-07,459458,81541,59735,8611,315568,346039,53737,45072
sp500,2022-01-11,2022-01-14,456734,77945,62464,8488,314238,341009,56063,44773
sp500,2022-01-18,2022-01-21,461996,81674,56628,10293,311618,349319,58411,45756
sp500,2022-01-25,2022-01-28,475771,92496,47126,9729,316254,374081,57292,44834
sp500,2022-02-01,2022-02-04,456794,80698,48948,9917,311544,350852,54634,47076
sp500,2022-02-08,2022-02-11,445982,78331,42814,10233,305275,345368,52144,47568
sp500,2022-02-15,2022-02-18,454053,86292,47268,12115,305039,346163,50606,48506
sp500,2022-02-22,2022-02-25,474833,92253,44964,13026,318727,366635,50828,50208
sp500,2022-03-01,2022-03-04,477498,86433,54229,12657,328889,359860,49520,50753
sp500,2022-03-08,2022-03-11,487109,79736,54206,15106,344107,368243,48160,49553
sp500,2022-03-15,2022-03-18,516552,75700,55260,24396,363716,386093,52739,50803
sp500,2022-03-22,2022-03-25,422337,56830,67664,10762,305773,294666,48973,49246
sp500,2022-03-29,2022-04-01,424010,57387,67558,10416,308367,296703,47840,49333
sp500,2022-04-05,2022-04-08,424471,58837,65169,11152,303690,299681,50792,48469
sp500,2022-04-12,2022-04-15,431393,62851,50258,11749,307681,320711,49113,48676
sp500,2022-04-19,2022-04-22,431759,62984,49298,11105,307608,320797,50063,50559
sp500,2022-04-26,2022-04-29,438339,72520,47970,12334,303028,328198,50457,49838
sp500,2022-05-03,2022-05-06,441735,72190,61748,11938,308604,320363,49003,47685
sp500,2022-05-10,2022-05-13,452391,76798,52443,15638,309973,333335,49983,50976
sp500,2022-05-17,2022-05-20,450422,70332,57002,13099,319712,330245,47279,50076
sp500,2022-05-24,2022-05-27,452434,70330,60552,11675,322699,328463,47731,51745
sp500,2022-05-31,2022-06-03,452093,65396,61014,11678,327558,327011,47462,52389
sp500,2022-06-07,2022-06-10,453484,64064,67469,12004,329703,319331,47713,54680
sp500,2022-06-14,2022-06-17,530880,75593,68738,34057,365777,371550,55452,56535
sp500,2022-06-21,2022-06-24,452401,54726,77590,10095,342611,313771,44970,50945
sp500,2022-06-28,2022-07-01,449754,49663,77508,10083,345238,311557,44771,50607
sp500,2022-07-05,2022-07-08,461848,47474,84210,10632,358209,313884,45533,53121
sp500,2022-07-12,2022-07-15,463516,44915,88021,11513,360458,310920,46630,53061
sp500,2022-07-19,2022-07-22,467064,50077,91707,13743,358549,305280,44694,56334
sp500,2022-07-26,2022-07-29,464565,48128,95655,13078,359033,301015,44325,54816
sp500,2022-08-02,2022-08-05,462133,47519,93896,13115,357351,298724,44148,56399
sp500,2022-08-09,2022-08-12,459878,45413,94265,13663,357060,294611,43742,57338
sp500,2022-08-16,2022-08-19,469245,45474,103071,13042,365220,294377,45509,58755
sp500,2022-08-23,2022-08-26,465908,45263,97718,12646,362348,296665,45650,58878
sp500,2022-08-30,2022-09-02,465991,48131,96057,12716,360154,297791,44991,59427
sp500,2022-09-06,2022-09-09,462858,45275,93019,14183,357842,297586,45558,58070
sp500,2022-09-13,2022-09-16,520609,46959,103160,19859,397277,323220,56514,74370
sp500,2022-09-20,2022-09-23,428204,44232,88122,10604,336388,273649,36981,55830
sp500,2022-09-27,2022-09-30,446776,52559,82600,13377,343514,296921,37325,53878
sp500,2022-10-04,2022-10-07,452257,45134,86994,13614,346476,297047,47033,54602
sp500,2022-10-11,2022-10-14,455559,50342,83154,14867,345720,306674,44630,50864
sp500,2022-10-18,2022-10-21,467313,48130,92770,15624,358913,307190,44646,51729
sp500,2022-10-25,2022-10-28,472365,48163,91984,19477,361153,311623,43571,49281
sp500,2022-11-01,2022-11-04,467342,55684,90696,17183,349418,309950,45057,49513
sp500,2022-11-08,2022-11-11,463779,52708,88120,18607,346942,307295,45522,49757
sp500,2022-11-15,2022-11-18,468702,51593,92122,17967,351219,310592,47923,48021
sp500,2022-11-22,2022-11-25,460815,48941,87239,18439,345287,306250,48149,48888
sp500,2022-11-29,2022-12-02,462905,48690,89525,17724,348139,307802,48352,47854
sp500,2022-12-06,2022-12-09,457538,46183,86927,16891,345693,306369,48771,47352
sp500,2022-12-13,2022-12-16,495428,45301,91326,30787,363384,320839,55955,52476
sp500,2022-12-20,2022-12-23,397369,49728,81679,8643,292304,260160,46694,46888
sp500,2022-12-27,2022-12-30,392262,48995,83851,8835,289456,253659,44975,45916
sp500,2023-01-03,2023-01-06,402199,52252,85712,8414,294962,261652,46571,46421
sp500,2023-01-10,2023-01-13,406513,48701,91335,7837,302587,262000,47389,45341
sp500,2023-01-17,2023-01-20,411294,52067,97431,8630,303624,257392,46973,47842
sp500,2023-01-24,2023-01-27,404887,50095,91893,8842,297126,256573,48824,47579
sp500,2023-01-31,2023-02-03,412284,50688,95139,8657,303814,256857,49126,51631
sp500,2023-02-07,2023-02-10,410617,49623,93132,9069,302763,259787,49162,48628
sp500,2023-02-14,2023-02-17,415269,48455,97746,9281,305776,255549,51758,52694
sp500,2023-02-21,2023-02-24,414897,46362,93220,9700,308505,260274,50331,51703
sp500,2023-02-28,2023-03-03,422632,49591,86369,9944,313251,276277,49847,50042
sp500,2023-03-07,2023-03-10,426634,45660,87557,9693,324462,276926,46819,52458
sp500,2023-03-14,2023-03-17,510197,46660,70624,26553,374017,337377,62966,75643
sp500,2023-03-21,2023-03-24,429801,40625,81121,11758,336264,282973,41154,53949
sp500,2023-03-28,2023-03-31,428446,39894,84826,12087,334761,280566,41704,50968
sp500,2023-04-04,2023-04-07,443902,32753,97045,12876,338081,281787,60192,52195
sp500,2023-04-11,2023-04-14,449694,41401,102924,12866,349976,281573,45451,52331
sp500,2023-04-18,2023-04-21,455664,40912,109763,13550,352872,280906,48330,51445
sp500,2023-04-25,2023-04-28,453159,41467,114120,14159,349486,272158,48048,52722
sp500,2023-05-02,2023-05-05,2304633,204931,547791,90177,1761417,1378981,248108,287684
sp500,2023-05-09,2023-05-12,2325459,200323,564600,96732,1777969,1379176,250436,284952
sp500,2023-05-16,2023-05-19,2339836,195781,570426,96610,1798805,1382757,248640,290043
sp500,2023-05-23,2023-05-26,2420808,189899,578429,94482,1882185,1460658,254242,287238
sp500,2023-05-30,2023-06-02,2533871,178251,596043,110564,1982320,1547296,262736,279969
sp500,2023-06-06,2023-06-09,2544164,246110,571756,116292,1917778,1567072,263985,289045
sp500,2023-06-13,2023-06-16,2956473,247813,553488,220613,2152639,1845404,335409,336968
sp500,2023-06-20,2023-06-23,2233907,211190,449838,55399,1719676,1469013,247642,259658
sp500,2023-06-27,2023-06-30,2200098,223806,428829,54980,1677597,1471574,243716,244715
sp500,2023-07-03,2023-07-07,2227564,224667,425609,61337,1690980,1484025,250580,256592
sp500,2023-07-11,2023-07-14,2228090,226193,426919,61282,1686533,1483062,254082,256827
sp500,2023-07-18,2023-07-21,2301847,235764,489720,65464,1732381,1494841,268237,251821
sp500,2023-07-25,2023-07-28,2265346,237756,462026,68115,1696551,1478348,262924,256858
sp500,2023-08-01,2023-08-04,2263529,235390,424874,72951,1689086,1502120,266101,263584
sp500,2023-08-08,2023-08-11,2245745,241035,390106,81535,1656812,1515942,266363,258162
sp500,2023-08-15,2023-08-18,2246098,260808,366991,78311,1637065,1540288,269915,260508
sp500,2023-08-22,2023-08-25,2253916,237362,363660,73478,1670937,1568891,272139,247887
sp500,2023-08-29,2023-09-01,2291670,260017,392610,77278,1693667,1568506,260709,253277
sp500,2023-09-05,2023-09-08,2284667,243424,377940,83002,1695916,1572027,262325,251699
sp500,2023-09-12,2023-09-15,2547762,280602,381625,151162,1823590,1736525,292408,278450
sp500,2023-09-19,2023-09-22,2107388,201587,341997,56519,1601273,1475726,248010,233146
sp500,2023-09-26,2023-09-29,2150244,261738,352906,67707,1561943,1496369,258856,233262
sp500,2023-10-03,2023-10-06,2151506,233248,310336,74286,1584086,1537950,259885,228933
sp500,2023-10-10,2023-10-13,2088321,204465,302465,74331,1561159,1491385,248366,220140
sp500,2023-10-17,2023-10-20,2128482,216659,286555,77157,1583039,1538679,251627,226091
sp500,2023-10-24,2023-10-27,2176852,273974,272557,78278,1564930,1598676,259671,227343
sp500,2023-10-31,2023-11-03,2193182,274518,277967,78415,1568983,1602380,271267,234420
sp500,2023-11-07,2023-11-10,2194624,264335,322488,67949,1598198,1561900,264142,242287
sp500,2023-11-14,2023-11-17,2208240,269036,325701,71824,1596319,1584100,271062,226615
sp500,2023-11-21,2023-11-24,2255516,247084,330984,70426,1667729,1632855,270277,221251
sp500,2023-11-28,2023-12-01,2295420,275445,344353,78929,1673758,1650983,267288,221156
sp500,2023-12-05,2023-12-08,2330556,259495,308789,94025,1708661,1707995,268376,219747
sp500,2023-12-12,2023-12-15,2690306,256558,316779,230832,1891039,1868344,311877,274351
sp500,2023-12-19,2023-12-22,2167112,247784,443785,47641,1611053,1486057,260635,189630
sp500,2023-12-26,2023-12-29,2166788,250264,443991,46466,1603647,1481609,266411,194721
sp500,2024-01-02,2024-01-05,2234726,256848,469903,48817,1653372,1525786,275689,190220
sp500,2024-01-09,2024-01-12,2225245,277818,390124,58645,1604472,1587089,284310,189387
sp500,2024-01-16,2024-01-19,2233526,262747,427168,67658,1634436,1530264,268685,208436
sp500,2024-01-23,2024-01-26,2287411,281523,467423,53157,1685280,1572743,267450,194088
sp500,2024-01-30,2024-02-02,2326056,285710,509741,51125,1718887,1573561,270335,191629
sp500,2024-02-06,2024-02-09,2313768,278111,509973,49812,1724628,1561498,261217,192486
sp500,2024-02-13,2024-02-16,2355646,292810,506021,62169,1740517,1587584,260150,199872
sp500,2024-02-20,2024-02-23,2341883,272294,487983,76930,1724786,1581587,267874,195384
sp500,2024-02-27,2024-03-01,2365269,296322,516194,80265,1719287,1577873,269395,190937
sp500,2024-03-05,2024-03-08,2401166,284325,483294,101682,1744733,1624632,270427,191559
sp500,2024-03-12,2024-03-15,2704540,280782,508622,211691,1915219,1773573,296848,210655
sp500,2024-03-19,2024-03-22,2111429,259421,446927,43184,1542079,1433474,266745,187844
sp500,2024-03-26,2024-03-29,2128826,296934,460192,48711,1506596,1432340,276585,187583
sp500,2024-04-02,2024-04-05,2110281,291608,360964,56869,1479820,1501509,281985,190939
sp500,2024-04-09,2024-04-12,2115693,286456,337968,58416,1482175,1524427,288646,194882
sp500,2024-04-16,2024-04-19,2124352,359023,276745,62283,1409806,1594944,293240,190380
sp500,2024-04-23,2024-04-26,2092629,329860,253148,62428,1405678,1593977,294662,183075
sp500,2024-04-30,2024-05-03,2031800,282529,231851,67049,1396319,1544777,285903,188122
sp500,2024-05-07,2024-05-10,2056976,264704,265202,65435,1440537,1534764,286300,191576
sp500,2024-05-14,2024-05-17,2107573,271442,287961,70237,1481845,1553464,284049,195911
sp500,2024-05-21,2024-05-24,2176057,302783,316553,72879,1505752,1596649,294644,189977
sp500,2024-05-28,2024-05-31,2207528,329454,323261,74663,1507973,1612387,295438,197218
sp500,2024-06-04,2024-06-07,2189450,264295,317484,93281,1537832,1585502,294041,193183
sp500,2024-06-11,2024-06-14,2296554,269161,366965,114234,1610027,1622069,303133,193287
sp500,2024-06-18,2024-06-21,2626904,314948,414841,144311,1862807,1853347,304838,214405
sp500,2024-06-25,2024-06-28,1986672,270812,336917,39802,1403560,1448090,272497,161863
sp500,2024-07-02,2024-07-05,2047732,317247,329859,40342,1413128,1509964,277015,167566
sp500,2024-07-09,2024-07-12,2059456,309131,364840,41402,1436809,1478709,272114,174504
sp500,2024-07-16,2024-07-19,2102256,332812,400884,40967,1452266,1487669,276211,172735
sp500,2024-07-23,2024-07-26,2058317,335324,351418,31703,1421641,1514783,269649,160414
sp500,2024-07-30,2024-08-02,2058295,332421,324682,47255,1408787,1530247,269832,156112
sp500,2024-08-06,2024-08-09,2037394,324949,297009,44450,1410615,1526473,257380,169462
sp500,2024-08-13,2024-08-16,2046062,283430,312693,60124,1444766,1489058,257741,184187
sp500,2024-08-20,2024-08-23,2066099,277239,369397,78128,1441968,1443203,268764,175371
sp500,2024-08-27,2024-08-30,2113787,301079,390612,89000,1445547,1471628,278162,162547
sp500,2024-09-03,2024-09-06,2120935,321006,375827,71675,1454547,1499887,273707,173546
sp500,2024-09-10,2024-09-13,2169815,336030,401324,94270,1473582,1485450,265933,188771
sp500,2024-09-17,2024-09-20,2597333,299991,428078,146295,1864823,1823850,286223,199110
sp500,2024-09-24,2024-09-27,2055631,290716,326849,36635,1466815,1524345,261465,167803
sp500,2024-10-01,2024-10-04,2092048,310790,302790,32113,1488154,1580377,260992,176769
sp500,2024-10-08,2024-10-11,2144160,322859,327691,36058,1517097,1602311,268146,178100
sp500,2024-10-15,2024-10-18,2199693,352206,321528,45722,1524500,1653022,277264,179421
sp500,2024-10-22,2024-10-25,2201296,360183,335020,55148,1516634,1632724,269332,178403
sp500,2024-10-29,2024-11-01,2184936,367843,299479,59940,1478676,1655226,278478,170291
sp500,2024-11-05,2024-11-08,2158810,376962,256381,52640,1450470,1682523,278739,167267
sp500,2024-11-12,2024-11-15,2255574,362908,329249,55336,1543090,1702688,294240,168301
sp500,2024-11-19,2024-11-22,2280743,350116,307665,71776,1560143,1741184,298708,160118
sp500,2024-11-26,2024-11-29,2295861,272149,342508,87272,1630229,1702843,306212,163239
sp500,2024-12-03,2024-12-06,2303238,262910,362521,87975,1650019,1687970,302334,164772
sp500,2024-12-10,2024-12-13,2349247,290379,364495,94251,1657996,1723367,306622,167135
sp500,2024-12-17,2024-12-20,2623934,319777,348339,171514,1797010,1913439,335633,190643
sp500,2024-12-24,2024-12-27,2092944,275235,339731,41390,1493336,1554278,282984,157545
sp500,2024-12-31,2025-01-03,2069072,260872,318123,38578,1477183,1557507,292439,154864
sp500,2025-01-07,2025-01-10,2081903,264084,327621,46570,1488507,1543329,282742,164383
sp500,2025-01-14,2025-01-17,2057030,256396,289250,58265,1466301,1549180,276068,160335
sp500,2025-01-21,2025-01-24,2048587,262139,340136,43392,1456724,1514620,286332,150439
sp500,2025-01-28,2025-01-31,2046711,249000,306901,65144,1446447,1524089,286120,150577
sp500,2025-02-04,2025-02-07,2085692,306922,312995,74787,1425316,1548122,278667,149789
sp500,2025-02-11,2025-02-14,2111106,334397,351253,53694,1438396,1551627,284619,154532
sp500,2025-02-18,2025-02-21,2136225,313845,353895,56650,1477736,1568338,287994,157342
sp500,2025-02-25,2025-02-28,2145543,300070,332789,57271,1491488,1598480,296714,157003
sp500,2025-03-04,2025-03-07,2202261,365541,330730,55609,1484871,1651595,296240,164326
sp500,2025-03-11,2025-03-14,2308393,380126,294814,66563,1555235,1771669,306470,175347
sp500,2025-03-18,2025-03-21,2591482,342040,266748,186945,1757384,1948174,305113,189614
sp500,2025-03-25,2025-03-28,2084451,263440,317664,64751,1498297,1530566,257963,171469
sp500,2025-04-01,2025-04-04,2124617,299935,321026,58953,1509295,1561723,256433,182915
sp500,2025-04-08,2025-04-11,2349923,319844,350897,84424,1685499,1691282,260157,223321
sp500,2025-04-15,2025-04-18,2197559,253575,317597,72685,1629365,1590030,241935,217247
sp500,2025-04-22,2025-04-25,2224655,262329,338204,68061,1651591,1610864,242674,207526
sp500,2025-04-29,2025-05-02,2150370,238841,318072,65957,1599127,1555546,246444,210795
sp500,2025-05-06,2025-05-09,2149796,249517,328527,70231,1586867,1540847,243181,210192
sp500,2025-05-13,2025-05-16,2142617,241190,361081,69038,1576417,1513671,255972,198827
sp500,2025-05-20,2025-05-23,2130048,243569,338968,65502,1575299,1523477,245679,202102
sp500,2025-05-27,2025-05-30,2129520,256386,308733,63995,1565769,1558592,243370,198201
sp500,2025-06-03,2025-06-06,2140283,250353,319981,66951,1571442,1561439,251537,191912
sp500,2025-06-10,2025-06-13,2241820,215371,343340,83162,1687259,1627789,256027,187528
sp500,2025-06-17,2025-06-20,2473205,221600,399094,129170,1849701,1731629,272734,213312
sp500,2025-06-24,2025-06-27,1898304,212384,357729,47317,1386332,1304541,252272,188717
sp500,2025-07-01,2025-07-04,1900931,245028,328053,27686,1368735,1365423,259483,179769
sp500,2025-07-08,2025-07-11,1915351,233049,370088,39362,1386090,1323412,256851,182490
sp500,2025-07-15,2025-07-18,1952930,233665,399317,35600,1426832,1329228,256833,188785
sp500,2025-07-22,2025-07-25,1937915,220971,386433,38699,1423958,1325384,254287,187399
sp500,2025-07-29,2025-08-01,1965169,233484,393003,47685,1421979,1340235,262022,184246
sp500,2025-08-05,2025-08-08,1928385,233328,376425,41151,1399283,1334136,254623,176673
sp500,2025-08-12,2025-08-15,1990230,223653,419609,51999,1464390,1341862,250187,176760
sp500,2025-08-19,2025-08-22,2001161,222602,397664,53475,1469733,1367281,255351,182741
sp500,2025-08-26,2025-08-29,2043484,224647,414391,52454,1506599,1395667,259784,180972
sp500,2025-09-02,2025-09-05,2022728,221081,380883,52990,1493420,1403166,255238,185690
sp500,2025-09-09,2025-09-12,2063255,231411,405018,71756,1494740,1400013,265348,186468
sp500,2025-09-16,2025-09-19,2467095,220895,443842,168793,1781070,1643496,296337,210963
sp500,2025-09-23,2025-09-26,1963507,229106,401946,32815,1443360,1354260,258225,174485
sp500,2025-09-30,2025-10-03,1955078,226099,361436,32225,1443020,1394099,253734,167318
sp500,2025-10-07,2025-10-10,1965775,229997,372374,35115,1438103,1391383,262560,166905
sp500,2025-10-14,2025-10-17,1943899,213179,379748,37295,1429466,1355782,263959,171074
sp500,2025-10-21,2025-10-24,1900748,220956,364909,42538,1377318,1325139,259935,168161
sp500,2025-10-28,2025-10-31,1947747,218351,367205,46333,1418371,1365718,264692,168491
sp500,2025-11-04,2025-11-07,1977017,219736,381342,52814,1434179,1370609,270288,172252
sp500,2025-11-10,2025-11-14,2005108,225883,376703,64291,1445075,1394132,269860,169983
sp500,2025-11-18,2025-11-21,2064107,222977,363875,75727,1490852,1441700,274550,182805
sp500,2025-11-25,2025-11-28,2100665,238788,385717,80541,1488287,1459422,293049,174985
sp500,2025-12-02,2025-12-05,2102168,222060,410753,74580,1512543,1445119,292985,171716
sp500,2025-12-09,2025-12-12,2172273,222319,406201,94823,1568306,1505252,286826,165998
sp500,2025-12-16,2025-12-19,2504363,237159,396068,145317,1806482,1771278,315406,191700
sp500,2025-12-23,2025-12-26,1923191,241445,323951,25594,1383577,1431799,272575,141847
sp500,2025-12-30,2026-01-02,1949403,226425,320988,48355,1403461,1431420,271162,148641
sp500,2026-01-06,2026-01-09,1959833,229031,334753,46975,1411571,1439328,272256,138777
sp500,2026-01-13,2026-01-16,1923938,248451,370047,45956,1354429,1368963,275101,138972
sp500,2026-01-20,2026-01-23,1944353,245253,328095,54499,1366564,1406175,278038,155584
sp500,2026-01-27,2026-01-30,1915990,244723,342470,41099,1350410,1375576,279758,156846
sp500,2026-02-03,2026-02-06,1949539,244946,374275,46001,1385081,1371743,273512,157520
sp500,2026-02-10,2026-02-13,1955058,240164,340878,55742,1387239,1397854,271914,160584
sp500,2026-02-17,2026-02-20,1987373,195857,369091,54257,1453707,1402167,283552,161858
sp500,2026-02-24,2026-02-27,2038108,200838,388452,49027,1514156,1440600,274087,160029
sp500,2026-03-03,2026-03-06,2085416,207493,372947,51430,1563860,1486757,262633,174282
sp500,2026-03-10,2026-03-13,2023096,196936,333111,61077,1495868,1431561,269215,197347
sp500,2026-03-17,2026-03-20,2359720,204277,316829,112902,1752404,1727401,290138,202589
sp500,2026-03-24,2026-03-27,1897311,213588,291431,32365,1395240,1399006,256119,174510
sp500,2026-03-31,2026-04-03,1966743,239619,278406,44242,1432260,1463631,250622,180464
sp500,2026-04-07,2026-04-10,1948342,230957,274065,48171,1420144,1434434,249070,191672
sp500,2026-04-14,2026-04-17,1980961,233239,348126,43696,1455153,1404033,248873,185106
sp500,2026-04-21,2026-04-24,1985777,230168,340125,48163,1448688,1425930,258757,171559
sp500,2026-04-28,2026-05-01,1982697,238327,338849,52733,1432748,1420083,258889,171032
sp500,2026-05-05,2026-05-08,2008969,254889,353470,47660,1446436,1427702,259984,180137
sp500,2026-05-12,2026-05-15,2078428,266045,404950,46067,1498321,1449158,267996,178254
sp500,2026-05-19,2026-05-22,2097761,270399,405305,57600,1498567,1458483,271195,176373
sp500,2026-05-26,2026-05-29,2124493,254834,414150,56182,1537395,1481370,276082,172791
sp500,2026-06-02,2026-06-05,2183680,270732,485041,60109,1569828,1457948,283012,180583
sp500,2026-06-09,2026-06-12,2242004,268106,462660,84190,1610600,1522544,279109,172611
sp500,2026-06-16,2026-06-19,2624882,262596,442739,111966,1949292,1893405,301027,176772
sp500,2026-06-23,2026-06-26,1997951,250700,282856,32036,1447583,1536158,267632,146902
sp500,2026-06-30,2026-07-03,1986279,247194,285025,38139,1428803,1510204,272142,152911
sp500,2026-07-07,2026-07-10,1987662,242815,286801,40028,1442524,1502995,262295,157839
sp500,2026-07-14,2026-07-17,1959749,253718,296283,41499,1394140,1479087,270392,142881
sp500,2026-07-21,2026-07-24,1958349,251249,272247,40732,1395138,1494650,271230,150719
sp500,2026-07-28,2026-07-31,2007178,252526,271611,52675,1436790,1526271,265187,156622
bitcoin,2018-04-10,2018-04-13,1702,1077,1315,26,0,0,599,361
bitcoin,2018-04-17,2018-04-20,2029,1305,1645,42,0,0,682,342
bitcoin,2018-04-24,2018-04-27,2380,1497,2018,54,0,0,829,308
bitcoin,2018-05-01,2018-05-04,1991,1375,1631,27,0,0,589,333
bitcoin,2018-05-08,2018-05-11,2485,1675,2075,20,0,0,790,390
bitcoin,2018-05-15,2018-05-18,2505,1675,2052,26,0,0,804,427
bitcoin,2018-05-22,2018-05-25,2684,1785,2228,50,0,0,849,406
bitcoin,2018-05-29,2018-06-01,2714,1696,2253,58,0,0,960,403
bitcoin,2018-06-05,2018-06-08,2556,1713,2179,27,0,0,816,350
bitcoin,2018-06-12,2018-06-15,2643,1805,2182,19,0,0,819,442
bitcoin,2018-06-19,2018-06-22,2633,1718,2063,111,0,0,804,459
bitcoin,2018-06-26,2018-06-29,2687,1708,2131,140,0,0,839,416
bitcoin,2018-07-03,2018-07-06,2514,1680,2089,48,0,0,786,377
bitcoin,2018-07-10,2018-07-13,2622,1808,2139,113,0,0,701,370
bitcoin,2018-07-17,2018-07-20,2854,1987,2334,83,0,77,784,360
bitcoin,2018-07-24,2018-07-27,3431,2295,2792,205,0,77,931,357
bitcoin,2018-07-31,2018-08-03,3063,1981,2433,267,0,85,815,278
bitcoin,2018-08-07,2018-08-10,2732,1616,1982,316,0,85,800,349
bitcoin,2018-08-14,2018-08-17,2983,2203,2425,75,0,77,705,406
bitcoin,2018-08-21,2018-08-24,2981,2189,2454,81,0,90,711,356
bitcoin,2018-08-28,2018-08-31,2840,1915,2354,66,0,90,859,330
bitcoin,2018-09-04,2018-09-07,2707,1862,2184,25,0,145,820,353
bitcoin,2018-09-11,2018-09-14,2711,1746,2105,222,0,143,743,241
bitcoin,2018-09-18,2018-09-21,2742,1656,2037,228,0,139,858,338
bitcoin,2018-09-25,2018-09-28,2746,1625,1952,332,0,139,789,323
bitcoin,2018-10-02,2018-10-05,2354,1590,1918,23,0,155,741,258
bitcoin,2018-10-09,2018-10-12,2848,2038,2289,24,0,170,786,365
bitcoin,2018-10-16,2018-10-19,2730,1962,2190,64,0,170,704,306
bitcoin,2018-10-23,2018-10-26,3001,1870,1997,466,0,171,665,367
bitcoin,2018-10-30,2018-11-02,2608,1973,2033,82,0,167,553,326
bitcoin,2018-11-06,2018-11-09,2913,2248,2458,0,0,167,665,288
bitcoin,2018-11-13,2018-11-16,3530,2892,3055,1,0,167,637,307
bitcoin,2018-11-20,2018-11-23,3729,2467,2576,599,0,174,663,380
bitcoin,2018-11-27,2018-11-30,3791,2677,2750,380,0,251,734,410
bitcoin,2018-12-04,2018-12-07,3301,2638,2752,78,0,153,585,318
bitcoin,2018-12-11,2018-12-14,3970,3091,3331,124,4,173,751,342
bitcoin,2018-12-18,2018-12-21,4359,3407,3759,152,0,169,800,279
bitcoin,2018-12-24,2018-12-28,3857,2951,3236,186,0,154,720,281
bitcoin,2018-12-31,2019-01-04,3708,2686,2980,227,0,223,795,278
bitcoin,2019-01-08,2019-01-11,3764,2976,3217,68,0,173,720,306
bitcoin,2019-01-15,2019-01-18,4473,3554,3696,213,0,173,706,391
bitcoin,2019-01-22,2019-01-25,4976,3350,3645,814,129,173,683,344
bitcoin,2019-01-29,2019-02-01,4047,2888,3203,341,129,173,689,330
bitcoin,2019-02-05,2019-02-08,3881,2678,2998,377,131,173,695,333
bitcoin,2019-02-12,2019-02-15,3361,2021,2624,258,320,230,762,249
bitcoin,2019-02-19,2019-02-22,3964,2486,3062,398,222,220,858,284
bitcoin,2019-02-26,2019-03-01,3324,2368,2686,132,0,230,824,276
bitcoin,2019-03-05,2019-03-08,3226,2203,2489,165,0,234,858,338
bitcoin,2019-03-12,2019-03-15,3480,2307,2663,331,0,256,842,230
bitcoin,2019-03-19,2019-03-22,3681,2383,2833,295,0,281,1003,272
bitcoin,2019-03-26,2019-03-29,3428,1960,2326,538,0,232,930,332
bitcoin,2019-04-02,2019-04-05,4000,2430,3056,471,0,229,1099,244
bitcoin,2019-04-09,2019-04-12,4443,2846,3545,421,0,211,1176,266
bitcoin,2019-04-16,2019-04-19,4324,2967,3673,193,0,202,1164,256
bitcoin,2019-04-23,2019-04-26,4313,2771,3834,156,0,87,1386,236
bitcoin,2019-04-30,2019-05-03,3817,2501,3466,98,0,46,1218,207
bitcoin,2019-05-07,2019-05-10,4388,2946,3985,108,0,46,1334,249
bitcoin,2019-05-14,2019-05-17,4447,2805,3750,289,0,46,1353,362
bitcoin,2019-05-21,2019-05-24,4650,2845,3826,384,0,46,1421,394
bitcoin,2019-05-28,2019-05-31,5190,3266,4417,371,0,46,1553,356
bitcoin,2019-06-04,2019-06-07,4436,2834,3763,211,0,34,1391,428
bitcoin,2019-06-11,2019-06-14,4434,2794,3694,280,0,101,1360,359
bitcoin,2019-06-18,2019-06-21,5391,3400,4431,491,0,101,1500,368
bitcoin,2019-06-25,2019-06-28,6021,3893,5126,391,0,87,1737,417
bitcoin,2019-07-02,2019-07-05,5839,4082,5206,222,0,78,1535,333
bitcoin,2019-07-09,2019-07-12,6075,4164,5472,181,0,78,1730,344
bitcoin,2019-07-16,2019-07-19,5322,3322,4676,211,0,26,1789,409
bitcoin,2019-07-23,2019-07-26,4928,3032,4254,184,0,26,1712,464
bitcoin,2019-07-30,2019-08-02,4302,2687,3689,92,0,26,1523,495
bitcoin,2019-08-06,2019-08-09,4692,2820,4048,72,0,26,1800,546
bitcoin,2019-08-13,2019-08-16,4729,2871,4074,110,0,26,1748,519
bitcoin,2019-08-20,2019-08-23,4485,2565,3807,224,0,26,1696,428
bitcoin,2019-08-27,2019-08-30,4091,2285,3470,81,0,26,1725,514
bitcoin,2019-09-03,2019-09-06,4493,2755,3875,154,0,26,1584,438
bitcoin,2019-09-10,2019-09-13,4128,2447,3398,253,0,26,1428,451
bitcoin,2019-09-17,2019-09-20,4174,2502,3572,219,0,26,1453,357
bitcoin,2019-09-24,2019-09-27,4178,2253,3321,297,0,26,1628,534
bitcoin,2019-10-01,2019-10-04,3348,1801,2666,137,0,0,1410,545
bitcoin,2019-10-08,2019-10-11,3335,1805,2712,135,0,0,1395,488
bitcoin,2019-10-15,2019-10-18,3444,1825,2691,201,0,0,1418,552
bitcoin,2019-10-22,2019-10-25,3093,1493,2263,216,0,0,1384,614
bitcoin,2019-10-29,2019-11-01,3155,1818,2547,152,0,0,1185,456
bitcoin,2019-11-05,2019-11-08,3520,2036,2951,187,0,0,1297,382
bitcoin,2019-11-12,2019-11-15,3091,1679,2544,138,0,0,1274,409
bitcoin,2019-11-19,2019-11-22,3157,1630,2540,125,0,0,1402,492
bitcoin,2019-11-26,2019-11-29,3554,1583,2593,302,0,0,1669,659
bitcoin,2019-12-03,2019-12-06,2983,1425,2151,72,0,0,1486,760
bitcoin,2019-12-10,2019-12-13,3232,1566,2447,122,0,0,1544,663
bitcoin,2019-12-17,2019-12-20,3840,2045,3221,137,0,0,1658,482
bitcoin,2019-12-24,2019-12-27,3541,1725,3053,126,0,0,1690,362
bitcoin,2019-12-31,2020-01-03,3186,1699,2728,133,0,0,1354,325
bitcoin,2020-01-07,2020-01-10,5400,3385,4820,258,0,0,1757,322
bitcoin,2020-01-14,2020-01-17,5405,3368,4728,263,0,0,1774,414
bitcoin,2020-01-21,2020-01-24,5139,2992,4390,345,0,0,1802,404
bitcoin,2020-01-28,2020-01-31,4917,2623,4156,327,0,0,1967,434
bitcoin,2020-02-04,2020-02-07,4367,2317,3788,199,0,0,1851,380
bitcoin,2020-02-11,2020-02-14,6106,3604,5284,390,0,0,2112,432
bitcoin,2020-02-18,2020-02-21,6463,4366,5774,275,0,0,1822,414
bitcoin,2020-02-25,2020-02-28,5632,3750,4916,289,0,0,1593,427
bitcoin,2020-03-03,2020-03-06,4837,2227,3809,621,0,0,1989,407
bitcoin,2020-03-10,2020-03-13,4368,2384,3430,494,0,0,1490,444
bitcoin,2020-03-17,2020-03-20,4474,2890,3876,103,0,0,1481,495
bitcoin,2020-03-24,2020-03-27,3909,2266,3138,140,0,0,1503,631
bitcoin,2020-03-31,2020-04-03,3947,2598,3303,90,0,0,1259,554
bitcoin,2020-04-07,2020-04-10,5448,3380,4790,303,0,0,1765,355
bitcoin,2020-04-14,2020-04-17,5538,3369,4875,266,0,0,1903,397
bitcoin,2020-04-21,2020-04-24,5648,3409,4942,266,0,0,1973,440
bitcoin,2020-04-28,2020-05-01,6111,3634,5228,466,0,0,2011,417
bitcoin,2020-05-05,2020-05-08,7784,5006,6731,707,0,0,2071,346
bitcoin,2020-05-12,2020-05-15,9939,6606,8937,657,31,0,2645,345
bitcoin,2020-05-19,2020-05-22,10878,7342,9926,606,34,0,2896,346
bitcoin,2020-05-26,2020-05-29,8722,6034,7684,402,0,0,2286,636
bitcoin,2020-06-02,2020-06-05,8824,5914,8066,278,35,0,2597,480
bitcoin,2020-06-09,2020-06-12,9565,6817,8760,243,32,0,2473,562
bitcoin,2020-06-16,2020-06-19,8784,6382,7946,209,0,0,2193,629
bitcoin,2020-06-23,2020-06-26,9330,6640,8437,382,0,0,2308,511
bitcoin,2020-06-30,2020-07-03,7675,5696,6922,105,0,0,1874,648
bitcoin,2020-07-07,2020-07-10,8165,6020,7505,85,0,0,2060,575
bitcoin,2020-07-14,2020-07-17,8322,6323,7633,103,0,0,1896,586
bitcoin,2020-07-21,2020-07-24,9230,6824,8524,129,0,0,2277,577
bitcoin,2020-07-28,2020-07-31,13068,8809,12053,463,111,0,3685,552
bitcoin,2020-08-04,2020-08-07,12703,8717,11972,295,177,0,3514,436
bitcoin,2020-08-11,2020-08-14,13090,8456,11537,1069,137,0,3428,484
bitcoin,2020-08-18,2020-08-21,14454,8632,12182,1737,200,0,3885,535
bitcoin,2020-08-25,2020-08-28,11615,6917,9074,1326,175,0,3197,1215
bitcoin,2020-09-01,2020-09-04,10617,6780,9339,839,183,0,2815,439
bitcoin,2020-09-08,2020-09-11,8198,4643,6953,731,100,0,2724,514
bitcoin,2020-09-15,2020-09-18,9383,5122,8002,779,67,0,3415,602
bitcoin,2020-09-22,2020-09-25,8426,4078,6554,1275,67,0,3006,597
bitcoin,2020-09-29,2020-10-02,7324,4119,6170,556,0,70,2649,528
bitcoin,2020-10-06,2020-10-09,7511,4460,6595,355,0,70,2696,491
bitcoin,2020-10-13,2020-10-16,9353,5902,8307,490,0,70,2961,486
bitcoin,2020-10-20,2020-10-23,10896,7330,9991,466,28,70,3072,369
bitcoin,2020-10-27,2020-10-30,12665,8550,11873,314,261,0,3540,478
bitcoin,2020-11-03,2020-11-06,11278,7552,10628,155,166,70,3405,425
bitcoin,2020-11-10,2020-11-13,11311,8057,10353,293,122,70,2839,595
bitcoin,2020-11-17,2020-11-20,11509,7915,10426,316,168,70,3110,697
bitcoin,2020-11-24,2020-11-27,12336,8285,10737,742,205,70,3104,787
bitcoin,2020-12-01,2020-12-04,11812,7387,10389,873,218,89,3334,461
bitcoin,2020-12-08,2020-12-11,11750,6880,10102,1059,408,83,3403,506
bitcoin,2020-12-15,2020-12-18,11370,6400,9360,1334,502,70,3134,606
bitcoin,2020-12-21,2020-12-25,12603,7308,10998,852,565,90,3878,663
bitcoin,2020-12-29,2021-01-01,10653,6448,9281,562,478,90,3165,720
bitcoin,2021-01-05,2021-01-08,11296,6939,9924,508,506,90,3343,774
bitcoin,2021-01-12,2021-01-15,12039,7306,10639,677,380,90,3676,633
bitcoin,2021-01-19,2021-01-22,11945,7406,10535,574,436,90,3529,746
bitcoin,2021-01-26,2021-01-29,10787,6314,9095,840,457,96,3176,756
bitcoin,2021-02-02,2021-02-05,9469,5342,8016,630,427,172,3070,651
bitcoin,2021-02-09,2021-02-12,11055,6327,9171,926,379,203,3423,755
bitcoin,2021-02-16,2021-02-19,11426,6672,9565,881,365,220,3508,760
bitcoin,2021-02-23,2021-02-26,10572,6559,8644,751,370,269,2892,908
bitcoin,2021-03-02,2021-03-05,8068,4467,6318,728,408,193,2465,829
bitcoin,2021-03-09,2021-03-12,8785,4944,6857,796,410,260,2635,872
bitcoin,2021-03-16,2021-03-19,9335,4797,7449,1004,479,165,3055,717
bitcoin,2021-03-23,2021-03-26,9897,5541,7946,979,549,178,2828,794
bitcoin,2021-03-30,2021-04-02,9322,5676,7891,552,498,203,2596,676
bitcoin,2021-04-06,2021-04-09,9865,5938,8230,681,504,204,2742,750
bitcoin,2021-04-13,2021-04-16,9653,5788,8253,499,546,206,2820,695
bitcoin,2021-04-20,2021-04-23,8817,5147,7419,488,530,199,2652,711
bitcoin,2021-04-27,2021-04-30,8429,4431,6340,855,458,203,2685,1031
bitcoin,2021-05-04,2021-05-07,8306,4964,6728,586,470,124,2286,868
bitcoin,2021-05-11,2021-05-14,8259,4663,6601,722,722,115,2152,821
bitcoin,2021-05-18,2021-05-21,9160,6275,7234,709,357,372,1819,845
bitcoin,2021-05-25,2021-05-28,8893,5024,6696,1167,631,216,2071,814
bitcoin,2021-06-01,2021-06-04,7318,4369,5811,558,491,171,1900,778
bitcoin,2021-06-08,2021-06-11,7566,4804,5985,624,235,132,1903,825
bitcoin,2021-06-15,2021-06-18,7528,4320,5929,726,631,142,1851,731
bitcoin,2021-06-22,2021-06-25,7914,4502,6030,854,645,142,1913,888
bitcoin,2021-06-29,2021-07-02,6788,3798,5143,703,672,127,1615,815
bitcoin,2021-07-06,2021-07-09,6889,4018,5289,706,562,112,1603,782
bitcoin,2021-07-13,2021-07-16,7129,4476,5643,566,545,104,1542,816
bitcoin,2021-07-20,2021-07-23,8283,5404,6596,707,608,112,1564,868
bitcoin,2021-07-27,2021-07-30,7802,3743,5315,1637,730,102,1692,748
bitcoin,2021-08-03,2021-08-06,6408,3867,5157,388,548,102,1605,761
bitcoin,2021-08-10,2021-08-13,6769,4368,5472,341,286,198,1774,758
bitcoin,2021-08-17,2021-08-20,7363,4804,5530,403,293,614,1863,816
bitcoin,2021-08-24,2021-08-27,7515,4492,5606,765,335,364,1923,780
bitcoin,2021-08-31,2021-09-03,6362,4066,5158,218,358,395,1720,591
bitcoin,2021-09-07,2021-09-10,6659,4170,5264,279,360,475,1850,641
bitcoin,2021-09-14,2021-09-17,6620,3866,5053,558,385,299,1811,710
bitcoin,2021-09-21,2021-09-24,7348,4376,5401,737,390,364,1845,846
bitcoin,2021-09-28,2021-10-01,7039,4539,5422,541,479,301,1480,775
bitcoin,2021-10-05,2021-10-08,8886,5581,7099,948,599,45,1758,794
bitcoin,2021-10-12,2021-10-15,10918,6844,8270,1634,689,134,1751,880
bitcoin,2021-10-19,2021-10-22,13605,7069,9915,2182,486,240,3868,1268
bitcoin,2021-10-26,2021-10-29,16671,7121,11533,3768,972,389,4810,981
bitcoin,2021-11-02,2021-11-05,13512,9062,10674,1780,727,306,1943,752
bitcoin,2021-11-09,2021-11-12,13821,9258,10725,1926,566,343,2071,827
bitcoin,2021-11-16,2021-11-19,13648,8649,10127,2313,678,321,2008,887
bitcoin,2021-11-23,2021-11-26,14357,9054,9214,2243,966,237,2094,2663
bitcoin,2021-11-30,2021-12-03,13197,9526,11217,1037,823,126,1811,817
bitcoin,2021-12-07,2021-12-10,13242,9580,10488,1537,457,340,1668,877
bitcoin,2021-12-14,2021-12-17,13518,9795,10567,1737,421,164,1565,1050
bitcoin,2021-12-21,2021-12-24,12852,8594,9472,2095,408,369,1755,916
bitcoin,2021-12-28,2021-12-31,12468,8729,9271,1699,434,658,1606,840
bitcoin,2022-01-04,2022-01-07,10563,7767,8371,861,437,530,1498,801
bitcoin,2022-01-11,2022-01-14,10855,8025,8402,1042,347,529,1441,882
bitcoin,2022-01-18,2022-01-21,11468,8417,8966,1289,355,377,1407,836
bitcoin,2022-01-25,2022-01-28,11756,8678,8712,1324,285,763,1469,957
bitcoin,2022-02-01,2022-02-04,9948,7984,7843,428,304,795,1232,882
bitcoin,2022-02-08,2022-02-11,9886,7751,8070,285,376,565,1474,966
bitcoin,2022-02-15,2022-02-18,10646,8307,8522,606,369,582,1364,936
bitcoin,2022-02-22,2022-02-25,11007,8501,8784,846,322,578,1338,799
bitcoin,2022-03-01,2022-03-04,9980,7981,7901,480,321,838,1198,761
bitcoin,2022-03-08,2022-03-11,9591,7760,7495,609,272,694,950,793
bitcoin,2022-03-15,2022-03-18,10198,7989,7799,901,279,732,1029,766
bitcoin,2022-03-22,2022-03-25,11274,8425,8425,1260,326,807,1263,782
bitcoin,2022-03-29,2022-04-01,12024,9722,9993,617,383,794,1302,620
bitcoin,2022-04-05,2022-04-08,11374,8811,9055,804,437,834,1322,681
bitcoin,2022-04-12,2022-04-15,10632,8207,8040,985,382,821,1058,786
bitcoin,2022-04-19,2022-04-22,11276,8263,8457,1450,408,583,1155,786
bitcoin,2022-04-26,2022-04-29,10709,8529,8117,888,350,776,942,928
bitcoin,2022-05-03,2022-05-06,10051,8121,7733,765,298,727,867,826
bitcoin,2022-05-10,2022-05-13,10841,8789,8086,836,227,1016,989,903
bitcoin,2022-05-17,2022-05-20,11644,9564,8758,805,194,1069,1081,1012
bitcoin,2022-05-24,2022-05-27,11729,9723,8874,793,141,958,1072,1104
bitcoin,2022-05-31,2022-06-03,10900,8680,8277,1028,159,662,1033,933
bitcoin,2022-06-07,2022-06-10,10990,8959,8469,799,169,698,1063,1024
bitcoin,2022-06-14,2022-06-17,12242,9996,8935,1176,62,1009,1008,1122
bitcoin,2022-06-21,2022-06-24,13537,10495,9449,1916,78,1073,1048,1099
bitcoin,2022-06-28,2022-07-01,13707,11137,10052,1565,115,1062,890,1028
bitcoin,2022-07-05,2022-07-08,13258,10642,10222,1400,158,620,1058,1016
bitcoin,2022-07-12,2022-07-15,13505,10325,10496,1717,216,417,1247,875
bitcoin,2022-07-19,2022-07-22,14512,10909,11415,1729,514,580,1360,788
bitcoin,2022-07-26,2022-07-29,14957,9778,9899,3570,449,567,1160,921
bitcoin,2022-08-02,2022-08-05,12849,9740,10321,1270,754,510,1085,748
bitcoin,2022-08-09,2022-08-12,12510,9294,9524,1743,439,510,1034,733
bitcoin,2022-08-16,2022-08-19,12423,9284,9377,1687,250,510,1202,849
bitcoin,2022-08-23,2022-08-26,13302,10778,9814,1333,50,1249,1141,906
bitcoin,2022-08-30,2022-09-02,14440,11777,10481,1592,75,1402,996,965
bitcoin,2022-09-06,2022-09-09,15337,12743,11421,1575,63,1364,956,977
bitcoin,2022-09-13,2022-09-16,13089,10268,10142,1331,546,866,944,750
bitcoin,2022-09-20,2022-09-23,13880,11157,10580,1371,245,1057,1107,872
bitcoin,2022-09-27,2022-09-30,14271,11902,10878,1244,64,1285,1061,864
bitcoin,2022-10-04,2022-10-07,14230,11481,11513,1095,363,784,1291,838
bitcoin,2022-10-11,2022-10-14,15756,12704,11847,2012,33,1110,1007,787
bitcoin,2022-10-18,2022-10-21,14228,10710,10688,1994,120,785,1404,761
bitcoin,2022-10-25,2022-10-28,14854,11084,11061,1993,601,981,1176,819
bitcoin,2022-11-01,2022-11-04,12183,8967,9419,1592,406,422,1218,750
bitcoin,2022-11-08,2022-11-11,14439,11303,11285,1667,200,649,1269,838
bitcoin,2022-11-15,2022-11-18,17901,14096,13525,2437,137,1051,1231,888
bitcoin,2022-11-22,2022-11-25,18354,14231,13525,2614,104,1113,1405,1102
bitcoin,2022-11-29,2022-12-02,16832,13783,13459,1686,127,907,1236,780
bitcoin,2022-12-06,2022-12-09,15769,12651,12584,1447,306,874,1365,864
bitcoin,2022-12-13,2022-12-16,13989,10666,10706,1591,403,812,1329,880
bitcoin,2022-12-20,2022-12-23,14563,11268,10951,1830,146,941,1319,841
bitcoin,2022-12-27,2022-12-30,16028,12361,11668,2333,43,1082,1291,945
bitcoin,2023-01-03,2023-01-06,14530,11747,11358,1607,73,651,1103,914
bitcoin,2023-01-10,2023-01-13,14891,11989,12583,1116,447,476,1339,716
bitcoin,2023-01-17,2023-01-20,15885,12456,13083,1038,951,614,1440,1150
bitcoin,2023-01-24,2023-01-27,17390,13036,14473,1522,1365,453,1467,942
bitcoin,2023-01-31,2023-02-03,17542,13599,15398,1015,1293,373,1635,756
bitcoin,2023-02-07,2023-02-10,16843,13170,14348,1299,930,363,1444,833
bitcoin,2023-02-14,2023-02-17,15158,11775,12558,1326,789,424,1268,850
bitcoin,2023-02-21,2023-02-24,16501,12188,13000,2105,810,372,1398,1024
bitcoin,2023-02-28,2023-03-03,15161,11921,12520,1295,713,427,1232,919
bitcoin,2023-03-07,2023-03-10,12821,10107,10066,1298,326,478,1090,979
bitcoin,2023-03-14,2023-03-17,13472,10584,10686,1411,229,512,1248,863
bitcoin,2023-03-21,2023-03-24,14049,10851,11472,1319,429,532,1450,726
bitcoin,2023-03-28,2023-03-31,14409,11168,11444,1529,263,534,1449,902
bitcoin,2023-04-04,2023-04-07,13380,10415,11030,1205,302,485,1458,660
bitcoin,2023-04-11,2023-04-14,15977,12216,13338,1362,857,484,1542,793
bitcoin,2023-04-18,2023-04-21,15385,11629,12118,1871,517,693,1368,703
bitcoin,2023-04-25,2023-04-28,14064,9566,9859,2724,410,706,1364,775
bitcoin,2023-05-02,2023-05-05,12521,9685,9517,1288,289,1108,1259,608
bitcoin,2023-05-09,2023-05-12,13102,10027,9604,1508,233,1364,1334,626
bitcoin,2023-05-16,2023-05-19,13043,10055,9044,1491,163,1626,1334,882
bitcoin,2023-05-23,2023-05-26,13043,10124,9231,1544,168,1413,1207,855
bitcoin,2023-05-30,2023-06-02,11715,9040,8853,1246,251,875,1178,741
bitcoin,2023-06-06,2023-06-09,13026,10106,9337,1561,187,1383,1172,745
bitcoin,2023-06-13,2023-06-16,13251,10086,9343,1875,122,1309,1168,724
bitcoin,2023-06-20,2023-06-23,15687,11932,11535,2246,250,1177,1259,729
bitcoin,2023-06-27,2023-06-30,18829,13003,15097,2436,1610,620,1780,676
bitcoin,2023-07-03,2023-07-07,17008,12854,14930,888,1698,566,1568,624
bitcoin,2023-07-11,2023-07-14,16302,12322,14177,1102,1343,539,1535,484
bitcoin,2023-07-18,2023-07-21,15455,11846,13007,1230,722,526,1657,692
bitcoin,2023-07-25,2023-07-28,16017,11941,12586,2151,422,600,1503,680
bitcoin,2023-08-01,2023-08-04,14860,11755,12294,1348,531,617,1226,601
bitcoin,2023-08-08,2023-08-11,16743,12985,14134,1426,1082,626,1250,557
bitcoin,2023-08-15,2023-08-18,15432,11981,12693,1550,602,588,1299,601
bitcoin,2023-08-22,2023-08-25,17262,13427,11912,2532,132,2061,1171,757
bitcoin,2023-08-29,2023-09-01,16172,13177,11670,1572,146,2227,1277,703
bitcoin,2023-09-05,2023-09-08,14962,11933,9894,1706,105,2639,1218,723
bitcoin,2023-09-12,2023-09-15,15423,11893,9661,2279,117,2660,1134,823
bitcoin,2023-09-19,2023-09-22,16670,12869,11272,2480,130,2127,1191,791
bitcoin,2023-09-26,2023-09-29,14844,10930,9136,2572,142,2175,1200,961
bitcoin,2023-10-03,2023-10-06,14447,11964,10908,1127,161,1636,1195,776
bitcoin,2023-10-10,2023-10-13,14683,11759,10608,1500,138,1800,1286,775
bitcoin,2023-10-17,2023-10-20,16561,12766,12439,2173,281,1276,1341,673
bitcoin,2023-10-24,2023-10-27,19678,14814,15268,2606,641,1079,1617,725
bitcoin,2023-10-31,2023-11-03,19603,15495,17241,1041,1599,696,1468,625
bitcoin,2023-11-07,2023-11-10,21749,17253,18930,1485,1431,637,1580,697
bitcoin,2023-11-14,2023-11-17,21203,15939,17283,2550,1105,624,1609,746
bitcoin,2023-11-21,2023-11-24,21939,17150,18026,1971,1154,709,1664,1233
bitcoin,2023-11-28,2023-12-01,23027,18979,20724,1016,1344,552,1688,735
bitcoin,2023-12-05,2023-12-08,23035,17907,20157,1592,1895,508,1641,778
bitcoin,2023-12-12,2023-12-15,21211,15714,17781,2159,1684,496,1654,775
bitcoin,2023-12-19,2023-12-22,23239,16517,18868,2362,1771,466,2589,1543
bitcoin,2023-12-26,2023-12-29,22526,16274,18576,2563,1544,452,2145,935
bitcoin,2024-01-02,2024-01-05,23579,18295,20516,1988,1612,378,1684,697
bitcoin,2024-01-09,2024-01-12,26846,20654,22272,2977,1654,875,1561,722
bitcoin,2024-01-16,2024-01-19,23286,17577,18571,2601,1361,1386,1747,728
bitcoin,2024-01-23,2024-01-26,22815,16230,17891,3749,1223,336,1613,839
bitcoin,2024-01-30,2024-02-02,20679,16519,18317,1472,1253,236,1435,654
bitcoin,2024-02-06,2024-02-09,20897,16280,17803,1789,1237,480,1591,825
bitcoin,2024-02-13,2024-02-16,24769,19147,21068,2383,1514,362,1725,956
bitcoin,2024-02-20,2024-02-23,25530,19624,21722,2320,1862,660,1724,828
bitcoin,2024-02-27,2024-03-01,25229,20034,22001,1710,1759,799,1726,719
bitcoin,2024-03-05,2024-03-08,27747,22356,23708,2186,1500,1040,1705,813
bitcoin,2024-03-12,2024-03-15,30398,24977,25971,2135,1486,1427,1800,865
bitcoin,2024-03-19,2024-03-22,33196,24683,26779,4270,2580,1327,1663,820
bitcoin,2024-03-26,2024-03-29,31238,25217,26292,2664,1534,1425,1823,857
bitcoin,2024-04-02,2024-04-05,29745,24311,24151,2302,1513,2521,1619,771
bitcoin,2024-04-09,2024-04-12,29074,23572,23725,2259,1544,2382,1699,708
bitcoin,2024-04-16,2024-04-19,29526,22339,22702,4142,1513,1826,1532,856
bitcoin,2024-04-23,2024-04-26,27932,22434,22434,2670,1303,1960,1525,868
bitcoin,2024-04-30,2024-05-03,24795,19569,19563,2474,1291,1821,1461,937
bitcoin,2024-05-07,2024-05-10,26155,20770,21553,2616,1181,1047,1588,939
bitcoin,2024-05-14,2024-05-17,27077,21078,21255,3381,1099,1520,1519,921
bitcoin,2024-05-21,2024-05-24,30694,23198,24088,4597,1313,1191,1586,818
bitcoin,2024-05-28,2024-05-31,30255,22761,23517,4517,1214,1362,1763,859
bitcoin,2024-06-04,2024-06-07,31086,24470,25589,3543,1472,1106,1601,848
bitcoin,2024-06-11,2024-06-14,30503,23001,24139,4322,1548,1099,1632,943
bitcoin,2024-06-18,2024-06-21,30627,22834,23557,4899,1355,1130,1539,1041
bitcoin,2024-06-25,2024-06-28,30171,22103,22727,5448,1121,880,1499,1116
bitcoin,2024-07-02,2024-07-05,27063,21270,22182,3264,1182,670,1347,947
bitcoin,2024-07-09,2024-07-12,28241,23083,23201,3059,736,824,1363,1157
bitcoin,2024-07-16,2024-07-19,31183,24710,25289,3919,1091,910,1463,1065
bitcoin,2024-07-23,2024-07-26,32435,24521,25182,5080,1236,1054,1598,1119
bitcoin,2024-07-30,2024-08-02,28605,24160,25162,1713,1265,938,1467,792
bitcoin,2024-08-06,2024-08-09,27535,23954,23416,1838,579,1298,1164,983
bitcoin,2024-08-13,2024-08-16,27874,24121,23726,1961,644,1320,1148,867
bitcoin,2024-08-20,2024-08-23,29630,24016,24259,3472,927,910,1215,989
bitcoin,2024-08-27,2024-08-30,29817,25105,25271,2321,1083,1215,1308,1010
bitcoin,2024-09-03,2024-09-06,26859,23349,23241,1445,998,1349,1067,824
bitcoin,2024-09-10,2024-09-13,28157,22969,23322,2866,1097,1012,1225,957
bitcoin,2024-09-17,2024-09-20,30995,23866,24839,4347,1544,948,1238,861
bitcoin,2024-09-24,2024-09-27,30542,23856,25402,3220,2033,940,1433,980
bitcoin,2024-10-01,2024-10-04,28539,23406,25090,1938,2045,592,1150,919
bitcoin,2024-10-08,2024-10-11,29382,24233,25515,2072,1827,955,1250,840
bitcoin,2024-10-15,2024-10-18,34494,26758,28630,3999,2332,866,1405,999
bitcoin,2024-10-22,2024-10-25,33562,26866,28511,3209,1969,855,1518,987
bitcoin,2024-10-29,2024-11-01,33787,28156,30025,2171,2019,777,1441,814
bitcoin,2024-11-05,2024-11-08,32011,26303,27760,2358,1907,980,1443,913
bitcoin,2024-11-12,2024-11-15,38531,30887,32685,4248,1792,641,1604,957
bitcoin,2024-11-19,2024-11-22,41203,31152,33236,6301,1917,623,1833,1043
bitcoin,2024-11-26,2024-11-29,40510,30340,31536,6976,1527,1021,1667,977
bitcoin,2024-12-03,2024-12-06,37021,30625,32220,3181,1615,575,1600,1045
bitcoin,2024-12-10,2024-12-13,37588,31168,31888,3072,1721,1485,1627,1143
bitcoin,2024-12-17,2024-12-20,42524,33073,32902,6092,1720,2203,1639,1327
bitcoin,2024-12-24,2024-12-27,37125,30214,30343,3312,2263,2409,1336,1061
bitcoin,2024-12-31,2025-01-03,33893,27828,28147,2586,2153,2197,1326,963
bitcoin,2025-01-07,2025-01-10,35079,29046,27856,3180,1506,2914,1347,1129
bitcoin,2025-01-14,2025-01-17,35471,28966,27631,3871,1330,2850,1304,1119
bitcoin,2025-01-21,2025-01-24,38556,29121,28382,6324,1625,2632,1486,1218
bitcoin,2025-01-28,2025-01-31,34317,28593,27428,2581,1482,2955,1661,1353
bitcoin,2025-02-04,2025-02-07,32892,27570,26784,2449,1544,2462,1329,1197
bitcoin,2025-02-11,2025-02-14,32949,26802,27169,2866,1834,1527,1447,1387
bitcoin,2025-02-18,2025-02-21,33833,27367,27734,3267,1680,1539,1519,1293
bitcoin,2025-02-25,2025-02-28,32060,25737,25533,3354,1489,1750,1480,1423
bitcoin,2025-03-04,2025-03-07,28209,24469,23855,1617,937,1453,1186,1284
bitcoin,2025-03-11,2025-03-14,28545,24485,22956,2201,745,2046,1114,1342
bitcoin,2025-03-18,2025-03-21,30213,25241,23400,2994,680,2427,1298,1392
bitcoin,2025-03-25,2025-03-28,29036,24376,23197,2508,945,2095,1207,1236
bitcoin,2025-04-01,2025-04-04,27069,23373,22882,1718,901,1207,1077,1262
bitcoin,2025-04-08,2025-04-11,26909,22388,21056,2945,591,1488,985,1420
bitcoin,2025-04-15,2025-04-18,27126,20647,20061,4764,698,966,1017,1335
bitcoin,2025-04-22,2025-04-25,28202,23058,23864,2811,1080,468,1253,1059
bitcoin,2025-04-29,2025-05-02,26966,22355,23586,1944,1360,445,1307,991
bitcoin,2025-05-06,2025-05-09,27971,22936,24717,1693,1982,441,1360,1120
bitcoin,2025-05-13,2025-05-16,29070,23453,24280,2355,1986,438,1276,1997
bitcoin,2025-05-20,2025-05-23,32033,24142,26094,4304,2121,429,1466,1206
bitcoin,2025-05-27,2025-05-30,31964,24546,26820,3647,2217,445,1554,1052
bitcoin,2025-06-03,2025-06-06,29758,24084,26396,1926,2407,458,1341,978
bitcoin,2025-06-10,2025-06-13,30261,24781,26790,1753,2198,457,1529,1261
bitcoin,2025-06-17,2025-06-20,30860,24364,26148,3103,1893,431,1500,1178
bitcoin,2025-06-24,2025-06-27,31352,24232,26393,3471,2152,460,1497,1028
bitcoin,2025-07-01,2025-07-04,29388,24186,25942,2177,1687,385,1338,884
bitcoin,2025-07-08,2025-07-11,29591,24014,26450,1888,2206,326,1483,927
bitcoin,2025-07-15,2025-07-18,31309,24282,26768,3111,2287,360,1629,1070
bitcoin,2025-07-22,2025-07-25,30797,24447,26299,2981,1659,412,1710,1105
bitcoin,2025-07-29,2025-08-01,28068,23851,24859,1417,1333,803,1467,989
bitcoin,2025-08-05,2025-08-08,27561,23039,24540,1402,1660,465,1460,1154
bitcoin,2025-08-12,2025-08-15,27851,23438,24180,1418,1371,1253,1624,1000
bitcoin,2025-08-19,2025-08-22,28971,23064,24264,2862,1552,794,1493,1051
bitcoin,2025-08-26,2025-08-29,27481,22793,23165,2071,1235,955,1382,1290
bitcoin,2025-09-02,2025-09-05,26684,22452,23354,1700,1343,694,1189,936
bitcoin,2025-09-09,2025-09-12,26930,23075,23543,1511,1081,1025,1263,851
bitcoin,2025-09-16,2025-09-19,28844,23788,23768,2582,1151,1604,1323,890
bitcoin,2025-09-23,2025-09-26,27809,23140,23061,2395,1029,1354,1245,999
bitcoin,2025-09-30,2025-10-03,26874,22649,22757,1734,1211,1289,1280,1094
bitcoin,2025-10-07,2025-10-10,29001,23528,24636,2509,1664,788,1300,1068
bitcoin,2025-10-14,2025-10-17,28503,23892,24344,2086,1114,986,1411,1087
bitcoin,2025-10-21,2025-10-24,28477,23426,23755,2463,1071,1211,1517,1048
bitcoin,2025-10-28,2025-10-31,28717,22977,23520,3221,1154,1037,1365,939
bitcoin,2025-11-04,2025-11-07,27093,22512,22787,2093,1178,1147,1310,1066
bitcoin,2025-11-10,2025-11-14,27544,23043,22915,2151,1131,1230,1219,1248
bitcoin,2025-11-18,2025-11-21,27116,22767,23079,1878,1100,939,1371,1220
bitcoin,2025-11-25,2025-11-28,26260,21200,21283,2460,1061,1323,1539,1194
bitcoin,2025-12-02,2025-12-05,24329,20237,19670,1941,997,1588,1154,1130
bitcoin,2025-12-09,2025-12-12,24793,20410,20145,2105,1116,1463,1162,1080
bitcoin,2025-12-16,2025-12-19,24502,19366,19260,3092,1019,1000,1025,1150
bitcoin,2025-12-23,2025-12-26,21988,17363,17842,2118,1304,851,1203,1177
bitcoin,2025-12-30,2026-01-02,20166,16411,16924,1355,1342,716,1058,1171
bitcoin,2026-01-06,2026-01-09,22168,18004,18738,1633,1337,679,1194,1118
bitcoin,2026-01-13,2026-01-16,23843,19118,19049,2264,1257,1391,1204,1139
bitcoin,2026-01-20,2026-01-23,24541,19841,19543,2475,940,1385,1285,1138
bitcoin,2026-01-27,2026-01-30,24276,18054,17364,4141,875,1460,1206,1311
bitcoin,2026-02-03,2026-02-06,23044,18939,17931,2433,521,1489,1151,1191
bitcoin,2026-02-10,2026-02-13,24157,17016,15999,5239,700,1817,1202,1102
bitcoin,2026-02-17,2026-02-20,23335,16593,14955,5116,463,2170,1163,1094
bitcoin,2026-02-24,2026-02-27,22919,16410,15238,4862,485,1605,1162,1214
bitcoin,2026-03-03,2026-03-06,20302,15585,14574,2817,751,1613,1149,1298
bitcoin,2026-03-10,2026-03-13,21047,15861,14559,3486,627,1949,1073,1053
bitcoin,2026-03-17,2026-03-20,23807,16741,14968,5441,379,2241,1246,1157
bitcoin,2026-03-24,2026-03-27,23268,15861,13755,6086,224,2173,1097,1254
bitcoin,2026-03-31,2026-04-03,20631,14914,12661,4744,168,1977,805,1249
bitcoin,2026-04-07,2026-04-10,22308,16142,13602,5089,150,2382,927,1235
bitcoin,2026-04-14,2026-04-17,23761,17499,15306,5041,209,2252,1012,1162
bitcoin,2026-04-21,2026-04-24,24994,17097,15026,6470,194,2444,1233,1054
bitcoin,2026-04-28,2026-05-01,21692,17431,15039,3040,175,2507,1046,1106
bitcoin,2026-05-05,2026-05-08,23402,19301,17860,2568,349,1888,1184,1086
bitcoin,2026-05-12,2026-05-15,23535,18154,16895,3205,227,2387,1949,1048
bitcoin,2026-05-19,2026-05-22,23000,17791,15679,3735,212,2484,1262,1102
bitcoin,2026-05-26,2026-05-29,21625,17146,14864,3000,212,2602,1267,1159
bitcoin,2026-06-02,2026-06-05,19882,17210,14752,1335,184,2779,1153,1016
bitcoin,2026-06-09,2026-06-12,19776,17178,14160,1483,106,3012,1009,1121
bitcoin,2026-06-16,2026-06-19,21125,17727,14252,2148,110,3655,1140,1070
bitcoin,2026-06-23,2026-06-26,20554,16348,12824,3201,70,3323,935,1206
bitcoin,2026-06-30,2026-07-03,18336,16495,12725,1011,72,3608,758,992
bitcoin,2026-07-07,2026-07-10,18832,16073,12573,1900,38,3255,821,1104
bitcoin,2026-07-14,2026-07-17,19385,15899,12808,2544,71,2976,871,1057
bitcoin,2026-07-21,2026-07-24,20527,16402,13348,3235,97,3083,793,861
bitcoin,2026-07-28,2026-07-31,20019,15572,11668,3687,38,3600,722,1064
eurusd,2000-08-29,2000-09-01,73012,13536,12330,39,25725,40097,33712,20546
eurusd,2000-09-05,2000-09-08,77486,13034,12652,37,27815,44012,36600,20785
eurusd,2000-09-12,2000-09-15,84086,9717,8543,35,33165,53837,41169,21671
eurusd,2000-09-19,2000-09-22,73646,10333,14570,51,28109,41289,35153,17736
eurusd,2000-09-26,2000-09-29,66421,6334,6185,61,26471,41681,33555,18494
eurusd,2000-10-03,2000-10-06,67596,8336,4943,61,26050,45677,33149,16915
eurusd,2000-10-10,2000-10-13,71703,10749,5346,61,25878,49257,35015,17039
eurusd,2000-10-17,2000-10-20,73195,10224,8504,44,29498,47644,33429,17003
eurusd,2000-10-24,2000-10-27,76773,10198,8365,94,31077,49632,35404,18682
eurusd,2000-10-31,2000-11-03,75650,11095,8922,94,29207,48019,35254,18615
eurusd,2000-11-07,2000-11-10,73922,11615,7837,96,28448,48798,33763,17191
eurusd,2000-11-14,2000-11-17,78068,11197,8462,93,32903,52762,33875,16751
eurusd,2000-11-21,2000-11-24,81781,11397,5489,103,35273,56874,35008,19315
eurusd,2000-11-28,2000-12-01,85904,11221,4280,103,37403,64284,37177,17237
eurusd,2000-12-05,2000-12-08,89752,16995,967,35,35485,75350,37237,13400
eurusd,2000-12-12,2000-12-15,98322,20411,879,154,37199,83304,40558,13985
eurusd,2000-12-19,2000-12-22,77326,22289,475,38,15586,67727,39413,9086
eurusd,2000-12-26,2000-12-29,84237,28255,1875,27,15504,70687,40451,11648
eurusd,2001-01-02,2001-01-05,84654,28678,1604,6,16458,72543,39512,10501
eurusd,2001-01-09,2001-01-12,92722,25570,1738,229,23388,76659,43535,14096
eurusd,2001-01-16,2001-01-19,93621,24015,3280,145,25094,77345,44367,12851
eurusd,2001-01-23,2001-01-26,85880,18885,1643,3,26742,71235,40250,12999
eurusd,2001-01-30,2001-02-02,85158,16910,750,63,26214,71507,41971,12838
eurusd,2001-02-06,2001-02-09,90774,16903,2568,63,29456,74894,44352,13249
eurusd,2001-02-13,2001-02-16,90316,16118,1416,61,32266,74715,41871,14124
eurusd,2001-02-20,2001-02-23,89783,10940,938,66,35298,72179,43479,16600
eurusd,2001-02-27,2001-03-02,94625,12364,2851,0,40411,76447,41850,15327
eurusd,2001-03-06,2001-03-09,96223,17250,186,639,35850,80960,42484,14438
eurusd,2001-03-13,2001-03-16,102063,9179,1352,845,46386,81465,45653,18401
eurusd,2001-03-20,2001-03-23,73043,8415,5802,25,28968,53720,35635,13496
eurusd,2001-03-27,2001-03-30,73047,9243,5359,78,28945,49225,34781,18385
eurusd,2001-04-03,2001-04-06,77853,12823,6048,426,30257,53667,34347,17712
eurusd,2001-04-10,2001-04-13,75092,11040,5295,81,29219,51528,34752,18188
eurusd,2001-04-17,2001-04-20,77532,12851,7858,309,28686,58926,35686,10439
eurusd,2001-04-24,2001-04-27,80964,12647,5344,104,31366,68983,36847,6533
eurusd,2001-05-01,2001-05-04,82811,12005,5961,448,32807,69241,37551,7161
eurusd,2001-05-08,2001-05-11,87560,12030,7676,91,36381,67658,39058,12135
eurusd,2001-05-15,2001-05-18,88743,13881,10473,430,37044,62243,37388,15597
eurusd,2001-05-22,2001-05-25,92969,13720,19173,324,40057,54258,38868,19214
eurusd,2001-05-29,2001-06-01,93121,15862,18793,319,37947,55984,38993,18025
eurusd,2001-06-05,2001-06-08,99312,15748,20561,1800,43561,55503,38203,21448
eurusd,2001-06-12,2001-06-15,114364,16502,21090,1364,54352,55921,42146,35989
eurusd,2001-06-19,2001-06-22,73278,12297,8664,1482,25596,37560,33903,25572
eurusd,2001-06-26,2001-06-29,75413,13806,10631,926,25888,40558,34793,23298
eurusd,2001-07-03,2001-07-06,77138,14741,11495,1100,26321,37968,34976,26575
eurusd,2001-07-10,2001-07-13,83100,17180,10529,765,28465,45139,36690,26667
eurusd,2001-07-17,2001-07-20,84435,17084,8041,1363,28123,52300,37865,22731
eurusd,2001-07-24,2001-07-27,87072,20062,5771,727,24519,61640,41764,18934
eurusd,2001-07-31,2001-08-03,89655,21210,5127,498,26097,65480,41850,18550
eurusd,2001-08-07,2001-08-10,94227,22076,5436,1164,28745,70251,42242,17376
eurusd,2001-08-14,2001-08-17,99325,27479,3126,606,39997,91634,31243,3959
eurusd,2001-08-21,2001-08-24,109131,30729,1759,169,46443,103589,31790,3614
eurusd,2001-08-28,2001-08-31,113131,31666,2161,157,33194,93070,48114,17743
eurusd,2001-09-04,2001-09-07,108326,25446,3625,283,35686,84764,46911,19654
eurusd,2001-09-10,2001-09-14,117970,21845,3996,242,43737,86898,52146,26834
eurusd,2001-09-18,2001-09-21,100031,27680,3243,273,28800,87292,43278,9223
eurusd,2001-09-25,2001-09-28,108418,30766,2918,11,33101,95574,44540,9915
eurusd,2001-10-02,2001-10-05,109676,28463,3511,324,35483,96388,45406,9453
eurusd,2001-10-09,2001-10-12,113099,27660,5219,531,36396,96883,48512,10466
eurusd,2001-10-16,2001-10-19,106649,22095,4479,0,40634,89824,43920,12346
eurusd,2001-10-23,2001-10-26,104525,17751,8361,216,45354,76666,41204,19282
eurusd,2001-10-30,2001-11-02,107845,24443,7757,493,40514,85308,42395,14287
eurusd,2001-11-06,2001-11-09,102865,21939,6587,30,40871,79450,40025,16798
eurusd,2001-11-13,2001-11-16,108807,15570,15086,5,48628,70765,44604,22951
eurusd,2001-11-20,2001-11-23,114006,17899,18185,114,56818,70035,39175,25672
eurusd,2001-11-27,2001-11-30,112644,17930,17015,719,55705,66262,38290,28648
eurusd,2001-12-04,2001-12-07,109051,22650,8804,39,46524,77654,39838,22554
eurusd,2001-12-11,2001-12-14,114593,19857,7951,40,48959,75401,45737,31201
eurusd,2001-12-18,2001-12-21,90033,21445,9574,897,25047,67263,42644,12299
eurusd,2001-12-21,2001-12-21,93493,23412,11990,581,27827,63775,41673,17147
eurusd,2001-12-28,2001-12-28,88738,19106,7924,0,32250,58140,37382,22674
eurusd,2002-01-08,2002-01-11,95885,20385,5612,807,33174,76510,41519,12956
eurusd,2002-01-15,2002-01-18,99564,19669,7573,47,38839,74716,41009,17228
eurusd,2002-01-22,2002-01-25,103166,22270,4981,93,40205,79729,40598,18363
eurusd,2002-01-29,2002-02-01,107634,15039,14184,101,52586,69151,39908,24198
eurusd,2002-02-05,2002-02-08,107814,16358,14035,132,52585,69303,38739,24344
eurusd,2002-02-12,2002-02-15,107689,16274,13020,62,51004,72450,40349,22157
eurusd,2002-02-19,2002-02-22,112662,22094,13447,91,50420,77338,40057,21786
eurusd,2002-02-26,2002-03-01,109561,20441,17308,171,47552,69941,41397,22141
eurusd,2002-03-05,2002-03-08,118935,20406,14118,191,56093,83303,42245,21323
eurusd,2002-03-12,2002-03-15,114001,24796,9335,569,44016,84487,44620,19610
eurusd,2002-03-19,2002-03-22,96111,28092,6836,22,29671,75935,38326,13318
eurusd,2002-03-26,2002-03-29,105052,30732,7439,22,33184,84427,41114,13164
eurusd,2002-04-02,2002-04-05,109996,34364,8206,25,35699,91003,39908,10762
eurusd,2002-04-09,2002-04-12,105254,29472,10031,737,35521,83273,39524,11213
eurusd,2002-04-16,2002-04-19,115039,37941,10314,513,36153,92518,40432,11694
eurusd,2002-04-23,2002-04-26,114239,39180,9557,1368,28512,91562,45179,11752
eurusd,2002-04-30,2002-05-03,124468,41770,10298,1564,34318,103942,46816,8664
eurusd,2002-05-07,2002-05-10,135303,43808,8375,1096,39956,115033,50443,10799
eurusd,2002-05-14,2002-05-17,132612,42844,8244,1390,37941,110842,50437,12136
eurusd,2002-05-21,2002-05-24,136129,40857,9684,1521,42232,111910,51519,13014
eurusd,2002-05-28,2002-05-31,143233,42415,10690,1522,45862,117164,53434,13857
eurusd,2002-06-04,2002-06-07,146821,40092,8476,1704,51768,121423,53257,15218
eurusd,2002-06-11,2002-06-14,146872,39085,10718,751,57890,115423,49146,19980
eurusd,2002-06-18,2002-06-21,109609,39095,9638,1204,24857,86773,44453,11994
eurusd,2002-06-25,2002-06-28,116946,35304,12780,65,35405,88759,46172,15342
eurusd,2002-07-02,2002-07-05,114480,33583,9188,34,31863,91200,49000,14058
eurusd,2002-07-09,2002-07-12,112614,33941,9859,27,30573,89224,48073,13504
eurusd,2002-07-16,2002-07-19,115406,35420,8766,59,34708,91153,45219,15428
eurusd,2002-07-23,2002-07-26,111955,30292,4614,0,34687,91754,46976,15587
eurusd,2002-07-30,2002-08-02,109782,29177,3694,59,41792,93114,38754,12915
eurusd,2002-08-06,2002-08-09,104950,25104,5082,63,43557,83159,36226,16646
eurusd,2002-08-13,2002-08-16,97747,23123,3341,45,39504,80776,35075,13585
eurusd,2002-08-20,2002-08-23,100332,22528,4665,68,42936,80970,34800,14629
eurusd,2002-08-27,2002-08-30,104194,25994,3906,93,39784,85314,38323,14881
eurusd,2002-09-03,2002-09-06,109350,27290,2052,225,39510,88269,42325,18804
eurusd,2002-09-10,2002-09-13,115622,22711,2360,6,45761,91340,47144,21916
eurusd,2002-09-17,2002-09-20,80614,16959,4349,683,25467,61514,37505,14068
eurusd,2002-09-24,2002-09-27,82896,17964,3362,434,28955,66600,35543,12500
eurusd,2002-10-01,2002-10-04,85802,20041,3104,6,28511,69993,37244,12699
eurusd,2002-10-08,2002-10-11,84730,16724,4072,942,30603,65335,36461,14381
eurusd,2002-10-15,2002-10-18,88339,23224,2192,6,27830,72255,37279,13886
eurusd,2002-10-22,2002-10-25,84417,19094,5026,1192,27771,63866,36360,14333
eurusd,2002-10-29,2002-11-01,83640,22948,3623,4,23470,67459,37218,12554
eurusd,2002-11-05,2002-11-08,102158,35721,4684,846,20272,82865,45319,13763
eurusd,2002-11-12,2002-11-15,105714,39308,6031,859,20436,83324,45111,15500
eurusd,2002-11-19,2002-11-22,103629,35945,5740,34,20823,81064,46827,16791
eurusd,2002-11-26,2002-11-29,99487,33446,4670,34,24416,79647,41591,15136
eurusd,2002-12-03,2002-12-06,98385,26199,3323,34,27160,77604,44992,17424
eurusd,2002-12-10,2002-12-13,121589,33001,4937,1426,36663,94378,50499,20848
eurusd,2002-12-17,2002-12-20,100434,37237,6636,884,15367,75985,46946,16929
eurusd,2002-12-23,2002-12-27,98907,36015,7888,41,14866,74408,47985,16570
eurusd,2002-12-31,2003-01-03,98699,35953,6943,541,14561,72690,47644,18525
eurusd,2003-01-07,2003-01-10,98275,35647,7490,41,14990,71660,47597,19084
eurusd,2003-01-14,2003-01-17,110075,36455,7682,10,24937,83917,48673,18466
eurusd,2003-01-21,2003-01-24,113184,35332,6890,632,24410,83678,52810,21984
eurusd,2003-01-28,2003-01-31,105577,32375,6039,1034,23265,78061,48903,20443
eurusd,2003-02-04,2003-02-07,108531,37222,6556,594,21625,82247,49090,19134
eurusd,2003-02-11,2003-02-14,107453,29992,7694,618,23476,77469,53367,21672
eurusd,2003-02-18,2003-02-21,108102,31970,6485,259,24629,78293,51244,23065
eurusd,2003-02-25,2003-02-28,105427,29793,9730,969,26356,74269,48309,20459
eurusd,2003-03-04,2003-03-07,123014,34972,4997,646,35724,94443,51672,22928
eurusd,2003-03-11,2003-03-14,136246,35344,5078,426,48407,105656,52069,25086
eurusd,2003-03-18,2003-03-21,78765,18948,5609,291,22407,55066,37119,17799
eurusd,2003-03-25,2003-03-28,72434,16336,8742,41,24956,47292,31101,16359
eurusd,2003-04-01,2003-04-04,75951,16707,6143,153,22378,50451,36713,19204
eurusd,2003-04-08,2003-04-11,71412,15619,2474,100,19364,48155,36329,20683
eurusd,2003-04-15,2003-04-18,77639,16934,2729,100,24520,54713,36085,20097
eurusd,2003-04-22,2003-04-25,95982,27788,3401,204,25211,68091,42779,24286
eurusd,2003-04-29,2003-05-02,103869,31023,3018,166,23951,74592,48729,26093
eurusd,2003-05-06,2003-05-09,115082,34554,2584,137,29230,81472,51161,30889
eurusd,2003-05-13,2003-05-16,100930,28679,3776,277,22984,66704,48990,30173
eurusd,2003-05-20,2003-05-23,108716,30918,4020,1259,24360,74601,52179,28836
eurusd,2003-05-27,2003-05-30,110029,31242,7129,801,26381,69677,51605,32422
eurusd,2003-06-03,2003-06-06,115440,35738,5705,335,28438,82589,50929,26811
eurusd,2003-06-10,2003-06-13,136383,32439,6177,852,48533,97488,54559,31866
eurusd,2003-06-17,2003-06-20,103252,33888,5765,574,19724,73401,49066,23512
eurusd,2003-06-24,2003-06-27,94856,27814,4344,275,22540,69143,44227,21094
eurusd,2003-07-01,2003-07-04,101717,28532,4902,185,25643,71594,47357,25036
eurusd,2003-07-08,2003-07-11,94616,25188,6027,309,26694,66038,42425,22242
eurusd,2003-07-15,2003-07-18,99175,22847,6652,607,33860,65327,41861,26589
eurusd,2003-07-22,2003-07-25,96459,18266,5113,715,38271,67483,39207,23148
eurusd,2003-07-29,2003-08-01,96272,17608,5188,1266,34149,68502,43249,21316
eurusd,2003-08-05,2003-08-08,93299,16777,2888,1298,35466,69227,39758,19886
eurusd,2003-08-12,2003-08-15,97523,18505,3803,1211,36733,72336,41074,20173
eurusd,2003-08-19,2003-08-22,95786,16930,7809,713,37631,60069,40512,27195
eurusd,2003-08-26,2003-08-29,100114,14690,12017,849,40446,59159,44129,28089
eurusd,2003-09-02,2003-09-05,107173,14372,12243,1221,47245,63189,44335,30520
eurusd,2003-09-09,2003-09-12,114940,13438,10933,1437,53083,69694,46982,32876
eurusd,2003-09-16,2003-09-19,80591,11847,7123,492,28498,50958,39754,22018
eurusd,2003-09-23,2003-09-26,82549,15340,6563,622,21389,53635,45198,21729
eurusd,2003-09-30,2003-10-03,91864,18650,5001,340,18884,58731,53990,27792
eurusd,2003-10-07,2003-10-10,96823,25794,5769,50,19886,65167,51093,25837
eurusd,2003-10-14,2003-10-17,105915,29854,4860,50,21711,75716,54300,25289
eurusd,2003-10-21,2003-10-24,106515,28987,4874,15,26125,76465,51388,25161
eurusd,2003-10-28,2003-10-31,102842,28893,4688,87,22558,75056,51304,23011
eurusd,2003-11-04,2003-11-07,98943,21858,2285,127,30611,71620,46347,24911
eurusd,2003-11-11,2003-11-14,102826,21264,3345,495,33138,73291,47929,25695
eurusd,2003-11-18,2003-11-21,125596,37534,2988,1082,31787,87711,55193,33815
eurusd,2003-11-25,2003-11-28,122880,33819,3322,569,34228,90331,54264,28658
eurusd,2003-12-02,2003-12-05,135551,35337,4657,118,41775,96997,58321,33779
eurusd,2003-12-09,2003-12-12,152632,33513,5515,204,63614,109882,55301,37031
eurusd,2003-12-16,2003-12-19,119162,39854,5071,613,28939,85043,49756,28435
eurusd,2003-12-22,2003-12-26,118490,38595,4887,16,31053,85352,48826,28235
eurusd,2003-12-30,2004-01-02,119095,38530,4974,16,33190,85465,47359,28640
eurusd,2004-01-06,2004-01-09,126442,36578,6668,101,37420,86242,52343,33431
eurusd,2004-01-13,2004-01-16,130510,35894,8957,245,40431,90936,53940,30372
eurusd,2004-01-20,2004-01-23,129548,35293,7050,682,44234,88583,49339,33233
eurusd,2004-01-27,2004-01-30,129170,36682,3384,1084,42527,92411,48877,32291
eurusd,2004-02-03,2004-02-06,124312,31305,10859,448,47942,84663,44617,28342
eurusd,2004-02-10,2004-02-13,128407,33820,7578,284,45495,90863,48808,29682
eurusd,2004-02-17,2004-02-20,145315,35758,7349,336,54490,102550,54731,35080
eurusd,2004-02-24,2004-02-27,133504,31780,5413,589,54642,94386,46493,33116
eurusd,2004-03-02,2004-03-05,135662,24451,7423,776,62136,94594,48299,32869
eurusd,2004-03-09,2004-03-12,142361,24065,10000,619,71601,97855,46076,33887
eurusd,2004-03-16,2004-03-19,87390,17522,9068,86,28626,48552,41156,29684
eurusd,2004-03-23,2004-03-26,95616,18389,8096,144,36503,58796,40580,28580
eurusd,2004-03-30,2004-04-02,100890,17155,10981,135,43769,57032,39831,32742
eurusd,2004-04-06,2004-04-09,107414,18589,12572,102,46112,57921,42611,36819
eurusd,2004-04-12,2004-04-16,109077,18074,12331,102,49513,62828,41388,33816
eurusd,2004-04-20,2004-04-23,114818,22037,12238,115,51488,65820,41178,36645
eurusd,2004-04-27,2004-04-30,119710,19136,13566,430,58644,68137,41500,37577
eurusd,2004-05-04,2004-05-07,124170,19501,12502,285,62692,72433,41692,38950
eurusd,2004-05-11,2004-05-14,127408,23484,11006,111,60552,79472,43261,36819
eurusd,2004-05-18,2004-05-21,145574,22806,9384,41,78479,97371,44248,38778
eurusd,2004-05-25,2004-05-28,148621,26589,7875,39,76254,100069,45739,40638
eurusd,2004-06-01,2004-06-04,159590,30690,8496,574,73410,114256,54916,36264
eurusd,2004-06-08,2004-06-11,159172,33175,9701,448,76675,120564,48874,28459
eurusd,2004-06-15,2004-06-18,85653,23114,6526,197,21216,53066,41126,25864
eurusd,2004-06-22,2004-06-25,92563,21435,9356,197,31374,58131,39557,24879
eurusd,2004-06-29,2004-07-02,106582,22478,8723,667,43577,71109,39860,26083
eurusd,2004-07-06,2004-07-09,125199,27466,8429,49,49622,87848,48062,28873
eurusd,2004-07-13,2004-07-16,147585,39391,8379,466,58143,108543,49585,30197
eurusd,2004-07-20,2004-07-23,145213,43666,7565,254,50330,106280,50963,31114
eurusd,2004-07-27,2004-07-30,137974,25479,8552,219,64008,97792,48268,31411
eurusd,2004-08-03,2004-08-06,156968,22799,10557,229,87698,115517,46242,30665
eurusd,2004-08-10,2004-08-13,154249,24370,7513,385,84712,116842,44782,29509
eurusd,2004-08-17,2004-08-20,154281,30307,4608,102,74620,123949,49252,25622
eurusd,2004-08-24,2004-08-27,164966,28134,3518,146,76606,131663,60080,29639
eurusd,2004-08-31,2004-09-03,171325,29212,8385,481,81711,130509,59921,31950
eurusd,2004-09-07,2004-09-10,168870,27671,9639,353,81065,125572,59781,33306
eurusd,2004-09-14,2004-09-17,90696,30651,4793,155,17920,58386,41970,27362
eurusd,2004-09-21,2004-09-24,91424,32698,7251,66,16077,55318,42583,28789
eurusd,2004-09-28,2004-10-01,107544,36015,3681,69,27731,74935,43729,28859
eurusd,2004-10-05,2004-10-08,132300,50305,5494,275,33621,99613,48099,26918
eurusd,2004-10-12,2004-10-15,132397,44461,6366,65,35406,98103,52465,27863
eurusd,2004-10-19,2004-10-22,130386,43487,6975,115,32689,89593,54095,33703
eurusd,2004-10-26,2004-10-29,150482,50767,5236,166,39054,109011,60495,36069
eurusd,2004-11-02,2004-11-05,158411,60468,7003,163,35031,117092,62749,34153
eurusd,2004-11-09,2004-11-12,185582,68576,11047,441,52277,134586,64288,39508
eurusd,2004-11-16,2004-11-19,203471,66875,12847,756,63861,139153,71979,50715
eurusd,2004-11-23,2004-11-26,233859,66849,34588,782,81674,148495,84554,49994
eurusd,2004-11-30,2004-12-03,233254,61453,36968,1346,82034,140039,88421,54901
eurusd,2004-12-07,2004-12-10,223808,57209,33095,1379,83513,136066,81707,53268
eurusd,2004-12-14,2004-12-17,136413,36764,51306,537,46052,41269,53060,43301
eurusd,2004-12-21,2004-12-24,147150,39467,51631,997,48636,46674,58050,47848
eurusd,2004-12-28,2004-12-31,147687,44526,27712,1347,42625,65999,59189,52629
eurusd,2005-01-04,2005-01-07,141191,35806,24735,1315,37380,63543,66690,51598
eurusd,2005-01-11,2005-01-14,143785,33414,17233,570,38897,68858,70904,57124
eurusd,2005-01-18,2005-01-21,131661,28380,18467,889,44413,62300,57979,50005
eurusd,2005-01-25,2005-01-28,131203,25401,24633,574,56009,61407,49219,44589
eurusd,2005-02-01,2005-02-04,129210,25980,24055,530,57821,64246,44879,40379
eurusd,2005-02-08,2005-02-11,152377,26185,26816,708,63001,70153,62483,54700
eurusd,2005-02-15,2005-02-18,148131,28112,28357,818,68660,71807,50541,47149
eurusd,2005-02-22,2005-02-25,164961,29004,24980,1616,70354,79321,63987,59044
eurusd,2005-03-01,2005-03-04,169942,46880,13462,1179,60219,108439,61664,46862
eurusd,2005-03-08,2005-03-11,169161,37116,14526,550,70109,108157,61386,45928
eurusd,2005-03-15,2005-03-18,122371,42647,12735,227,26959,68607,52538,40802
eurusd,2005-03-22,2005-03-25,115071,36967,9768,183,27075,63385,50846,41735
eurusd,2005-03-29,2005-04-01,116888,30250,12497,218,39394,63903,47026,40270
eurusd,2005-04-05,2005-04-08,126079,26469,19571,192,53567,60949,45851,45367
eurusd,2005-04-12,2005-04-15,131025,30092,24332,522,58423,68977,41988,37194
eurusd,2005-04-19,2005-04-22,118581,23613,18592,357,54810,65542,39801,34090
eurusd,2005-04-26,2005-04-29,133030,23524,19305,1194,63574,69751,44738,42780
eurusd,2005-05-03,2005-05-06,138018,26070,21195,563,65969,73021,45416,43239
eurusd,2005-05-10,2005-05-13,148731,27335,28879,750,73185,70847,47461,48255
eurusd,2005-05-17,2005-05-20,156860,22232,35720,1058,88051,69952,45519,50130
eurusd,2005-05-24,2005-05-27,162145,24631,39952,1274,92321,68523,43919,52396
eurusd,2005-05-31,2005-06-03,190494,24211,42521,1043,103595,83901,61645,63029
eurusd,2005-06-07,2005-06-10,193707,22939,40710,629,125244,105308,44895,47060
eurusd,2005-06-14,2005-06-17,140233,26335,46000,1613,65262,42453,47023,50167
eurusd,2005-06-21,2005-06-24,142566,26061,47343,1652,69289,44387,45564,49184
eurusd,2005-06-28,2005-07-01,139172,31816,46057,1572,62859,46580,42925,44963
eurusd,2005-07-05,2005-07-08,148960,23019,47891,1693,73540,46146,50708,53230
eurusd,2005-07-12,2005-07-15,140286,24267,32115,485,72930,59128,42604,48558
eurusd,2005-07-19,2005-07-22,143052,23055,34925,293,74964,60278,44740,47556
eurusd,2005-07-26,2005-07-29,144785,24520,32816,651,71960,64853,47654,46465
eurusd,2005-08-02,2005-08-05,143594,24408,24599,626,72783,74601,45777,43768
eurusd,2005-08-09,2005-08-12,145759,28507,24276,1148,70541,74659,45563,45676
eurusd,2005-08-16,2005-08-19,148418,27289,26705,911,73571,77537,46647,43265
eurusd,2005-08-23,2005-08-26,145089,24238,30004,1018,77787,73001,42046,41066
eurusd,2005-08-30,2005-09-02,153731,26465,30084,1169,90759,88098,35338,34380
eurusd,2005-09-06,2005-09-09,161018,38768,15250,1007,80291,109602,40952,35159
eurusd,2005-09-13,2005-09-16,162743,29321,21736,1594,88697,101633,43131,37780
eurusd,2005-09-20,2005-09-23,118666,29052,30480,832,52941,47456,35841,39898
eurusd,2005-09-27,2005-09-30,135698,32927,34530,1192,64263,56575,37316,43401
eurusd,2005-10-04,2005-10-07,143338,34646,36544,812,68778,56196,39102,49786
eurusd,2005-10-11,2005-10-14,130998,30103,25311,1245,61280,58641,38370,45801
eurusd,2005-10-18,2005-10-21,144421,25238,24383,763,73072,68315,45348,50960
eurusd,2005-10-25,2005-10-28,151243,20794,23352,1672,77812,70441,50965,55778
eurusd,2005-11-01,2005-11-04,144306,26432,19434,918,73569,75190,43387,48764
eurusd,2005-11-08,2005-11-11,159878,29558,36185,1375,81207,68774,47738,53544
eurusd,2005-11-15,2005-11-18,175265,31487,44709,2096,94478,73806,47204,54654
eurusd,2005-11-22,2005-11-25,185618,35452,46579,3216,97074,80164,49876,55659
eurusd,2005-11-29,2005-12-02,182131,30467,48599,3052,101892,83991,46720,46489
eurusd,2005-12-06,2005-12-09,179353,28784,51356,3376,103103,79708,44090,44913
eurusd,2005-12-13,2005-12-16,192392,28088,29151,2760,117671,114350,43873,46131
eurusd,2005-12-20,2005-12-23,123445,24852,20348,2443,50514,58508,45636,42146
eurusd,2005-12-27,2005-12-30,112370,25937,21359,2384,44261,50356,39788,38271
eurusd,2006-01-03,2006-01-06,119238,36013,24782,2420,36844,48533,43961,43503
eurusd,2006-01-10,2006-01-13,127386,42096,20135,2455,34870,63074,47965,41722
eurusd,2006-01-17,2006-01-20,129565,41207,19996,2730,36151,69669,49477,37170
eurusd,2006-01-24,2006-01-27,144608,56834,19370,3315,33491,89341,50968,32582
eurusd,2006-01-31,2006-02-03,147953,58564,22182,2382,36469,89459,50538,33930
eurusd,2006-02-07,2006-02-10,140121,45622,26657,1662,44620,75293,48217,36509
eurusd,2006-02-14,2006-02-17,140958,43279,31323,1688,50461,69907,45530,38040
eurusd,2006-02-21,2006-02-24,151300,42097,32012,1734,58946,75683,48523,41871
eurusd,2006-02-28,2006-03-03,159681,50882,32480,1482,56481,82130,50836,43589
eurusd,2006-03-07,2006-03-10,177395,49877,35999,2590,75783,98478,49145,40328
eurusd,2006-03-14,2006-03-17,134870,55058,27074,1435,35565,69607,42812,36754
eurusd,2006-03-21,2006-03-24,141536,58377,16925,485,33700,88412,48974,35714
eurusd,2006-03-28,2006-03-31,140715,56336,15525,810,35558,93460,48011,30920
eurusd,2006-04-04,2006-04-07,161921,67859,15467,655,43679,113080,49728,32719
eurusd,2006-04-11,2006-04-14,159310,58717,17087,2012,46263,110321,52318,29890
eurusd,2006-04-18,2006-04-21,165741,70019,14677,1320,38561,118525,55841,31219
eurusd,2006-04-25,2006-04-28,177240,79841,14316,713,38061,130344,58625,31867
eurusd,2006-05-02,2006-05-05,187074,90615,16141,1346,39152,138150,55961,31437
eurusd,2006-05-09,2006-05-12,198501,87975,15064,1780,43091,142504,65655,39153
eurusd,2006-05-16,2006-05-19,195254,87436,14060,1831,45579,143424,60408,35939
eurusd,2006-05-23,2006-05-26,197806,87361,15285,2317,50079,146064,58049,34140
eurusd,2006-05-30,2006-06-02,195502,96864,16980,1246,39005,138891,58387,38385
eurusd,2006-06-06,2006-06-09,209552,102560,14364,1179,40541,154767,65272,39242
eurusd,2006-06-13,2006-06-16,202394,72732,10886,1373,64770,152800,63519,37335
eurusd,2006-06-20,2006-06-23,132604,66017,13527,381,17807,94376,48399,24320
eurusd,2006-06-27,2006-06-30,148166,77942,13272,396,18274,106720,51554,27778
eurusd,2006-07-03,2006-07-07,162104,87088,18543,518,21368,114031,53130,29012
eurusd,2006-07-11,2006-07-14,168069,92291,14396,277,19781,128562,55720,24834
eurusd,2006-07-18,2006-07-21,152795,67816,16122,449,29176,101106,55354,35118
eurusd,2006-07-25,2006-07-28,146454,66687,16386,687,30207,100022,48873,29359
eurusd,2006-08-01,2006-08-04,157856,85072,11643,645,20935,118798,51204,26770
eurusd,2006-08-08,2006-08-11,177763,101133,9025,537,22548,144363,53545,23838
eurusd,2006-08-15,2006-08-18,178761,99050,8846,686,25418,143147,53607,26082
eurusd,2006-08-22,2006-08-25,175943,89994,8524,799,27222,139078,57928,27542
eurusd,2006-08-29,2006-09-01,170168,88423,8786,1654,25123,129589,54968,30139
eurusd,2006-09-05,2006-09-08,171026,86223,11207,2763,25562,129665,56478,27391
eurusd,2006-09-12,2006-09-15,168483,79626,12909,2040,34073,118677,52744,34857
eurusd,2006-09-19,2006-09-22,131398,69197,18083,1221,15429,79941,45551,32153
eurusd,2006-09-26,2006-09-29,136955,67422,17480,818,19561,89145,49154,29512
eurusd,2006-10-03,2006-10-06,142202,76049,19832,1349,18656,90524,46148,30497
eurusd,2006-10-10,2006-10-13,150795,69105,32577,2814,27412,77236,51464,38168
eurusd,2006-10-17,2006-10-20,154610,69850,43258,2545,32824,67746,49391,41061
eurusd,2006-10-24,2006-10-27,158034,70934,43783,2884,38127,70020,46089,41347
eurusd,2006-10-31,2006-11-03,162230,84563,24515,3478,24644,102923,49545,31314
eurusd,2006-11-07,2006-11-10,178237,96738,27813,3344,25137,119259,53018,27821
eurusd,2006-11-14,2006-11-17,170609,81912,21437,3247,30625,114891,54825,31034
eurusd,2006-11-21,2006-11-24,178692,84717,19411,3160,35293,125408,55522,30713
eurusd,2006-11-28,2006-12-01,207573,107372,17778,5036,33719,142555,61446,42204
eurusd,2006-12-05,2006-12-08,223733,115201,16936,6365,34887,163201,67280,37231
eurusd,2006-12-12,2006-12-15,230245,112188,15505,5889,46473,175717,65695,33134
eurusd,2006-12-19,2006-12-22,194079,110993,19023,1521,19007,144006,62558,29529
eurusd,2006-12-26,2006-12-29,186755,100959,20989,1788,22399,138364,61609,25614
eurusd,2007-01-03,2007-01-05,189612,98245,20789,1148,26506,136076,63713,31599
eurusd,2007-01-09,2007-01-12,183293,93415,18243,1330,28061,132400,60487,31320
eurusd,2007-01-16,2007-01-19,164594,67482,13940,2033,31321,108505,63758,40116
eurusd,2007-01-23,2007-01-26,169518,77516,16506,1793,34954,115543,55255,35676
eurusd,2007-01-30,2007-02-02,174218,85505,22926,1525,34053,112355,53135,37412
eurusd,2007-02-06,2007-02-09,182666,74223,28893,1938,51936,117568,54569,34267
eurusd,2007-02-13,2007-02-16,187086,105371,21576,1668,26385,132507,53662,31335
eurusd,2007-02-20,2007-02-23,202370,117811,18485,2195,27304,150840,55060,30850
eurusd,2007-02-27,2007-03-02,221471,123508,20910,2738,33476,165096,61749,32727
eurusd,2007-03-06,2007-03-09,201319,107164,18485,2323,36846,152682,54986,27829
eurusd,2007-03-13,2007-03-16,216699,113009,16854,2314,44465,167858,56911,29673
eurusd,2007-03-20,2007-03-23,182591,106188,18232,621,18674,135405,57108,28333
eurusd,2007-03-27,2007-03-30,192918,116347,22606,654,19438,138232,56479,31426
eurusd,2007-04-03,2007-04-06,198368,118379,23301,660,18325,143338,61004,31069
eurusd,2007-04-10,2007-04-13,212087,126947,22553,866,22579,152751,61695,35917
eurusd,2007-04-17,2007-04-20,217447,129044,22274,741,22960,158914,64702,35518
eurusd,2007-04-24,2007-04-27,232312,137322,26040,852,26774,166155,67364,39265
eurusd,2007-05-01,2007-05-04,235249,135399,28711,1056,31403,166590,67391,38892
eurusd,2007-05-08,2007-05-11,223364,130342,25072,2072,30399,160424,60551,35796
eurusd,2007-05-15,2007-05-18,236773,146922,27384,2594,28486,170028,58771,36767
eurusd,2007-05-22,2007-05-25,218897,126860,31573,3132,35859,145736,53046,38456
eurusd,2007-05-29,2007-06-01,213871,124206,29887,2967,30545,146256,56153,34761
eurusd,2007-06-05,2007-06-08,214948,119341,34376,2729,33497,136957,59381,40886
eurusd,2007-06-12,2007-06-15,227892,93562,42924,2945,71199,140403,60186,41620
eurusd,2007-06-19,2007-06-22,183775,85173,38832,926,47546,113147,50130,30870
eurusd,2007-06-26,2007-06-29,183893,92876,25443,688,38856,125552,51473,32210
eurusd,2007-07-03,2007-07-06,195000,101643,25119,1330,29601,136922,62426,31629
eurusd,2007-07-10,2007-07-13,223674,129843,26947,1561,27319,157712,64951,37454
eurusd,2007-07-17,2007-07-20,221237,123364,24179,2055,31096,163661,64722,31342
eurusd,2007-07-24,2007-07-27,225781,126890,30475,2015,31658,162016,65218,31275
eurusd,2007-07-31,2007-08-03,214527,104189,25736,2002,49491,154719,58845,32070
eurusd,2007-08-07,2007-08-10,227532,111634,32605,2602,53782,161026,59514,31299
eurusd,2007-08-14,2007-08-17,218546,90832,26158,4081,71894,158307,51739,30000
eurusd,2007-08-21,2007-08-24,216026,74037,35574,5498,88533,147372,47958,27582
eurusd,2007-08-28,2007-08-31,221098,74495,31669,5085,98326,152882,43192,31462
eurusd,2007-09-04,2007-09-07,221662,78483,31838,3178,91240,155853,48761,30793
eurusd,2007-09-11,2007-09-14,235169,86476,28262,2429,93096,173688,53168,30790
eurusd,2007-09-18,2007-09-21,203437,123169,37120,1320,25057,136525,53891,28472
eurusd,2007-09-25,2007-09-28,209652,122295,38847,1808,29894,131573,55655,37424
eurusd,2007-10-02,2007-10-05,214561,132323,37883,1493,24276,137838,56469,37347
eurusd,2007-10-09,2007-10-12,204193,117894,30728,1745,26551,136226,58003,35494
eurusd,2007-10-16,2007-10-19,208345,116748,30144,1911,32931,141380,56755,34910
eurusd,2007-10-23,2007-10-26,195913,100683,31667,1710,39483,124130,54037,38406
eurusd,2007-10-30,2007-11-02,199482,100809,31961,1771,41037,128135,55865,37615
eurusd,2007-11-06,2007-11-09,217765,109002,32954,1777,48039,144656,58947,38378
eurusd,2007-11-13,2007-11-16,219866,98821,29392,1863,63973,149796,55209,38815
eurusd,2007-11-20,2007-11-23,227240,98548,28520,1433,70157,154389,57102,42898
eurusd,2007-11-27,2007-11-30,222881,91335,24779,1455,75599,155245,54492,41402
eurusd,2007-12-04,2007-12-07,236107,93659,24542,2827,85243,167434,54378,41304
eurusd,2007-12-11,2007-12-14,259477,91012,27638,7363,110298,186059,50804,38417
eurusd,2007-12-18,2007-12-21,150165,67396,36247,1328,33923,78738,47518,33852
eurusd,2007-12-24,2007-12-28,157379,68111,37470,1272,44647,87263,43349,31374
eurusd,2007-12-31,2008-01-04,166421,71697,35042,1248,48525,93036,44951,37095
eurusd,2008-01-08,2008-01-11,179512,85915,34013,1484,41398,108936,50715,35079
eurusd,2008-01-15,2008-01-18,177003,81812,36830,1301,42254,102175,51636,36697
eurusd,2008-01-22,2008-01-25,184289,65581,41836,1313,63634,99499,53761,41641
eurusd,2008-01-29,2008-02-01,187780,62078,39622,2407,77332,111456,45963,34295
eurusd,2008-02-05,2008-02-08,199494,60106,47542,2113,86513,109379,50762,40460
eurusd,2008-02-12,2008-02-15,207601,55016,44721,2025,103545,118882,47015,41973
eurusd,2008-02-19,2008-02-22,209143,60926,46196,1193,101376,120377,45648,41377
eurusd,2008-02-26,2008-02-29,217521,75598,43820,1847,88983,128844,51093,43010
eurusd,2008-03-04,2008-03-07,226280,73238,41228,2592,99752,141064,50698,41396
eurusd,2008-03-11,2008-03-14,245172,81646,52547,2245,118602,151616,42679,38764
eurusd,2008-03-18,2008-03-21,162474,78310,51789,2071,34582,65588,47511,43026
eurusd,2008-03-25,2008-03-28,163586,90956,48185,1636,28157,74502,42837,39263
eurusd,2008-04-01,2008-04-04,165921,80290,51218,2235,36173,68641,47223,43827
eurusd,2008-04-08,2008-04-11,174504,86826,57391,2153,41475,72091,44050,42869
eurusd,2008-04-15,2008-04-18,175248,77532,57439,2653,47123,70124,47940,45032
eurusd,2008-04-22,2008-04-25,178052,81612,62705,3100,41337,63449,52003,48798
eurusd,2008-04-29,2008-05-02,191308,48319,69634,2219,95786,71281,44984,48174
eurusd,2008-05-06,2008-05-09,204066,54383,66895,3628,100580,91173,45475,42370
eurusd,2008-05-13,2008-05-16,207346,55409,64908,3069,106832,98679,42036,40690
eurusd,2008-05-20,2008-05-23,212882,70240,63399,3481,94653,104525,44508,41477
eurusd,2008-05-27,2008-05-30,222241,64503,67893,3506,108565,110485,45667,40357
eurusd,2008-06-03,2008-06-06,230633,55845,70299,3469,128849,105376,42470,51489
eurusd,2008-06-10,2008-06-13,254812,57544,65084,11537,148879,135196,36852,42995
eurusd,2008-06-17,2008-06-20,132056,49514,58804,2623,32128,27941,47791,42688
eurusd,2008-06-24,2008-06-27,147275,57904,56472,2363,38893,49378,48115,39062
eurusd,2008-07-01,2008-07-04,179885,88162,60479,2257,40013,73450,49453,43699
eurusd,2008-07-08,2008-07-11,176211,81210,57203,2883,44165,69916,47953,46209
eurusd,2008-07-15,2008-07-18,183536,85052,62003,3365,45934,78687,49185,39481
eurusd,2008-07-22,2008-07-25,171505,70588,66517,3238,52550,58424,45129,43326
eurusd,2008-07-29,2008-08-01,149933,51585,67803,2528,54512,35374,41308,44228
eurusd,2008-08-05,2008-08-08,160311,55538,64985,2778,59169,45026,42826,47522
eurusd,2008-08-12,2008-08-15,146235,39822,59249,4152,54139,35030,48122,47804
eurusd,2008-08-19,2008-08-22,153468,39958,60322,3660,55286,33789,54564,55697
eurusd,2008-08-26,2008-08-29,154444,36026,69804,3328,72360,34980,42730,46332
eurusd,2008-09-02,2008-09-05,163458,37997,76620,3701,81688,38194,40072,44943
eurusd,2008-09-09,2008-09-12,182828,35890,72322,4300,98579,62462,44059,43744
eurusd,2008-09-16,2008-09-19,142148,35314,75968,4720,68208,23682,33906,37778
eurusd,2008-09-23,2008-09-26,152022,33266,64323,2058,79367,48721,37331,36920
eurusd,2008-09-30,2008-10-03,173238,27472,56404,5683,91067,58098,49016,53053
eurusd,2008-10-07,2008-10-10,179895,32058,50720,2994,92353,70752,52490,55429
eurusd,2008-10-14,2008-10-17,175810,24274,54374,2574,102280,65951,46682,52911
eurusd,2008-10-21,2008-10-24,184062,23536,54156,2736,94815,61489,62975,65681
eurusd,2008-10-28,2008-10-31,193760,25409,54461,3207,99852,67164,65292,68928
eurusd,2008-11-04,2008-11-07,169608,27825,49258,2913,87091,60936,51779,56501
eurusd,2008-11-11,2008-11-14,170226,25967,46588,2821,92836,63077,48602,57740
eurusd,2008-11-18,2008-11-21,165121,29073,46431,2553,86779,63127,46716,53010
eurusd,2008-11-25,2008-11-28,172366,27389,48867,2687,89976,70266,52314,50546
eurusd,2008-12-02,2008-12-05,173018,29631,49828,2383,93058,73945,47946,46862
eurusd,2008-12-09,2008-12-12,179318,29347,46015,4056,90454,82700,55461,46547
eurusd,2008-12-16,2008-12-19,119389,30798,37424,994,47746,50434,39851,30537
eurusd,2008-12-22,2008-12-26,118546,30977,34622,1399,49358,56185,36812,26340
eurusd,2008-12-30,2009-01-02,120499,32529,35733,1080,49384,56465,37506,27221
eurusd,2009-01-06,2009-01-09,123878,33733,36108,1107,47299,58793,41739,27870
eurusd,2009-01-13,2009-01-16,117502,26970,36318,1349,51117,51090,38066,28745
eurusd,2009-01-20,2009-01-23,131714,27780,35360,1140,61010,55952,41784,39262
eurusd,2009-01-27,2009-01-30,134554,32077,39566,1296,65248,61249,35933,32443
eurusd,2009-02-03,2009-02-06,145456,35350,44402,1073,70629,67183,38404,32798
eurusd,2009-02-10,2009-02-13,152419,33943,43937,1155,76264,69706,41057,37621
eurusd,2009-02-17,2009-02-20,157952,32809,48246,625,85908,70830,38610,38251
eurusd,2009-02-24,2009-02-27,166903,33201,43282,867,94813,87296,38022,35458
eurusd,2009-03-03,2009-03-06,183858,34175,53606,954,110616,91184,38113,38114
eurusd,2009-03-10,2009-03-13,180278,33930,44162,1919,104740,99415,39689,34782
eurusd,2009-03-17,2009-03-20,111077,33657,42696,548,37055,34864,39817,32969
eurusd,2009-03-24,2009-03-27,112887,32680,38138,592,37912,44237,41703,29920
eurusd,2009-03-31,2009-04-03,104404,31906,29641,674,31025,44789,40799,29300
eurusd,2009-04-07,2009-04-10,113508,31596,27724,444,40545,58703,40923,26637
eurusd,2009-04-14,2009-04-17,108304,32836,27261,482,38217,55083,36769,25478
eurusd,2009-04-21,2009-04-24,106679,29708,28111,634,41574,46109,34763,31825
eurusd,2009-04-28,2009-05-01,108592,30292,32365,256,43424,41730,34620,34241
eurusd,2009-05-05,2009-05-08,110768,35025,31657,478,39419,47642,35846,30991
eurusd,2009-05-12,2009-05-15,124499,41355,30940,888,40143,60005,42113,32666
eurusd,2009-05-19,2009-05-22,125472,41754,29504,561,43028,65540,40129,29867
eurusd,2009-05-26,2009-05-29,139357,47203,31619,660,44732,75899,46762,31179
eurusd,2009-06-02,2009-06-05,151004,48585,41792,857,55089,77093,46473,31262
eurusd,2009-06-09,2009-06-12,150683,49185,34161,2143,56630,89250,42725,25129
eurusd,2009-06-16,2009-06-19,106532,39854,27369,330,24479,48713,41869,30120
eurusd,2009-06-23,2009-06-26,118077,48252,30829,390,26865,53808,42570,33050
eurusd,2009-06-30,2009-07-03,114921,47701,30482,385,26203,51561,40632,32493
eurusd,2009-07-07,2009-07-10,124035,49042,38730,403,26172,52119,48418,32783
eurusd,2009-07-14,2009-07-17,116686,44406,30507,433,24948,54646,46899,31100
eurusd,2009-07-21,2009-07-24,143414,66273,31501,464,24786,79766,51891,31683
eurusd,2009-07-28,2009-07-31,136354,55671,35384,500,26861,65511,53322,34959
eurusd,2009-08-04,2009-08-07,138237,61443,34337,946,22984,72454,52864,30500
eurusd,2009-08-11,2009-08-14,130222,46396,29585,564,27364,63139,55898,36934
eurusd,2009-08-18,2009-08-21,127640,38823,33091,774,36807,58205,51236,35570
eurusd,2009-08-25,2009-08-28,128651,48251,30080,1118,30702,69127,48580,28326
eurusd,2009-09-01,2009-09-04,128047,42624,33607,1006,38126,63345,46291,30089
eurusd,2009-09-08,2009-09-11,149891,56543,38510,2788,38907,79614,51653,28979
eurusd,2009-09-15,2009-09-18,156349,74562,36790,339,22673,86212,58775,33008
eurusd,2009-09-22,2009-09-25,162551,76545,38545,373,30609,91187,55024,32446
eurusd,2009-09-29,2009-10-02,164913,77852,38086,430,32122,94246,54509,32151
eurusd,2009-10-06,2009-10-09,170878,86229,35184,356,30059,105599,54234,29739
eurusd,2009-10-13,2009-10-16,166326,79762,36395,377,30875,96922,55312,32632
eurusd,2009-10-20,2009-10-23,170291,77829,41796,452,38176,94579,53834,33464
eurusd,2009-10-27,2009-10-30,164798,67843,34974,814,40621,97333,55520,31677
eurusd,2009-11-03,2009-11-06,161257,64023,41832,874,44743,86446,51617,32105
eurusd,2009-11-09,2009-11-13,164192,67904,42731,711,43340,87461,52237,33289
eurusd,2009-11-17,2009-11-20,172325,64268,52312,385,52687,83939,54985,35689
eurusd,2009-11-24,2009-11-27,173834,70841,52374,502,53323,89903,49168,31055
eurusd,2009-12-01,2009-12-04,175155,71123,48972,635,49443,94717,53954,30831
eurusd,2009-12-08,2009-12-11,179294,52035,52546,6028,76017,92315,45214,28405
eurusd,2009-12-15,2009-12-18,132017,42987,59435,671,39669,40728,48690,31183
eurusd,2009-12-22,2009-12-25,134600,40925,55252,462,45292,46838,47921,32048
eurusd,2009-12-29,2010-01-01,144152,34132,67929,899,66911,41361,42210,33963
eurusd,2010-01-05,2010-01-08,156155,37229,73017,868,75603,46052,42455,36218
eurusd,2010-01-12,2010-01-15,161287,36186,54103,1833,77041,65306,46227,40045
eurusd,2010-01-19,2010-01-22,164501,34186,59468,1772,80493,59772,48050,43489
eurusd,2010-01-26,2010-01-29,184978,33106,72645,652,107572,66224,43648,45457
eurusd,2010-02-02,2010-02-05,186878,31207,74948,680,110320,63773,44671,47477
eurusd,2010-02-09,2010-02-12,197457,34867,92019,698,120004,56636,41888,48104
eurusd,2010-02-16,2010-02-19,196042,34459,93881,796,119236,55730,41551,45635
eurusd,2010-02-23,2010-02-26,208474,32728,104351,1723,135199,56953,38824,45447
eurusd,2010-03-02,2010-03-05,218803,35894,102664,1725,135287,66049,45897,48365
eurusd,2010-03-09,2010-03-12,243524,32589,107140,2236,169613,88988,39086,45160
eurusd,2010-03-16,2010-03-19,163822,41800,88141,1431,82124,32720,38467,41530
eurusd,2010-03-23,2010-03-26,195287,39953,114870,1314,113860,31884,40160,47219
eurusd,2010-03-30,2010-04-02,223554,35205,120531,1736,147689,49896,38924,51391
eurusd,2010-04-06,2010-04-09,208883,39036,106259,1087,129186,52156,39574,49381
eurusd,2010-04-13,2010-04-16,203199,37157,92621,1284,124881,58998,39877,50296
eurusd,2010-04-20,2010-04-23,208291,33614,105038,2335,130859,54711,41483,46207
eurusd,2010-04-27,2010-04-30,238298,34462,123475,4296,155391,58045,44149,52482
eurusd,2010-05-04,2010-05-07,261076,36675,140077,2898,175841,62928,45662,55173
eurusd,2010-05-11,2010-05-14,287589,39584,153474,2753,197808,73314,47444,58048
eurusd,2010-05-18,2010-05-21,300526,54411,161554,2724,195262,76108,48129,60140
eurusd,2010-05-25,2010-05-28,281966,45630,152366,2113,190207,72954,44016,54533
eurusd,2010-06-01,2010-06-04,275266,45006,138331,3249,176197,79109,50814,54577
eurusd,2010-06-08,2010-06-11,305060,45938,157883,9895,198558,87172,50669,50110
eurusd,2010-06-15,2010-06-18,227632,49526,111886,1855,133605,58614,42646,55277
eurusd,2010-06-22,2010-06-25,224050,41013,111987,764,139417,58197,42856,53102
eurusd,2010-06-29,2010-07-02,225752,43357,117027,961,140113,56627,41321,51137
eurusd,2010-07-06,2010-07-09,228333,56316,95225,1612,122675,80214,47730,51282
eurusd,2010-07-13,2010-07-16,225703,56187,83237,963,123535,88641,45018,52862
eurusd,2010-07-20,2010-07-23,230118,55008,79259,1990,130879,97825,42241,51044
eurusd,2010-07-27,2010-07-30,232193,56622,77961,1791,130508,101249,43272,51192
eurusd,2010-08-03,2010-08-06,236101,60410,67707,2116,127496,116469,46079,49809
eurusd,2010-08-10,2010-08-13,234276,55797,59528,1314,132681,127762,44484,45672
eurusd,2010-08-17,2010-08-20,250090,61324,75951,1251,137257,124115,50258,48773
eurusd,2010-08-24,2010-08-27,245448,54591,76194,1198,142830,118301,46829,49755
eurusd,2010-08-31,2010-09-03,241133,51099,76668,2181,143877,112447,43976,49837
eurusd,2010-09-07,2010-09-10,257788,53156,76855,2553,148315,118728,53764,59652
eurusd,2010-09-14,2010-09-17,170651,54543,64187,1022,67986,58316,47100,47126
eurusd,2010-09-21,2010-09-24,167463,52300,47203,2605,63931,70956,48627,46699
eurusd,2010-09-28,2010-10-01,190039,70638,35308,925,64109,106549,54367,47257
eurusd,2010-10-05,2010-10-08,197406,72979,24736,2085,66364,122353,55978,48232
eurusd,2010-10-12,2010-10-15,197836,68718,27207,2883,73180,122239,53055,45507
eurusd,2010-10-19,2010-10-22,219761,74855,28107,2304,80283,143118,62319,46232
eurusd,2010-10-26,2010-10-29,209103,70109,29604,2855,79733,130949,56406,45695
eurusd,2010-11-02,2010-11-05,206972,70185,31575,3179,74771,125394,58837,46824
eurusd,2010-11-09,2010-11-12,204528,61477,38194,5508,80065,117860,57478,42966
eurusd,2010-11-16,2010-11-19,195598,54708,46102,4768,82056,99611,54066,45117
eurusd,2010-11-23,2010-11-26,187189,43670,51963,5108,90172,91128,48239,38990
eurusd,2010-11-30,2010-12-03,203930,47264,54512,3853,96865,94867,55948,50698
eurusd,2010-12-07,2010-12-10,198099,32322,47612,3554,115122,92641,47101,54292
eurusd,2010-12-14,2010-12-17,146781,35689,45993,246,63095,50387,47751,50155
eurusd,2010-12-21,2010-12-24,156136,38604,52697,671,68741,54908,48120,47860
eurusd,2010-12-28,2010-12-31,162312,33833,60312,852,80025,52498,47602,48650
eurusd,2011-01-04,2011-01-07,163239,37102,61303,1185,77703,52848,47249,47903
eurusd,2011-01-11,2011-01-14,202004,42359,87541,1317,108835,58443,49493,54703
eurusd,2011-01-18,2011-01-21,188933,67309,63200,1634,65807,71021,54183,53078
eurusd,2011-01-25,2011-01-28,199706,73488,50587,1097,62983,91071,62138,56951
eurusd,2011-02-01,2011-02-04,211730,80381,40447,2464,65404,111805,63481,57014
eurusd,2011-02-08,2011-02-11,203541,73502,38768,3521,65994,113877,60524,47375
eurusd,2011-02-15,2011-02-18,193304,63395,30931,3356,69268,111581,57285,47436
eurusd,2011-02-22,2011-02-25,207869,77454,31856,3730,68789,122623,57896,49660
eurusd,2011-03-01,2011-03-04,217066,83104,31796,4271,66564,129694,63127,51305
eurusd,2011-03-08,2011-03-11,263702,98171,35877,10602,93190,167583,61739,49640
eurusd,2011-03-15,2011-03-18,190848,86506,40190,1945,44477,108111,57920,40602
eurusd,2011-03-22,2011-03-25,194709,81574,33221,2035,53020,113015,58080,46438
eurusd,2011-03-29,2011-04-01,218177,93031,36401,2150,62196,134511,60800,45115
eurusd,2011-04-05,2011-04-08,236270,99405,39548,1499,70097,146642,65269,48581
eurusd,2011-04-12,2011-04-15,243203,105425,40440,1700,69054,151768,67024,49295
eurusd,2011-04-19,2011-04-22,244006,102686,40491,1889,74976,155704,64455,45922
eurusd,2011-04-26,2011-04-29,249000,105683,37404,2237,72619,161952,68461,47407
eurusd,2011-05-03,2011-05-06,264337,128460,28944,2867,62075,186930,70935,45596
eurusd,2011-05-10,2011-05-13,242927,98054,36607,1214,83295,163027,60364,42079
eurusd,2011-05-17,2011-05-20,250533,89941,48296,1133,105953,157756,53506,43348
eurusd,2011-05-24,2011-05-27,258663,75182,56053,896,134068,156886,48517,44828
eurusd,2011-05-31,2011-06-03,270101,80494,58524,1719,136097,164386,51791,45472
eurusd,2011-06-07,2011-06-10,296126,96555,44719,1155,133843,193019,64573,57233
eurusd,2011-06-14,2011-06-17,190373,84580,34686,522,48746,113295,56525,41870
eurusd,2011-06-21,2011-06-24,189190,72153,42382,592,62478,103169,53967,43047
eurusd,2011-06-28,2011-07-01,183206,68800,35813,753,57791,101137,55862,45503
eurusd,2011-07-05,2011-07-08,194329,81860,38666,953,54485,111116,57031,43594
eurusd,2011-07-12,2011-07-15,185541,61392,48976,657,70726,86428,52766,49480
eurusd,2011-07-19,2011-07-22,180314,58580,49334,1022,77199,83685,43513,46273
eurusd,2011-07-26,2011-07-29,183690,60177,43139,1077,71503,97247,50933,42227
eurusd,2011-08-02,2011-08-05,190722,58313,56550,1066,85149,91248,46194,41858
eurusd,2011-08-09,2011-08-12,183571,49029,57302,2107,86027,81060,46408,43102
eurusd,2011-08-16,2011-08-19,168931,47094,40368,1643,75036,82944,45158,43976
eurusd,2011-08-23,2011-08-26,174714,47711,45172,882,78732,84822,47389,43838
eurusd,2011-08-30,2011-09-02,179162,43894,44278,2180,81983,85137,51105,47567
eurusd,2011-09-06,2011-09-09,209515,33167,69610,2421,128794,83050,45133,54434
eurusd,2011-09-13,2011-09-16,264500,25704,80163,1828,194836,115819,42132,66690
eurusd,2011-09-20,2011-09-23,201556,19920,99380,1282,147760,44819,32594,56075
eurusd,2011-09-27,2011-09-30,215172,19705,102178,1040,159618,51938,34809,60016
eurusd,2011-10-04,2011-10-07,220839,18104,100801,794,169387,60185,32554,59059
eurusd,2011-10-11,2011-10-14,223167,17040,90835,680,170021,69466,35426,62186
eurusd,2011-10-18,2011-10-21,230483,20977,98697,821,178450,70717,30235,60248
eurusd,2011-10-25,2011-10-28,235774,21323,97835,814,181494,76852,32143,60273
eurusd,2011-11-01,2011-11-04,231229,26311,86371,3586,167499,86554,33833,54718
eurusd,2011-11-08,2011-11-11,231445,27943,82200,2413,168347,88975,32742,57857
eurusd,2011-11-15,2011-11-18,244552,24048,100195,1545,187608,79137,31351,63675
eurusd,2011-11-22,2011-11-25,260064,25943,111011,3180,199707,81373,31234,64500
eurusd,2011-11-29,2011-12-02,277511,27620,131922,2305,218546,80704,29040,62580
eurusd,2011-12-06,2011-12-09,283309,34521,130335,3336,215981,92238,29471,57400
eurusd,2011-12-13,2011-12-16,327740,35507,151964,15081,244941,101015,32211,59680
eurusd,2011-12-20,2011-12-23,266597,49557,163254,977,188839,45720,27224,56646
eurusd,2011-12-27,2011-12-30,276022,45183,173062,986,204337,47710,25516,54264
eurusd,2012-01-03,2012-01-06,282790,40441,179350,932,212985,46916,28432,55592
eurusd,2012-01-10,2012-01-13,294263,29770,184965,1131,231765,50103,31597,58064
eurusd,2012-01-17,2012-01-20,300962,28396,188426,1361,238254,51069,32951,60106
eurusd,2012-01-24,2012-01-27,315350,31299,202646,1947,248435,50819,33669,59938
eurusd,2012-01-31,2012-02-03,305328,31906,189452,2355,239127,55202,31940,58319
eurusd,2012-02-07,2012-02-10,288657,32128,172721,2198,221948,56784,32383,56954
eurusd,2012-02-14,2012-02-17,291060,26774,175415,3391,228941,53808,31954,58446
eurusd,2012-02-21,2012-02-24,287525,29369,171528,3231,221151,51617,33774,61149
eurusd,2012-02-28,2012-03-02,271282,35728,145402,5488,194512,63056,35554,57336
eurusd,2012-03-06,2012-03-09,284739,39943,156416,6110,205574,63286,33112,58927
eurusd,2012-03-13,2012-03-16,311057,40325,139661,14877,212175,83411,43680,73108
eurusd,2012-03-20,2012-03-23,258535,50416,133370,1062,176529,63974,30528,60129
eurusd,2012-03-27,2012-03-30,239446,34033,123162,1194,168190,55639,36029,59451
eurusd,2012-04-03,2012-04-06,241006,39835,119315,1258,166622,62119,33291,58314
eurusd,2012-04-10,2012-04-13,274830,39253,140617,1180,204616,66567,29781,66466
eurusd,2012-04-17,2012-04-20,295844,40310,158435,1609,226108,70285,27817,65515
eurusd,2012-04-24,2012-04-27,287215,36289,149656,1483,219295,70017,30148,66059
eurusd,2012-05-01,2012-05-04,279605,34957,141947,2028,211742,68746,30878,66884
eurusd,2012-05-08,2012-05-11,321037,36022,180006,1448,252598,69712,30969,69871
eurusd,2012-05-15,2012-05-18,356674,38475,212344,1668,286563,66730,29968,75932
eurusd,2012-05-22,2012-05-25,376708,34714,230075,2598,308311,69614,31085,74421
eurusd,2012-05-29,2012-06-01,394160,40287,243702,2798,318223,71325,32852,76335
eurusd,2012-06-05,2012-06-08,401812,36651,251069,5152,328987,69903,31022,75688
eurusd,2012-06-12,2012-06-15,422131,39245,234432,34202,317031,82599,31653,70898
eurusd,2012-06-19,2012-06-22,311933,54449,195515,1994,224084,47855,31406,66569
eurusd,2012-06-26,2012-06-29,315785,36933,196813,1956,244942,47522,31954,69494
eurusd,2012-07-03,2012-07-06,302289,32236,178413,2194,235912,54541,31947,67141
eurusd,2012-07-10,2012-07-13,326374,36409,202114,2505,251888,49424,35572,72331
eurusd,2012-07-17,2012-07-20,323228,31821,199070,2384,254350,51144,34673,70630
eurusd,2012-07-24,2012-07-27,324443,39501,194567,3179,248645,56865,33118,69832
eurusd,2012-07-31,2012-08-03,311436,41327,180321,3314,234082,61370,32713,66431
eurusd,2012-08-07,2012-08-10,322243,46742,178453,2993,238441,74547,34067,66250
eurusd,2012-08-14,2012-08-17,321568,43152,180962,3058,241859,73974,33499,63574
eurusd,2012-08-21,2012-08-24,321166,45986,169918,2913,232459,85016,39808,63319
eurusd,2012-08-28,2012-08-31,311925,45927,147488,3467,224688,97055,37843,63915
eurusd,2012-09-04,2012-09-07,314363,46580,148886,3578,225276,100488,38929,61411
eurusd,2012-09-11,2012-09-14,332637,43180,136838,16083,230240,117157,43134,62559
eurusd,2012-09-18,2012-09-21,234394,48817,122299,1411,140884,53819,43282,56865
eurusd,2012-09-25,2012-09-28,218363,53345,103583,1694,119654,59930,43670,53156
eurusd,2012-10-02,2012-10-05,217516,48335,98600,2395,123654,64024,43132,52497
eurusd,2012-10-09,2012-10-12,227541,39946,112516,3202,142542,60144,41851,51679
eurusd,2012-10-16,2012-10-19,219809,42041,95536,3420,131046,63590,43302,57263
eurusd,2012-10-23,2012-10-26,216842,38171,93390,3069,133705,64140,41897,56243
eurusd,2012-10-30,2012-11-02,221524,38189,96393,2863,139267,64121,41205,58147
eurusd,2012-11-06,2012-11-09,227725,45212,112353,2672,143191,54864,36650,57836
eurusd,2012-11-13,2012-11-16,231660,39863,123509,2568,150428,48432,38801,57151
eurusd,2012-11-20,2012-11-23,232328,36692,128092,2846,155028,45063,37762,56327
eurusd,2012-11-27,2012-11-30,210234,35799,102492,3742,130148,50616,40545,53384
eurusd,2012-12-04,2012-12-07,217546,48300,81095,4540,117877,78193,46829,53718
eurusd,2012-12-11,2012-12-14,241932,51536,83159,9628,133355,98757,47413,50388
eurusd,2012-12-18,2012-12-21,193681,69460,79196,2993,71803,64052,49425,47440
eurusd,2012-12-24,2012-12-28,202591,75072,77621,2851,72084,76154,52584,45965
eurusd,2012-12-31,2013-01-04,207608,81932,76806,2969,71891,82481,50816,45352
eurusd,2013-01-08,2013-01-11,194251,66329,74364,2725,77301,67829,47896,49333
eurusd,2013-01-15,2013-01-18,211373,80174,72859,2810,73119,88184,55270,47520
eurusd,2013-01-22,2013-01-25,216059,83840,62459,3807,74708,102356,53704,47437
eurusd,2013-01-29,2013-02-01,237856,93791,66319,4668,81422,116865,57975,50004
eurusd,2013-02-05,2013-02-08,251236,97397,59445,5548,89236,131946,59055,54297
eurusd,2013-02-12,2013-02-15,239566,87135,62954,4132,92973,126202,55326,46278
eurusd,2013-02-19,2013-02-22,234039,81014,61911,4930,91704,118002,56391,49196
eurusd,2013-02-26,2013-03-01,230567,74832,84226,5803,101311,93280,48621,47258
eurusd,2013-03-05,2013-03-08,218469,63355,89471,6755,107811,69195,40548,53048
eurusd,2013-03-12,2013-03-15,213113,57473,82260,7701,104909,68989,43030,54163
eurusd,2013-03-19,2013-03-22,195073,48958,93842,5562,102319,44157,38234,51512
eurusd,2013-03-26,2013-03-29,204257,41260,90355,6404,117345,54862,39248,52636
eurusd,2013-04-02,2013-04-05,235871,44459,110160,6015,147918,63699,37479,55997
eurusd,2013-04-09,2013-04-12,220353,35343,86201,5533,141694,72488,37783,56131
eurusd,2013-04-16,2013-04-19,215657,49321,79085,5758,121372,76858,39206,53956
eurusd,2013-04-23,2013-04-26,220051,47807,82082,5603,127780,78147,38861,54219
eurusd,2013-04-30,2013-05-03,222618,56771,86920,5367,113781,77610,46699,52721
eurusd,2013-05-07,2013-05-10,214597,52517,86050,5894,115146,69030,41040,53623
eurusd,2013-05-14,2013-05-17,232417,52843,99764,6696,132700,65854,40178,60103
eurusd,2013-05-21,2013-05-24,265194,43037,123986,5979,177851,69705,38327,65524
eurusd,2013-05-28,2013-05-31,264212,36916,121560,6565,180752,70174,39979,65913
eurusd,2013-06-04,2013-06-07,240733,43804,95425,7766,148967,78413,40196,59129
eurusd,2013-06-11,2013-06-14,260418,68956,76489,14860,128701,106793,47901,62276
eurusd,2013-06-18,2013-06-21,213331,91304,71274,4883,64586,80432,52558,56742
eurusd,2013-06-25,2013-06-28,211651,87192,69835,5051,70649,86799,48759,49966
eurusd,2013-07-02,2013-07-05,196064,59270,75360,5948,88115,61074,42731,53682
eurusd,2013-07-09,2013-07-12,225051,52159,93059,6299,124661,62042,41932,63651
eurusd,2013-07-16,2013-07-19,220137,53228,90393,5735,126783,65982,34391,58027
eurusd,2013-07-23,2013-07-26,219429,63130,91030,5637,109572,68740,41090,54022
eurusd,2013-07-30,2013-08-02,222957,78211,86715,4880,96694,73239,43172,58123
eurusd,2013-08-06,2013-08-09,228726,85239,79178,5302,90858,86556,47327,57690
eurusd,2013-08-13,2013-08-16,225665,89984,73927,5258,85283,87207,45140,59273
eurusd,2013-08-20,2013-08-23,249660,113092,76346,5839,78210,109391,52519,58084
eurusd,2013-08-27,2013-08-30,248672,113592,73511,5664,78540,114408,50876,55089
eurusd,2013-09-03,2013-09-06,244563,98589,75851,6755,99298,107939,39921,54018
eurusd,2013-09-10,2013-09-13,257969,82772,70076,9079,122829,123285,43289,55529
eurusd,2013-09-17,2013-09-20,218264,100963,69056,3547,73890,94356,39864,51305
eurusd,2013-09-24,2013-09-27,254464,129862,64018,3662,72759,138915,48181,47869
eurusd,2013-10-01,2013-10-04,255067,128580,60304,5366,73837,140700,47284,48697
eurusd,2013-10-08,2013-10-11,263859,127301,58618,6565,81614,147287,48379,51389
eurusd,2013-10-15,2013-10-18,257199,121327,60953,6042,84477,138835,45353,51369
eurusd,2013-10-22,2013-10-25,278139,137061,64627,5763,82406,153006,52909,54743
eurusd,2013-10-29,2013-11-01,282923,136054,65437,5808,87462,156340,53599,55338
eurusd,2013-11-05,2013-11-08,252554,103333,70190,6975,93269,124922,48977,50467
eurusd,2013-11-12,2013-11-15,229166,86121,69295,7399,97194,93189,38452,59283
eurusd,2013-11-19,2013-11-22,232326,81070,72159,7361,105889,95999,38006,56807
eurusd,2013-11-26,2013-11-29,243049,74118,74549,10456,120631,99633,37844,58411
eurusd,2013-12-03,2013-12-06,253653,82230,72918,10180,120205,109636,41038,60919
eurusd,2013-12-10,2013-12-13,302100,91669,75739,8285,152652,149951,49494,68125
eurusd,2013-12-17,2013-12-20,230955,97780,69857,3934,83222,97675,46019,59489
eurusd,2013-12-24,2013-12-27,240206,102462,70290,4825,87272,106981,45647,58110
eurusd,2013-12-31,2014-01-03,242071,101916,71327,4817,88251,108680,47087,57247
eurusd,2014-01-07,2014-01-10,238570,88119,73621,4954,105422,99143,40075,60852
eurusd,2014-01-14,2014-01-17,243434,87059,77813,5512,107883,98891,42980,61218
eurusd,2014-01-21,2014-01-24,255300,79321,83093,6165,131073,96012,38741,70030
eurusd,2014-01-28,2014-01-31,260799,86963,72616,6663,126816,118340,40357,63180
eurusd,2014-02-04,2014-02-07,274146,67614,81224,8973,160736,119781,36823,64168
eurusd,2014-02-11,2014-02-14,281037,75048,81977,7684,157239,131888,41066,59488
eurusd,2014-02-18,2014-02-21,291360,88634,80035,7108,149375,142788,46243,61429
eurusd,2014-02-25,2014-02-28,296924,93003,79103,7648,149693,149405,46580,60768
eurusd,2014-03-04,2014-03-07,304308,103868,80416,7736,144494,155241,48210,60915
eurusd,2014-03-11,2014-03-14,322020,110103,73718,8421,148565,170697,54931,69184
eurusd,2014-03-18,2014-03-21,264443,117819,64828,4614,91888,130331,50122,64670
eurusd,2014-03-25,2014-03-28,262179,106914,67280,4978,103755,126788,46532,63133
eurusd,2014-04-01,2014-04-04,260075,101849,68611,4294,111333,125794,42599,61376
eurusd,2014-04-08,2014-04-11,261439,92635,69335,5074,120001,125354,43729,61676
eurusd,2014-04-15,2014-04-18,270722,106252,78564,4972,116428,125819,43070,61367
eurusd,2014-04-22,2014-04-25,266259,101204,75430,4597,116984,123395,43474,62837
eurusd,2014-04-29,2014-05-02,271515,102285,76551,6632,118635,124082,43963,64250
eurusd,2014-05-06,2014-05-09,277013,110673,78122,7909,108249,123865,50182,67117
eurusd,2014-05-13,2014-05-16,268142,84383,86558,6715,131899,112028,45145,62841
eurusd,2014-05-20,2014-05-23,268199,75013,84233,6590,145672,114357,40924,63019
eurusd,2014-05-27,2014-05-30,274051,70753,87386,6335,157716,116315,39247,64015
eurusd,2014-06-03,2014-06-06,280747,57109,90134,7714,177505,116655,38419,66244
eurusd,2014-06-10,2014-06-13,331636,43739,100924,22501,224523,136545,40873,71666
eurusd,2014-06-17,2014-06-20,285489,51405,113240,4260,196143,103622,33681,64367
eurusd,2014-06-24,2014-06-27,291244,55062,112565,4893,197697,107032,33592,66754
eurusd,2014-07-01,2014-07-04,291488,52665,113441,5354,196567,105198,36902,67495
eurusd,2014-07-08,2014-07-11,294381,51595,110860,5479,204115,107205,33192,70837
eurusd,2014-07-15,2014-07-18,310661,59506,122352,5590,212426,109017,33139,73702
eurusd,2014-07-22,2014-07-25,339706,58142,146965,5184,239961,108966,36419,78591
eurusd,2014-07-29,2014-08-01,356865,56562,164637,5631,259960,104377,34712,82220
eurusd,2014-08-05,2014-08-08,379004,55179,183926,6607,283373,104329,33845,84142
eurusd,2014-08-12,2014-08-15,376424,51596,177613,6157,282707,107353,35964,85301
eurusd,2014-08-19,2014-08-22,396460,56774,195599,6697,299068,109422,33921,84742
eurusd,2014-08-26,2014-08-29,402709,53989,204646,6029,306073,109975,36618,82059
eurusd,2014-09-02,2014-09-05,419850,59398,220821,7231,317713,108749,35508,83049
eurusd,2014-09-09,2014-09-12,484306,59376,216881,45519,342823,133916,36588,87990
eurusd,2014-09-16,2014-09-19,397652,79552,216701,4985,283275,94029,29840,81937
eurusd,2014-09-23,2014-09-26,398937,60654,202619,8158,297160,106324,32965,81836
eurusd,2014-09-30,2014-10-03,409986,67030,204555,6697,302134,114913,34125,83821
eurusd,2014-10-07,2014-10-10,425656,61467,207679,7667,324023,124709,32499,85601
eurusd,2014-10-14,2014-10-17,434873,60158,215500,6602,337436,132670,30677,80101
eurusd,2014-10-21,2014-10-24,439863,60188,219559,7394,340562,132521,31719,80389
eurusd,2014-10-28,2014-10-31,441369,59054,224761,7802,343150,130765,31363,78041
eurusd,2014-11-04,2014-11-07,465332,59566,238587,7742,367033,129740,30991,89263
eurusd,2014-11-11,2014-11-14,463976,60454,224347,6928,365507,142559,31087,90142
eurusd,2014-11-18,2014-11-21,465168,58048,226778,9306,365846,141782,31968,87302
eurusd,2014-11-25,2014-11-28,465339,57982,223062,9076,366561,144526,31720,88675
eurusd,2014-12-02,2014-12-05,462058,57272,216551,12321,358219,143333,34246,89853
eurusd,2014-12-09,2014-12-12,477861,58306,195218,18529,367178,174825,33848,89289
eurusd,2014-12-16,2014-12-19,368171,56179,182834,9077,268612,95144,34303,81116
eurusd,2014-12-23,2014-12-26,376849,40690,187294,9848,295843,99595,30468,80112
eurusd,2014-12-30,2015-01-02,386295,43202,195421,9745,302896,101172,30452,79957
eurusd,2015-01-06,2015-01-09,406624,46016,207056,7171,322212,105617,31225,86780
eurusd,2015-01-13,2015-01-16,422426,50858,218709,7111,331934,106709,32523,89897
eurusd,2015-01-20,2015-01-23,450262,52047,232777,9226,350433,114236,38556,94023
eurusd,2015-01-27,2015-01-30,449726,50489,235234,8949,355311,111048,34977,94495
eurusd,2015-02-03,2015-02-06,457209,47719,244028,8168,366203,113239,35119,91774
eurusd,2015-02-10,2015-02-13,444139,47217,241858,7686,355674,110223,33562,84372
eurusd,2015-02-17,2015-02-20,438411,47175,232757,7500,349201,111559,34535,86595
eurusd,2015-02-24,2015-02-27,431217,45511,223247,6845,343315,116354,35546,84771
eurusd,2015-03-03,2015-03-06,440733,48467,220856,9169,347041,122394,36056,88314
eurusd,2015-03-10,2015-03-13,496465,61271,242344,25191,369650,136170,40353,92760
eurusd,2015-03-17,2015-03-20,449508,56329,250103,7806,348754,101065,36619,90534
eurusd,2015-03-24,2015-03-27,460950,50148,271111,6291,366788,94933,37723,88615
eurusd,2015-03-31,2015-04-03,459746,41709,268269,7236,372420,97951,38381,86290
eurusd,2015-04-07,2015-04-10,441624,39444,254702,7616,356228,96223,38336,83083
eurusd,2015-04-14,2015-04-17,453518,45264,257611,9581,358360,101060,40313,85266
eurusd,2015-04-21,2015-04-24,457610,46821,261466,9721,361058,102833,40010,83590
eurusd,2015-04-28,2015-05-01,456919,50734,248500,8202,356986,116294,40997,83923
eurusd,2015-05-05,2015-05-08,449254,50116,240243,9773,343981,116070,45384,83168
eurusd,2015-05-12,2015-05-15,439122,43333,222309,8386,345101,127933,42302,80494
eurusd,2015-05-19,2015-05-22,428580,38758,207097,9551,338273,129839,41998,82093
eurusd,2015-05-26,2015-05-29,431927,44221,215961,11710,336026,127583,39970,76673
eurusd,2015-06-02,2015-06-05,428403,49471,214983,13086,326452,119316,39394,81018
eurusd,2015-06-09,2015-06-12,436540,52643,190617,25840,316710,139995,41347,80088
eurusd,2015-06-16,2015-06-19,350145,82714,172071,4491,225812,102841,37128,70742
eurusd,2015-06-23,2015-06-26,345427,67867,167173,5022,233162,101253,39376,71979
eurusd,2015-06-30,2015-07-03,346115,65554,165589,5526,236963,102207,38072,72793
eurusd,2015-07-07,2015-07-10,354885,66161,165427,5532,245408,103930,37784,79996
eurusd,2015-07-14,2015-07-17,356760,62676,170457,5844,249129,105205,39111,75254
eurusd,2015-07-21,2015-07-24,366892,65728,178704,7435,254622,101507,39107,79246
eurusd,2015-07-28,2015-07-31,357940,67842,171850,7656,244469,103550,37973,74884
eurusd,2015-08-04,2015-08-07,367885,70620,184014,6023,254646,102623,36596,75225
eurusd,2015-08-11,2015-08-14,361334,67373,182583,6105,248825,96502,39031,76144
eurusd,2015-08-18,2015-08-21,356952,68473,161205,7121,240738,118412,40620,70214
eurusd,2015-08-25,2015-08-28,374977,87807,153885,8190,235992,144841,42988,68061
eurusd,2015-09-01,2015-09-04,363980,74910,142767,8764,238443,150100,41863,62349
eurusd,2015-09-08,2015-09-11,383187,75715,156956,13193,254844,146399,39435,66639
eurusd,2015-09-15,2015-09-18,311366,63416,147618,6744,201476,99066,39730,57938
eurusd,2015-09-22,2015-09-25,315450,63526,144559,5744,204828,102714,41352,62433
eurusd,2015-09-29,2015-10-02,322721,61932,149592,6195,215338,103272,39256,63662
eurusd,2015-10-06,2015-10-09,337606,65410,154220,7682,222477,113970,42037,61734
eurusd,2015-10-13,2015-10-16,349720,71132,151708,6509,226415,129400,45664,62103
eurusd,2015-10-20,2015-10-23,357133,76291,138857,7090,229622,150293,44130,60893
eurusd,2015-10-27,2015-10-30,380564,70351,176285,6349,261683,127233,42181,70697
eurusd,2015-11-03,2015-11-06,405462,72883,207217,4525,288232,119288,39822,74432
eurusd,2015-11-10,2015-11-13,421967,78994,221933,6817,294780,110225,41376,82992
eurusd,2015-11-17,2015-11-20,436801,78898,243075,7074,307454,103302,43375,83350
eurusd,2015-11-24,2015-11-27,444626,76296,251780,7450,318441,102519,42439,82877
eurusd,2015-12-01,2015-12-04,462447,78782,261627,8929,330854,106332,43882,85559
eurusd,2015-12-08,2015-12-11,474921,80378,252709,25883,309680,112572,58980,83757
eurusd,2015-12-15,2015-12-18,404837,71295,231256,4695,275052,89741,53795,79145
eurusd,2015-12-22,2015-12-25,406533,70509,231556,5290,275354,93283,55380,76404
eurusd,2015-12-29,2016-01-01,400497,66973,227523,4976,273701,93279,54847,74719
eurusd,2016-01-05,2016-01-08,407105,66857,227500,4498,276815,97443,58935,77664
eurusd,2016-01-12,2016-01-15,398570,63162,209613,5823,271543,109792,58042,73342
eurusd,2016-01-19,2016-01-22,400362,69449,206464,6046,265334,117867,59533,69985
eurusd,2016-01-26,2016-01-29,402227,71446,198661,6226,267012,124194,57543,73146
eurusd,2016-02-02,2016-02-05,403939,96012,183085,6769,259869,147872,41289,66213
eurusd,2016-02-09,2016-02-12,441228,114607,177921,8356,268586,194562,49679,60389
eurusd,2016-02-16,2016-02-19,429997,113970,162175,7793,258996,205232,49238,54797
eurusd,2016-02-23,2016-02-26,422624,107566,154423,7678,258954,205427,48426,55096
eurusd,2016-03-01,2016-03-04,417624,103965,172506,8298,260901,174403,44460,62417
eurusd,2016-03-08,2016-03-11,433221,104165,176072,18263,263377,173378,47416,65508
eurusd,2016-03-15,2016-03-18,322405,90353,167908,6390,180672,92859,44990,55248
eurusd,2016-03-22,2016-03-25,324310,91334,157387,6814,176950,103926,49212,56183
eurusd,2016-03-29,2016-04-01,330090,93726,157537,6047,178491,111140,51826,55366
eurusd,2016-04-05,2016-04-08,338533,98014,151501,6799,180268,120531,53452,59702
eurusd,2016-04-12,2016-04-15,333535,89216,141267,6607,182596,126793,55116,58868
eurusd,2016-04-19,2016-04-22,345563,101211,148128,6360,185459,133519,52533,57556
eurusd,2016-04-26,2016-04-29,340200,99072,138739,8215,182996,138270,49917,54976
eurusd,2016-05-03,2016-05-06,360461,113034,136653,8277,184524,156966,54626,58565
eurusd,2016-05-10,2016-05-13,344978,101277,123149,9001,181863,152379,52837,60449
eurusd,2016-05-17,2016-05-20,349559,101723,124310,11343,186065,151949,50428,61957
eurusd,2016-05-24,2016-05-27,350242,93955,131850,11382,193758,145257,51147,61753
eurusd,2016-05-31,2016-06-03,356178,98218,135872,10632,198726,148012,48602,61662
eurusd,2016-06-07,2016-06-10,386010,93492,160604,27389,207448,127910,57681,70107
eurusd,2016-06-14,2016-06-17,325402,104510,160999,7951,168953,98248,43988,58204
eurusd,2016-06-21,2016-06-24,317400,88639,149985,10484,174231,100833,44046,56098
eurusd,2016-06-28,2016-07-01,337273,109580,171514,10857,175747,99094,41089,55808
eurusd,2016-07-05,2016-07-08,362649,112011,187338,12437,197845,104095,40356,58779
eurusd,2016-07-12,2016-07-15,370372,107635,195295,10263,211520,103371,40954,61443
eurusd,2016-07-19,2016-07-22,388905,111578,211469,10787,225909,101654,40631,64995
eurusd,2016-07-26,2016-07-29,400035,109193,221793,9442,239073,103338,42327,65462
eurusd,2016-08-02,2016-08-05,378500,104516,208619,9076,218778,99452,46130,61353
eurusd,2016-08-09,2016-08-12,368693,100442,198841,7668,218984,99470,41599,62714
eurusd,2016-08-16,2016-08-19,366037,103060,195568,8471,208203,99798,46303,62200
eurusd,2016-08-23,2016-08-26,364044,105374,182032,8403,202180,111006,48087,62603
eurusd,2016-08-30,2016-09-02,364843,108261,190186,7058,204241,103433,45283,64166
eurusd,2016-09-06,2016-09-09,375985,97324,189954,12334,220781,107441,45546,66256
eurusd,2016-09-13,2016-09-16,379624,91783,173258,25877,216048,112825,45916,67664
eurusd,2016-09-20,2016-09-23,324525,95698,180723,6314,177910,77967,44603,59521
eurusd,2016-09-27,2016-09-30,328490,100492,176522,8108,174828,86986,45062,56874
eurusd,2016-10-04,2016-10-07,347643,105634,187693,8767,186827,89483,46415,61700
eurusd,2016-10-11,2016-10-14,378774,114284,207756,8917,209879,99131,45694,62970
eurusd,2016-10-18,2016-10-21,413183,128181,237449,9077,230197,104790,45728,61867
eurusd,2016-10-25,2016-10-28,448471,142881,266737,8882,246230,108147,50478,64705
eurusd,2016-11-01,2016-11-04,444502,126443,263828,11245,261922,105533,44892,63896
eurusd,2016-11-08,2016-11-11,418007,118897,248211,9885,245616,101035,43609,58876
eurusd,2016-11-15,2016-11-18,415752,121575,240757,8128,235596,104624,50453,62243
eurusd,2016-11-22,2016-11-25,434768,127122,246470,10142,243796,111726,53708,66430
eurusd,2016-11-29,2016-12-02,447190,136108,255348,11046,245355,116561,54681,64235
eurusd,2016-12-06,2016-12-09,433237,123390,237946,11295,246681,120065,51871,63931
eurusd,2016-12-13,2016-12-16,447679,123597,211110,10796,259537,160236,53749,65537
eurusd,2016-12-20,2016-12-23,399589,117460,195505,10551,219648,130749,51930,62784
eurusd,2016-12-27,2016-12-30,405681,123281,192689,9952,220288,141332,52160,61708
eurusd,2017-01-03,2017-01-06,416239,129701,199757,9554,221781,148076,55203,58852
eurusd,2017-01-10,2017-01-13,415212,134747,200570,7107,219984,147154,53374,60381
eurusd,2017-01-17,2017-01-20,415090,128846,195346,8867,225333,150756,52044,60121
eurusd,2017-01-24,2017-01-27,414447,131904,184252,7246,224017,163750,51280,59199
eurusd,2017-01-31,2017-02-03,405541,125689,171402,9083,218274,164996,52495,60060
eurusd,2017-02-07,2017-02-10,409178,126708,171659,8328,220490,171635,53652,57556
eurusd,2017-02-14,2017-02-17,406350,125333,172097,10485,216770,159331,53762,64437
eurusd,2017-02-21,2017-02-24,417129,130981,189232,10493,220218,155969,55437,61435
eurusd,2017-02-28,2017-03-03,431635,143584,194748,10986,220938,162414,56127,63487
eurusd,2017-03-07,2017-03-10,435309,137662,197163,11287,228335,161564,58025,65295
eurusd,2017-03-14,2017-03-17,381474,148272,189299,9409,166321,128708,57472,54058
eurusd,2017-03-21,2017-03-24,406717,159590,179252,10076,176574,160480,60477,56909
eurusd,2017-03-28,2017-03-31,408853,163648,171571,9239,177046,171114,58920,56929
eurusd,2017-04-04,2017-04-07,397594,155468,166873,9538,173689,166592,58899,54591
eurusd,2017-04-11,2017-04-14,420332,173594,192550,8449,179203,163127,59086,56206
eurusd,2017-04-18,2017-04-21,430589,185786,207435,8552,179950,159602,56301,55000
eurusd,2017-04-25,2017-04-28,411006,157831,178726,10533,181520,167731,61122,54016
eurusd,2017-05-02,2017-05-05,409936,159418,161071,13447,179781,178953,57290,56465
eurusd,2017-05-09,2017-05-12,418301,155581,133182,13279,183860,217059,65581,54781
eurusd,2017-05-16,2017-05-19,431659,164234,126630,14322,186406,236357,66697,54350
eurusd,2017-05-23,2017-05-26,449360,175032,110187,14881,190524,272094,68923,52198
eurusd,2017-05-30,2017-06-02,453280,176226,103357,17221,185792,279432,74041,53270
eurusd,2017-06-06,2017-06-09,447178,164889,90880,23324,188042,279047,70923,53927
eurusd,2017-06-13,2017-06-16,474300,164227,85174,24390,211353,301281,74330,63455
eurusd,2017-06-20,2017-06-23,379269,167245,122393,13014,132839,192994,66171,50868
eurusd,2017-06-27,2017-06-30,400560,179671,120976,14420,136134,211639,70335,53525
eurusd,2017-07-03,2017-07-07,422496,185925,108461,15675,144260,244301,76636,54059
eurusd,2017-07-11,2017-07-14,436899,190267,106479,16654,150147,258152,79831,55614
eurusd,2017-07-18,2017-07-21,446259,199540,108219,15560,150114,268566,81045,53914
eurusd,2017-07-25,2017-07-28,449086,197656,106814,16205,155560,271095,79665,54972
eurusd,2017-08-01,2017-08-04,457254,191477,108840,21170,164304,272865,80303,54379
eurusd,2017-08-08,2017-08-11,461152,201231,107546,22609,157833,279623,79479,51374
eurusd,2017-08-15,2017-08-18,462148,190336,111069,21762,174177,278546,75873,50771
eurusd,2017-08-22,2017-08-25,464445,197818,109842,19103,169989,284515,77535,50985
eurusd,2017-08-29,2017-09-01,469307,194331,107812,19103,173410,287170,82463,55222
eurusd,2017-09-05,2017-09-08,464988,194976,98667,19778,171223,291891,79011,54652
eurusd,2017-09-12,2017-09-15,487425,191102,105044,31985,175600,291785,88738,58611
eurusd,2017-09-19,2017-09-22,431108,190025,127272,15019,149288,236626,76776,52191
eurusd,2017-09-26,2017-09-29,429111,183679,95512,17222,152592,261208,75618,55169
eurusd,2017-10-03,2017-10-06,438663,187053,96220,20643,157203,266511,73764,55289
eurusd,2017-10-10,2017-10-13,450748,195816,97737,23538,158660,275104,72734,54369
eurusd,2017-10-17,2017-10-20,446338,186751,96299,21066,165127,276217,73394,52756
eurusd,2017-10-24,2017-10-27,445018,183539,100035,21994,165585,271183,73900,51806
eurusd,2017-10-31,2017-11-03,440384,173670,101573,21784,174510,257642,70420,59385
eurusd,2017-11-07,2017-11-10,446502,181335,95880,21063,173294,272122,70810,57437
eurusd,2017-11-14,2017-11-17,467842,200023,115437,20880,173624,275809,73315,55716
eurusd,2017-11-21,2017-11-24,465307,195909,100472,21064,175054,292129,73280,51642
eurusd,2017-11-28,2017-12-01,495561,205160,115479,21603,189056,310897,79742,47582
eurusd,2017-12-05,2017-12-08,499124,205400,112294,23524,190380,314914,79820,48392
eurusd,2017-12-12,2017-12-15,505744,206027,92138,34146,185209,320739,80362,58721
eurusd,2017-12-19,2017-12-22,485622,198398,112174,17869,190521,310282,78834,45297
eurusd,2017-12-26,2017-12-29,497744,208913,116765,17294,186931,318343,84606,45342
eurusd,2018-01-02,2018-01-05,542622,236808,108940,18239,199313,365245,88262,50198
eurusd,2018-01-09,2018-01-12,563400,242053,97362,17563,217213,400874,86571,47601
eurusd,2018-01-16,2018-01-19,594038,254344,114854,13173,231291,413138,95230,52873
eurusd,2018-01-23,2018-01-26,608683,262175,117458,14723,236300,429090,95485,47412
eurusd,2018-01-30,2018-02-02,603460,258022,109280,16504,239494,430681,89440,46995
eurusd,2018-02-06,2018-02-09,596937,251369,110546,13460,245381,424817,86727,48114
eurusd,2018-02-13,2018-02-16,564233,230785,103496,13523,235656,411639,84269,35575
eurusd,2018-02-20,2018-02-23,567534,229273,103147,13231,237072,405640,87958,45516
eurusd,2018-02-27,2018-03-02,567463,238287,100310,13402,227585,404040,88189,49711
eurusd,2018-03-06,2018-03-09,557530,227354,94382,12382,230012,403842,87782,46924
eurusd,2018-03-13,2018-03-16,584759,239453,93073,24930,220729,398792,99647,67964
eurusd,2018-03-20,2018-03-23,496964,219434,86695,11439,183424,351964,82667,46866
eurusd,2018-03-27,2018-03-30,514049,234656,93592,9358,187625,361061,82410,50038
eurusd,2018-04-03,2018-04-06,493677,221327,86946,10852,185288,346555,76210,49324
eurusd,2018-04-10,2018-04-13,508204,236344,88881,10485,182400,363023,78975,45815
eurusd,2018-04-17,2018-04-20,509032,238829,87353,9212,181413,362866,79578,49601
eurusd,2018-04-24,2018-04-27,494154,216944,86350,11874,187816,344556,77520,51374
eurusd,2018-05-01,2018-05-04,509659,221011,100443,13555,201842,343942,73251,51719
eurusd,2018-05-08,2018-05-11,515132,226601,106096,11664,201532,342701,75335,54671
eurusd,2018-05-15,2018-05-18,505114,219317,104203,12321,201322,330265,72154,58325
eurusd,2018-05-22,2018-05-25,520648,225960,116216,13843,209287,333009,71558,57580
eurusd,2018-05-29,2018-06-01,552251,230927,137890,13428,227944,338977,79952,61956
eurusd,2018-06-05,2018-06-08,576287,239904,150668,18557,248379,342981,69447,64081
eurusd,2018-06-12,2018-06-15,599561,236617,148392,19517,269450,366976,73977,64676
eurusd,2018-06-19,2018-06-22,478200,190684,154566,12619,208997,251900,65900,59115
eurusd,2018-06-26,2018-06-29,481383,190147,156243,11860,212675,254515,66701,58765
eurusd,2018-07-03,2018-07-06,487131,189005,152258,12078,215126,263065,70922,59730
eurusd,2018-07-10,2018-07-13,477596,179401,155044,12919,217394,247174,67882,62459
eurusd,2018-07-17,2018-07-20,490064,177390,155983,11297,233378,262774,67999,60010
eurusd,2018-07-24,2018-07-27,496665,179515,149875,9960,232134,277207,75056,59623
eurusd,2018-07-31,2018-08-03,499721,174549,151724,9600,231982,278576,83590,59821
eurusd,2018-08-07,2018-08-10,507186,177923,167358,9554,238559,264653,81150,65621
eurusd,2018-08-14,2018-08-17,526571,188428,190217,10195,246723,257030,81225,69129
eurusd,2018-08-21,2018-08-24,532137,188907,193748,10706,254692,258443,77832,69240
eurusd,2018-08-28,2018-08-31,529124,171359,178578,17156,255809,269383,84800,64007
eurusd,2018-09-04,2018-09-07,527579,173335,165372,13706,254016,283775,86522,64726
eurusd,2018-09-11,2018-09-14,550492,164639,153469,19095,277060,310471,89698,67457
eurusd,2018-09-18,2018-09-21,465130,166468,164802,11748,205804,228792,81110,59788
eurusd,2018-09-25,2018-09-28,477881,172426,168730,14351,203763,240493,87341,54307
eurusd,2018-10-02,2018-10-05,479644,164738,171839,12462,224680,234180,77764,61163
eurusd,2018-10-09,2018-10-12,483802,162315,178457,10592,228799,234237,82096,60516
eurusd,2018-10-16,2018-10-19,469299,140817,170161,10614,239573,227660,78295,60864
eurusd,2018-10-23,2018-10-26,489829,149585,179889,9648,251035,239190,79561,61102
eurusd,2018-10-30,2018-11-02,504458,157691,190353,9688,253543,238938,83536,65479
eurusd,2018-11-06,2018-11-09,510193,148973,195816,10691,261621,240069,88908,63617
eurusd,2018-11-13,2018-11-16,520240,161860,198879,10473,268439,244051,79468,66837
eurusd,2018-11-20,2018-11-23,535707,157633,204862,15741,275695,252104,86638,63000
eurusd,2018-11-27,2018-11-30,538454,149719,204790,15042,281759,256916,91934,61706
eurusd,2018-12-04,2018-12-07,545537,144859,205635,18758,289664,257730,92256,63414
eurusd,2018-12-11,2018-12-14,613745,146082,202369,15874,341484,312735,110305,82767
eurusd,2018-12-18,2018-12-21,505711,147654,200778,13570,262111,233982,82376,57381
eurusd,2018-12-24,2018-12-28,508253,139059,197514,11791,267531,243588,89872,55360
eurusd,2018-12-31,2019-01-04,505986,148288,194936,13427,262426,244448,81845,53175
eurusd,2019-01-08,2019-01-11,514545,146271,186804,12391,269050,261525,86833,53825
eurusd,2019-01-15,2019-01-18,525052,152534,185195,12020,274438,273918,86060,53919
eurusd,2019-01-22,2019-01-25,527176,148652,189658,11417,276892,270757,90215,55344
eurusd,2019-01-29,2019-02-01,527521,146625,193099,12824,278577,263384,89495,58214
eurusd,2019-02-05,2019-02-08,523868,145480,197444,8796,280451,261152,89141,56476
eurusd,2019-02-12,2019-02-15,538627,157170,221070,8323,283224,245708,89910,63526
eurusd,2019-02-19,2019-02-22,537396,145762,220696,10215,289392,244078,92027,62407
eurusd,2019-02-26,2019-03-01,528376,143847,216302,11062,282780,238939,90687,62073
eurusd,2019-03-05,2019-03-08,541753,155922,234088,8600,284662,230006,92569,69059
eurusd,2019-03-12,2019-03-15,536724,151857,227602,18180,276601,219607,90086,71335
eurusd,2019-03-19,2019-03-22,483172,141700,219404,13143,251905,191673,76424,58952
eurusd,2019-03-26,2019-03-29,486804,139696,219974,9811,252484,191685,84813,65334
eurusd,2019-04-02,2019-04-05,497717,144973,244157,9499,258809,183599,84436,60462
eurusd,2019-04-09,2019-04-12,494804,140401,242599,10531,258102,180785,85770,60889
eurusd,2019-04-16,2019-04-19,499280,144867,242890,9996,260967,186481,83450,59913
eurusd,2019-04-23,2019-04-26,507722,148331,253749,10118,265335,179383,83938,64472
eurusd,2019-04-30,2019-05-03,517935,153821,259365,11081,266740,184120,86293,63369
eurusd,2019-05-07,2019-05-10,516282,152633,258738,10037,269233,184489,84379,63018
eurusd,2019-05-14,2019-05-17,504460,150681,245982,9614,262186,186402,81979,62462
eurusd,2019-05-21,2019-05-24,516122,149873,250975,9547,272597,194394,84105,61206
eurusd,2019-05-28,2019-05-31,536798,151129,250820,15491,283460,211782,86718,58705
eurusd,2019-06-04,2019-06-07,517428,155771,243322,10612,266118,205562,84927,57932
eurusd,2019-06-11,2019-06-14,542810,149661,236453,14814,289197,227051,89138,64492
eurusd,2019-06-18,2019-06-21,503825,162795,215125,8882,250067,222928,82081,56890
eurusd,2019-06-25,2019-06-28,521907,159285,215580,13163,262025,238416,87434,54748
eurusd,2019-07-02,2019-07-05,520970,157122,188855,10902,268544,261228,84402,59985
eurusd,2019-07-09,2019-07-12,521379,158398,194263,11324,266303,260339,85354,55453
eurusd,2019-07-16,2019-07-19,535848,170487,201838,10095,269227,265074,86039,58841
eurusd,2019-07-23,2019-07-26,541102,173483,212487,9810,269699,254802,88110,64003
eurusd,2019-07-30,2019-08-02,563024,175132,229115,11398,289310,258340,87184,64171
eurusd,2019-08-06,2019-08-09,545453,177988,221998,12529,272245,248980,82691,61946
eurusd,2019-08-13,2019-08-16,550607,167214,213863,13966,286585,259479,82842,63299
eurusd,2019-08-20,2019-08-23,542806,168455,206432,12588,278685,262478,83078,61308
eurusd,2019-08-27,2019-08-30,525065,173451,212255,12779,255401,239344,83434,60687
eurusd,2019-09-03,2019-09-06,546954,186144,235280,13876,263544,236079,83390,61719
eurusd,2019-09-10,2019-09-13,585117,180535,230377,20866,303836,270876,79880,62998
eurusd,2019-09-17,2019-09-20,503272,164272,232831,9694,252628,207122,76678,53625
eurusd,2019-09-24,2019-09-27,502612,160687,221409,11998,250286,211326,79641,57879
eurusd,2019-10-01,2019-10-04,511934,172258,238236,10181,247476,206802,82019,56715
eurusd,2019-10-08,2019-10-11,514638,162777,238190,11597,260777,206186,79487,58665
eurusd,2019-10-15,2019-10-18,517182,153261,230127,17090,264794,214307,82037,55658
eurusd,2019-10-22,2019-10-25,528545,168653,219703,12983,264350,242340,82559,53519
eurusd,2019-10-29,2019-11-01,538847,166540,219895,11596,277771,251937,82940,55419
eurusd,2019-11-05,2019-11-08,563336,164183,224929,16970,297733,265666,84450,55771
eurusd,2019-11-12,2019-11-15,569527,170250,227919,10792,300579,273909,87906,56907
eurusd,2019-11-19,2019-11-22,577689,163898,226401,16020,310291,278082,87480,57186
eurusd,2019-11-26,2019-11-29,578450,169916,231332,10906,308994,277623,88634,58589
eurusd,2019-12-03,2019-12-06,590124,164392,233441,16006,321158,285706,88568,54971
eurusd,2019-12-10,2019-12-13,646417,164732,232375,22164,363680,325511,95841,66367
eurusd,2019-12-17,2019-12-20,542923,165355,231049,11485,288313,244275,77770,56114
eurusd,2019-12-24,2019-12-27,540395,160263,233206,13131,282401,241064,84600,52994
eurusd,2019-12-31,2020-01-03,557585,168852,243197,13523,285490,245540,89720,55325
eurusd,2020-01-07,2020-01-10,555940,164813,226477,12802,288408,263100,89917,53561
eurusd,2020-01-14,2020-01-17,571239,163881,212063,18084,297419,288854,91855,52238
eurusd,2020-01-21,2020-01-24,582164,168216,215235,17943,302385,295283,93620,53703
eurusd,2020-01-28,2020-01-31,598793,180653,239515,13248,311346,291195,93546,54835
eurusd,2020-02-04,2020-02-07,594698,166925,242005,12963,321548,283559,93262,56171
eurusd,2020-02-11,2020-02-14,612444,169475,255144,14252,338132,281706,90585,61342
eurusd,2020-02-18,2020-02-21,617487,170586,262093,13588,340245,282010,93068,59796
eurusd,2020-02-25,2020-02-28,625563,157587,271608,22229,355329,270784,90418,60942
eurusd,2020-03-03,2020-03-06,640357,151904,238607,18922,385539,329833,83992,52995
eurusd,2020-03-10,2020-03-13,659151,153820,166487,17667,397574,424702,90090,50295
eurusd,2020-03-17,2020-03-20,588116,147133,114638,10612,352847,419664,77524,43202
eurusd,2020-03-24,2020-03-27,571086,152360,91070,11009,326218,414867,81499,54140
eurusd,2020-03-31,2020-04-03,551752,155047,80800,10205,315522,415776,70978,44971
eurusd,2020-04-07,2020-04-10,554697,161185,81561,7089,304521,422120,81902,43927
eurusd,2020-04-14,2020-04-17,543361,165078,78461,5598,296805,417530,75880,41772
eurusd,2020-04-21,2020-04-24,546661,170378,83160,5961,297719,413092,72603,44448
eurusd,2020-04-28,2020-05-01,545082,167264,87583,11596,291497,399179,74725,46724
eurusd,2020-05-05,2020-05-08,541624,169272,92973,6642,290624,393234,75086,48775
eurusd,2020-05-12,2020-05-15,547329,171980,93840,6488,294370,400827,74491,46174
eurusd,2020-05-19,2020-05-22,547206,167756,95194,6820,295367,397961,77263,47231
eurusd,2020-05-26,2020-05-29,556749,175034,99812,7179,298419,404675,76117,45083
eurusd,2020-06-02,2020-06-05,583384,174412,93172,14831,312787,429985,81354,45396
eurusd,2020-06-09,2020-06-12,592915,184669,89020,7615,316909,450627,83722,45653
eurusd,2020-06-16,2020-06-19,574939,187120,69988,6327,302800,457835,78692,40789
eurusd,2020-06-23,2020-06-26,585421,190816,72368,6055,305405,467945,83145,39053
eurusd,2020-06-30,2020-07-03,579738,180387,81432,6615,306839,453967,85897,37724
eurusd,2020-07-07,2020-07-10,593341,185159,81562,7595,311843,466973,88744,37211
eurusd,2020-07-14,2020-07-17,604982,194252,83340,9211,309455,471519,92064,40912
eurusd,2020-07-21,2020-07-24,636212,204185,79138,15104,320979,501647,95944,40323
eurusd,2020-07-28,2020-07-31,678965,242127,84568,10435,328605,546114,97798,37848
eurusd,2020-08-04,2020-08-07,704875,262109,81461,10965,332310,573668,99491,38781
eurusd,2020-08-11,2020-08-14,706458,266078,66327,10878,332842,589103,96660,40150
eurusd,2020-08-18,2020-08-21,704050,259244,62301,10585,332209,591573,102012,39591
eurusd,2020-08-25,2020-08-28,704077,262061,50309,10194,332664,600646,99158,42928
eurusd,2020-09-01,2020-09-04,698211,250867,54120,9515,340434,592019,97395,42557
eurusd,2020-09-08,2020-09-11,690782,248683,51869,12490,332939,581988,96670,44435
eurusd,2020-09-15,2020-09-18,658174,230695,52119,6226,326724,561883,94529,37946
eurusd,2020-09-22,2020-09-25,666412,247049,56227,6043,324148,563561,89172,40581
eurusd,2020-09-29,2020-10-02,655912,241967,53851,6752,319362,554998,87831,40311
eurusd,2020-10-06,2020-10-09,652135,231369,57061,5706,322277,548547,92783,40821
eurusd,2020-10-13,2020-10-16,646165,228295,59658,5397,320037,538976,92436,42134
eurusd,2020-10-20,2020-10-23,644667,229878,63935,4602,316168,535679,94019,40451
eurusd,2020-10-27,2020-10-30,636778,217443,61888,6911,320086,526904,92338,41075
eurusd,2020-11-03,2020-11-06,627754,208237,67888,4364,329671,516373,85482,39129
eurusd,2020-11-10,2020-11-13,638993,202374,67087,4598,339154,526728,92867,40580
eurusd,2020-11-17,2020-11-20,637946,203551,69591,5891,338363,522088,90141,40376
eurusd,2020-11-24,2020-11-27,644566,206354,68104,7982,342250,530912,87980,37568
eurusd,2020-12-01,2020-12-04,654257,207302,67408,6571,345848,536756,94536,43522
eurusd,2020-12-08,2020-12-11,683351,222521,66092,12263,349005,562077,99562,42919
eurusd,2020-12-15,2020-12-18,657046,218710,76877,3774,338345,537607,96217,38788
eurusd,2020-12-21,2020-12-25,659499,222443,78541,5128,339342,538743,92586,37087
eurusd,2020-12-29,2021-01-01,671643,222848,79772,4443,348773,550545,95579,36883
eurusd,2021-01-05,2021-01-08,673532,224832,81841,4404,349449,550714,94847,36573
eurusd,2021-01-12,2021-01-15,677952,228757,72867,5690,345185,560987,98320,38408
eurusd,2021-01-19,2021-01-22,676515,236533,73067,4706,337268,559646,98008,39096
eurusd,2021-01-26,2021-01-29,677432,238099,72755,4888,339228,559856,95217,39933
eurusd,2021-02-02,2021-02-05,675520,216887,79884,8963,354432,543240,95238,43433
eurusd,2021-02-09,2021-02-12,673116,220943,80721,7867,349377,541364,94929,43164
eurusd,2021-02-16,2021-02-19,675761,222895,82889,7224,352756,546512,92886,39136
eurusd,2021-02-23,2021-02-26,696916,228501,90136,6637,366500,560917,95278,39226
eurusd,2021-03-02,2021-03-05,698229,222655,96667,10341,374362,550290,90871,40931
eurusd,2021-03-09,2021-03-12,722123,207588,105624,15616,402394,559836,96525,41047
eurusd,2021-03-16,2021-03-19,638977,195857,105881,6465,349395,484374,87260,42257
eurusd,2021-03-23,2021-03-26,641428,195500,102178,7134,350520,488553,88274,43563
eurusd,2021-03-30,2021-04-02,645121,194763,121024,7445,351292,472620,91621,44032
eurusd,2021-04-06,2021-04-09,642671,192230,124708,6347,354401,464142,89693,47474
eurusd,2021-04-13,2021-04-16,648681,190640,123789,7954,361380,471014,88707,45924
eurusd,2021-04-20,2021-04-23,661640,197137,116329,7267,365754,494986,91482,43058
eurusd,2021-04-27,2021-04-30,672072,200415,119448,7036,368662,504495,95959,41093
eurusd,2021-05-04,2021-05-07,677397,206472,121643,9059,364947,507105,96919,39590
eurusd,2021-05-11,2021-05-14,697211,223387,129480,9909,357792,522697,106123,35125
eurusd,2021-05-18,2021-05-21,727631,232330,132472,7799,378241,551145,109261,36215
eurusd,2021-05-25,2021-05-28,738138,236103,132103,8689,381869,561735,111477,35611
eurusd,2021-06-01,2021-06-04,742079,237360,128038,7664,384998,568512,112057,37865
eurusd,2021-06-08,2021-06-11,743159,232103,124890,14468,382766,565245,113822,38556
eurusd,2021-06-15,2021-06-18,694722,210816,92630,2607,381409,563500,99890,35985
eurusd,2021-06-22,2021-06-25,694804,207863,118806,6479,383894,528473,96568,41046
eurusd,2021-06-29,2021-07-02,697425,209058,121912,6245,387635,524237,94487,45031
eurusd,2021-07-06,2021-07-09,699383,212998,135808,5895,386189,510347,94301,47333
eurusd,2021-07-13,2021-07-16,688952,212851,153138,5935,378329,479700,91837,50179
eurusd,2021-07-20,2021-07-23,683075,208669,162847,6196,379176,461577,89034,52455
eurusd,2021-07-27,2021-07-30,678008,202245,164119,9324,373953,453802,92486,50763
eurusd,2021-08-03,2021-08-06,674491,199067,161060,8571,374123,453158,92730,51702
eurusd,2021-08-10,2021-08-13,702098,212809,178952,8072,388866,458925,92351,56149
eurusd,2021-08-17,2021-08-20,694792,233529,175889,7532,383684,456767,70047,54604
eurusd,2021-08-24,2021-08-27,698547,194169,169539,9975,403032,460425,91371,58608
eurusd,2021-08-31,2021-09-03,705110,190593,180117,14682,404630,456842,95205,53469
eurusd,2021-09-07,2021-09-10,696734,189904,163596,10823,397755,471071,98252,51244
eurusd,2021-09-14,2021-09-17,653102,186554,158749,7685,368593,434853,90270,51815
eurusd,2021-09-21,2021-09-24,663519,189406,177311,7484,381122,425371,85507,53353
eurusd,2021-09-28,2021-10-01,668067,195043,194171,7398,378476,408900,87150,57598
eurusd,2021-10-05,2021-10-08,693591,196819,219153,9674,396534,405021,90564,59743
eurusd,2021-10-12,2021-10-15,695329,202512,220910,7860,396224,405177,88733,61382
eurusd,2021-10-19,2021-10-22,679418,193320,205427,8653,389682,407255,87763,58083
eurusd,2021-10-26,2021-10-29,680374,196880,208136,8906,387905,404160,86683,59172
eurusd,2021-11-02,2021-11-05,678024,191496,197634,9486,392882,415610,84160,55294
eurusd,2021-11-09,2021-11-12,678368,192544,188771,12175,389822,421863,83827,55559
eurusd,2021-11-16,2021-11-19,705698,198181,202007,12990,404266,431251,90261,59450
eurusd,2021-11-23,2021-11-26,711685,204214,220666,13186,403595,420430,90690,57403
eurusd,2021-11-30,2021-12-03,705409,191048,214288,13922,407774,418645,92665,58554
eurusd,2021-12-07,2021-12-10,716213,194869,203168,16253,418656,438831,86435,57961
eurusd,2021-12-14,2021-12-17,661711,189530,201409,13933,378079,394668,80169,51701
eurusd,2021-12-21,2021-12-24,672239,196595,206757,14873,381670,397296,79101,53313
eurusd,2021-12-28,2021-12-31,673273,198617,205251,13060,384857,403390,76739,51572
eurusd,2022-01-04,2022-01-07,678218,199073,200627,9374,388742,415200,81029,53017
eurusd,2022-01-11,2022-01-14,682293,204361,198356,8748,389191,422581,79993,52608
eurusd,2022-01-18,2022-01-21,691882,211901,187317,10708,389617,440081,79656,53776
eurusd,2022-01-25,2022-01-28,682952,213408,181848,11117,379154,435412,79273,54575
eurusd,2022-02-01,2022-02-04,685431,213563,183847,11388,376805,434272,83675,55924
eurusd,2022-02-08,2022-02-11,700098,218973,180131,10974,382426,455678,87725,53315
eurusd,2022-02-15,2022-02-18,702047,217899,170318,11201,383827,468884,89120,51644
eurusd,2022-02-22,2022-02-25,696682,214195,154889,13570,379583,477633,89334,50590
eurusd,2022-03-01,2022-03-04,719975,228385,163446,17009,390260,485365,84321,54155
eurusd,2022-03-08,2022-03-11,738990,242683,183839,23926,386654,470527,85727,60698
eurusd,2022-03-15,2022-03-18,666010,202040,183246,19526,369253,411882,75191,51356
eurusd,2022-03-22,2022-03-25,658817,207051,183208,18304,357492,403870,75970,53435
eurusd,2022-03-29,2022-04-01,662415,200043,178669,17888,364163,411511,80321,54347
eurusd,2022-04-05,2022-04-08,663589,210914,183544,17589,357140,406757,77946,55699
eurusd,2022-04-12,2022-04-15,678607,221645,182585,17944,359853,420603,79165,57475
eurusd,2022-04-19,2022-04-22,675939,221003,189702,15067,362930,412656,76939,58514
eurusd,2022-04-26,2022-04-29,688449,222993,200792,15107,368280,414387,82069,58163
eurusd,2022-05-03,2022-05-06,694926,208449,214827,14988,383222,407808,88267,57303
eurusd,2022-05-10,2022-05-13,705046,228230,211701,15852,376043,419069,84921,58424
eurusd,2022-05-17,2022-05-20,706712,230770,210431,18374,372113,423630,85455,54277
eurusd,2022-05-24,2022-05-27,708938,237072,198142,17629,366345,438945,87892,54222
eurusd,2022-05-31,2022-06-03,706317,236553,184281,17192,365434,450620,87138,54224
eurusd,2022-06-07,2022-06-10,730667,230248,179705,43813,365628,453817,90978,53332
eurusd,2022-06-14,2022-06-17,668164,206986,213004,15196,361159,389654,84823,50310
eurusd,2022-06-21,2022-06-24,671718,195554,211159,17261,373695,391877,85208,51421
eurusd,2022-06-28,2022-07-01,671472,189414,200010,18121,380084,399896,83853,53445
eurusd,2022-07-05,2022-07-08,673772,197138,213990,16455,377654,386290,82525,57037
eurusd,2022-07-12,2022-07-15,682031,197240,222484,16358,385039,379279,83394,63910
eurusd,2022-07-19,2022-07-22,694106,195875,238620,17564,397991,380561,82676,57361
eurusd,2022-07-26,2022-07-29,694099,198041,239625,19989,393062,374406,83007,60079
eurusd,2022-08-02,2022-08-05,683883,191692,230503,17884,391841,376321,82466,59175
eurusd,2022-08-09,2022-08-12,692398,200088,234624,18823,394543,380141,78944,58810
eurusd,2022-08-16,2022-08-19,698570,199226,242010,19297,400458,379542,79589,57721
eurusd,2022-08-23,2022-08-26,717921,210825,254934,17992,406701,382394,82403,62601
eurusd,2022-08-30,2022-09-02,720081,202258,249934,25268,411684,382824,80871,62055
eurusd,2022-09-06,2022-09-09,721678,205277,241626,23448,409460,389850,83493,66754
eurusd,2022-09-13,2022-09-16,742244,207778,219615,35296,410364,421787,88806,65546
eurusd,2022-09-20,2022-09-23,657952,206564,173115,20951,354891,407201,75546,56685
eurusd,2022-09-27,2022-09-30,654142,208736,174939,18485,348374,406814,78547,53904
eurusd,2022-10-04,2022-10-07,640458,199391,155709,18075,348817,405665,74175,61009
eurusd,2022-10-11,2022-10-14,639348,196136,158637,17465,349091,409252,76656,53994
eurusd,2022-10-18,2022-10-21,640469,202703,154553,14505,347078,417655,76183,53756
eurusd,2022-10-25,2022-10-28,666719,226734,151825,17146,346949,440781,75890,56967
eurusd,2022-11-01,2022-11-04,671729,239770,133980,15533,339364,468183,77062,54033
eurusd,2022-11-08,2022-11-11,667902,232317,124718,18228,339218,470981,78139,53975
eurusd,2022-11-15,2022-11-18,682575,239369,126703,13671,343388,494961,86147,47240
eurusd,2022-11-22,2022-11-25,680873,239598,116486,12681,345848,503792,82746,47914
eurusd,2022-11-29,2022-12-02,695776,241122,118875,15882,356905,511490,81867,49529
eurusd,2022-12-06,2022-12-09,711537,245063,120180,18255,363169,523174,85050,49928
eurusd,2022-12-13,2022-12-16,772800,236415,111700,28262,414090,571467,94033,61371
eurusd,2022-12-20,2022-12-23,725968,249149,106877,12941,379011,565025,84867,41125
eurusd,2022-12-27,2022-12-30,728387,251887,105725,13598,379076,565896,83826,43168
eurusd,2023-01-03,2023-01-06,712030,222543,92628,14417,389861,563942,85209,41043
eurusd,2023-01-10,2023-01-13,746163,238623,103641,15490,400775,582985,91275,44047
eurusd,2023-01-17,2023-01-20,753915,228279,101295,14650,416510,595584,94476,42386
eurusd,2023-01-24,2023-01-27,777569,237743,103394,13780,429253,615703,96793,44692
eurusd,2023-01-31,2023-02-03,796738,246755,96246,13556,440756,644345,95671,42591
eurusd,2023-02-07,2023-02-10,781287,238338,73300,14054,438393,650139,90502,43794
eurusd,2023-02-14,2023-02-17,788633,236574,72668,14096,444388,656178,93575,45691
eurusd,2023-02-21,2023-02-24,789898,236414,71346,17122,444658,658476,91704,42954
eurusd,2023-02-28,2023-03-03,803963,240766,78567,18401,451634,663537,93162,43458
eurusd,2023-03-07,2023-03-10,821057,233880,85432,31753,458256,660884,97168,42988
eurusd,2023-03-14,2023-03-17,745403,222313,82357,16294,418829,605698,87967,41054
eurusd,2023-03-21,2023-03-24,737437,215825,70983,16122,417802,608973,87688,41359
eurusd,2023-03-28,2023-03-31,732506,222918,77893,13319,410545,601793,85724,39501
eurusd,2023-04-04,2023-04-07,747095,225416,82023,15007,415104,609891,91568,40174
eurusd,2023-04-11,2023-04-14,759439,244180,80842,14446,411456,623521,89357,40630
eurusd,2023-04-18,2023-04-21,766374,242369,78008,15983,417586,630871,90436,41512
eurusd,2023-04-25,2023-04-28,772882,243516,74116,15747,418842,643279,94777,39740
eurusd,2023-05-02,2023-05-05,779458,246832,73343,20000,418940,640643,93686,45472
eurusd,2023-05-09,2023-05-12,794721,260335,80913,19461,418410,652670,96515,41677
eurusd,2023-05-16,2023-05-19,789930,258736,71647,21599,416383,654716,93212,41968
eurusd,2023-05-23,2023-05-26,781123,250070,76334,20905,418071,642266,92077,41618
eurusd,2023-05-30,2023-06-02,775142,241817,76092,23617,415872,629887,93836,45546
eurusd,2023-06-06,2023-06-09,781967,236060,77639,30609,419532,623448,95766,50271
eurusd,2023-06-13,2023-06-16,818294,226138,74316,31111,456529,653600,104516,59267
eurusd,2023-06-20,2023-06-23,732979,229399,84750,12108,398646,591369,92826,44752
eurusd,2023-06-27,2023-06-30,732123,223977,78949,11391,403130,596390,93625,45393
eurusd,2023-07-03,2023-07-07,725927,221272,78435,12478,401256,590715,90921,44299
eurusd,2023-07-11,2023-07-14,736056,224351,84189,12477,403460,595922,95768,43468
eurusd,2023-07-18,2023-07-21,783132,264514,85682,15240,406328,635671,97050,46539
eurusd,2023-07-25,2023-07-28,772408,250647,73417,21590,402626,636895,97545,40506
eurusd,2023-08-01,2023-08-04,755156,240074,68012,16696,404493,626064,93893,44384
eurusd,2023-08-08,2023-08-11,760968,228048,78237,14805,425875,621325,92240,46601
eurusd,2023-08-15,2023-08-18,760233,232466,72603,15930,420942,626226,90895,45474
eurusd,2023-08-22,2023-08-25,750486,239391,80631,12757,410413,610812,87925,46286
eurusd,2023-08-29,2023-09-01,748127,230542,83863,17510,411996,600147,88079,46607
eurusd,2023-09-05,2023-09-08,754263,235732,99501,22043,406485,582339,90003,50380
eurusd,2023-09-12,2023-09-15,743759,212376,99296,25632,412967,562948,92784,55883
eurusd,2023-09-19,2023-09-22,695343,207424,105443,17342,388465,517207,82112,55351
eurusd,2023-09-26,2023-09-29,699271,211516,113117,18558,387030,511437,82167,56159
eurusd,2023-10-03,2023-10-06,702433,211783,132840,19745,388473,493225,82432,56623
eurusd,2023-10-10,2023-10-13,687382,207522,131990,14226,383243,481536,82391,59630
eurusd,2023-10-17,2023-10-20,695676,214313,131903,11781,391704,493327,77878,58665
eurusd,2023-10-24,2023-10-27,702668,215569,130316,10431,396435,504431,80233,57490
eurusd,2023-10-31,2023-11-03,694962,210834,125445,11447,393348,502379,79333,55691
eurusd,2023-11-07,2023-11-10,697624,212483,123427,12511,390336,507851,82294,53835
eurusd,2023-11-14,2023-11-17,702463,221190,112283,15794,381765,522752,83714,51634
eurusd,2023-11-21,2023-11-24,712364,231095,101441,16964,380815,546633,83490,47326
eurusd,2023-11-28,2023-12-01,727138,233454,90289,22287,388784,565099,82613,49463
eurusd,2023-12-05,2023-12-08,756615,235684,83324,30452,404550,593479,85929,49360
eurusd,2023-12-12,2023-12-15,792149,231837,84510,26853,433209,615566,100250,65220
eurusd,2023-12-19,2023-12-22,700244,208078,93486,11082,399732,545354,81352,50322
eurusd,2023-12-26,2023-12-29,705627,211195,93804,11264,400897,552083,82271,48476
eurusd,2024-01-02,2024-01-05,718885,211912,92436,11611,411907,569293,83455,45545
eurusd,2024-01-09,2024-01-12,714079,208473,89596,13439,409738,566625,82429,44419
eurusd,2024-01-16,2024-01-19,733091,204294,100202,14105,433577,570090,81115,48694
eurusd,2024-01-23,2024-01-26,725423,195190,106866,15284,434578,551975,80371,51298
eurusd,2024-01-30,2024-02-02,727210,200360,111589,15950,432311,548317,78589,51354
eurusd,2024-02-06,2024-02-09,731991,202450,140297,16897,434993,521879,77651,52918
eurusd,2024-02-13,2024-02-16,740105,210848,158010,14994,437266,509530,76997,57571
eurusd,2024-02-20,2024-02-23,722299,213194,145178,14965,416183,505634,77957,56522
eurusd,2024-02-27,2024-03-01,715545,205234,142380,18860,411117,501018,80334,53287
eurusd,2024-03-05,2024-03-08,707108,200025,133714,20780,404771,501537,81532,51077
eurusd,2024-03-12,2024-03-15,717720,193998,119591,37335,402081,506685,84306,54109
eurusd,2024-03-19,2024-03-22,656182,182382,134040,9145,388839,462969,75816,50028
eurusd,2024-03-26,2024-03-29,657300,180193,148999,11329,389331,443503,76447,53469
eurusd,2024-04-02,2024-04-05,682768,188258,171464,8463,412480,445912,73567,56929
eurusd,2024-04-09,2024-04-12,643496,175419,142696,9914,383114,435146,75049,55740
eurusd,2024-04-16,2024-04-19,658865,178912,166688,10180,395979,424633,73794,57364
eurusd,2024-04-23,2024-04-26,665771,167296,177285,12296,413769,419034,72410,57156
eurusd,2024-04-30,2024-05-03,652297,167185,173962,12914,399163,409900,73035,55521
eurusd,2024-05-07,2024-05-10,654804,170594,166004,15209,393845,416124,75156,57467
eurusd,2024-05-14,2024-05-17,656802,178398,161243,14120,387812,426094,76472,55345
eurusd,2024-05-21,2024-05-24,653081,182574,141099,14085,378118,447571,78304,50326
eurusd,2024-05-28,2024-05-31,664864,184656,127084,20135,380224,464876,79849,52769
eurusd,2024-06-04,2024-06-07,671736,188957,121087,19647,383423,482209,79709,48793
eurusd,2024-06-11,2024-06-14,712894,187697,144053,22221,409006,481351,93970,65269
eurusd,2024-06-18,2024-06-21,650388,171464,163513,20827,386112,413976,71985,52072
eurusd,2024-06-25,2024-06-28,650087,167370,175801,20488,390837,400604,71392,53194
eurusd,2024-07-02,2024-07-05,636895,164369,173888,22390,376888,389609,73248,51008
eurusd,2024-07-09,2024-07-12,637266,165829,162206,20917,375248,402487,75272,51656
eurusd,2024-07-16,2024-07-19,649251,179937,155188,19816,375217,424766,74281,49481
eurusd,2024-07-23,2024-07-26,672022,188929,153023,22611,387742,447615,72740,48773
eurusd,2024-07-30,2024-08-02,667299,183006,165207,25412,386079,426892,72802,49788
eurusd,2024-08-06,2024-08-09,671104,185799,152219,24119,386568,444428,74618,50338
eurusd,2024-08-13,2024-08-16,667350,182212,155229,25155,382394,436421,77589,50545
eurusd,2024-08-20,2024-08-23,692017,194350,138333,28202,386948,476172,82517,49310
eurusd,2024-08-27,2024-08-30,726519,218381,125543,31163,388226,523748,88749,46065
eurusd,2024-09-03,2024-09-06,740311,215969,115951,36081,402899,544447,85362,43832
eurusd,2024-09-10,2024-09-13,741888,192821,111388,45430,411082,534889,92555,50181
eurusd,2024-09-17,2024-09-20,678001,182281,112635,22870,386396,500798,86454,41698
eurusd,2024-09-24,2024-09-27,679514,187795,116097,24830,379577,492405,87312,46182
eurusd,2024-10-01,2024-10-04,674734,178273,122946,27530,381281,474983,87650,49275
eurusd,2024-10-08,2024-10-11,669131,173866,134768,26128,384954,459849,84183,48386
eurusd,2024-10-15,2024-10-18,658481,169319,152169,24212,382899,431874,82051,50226
eurusd,2024-10-22,2024-10-25,650759,153159,181683,26368,391222,391230,80010,51478
eurusd,2024-10-29,2024-11-01,661675,159313,209617,26911,401671,370223,73780,54924
eurusd,2024-11-05,2024-11-08,645597,159900,181553,28104,381704,381087,75889,54853
eurusd,2024-11-12,2024-11-15,637105,160003,167440,31865,366805,385079,78432,52721
eurusd,2024-11-19,2024-11-22,658774,154305,196862,29002,399002,377955,76465,54955
eurusd,2024-11-26,2024-11-29,665553,156334,212343,29140,401183,368756,78896,55314
eurusd,2024-12-03,2024-12-06,675059,167693,225182,28677,401120,366644,77569,54556
eurusd,2024-12-10,2024-12-13,727276,157375,232948,33227,452311,397595,84363,63506
eurusd,2024-12-17,2024-12-20,584000,152671,218566,18486,340837,292748,72006,54200
eurusd,2024-12-24,2024-12-27,597583,159471,227978,20998,346341,291227,70773,57380
eurusd,2024-12-31,2025-01-03,609159,168806,238370,22206,344668,293607,73479,54976
eurusd,2025-01-07,2025-01-10,603187,166503,230627,24662,335373,290369,76649,57529
eurusd,2025-01-14,2025-01-17,604225,162760,223157,27758,341025,292688,72682,60622
eurusd,2025-01-21,2025-01-24,609492,167665,230151,27548,338719,294424,75560,57369
eurusd,2025-01-28,2025-01-31,618908,153660,220264,34436,354830,313235,75982,50973
eurusd,2025-02-04,2025-02-07,616623,162554,221168,31378,348354,311883,74337,52194
eurusd,2025-02-11,2025-02-14,622873,165594,230019,28522,352514,312540,76243,51792
eurusd,2025-02-18,2025-02-21,638024,170320,221740,30768,361239,335044,75697,50472
eurusd,2025-02-25,2025-02-28,658684,182699,208124,34874,362477,363117,78634,52569
eurusd,2025-03-04,2025-03-07,683819,185223,195329,38345,376930,396189,83321,53956
eurusd,2025-03-11,2025-03-14,729760,188647,175557,46442,394505,442352,100166,65409
eurusd,2025-03-18,2025-03-21,652620,188952,129527,21728,359417,451777,82523,49588
eurusd,2025-03-25,2025-03-28,672875,189796,124271,25583,375753,476069,81743,46952
eurusd,2025-04-01,2025-04-04,670827,183247,131412,28029,379419,462291,80132,49095
eurusd,2025-04-08,2025-04-11,697776,190296,130316,24954,401858,492274,80668,50232
eurusd,2025-04-15,2025-04-18,708122,197103,127823,23152,394996,512911,92871,44236
eurusd,2025-04-22,2025-04-25,719232,196205,131177,25417,401257,519198,96353,43440
eurusd,2025-04-29,2025-05-02,730212,196388,120591,34702,401746,533257,97376,41662
eurusd,2025-05-06,2025-05-09,737013,194192,118473,40246,405535,536874,97040,41420
eurusd,2025-05-13,2025-05-16,750906,209549,124775,40168,406660,540942,94529,45021
eurusd,2025-05-20,2025-05-23,759249,206042,131589,35679,423456,550286,94072,41695
eurusd,2025-05-27,2025-05-30,760471,204326,124852,32901,427966,559867,95278,42851
eurusd,2025-06-03,2025-06-06,781284,202786,120022,40196,437677,575962,100625,45104
eurusd,2025-06-10,2025-06-13,810517,208754,115729,50117,449157,600413,102489,44258
eurusd,2025-06-17,2025-06-20,755861,220811,119258,22506,414729,575750,97815,38347
eurusd,2025-06-24,2025-06-27,762607,223791,112656,26583,417363,581664,94870,41704
eurusd,2025-07-01,2025-07-04,779031,224979,117442,27179,430913,591577,95960,42833
eurusd,2025-07-08,2025-07-11,805847,241125,120529,25402,439953,617376,99367,42540
eurusd,2025-07-15,2025-07-18,820440,242096,113875,29211,451525,635740,97608,41614
eurusd,2025-07-22,2025-07-25,843447,248380,122865,29751,469100,646813,96216,44018
eurusd,2025-07-29,2025-08-01,828577,248841,125482,29265,452550,628328,97921,45502
eurusd,2025-08-05,2025-08-08,818360,247357,131398,25219,453569,617114,92215,44629
eurusd,2025-08-12,2025-08-15,824972,246299,130868,24543,458037,625100,96093,44461
eurusd,2025-08-19,2025-08-22,825219,252719,133974,26061,452297,618728,94142,46456
eurusd,2025-08-26,2025-08-29,842215,258386,135347,27570,461163,634369,95096,44929
eurusd,2025-09-02,2025-09-05,845820,255660,136068,39101,455696,626965,95363,43686
eurusd,2025-09-09,2025-09-12,878104,258049,132372,50777,468861,648508,100417,46447
eurusd,2025-09-16,2025-09-19,855448,253261,135502,17086,490481,657861,94620,44999
eurusd,2025-09-23,2025-09-26,859215,252472,138127,16213,495459,661236,95071,43639
eurusd,2025-09-30,2025-10-03,845775,252530,135161,14867,484109,651245,94269,44502
eurusd,2025-10-07,2025-10-10,855286,255907,137542,16040,488102,655936,95237,45768
eurusd,2025-10-14,2025-10-17,841079,243010,134685,21784,484101,633231,92184,51379
eurusd,2025-10-21,2025-10-24,835887,244507,132755,19651,479961,636194,91768,47287
eurusd,2025-10-28,2025-10-31,843717,250400,143067,18586,482554,634150,92177,47914
eurusd,2025-11-04,2025-11-07,835176,252542,160747,18440,476902,603514,87292,52475
eurusd,2025-11-10,2025-11-14,831275,235920,162331,23125,482858,594231,89372,51588
eurusd,2025-11-18,2025-11-21,827015,243961,144954,20292,473016,613166,89746,48603
eurusd,2025-11-25,2025-11-28,830589,244392,150321,21516,474204,611180,90477,47572
eurusd,2025-12-02,2025-12-05,851184,249672,141219,26841,482328,638080,92343,45044
eurusd,2025-12-09,2025-12-12,942794,268118,129330,39355,536662,726259,98659,47850
eurusd,2025-12-16,2025-12-19,986986,277002,132099,17480,451583,647640,240921,189767
eurusd,2025-12-23,2025-12-26,866951,293179,133288,18045,463484,672962,92243,42656
eurusd,2025-12-30,2026-01-02,869169,294738,137273,17460,464299,675925,92672,38511
eurusd,2026-01-06,2026-01-09,881815,298253,135441,19994,469661,685480,93907,40900
eurusd,2026-01-13,2026-01-16,883672,283592,150936,20905,487595,667362,91580,44469
eurusd,2026-01-20,2026-01-23,880948,275235,163540,24606,488166,643762,92941,49040
eurusd,2026-01-27,2026-01-30,919284,290336,158202,35100,499732,681336,94116,44646
eurusd,2026-02-03,2026-02-06,910464,302301,138940,31071,483911,702452,93181,38001
eurusd,2026-02-10,2026-02-13,926273,318704,138399,28591,484603,720382,94375,38901
eurusd,2026-02-17,2026-02-20,916813,311549,137069,21372,487219,714896,96673,43476
eurusd,2026-02-24,2026-02-27,911287,294873,138017,25034,498044,708947,93336,39289
eurusd,2026-03-03,2026-03-06,913289,294586,158088,41064,485713,670306,91926,43831
eurusd,2026-03-10,2026-03-13,969374,265686,160542,59178,550287,695706,94223,53948
eurusd,2026-03-17,2026-03-20,755789,212886,191754,22051,435130,493563,85722,48421
eurusd,2026-03-24,2026-03-27,764691,200025,190746,35576,444118,490876,84972,47493
eurusd,2026-03-31,2026-04-03,774237,200168,199661,28443,462337,499328,83289,46805
eurusd,2026-04-07,2026-04-10,775043,200946,208487,24313,464746,497896,85038,44347
eurusd,2026-04-14,2026-04-17,788828,214639,188621,24097,465245,527777,84847,48333
eurusd,2026-04-21,2026-04-24,790622,217407,176083,26567,459844,543507,86804,44465
eurusd,2026-04-28,2026-05-01,801430,217091,181379,28066,469715,544852,86558,47133
eurusd,2026-05-05,2026-05-08,815942,217474,185272,29426,480886,554265,88156,46979
eurusd,2026-05-12,2026-05-15,829377,224002,183802,32115,485382,564436,87878,49024
eurusd,2026-05-19,2026-05-22,826019,233251,199738,35233,471453,537988,86082,53060
eurusd,2026-05-26,2026-05-29,824224,223055,193629,42470,469886,535410,88813,52715
eurusd,2026-06-02,2026-06-05,842424,235442,186576,40759,479684,549080,86539,66009
eurusd,2026-06-09,2026-06-12,871507,219564,205632,50185,511359,549444,90399,66246
eurusd,2026-06-16,2026-06-19,894671,228005,193652,23100,429479,491368,214087,186551
eurusd,2026-06-23,2026-06-26,785477,247332,217174,24971,431837,489020,81337,54312
eurusd,2026-06-30,2026-07-03,790076,235658,234559,25477,448473,473152,80468,56888
eurusd,2026-07-07,2026-07-10,794833,223430,239657,27201,460669,470693,83533,57282
eurusd,2026-07-14,2026-07-17,799495,230307,242912,28745,457594,470984,82849,56854
eurusd,2026-07-21,2026-07-24,800061,220465,261803,31078,468045,450070,80473,57110
eurusd,2026-07-28,2026-07-31,819806,204975,277422,35608,500674,448960,78549,57816
yen,2000-08-29,2000-09-01,77923,6943,19918,1153,52015,38251,17812,18601
yen,2000-09-05,2000-09-08,71820,5476,12578,1264,45378,41178,19702,16800
yen,2000-09-12,2000-09-15,92390,14416,8082,9035,50447,56710,18492,18563
yen,2000-09-19,2000-09-22,38431,3734,7566,0,22851,15713,11846,15152
yen,2000-09-26,2000-09-29,43973,5306,9532,0,28815,14400,9852,20041
yen,2000-10-03,2000-10-06,54499,2244,16011,680,39774,13557,11801,24251
yen,2000-10-10,2000-10-13,66105,977,31065,42,54026,12019,11060,22979
yen,2000-10-17,2000-10-20,65298,965,30292,57,55031,10631,9245,24318
yen,2000-10-24,2000-10-27,65348,981,28792,27,53710,12067,10630,24462
yen,2000-10-31,2000-11-03,68898,1147,28226,15,57576,14207,10160,26450
yen,2000-11-07,2000-11-10,59077,615,24492,35,46917,17473,11510,17077
yen,2000-11-14,2000-11-17,59507,1315,23885,15,46929,15224,11248,20383
yen,2000-11-21,2000-11-24,77499,986,36058,15,66966,15544,9532,25882
yen,2000-11-28,2000-12-01,77425,866,34196,15,65953,17140,10591,26074
yen,2000-12-05,2000-12-08,82427,853,33302,20,71383,18995,10171,30110
yen,2000-12-12,2000-12-15,130047,110,41806,5405,113569,49976,10963,32860
yen,2000-12-19,2000-12-22,87563,788,39021,450,78480,19707,7845,28385
yen,2000-12-26,2000-12-29,90803,1634,44254,0,80867,19456,8302,27093
yen,2001-01-02,2001-01-05,91258,1613,43032,6,81618,20802,8021,27418
yen,2001-01-09,2001-01-12,91091,1550,41688,24,80969,21214,8548,28165
yen,2001-01-16,2001-01-19,90061,1877,35747,687,76620,25613,10877,28014
yen,2001-01-23,2001-01-26,91368,4611,33823,34,76864,29273,9859,28238
yen,2001-01-30,2001-02-02,87420,1606,26806,33,73989,34112,11792,26469
yen,2001-02-06,2001-02-09,92632,1829,27865,289,77974,39078,12540,25400
yen,2001-02-13,2001-02-16,90964,1484,28958,44,77697,35840,11739,26122
yen,2001-02-20,2001-02-23,89673,682,27742,44,78101,36748,10846,25139
yen,2001-02-27,2001-03-02,89216,849,28386,41,77052,35884,11274,24905
yen,2001-03-06,2001-03-09,98574,922,32429,165,86148,34559,11339,31421
yen,2001-03-13,2001-03-16,123971,23034,41341,455,88319,49978,12163,32197
yen,2001-03-20,2001-03-23,103349,36675,37256,0,57012,33016,9662,33077
yen,2001-03-27,2001-03-30,99717,33952,30465,0,54155,38713,11610,30539
yen,2001-04-03,2001-04-06,106688,34750,32999,0,60655,42649,11283,31040
yen,2001-04-10,2001-04-13,105515,34121,32200,0,61076,41424,10318,31891
yen,2001-04-17,2001-04-20,90864,2292,27878,240,77384,32608,10948,30138
yen,2001-04-24,2001-04-27,87870,3775,27235,40,73978,37526,10077,23069
yen,2001-05-01,2001-05-04,86456,21103,26816,114,53583,37402,11656,22124
yen,2001-05-08,2001-05-11,90252,26696,29615,379,52044,39857,11133,20401
yen,2001-05-15,2001-05-18,92328,26429,28744,219,55737,39129,9943,24236
yen,2001-05-22,2001-05-25,97736,2531,29579,191,74319,33995,20695,33971
yen,2001-05-29,2001-06-01,87280,6661,16825,1141,65411,53133,14067,16181
yen,2001-06-05,2001-06-08,93638,16370,11107,1033,58896,64360,17339,17138
yen,2001-06-12,2001-06-15,97354,16507,13792,1801,61207,56349,17839,25412
yen,2001-06-19,2001-06-22,56263,4703,20569,3,42787,11700,8770,23991
yen,2001-06-26,2001-06-29,62444,2708,27294,20,49900,8559,9816,26571
yen,2001-07-03,2001-07-06,72009,2294,34674,16,59361,9138,10338,28181
yen,2001-07-10,2001-07-13,95443,17020,41110,16,65964,23490,12443,30827
yen,2001-07-17,2001-07-20,102545,26985,36939,16,63962,35182,11582,30408
yen,2001-07-24,2001-07-27,100240,26014,27243,16,62095,43940,12115,29041
yen,2001-07-31,2001-08-03,105945,26464,30899,38,66721,46118,12722,28890
yen,2001-08-07,2001-08-10,105044,26803,25375,434,62004,52509,15803,26726
yen,2001-08-14,2001-08-17,101855,26620,15062,950,62214,73864,12071,11979
yen,2001-08-21,2001-08-24,109786,40409,9798,548,55646,93793,13183,5647
yen,2001-08-28,2001-08-31,111974,40057,9877,547,45495,80293,25875,21257
yen,2001-09-04,2001-09-07,115883,40762,8251,550,45803,85594,28768,21488
yen,2001-09-10,2001-09-14,112122,32713,9220,730,53113,74036,25566,28136
yen,2001-09-18,2001-09-21,86678,37787,9348,47,30738,63788,18106,13495
yen,2001-09-25,2001-09-28,90169,39909,9544,48,29273,66812,20939,13765
yen,2001-10-02,2001-10-05,75174,22438,8929,70,38960,48884,13706,17291
yen,2001-10-09,2001-10-12,71605,20983,10715,81,37987,42434,12554,18375
yen,2001-10-16,2001-10-19,74649,15409,16523,11,48699,33312,10530,24803
yen,2001-10-23,2001-10-26,75643,3588,25372,14,63491,21453,8550,28804
yen,2001-10-30,2001-11-02,81807,3817,31162,62,69796,21911,8132,28672
yen,2001-11-06,2001-11-09,91333,14379,28293,73,66183,36551,10698,26416
yen,2001-11-13,2001-11-16,92819,19203,23434,54,62532,45595,11030,23736
yen,2001-11-20,2001-11-23,102491,13491,32377,332,73580,36446,15088,33336
yen,2001-11-27,2001-11-30,109170,18647,40277,423,77600,37963,12500,30507
yen,2001-12-04,2001-12-07,119948,29792,38210,469,77539,50229,12148,31040
yen,2001-12-11,2001-12-14,153340,36798,41056,25,99520,71288,16997,40971
yen,2001-12-18,2001-12-21,126848,37020,38955,745,82669,49620,6414,37528
yen,2001-12-21,2001-12-21,129864,37531,41852,251,83084,53221,8998,34540
yen,2001-12-28,2001-12-28,130768,39575,38709,660,80419,55998,10114,35401
yen,2002-01-08,2002-01-11,135340,38443,41973,8,84030,57190,12859,36169
yen,2002-01-15,2002-01-18,133175,36543,39146,76,83608,50279,12948,43674
yen,2002-01-22,2002-01-25,130458,27336,41737,5,85756,46246,17361,42470
yen,2002-01-29,2002-02-01,126984,31724,38067,129,83247,53404,11884,35384
yen,2002-02-05,2002-02-08,129271,31592,35608,651,85296,57277,11732,35735
yen,2002-02-12,2002-02-15,115316,22996,30777,708,78664,51339,12948,32492
yen,2002-02-19,2002-02-22,122120,23244,35576,724,83910,53367,14242,32453
yen,2002-02-26,2002-03-01,127692,23130,42942,734,90724,51540,13104,32476
yen,2002-03-05,2002-03-08,104976,13717,27363,319,75362,47532,15578,29762
yen,2002-03-12,2002-03-15,110848,20510,13612,133,68149,75511,22056,21592
yen,2002-03-19,2002-03-22,71074,13812,14939,146,43504,38453,13612,17536
yen,2002-03-26,2002-03-29,72383,12941,17301,25,48069,35276,11348,19781
yen,2002-04-02,2002-04-05,78204,14174,23431,25,56634,33165,7371,21583
yen,2002-04-09,2002-04-12,69913,7488,18329,303,52883,33984,9239,17297
yen,2002-04-16,2002-04-19,71886,8644,17395,135,53539,34725,9568,19631
yen,2002-04-23,2002-04-26,67954,12647,13373,278,41584,36436,13445,17867
yen,2002-04-30,2002-05-03,82621,16757,11103,272,48250,51011,17342,20235
yen,2002-05-07,2002-05-10,84031,16872,10358,265,48007,56167,18887,17241
yen,2002-05-14,2002-05-17,83322,14583,11769,297,52229,51578,16213,19678
yen,2002-05-21,2002-05-24,95905,21800,7938,690,51295,68014,22120,19263
yen,2002-05-28,2002-05-31,94948,20481,8307,595,51083,70296,22789,15750
yen,2002-06-04,2002-06-07,97625,17715,9340,621,53113,71677,26176,15987
yen,2002-06-11,2002-06-14,105123,17774,11699,568,57985,67721,28796,25135
yen,2002-06-18,2002-06-21,68634,19424,9955,44,28499,44060,20667,14575
yen,2002-06-25,2002-06-28,75487,21992,11383,44,28762,49893,24689,14167
yen,2002-07-02,2002-07-05,74473,19786,10740,51,29992,50095,24644,13587
yen,2002-07-09,2002-07-12,78069,20799,10599,27,30341,54898,26902,12545
yen,2002-07-16,2002-07-19,78550,21661,10440,28,30212,54062,26649,14020
yen,2002-07-23,2002-07-26,76478,20262,10399,2,31525,53781,24689,12296
yen,2002-07-30,2002-08-02,73947,14452,10600,88,37369,48706,22038,14553
yen,2002-08-06,2002-08-09,71254,12340,11634,109,38603,44956,20202,14555
yen,2002-08-13,2002-08-16,70948,13237,9573,83,37857,48228,19771,13064
yen,2002-08-20,2002-08-23,70974,12496,9084,98,37596,49381,20784,12411
yen,2002-08-27,2002-08-30,72646,15007,10656,84,35846,50081,21709,11825
yen,2002-09-03,2002-09-06,77046,17853,11212,213,35999,53578,22981,12043
yen,2002-09-10,2002-09-13,102073,14997,11777,73,66802,74349,20201,15874
yen,2002-09-17,2002-09-20,68295,1996,18370,239,52942,27220,13118,22466
yen,2002-09-24,2002-09-27,70469,1826,19906,232,57516,25507,10895,24824
yen,2002-10-01,2002-10-04,71055,2586,17899,217,57426,27128,10826,25811
yen,2002-10-08,2002-10-11,82495,9841,23082,342,61735,31290,10577,27781
yen,2002-10-15,2002-10-18,80287,8606,21436,418,61414,31389,9849,27044
yen,2002-10-22,2002-10-25,85343,8768,23702,1285,66165,30174,9125,30182
yen,2002-10-29,2002-11-01,79469,13185,21449,374,52101,34902,13809,22744
yen,2002-11-05,2002-11-08,75258,12412,17108,837,48471,36954,13538,20359
yen,2002-11-12,2002-11-15,77422,14064,14491,1400,41580,44934,20378,16597
yen,2002-11-19,2002-11-22,75092,12867,15758,1729,45771,37575,14725,20030
yen,2002-11-26,2002-11-29,71861,11744,16208,332,47494,38202,12291,17119
yen,2002-12-03,2002-12-06,78433,9754,19657,329,57574,33578,10776,24869
yen,2002-12-10,2002-12-13,119680,8206,20416,670,99299,73325,11505,25269
yen,2002-12-17,2002-12-20,87176,11832,12538,416,62454,52066,12474,22156
yen,2002-12-23,2002-12-27,92767,16976,13169,416,59941,59826,15434,19356
yen,2002-12-31,2003-01-03,119681,40666,12532,404,56491,91282,22120,15463
yen,2003-01-07,2003-01-10,116555,39488,12261,47,59421,85958,17599,18289
yen,2003-01-14,2003-01-17,120396,44399,11455,39,49339,91697,26619,17205
yen,2003-01-21,2003-01-24,119530,44463,11170,439,51963,88915,22665,19006
yen,2003-01-28,2003-01-31,108851,36528,10918,428,52997,79960,18898,17545
yen,2003-02-04,2003-02-07,91248,19681,14087,1131,54717,52104,15719,23926
yen,2003-02-11,2003-02-14,110275,30376,19667,1001,65096,59904,13802,29703
yen,2003-02-18,2003-02-21,113853,37746,19313,168,58565,69131,17374,25241
yen,2003-02-25,2003-02-28,118365,45047,9293,535,51661,89891,21122,18646
yen,2003-03-04,2003-03-07,116621,40722,8690,480,51335,90841,24084,16610
yen,2003-03-11,2003-03-14,133098,42400,6181,545,60724,103505,29429,22867
yen,2003-03-18,2003-03-21,82659,30389,7071,54,33010,58145,19206,17389
yen,2003-03-25,2003-03-28,84457,10780,23763,90,63468,36695,10119,23909
yen,2003-04-01,2003-04-04,80136,12485,16388,56,54463,43455,13132,20237
yen,2003-04-08,2003-04-11,75088,11031,16665,535,53069,39519,10453,18369
yen,2003-04-15,2003-04-18,79252,9937,19354,126,59144,37337,10045,22435
yen,2003-04-22,2003-04-25,83959,14525,18708,156,58741,42580,10537,22515
yen,2003-04-29,2003-05-02,86346,9641,19821,134,64572,43129,11999,23262
yen,2003-05-06,2003-05-09,99924,19853,17185,1250,58377,60299,20444,21190
yen,2003-05-13,2003-05-16,114134,38488,9026,260,48552,82010,26834,22838
yen,2003-05-20,2003-05-23,111964,37884,8114,189,45972,80487,27919,23174
yen,2003-05-27,2003-05-30,109843,36758,7315,199,45387,76528,27499,25801
yen,2003-06-03,2003-06-06,98513,19933,12373,142,61304,56170,17134,29828
yen,2003-06-10,2003-06-13,121421,22835,11079,1045,78389,73398,19152,35899
yen,2003-06-17,2003-06-20,91916,24463,13601,653,49945,56963,16855,20699
yen,2003-06-24,2003-06-27,98292,25897,8761,788,54124,68080,17483,20663
yen,2003-07-01,2003-07-04,104184,8768,22165,531,79662,49337,15223,32151
yen,2003-07-08,2003-07-11,104434,13642,13534,306,75970,63341,14516,27253
yen,2003-07-15,2003-07-18,113969,23702,7877,111,67833,85119,22323,20862
yen,2003-07-22,2003-07-25,104161,16536,9744,62,68373,70702,19190,23653
yen,2003-07-29,2003-08-01,103252,18580,12272,334,68142,65307,16196,25339
yen,2003-08-05,2003-08-08,125420,10136,46435,250,102290,46435,12744,32300
yen,2003-08-12,2003-08-15,115581,12940,22880,694,87270,65228,14677,26779
yen,2003-08-19,2003-08-22,118044,14557,23909,676,64180,45358,38631,48101
yen,2003-08-26,2003-08-29,131738,22148,8916,1797,83348,96859,24445,24166
yen,2003-09-02,2003-09-05,169584,53464,6509,564,81558,138970,33998,23541
yen,2003-09-09,2003-09-12,171788,59532,6687,1549,74834,138974,35873,24578
yen,2003-09-16,2003-09-19,126661,60153,5506,0,34678,105030,31830,16125
yen,2003-09-23,2003-09-26,135500,61520,7972,0,37854,106839,36126,20689
yen,2003-09-30,2003-10-03,144431,69657,28792,8,38358,96148,36408,19483
yen,2003-10-07,2003-10-10,159009,76438,26713,29,42205,110396,40337,21871
yen,2003-10-14,2003-10-17,154276,71679,32470,53,43437,99358,39107,22395
yen,2003-10-21,2003-10-24,151390,69794,21490,53,43485,107894,38058,21953
yen,2003-10-28,2003-10-31,152880,71462,16552,82,43278,113848,38058,22398
yen,2003-11-04,2003-11-07,135896,56179,5835,585,48770,105901,30362,23575
yen,2003-11-11,2003-11-14,143363,63585,5788,608,45313,115745,33857,21222
yen,2003-11-18,2003-11-21,143468,59678,5916,632,47691,117852,35467,19068
yen,2003-11-25,2003-11-28,133380,47773,5233,667,52832,107929,32108,19551
yen,2003-12-02,2003-12-05,142600,53739,7553,908,54016,114664,33937,19475
yen,2003-12-09,2003-12-12,170513,62513,5777,525,66696,136954,40779,27257
yen,2003-12-16,2003-12-19,139376,62421,4185,2,43063,118798,33890,16391
yen,2003-12-22,2003-12-26,131080,52320,4185,25,44767,110677,33968,16193
yen,2003-12-30,2004-01-02,138423,51851,4187,92,51686,116941,34794,17203
yen,2004-01-06,2004-01-09,156255,62753,5919,118,53883,134417,39501,15801
yen,2004-01-13,2004-01-16,159233,65248,4646,147,55227,138539,38611,15901
yen,2004-01-20,2004-01-23,152326,56801,5093,297,59063,128517,36165,18419
yen,2004-01-27,2004-01-30,160713,63946,5954,218,57941,139191,38608,15350
yen,2004-02-03,2004-02-06,169516,70199,5700,199,60888,146770,38230,16847
yen,2004-02-10,2004-02-13,160443,64595,5965,190,59887,135673,35771,18615
yen,2004-02-17,2004-02-20,159603,62030,6832,659,60003,135501,36911,16611
yen,2004-02-24,2004-02-27,142090,16202,28383,221,96978,92561,28689,20925
yen,2004-03-02,2004-03-05,153545,15719,38031,924,109142,88068,27760,26522
yen,2004-03-09,2004-03-12,156926,7779,42295,926,118435,88943,29786,24762
yen,2004-03-16,2004-03-19,89476,6974,38413,504,56694,25937,25304,24622
yen,2004-03-23,2004-03-26,86095,11328,25929,60,50177,44909,24530,15197
yen,2004-03-30,2004-04-02,107017,26251,21942,612,49818,71283,30336,13180
yen,2004-04-06,2004-04-09,132851,43206,22818,3,53304,97998,36338,12032
yen,2004-04-12,2004-04-16,135388,47017,22257,3,53038,101443,35330,11685
yen,2004-04-20,2004-04-23,104240,18697,24741,3,55727,66233,29813,13263
yen,2004-04-27,2004-04-30,104978,17240,17036,3,56938,72673,30797,15266
yen,2004-05-04,2004-05-07,103861,12525,9552,39,59816,76749,31481,17521
yen,2004-05-11,2004-05-14,108604,8791,18884,383,65656,63948,33774,25389
yen,2004-05-18,2004-05-21,105799,9095,21777,384,65786,59127,30534,24511
yen,2004-05-25,2004-05-28,107597,8656,20763,384,67210,63451,31347,22999
yen,2004-06-01,2004-06-04,115839,8561,13400,207,75811,81740,31260,20492
yen,2004-06-08,2004-06-11,126066,12259,11661,908,80681,92895,32218,20602
yen,2004-06-15,2004-06-18,91167,11677,9184,323,56277,64008,22890,17652
yen,2004-06-22,2004-06-25,92993,12433,6938,221,54160,70946,26179,14888
yen,2004-06-29,2004-07-02,98904,13262,4846,349,53806,80155,31487,13554
yen,2004-07-06,2004-07-09,99512,7488,5071,257,56796,80841,34971,13343
yen,2004-07-13,2004-07-16,106390,10569,8403,205,64336,83973,31280,13809
yen,2004-07-20,2004-07-23,109321,11789,9952,199,64571,84000,32762,15170
yen,2004-07-27,2004-07-30,107170,10608,13009,225,68332,73364,28005,20572
yen,2004-08-03,2004-08-06,113468,12133,15401,371,75397,70164,25567,27532
yen,2004-08-10,2004-08-13,110433,10330,18612,199,74030,67151,25874,24471
yen,2004-08-17,2004-08-20,113957,11251,16456,209,76801,72935,25696,24357
yen,2004-08-24,2004-08-27,108560,12757,13726,223,67931,74933,27649,19678
yen,2004-08-31,2004-09-03,109198,12753,12228,242,64793,80773,31410,15955
yen,2004-09-07,2004-09-10,106537,10847,11679,200,66132,74552,29358,20106
yen,2004-09-14,2004-09-17,79272,7982,12039,0,47779,50086,23511,17147
yen,2004-09-21,2004-09-24,82044,7666,17023,0,49595,45443,24783,19578
yen,2004-09-28,2004-10-01,94536,10277,32480,0,62615,34851,21644,27205
yen,2004-10-05,2004-10-08,111308,11572,26068,0,77223,57988,22513,27252
yen,2004-10-12,2004-10-15,117286,12753,19140,60,77058,75111,27415,22975
yen,2004-10-19,2004-10-22,130921,22884,14319,858,74117,97123,33062,18621
yen,2004-10-26,2004-10-29,143619,41391,13755,379,64933,113154,36916,16331
yen,2004-11-02,2004-11-05,162362,46779,9965,457,76264,135782,38862,16158
yen,2004-11-09,2004-11-12,174751,53757,14664,115,80787,143812,40092,16160
yen,2004-11-16,2004-11-19,181901,58608,14012,882,80442,148947,41969,18060
yen,2004-11-23,2004-11-26,190372,56698,23500,695,87732,145559,45247,20618
yen,2004-11-30,2004-12-03,196960,61276,21916,659,91163,154640,43862,19745
yen,2004-12-07,2004-12-10,221297,50795,13472,710,126760,184367,43032,22748
yen,2004-12-14,2004-12-17,145978,33636,12235,177,78433,116473,33732,17093
yen,2004-12-21,2004-12-24,145705,33373,12797,196,77292,115698,34844,17014
yen,2004-12-28,2004-12-31,150488,39240,11487,177,74288,124182,36783,14642
yen,2005-01-04,2005-01-07,155870,33972,11252,125,88489,126703,33284,17790
yen,2005-01-11,2005-01-14,161868,35208,11463,198,92180,130683,34282,19524
yen,2005-01-18,2005-01-21,171109,39872,31993,1,88284,120135,42952,18980
yen,2005-01-25,2005-01-28,162182,33608,32684,123,90835,111336,37616,18039
yen,2005-02-01,2005-02-04,167125,31214,30815,2,98634,122710,37275,13598
yen,2005-02-08,2005-02-11,155552,19798,34088,6,101203,98396,34545,23062
yen,2005-02-15,2005-02-18,151987,13017,36710,961,109138,92564,28871,21752
yen,2005-02-22,2005-02-25,154084,14078,40013,784,106405,89940,32817,23347
yen,2005-03-01,2005-03-04,153631,13422,20545,189,107980,112908,32040,19989
yen,2005-03-08,2005-03-11,171109,13350,23136,3861,120197,121990,33701,22122
yen,2005-03-15,2005-03-18,107434,13944,19290,73,64255,70141,29162,17930
yen,2005-03-22,2005-03-25,108865,15675,27578,73,65906,59607,27211,21607
yen,2005-03-29,2005-04-01,114268,11033,41222,680,76938,47486,25617,24880
yen,2005-04-05,2005-04-08,127406,9686,46128,681,92614,52801,24425,27796
yen,2005-04-12,2005-04-15,133228,11954,56150,647,95502,46209,25125,30222
yen,2005-04-19,2005-04-22,143178,6927,61624,767,111224,54714,24260,26073
yen,2005-04-26,2005-04-29,138788,11215,43717,753,102423,71356,24397,22962
yen,2005-05-03,2005-05-06,160185,21832,35963,714,110032,103296,27607,20212
yen,2005-05-10,2005-05-13,160836,20771,30334,677,109373,110558,30015,19267
yen,2005-05-17,2005-05-20,189032,11663,59546,1,153623,109993,23745,19492
yen,2005-05-24,2005-05-27,184022,10629,49460,824,150228,110349,22341,23389
yen,2005-05-31,2005-06-03,183593,6467,54902,824,150941,100736,25361,27131
yen,2005-06-07,2005-06-10,185988,5295,42406,836,151976,117037,27881,25709
yen,2005-06-14,2005-06-17,144048,8991,61022,929,112210,53702,21918,28395
yen,2005-06-21,2005-06-24,139726,11128,49102,874,104243,62607,23481,27143
yen,2005-06-28,2005-07-01,147872,10844,62689,856,112688,53483,23484,30844
yen,2005-07-05,2005-07-08,156517,11579,63765,1023,120359,61368,23556,30361
yen,2005-07-12,2005-07-15,162959,10830,73906,1544,126369,56864,24216,30645
yen,2005-07-19,2005-07-22,168697,9165,68221,476,133055,67280,26001,32720
yen,2005-07-26,2005-07-29,161014,8032,55800,423,128689,75625,23870,29166
yen,2005-08-02,2005-08-05,165281,9337,52488,436,130470,84655,25038,27702
yen,2005-08-09,2005-08-12,177994,12768,61428,769,139535,83986,24922,31811
yen,2005-08-16,2005-08-19,166923,12423,38808,927,125756,102970,27817,24218
yen,2005-08-23,2005-08-26,166538,9358,40724,926,128914,101140,27340,23748
yen,2005-08-30,2005-09-02,178245,7941,55606,1142,157079,108008,12083,13489
yen,2005-09-06,2005-09-09,175986,8017,42389,1454,151972,121758,14543,10385
yen,2005-09-13,2005-09-16,189247,10280,45214,2485,149177,114005,27305,27543
yen,2005-09-20,2005-09-23,127850,11954,59583,43,93551,39459,22302,28765
yen,2005-09-27,2005-09-30,138571,13469,72535,43,101617,33591,23442,32402
yen,2005-10-04,2005-10-07,167979,16352,79651,43,125981,56416,25603,31869
yen,2005-10-11,2005-10-14,176161,18745,84780,43,129505,56348,27868,34990
yen,2005-10-18,2005-10-21,199678,20214,86855,33,149883,72818,29548,39972
yen,2005-10-25,2005-10-28,195218,20098,86780,100,147875,76634,27145,31704
yen,2005-11-01,2005-11-04,195803,19862,86164,75,150226,74757,25640,34807
yen,2005-11-08,2005-11-11,197715,19428,84056,884,152664,80124,24739,32651
yen,2005-11-15,2005-11-18,203137,21147,88378,667,155676,80033,25647,34059
yen,2005-11-22,2005-11-25,204816,21037,86921,575,155228,83522,27976,33798
yen,2005-11-29,2005-12-02,206878,22626,86626,488,154396,85604,29368,34160
yen,2005-12-06,2005-12-09,220313,26712,98355,1683,162475,87806,29443,32469
yen,2005-12-13,2005-12-16,243599,22221,94284,2301,188591,112913,30486,34101
yen,2005-12-20,2005-12-23,139503,12322,38427,72,103665,70812,23444,30192
yen,2005-12-27,2005-12-30,148945,16998,39127,122,104516,81452,27309,28244
yen,2006-01-03,2006-01-06,155722,22192,46929,144,105548,84108,27838,24541
yen,2006-01-10,2006-01-13,169886,30472,50001,36,103194,95280,36184,24569
yen,2006-01-17,2006-01-20,167681,30062,48321,32,103792,93718,33795,25610
yen,2006-01-24,2006-01-27,166600,29698,48976,32,103532,94693,33338,22899
yen,2006-01-31,2006-02-03,188724,32287,74032,32,126595,83469,29810,31191
yen,2006-02-07,2006-02-10,197898,31219,87566,153,141301,79899,25225,30280
yen,2006-02-14,2006-02-17,195644,27560,82617,32,141417,80756,26635,32239
yen,2006-02-21,2006-02-24,203465,26959,98143,22,149692,70696,26792,34604
yen,2006-02-28,2006-03-03,201773,41587,64408,216,127801,107765,32169,29384
yen,2006-03-07,2006-03-10,248612,36738,78569,346,176747,134264,34781,35433
yen,2006-03-14,2006-03-17,189513,24814,70103,151,135112,85072,29436,34187
yen,2006-03-21,2006-03-24,175962,23115,52471,354,123357,93753,29136,29384
yen,2006-03-28,2006-03-31,180101,27229,57641,361,125904,90414,26607,31685
yen,2006-04-04,2006-04-07,189732,30603,63319,374,126842,93976,31913,32063
yen,2006-04-11,2006-04-14,205630,36213,90684,132,140062,80234,29223,34580
yen,2006-04-18,2006-04-21,202039,38749,79890,360,129443,88624,33487,33165
yen,2006-04-25,2006-04-28,201415,40997,47487,476,118831,124394,41111,29058
yen,2006-05-02,2006-05-05,206400,44389,41700,684,118301,144592,43026,19424
yen,2006-05-09,2006-05-12,210545,46769,27925,873,113023,157197,49880,24550
yen,2006-05-16,2006-05-19,212386,47053,27932,1100,116805,158078,47428,25276
yen,2006-05-23,2006-05-26,211949,49669,31340,710,116134,154398,45436,25501
yen,2006-05-30,2006-06-02,208512,56019,30278,644,108021,153269,43828,24321
yen,2006-06-06,2006-06-09,201843,47148,26145,714,113610,146902,40371,28082
yen,2006-06-13,2006-06-16,243513,39360,48957,933,157545,152880,45675,40743
yen,2006-06-20,2006-06-23,161290,23877,46884,86,104582,85187,32745,29133
yen,2006-06-27,2006-06-30,174066,25190,60762,86,116383,81209,32407,32009
yen,2006-07-03,2006-07-07,168688,25330,49239,707,110040,90220,32611,28522
yen,2006-07-11,2006-07-14,173470,27639,48343,1064,112062,99551,32705,24512
yen,2006-07-18,2006-07-21,203567,27724,96773,200,145874,74172,29769,32422
yen,2006-07-25,2006-07-28,208508,26299,103185,86,152876,73589,29247,31648
yen,2006-08-01,2006-08-04,195626,25391,68375,1076,138866,97439,30293,28736
yen,2006-08-08,2006-08-11,198570,25031,76822,1064,141054,94420,31421,26264
yen,2006-08-15,2006-08-18,216492,29646,91920,86,153461,92252,33299,32234
yen,2006-08-22,2006-08-25,227195,30853,105930,97,163702,87185,32543,33983
yen,2006-08-29,2006-09-01,244441,33920,122249,199,175367,85176,34955,36817
yen,2006-09-05,2006-09-08,228792,32941,102439,449,160209,89614,35193,36290
yen,2006-09-12,2006-09-15,275585,34942,134394,910,205621,86590,34112,53691
yen,2006-09-19,2006-09-22,225098,34955,125759,342,160209,62383,29592,36614
yen,2006-09-26,2006-09-29,221240,42518,129876,449,150583,55335,27690,35580
yen,2006-10-03,2006-10-06,243819,47430,151581,456,165283,55727,30650,36055
yen,2006-10-10,2006-10-13,267803,50595,174193,424,182858,53712,33926,39474
yen,2006-10-17,2006-10-20,261575,53173,165751,411,173899,58427,34092,36986
yen,2006-10-24,2006-10-27,282998,50401,187691,1038,195865,57498,35694,36771
yen,2006-10-31,2006-11-03,226607,46776,106376,1748,139703,87349,38380,31134
yen,2006-11-07,2006-11-10,229063,48102,111614,2418,141299,85210,37244,29821
yen,2006-11-14,2006-11-17,233573,48106,103118,1904,144572,98891,38991,29660
yen,2006-11-21,2006-11-24,258327,50648,131069,1916,168766,93687,36997,31655
yen,2006-11-28,2006-12-01,252107,56033,97991,2529,150874,122417,42671,29170
yen,2006-12-05,2006-12-08,268136,62344,85881,2901,153868,150125,49023,29229
yen,2006-12-12,2006-12-15,276919,50622,106182,2976,177991,138635,45330,29126
yen,2006-12-19,2006-12-22,239042,48950,141469,1058,151142,63344,37892,33171
yen,2006-12-26,2006-12-29,262764,55629,160543,1657,165030,65428,40448,35136
yen,2007-01-03,2007-01-05,280541,54819,173411,1738,182315,66903,41669,38489
yen,2007-01-09,2007-01-12,287999,54341,177684,2475,182880,66875,48303,40965
yen,2007-01-16,2007-01-19,308740,56031,194177,1988,206149,69822,44572,42753
yen,2007-01-23,2007-01-26,344998,52200,217060,1786,246414,85624,44598,40528
yen,2007-01-30,2007-02-02,344070,42579,215584,1705,255656,87884,44130,38897
yen,2007-02-06,2007-02-09,314920,41025,169551,1930,230123,107247,41842,36192
yen,2007-02-13,2007-02-16,361809,43467,210972,1582,269569,109947,47191,39308
yen,2007-02-20,2007-02-23,332216,42286,158481,2246,237985,135354,49699,36135
yen,2007-02-27,2007-03-02,328295,39383,154009,2820,236369,133677,49723,37789
yen,2007-03-06,2007-03-09,278491,30479,93365,5152,202412,146414,40448,33560
yen,2007-03-13,2007-03-16,281602,38194,91047,5287,185748,143512,52373,41756
yen,2007-03-20,2007-03-23,176550,34269,84222,1944,98301,63646,42036,26738
yen,2007-03-27,2007-03-30,204073,37765,85245,2480,125945,87199,37883,29149
yen,2007-04-03,2007-04-06,221748,36845,100703,2377,140812,81355,41714,37313
yen,2007-04-10,2007-04-13,230370,42718,107559,2672,141946,82979,43034,37160
yen,2007-04-17,2007-04-20,234796,43281,113800,883,150691,83251,39941,36862
yen,2007-04-24,2007-04-27,235531,37900,119672,809,158243,82310,38579,32740
yen,2007-05-01,2007-05-04,279868,47618,166400,813,188716,78461,42721,34194
yen,2007-05-08,2007-05-11,284780,51213,163472,1402,190671,84855,41494,35051
yen,2007-05-15,2007-05-18,297263,46650,174546,1435,204220,85983,44958,35299
yen,2007-05-22,2007-05-25,326431,52301,204047,1507,230085,83736,42538,37141
yen,2007-05-29,2007-06-01,319048,51301,197544,1192,222725,83306,43830,37006
yen,2007-06-05,2007-06-08,311288,53781,177787,1097,209829,97812,46581,34592
yen,2007-06-12,2007-06-15,380532,48791,176353,2091,279030,162878,50620,39210
yen,2007-06-19,2007-06-22,310083,45218,206579,515,227309,65979,37041,37010
yen,2007-06-26,2007-06-29,352299,49411,237488,468,264063,77604,38357,36739
yen,2007-07-03,2007-07-06,326811,43373,198511,534,244264,91434,38640,36332
yen,2007-07-10,2007-07-13,320333,51549,177439,530,226591,104651,41663,37713
yen,2007-07-17,2007-07-20,303595,50431,177204,494,212555,91657,40115,34240
yen,2007-07-24,2007-07-27,284669,51088,143503,1243,188343,106993,43995,32930
yen,2007-07-31,2007-08-03,264271,46600,97762,695,174003,133513,42973,32301
yen,2007-08-07,2007-08-10,263905,47110,81603,1227,172806,152366,42762,28709
yen,2007-08-14,2007-08-17,278398,57759,79648,3172,178281,169749,39186,25829
yen,2007-08-21,2007-08-24,273008,61218,59702,2634,173550,187833,35606,22839
yen,2007-08-28,2007-08-31,276995,66128,56282,2144,173334,195871,35389,22698
yen,2007-09-04,2007-09-07,269834,58339,65392,2003,175469,178832,34023,23607
yen,2007-09-11,2007-09-14,299538,62733,57148,1205,195252,214810,40348,26375
yen,2007-09-18,2007-09-21,168189,41534,62601,1078,93739,84116,31838,20394
yen,2007-09-25,2007-09-28,171770,46051,48500,1236,91652,101925,32831,20109
yen,2007-10-02,2007-10-05,197060,35521,63590,1139,127380,109662,33020,22669
yen,2007-10-09,2007-10-12,224347,36321,82078,1256,154402,117142,32368,23871
yen,2007-10-16,2007-10-19,228334,45607,84220,1290,149731,117750,31706,25074
yen,2007-10-23,2007-10-26,225032,46369,67723,1115,145548,134904,32000,21290
yen,2007-10-30,2007-11-02,222002,57461,67410,1053,129666,133709,33822,19830
yen,2007-11-06,2007-11-09,216041,59945,68842,1015,121629,126869,33452,19315
yen,2007-11-13,2007-11-16,190955,63338,42542,716,86879,126365,40022,21332
yen,2007-11-20,2007-11-23,193209,68020,37619,882,83162,134908,41145,19800
yen,2007-11-27,2007-11-30,192574,68104,36772,1099,84172,137579,39199,17124
yen,2007-12-04,2007-12-07,195761,73463,39378,1075,82859,138141,38364,17167
yen,2007-12-11,2007-12-14,218614,68557,37654,3737,110434,159788,35886,17435
yen,2007-12-18,2007-12-21,176620,54075,40718,833,92410,118024,29302,17045
yen,2007-12-24,2007-12-28,180033,46961,42948,979,105179,117336,26914,18770
yen,2007-12-31,2008-01-04,181412,45107,44187,660,107806,117255,27839,19310
yen,2008-01-08,2008-01-11,193786,62356,24883,2034,97448,147328,31948,19541
yen,2008-01-15,2008-01-18,202548,64712,27513,1666,100897,151888,35273,21481
yen,2008-01-22,2008-01-25,193308,67896,26054,1330,88117,145237,35965,20687
yen,2008-01-29,2008-02-01,206162,78810,25882,1121,92355,160498,33876,18661
yen,2008-02-05,2008-02-08,225290,83740,29050,1317,104879,175163,35354,19760
yen,2008-02-12,2008-02-15,231216,73955,30484,1091,120344,175817,35826,23824
yen,2008-02-19,2008-02-22,237223,80805,30361,1543,117380,184665,37495,20654
yen,2008-02-26,2008-02-29,235856,70188,35899,1372,129969,177118,34327,21467
yen,2008-03-04,2008-03-07,254859,94654,38369,1407,116355,194159,42443,20924
yen,2008-03-11,2008-03-14,234069,86383,36230,2080,108059,178301,37547,17458
yen,2008-03-18,2008-03-21,193580,82300,26541,1126,76317,150981,33837,14932
yen,2008-03-25,2008-03-28,196616,88691,22771,1194,76963,158417,29768,14234
yen,2008-04-01,2008-04-04,189206,78135,25837,1256,79243,146195,30572,15918
yen,2008-04-08,2008-04-11,182491,70424,27357,971,81728,138845,29368,15318
yen,2008-04-15,2008-04-18,177514,68950,20978,995,79136,137228,28433,18313
yen,2008-04-22,2008-04-25,172737,60353,25266,1008,85279,128494,26097,17969
yen,2008-04-29,2008-05-02,166940,73485,18035,987,64831,129122,27637,18796
yen,2008-05-06,2008-05-09,169098,69355,20620,1053,72209,126827,26481,20598
yen,2008-05-13,2008-05-16,174423,62209,28393,1475,85465,126576,25274,17979
yen,2008-05-20,2008-05-23,165388,65203,25155,1636,69969,121168,28580,17429
yen,2008-05-27,2008-05-30,171688,62907,29603,1147,79024,123067,28610,17871
yen,2008-06-03,2008-06-06,164454,55009,31644,543,82305,100291,26597,31976
yen,2008-06-10,2008-06-13,202372,43391,35675,821,132747,133166,25413,32710
yen,2008-06-17,2008-06-20,161544,39989,34132,660,96011,97236,24884,29516
yen,2008-06-24,2008-06-27,164015,34316,47063,450,105223,90770,24026,25732
yen,2008-07-01,2008-07-04,175598,45189,29184,546,103980,122231,25883,23637
yen,2008-07-08,2008-07-11,175428,40519,35194,529,107907,117123,26473,22582
yen,2008-07-15,2008-07-18,213992,77600,27495,384,103912,166517,32096,19596
yen,2008-07-22,2008-07-25,187785,48433,37909,644,114167,130431,24541,18801
yen,2008-07-29,2008-08-01,178959,39162,45442,653,117604,109446,21540,23418
yen,2008-08-05,2008-08-08,200818,45898,57979,633,130875,119020,23412,23186
yen,2008-08-12,2008-08-15,208622,46164,59413,547,141077,121647,20834,27015
yen,2008-08-19,2008-08-22,212982,40933,64071,539,148456,118462,23054,29910
yen,2008-08-26,2008-08-29,209138,40103,60073,568,146975,124878,21492,23619
yen,2008-09-02,2008-09-05,205813,38405,43425,943,143631,139542,22834,21903
yen,2008-09-09,2008-09-12,206916,39298,24477,701,143124,161962,23793,19776
yen,2008-09-16,2008-09-19,132133,50625,24025,333,57162,88537,24013,19238
yen,2008-09-23,2008-09-26,141677,51186,19247,240,67085,108729,23166,13461
yen,2008-09-30,2008-10-03,159908,69373,26351,297,65155,119425,25083,13835
yen,2008-10-07,2008-10-10,158003,61557,21744,771,68733,122528,26942,12960
yen,2008-10-14,2008-10-17,132983,51709,21805,197,54900,100556,26177,10425
yen,2008-10-21,2008-10-24,138768,51441,21320,194,54077,100011,33056,17243
yen,2008-10-28,2008-10-31,143020,51215,19389,204,54901,97807,36700,25620
yen,2008-11-04,2008-11-07,129500,46772,20278,236,54352,91675,28140,17311
yen,2008-11-11,2008-11-14,130102,46353,21842,372,61251,96455,22126,11433
yen,2008-11-18,2008-11-21,129694,46827,22693,769,59015,94368,23083,11864
yen,2008-11-25,2008-11-28,131206,62066,24900,1041,46145,95959,21954,9306
yen,2008-12-02,2008-12-05,138994,67743,24840,665,43279,98731,27307,14758
yen,2008-12-09,2008-12-12,166059,62978,19719,88,64530,132212,38463,14040
yen,2008-12-16,2008-12-19,110472,59985,18604,72,25067,74010,25348,17786
yen,2008-12-22,2008-12-26,105339,56334,16236,102,25419,71267,23484,17734
yen,2008-12-30,2009-01-02,105926,57793,13917,72,25447,73898,22614,18039
yen,2009-01-06,2009-01-09,110160,62615,16221,75,26681,74166,20789,19698
yen,2009-01-13,2009-01-16,107714,60480,15585,73,27263,72250,19898,19806
yen,2009-01-20,2009-01-23,113171,62529,15439,124,29220,78405,21298,19203
yen,2009-01-27,2009-01-30,115063,63369,14362,154,28783,83450,22757,17097
yen,2009-02-03,2009-02-06,117069,65131,14613,158,28676,85167,23104,17131
yen,2009-02-10,2009-02-13,106751,56870,13273,371,27908,71290,21602,21817
yen,2009-02-17,2009-02-20,108685,54653,18465,452,33128,63323,20452,26445
yen,2009-02-24,2009-02-27,108705,47262,18627,401,43617,62725,17425,26952
yen,2009-03-03,2009-03-06,110223,46618,26548,302,48202,55160,15101,28213
yen,2009-03-10,2009-03-13,114020,43326,24420,4440,52418,56921,13836,28239
yen,2009-03-17,2009-03-20,70507,27170,31866,231,33063,19259,10043,19151
yen,2009-03-24,2009-03-27,69923,25057,32719,233,29910,16662,14723,20309
yen,2009-03-31,2009-04-03,76607,26744,36207,331,34296,18118,15236,21951
yen,2009-04-07,2009-04-10,84138,25566,32564,242,44924,24710,13406,26622
yen,2009-04-14,2009-04-17,82017,21169,27264,234,44786,29770,15828,24749
yen,2009-04-21,2009-04-24,74215,18343,32038,214,40029,20007,15629,21956
yen,2009-04-28,2009-05-01,75734,22162,26741,239,36138,28240,17195,20514
yen,2009-05-05,2009-05-08,75595,21588,28106,382,38002,26617,15623,20490
yen,2009-05-12,2009-05-15,85709,28513,26125,381,36879,39091,19936,20112
yen,2009-05-19,2009-05-22,90204,29526,23526,395,37571,46640,22712,19643
yen,2009-05-26,2009-05-29,96706,34860,26851,355,37916,49511,23575,19989
yen,2009-06-02,2009-06-05,96969,34077,24456,522,42726,54840,19644,17151
yen,2009-06-09,2009-06-12,93527,25222,27521,501,53544,46448,14260,19057
yen,2009-06-16,2009-06-19,62998,18287,26850,316,29475,18002,14920,17830
yen,2009-06-23,2009-06-26,73797,22186,26193,294,31454,30287,19863,17023
yen,2009-06-30,2009-07-03,73476,23261,24308,362,33018,33782,16835,15024
yen,2009-07-07,2009-07-10,89956,36668,19551,41,31703,54421,21544,15943
yen,2009-07-14,2009-07-17,110140,52640,19073,0,30772,75058,26728,16009
yen,2009-07-21,2009-07-24,110610,52973,16785,31,30422,79615,27184,14179
yen,2009-07-28,2009-07-31,90649,37334,13032,51,28105,62714,25159,14852
yen,2009-08-04,2009-08-07,80101,28269,17654,33,29078,46404,22721,16010
yen,2009-08-11,2009-08-14,70654,24019,23195,31,29869,24996,16735,22432
yen,2009-08-18,2009-08-21,72642,25121,22768,97,29416,30746,18008,19031
yen,2009-08-25,2009-08-28,86500,34055,22408,94,30043,46536,22308,17462
yen,2009-09-01,2009-09-04,107605,52041,19676,168,30018,71495,25378,16266
yen,2009-09-08,2009-09-11,115249,56725,15926,436,30640,81948,27448,16939
yen,2009-09-15,2009-09-18,108330,54044,16937,24,24083,74881,30179,16488
yen,2009-09-22,2009-09-25,119425,63269,17654,89,26167,86301,29900,15381
yen,2009-09-29,2009-10-02,119276,63449,18593,32,26598,82515,29197,18136
yen,2009-10-06,2009-10-09,120340,62127,17484,131,25847,85016,32235,17709
yen,2009-10-13,2009-10-16,119052,49817,16478,133,39902,83205,29200,19236
yen,2009-10-20,2009-10-23,120630,49401,18216,10,45911,82789,25308,19615
yen,2009-10-27,2009-10-30,115161,36076,18546,97,56833,76361,22155,20157
yen,2009-11-03,2009-11-06,110032,39028,19196,165,48691,70295,22148,20376
yen,2009-11-09,2009-11-13,117344,42044,20166,90,52058,78906,23152,18182
yen,2009-11-17,2009-11-20,125908,48750,13198,199,47864,92869,29095,19642
yen,2009-11-24,2009-11-27,131833,65224,13514,266,38073,97133,28270,20920
yen,2009-12-01,2009-12-04,144123,73793,16886,1679,37883,104010,30768,21548
yen,2009-12-08,2009-12-11,123501,48754,13572,1908,52185,87033,20654,20988
yen,2009-12-15,2009-12-18,88438,33810,25438,0,34665,43990,19963,19010
yen,2009-12-22,2009-12-25,93224,29477,30488,0,46118,41644,17629,21092
yen,2009-12-29,2010-01-01,95217,19943,34846,0,59501,37716,15773,22655
yen,2010-01-05,2010-01-08,104231,20634,37445,41,68983,41659,14573,25086
yen,2010-01-12,2010-01-15,120568,21951,38695,319,82160,49902,16138,31652
yen,2010-01-19,2010-01-22,122367,23718,40814,407,80293,51178,17949,29968
yen,2010-01-26,2010-01-29,119819,28821,33168,379,67644,59405,22975,26867
yen,2010-02-02,2010-02-05,116129,30177,23042,473,63746,65814,21733,26800
yen,2010-02-09,2010-02-12,120060,41352,18956,170,53299,73235,25239,27699
yen,2010-02-16,2010-02-19,119816,35691,21779,200,60328,70531,23597,27306
yen,2010-02-23,2010-02-26,122919,30432,28715,188,70481,65562,21818,28454
yen,2010-03-02,2010-03-05,133600,57332,24780,270,50719,80941,25279,27609
yen,2010-03-09,2010-03-12,137443,51919,25631,353,62037,85470,23134,25989
yen,2010-03-16,2010-03-19,95999,41278,26081,53,35087,43303,19581,26562
yen,2010-03-23,2010-03-26,96913,41030,30869,58,37353,38587,18472,27399
yen,2010-03-30,2010-04-02,109417,17174,48040,0,74872,23538,17371,37839
yen,2010-04-06,2010-04-09,123837,18596,60901,2,87835,23016,17404,39918
yen,2010-04-13,2010-04-16,131723,12573,68319,0,104015,23927,15135,39477
yen,2010-04-20,2010-04-23,134324,14211,64549,7,105379,27213,14727,42555
yen,2010-04-27,2010-04-30,137780,15018,64795,101,107397,32833,15264,40051
yen,2010-05-04,2010-05-07,147243,12430,78042,527,119606,26740,14680,41934
yen,2010-05-11,2010-05-14,146389,23265,57934,56,106673,60755,16395,27644
yen,2010-05-18,2010-05-21,142699,21393,55682,53,106814,55727,14439,31237
yen,2010-05-25,2010-05-28,140769,31994,42232,97,89420,68704,19258,29736
yen,2010-06-01,2010-06-04,133365,33215,39699,273,79929,66438,19948,26955
yen,2010-06-08,2010-06-11,133010,28519,41066,234,85012,63595,19245,28115
yen,2010-06-15,2010-06-18,82217,23304,26984,0,43467,26882,15446,28351
yen,2010-06-22,2010-06-25,91415,29257,25627,483,43517,39436,18158,25869
yen,2010-06-29,2010-07-02,120484,51721,24294,0,43161,74113,25602,22077
yen,2010-07-06,2010-07-09,135128,62476,24550,20,43431,86278,29201,24280
yen,2010-07-13,2010-07-16,133665,63205,15846,52,42411,94944,27997,22823
yen,2010-07-20,2010-07-23,127658,54733,13822,123,43093,90752,29709,22961
yen,2010-07-27,2010-07-30,124595,48488,18567,93,47996,78595,28018,27340
yen,2010-08-03,2010-08-06,133870,61723,13725,62,42108,92011,29977,28072
yen,2010-08-10,2010-08-13,136999,65314,12836,69,42754,95218,28862,28876
yen,2010-08-17,2010-08-20,137645,62745,12776,57,45729,94054,29114,30758
yen,2010-08-24,2010-08-27,140128,63086,12017,534,44860,94835,31648,32742
yen,2010-08-31,2010-09-03,139079,61219,11315,1075,48388,94844,28397,31845
yen,2010-09-07,2010-09-10,150513,65440,13257,818,56195,105685,28060,30753
yen,2010-09-14,2010-09-17,134360,61215,13573,1,43822,93631,29322,27155
yen,2010-09-21,2010-09-24,113349,39948,16848,238,46822,73279,26341,22984
yen,2010-09-28,2010-10-01,118274,45136,16470,249,45380,77232,27509,24323
yen,2010-10-05,2010-10-08,142488,66866,17660,384,44606,96417,30632,28027
yen,2010-10-12,2010-10-15,146581,66463,18178,157,48326,98217,31635,30029
yen,2010-10-19,2010-10-22,139496,62554,16698,89,47485,91956,29368,30753
yen,2010-10-26,2010-10-29,139850,61305,18176,544,48456,91135,29545,29995
yen,2010-11-02,2010-11-05,140062,63061,16606,796,45614,95686,30591,26974
yen,2010-11-09,2010-11-12,140515,54256,17602,429,51645,85735,34185,36749
yen,2010-11-16,2010-11-19,131701,47595,24737,437,54366,73253,29303,33274
yen,2010-11-23,2010-11-26,129620,51161,23969,872,51366,74625,26221,30154
yen,2010-11-30,2010-12-03,133069,55791,25785,1097,51521,75586,24660,30601
yen,2010-12-07,2010-12-10,132233,47661,24373,720,55384,74207,28468,32933
yen,2010-12-14,2010-12-17,96110,34996,22261,0,41019,43890,20095,29959
yen,2010-12-21,2010-12-24,90072,34243,21714,268,36574,38943,18987,29147
yen,2010-12-28,2010-12-31,109343,49941,20300,219,35204,59053,23979,29771
yen,2011-01-04,2011-01-07,128483,65924,26859,302,35714,74487,26543,26835
yen,2011-01-11,2011-01-14,107132,43884,19148,371,39826,57651,23051,29962
yen,2011-01-18,2011-01-21,110405,46258,25729,436,38744,53151,24967,31089
yen,2011-01-25,2011-01-28,116661,54495,22277,480,36405,63818,25281,30086
yen,2011-02-01,2011-02-04,116384,52648,21167,514,36222,61666,27000,33037
yen,2011-02-08,2011-02-11,117705,56607,19876,569,34434,63374,26095,33886
yen,2011-02-15,2011-02-18,116803,24389,42937,488,71070,37558,20856,35820
yen,2011-02-22,2011-02-25,124016,23457,51203,713,78336,37856,21510,34244
yen,2011-03-01,2011-03-04,136561,62396,21122,967,47763,79625,25435,34847
yen,2011-03-08,2011-03-11,131247,43205,26549,363,60542,68760,27137,35575
yen,2011-03-15,2011-03-18,114701,52603,22373,470,29577,56979,32051,34879
yen,2011-03-22,2011-03-25,112051,52484,17959,247,30066,65912,29254,27933
yen,2011-03-29,2011-04-01,100377,37737,30685,329,33152,38976,29159,30387
yen,2011-04-05,2011-04-08,120632,16516,59747,668,81153,19159,22295,41058
yen,2011-04-12,2011-04-15,130084,14183,67060,436,95231,18248,20234,44340
yen,2011-04-19,2011-04-22,127838,12935,65918,88,96035,21785,18780,40047
yen,2011-04-26,2011-04-29,114134,14063,51060,144,76538,22612,23389,40318
yen,2011-05-03,2011-05-06,104590,19779,38598,116,58959,27519,25736,38357
yen,2011-05-10,2011-05-13,102289,36100,23046,190,40579,41896,25420,37157
yen,2011-05-17,2011-05-20,103453,38016,22643,242,40617,43409,24578,37159
yen,2011-05-24,2011-05-27,99264,32188,24182,121,41588,41871,25367,33090
yen,2011-05-31,2011-06-03,95929,24186,25834,217,44221,35534,27305,34344
yen,2011-06-07,2011-06-10,106199,35883,18252,133,40964,53425,29219,34389
yen,2011-06-14,2011-06-17,94483,38618,13850,266,27559,47182,28040,33185
yen,2011-06-21,2011-06-24,99071,47074,14480,57,23172,55263,28768,29271
yen,2011-06-28,2011-07-01,94286,34319,20696,34,37464,41037,22469,32519
yen,2011-07-05,2011-07-08,94901,34595,20268,34,37001,43359,23271,31240
yen,2011-07-12,2011-07-15,115846,52277,23989,105,31775,59654,31689,32098
yen,2011-07-19,2011-07-22,129653,63535,21380,262,31874,78836,33982,29175
yen,2011-07-26,2011-07-29,138932,72114,20812,146,31950,86498,34722,31476
yen,2011-08-02,2011-08-05,148888,78855,20022,261,31542,96406,38230,32199
yen,2011-08-09,2011-08-12,119904,53386,11237,24,33208,83110,33286,25533
yen,2011-08-16,2011-08-19,126262,59060,11712,45,34111,88078,33046,26427
yen,2011-08-23,2011-08-26,131217,60831,13692,219,40500,89204,29667,28102
yen,2011-08-30,2011-09-02,126128,54136,12951,198,40060,84413,31734,28566
yen,2011-09-06,2011-09-09,123412,48125,15338,795,47213,75362,27279,31917
yen,2011-09-13,2011-09-16,151535,53778,18823,77,69951,101512,27729,31123
yen,2011-09-20,2011-09-23,127828,63888,18271,2,35079,82253,28859,27302
yen,2011-09-27,2011-09-30,125732,61166,18844,1,37340,77590,27225,29297
yen,2011-10-04,2011-10-07,134724,60867,17405,0,46805,86267,27052,31052
yen,2011-10-11,2011-10-14,153849,54190,19071,3,73150,105272,26506,29503
yen,2011-10-18,2011-10-21,152255,49047,22140,20,78263,100223,24925,29872
yen,2011-10-25,2011-10-28,165616,75999,21720,44,56542,114802,33031,29050
yen,2011-11-01,2011-11-04,138045,43671,17767,1251,68980,93739,24143,25288
yen,2011-11-08,2011-11-11,138981,44320,16243,158,70785,95839,23718,26741
yen,2011-11-15,2011-11-18,142233,49916,16236,32,71117,100819,21168,25146
yen,2011-11-22,2011-11-25,149571,57018,13838,58,71333,111966,21162,23709
yen,2011-11-29,2011-12-02,166279,56162,15615,22,90534,125881,19561,24761
yen,2011-12-06,2011-12-09,178625,56817,18546,154,102825,135080,18829,24845
yen,2011-12-13,2011-12-16,204818,52249,16649,6682,127716,154671,18171,26816
yen,2011-12-20,2011-12-23,132006,52148,27672,1,62663,79993,17194,24340
yen,2011-12-27,2011-12-30,132557,52691,30106,0,64648,76831,15218,25620
yen,2012-01-03,2012-01-06,158719,72986,16505,9,64329,115986,21395,26219
yen,2012-01-10,2012-01-13,163533,76671,17014,7,63448,120176,23407,26336
yen,2012-01-17,2012-01-20,168070,78355,19493,32,64244,124129,25439,24416
yen,2012-01-24,2012-01-27,152061,66194,21827,44,64774,100438,21049,29752
yen,2012-01-31,2012-02-03,172967,81054,24385,14,65159,118220,26740,30348
yen,2012-02-07,2012-02-10,178512,84847,29676,70,67345,117566,26250,31200
yen,2012-02-14,2012-02-17,153683,64096,34637,86,69188,83587,20313,35373
yen,2012-02-21,2012-02-24,150551,62062,44805,138,72539,66143,15812,39465
yen,2012-02-28,2012-03-02,148310,51558,52761,704,83362,52335,12686,42510
yen,2012-03-06,2012-03-09,147952,33281,52639,1770,101188,50071,11713,43472
yen,2012-03-13,2012-03-16,196396,22249,64629,6066,156362,74440,11719,51261
yen,2012-03-20,2012-03-23,139769,34923,60744,16,92729,32938,12101,46071
yen,2012-03-27,2012-03-30,145497,10905,78527,58,123120,19024,11414,47888
yen,2012-04-03,2012-04-06,150382,14563,79671,146,124871,20393,10802,50172
yen,2012-04-10,2012-04-13,150875,16097,82181,189,124239,21715,10350,46790
yen,2012-04-17,2012-04-20,144168,16917,74720,136,117949,26308,9166,43004
yen,2012-04-24,2012-04-27,137636,12669,68572,145,113918,27577,10904,41342
yen,2012-05-01,2012-05-04,140349,14110,64283,199,114191,31306,11849,44561
yen,2012-05-08,2012-05-11,141842,16369,57462,220,111185,41433,14068,42727
yen,2012-05-15,2012-05-18,139275,17455,51770,281,108497,44889,13042,42335
yen,2012-05-22,2012-05-25,142168,20483,38498,228,106143,63037,15314,40405
yen,2012-05-29,2012-06-01,140684,21620,32950,196,103632,69457,15236,38081
yen,2012-06-05,2012-06-08,169663,37376,25303,3350,104807,105560,24130,35450
yen,2012-06-12,2012-06-15,174278,38182,25875,4632,113390,109112,18074,34659
yen,2012-06-19,2012-06-22,123868,44740,29603,50,61597,62271,17481,31944
yen,2012-06-26,2012-06-29,123247,43910,39368,51,66111,46910,13175,36918
yen,2012-07-03,2012-07-06,117403,36950,32775,113,66299,48531,14041,35984
yen,2012-07-10,2012-07-13,115522,32920,23968,208,66776,56267,15618,35079
yen,2012-07-17,2012-07-20,121806,36734,25613,294,67719,61020,17059,34879
yen,2012-07-24,2012-07-27,139033,52024,26963,413,65716,79575,20880,32082
yen,2012-07-31,2012-08-03,144095,55373,23119,545,64503,87144,23674,33287
yen,2012-08-07,2012-08-10,148998,55883,28344,492,69117,85413,23506,34749
yen,2012-08-14,2012-08-17,151036,55983,25279,540,71053,87076,23460,38141
yen,2012-08-21,2012-08-24,141458,43584,32413,1133,78662,67012,18079,40900
yen,2012-08-28,2012-08-31,149444,53571,32015,362,73630,83302,21881,33765
yen,2012-09-04,2012-09-07,152452,55133,31126,146,72936,90420,24237,30760
yen,2012-09-11,2012-09-14,176618,60862,28089,2915,82795,108142,30046,37472
yen,2012-09-18,2012-09-21,128862,41500,26024,1099,63586,69015,22677,32724
yen,2012-09-25,2012-09-28,137692,47318,26207,10,65054,76712,25310,34763
yen,2012-10-02,2012-10-05,141693,52696,23361,12,62717,85238,26268,33082
yen,2012-10-09,2012-10-12,127442,40778,27864,32,66521,65634,20111,33912
yen,2012-10-16,2012-10-19,131343,42767,32681,1111,69304,61777,18161,35774
yen,2012-10-23,2012-10-26,137135,25550,43746,829,97898,45592,12858,46968
yen,2012-10-30,2012-11-02,147135,19886,56906,754,115218,38637,11277,50838
yen,2012-11-06,2012-11-09,161552,24966,65070,696,126094,40947,9796,54839
yen,2012-11-13,2012-11-16,155931,21980,52427,249,121760,52081,11942,51174
yen,2012-11-20,2012-11-23,180979,28272,79661,781,139472,42709,12454,57828
yen,2012-11-27,2012-11-30,208130,27027,106493,455,168514,41143,12134,60039
yen,2012-12-04,2012-12-07,220982,20929,111255,2476,184151,42934,13426,64317
yen,2012-12-11,2012-12-14,267582,16369,110770,11523,223697,85181,15993,60108
yen,2012-12-18,2012-12-21,196662,27935,117098,163,154980,19027,13584,60374
yen,2012-12-24,2012-12-28,195705,26757,112365,40,156054,19369,12854,63931
yen,2012-12-31,2013-01-04,194632,30432,110949,538,148129,22501,15533,60644
yen,2013-01-08,2013-01-11,193295,32129,106225,124,145773,29338,15269,57608
yen,2013-01-15,2013-01-18,196509,39447,105174,295,139213,30322,17554,60718
yen,2013-01-22,2013-01-25,202225,41983,106051,743,143304,33323,16195,62108
yen,2013-01-29,2013-02-01,219635,48476,119722,616,156122,32810,14421,66487
yen,2013-02-05,2013-02-08,217709,50667,119080,1157,148558,34015,17327,63457
yen,2013-02-12,2013-02-15,215036,55782,117088,1680,139903,35693,17671,60575
yen,2013-02-19,2013-02-22,218241,54662,120553,1811,145939,33781,15829,62096
yen,2013-02-26,2013-03-01,216323,51998,117342,2233,144872,40046,17220,56702
yen,2013-03-05,2013-03-08,241938,50958,124309,3543,171200,58220,16237,55866
yen,2013-03-12,2013-03-15,288474,51240,145003,20721,196716,62851,19797,59899
yen,2013-03-19,2013-03-22,216674,55408,135401,1372,143405,24443,16489,55458
yen,2013-03-26,2013-03-29,220896,46931,136080,1568,156848,27109,15549,56139
yen,2013-04-02,2013-04-05,213997,46966,125137,1732,151691,35250,13608,51878
yen,2013-04-09,2013-04-12,220626,39699,117396,1497,160513,43760,18917,57973
yen,2013-04-16,2013-04-19,214577,26448,119859,2417,171927,34436,13785,57865
yen,2013-04-23,2013-04-26,204150,25942,105672,2558,159437,38364,16213,57556
yen,2013-04-30,2013-05-03,198106,24872,95999,2799,153823,42753,16612,56555
yen,2013-05-07,2013-05-10,209370,27886,106446,2518,160636,43166,18330,57240
yen,2013-05-14,2013-05-17,229746,28882,117289,3474,179917,46082,17473,62901
yen,2013-05-21,2013-05-24,227826,19454,114640,3618,188237,49605,16517,59963
yen,2013-05-28,2013-05-31,231012,18406,118175,3592,192440,51894,16574,57351
yen,2013-06-04,2013-06-07,219135,19176,101920,2674,180807,57574,16478,56967
yen,2013-06-11,2013-06-14,243644,21722,94628,20155,184780,74981,16987,53880
yen,2013-06-18,2013-06-21,163921,23010,84900,2337,124994,27276,13580,49408
yen,2013-06-25,2013-06-28,161160,24376,85838,2498,117936,30267,16350,42557
yen,2013-07-02,2013-07-05,178926,27336,98072,2446,134078,30333,15066,48075
yen,2013-07-09,2013-07-12,185249,25117,105422,2302,143908,29164,13922,48361
yen,2013-07-16,2013-07-19,182429,20220,105982,2138,146421,29465,13650,44844
yen,2013-07-23,2013-07-26,187250,22513,110009,2054,148002,27661,14681,47526
yen,2013-07-30,2013-08-02,174872,18216,100351,2328,137588,29591,16740,42602
yen,2013-08-06,2013-08-09,172059,19421,99634,2709,134398,26560,15531,43156
yen,2013-08-13,2013-08-16,159496,17375,91837,2918,123280,23241,15923,41500
yen,2013-08-20,2013-08-23,162168,19720,91441,3162,122724,28763,16562,38802
yen,2013-08-27,2013-08-30,175588,23396,101749,3151,126655,28903,22386,41785
yen,2013-09-03,2013-09-06,178360,27665,107426,2803,134526,24138,13366,43993
yen,2013-09-10,2013-09-13,197099,18854,113920,11722,150685,20449,15838,51008
yen,2013-09-17,2013-09-20,177045,26088,114882,2628,136389,14059,11940,45476
yen,2013-09-24,2013-09-27,174892,18173,110991,2701,142849,16193,11169,45007
yen,2013-10-01,2013-10-04,170525,18634,100958,2904,134090,23302,14897,43361
yen,2013-10-08,2013-10-11,165957,28165,85262,2613,119861,33058,15318,45024
yen,2013-10-15,2013-10-18,159871,25392,84658,2574,118174,30699,13731,41940
yen,2013-10-22,2013-10-25,152938,13928,85730,3166,121556,22992,14288,41050
yen,2013-10-29,2013-11-01,151987,17483,79878,3079,117588,26071,13837,42959
yen,2013-11-05,2013-11-08,169004,18734,92526,2901,135153,26248,12216,47329
yen,2013-11-12,2013-11-15,195690,20977,116084,3050,160368,22303,11295,54253
yen,2013-11-19,2013-11-22,214211,19424,131640,3316,180482,25160,10989,54095
yen,2013-11-26,2013-11-29,236713,23999,147201,3407,195667,27088,13640,59017
yen,2013-12-03,2013-12-06,245167,21290,154673,3370,205013,28324,15494,58800
yen,2013-12-10,2013-12-13,262229,18085,147796,14875,213744,42767,15525,56791
yen,2013-12-17,2013-12-20,232743,22225,152448,2509,194899,24816,13110,52970
yen,2013-12-24,2013-12-27,239160,14261,158083,2633,210400,25214,11866,53230
yen,2013-12-31,2014-01-03,232225,14274,149502,2739,203112,26914,12100,53070
yen,2014-01-07,2014-01-10,230156,11340,140208,3511,201400,32272,13905,54165
yen,2014-01-14,2014-01-17,218324,10754,128820,3520,188796,36492,15254,49492
yen,2014-01-21,2014-01-24,217548,13128,128089,2860,186273,38501,15287,48098
yen,2014-01-28,2014-01-31,203014,15977,102169,3218,166773,53084,17046,44543
yen,2014-02-04,2014-02-07,199361,15896,92725,3003,164538,59479,15924,44154
yen,2014-02-11,2014-02-14,196435,13686,92472,2720,164935,57951,15094,43292
yen,2014-02-18,2014-02-21,200057,16736,96520,2874,165294,54209,15153,46454
yen,2014-02-25,2014-02-28,203743,14727,99817,3094,169868,58021,16054,42811
yen,2014-03-04,2014-03-07,205886,20407,100116,3416,164751,56091,17312,46263
yen,2014-03-11,2014-03-14,242170,15726,115082,28909,179595,49844,17940,48335
yen,2014-03-18,2014-03-21,156922,24144,85243,2295,110724,29093,19759,40291
yen,2014-03-25,2014-03-28,158280,17600,86487,2300,125024,28119,13356,41374
yen,2014-04-01,2014-04-04,188464,22162,110800,2191,150350,27300,13761,48173
yen,2014-04-08,2014-04-11,181814,13340,100802,3328,148721,33848,16425,43836
yen,2014-04-15,2014-04-18,164843,14351,83067,4927,126913,36170,18652,40679
yen,2014-04-22,2014-04-25,165674,16564,83807,4316,128226,36851,16568,40700
yen,2014-04-29,2014-05-02,168820,13846,84198,4199,134782,36404,15993,44019
yen,2014-05-06,2014-05-09,167093,20381,81109,4631,121860,38948,20221,42405
yen,2014-05-13,2014-05-16,164707,17471,82178,3294,125523,35537,18419,43698
yen,2014-05-20,2014-05-23,164819,18681,72468,4598,117310,48851,24230,38902
yen,2014-05-27,2014-05-30,162820,16999,76035,4232,122450,41476,19139,41077
yen,2014-06-03,2014-06-06,171804,12578,86796,3428,140423,32870,15375,48710
yen,2014-06-10,2014-06-13,201094,11893,94055,13033,159506,45432,16662,48574
yen,2014-06-17,2014-06-20,153007,17832,85870,1582,118464,22791,15129,42764
yen,2014-06-24,2014-06-27,148257,10325,81548,1830,120767,23589,15335,41290
yen,2014-07-01,2014-07-04,156480,18739,77425,3277,111566,38203,22898,37575
yen,2014-07-08,2014-07-11,157710,11174,77549,2374,123987,39057,20175,38730
yen,2014-07-15,2014-07-18,155127,8385,71333,2046,126301,44365,18395,37383
yen,2014-07-22,2014-07-25,162029,11979,65895,2823,126976,53840,20251,39471
yen,2014-07-29,2014-08-01,172210,7828,80897,2649,144166,45367,17567,43297
yen,2014-08-05,2014-08-08,192906,9896,105295,2874,165996,31496,14140,53241
yen,2014-08-12,2014-08-15,192140,12518,93615,2855,162443,50515,14324,45155
yen,2014-08-19,2014-08-22,203180,17976,105247,3052,169000,41658,13152,53223
yen,2014-08-26,2014-08-29,218009,19512,122403,4110,181291,32177,13096,59319
yen,2014-09-02,2014-09-05,230937,15485,132793,3437,196512,33081,15503,61626
yen,2014-09-09,2014-09-12,255624,17280,117953,19689,203368,56189,15287,61793
yen,2014-09-16,2014-09-19,208235,37617,120799,1531,157321,27095,11766,58810
yen,2014-09-23,2014-09-26,222214,28391,133813,2499,174766,27983,16558,57919
yen,2014-09-30,2014-10-03,239477,29910,150788,2810,192095,29618,14662,56261
yen,2014-10-07,2014-10-10,223255,24837,137388,3169,174647,26205,20602,56493
yen,2014-10-14,2014-10-17,212420,22839,123986,3486,170600,31438,15495,53510
yen,2014-10-21,2014-10-24,185412,26634,98372,3993,140081,33149,14704,49898
yen,2014-10-28,2014-10-31,184120,23883,91282,3093,139790,38583,17354,51162
yen,2014-11-04,2014-11-07,207974,37917,109568,4455,150672,34836,14930,59115
yen,2014-11-11,2014-11-14,227576,47271,129834,4389,161168,36695,14748,56658
yen,2014-11-18,2014-11-21,238898,46612,139066,4716,171130,38295,16440,56821
yen,2014-11-25,2014-11-28,253976,46304,150684,6153,184551,37568,16968,59571
yen,2014-12-02,2014-12-05,257828,41530,152690,7673,192591,35841,16034,61624
yen,2014-12-09,2014-12-12,279859,38067,142203,14558,207616,62695,19618,60403
yen,2014-12-16,2014-12-19,227685,45652,132579,5546,161934,31809,14553,57751
yen,2014-12-23,2014-12-26,226107,29021,122763,6246,176015,38120,14825,58978
yen,2014-12-30,2015-01-02,226629,28836,125155,6373,174779,38377,16641,56724
yen,2015-01-06,2015-01-09,228954,33160,123243,5038,172310,41593,18446,59080
yen,2015-01-13,2015-01-16,231223,25872,120497,4889,182073,47978,18389,57859
yen,2015-01-20,2015-01-23,215413,26525,104411,5596,164972,48783,18320,56623
yen,2015-01-27,2015-01-30,202571,26526,91184,5055,155145,54103,15845,52229
yen,2015-02-03,2015-02-06,203963,25586,85157,4565,157407,61268,16405,52973
yen,2015-02-10,2015-02-13,204193,25884,81008,4614,160293,59335,13402,59236
yen,2015-02-17,2015-02-20,203555,31269,80360,5246,152950,60096,14090,57853
yen,2015-02-24,2015-02-27,202438,31611,79123,6259,149980,62607,14588,54449
yen,2015-03-03,2015-03-06,210611,33944,86465,4885,158423,64993,13359,54268
yen,2015-03-10,2015-03-13,235089,32898,92285,18731,169840,59731,13620,64342
yen,2015-03-17,2015-03-20,195913,44496,92550,1688,138442,40731,11287,60944
yen,2015-03-24,2015-03-27,181026,39156,85061,2919,126021,40043,12930,53003
yen,2015-03-31,2015-04-03,177478,44409,68333,2930,116378,53965,13761,52250
yen,2015-04-07,2015-04-10,189444,53320,77769,2630,118118,54475,15376,54570
yen,2015-04-14,2015-04-17,195230,54783,77853,3050,121029,64194,16368,50133
yen,2015-04-21,2015-04-24,189332,51520,65968,2779,120368,70330,14665,50255
yen,2015-04-28,2015-05-01,188079,48721,54214,2774,118521,85966,18063,45125
yen,2015-05-05,2015-05-08,198886,41852,73035,1699,139448,72449,15887,51703
yen,2015-05-12,2015-05-15,193296,37848,61441,2607,137626,78612,15215,50636
yen,2015-05-19,2015-05-22,231658,63398,85403,2316,153519,82936,12425,61003
yen,2015-05-26,2015-05-29,251744,50210,112434,2243,183190,65232,16101,71835
yen,2015-06-02,2015-06-05,260104,46681,132374,3981,193122,52276,16320,71473
yen,2015-06-09,2015-06-12,306449,42440,158726,13870,234607,60130,15532,73723
yen,2015-06-16,2015-06-19,262329,64760,145424,4307,180102,49482,13160,63116
yen,2015-06-23,2015-06-26,247839,39019,126736,3717,190910,55586,14193,61800
yen,2015-06-30,2015-07-03,254014,45479,124301,4048,187745,70463,16742,55202
yen,2015-07-07,2015-07-10,250828,46070,109699,3997,184004,83539,16757,53593
yen,2015-07-14,2015-07-17,247704,49167,96538,3669,178906,95409,15962,52088
yen,2015-07-21,2015-07-24,251136,50899,113213,3819,181299,81664,15119,52440
yen,2015-07-28,2015-07-31,246269,46270,109808,3790,180620,81388,15589,51283
yen,2015-08-04,2015-08-07,252655,49906,129622,3936,185079,65098,13734,53999
yen,2015-08-11,2015-08-14,264608,45768,150994,3300,199520,51445,16020,58869
yen,2015-08-18,2015-08-21,251418,45935,136065,3797,185657,60438,16029,51118
yen,2015-08-25,2015-08-28,260458,59922,98981,3597,173759,119045,23180,38835
yen,2015-09-01,2015-09-04,273205,68023,83578,4549,179349,150846,21284,34232
yen,2015-09-08,2015-09-11,279712,63121,69783,7979,185864,164852,22748,37098
yen,2015-09-15,2015-09-18,166081,36449,63263,3611,107374,67815,18647,31392
yen,2015-09-22,2015-09-25,177439,48282,71960,3560,103792,72205,21805,29714
yen,2015-09-29,2015-10-02,174697,39753,61805,3446,109614,77076,21884,32370
yen,2015-10-06,2015-10-09,170780,39050,56649,3924,107023,76265,20783,33942
yen,2015-10-13,2015-10-16,169873,38004,51836,3375,106019,84263,22475,30399
yen,2015-10-20,2015-10-23,184281,48747,52386,3515,109001,95934,23018,32446
yen,2015-10-27,2015-10-30,189472,36437,70348,5928,128969,73765,18138,39431
yen,2015-11-03,2015-11-06,204271,41489,85276,5007,140770,75643,17005,38345
yen,2015-11-10,2015-11-13,234202,35081,101969,4676,177813,80127,16632,47430
yen,2015-11-17,2015-11-20,250346,34475,113086,5132,194025,82801,16714,49327
yen,2015-11-24,2015-11-27,247513,30277,107613,6112,194629,86696,16495,47092
yen,2015-12-01,2015-12-04,253505,31228,106129,8597,197457,92536,16223,46243
yen,2015-12-08,2015-12-11,246055,26400,94450,13274,189782,91225,16599,47106
yen,2015-12-15,2015-12-18,194196,37301,63881,3311,134622,92036,18962,34968
yen,2015-12-22,2015-12-25,197375,37677,68044,2655,141911,90973,15132,35703
yen,2015-12-29,2016-01-01,196825,45008,62234,2527,131111,96331,18179,35733
yen,2016-01-05,2016-01-08,220707,67471,63368,2799,127747,123204,22690,31336
yen,2016-01-12,2016-01-15,241366,78385,53119,1895,130859,154704,30227,31648
yen,2016-01-19,2016-01-22,247614,84485,46832,2551,128081,168498,32497,29733
yen,2016-01-26,2016-01-29,250711,92628,42602,2473,124038,178679,31572,26957
yen,2016-02-02,2016-02-05,237289,82108,44863,2677,130736,157826,21768,31923
yen,2016-02-09,2016-02-12,237081,75811,32579,2825,131862,172663,26583,29014
yen,2016-02-16,2016-02-19,248985,84518,36617,2800,131826,183285,29841,26283
yen,2016-02-23,2016-02-26,257064,92376,39642,2934,131150,188392,30604,26096
yen,2016-03-01,2016-03-04,261679,94070,34445,7192,132993,191615,27424,28427
yen,2016-03-08,2016-03-11,289879,93867,29534,13865,153269,218579,28878,27901
yen,2016-03-15,2016-03-18,140084,79426,33937,2104,32762,79738,25792,24305
yen,2016-03-22,2016-03-25,146421,82812,29466,2172,32265,89776,29172,25007
yen,2016-03-29,2016-04-01,148292,84870,30483,2093,32118,92081,29211,23635
yen,2016-04-05,2016-04-08,166831,98130,38057,1883,32451,101508,34367,25383
yen,2016-04-12,2016-04-15,173515,100120,33930,1743,38652,109410,33000,28432
yen,2016-04-19,2016-04-22,179888,105710,33840,1890,41258,118087,31030,26071
yen,2016-04-26,2016-04-29,168767,97470,30972,1766,40734,108419,28797,27610
yen,2016-05-03,2016-05-06,161529,85627,24106,2795,41904,107399,31203,27229
yen,2016-05-10,2016-05-13,165549,88897,29850,3061,43309,106603,30282,26035
yen,2016-05-17,2016-05-20,158909,86165,27246,3479,41969,104408,27296,23776
yen,2016-05-24,2016-05-27,159833,54792,32733,3468,73603,96638,27970,26994
yen,2016-05-31,2016-06-03,156499,46964,32127,3333,78749,92275,27453,28764
yen,2016-06-07,2016-06-10,180894,68237,25384,9495,72616,116477,30546,29538
yen,2016-06-14,2016-06-17,139052,77703,22013,2721,28678,86062,29950,28256
yen,2016-06-21,2016-06-24,144710,79398,27102,2851,30450,86992,32011,27765
yen,2016-06-28,2016-07-01,143117,85493,25743,2369,30249,88316,25006,26689
yen,2016-07-05,2016-07-08,150417,87037,23469,2852,32637,97652,27891,26444
yen,2016-07-12,2016-07-15,161262,85364,37819,2312,46842,88850,26744,32281
yen,2016-07-19,2016-07-22,158366,79864,40511,2561,46993,85719,28948,29575
yen,2016-07-26,2016-07-29,159869,74074,39116,2900,58947,85458,23948,32395
yen,2016-08-02,2016-08-05,156696,76575,34875,1707,51707,88074,26707,32040
yen,2016-08-09,2016-08-12,167011,86719,37888,1846,49619,95343,28827,31934
yen,2016-08-16,2016-08-19,165905,88273,32267,2375,46280,99196,28977,32067
yen,2016-08-23,2016-08-26,164756,90387,30071,2659,43245,99482,28465,32544
yen,2016-08-30,2016-09-02,164329,91570,27909,2193,44366,101570,26200,32657
yen,2016-09-06,2016-09-09,159342,83968,29479,5553,41120,91024,28701,33286
yen,2016-09-13,2016-09-16,167340,86140,29294,11403,43492,93700,26305,32943
yen,2016-09-20,2016-09-23,140738,85117,26332,1486,29715,83021,24420,29899
yen,2016-09-27,2016-09-30,155170,97432,28540,2148,28326,90589,27264,33893
yen,2016-10-04,2016-10-07,157574,101986,33291,2364,30627,87820,22597,34099
yen,2016-10-11,2016-10-14,150394,79279,33370,1975,43806,81544,25334,33505
yen,2016-10-18,2016-10-21,156607,74966,37975,2097,54359,81884,25185,34651
yen,2016-10-25,2016-10-28,163040,82385,37790,2818,55555,83712,22282,38720
yen,2016-11-01,2016-11-04,165124,81010,37850,3209,59272,87511,21633,36554
yen,2016-11-08,2016-11-11,164328,72619,40663,1844,69838,88139,20027,33682
yen,2016-11-15,2016-11-18,170967,67085,46409,1917,81503,88408,20462,34233
yen,2016-11-22,2016-11-25,187684,71183,60283,2345,95166,86202,18990,38854
yen,2016-11-29,2016-12-02,202171,72124,72393,2691,108163,83995,19193,43092
yen,2016-12-06,2016-12-09,235915,74367,108304,2308,140357,83264,18883,42039
yen,2016-12-13,2016-12-16,285274,62432,125861,9244,194893,107464,18705,42705
yen,2016-12-20,2016-12-23,220435,64200,139649,1491,137201,37978,17543,41317
yen,2016-12-27,2016-12-30,219343,40565,127574,1265,160533,46704,16980,43800
yen,2017-01-03,2017-01-06,220120,37962,124726,1917,162764,48801,17477,44676
yen,2017-01-10,2017-01-13,209488,26041,105880,2034,164249,56661,17164,44913
yen,2017-01-17,2017-01-20,211752,28560,106390,3432,164514,57301,15246,44629
yen,2017-01-24,2017-01-27,196765,27127,93967,2380,152556,56703,14702,43715
yen,2017-01-31,2017-02-03,204494,32216,90547,2339,152598,71166,17341,40442
yen,2017-02-07,2017-02-10,201632,25874,80934,2842,156236,77214,16680,40642
yen,2017-02-14,2017-02-17,204277,27701,78985,3095,155557,80051,17924,42146
yen,2017-02-21,2017-02-24,205223,29954,80116,2446,155538,81397,17285,41264
yen,2017-02-28,2017-03-03,204602,29012,79029,5780,150880,77620,18930,42173
yen,2017-03-07,2017-03-10,217982,39203,93903,6635,156075,71228,16069,46216
yen,2017-03-14,2017-03-17,202647,35563,106860,2546,148132,48390,16406,44851
yen,2017-03-21,2017-03-24,191626,35039,102026,2653,135159,45684,18775,41263
yen,2017-03-28,2017-03-31,197542,42886,96067,2878,128200,57371,23578,41226
yen,2017-04-04,2017-04-07,194368,41313,87113,3080,126068,65862,23907,38313
yen,2017-04-11,2017-04-14,198381,43316,78080,2883,125340,79941,26842,37477
yen,2017-04-18,2017-04-21,203617,45761,76224,2642,126595,88467,28619,36284
yen,2017-04-25,2017-04-28,204179,48538,75407,2882,125796,91994,26963,33896
yen,2017-05-02,2017-05-05,196845,37519,68002,5189,129521,87402,24616,36252
yen,2017-05-09,2017-05-12,203140,42635,78942,4377,133992,76099,22136,43722
yen,2017-05-16,2017-05-19,222510,41963,101971,4387,155071,72713,21089,43439
yen,2017-05-23,2017-05-26,211298,41920,93576,4345,143304,74467,21729,38910
yen,2017-05-30,2017-06-02,213727,43404,95679,4941,143450,76426,21932,36681
yen,2017-06-06,2017-06-09,225549,39736,94763,15450,143746,81444,26617,33892
yen,2017-06-13,2017-06-16,210617,34160,84713,8690,144233,83337,23534,33877
yen,2017-06-20,2017-06-23,171840,39498,89457,3947,112255,44243,16140,34193
yen,2017-06-27,2017-06-30,183705,38254,99604,4415,123453,41443,17583,38243
yen,2017-07-03,2017-07-07,207597,43648,118684,4720,141824,43641,17405,40552
yen,2017-07-11,2017-07-14,239786,40778,152903,5793,174866,41714,18349,39376
yen,2017-07-18,2017-07-21,250071,37419,164338,5428,188763,41117,18461,39188
yen,2017-07-25,2017-07-28,235140,28018,149507,6285,180207,41743,20630,37605
yen,2017-08-01,2017-08-04,242876,36445,148641,8261,178378,53446,19792,32528
yen,2017-08-08,2017-08-11,232827,39810,135623,6950,165991,55822,20076,34432
yen,2017-08-15,2017-08-18,215090,43308,120800,6151,145227,56054,20404,32085
yen,2017-08-22,2017-08-25,215457,45162,119248,6012,142448,59657,21835,30540
yen,2017-08-29,2017-09-01,209890,43889,112413,4752,138466,63262,22783,29463
yen,2017-09-05,2017-09-08,213200,47285,120230,4061,136437,58205,25417,30704
yen,2017-09-12,2017-09-15,200444,40642,97939,8902,127392,59890,23508,33713
yen,2017-09-19,2017-09-22,185352,42435,93757,4949,120365,53357,17603,33289
yen,2017-09-26,2017-09-29,207097,42963,114310,6594,140482,50047,17058,36146
yen,2017-10-03,2017-10-06,246889,58770,143413,10988,160230,53797,16901,38691
yen,2017-10-10,2017-10-13,254124,51655,153074,10707,173289,49943,18473,40400
yen,2017-10-17,2017-10-20,257087,55010,156296,11073,174720,51833,16284,37885
yen,2017-10-24,2017-10-27,282230,60077,176934,9666,195330,48338,17157,47292
yen,2017-10-31,2017-11-03,277706,54585,173454,10152,196707,48090,16262,46010
yen,2017-11-07,2017-11-10,287936,54336,182184,8598,206955,51547,18047,45607
yen,2017-11-14,2017-11-17,283628,49347,185346,9710,207213,45266,17358,43306
yen,2017-11-21,2017-11-24,261019,44382,166984,8251,191725,44944,16661,40840
yen,2017-11-28,2017-12-01,244536,39793,150433,7628,178434,47467,18681,39008
yen,2017-12-05,2017-12-08,238077,34766,149033,10973,174129,42101,18209,35970
yen,2017-12-12,2017-12-15,250581,31747,145870,15289,186472,47517,17073,41905
yen,2017-12-19,2017-12-22,223424,36874,151247,3261,166728,30125,16561,38791
yen,2017-12-26,2017-12-29,232428,44269,160355,3519,165875,33387,18765,35167
yen,2018-01-02,2018-01-05,230564,39592,161358,4326,166322,31450,20324,33430
yen,2018-01-09,2018-01-12,233144,37376,162912,3145,172910,32017,19713,35070
yen,2018-01-16,2018-01-19,236305,38152,157502,2185,169016,45988,26952,30630
yen,2018-01-23,2018-01-26,241136,37260,160130,2938,174505,47872,26433,30196
yen,2018-01-30,2018-02-02,260237,47828,162524,3046,177727,67523,31636,27144
yen,2018-02-06,2018-02-09,249478,39108,151984,2924,179016,66717,28430,27853
yen,2018-02-13,2018-02-16,260170,42299,157808,3099,180507,73346,34265,25917
yen,2018-02-20,2018-02-23,271271,45634,153972,4348,184131,86808,37158,26143
yen,2018-02-27,2018-03-02,263066,44539,141190,4488,180046,91470,33993,25918
yen,2018-03-06,2018-03-09,277327,50057,136902,5252,184721,107840,37297,27333
yen,2018-03-13,2018-03-16,279671,44296,123835,5042,193621,122875,36712,27919
yen,2018-03-20,2018-03-23,160250,47902,69901,4218,75371,57968,32759,28163
yen,2018-03-27,2018-03-30,162038,56544,60212,4634,64904,72327,35956,24865
yen,2018-04-03,2018-04-06,148818,48053,44481,3095,63665,74952,34005,26290
yen,2018-04-10,2018-04-13,151202,49855,47094,2327,64798,75124,34222,26657
yen,2018-04-17,2018-04-20,147319,49433,46842,1874,61662,73859,34350,24744
yen,2018-04-24,2018-04-27,155237,59253,58670,3109,66251,65056,26624,28402
yen,2018-05-01,2018-05-04,160337,57349,58754,2719,72708,65387,27561,33477
yen,2018-05-08,2018-05-11,157576,51812,57274,3777,74829,66084,27158,30441
yen,2018-05-15,2018-05-18,163411,64926,61246,3457,69058,65583,25970,33125
yen,2018-05-22,2018-05-25,175316,73836,76603,2254,74538,55437,24688,41022
yen,2018-05-29,2018-06-01,171339,63182,71218,6736,73606,57067,27815,36318
yen,2018-06-05,2018-06-08,146448,52060,55497,5619,62362,52615,26407,32717
yen,2018-06-12,2018-06-15,166877,60609,55557,2500,79424,67648,24344,41172
yen,2018-06-19,2018-06-22,154641,46565,82127,1908,80588,35571,25580,35035
yen,2018-06-26,2018-06-29,153566,44430,78651,2725,81943,34931,24468,37259
yen,2018-07-03,2018-07-06,168360,49990,88720,3277,92429,36730,22664,39633
yen,2018-07-10,2018-07-13,182066,60563,100395,2292,98735,35381,20476,43998
yen,2018-07-17,2018-07-20,215413,77021,135671,2844,116336,31168,19212,45730
yen,2018-07-24,2018-07-27,200427,49993,123762,2489,128268,30622,19677,43554
yen,2018-07-31,2018-08-03,197566,48016,116473,3731,126011,32904,19808,44458
yen,2018-08-07,2018-08-10,187902,46136,108943,4018,118196,31838,19552,43103
yen,2018-08-14,2018-08-17,185834,49369,107737,3449,111729,31519,21287,43129
yen,2018-08-21,2018-08-24,189698,54116,101522,5302,108223,39523,22057,43351
yen,2018-08-28,2018-08-31,185082,50230,96271,5596,108721,40148,20535,43067
yen,2018-09-04,2018-09-07,185347,47572,99504,5447,110072,35048,22256,45348
yen,2018-09-11,2018-09-14,193428,48057,101943,3736,117043,42746,24592,45003
yen,2018-09-18,2018-09-21,200221,49752,113507,3437,126444,33270,20588,50007
yen,2018-09-25,2018-09-28,215376,47253,131972,2267,144358,31201,21498,49936
yen,2018-10-02,2018-10-05,252277,56074,170120,4572,169666,33666,21965,43919
yen,2018-10-09,2018-10-12,253374,47034,162235,2967,181744,43542,21629,44630
yen,2018-10-16,2018-10-19,211210,30096,130717,2736,157934,38313,20444,39444
yen,2018-10-23,2018-10-26,205643,29922,122726,3062,151773,38623,20886,41232
yen,2018-10-30,2018-11-02,203113,28854,120474,4011,147740,40278,22508,38350
yen,2018-11-06,2018-11-09,209453,33060,122182,3157,152591,39149,20645,44965
yen,2018-11-13,2018-11-16,231730,40192,142486,1902,167316,40964,22320,46378
yen,2018-11-20,2018-11-23,223144,33462,133527,4361,162783,41293,22538,43963
yen,2018-11-27,2018-11-30,231711,35817,140141,5585,168772,42539,21537,43446
yen,2018-12-04,2018-12-07,226835,32717,142483,4433,162776,41606,26909,38313
yen,2018-12-11,2018-12-14,213055,25495,123101,4172,156500,40509,26888,45273
yen,2018-12-18,2018-12-21,214868,26957,129728,3291,163202,45003,21418,36846
yen,2018-12-24,2018-12-28,224458,33281,132370,4134,162784,52498,24259,35456
yen,2018-12-31,2019-01-04,216224,32712,121335,2861,158287,57213,22364,34815
yen,2019-01-08,2019-01-11,230524,42727,104041,3580,151121,92295,33096,30608
yen,2019-01-15,2019-01-18,229295,38686,85107,4886,149550,110131,36173,29171
yen,2019-01-22,2019-01-25,212563,28403,68070,4789,145235,111292,34136,28412
yen,2019-01-29,2019-02-01,204816,27001,60346,5091,142933,110842,29791,28537
yen,2019-02-05,2019-02-08,192789,20752,52162,5619,138872,105949,27546,29059
yen,2019-02-12,2019-02-15,185725,24541,55283,4782,129601,95886,26801,29774
yen,2019-02-19,2019-02-22,184023,24844,62305,4870,128168,87695,26141,29153
yen,2019-02-26,2019-03-01,186158,27365,67019,4429,128100,82476,26264,32234
yen,2019-03-05,2019-03-08,207083,33421,84727,6839,137804,79142,29019,36375
yen,2019-03-12,2019-03-15,196766,22144,80925,6174,137778,74489,30670,35178
yen,2019-03-19,2019-03-22,158074,20081,79302,4937,111481,37929,21575,35906
yen,2019-03-26,2019-03-29,157145,18323,80444,4652,109519,39727,24651,32322
yen,2019-04-02,2019-04-05,156838,20462,83203,2799,109231,36315,24346,34521
yen,2019-04-09,2019-04-12,165736,19914,91434,2327,115660,38131,27835,33844
yen,2019-04-16,2019-04-19,200018,31807,118913,1244,137180,39680,29787,40181
yen,2019-04-23,2019-04-26,207316,28121,122535,1114,146962,42469,31119,41198
yen,2019-04-30,2019-05-03,203323,20578,120177,1575,150553,41944,30617,39627
yen,2019-05-07,2019-05-10,201462,25869,117586,3276,144412,40862,27905,39738
yen,2019-05-14,2019-05-17,180573,35915,97495,4540,112901,43105,27217,35433
yen,2019-05-21,2019-05-24,170834,27540,82732,4472,113574,48957,25248,34673
yen,2019-05-28,2019-05-31,169790,25803,81380,4671,110775,51158,28541,32581
yen,2019-06-04,2019-06-07,167810,27437,71826,5387,104461,59919,30525,30678
yen,2019-06-11,2019-06-14,169387,20786,65951,6712,112117,66547,29772,30177
yen,2019-06-18,2019-06-21,123629,28169,44734,3906,63256,45768,28298,29221
yen,2019-06-25,2019-06-28,139439,31090,41237,9114,65772,61991,33463,27097
yen,2019-07-02,2019-07-05,139355,34198,35425,7645,66542,67869,30970,28416
yen,2019-07-09,2019-07-12,135737,35346,38997,4299,69473,64989,26619,27452
yen,2019-07-16,2019-07-19,130304,32905,44285,3690,67152,57512,26557,24817
yen,2019-07-23,2019-07-26,136245,34642,44019,4368,69196,63158,28039,24700
yen,2019-07-30,2019-08-02,138842,37028,41246,4231,69070,66712,28513,26653
yen,2019-08-06,2019-08-09,153338,46225,35664,4975,67882,86529,34256,26170
yen,2019-08-13,2019-08-16,160271,51764,27022,8094,68708,98250,31705,26905
yen,2019-08-20,2019-08-23,154662,49984,18830,4405,66338,104320,33935,27107
yen,2019-08-27,2019-08-30,157862,59795,26188,3714,60327,99944,34026,28016
yen,2019-09-03,2019-09-06,157788,57222,29540,4094,58451,97429,38021,26725
yen,2019-09-10,2019-09-13,151397,56579,23988,6889,55208,94409,32721,26111
yen,2019-09-17,2019-09-20,130940,50842,26980,1540,49738,80331,28820,22089
yen,2019-09-24,2019-09-27,142026,45759,32976,7071,59437,78841,29759,23138
yen,2019-10-01,2019-10-04,151860,57893,43976,3343,59504,80137,31120,24404
yen,2019-10-08,2019-10-11,150019,52803,41791,4020,64209,79599,28987,24609
yen,2019-10-15,2019-10-18,157707,46416,53057,2756,81307,71535,27228,30359
yen,2019-10-22,2019-10-25,159250,41556,59721,3222,87258,66682,27214,29625
yen,2019-10-29,2019-11-01,163486,39185,58883,4054,92543,67446,27704,33103
yen,2019-11-05,2019-11-08,177106,43996,70601,5792,101217,66522,26101,34191
yen,2019-11-12,2019-11-15,183480,43964,78961,3471,106504,67386,29541,33662
yen,2019-11-19,2019-11-22,182445,45423,80454,2708,102992,67501,31322,31782
yen,2019-11-26,2019-11-29,196894,49278,88869,4482,115116,68413,28018,35130
yen,2019-12-03,2019-12-06,214223,48312,96135,6777,126334,76981,32800,34330
yen,2019-12-10,2019-12-13,198700,41843,85525,7135,122108,70477,27614,35563
yen,2019-12-17,2019-12-20,178529,43418,85480,4601,102748,54004,27762,34444
yen,2019-12-24,2019-12-27,173142,40592,74134,3349,99923,61911,29278,33748
yen,2019-12-31,2020-01-03,174966,43668,68970,6136,97526,62360,27636,37500
yen,2020-01-07,2020-01-10,162094,47846,60094,3966,82055,64595,28227,33439
yen,2020-01-14,2020-01-17,183863,49720,81150,3882,100226,61710,30035,37121
yen,2020-01-21,2020-01-24,203579,50596,95297,3462,117694,65587,31827,39233
yen,2020-01-28,2020-01-31,184919,45676,81701,2658,110412,63226,26173,37334
yen,2020-02-04,2020-02-07,190079,57672,79570,2487,105438,71114,24482,36908
yen,2020-02-11,2020-02-14,193822,54805,80993,2879,111167,70770,24971,39180
yen,2020-02-18,2020-02-21,203631,58605,85826,3225,116686,73909,25115,40671
yen,2020-02-25,2020-02-28,223904,53855,110244,2697,144064,69816,23288,41147
yen,2020-03-03,2020-03-06,198404,50598,92922,5109,120130,70043,22567,30330
yen,2020-03-10,2020-03-13,159128,61732,53575,2320,70545,76931,24531,26302
yen,2020-03-17,2020-03-20,125769,57286,24351,2386,42873,78049,23224,20983
yen,2020-03-24,2020-03-27,125594,56528,32665,1546,48777,69252,18743,22131
yen,2020-03-31,2020-04-03,120270,48444,30162,534,53154,68221,18138,21353
yen,2020-04-07,2020-04-10,118595,49249,26839,530,51300,70904,17516,20322
yen,2020-04-14,2020-04-17,122929,49863,27220,1037,48656,75435,23373,19237
yen,2020-04-21,2020-04-24,128272,53730,27704,818,52383,78188,21341,21562
yen,2020-04-28,2020-05-01,143835,59962,27636,751,56947,93684,26175,21764
yen,2020-05-05,2020-05-08,152042,56634,29420,402,68783,101620,26223,20600
yen,2020-05-12,2020-05-15,153370,56307,28370,1411,72360,101599,23292,21990
yen,2020-05-19,2020-05-22,147975,52038,24568,1381,71027,98736,23529,23290
yen,2020-05-26,2020-05-29,156827,57873,23266,2581,74238,108460,22135,22520
yen,2020-06-02,2020-06-05,158743,61958,29379,3398,72106,100594,21281,25372
yen,2020-06-09,2020-06-12,155159,48862,31400,2898,82366,95668,21033,25193
yen,2020-06-16,2020-06-19,127287,43126,21016,840,64304,86449,19017,18982
yen,2020-06-23,2020-06-26,144549,50490,23032,498,68487,102372,25074,18647
yen,2020-06-30,2020-07-03,137362,42755,18894,2195,68918,97342,23494,18931
yen,2020-07-07,2020-07-10,138313,44043,27231,916,70580,88421,22774,21745
yen,2020-07-14,2020-07-17,135263,45111,26785,342,67691,87431,22119,20705
yen,2020-07-21,2020-07-24,142686,50854,31547,1755,65447,92194,24630,17190
yen,2020-07-28,2020-07-31,170269,62924,34417,1091,73649,115708,32605,19053
yen,2020-08-04,2020-08-07,157968,52073,20644,936,74165,120290,30794,16098
yen,2020-08-11,2020-08-14,150149,48158,21142,1992,72712,107449,27287,19566
yen,2020-08-18,2020-08-21,147076,41717,21133,2021,73149,105667,30189,18255
yen,2020-08-25,2020-08-28,147553,44978,21362,2199,73477,103640,26899,20352
yen,2020-09-01,2020-09-04,145922,46654,17050,1922,70342,108353,27004,18597
yen,2020-09-08,2020-09-11,151546,44850,23108,4615,73161,105346,28920,18477
yen,2020-09-15,2020-09-18,148912,50360,27471,910,69658,104286,27984,16245
yen,2020-09-22,2020-09-25,169251,59033,29452,1684,76239,119883,32295,18232
yen,2020-09-29,2020-10-02,158298,47535,22746,959,79984,116054,29820,18539
yen,2020-10-06,2020-10-09,163024,45779,24677,960,86102,119068,30183,18319
yen,2020-10-13,2020-10-16,165616,47245,27269,1558,86989,117085,29824,19704
yen,2020-10-20,2020-10-23,166091,46524,32341,736,88750,115778,30081,17236
yen,2020-10-27,2020-10-30,177622,46131,28238,631,94605,131414,36255,17339
yen,2020-11-03,2020-11-06,184751,51012,22914,743,97895,145570,35101,15524
yen,2020-11-10,2020-11-13,183518,55644,13750,1183,96135,151491,30556,17094
yen,2020-11-17,2020-11-20,165073,40313,10646,312,92697,137577,31751,16538
yen,2020-11-24,2020-11-27,179503,54472,14230,608,93462,148259,30961,16406
yen,2020-12-01,2020-12-04,185873,62449,14946,539,90038,153443,32847,16945
yen,2020-12-08,2020-12-11,193326,63585,15419,3224,92587,159561,33930,15122
yen,2020-12-15,2020-12-18,193317,65376,21413,2959,90761,153874,34221,15071
yen,2020-12-21,2020-12-25,196845,66970,20877,2480,93605,156671,33790,16817
yen,2020-12-29,2021-01-01,194454,63577,16227,2297,95149,161535,33431,14395
yen,2021-01-05,2021-01-08,206963,69163,18973,2897,98129,171246,36774,13847
yen,2021-01-12,2021-01-15,190811,63857,13337,1221,94609,156406,31124,19847
yen,2021-01-19,2021-01-22,191540,64143,14129,1297,94924,159866,31176,16248
yen,2021-01-26,2021-01-29,193822,63463,18471,461,96095,157655,33803,17235
yen,2021-02-02,2021-02-05,190948,69602,24973,1100,95041,140921,25205,23954
yen,2021-02-09,2021-02-12,183901,60719,26101,1595,92849,129722,28738,26483
yen,2021-02-16,2021-02-19,188119,66732,29550,2613,92764,128250,26010,27706
yen,2021-02-23,2021-02-26,183247,66670,38048,1708,89663,117750,25206,25741
yen,2021-03-02,2021-03-05,189270,61259,41989,4361,101787,113100,21863,29820
yen,2021-03-09,2021-03-12,211347,64027,57513,5208,122099,111283,20013,37343
yen,2021-03-16,2021-03-19,145951,26003,65371,2110,99385,43104,18453,35366
yen,2021-03-23,2021-03-26,160581,27524,81049,1554,112098,39186,19405,38792
yen,2021-03-30,2021-04-02,166091,24724,84205,1414,121115,40234,18838,40238
yen,2021-04-06,2021-04-09,164310,26794,84783,763,117846,39309,18907,39455
yen,2021-04-13,2021-04-16,165431,27682,85994,772,119216,40446,17761,38219
yen,2021-04-20,2021-04-23,162649,26617,86436,2059,115715,39632,18258,34522
yen,2021-04-27,2021-04-30,154894,29673,78182,1235,103999,42071,19987,33406
yen,2021-05-04,2021-05-07,152676,31208,72700,2088,99092,44761,20288,33127
yen,2021-05-11,2021-05-14,152404,30491,72219,2217,99644,44421,20052,33547
yen,2021-05-18,2021-05-21,154727,24965,75913,2843,107486,43385,19433,32586
yen,2021-05-25,2021-05-28,153196,24163,74319,2536,107377,46024,19120,30317
yen,2021-06-01,2021-06-04,162091,29462,76577,2472,110690,48111,19467,34931
yen,2021-06-08,2021-06-11,161592,27248,64562,4243,108879,54611,21222,38176
yen,2021-06-15,2021-06-18,155359,22974,69824,708,112798,47481,18879,37346
yen,2021-06-22,2021-06-25,190545,34118,87980,1194,138242,62072,16991,39299
yen,2021-06-29,2021-07-02,195698,27380,97275,657,149165,57450,18496,40316
yen,2021-07-06,2021-07-09,205341,31625,100761,1308,155707,63576,16701,39696
yen,2021-07-13,2021-07-16,203727,40440,96690,1051,145716,70980,16520,35006
yen,2021-07-20,2021-07-23,192301,35474,91205,555,138577,67311,17695,33230
yen,2021-07-27,2021-07-30,196102,32975,92909,719,143819,68805,18589,33669
yen,2021-08-03,2021-08-06,189242,30409,85599,1063,136596,68989,21174,33591
yen,2021-08-10,2021-08-13,206131,36684,97341,461,151720,68459,17266,39870
yen,2021-08-17,2021-08-20,196495,27532,90740,1404,147403,69312,20156,35039
yen,2021-08-24,2021-08-27,194477,26763,93434,1022,147612,65542,19080,34479
yen,2021-08-31,2021-09-03,193999,29030,92160,1165,144849,65434,18955,35240
yen,2021-09-07,2021-09-10,204435,29704,92029,4250,151585,73003,18896,35153
yen,2021-09-14,2021-09-17,192088,21728,82023,1694,146716,78681,21950,29690
yen,2021-09-21,2021-09-24,191213,22844,78915,2004,146680,80086,19685,30208
yen,2021-09-28,2021-10-01,219638,35328,100088,1258,165246,81967,17806,36325
yen,2021-10-05,2021-10-08,226379,31569,95263,1244,175160,90697,18406,39175
yen,2021-10-12,2021-10-15,243617,35810,112444,1512,185560,90468,20735,39193
yen,2021-10-19,2021-10-22,266750,35713,138447,2212,207735,85095,21090,40996
yen,2021-10-26,2021-10-29,265254,31487,138523,2210,212303,83757,19254,40764
yen,2021-11-02,2021-11-05,251058,20337,127961,2165,207612,81607,20944,39325
yen,2021-11-09,2021-11-12,243087,16440,121791,2306,203044,79845,21297,39145
yen,2021-11-16,2021-11-19,252897,24635,117761,3004,203468,87710,21790,44422
yen,2021-11-23,2021-11-26,251801,20285,117538,3255,205923,89698,22338,41310
yen,2021-11-30,2021-12-03,216692,14585,93451,4178,177285,85252,20644,33811
yen,2021-12-07,2021-12-10,205970,13148,76229,10321,163847,83350,18654,36070
yen,2021-12-14,2021-12-17,176584,20231,73754,2107,136938,65878,17308,34845
yen,2021-12-21,2021-12-24,183743,22191,74477,2475,142161,71002,16916,35789
yen,2021-12-28,2021-12-31,203814,32475,85577,4167,150647,78283,16525,35787
yen,2022-01-04,2022-01-07,234068,40816,103078,4376,170537,85793,18339,40821
yen,2022-01-11,2022-01-14,234005,22364,109889,4302,189708,81316,17631,38498
yen,2022-01-18,2022-01-21,201820,8002,88881,2642,173701,73961,17475,36336
yen,2022-01-25,2022-01-28,197830,15866,84139,3836,160178,77315,17950,32540
yen,2022-02-01,2022-02-04,194435,14510,75150,3609,160358,81005,15958,34671
yen,2022-02-08,2022-02-11,196478,15692,74840,3576,159601,83644,17609,34418
yen,2022-02-15,2022-02-18,199425,10425,76587,3382,166645,80389,18973,39067
yen,2022-02-22,2022-02-25,194169,10976,74163,3268,162044,79564,17881,37174
yen,2022-03-01,2022-03-04,208629,14665,83397,3952,167605,88070,22407,33210
yen,2022-03-08,2022-03-11,208683,15548,71404,5921,170330,93673,16884,37685
yen,2022-03-15,2022-03-18,215484,34016,96356,2846,163089,75492,15533,40790
yen,2022-03-22,2022-03-25,248221,36676,115158,4696,189100,84310,17749,44057
yen,2022-03-29,2022-04-01,239698,15274,117405,2842,201190,76340,20392,43111
yen,2022-04-05,2022-04-08,242217,14583,118412,3235,205209,79985,19190,40585
yen,2022-04-12,2022-04-15,245403,9925,121752,2606,212850,80948,20022,40097
yen,2022-04-19,2022-04-22,251291,12723,119910,1706,216101,86259,20761,43416
yen,2022-04-26,2022-04-29,237995,14269,109804,2310,201828,86907,19588,38974
yen,2022-05-03,2022-05-06,254813,18585,119379,2658,215563,95299,18007,37477
yen,2022-05-10,2022-05-13,247278,11196,121650,3187,213084,88157,19811,34284
yen,2022-05-17,2022-05-20,241308,12113,114422,3845,204417,89355,20933,33686
yen,2022-05-24,2022-05-27,237256,16567,116011,3616,192215,85516,24858,32113
yen,2022-05-31,2022-06-03,239080,15201,109640,4690,196584,91535,22605,33215
yen,2022-06-07,2022-06-10,266054,18466,110112,13473,210889,101780,23226,40689
yen,2022-06-14,2022-06-17,232513,32441,102196,1943,175789,89346,22340,39028
yen,2022-06-21,2022-06-24,218076,35864,94318,2865,156248,81899,23099,38994
yen,2022-06-28,2022-07-01,213767,36462,89032,2855,152071,84176,22379,37704
yen,2022-07-05,2022-07-08,217672,38660,93105,3858,149702,85639,25452,35070
yen,2022-07-12,2022-07-15,223539,35533,95531,4270,160589,85522,23147,38216
yen,2022-07-19,2022-07-22,229449,42880,102105,3646,158427,85345,24496,38353
yen,2022-07-26,2022-07-29,229219,43812,105293,3773,157963,84190,23671,35963
yen,2022-08-02,2022-08-05,236737,50433,93186,3613,157333,107079,25358,32859
yen,2022-08-09,2022-08-12,225834,52333,77365,3895,148628,111634,20978,32940
yen,2022-08-16,2022-08-19,228697,51308,80199,3715,152209,110230,21465,34553
yen,2022-08-23,2022-08-26,242132,56734,95541,6264,156987,104523,22147,35804
yen,2022-08-30,2022-09-02,247030,54513,96044,7090,163991,102704,21436,41192
yen,2022-09-06,2022-09-09,281266,56002,114191,10017,191138,113469,24109,43589
yen,2022-09-13,2022-09-16,281716,39323,120015,6832,212375,114076,23186,40793
yen,2022-09-20,2022-09-23,250892,34767,116047,3521,190267,92754,22337,38570
yen,2022-09-27,2022-09-30,244655,22706,105262,4543,195930,95297,21476,39553
yen,2022-10-04,2022-10-07,243289,26962,108585,3870,185691,92367,26766,38467
yen,2022-10-11,2022-10-14,245007,30149,107542,3213,187119,92670,24526,41582
yen,2022-10-18,2022-10-21,264265,30583,124919,3683,203508,92667,26491,42996
yen,2022-10-25,2022-10-28,272597,37579,140197,4343,205120,87038,25555,41019
yen,2022-11-01,2022-11-04,258906,40460,118080,4204,191221,95447,23021,41175
yen,2022-11-08,2022-11-11,251378,37201,112459,4176,183539,94559,26462,40184
yen,2022-11-15,2022-11-18,233346,33797,99639,2583,172905,95692,24061,35432
yen,2022-11-22,2022-11-25,227435,30800,95650,2752,170350,92244,23533,36789
yen,2022-11-29,2022-12-02,228328,28125,95519,3841,173959,91290,22403,37678
yen,2022-12-06,2022-12-09,223424,23589,89585,5021,169918,94716,24896,34102
yen,2022-12-13,2022-12-16,226964,22290,75478,20985,157021,97992,26668,32509
yen,2022-12-20,2022-12-23,182034,33686,74567,942,121482,75759,25924,30766
yen,2022-12-27,2022-12-30,173136,29685,67415,1865,118599,72598,22987,31258
yen,2023-01-03,2023-01-06,172590,25377,72241,1987,117959,71186,27267,27176
yen,2023-01-10,2023-01-13,175745,26395,61772,1211,119166,84678,28973,28084
yen,2023-01-17,2023-01-20,176862,29458,52419,1736,114907,96823,30761,25884
yen,2023-01-24,2023-01-27,173321,27620,49255,1255,113437,96292,31009,26519
yen,2023-01-31,2023-02-03,168540,22550,42610,459,114423,96244,31108,29227
yen,2023-02-07,2023-02-10,164069,16556,45645,1262,118080,84734,28171,32428
yen,2023-02-14,2023-02-17,174955,23079,50922,1043,124522,88753,26311,34237
yen,2023-02-21,2023-02-24,186100,32486,66515,3793,126777,79888,23044,35904
yen,2023-02-28,2023-03-03,200047,27703,86381,4534,142893,72372,24917,36760
yen,2023-03-07,2023-03-10,211297,17141,92444,5374,163246,73643,25536,39836
yen,2023-03-14,2023-03-17,179782,11048,85842,2150,142857,56863,23727,34927
yen,2023-03-21,2023-03-24,169188,7255,73600,3208,134389,61905,24336,30475
yen,2023-03-28,2023-03-31,169473,9717,63692,3093,132070,74508,24593,28180
yen,2023-04-04,2023-04-07,178828,11523,68559,1828,133327,81061,32150,27380
yen,2023-04-11,2023-04-14,176822,11933,69140,1880,132604,76255,30405,29547
yen,2023-04-18,2023-04-21,177507,15661,72530,1991,132747,71102,27108,31884
yen,2023-04-25,2023-04-28,184041,13680,82424,4673,135330,62705,30358,34239
yen,2023-05-02,2023-05-05,202996,28088,96412,3534,141332,63811,30042,39239
yen,2023-05-09,2023-05-12,192574,22229,83244,3203,137992,68830,29150,37297
yen,2023-05-16,2023-05-19,200515,29494,94285,2059,142392,66255,26570,37916
yen,2023-05-23,2023-05-26,226400,36760,117420,4462,157498,65120,27680,39398
yen,2023-05-30,2023-06-02,243237,40736,136929,6271,166931,60419,29299,39618
yen,2023-06-06,2023-06-09,245332,34151,138968,5989,174461,60725,30731,39650
yen,2023-06-13,2023-06-16,252566,37088,141064,9070,175067,56886,31341,45546
yen,2023-06-20,2023-06-23,238556,32244,139900,3128,175201,56929,27983,38599
yen,2023-06-27,2023-06-30,251524,38018,150888,2747,181511,59145,29248,38744
yen,2023-07-03,2023-07-07,265066,41713,159633,2747,190157,64147,30449,38539
yen,2023-07-11,2023-07-14,252349,29838,147020,3034,190189,61112,29288,41183
yen,2023-07-18,2023-07-21,230932,29776,120015,2517,170491,72296,28148,36104
yen,2023-07-25,2023-07-28,223760,30358,108110,2196,161166,74611,30040,38843
yen,2023-08-01,2023-08-04,229015,26849,106065,3323,164659,81371,34184,38256
yen,2023-08-08,2023-08-11,229849,23135,106315,3775,169528,80407,33411,39352
yen,2023-08-15,2023-08-18,247954,34789,115750,3337,175636,85139,34192,43728
yen,2023-08-22,2023-08-25,246923,28680,124003,2784,180967,76343,34492,43793
yen,2023-08-29,2023-09-01,245452,24790,123263,3776,181043,77975,35843,40438
yen,2023-09-05,2023-09-08,268344,37014,134150,5596,190804,84937,34930,43661
yen,2023-09-12,2023-09-15,270854,38247,136960,12975,183589,76945,36043,43974
yen,2023-09-19,2023-09-22,265860,45737,147356,3406,183927,72482,32790,42616
yen,2023-09-26,2023-09-29,285974,46169,155681,4651,200015,79788,35139,45854
yen,2023-10-03,2023-10-06,282682,47544,161532,3201,194193,76324,37744,41625
yen,2023-10-10,2023-10-13,259937,36780,136256,3073,182514,76362,37570,44246
yen,2023-10-17,2023-10-20,267521,33139,135797,4322,193634,81275,36426,46127
yen,2023-10-24,2023-10-27,260909,30964,130593,6129,186381,81572,37435,42615
yen,2023-10-31,2023-11-03,277272,37641,141489,4335,193460,85894,41836,45554
yen,2023-11-07,2023-11-10,259698,27238,131278,3949,189951,77994,38560,46477
yen,2023-11-14,2023-11-17,273763,27772,158021,4027,199890,66618,42074,45097
yen,2023-11-21,2023-11-24,264903,39236,144690,6263,178832,73404,40572,40546
yen,2023-11-28,2023-12-01,260781,30461,139698,5804,180134,76442,44382,38837
yen,2023-12-05,2023-12-08,267482,28266,133222,13161,184156,77938,41899,43161
yen,2023-12-12,2023-12-15,257581,28226,109357,17795,172756,93229,38804,37200
yen,2023-12-19,2023-12-22,185940,31734,96636,2891,112422,49729,38893,36684
yen,2023-12-26,2023-12-29,188540,37321,92889,2729,110013,57354,38477,35568
yen,2024-01-02,2024-01-05,184042,33585,90780,3866,108605,53116,37986,36280
yen,2024-01-09,2024-01-12,200299,41364,97313,4122,113876,59685,40937,39179
yen,2024-01-16,2024-01-19,213309,44180,100740,5638,125048,63324,38443,43607
yen,2024-01-23,2024-01-26,243032,52585,123230,6306,144222,67230,39919,46266
yen,2024-01-30,2024-02-02,242029,44918,125373,6266,148972,68838,41873,41552
yen,2024-02-06,2024-02-09,259542,55646,139876,6925,155571,72588,41400,40153
yen,2024-02-13,2024-02-16,304592,58554,170090,8782,194067,78895,43189,46825
yen,2024-02-20,2024-02-23,305438,53862,174640,10897,199061,73207,41618,46694
yen,2024-02-27,2024-03-01,309633,51261,183966,10651,204425,72443,43296,42573
yen,2024-03-05,2024-03-08,314586,54671,173514,12406,200129,86604,47380,42062
yen,2024-03-12,2024-03-15,325675,54923,157245,15688,207478,109601,47586,43141
yen,2024-03-19,2024-03-22,302500,66274,182286,7165,182299,67180,46762,45869
yen,2024-03-26,2024-03-29,305701,59969,189075,6038,194045,64457,45649,46131
yen,2024-04-02,2024-04-05,316809,55190,198420,5948,205195,65701,50476,46740
yen,2024-04-09,2024-04-12,324479,47275,209426,7007,219256,62314,50941,45732
yen,2024-04-16,2024-04-19,331110,49463,215082,5632,230642,62900,45373,47496
yen,2024-04-23,2024-04-26,336167,42426,222345,6513,239847,60703,47381,46606
yen,2024-04-30,2024-05-03,334848,40435,208823,7576,244920,68798,41917,49651
yen,2024-05-07,2024-05-10,299859,34990,169912,8231,219305,77532,37333,44184
yen,2024-05-14,2024-05-17,297606,35303,161485,6415,216442,83148,39446,46558
yen,2024-05-21,2024-05-24,301315,29614,173981,5938,224424,77907,41339,43489
yen,2024-05-28,2024-05-31,325231,28565,184604,7431,246911,80789,42324,52407
yen,2024-06-04,2024-06-07,303009,40427,172528,13336,204830,74935,44416,42210
yen,2024-06-11,2024-06-14,319274,30763,169342,19195,228809,83182,40507,47555
yen,2024-06-18,2024-06-21,297117,29429,177182,6036,227907,68141,33745,45758
yen,2024-06-25,2024-06-28,340237,34576,208476,8478,259292,77434,37891,45849
yen,2024-07-02,2024-07-05,349817,36714,220937,8419,264603,70058,40081,50403
yen,2024-07-09,2024-07-12,348954,41521,223554,8459,257455,67588,41519,49353
yen,2024-07-16,2024-07-19,307205,47356,198428,6194,216042,56953,37613,45630
yen,2024-07-23,2024-07-26,307183,64390,171498,6785,194534,85766,41474,43134
yen,2024-07-30,2024-08-02,303151,65016,138476,7056,195104,117524,35975,40095
yen,2024-08-06,2024-08-09,298937,66169,77523,7627,191829,179633,33312,34154
yen,2024-08-13,2024-08-16,315338,87101,63997,4972,190064,213591,33201,32778
yen,2024-08-20,2024-08-23,316197,88761,65176,4392,187055,215456,35989,31173
yen,2024-08-27,2024-08-30,318259,84305,58437,4870,190141,221591,38943,33361
yen,2024-09-03,2024-09-06,326795,91791,50675,7579,189291,236056,38134,32485
yen,2024-09-10,2024-09-13,376514,98894,43124,11194,223698,290417,42728,31779
yen,2024-09-17,2024-09-20,199463,97332,40492,2671,56915,128754,42545,27546
yen,2024-09-24,2024-09-27,207702,104690,38679,3505,58606,136114,40901,29404
yen,2024-10-01,2024-10-04,196200,95513,38741,4042,58635,125382,38010,28035
yen,2024-10-08,2024-10-11,196685,83679,47151,3634,73626,111285,35746,34615
yen,2024-10-15,2024-10-18,197871,86685,52575,4790,68697,105336,37699,35170
yen,2024-10-22,2024-10-25,207338,79364,66593,4877,86382,97010,36715,38858
yen,2024-10-29,2024-11-01,225894,64925,89742,3541,121136,93054,36292,39557
yen,2024-11-05,2024-11-08,235762,60334,104501,3529,135946,88651,35953,39081
yen,2024-11-12,2024-11-15,257688,64038,128940,3997,153738,81565,35915,43186
yen,2024-11-19,2024-11-22,254087,78973,125841,3622,134065,84856,37427,39768
yen,2024-11-26,2024-11-29,253566,87597,110230,3138,122885,99595,39946,40603
yen,2024-12-03,2024-12-06,256849,93622,91288,12625,111171,111335,39431,41601
yen,2024-12-10,2024-12-13,274834,97938,72186,22227,117775,142373,36894,38048
yen,2024-12-17,2024-12-20,181673,87208,81247,2670,57107,60208,34688,37548
yen,2024-12-24,2024-12-27,200720,95958,93647,1759,68898,65215,34105,40099
yen,2024-12-31,2025-01-03,206971,96119,104562,4614,71016,61414,35222,36381
yen,2025-01-07,2025-01-10,212456,91206,111395,5681,76577,56293,38992,39087
yen,2025-01-14,2025-01-17,223952,91434,120845,4137,88113,57090,40268,41880
yen,2025-01-21,2025-01-24,211620,94157,108830,4953,68868,60039,43642,37798
yen,2025-01-28,2025-01-31,216788,96809,97768,7123,68683,75420,44173,36477
yen,2025-02-04,2025-02-07,231911,104684,85916,7532,70418,101101,49277,37362
yen,2025-02-11,2025-02-14,273314,144158,89543,5457,73890,142044,49809,36270
yen,2025-02-18,2025-02-21,281163,147566,86997,5611,84001,154194,43985,34361
yen,2025-02-25,2025-02-28,329186,171751,75771,18638,93060,202005,45737,32772
yen,2025-03-04,2025-03-07,354415,183955,50304,23325,102081,248000,45054,32786
yen,2025-03-11,2025-03-14,446178,176790,42888,31821,178522,327791,59045,43678
yen,2025-03-18,2025-03-21,296567,164752,41788,5303,80456,217232,46056,32244
yen,2025-03-25,2025-03-28,303778,160474,35098,5340,92999,228739,44965,34601
yen,2025-04-01,2025-04-04,311162,161566,39792,4523,96971,235518,48102,31329
yen,2025-04-08,2025-04-11,320758,176555,29488,4944,99659,261328,39600,24998
yen,2025-04-15,2025-04-18,338849,198560,26705,1973,96118,286463,42198,23708
yen,2025-04-22,2025-04-25,351226,202373,24559,3911,100299,301221,44643,21535
yen,2025-04-29,2025-05-02,366246,202797,23585,14151,104910,306807,44388,21703
yen,2025-05-06,2025-05-09,375546,204008,27149,21225,105878,306490,44435,20682
yen,2025-05-13,2025-05-16,359521,194226,21958,24140,101140,286031,40015,27392
yen,2025-05-20,2025-05-23,366865,194510,27180,31756,102102,283123,38497,24806
yen,2025-05-27,2025-05-30,377011,191802,27790,41525,101750,285448,41934,22248
yen,2025-06-03,2025-06-06,366008,189514,38365,31846,100151,275659,44497,20138
yen,2025-06-10,2025-06-13,388263,184195,39600,17900,132044,301121,54124,29642
yen,2025-06-17,2025-06-20,317523,175601,44724,3756,94915,243088,43251,25955
yen,2025-06-24,2025-06-27,314767,178403,46126,3868,92034,239744,40462,25029
yen,2025-07-01,2025-07-04,314251,170624,43286,3395,94864,245721,45368,21849
yen,2025-07-08,2025-07-11,308621,166192,50037,4898,96636,225316,40895,28370
yen,2025-07-15,2025-07-18,321350,165444,61862,3879,108744,219590,43283,36019
yen,2025-07-22,2025-07-25,313040,164411,57766,3421,101532,218892,43676,32961
yen,2025-07-29,2025-08-01,329115,162122,72879,3535,123152,215700,40306,37001
yen,2025-08-05,2025-08-08,337378,160258,78252,3024,136734,224075,37362,32027
yen,2025-08-12,2025-08-15,351163,164693,90459,4128,147170,221065,35172,35511
yen,2025-08-19,2025-08-22,348982,168363,90782,4038,139967,219849,36614,34313
yen,2025-08-26,2025-08-29,357366,170765,86281,7959,139358,229508,39284,33618
yen,2025-09-02,2025-09-05,414249,174774,101516,45840,152763,229019,40872,37874
yen,2025-09-09,2025-09-12,410799,180724,89081,28684,157854,258296,43537,34738
yen,2025-09-16,2025-09-19,299620,161673,100262,2267,95157,163495,40523,33596
yen,2025-09-23,2025-09-26,309893,176400,96900,2620,92252,175491,38621,34882
yen,2025-09-30,2025-10-03,305711,167811,106346,3715,96572,157317,37613,38333
yen,2025-10-07,2025-10-10,305134,159197,112890,4723,102742,148716,38472,38805
yen,2025-10-14,2025-10-17,305003,160639,123473,2387,104332,140952,37645,38191
yen,2025-10-21,2025-10-24,307569,175724,105310,3673,92611,160505,35561,38081
yen,2025-10-28,2025-10-31,321889,178745,110630,3331,100864,169477,38949,38451
yen,2025-11-04,2025-11-07,314190,170180,118915,4366,100952,148803,38692,42106
yen,2025-11-10,2025-11-14,312845,172349,123873,3922,97752,145775,38822,39275
yen,2025-11-18,2025-11-21,329456,169890,138733,4331,114082,144609,41153,41783
yen,2025-11-25,2025-11-28,344420,169218,142701,15303,117192,144676,42707,41740
yen,2025-12-02,2025-12-05,394859,184958,148540,33751,133444,171567,42706,41001
yen,2025-12-09,2025-12-12,465416,184488,167040,32417,205773,223832,42738,42127
yen,2025-12-16,2025-12-19,379679,146275,149217,2961,101002,105746,129441,121755
yen,2025-12-23,2025-12-26,285084,141133,139910,3338,99644,105548,40969,36288
yen,2025-12-30,2026-01-02,286132,144596,130528,4545,95645,114721,41346,36338
yen,2026-01-06,2026-01-09,287715,140441,131626,10400,94001,106169,42873,39520
yen,2026-01-13,2026-01-16,294242,111743,156907,23836,114303,68484,44360,45015
yen,2026-01-20,2026-01-23,292607,107139,151968,26838,115583,74443,43047,39358
yen,2026-01-27,2026-01-30,300726,104460,138393,28323,125157,98448,42786,35562
yen,2026-02-03,2026-02-06,303673,114428,133650,27440,122665,108248,39140,34335
yen,2026-02-10,2026-02-13,334948,128090,147196,29330,136055,123376,41473,35046
yen,2026-02-17,2026-02-20,354328,143172,130217,30224,141766,157934,39166,35953
yen,2026-02-24,2026-02-27,369721,149364,137825,39487,141918,156647,38952,35762
yen,2026-03-03,2026-03-06,416977,134945,151520,56475,186027,171020,39530,37962
yen,2026-03-10,2026-03-13,427718,119411,160798,48995,220577,174607,38735,43318
yen,2026-03-17,2026-03-20,326688,106819,174599,16397,163975,93973,39497,41719
yen,2026-03-24,2026-03-27,328210,98271,161077,21036,167443,109542,41460,36555
yen,2026-03-31,2026-04-03,345276,95356,168228,23078,185944,115237,40898,38733
yen,2026-04-07,2026-04-10,349373,91560,185302,23592,192103,101707,42118,38772
yen,2026-04-14,2026-04-17,354344,102114,185322,22917,187189,106141,42124,39964
yen,2026-04-21,2026-04-24,351782,101386,195846,21985,188723,93256,39688,40695
yen,2026-04-28,2026-05-01,372780,106530,208589,21438,201527,102257,43285,40496
yen,2026-05-05,2026-05-08,354005,109035,170773,20701,186544,126894,37725,35637
yen,2026-05-12,2026-05-15,362042,100155,175257,20365,203023,128880,38499,37540
yen,2026-05-19,2026-05-22,396573,106603,200508,23709,226613,135847,39648,36509
yen,2026-05-26,2026-05-29,427294,112993,227660,22873,244888,137196,46540,39565
yen,2026-06-02,2026-06-05,505555,114849,244416,32737,312087,184319,45882,44083
yen,2026-06-09,2026-06-12,505075,121520,267338,23715,313351,170982,46489,43040
yen,2026-06-16,2026-06-19,520825,117375,267507,17336,253831,102451,132283,133531
yen,2026-06-23,2026-06-26,431030,113698,259802,17748,252278,109897,47306,43583
yen,2026-06-30,2026-07-03,438825,111872,266964,22393,256665,108578,47895,40890
yen,2026-07-07,2026-07-10,398103,112247,236025,18086,224327,101504,43443,42488
yen,2026-07-14,2026-07-17,396514,115965,238628,17012,219170,95752,44367,45122
yen,2026-07-21,2026-07-24,423796,107590,259715,18031,254110,99212,44065,46838
yen,2026-07-28,2026-07-31,432366,101271,264683,17596,266180,108155,47319,41932
crude,2022-02-08,2022-02-11,2170681,480560,117177,822041,762286,1174430,105794,57033
crude,2022-02-15,2022-02-18,2122758,458819,110726,793865,767338,1159338,102736,58829
crude,2022-02-22,2022-02-25,2058132,442102,103061,771930,743113,1126004,100987,57137
crude,2022-03-01,2022-03-04,2028476,465365,96702,733958,729585,1140540,99568,57276
crude,2022-03-08,2022-03-11,1896974,455339,93674,645419,696449,1105258,99767,52623
crude,2022-03-15,2022-03-18,1850794,444601,102786,621953,700410,1083012,83830,43043
crude,2022-03-22,2022-03-25,1788211,436560,96591,614836,654309,1034389,82506,42395
crude,2022-03-29,2022-04-01,1795929,420097,101366,635100,654965,1015127,85767,44336
crude,2022-04-05,2022-04-08,1823366,413132,104538,636642,681802,1037237,91790,44949
crude,2022-04-12,2022-04-15,1783725,411978,107200,589299,688852,1039455,93596,47771
crude,2022-04-19,2022-04-22,1740300,411622,103925,575200,661788,1013040,91690,48135
crude,2022-04-26,2022-04-29,1733586,413638,97575,597819,635548,993869,86581,44323
crude,2022-05-03,2022-05-06,1751564,419692,97991,621174,620327,986540,90371,45859
crude,2022-05-10,2022-05-13,1736594,415170,104367,616019,614716,969195,90689,47013
crude,2022-05-17,2022-05-20,1730665,416190,90553,614805,611264,975133,88406,50174
crude,2022-05-24,2022-05-27,1711863,422541,87780,618735,584496,959123,86091,46225
crude,2022-05-31,2022-06-03,1787928,421683,88707,654178,622867,996628,89200,48415
crude,2022-06-07,2022-06-10,1790618,423882,95626,651915,622320,991353,92501,51724
crude,2022-06-14,2022-06-17,1715674,409427,106481,610827,604944,946598,90476,51768
crude,2022-06-21,2022-06-24,1658636,388496,98994,588612,594860,918775,86668,52255
crude,2022-06-28,2022-07-01,1651566,396046,96354,574683,599957,927895,80880,52634
crude,2022-07-05,2022-07-08,1637862,394943,114420,559365,601996,906213,81558,57864
crude,2022-07-12,2022-07-15,1612803,375155,106827,564687,590438,884964,82523,56325
crude,2022-07-19,2022-07-22,1577616,374677,103586,549127,580330,874019,73482,50884
crude,2022-07-26,2022-07-29,1597451,368453,109193,554071,595032,878521,79895,55666
crude,2022-08-02,2022-08-05,1606910,361810,108058,554003,616741,889607,74356,55242
crude,2022-08-09,2022-08-12,1570131,338172,127521,517984,636980,875053,76995,49573
crude,2022-08-16,2022-08-19,1557349,346865,131925,492798,638971,878262,78715,54364
crude,2022-08-23,2022-08-26,1503506,341918,95698,492849,595411,863667,73328,51292
crude,2022-08-30,2022-09-02,1470207,332415,103226,471831,588601,844849,77360,50301
crude,2022-09-06,2022-09-09,1480320,326007,111529,475682,599689,840106,78942,53003
crude,2022-09-13,2022-09-16,1498059,340716,113659,480935,600618,844625,75790,58840
crude,2022-09-20,2022-09-23,1481545,342588,102710,476269,589445,851013,73243,51553
crude,2022-09-27,2022-09-30,1504991,333933,107853,497576,598428,845300,75054,54262
crude,2022-10-04,2022-10-07,1495538,331695,89696,504842,587375,848229,71626,52771
crude,2022-10-11,2022-10-14,1499498,345258,86038,493272,584609,868235,76359,51953
crude,2022-10-18,2022-10-21,1454431,336209,84664,476923,568559,842316,72740,50528
crude,2022-10-25,2022-10-28,1436942,335340,86261,465545,566297,834323,69760,50813
crude,2022-11-01,2022-11-04,1459052,346196,91387,464305,576519,852280,72032,51080
crude,2022-11-08,2022-11-11,1446658,368585,93795,448540,551749,853074,77784,51249
crude,2022-11-15,2022-11-18,1469437,361681,83414,468933,562505,869900,76318,47190
crude,2022-11-22,2022-11-25,1405565,320640,68165,503675,508179,785173,73071,48552
crude,2022-11-29,2022-12-02,1412121,306174,66435,517214,512256,774910,76477,53562
crude,2022-12-06,2022-12-09,1436728,330159,98439,504423,520086,779639,82060,54227
crude,2022-12-13,2022-12-16,1450482,327161,97602,510310,534512,782259,78499,60311
crude,2022-12-20,2022-12-23,1395622,326195,88004,499926,496161,752719,73340,54973
crude,2022-12-27,2022-12-30,1413545,325017,77399,517592,497251,763805,73685,54749
crude,2023-01-03,2023-01-06,1459936,323546,95939,533517,527773,776813,75100,53667
crude,2023-01-10,2023-01-13,1557092,307170,101934,593747,583480,808982,72695,52429
crude,2023-01-17,2023-01-20,1613466,319541,80323,620744,599472,855071,73709,57328
crude,2023-01-24,2023-01-27,1660450,328480,78681,637062,614901,888147,80007,56560
crude,2023-01-31,2023-02-03,1726378,335074,91254,675229,629204,895826,86871,64069
crude,2023-02-07,2023-02-10,1791955,331962,107811,695584,674260,918808,90149,69752
crude,2023-02-14,2023-02-17,1821601,335241,107700,690717,712599,959969,83044,63215
crude,2023-02-21,2023-02-24,1756029,322622,102951,660668,692634,933931,80105,58479
crude,2023-02-28,2023-03-03,1750212,327155,111841,655197,688223,919521,79637,63653
crude,2023-03-07,2023-03-10,1755027,319139,112238,673224,677667,912156,84997,57409
crude,2023-03-14,2023-03-17,1767660,302527,126308,671417,695298,907931,98418,62004
crude,2023-03-21,2023-03-24,1791902,303340,148999,682312,719060,897964,87190,62627
crude,2023-03-28,2023-03-31,1785807,289653,108584,735656,680208,871824,80290,69743
crude,2023-04-04,2023-04-07,1858446,307515,81388,775144,700883,940853,74904,61061
crude,2023-04-11,2023-04-14,1875140,309997,74365,782171,700591,956002,82381,62602
crude,2023-04-18,2023-04-21,1913192,322133,77558,807309,699264,972511,84486,55814
crude,2023-04-25,2023-04-28,1826195,323831,87393,741336,674209,945406,86819,52060
crude,2023-05-02,2023-05-05,1908299,323737,108892,754843,737538,990443,92181,54121
crude,2023-05-09,2023-05-12,1885886,338155,121527,709116,753894,993350,84721,61893
crude,2023-05-16,2023-05-19,1856570,327971,136502,713595,730636,946248,84368,60225
crude,2023-05-23,2023-05-26,1847901,317600,124481,741856,705745,923131,82700,58433
crude,2023-05-30,2023-06-02,1920740,322085,159494,765436,744190,937067,89029,58743
crude,2023-06-06,2023-06-09,1951628,339318,166876,758590,769312,967689,84408,58473
crude,2023-06-13,2023-06-16,1886782,353560,198486,706981,741758,926030,84483,55285
crude,2023-06-20,2023-06-23,1846816,341074,174597,708169,718413,908331,79160,55719
crude,2023-06-27,2023-06-30,1865745,338078,199690,703698,742002,908660,81967,53697
crude,2023-07-03,2023-07-07,1816043,316998,175569,674768,737228,907376,87049,58330
crude,2023-07-11,2023-07-14,1796348,339297,165864,667642,700019,896707,89390,66135
crude,2023-07-18,2023-07-21,1768189,359341,153242,677152,645941,879431,85755,58364
crude,2023-07-25,2023-07-28,1743598,350507,125311,663977,642195,893171,86919,61139
crude,2023-08-01,2023-08-04,1752072,363726,121867,654113,641294,908533,92939,67559
crude,2023-08-08,2023-08-11,1703711,378987,123059,604780,630960,909298,88984,66574
crude,2023-08-15,2023-08-18,1702766,371168,129060,603176,638000,908101,90422,62429
crude,2023-08-22,2023-08-25,1623347,362484,128113,577309,603247,859588,80307,58337
crude,2023-08-29,2023-09-01,1658521,359199,118294,589418,632098,893046,77806,57763
crude,2023-09-05,2023-09-08,1703130,400472,101150,621032,597611,906608,84015,74340
crude,2023-09-12,2023-09-15,1791696,428798,101927,643759,625224,973937,93915,72073
crude,2023-09-19,2023-09-22,1692990,442288,113862,575076,586355,941190,89271,62862
crude,2023-09-26,2023-09-29,1750559,469051,118996,630489,559689,935093,91330,65981
crude,2023-10-03,2023-10-06,1787495,461207,111647,650364,581172,963118,94752,62366
crude,2023-10-10,2023-10-13,1753314,412824,90850,644600,604031,967041,91859,50823
crude,2023-10-17,2023-10-20,1654168,388843,82455,605399,573174,913724,86752,52590
crude,2023-10-24,2023-10-27,1628044,396530,95765,585922,552752,893710,92840,52647
crude,2023-10-31,2023-11-03,1671255,383782,121524,600609,589413,898180,97451,50942
crude,2023-11-07,2023-11-10,1688562,381151,145181,598899,613983,890697,94529,53785
crude,2023-11-14,2023-11-17,1639133,364379,148645,575128,613239,860001,86387,55359
crude,2023-11-21,2023-11-24,1553677,350785,143461,559827,566944,796953,76121,53436
crude,2023-11-28,2023-12-01,1563737,352382,169211,573949,563152,769931,74254,50646
crude,2023-12-05,2023-12-08,1650437,349661,180671,581084,641357,835983,78335,52699
crude,2023-12-12,2023-12-15,1650245,345985,194386,553774,665322,840648,85164,61437
crude,2023-12-19,2023-12-22,1579670,334735,151992,548590,615887,811758,80458,67330
crude,2023-12-26,2023-12-29,1554682,340839,141555,533229,612350,823448,68264,56450
crude,2024-01-02,2024-01-05,1586914,341114,177385,547042,625459,807663,73299,54824
crude,2024-01-09,2024-01-12,1598167,330308,160626,557632,640427,825054,69800,54855
crude,2024-01-16,2024-01-19,1610493,336741,174707,549884,653455,832082,70413,53820
crude,2024-01-23,2024-01-26,1649542,330919,146901,586162,662311,864779,70150,51700
crude,2024-01-30,2024-02-02,1747660,335363,138699,649341,688500,907575,74456,52045
crude,2024-02-06,2024-02-09,1808220,303774,141936,690496,729646,918829,84304,56959
crude,2024-02-13,2024-02-16,1715857,308074,137002,686601,644521,836023,76661,56231
crude,2024-02-20,2024-02-23,1662234,323548,131647,636047,623393,840867,79246,53673
crude,2024-02-27,2024-03-01,1658921,353996,129206,645219,584071,832325,75635,52171
crude,2024-03-05,2024-03-08,1642519,342161,103649,659088,555705,827360,85565,52422
crude,2024-03-12,2024-03-15,1718985,329318,95530,704899,600736,865790,84032,52766
crude,2024-03-19,2024-03-22,1713716,366016,88259,693405,568958,877361,85337,54691
crude,2024-03-26,2024-03-29,1775565,376903,98876,718655,592280,907819,87727,50215
crude,2024-04-02,2024-04-05,1757685,392328,91431,702666,577082,909603,85609,53985
crude,2024-04-09,2024-04-12,1762094,403797,106660,669403,594942,932689,93952,53342
crude,2024-04-16,2024-04-19,1799606,411987,121525,701503,601207,930291,84909,46287
crude,2024-04-23,2024-04-26,1765266,381478,116642,672593,624054,931579,87141,44452
crude,2024-04-30,2024-05-03,1794542,392782,127321,675266,640379,949122,86115,42833
crude,2024-05-07,2024-05-10,1836765,360533,145089,699676,688456,949527,88100,42473
crude,2024-05-14,2024-05-17,1787763,330395,127352,674480,690868,941829,92020,44102
crude,2024-05-21,2024-05-24,1784152,332352,113052,681570,681865,948291,88365,41239
crude,2024-05-28,2024-05-31,1833461,344619,100693,707486,698055,976929,83301,48353
crude,2024-06-04,2024-06-07,1814253,333481,122776,695785,692480,946111,92507,49581
crude,2024-06-11,2024-06-14,1755642,318183,84699,686417,671546,931723,79496,52803
crude,2024-06-18,2024-06-21,1677538,338662,91813,628094,633916,908539,76866,49092
crude,2024-06-25,2024-06-28,1680601,361099,89854,641427,597559,900228,80516,49092
crude,2024-07-02,2024-07-05,1721585,368485,88539,667664,604586,915668,80850,49714
crude,2024-07-09,2024-07-12,1767729,369229,85335,693195,613841,939278,91464,49921
crude,2024-07-16,2024-07-19,1831212,376427,88826,735670,635900,960964,83215,45752
crude,2024-07-23,2024-07-26,1809094,355611,79613,714517,654310,965760,84656,49204
crude,2024-07-30,2024-08-02,1787630,315613,70120,713728,673020,951224,85269,52558
crude,2024-08-06,2024-08-09,1828846,305742,83400,734860,711141,958555,77103,52031
crude,2024-08-13,2024-08-16,1790876,298198,66655,736617,684508,944094,71553,43510
crude,2024-08-20,2024-08-23,1742632,294896,72608,710042,664359,918432,73335,41550
crude,2024-08-27,2024-08-30,1742613,303474,76775,706881,660872,911545,71386,47412
crude,2024-09-03,2024-09-06,1727524,292388,115353,673757,682831,887337,78548,51077
crude,2024-09-10,2024-09-13,1802465,291592,151578,712932,713623,877457,84318,60498
crude,2024-09-17,2024-09-20,1812275,270552,125224,715059,750362,916472,76302,55520
crude,2024-09-24,2024-09-27,1780393,291429,132832,677111,743449,917844,68404,52606
crude,2024-10-01,2024-10-04,1771336,294894,135286,681700,722963,897567,71779,56783
crude,2024-10-08,2024-10-11,1707072,303823,113186,628295,700799,914618,74155,50973
crude,2024-10-15,2024-10-18,1689760,284023,99620,640929,687682,900095,77126,49116
crude,2024-10-22,2024-10-25,1648928,276720,102989,617016,686117,882286,69075,46637
crude,2024-10-29,2024-11-01,1751736,284996,133119,653694,739720,915407,73326,49516
crude,2024-11-05,2024-11-08,1746717,313914,117826,660015,706922,918148,65866,50728
crude,2024-11-12,2024-11-15,1792299,313504,126598,677013,727026,934603,74756,54085
crude,2024-11-19,2024-11-22,1768651,310655,116790,664573,734005,936176,59418,51112
crude,2024-11-26,2024-11-29,1740661,314518,114111,656126,708808,915416,61209,55008
crude,2024-12-03,2024-12-06,1780843,322841,121377,674498,717612,929209,65892,55759
crude,2024-12-10,2024-12-13,1808227,316216,126104,697974,725970,927480,68067,56669
crude,2024-12-17,2024-12-20,1827905,358867,128877,677979,727114,964117,63945,56932
crude,2024-12-24,2024-12-27,1829252,374050,127023,674805,720545,971931,59852,55493
crude,2024-12-31,2025-01-03,1872970,380405,126081,700788,728760,985431,63017,60670
crude,2025-01-07,2025-01-10,1958411,411623,132056,741920,734563,1020693,70305,63742
crude,2025-01-14,2025-01-17,1896350,433574,127283,692030,693036,1010160,77710,66877
crude,2025-01-21,2025-01-24,1867000,419398,120551,699419,675134,991730,73049,55300
crude,2025-01-28,2025-01-31,1782462,379083,114957,664023,662454,952842,76902,50640
crude,2025-02-04,2025-02-07,1765342,350584,120271,687304,649455,909031,77999,48736
crude,2025-02-11,2025-02-14,1788275,360033,140029,687660,662237,906930,78345,53656
crude,2025-02-18,2025-02-21,1752594,331841,134247,667011,679607,897033,74135,54303
crude,2025-02-25,2025-02-28,1768799,330987,159789,675071,684896,879860,77845,54079
crude,2025-03-04,2025-03-07,1816244,305908,151067,707344,722278,900258,80714,57575
crude,2025-03-11,2025-03-14,1793310,302868,138742,703487,715375,894119,71580,56962
crude,2025-03-18,2025-03-21,1768386,316473,149650,678405,702875,885103,70633,55228
crude,2025-03-25,2025-03-28,1783978,323827,143269,668241,726524,916662,65386,55806
crude,2025-04-01,2025-04-04,1836468,326705,159020,692283,744725,921435,72755,63730
crude,2025-04-08,2025-04-11,1991545,317288,177693,784259,810211,958770,79787,70823
crude,2025-04-15,2025-04-18,1918217,311402,165032,774066,766976,920691,65773,58428
crude,2025-04-22,2025-04-25,1860519,308492,137537,767023,725078,898963,59926,56996
crude,2025-04-29,2025-05-02,1896516,317166,139957,772055,741648,925140,65647,59364
crude,2025-05-06,2025-05-09,1982266,331348,155920,833902,754904,935494,62112,56950
crude,2025-05-13,2025-05-16,1948099,325023,139722,769173,792294,977132,61609,62072
crude,2025-05-20,2025-05-23,1873273,332659,146239,755397,729895,916689,55322,54948
crude,2025-05-27,2025-05-30,1943708,322611,156917,809940,754023,923130,57134,53721
crude,2025-06-03,2025-06-06,2010313,325172,157215,854600,766053,940517,64488,57981
crude,2025-06-10,2025-06-13,2017212,331261,139320,832406,784001,984672,69544,60814
crude,2025-06-17,2025-06-20,1938664,347851,116803,716460,798666,1057717,75687,47684
crude,2025-06-24,2025-06-27,1961998,357654,124685,766737,754319,1024861,83288,45715
crude,2025-07-01,2025-07-04,1989440,355241,120548,787934,768735,1032630,77530,48328
crude,2025-07-08,2025-07-11,1991225,333138,123764,788530,791461,1028081,78096,50850
crude,2025-07-15,2025-07-18,2069099,308915,146488,832334,857803,1046199,70047,44078
crude,2025-07-22,2025-07-25,2013304,308963,155632,777798,855128,1036984,71415,42890
crude,2025-07-29,2025-08-01,2028873,318449,162426,803864,836644,1016236,69916,46347
crude,2025-08-05,2025-08-08,2036424,310559,168730,820082,830714,1001272,75069,46340
crude,2025-08-12,2025-08-15,2010959,293224,176482,814820,828037,970327,74878,49330
crude,2025-08-19,2025-08-22,1922821,304490,184281,754407,794912,935466,69012,48667
crude,2025-08-26,2025-08-29,1912554,300389,190917,766670,776556,907427,68939,47540
crude,2025-09-02,2025-09-05,1987861,293055,190627,807992,819102,940497,67712,48745
crude,2025-09-09,2025-09-12,1957115,274256,192412,794731,818832,920987,69296,48985
crude,2025-09-16,2025-09-19,1962620,278276,179567,798986,820579,935328,64779,48739
crude,2025-09-23,2025-09-26,1936690,264809,161851,773602,834737,953337,63542,47900
crude,2025-09-30,2025-10-03,2006358,267821,164521,798577,866383,999479,73577,43781
crude,2025-10-07,2025-10-10,2036074,270570,196261,809840,881576,979632,74088,50341
crude,2025-10-14,2025-10-17,2066590,273817,212826,817177,903255,984635,72341,51952
crude,2025-10-21,2025-10-24,1997649,272677,232877,793202,861305,916361,70465,55209
crude,2025-10-28,2025-10-31,1891657,271722,206121,727516,828417,906134,64002,51886
crude,2025-11-04,2025-11-07,1924327,264952,190045,762189,834408,918834,62778,53259
crude,2025-11-10,2025-11-14,1913442,260995,200611,749996,835114,906998,67337,55837
crude,2025-11-18,2025-11-21,1868023,272101,202925,685189,848489,928790,62244,51119
crude,2025-11-25,2025-11-28,1890503,276481,221464,697585,856770,921958,59667,49496
crude,2025-12-02,2025-12-05,1914667,269962,218925,723173,861709,922969,59823,49600
crude,2025-12-09,2025-12-12,1867966,254333,195900,729414,811076,889573,73143,53079
crude,2025-12-16,2025-12-19,1916438,269214,214318,757726,813610,886182,75888,58212
crude,2025-12-23,2025-12-26,1863543,261767,196869,742738,798358,866542,60680,57394
crude,2025-12-30,2026-01-02,1898257,261395,196804,767260,808460,878713,61142,55480
crude,2026-01-06,2026-01-09,1968879,258956,201604,811995,829757,900523,68171,54757
crude,2026-01-13,2026-01-16,2018789,286136,228008,812215,855313,920763,65125,57803
crude,2026-01-20,2026-01-23,1964359,284809,206017,790703,821803,918850,67044,48789
crude,2026-01-27,2026-01-30,2035649,295247,198265,831414,840875,955923,68113,50047
crude,2026-02-03,2026-02-06,2091314,315529,190964,825127,879932,1032431,70726,42792
crude,2026-02-10,2026-02-13,2070538,320742,202928,818843,846948,1002814,84005,45953
crude,2026-02-17,2026-02-20,2087493,321645,180302,829347,855378,1037007,81123,40837
crude,2026-02-24,2026-02-27,2102705,352565,179853,821589,827868,1044651,100683,56612
crude,2026-03-03,2026-03-06,2073033,355158,183008,785693,842957,1065284,89225,39048
crude,2026-03-10,2026-03-13,2051321,394651,166636,740683,827233,1103680,88754,40322
crude,2026-03-17,2026-03-20,2081576,385768,167080,741925,857135,1119764,96748,52807
crude,2026-03-24,2026-03-27,2002065,376150,142530,708202,841200,1108210,76513,43123
crude,2026-03-31,2026-04-03,2030970,378087,164599,706316,870799,1115890,75768,44165
crude,2026-04-07,2026-04-10,2037857,381615,179462,690993,883576,1114042,81673,53360
crude,2026-04-14,2026-04-17,2094492,390468,183927,730854,891010,1137945,82160,41766
crude,2026-04-21,2026-04-24,1984747,380020,187718,655341,873316,1100027,76070,41661
crude,2026-04-28,2026-05-01,2017038,390683,198772,660076,890950,1110604,75329,47586
crude,2026-05-05,2026-05-08,2067827,381542,202756,673689,933442,1139592,79154,51790
crude,2026-05-12,2026-05-15,2081927,371491,201614,669802,958509,1154643,82125,55868
crude,2026-05-19,2026-05-22,2002950,384294,211714,639186,900625,1101034,78845,51016
crude,2026-05-26,2026-05-29,2003795,378088,217090,641932,900997,1096470,82778,48303
crude,2026-06-02,2026-06-05,2025180,383310,227436,637536,918113,1106222,86221,53986
crude,2026-06-09,2026-06-12,2006635,360524,230223,636781,919786,1090512,89544,49119
crude,2026-06-16,2026-06-19,2007709,361004,236521,642134,916343,1081682,88228,47372
crude,2026-06-23,2026-06-26,1911877,350026,235393,602418,878059,1030665,81374,43401
crude,2026-06-30,2026-07-03,1914443,340698,230167,594641,902424,1042572,76680,47063
crude,2026-07-07,2026-07-10,1905761,317773,242024,584653,924510,1029132,78825,49952
crude,2026-07-14,2026-07-17,1875496,302429,239746,576997,923364,1008452,72706,50301
crude,2026-07-21,2026-07-24,1864487,310182,228493,580934,896294,1004895,77077,50165
crude,2026-07-28,2026-07-31,1859795,314992,194884,595417,871589,1030411,77797,39083
