ts_utc,ts_ms,instId,side,posSide,sz,bkPx
2026-08-01T00:35:35.261+00:00,1785544535261,BTC-USDT-SWAP,sell,long,0.17,62958.5
2026-07-31T23:58:12.735+00:00,1785542292735,BTC-USDT-SWAP,sell,long,71.08,62845.7
2026-07-31T23:56:51.777+00:00,1785542211777,BTC-USDT-SWAP,sell,long,1.67,62845.9
2026-07-31T22:12:25.347+00:00,1785535945347,BTC-USDT-SWAP,sell,long,31,62967.7
2026-07-31T21:27:23.997+00:00,1785533243997,BTC-USDT-SWAP,sell,long,1.68,62993.2
2026-07-31T21:03:00.492+00:00,1785531780492,BTC-USDT-SWAP,sell,long,8.75,62817.5
2026-07-31T21:02:49.277+00:00,1785531769277,BTC-USDT-SWAP,sell,long,13.98,62827.5
2026-07-31T21:02:48.098+00:00,1785531768098,BTC-USDT-SWAP,sell,long,0.01,62831.6
2026-07-31T21:02:47.822+00:00,1785531767822,BTC-USDT-SWAP,sell,long,1.47,62835.4
2026-07-31T21:02:32.388+00:00,1785531752388,BTC-USDT-SWAP,sell,long,4.39,62842.2
2026-07-31T21:02:32.332+00:00,1785531752332,BTC-USDT-SWAP,sell,long,2.54,62842.2
2026-07-31T21:02:29.065+00:00,1785531749065,BTC-USDT-SWAP,sell,long,0.09,62850.2
2026-07-31T21:02:26.866+00:00,1785531746866,BTC-USDT-SWAP,sell,long,0.37,62858.8
2026-07-31T21:02:26.778+00:00,1785531746778,BTC-USDT-SWAP,sell,long,0.18,62860.9
2026-07-31T21:02:26.672+00:00,1785531746672,BTC-USDT-SWAP,sell,long,4.99,62860.9
2026-07-31T21:02:24.307+00:00,1785531744307,BTC-USDT-SWAP,sell,long,3.97,62866.5
2026-07-31T21:02:21.315+00:00,1785531741315,BTC-USDT-SWAP,sell,long,5.99,62869.9
2026-07-31T21:02:21.009+00:00,1785531741009,BTC-USDT-SWAP,sell,long,4.33,62875.4
2026-07-31T21:02:21.009+00:00,1785531741009,BTC-USDT-SWAP,sell,long,6.97,62875.4
2026-07-31T21:02:20.941+00:00,1785531740941,BTC-USDT-SWAP,sell,long,3.01,62875.4
2026-07-31T21:01:47.730+00:00,1785531707730,BTC-USDT-SWAP,sell,long,0.31,62893.3
2026-07-31T21:00:57.290+00:00,1785531657290,BTC-USDT-SWAP,sell,long,0.12,62916.7
2026-07-31T20:56:12.448+00:00,1785531372448,BTC-USDT-SWAP,sell,long,2.17,62915.4
2026-07-31T20:54:22.719+00:00,1785531262719,BTC-USDT-SWAP,sell,long,0.94,62898.9
2026-07-31T20:50:19.774+00:00,1785531019774,BTC-USDT-SWAP,sell,long,31.68,62949.9
2026-07-31T19:56:52.597+00:00,1785527812597,BTC-USDT-SWAP,sell,long,4.27,62985.4
2026-07-31T19:40:53.181+00:00,1785526853181,BTC-USDT-SWAP,sell,long,1.5,62906.2
2026-07-31T19:27:01.855+00:00,1785526021855,BTC-USDT-SWAP,sell,long,16.16,63004
2026-07-31T19:27:01.757+00:00,1785526021757,BTC-USDT-SWAP,sell,long,180,63004
2026-07-31T18:01:03.465+00:00,1785520863465,BTC-USDT-SWAP,buy,short,38.91,63270.9
2026-07-31T17:56:13.474+00:00,1785520573474,BTC-USDT-SWAP,buy,short,0.19,63261.5
2026-07-31T17:56:07.737+00:00,1785520567737,BTC-USDT-SWAP,buy,short,24.53,63251.2
2026-07-31T17:55:25.530+00:00,1785520525530,BTC-USDT-SWAP,buy,short,0.51,63239.1
2026-07-31T17:55:25.428+00:00,1785520525428,BTC-USDT-SWAP,buy,short,20.77,63238.6
2026-07-31T17:55:05.247+00:00,1785520505247,BTC-USDT-SWAP,buy,short,8.28,63229.9
2026-07-31T17:55:05.247+00:00,1785520505247,BTC-USDT-SWAP,buy,short,30.9,63229.9
2026-07-31T17:54:35.645+00:00,1785520475645,BTC-USDT-SWAP,buy,short,1.51,63217.9
2026-07-31T17:54:35.604+00:00,1785520475604,BTC-USDT-SWAP,buy,short,10.75,63217.9
2026-07-31T17:54:35.381+00:00,1785520475381,BTC-USDT-SWAP,buy,short,3.23,63216.1
2026-07-31T17:54:35.352+00:00,1785520475352,BTC-USDT-SWAP,buy,short,0.01,63216.1
2026-07-31T17:53:21.779+00:00,1785520401779,BTC-USDT-SWAP,buy,short,1.45,63208.2
2026-07-31T17:53:09.276+00:00,1785520389276,BTC-USDT-SWAP,buy,short,0.06,63205.1
2026-07-31T17:53:09.202+00:00,1785520389202,BTC-USDT-SWAP,buy,short,0.18,63205.1
2026-07-31T17:52:14.877+00:00,1785520334877,BTC-USDT-SWAP,buy,short,1.93,63202.6
2026-07-31T17:52:07.662+00:00,1785520327662,BTC-USDT-SWAP,buy,short,6.53,63198.3
2026-07-31T17:52:01.316+00:00,1785520321316,BTC-USDT-SWAP,buy,short,2.07,63194.5
2026-07-31T17:52:01.149+00:00,1785520321149,BTC-USDT-SWAP,buy,short,0.79,63193.8
2026-07-31T17:52:00.773+00:00,1785520320773,BTC-USDT-SWAP,buy,short,0.54,63193.8
2026-07-31T17:52:00.667+00:00,1785520320667,BTC-USDT-SWAP,buy,short,0.67,63193.8
2026-07-31T17:52:00.620+00:00,1785520320620,BTC-USDT-SWAP,buy,short,0.7,63193.8
2026-07-31T17:52:00.185+00:00,1785520320185,BTC-USDT-SWAP,buy,short,0.03,63189.3
2026-07-31T17:52:00.097+00:00,1785520320097,BTC-USDT-SWAP,buy,short,0.31,63188.9
2026-07-31T17:51:50.904+00:00,1785520310904,BTC-USDT-SWAP,buy,short,1.2,63185
2026-07-31T17:51:47.944+00:00,1785520307944,BTC-USDT-SWAP,buy,short,1.75,63177.9
2026-07-31T17:51:47.809+00:00,1785520307809,BTC-USDT-SWAP,buy,short,0.15,63173.2
2026-07-31T17:51:45.726+00:00,1785520305726,BTC-USDT-SWAP,buy,short,2.21,63167.6
2026-07-31T17:51:41.148+00:00,1785520301148,BTC-USDT-SWAP,buy,short,0.02,63163.3
2026-07-31T17:51:38.717+00:00,1785520298717,BTC-USDT-SWAP,buy,short,0.62,63161.8
2026-07-31T17:51:38.086+00:00,1785520298086,BTC-USDT-SWAP,buy,short,0.27,63159.4
2026-07-31T17:51:27.853+00:00,1785520287853,BTC-USDT-SWAP,buy,short,0.03,63145.9
2026-07-31T17:51:27.465+00:00,1785520287465,BTC-USDT-SWAP,buy,short,0.54,63143.8
2026-07-31T17:51:18.177+00:00,1785520278177,BTC-USDT-SWAP,buy,short,2,63138.7
2026-07-31T17:51:16.504+00:00,1785520276504,BTC-USDT-SWAP,buy,short,1.4,63135.8
2026-07-31T17:51:16.322+00:00,1785520276322,BTC-USDT-SWAP,buy,short,0.18,63135.7
2026-07-31T17:51:15.647+00:00,1785520275647,BTC-USDT-SWAP,buy,short,12.19,63134.8
2026-07-31T17:51:15.315+00:00,1785520275315,BTC-USDT-SWAP,buy,short,1.51,63130
2026-07-31T17:51:02.851+00:00,1785520262851,BTC-USDT-SWAP,buy,short,0.38,63117.8
2026-07-31T17:48:03.857+00:00,1785520083857,BTC-USDT-SWAP,buy,short,2.22,63116
2026-07-31T17:48:02.452+00:00,1785520082452,BTC-USDT-SWAP,buy,short,1.44,63114.1
2026-07-31T17:48:02.208+00:00,1785520082208,BTC-USDT-SWAP,buy,short,6,63108
2026-07-31T17:47:55.357+00:00,1785520075357,BTC-USDT-SWAP,buy,short,5.86,63101.5
2026-07-31T17:47:25.859+00:00,1785520045859,BTC-USDT-SWAP,buy,short,5.85,63099
2026-07-31T17:47:10.381+00:00,1785520030381,BTC-USDT-SWAP,buy,short,0.44,63090.9
2026-07-31T17:47:10.298+00:00,1785520030298,BTC-USDT-SWAP,buy,short,0.04,63090.9
2026-07-31T17:47:09.745+00:00,1785520029745,BTC-USDT-SWAP,buy,short,81.52,63083.5
2026-07-31T17:37:26.379+00:00,1785519446379,BTC-USDT-SWAP,buy,short,0.54,63073.2
2026-07-31T17:37:25.973+00:00,1785519445973,BTC-USDT-SWAP,buy,short,0.01,63072.8
2026-07-31T17:37:20.243+00:00,1785519440243,BTC-USDT-SWAP,buy,short,9.7,63070.9
2026-07-31T17:37:20.140+00:00,1785519440140,BTC-USDT-SWAP,buy,short,0.57,63070.9
2026-07-31T17:36:03.135+00:00,1785519363135,BTC-USDT-SWAP,buy,short,7.97,63065.2
2026-07-31T17:36:03.063+00:00,1785519363063,BTC-USDT-SWAP,buy,short,0.01,63065.2
2026-07-31T17:36:02.999+00:00,1785519362999,BTC-USDT-SWAP,buy,short,5.32,63065.2
2026-07-31T17:35:53.660+00:00,1785519353660,BTC-USDT-SWAP,buy,short,2.57,63058.3
2026-07-31T17:34:41.151+00:00,1785519281151,BTC-USDT-SWAP,buy,short,1.42,63051.1
2026-07-31T17:34:40.957+00:00,1785519280957,BTC-USDT-SWAP,buy,short,0.08,63048.2
2026-07-31T17:34:40.921+00:00,1785519280921,BTC-USDT-SWAP,buy,short,0.72,63048.2
2026-07-31T17:34:40.870+00:00,1785519280870,BTC-USDT-SWAP,buy,short,3.93,63048.2
2026-07-31T17:34:32.633+00:00,1785519272633,BTC-USDT-SWAP,buy,short,0.14,63041.2
2026-07-31T17:34:32.596+00:00,1785519272596,BTC-USDT-SWAP,buy,short,0.94,63041.2
2026-07-31T17:33:51.304+00:00,1785519231304,BTC-USDT-SWAP,buy,short,2.91,63037.1
2026-07-31T17:33:31.956+00:00,1785519211956,BTC-USDT-SWAP,buy,short,0.47,63028.3
2026-07-31T17:33:31.860+00:00,1785519211860,BTC-USDT-SWAP,buy,short,0.1,63028.1
2026-07-31T17:33:28.712+00:00,1785519208712,BTC-USDT-SWAP,buy,short,4,63011
2026-07-31T17:33:28.611+00:00,1785519208611,BTC-USDT-SWAP,buy,short,0.95,63011
2026-07-31T17:33:28.538+00:00,1785519208538,BTC-USDT-SWAP,buy,short,0.13,63011
2026-07-31T17:33:28.297+00:00,1785519208297,BTC-USDT-SWAP,buy,short,0.28,63004.5
2026-07-31T17:33:03.235+00:00,1785519183235,BTC-USDT-SWAP,buy,short,2.01,62995.8
2026-07-31T17:31:43.648+00:00,1785519103648,BTC-USDT-SWAP,buy,short,2.94,62994.3
2026-07-31T17:31:43.631+00:00,1785519103631,BTC-USDT-SWAP,buy,short,0.89,62994.3
2026-07-31T17:31:43.204+00:00,1785519103204,BTC-USDT-SWAP,buy,short,78.4,62989.4
2026-07-31T17:31:43.017+00:00,1785519103017,BTC-USDT-SWAP,buy,short,0.07,62984.7
2026-07-31T17:27:12.727+00:00,1785518832727,BTC-USDT-SWAP,buy,short,0.35,62978.9
2026-07-31T17:27:12.313+00:00,1785518832313,BTC-USDT-SWAP,buy,short,1.67,62977.5
2026-07-31T17:27:11.324+00:00,1785518831324,BTC-USDT-SWAP,buy,short,0.16,62971.4
2026-07-31T17:27:11.296+00:00,1785518831296,BTC-USDT-SWAP,buy,short,0.02,62971.4
2026-07-31T17:27:11.262+00:00,1785518831262,BTC-USDT-SWAP,buy,short,0.53,62971.4
2026-07-31T17:27:11.248+00:00,1785518831248,BTC-USDT-SWAP,buy,short,0.09,62971.4
2026-07-31T17:27:11.139+00:00,1785518831139,BTC-USDT-SWAP,buy,short,4.05,62963.2
2026-07-31T17:24:38.308+00:00,1785518678308,BTC-USDT-SWAP,buy,short,1.87,62949.6
2026-07-31T17:19:38.064+00:00,1785518378064,BTC-USDT-SWAP,buy,short,0.94,62948.4
2026-07-31T17:19:37.987+00:00,1785518377987,BTC-USDT-SWAP,buy,short,1.4,62948.4
2026-07-31T17:19:37.986+00:00,1785518377986,BTC-USDT-SWAP,buy,short,0.01,62948.4
2026-07-31T17:19:37.956+00:00,1785518377956,BTC-USDT-SWAP,buy,short,3.32,62948.4
2026-07-31T17:19:37.911+00:00,1785518377911,BTC-USDT-SWAP,buy,short,0.2,62948.4
2026-07-31T17:19:37.605+00:00,1785518377605,BTC-USDT-SWAP,buy,short,0.15,62938.9
2026-07-31T17:19:37.409+00:00,1785518377409,BTC-USDT-SWAP,buy,short,4.62,62925.6
2026-07-31T17:19:36.753+00:00,1785518376753,BTC-USDT-SWAP,buy,short,1.68,62915.5
2026-07-31T17:19:36.695+00:00,1785518376695,BTC-USDT-SWAP,buy,short,3.65,62915.5
2026-07-31T16:24:27.838+00:00,1785515067838,BTC-USDT-SWAP,buy,short,43.76,62908.9
2026-07-31T16:24:09.373+00:00,1785515049373,BTC-USDT-SWAP,buy,short,0.01,62900.1
2026-07-31T16:21:05.053+00:00,1785514865053,BTC-USDT-SWAP,buy,short,1.98,62889
2026-07-31T16:21:04.710+00:00,1785514864710,BTC-USDT-SWAP,buy,short,0.12,62885.1
2026-07-31T16:21:03.743+00:00,1785514863743,BTC-USDT-SWAP,buy,short,11.97,62882.5
2026-07-31T16:10:13.947+00:00,1785514213947,BTC-USDT-SWAP,buy,short,0.25,62877.1
2026-07-31T16:10:12.984+00:00,1785514212984,BTC-USDT-SWAP,buy,short,11.42,62867
2026-07-31T16:10:12.961+00:00,1785514212961,BTC-USDT-SWAP,buy,short,1.39,62867
2026-07-31T16:08:59.391+00:00,1785514139391,BTC-USDT-SWAP,buy,short,1.95,62848.2
2026-07-31T16:08:54.950+00:00,1785514134950,BTC-USDT-SWAP,buy,short,0.12,62835
2026-07-31T15:26:30.483+00:00,1785511590483,BTC-USDT-SWAP,sell,long,0.01,62467.1
2026-07-31T15:26:23.010+00:00,1785511583010,BTC-USDT-SWAP,sell,long,3.09,62475.4
2026-07-31T15:26:21.851+00:00,1785511581851,BTC-USDT-SWAP,sell,long,13.84,62478.8
2026-07-31T15:25:58.494+00:00,1785511558494,BTC-USDT-SWAP,sell,long,3.3,62481.4
2026-07-31T15:11:25.265+00:00,1785510685265,BTC-USDT-SWAP,sell,long,0.14,62561.4
2026-07-31T14:18:06.135+00:00,1785507486135,BTC-USDT-SWAP,sell,long,1.02,62504.7
2026-07-31T14:15:35.751+00:00,1785507335751,BTC-USDT-SWAP,buy,short,0.06,62685.6
2026-07-31T14:12:25.708+00:00,1785507145708,BTC-USDT-SWAP,buy,short,0.07,62863.4
2026-07-31T14:12:17.629+00:00,1785507137629,BTC-USDT-SWAP,buy,short,40.5,62817.1
2026-07-31T14:10:16.564+00:00,1785507016564,BTC-USDT-SWAP,sell,long,9.22,62416.6
2026-07-31T14:10:16.555+00:00,1785507016555,BTC-USDT-SWAP,sell,long,44.52,62416.3
2026-07-31T14:10:16.523+00:00,1785507016523,BTC-USDT-SWAP,sell,long,1.02,62416.3
2026-07-31T14:10:16.518+00:00,1785507016518,BTC-USDT-SWAP,sell,long,4.22,62416.3
2026-07-31T14:10:16.511+00:00,1785507016511,BTC-USDT-SWAP,sell,long,10.4,62416.3
2026-07-31T14:10:16.491+00:00,1785507016491,BTC-USDT-SWAP,sell,long,32.5,62416.3
2026-07-31T14:10:16.471+00:00,1785507016471,BTC-USDT-SWAP,sell,long,0.7,62416.3
2026-07-31T14:10:16.468+00:00,1785507016468,BTC-USDT-SWAP,sell,long,2.95,62416.3
2026-07-31T14:10:16.466+00:00,1785507016466,BTC-USDT-SWAP,sell,long,1.65,62416.3
2026-07-31T14:10:16.412+00:00,1785507016412,BTC-USDT-SWAP,sell,long,7.4,62427.1
2026-07-31T14:10:16.391+00:00,1785507016391,BTC-USDT-SWAP,sell,long,3.23,62416.3
2026-07-31T14:10:16.280+00:00,1785507016280,BTC-USDT-SWAP,sell,long,6.51,62427.1
2026-07-31T14:10:16.274+00:00,1785507016274,BTC-USDT-SWAP,sell,long,0.29,62427.1
2026-07-31T14:10:16.257+00:00,1785507016257,BTC-USDT-SWAP,sell,long,0.29,62427.1
2026-07-31T14:10:16.256+00:00,1785507016256,BTC-USDT-SWAP,sell,long,21.99,62427.1
2026-07-31T14:10:16.223+00:00,1785507016223,BTC-USDT-SWAP,sell,long,8,62431.8
2026-07-31T14:10:16.174+00:00,1785507016174,BTC-USDT-SWAP,sell,long,1.8,62431.8
2026-07-31T14:10:16.169+00:00,1785507016169,BTC-USDT-SWAP,sell,long,1.91,62431.8
2026-07-31T14:10:16.149+00:00,1785507016149,BTC-USDT-SWAP,sell,long,0.25,62431.8
2026-07-31T14:10:16.117+00:00,1785507016117,BTC-USDT-SWAP,sell,long,4.79,62431.8
2026-07-31T14:10:16.051+00:00,1785507016051,BTC-USDT-SWAP,sell,long,2.74,62431.8
2026-07-31T14:10:15.480+00:00,1785507015480,BTC-USDT-SWAP,sell,long,10,62453.2
2026-07-31T14:10:15.461+00:00,1785507015461,BTC-USDT-SWAP,sell,long,23.38,62453.2
2026-07-31T14:10:15.450+00:00,1785507015450,BTC-USDT-SWAP,sell,long,0.35,62453.2
2026-07-31T14:10:15.411+00:00,1785507015411,BTC-USDT-SWAP,sell,long,1.6,62453.2
2026-07-31T14:10:15.382+00:00,1785507015382,BTC-USDT-SWAP,sell,long,0.7,62453.2
2026-07-31T14:10:15.367+00:00,1785507015367,BTC-USDT-SWAP,sell,long,0.81,62464.4
2026-07-31T14:10:15.352+00:00,1785507015352,BTC-USDT-SWAP,sell,long,4.15,62464.4
2026-07-31T14:10:15.316+00:00,1785507015316,BTC-USDT-SWAP,sell,long,6.87,62464.4
2026-07-31T14:10:15.313+00:00,1785507015313,BTC-USDT-SWAP,sell,long,1.27,62464.4
2026-07-31T14:10:15.307+00:00,1785507015307,BTC-USDT-SWAP,sell,long,8.84,62464.4
2026-07-31T14:10:15.303+00:00,1785507015303,BTC-USDT-SWAP,sell,long,1.09,62464.4
2026-07-31T14:10:15.303+00:00,1785507015303,BTC-USDT-SWAP,sell,long,0.29,62464.4
2026-07-31T14:10:15.286+00:00,1785507015286,BTC-USDT-SWAP,sell,long,0.41,62464.4
2026-07-31T14:10:15.269+00:00,1785507015269,BTC-USDT-SWAP,sell,long,0.44,62464.4
2026-07-31T14:10:15.266+00:00,1785507015266,BTC-USDT-SWAP,sell,long,0.09,62464.4
2026-07-31T14:10:15.248+00:00,1785507015248,BTC-USDT-SWAP,sell,long,1,62464.4
2026-07-31T14:10:14.146+00:00,1785507014146,BTC-USDT-SWAP,sell,long,6.03,62507.2
2026-07-31T14:10:14.100+00:00,1785507014100,BTC-USDT-SWAP,sell,long,65.36,62507.2
2026-07-31T14:10:14.096+00:00,1785507014096,BTC-USDT-SWAP,sell,long,0.04,62507.2
2026-07-31T14:10:13.994+00:00,1785507013994,BTC-USDT-SWAP,sell,long,0.57,62507.2
2026-07-31T14:10:13.972+00:00,1785507013972,BTC-USDT-SWAP,sell,long,1.14,62507.2
2026-07-31T14:10:13.968+00:00,1785507013968,BTC-USDT-SWAP,sell,long,7.64,62509.4
2026-07-31T14:10:13.963+00:00,1785507013963,BTC-USDT-SWAP,sell,long,0.9,62509.4
2026-07-31T14:10:13.793+00:00,1785507013793,BTC-USDT-SWAP,sell,long,0.25,62509.4
2026-07-31T14:10:13.793+00:00,1785507013793,BTC-USDT-SWAP,sell,long,1.16,62509.4
2026-07-31T14:09:29.623+00:00,1785506969623,BTC-USDT-SWAP,sell,long,0.01,62516.6
2026-07-31T14:09:29.508+00:00,1785506969508,BTC-USDT-SWAP,sell,long,5,62516.6
2026-07-31T14:09:28.059+00:00,1785506968059,BTC-USDT-SWAP,sell,long,3.28,62512.9
2026-07-31T14:09:28.038+00:00,1785506968038,BTC-USDT-SWAP,sell,long,4.76,62512.9
2026-07-31T14:09:28.021+00:00,1785506968021,BTC-USDT-SWAP,sell,long,0.42,62512.9
2026-07-31T14:09:27.976+00:00,1785506967976,BTC-USDT-SWAP,sell,long,6.55,62512.9
2026-07-31T14:09:27.967+00:00,1785506967967,BTC-USDT-SWAP,sell,long,1.01,62512.9
2026-07-31T14:09:27.857+00:00,1785506967857,BTC-USDT-SWAP,sell,long,20,62517.2
2026-07-31T14:09:27.830+00:00,1785506967830,BTC-USDT-SWAP,sell,long,2.31,62517.2
2026-07-31T14:09:27.795+00:00,1785506967795,BTC-USDT-SWAP,sell,long,14.35,62517.2
2026-07-31T14:09:27.794+00:00,1785506967794,BTC-USDT-SWAP,sell,long,13.58,62517.2
2026-07-31T14:09:27.461+00:00,1785506967461,BTC-USDT-SWAP,sell,long,69.53,62522.7
2026-07-31T14:09:27.446+00:00,1785506967446,BTC-USDT-SWAP,sell,long,53.46,62522.7
2026-07-31T14:09:27.393+00:00,1785506967393,BTC-USDT-SWAP,sell,long,5.32,62522.7
2026-07-31T14:09:27.391+00:00,1785506967391,BTC-USDT-SWAP,sell,long,2.94,62522.7
2026-07-31T14:09:27.391+00:00,1785506967391,BTC-USDT-SWAP,sell,long,0.1,62522.7
2026-07-31T14:09:27.351+00:00,1785506967351,BTC-USDT-SWAP,sell,long,28.38,62522.7
2026-07-31T14:09:27.307+00:00,1785506967307,BTC-USDT-SWAP,sell,long,72.23,62522.7
2026-07-31T14:09:27.202+00:00,1785506967202,BTC-USDT-SWAP,sell,long,6.29,62528.2
2026-07-31T14:09:27.200+00:00,1785506967200,BTC-USDT-SWAP,sell,long,0.1,62528.2
2026-07-31T14:09:27.158+00:00,1785506967158,BTC-USDT-SWAP,sell,long,2.04,62528.2
2026-07-31T14:09:27.024+00:00,1785506967024,BTC-USDT-SWAP,sell,long,6.25,62532.8
2026-07-31T14:09:26.794+00:00,1785506966794,BTC-USDT-SWAP,sell,long,120.65,62535.3
2026-07-31T14:09:26.683+00:00,1785506966683,BTC-USDT-SWAP,sell,long,0.31,62535.3
2026-07-31T14:09:26.470+00:00,1785506966470,BTC-USDT-SWAP,sell,long,2.03,62540.7
2026-07-31T14:09:26.326+00:00,1785506966326,BTC-USDT-SWAP,sell,long,1.3,62540.7
2026-07-31T14:09:26.145+00:00,1785506966145,BTC-USDT-SWAP,sell,long,3,62541.4
2026-07-31T14:09:25.401+00:00,1785506965401,BTC-USDT-SWAP,sell,long,1.97,62542.3
2026-07-31T14:09:24.462+00:00,1785506964462,BTC-USDT-SWAP,sell,long,0.34,62543
2026-07-31T14:09:24.413+00:00,1785506964413,BTC-USDT-SWAP,sell,long,11,62543
2026-07-31T14:09:24.375+00:00,1785506964375,BTC-USDT-SWAP,sell,long,0.63,62543
2026-07-31T14:09:24.372+00:00,1785506964372,BTC-USDT-SWAP,sell,long,10,62543
2026-07-31T14:09:24.005+00:00,1785506964005,BTC-USDT-SWAP,sell,long,0.05,62546.2
2026-07-31T14:09:23.916+00:00,1785506963916,BTC-USDT-SWAP,sell,long,0.02,62546.2
2026-07-31T14:09:23.695+00:00,1785506963695,BTC-USDT-SWAP,sell,long,3.82,62547.9
2026-07-31T14:09:23.532+00:00,1785506963532,BTC-USDT-SWAP,sell,long,0.02,62547.9
2026-07-31T14:09:23.447+00:00,1785506963447,BTC-USDT-SWAP,sell,long,0.15,62550.2
2026-07-31T14:09:23.425+00:00,1785506963425,BTC-USDT-SWAP,sell,long,0.18,62550.2
2026-07-31T14:09:23.409+00:00,1785506963409,BTC-USDT-SWAP,sell,long,0.14,62550.2
2026-07-31T14:09:23.406+00:00,1785506963406,BTC-USDT-SWAP,sell,long,6.43,62550.2
2026-07-31T14:09:23.385+00:00,1785506963385,BTC-USDT-SWAP,sell,long,3.61,62550.2
2026-07-31T14:09:23.374+00:00,1785506963374,BTC-USDT-SWAP,sell,long,0.69,62550.2
2026-07-31T14:09:23.372+00:00,1785506963372,BTC-USDT-SWAP,sell,long,1.57,62550.2
2026-07-31T14:09:23.349+00:00,1785506963349,BTC-USDT-SWAP,sell,long,130.07,62550.2
2026-07-31T14:09:23.343+00:00,1785506963343,BTC-USDT-SWAP,sell,long,1.46,62550.2
2026-07-31T14:09:23.273+00:00,1785506963273,BTC-USDT-SWAP,sell,long,0.04,62550.2
2026-07-31T14:09:10.034+00:00,1785506950034,BTC-USDT-SWAP,sell,long,300,62558.6
2026-07-31T14:09:09.956+00:00,1785506949956,BTC-USDT-SWAP,sell,long,0.61,62558.6
2026-07-31T14:09:09.854+00:00,1785506949854,BTC-USDT-SWAP,sell,long,1.16,62559.5
2026-07-31T14:09:09.838+00:00,1785506949838,BTC-USDT-SWAP,sell,long,29.1,62559.5
2026-07-31T14:09:09.778+00:00,1785506949778,BTC-USDT-SWAP,sell,long,37.77,62559.5
2026-07-31T14:09:09.737+00:00,1785506949737,BTC-USDT-SWAP,sell,long,0.78,62561
2026-07-31T14:09:09.720+00:00,1785506949720,BTC-USDT-SWAP,sell,long,0.26,62559.5
2026-07-31T14:09:09.588+00:00,1785506949588,BTC-USDT-SWAP,sell,long,0.3,62561
2026-07-31T14:09:09.530+00:00,1785506949530,BTC-USDT-SWAP,sell,long,3.79,62561.9
2026-07-31T14:09:09.476+00:00,1785506949476,BTC-USDT-SWAP,sell,long,0.35,62561.9
2026-07-31T14:09:09.473+00:00,1785506949473,BTC-USDT-SWAP,sell,long,0.1,62561.9
2026-07-31T14:09:09.468+00:00,1785506949468,BTC-USDT-SWAP,sell,long,2.31,62561.9
2026-07-31T14:09:09.466+00:00,1785506949466,BTC-USDT-SWAP,sell,long,10.95,62561.9
2026-07-31T14:09:09.457+00:00,1785506949457,BTC-USDT-SWAP,sell,long,2.17,62561.9
2026-07-31T14:09:09.443+00:00,1785506949443,BTC-USDT-SWAP,sell,long,4.57,62561.9
2026-07-31T14:09:09.406+00:00,1785506949406,BTC-USDT-SWAP,sell,long,0.22,62561.9
2026-07-31T14:09:09.400+00:00,1785506949400,BTC-USDT-SWAP,sell,long,5.83,62561.9
2026-07-31T14:09:09.382+00:00,1785506949382,BTC-USDT-SWAP,sell,long,11.57,62569.3
2026-07-31T14:09:09.377+00:00,1785506949377,BTC-USDT-SWAP,sell,long,82.58,62561.9
2026-07-31T14:09:09.368+00:00,1785506949368,BTC-USDT-SWAP,sell,long,2.45,62569.3
2026-07-31T14:09:09.355+00:00,1785506949355,BTC-USDT-SWAP,sell,long,21.25,62561.9
2026-07-31T14:09:09.305+00:00,1785506949305,BTC-USDT-SWAP,sell,long,2.75,62569.3
2026-07-31T14:09:09.202+00:00,1785506949202,BTC-USDT-SWAP,sell,long,1.56,62569.3
2026-07-31T14:09:08.882+00:00,1785506948882,BTC-USDT-SWAP,sell,long,20.55,62578.7
2026-07-31T14:08:40.121+00:00,1785506920121,BTC-USDT-SWAP,sell,long,0.58,62578.9
2026-07-31T14:08:40.112+00:00,1785506920112,BTC-USDT-SWAP,sell,long,6.13,62578.9
2026-07-31T14:08:40.068+00:00,1785506920068,BTC-USDT-SWAP,sell,long,7.85,62578.9
2026-07-31T14:08:33.078+00:00,1785506913078,BTC-USDT-SWAP,sell,long,0.31,62598.7
2026-07-31T14:07:06.544+00:00,1785506826544,BTC-USDT-SWAP,sell,long,3,62592.2
2026-07-31T14:07:06.442+00:00,1785506826442,BTC-USDT-SWAP,sell,long,0.23,62592.2
2026-07-31T14:07:04.805+00:00,1785506824805,BTC-USDT-SWAP,sell,long,7.53,62584.2
2026-07-31T14:07:04.769+00:00,1785506824769,BTC-USDT-SWAP,sell,long,6.74,62580.7
2026-07-31T14:07:04.758+00:00,1785506824758,BTC-USDT-SWAP,sell,long,117.51,62580.7
2026-07-31T14:07:04.734+00:00,1785506824734,BTC-USDT-SWAP,sell,long,50,62580.7
2026-07-31T14:07:04.733+00:00,1785506824733,BTC-USDT-SWAP,sell,long,4.19,62580.7
2026-07-31T14:07:04.730+00:00,1785506824730,BTC-USDT-SWAP,sell,long,1,62580.7
2026-07-31T14:07:04.730+00:00,1785506824730,BTC-USDT-SWAP,sell,long,109.38,62580.7
2026-07-31T14:07:04.730+00:00,1785506824730,BTC-USDT-SWAP,sell,long,2.9,62580.7
2026-07-31T14:07:04.698+00:00,1785506824698,BTC-USDT-SWAP,sell,long,0.04,62580.7
2026-07-31T14:07:04.636+00:00,1785506824636,BTC-USDT-SWAP,sell,long,0.09,62580.7
2026-07-31T14:07:04.610+00:00,1785506824610,BTC-USDT-SWAP,sell,long,3.94,62580.7
2026-07-31T14:07:04.603+00:00,1785506824603,BTC-USDT-SWAP,sell,long,0.1,62580.7
2026-07-31T14:07:04.545+00:00,1785506824545,BTC-USDT-SWAP,sell,long,0.3,62592.3
2026-07-31T14:07:04.497+00:00,1785506824497,BTC-USDT-SWAP,sell,long,22.28,62592.3
2026-07-31T14:07:04.442+00:00,1785506824442,BTC-USDT-SWAP,sell,long,1.16,62592.3
2026-07-31T14:07:04.438+00:00,1785506824438,BTC-USDT-SWAP,sell,long,1.47,62592.3
2026-07-31T14:07:04.425+00:00,1785506824425,BTC-USDT-SWAP,sell,long,0.23,62592.3
2026-07-31T14:07:04.404+00:00,1785506824404,BTC-USDT-SWAP,sell,long,18.25,62592.3
2026-07-31T14:07:04.403+00:00,1785506824403,BTC-USDT-SWAP,sell,long,0.93,62592.3
2026-07-31T14:07:00.140+00:00,1785506820140,BTC-USDT-SWAP,sell,long,0.8,62598.1
2026-07-31T14:07:00.085+00:00,1785506820085,BTC-USDT-SWAP,sell,long,25,62598.1
2026-07-31T14:07:00.084+00:00,1785506820084,BTC-USDT-SWAP,sell,long,0.28,62598.1
2026-07-31T14:07:00.074+00:00,1785506820074,BTC-USDT-SWAP,sell,long,1.38,62598.1
2026-07-31T14:07:00.073+00:00,1785506820073,BTC-USDT-SWAP,sell,long,2.56,62598.1
2026-07-31T14:07:00.068+00:00,1785506820068,BTC-USDT-SWAP,sell,long,120.49,62598.1
2026-07-31T14:07:00.046+00:00,1785506820046,BTC-USDT-SWAP,sell,long,2.43,62598.1
2026-07-31T14:06:59.111+00:00,1785506819111,BTC-USDT-SWAP,sell,long,15.25,62601.8
2026-07-31T14:06:59.108+00:00,1785506819108,BTC-USDT-SWAP,sell,long,8.29,62601.8
2026-07-31T14:06:59.083+00:00,1785506819083,BTC-USDT-SWAP,sell,long,9.16,62601.8
2026-07-31T14:06:59.035+00:00,1785506819035,BTC-USDT-SWAP,sell,long,20.53,62601.8
2026-07-31T14:06:58.685+00:00,1785506818685,BTC-USDT-SWAP,sell,long,50,62611.2
2026-07-31T14:06:57.999+00:00,1785506817999,BTC-USDT-SWAP,sell,long,1.75,62626.2
2026-07-31T14:06:56.756+00:00,1785506816756,BTC-USDT-SWAP,sell,long,0.03,62626.4
2026-07-31T14:06:56.440+00:00,1785506816440,BTC-USDT-SWAP,sell,long,0.65,62612.9
2026-07-31T14:06:56.319+00:00,1785506816319,BTC-USDT-SWAP,sell,long,3.96,62604.8
2026-07-31T14:06:56.204+00:00,1785506816204,BTC-USDT-SWAP,sell,long,5.86,62603.8
2026-07-31T14:06:56.159+00:00,1785506816159,BTC-USDT-SWAP,sell,long,50.67,62603.8
2026-07-31T14:06:56.159+00:00,1785506816159,BTC-USDT-SWAP,sell,long,1.79,62603.8
2026-07-31T14:06:56.132+00:00,1785506816132,BTC-USDT-SWAP,sell,long,1.55,62604.8
2026-07-31T14:06:56.106+00:00,1785506816106,BTC-USDT-SWAP,sell,long,23.54,62603.8
2026-07-31T14:06:56.106+00:00,1785506816106,BTC-USDT-SWAP,sell,long,27.84,62603.8
2026-07-31T14:06:56.095+00:00,1785506816095,BTC-USDT-SWAP,sell,long,7.11,62603.8
2026-07-31T14:06:56.080+00:00,1785506816080,BTC-USDT-SWAP,sell,long,15,62603.8
2026-07-31T14:06:56.077+00:00,1785506816077,BTC-USDT-SWAP,sell,long,1.2,62603.8
2026-07-31T14:06:56.073+00:00,1785506816073,BTC-USDT-SWAP,sell,long,6.7,62603.8
2026-07-31T14:06:56.065+00:00,1785506816065,BTC-USDT-SWAP,sell,long,0.76,62603.8
2026-07-31T14:06:56.047+00:00,1785506816047,BTC-USDT-SWAP,sell,long,1.76,62603.8
2026-07-31T14:06:56.046+00:00,1785506816046,BTC-USDT-SWAP,sell,long,0.2,62603.8
2026-07-31T14:06:56.040+00:00,1785506816040,BTC-USDT-SWAP,sell,long,0.59,62603.8
2026-07-31T14:06:55.491+00:00,1785506815491,BTC-USDT-SWAP,sell,long,0.87,62677.7
2026-07-31T14:06:55.483+00:00,1785506815483,BTC-USDT-SWAP,sell,long,5.26,62677.7
2026-07-31T14:06:55.467+00:00,1785506815467,BTC-USDT-SWAP,sell,long,0.56,62677.7
2026-07-31T14:06:55.438+00:00,1785506815438,BTC-USDT-SWAP,sell,long,40.01,62677.7
2026-07-31T14:06:55.434+00:00,1785506815434,BTC-USDT-SWAP,sell,long,4.1,62677.7
2026-07-31T14:06:55.428+00:00,1785506815428,BTC-USDT-SWAP,sell,long,0.39,62677.7
2026-07-31T14:06:55.353+00:00,1785506815353,BTC-USDT-SWAP,sell,long,0.31,62677.7
2026-07-31T14:06:55.302+00:00,1785506815302,BTC-USDT-SWAP,sell,long,0.2,62682.4
2026-07-31T14:06:55.279+00:00,1785506815279,BTC-USDT-SWAP,sell,long,10,62682.4
2026-07-31T14:06:55.265+00:00,1785506815265,BTC-USDT-SWAP,sell,long,2.82,62682.4
2026-07-31T14:06:55.263+00:00,1785506815263,BTC-USDT-SWAP,sell,long,10.81,62682.4
2026-07-31T14:06:55.246+00:00,1785506815246,BTC-USDT-SWAP,sell,long,0.65,62682.4
2026-07-31T14:06:55.244+00:00,1785506815244,BTC-USDT-SWAP,sell,long,9.54,62682.4
2026-07-31T14:06:55.219+00:00,1785506815219,BTC-USDT-SWAP,sell,long,72.75,62682.4
2026-07-31T14:06:55.212+00:00,1785506815212,BTC-USDT-SWAP,sell,long,0.02,62682.4
2026-07-31T14:06:55.196+00:00,1785506815196,BTC-USDT-SWAP,sell,long,19.7,62682.4
2026-07-31T14:06:52.093+00:00,1785506812093,BTC-USDT-SWAP,sell,long,0.1,62724
2026-07-31T14:06:52.065+00:00,1785506812065,BTC-USDT-SWAP,sell,long,4.79,62724
2026-07-31T14:06:51.959+00:00,1785506811959,BTC-USDT-SWAP,sell,long,0.03,62724.2
2026-07-31T14:06:50.105+00:00,1785506810105,BTC-USDT-SWAP,sell,long,0.1,62726.6
2026-07-31T14:06:49.973+00:00,1785506809973,BTC-USDT-SWAP,sell,long,0.79,62726.6
2026-07-31T14:06:49.796+00:00,1785506809796,BTC-USDT-SWAP,sell,long,200,62727.3
2026-07-31T14:06:49.644+00:00,1785506809644,BTC-USDT-SWAP,sell,long,1.87,62727.3
2026-07-31T14:06:49.622+00:00,1785506809622,BTC-USDT-SWAP,sell,long,34.1,62727.3
2026-07-31T14:06:49.584+00:00,1785506809584,BTC-USDT-SWAP,sell,long,1.65,62727.3
2026-07-31T14:06:49.546+00:00,1785506809546,BTC-USDT-SWAP,sell,long,43.76,62727.3
2026-07-31T14:06:49.481+00:00,1785506809481,BTC-USDT-SWAP,sell,long,6.33,62727.3
2026-07-31T14:06:49.480+00:00,1785506809480,BTC-USDT-SWAP,sell,long,6.49,62730.6
2026-07-31T14:06:49.455+00:00,1785506809455,BTC-USDT-SWAP,sell,long,0.04,62730.6
2026-07-31T14:06:49.452+00:00,1785506809452,BTC-USDT-SWAP,sell,long,0.67,62730.6
2026-07-31T14:06:49.446+00:00,1785506809446,BTC-USDT-SWAP,sell,long,2.16,62730.6
2026-07-31T14:06:49.420+00:00,1785506809420,BTC-USDT-SWAP,sell,long,0.19,62730.6
2026-07-31T14:06:49.419+00:00,1785506809419,BTC-USDT-SWAP,sell,long,1.39,62730.6
2026-07-31T14:06:49.408+00:00,1785506809408,BTC-USDT-SWAP,sell,long,0.16,62730.6
2026-07-31T14:06:49.398+00:00,1785506809398,BTC-USDT-SWAP,sell,long,14.24,62730.6
2026-07-31T14:06:49.358+00:00,1785506809358,BTC-USDT-SWAP,sell,long,9.39,62730.6
2026-07-31T14:06:49.340+00:00,1785506809340,BTC-USDT-SWAP,sell,long,15.54,62730.6
2026-07-31T14:06:49.338+00:00,1785506809338,BTC-USDT-SWAP,sell,long,0.33,62730.6
2026-07-31T14:06:49.286+00:00,1785506809286,BTC-USDT-SWAP,sell,long,20,62740.5
2026-07-31T14:06:49.283+00:00,1785506809283,BTC-USDT-SWAP,sell,long,0.59,62740.5
2026-07-31T14:06:49.112+00:00,1785506809112,BTC-USDT-SWAP,sell,long,10.04,62740.5
2026-07-31T14:06:48.975+00:00,1785506808975,BTC-USDT-SWAP,sell,long,8,62754.4
2026-07-31T14:06:47.194+00:00,1785506807194,BTC-USDT-SWAP,sell,long,5.66,62758.9
2026-07-31T14:06:47.153+00:00,1785506807153,BTC-USDT-SWAP,sell,long,11.79,62758.9
2026-07-31T14:06:47.123+00:00,1785506807123,BTC-USDT-SWAP,sell,long,55.81,62758.9
2026-07-31T14:06:47.044+00:00,1785506807044,BTC-USDT-SWAP,sell,long,1.75,62760.4
2026-07-31T14:06:47.039+00:00,1785506807039,BTC-USDT-SWAP,sell,long,2.65,62760.4
2026-07-31T14:06:47.008+00:00,1785506807008,BTC-USDT-SWAP,sell,long,1.07,62760.4
2026-07-31T14:06:45.830+00:00,1785506805830,BTC-USDT-SWAP,sell,long,1,62763.2
2026-07-31T14:06:45.743+00:00,1785506805743,BTC-USDT-SWAP,sell,long,0.2,62763.2
2026-07-31T14:06:45.412+00:00,1785506805412,BTC-USDT-SWAP,sell,long,13.47,62766.1
2026-07-31T14:06:45.305+00:00,1785506805305,BTC-USDT-SWAP,sell,long,1.69,62766.1
2026-07-31T14:06:45.232+00:00,1785506805232,BTC-USDT-SWAP,sell,long,5.1,62766.1
2026-07-31T14:06:45.003+00:00,1785506805003,BTC-USDT-SWAP,sell,long,0.46,62768.9
2026-07-31T14:06:44.889+00:00,1785506804889,BTC-USDT-SWAP,sell,long,0.75,62768.9
2026-07-31T14:06:44.819+00:00,1785506804819,BTC-USDT-SWAP,sell,long,0.06,62771.6
2026-07-31T14:06:44.789+00:00,1785506804789,BTC-USDT-SWAP,sell,long,180,62771.6
2026-07-31T14:06:44.715+00:00,1785506804715,BTC-USDT-SWAP,sell,long,7.5,62771.6
2026-07-31T14:06:43.629+00:00,1785506803629,BTC-USDT-SWAP,sell,long,0.95,62773.9
2026-07-31T14:06:43.598+00:00,1785506803598,BTC-USDT-SWAP,sell,long,2.82,62773.9
2026-07-31T14:06:43.558+00:00,1785506803558,BTC-USDT-SWAP,sell,long,4.64,62773.9
2026-07-31T14:06:42.788+00:00,1785506802788,BTC-USDT-SWAP,sell,long,4.39,62775.4
2026-07-31T14:06:42.767+00:00,1785506802767,BTC-USDT-SWAP,sell,long,5,62775.4
2026-07-31T14:06:42.765+00:00,1785506802765,BTC-USDT-SWAP,sell,long,1.88,62775.4
2026-07-31T14:06:40.985+00:00,1785506800985,BTC-USDT-SWAP,sell,long,0.09,62777.2
2026-07-31T14:06:40.980+00:00,1785506800980,BTC-USDT-SWAP,sell,long,15.09,62777.2
2026-07-31T14:06:40.926+00:00,1785506800926,BTC-USDT-SWAP,sell,long,10,62777.2
2026-07-31T14:06:40.887+00:00,1785506800887,BTC-USDT-SWAP,sell,long,1.82,62777.2
2026-07-31T14:06:40.864+00:00,1785506800864,BTC-USDT-SWAP,sell,long,19.56,62777.2
2026-07-31T14:06:40.620+00:00,1785506800620,BTC-USDT-SWAP,sell,long,49.99,62779.7
2026-07-31T14:06:40.615+00:00,1785506800615,BTC-USDT-SWAP,sell,long,0.23,62779.7
2026-07-31T14:06:40.610+00:00,1785506800610,BTC-USDT-SWAP,sell,long,0.82,62779.7
2026-07-31T14:06:40.587+00:00,1785506800587,BTC-USDT-SWAP,sell,long,8.7,62779.7
2026-07-31T14:06:40.479+00:00,1785506800479,BTC-USDT-SWAP,sell,long,2.35,62779.7
2026-07-31T14:06:40.459+00:00,1785506800459,BTC-USDT-SWAP,sell,long,14.36,62779.7
2026-07-31T14:06:40.440+00:00,1785506800440,BTC-USDT-SWAP,sell,long,5,62784.6
2026-07-31T14:06:40.434+00:00,1785506800434,BTC-USDT-SWAP,sell,long,113.61,62779.7
2026-07-31T14:06:40.410+00:00,1785506800410,BTC-USDT-SWAP,sell,long,38.29,62784.6
2026-07-31T14:06:40.376+00:00,1785506800376,BTC-USDT-SWAP,sell,long,17.62,62784.6
2026-07-31T14:06:40.370+00:00,1785506800370,BTC-USDT-SWAP,sell,long,0.26,62784.6
2026-07-31T14:06:40.364+00:00,1785506800364,BTC-USDT-SWAP,sell,long,0.3,62784.6
2026-07-31T14:06:40.339+00:00,1785506800339,BTC-USDT-SWAP,sell,long,2.72,62784.6
2026-07-31T14:06:40.330+00:00,1785506800330,BTC-USDT-SWAP,sell,long,140.16,62784.6
2026-07-31T14:06:40.324+00:00,1785506800324,BTC-USDT-SWAP,sell,long,33.14,62784.6
2026-07-31T14:06:40.320+00:00,1785506800320,BTC-USDT-SWAP,sell,long,15.04,62792.8
2026-07-31T14:06:40.312+00:00,1785506800312,BTC-USDT-SWAP,sell,long,9.54,62784.6
2026-07-31T14:06:39.365+00:00,1785506799365,BTC-USDT-SWAP,sell,long,0.31,62802.4
2026-07-31T14:06:36.414+00:00,1785506796414,BTC-USDT-SWAP,sell,long,7.2,62801.8
2026-07-31T14:06:36.339+00:00,1785506796339,BTC-USDT-SWAP,sell,long,18.86,62801.8
2026-07-31T14:06:36.335+00:00,1785506796335,BTC-USDT-SWAP,sell,long,0.05,62801.8
2026-07-31T14:06:36.277+00:00,1785506796277,BTC-USDT-SWAP,sell,long,0.15,62801.8
2026-07-31T14:06:36.203+00:00,1785506796203,BTC-USDT-SWAP,sell,long,4.53,62805.2
2026-07-31T14:06:36.168+00:00,1785506796168,BTC-USDT-SWAP,sell,long,10.09,62805.2
2026-07-31T14:06:36.127+00:00,1785506796127,BTC-USDT-SWAP,sell,long,27.07,62805.2
2026-07-31T14:06:36.112+00:00,1785506796112,BTC-USDT-SWAP,sell,long,1.51,62805.2
2026-07-31T14:06:36.027+00:00,1785506796027,BTC-USDT-SWAP,sell,long,5.01,62811
2026-07-31T14:06:35.912+00:00,1785506795912,BTC-USDT-SWAP,sell,long,178.86,62811
2026-07-31T14:06:35.467+00:00,1785506795467,BTC-USDT-SWAP,sell,long,1.16,62814.8
2026-07-31T14:06:35.384+00:00,1785506795384,BTC-USDT-SWAP,sell,long,3.32,62814.6
2026-07-31T14:06:35.377+00:00,1785506795377,BTC-USDT-SWAP,sell,long,15,62814.6
2026-07-31T14:06:35.351+00:00,1785506795351,BTC-USDT-SWAP,sell,long,3.35,62814.6
2026-07-31T14:06:35.297+00:00,1785506795297,BTC-USDT-SWAP,sell,long,0.38,62814.6
2026-07-31T14:06:35.247+00:00,1785506795247,BTC-USDT-SWAP,sell,long,2.59,62814.6
2026-07-31T14:06:34.956+00:00,1785506794956,BTC-USDT-SWAP,sell,long,2.5,62816.4
2026-07-31T14:06:34.948+00:00,1785506794948,BTC-USDT-SWAP,sell,long,0.46,62816.4
2026-07-31T14:06:34.934+00:00,1785506794934,BTC-USDT-SWAP,sell,long,0.36,62816.4
2026-07-31T14:06:34.927+00:00,1785506794927,BTC-USDT-SWAP,sell,long,1.91,62816.4
2026-07-31T14:06:34.915+00:00,1785506794915,BTC-USDT-SWAP,sell,long,0.35,62816.4
2026-07-31T14:06:34.905+00:00,1785506794905,BTC-USDT-SWAP,sell,long,10,62816.4
2026-07-31T14:06:34.895+00:00,1785506794895,BTC-USDT-SWAP,sell,long,0.12,62816.4
2026-07-31T14:06:34.493+00:00,1785506794493,BTC-USDT-SWAP,sell,long,0.22,62825.6
2026-07-31T14:06:34.466+00:00,1785506794466,BTC-USDT-SWAP,sell,long,22.18,62825.6
2026-07-31T14:06:34.430+00:00,1785506794430,BTC-USDT-SWAP,sell,long,0.02,62825.6
2026-07-31T14:06:32.559+00:00,1785506792559,BTC-USDT-SWAP,sell,long,0.45,62827.4
2026-07-31T14:06:32.511+00:00,1785506792511,BTC-USDT-SWAP,sell,long,1.42,62827.4
2026-07-31T14:06:32.491+00:00,1785506792491,BTC-USDT-SWAP,sell,long,7.78,62827.4
2026-07-31T14:06:32.483+00:00,1785506792483,BTC-USDT-SWAP,sell,long,17.85,62827.4
2026-07-31T14:06:32.477+00:00,1785506792477,BTC-USDT-SWAP,sell,long,147.19,62827.4
2026-07-31T14:06:32.448+00:00,1785506792448,BTC-USDT-SWAP,sell,long,9.54,62827.4
2026-07-31T14:06:32.329+00:00,1785506792329,BTC-USDT-SWAP,sell,long,3.2,62832.5
2026-07-31T14:06:32.329+00:00,1785506792329,BTC-USDT-SWAP,sell,long,0.1,62832.5
2026-07-31T14:06:32.326+00:00,1785506792326,BTC-USDT-SWAP,sell,long,7.2,62832.5
2026-07-31T14:06:32.285+00:00,1785506792285,BTC-USDT-SWAP,sell,long,1,62832.5
2026-07-31T14:06:32.283+00:00,1785506792283,BTC-USDT-SWAP,sell,long,2.16,62832.5
2026-07-31T14:06:32.275+00:00,1785506792275,BTC-USDT-SWAP,sell,long,7.17,62832.5
2026-07-31T14:06:32.255+00:00,1785506792255,BTC-USDT-SWAP,sell,long,0.55,62832.5
2026-07-31T14:06:32.218+00:00,1785506792218,BTC-USDT-SWAP,sell,long,0.22,62832.5
2026-07-31T14:06:32.083+00:00,1785506792083,BTC-USDT-SWAP,sell,long,0.2,62843.3
2026-07-31T14:06:32.053+00:00,1785506792053,BTC-USDT-SWAP,sell,long,0.22,62843.3
2026-07-31T14:06:32.042+00:00,1785506792042,BTC-USDT-SWAP,sell,long,0.54,62843.3
2026-07-31T14:06:23.002+00:00,1785506783002,BTC-USDT-SWAP,sell,long,0.55,62855.7
2026-07-31T14:06:22.667+00:00,1785506782667,BTC-USDT-SWAP,sell,long,16.87,62856.4
2026-07-31T14:06:22.664+00:00,1785506782664,BTC-USDT-SWAP,sell,long,1,62856.4
2026-07-31T14:06:22.648+00:00,1785506782648,BTC-USDT-SWAP,sell,long,0.49,62856.4
2026-07-31T14:06:22.638+00:00,1785506782638,BTC-USDT-SWAP,sell,long,0.47,62856.4
2026-07-31T14:06:22.633+00:00,1785506782633,BTC-USDT-SWAP,sell,long,3.21,62856.4
2026-07-31T14:06:22.632+00:00,1785506782632,BTC-USDT-SWAP,sell,long,0.67,62856.4
2026-07-31T14:06:22.625+00:00,1785506782625,BTC-USDT-SWAP,sell,long,81,62856.4
2026-07-31T14:06:22.625+00:00,1785506782625,BTC-USDT-SWAP,sell,long,3.08,62856.4
2026-07-31T14:06:22.591+00:00,1785506782591,BTC-USDT-SWAP,sell,long,0.3,62856.4
2026-07-31T14:06:22.569+00:00,1785506782569,BTC-USDT-SWAP,sell,long,7.26,62856.4
2026-07-31T14:06:22.414+00:00,1785506782414,BTC-USDT-SWAP,sell,long,0.47,62862.6
2026-07-31T14:06:22.405+00:00,1785506782405,BTC-USDT-SWAP,sell,long,12.61,62862.6
2026-07-31T14:06:22.402+00:00,1785506782402,BTC-USDT-SWAP,sell,long,0.17,62862.6
2026-07-31T14:06:20.454+00:00,1785506780454,BTC-USDT-SWAP,sell,long,0.46,62866
2026-07-31T14:06:02.925+00:00,1785506762925,BTC-USDT-SWAP,sell,long,0.12,62867.4
2026-07-31T14:06:02.605+00:00,1785506762605,BTC-USDT-SWAP,sell,long,2,62868.5
2026-07-31T14:06:02.540+00:00,1785506762540,BTC-USDT-SWAP,sell,long,0.01,62868.5
2026-07-31T14:06:02.537+00:00,1785506762537,BTC-USDT-SWAP,sell,long,0.01,62868.5
2026-07-31T14:06:02.417+00:00,1785506762417,BTC-USDT-SWAP,sell,long,0.04,62868.5
2026-07-31T14:06:01.784+00:00,1785506761784,BTC-USDT-SWAP,sell,long,0.16,62867.6
2026-07-31T14:06:01.769+00:00,1785506761769,BTC-USDT-SWAP,sell,long,12.75,62867.6
2026-07-31T14:06:01.753+00:00,1785506761753,BTC-USDT-SWAP,sell,long,14.11,62867.6
2026-07-31T14:06:01.750+00:00,1785506761750,BTC-USDT-SWAP,sell,long,0.01,62867.6
2026-07-31T14:06:01.747+00:00,1785506761747,BTC-USDT-SWAP,sell,long,0.01,62867.6
2026-07-31T14:06:01.741+00:00,1785506761741,BTC-USDT-SWAP,sell,long,0.71,62867.6
2026-07-31T14:06:01.697+00:00,1785506761697,BTC-USDT-SWAP,sell,long,0.01,62867.6
2026-07-31T14:06:01.674+00:00,1785506761674,BTC-USDT-SWAP,sell,long,0.01,62867.6
2026-07-31T14:06:01.355+00:00,1785506761355,BTC-USDT-SWAP,sell,long,0.58,62872.2
2026-07-31T14:06:01.327+00:00,1785506761327,BTC-USDT-SWAP,sell,long,1.74,62872.2
2026-07-31T14:06:01.312+00:00,1785506761312,BTC-USDT-SWAP,sell,long,0.28,62872.2
2026-07-31T14:06:01.290+00:00,1785506761290,BTC-USDT-SWAP,sell,long,2.25,62872.2
2026-07-31T14:06:01.285+00:00,1785506761285,BTC-USDT-SWAP,sell,long,0.51,62872.2
2026-07-31T14:06:01.010+00:00,1785506761010,BTC-USDT-SWAP,sell,long,5.71,62876
2026-07-31T14:06:00.949+00:00,1785506760949,BTC-USDT-SWAP,sell,long,6.22,62876
2026-07-31T14:06:00.758+00:00,1785506760758,BTC-USDT-SWAP,sell,long,3.36,62879.7
2026-07-31T14:06:00.752+00:00,1785506760752,BTC-USDT-SWAP,sell,long,0.21,62879.7
2026-07-31T14:06:00.713+00:00,1785506760713,BTC-USDT-SWAP,sell,long,0.25,62879.7
2026-07-31T14:06:00.701+00:00,1785506760701,BTC-USDT-SWAP,sell,long,32.58,62879.7
2026-07-31T14:06:00.675+00:00,1785506760675,BTC-USDT-SWAP,sell,long,0.98,62879.7
2026-07-31T14:05:59.931+00:00,1785506759931,BTC-USDT-SWAP,sell,long,1,62883.2
2026-07-31T14:05:59.891+00:00,1785506759891,BTC-USDT-SWAP,sell,long,0.96,62883.2
2026-07-31T14:05:59.889+00:00,1785506759889,BTC-USDT-SWAP,sell,long,1.24,62883.2
2026-07-31T14:05:59.822+00:00,1785506759822,BTC-USDT-SWAP,sell,long,10.07,62886.2
2026-07-31T14:05:59.815+00:00,1785506759815,BTC-USDT-SWAP,sell,long,10,62886.2
2026-07-31T14:05:59.747+00:00,1785506759747,BTC-USDT-SWAP,sell,long,30,62886.2
2026-07-31T14:05:59.723+00:00,1785506759723,BTC-USDT-SWAP,sell,long,1.35,62886.2
2026-07-31T14:05:59.713+00:00,1785506759713,BTC-USDT-SWAP,sell,long,9.9,62886.2
2026-07-31T14:05:59.696+00:00,1785506759696,BTC-USDT-SWAP,sell,long,15.91,62886.2
2026-07-31T14:05:59.686+00:00,1785506759686,BTC-USDT-SWAP,sell,long,0.64,62886.2
2026-07-31T14:05:59.686+00:00,1785506759686,BTC-USDT-SWAP,sell,long,22.26,62886.2
2026-07-31T14:05:59.683+00:00,1785506759683,BTC-USDT-SWAP,sell,long,0.01,62886.2
2026-07-31T14:05:59.682+00:00,1785506759682,BTC-USDT-SWAP,sell,long,0.5,62886.2
2026-07-31T14:05:36.809+00:00,1785506736809,BTC-USDT-SWAP,sell,long,5.01,62896
2026-07-31T14:05:35.912+00:00,1785506735912,BTC-USDT-SWAP,sell,long,2.76,62896.9
2026-07-31T14:05:35.537+00:00,1785506735537,BTC-USDT-SWAP,sell,long,2.95,62896.9
2026-07-31T14:05:35.469+00:00,1785506735469,BTC-USDT-SWAP,sell,long,60,62897.8
2026-07-31T14:05:35.385+00:00,1785506735385,BTC-USDT-SWAP,sell,long,19.32,62897.8
2026-07-31T14:05:35.384+00:00,1785506735384,BTC-USDT-SWAP,sell,long,0.94,62897.8
2026-07-31T14:05:35.371+00:00,1785506735371,BTC-USDT-SWAP,sell,long,5.27,62897.8
2026-07-31T14:05:35.370+00:00,1785506735370,BTC-USDT-SWAP,sell,long,0.13,62897.8
2026-07-31T14:05:35.364+00:00,1785506735364,BTC-USDT-SWAP,sell,long,0.62,62897.8
2026-07-31T14:05:35.309+00:00,1785506735309,BTC-USDT-SWAP,sell,long,0.49,62897.8
2026-07-31T14:05:34.108+00:00,1785506734108,BTC-USDT-SWAP,sell,long,0.15,62904.5
2026-07-31T14:05:33.993+00:00,1785506733993,BTC-USDT-SWAP,sell,long,2.58,62905
2026-07-31T14:05:33.990+00:00,1785506733990,BTC-USDT-SWAP,sell,long,62.05,62905
2026-07-31T14:05:33.981+00:00,1785506733981,BTC-USDT-SWAP,sell,long,2.21,62905
2026-07-31T14:05:33.967+00:00,1785506733967,BTC-USDT-SWAP,sell,long,0.22,62905
2026-07-31T14:05:33.964+00:00,1785506733964,BTC-USDT-SWAP,sell,long,25.45,62905
2026-07-31T14:05:33.938+00:00,1785506733938,BTC-USDT-SWAP,sell,long,0.03,62905
2026-07-31T14:05:33.880+00:00,1785506733880,BTC-USDT-SWAP,sell,long,23.77,62905
2026-07-31T14:05:33.857+00:00,1785506733857,BTC-USDT-SWAP,sell,long,46.41,62905
2026-07-31T14:05:33.815+00:00,1785506733815,BTC-USDT-SWAP,sell,long,0.92,62905
2026-07-31T14:05:33.811+00:00,1785506733811,BTC-USDT-SWAP,sell,long,0.08,62905
2026-07-31T14:05:10.697+00:00,1785506710697,BTC-USDT-SWAP,sell,long,6.29,62912.5
2026-07-31T14:05:10.624+00:00,1785506710624,BTC-USDT-SWAP,sell,long,11.8,62912.5
2026-07-31T14:05:10.580+00:00,1785506710580,BTC-USDT-SWAP,sell,long,5.38,62912.7
2026-07-31T14:05:10.568+00:00,1785506710568,BTC-USDT-SWAP,sell,long,13.09,62912.7
2026-07-31T14:05:10.568+00:00,1785506710568,BTC-USDT-SWAP,sell,long,177.67,62912.7
2026-07-31T14:05:10.510+00:00,1785506710510,BTC-USDT-SWAP,sell,long,7.53,62917.4
2026-07-31T14:05:10.500+00:00,1785506710500,BTC-USDT-SWAP,sell,long,50,62917.4
2026-07-31T14:05:10.498+00:00,1785506710498,BTC-USDT-SWAP,sell,long,2.15,62917.4
2026-07-31T14:05:10.485+00:00,1785506710485,BTC-USDT-SWAP,sell,long,2.86,62917.4
2026-07-31T14:05:10.392+00:00,1785506710392,BTC-USDT-SWAP,sell,long,2,62917.4
2026-07-31T14:05:10.379+00:00,1785506710379,BTC-USDT-SWAP,sell,long,1.13,62917.4
2026-07-31T14:05:10.356+00:00,1785506710356,BTC-USDT-SWAP,sell,long,56.08,62917.4
2026-07-31T14:05:10.351+00:00,1785506710351,BTC-USDT-SWAP,sell,long,7.39,62917.4
2026-07-31T14:05:10.346+00:00,1785506710346,BTC-USDT-SWAP,sell,long,2.49,62917.4
2026-07-31T14:05:10.284+00:00,1785506710284,BTC-USDT-SWAP,sell,long,0.07,62917.4
2026-07-31T14:05:09.856+00:00,1785506709856,BTC-USDT-SWAP,sell,long,1.81,62921.6
2026-07-31T14:05:09.803+00:00,1785506709803,BTC-USDT-SWAP,sell,long,3.69,62921.6
2026-07-31T14:05:09.778+00:00,1785506709778,BTC-USDT-SWAP,sell,long,4.77,62921.6
2026-07-31T14:05:09.451+00:00,1785506709451,BTC-USDT-SWAP,sell,long,23.29,62924.8
2026-07-31T14:05:09.446+00:00,1785506709446,BTC-USDT-SWAP,sell,long,5.76,62925.3
2026-07-31T14:05:09.439+00:00,1785506709439,BTC-USDT-SWAP,sell,long,0.16,62925.3
2026-07-31T14:05:09.418+00:00,1785506709418,BTC-USDT-SWAP,sell,long,2.07,62925.3
2026-07-31T14:05:09.378+00:00,1785506709378,BTC-USDT-SWAP,sell,long,0.34,62925.3
2026-07-31T14:05:09.376+00:00,1785506709376,BTC-USDT-SWAP,sell,long,3.51,62925.3
2026-07-31T14:05:09.359+00:00,1785506709359,BTC-USDT-SWAP,sell,long,2.26,62925.3
2026-07-31T14:05:09.343+00:00,1785506709343,BTC-USDT-SWAP,sell,long,0.02,62925.3
2026-07-31T14:05:09.331+00:00,1785506709331,BTC-USDT-SWAP,sell,long,2.36,62925.3
2026-07-31T14:05:09.267+00:00,1785506709267,BTC-USDT-SWAP,sell,long,60,62931.7
2026-07-31T14:05:07.932+00:00,1785506707932,BTC-USDT-SWAP,sell,long,9.82,62931.7
2026-07-31T14:05:07.876+00:00,1785506707876,BTC-USDT-SWAP,sell,long,3.43,62933.1
2026-07-31T14:05:07.738+00:00,1785506707738,BTC-USDT-SWAP,sell,long,0.01,62933.1
2026-07-31T14:05:07.559+00:00,1785506707559,BTC-USDT-SWAP,sell,long,3.12,62933.8
2026-07-31T14:05:07.402+00:00,1785506707402,BTC-USDT-SWAP,sell,long,2.54,62934.3
2026-07-31T14:05:07.156+00:00,1785506707156,BTC-USDT-SWAP,sell,long,10.96,62934.5
2026-07-31T14:05:07.106+00:00,1785506707106,BTC-USDT-SWAP,sell,long,0.23,62934.5
2026-07-31T14:05:07.092+00:00,1785506707092,BTC-USDT-SWAP,sell,long,8.99,62936.3
2026-07-31T14:05:07.025+00:00,1785506707025,BTC-USDT-SWAP,sell,long,1.1,62936.3
2026-07-31T14:05:07.018+00:00,1785506707018,BTC-USDT-SWAP,sell,long,13.31,62936.3
2026-07-31T14:05:06.976+00:00,1785506706976,BTC-USDT-SWAP,sell,long,0.07,62936.3
2026-07-31T14:05:06.969+00:00,1785506706969,BTC-USDT-SWAP,sell,long,0.32,62936.3
2026-07-31T14:05:06.967+00:00,1785506706967,BTC-USDT-SWAP,sell,long,1.53,62936.3
2026-07-31T14:05:06.965+00:00,1785506706965,BTC-USDT-SWAP,sell,long,0.99,62936.3
2026-07-31T14:05:05.428+00:00,1785506705428,BTC-USDT-SWAP,sell,long,51.64,62940
2026-07-31T14:05:05.382+00:00,1785506705382,BTC-USDT-SWAP,sell,long,12.05,62940
2026-07-31T14:05:05.382+00:00,1785506705382,BTC-USDT-SWAP,sell,long,0.1,62940
2026-07-31T14:05:05.345+00:00,1785506705345,BTC-USDT-SWAP,sell,long,0.65,62940
2026-07-31T14:05:05.328+00:00,1785506705328,BTC-USDT-SWAP,sell,long,186.98,62940
2026-07-31T14:05:05.316+00:00,1785506705316,BTC-USDT-SWAP,sell,long,3.34,62940
2026-07-31T14:05:05.298+00:00,1785506705298,BTC-USDT-SWAP,sell,long,2.2,62940
2026-07-31T14:05:05.181+00:00,1785506705181,BTC-USDT-SWAP,sell,long,0.01,62947.4
2026-07-31T14:05:05.114+00:00,1785506705114,BTC-USDT-SWAP,sell,long,657.49,62947.4
2026-07-31T14:05:05.091+00:00,1785506705091,BTC-USDT-SWAP,sell,long,6.08,62947.4
2026-07-31T14:05:05.080+00:00,1785506705080,BTC-USDT-SWAP,sell,long,0.02,62947.4
2026-07-31T14:05:05.058+00:00,1785506705058,BTC-USDT-SWAP,sell,long,100,62947.4
2026-07-31T14:05:05.037+00:00,1785506705037,BTC-USDT-SWAP,sell,long,13.75,62947.4
2026-07-31T14:05:04.192+00:00,1785506704192,BTC-USDT-SWAP,sell,long,0.03,62953.8
2026-07-31T14:05:04.067+00:00,1785506704067,BTC-USDT-SWAP,sell,long,3.28,62954.4
2026-07-31T14:05:03.285+00:00,1785506703285,BTC-USDT-SWAP,sell,long,6.15,62954.2
2026-07-31T14:05:03.268+00:00,1785506703268,BTC-USDT-SWAP,sell,long,0.56,62954.2
2026-07-31T14:05:03.263+00:00,1785506703263,BTC-USDT-SWAP,sell,long,108.92,62954.2
2026-07-31T14:05:03.212+00:00,1785506703212,BTC-USDT-SWAP,sell,long,0.92,62950.9
2026-07-31T14:05:03.092+00:00,1785506703092,BTC-USDT-SWAP,sell,long,1.31,62950.9
2026-07-31T14:05:03.023+00:00,1785506703023,BTC-USDT-SWAP,sell,long,29.02,62950.9
2026-07-31T14:05:02.934+00:00,1785506702934,BTC-USDT-SWAP,sell,long,0.04,62950.9
2026-07-31T14:05:02.539+00:00,1785506702539,BTC-USDT-SWAP,sell,long,7,62951.3
2026-07-31T14:05:02.510+00:00,1785506702510,BTC-USDT-SWAP,sell,long,1.54,62951.3
2026-07-31T14:05:02.393+00:00,1785506702393,BTC-USDT-SWAP,sell,long,47.17,62951.8
2026-07-31T14:05:02.369+00:00,1785506702369,BTC-USDT-SWAP,sell,long,17.14,62951.8
2026-07-31T14:04:22.745+00:00,1785506662745,BTC-USDT-SWAP,sell,long,22.97,62961.2
2026-07-31T14:04:22.717+00:00,1785506662717,BTC-USDT-SWAP,sell,long,0.43,62961.2
2026-07-31T14:04:22.590+00:00,1785506662590,BTC-USDT-SWAP,sell,long,8.63,62962.9
2026-07-31T14:04:22.588+00:00,1785506662588,BTC-USDT-SWAP,sell,long,0.59,62962.9
2026-07-31T14:04:22.558+00:00,1785506662558,BTC-USDT-SWAP,sell,long,0.52,62962.9
2026-07-31T14:04:22.500+00:00,1785506662500,BTC-USDT-SWAP,sell,long,1.36,62962.9
2026-07-31T14:04:22.498+00:00,1785506662498,BTC-USDT-SWAP,sell,long,24.91,62962.9
2026-07-31T14:04:22.498+00:00,1785506662498,BTC-USDT-SWAP,sell,long,3.98,62962.9
2026-07-31T14:04:22.495+00:00,1785506662495,BTC-USDT-SWAP,sell,long,16.34,62962.9
2026-07-31T14:04:22.494+00:00,1785506662494,BTC-USDT-SWAP,sell,long,1.16,62962.9
2026-07-31T14:04:22.491+00:00,1785506662491,BTC-USDT-SWAP,sell,long,4.48,62962.9
2026-07-31T14:04:22.471+00:00,1785506662471,BTC-USDT-SWAP,sell,long,0.58,62962.9
2026-07-31T14:04:22.408+00:00,1785506662408,BTC-USDT-SWAP,sell,long,2.16,62976
2026-07-31T14:04:22.392+00:00,1785506662392,BTC-USDT-SWAP,sell,long,0.2,62976
2026-07-31T14:04:22.363+00:00,1785506662363,BTC-USDT-SWAP,sell,long,0.23,62976
2026-07-31T14:04:22.354+00:00,1785506662354,BTC-USDT-SWAP,sell,long,6.79,62962.9
2026-07-31T14:04:22.350+00:00,1785506662350,BTC-USDT-SWAP,sell,long,0.55,62976
2026-07-31T14:04:22.350+00:00,1785506662350,BTC-USDT-SWAP,sell,long,0.11,62976
2026-07-31T14:04:22.329+00:00,1785506662329,BTC-USDT-SWAP,sell,long,2.48,62976
2026-07-31T14:04:22.265+00:00,1785506662265,BTC-USDT-SWAP,sell,long,1.14,62976
2026-07-31T14:04:22.151+00:00,1785506662151,BTC-USDT-SWAP,sell,long,303.02,62993.3
2026-07-31T14:04:21.476+00:00,1785506661476,BTC-USDT-SWAP,sell,long,33.74,63007.8
2026-07-31T14:04:21.346+00:00,1785506661346,BTC-USDT-SWAP,sell,long,2.07,63010
2026-07-31T14:04:21.326+00:00,1785506661326,BTC-USDT-SWAP,sell,long,3.1,63010
2026-07-31T14:04:21.219+00:00,1785506661219,BTC-USDT-SWAP,sell,long,0.54,63010
2026-07-31T14:04:21.159+00:00,1785506661159,BTC-USDT-SWAP,sell,long,0.04,63012.8
2026-07-31T14:04:21.154+00:00,1785506661154,BTC-USDT-SWAP,sell,long,1.51,63012.8
2026-07-31T14:04:21.144+00:00,1785506661144,BTC-USDT-SWAP,sell,long,20,63012.8
2026-07-31T14:04:21.140+00:00,1785506661140,BTC-USDT-SWAP,sell,long,16.81,63012.8
2026-07-31T14:04:21.135+00:00,1785506661135,BTC-USDT-SWAP,sell,long,4.64,63012.8
2026-07-31T14:04:21.134+00:00,1785506661134,BTC-USDT-SWAP,sell,long,0.01,63012.8
2026-07-31T14:04:21.133+00:00,1785506661133,BTC-USDT-SWAP,sell,long,1.5,63012.8
2026-07-31T14:04:21.001+00:00,1785506661001,BTC-USDT-SWAP,sell,long,0.24,63016.6
2026-07-31T14:04:20.936+00:00,1785506660936,BTC-USDT-SWAP,sell,long,12.82,63016.6
2026-07-31T14:04:20.351+00:00,1785506660351,BTC-USDT-SWAP,sell,long,0.75,63020.6
2026-07-31T14:04:20.349+00:00,1785506660349,BTC-USDT-SWAP,sell,long,100,63020.6
2026-07-31T14:04:20.337+00:00,1785506660337,BTC-USDT-SWAP,sell,long,0.62,63020.6
2026-07-31T14:04:20.337+00:00,1785506660337,BTC-USDT-SWAP,sell,long,2,63020.6
2026-07-31T14:04:20.327+00:00,1785506660327,BTC-USDT-SWAP,sell,long,0.96,63020.6
2026-07-31T14:04:19.907+00:00,1785506659907,BTC-USDT-SWAP,sell,long,10.93,63023.9
2026-07-31T14:04:19.598+00:00,1785506659598,BTC-USDT-SWAP,sell,long,7.88,63025.7
2026-07-31T14:04:19.559+00:00,1785506659559,BTC-USDT-SWAP,sell,long,0.02,63025.7
2026-07-31T14:04:19.521+00:00,1785506659521,BTC-USDT-SWAP,sell,long,5.11,63025.7
2026-07-31T14:04:19.356+00:00,1785506659356,BTC-USDT-SWAP,sell,long,50,63027.4
2026-07-31T14:04:19.339+00:00,1785506659339,BTC-USDT-SWAP,sell,long,0.63,63027.4
2026-07-31T14:04:19.338+00:00,1785506659338,BTC-USDT-SWAP,sell,long,17,63027.4
2026-07-31T14:04:19.336+00:00,1785506659336,BTC-USDT-SWAP,sell,long,0.07,63027.4
2026-07-31T14:04:19.329+00:00,1785506659329,BTC-USDT-SWAP,sell,long,6.35,63027.4
2026-07-31T14:04:19.296+00:00,1785506659296,BTC-USDT-SWAP,sell,long,3.35,63027.4
2026-07-31T14:04:19.289+00:00,1785506659289,BTC-USDT-SWAP,sell,long,100,63027.4
2026-07-31T14:04:19.288+00:00,1785506659288,BTC-USDT-SWAP,sell,long,0.56,63027.4
2026-07-31T14:04:19.144+00:00,1785506659144,BTC-USDT-SWAP,sell,long,3.81,63035.9
2026-07-31T14:04:19.088+00:00,1785506659088,BTC-USDT-SWAP,sell,long,100,63035.9
2026-07-31T14:04:19.074+00:00,1785506659074,BTC-USDT-SWAP,sell,long,14.08,63035.9
2026-07-31T14:04:19.058+00:00,1785506659058,BTC-USDT-SWAP,sell,long,38.06,63035.9
2026-07-31T14:04:17.857+00:00,1785506657857,BTC-USDT-SWAP,sell,long,35,63041.9
2026-07-31T14:04:17.572+00:00,1785506657572,BTC-USDT-SWAP,sell,long,31.89,63046.4
2026-07-31T14:04:15.309+00:00,1785506655309,BTC-USDT-SWAP,sell,long,22.21,63051.4
2026-07-31T14:04:15.306+00:00,1785506655306,BTC-USDT-SWAP,sell,long,30,63051.4
2026-07-31T14:04:15.280+00:00,1785506655280,BTC-USDT-SWAP,sell,long,1.14,63051.4
2026-07-31T14:04:15.266+00:00,1785506655266,BTC-USDT-SWAP,sell,long,3.74,63051.4
2026-07-31T14:04:15.266+00:00,1785506655266,BTC-USDT-SWAP,sell,long,2.01,63051.4
2026-07-31T14:04:15.249+00:00,1785506655249,BTC-USDT-SWAP,sell,long,1,63051.4
2026-07-31T14:04:15.240+00:00,1785506655240,BTC-USDT-SWAP,sell,long,1.44,63051.4
2026-07-31T14:04:15.213+00:00,1785506655213,BTC-USDT-SWAP,sell,long,0.01,63051.4
2026-07-31T14:04:14.222+00:00,1785506654222,BTC-USDT-SWAP,sell,long,0.78,63058.9
2026-07-31T14:04:10.897+00:00,1785506650897,BTC-USDT-SWAP,sell,long,8.38,63059.1
2026-07-31T14:04:10.076+00:00,1785506650076,BTC-USDT-SWAP,sell,long,61.46,63060.2
2026-07-31T14:04:09.965+00:00,1785506649965,BTC-USDT-SWAP,sell,long,0.01,63060.2
2026-07-31T14:04:09.167+00:00,1785506649167,BTC-USDT-SWAP,sell,long,0.77,63061
2026-07-31T14:04:09.127+00:00,1785506649127,BTC-USDT-SWAP,sell,long,0.92,63061
2026-07-31T14:04:09.036+00:00,1785506649036,BTC-USDT-SWAP,sell,long,0.02,63061
2026-07-31T14:04:08.909+00:00,1785506648909,BTC-USDT-SWAP,sell,long,9.14,63061
2026-07-31T14:04:08.619+00:00,1785506648619,BTC-USDT-SWAP,sell,long,21.97,63066.4
2026-07-31T14:04:08.571+00:00,1785506648571,BTC-USDT-SWAP,sell,long,47.4,63066.4
2026-07-31T14:04:06.231+00:00,1785506646231,BTC-USDT-SWAP,sell,long,0.29,63068
2026-07-31T14:04:06.183+00:00,1785506646183,BTC-USDT-SWAP,sell,long,2.45,63068
2026-07-31T14:04:06.127+00:00,1785506646127,BTC-USDT-SWAP,sell,long,17,63068
2026-07-31T14:04:06.006+00:00,1785506646006,BTC-USDT-SWAP,sell,long,1.06,63073
2026-07-31T14:03:51.836+00:00,1785506631836,BTC-USDT-SWAP,sell,long,0.17,63077
2026-07-31T14:03:51.794+00:00,1785506631794,BTC-USDT-SWAP,sell,long,0.68,63077
2026-07-31T14:03:51.715+00:00,1785506631715,BTC-USDT-SWAP,sell,long,0.01,63077.6
2026-07-31T14:03:51.696+00:00,1785506631696,BTC-USDT-SWAP,sell,long,0.09,63077.6
2026-07-31T14:03:51.408+00:00,1785506631408,BTC-USDT-SWAP,sell,long,75,63084
2026-07-31T14:03:51.267+00:00,1785506631267,BTC-USDT-SWAP,sell,long,1.15,63084
2026-07-31T14:03:51.017+00:00,1785506631017,BTC-USDT-SWAP,sell,long,0.75,63086.4
2026-07-31T14:03:50.352+00:00,1785506630352,BTC-USDT-SWAP,sell,long,0.55,63086.8
2026-07-31T14:03:50.325+00:00,1785506630325,BTC-USDT-SWAP,sell,long,20,63086.8
2026-07-31T14:03:48.943+00:00,1785506628943,BTC-USDT-SWAP,sell,long,5,63088.9
2026-07-31T14:03:47.121+00:00,1785506627121,BTC-USDT-SWAP,sell,long,100.54,63094
2026-07-31T14:03:47.048+00:00,1785506627048,BTC-USDT-SWAP,sell,long,388.35,63094
2026-07-31T14:03:47.041+00:00,1785506627041,BTC-USDT-SWAP,sell,long,4.23,63094
2026-07-31T14:03:46.980+00:00,1785506626980,BTC-USDT-SWAP,sell,long,12.15,63094
2026-07-31T14:03:46.936+00:00,1785506626936,BTC-USDT-SWAP,sell,long,3,63094
2026-07-31T14:03:46.925+00:00,1785506626925,BTC-USDT-SWAP,sell,long,1.6,63094
2026-07-31T14:03:46.895+00:00,1785506626895,BTC-USDT-SWAP,sell,long,15.28,63096.5
2026-07-31T14:03:46.854+00:00,1785506626854,BTC-USDT-SWAP,sell,long,1.15,63096.5
2026-07-31T14:03:39.330+00:00,1785506619330,BTC-USDT-SWAP,sell,long,0.1,63103.8
2026-07-31T14:03:39.308+00:00,1785506619308,BTC-USDT-SWAP,sell,long,0.04,63103.8
2026-07-31T14:03:39.275+00:00,1785506619275,BTC-USDT-SWAP,sell,long,0.09,63103.8
2026-07-31T14:03:39.254+00:00,1785506619254,BTC-USDT-SWAP,sell,long,16.15,63103.8
2026-07-31T14:03:39.172+00:00,1785506619172,BTC-USDT-SWAP,sell,long,2.45,63103.8
2026-07-31T14:03:39.133+00:00,1785506619133,BTC-USDT-SWAP,sell,long,27.75,63103.8
2026-07-31T14:03:35.165+00:00,1785506615165,BTC-USDT-SWAP,sell,long,1.26,63115.8
2026-07-31T14:03:35.142+00:00,1785506615142,BTC-USDT-SWAP,sell,long,1.32,63115.8
2026-07-31T14:03:35.034+00:00,1785506615034,BTC-USDT-SWAP,sell,long,2.34,63115.8
2026-07-31T14:03:35.003+00:00,1785506615003,BTC-USDT-SWAP,sell,long,0.06,63115.8
2026-07-31T14:03:34.995+00:00,1785506614995,BTC-USDT-SWAP,sell,long,0.75,63115.8
2026-07-31T14:03:34.868+00:00,1785506614868,BTC-USDT-SWAP,sell,long,1.5,63120.1
2026-07-31T14:03:34.389+00:00,1785506614389,BTC-USDT-SWAP,sell,long,1.02,63123.8
2026-07-31T14:03:34.364+00:00,1785506614364,BTC-USDT-SWAP,sell,long,920,63126
2026-07-31T14:03:34.226+00:00,1785506614226,BTC-USDT-SWAP,sell,long,1.67,63126
2026-07-31T14:03:34.020+00:00,1785506614020,BTC-USDT-SWAP,sell,long,2.52,63127.2
2026-07-31T14:03:33.341+00:00,1785506613341,BTC-USDT-SWAP,sell,long,0.15,63128.5
2026-07-31T14:03:33.274+00:00,1785506613274,BTC-USDT-SWAP,sell,long,6,63128.5
2026-07-31T14:03:33.243+00:00,1785506613243,BTC-USDT-SWAP,sell,long,69.4,63128.5
2026-07-31T14:03:32.794+00:00,1785506612794,BTC-USDT-SWAP,sell,long,3.84,63130
2026-07-31T14:03:28.968+00:00,1785506608968,BTC-USDT-SWAP,sell,long,0.01,63130.9
2026-07-31T14:03:27.672+00:00,1785506607672,BTC-USDT-SWAP,sell,long,0.04,63134.2
2026-07-31T14:03:27.395+00:00,1785506607395,BTC-USDT-SWAP,sell,long,96.35,63134.8
2026-07-31T14:03:27.354+00:00,1785506607354,BTC-USDT-SWAP,sell,long,0.58,63134.8
2026-07-31T14:03:27.352+00:00,1785506607352,BTC-USDT-SWAP,sell,long,0.88,63134.8
2026-07-31T14:03:27.233+00:00,1785506607233,BTC-USDT-SWAP,sell,long,16.34,63137.3
2026-07-31T14:03:27.230+00:00,1785506607230,BTC-USDT-SWAP,sell,long,34.84,63137.3
2026-07-31T14:03:27.198+00:00,1785506607198,BTC-USDT-SWAP,sell,long,1.78,63137.3
2026-07-31T14:03:27.168+00:00,1785506607168,BTC-USDT-SWAP,sell,long,10.62,63137.3
2026-07-31T14:03:27.158+00:00,1785506607158,BTC-USDT-SWAP,sell,long,0.32,63137.3
2026-07-31T14:03:27.151+00:00,1785506607151,BTC-USDT-SWAP,sell,long,0.56,63137.3
2026-07-31T14:03:26.738+00:00,1785506606738,BTC-USDT-SWAP,sell,long,1.98,63148.2
2026-07-31T14:03:26.494+00:00,1785506606494,BTC-USDT-SWAP,sell,long,58.72,63161.7
2026-07-31T14:03:26.480+00:00,1785506606480,BTC-USDT-SWAP,sell,long,4,63162.3
2026-07-31T14:03:26.406+00:00,1785506606406,BTC-USDT-SWAP,sell,long,6.07,63162.3
2026-07-31T14:03:26.325+00:00,1785506606325,BTC-USDT-SWAP,sell,long,2.71,63162.3
2026-07-31T14:03:26.210+00:00,1785506606210,BTC-USDT-SWAP,sell,long,0.03,63164.8
2026-07-31T14:03:25.938+00:00,1785506605938,BTC-USDT-SWAP,sell,long,0.07,63166.1
2026-07-31T14:03:25.936+00:00,1785506605936,BTC-USDT-SWAP,sell,long,10.5,63166.1
2026-07-31T14:03:25.893+00:00,1785506605893,BTC-USDT-SWAP,sell,long,1.05,63166.1
2026-07-31T14:02:49.576+00:00,1785506569576,BTC-USDT-SWAP,sell,long,0.64,63173.3
2026-07-31T14:02:19.550+00:00,1785506539550,BTC-USDT-SWAP,sell,long,1.54,63203.1
2026-07-31T14:02:17.474+00:00,1785506537474,BTC-USDT-SWAP,sell,long,5.08,63179.3
2026-07-31T14:02:16.593+00:00,1785506536593,BTC-USDT-SWAP,sell,long,6.87,63178.9
2026-07-31T14:02:16.539+00:00,1785506536539,BTC-USDT-SWAP,sell,long,0.11,63178.9
2026-07-31T14:02:16.515+00:00,1785506536515,BTC-USDT-SWAP,sell,long,0.21,63178.9
2026-07-31T14:02:16.359+00:00,1785506536359,BTC-USDT-SWAP,sell,long,20,63178.9
2026-07-31T14:02:16.320+00:00,1785506536320,BTC-USDT-SWAP,sell,long,0.18,63182.8
2026-07-31T14:02:16.279+00:00,1785506536279,BTC-USDT-SWAP,sell,long,4.99,63182.8
2026-07-31T14:02:16.279+00:00,1785506536279,BTC-USDT-SWAP,sell,long,0.28,63182.8
2026-07-31T14:02:16.126+00:00,1785506536126,BTC-USDT-SWAP,sell,long,7.9,63191.3
2026-07-31T14:02:16.089+00:00,1785506536089,BTC-USDT-SWAP,sell,long,0.1,63191.3
2026-07-31T14:02:15.929+00:00,1785506535929,BTC-USDT-SWAP,sell,long,1.98,63195.2
2026-07-31T14:02:15.349+00:00,1785506535349,BTC-USDT-SWAP,sell,long,0.34,63196.2
2026-07-31T14:02:15.289+00:00,1785506535289,BTC-USDT-SWAP,sell,long,53,63196.2
2026-07-31T14:02:14.879+00:00,1785506534879,BTC-USDT-SWAP,sell,long,3,63197.7
2026-07-31T14:02:14.488+00:00,1785506534488,BTC-USDT-SWAP,sell,long,3.08,63199.8
2026-07-31T14:02:02.638+00:00,1785506522638,BTC-USDT-SWAP,sell,long,0.45,63201.2
2026-07-31T14:02:02.235+00:00,1785506522235,BTC-USDT-SWAP,sell,long,30,63201.8
2026-07-31T14:02:02.206+00:00,1785506522206,BTC-USDT-SWAP,sell,long,0.01,63201.8
2026-07-31T14:02:02.203+00:00,1785506522203,BTC-USDT-SWAP,sell,long,4.46,63201.8
2026-07-31T13:59:00.745+00:00,1785506340745,BTC-USDT-SWAP,sell,long,2.84,63204.9
2026-07-31T13:59:00.547+00:00,1785506340547,BTC-USDT-SWAP,sell,long,0.3,63208.2
2026-07-31T13:59:00.496+00:00,1785506340496,BTC-USDT-SWAP,sell,long,0.11,63208.2
2026-07-31T13:58:50.640+00:00,1785506330640,BTC-USDT-SWAP,sell,long,1.96,63212.1
2026-07-31T13:58:49.356+00:00,1785506329356,BTC-USDT-SWAP,sell,long,0.09,63212.9
2026-07-31T13:58:49.258+00:00,1785506329258,BTC-USDT-SWAP,sell,long,1.77,63212.9
2026-07-31T13:53:31.288+00:00,1785506011288,BTC-USDT-SWAP,sell,long,6.32,63214.8
2026-07-31T13:53:30.805+00:00,1785506010805,BTC-USDT-SWAP,sell,long,0.09,63214.7
2026-07-31T13:53:30.075+00:00,1785506010075,BTC-USDT-SWAP,sell,long,0.01,63216.5
2026-07-31T13:53:30.059+00:00,1785506010059,BTC-USDT-SWAP,sell,long,0.24,63216.5
2026-07-31T13:53:30.033+00:00,1785506010033,BTC-USDT-SWAP,sell,long,1.08,63216.5
2026-07-31T13:53:29.977+00:00,1785506009977,BTC-USDT-SWAP,sell,long,16.21,63216.5
2026-07-31T13:53:27.209+00:00,1785506007209,BTC-USDT-SWAP,sell,long,6.92,63220.5
2026-07-31T13:53:27.072+00:00,1785506007072,BTC-USDT-SWAP,sell,long,3.63,63223.8
2026-07-31T13:53:26.989+00:00,1785506006989,BTC-USDT-SWAP,sell,long,0.1,63223.8
2026-07-31T13:53:26.958+00:00,1785506006958,BTC-USDT-SWAP,sell,long,0.88,63227.8
2026-07-31T13:53:26.927+00:00,1785506006927,BTC-USDT-SWAP,sell,long,0.06,63227.8
2026-07-31T13:53:26.869+00:00,1785506006869,BTC-USDT-SWAP,sell,long,1.45,63227.8
2026-07-31T13:53:26.808+00:00,1785506006808,BTC-USDT-SWAP,sell,long,0.02,63227.8
2026-07-31T13:53:26.782+00:00,1785506006782,BTC-USDT-SWAP,sell,long,58.44,63227.8
2026-07-31T13:53:26.754+00:00,1785506006754,BTC-USDT-SWAP,sell,long,0.7,63227.8
2026-07-31T13:53:26.731+00:00,1785506006731,BTC-USDT-SWAP,sell,long,6.31,63227.8
2026-07-31T13:53:26.667+00:00,1785506006667,BTC-USDT-SWAP,sell,long,5.93,63234.8
2026-07-31T13:53:26.384+00:00,1785506006384,BTC-USDT-SWAP,sell,long,8.11,63235.4
2026-07-31T13:53:26.263+00:00,1785506006263,BTC-USDT-SWAP,sell,long,0.66,63239.9
2026-07-31T13:53:26.262+00:00,1785506006262,BTC-USDT-SWAP,sell,long,153.08,63239.9
2026-07-31T13:53:26.234+00:00,1785506006234,BTC-USDT-SWAP,sell,long,8.02,63239.9
2026-07-31T13:53:26.220+00:00,1785506006220,BTC-USDT-SWAP,sell,long,7.86,63239.9
2026-07-31T13:53:26.157+00:00,1785506006157,BTC-USDT-SWAP,sell,long,27.65,63239.9
2026-07-31T13:53:26.121+00:00,1785506006121,BTC-USDT-SWAP,sell,long,0.24,63239.9
2026-07-31T13:53:25.061+00:00,1785506005061,BTC-USDT-SWAP,sell,long,0.92,63245.5
2026-07-31T13:53:24.945+00:00,1785506004945,BTC-USDT-SWAP,sell,long,60,63246.3
2026-07-31T13:53:24.102+00:00,1785506004102,BTC-USDT-SWAP,sell,long,14.06,63247.8
2026-07-31T13:52:53.221+00:00,1785505973221,BTC-USDT-SWAP,sell,long,8.09,63248.8
2026-07-31T13:52:53.108+00:00,1785505973108,BTC-USDT-SWAP,sell,long,1,63250.1
2026-07-31T13:52:53.044+00:00,1785505973044,BTC-USDT-SWAP,sell,long,1.99,63250.1
2026-07-31T13:52:53.013+00:00,1785505973013,BTC-USDT-SWAP,sell,long,10,63250.1
2026-07-31T13:52:52.399+00:00,1785505972399,BTC-USDT-SWAP,sell,long,5.07,63253.3
2026-07-31T13:52:52.119+00:00,1785505972119,BTC-USDT-SWAP,sell,long,0.06,63253.7
2026-07-31T13:52:51.407+00:00,1785505971407,BTC-USDT-SWAP,sell,long,3.07,63254
2026-07-31T13:52:51.226+00:00,1785505971226,BTC-USDT-SWAP,sell,long,0.15,63254.1
2026-07-31T13:52:51.174+00:00,1785505971174,BTC-USDT-SWAP,sell,long,1.94,63254.1
2026-07-31T13:52:44.483+00:00,1785505964483,BTC-USDT-SWAP,sell,long,11.77,63262.6
2026-07-31T13:52:30.333+00:00,1785505950333,BTC-USDT-SWAP,sell,long,1.36,63255.5
2026-07-31T13:52:07.548+00:00,1785505927548,BTC-USDT-SWAP,sell,long,0.54,63258.6
2026-07-31T13:52:07.410+00:00,1785505927410,BTC-USDT-SWAP,sell,long,4.86,63259.7
2026-07-31T13:52:07.365+00:00,1785505927365,BTC-USDT-SWAP,sell,long,0.16,63259.7
2026-07-31T13:52:07.350+00:00,1785505927350,BTC-USDT-SWAP,sell,long,0.25,63259.7
2026-07-31T13:52:07.333+00:00,1785505927333,BTC-USDT-SWAP,sell,long,0.78,63259.7
2026-07-31T13:52:07.291+00:00,1785505927291,BTC-USDT-SWAP,sell,long,1.61,63259.7
2026-07-31T13:52:07.276+00:00,1785505927276,BTC-USDT-SWAP,sell,long,1.87,63259.7
2026-07-31T13:51:43.415+00:00,1785505903415,BTC-USDT-SWAP,sell,long,20.25,63263.6
2026-07-31T13:51:43.322+00:00,1785505903322,BTC-USDT-SWAP,sell,long,60.38,63265.3
2026-07-31T13:51:43.234+00:00,1785505903234,BTC-USDT-SWAP,sell,long,10,63265.3
2026-07-31T13:51:43.181+00:00,1785505903181,BTC-USDT-SWAP,sell,long,0.54,63265.3
2026-07-31T13:51:41.867+00:00,1785505901867,BTC-USDT-SWAP,sell,long,82.37,63278.6
2026-07-31T13:51:41.176+00:00,1785505901176,BTC-USDT-SWAP,sell,long,0.67,63281.4
2026-07-31T13:49:15.608+00:00,1785505755608,BTC-USDT-SWAP,sell,long,0.38,63266.4
2026-07-31T13:49:15.566+00:00,1785505755566,BTC-USDT-SWAP,sell,long,0.33,63266.4
2026-07-31T13:49:15.472+00:00,1785505755472,BTC-USDT-SWAP,sell,long,0.21,63266.4
2026-07-31T13:49:15.072+00:00,1785505755072,BTC-USDT-SWAP,sell,long,1.11,63268
2026-07-31T13:48:25.943+00:00,1785505705943,BTC-USDT-SWAP,buy,short,0.03,63286.1
2026-07-31T13:48:21.187+00:00,1785505701187,BTC-USDT-SWAP,sell,long,3.5,63270.6
2026-07-31T13:48:20.957+00:00,1785505700957,BTC-USDT-SWAP,sell,long,9.01,63270.5
2026-07-31T13:48:20.945+00:00,1785505700945,BTC-USDT-SWAP,sell,long,0.01,63270.5
2026-07-31T13:48:20.741+00:00,1785505700741,BTC-USDT-SWAP,sell,long,0.4,63272
2026-07-31T13:48:20.738+00:00,1785505700738,BTC-USDT-SWAP,sell,long,1.41,63272
2026-07-31T13:48:19.879+00:00,1785505699879,BTC-USDT-SWAP,sell,long,2,63273.9
2026-07-31T13:48:19.269+00:00,1785505699269,BTC-USDT-SWAP,sell,long,0.81,63274.1
2026-07-31T13:48:19.188+00:00,1785505699188,BTC-USDT-SWAP,sell,long,0.2,63275.7
2026-07-31T13:48:18.905+00:00,1785505698905,BTC-USDT-SWAP,sell,long,1.4,63275.8
2026-07-31T13:48:18.376+00:00,1785505698376,BTC-USDT-SWAP,sell,long,23.54,63284.3
2026-07-31T13:48:17.400+00:00,1785505697400,BTC-USDT-SWAP,sell,long,8,63292.5
2026-07-31T13:48:12.650+00:00,1785505692650,BTC-USDT-SWAP,sell,long,0.46,63276.3
2026-07-31T13:48:12.638+00:00,1785505692638,BTC-USDT-SWAP,sell,long,1.2,63276.3
2026-07-31T13:48:12.601+00:00,1785505692601,BTC-USDT-SWAP,sell,long,10,63276.3
2026-07-31T13:48:12.601+00:00,1785505692601,BTC-USDT-SWAP,sell,long,0.24,63276.3
2026-07-31T13:48:12.584+00:00,1785505692584,BTC-USDT-SWAP,sell,long,6,63276.3
2026-07-31T13:48:12.564+00:00,1785505692564,BTC-USDT-SWAP,sell,long,204.89,63276.3
2026-07-31T13:48:12.534+00:00,1785505692534,BTC-USDT-SWAP,sell,long,0.41,63276.3
2026-07-31T13:48:12.534+00:00,1785505692534,BTC-USDT-SWAP,sell,long,1.55,63276.3
2026-07-31T13:48:12.499+00:00,1785505692499,BTC-USDT-SWAP,sell,long,4.42,63276.3
2026-07-31T13:48:12.483+00:00,1785505692483,BTC-USDT-SWAP,sell,long,2.82,63276.3
2026-07-31T13:48:12.357+00:00,1785505692357,BTC-USDT-SWAP,sell,long,2.57,63285.3
2026-07-31T13:48:12.211+00:00,1785505692211,BTC-USDT-SWAP,sell,long,0.94,63285.7
2026-07-31T13:48:12.186+00:00,1785505692186,BTC-USDT-SWAP,sell,long,1.19,63285.7
2026-07-31T13:48:12.174+00:00,1785505692174,BTC-USDT-SWAP,sell,long,0.07,63285.7
2026-07-31T13:48:12.143+00:00,1785505692143,BTC-USDT-SWAP,sell,long,0.74,63285.7
2026-07-31T13:48:12.123+00:00,1785505692123,BTC-USDT-SWAP,sell,long,2,63285.7
2026-07-31T13:48:12.066+00:00,1785505692066,BTC-USDT-SWAP,sell,long,1.35,63285.7
2026-07-31T13:48:12.064+00:00,1785505692064,BTC-USDT-SWAP,sell,long,1.19,63285.7
2026-07-31T13:48:12.061+00:00,1785505692061,BTC-USDT-SWAP,sell,long,0.28,63285.7
2026-07-31T13:48:11.985+00:00,1785505691985,BTC-USDT-SWAP,sell,long,2.06,63297.1
2026-07-31T13:48:11.964+00:00,1785505691964,BTC-USDT-SWAP,sell,long,1.29,63297.1
2026-07-31T13:48:11.956+00:00,1785505691956,BTC-USDT-SWAP,sell,long,0.55,63297.1
2026-07-31T13:48:11.398+00:00,1785505691398,BTC-USDT-SWAP,sell,long,9.91,63306
2026-07-31T13:48:11.374+00:00,1785505691374,BTC-USDT-SWAP,sell,long,4.27,63306
2026-07-31T13:48:11.373+00:00,1785505691373,BTC-USDT-SWAP,sell,long,0.76,63306
2026-07-31T13:48:11.330+00:00,1785505691330,BTC-USDT-SWAP,sell,long,0.95,63306
2026-07-31T13:48:11.217+00:00,1785505691217,BTC-USDT-SWAP,sell,long,2,63309.8
2026-07-31T13:48:11.123+00:00,1785505691123,BTC-USDT-SWAP,sell,long,0.64,63309.8
2026-07-31T13:48:10.277+00:00,1785505690277,BTC-USDT-SWAP,sell,long,10.39,63312.6
2026-07-31T13:48:09.934+00:00,1785505689934,BTC-USDT-SWAP,sell,long,0.44,63313.7
2026-07-31T13:48:09.712+00:00,1785505689712,BTC-USDT-SWAP,sell,long,1,63314.2
2026-07-31T13:48:09.709+00:00,1785505689709,BTC-USDT-SWAP,sell,long,0.22,63314.2
2026-07-31T13:48:09.674+00:00,1785505689674,BTC-USDT-SWAP,sell,long,3,63317.2
2026-07-31T13:48:09.672+00:00,1785505689672,BTC-USDT-SWAP,sell,long,0.25,63317.2
2026-07-31T13:48:09.669+00:00,1785505689669,BTC-USDT-SWAP,sell,long,0.74,63314.2
2026-07-31T13:48:09.600+00:00,1785505689600,BTC-USDT-SWAP,sell,long,5.77,63317.2
2026-07-31T13:48:09.556+00:00,1785505689556,BTC-USDT-SWAP,sell,long,0.96,63317.2
2026-07-31T13:48:09.513+00:00,1785505689513,BTC-USDT-SWAP,sell,long,1,63317.2
2026-07-31T13:48:09.458+00:00,1785505689458,BTC-USDT-SWAP,sell,long,0.17,63317.2
2026-07-31T13:48:03.155+00:00,1785505683155,BTC-USDT-SWAP,sell,long,18.39,63341
2026-07-31T13:48:00.707+00:00,1785505680707,BTC-USDT-SWAP,sell,long,0.15,63319.9
2026-07-31T13:48:00.697+00:00,1785505680697,BTC-USDT-SWAP,sell,long,0.3,63319.9
2026-07-31T13:48:00.679+00:00,1785505680679,BTC-USDT-SWAP,sell,long,0.28,63319.9
2026-07-31T13:48:00.676+00:00,1785505680676,BTC-USDT-SWAP,sell,long,3.88,63319.9
2026-07-31T13:48:00.675+00:00,1785505680675,BTC-USDT-SWAP,sell,long,0.67,63319.9
2026-07-31T13:48:00.659+00:00,1785505680659,BTC-USDT-SWAP,sell,long,7.34,63319.9
2026-07-31T13:48:00.645+00:00,1785505680645,BTC-USDT-SWAP,sell,long,0.1,63319.9
2026-07-31T13:48:00.641+00:00,1785505680641,BTC-USDT-SWAP,sell,long,0.44,63319.9
2026-07-31T13:48:00.613+00:00,1785505680613,BTC-USDT-SWAP,sell,long,2.16,63319.9
2026-07-31T13:48:00.590+00:00,1785505680590,BTC-USDT-SWAP,sell,long,5.8,63326.3
2026-07-31T13:48:00.570+00:00,1785505680570,BTC-USDT-SWAP,sell,long,1.09,63326.3
2026-07-31T13:48:00.546+00:00,1785505680546,BTC-USDT-SWAP,sell,long,0.65,63326.3
2026-07-31T13:48:00.513+00:00,1785505680513,BTC-USDT-SWAP,sell,long,5.95,63326.3
2026-07-31T13:48:00.504+00:00,1785505680504,BTC-USDT-SWAP,sell,long,6.78,63326.3
2026-07-31T13:48:00.493+00:00,1785505680493,BTC-USDT-SWAP,sell,long,4,63326.3
2026-07-31T13:48:00.486+00:00,1785505680486,BTC-USDT-SWAP,sell,long,0.33,63326.3
2026-07-31T13:48:00.418+00:00,1785505680418,BTC-USDT-SWAP,sell,long,1.07,63326.3
2026-07-31T13:48:00.406+00:00,1785505680406,BTC-USDT-SWAP,sell,long,1.37,63326.3
2026-07-31T13:47:53.343+00:00,1785505673343,BTC-USDT-SWAP,sell,long,0.63,63333.9
2026-07-31T13:47:53.264+00:00,1785505673264,BTC-USDT-SWAP,sell,long,5.78,63337.1
2026-07-31T13:47:53.258+00:00,1785505673258,BTC-USDT-SWAP,sell,long,6.66,63337.1
2026-07-31T13:47:53.173+00:00,1785505673173,BTC-USDT-SWAP,sell,long,1.58,63337.1
2026-07-31T13:47:53.164+00:00,1785505673164,BTC-USDT-SWAP,sell,long,8.82,63338
2026-07-31T13:47:53.058+00:00,1785505673058,BTC-USDT-SWAP,sell,long,0.03,63338
2026-07-31T13:47:52.903+00:00,1785505672903,BTC-USDT-SWAP,sell,long,0.15,63338.6
2026-07-31T13:47:52.364+00:00,1785505672364,BTC-USDT-SWAP,sell,long,0.66,63339.1
2026-07-31T13:47:52.195+00:00,1785505672195,BTC-USDT-SWAP,sell,long,0.08,63339.2
2026-07-31T13:47:52.008+00:00,1785505672008,BTC-USDT-SWAP,sell,long,0.06,63339.3
2026-07-31T13:47:51.230+00:00,1785505671230,BTC-USDT-SWAP,sell,long,0.3,63340.3
2026-07-31T13:47:45.800+00:00,1785505665800,BTC-USDT-SWAP,sell,long,1.03,63341.7
2026-07-31T13:47:45.767+00:00,1785505665767,BTC-USDT-SWAP,sell,long,0.47,63341.7
2026-07-31T13:47:39.184+00:00,1785505659184,BTC-USDT-SWAP,sell,long,8.56,63344.9
2026-07-31T13:47:39.154+00:00,1785505659154,BTC-USDT-SWAP,sell,long,0.48,63344.9
2026-07-31T13:47:39.124+00:00,1785505659124,BTC-USDT-SWAP,sell,long,0.22,63344.9
2026-07-31T13:47:38.201+00:00,1785505658201,BTC-USDT-SWAP,sell,long,1.09,63350.4
2026-07-31T13:47:15.683+00:00,1785505635683,BTC-USDT-SWAP,sell,long,1.55,63347.3
2026-07-31T13:47:15.671+00:00,1785505635671,BTC-USDT-SWAP,sell,long,80.66,63347.3
2026-07-31T13:47:15.633+00:00,1785505635633,BTC-USDT-SWAP,sell,long,1.13,63347.3
2026-07-31T13:47:15.631+00:00,1785505635631,BTC-USDT-SWAP,sell,long,0.15,63347.3
2026-07-31T13:47:15.610+00:00,1785505635610,BTC-USDT-SWAP,sell,long,1.63,63347.3
2026-07-31T13:47:15.610+00:00,1785505635610,BTC-USDT-SWAP,sell,long,47.37,63349.5
2026-07-31T13:47:15.585+00:00,1785505635585,BTC-USDT-SWAP,sell,long,8.53,63347.3
2026-07-31T13:47:15.573+00:00,1785505635573,BTC-USDT-SWAP,sell,long,0.53,63349.5
2026-07-31T13:47:15.523+00:00,1785505635523,BTC-USDT-SWAP,sell,long,0.14,63349.5
2026-07-31T13:47:15.478+00:00,1785505635478,BTC-USDT-SWAP,sell,long,0.29,63349.5
2026-07-31T13:47:15.477+00:00,1785505635477,BTC-USDT-SWAP,sell,long,0.9,63349.5
2026-07-31T13:47:15.467+00:00,1785505635467,BTC-USDT-SWAP,sell,long,7.48,63349.5
2026-07-31T13:47:15.457+00:00,1785505635457,BTC-USDT-SWAP,sell,long,2.7,63349.5
2026-07-31T13:47:15.440+00:00,1785505635440,BTC-USDT-SWAP,sell,long,10.31,63349.5
2026-07-31T13:47:15.433+00:00,1785505635433,BTC-USDT-SWAP,sell,long,0.98,63349.5
2026-07-31T13:47:15.431+00:00,1785505635431,BTC-USDT-SWAP,sell,long,7.42,63349.5
2026-07-31T13:47:15.431+00:00,1785505635431,BTC-USDT-SWAP,sell,long,13,63349.5
2026-07-31T13:47:15.426+00:00,1785505635426,BTC-USDT-SWAP,sell,long,7.61,63349.5
2026-07-31T13:47:15.375+00:00,1785505635375,BTC-USDT-SWAP,sell,long,0.96,63349.5
2026-07-31T13:47:15.346+00:00,1785505635346,BTC-USDT-SWAP,sell,long,19.05,63349.5
2026-07-31T13:47:15.335+00:00,1785505635335,BTC-USDT-SWAP,sell,long,0.01,63349.5
2026-07-31T13:47:15.283+00:00,1785505635283,BTC-USDT-SWAP,sell,long,0.02,63365.7
2026-07-31T13:47:15.200+00:00,1785505635200,BTC-USDT-SWAP,sell,long,0.03,63365.7
2026-07-31T13:47:15.075+00:00,1785505635075,BTC-USDT-SWAP,sell,long,0.27,63366.3
2026-07-31T13:47:15.006+00:00,1785505635006,BTC-USDT-SWAP,sell,long,0.01,63366.3
2026-07-31T13:46:57.340+00:00,1785505617340,BTC-USDT-SWAP,sell,long,3.02,63385.7
2026-07-31T13:46:57.247+00:00,1785505617247,BTC-USDT-SWAP,sell,long,0.84,63385.7
2026-07-31T13:46:57.143+00:00,1785505617143,BTC-USDT-SWAP,sell,long,1.41,63387.1
2026-07-31T13:46:57.141+00:00,1785505617141,BTC-USDT-SWAP,sell,long,2.01,63387.1
2026-07-31T13:46:57.127+00:00,1785505617127,BTC-USDT-SWAP,sell,long,0.88,63387.1
2026-07-31T13:46:57.119+00:00,1785505617119,BTC-USDT-SWAP,sell,long,10,63387.1
2026-07-31T13:46:57.114+00:00,1785505617114,BTC-USDT-SWAP,sell,long,0.43,63387.1
2026-07-31T13:46:57.097+00:00,1785505617097,BTC-USDT-SWAP,sell,long,1.69,63387.1
2026-07-31T13:46:56.621+00:00,1785505616621,BTC-USDT-SWAP,sell,long,3.11,63397.5
2026-07-31T13:46:56.277+00:00,1785505616277,BTC-USDT-SWAP,sell,long,45.96,63400.1
2026-07-31T13:46:56.250+00:00,1785505616250,BTC-USDT-SWAP,sell,long,2.16,63400.1
2026-07-31T13:46:56.031+00:00,1785505616031,BTC-USDT-SWAP,sell,long,0.01,63400.1
2026-07-31T13:46:56.030+00:00,1785505616030,BTC-USDT-SWAP,sell,long,1,63400.1
2026-07-31T13:46:53.641+00:00,1785505613641,BTC-USDT-SWAP,sell,long,0.22,63402.6
2026-07-31T13:46:50.930+00:00,1785505610930,BTC-USDT-SWAP,sell,long,15.88,63402.7
2026-07-31T13:46:50.914+00:00,1785505610914,BTC-USDT-SWAP,sell,long,3.02,63402.7
2026-07-31T13:46:40.865+00:00,1785505600865,BTC-USDT-SWAP,sell,long,0.67,63404.1
2026-07-31T13:46:40.834+00:00,1785505600834,BTC-USDT-SWAP,sell,long,0.38,63404.1
2026-07-31T13:46:40.813+00:00,1785505600813,BTC-USDT-SWAP,sell,long,1.52,63404.1
2026-07-31T13:46:40.805+00:00,1785505600805,BTC-USDT-SWAP,sell,long,226.97,63404.1
2026-07-31T13:46:40.802+00:00,1785505600802,BTC-USDT-SWAP,sell,long,1.15,63404.1
2026-07-31T13:46:40.798+00:00,1785505600798,BTC-USDT-SWAP,sell,long,7.34,63404.1
2026-07-31T13:46:40.748+00:00,1785505600748,BTC-USDT-SWAP,sell,long,0.28,63404.1
2026-07-31T13:46:40.717+00:00,1785505600717,BTC-USDT-SWAP,sell,long,16.19,63404.1
2026-07-31T13:46:40.702+00:00,1785505600702,BTC-USDT-SWAP,sell,long,7.92,63408.6
2026-07-31T13:46:40.649+00:00,1785505600649,BTC-USDT-SWAP,sell,long,0.36,63408.6
2026-07-31T13:46:40.642+00:00,1785505600642,BTC-USDT-SWAP,sell,long,0.04,63408.6
2026-07-31T13:46:40.620+00:00,1785505600620,BTC-USDT-SWAP,sell,long,0.02,63408.6
2026-07-31T13:46:40.575+00:00,1785505600575,BTC-USDT-SWAP,sell,long,272.6,63408.6
2026-07-31T13:46:38.922+00:00,1785505598922,BTC-USDT-SWAP,sell,long,0.3,63416.4
2026-07-31T13:46:29.515+00:00,1785505589515,BTC-USDT-SWAP,sell,long,10,63418.2
2026-07-31T13:46:29.078+00:00,1785505589078,BTC-USDT-SWAP,sell,long,0.63,63417.9
2026-07-31T13:46:28.324+00:00,1785505588324,BTC-USDT-SWAP,sell,long,6.09,63419.1
2026-07-31T13:46:28.210+00:00,1785505588210,BTC-USDT-SWAP,sell,long,0.04,63420.2
2026-07-31T13:46:28.191+00:00,1785505588191,BTC-USDT-SWAP,sell,long,21.48,63420.2
2026-07-31T13:46:28.134+00:00,1785505588134,BTC-USDT-SWAP,sell,long,0.6,63420.2
2026-07-31T13:46:28.126+00:00,1785505588126,BTC-USDT-SWAP,sell,long,51.27,63420.2
2026-07-31T13:46:28.078+00:00,1785505588078,BTC-USDT-SWAP,sell,long,0.11,63420.2
2026-07-31T13:46:27.993+00:00,1785505587993,BTC-USDT-SWAP,sell,long,9.72,63424.6
2026-07-31T13:46:27.975+00:00,1785505587975,BTC-USDT-SWAP,sell,long,5.05,63424.6
2026-07-31T13:46:27.971+00:00,1785505587971,BTC-USDT-SWAP,sell,long,4.73,63424.6
2026-07-31T13:46:27.963+00:00,1785505587963,BTC-USDT-SWAP,sell,long,64.59,63424.6
2026-07-31T13:46:27.545+00:00,1785505587545,BTC-USDT-SWAP,sell,long,0.49,63429
2026-07-31T13:46:27.529+00:00,1785505587529,BTC-USDT-SWAP,sell,long,0.11,63429
2026-07-31T13:46:27.494+00:00,1785505587494,BTC-USDT-SWAP,sell,long,5.67,63429
2026-07-31T13:46:27.472+00:00,1785505587472,BTC-USDT-SWAP,sell,long,1.54,63429
2026-07-31T13:46:25.950+00:00,1785505585950,BTC-USDT-SWAP,sell,long,1.11,63431.1
2026-07-31T13:46:25.748+00:00,1785505585748,BTC-USDT-SWAP,sell,long,42,63431.8
2026-07-31T13:46:25.369+00:00,1785505585369,BTC-USDT-SWAP,sell,long,3.13,63432.2
2026-07-31T13:46:25.342+00:00,1785505585342,BTC-USDT-SWAP,sell,long,0.95,63432.2
2026-07-31T13:46:25.298+00:00,1785505585298,BTC-USDT-SWAP,sell,long,1.99,63432.2
2026-07-31T13:46:25.284+00:00,1785505585284,BTC-USDT-SWAP,sell,long,0.5,63432.2
2026-07-31T13:45:08.153+00:00,1785505508153,BTC-USDT-SWAP,sell,long,20.6,63435.6
2026-07-31T13:45:08.098+00:00,1785505508098,BTC-USDT-SWAP,sell,long,5.44,63435.6
2026-07-31T13:45:00.500+00:00,1785505500500,BTC-USDT-SWAP,sell,long,1,63435.9
2026-07-31T13:44:59.876+00:00,1785505499876,BTC-USDT-SWAP,sell,long,2.58,63437
2026-07-31T13:44:52.021+00:00,1785505492021,BTC-USDT-SWAP,sell,long,0.1,63437.9
2026-07-31T13:44:50.793+00:00,1785505490793,BTC-USDT-SWAP,sell,long,0.53,63439.1
2026-07-31T13:44:50.367+00:00,1785505490367,BTC-USDT-SWAP,sell,long,17.03,63440.6
2026-07-31T13:44:50.356+00:00,1785505490356,BTC-USDT-SWAP,sell,long,0.69,63440.6
2026-07-31T13:44:50.354+00:00,1785505490354,BTC-USDT-SWAP,sell,long,0.06,63440.6
2026-07-31T13:44:50.351+00:00,1785505490351,BTC-USDT-SWAP,sell,long,0.81,63440.6
2026-07-31T13:44:50.343+00:00,1785505490343,BTC-USDT-SWAP,sell,long,0.74,63440.6
2026-07-31T13:44:50.329+00:00,1785505490329,BTC-USDT-SWAP,sell,long,0.01,63440.6
2026-07-31T13:44:50.329+00:00,1785505490329,BTC-USDT-SWAP,sell,long,0.02,63440.6
2026-07-31T13:44:50.267+00:00,1785505490267,BTC-USDT-SWAP,sell,long,3.15,63440.6
2026-07-31T13:44:37.371+00:00,1785505477371,BTC-USDT-SWAP,sell,long,5.48,63468.2
2026-07-31T13:42:53.475+00:00,1785505373475,BTC-USDT-SWAP,sell,long,0.64,63449.6
2026-07-31T13:42:53.443+00:00,1785505373443,BTC-USDT-SWAP,sell,long,0.44,63449.6
2026-07-31T13:42:52.794+00:00,1785505372794,BTC-USDT-SWAP,sell,long,50,63450.8
2026-07-31T13:42:52.591+00:00,1785505372591,BTC-USDT-SWAP,sell,long,0.01,63451.8
2026-07-31T13:42:52.427+00:00,1785505372427,BTC-USDT-SWAP,sell,long,14.77,63453
2026-07-31T13:42:17.970+00:00,1785505337970,BTC-USDT-SWAP,sell,long,2.34,63454.1
2026-07-31T13:42:15.934+00:00,1785505335934,BTC-USDT-SWAP,sell,long,49.15,63455.5
2026-07-31T13:42:15.898+00:00,1785505335898,BTC-USDT-SWAP,sell,long,0.4,63455.5
2026-07-31T13:42:15.696+00:00,1785505335696,BTC-USDT-SWAP,sell,long,90.53,63456.8
2026-07-31T13:42:14.283+00:00,1785505334283,BTC-USDT-SWAP,sell,long,0.15,63458.6
2026-07-31T13:41:58.343+00:00,1785505318343,BTC-USDT-SWAP,sell,long,0.07,63461
2026-07-31T13:41:58.282+00:00,1785505318282,BTC-USDT-SWAP,sell,long,6.34,63461
2026-07-31T13:41:57.741+00:00,1785505317741,BTC-USDT-SWAP,sell,long,0.76,63462.4
2026-07-31T13:41:57.720+00:00,1785505317720,BTC-USDT-SWAP,sell,long,0.74,63462.4
2026-07-31T13:41:57.705+00:00,1785505317705,BTC-USDT-SWAP,sell,long,0.05,63462.4
2026-07-31T13:41:57.520+00:00,1785505317520,BTC-USDT-SWAP,sell,long,0.67,63469
2026-07-31T13:41:57.493+00:00,1785505317493,BTC-USDT-SWAP,sell,long,0.06,63469
2026-07-31T13:41:57.286+00:00,1785505317286,BTC-USDT-SWAP,sell,long,0.37,63469.4
2026-07-31T13:41:57.279+00:00,1785505317279,BTC-USDT-SWAP,sell,long,0.85,63469.4
2026-07-31T13:41:57.204+00:00,1785505317204,BTC-USDT-SWAP,sell,long,11.86,63469.4
2026-07-31T13:41:57.197+00:00,1785505317197,BTC-USDT-SWAP,sell,long,3.42,63469.4
2026-07-31T13:41:57.157+00:00,1785505317157,BTC-USDT-SWAP,sell,long,15.52,63474.5
2026-07-31T13:41:57.155+00:00,1785505317155,BTC-USDT-SWAP,sell,long,10.31,63474.5
2026-07-31T13:41:57.084+00:00,1785505317084,BTC-USDT-SWAP,sell,long,1,63474.5
2026-07-31T13:41:57.074+00:00,1785505317074,BTC-USDT-SWAP,sell,long,0.58,63474.5
2026-07-31T13:41:57.072+00:00,1785505317072,BTC-USDT-SWAP,sell,long,4.61,63474.5
2026-07-31T13:41:57.071+00:00,1785505317071,BTC-USDT-SWAP,sell,long,29.67,63474.5
2026-07-31T13:41:57.067+00:00,1785505317067,BTC-USDT-SWAP,sell,long,0.08,63474.5
2026-07-31T13:41:57.063+00:00,1785505317063,BTC-USDT-SWAP,sell,long,0.44,63474.5
2026-07-31T13:41:56.996+00:00,1785505316996,BTC-USDT-SWAP,sell,long,2.6,63474.5
2026-07-31T13:41:46.424+00:00,1785505306424,BTC-USDT-SWAP,sell,long,4.39,63506.2
2026-07-31T13:41:46.359+00:00,1785505306359,BTC-USDT-SWAP,sell,long,0.07,63506.2
2026-07-31T13:41:46.256+00:00,1785505306256,BTC-USDT-SWAP,sell,long,3.55,63507.2
2026-07-31T13:41:46.170+00:00,1785505306170,BTC-USDT-SWAP,sell,long,0.45,63507.2
2026-07-31T13:41:46.022+00:00,1785505306022,BTC-USDT-SWAP,sell,long,3.71,63512.8
2026-07-31T13:41:46.013+00:00,1785505306013,BTC-USDT-SWAP,sell,long,2.1,63512.8
2026-07-31T13:41:45.953+00:00,1785505305953,BTC-USDT-SWAP,sell,long,3.27,63512.8
2026-07-31T13:41:45.339+00:00,1785505305339,BTC-USDT-SWAP,sell,long,115.65,63517.5
2026-07-31T13:41:45.243+00:00,1785505305243,BTC-USDT-SWAP,sell,long,4.37,63518.5
2026-07-31T13:41:45.201+00:00,1785505305201,BTC-USDT-SWAP,sell,long,35.45,63518.5
2026-07-31T13:41:45.122+00:00,1785505305122,BTC-USDT-SWAP,sell,long,1.07,63518.5
2026-07-31T13:41:45.072+00:00,1785505305072,BTC-USDT-SWAP,sell,long,22.64,63518.5
2026-07-31T13:41:44.772+00:00,1785505304772,BTC-USDT-SWAP,sell,long,1.28,63520.7
2026-07-31T13:41:44.729+00:00,1785505304729,BTC-USDT-SWAP,sell,long,0.01,63520.7
2026-07-31T13:41:06.248+00:00,1785505266248,BTC-USDT-SWAP,sell,long,303.94,63521.6
2026-07-31T13:41:05.785+00:00,1785505265785,BTC-USDT-SWAP,sell,long,0.43,63521.7
2026-07-31T13:41:05.751+00:00,1785505265751,BTC-USDT-SWAP,sell,long,2.19,63521.7
2026-07-31T13:41:05.214+00:00,1785505265214,BTC-USDT-SWAP,sell,long,1.36,63525.5
2026-07-31T13:33:15.856+00:00,1785504795856,BTC-USDT-SWAP,sell,long,29.08,63596.9
2026-07-31T13:32:12.191+00:00,1785504732191,BTC-USDT-SWAP,sell,long,0.47,63525.7
2026-07-31T13:32:11.994+00:00,1785504731994,BTC-USDT-SWAP,sell,long,31.94,63527.2
2026-07-31T13:32:11.490+00:00,1785504731490,BTC-USDT-SWAP,sell,long,8.98,63529.3
2026-07-31T13:32:11.160+00:00,1785504731160,BTC-USDT-SWAP,sell,long,0.03,63533
2026-07-31T13:32:10.691+00:00,1785504730691,BTC-USDT-SWAP,sell,long,1.11,63535.6
2026-07-31T13:32:10.595+00:00,1785504730595,BTC-USDT-SWAP,sell,long,0.02,63535.6
2026-07-31T13:32:10.514+00:00,1785504730514,BTC-USDT-SWAP,sell,long,0.26,63535.6
2026-07-31T13:32:09.986+00:00,1785504729986,BTC-USDT-SWAP,sell,long,0.11,63538
2026-07-31T13:32:09.949+00:00,1785504729949,BTC-USDT-SWAP,sell,long,7.82,63538
2026-07-31T13:32:09.209+00:00,1785504729209,BTC-USDT-SWAP,sell,long,4.06,63542.5
2026-07-31T13:31:25.605+00:00,1785504685605,BTC-USDT-SWAP,sell,long,1.56,63540.2
2026-07-31T13:31:25.527+00:00,1785504685527,BTC-USDT-SWAP,sell,long,1.08,63540.2
2026-07-31T13:31:25.516+00:00,1785504685516,BTC-USDT-SWAP,sell,long,35.29,63540.2
2026-07-31T13:31:25.504+00:00,1785504685504,BTC-USDT-SWAP,sell,long,2.96,63540.2
2026-07-31T13:31:25.468+00:00,1785504685468,BTC-USDT-SWAP,sell,long,1.26,63540.2
2026-07-31T13:31:24.987+00:00,1785504684987,BTC-USDT-SWAP,sell,long,1.06,63547.1
2026-07-31T13:31:24.980+00:00,1785504684980,BTC-USDT-SWAP,sell,long,0.28,63547.1
2026-07-31T13:31:24.963+00:00,1785504684963,BTC-USDT-SWAP,sell,long,39.97,63547.1
2026-07-31T13:31:24.961+00:00,1785504684961,BTC-USDT-SWAP,sell,long,0.19,63547.1
2026-07-31T13:31:24.941+00:00,1785504684941,BTC-USDT-SWAP,sell,long,0.07,63547.1
2026-07-31T13:31:24.933+00:00,1785504684933,BTC-USDT-SWAP,sell,long,2.34,63547.1
2026-07-31T13:31:24.930+00:00,1785504684930,BTC-USDT-SWAP,sell,long,2,63547.1
2026-07-31T13:31:24.914+00:00,1785504684914,BTC-USDT-SWAP,sell,long,0.06,63547.1
2026-07-31T13:31:24.912+00:00,1785504684912,BTC-USDT-SWAP,sell,long,8.51,63547.1
2026-07-31T13:31:24.907+00:00,1785504684907,BTC-USDT-SWAP,sell,long,2.24,63547.1
2026-07-31T13:31:24.839+00:00,1785504684839,BTC-USDT-SWAP,sell,long,12.51,63563.8
2026-07-31T13:31:24.770+00:00,1785504684770,BTC-USDT-SWAP,sell,long,1.31,63563.8
2026-07-31T13:31:24.510+00:00,1785504684510,BTC-USDT-SWAP,sell,long,1.58,63569.7
2026-07-31T13:31:10.828+00:00,1785504670828,BTC-USDT-SWAP,sell,long,0.31,63607.9
2026-07-31T13:30:31.884+00:00,1785504631884,BTC-USDT-SWAP,buy,short,0.01,63668.4
2026-07-31T12:34:14.432+00:00,1785501254432,BTC-USDT-SWAP,sell,long,0.01,63610.8
2026-07-31T12:34:07.736+00:00,1785501247736,BTC-USDT-SWAP,sell,long,0.44,63618.3
2026-07-31T12:34:01.906+00:00,1785501241906,BTC-USDT-SWAP,sell,long,6.46,63628.9
2026-07-31T11:30:22.957+00:00,1785497422957,BTC-USDT-SWAP,buy,short,2.5,63868.7
2026-07-31T11:30:14.556+00:00,1785497414556,BTC-USDT-SWAP,buy,short,0.14,63870.6
2026-07-31T11:30:14.175+00:00,1785497414175,BTC-USDT-SWAP,buy,short,0.41,63870.6
2026-07-31T11:30:14.047+00:00,1785497414047,BTC-USDT-SWAP,sell,long,0.4,63870.6
2026-07-31T11:20:14.036+00:00,1785496814036,BTC-USDT-SWAP,sell,long,5.11,63889.4
2026-07-31T11:04:00.627+00:00,1785495840627,BTC-USDT-SWAP,buy,short,0.11,63973.9
2026-07-31T11:03:49.840+00:00,1785495829840,BTC-USDT-SWAP,buy,short,0.34,63966.4
2026-07-31T11:03:42.392+00:00,1785495822392,BTC-USDT-SWAP,buy,short,0.01,63958.4
2026-07-31T10:55:09.616+00:00,1785495309616,BTC-USDT-SWAP,sell,long,3.14,63923.4
2026-07-31T10:49:21.027+00:00,1785494961027,BTC-USDT-SWAP,sell,long,2.8,63845.2
2026-07-31T10:31:37.849+00:00,1785493897849,BTC-USDT-SWAP,sell,long,0.3,63822.7
2026-07-31T10:31:37.196+00:00,1785493897196,BTC-USDT-SWAP,sell,long,0.02,63823
2026-07-31T10:31:37.160+00:00,1785493897160,BTC-USDT-SWAP,buy,short,60,63823
2026-07-31T10:31:36.419+00:00,1785493896419,BTC-USDT-SWAP,sell,long,0.02,63825.7
2026-07-31T10:31:36.385+00:00,1785493896385,BTC-USDT-SWAP,buy,short,1.1,63825.7
2026-07-31T10:31:35.709+00:00,1785493895709,BTC-USDT-SWAP,sell,long,20,63827.9
2026-07-31T10:31:34.999+00:00,1785493894999,BTC-USDT-SWAP,buy,short,0.02,63828.6
2026-07-31T10:31:34.959+00:00,1785493894959,BTC-USDT-SWAP,sell,long,0.02,63828.8
2026-07-31T10:31:33.713+00:00,1785493893713,BTC-USDT-SWAP,sell,long,0.02,63830.8
2026-07-31T10:31:32.194+00:00,1785493892194,BTC-USDT-SWAP,sell,long,1.78,63832.2
2026-07-31T10:31:31.977+00:00,1785493891977,BTC-USDT-SWAP,sell,long,1.64,63832.7
2026-07-31T10:31:31.973+00:00,1785493891973,BTC-USDT-SWAP,sell,long,1.28,63832.4
2026-07-31T10:31:31.949+00:00,1785493891949,BTC-USDT-SWAP,sell,long,0.15,63832.7
2026-07-31T10:31:31.040+00:00,1785493891040,BTC-USDT-SWAP,sell,long,2.37,63833.4
2026-07-31T10:31:26.857+00:00,1785493886857,BTC-USDT-SWAP,buy,short,0.01,63822.2
2026-07-31T10:30:25.776+00:00,1785493825776,BTC-USDT-SWAP,sell,long,6.61,63797.9
2026-07-31T10:30:24.281+00:00,1785493824281,BTC-USDT-SWAP,buy,short,0.02,63797.6
2026-07-31T10:30:24.061+00:00,1785493824061,BTC-USDT-SWAP,sell,long,4.41,63797.5
2026-07-31T10:06:25.150+00:00,1785492385150,BTC-USDT-SWAP,sell,long,0.2,63576.4
2026-07-31T10:06:25.110+00:00,1785492385110,BTC-USDT-SWAP,sell,long,62.78,63576.4
2026-07-31T10:06:25.087+00:00,1785492385087,BTC-USDT-SWAP,sell,long,1.4,63576.4
2026-07-31T10:06:24.855+00:00,1785492384855,BTC-USDT-SWAP,sell,long,1.65,63580.6
2026-07-31T10:06:20.176+00:00,1785492380176,BTC-USDT-SWAP,sell,long,0.1,63582.8
2026-07-31T10:06:20.149+00:00,1785492380149,BTC-USDT-SWAP,sell,long,0.08,63582.8
2026-07-31T10:06:20.138+00:00,1785492380138,BTC-USDT-SWAP,sell,long,1.28,63582.8
2026-07-31T10:06:20.137+00:00,1785492380137,BTC-USDT-SWAP,sell,long,0.37,63582.8
2026-07-31T10:06:20.135+00:00,1785492380135,BTC-USDT-SWAP,sell,long,0.31,63582.8
2026-07-31T10:06:20.130+00:00,1785492380130,BTC-USDT-SWAP,sell,long,1.16,63582.8
2026-07-31T10:06:20.125+00:00,1785492380125,BTC-USDT-SWAP,sell,long,0.49,63582.8
2026-07-31T10:06:20.093+00:00,1785492380093,BTC-USDT-SWAP,sell,long,10.72,63582.8
2026-07-31T10:06:20.086+00:00,1785492380086,BTC-USDT-SWAP,sell,long,5.26,63582.8
2026-07-31T10:06:20.086+00:00,1785492380086,BTC-USDT-SWAP,sell,long,0.01,63582.8
2026-07-31T10:06:20.079+00:00,1785492380079,BTC-USDT-SWAP,sell,long,1.46,63582.8
2026-07-31T10:06:20.028+00:00,1785492380028,BTC-USDT-SWAP,sell,long,309.39,63582.8
2026-07-31T10:05:30.136+00:00,1785492330136,BTC-USDT-SWAP,sell,long,2.65,63592.9
2026-07-31T10:05:29.994+00:00,1785492329994,BTC-USDT-SWAP,sell,long,8.51,63591.3
2026-07-31T10:05:29.979+00:00,1785492329979,BTC-USDT-SWAP,sell,long,0.73,63591.3
2026-07-31T10:05:29.977+00:00,1785492329977,BTC-USDT-SWAP,sell,long,0.01,63591.3
2026-07-31T10:05:29.969+00:00,1785492329969,BTC-USDT-SWAP,sell,long,6.98,63591.3
2026-07-31T10:05:29.961+00:00,1785492329961,BTC-USDT-SWAP,sell,long,1.51,63591.3
2026-07-31T10:05:29.786+00:00,1785492329786,BTC-USDT-SWAP,sell,long,0.45,63598.1
2026-07-31T10:05:29.755+00:00,1785492329755,BTC-USDT-SWAP,sell,long,0.16,63598.1
2026-07-31T10:05:28.811+00:00,1785492328811,BTC-USDT-SWAP,sell,long,3.76,63608.1
2026-07-31T09:59:30.284+00:00,1785491970284,BTC-USDT-SWAP,sell,long,0.3,63675.2
2026-07-31T09:33:36.587+00:00,1785490416587,BTC-USDT-SWAP,sell,long,1.82,63615.2
2026-07-31T09:33:13.100+00:00,1785490393100,BTC-USDT-SWAP,sell,long,0.57,63605.4
2026-07-31T09:33:08.728+00:00,1785490388728,BTC-USDT-SWAP,sell,long,0.03,63608.6
2026-07-31T09:33:08.433+00:00,1785490388433,BTC-USDT-SWAP,sell,long,0.5,63609
2026-07-31T09:33:08.382+00:00,1785490388382,BTC-USDT-SWAP,sell,long,2.1,63609
2026-07-31T09:33:07.475+00:00,1785490387475,BTC-USDT-SWAP,sell,long,142.71,63611.5
2026-07-31T09:33:06.579+00:00,1785490386579,BTC-USDT-SWAP,sell,long,292.69,63614.2
2026-07-31T09:32:42.823+00:00,1785490362823,BTC-USDT-SWAP,sell,long,0.02,63612.9
2026-07-31T09:32:42.705+00:00,1785490362705,BTC-USDT-SWAP,sell,long,0.67,63615.5
2026-07-31T09:32:36.718+00:00,1785490356718,BTC-USDT-SWAP,sell,long,0.07,63616.6
2026-07-31T09:32:01.060+00:00,1785490321060,BTC-USDT-SWAP,sell,long,0.6,63621.7
2026-07-31T09:31:57.680+00:00,1785490317680,BTC-USDT-SWAP,sell,long,0.21,63623.5
2026-07-31T09:31:57.636+00:00,1785490317636,BTC-USDT-SWAP,sell,long,3.41,63623.5
2026-07-31T09:31:55.758+00:00,1785490315758,BTC-USDT-SWAP,sell,long,6.44,63624.2
2026-07-31T09:31:55.709+00:00,1785490315709,BTC-USDT-SWAP,sell,long,0.14,63625.4
2026-07-31T09:31:54.437+00:00,1785490314437,BTC-USDT-SWAP,sell,long,4,63625.7
2026-07-31T09:31:52.813+00:00,1785490312813,BTC-USDT-SWAP,sell,long,0.74,63627.1
2026-07-31T09:31:52.071+00:00,1785490312071,BTC-USDT-SWAP,sell,long,2.59,63627.4
2026-07-31T09:31:51.919+00:00,1785490311919,BTC-USDT-SWAP,sell,long,22.27,63629.4
2026-07-31T09:31:51.913+00:00,1785490311913,BTC-USDT-SWAP,sell,long,0.12,63629.4
2026-07-31T09:31:28.256+00:00,1785490288256,BTC-USDT-SWAP,sell,long,1.63,63634
2026-07-31T09:31:28.191+00:00,1785490288191,BTC-USDT-SWAP,sell,long,9.21,63634
2026-07-31T09:31:28.093+00:00,1785490288093,BTC-USDT-SWAP,sell,long,0.16,63635.9
2026-07-31T09:31:28.026+00:00,1785490288026,BTC-USDT-SWAP,sell,long,0.01,63635.9
2026-07-31T09:31:27.940+00:00,1785490287940,BTC-USDT-SWAP,sell,long,3.55,63635.9
2026-07-31T09:31:23.259+00:00,1785490283259,BTC-USDT-SWAP,sell,long,0.03,63644.4
2026-07-31T09:31:15.945+00:00,1785490275945,BTC-USDT-SWAP,sell,long,0.14,63649.1
2026-07-31T09:31:15.819+00:00,1785490275819,BTC-USDT-SWAP,sell,long,1.49,63649.1
2026-07-31T09:31:15.795+00:00,1785490275795,BTC-USDT-SWAP,sell,long,2.86,63649.1
2026-07-31T09:31:15.727+00:00,1785490275727,BTC-USDT-SWAP,sell,long,2.38,63649.1
2026-07-31T09:31:14.611+00:00,1785490274611,BTC-USDT-SWAP,sell,long,1.04,63655.4
2026-07-31T09:31:14.541+00:00,1785490274541,BTC-USDT-SWAP,sell,long,0.01,63655.4
2026-07-31T09:31:14.128+00:00,1785490274128,BTC-USDT-SWAP,sell,long,0.15,63656.4
2026-07-31T09:30:52.419+00:00,1785490252419,BTC-USDT-SWAP,sell,long,0.63,63679.9
2026-07-31T09:29:09.139+00:00,1785490149139,BTC-USDT-SWAP,sell,long,0.59,63658.3
2026-07-31T09:29:02.615+00:00,1785490142615,BTC-USDT-SWAP,sell,long,0.01,63659.4
2026-07-31T09:29:01.211+00:00,1785490141211,BTC-USDT-SWAP,sell,long,2.29,63659.9
2026-07-31T09:29:01.102+00:00,1785490141102,BTC-USDT-SWAP,sell,long,0.1,63659.9
2026-07-31T09:28:59.631+00:00,1785490139631,BTC-USDT-SWAP,sell,long,1.55,63661.2
2026-07-31T09:28:59.497+00:00,1785490139497,BTC-USDT-SWAP,sell,long,85.4,63661.2
2026-07-31T09:28:47.350+00:00,1785490127350,BTC-USDT-SWAP,sell,long,1.68,63664.1
2026-07-31T09:22:35.841+00:00,1785489755841,BTC-USDT-SWAP,sell,long,10.94,63668
2026-07-31T09:22:25.268+00:00,1785489745268,BTC-USDT-SWAP,sell,long,1.3,63664.9
2026-07-31T09:22:25.156+00:00,1785489745156,BTC-USDT-SWAP,sell,long,1.01,63666.6
2026-07-31T09:22:25.139+00:00,1785489745139,BTC-USDT-SWAP,sell,long,55,63666.6
2026-07-31T09:22:25.117+00:00,1785489745117,BTC-USDT-SWAP,sell,long,7.68,63666.6
2026-07-31T09:22:23.438+00:00,1785489743438,BTC-USDT-SWAP,sell,long,0.02,63672.3
2026-07-31T09:22:20.428+00:00,1785489740428,BTC-USDT-SWAP,sell,long,0.66,63674.7
2026-07-31T09:22:20.191+00:00,1785489740191,BTC-USDT-SWAP,sell,long,4.46,63674.7
2026-07-31T09:22:20.099+00:00,1785489740099,BTC-USDT-SWAP,sell,long,29.45,63674.7
2026-07-31T09:22:18.374+00:00,1785489738374,BTC-USDT-SWAP,sell,long,2.03,63680.4
2026-07-31T09:22:01.717+00:00,1785489721717,BTC-USDT-SWAP,sell,long,0.48,63680.9
2026-07-31T09:22:01.665+00:00,1785489721665,BTC-USDT-SWAP,sell,long,0.22,63680.9
2026-07-31T09:22:01.519+00:00,1785489721519,BTC-USDT-SWAP,sell,long,0.85,63684.5
2026-07-31T09:21:46.384+00:00,1785489706384,BTC-USDT-SWAP,sell,long,46.38,63684.5
2026-07-31T09:21:45.415+00:00,1785489705415,BTC-USDT-SWAP,sell,long,0.1,63685.1
2026-07-31T09:20:50.709+00:00,1785489650709,BTC-USDT-SWAP,sell,long,10,63688
2026-07-31T09:20:50.327+00:00,1785489650327,BTC-USDT-SWAP,sell,long,1.69,63693.7
2026-07-31T09:19:57.870+00:00,1785489597870,BTC-USDT-SWAP,sell,long,0.02,63697.7
2026-07-31T09:19:55.292+00:00,1785489595292,BTC-USDT-SWAP,sell,long,0.04,63705.2
2026-07-31T09:19:54.867+00:00,1785489594867,BTC-USDT-SWAP,sell,long,1.41,63705.3
2026-07-31T09:16:21.906+00:00,1785489381906,BTC-USDT-SWAP,sell,long,0.13,63706.1
2026-07-31T09:16:21.860+00:00,1785489381860,BTC-USDT-SWAP,sell,long,0.02,63706.1
2026-07-31T09:16:21.705+00:00,1785489381705,BTC-USDT-SWAP,sell,long,0.19,63710.9
2026-07-31T09:16:21.691+00:00,1785489381691,BTC-USDT-SWAP,sell,long,0.06,63710.9
2026-07-31T09:16:21.673+00:00,1785489381673,BTC-USDT-SWAP,sell,long,2.23,63710.9
2026-07-31T09:12:30.378+00:00,1785489150378,BTC-USDT-SWAP,sell,long,0.83,63720
2026-07-31T09:12:30.370+00:00,1785489150370,BTC-USDT-SWAP,sell,long,1,63720
2026-07-31T09:12:30.345+00:00,1785489150345,BTC-USDT-SWAP,sell,long,0.5,63718.5
2026-07-31T09:12:30.309+00:00,1785489150309,BTC-USDT-SWAP,sell,long,0.08,63720
2026-07-31T09:12:30.239+00:00,1785489150239,BTC-USDT-SWAP,sell,long,0.08,63720
2026-07-31T09:12:30.192+00:00,1785489150192,BTC-USDT-SWAP,sell,long,0.02,63720
2026-07-31T09:12:30.099+00:00,1785489150099,BTC-USDT-SWAP,sell,long,3.93,63740
2026-07-31T09:09:32.544+00:00,1785488972544,BTC-USDT-SWAP,sell,long,0.79,63743.6
2026-07-31T09:06:21.814+00:00,1785488781814,BTC-USDT-SWAP,sell,long,4.97,63749.7
2026-07-31T09:06:21.785+00:00,1785488781785,BTC-USDT-SWAP,sell,long,8.27,63749.7
2026-07-31T09:06:21.705+00:00,1785488781705,BTC-USDT-SWAP,sell,long,0.01,63751.4
2026-07-31T09:06:18.577+00:00,1785488778577,BTC-USDT-SWAP,sell,long,0.01,63756.2
2026-07-31T09:06:17.808+00:00,1785488777808,BTC-USDT-SWAP,sell,long,0.59,63756.6
2026-07-31T09:06:04.547+00:00,1785488764547,BTC-USDT-SWAP,sell,long,0.07,63758.8
2026-07-31T09:06:03.332+00:00,1785488763332,BTC-USDT-SWAP,sell,long,14.83,63761.9
2026-07-31T09:06:03.201+00:00,1785488763201,BTC-USDT-SWAP,sell,long,33.85,63763.9
2026-07-31T09:06:03.170+00:00,1785488763170,BTC-USDT-SWAP,sell,long,0.25,63763.9
2026-07-31T09:06:03.169+00:00,1785488763169,BTC-USDT-SWAP,sell,long,0.11,63763.9
2026-07-31T09:06:03.146+00:00,1785488763146,BTC-USDT-SWAP,sell,long,16.01,63763.9
2026-07-31T09:06:03.119+00:00,1785488763119,BTC-USDT-SWAP,sell,long,0.06,63763.9
2026-07-31T09:06:03.112+00:00,1785488763112,BTC-USDT-SWAP,sell,long,0.03,63763.9
2026-07-31T09:00:25.813+00:00,1785488425813,BTC-USDT-SWAP,buy,short,0.02,63780.9
2026-07-31T08:49:19.128+00:00,1785487759128,BTC-USDT-SWAP,sell,long,0.61,63858.6
2026-07-31T08:40:58.973+00:00,1785487258973,BTC-USDT-SWAP,sell,long,1,63780.7
2026-07-31T08:40:58.962+00:00,1785487258962,BTC-USDT-SWAP,sell,long,0.55,63780.6
2026-07-31T08:40:57.084+00:00,1785487257084,BTC-USDT-SWAP,sell,long,8.3,63787.4
2026-07-31T08:40:56.849+00:00,1785487256849,BTC-USDT-SWAP,sell,long,7.62,63795.9
2026-07-31T08:40:56.847+00:00,1785487256847,BTC-USDT-SWAP,sell,long,0.05,63795.9
2026-07-31T08:40:56.723+00:00,1785487256723,BTC-USDT-SWAP,sell,long,1.95,63799.7
2026-07-31T08:40:56.513+00:00,1785487256513,BTC-USDT-SWAP,sell,long,0.29,63801.3
2026-07-31T08:40:56.301+00:00,1785487256301,BTC-USDT-SWAP,sell,long,0.4,63809.2
2026-07-31T08:40:56.279+00:00,1785487256279,BTC-USDT-SWAP,sell,long,0.06,63809.2
2026-07-31T08:40:56.271+00:00,1785487256271,BTC-USDT-SWAP,sell,long,0.74,63809.2
2026-07-31T08:40:56.235+00:00,1785487256235,BTC-USDT-SWAP,sell,long,1,63809.2
2026-07-31T08:10:17.858+00:00,1785485417858,BTC-USDT-SWAP,sell,long,0.06,63823.7
2026-07-31T08:10:00.347+00:00,1785485400347,BTC-USDT-SWAP,sell,long,0.73,63826
2026-07-31T08:09:59.815+00:00,1785485399815,BTC-USDT-SWAP,sell,long,2.2,63827.4
2026-07-31T08:09:37.877+00:00,1785485377877,BTC-USDT-SWAP,sell,long,12.06,63829.2
2026-07-31T08:09:36.484+00:00,1785485376484,BTC-USDT-SWAP,sell,long,17.67,63829.5
2026-07-31T08:09:35.732+00:00,1785485375732,BTC-USDT-SWAP,sell,long,0.14,63830.2
2026-07-31T08:09:35.724+00:00,1785485375724,BTC-USDT-SWAP,sell,long,0.5,63830.2
2026-07-31T08:09:35.295+00:00,1785485375295,BTC-USDT-SWAP,sell,long,0.99,63832
2026-07-31T07:43:57.523+00:00,1785483837523,BTC-USDT-SWAP,sell,long,5.84,63829.5
2026-07-31T07:43:57.502+00:00,1785483837502,BTC-USDT-SWAP,sell,long,1.2,63829.5
2026-07-31T07:43:57.405+00:00,1785483837405,BTC-USDT-SWAP,sell,long,0.29,63838.3
2026-07-31T07:43:57.400+00:00,1785483837400,BTC-USDT-SWAP,sell,long,0.22,63838.3
2026-07-31T07:43:57.389+00:00,1785483837389,BTC-USDT-SWAP,sell,long,86.84,63838.3
2026-07-31T07:43:57.354+00:00,1785483837354,BTC-USDT-SWAP,sell,long,6.55,63838.3
2026-07-31T07:43:57.354+00:00,1785483837354,BTC-USDT-SWAP,sell,long,0.01,63838.3
2026-07-31T07:43:57.345+00:00,1785483837345,BTC-USDT-SWAP,sell,long,1.12,63838.3
2026-07-31T07:43:57.344+00:00,1785483837344,BTC-USDT-SWAP,sell,long,0.35,63838.3
2026-07-31T07:43:57.330+00:00,1785483837330,BTC-USDT-SWAP,sell,long,6.99,63838.3
2026-07-31T07:43:57.314+00:00,1785483837314,BTC-USDT-SWAP,sell,long,6.33,63838.3
2026-07-31T07:43:57.303+00:00,1785483837303,BTC-USDT-SWAP,sell,long,0.02,63838.3
2026-07-31T07:43:57.297+00:00,1785483837297,BTC-USDT-SWAP,sell,long,0.09,63838.3
2026-07-31T07:43:57.272+00:00,1785483837272,BTC-USDT-SWAP,sell,long,0.15,63838.3
2026-07-31T07:43:57.232+00:00,1785483837232,BTC-USDT-SWAP,sell,long,3.23,63838.3
2026-07-31T07:43:57.162+00:00,1785483837162,BTC-USDT-SWAP,sell,long,1.57,63860.8
2026-07-31T07:43:55.377+00:00,1785483835377,BTC-USDT-SWAP,sell,long,7.06,63862.9
2026-07-31T07:43:55.333+00:00,1785483835333,BTC-USDT-SWAP,sell,long,15.32,63862.9
2026-07-31T07:43:55.141+00:00,1785483835141,BTC-USDT-SWAP,sell,long,7.51,63864.6
2026-07-31T07:43:55.004+00:00,1785483835004,BTC-USDT-SWAP,sell,long,0.09,63864.6
2026-07-31T07:43:54.988+00:00,1785483834988,BTC-USDT-SWAP,sell,long,0.77,63866.7
2026-07-31T07:43:54.950+00:00,1785483834950,BTC-USDT-SWAP,sell,long,0.11,63866.7
2026-07-31T07:43:54.939+00:00,1785483834939,BTC-USDT-SWAP,sell,long,0.01,63866.7
2026-07-31T07:43:54.932+00:00,1785483834932,BTC-USDT-SWAP,sell,long,1.98,63866.7
2026-07-31T07:43:54.919+00:00,1785483834919,BTC-USDT-SWAP,sell,long,5.12,63866.7
2026-07-31T07:43:54.870+00:00,1785483834870,BTC-USDT-SWAP,sell,long,0.14,63866.7
2026-07-31T07:43:54.674+00:00,1785483834674,BTC-USDT-SWAP,sell,long,13.46,63873.7
2026-07-31T07:43:54.192+00:00,1785483834192,BTC-USDT-SWAP,sell,long,4.23,63875.7
2026-07-31T07:43:54.108+00:00,1785483834108,BTC-USDT-SWAP,sell,long,7,63875.7
2026-07-31T07:43:54.101+00:00,1785483834101,BTC-USDT-SWAP,sell,long,10.92,63875.7
2026-07-31T07:43:53.777+00:00,1785483833777,BTC-USDT-SWAP,sell,long,9.12,63878.7
2026-07-31T07:43:53.744+00:00,1785483833744,BTC-USDT-SWAP,sell,long,0.02,63878.7
2026-07-31T07:43:53.740+00:00,1785483833740,BTC-USDT-SWAP,sell,long,0.5,63878.7
2026-07-31T07:43:53.737+00:00,1785483833737,BTC-USDT-SWAP,sell,long,2.21,63878.7
2026-07-31T07:43:53.727+00:00,1785483833727,BTC-USDT-SWAP,sell,long,0.04,63878.7
2026-07-31T07:43:53.721+00:00,1785483833721,BTC-USDT-SWAP,sell,long,0.02,63878.7
2026-07-31T07:43:53.718+00:00,1785483833718,BTC-USDT-SWAP,sell,long,1.59,63878.7
2026-07-31T07:43:53.713+00:00,1785483833713,BTC-USDT-SWAP,sell,long,0.12,63878.7
2026-07-31T07:43:53.703+00:00,1785483833703,BTC-USDT-SWAP,sell,long,24.37,63878.7
2026-07-31T07:43:52.730+00:00,1785483832730,BTC-USDT-SWAP,sell,long,1.99,63891.2
2026-07-31T07:43:52.722+00:00,1785483832722,BTC-USDT-SWAP,sell,long,0.66,63891.2
2026-07-31T07:43:50.755+00:00,1785483830755,BTC-USDT-SWAP,sell,long,0.34,63892.2
2026-07-31T07:43:50.748+00:00,1785483830748,BTC-USDT-SWAP,sell,long,1.08,63892.2
2026-07-31T07:43:50.742+00:00,1785483830742,BTC-USDT-SWAP,sell,long,3.96,63892.2
2026-07-31T07:43:50.717+00:00,1785483830717,BTC-USDT-SWAP,sell,long,8.47,63892.2
2026-07-31T07:43:50.702+00:00,1785483830702,BTC-USDT-SWAP,sell,long,1.19,63892.2
2026-07-31T07:43:50.701+00:00,1785483830701,BTC-USDT-SWAP,sell,long,0.41,63892.2
2026-07-31T07:43:50.701+00:00,1785483830701,BTC-USDT-SWAP,sell,long,8.25,63892.2
2026-07-31T07:43:50.701+00:00,1785483830701,BTC-USDT-SWAP,sell,long,3.79,63892.2
2026-07-31T07:43:50.690+00:00,1785483830690,BTC-USDT-SWAP,sell,long,0.15,63892.2
2026-07-31T07:43:50.278+00:00,1785483830278,BTC-USDT-SWAP,sell,long,0.81,63901.9
2026-07-31T07:43:50.197+00:00,1785483830197,BTC-USDT-SWAP,sell,long,5.48,63901.9
2026-07-31T07:43:50.162+00:00,1785483830162,BTC-USDT-SWAP,sell,long,0.29,63902.1
2026-07-31T07:43:50.135+00:00,1785483830135,BTC-USDT-SWAP,sell,long,0.24,63902.1
2026-07-31T07:43:50.040+00:00,1785483830040,BTC-USDT-SWAP,sell,long,1.69,63902.1
2026-07-31T07:37:07.892+00:00,1785483427892,BTC-USDT-SWAP,sell,long,0.93,63906.4
2026-07-31T07:37:07.879+00:00,1785483427879,BTC-USDT-SWAP,sell,long,0.05,63906.4
2026-07-31T07:37:07.879+00:00,1785483427879,BTC-USDT-SWAP,sell,long,0.07,63906.4
2026-07-31T07:37:07.870+00:00,1785483427870,BTC-USDT-SWAP,sell,long,6.75,63906.4
2026-07-31T07:37:07.748+00:00,1785483427748,BTC-USDT-SWAP,sell,long,0.59,63906.4
2026-07-31T07:36:45.170+00:00,1785483405170,BTC-USDT-SWAP,sell,long,0.89,63935.5
2026-07-31T07:30:25.310+00:00,1785483025310,BTC-USDT-SWAP,sell,long,0.47,63912.8
2026-07-31T07:30:24.345+00:00,1785483024345,BTC-USDT-SWAP,sell,long,7.43,63914.6
2026-07-31T07:30:22.755+00:00,1785483022755,BTC-USDT-SWAP,sell,long,0.01,63915.8
2026-07-31T07:30:22.520+00:00,1785483022520,BTC-USDT-SWAP,sell,long,0.47,63916.3
2026-07-31T07:30:21.983+00:00,1785483021983,BTC-USDT-SWAP,sell,long,0.27,63916.8
2026-07-31T07:30:21.980+00:00,1785483021980,BTC-USDT-SWAP,sell,long,0.02,63916.8
2026-07-31T07:30:21.603+00:00,1785483021603,BTC-USDT-SWAP,sell,long,26.32,63917.1
2026-07-31T07:30:21.578+00:00,1785483021578,BTC-USDT-SWAP,sell,long,0.88,63917.1
2026-07-31T07:30:21.483+00:00,1785483021483,BTC-USDT-SWAP,sell,long,0.13,63917.1
2026-07-31T07:30:21.208+00:00,1785483021208,BTC-USDT-SWAP,sell,long,0.06,63920.7
2026-07-31T07:30:21.177+00:00,1785483021177,BTC-USDT-SWAP,sell,long,3.98,63918.1
2026-07-31T07:30:20.885+00:00,1785483020885,BTC-USDT-SWAP,sell,long,5.14,63920.9
2026-07-31T07:30:20.584+00:00,1785483020584,BTC-USDT-SWAP,sell,long,55.37,63920.9
2026-07-31T07:30:20.463+00:00,1785483020463,BTC-USDT-SWAP,sell,long,0.06,63920.9
2026-07-31T07:30:20.370+00:00,1785483020370,BTC-USDT-SWAP,sell,long,4.53,63920.7
2026-07-31T07:30:20.344+00:00,1785483020344,BTC-USDT-SWAP,sell,long,83.09,63920.7
2026-07-31T07:30:19.402+00:00,1785483019402,BTC-USDT-SWAP,sell,long,2.7,63931.9
2026-07-31T07:30:18.991+00:00,1785483018991,BTC-USDT-SWAP,sell,long,0.26,63933.4
2026-07-31T07:30:17.579+00:00,1785483017579,BTC-USDT-SWAP,sell,long,3.05,63934.1
2026-07-31T07:30:17.521+00:00,1785483017521,BTC-USDT-SWAP,sell,long,2.72,63934.1
2026-07-31T07:30:17.257+00:00,1785483017257,BTC-USDT-SWAP,sell,long,6,63935.8
2026-07-31T07:30:17.158+00:00,1785483017158,BTC-USDT-SWAP,sell,long,0.15,63939.4
2026-07-31T07:30:17.098+00:00,1785483017098,BTC-USDT-SWAP,sell,long,19.93,63939.4
2026-07-31T07:30:17.052+00:00,1785483017052,BTC-USDT-SWAP,sell,long,0.1,63939.4
2026-07-31T07:30:17.006+00:00,1785483017006,BTC-USDT-SWAP,sell,long,197.97,63939.4
2026-07-31T07:30:16.954+00:00,1785483016954,BTC-USDT-SWAP,sell,long,0.34,63939.4
2026-07-31T07:30:16.948+00:00,1785483016948,BTC-USDT-SWAP,sell,long,1.34,63939.4
2026-07-31T07:30:05.665+00:00,1785483005665,BTC-USDT-SWAP,sell,long,4.38,63944.2
2026-07-31T07:30:04.475+00:00,1785483004475,BTC-USDT-SWAP,sell,long,0.58,63935.6
2026-07-31T07:30:03.695+00:00,1785483003695,BTC-USDT-SWAP,sell,long,0.05,63940.3
2026-07-31T07:30:03.413+00:00,1785483003413,BTC-USDT-SWAP,sell,long,0.04,63942.9
2026-07-31T07:30:02.078+00:00,1785483002078,BTC-USDT-SWAP,sell,long,399.18,63956.9
2026-07-31T07:29:59.229+00:00,1785482999229,BTC-USDT-SWAP,sell,long,9.09,63964
2026-07-31T07:24:05.553+00:00,1785482645553,BTC-USDT-SWAP,sell,long,2.83,63948
2026-07-31T07:24:05.413+00:00,1785482645413,BTC-USDT-SWAP,sell,long,0.27,63948.1
2026-07-31T07:24:02.478+00:00,1785482642478,BTC-USDT-SWAP,sell,long,0.5,63950.2
2026-07-31T07:24:02.401+00:00,1785482642401,BTC-USDT-SWAP,sell,long,2.29,63950.2
2026-07-31T07:22:37.870+00:00,1785482557870,BTC-USDT-SWAP,sell,long,2.07,63951.8
2026-07-31T07:22:37.810+00:00,1785482557810,BTC-USDT-SWAP,sell,long,1,63956.5
2026-07-31T07:22:37.796+00:00,1785482557796,BTC-USDT-SWAP,sell,long,4.39,63951.8
2026-07-31T07:22:37.768+00:00,1785482557768,BTC-USDT-SWAP,sell,long,2.01,63956.5
2026-07-31T07:22:37.711+00:00,1785482557711,BTC-USDT-SWAP,sell,long,14.89,63956.5
2026-07-31T07:22:37.638+00:00,1785482557638,BTC-USDT-SWAP,sell,long,0.84,63956.5
2026-07-31T07:22:31.749+00:00,1785482551749,BTC-USDT-SWAP,sell,long,2.18,63962.1
2026-07-31T07:22:31.424+00:00,1785482551424,BTC-USDT-SWAP,sell,long,0.02,63964.8
2026-07-31T07:22:30.295+00:00,1785482550295,BTC-USDT-SWAP,sell,long,0.88,63967.6
2026-07-31T07:22:28.657+00:00,1785482548657,BTC-USDT-SWAP,sell,long,0.01,63968.1
2026-07-31T07:22:25.956+00:00,1785482545956,BTC-USDT-SWAP,sell,long,6.21,63969.1
2026-07-31T07:22:25.954+00:00,1785482545954,BTC-USDT-SWAP,sell,long,0.02,63969.1
2026-07-31T07:21:14.730+00:00,1785482474730,BTC-USDT-SWAP,sell,long,14.38,63985.7
2026-07-31T07:07:02.751+00:00,1785481622751,BTC-USDT-SWAP,sell,long,0.14,63973.5
2026-07-31T07:07:02.744+00:00,1785481622744,BTC-USDT-SWAP,sell,long,3.92,63977.3
2026-07-31T07:07:02.739+00:00,1785481622739,BTC-USDT-SWAP,sell,long,1.64,63973.5
2026-07-31T07:07:02.705+00:00,1785481622705,BTC-USDT-SWAP,sell,long,1.59,63977.3
2026-07-31T07:07:02.594+00:00,1785481622594,BTC-USDT-SWAP,sell,long,811,63977.3
2026-07-31T07:07:02.591+00:00,1785481622591,BTC-USDT-SWAP,sell,long,0.64,63977.3
2026-07-31T07:07:02.541+00:00,1785481622541,BTC-USDT-SWAP,sell,long,2.46,63982.7
2026-07-31T07:07:02.534+00:00,1785481622534,BTC-USDT-SWAP,sell,long,1.53,63982.7
2026-07-31T07:07:02.500+00:00,1785481622500,BTC-USDT-SWAP,sell,long,0.36,63982.7
2026-07-31T07:07:02.397+00:00,1785481622397,BTC-USDT-SWAP,sell,long,1.59,63982.7
2026-07-31T07:07:02.380+00:00,1785481622380,BTC-USDT-SWAP,sell,long,28.13,63982.7
2026-07-31T07:07:02.361+00:00,1785481622361,BTC-USDT-SWAP,sell,long,2.79,63988.5
2026-07-31T07:07:02.359+00:00,1785481622359,BTC-USDT-SWAP,sell,long,0.6,63988.5
2026-07-31T07:07:02.333+00:00,1785481622333,BTC-USDT-SWAP,sell,long,47.25,63988.5
2026-07-31T07:07:02.325+00:00,1785481622325,BTC-USDT-SWAP,sell,long,2.85,63988.5
2026-07-31T07:07:02.312+00:00,1785481622312,BTC-USDT-SWAP,sell,long,57.35,63988.5
2026-07-31T07:07:02.312+00:00,1785481622312,BTC-USDT-SWAP,sell,long,0.53,63988.5
2026-07-31T07:07:02.301+00:00,1785481622301,BTC-USDT-SWAP,sell,long,1.4,63988.5
2026-07-31T07:07:02.297+00:00,1785481622297,BTC-USDT-SWAP,sell,long,0.01,63988.5
2026-07-31T07:07:02.263+00:00,1785481622263,BTC-USDT-SWAP,sell,long,4.36,63988.5
2026-07-31T07:07:02.258+00:00,1785481622258,BTC-USDT-SWAP,sell,long,0.28,63988.5
2026-07-31T07:07:02.234+00:00,1785481622234,BTC-USDT-SWAP,sell,long,0.6,63988.5
2026-07-31T07:07:02.197+00:00,1785481622197,BTC-USDT-SWAP,sell,long,0.05,63988.5
2026-07-31T07:06:59.702+00:00,1785481619702,BTC-USDT-SWAP,sell,long,24.26,64012.9
2026-07-31T07:06:57.128+00:00,1785481617128,BTC-USDT-SWAP,sell,long,2.07,64012.3
2026-07-31T07:06:41.877+00:00,1785481601877,BTC-USDT-SWAP,sell,long,0.63,64014
2026-07-31T07:06:41.870+00:00,1785481601870,BTC-USDT-SWAP,sell,long,0.01,64014
2026-07-31T07:06:41.810+00:00,1785481601810,BTC-USDT-SWAP,sell,long,0.24,64014
2026-07-31T07:06:41.798+00:00,1785481601798,BTC-USDT-SWAP,sell,long,10.15,64014
2026-07-31T07:06:41.788+00:00,1785481601788,BTC-USDT-SWAP,sell,long,16.79,64014
2026-07-31T07:06:41.774+00:00,1785481601774,BTC-USDT-SWAP,sell,long,1.14,64014
2026-07-31T07:06:41.773+00:00,1785481601773,BTC-USDT-SWAP,sell,long,0.01,64014
2026-07-31T07:06:41.762+00:00,1785481601762,BTC-USDT-SWAP,sell,long,0.32,64014
2026-07-31T07:06:41.737+00:00,1785481601737,BTC-USDT-SWAP,sell,long,0.06,64014
2026-07-31T07:06:41.654+00:00,1785481601654,BTC-USDT-SWAP,sell,long,0.48,64014
2026-07-31T07:06:41.610+00:00,1785481601610,BTC-USDT-SWAP,sell,long,1.36,64014
2026-07-31T07:06:40.496+00:00,1785481600496,BTC-USDT-SWAP,sell,long,0.23,64039.8
2026-07-31T07:06:25.012+00:00,1785481585012,BTC-USDT-SWAP,sell,long,38.66,64042.4
2026-07-31T07:06:23.633+00:00,1785481583633,BTC-USDT-SWAP,sell,long,11.25,64045.8
2026-07-31T07:06:23.576+00:00,1785481583576,BTC-USDT-SWAP,sell,long,8.35,64045.8
2026-07-31T07:06:23.227+00:00,1785481583227,BTC-USDT-SWAP,sell,long,3.14,64048.7
2026-07-31T07:06:21.770+00:00,1785481581770,BTC-USDT-SWAP,sell,long,9.29,64050.5
2026-07-31T07:06:21.513+00:00,1785481581513,BTC-USDT-SWAP,sell,long,0.5,64050.9
2026-07-31T07:05:39.224+00:00,1785481539224,BTC-USDT-SWAP,sell,long,0.4,64054.2
2026-07-31T07:05:39.137+00:00,1785481539137,BTC-USDT-SWAP,sell,long,0.18,64054.2
2026-07-31T07:05:20.790+00:00,1785481520790,BTC-USDT-SWAP,sell,long,0.04,64058.9
2026-07-31T07:05:17.765+00:00,1785481517765,BTC-USDT-SWAP,sell,long,6.18,64065
2026-07-31T07:05:17.758+00:00,1785481517758,BTC-USDT-SWAP,sell,long,0.41,64065
2026-07-31T07:05:17.709+00:00,1785481517709,BTC-USDT-SWAP,sell,long,65.08,64066.4
2026-07-31T07:05:17.594+00:00,1785481517594,BTC-USDT-SWAP,sell,long,0.09,64066.4
2026-07-31T07:05:15.946+00:00,1785481515946,BTC-USDT-SWAP,sell,long,0.37,64071.4
2026-07-31T07:04:51.881+00:00,1785481491881,BTC-USDT-SWAP,sell,long,0.17,64083.3
2026-07-31T07:03:42.377+00:00,1785481422377,BTC-USDT-SWAP,sell,long,2.18,64088.2
2026-07-31T07:03:42.373+00:00,1785481422373,BTC-USDT-SWAP,sell,long,0.5,64088.2
2026-07-31T07:03:42.312+00:00,1785481422312,BTC-USDT-SWAP,sell,long,1,64088.2
2026-07-31T07:03:42.301+00:00,1785481422301,BTC-USDT-SWAP,sell,long,1.35,64088.2
2026-07-31T07:03:31.580+00:00,1785481411580,BTC-USDT-SWAP,sell,long,4.46,64107.6
2026-07-31T07:03:31.578+00:00,1785481411578,BTC-USDT-SWAP,sell,long,1.32,64107.6
2026-07-31T07:03:31.215+00:00,1785481411215,BTC-USDT-SWAP,sell,long,0.01,64126
2026-07-31T07:03:27.134+00:00,1785481407134,BTC-USDT-SWAP,sell,long,2.68,64130.1
2026-07-31T07:03:26.761+00:00,1785481406761,BTC-USDT-SWAP,sell,long,0.3,64142
2026-07-31T07:03:26.726+00:00,1785481406726,BTC-USDT-SWAP,sell,long,0.01,64142
2026-07-31T06:36:21.502+00:00,1785479781502,BTC-USDT-SWAP,sell,long,2,64355.1
2026-07-31T05:47:27.588+00:00,1785476847588,BTC-USDT-SWAP,sell,long,10,64248.5
2026-07-31T05:24:37.397+00:00,1785475477397,BTC-USDT-SWAP,sell,long,7.21,64363.6
2026-07-31T04:42:28.957+00:00,1785472948957,BTC-USDT-SWAP,buy,short,0.7,64272.4
2026-07-31T04:07:18.741+00:00,1785470838741,BTC-USDT-SWAP,buy,short,0.06,64371.6
2026-07-31T04:07:16.517+00:00,1785470836517,BTC-USDT-SWAP,buy,short,0.25,64371.6
2026-07-31T03:51:47.845+00:00,1785469907845,BTC-USDT-SWAP,buy,short,0.5,64348.7
2026-07-31T03:12:40.587+00:00,1785467560587,BTC-USDT-SWAP,sell,long,5.94,64146.7
2026-07-31T03:12:40.432+00:00,1785467560432,BTC-USDT-SWAP,sell,long,2.9,64149.6
2026-07-31T03:12:40.322+00:00,1785467560322,BTC-USDT-SWAP,sell,long,3.55,64149.6
2026-07-31T03:12:32.540+00:00,1785467552540,BTC-USDT-SWAP,sell,long,6.39,64158.3
2026-07-31T03:12:32.048+00:00,1785467552048,BTC-USDT-SWAP,sell,long,10.75,64159
2026-07-31T03:12:31.678+00:00,1785467551678,BTC-USDT-SWAP,sell,long,80.48,64161.9
2026-07-31T02:42:41.720+00:00,1785465761720,BTC-USDT-SWAP,sell,long,0.91,64167.2
2026-07-31T02:42:38.120+00:00,1785465758120,BTC-USDT-SWAP,sell,long,0.57,64168.8
2026-07-31T02:42:38.053+00:00,1785465758053,BTC-USDT-SWAP,sell,long,0.1,64168.8
2026-07-31T02:42:35.551+00:00,1785465755551,BTC-USDT-SWAP,sell,long,50,64173.9
2026-07-31T02:42:35.347+00:00,1785465755347,BTC-USDT-SWAP,sell,long,0.2,64174.5
2026-07-31T02:42:34.340+00:00,1785465754340,BTC-USDT-SWAP,sell,long,3.05,64180.1
2026-07-31T02:42:33.580+00:00,1785465753580,BTC-USDT-SWAP,sell,long,1.13,64180.8
2026-07-31T02:42:33.450+00:00,1785465753450,BTC-USDT-SWAP,sell,long,2,64180.8
2026-07-31T02:42:27.796+00:00,1785465747796,BTC-USDT-SWAP,sell,long,8.99,64180.9
2026-07-31T02:42:26.143+00:00,1785465746143,BTC-USDT-SWAP,sell,long,1.81,64182.1
2026-07-31T02:42:26.058+00:00,1785465746058,BTC-USDT-SWAP,sell,long,0.6,64182.1
2026-07-31T02:42:25.964+00:00,1785465745964,BTC-USDT-SWAP,sell,long,10.05,64182.1
2026-07-31T02:42:24.902+00:00,1785465744902,BTC-USDT-SWAP,sell,long,0.08,64193.3
2026-07-31T02:42:24.877+00:00,1785465744877,BTC-USDT-SWAP,sell,long,0.11,64193.3
2026-07-31T02:42:24.874+00:00,1785465744874,BTC-USDT-SWAP,sell,long,0.05,64192.8
2026-07-31T02:42:24.851+00:00,1785465744851,BTC-USDT-SWAP,sell,long,4.76,64193.3
2026-07-31T02:42:24.792+00:00,1785465744792,BTC-USDT-SWAP,sell,long,450,64193.3
2026-07-31T02:42:24.754+00:00,1785465744754,BTC-USDT-SWAP,sell,long,7.45,64193.3
2026-07-31T02:42:24.494+00:00,1785465744494,BTC-USDT-SWAP,sell,long,0.25,64201.8
2026-07-31T02:42:09.856+00:00,1785465729856,BTC-USDT-SWAP,sell,long,0.14,64202.5
2026-07-31T02:42:09.443+00:00,1785465729443,BTC-USDT-SWAP,sell,long,0.15,64204.8
2026-07-31T02:42:09.418+00:00,1785465729418,BTC-USDT-SWAP,sell,long,21.18,64204.8
2026-07-31T02:42:09.406+00:00,1785465729406,BTC-USDT-SWAP,sell,long,1,64203
2026-07-31T02:42:07.593+00:00,1785465727593,BTC-USDT-SWAP,sell,long,0.12,64207.1
2026-07-31T02:42:07.075+00:00,1785465727075,BTC-USDT-SWAP,sell,long,0.48,64207.5
2026-07-31T02:42:05.755+00:00,1785465725755,BTC-USDT-SWAP,sell,long,1.98,64210.4
2026-07-31T02:42:03.118+00:00,1785465723118,BTC-USDT-SWAP,sell,long,0.19,64213.1
2026-07-31T02:42:01.919+00:00,1785465721919,BTC-USDT-SWAP,sell,long,3.6,64213.9
2026-07-31T02:42:01.863+00:00,1785465721863,BTC-USDT-SWAP,sell,long,5.12,64213.9
2026-07-31T02:42:01.742+00:00,1785465721742,BTC-USDT-SWAP,sell,long,0.01,64217.7
2026-07-31T02:42:01.696+00:00,1785465721696,BTC-USDT-SWAP,sell,long,0.12,64217.7
2026-07-31T02:42:01.474+00:00,1785465721474,BTC-USDT-SWAP,sell,long,3.85,64220.2
2026-07-31T02:42:01.472+00:00,1785465721472,BTC-USDT-SWAP,sell,long,51.15,64220.2
2026-07-31T02:42:01.457+00:00,1785465721457,BTC-USDT-SWAP,sell,long,3.75,64220.2
2026-07-31T02:42:01.455+00:00,1785465721455,BTC-USDT-SWAP,sell,long,8.12,64220.2
2026-07-31T02:42:01.332+00:00,1785465721332,BTC-USDT-SWAP,sell,long,6.33,64224.9
2026-07-31T02:42:01.328+00:00,1785465721328,BTC-USDT-SWAP,sell,long,2.34,64224.9
2026-07-31T02:42:00.407+00:00,1785465720407,BTC-USDT-SWAP,sell,long,3.07,64230.5
2026-07-31T02:41:58.821+00:00,1785465718821,BTC-USDT-SWAP,sell,long,0.89,64236.1
2026-07-31T02:41:57.858+00:00,1785465717858,BTC-USDT-SWAP,sell,long,1.31,64236.7
2026-07-31T02:41:56.217+00:00,1785465716217,BTC-USDT-SWAP,sell,long,0.72,64240.8
2026-07-31T02:41:37.486+00:00,1785465697486,BTC-USDT-SWAP,sell,long,9.01,64245.3
2026-07-31T02:40:46.244+00:00,1785465646244,BTC-USDT-SWAP,sell,long,0.19,64246.7
2026-07-31T02:40:46.235+00:00,1785465646235,BTC-USDT-SWAP,sell,long,0.23,64246.7
2026-07-31T02:40:44.507+00:00,1785465644507,BTC-USDT-SWAP,sell,long,0.03,64249.1
2026-07-31T02:40:44.323+00:00,1785465644323,BTC-USDT-SWAP,sell,long,0.08,64251.2
2026-07-31T02:40:44.259+00:00,1785465644259,BTC-USDT-SWAP,sell,long,0.3,64251.2
2026-07-31T02:40:43.694+00:00,1785465643694,BTC-USDT-SWAP,sell,long,0.15,64252.7
2026-07-31T02:40:43.258+00:00,1785465643258,BTC-USDT-SWAP,sell,long,2.75,64253.1
2026-07-31T02:40:42.927+00:00,1785465642927,BTC-USDT-SWAP,sell,long,1.25,64253.8
2026-07-31T02:40:06.326+00:00,1785465606326,BTC-USDT-SWAP,sell,long,1.57,64256.2
2026-07-31T02:40:04.613+00:00,1785465604613,BTC-USDT-SWAP,sell,long,0.05,64262.7
2026-07-31T02:40:04.211+00:00,1785465604211,BTC-USDT-SWAP,sell,long,0.15,64265.1
2026-07-31T02:40:03.674+00:00,1785465603674,BTC-USDT-SWAP,sell,long,0.05,64267.3
2026-07-31T02:37:27.108+00:00,1785465447108,BTC-USDT-SWAP,sell,long,7.97,64268.6
2026-07-31T02:37:26.980+00:00,1785465446980,BTC-USDT-SWAP,sell,long,1,64270.6
2026-07-31T02:37:25.593+00:00,1785465445593,BTC-USDT-SWAP,sell,long,0.83,64274.7
2026-07-31T02:37:24.965+00:00,1785465444965,BTC-USDT-SWAP,sell,long,16.55,64280
2026-07-31T02:37:24.815+00:00,1785465444815,BTC-USDT-SWAP,sell,long,0.66,64280.2
2026-07-31T02:37:06.580+00:00,1785465426580,BTC-USDT-SWAP,sell,long,0.74,64282
2026-07-31T02:36:00.530+00:00,1785465360530,BTC-USDT-SWAP,sell,long,4.06,64283.2
2026-07-31T02:36:00.405+00:00,1785465360405,BTC-USDT-SWAP,sell,long,0.99,64283.2
2026-07-31T02:35:53.697+00:00,1785465353697,BTC-USDT-SWAP,sell,long,39.68,64295.9
2026-07-31T02:30:19.640+00:00,1785465019640,BTC-USDT-SWAP,sell,long,0.39,64288.8
2026-07-31T02:30:04.572+00:00,1785465004572,BTC-USDT-SWAP,sell,long,0.4,64301.6
2026-07-31T02:30:04.057+00:00,1785465004057,BTC-USDT-SWAP,sell,long,100,64315.3
2026-07-31T02:30:04.014+00:00,1785465004014,BTC-USDT-SWAP,sell,long,52.01,64315.3
2026-07-31T02:29:48.655+00:00,1785464988655,BTC-USDT-SWAP,sell,long,0.15,64325.5
2026-07-31T02:29:48.531+00:00,1785464988531,BTC-USDT-SWAP,sell,long,1.17,64325.5
2026-07-31T02:29:48.504+00:00,1785464988504,BTC-USDT-SWAP,sell,long,0.11,64325.5
2026-07-31T02:29:48.433+00:00,1785464988433,BTC-USDT-SWAP,sell,long,0.09,64328.6
2026-07-31T02:29:48.408+00:00,1785464988408,BTC-USDT-SWAP,sell,long,0.85,64328.6
2026-07-31T02:29:48.377+00:00,1785464988377,BTC-USDT-SWAP,sell,long,15.38,64328.6
2026-07-31T02:29:48.253+00:00,1785464988253,BTC-USDT-SWAP,sell,long,10,64334.5
2026-07-31T02:29:48.243+00:00,1785464988243,BTC-USDT-SWAP,sell,long,0.26,64334.5
2026-07-31T02:29:48.156+00:00,1785464988156,BTC-USDT-SWAP,sell,long,0.02,64334.5
2026-07-31T02:29:48.142+00:00,1785464988142,BTC-USDT-SWAP,sell,long,1.53,64334.5
2026-07-31T02:29:48.116+00:00,1785464988116,BTC-USDT-SWAP,sell,long,0.25,64334.5
2026-07-31T02:24:50.707+00:00,1785464690707,BTC-USDT-SWAP,sell,long,0.18,64353.6
2026-07-31T02:24:10.517+00:00,1785464650517,BTC-USDT-SWAP,sell,long,24.15,64377.9
2026-07-31T02:17:07.077+00:00,1785464227077,BTC-USDT-SWAP,sell,long,4.94,64360.8
2026-07-31T02:17:07.072+00:00,1785464227072,BTC-USDT-SWAP,sell,long,1.46,64360.8
2026-07-31T02:17:06.860+00:00,1785464226860,BTC-USDT-SWAP,sell,long,0.18,64362.9
2026-07-31T02:17:06.840+00:00,1785464226840,BTC-USDT-SWAP,sell,long,1.7,64362.9
2026-07-31T02:17:06.817+00:00,1785464226817,BTC-USDT-SWAP,sell,long,0.43,64362.9
2026-07-31T02:17:06.803+00:00,1785464226803,BTC-USDT-SWAP,sell,long,0.11,64362.9
2026-07-31T02:16:33.977+00:00,1785464193977,BTC-USDT-SWAP,sell,long,0.08,64377.8
2026-07-31T02:16:33.924+00:00,1785464193924,BTC-USDT-SWAP,sell,long,1.21,64377.8
2026-07-31T02:16:21.398+00:00,1785464181398,BTC-USDT-SWAP,sell,long,0.84,64384.2
2026-07-31T02:16:21.347+00:00,1785464181347,BTC-USDT-SWAP,sell,long,6.54,64384.2
2026-07-31T02:16:21.339+00:00,1785464181339,BTC-USDT-SWAP,sell,long,3,64384.2
2026-07-31T02:16:21.338+00:00,1785464181338,BTC-USDT-SWAP,sell,long,12.98,64384.2
2026-07-31T02:16:21.260+00:00,1785464181260,BTC-USDT-SWAP,sell,long,6.5,64391.8
2026-07-31T02:16:21.196+00:00,1785464181196,BTC-USDT-SWAP,sell,long,5,64391.8
2026-07-31T02:16:21.184+00:00,1785464181184,BTC-USDT-SWAP,sell,long,3.75,64391.8
2026-07-31T02:16:21.174+00:00,1785464181174,BTC-USDT-SWAP,sell,long,0.69,64391.8
2026-07-31T02:16:20.274+00:00,1785464180274,BTC-USDT-SWAP,sell,long,0.15,64398.3
2026-07-31T02:16:19.866+00:00,1785464179866,BTC-USDT-SWAP,sell,long,5.75,64399.5
2026-07-31T02:16:19.606+00:00,1785464179606,BTC-USDT-SWAP,sell,long,0.06,64400.9
2026-07-31T02:16:18.771+00:00,1785464178771,BTC-USDT-SWAP,sell,long,11.49,64401.5
2026-07-31T02:16:15.531+00:00,1785464175531,BTC-USDT-SWAP,sell,long,3.87,64403.8
2026-07-31T02:16:12.829+00:00,1785464172829,BTC-USDT-SWAP,sell,long,0.01,64406.5
2026-07-31T02:16:12.783+00:00,1785464172783,BTC-USDT-SWAP,sell,long,0.72,64406.5
2026-07-31T02:16:08.347+00:00,1785464168347,BTC-USDT-SWAP,sell,long,0.07,64405.2
2026-07-31T02:15:53.460+00:00,1785464153460,BTC-USDT-SWAP,sell,long,10.39,64411.7
2026-07-31T02:15:52.672+00:00,1785464152672,BTC-USDT-SWAP,sell,long,0.18,64416.3
2026-07-31T02:15:26.687+00:00,1785464126687,BTC-USDT-SWAP,sell,long,0.07,64418.6
2026-07-31T02:15:26.683+00:00,1785464126683,BTC-USDT-SWAP,sell,long,1.61,64418.6
2026-07-31T02:15:26.633+00:00,1785464126633,BTC-USDT-SWAP,sell,long,0.19,64418.6
2026-07-31T02:15:26.625+00:00,1785464126625,BTC-USDT-SWAP,sell,long,0.4,64418.6
2026-07-31T02:15:26.607+00:00,1785464126607,BTC-USDT-SWAP,sell,long,6.15,64418.6
2026-07-31T02:15:26.598+00:00,1785464126598,BTC-USDT-SWAP,sell,long,0.19,64418.6
2026-07-31T02:15:26.493+00:00,1785464126493,BTC-USDT-SWAP,sell,long,0.02,64426.1
2026-07-31T02:15:26.482+00:00,1785464126482,BTC-USDT-SWAP,sell,long,0.31,64426.1
2026-07-31T02:15:26.469+00:00,1785464126469,BTC-USDT-SWAP,sell,long,0.88,64426.1
2026-07-31T02:15:26.434+00:00,1785464126434,BTC-USDT-SWAP,sell,long,0.1,64426.1
2026-07-31T02:15:04.305+00:00,1785464104305,BTC-USDT-SWAP,sell,long,0.02,64434.1
2026-07-31T02:03:32.660+00:00,1785463412660,BTC-USDT-SWAP,sell,long,0.04,64441.6
2026-07-31T02:03:32.492+00:00,1785463412492,BTC-USDT-SWAP,sell,long,1.5,64441.6
2026-07-31T02:03:32.485+00:00,1785463412485,BTC-USDT-SWAP,sell,long,0.15,64441.6
2026-07-31T02:03:32.206+00:00,1785463412206,BTC-USDT-SWAP,sell,long,21.79,64447.7
2026-07-31T02:03:32.064+00:00,1785463412064,BTC-USDT-SWAP,sell,long,0.24,64447.7
2026-07-31T02:03:32.035+00:00,1785463412035,BTC-USDT-SWAP,sell,long,0.06,64447.7
2026-07-31T02:03:32.002+00:00,1785463412002,BTC-USDT-SWAP,sell,long,0.99,64447.7
2026-07-31T02:03:30.907+00:00,1785463410907,BTC-USDT-SWAP,sell,long,0.19,64454.6
2026-07-31T02:03:27.660+00:00,1785463407660,BTC-USDT-SWAP,sell,long,1.11,64456.4
2026-07-31T02:03:23.038+00:00,1785463403038,BTC-USDT-SWAP,sell,long,0.97,64456.7
2026-07-31T02:03:05.007+00:00,1785463385007,BTC-USDT-SWAP,sell,long,12.62,64457.4
2026-07-31T02:03:04.997+00:00,1785463384997,BTC-USDT-SWAP,sell,long,0.7,64458.8
2026-07-31T02:02:15.189+00:00,1785463335189,BTC-USDT-SWAP,sell,long,0.3,64460.5
2026-08-01T03:57:28.746+00:00,1785556648746,BTC-USDT-SWAP,sell,long,0.17,62975.9
2026-08-01T08:03:26.146+00:00,1785571406146,BTC-USDT-SWAP,sell,long,0.05,63055.7
2026-08-01T09:41:52.599+00:00,1785577312599,BTC-USDT-SWAP,buy,short,0.79,63082.6
2026-08-01T11:00:52.703+00:00,1785582052703,BTC-USDT-SWAP,buy,short,6.64,63019
2026-08-01T11:00:52.423+00:00,1785582052423,BTC-USDT-SWAP,buy,short,3.19,63019
2026-08-01T12:52:17.703+00:00,1785588737703,BTC-USDT-SWAP,buy,short,22.47,63072.5
2026-08-01T14:01:07.152+00:00,1785592867152,BTC-USDT-SWAP,buy,short,7.22,63038
2026-08-01T14:02:39.051+00:00,1785592959051,BTC-USDT-SWAP,buy,short,1.1,63042.9
2026-07-31T14:03:25.888+00:00,1785506605888,BTC-USDT-SWAP,sell,long,0.68,63166.1
2026-08-01T14:52:59.836+00:00,1785595979836,BTC-USDT-SWAP,buy,short,1.49,63065.8
2026-08-01T14:57:15.709+00:00,1785596235709,BTC-USDT-SWAP,sell,long,90.55,63063.6
2026-08-01T15:25:30.795+00:00,1785597930795,BTC-USDT-SWAP,sell,long,0.89,63022
2026-08-01T16:20:21.411+00:00,1785601221411,BTC-USDT-SWAP,sell,long,14.61,62899.5
2026-08-01T17:17:04.201+00:00,1785604624201,BTC-USDT-SWAP,sell,long,0.27,62817
2026-08-01T17:21:31.092+00:00,1785604891092,BTC-USDT-SWAP,sell,long,10,62858.1
2026-08-01T17:21:30.722+00:00,1785604890722,BTC-USDT-SWAP,sell,long,0.02,62858.1
2026-08-01T17:21:29.657+00:00,1785604889657,BTC-USDT-SWAP,sell,long,2.68,62858
2026-08-01T17:21:29.655+00:00,1785604889655,BTC-USDT-SWAP,buy,short,5.96,62858
2026-08-01T17:21:29.539+00:00,1785604889539,BTC-USDT-SWAP,sell,long,20,62858
2026-08-01T17:21:29.293+00:00,1785604889293,BTC-USDT-SWAP,sell,long,0.26,62858.2
2026-08-01T17:21:29.250+00:00,1785604889250,BTC-USDT-SWAP,sell,long,0.48,62858.2
2026-08-01T17:21:27.535+00:00,1785604887535,BTC-USDT-SWAP,buy,short,0.02,62858
2026-08-01T17:21:25.591+00:00,1785604885591,BTC-USDT-SWAP,buy,short,531,62849.8
2026-08-01T17:21:25.567+00:00,1785604885567,BTC-USDT-SWAP,buy,short,45,62849.8
2026-08-01T17:21:25.192+00:00,1785604885192,BTC-USDT-SWAP,sell,long,2,62849.8
2026-08-01T17:21:25.027+00:00,1785604885027,BTC-USDT-SWAP,sell,long,5.34,62849.8
2026-08-01T17:21:24.356+00:00,1785604884356,BTC-USDT-SWAP,sell,long,3.17,62849.8
2026-08-01T17:21:22.673+00:00,1785604882673,BTC-USDT-SWAP,sell,long,2.16,62849.7
2026-08-01T17:21:22.629+00:00,1785604882629,BTC-USDT-SWAP,sell,long,0.51,62849.7
2026-08-01T17:25:43.563+00:00,1785605143563,BTC-USDT-SWAP,sell,long,0.01,62785.3
2026-08-01T17:25:42.713+00:00,1785605142713,BTC-USDT-SWAP,sell,long,0.95,62781.2
2026-08-01T17:25:42.638+00:00,1785605142638,BTC-USDT-SWAP,sell,long,3.03,62782.4
2026-08-01T17:25:42.585+00:00,1785605142585,BTC-USDT-SWAP,sell,long,3,62782.4
2026-08-01T17:25:35.019+00:00,1785605135019,BTC-USDT-SWAP,sell,long,3.49,62830.4
2026-08-01T17:26:10.795+00:00,1785605170795,BTC-USDT-SWAP,sell,long,0.23,62774.8
2026-08-01T17:26:10.790+00:00,1785605170790,BTC-USDT-SWAP,sell,long,0.01,62774.8
2026-08-01T17:31:10.674+00:00,1785605470674,BTC-USDT-SWAP,sell,long,1.58,62772.8
2026-08-01T17:34:53.753+00:00,1785605693753,BTC-USDT-SWAP,sell,long,20.05,62733.1
2026-08-01T17:34:52.879+00:00,1785605692879,BTC-USDT-SWAP,sell,long,8.23,62732.4
2026-08-01T17:34:52.858+00:00,1785605692858,BTC-USDT-SWAP,sell,long,2.34,62732.4
2026-08-01T17:34:52.678+00:00,1785605692678,BTC-USDT-SWAP,sell,long,0.08,62730.5
2026-08-01T17:34:52.478+00:00,1785605692478,BTC-USDT-SWAP,sell,long,0.41,62730.5
2026-08-01T17:34:52.401+00:00,1785605692401,BTC-USDT-SWAP,sell,long,0.09,62729.1
2026-08-01T17:34:52.192+00:00,1785605692192,BTC-USDT-SWAP,sell,long,0.01,62728.1
2026-08-01T17:34:52.155+00:00,1785605692155,BTC-USDT-SWAP,sell,long,1.95,62728.1
2026-08-01T17:34:52.107+00:00,1785605692107,BTC-USDT-SWAP,sell,long,0.06,62728.1
2026-08-01T17:34:51.950+00:00,1785605691950,BTC-USDT-SWAP,sell,long,0.11,62727
2026-08-01T17:34:51.869+00:00,1785605691869,BTC-USDT-SWAP,sell,long,0.21,62727
2026-08-01T17:34:51.836+00:00,1785605691836,BTC-USDT-SWAP,sell,long,0.98,62727
2026-08-01T17:34:51.741+00:00,1785605691741,BTC-USDT-SWAP,sell,long,0.01,62731.3
2026-08-01T17:34:51.470+00:00,1785605691470,BTC-USDT-SWAP,sell,long,4.46,62743.2
2026-08-01T17:34:51.450+00:00,1785605691450,BTC-USDT-SWAP,sell,long,0.73,62733.4
2026-08-01T17:34:51.423+00:00,1785605691423,BTC-USDT-SWAP,sell,long,0.1,62733.4
2026-08-01T17:34:36.506+00:00,1785605676506,BTC-USDT-SWAP,sell,long,0.31,62746.3
2026-08-01T17:34:36.498+00:00,1785605676498,BTC-USDT-SWAP,sell,long,0.53,62746.3
2026-08-01T17:34:36.413+00:00,1785605676413,BTC-USDT-SWAP,sell,long,40.75,62746.3
2026-08-01T17:34:36.339+00:00,1785605676339,BTC-USDT-SWAP,sell,long,4.24,62749.9
2026-08-01T17:34:36.318+00:00,1785605676318,BTC-USDT-SWAP,sell,long,0.53,62749.9
2026-08-01T17:34:36.288+00:00,1785605676288,BTC-USDT-SWAP,sell,long,0.1,62749.9
2026-08-01T17:34:36.226+00:00,1785605676226,BTC-USDT-SWAP,sell,long,1,62749.9
2026-08-01T17:34:36.200+00:00,1785605676200,BTC-USDT-SWAP,sell,long,1.3,62749.9
2026-08-01T17:34:36.194+00:00,1785605676194,BTC-USDT-SWAP,sell,long,0.06,62749.9
2026-08-01T17:34:33.571+00:00,1785605673571,BTC-USDT-SWAP,sell,long,0.07,62761.1
2026-08-01T17:34:33.408+00:00,1785605673408,BTC-USDT-SWAP,sell,long,0.95,62761.6
2026-08-01T17:34:17.474+00:00,1785605657474,BTC-USDT-SWAP,sell,long,3,62769.5
2026-08-01T17:34:17.409+00:00,1785605657409,BTC-USDT-SWAP,sell,long,9.78,62769.5
2026-08-01T17:37:12.759+00:00,1785605832759,BTC-USDT-SWAP,sell,long,0.38,62712.1
2026-08-01T17:37:12.751+00:00,1785605832751,BTC-USDT-SWAP,sell,long,0.14,62712.1
2026-08-01T17:37:12.745+00:00,1785605832745,BTC-USDT-SWAP,sell,long,11.18,62712.1
2026-08-01T17:37:12.739+00:00,1785605832739,BTC-USDT-SWAP,sell,long,4.06,62712.1
2026-08-01T17:37:12.684+00:00,1785605832684,BTC-USDT-SWAP,sell,long,0.28,62712.1
2026-08-01T17:37:12.622+00:00,1785605832622,BTC-USDT-SWAP,sell,long,0.18,62712.1
2026-08-01T17:37:12.620+00:00,1785605832620,BTC-USDT-SWAP,sell,long,0.48,62712.1
2026-08-01T17:37:12.606+00:00,1785605832606,BTC-USDT-SWAP,sell,long,0.15,62712.1
2026-08-01T17:37:12.606+00:00,1785605832606,BTC-USDT-SWAP,sell,long,6.02,62712.1
2026-08-01T17:37:12.575+00:00,1785605832575,BTC-USDT-SWAP,sell,long,1.65,62712.1
2026-08-01T17:37:12.500+00:00,1785605832500,BTC-USDT-SWAP,sell,long,0.6,62716.8
2026-08-01T17:37:12.288+00:00,1785605832288,BTC-USDT-SWAP,sell,long,2.49,62717.2
2026-08-01T17:37:12.258+00:00,1785605832258,BTC-USDT-SWAP,sell,long,15.33,62717.2
2026-08-01T17:37:12.194+00:00,1785605832194,BTC-USDT-SWAP,sell,long,1.32,62717.2
2026-08-01T17:37:12.176+00:00,1785605832176,BTC-USDT-SWAP,sell,long,0.16,62717.2
2026-08-01T17:37:12.167+00:00,1785605832167,BTC-USDT-SWAP,sell,long,0.04,62717.2
2026-08-01T17:37:12.145+00:00,1785605832145,BTC-USDT-SWAP,sell,long,1.65,62717.2
2026-08-01T17:37:11.902+00:00,1785605831902,BTC-USDT-SWAP,sell,long,2.37,62720.5
2026-08-01T17:37:10.990+00:00,1785605830990,BTC-USDT-SWAP,sell,long,3.5,62722.2
2026-08-01T17:37:10.411+00:00,1785605830411,BTC-USDT-SWAP,sell,long,0.11,62722.5
2026-08-01T17:37:09.728+00:00,1785605829728,BTC-USDT-SWAP,sell,long,5.69,62723.3
2026-08-01T17:37:09.681+00:00,1785605829681,BTC-USDT-SWAP,sell,long,0.36,62723.3
2026-08-01T17:37:09.642+00:00,1785605829642,BTC-USDT-SWAP,sell,long,0.29,62723.3
2026-08-01T17:37:09.623+00:00,1785605829623,BTC-USDT-SWAP,sell,long,2.24,62723.3
2026-08-01T17:37:09.613+00:00,1785605829613,BTC-USDT-SWAP,sell,long,4.18,62723.3
2026-08-01T17:37:09.610+00:00,1785605829610,BTC-USDT-SWAP,sell,long,11.48,62723.3
2026-08-01T17:37:09.587+00:00,1785605829587,BTC-USDT-SWAP,sell,long,4.74,62723.3
2026-08-01T17:36:47.343+00:00,1785605807343,BTC-USDT-SWAP,sell,long,0.49,62734.2
2026-08-01T17:46:54.373+00:00,1785606414373,BTC-USDT-SWAP,sell,long,10,62747.8
2026-08-01T17:46:53.078+00:00,1785606413078,BTC-USDT-SWAP,sell,long,2.3,62746.2
2026-08-01T17:50:56.794+00:00,1785606656794,BTC-USDT-SWAP,sell,long,300,62645.1
2026-08-01T17:50:56.766+00:00,1785606656766,BTC-USDT-SWAP,sell,long,4.52,62645.1
2026-08-01T17:50:56.760+00:00,1785606656760,BTC-USDT-SWAP,sell,long,0.15,62645.1
2026-08-01T17:50:56.754+00:00,1785606656754,BTC-USDT-SWAP,sell,long,15.44,62645.1
2026-08-01T17:50:56.729+00:00,1785606656729,BTC-USDT-SWAP,sell,long,6.13,62645.1
2026-08-01T17:50:56.715+00:00,1785606656715,BTC-USDT-SWAP,sell,long,28.78,62645.1
2026-08-01T17:50:56.713+00:00,1785606656713,BTC-USDT-SWAP,sell,long,0.66,62645.1
2026-08-01T17:50:56.699+00:00,1785606656699,BTC-USDT-SWAP,sell,long,0.25,62645.1
2026-08-01T17:50:56.687+00:00,1785606656687,BTC-USDT-SWAP,sell,long,0.01,62645.1
2026-08-01T17:50:56.676+00:00,1785606656676,BTC-USDT-SWAP,sell,long,0.57,62645.1
2026-08-01T17:50:56.663+00:00,1785606656663,BTC-USDT-SWAP,sell,long,6.38,62645.1
2026-08-01T17:50:56.626+00:00,1785606656626,BTC-USDT-SWAP,sell,long,0.14,62645.1
2026-08-01T17:50:56.623+00:00,1785606656623,BTC-USDT-SWAP,sell,long,2.23,62645.1
2026-08-01T17:50:56.615+00:00,1785606656615,BTC-USDT-SWAP,sell,long,0.99,62645.1
2026-08-01T17:50:56.610+00:00,1785606656610,BTC-USDT-SWAP,sell,long,0.05,62645.1
2026-08-01T17:50:56.501+00:00,1785606656501,BTC-USDT-SWAP,sell,long,0.7,62676.4
2026-08-01T17:50:56.497+00:00,1785606656497,BTC-USDT-SWAP,sell,long,2.33,62676.4
2026-08-01T17:50:56.495+00:00,1785606656495,BTC-USDT-SWAP,sell,long,1.7,62676.4
2026-08-01T17:50:56.494+00:00,1785606656494,BTC-USDT-SWAP,sell,long,0.35,62676.4
2026-08-01T17:50:56.478+00:00,1785606656478,BTC-USDT-SWAP,sell,long,0.03,62676.4
2026-08-01T17:50:56.453+00:00,1785606656453,BTC-USDT-SWAP,sell,long,0.34,62676.4
2026-08-01T17:50:56.438+00:00,1785606656438,BTC-USDT-SWAP,sell,long,0.18,62676.4
2026-08-01T17:50:56.419+00:00,1785606656419,BTC-USDT-SWAP,sell,long,0.07,62676.4
2026-08-01T17:50:56.412+00:00,1785606656412,BTC-USDT-SWAP,sell,long,11.13,62676.4
2026-08-01T17:50:56.387+00:00,1785606656387,BTC-USDT-SWAP,sell,long,0.69,62676.4
2026-08-01T17:50:56.370+00:00,1785606656370,BTC-USDT-SWAP,sell,long,0.15,62676.4
2026-08-01T17:50:56.308+00:00,1785606656308,BTC-USDT-SWAP,sell,long,0.02,62694.6
2026-08-01T17:50:56.298+00:00,1785606656298,BTC-USDT-SWAP,sell,long,10.51,62694.6
2026-08-01T17:50:56.283+00:00,1785606656283,BTC-USDT-SWAP,sell,long,0.16,62694.6
2026-08-01T17:50:56.100+00:00,1785606656100,BTC-USDT-SWAP,sell,long,0.17,62697.4
2026-08-01T17:50:55.669+00:00,1785606655669,BTC-USDT-SWAP,sell,long,1.51,62698.9
2026-08-01T17:50:54.342+00:00,1785606654342,BTC-USDT-SWAP,sell,long,0.23,62701.5
2026-08-01T17:50:54.245+00:00,1785606654245,BTC-USDT-SWAP,sell,long,5.94,62701.5
2026-08-01T17:50:54.139+00:00,1785606654139,BTC-USDT-SWAP,sell,long,0.84,62701.5
2026-08-01T17:50:53.987+00:00,1785606653987,BTC-USDT-SWAP,sell,long,0.01,62702.9
2026-08-01T17:50:53.978+00:00,1785606653978,BTC-USDT-SWAP,sell,long,0.03,62702.9
2026-08-01T17:50:53.967+00:00,1785606653967,BTC-USDT-SWAP,sell,long,0.4,62702.9
2026-08-01T17:50:53.854+00:00,1785606653854,BTC-USDT-SWAP,sell,long,22.47,62702.9
2026-08-01T17:50:53.845+00:00,1785606653845,BTC-USDT-SWAP,sell,long,9.15,62702.9
2026-08-01T17:50:53.836+00:00,1785606653836,BTC-USDT-SWAP,sell,long,2.17,62702.9
2026-08-01T17:50:53.782+00:00,1785606653782,BTC-USDT-SWAP,sell,long,17.94,62702.9
2026-08-01T17:50:53.778+00:00,1785606653778,BTC-USDT-SWAP,sell,long,0.06,62702.9
2026-08-01T17:50:48.048+00:00,1785606648048,BTC-USDT-SWAP,sell,long,0.11,62709.6
2026-08-01T17:50:48.012+00:00,1785606648012,BTC-USDT-SWAP,sell,long,2.19,62709.6
2026-08-01T17:50:47.957+00:00,1785606647957,BTC-USDT-SWAP,sell,long,0.44,62709.6
2026-08-01T17:50:47.946+00:00,1785606647946,BTC-USDT-SWAP,sell,long,4.25,62709.6
2026-08-01T17:50:47.935+00:00,1785606647935,BTC-USDT-SWAP,sell,long,0.87,62709.6
2026-08-01T17:50:47.935+00:00,1785606647935,BTC-USDT-SWAP,sell,long,4.25,62709.6
2026-08-01T17:52:01.713+00:00,1785606721713,BTC-USDT-SWAP,sell,long,0.15,62635.8
2026-08-01T17:52:01.677+00:00,1785606721677,BTC-USDT-SWAP,sell,long,0.15,62635.8
2026-08-01T17:52:01.334+00:00,1785606721334,BTC-USDT-SWAP,sell,long,2.63,62636.3
2026-08-01T17:52:01.314+00:00,1785606721314,BTC-USDT-SWAP,sell,long,159.55,62636.3
2026-08-01T17:52:01.314+00:00,1785606721314,BTC-USDT-SWAP,sell,long,4.27,62636.3
2026-08-01T17:52:01.294+00:00,1785606721294,BTC-USDT-SWAP,sell,long,14.39,62636.3
2026-08-01T17:52:01.294+00:00,1785606721294,BTC-USDT-SWAP,sell,long,14.86,62636.3
2026-08-01T17:52:01.291+00:00,1785606721291,BTC-USDT-SWAP,sell,long,0.21,62636.3
2026-08-01T17:52:01.275+00:00,1785606721275,BTC-USDT-SWAP,sell,long,0.02,62636.3
2026-08-01T17:52:01.241+00:00,1785606721241,BTC-USDT-SWAP,sell,long,0.03,62636.3
2026-08-01T17:52:01.199+00:00,1785606721199,BTC-USDT-SWAP,sell,long,35.28,62636.3
2026-08-01T18:01:49.707+00:00,1785607309707,BTC-USDT-SWAP,sell,long,14.65,62611
2026-08-01T18:01:49.573+00:00,1785607309573,BTC-USDT-SWAP,sell,long,0.22,62611
2026-08-01T18:01:49.276+00:00,1785607309276,BTC-USDT-SWAP,sell,long,0.41,62611.7
2026-08-01T18:01:49.264+00:00,1785607309264,BTC-USDT-SWAP,sell,long,0.2,62611.7
2026-08-01T18:01:49.212+00:00,1785607309212,BTC-USDT-SWAP,sell,long,0.06,62611.7
2026-08-01T18:01:49.092+00:00,1785607309092,BTC-USDT-SWAP,sell,long,0.11,62611.7
2026-08-01T18:01:48.998+00:00,1785607308998,BTC-USDT-SWAP,sell,long,0.15,62613.1
2026-08-01T18:01:48.818+00:00,1785607308818,BTC-USDT-SWAP,sell,long,1,62614
2026-08-01T18:01:48.432+00:00,1785607308432,BTC-USDT-SWAP,sell,long,0.47,62614.3
2026-08-01T18:01:48.231+00:00,1785607308231,BTC-USDT-SWAP,sell,long,2,62614.4
2026-08-01T18:01:47.936+00:00,1785607307936,BTC-USDT-SWAP,sell,long,1.51,62614.8
2026-08-01T18:01:47.835+00:00,1785607307835,BTC-USDT-SWAP,sell,long,0.37,62615.9
2026-08-01T18:01:47.772+00:00,1785607307772,BTC-USDT-SWAP,sell,long,3.63,62615.9
2026-08-01T18:01:47.679+00:00,1785607307679,BTC-USDT-SWAP,sell,long,3.72,62618.5
2026-08-01T18:01:47.668+00:00,1785607307668,BTC-USDT-SWAP,sell,long,4.26,62618.5
2026-08-01T18:01:47.491+00:00,1785607307491,BTC-USDT-SWAP,sell,long,0.02,62619.7
2026-08-01T18:01:47.482+00:00,1785607307482,BTC-USDT-SWAP,sell,long,16.63,62619.7
2026-08-01T18:01:46.954+00:00,1785607306954,BTC-USDT-SWAP,sell,long,4.47,62621
2026-08-01T18:01:46.928+00:00,1785607306928,BTC-USDT-SWAP,sell,long,0.09,62621
2026-08-01T18:01:46.884+00:00,1785607306884,BTC-USDT-SWAP,sell,long,0.87,62621
2026-08-01T18:01:46.878+00:00,1785607306878,BTC-USDT-SWAP,sell,long,0.9,62621
2026-08-01T18:01:46.878+00:00,1785607306878,BTC-USDT-SWAP,sell,long,0.03,62621
2026-08-01T18:01:46.856+00:00,1785607306856,BTC-USDT-SWAP,sell,long,6.13,62621
2026-08-01T18:01:46.722+00:00,1785607306722,BTC-USDT-SWAP,sell,long,0.36,62624.7
2026-08-01T18:01:46.686+00:00,1785607306686,BTC-USDT-SWAP,sell,long,0.26,62624.7
2026-08-01T18:01:46.645+00:00,1785607306645,BTC-USDT-SWAP,sell,long,2.22,62624.7
2026-08-01T18:01:46.620+00:00,1785607306620,BTC-USDT-SWAP,sell,long,0.13,62624.7
2026-08-01T18:01:46.613+00:00,1785607306613,BTC-USDT-SWAP,sell,long,0.06,62624.7
2026-08-01T18:01:46.583+00:00,1785607306583,BTC-USDT-SWAP,sell,long,0.18,62624.7
2026-08-01T18:01:46.461+00:00,1785607306461,BTC-USDT-SWAP,sell,long,23.71,62630.6
2026-08-01T18:01:46.382+00:00,1785607306382,BTC-USDT-SWAP,sell,long,0.27,62630.6
2026-08-01T18:01:46.316+00:00,1785607306316,BTC-USDT-SWAP,sell,long,2.46,62630.6
2026-08-01T18:01:46.312+00:00,1785607306312,BTC-USDT-SWAP,sell,long,1.44,62631.5
2026-08-01T18:01:46.248+00:00,1785607306248,BTC-USDT-SWAP,sell,long,2.46,62631.5
2026-08-01T18:01:46.193+00:00,1785607306193,BTC-USDT-SWAP,sell,long,3.46,62631.5
2026-08-01T18:03:53.272+00:00,1785607433272,BTC-USDT-SWAP,sell,long,0.76,62591.2
2026-08-01T18:03:53.233+00:00,1785607433233,BTC-USDT-SWAP,sell,long,10.57,62591.2
2026-08-01T18:03:53.232+00:00,1785607433232,BTC-USDT-SWAP,sell,long,0.22,62591.2
2026-08-01T18:03:53.211+00:00,1785607433211,BTC-USDT-SWAP,sell,long,7.94,62591.2
2026-08-01T18:03:53.205+00:00,1785607433205,BTC-USDT-SWAP,sell,long,17.13,62591.2
2026-08-01T18:03:53.195+00:00,1785607433195,BTC-USDT-SWAP,sell,long,0.2,62591.2
2026-08-01T18:03:53.184+00:00,1785607433184,BTC-USDT-SWAP,sell,long,0.1,62591.2
2026-08-01T18:03:53.182+00:00,1785607433182,BTC-USDT-SWAP,sell,long,2.88,62591.2
2026-08-01T18:03:53.166+00:00,1785607433166,BTC-USDT-SWAP,sell,long,0.07,62591.2
2026-08-01T18:03:53.154+00:00,1785607433154,BTC-USDT-SWAP,sell,long,8.13,62591.2
2026-08-01T18:03:53.129+00:00,1785607433129,BTC-USDT-SWAP,sell,long,5.57,62591.2
2026-08-01T18:03:53.128+00:00,1785607433128,BTC-USDT-SWAP,sell,long,0.03,62591.2
2026-08-01T18:03:53.128+00:00,1785607433128,BTC-USDT-SWAP,sell,long,7.94,62591.2
2026-08-01T18:03:52.745+00:00,1785607432745,BTC-USDT-SWAP,sell,long,0.54,62599.4
2026-08-01T18:03:52.601+00:00,1785607432601,BTC-USDT-SWAP,sell,long,0.58,62608.8
2026-08-01T18:17:15.934+00:00,1785608235934,BTC-USDT-SWAP,sell,long,2,62586.3
2026-08-01T18:17:15.915+00:00,1785608235915,BTC-USDT-SWAP,sell,long,0.3,62586.3
2026-08-01T18:17:15.612+00:00,1785608235612,BTC-USDT-SWAP,sell,long,1.16,62587.4
2026-08-01T18:17:15.516+00:00,1785608235516,BTC-USDT-SWAP,sell,long,2.29,62587.4
2026-08-01T18:17:15.467+00:00,1785608235467,BTC-USDT-SWAP,sell,long,24.85,62587.4
2026-08-01T18:17:15.381+00:00,1785608235381,BTC-USDT-SWAP,sell,long,0.48,62587.4
2026-08-01T18:17:15.283+00:00,1785608235283,BTC-USDT-SWAP,sell,long,111.21,62593.2
2026-08-01T18:17:15.060+00:00,1785608235060,BTC-USDT-SWAP,sell,long,15.1,62602.7
2026-08-01T18:17:13.465+00:00,1785608233465,BTC-USDT-SWAP,sell,long,1.03,62611.9
2026-08-01T18:17:00.188+00:00,1785608220188,BTC-USDT-SWAP,sell,long,2,62645.9
2026-08-01T18:18:50.889+00:00,1785608330889,BTC-USDT-SWAP,sell,long,0.04,62573.8
2026-08-01T18:18:46.585+00:00,1785608326585,BTC-USDT-SWAP,sell,long,0.15,62575.5
2026-08-01T18:18:41.621+00:00,1785608321621,BTC-USDT-SWAP,sell,long,0.07,62578.3
2026-08-01T18:18:41.534+00:00,1785608321534,BTC-USDT-SWAP,sell,long,0.88,62578.3
2026-08-01T18:18:37.732+00:00,1785608317732,BTC-USDT-SWAP,sell,long,0.47,62584
2026-08-01T18:18:30.136+00:00,1785608310136,BTC-USDT-SWAP,sell,long,1.6,62582.3
2026-08-01T18:18:24.002+00:00,1785608304002,BTC-USDT-SWAP,sell,long,239.29,62581.4
2026-08-01T18:18:10.415+00:00,1785608290415,BTC-USDT-SWAP,sell,long,10,62579.4
2026-08-01T18:18:09.377+00:00,1785608289377,BTC-USDT-SWAP,sell,long,0.02,62579
2026-08-01T18:18:09.047+00:00,1785608289047,BTC-USDT-SWAP,sell,long,0.66,62579.4
2026-08-01T18:18:08.960+00:00,1785608288960,BTC-USDT-SWAP,sell,long,0.14,62579.4
2026-08-01T18:18:08.920+00:00,1785608288920,BTC-USDT-SWAP,sell,long,1.58,62579.4
2026-08-01T18:18:08.824+00:00,1785608288824,BTC-USDT-SWAP,sell,long,2.34,62581.4
2026-08-01T18:18:08.818+00:00,1785608288818,BTC-USDT-SWAP,sell,long,1.59,62581.4
2026-08-01T18:18:08.790+00:00,1785608288790,BTC-USDT-SWAP,sell,long,0.12,62581.4
2026-08-01T18:18:08.785+00:00,1785608288785,BTC-USDT-SWAP,sell,long,0.67,62581.4
2026-08-01T18:18:08.732+00:00,1785608288732,BTC-USDT-SWAP,sell,long,0.02,62581.4
2026-08-01T18:18:06.977+00:00,1785608286977,BTC-USDT-SWAP,sell,long,0.3,62586.2
2026-08-01T18:20:54.101+00:00,1785608454101,BTC-USDT-SWAP,sell,long,1.07,62518.1
2026-08-01T18:20:54.070+00:00,1785608454070,BTC-USDT-SWAP,sell,long,0.33,62518.1
2026-08-01T18:20:54.038+00:00,1785608454038,BTC-USDT-SWAP,sell,long,0.13,62518.1
2026-08-01T18:20:54.028+00:00,1785608454028,BTC-USDT-SWAP,sell,long,2.75,62518.1
2026-08-01T18:20:53.908+00:00,1785608453908,BTC-USDT-SWAP,sell,long,0.04,62520.3
2026-08-01T18:20:53.859+00:00,1785608453859,BTC-USDT-SWAP,sell,long,1.88,62520.3
2026-08-01T18:20:53.828+00:00,1785608453828,BTC-USDT-SWAP,sell,long,0.15,62520.3
2026-08-01T18:20:53.799+00:00,1785608453799,BTC-USDT-SWAP,sell,long,2.7,62520.3
2026-08-01T18:20:53.792+00:00,1785608453792,BTC-USDT-SWAP,sell,long,0.96,62520.3
2026-08-01T18:20:53.747+00:00,1785608453747,BTC-USDT-SWAP,sell,long,5,62520.3
2026-08-01T18:20:53.746+00:00,1785608453746,BTC-USDT-SWAP,sell,long,0.7,62520.3
2026-08-01T18:20:53.743+00:00,1785608453743,BTC-USDT-SWAP,sell,long,0.16,62520.3
2026-08-01T18:20:52.653+00:00,1785608452653,BTC-USDT-SWAP,sell,long,0.06,62535.6
2026-08-01T18:20:52.645+00:00,1785608452645,BTC-USDT-SWAP,sell,long,0.27,62535.6
2026-08-01T18:20:52.609+00:00,1785608452609,BTC-USDT-SWAP,sell,long,500,62535.6
2026-08-01T18:20:52.566+00:00,1785608452566,BTC-USDT-SWAP,sell,long,4.92,62535.6
2026-08-01T18:20:52.532+00:00,1785608452532,BTC-USDT-SWAP,sell,long,6.58,62537
2026-08-01T18:20:52.497+00:00,1785608452497,BTC-USDT-SWAP,sell,long,0.98,62535.6
2026-08-01T18:20:48.525+00:00,1785608448525,BTC-USDT-SWAP,sell,long,3.16,62537.5
2026-08-01T18:20:48.522+00:00,1785608448522,BTC-USDT-SWAP,sell,long,3.61,62537.5
2026-08-01T18:20:48.353+00:00,1785608448353,BTC-USDT-SWAP,sell,long,1.81,62537.5
2026-08-01T18:20:46.654+00:00,1785608446654,BTC-USDT-SWAP,sell,long,1.47,62543.1
2026-08-01T18:20:46.652+00:00,1785608446652,BTC-USDT-SWAP,sell,long,2.01,62543.1
2026-08-01T18:20:46.573+00:00,1785608446573,BTC-USDT-SWAP,sell,long,5,62544.1
2026-08-01T18:20:37.766+00:00,1785608437766,BTC-USDT-SWAP,sell,long,2.18,62542
2026-08-01T18:20:37.763+00:00,1785608437763,BTC-USDT-SWAP,sell,long,76.14,62542
2026-08-01T18:20:37.742+00:00,1785608437742,BTC-USDT-SWAP,sell,long,0.16,62542
2026-08-01T18:20:37.563+00:00,1785608437563,BTC-USDT-SWAP,sell,long,0.52,62543.9
2026-08-01T18:20:37.516+00:00,1785608437516,BTC-USDT-SWAP,sell,long,7.09,62543.9
2026-08-01T18:20:37.409+00:00,1785608437409,BTC-USDT-SWAP,sell,long,1.7,62548.4
2026-08-01T18:20:37.392+00:00,1785608437392,BTC-USDT-SWAP,sell,long,0.47,62548.4
2026-08-01T18:20:37.157+00:00,1785608437157,BTC-USDT-SWAP,sell,long,0.5,62549.9
2026-08-01T18:20:37.141+00:00,1785608437141,BTC-USDT-SWAP,sell,long,0.11,62549.9
2026-08-01T18:20:37.136+00:00,1785608437136,BTC-USDT-SWAP,sell,long,16.81,62549.9
2026-08-01T18:20:36.963+00:00,1785608436963,BTC-USDT-SWAP,sell,long,8.76,62551.8
2026-08-01T18:20:36.961+00:00,1785608436961,BTC-USDT-SWAP,sell,long,16.5,62551.8
2026-08-01T18:20:36.943+00:00,1785608436943,BTC-USDT-SWAP,sell,long,4.74,62551.8
2026-08-01T18:20:36.840+00:00,1785608436840,BTC-USDT-SWAP,sell,long,0.13,62558.8
2026-08-01T18:20:36.710+00:00,1785608436710,BTC-USDT-SWAP,sell,long,0.06,62558.8
2026-08-01T18:20:36.542+00:00,1785608436542,BTC-USDT-SWAP,sell,long,2.35,62561
2026-08-01T18:20:21.991+00:00,1785608421991,BTC-USDT-SWAP,sell,long,0.42,62561.7
2026-08-01T18:20:21.410+00:00,1785608421410,BTC-USDT-SWAP,sell,long,6.4,62562
2026-08-01T18:20:21.328+00:00,1785608421328,BTC-USDT-SWAP,sell,long,0.02,62562
2026-08-01T18:20:20.686+00:00,1785608420686,BTC-USDT-SWAP,sell,long,0.08,62563.2
2026-08-01T18:20:20.600+00:00,1785608420600,BTC-USDT-SWAP,sell,long,0.1,62563.2
2026-08-01T18:20:20.114+00:00,1785608420114,BTC-USDT-SWAP,sell,long,0.01,62563.9
2026-08-01T18:20:20.090+00:00,1785608420090,BTC-USDT-SWAP,sell,long,85.29,62564
2026-08-01T18:20:19.935+00:00,1785608419935,BTC-USDT-SWAP,sell,long,34.96,62564
2026-08-01T18:20:19.927+00:00,1785608419927,BTC-USDT-SWAP,sell,long,20.94,62564
2026-08-01T18:20:19.923+00:00,1785608419923,BTC-USDT-SWAP,sell,long,0.34,62564
2026-08-01T18:20:19.701+00:00,1785608419701,BTC-USDT-SWAP,sell,long,20.45,62569.5
2026-08-01T18:20:19.600+00:00,1785608419600,BTC-USDT-SWAP,sell,long,2.23,62570.5
2026-08-01T18:20:19.592+00:00,1785608419592,BTC-USDT-SWAP,sell,long,34.7,62570.5
2026-08-01T18:20:19.473+00:00,1785608419473,BTC-USDT-SWAP,sell,long,0.01,62570.5
2026-08-01T18:20:19.363+00:00,1785608419363,BTC-USDT-SWAP,sell,long,2,62572.4
2026-08-01T18:21:07.965+00:00,1785608467965,BTC-USDT-SWAP,sell,long,0.02,62487
2026-08-01T18:21:07.955+00:00,1785608467955,BTC-USDT-SWAP,sell,long,0.17,62487
2026-08-01T18:21:07.920+00:00,1785608467920,BTC-USDT-SWAP,sell,long,2.78,62487
2026-08-01T18:21:07.212+00:00,1785608467212,BTC-USDT-SWAP,sell,long,150,62491
2026-08-01T18:21:07.166+00:00,1785608467166,BTC-USDT-SWAP,sell,long,30,62491
2026-08-01T18:21:07.163+00:00,1785608467163,BTC-USDT-SWAP,sell,long,2.49,62491
2026-08-01T18:21:07.162+00:00,1785608467162,BTC-USDT-SWAP,sell,long,0.14,62491
2026-08-01T18:21:07.156+00:00,1785608467156,BTC-USDT-SWAP,sell,long,0.5,62491
2026-08-01T18:21:07.155+00:00,1785608467155,BTC-USDT-SWAP,sell,long,0.77,62491
2026-08-01T18:21:07.128+00:00,1785608467128,BTC-USDT-SWAP,sell,long,2.25,62491
2026-08-01T18:21:07.128+00:00,1785608467128,BTC-USDT-SWAP,sell,long,0.7,62491
2026-08-01T18:21:07.097+00:00,1785608467097,BTC-USDT-SWAP,sell,long,0.64,62491
2026-08-01T18:21:07.044+00:00,1785608467044,BTC-USDT-SWAP,sell,long,0.16,62491
2026-08-01T18:21:07.028+00:00,1785608467028,BTC-USDT-SWAP,sell,long,1.31,62491
2026-08-01T18:21:06.584+00:00,1785608466584,BTC-USDT-SWAP,sell,long,8.66,62509.3
2026-08-01T18:21:00.168+00:00,1785608460168,BTC-USDT-SWAP,sell,long,20,62510.7
2026-08-01T18:21:00.103+00:00,1785608460103,BTC-USDT-SWAP,sell,long,0.53,62510.8
2026-08-01T18:21:00.029+00:00,1785608460029,BTC-USDT-SWAP,sell,long,1.64,62510.8
2026-08-01T18:20:59.958+00:00,1785608459958,BTC-USDT-SWAP,sell,long,31.61,62510.8
2026-08-01T18:20:59.891+00:00,1785608459891,BTC-USDT-SWAP,sell,long,23.15,62511.7
2026-08-01T18:20:57.663+00:00,1785608457663,BTC-USDT-SWAP,sell,long,6.84,62517.9
2026-08-01T18:24:56.571+00:00,1785608696571,BTC-USDT-SWAP,sell,long,7.48,62485.5
2026-08-01T18:24:56.561+00:00,1785608696561,BTC-USDT-SWAP,sell,long,24.9,62485.5
2026-08-01T18:24:56.534+00:00,1785608696534,BTC-USDT-SWAP,sell,long,0.04,62485.5
2026-08-01T18:24:55.963+00:00,1785608695963,BTC-USDT-SWAP,sell,long,2.35,62488.2
2026-08-01T18:24:55.921+00:00,1785608695921,BTC-USDT-SWAP,sell,long,8.75,62488.2
2026-08-01T18:24:55.747+00:00,1785608695747,BTC-USDT-SWAP,sell,long,3.09,62488.2
2026-08-01T18:24:55.035+00:00,1785608695035,BTC-USDT-SWAP,sell,long,1.59,62504.7
2026-08-01T18:28:28.041+00:00,1785608908041,BTC-USDT-SWAP,sell,long,5.96,62504.1
2026-08-01T18:31:15.784+00:00,1785609075784,BTC-USDT-SWAP,sell,long,0.02,62239.4
2026-08-01T18:31:15.767+00:00,1785609075767,BTC-USDT-SWAP,sell,long,0.05,62239.4
2026-08-01T18:31:15.708+00:00,1785609075708,BTC-USDT-SWAP,sell,long,4,62239.4
2026-08-01T18:31:15.679+00:00,1785609075679,BTC-USDT-SWAP,sell,long,1.84,62239.4
2026-08-01T18:31:15.674+00:00,1785609075674,BTC-USDT-SWAP,sell,long,2.93,62239.4
2026-08-01T18:31:15.495+00:00,1785609075495,BTC-USDT-SWAP,sell,long,4.67,62255.1
2026-08-01T18:31:15.416+00:00,1785609075416,BTC-USDT-SWAP,sell,long,5.79,62254.4
2026-08-01T18:31:15.396+00:00,1785609075396,BTC-USDT-SWAP,sell,long,2.25,62254.4
2026-08-01T18:31:14.930+00:00,1785609074930,BTC-USDT-SWAP,sell,long,10,62247.3
2026-08-01T18:31:14.917+00:00,1785609074917,BTC-USDT-SWAP,sell,long,6.47,62247.3
2026-08-01T18:31:14.863+00:00,1785609074863,BTC-USDT-SWAP,sell,long,0.11,62247.3
2026-08-01T18:31:14.854+00:00,1785609074854,BTC-USDT-SWAP,sell,long,3.51,62247.3
2026-08-01T18:31:14.835+00:00,1785609074835,BTC-USDT-SWAP,sell,long,2.94,62247.3
2026-08-01T18:31:14.785+00:00,1785609074785,BTC-USDT-SWAP,sell,long,0.77,62250.2
2026-08-01T18:31:14.725+00:00,1785609074725,BTC-USDT-SWAP,sell,long,0.06,62252.5
2026-08-01T18:31:14.683+00:00,1785609074683,BTC-USDT-SWAP,sell,long,0.06,62250.2
2026-08-01T18:31:14.668+00:00,1785609074668,BTC-USDT-SWAP,sell,long,23.59,62250.2
2026-08-01T18:31:14.454+00:00,1785609074454,BTC-USDT-SWAP,sell,long,18,62252.5
2026-08-01T18:31:14.391+00:00,1785609074391,BTC-USDT-SWAP,sell,long,100,62252.2
2026-08-01T18:31:14.344+00:00,1785609074344,BTC-USDT-SWAP,sell,long,4.31,62252.2
2026-08-01T18:31:14.337+00:00,1785609074337,BTC-USDT-SWAP,sell,long,17.77,62252.2
2026-08-01T18:31:14.331+00:00,1785609074331,BTC-USDT-SWAP,sell,long,0.06,62252.2
2026-08-01T18:31:14.312+00:00,1785609074312,BTC-USDT-SWAP,sell,long,1.5,62252.2
2026-08-01T18:31:14.294+00:00,1785609074294,BTC-USDT-SWAP,sell,long,1.38,62252.2
2026-08-01T18:31:14.266+00:00,1785609074266,BTC-USDT-SWAP,sell,long,1.56,62254.7
2026-08-01T18:31:14.252+00:00,1785609074252,BTC-USDT-SWAP,sell,long,0.06,62254.7
2026-08-01T18:31:14.189+00:00,1785609074189,BTC-USDT-SWAP,sell,long,38.05,62254.7
2026-08-01T18:31:14.189+00:00,1785609074189,BTC-USDT-SWAP,sell,long,40,62254.7
2026-08-01T18:31:14.187+00:00,1785609074187,BTC-USDT-SWAP,sell,long,17.14,62254.7
2026-08-01T18:31:14.178+00:00,1785609074178,BTC-USDT-SWAP,sell,long,6.65,62254.7
2026-08-01T18:31:14.163+00:00,1785609074163,BTC-USDT-SWAP,sell,long,5,62254.7
2026-08-01T18:31:14.134+00:00,1785609074134,BTC-USDT-SWAP,sell,long,10.49,62254.7
2026-08-01T18:31:14.104+00:00,1785609074104,BTC-USDT-SWAP,sell,long,8.55,62254.7
2026-08-01T18:31:13.435+00:00,1785609073435,BTC-USDT-SWAP,sell,long,0.17,62289.4
2026-08-01T18:31:13.334+00:00,1785609073334,BTC-USDT-SWAP,sell,long,24.62,62285.9
2026-08-01T18:31:12.880+00:00,1785609072880,BTC-USDT-SWAP,sell,long,0.75,62274.8
2026-08-01T18:31:12.805+00:00,1785609072805,BTC-USDT-SWAP,sell,long,6.2,62274.8
2026-08-01T18:31:12.801+00:00,1785609072801,BTC-USDT-SWAP,sell,long,0.48,62274.8
2026-08-01T18:31:12.800+00:00,1785609072800,BTC-USDT-SWAP,sell,long,20,62274.8
2026-08-01T18:31:12.720+00:00,1785609072720,BTC-USDT-SWAP,sell,long,16.26,62274.8
2026-08-01T18:31:12.705+00:00,1785609072705,BTC-USDT-SWAP,sell,long,0.19,62269.2
2026-08-01T18:31:12.696+00:00,1785609072696,BTC-USDT-SWAP,sell,long,0.28,62269.2
2026-08-01T18:31:12.623+00:00,1785609072623,BTC-USDT-SWAP,sell,long,1,62269.2
2026-08-01T18:31:12.558+00:00,1785609072558,BTC-USDT-SWAP,sell,long,6.59,62269.2
2026-08-01T18:31:12.549+00:00,1785609072549,BTC-USDT-SWAP,sell,long,0.27,62274.6
2026-08-01T18:31:12.485+00:00,1785609072485,BTC-USDT-SWAP,sell,long,0.1,62274.6
2026-08-01T18:31:12.455+00:00,1785609072455,BTC-USDT-SWAP,sell,long,5.17,62274.6
2026-08-01T18:31:12.445+00:00,1785609072445,BTC-USDT-SWAP,sell,long,8.53,62274.6
2026-08-01T18:31:12.420+00:00,1785609072420,BTC-USDT-SWAP,sell,long,0.34,62269.2
2026-08-01T18:31:12.409+00:00,1785609072409,BTC-USDT-SWAP,sell,long,0.06,62274.6
2026-08-01T18:31:12.400+00:00,1785609072400,BTC-USDT-SWAP,sell,long,0.01,62279.5
2026-08-01T18:31:12.311+00:00,1785609072311,BTC-USDT-SWAP,sell,long,11.19,62279.5
2026-08-01T18:31:12.248+00:00,1785609072248,BTC-USDT-SWAP,sell,long,4.88,62279.5
2026-08-01T18:31:11.921+00:00,1785609071921,BTC-USDT-SWAP,sell,long,1.04,62281.2
2026-08-01T18:31:11.840+00:00,1785609071840,BTC-USDT-SWAP,sell,long,2.79,62281.2
2026-08-01T18:31:11.744+00:00,1785609071744,BTC-USDT-SWAP,sell,long,0.02,62281.2
2026-08-01T18:31:11.722+00:00,1785609071722,BTC-USDT-SWAP,sell,long,1.21,62281.2
2026-08-01T18:31:11.662+00:00,1785609071662,BTC-USDT-SWAP,sell,long,3.41,62281.2
2026-08-01T18:31:11.643+00:00,1785609071643,BTC-USDT-SWAP,sell,long,0.01,62281.2
2026-08-01T18:31:11.497+00:00,1785609071497,BTC-USDT-SWAP,sell,long,0.45,62281.2
2026-08-01T18:31:11.485+00:00,1785609071485,BTC-USDT-SWAP,sell,long,0.05,62281.2
2026-08-01T18:31:11.480+00:00,1785609071480,BTC-USDT-SWAP,sell,long,222.74,62272
2026-08-01T18:31:11.478+00:00,1785609071478,BTC-USDT-SWAP,sell,long,2.03,62281.2
2026-08-01T18:31:11.444+00:00,1785609071444,BTC-USDT-SWAP,sell,long,15.9,62272
2026-08-01T18:31:11.398+00:00,1785609071398,BTC-USDT-SWAP,sell,long,2.14,62272
2026-08-01T18:31:11.398+00:00,1785609071398,BTC-USDT-SWAP,sell,long,8,62272
2026-08-01T18:31:11.332+00:00,1785609071332,BTC-USDT-SWAP,sell,long,1.6,62272
2026-08-01T18:31:11.318+00:00,1785609071318,BTC-USDT-SWAP,sell,long,8.5,62272
2026-08-01T18:31:11.308+00:00,1785609071308,BTC-USDT-SWAP,sell,long,52.88,62272
2026-08-01T18:31:11.283+00:00,1785609071283,BTC-USDT-SWAP,sell,long,0.48,62297.8
2026-08-01T18:31:11.272+00:00,1785609071272,BTC-USDT-SWAP,sell,long,20.57,62297.8
2026-08-01T18:31:11.179+00:00,1785609071179,BTC-USDT-SWAP,sell,long,17.49,62297.8
2026-08-01T18:31:11.149+00:00,1785609071149,BTC-USDT-SWAP,sell,long,1.02,62312.6
2026-08-01T18:31:11.138+00:00,1785609071138,BTC-USDT-SWAP,sell,long,0.34,62312.6
2026-08-01T18:31:10.836+00:00,1785609070836,BTC-USDT-SWAP,sell,long,1.11,62328.2
2026-08-01T18:31:10.436+00:00,1785609070436,BTC-USDT-SWAP,sell,long,3.09,62414.6
2026-08-01T18:31:10.431+00:00,1785609070431,BTC-USDT-SWAP,sell,long,24.13,62414.6
2026-08-01T18:31:10.392+00:00,1785609070392,BTC-USDT-SWAP,sell,long,100,62414.6
2026-08-01T18:31:10.385+00:00,1785609070385,BTC-USDT-SWAP,sell,long,1.14,62414.6
2026-08-01T18:31:10.356+00:00,1785609070356,BTC-USDT-SWAP,sell,long,5.95,62414.6
2026-08-01T18:31:10.328+00:00,1785609070328,BTC-USDT-SWAP,sell,long,12.8,62414.6
2026-08-01T18:31:10.280+00:00,1785609070280,BTC-USDT-SWAP,sell,long,0.67,62414.6
2026-08-01T18:31:10.271+00:00,1785609070271,BTC-USDT-SWAP,sell,long,0.02,62414.6
2026-08-01T18:31:10.270+00:00,1785609070270,BTC-USDT-SWAP,sell,long,0.19,62414.6
2026-08-01T18:31:09.582+00:00,1785609069582,BTC-USDT-SWAP,sell,long,100,62424.5
2026-08-01T18:31:06.958+00:00,1785609066958,BTC-USDT-SWAP,sell,long,0.44,62420.5
2026-08-01T18:30:49.675+00:00,1785609049675,BTC-USDT-SWAP,sell,long,0.02,62420.9
2026-08-01T18:30:49.649+00:00,1785609049649,BTC-USDT-SWAP,sell,long,807.81,62420.9
2026-08-01T18:30:49.114+00:00,1785609049114,BTC-USDT-SWAP,sell,long,80.06,62423
2026-08-01T18:30:49.106+00:00,1785609049106,BTC-USDT-SWAP,sell,long,0.06,62423
2026-08-01T18:30:49.009+00:00,1785609049009,BTC-USDT-SWAP,sell,long,100,62423
2026-08-01T18:30:48.975+00:00,1785609048975,BTC-USDT-SWAP,sell,long,1.29,62423
2026-08-01T18:30:48.962+00:00,1785609048962,BTC-USDT-SWAP,sell,long,5.33,62423
2026-08-01T18:30:48.865+00:00,1785609048865,BTC-USDT-SWAP,sell,long,13.13,62423
2026-08-01T18:30:48.641+00:00,1785609048641,BTC-USDT-SWAP,sell,long,2.97,62424.9
2026-08-01T18:30:46.451+00:00,1785609046451,BTC-USDT-SWAP,sell,long,0.01,62426.6
2026-08-01T18:30:46.447+00:00,1785609046447,BTC-USDT-SWAP,sell,long,0.62,62426.6
2026-08-01T18:30:46.377+00:00,1785609046377,BTC-USDT-SWAP,sell,long,158.72,62426.6
2026-08-01T18:30:46.358+00:00,1785609046358,BTC-USDT-SWAP,sell,long,16,62426.6
2026-08-01T18:30:46.278+00:00,1785609046278,BTC-USDT-SWAP,sell,long,13.55,62426.6
2026-08-01T18:30:45.944+00:00,1785609045944,BTC-USDT-SWAP,sell,long,0.26,62430.5
2026-08-01T18:30:45.935+00:00,1785609045935,BTC-USDT-SWAP,sell,long,0.03,62430.5
2026-08-01T18:30:40.455+00:00,1785609040455,BTC-USDT-SWAP,sell,long,10.31,62436.4
2026-08-01T18:30:40.380+00:00,1785609040380,BTC-USDT-SWAP,sell,long,42.59,62434.6
2026-08-01T18:30:40.333+00:00,1785609040333,BTC-USDT-SWAP,sell,long,0.03,62436.4
2026-08-01T18:30:39.651+00:00,1785609039651,BTC-USDT-SWAP,sell,long,8.86,62433.7
2026-08-01T18:30:39.587+00:00,1785609039587,BTC-USDT-SWAP,sell,long,0.02,62433.7
2026-08-01T18:30:39.560+00:00,1785609039560,BTC-USDT-SWAP,sell,long,7.47,62433.7
2026-08-01T18:30:39.546+00:00,1785609039546,BTC-USDT-SWAP,sell,long,0.14,62433.7
2026-08-01T18:30:39.425+00:00,1785609039425,BTC-USDT-SWAP,sell,long,2.41,62442.9
2026-08-01T18:30:39.414+00:00,1785609039414,BTC-USDT-SWAP,sell,long,3.56,62442.9
2026-08-01T18:30:39.251+00:00,1785609039251,BTC-USDT-SWAP,sell,long,2.27,62442.9
2026-08-01T18:30:39.129+00:00,1785609039129,BTC-USDT-SWAP,sell,long,5.45,62448.1
2026-08-01T18:30:39.066+00:00,1785609039066,BTC-USDT-SWAP,sell,long,1.49,62448.8
2026-08-01T18:30:39.063+00:00,1785609039063,BTC-USDT-SWAP,sell,long,7.29,62448.8
2026-08-01T18:30:38.967+00:00,1785609038967,BTC-USDT-SWAP,sell,long,0.02,62448.8
2026-08-01T18:30:38.952+00:00,1785609038952,BTC-USDT-SWAP,sell,long,0.09,62448.8
2026-08-01T18:30:38.943+00:00,1785609038943,BTC-USDT-SWAP,sell,long,0.07,62448.8
2026-08-01T18:30:38.915+00:00,1785609038915,BTC-USDT-SWAP,sell,long,2.5,62448.8
2026-08-01T18:30:38.914+00:00,1785609038914,BTC-USDT-SWAP,sell,long,19.09,62448.8
2026-08-01T18:30:38.911+00:00,1785609038911,BTC-USDT-SWAP,sell,long,1,62448.8
2026-08-01T18:30:38.569+00:00,1785609038569,BTC-USDT-SWAP,sell,long,6.31,62471.3
2026-08-01T18:30:38.466+00:00,1785609038466,BTC-USDT-SWAP,sell,long,150,62471.3
2026-08-01T18:30:38.450+00:00,1785609038450,BTC-USDT-SWAP,sell,long,2.84,62471.3
2026-08-01T18:30:38.443+00:00,1785609038443,BTC-USDT-SWAP,sell,long,8.98,62482.9
2026-08-01T18:30:38.443+00:00,1785609038443,BTC-USDT-SWAP,sell,long,72.22,62482.9
2026-08-01T18:30:38.392+00:00,1785609038392,BTC-USDT-SWAP,sell,long,10.61,62482.9
2026-08-01T18:30:38.344+00:00,1785609038344,BTC-USDT-SWAP,sell,long,0.03,62482.9
2026-08-01T18:30:38.271+00:00,1785609038271,BTC-USDT-SWAP,sell,long,0.6,62482.9
2026-08-01T18:30:38.218+00:00,1785609038218,BTC-USDT-SWAP,sell,long,0.62,62494.9
2026-08-01T18:30:38.153+00:00,1785609038153,BTC-USDT-SWAP,sell,long,0.2,62494.9
2026-08-01T18:31:51.617+00:00,1785609111617,BTC-USDT-SWAP,sell,long,15.81,62268.2
2026-08-01T18:31:51.014+00:00,1785609111014,BTC-USDT-SWAP,buy,short,0.01,62263
2026-08-01T18:31:50.429+00:00,1785609110429,BTC-USDT-SWAP,sell,long,800,62256.7
2026-08-01T18:31:46.809+00:00,1785609106809,BTC-USDT-SWAP,sell,long,2.32,62250.3
2026-08-01T18:31:40.828+00:00,1785609100828,BTC-USDT-SWAP,sell,long,4.25,62249.4
2026-08-01T18:31:24.878+00:00,1785609084878,BTC-USDT-SWAP,sell,long,20,62279.4
2026-08-01T18:31:18.326+00:00,1785609078326,BTC-USDT-SWAP,sell,long,30.17,62259.6
2026-08-01T18:31:15.848+00:00,1785609075848,BTC-USDT-SWAP,sell,long,0.14,62239.4
2026-08-01T18:31:15.793+00:00,1785609075793,BTC-USDT-SWAP,sell,long,0.44,62239.4
2026-08-01T18:31:15.775+00:00,1785609075775,BTC-USDT-SWAP,sell,long,4.44,62239.4
2026-08-01T18:31:15.773+00:00,1785609075773,BTC-USDT-SWAP,sell,long,51.11,62239.4
2026-08-01T18:45:15.102+00:00,1785609915102,BTC-USDT-SWAP,sell,long,1.71,62246.1
2026-08-01T18:45:14.868+00:00,1785609914868,BTC-USDT-SWAP,sell,long,3.57,62254.1
2026-08-01T18:45:14.770+00:00,1785609914770,BTC-USDT-SWAP,sell,long,4.55,62253.9
2026-08-01T18:45:14.643+00:00,1785609914643,BTC-USDT-SWAP,sell,long,60,62253.9
2026-08-01T18:45:14.525+00:00,1785609914525,BTC-USDT-SWAP,sell,long,700,62260
2026-08-01T18:45:14.330+00:00,1785609914330,BTC-USDT-SWAP,sell,long,0.46,62262.6
2026-08-01T18:45:13.655+00:00,1785609913655,BTC-USDT-SWAP,sell,long,0.65,62277.7
2026-08-01T18:45:13.531+00:00,1785609913531,BTC-USDT-SWAP,sell,long,3.21,62277.7
2026-08-01T18:45:13.496+00:00,1785609913496,BTC-USDT-SWAP,sell,long,18,62285
2026-08-01T18:45:13.491+00:00,1785609913491,BTC-USDT-SWAP,sell,long,15.22,62285
2026-08-01T18:45:13.279+00:00,1785609913279,BTC-USDT-SWAP,sell,long,15,62290.4
2026-08-01T18:45:11.491+00:00,1785609911491,BTC-USDT-SWAP,sell,long,100,62289.6
2026-08-01T18:45:11.491+00:00,1785609911491,BTC-USDT-SWAP,sell,long,6.04,62289.6
2026-08-01T18:45:11.397+00:00,1785609911397,BTC-USDT-SWAP,sell,long,3.11,62305
2026-08-01T18:45:11.389+00:00,1785609911389,BTC-USDT-SWAP,sell,long,92.35,62305
2026-08-01T18:45:11.359+00:00,1785609911359,BTC-USDT-SWAP,sell,long,0.08,62305
2026-08-01T18:45:11.358+00:00,1785609911358,BTC-USDT-SWAP,sell,long,25,62305
2026-08-01T18:45:11.323+00:00,1785609911323,BTC-USDT-SWAP,sell,long,3,62305
2026-08-01T18:45:10.485+00:00,1785609910485,BTC-USDT-SWAP,sell,long,5.31,62312.7
2026-08-01T18:45:10.425+00:00,1785609910425,BTC-USDT-SWAP,sell,long,0.03,62312.7
2026-08-01T18:45:07.843+00:00,1785609907843,BTC-USDT-SWAP,sell,long,0.09,62311.1
2026-08-01T18:45:07.714+00:00,1785609907714,BTC-USDT-SWAP,sell,long,0.87,62310
2026-08-01T18:45:07.586+00:00,1785609907586,BTC-USDT-SWAP,sell,long,2,62310
2026-08-01T18:46:41.733+00:00,1785610001733,BTC-USDT-SWAP,sell,long,13.79,62258.2
2026-08-01T18:46:41.705+00:00,1785610001705,BTC-USDT-SWAP,sell,long,7,62258.2
2026-08-01T18:46:41.585+00:00,1785610001585,BTC-USDT-SWAP,sell,long,0.37,62258.2
2026-08-01T18:46:41.398+00:00,1785610001398,BTC-USDT-SWAP,sell,long,2.62,62265.1
2026-08-01T18:46:40.433+00:00,1785610000433,BTC-USDT-SWAP,sell,long,18.75,62268.1
2026-08-01T18:47:37.332+00:00,1785610057332,BTC-USDT-SWAP,sell,long,0.35,62287.8
2026-08-01T18:47:37.165+00:00,1785610057165,BTC-USDT-SWAP,sell,long,4.16,62294.3
2026-08-01T18:47:37.058+00:00,1785610057058,BTC-USDT-SWAP,sell,long,5.87,62294.3
2026-08-01T18:50:47.053+00:00,1785610247053,BTC-USDT-SWAP,sell,long,2.5,62356.2
2026-08-01T18:50:04.860+00:00,1785610204860,BTC-USDT-SWAP,sell,long,0.42,62325.2
2026-08-01T18:50:04.844+00:00,1785610204844,BTC-USDT-SWAP,sell,long,0.17,62325.2
2026-08-01T18:50:04.814+00:00,1785610204814,BTC-USDT-SWAP,sell,long,15.66,62325.2
2026-08-01T18:50:04.445+00:00,1785610204445,BTC-USDT-SWAP,sell,long,1,62326.4
2026-08-01T18:49:55.396+00:00,1785610195396,BTC-USDT-SWAP,sell,long,0.1,62331.9
2026-08-01T18:49:54.765+00:00,1785610194765,BTC-USDT-SWAP,sell,long,50.39,62344.3
2026-08-01T20:21:46.368+00:00,1785615706368,BTC-USDT-SWAP,buy,short,1.06,62607.2
2026-08-01T20:51:31.974+00:00,1785617491974,BTC-USDT-SWAP,buy,short,2.53,62623.6
2026-08-01T20:51:23.292+00:00,1785617483292,BTC-USDT-SWAP,buy,short,4.82,62612.2
2026-08-01T20:56:01.788+00:00,1785617761788,BTC-USDT-SWAP,buy,short,1.3,62630.4
2026-08-01T20:57:27.685+00:00,1785617847685,BTC-USDT-SWAP,buy,short,0.12,62640.3
2026-08-01T21:01:03.321+00:00,1785618063321,BTC-USDT-SWAP,buy,short,1.22,62672.8
2026-08-01T21:00:36.238+00:00,1785618036238,BTC-USDT-SWAP,buy,short,4.16,62647.3
2026-08-01T21:01:56.990+00:00,1785618116990,BTC-USDT-SWAP,buy,short,7,62771.3
2026-08-01T21:01:56.939+00:00,1785618116939,BTC-USDT-SWAP,buy,short,0.16,62771.3
2026-08-01T21:01:56.783+00:00,1785618116783,BTC-USDT-SWAP,buy,short,1.43,62764.5
2026-08-01T21:01:56.754+00:00,1785618116754,BTC-USDT-SWAP,buy,short,1.12,62764.5
2026-08-01T21:01:55.344+00:00,1785618115344,BTC-USDT-SWAP,buy,short,0.81,62730.1
2026-08-01T21:01:55.337+00:00,1785618115337,BTC-USDT-SWAP,buy,short,0.03,62730.1
2026-08-01T21:01:31.597+00:00,1785618091597,BTC-USDT-SWAP,buy,short,1.69,62722.9
2026-08-01T21:01:31.464+00:00,1785618091464,BTC-USDT-SWAP,buy,short,2,62722.9
2026-08-01T21:01:31.278+00:00,1785618091278,BTC-USDT-SWAP,buy,short,20.23,62702.3
2026-08-01T21:01:31.174+00:00,1785618091174,BTC-USDT-SWAP,buy,short,1.57,62691.3
2026-08-01T21:34:52.534+00:00,1785620092534,BTC-USDT-SWAP,buy,short,5.44,62830.7
2026-08-01T21:34:52.491+00:00,1785620092491,BTC-USDT-SWAP,buy,short,4.25,62830.7
2026-08-01T21:34:52.335+00:00,1785620092335,BTC-USDT-SWAP,buy,short,1.6,62825.1
2026-08-01T21:34:52.319+00:00,1785620092319,BTC-USDT-SWAP,buy,short,0.1,62825.1
2026-08-01T21:34:52.211+00:00,1785620092211,BTC-USDT-SWAP,buy,short,0.05,62825.1
2026-08-01T21:34:52.145+00:00,1785620092145,BTC-USDT-SWAP,buy,short,0.62,62811.5
2026-08-01T21:34:52.145+00:00,1785620092145,BTC-USDT-SWAP,buy,short,2,62811.5
2026-08-01T21:34:09.698+00:00,1785620049698,BTC-USDT-SWAP,buy,short,0.01,62779.8
2026-08-01T21:34:06.688+00:00,1785620046688,BTC-USDT-SWAP,buy,short,0.01,62776.5
2026-08-01T21:34:06.619+00:00,1785620046619,BTC-USDT-SWAP,buy,short,2.95,62776.5
2026-08-01T21:34:06.498+00:00,1785620046498,BTC-USDT-SWAP,buy,short,1.05,62776.5
2026-08-01T21:45:20.182+00:00,1785620720182,BTC-USDT-SWAP,sell,long,0.34,62759.9
2026-08-02T00:03:57.349+00:00,1785629037349,BTC-USDT-SWAP,buy,short,1.12,62856.5
2026-08-02T00:03:42.141+00:00,1785629022141,BTC-USDT-SWAP,buy,short,6.93,62843.2
2026-08-02T00:03:39.281+00:00,1785629019281,BTC-USDT-SWAP,buy,short,2.38,62840.1
2026-08-02T00:05:13.102+00:00,1785629113102,BTC-USDT-SWAP,buy,short,0.06,62868
2026-08-02T00:05:11.887+00:00,1785629111887,BTC-USDT-SWAP,buy,short,1.57,62863.5
2026-08-02T00:10:07.768+00:00,1785629407768,BTC-USDT-SWAP,buy,short,1.5,62889.8
2026-08-02T00:09:58.328+00:00,1785629398328,BTC-USDT-SWAP,buy,short,4.57,62881.9
2026-08-02T00:09:55.656+00:00,1785629395656,BTC-USDT-SWAP,buy,short,1.17,62878.7
2026-08-02T00:09:55.172+00:00,1785629395172,BTC-USDT-SWAP,buy,short,1.27,62878.4
2026-08-02T00:09:55.088+00:00,1785629395088,BTC-USDT-SWAP,buy,short,0.01,62878.4
2026-08-02T00:11:33.415+00:00,1785629493415,BTC-USDT-SWAP,buy,short,0.29,62944.5
2026-08-02T00:11:33.268+00:00,1785629493268,BTC-USDT-SWAP,buy,short,2.37,62931.5
2026-08-02T00:11:30.395+00:00,1785629490395,BTC-USDT-SWAP,buy,short,3.76,62924.2
2026-08-02T00:10:57.636+00:00,1785629457636,BTC-USDT-SWAP,buy,short,0.69,62919.3
2026-08-02T00:10:57.620+00:00,1785629457620,BTC-USDT-SWAP,buy,short,0.3,62919.3
2026-08-02T00:10:57.619+00:00,1785629457619,BTC-USDT-SWAP,buy,short,1.31,62919.3
2026-08-02T00:10:57.567+00:00,1785629457567,BTC-USDT-SWAP,buy,short,0.06,62919.3
2026-08-02T00:10:57.515+00:00,1785629457515,BTC-USDT-SWAP,buy,short,3.34,62912.1
2026-08-02T00:10:57.505+00:00,1785629457505,BTC-USDT-SWAP,buy,short,4.52,62912.1
2026-08-02T00:10:57.390+00:00,1785629457390,BTC-USDT-SWAP,buy,short,1,62912.1
2026-08-02T00:10:57.336+00:00,1785629457336,BTC-USDT-SWAP,buy,short,2,62912.1
2026-08-02T00:10:57.307+00:00,1785629457307,BTC-USDT-SWAP,buy,short,0.41,62912.1
2026-08-02T00:10:56.719+00:00,1785629456719,BTC-USDT-SWAP,buy,short,0.24,62897.6
2026-08-02T00:10:55.629+00:00,1785629455629,BTC-USDT-SWAP,buy,short,3.31,62896.4
2026-08-02T00:10:55.610+00:00,1785629455610,BTC-USDT-SWAP,buy,short,1.31,62896.4
2026-08-02T00:10:53.675+00:00,1785629453675,BTC-USDT-SWAP,buy,short,19.33,62894.4
2026-08-02T00:10:35.737+00:00,1785629435737,BTC-USDT-SWAP,buy,short,0.78,62890
2026-08-02T01:10:48.051+00:00,1785633048051,BTC-USDT-SWAP,buy,short,741.66,62911.5
2026-08-02T01:10:46.478+00:00,1785633046478,BTC-USDT-SWAP,buy,short,0.34,62909.4
2026-08-02T01:14:35.792+00:00,1785633275792,BTC-USDT-SWAP,buy,short,8.69,63007.2
2026-08-02T01:14:35.762+00:00,1785633275762,BTC-USDT-SWAP,buy,short,80,63007.2
2026-08-02T01:14:35.686+00:00,1785633275686,BTC-USDT-SWAP,buy,short,11.1,63007.2
2026-08-02T01:14:35.449+00:00,1785633275449,BTC-USDT-SWAP,buy,short,64.41,62995.3
2026-08-02T01:14:35.367+00:00,1785633275367,BTC-USDT-SWAP,buy,short,0.05,62995.3
2026-08-02T01:14:35.366+00:00,1785633275366,BTC-USDT-SWAP,buy,short,0.76,62995.3
2026-08-02T01:14:35.339+00:00,1785633275339,BTC-USDT-SWAP,buy,short,0.25,62995.3
2026-08-02T01:14:35.321+00:00,1785633275321,BTC-USDT-SWAP,buy,short,85.85,62995.3
2026-08-02T01:14:35.314+00:00,1785633275314,BTC-USDT-SWAP,buy,short,0.38,62995.3
2026-08-02T01:13:54.852+00:00,1785633234852,BTC-USDT-SWAP,buy,short,1000,62930.2
2026-08-02T01:13:50.738+00:00,1785633230738,BTC-USDT-SWAP,buy,short,0.9,62923.3
2026-08-02T01:15:16.903+00:00,1785633316903,BTC-USDT-SWAP,buy,short,16.04,63068.2
2026-08-02T01:15:16.876+00:00,1785633316876,BTC-USDT-SWAP,buy,short,1.38,63068.2
2026-08-02T01:15:16.845+00:00,1785633316845,BTC-USDT-SWAP,buy,short,10.25,63068.2
2026-08-02T01:15:15.563+00:00,1785633315563,BTC-USDT-SWAP,buy,short,14.09,63058.5
2026-08-02T01:15:15.258+00:00,1785633315258,BTC-USDT-SWAP,buy,short,1.19,63056
2026-08-02T01:15:15.192+00:00,1785633315192,BTC-USDT-SWAP,buy,short,0.01,63056
2026-08-02T01:15:14.126+00:00,1785633314126,BTC-USDT-SWAP,buy,short,0.1,63047.6
2026-08-02T01:15:14.007+00:00,1785633314007,BTC-USDT-SWAP,buy,short,1.24,63047.6
2026-08-02T01:15:14.006+00:00,1785633314006,BTC-USDT-SWAP,buy,short,1.19,63047.6
2026-08-02T01:15:13.259+00:00,1785633313259,BTC-USDT-SWAP,buy,short,3.9,63045.8
2026-08-02T01:15:13.078+00:00,1785633313078,BTC-USDT-SWAP,buy,short,0.15,63046.9
2026-08-02T01:15:12.947+00:00,1785633312947,BTC-USDT-SWAP,buy,short,55.06,63049
2026-08-02T01:15:12.787+00:00,1785633312787,BTC-USDT-SWAP,buy,short,1.59,63038.6
2026-08-02T01:15:12.487+00:00,1785633312487,BTC-USDT-SWAP,buy,short,6.44,63030.2
2026-08-02T01:15:12.480+00:00,1785633312480,BTC-USDT-SWAP,buy,short,29.09,63030.2
2026-08-02T01:15:07.529+00:00,1785633307529,BTC-USDT-SWAP,buy,short,0.2,63004.3
2026-08-02T01:15:04.540+00:00,1785633304540,BTC-USDT-SWAP,buy,short,4.14,62995.4
2026-08-02T02:07:03.867+00:00,1785636423867,BTC-USDT-SWAP,buy,short,163.25,63252
2026-08-02T02:06:57.932+00:00,1785636417932,BTC-USDT-SWAP,buy,short,3.88,63260.8
2026-08-02T02:06:57.902+00:00,1785636417902,BTC-USDT-SWAP,buy,short,555.33,63260.8
2026-08-02T02:06:57.833+00:00,1785636417833,BTC-USDT-SWAP,buy,short,45.92,63252.4
2026-08-02T02:06:57.759+00:00,1785636417759,BTC-USDT-SWAP,buy,short,0.44,63252.4
2026-08-02T02:06:57.715+00:00,1785636417715,BTC-USDT-SWAP,buy,short,0.95,63252.4
2026-08-02T02:06:57.686+00:00,1785636417686,BTC-USDT-SWAP,buy,short,0.11,63252.4
2026-08-02T02:06:57.674+00:00,1785636417674,BTC-USDT-SWAP,buy,short,0.98,63252.4
2026-08-02T02:06:57.358+00:00,1785636417358,BTC-USDT-SWAP,buy,short,0.87,63237.3
2026-08-02T02:06:57.335+00:00,1785636417335,BTC-USDT-SWAP,buy,short,2.45,63237.3
2026-08-02T02:06:57.136+00:00,1785636417136,BTC-USDT-SWAP,buy,short,0.02,63228.5
2026-08-02T02:06:57.101+00:00,1785636417101,BTC-USDT-SWAP,buy,short,0.69,63228.5
2026-08-02T02:06:54.201+00:00,1785636414201,BTC-USDT-SWAP,buy,short,4.41,63219.5
2026-08-02T02:06:54.004+00:00,1785636414004,BTC-USDT-SWAP,buy,short,62.95,63217.6
2026-08-02T02:06:53.980+00:00,1785636413980,BTC-USDT-SWAP,buy,short,0.67,63217.6
2026-08-02T02:06:53.964+00:00,1785636413964,BTC-USDT-SWAP,buy,short,38.03,63217.6
2026-08-02T02:06:53.963+00:00,1785636413963,BTC-USDT-SWAP,buy,short,12.08,63217.6
2026-08-02T02:06:53.953+00:00,1785636413953,BTC-USDT-SWAP,buy,short,3.18,63217.6
2026-08-02T02:06:53.922+00:00,1785636413922,BTC-USDT-SWAP,buy,short,0.44,63217.6
2026-08-02T02:06:53.901+00:00,1785636413901,BTC-USDT-SWAP,buy,short,0.92,63217.6
2026-08-02T02:06:53.873+00:00,1785636413873,BTC-USDT-SWAP,buy,short,0.28,63217.6
2026-08-02T02:06:53.772+00:00,1785636413772,BTC-USDT-SWAP,buy,short,1.46,63191.8
2026-08-02T02:06:53.764+00:00,1785636413764,BTC-USDT-SWAP,buy,short,1.75,63191.8
2026-08-02T02:06:53.744+00:00,1785636413744,BTC-USDT-SWAP,buy,short,2.33,63191.8
2026-08-02T02:06:53.742+00:00,1785636413742,BTC-USDT-SWAP,buy,short,0.28,63191.8
2026-08-02T02:06:53.687+00:00,1785636413687,BTC-USDT-SWAP,buy,short,1.84,63191.8
2026-08-02T02:06:53.680+00:00,1785636413680,BTC-USDT-SWAP,buy,short,0.1,63191.8
2026-08-02T02:06:53.643+00:00,1785636413643,BTC-USDT-SWAP,buy,short,0.49,63146.7
2026-08-02T02:06:53.438+00:00,1785636413438,BTC-USDT-SWAP,buy,short,0.31,63146.7
2026-08-02T02:06:51.994+00:00,1785636411994,BTC-USDT-SWAP,buy,short,232.43,63142.1
2026-08-02T02:06:51.884+00:00,1785636411884,BTC-USDT-SWAP,buy,short,1.65,63142.1
2026-08-02T02:06:51.509+00:00,1785636411509,BTC-USDT-SWAP,buy,short,6.79,63141.3
2026-08-02T02:06:50.353+00:00,1785636410353,BTC-USDT-SWAP,buy,short,30.88,63138.1
2026-08-02T02:06:50.332+00:00,1785636410332,BTC-USDT-SWAP,buy,short,0.14,63138.1
2026-08-02T02:06:50.311+00:00,1785636410311,BTC-USDT-SWAP,buy,short,0.08,63138.1
2026-08-02T02:06:50.267+00:00,1785636410267,BTC-USDT-SWAP,buy,short,24.2,63138.1
2026-08-02T02:06:50.212+00:00,1785636410212,BTC-USDT-SWAP,buy,short,0.01,63132.9
2026-08-02T02:06:50.206+00:00,1785636410206,BTC-USDT-SWAP,buy,short,1.98,63132.9
2026-08-02T02:06:50.118+00:00,1785636410118,BTC-USDT-SWAP,buy,short,1.15,63132.9
2026-08-02T02:06:50.039+00:00,1785636410039,BTC-USDT-SWAP,buy,short,5.19,63132.9
2026-08-02T02:06:46.991+00:00,1785636406991,BTC-USDT-SWAP,buy,short,15.73,63126.7
2026-08-02T02:06:46.963+00:00,1785636406963,BTC-USDT-SWAP,buy,short,2,63126.7
2026-08-02T02:06:46.950+00:00,1785636406950,BTC-USDT-SWAP,buy,short,2.95,63126.7
2026-08-02T02:06:46.906+00:00,1785636406906,BTC-USDT-SWAP,buy,short,3.04,63126.7
2026-08-02T02:06:46.903+00:00,1785636406903,BTC-USDT-SWAP,buy,short,0.25,63126.7
2026-08-02T02:06:46.855+00:00,1785636406855,BTC-USDT-SWAP,buy,short,5.08,63126.7
2026-08-02T02:06:46.851+00:00,1785636406851,BTC-USDT-SWAP,buy,short,1.42,63126.7
2026-08-02T02:06:46.620+00:00,1785636406620,BTC-USDT-SWAP,buy,short,1.3,63100
2026-08-02T02:06:46.015+00:00,1785636406015,BTC-USDT-SWAP,buy,short,5.14,63079.7
2026-08-02T02:06:45.766+00:00,1785636405766,BTC-USDT-SWAP,buy,short,21.1,63075.3
2026-08-02T02:06:45.727+00:00,1785636405727,BTC-USDT-SWAP,buy,short,0.41,63075.3
2026-08-02T02:06:45.629+00:00,1785636405629,BTC-USDT-SWAP,buy,short,137.47,63075.3
2026-08-02T02:08:04.859+00:00,1785636484859,BTC-USDT-SWAP,buy,short,126.2,63525.4
2026-08-02T02:08:04.784+00:00,1785636484784,BTC-USDT-SWAP,buy,short,0.75,63525.4
2026-08-02T02:08:04.780+00:00,1785636484780,BTC-USDT-SWAP,buy,short,17.88,63525.4
2026-08-02T02:08:03.304+00:00,1785636483304,BTC-USDT-SWAP,buy,short,0.16,63519.8
2026-08-02T02:08:03.300+00:00,1785636483300,BTC-USDT-SWAP,buy,short,0.07,63519.8
2026-08-02T02:08:03.298+00:00,1785636483298,BTC-USDT-SWAP,buy,short,10.88,63519.8
2026-08-02T02:08:03.278+00:00,1785636483278,BTC-USDT-SWAP,buy,short,2.21,63519.8
2026-08-02T02:08:03.273+00:00,1785636483273,BTC-USDT-SWAP,buy,short,0.86,63519.8
2026-08-02T02:08:03.260+00:00,1785636483260,BTC-USDT-SWAP,buy,short,1.63,63519.8
2026-08-02T02:08:03.214+00:00,1785636483214,BTC-USDT-SWAP,buy,short,0.15,63519.8
2026-08-02T02:08:03.208+00:00,1785636483208,BTC-USDT-SWAP,buy,short,0.15,63519.8
2026-08-02T02:08:03.200+00:00,1785636483200,BTC-USDT-SWAP,buy,short,3,63519.8
2026-08-02T02:08:03.200+00:00,1785636483200,BTC-USDT-SWAP,buy,short,1.65,63519.8
2026-08-02T02:08:03.153+00:00,1785636483153,BTC-USDT-SWAP,buy,short,6.9,63519.8
2026-08-02T02:08:03.152+00:00,1785636483152,BTC-USDT-SWAP,buy,short,1.59,63519.8
2026-08-02T02:08:03.103+00:00,1785636483103,BTC-USDT-SWAP,buy,short,0.68,63519.8
2026-08-02T02:08:02.989+00:00,1785636482989,BTC-USDT-SWAP,buy,short,0.68,63478.1
2026-08-02T02:08:02.977+00:00,1785636482977,BTC-USDT-SWAP,buy,short,6.53,63478.1
2026-08-02T02:08:02.964+00:00,1785636482964,BTC-USDT-SWAP,buy,short,0.11,63478.1
2026-08-02T02:07:49.487+00:00,1785636469487,BTC-USDT-SWAP,buy,short,35,63435.2
2026-08-02T02:07:49.240+00:00,1785636469240,BTC-USDT-SWAP,buy,short,400,63429.7
2026-08-02T02:07:48.625+00:00,1785636468625,BTC-USDT-SWAP,buy,short,3.47,63427.7
2026-08-02T02:07:48.624+00:00,1785636468624,BTC-USDT-SWAP,buy,short,4.69,63427.7
2026-08-02T02:07:48.495+00:00,1785636468495,BTC-USDT-SWAP,buy,short,8,63440.2
2026-08-02T02:07:48.410+00:00,1785636468410,BTC-USDT-SWAP,buy,short,1.73,63440.2
2026-08-02T02:07:48.400+00:00,1785636468400,BTC-USDT-SWAP,buy,short,0.22,63440.2
2026-08-02T02:07:48.356+00:00,1785636468356,BTC-USDT-SWAP,buy,short,0.89,63437.7
2026-08-02T02:07:48.352+00:00,1785636468352,BTC-USDT-SWAP,buy,short,38.25,63437.7
2026-08-02T02:07:48.345+00:00,1785636468345,BTC-USDT-SWAP,buy,short,33.76,63437.7
2026-08-02T02:07:48.344+00:00,1785636468344,BTC-USDT-SWAP,buy,short,5.76,63437.7
2026-08-02T02:07:48.339+00:00,1785636468339,BTC-USDT-SWAP,buy,short,0.09,63437.7
2026-08-02T02:07:48.309+00:00,1785636468309,BTC-USDT-SWAP,buy,short,0.05,63437.7
2026-08-02T02:07:48.277+00:00,1785636468277,BTC-USDT-SWAP,buy,short,1.48,63437.7
2026-08-02T02:07:48.266+00:00,1785636468266,BTC-USDT-SWAP,buy,short,10,63437.7
2026-08-02T02:07:48.209+00:00,1785636468209,BTC-USDT-SWAP,buy,short,10,63437.7
2026-08-02T02:07:48.016+00:00,1785636468016,BTC-USDT-SWAP,buy,short,0.28,63414.1
2026-08-02T02:07:46.586+00:00,1785636466586,BTC-USDT-SWAP,buy,short,1.4,63410.7
2026-08-02T02:07:46.568+00:00,1785636466568,BTC-USDT-SWAP,buy,short,9.72,63410.7
2026-08-02T02:07:46.540+00:00,1785636466540,BTC-USDT-SWAP,buy,short,0.04,63410.7
2026-08-02T02:07:46.497+00:00,1785636466497,BTC-USDT-SWAP,buy,short,3.42,63410.7
2026-08-02T02:07:46.495+00:00,1785636466495,BTC-USDT-SWAP,buy,short,11.18,63410.7
2026-08-02T02:07:46.484+00:00,1785636466484,BTC-USDT-SWAP,buy,short,0.24,63410.7
2026-08-02T02:07:46.360+00:00,1785636466360,BTC-USDT-SWAP,buy,short,0.32,63407
2026-08-02T02:07:46.356+00:00,1785636466356,BTC-USDT-SWAP,buy,short,0.09,63407
2026-08-02T02:07:46.319+00:00,1785636466319,BTC-USDT-SWAP,buy,short,0.64,63407
2026-08-02T02:07:46.292+00:00,1785636466292,BTC-USDT-SWAP,buy,short,3.24,63407
2026-08-02T02:07:46.291+00:00,1785636466291,BTC-USDT-SWAP,buy,short,0.16,63407
2026-08-02T02:07:45.940+00:00,1785636465940,BTC-USDT-SWAP,buy,short,2.15,63402.3
2026-08-02T02:07:43.079+00:00,1785636463079,BTC-USDT-SWAP,buy,short,1.93,63401.3
2026-08-02T02:07:42.952+00:00,1785636462952,BTC-USDT-SWAP,buy,short,25.17,63401.3
2026-08-02T02:07:42.412+00:00,1785636462412,BTC-USDT-SWAP,buy,short,40,63396.9
2026-08-02T02:07:42.412+00:00,1785636462412,BTC-USDT-SWAP,buy,short,2.97,63396.9
2026-08-02T02:07:42.304+00:00,1785636462304,BTC-USDT-SWAP,buy,short,1.71,63396.9
2026-08-02T02:07:42.302+00:00,1785636462302,BTC-USDT-SWAP,buy,short,11.24,63396.9
2026-08-02T02:07:42.295+00:00,1785636462295,BTC-USDT-SWAP,buy,short,0.92,63396.9
2026-08-02T02:07:42.287+00:00,1785636462287,BTC-USDT-SWAP,buy,short,4.7,63396.9
2026-08-02T02:07:42.269+00:00,1785636462269,BTC-USDT-SWAP,buy,short,1.99,63396.9
2026-08-02T02:07:42.224+00:00,1785636462224,BTC-USDT-SWAP,buy,short,70.42,63396.9
2026-08-02T02:07:42.043+00:00,1785636462043,BTC-USDT-SWAP,buy,short,8.9,63380.5
2026-08-02T02:07:41.980+00:00,1785636461980,BTC-USDT-SWAP,buy,short,0.02,63380.5
2026-08-02T02:07:34.213+00:00,1785636454213,BTC-USDT-SWAP,buy,short,0.01,63373
2026-08-02T02:07:33.723+00:00,1785636453723,BTC-USDT-SWAP,buy,short,0.62,63371.5
2026-08-02T02:07:33.635+00:00,1785636453635,BTC-USDT-SWAP,buy,short,3.51,63371.5
2026-08-02T02:07:33.580+00:00,1785636453580,BTC-USDT-SWAP,buy,short,0.03,63371.5
2026-08-02T02:07:33.512+00:00,1785636453512,BTC-USDT-SWAP,buy,short,0.06,63371.5
2026-08-02T02:07:32.419+00:00,1785636452419,BTC-USDT-SWAP,buy,short,0.41,63365.8
2026-08-02T02:07:19.208+00:00,1785636439208,BTC-USDT-SWAP,buy,short,10.44,63367.4
2026-08-02T02:07:19.143+00:00,1785636439143,BTC-USDT-SWAP,buy,short,0.67,63367.4
2026-08-02T02:07:19.141+00:00,1785636439141,BTC-USDT-SWAP,buy,short,0.02,63367.4
2026-08-02T02:07:19.123+00:00,1785636439123,BTC-USDT-SWAP,buy,short,0.18,63367.4
2026-08-02T02:07:18.363+00:00,1785636438363,BTC-USDT-SWAP,buy,short,2.72,63361.6
2026-08-02T02:07:18.356+00:00,1785636438356,BTC-USDT-SWAP,buy,short,0.06,63361.6
2026-08-02T02:07:18.350+00:00,1785636438350,BTC-USDT-SWAP,buy,short,1.86,63361.6
2026-08-02T02:07:18.324+00:00,1785636438324,BTC-USDT-SWAP,buy,short,1.85,63361.6
2026-08-02T02:07:18.313+00:00,1785636438313,BTC-USDT-SWAP,buy,short,5.84,63361.6
2026-08-02T02:07:18.268+00:00,1785636438268,BTC-USDT-SWAP,buy,short,9.22,63361.6
2026-08-02T02:07:18.254+00:00,1785636438254,BTC-USDT-SWAP,buy,short,0.2,63361.6
2026-08-02T02:07:18.071+00:00,1785636438071,BTC-USDT-SWAP,buy,short,4.05,63355.1
2026-08-02T02:07:17.068+00:00,1785636437068,BTC-USDT-SWAP,buy,short,4.07,63347
2026-08-02T02:07:16.359+00:00,1785636436359,BTC-USDT-SWAP,buy,short,11.21,63349.2
2026-08-02T02:07:16.350+00:00,1785636436350,BTC-USDT-SWAP,buy,short,0.48,63349.2
2026-08-02T02:07:16.350+00:00,1785636436350,BTC-USDT-SWAP,buy,short,1.36,63349.2
2026-08-02T02:07:16.338+00:00,1785636436338,BTC-USDT-SWAP,buy,short,0.4,63349.2
2026-08-02T02:07:16.336+00:00,1785636436336,BTC-USDT-SWAP,buy,short,2.61,63349.2
2026-08-02T02:07:16.327+00:00,1785636436327,BTC-USDT-SWAP,buy,short,1.05,63349.2
2026-08-02T02:07:16.324+00:00,1785636436324,BTC-USDT-SWAP,buy,short,5,63349.2
2026-08-02T02:07:16.287+00:00,1785636436287,BTC-USDT-SWAP,buy,short,3.17,63349.2
2026-08-02T02:07:16.276+00:00,1785636436276,BTC-USDT-SWAP,buy,short,4.19,63349.2
2026-08-02T02:07:16.271+00:00,1785636436271,BTC-USDT-SWAP,buy,short,0.68,63349.2
2026-08-02T02:07:16.248+00:00,1785636436248,BTC-USDT-SWAP,buy,short,0.14,63349.2
2026-08-02T02:07:16.217+00:00,1785636436217,BTC-USDT-SWAP,buy,short,9.63,63315.4
2026-08-02T02:07:16.186+00:00,1785636436186,BTC-USDT-SWAP,buy,short,9.39,63349.2
2026-08-02T02:07:16.169+00:00,1785636436169,BTC-USDT-SWAP,buy,short,13.01,63338.7
2026-08-02T02:07:16.140+00:00,1785636436140,BTC-USDT-SWAP,buy,short,2.98,63315.4
2026-08-02T02:07:16.079+00:00,1785636436079,BTC-USDT-SWAP,buy,short,0.05,63338.7
2026-08-02T02:07:10.751+00:00,1785636430751,BTC-USDT-SWAP,buy,short,390,63228.4
2026-08-02T02:18:48.080+00:00,1785637128080,BTC-USDT-SWAP,buy,short,60,63453.7
2026-08-02T02:20:13.573+00:00,1785637213573,BTC-USDT-SWAP,buy,short,4.73,63527.7
2026-08-02T02:20:13.287+00:00,1785637213287,BTC-USDT-SWAP,buy,short,0.24,63525.9
2026-08-02T03:19:28.280+00:00,1785640768280,BTC-USDT-SWAP,buy,short,0.93,63402.8
2026-08-02T03:47:14.876+00:00,1785642434876,BTC-USDT-SWAP,buy,short,0.04,63469
2026-08-02T03:57:19.235+00:00,1785643039235,BTC-USDT-SWAP,sell,long,0.46,63412.2
2026-08-02T04:13:24.297+00:00,1785644004297,BTC-USDT-SWAP,buy,short,0.36,63530.9
2026-08-02T04:56:32.655+00:00,1785646592655,BTC-USDT-SWAP,buy,short,2.3,63580
2026-08-02T04:56:32.142+00:00,1785646592142,BTC-USDT-SWAP,buy,short,2.84,63569.1
2026-08-02T04:56:32.136+00:00,1785646592136,BTC-USDT-SWAP,buy,short,0.45,63569.1
2026-08-02T04:56:32.095+00:00,1785646592095,BTC-USDT-SWAP,buy,short,0.3,63569.1
2026-08-02T04:56:32.091+00:00,1785646592091,BTC-USDT-SWAP,buy,short,2.48,63569.1
2026-08-02T04:56:32.091+00:00,1785646592091,BTC-USDT-SWAP,buy,short,0.02,63569.1
2026-08-02T04:56:32.076+00:00,1785646592076,BTC-USDT-SWAP,buy,short,1.83,63569.1
2026-08-02T04:56:32.056+00:00,1785646592056,BTC-USDT-SWAP,buy,short,0.69,63569.1
2026-08-02T04:56:32.030+00:00,1785646592030,BTC-USDT-SWAP,buy,short,0.52,63569.1
2026-08-02T04:56:32.024+00:00,1785646592024,BTC-USDT-SWAP,buy,short,3.3,63569.1
2026-08-02T05:01:24.452+00:00,1785646884452,BTC-USDT-SWAP,buy,short,0.1,63591.3
2026-08-02T05:01:15.122+00:00,1785646875122,BTC-USDT-SWAP,buy,short,0.02,63587.9
2026-08-02T05:01:54.591+00:00,1785646914591,BTC-USDT-SWAP,buy,short,0.01,63606.9
2026-08-02T05:01:54.438+00:00,1785646914438,BTC-USDT-SWAP,buy,short,0.06,63604.4
2026-08-02T05:01:54.423+00:00,1785646914423,BTC-USDT-SWAP,buy,short,1.02,63604.4
2026-08-02T05:01:54.307+00:00,1785646914307,BTC-USDT-SWAP,buy,short,1.29,63598.5
2026-08-02T08:38:50.273+00:00,1785659930273,BTC-USDT-SWAP,sell,long,9.21,63231
2026-08-02T08:38:49.977+00:00,1785659929977,BTC-USDT-SWAP,sell,long,0.78,63237.3
2026-08-02T08:38:49.944+00:00,1785659929944,BTC-USDT-SWAP,sell,long,0.04,63237.2
2026-08-02T08:39:42.221+00:00,1785659982221,BTC-USDT-SWAP,sell,long,1.29,63207.3
2026-08-02T08:39:41.667+00:00,1785659981667,BTC-USDT-SWAP,sell,long,3.11,63214.3
2026-08-02T08:39:41.659+00:00,1785659981659,BTC-USDT-SWAP,sell,long,0.63,63214.3
2026-08-02T08:44:54.597+00:00,1785660294597,BTC-USDT-SWAP,sell,long,0.1,63178.8
2026-08-02T08:44:54.564+00:00,1785660294564,BTC-USDT-SWAP,sell,long,0.8,63178.8
2026-08-02T08:44:54.427+00:00,1785660294427,BTC-USDT-SWAP,sell,long,0.01,63180.7
2026-08-02T08:44:54.426+00:00,1785660294426,BTC-USDT-SWAP,sell,long,0.01,63180.7
2026-08-02T08:44:54.351+00:00,1785660294351,BTC-USDT-SWAP,sell,long,0.21,63180.7
2026-08-02T08:44:54.311+00:00,1785660294311,BTC-USDT-SWAP,sell,long,0.17,63180.7
2026-08-02T08:44:54.283+00:00,1785660294283,BTC-USDT-SWAP,sell,long,0.81,63180.7
2026-08-02T08:51:20.293+00:00,1785660680293,BTC-USDT-SWAP,sell,long,3.14,63174.9
2026-08-02T08:57:03.673+00:00,1785661023673,BTC-USDT-SWAP,sell,long,0.25,63166.3
2026-08-02T08:57:00.316+00:00,1785661020316,BTC-USDT-SWAP,sell,long,7.68,63168.7
2026-08-02T08:58:24.000+00:00,1785661104000,BTC-USDT-SWAP,sell,long,0.28,63136.3
2026-08-02T08:58:23.948+00:00,1785661103948,BTC-USDT-SWAP,sell,long,11.39,63136.3
2026-08-02T08:58:22.744+00:00,1785661102744,BTC-USDT-SWAP,sell,long,1.84,63139.2
2026-08-02T08:58:22.700+00:00,1785661102700,BTC-USDT-SWAP,sell,long,0.32,63139.2
2026-08-02T08:58:22.524+00:00,1785661102524,BTC-USDT-SWAP,sell,long,120.71,63141.6
2026-08-02T08:58:22.088+00:00,1785661102088,BTC-USDT-SWAP,sell,long,4.45,63142.5
2026-08-02T08:58:21.743+00:00,1785661101743,BTC-USDT-SWAP,sell,long,8.16,63144.8
2026-08-02T08:58:21.527+00:00,1785661101527,BTC-USDT-SWAP,sell,long,1.26,63145.4
2026-08-02T08:58:21.491+00:00,1785661101491,BTC-USDT-SWAP,sell,long,0.3,63145.4
2026-08-02T08:58:20.399+00:00,1785661100399,BTC-USDT-SWAP,sell,long,2.16,63145.9
2026-08-02T08:58:18.069+00:00,1785661098069,BTC-USDT-SWAP,sell,long,1.37,63146.6
2026-08-02T08:58:17.371+00:00,1785661097371,BTC-USDT-SWAP,sell,long,0.74,63146.7
2026-08-02T08:58:11.641+00:00,1785661091641,BTC-USDT-SWAP,sell,long,0.22,63148.6
2026-08-02T08:58:00.536+00:00,1785661080536,BTC-USDT-SWAP,sell,long,0.07,63158.1
2026-08-02T08:58:00.532+00:00,1785661080532,BTC-USDT-SWAP,sell,long,6,63158.1
2026-08-02T08:58:00.075+00:00,1785661080075,BTC-USDT-SWAP,sell,long,1.53,63161
2026-08-02T08:58:00.056+00:00,1785661080056,BTC-USDT-SWAP,sell,long,0.54,63161
2026-08-02T08:57:45.421+00:00,1785661065421,BTC-USDT-SWAP,sell,long,0.15,63163.5
2026-08-02T08:58:40.420+00:00,1785661120420,BTC-USDT-SWAP,sell,long,0.04,63131.1
2026-08-02T08:58:38.214+00:00,1785661118214,BTC-USDT-SWAP,sell,long,0.26,63131.9
2026-08-02T09:02:13.253+00:00,1785661333253,BTC-USDT-SWAP,sell,long,1.33,63127.2
2026-08-02T09:03:54.061+00:00,1785661434061,BTC-USDT-SWAP,sell,long,0.02,63099
2026-08-02T09:03:46.257+00:00,1785661426257,BTC-USDT-SWAP,sell,long,0.11,63103.5
2026-08-02T09:03:45.489+00:00,1785661425489,BTC-USDT-SWAP,sell,long,44.23,63103.6
2026-08-02T09:03:45.308+00:00,1785661425308,BTC-USDT-SWAP,sell,long,0.22,63105.1
2026-08-02T09:03:44.937+00:00,1785661424937,BTC-USDT-SWAP,sell,long,0.01,63106.5
2026-08-02T09:03:44.866+00:00,1785661424866,BTC-USDT-SWAP,sell,long,0.67,63106.5
2026-08-02T09:03:43.096+00:00,1785661423096,BTC-USDT-SWAP,sell,long,4.72,63108.1
2026-08-02T09:03:27.752+00:00,1785661407752,BTC-USDT-SWAP,sell,long,17.54,63109.1
2026-08-02T09:03:25.343+00:00,1785661405343,BTC-USDT-SWAP,sell,long,0.07,63109.5
2026-08-02T09:03:25.258+00:00,1785661405258,BTC-USDT-SWAP,sell,long,1.85,63109.5
2026-08-02T09:03:22.838+00:00,1785661402838,BTC-USDT-SWAP,sell,long,28.52,63111
2026-08-02T09:03:22.828+00:00,1785661402828,BTC-USDT-SWAP,sell,long,2.35,63110.9
2026-08-02T09:03:22.779+00:00,1785661402779,BTC-USDT-SWAP,sell,long,0.62,63110.9
2026-08-02T09:03:22.762+00:00,1785661402762,BTC-USDT-SWAP,sell,long,0.6,63110.9
2026-08-02T09:03:22.748+00:00,1785661402748,BTC-USDT-SWAP,sell,long,0.01,63110.9
2026-08-02T09:03:16.128+00:00,1785661396128,BTC-USDT-SWAP,sell,long,0.04,63113.8
2026-08-02T09:03:16.124+00:00,1785661396124,BTC-USDT-SWAP,sell,long,0.4,63113.8
2026-08-02T09:03:02.905+00:00,1785661382905,BTC-USDT-SWAP,sell,long,1.49,63114
2026-08-02T09:03:02.804+00:00,1785661382804,BTC-USDT-SWAP,sell,long,5,63114
2026-08-02T09:03:01.389+00:00,1785661381389,BTC-USDT-SWAP,sell,long,1.5,63115.4
2026-08-02T09:02:59.513+00:00,1785661379513,BTC-USDT-SWAP,sell,long,0.11,63115.7
2026-08-02T09:02:58.727+00:00,1785661378727,BTC-USDT-SWAP,sell,long,1.57,63116.6
2026-08-02T09:02:58.705+00:00,1785661378705,BTC-USDT-SWAP,sell,long,0.11,63116.6
2026-08-02T09:02:55.136+00:00,1785661375136,BTC-USDT-SWAP,sell,long,1.59,63118.5
2026-08-02T09:02:53.525+00:00,1785661373525,BTC-USDT-SWAP,sell,long,0.39,63118.8
2026-08-02T09:02:48.468+00:00,1785661368468,BTC-USDT-SWAP,sell,long,1.83,63120.9
2026-08-02T09:02:36.575+00:00,1785661356575,BTC-USDT-SWAP,sell,long,10.7,63123.5
2026-08-02T09:05:02.575+00:00,1785661502575,BTC-USDT-SWAP,sell,long,1.03,63050.1
2026-08-02T09:05:02.126+00:00,1785661502126,BTC-USDT-SWAP,sell,long,4.55,63050.9
2026-08-02T09:05:02.038+00:00,1785661502038,BTC-USDT-SWAP,sell,long,1.17,63050.9
2026-08-02T09:05:02.037+00:00,1785661502037,BTC-USDT-SWAP,sell,long,0.53,63050.9
2026-08-02T09:05:01.861+00:00,1785661501861,BTC-USDT-SWAP,sell,long,4.04,63054.8
2026-08-02T09:05:01.827+00:00,1785661501827,BTC-USDT-SWAP,sell,long,6,63054.8
2026-08-02T09:05:01.659+00:00,1785661501659,BTC-USDT-SWAP,sell,long,0.88,63059.4
2026-08-02T09:05:01.659+00:00,1785661501659,BTC-USDT-SWAP,sell,long,0.47,63059.4
2026-08-02T09:05:01.595+00:00,1785661501595,BTC-USDT-SWAP,sell,long,2.35,63059.4
2026-08-02T09:04:57.807+00:00,1785661497807,BTC-USDT-SWAP,sell,long,4.84,63062.6
2026-08-02T09:04:56.038+00:00,1785661496038,BTC-USDT-SWAP,sell,long,3.73,63063.7
2026-08-02T09:04:56.020+00:00,1785661496020,BTC-USDT-SWAP,sell,long,0.12,63063.7
2026-08-02T09:04:55.987+00:00,1785661495987,BTC-USDT-SWAP,sell,long,3.07,63063.7
2026-08-02T09:04:55.978+00:00,1785661495978,BTC-USDT-SWAP,sell,long,1.06,63063.7
2026-08-02T09:04:55.424+00:00,1785661495424,BTC-USDT-SWAP,sell,long,8.31,63068.3
2026-08-02T09:04:55.414+00:00,1785661495414,BTC-USDT-SWAP,sell,long,4.72,63068.3
2026-08-02T09:04:54.569+00:00,1785661494569,BTC-USDT-SWAP,sell,long,0.46,63072.8
2026-08-02T09:04:54.569+00:00,1785661494569,BTC-USDT-SWAP,sell,long,4.37,63072.8
2026-08-02T09:04:51.379+00:00,1785661491379,BTC-USDT-SWAP,sell,long,2.2,63078.1
2026-08-02T09:04:51.367+00:00,1785661491367,BTC-USDT-SWAP,sell,long,5.98,63078.1
2026-08-02T09:04:51.028+00:00,1785661491028,BTC-USDT-SWAP,sell,long,55.99,63082.5
2026-08-02T09:04:50.999+00:00,1785661490999,BTC-USDT-SWAP,sell,long,11.82,63082.5
2026-08-02T09:04:50.910+00:00,1785661490910,BTC-USDT-SWAP,sell,long,0.2,63082.5
2026-08-02T09:04:50.696+00:00,1785661490696,BTC-USDT-SWAP,sell,long,1.14,63091.3
2026-08-02T09:04:50.620+00:00,1785661490620,BTC-USDT-SWAP,sell,long,0.03,63092.9
2026-08-02T09:04:50.469+00:00,1785661490469,BTC-USDT-SWAP,sell,long,14.4,63092.9
2026-08-02T09:04:50.365+00:00,1785661490365,BTC-USDT-SWAP,sell,long,0.55,63094
2026-08-02T09:04:49.697+00:00,1785661489697,BTC-USDT-SWAP,sell,long,0.51,63094.7
2026-08-02T09:04:49.365+00:00,1785661489365,BTC-USDT-SWAP,sell,long,1.55,63095.3
2026-08-02T09:04:49.357+00:00,1785661489357,BTC-USDT-SWAP,sell,long,2.29,63095.3
2026-08-02T09:04:49.355+00:00,1785661489355,BTC-USDT-SWAP,sell,long,0.54,63095.3
2026-08-02T09:04:49.317+00:00,1785661489317,BTC-USDT-SWAP,sell,long,21.14,63095.3
2026-08-02T09:04:49.269+00:00,1785661489269,BTC-USDT-SWAP,sell,long,0.18,63095.3
2026-08-02T09:04:49.224+00:00,1785661489224,BTC-USDT-SWAP,sell,long,0.03,63095.3
2026-08-02T10:12:20.549+00:00,1785665540549,BTC-USDT-SWAP,sell,long,26.85,63171.2
2026-08-02T11:44:10.583+00:00,1785671050583,BTC-USDT-SWAP,sell,long,1.48,63061.1
2026-08-02T11:43:52.899+00:00,1785671032899,BTC-USDT-SWAP,sell,long,90.71,63078.4
2026-08-02T11:43:52.774+00:00,1785671032774,BTC-USDT-SWAP,sell,long,39.33,63079.5
2026-08-02T11:53:40.122+00:00,1785671620122,BTC-USDT-SWAP,sell,long,3.45,62979.4
2026-08-02T11:53:39.570+00:00,1785671619570,BTC-USDT-SWAP,sell,long,0.87,62988.4
2026-08-02T11:53:39.565+00:00,1785671619565,BTC-USDT-SWAP,sell,long,0.2,62988.4
2026-08-02T11:53:39.502+00:00,1785671619502,BTC-USDT-SWAP,sell,long,3.99,62988.4
2026-08-02T11:53:39.479+00:00,1785671619479,BTC-USDT-SWAP,sell,long,2.83,62988.4
2026-08-02T11:53:39.478+00:00,1785671619478,BTC-USDT-SWAP,sell,long,1.27,62988.4
2026-08-02T11:53:39.441+00:00,1785671619441,BTC-USDT-SWAP,sell,long,0.27,62988.4
2026-08-02T11:53:39.421+00:00,1785671619421,BTC-USDT-SWAP,sell,long,0.61,62988.4
2026-08-02T11:53:39.347+00:00,1785671619347,BTC-USDT-SWAP,sell,long,0.5,63012.7
2026-08-02T11:53:39.342+00:00,1785671619342,BTC-USDT-SWAP,sell,long,15.5,63012.7
2026-08-02T11:53:39.329+00:00,1785671619329,BTC-USDT-SWAP,sell,long,2.5,63012.7
2026-08-02T11:53:39.314+00:00,1785671619314,BTC-USDT-SWAP,sell,long,1.2,63012.7
2026-08-02T11:53:39.250+00:00,1785671619250,BTC-USDT-SWAP,sell,long,11.67,63012.7
2026-08-02T11:53:39.223+00:00,1785671619223,BTC-USDT-SWAP,sell,long,1.52,63012.7
2026-08-02T11:53:39.121+00:00,1785671619121,BTC-USDT-SWAP,sell,long,1.36,63031.5
2026-08-02T11:53:39.107+00:00,1785671619107,BTC-USDT-SWAP,sell,long,17.63,63031.5
2026-08-02T11:53:33.737+00:00,1785671613737,BTC-USDT-SWAP,sell,long,0.18,63044.2
2026-08-02T11:53:33.118+00:00,1785671613118,BTC-USDT-SWAP,sell,long,2.72,63044.6
2026-08-02T11:53:31.888+00:00,1785671611888,BTC-USDT-SWAP,sell,long,0.05,63045.4
2026-08-02T11:53:31.707+00:00,1785671611707,BTC-USDT-SWAP,sell,long,10,63045.5
2026-08-02T11:53:31.653+00:00,1785671611653,BTC-USDT-SWAP,sell,long,0.04,63045.5
2026-08-02T11:53:31.162+00:00,1785671611162,BTC-USDT-SWAP,sell,long,8.97,63046.2
2026-08-02T11:53:30.990+00:00,1785671610990,BTC-USDT-SWAP,sell,long,5.54,63046.2
2026-08-02T11:53:08.379+00:00,1785671588379,BTC-USDT-SWAP,sell,long,3,63076.7
2026-08-02T11:53:40.144+00:00,1785671620144,BTC-USDT-SWAP,sell,long,39.99,62979.4
2026-08-02T11:53:40.049+00:00,1785671620049,BTC-USDT-SWAP,sell,long,0.12,62979.4
2026-08-02T11:53:39.546+00:00,1785671619546,BTC-USDT-SWAP,sell,long,0.03,62988.4
2026-08-02T11:56:49.599+00:00,1785671809599,BTC-USDT-SWAP,sell,long,1.22,62952.2
2026-08-02T11:56:49.586+00:00,1785671809586,BTC-USDT-SWAP,sell,long,2.73,62952.2
2026-08-02T11:56:49.544+00:00,1785671809544,BTC-USDT-SWAP,sell,long,3.64,62952.2
2026-08-02T11:56:49.532+00:00,1785671809532,BTC-USDT-SWAP,sell,long,6,62952.2
2026-08-02T11:56:49.505+00:00,1785671809505,BTC-USDT-SWAP,sell,long,0.01,62952.2
2026-08-02T11:56:49.497+00:00,1785671809497,BTC-USDT-SWAP,sell,long,0.02,62952.2
2026-08-02T11:56:49.462+00:00,1785671809462,BTC-USDT-SWAP,sell,long,0.15,62952.2
2026-08-02T11:56:44.904+00:00,1785671804904,BTC-USDT-SWAP,sell,long,1.95,62977.4
2026-08-02T11:57:42.661+00:00,1785671862661,BTC-USDT-SWAP,sell,long,9.06,62948.7
2026-08-02T11:57:41.296+00:00,1785671861296,BTC-USDT-SWAP,sell,long,2.99,62950.2
2026-08-02T12:07:25.414+00:00,1785672445414,BTC-USDT-SWAP,sell,long,0.03,63081.9
2026-08-02T15:11:15.108+00:00,1785683475108,BTC-USDT-SWAP,buy,short,0.04,63066.9
2026-08-02T17:24:30.135+00:00,1785691470135,BTC-USDT-SWAP,buy,short,3.23,63222.5
2026-08-02T17:24:56.684+00:00,1785691496684,BTC-USDT-SWAP,buy,short,1.32,63297.1
2026-08-02T17:24:53.873+00:00,1785691493873,BTC-USDT-SWAP,buy,short,2.5,63269.3
2026-08-02T18:35:06.325+00:00,1785695706325,BTC-USDT-SWAP,buy,short,0.25,63304.1
2026-08-02T18:36:07.365+00:00,1785695767365,BTC-USDT-SWAP,buy,short,23,63376.5
2026-08-02T18:36:07.352+00:00,1785695767352,BTC-USDT-SWAP,buy,short,2.34,63376.5
2026-08-02T18:36:06.983+00:00,1785695766983,BTC-USDT-SWAP,buy,short,0.2,63370.3
2026-08-02T18:36:03.789+00:00,1785695763789,BTC-USDT-SWAP,buy,short,109.06,63357.9
2026-08-02T18:37:52.820+00:00,1785695872820,BTC-USDT-SWAP,buy,short,0.76,63409.6
2026-08-02T18:37:52.638+00:00,1785695872638,BTC-USDT-SWAP,buy,short,0.46,63409.6
2026-08-02T18:37:52.602+00:00,1785695872602,BTC-USDT-SWAP,buy,short,30,63401.8
2026-08-02T18:37:52.567+00:00,1785695872567,BTC-USDT-SWAP,buy,short,0.07,63401.8
2026-08-02T18:37:47.311+00:00,1785695867311,BTC-USDT-SWAP,buy,short,0.02,63388.5
2026-08-02T18:37:45.199+00:00,1785695865199,BTC-USDT-SWAP,buy,short,20.92,63387.4
2026-08-02T18:37:44.860+00:00,1785695864860,BTC-USDT-SWAP,buy,short,0.25,63384.6
2026-08-02T18:37:44.743+00:00,1785695864743,BTC-USDT-SWAP,buy,short,0.43,63383.2
2026-08-02T18:37:44.185+00:00,1785695864185,BTC-USDT-SWAP,buy,short,2.84,63382.2
2026-08-02T18:37:43.921+00:00,1785695863921,BTC-USDT-SWAP,buy,short,0.84,63381.8
2026-08-02T18:37:43.895+00:00,1785695863895,BTC-USDT-SWAP,buy,short,1.51,63381.8
2026-08-02T18:37:43.869+00:00,1785695863869,BTC-USDT-SWAP,buy,short,9.24,63381.8
2026-08-02T18:39:42.866+00:00,1785695982866,BTC-USDT-SWAP,buy,short,8.75,63410.4
2026-08-02T18:40:47.683+00:00,1785696047683,BTC-USDT-SWAP,buy,short,8.5,63437.3
2026-08-02T18:40:46.906+00:00,1785696046906,BTC-USDT-SWAP,buy,short,1.17,63436.7
2026-08-02T18:40:46.798+00:00,1785696046798,BTC-USDT-SWAP,buy,short,0.01,63435.8
2026-08-02T18:40:46.750+00:00,1785696046750,BTC-USDT-SWAP,buy,short,2.1,63435.6
2026-08-02T18:40:46.546+00:00,1785696046546,BTC-USDT-SWAP,buy,short,3.16,63434.8
2026-08-02T18:40:46.231+00:00,1785696046231,BTC-USDT-SWAP,buy,short,0.04,63434.1
2026-08-02T18:40:39.291+00:00,1785696039291,BTC-USDT-SWAP,buy,short,101.04,63431.6
2026-08-02T18:40:17.138+00:00,1785696017138,BTC-USDT-SWAP,buy,short,3.79,63431.2
2026-08-02T18:40:16.254+00:00,1785696016254,BTC-USDT-SWAP,buy,short,0.69,63430.9
2026-08-02T18:40:14.135+00:00,1785696014135,BTC-USDT-SWAP,buy,short,1.48,63427.5
2026-08-02T18:40:14.105+00:00,1785696014105,BTC-USDT-SWAP,buy,short,0.03,63427.5
2026-08-02T18:40:14.104+00:00,1785696014104,BTC-USDT-SWAP,buy,short,3.72,63427.5
2026-08-02T18:40:14.101+00:00,1785696014101,BTC-USDT-SWAP,buy,short,5.54,63427.5
2026-08-02T18:40:14.057+00:00,1785696014057,BTC-USDT-SWAP,buy,short,1.58,63427.5
2026-08-02T18:40:14.029+00:00,1785696014029,BTC-USDT-SWAP,buy,short,1,63427.5
2026-08-02T18:40:13.973+00:00,1785696013973,BTC-USDT-SWAP,buy,short,0.21,63427.5
2026-08-02T18:40:13.969+00:00,1785696013969,BTC-USDT-SWAP,buy,short,0.44,63427.5
2026-08-02T18:40:13.524+00:00,1785696013524,BTC-USDT-SWAP,buy,short,0.16,63414
2026-08-02T18:40:13.074+00:00,1785696013074,BTC-USDT-SWAP,buy,short,0.04,63412.1
2026-08-02T18:40:13.026+00:00,1785696013026,BTC-USDT-SWAP,buy,short,2.34,63412.1
2026-08-02T18:42:05.286+00:00,1785696125286,BTC-USDT-SWAP,buy,short,3.7,63563.3
2026-08-02T18:41:59.786+00:00,1785696119786,BTC-USDT-SWAP,buy,short,4.08,63584.2
2026-08-02T18:41:59.123+00:00,1785696119123,BTC-USDT-SWAP,buy,short,0.44,63580.4
2026-08-02T18:41:54.579+00:00,1785696114579,BTC-USDT-SWAP,buy,short,1.86,63584.5
2026-08-02T18:41:54.493+00:00,1785696114493,BTC-USDT-SWAP,buy,short,1.06,63584.5
2026-08-02T18:41:54.416+00:00,1785696114416,BTC-USDT-SWAP,buy,short,6.58,63584.5
2026-08-02T18:41:53.941+00:00,1785696113941,BTC-USDT-SWAP,buy,short,3.76,63580.3
2026-08-02T18:41:53.527+00:00,1785696113527,BTC-USDT-SWAP,buy,short,1.07,63580.1
2026-08-02T18:41:53.453+00:00,1785696113453,BTC-USDT-SWAP,buy,short,5000,63577.4
2026-08-02T18:41:53.395+00:00,1785696113395,BTC-USDT-SWAP,buy,short,1.96,63577.4
2026-08-02T18:41:53.391+00:00,1785696113391,BTC-USDT-SWAP,buy,short,0.01,63577.4
2026-08-02T18:41:53.378+00:00,1785696113378,BTC-USDT-SWAP,buy,short,2.1,63577.4
2026-08-02T18:41:53.296+00:00,1785696113296,BTC-USDT-SWAP,buy,short,13.93,63577.4
2026-08-02T18:41:53.290+00:00,1785696113290,BTC-USDT-SWAP,buy,short,30.23,63577.4
2026-08-02T18:41:52.997+00:00,1785696112997,BTC-USDT-SWAP,buy,short,2.83,63564.5
2026-08-02T18:41:52.925+00:00,1785696112925,BTC-USDT-SWAP,buy,short,0.85,63564.5
2026-08-02T18:41:52.828+00:00,1785696112828,BTC-USDT-SWAP,buy,short,33.44,63564.5
2026-08-02T18:41:52.791+00:00,1785696112791,BTC-USDT-SWAP,buy,short,0.95,63564.5
2026-08-02T18:41:52.750+00:00,1785696112750,BTC-USDT-SWAP,buy,short,2.79,63551.3
2026-08-02T18:41:52.662+00:00,1785696112662,BTC-USDT-SWAP,buy,short,0.04,63551.3
2026-08-02T18:41:48.201+00:00,1785696108201,BTC-USDT-SWAP,buy,short,0.1,63537.7
2026-08-02T18:41:48.189+00:00,1785696108189,BTC-USDT-SWAP,buy,short,0.08,63537.7
2026-08-02T18:41:48.172+00:00,1785696108172,BTC-USDT-SWAP,buy,short,0.05,63537.7
2026-08-02T18:41:48.166+00:00,1785696108166,BTC-USDT-SWAP,buy,short,6.33,63537.7
2026-08-02T18:41:48.131+00:00,1785696108131,BTC-USDT-SWAP,buy,short,18.2,63537.7
2026-08-02T18:41:48.117+00:00,1785696108117,BTC-USDT-SWAP,buy,short,0.14,63537.7
2026-08-02T18:41:48.067+00:00,1785696108067,BTC-USDT-SWAP,buy,short,0.77,63537.7
2026-08-02T18:41:47.997+00:00,1785696107997,BTC-USDT-SWAP,buy,short,84.58,63520.6
2026-08-02T18:41:47.981+00:00,1785696107981,BTC-USDT-SWAP,buy,short,0.14,63520.6
2026-08-02T18:41:47.884+00:00,1785696107884,BTC-USDT-SWAP,buy,short,0.18,63520.6
2026-08-02T18:41:47.855+00:00,1785696107855,BTC-USDT-SWAP,buy,short,11.75,63520.6
2026-08-02T18:41:47.841+00:00,1785696107841,BTC-USDT-SWAP,buy,short,0.6,63520.6
2026-08-02T18:41:41.224+00:00,1785696101224,BTC-USDT-SWAP,buy,short,2,63499.2
2026-08-02T18:41:41.110+00:00,1785696101110,BTC-USDT-SWAP,buy,short,5,63499.2
2026-08-02T18:41:41.099+00:00,1785696101099,BTC-USDT-SWAP,buy,short,6.11,63499.2
2026-08-02T18:41:41.027+00:00,1785696101027,BTC-USDT-SWAP,buy,short,2.79,63499.2
2026-08-02T18:41:40.996+00:00,1785696100996,BTC-USDT-SWAP,buy,short,1.26,63499.2
2026-08-02T18:41:40.991+00:00,1785696100991,BTC-USDT-SWAP,buy,short,7.14,63499.2
2026-08-02T18:41:40.902+00:00,1785696100902,BTC-USDT-SWAP,buy,short,0.13,63499.2
2026-08-02T18:41:40.848+00:00,1785696100848,BTC-USDT-SWAP,buy,short,0.2,63488.5
2026-08-02T18:41:40.827+00:00,1785696100827,BTC-USDT-SWAP,buy,short,0.52,63488.5
2026-08-02T18:41:38.088+00:00,1785696098088,BTC-USDT-SWAP,buy,short,1.94,63478.6
2026-08-02T18:41:37.508+00:00,1785696097508,BTC-USDT-SWAP,buy,short,0.02,63478.5
2026-08-02T18:41:37.327+00:00,1785696097327,BTC-USDT-SWAP,buy,short,0.23,63476
2026-08-02T18:41:37.318+00:00,1785696097318,BTC-USDT-SWAP,buy,short,2.04,63471.2
2026-08-02T18:41:37.249+00:00,1785696097249,BTC-USDT-SWAP,buy,short,0.02,63471.2
2026-08-02T18:41:37.234+00:00,1785696097234,BTC-USDT-SWAP,buy,short,1.51,63471.2
2026-08-02T18:41:37.182+00:00,1785696097182,BTC-USDT-SWAP,buy,short,0.02,63471.2
2026-08-02T18:41:25.519+00:00,1785696085519,BTC-USDT-SWAP,buy,short,0.75,63460.1
2026-08-02T18:41:25.460+00:00,1785696085460,BTC-USDT-SWAP,buy,short,0.42,63460.1
2026-08-02T18:41:25.407+00:00,1785696085407,BTC-USDT-SWAP,buy,short,0.08,63459.5
2026-08-02T18:41:25.391+00:00,1785696085391,BTC-USDT-SWAP,buy,short,0.06,63459.5
2026-08-02T18:41:25.332+00:00,1785696085332,BTC-USDT-SWAP,buy,short,0.97,63459.5
2026-08-02T18:41:25.241+00:00,1785696085241,BTC-USDT-SWAP,buy,short,0.63,63459.5
2026-08-02T18:41:25.037+00:00,1785696085037,BTC-USDT-SWAP,buy,short,1.22,63450.3
2026-08-02T18:41:25.024+00:00,1785696085024,BTC-USDT-SWAP,buy,short,0.59,63450.3
2026-08-02T18:41:24.997+00:00,1785696084997,BTC-USDT-SWAP,buy,short,4.45,63450.3
2026-08-02T18:41:24.961+00:00,1785696084961,BTC-USDT-SWAP,buy,short,0.05,63450.3
2026-08-02T18:41:24.944+00:00,1785696084944,BTC-USDT-SWAP,buy,short,0.3,63450.3
2026-08-02T18:41:24.815+00:00,1785696084815,BTC-USDT-SWAP,buy,short,1.46,63450.3
2026-08-02T19:46:29.514+00:00,1785699989514,BTC-USDT-SWAP,sell,long,5,63417.2
2026-08-02T20:01:06.770+00:00,1785700866770,BTC-USDT-SWAP,sell,long,2.6,63427.4
2026-08-02T21:11:49.001+00:00,1785705109001,BTC-USDT-SWAP,buy,short,1.73,63494.5
2026-08-02T21:35:49.897+00:00,1785706549897,BTC-USDT-SWAP,buy,short,43.84,63543.8
2026-08-02T21:35:43.205+00:00,1785706543205,BTC-USDT-SWAP,buy,short,0.01,63528.3
2026-08-02T21:42:58.214+00:00,1785706978214,BTC-USDT-SWAP,buy,short,8.57,63729.3
2026-08-02T21:42:42.503+00:00,1785706962503,BTC-USDT-SWAP,buy,short,9.8,63752.2
2026-08-02T21:42:42.491+00:00,1785706962491,BTC-USDT-SWAP,buy,short,1.12,63752.2
2026-08-02T21:42:42.444+00:00,1785706962444,BTC-USDT-SWAP,buy,short,0.23,63752.2
2026-08-02T21:42:42.396+00:00,1785706962396,BTC-USDT-SWAP,buy,short,1.68,63748
2026-08-02T21:42:42.308+00:00,1785706962308,BTC-USDT-SWAP,buy,short,0.57,63748
2026-08-02T21:42:42.270+00:00,1785706962270,BTC-USDT-SWAP,buy,short,5.35,63748
2026-08-02T21:42:42.267+00:00,1785706962267,BTC-USDT-SWAP,buy,short,140,63748
2026-08-02T21:42:42.247+00:00,1785706962247,BTC-USDT-SWAP,buy,short,1.11,63748
2026-08-02T21:42:42.239+00:00,1785706962239,BTC-USDT-SWAP,buy,short,0.01,63748
2026-08-02T21:42:42.213+00:00,1785706962213,BTC-USDT-SWAP,buy,short,0.43,63748
2026-08-02T21:42:42.112+00:00,1785706962112,BTC-USDT-SWAP,buy,short,2.14,63739.2
2026-08-02T21:42:42.088+00:00,1785706962088,BTC-USDT-SWAP,buy,short,0.04,63739.2
2026-08-02T21:42:25.828+00:00,1785706945828,BTC-USDT-SWAP,buy,short,0.17,63733.8
2026-08-02T21:42:25.799+00:00,1785706945799,BTC-USDT-SWAP,buy,short,0.09,63733.8
2026-08-02T21:42:25.786+00:00,1785706945786,BTC-USDT-SWAP,buy,short,120,63733.8
2026-08-02T21:42:25.700+00:00,1785706945700,BTC-USDT-SWAP,buy,short,10.84,63733.8
2026-08-02T21:42:25.000+00:00,1785706945000,BTC-USDT-SWAP,buy,short,0.13,63723.7
2026-08-02T21:42:23.256+00:00,1785706943256,BTC-USDT-SWAP,buy,short,0.06,63721.9
2026-08-02T21:42:22.875+00:00,1785706942875,BTC-USDT-SWAP,buy,short,102.04,63721.7
2026-08-02T21:42:22.743+00:00,1785706942743,BTC-USDT-SWAP,buy,short,0.25,63721
2026-08-02T21:42:22.741+00:00,1785706942741,BTC-USDT-SWAP,buy,short,50.47,63721
2026-08-02T21:42:22.724+00:00,1785706942724,BTC-USDT-SWAP,buy,short,3.8,63721
2026-08-02T21:42:22.724+00:00,1785706942724,BTC-USDT-SWAP,buy,short,13.65,63721
2026-08-02T21:42:22.629+00:00,1785706942629,BTC-USDT-SWAP,buy,short,1.12,63709.2
2026-08-02T21:42:18.292+00:00,1785706938292,BTC-USDT-SWAP,buy,short,18.47,63690.5
2026-08-02T21:42:17.172+00:00,1785706937172,BTC-USDT-SWAP,buy,short,32.01,63704
2026-08-02T21:42:17.162+00:00,1785706937162,BTC-USDT-SWAP,buy,short,0.04,63704
2026-08-02T21:42:17.072+00:00,1785706937072,BTC-USDT-SWAP,buy,short,2.05,63704
2026-08-02T21:42:17.064+00:00,1785706937064,BTC-USDT-SWAP,buy,short,23.45,63704
2026-08-02T21:42:17.042+00:00,1785706937042,BTC-USDT-SWAP,buy,short,0.23,63704
2026-08-02T21:42:17.042+00:00,1785706937042,BTC-USDT-SWAP,buy,short,0.02,63704
2026-08-02T21:42:17.033+00:00,1785706937033,BTC-USDT-SWAP,buy,short,0.28,63704
2026-08-02T21:42:17.024+00:00,1785706937024,BTC-USDT-SWAP,buy,short,0.1,63704
2026-08-02T21:42:17.002+00:00,1785706937002,BTC-USDT-SWAP,buy,short,0.27,63697.5
2026-08-02T21:42:16.898+00:00,1785706936898,BTC-USDT-SWAP,buy,short,2.56,63697.5
2026-08-02T21:42:16.531+00:00,1785706936531,BTC-USDT-SWAP,buy,short,70.27,63684
2026-08-02T21:42:16.495+00:00,1785706936495,BTC-USDT-SWAP,buy,short,0.54,63684
2026-08-02T21:42:16.426+00:00,1785706936426,BTC-USDT-SWAP,buy,short,0.93,63684
2026-08-02T21:42:16.212+00:00,1785706936212,BTC-USDT-SWAP,buy,short,0.24,63679
2026-08-02T21:42:16.209+00:00,1785706936209,BTC-USDT-SWAP,buy,short,25.15,63679
2026-08-02T21:42:16.027+00:00,1785706936027,BTC-USDT-SWAP,buy,short,0.14,63679
2026-08-02T21:42:14.846+00:00,1785706934846,BTC-USDT-SWAP,buy,short,2.14,63672
2026-08-02T21:42:14.766+00:00,1785706934766,BTC-USDT-SWAP,buy,short,2,63669.7
2026-08-02T21:42:14.758+00:00,1785706934758,BTC-USDT-SWAP,buy,short,2.4,63669.7
2026-08-02T21:42:14.756+00:00,1785706934756,BTC-USDT-SWAP,buy,short,0.62,63669.7
2026-08-02T21:42:14.713+00:00,1785706934713,BTC-USDT-SWAP,buy,short,0.4,63669.7
2026-08-02T21:42:14.649+00:00,1785706934649,BTC-USDT-SWAP,buy,short,7.95,63669.7
2026-08-02T21:42:14.637+00:00,1785706934637,BTC-USDT-SWAP,buy,short,5,63653.2
2026-08-02T21:42:14.635+00:00,1785706934635,BTC-USDT-SWAP,buy,short,0.63,63669.7
2026-08-02T21:42:14.608+00:00,1785706934608,BTC-USDT-SWAP,buy,short,4.72,63653.2
2026-08-02T21:42:14.507+00:00,1785706934507,BTC-USDT-SWAP,buy,short,5.46,63653.2
2026-08-02T21:42:14.499+00:00,1785706934499,BTC-USDT-SWAP,buy,short,0.02,63653.2
2026-08-02T21:42:14.417+00:00,1785706934417,BTC-USDT-SWAP,buy,short,0.01,63653.2
2026-08-02T21:42:11.249+00:00,1785706931249,BTC-USDT-SWAP,buy,short,0.14,63603.3
2026-08-02T21:42:10.735+00:00,1785706930735,BTC-USDT-SWAP,buy,short,3.11,63598.8
2026-08-02T21:42:10.692+00:00,1785706930692,BTC-USDT-SWAP,buy,short,20,63598.8
2026-08-02T21:42:10.126+00:00,1785706930126,BTC-USDT-SWAP,buy,short,4.27,63590.5
2026-08-02T21:42:10.029+00:00,1785706930029,BTC-USDT-SWAP,buy,short,0.04,63590.5
2026-08-02T21:42:09.929+00:00,1785706929929,BTC-USDT-SWAP,buy,short,16.93,63587.6
2026-08-02T21:42:09.876+00:00,1785706929876,BTC-USDT-SWAP,buy,short,20.14,63587.6
2026-08-02T21:42:09.828+00:00,1785706929828,BTC-USDT-SWAP,buy,short,5.01,63587.6
2026-08-02T21:42:09.821+00:00,1785706929821,BTC-USDT-SWAP,buy,short,80.79,63587.6
2026-08-02T21:46:03.008+00:00,1785707163008,BTC-USDT-SWAP,buy,short,2.24,63720.9
2026-08-02T21:45:56.155+00:00,1785707156155,BTC-USDT-SWAP,buy,short,2.83,63752.8
2026-08-02T22:00:06.633+00:00,1785708006633,BTC-USDT-SWAP,buy,short,1.5,63636.6
2026-08-02T22:00:01.247+00:00,1785708001247,BTC-USDT-SWAP,buy,short,0.02,63562.5
2026-08-02T22:11:55.735+00:00,1785708715735,BTC-USDT-SWAP,buy,short,0.1,63772
2026-08-02T22:11:55.410+00:00,1785708715410,BTC-USDT-SWAP,buy,short,3,63771.9
2026-08-02T22:11:55.396+00:00,1785708715396,BTC-USDT-SWAP,buy,short,0.17,63771.9
2026-08-02T22:11:55.365+00:00,1785708715365,BTC-USDT-SWAP,buy,short,0.16,63771.9
2026-08-02T22:11:55.360+00:00,1785708715360,BTC-USDT-SWAP,buy,short,0.58,63771.9
2026-08-02T22:11:55.305+00:00,1785708715305,BTC-USDT-SWAP,buy,short,0.64,63771.9
2026-08-02T22:11:55.087+00:00,1785708715087,BTC-USDT-SWAP,buy,short,0.1,63762.8
2026-08-02T22:11:54.948+00:00,1785708714948,BTC-USDT-SWAP,buy,short,1000,63757.6
2026-08-02T22:11:54.892+00:00,1785708714892,BTC-USDT-SWAP,buy,short,0.11,63757.6
2026-08-02T22:39:13.233+00:00,1785710353233,BTC-USDT-SWAP,sell,long,14.49,63347.8
2026-08-02T22:39:13.032+00:00,1785710353032,BTC-USDT-SWAP,sell,long,0.15,63350
2026-08-02T22:39:12.965+00:00,1785710352965,BTC-USDT-SWAP,sell,long,14.82,63350
2026-08-02T22:39:02.015+00:00,1785710342015,BTC-USDT-SWAP,sell,long,0.82,63396.6
2026-08-02T23:08:17.055+00:00,1785712097055,BTC-USDT-SWAP,sell,long,0.05,63332.6
2026-08-02T23:08:16.993+00:00,1785712096993,BTC-USDT-SWAP,sell,long,2.32,63332.6
2026-08-02T23:12:15.558+00:00,1785712335558,BTC-USDT-SWAP,sell,long,0.24,63316.5
2026-08-02T23:12:15.424+00:00,1785712335424,BTC-USDT-SWAP,sell,long,1.48,63318.4
2026-08-02T23:12:04.152+00:00,1785712324152,BTC-USDT-SWAP,sell,long,1.98,63322
2026-08-02T23:11:36.476+00:00,1785712296476,BTC-USDT-SWAP,sell,long,0.18,63329.1
2026-08-03T00:28:23.029+00:00,1785716903029,BTC-USDT-SWAP,sell,long,5.73,63220.1
2026-08-03T00:28:22.905+00:00,1785716902905,BTC-USDT-SWAP,sell,long,2.65,63230.1
2026-08-03T00:28:22.874+00:00,1785716902874,BTC-USDT-SWAP,sell,long,20.92,63230.1
2026-08-03T00:28:20.585+00:00,1785716900585,BTC-USDT-SWAP,sell,long,0.4,63266.7
2026-08-03T00:28:20.565+00:00,1785716900565,BTC-USDT-SWAP,sell,long,0.4,63266.7
2026-08-03T00:28:20.216+00:00,1785716900216,BTC-USDT-SWAP,sell,long,0.34,63293.4
2026-08-03T00:28:19.471+00:00,1785716899471,BTC-USDT-SWAP,sell,long,264.64,63296.3
2026-08-03T00:30:38.438+00:00,1785717038438,BTC-USDT-SWAP,sell,long,0.01,63173.8
2026-08-03T00:30:38.320+00:00,1785717038320,BTC-USDT-SWAP,sell,long,0.69,63173.8
2026-08-03T00:30:38.236+00:00,1785717038236,BTC-USDT-SWAP,sell,long,1.27,63173.8
2026-08-03T01:13:46.108+00:00,1785719626108,BTC-USDT-SWAP,sell,long,0.12,63195.9
2026-08-03T01:13:58.213+00:00,1785719638213,BTC-USDT-SWAP,sell,long,9.66,63143.2
2026-08-03T01:13:57.983+00:00,1785719637983,BTC-USDT-SWAP,sell,long,0.94,63144.7
2026-08-03T01:13:57.933+00:00,1785719637933,BTC-USDT-SWAP,sell,long,70.99,63144.7
2026-08-03T01:13:57.897+00:00,1785719637897,BTC-USDT-SWAP,sell,long,40.29,63144.7
2026-08-03T01:13:57.822+00:00,1785719637822,BTC-USDT-SWAP,sell,long,1.87,63154.6
2026-08-03T01:13:57.798+00:00,1785719637798,BTC-USDT-SWAP,sell,long,0.53,63154.6
2026-08-03T01:13:57.625+00:00,1785719637625,BTC-USDT-SWAP,sell,long,1.59,63160.1
2026-08-03T01:13:57.561+00:00,1785719637561,BTC-USDT-SWAP,sell,long,0.02,63160.1
2026-08-03T01:13:57.437+00:00,1785719637437,BTC-USDT-SWAP,sell,long,4.05,63160.1
2026-08-03T01:13:56.776+00:00,1785719636776,BTC-USDT-SWAP,sell,long,3.9,63170.7
2026-08-03T01:18:13.909+00:00,1785719893909,BTC-USDT-SWAP,sell,long,5,63136.8
2026-08-03T01:18:13.575+00:00,1785719893575,BTC-USDT-SWAP,sell,long,0.18,63140
2026-08-03T01:21:08.266+00:00,1785720068266,BTC-USDT-SWAP,sell,long,0.03,63120.8
2026-08-03T01:21:08.206+00:00,1785720068206,BTC-USDT-SWAP,sell,long,0.75,63120.8
2026-08-03T01:21:08.026+00:00,1785720068026,BTC-USDT-SWAP,sell,long,2.11,63125
2026-08-03T01:21:05.671+00:00,1785720065671,BTC-USDT-SWAP,sell,long,42.41,63133.2
2026-08-03T01:27:11.574+00:00,1785720431574,BTC-USDT-SWAP,sell,long,0.03,63082.7
2026-08-03T01:27:11.281+00:00,1785720431281,BTC-USDT-SWAP,sell,long,1.88,63084.1
2026-08-03T01:27:07.458+00:00,1785720427458,BTC-USDT-SWAP,sell,long,7.07,63088.2
2026-08-03T01:26:55.689+00:00,1785720415689,BTC-USDT-SWAP,sell,long,0.27,63096.3
2026-08-03T01:26:55.586+00:00,1785720415586,BTC-USDT-SWAP,sell,long,3.16,63096.3
2026-08-03T01:26:54.032+00:00,1785720414032,BTC-USDT-SWAP,sell,long,0.01,63098.8
2026-08-03T01:26:53.750+00:00,1785720413750,BTC-USDT-SWAP,sell,long,0.17,63099.4
2026-08-03T01:26:53.687+00:00,1785720413687,BTC-USDT-SWAP,sell,long,11.89,63099.4
2026-08-03T01:26:46.652+00:00,1785720406652,BTC-USDT-SWAP,sell,long,1.19,63116.7
2026-08-03T01:51:22.455+00:00,1785721882455,BTC-USDT-SWAP,sell,long,0.02,63147.5
2026-08-03T02:28:17.334+00:00,1785724097334,BTC-USDT-SWAP,sell,long,0.3,63070.1
2026-08-03T02:28:16.919+00:00,1785724096919,BTC-USDT-SWAP,sell,long,2.41,63072.3
2026-08-03T02:28:16.912+00:00,1785724096912,BTC-USDT-SWAP,sell,long,0.78,63072.3
2026-08-03T02:28:16.891+00:00,1785724096891,BTC-USDT-SWAP,sell,long,0.96,63072.3
2026-08-03T02:28:16.574+00:00,1785724096574,BTC-USDT-SWAP,sell,long,0.43,63079
2026-08-03T02:28:16.297+00:00,1785724096297,BTC-USDT-SWAP,sell,long,11.13,63081.8
2026-08-03T03:07:14.512+00:00,1785726434512,BTC-USDT-SWAP,sell,long,0.47,63090.6
2026-08-03T03:07:46.374+00:00,1785726466374,BTC-USDT-SWAP,sell,long,9.99,63065.7
2026-08-03T03:07:46.363+00:00,1785726466363,BTC-USDT-SWAP,sell,long,0.2,63065.7
2026-08-03T03:07:46.362+00:00,1785726466362,BTC-USDT-SWAP,sell,long,0.6,63065.7
2026-08-03T03:07:46.272+00:00,1785726466272,BTC-USDT-SWAP,sell,long,1,63065.7
2026-08-03T03:19:43.662+00:00,1785727183662,BTC-USDT-SWAP,sell,long,0.36,63052.1
2026-08-03T03:19:43.076+00:00,1785727183076,BTC-USDT-SWAP,sell,long,0.2,63059.6
2026-08-03T03:23:21.324+00:00,1785727401324,BTC-USDT-SWAP,sell,long,2.5,63040
2026-08-03T03:23:21.258+00:00,1785727401258,BTC-USDT-SWAP,sell,long,20,63040
2026-08-03T03:23:17.899+00:00,1785727397899,BTC-USDT-SWAP,sell,long,0.09,63041.6
2026-08-03T03:23:16.288+00:00,1785727396288,BTC-USDT-SWAP,sell,long,2.12,63045.4
2026-08-03T03:32:01.871+00:00,1785727921871,BTC-USDT-SWAP,sell,long,0.09,63028
2026-08-03T03:31:56.760+00:00,1785727916760,BTC-USDT-SWAP,sell,long,0.96,63029.7
2026-08-03T03:31:56.253+00:00,1785727916253,BTC-USDT-SWAP,sell,long,7.24,63030.1
2026-08-03T03:31:38.507+00:00,1785727898507,BTC-USDT-SWAP,sell,long,0.56,63031.6
2026-08-03T03:31:37.286+00:00,1785727897286,BTC-USDT-SWAP,sell,long,0.28,63033.7
2026-08-03T03:33:10.367+00:00,1785727990367,BTC-USDT-SWAP,sell,long,3.43,63010.6
2026-08-03T03:33:09.978+00:00,1785727989978,BTC-USDT-SWAP,sell,long,0.05,63019.2
2026-08-03T03:46:01.047+00:00,1785728761047,BTC-USDT-SWAP,sell,long,287.37,62999.8
2026-08-03T03:45:48.821+00:00,1785728748821,BTC-USDT-SWAP,sell,long,0.43,62992
2026-08-03T03:45:48.821+00:00,1785728748821,BTC-USDT-SWAP,sell,long,1.42,62992
2026-08-03T03:45:48.763+00:00,1785728748763,BTC-USDT-SWAP,sell,long,32.34,62992
2026-08-03T03:45:48.727+00:00,1785728748727,BTC-USDT-SWAP,sell,long,61.23,62992
2026-08-03T03:45:48.514+00:00,1785728748514,BTC-USDT-SWAP,sell,long,0.18,63005.8
2026-08-03T03:45:48.496+00:00,1785728748496,BTC-USDT-SWAP,sell,long,3.38,63005.8
2026-08-03T03:45:48.360+00:00,1785728748360,BTC-USDT-SWAP,sell,long,0.12,63006
2026-08-03T03:45:47.090+00:00,1785728747090,BTC-USDT-SWAP,sell,long,171.08,63011.1
2026-08-03T03:46:51.851+00:00,1785728811851,BTC-USDT-SWAP,sell,long,0.62,62746.1
2026-08-03T03:46:51.839+00:00,1785728811839,BTC-USDT-SWAP,sell,long,1.95,62746.1
2026-08-03T03:46:51.834+00:00,1785728811834,BTC-USDT-SWAP,sell,long,1.89,62746.1
2026-08-03T03:46:51.822+00:00,1785728811822,BTC-USDT-SWAP,sell,long,200,62746.1
2026-08-03T03:46:51.774+00:00,1785728811774,BTC-USDT-SWAP,sell,long,0.03,62746.1
2026-08-03T03:46:51.774+00:00,1785728811774,BTC-USDT-SWAP,sell,long,3,62746.1
2026-08-03T03:46:51.727+00:00,1785728811727,BTC-USDT-SWAP,sell,long,0.49,62746.1
2026-08-03T03:46:51.712+00:00,1785728811712,BTC-USDT-SWAP,sell,long,0.01,62746.1
2026-08-03T03:46:51.654+00:00,1785728811654,BTC-USDT-SWAP,sell,long,139.55,62746.1
2026-08-03T03:46:51.590+00:00,1785728811590,BTC-USDT-SWAP,sell,long,4.3,62746.1
2026-08-03T03:46:51.579+00:00,1785728811579,BTC-USDT-SWAP,sell,long,22.43,62755.7
2026-08-03T03:46:51.566+00:00,1785728811566,BTC-USDT-SWAP,sell,long,1.77,62755.7
2026-08-03T03:46:51.533+00:00,1785728811533,BTC-USDT-SWAP,sell,long,1.61,62755.7
2026-08-03T03:46:51.488+00:00,1785728811488,BTC-USDT-SWAP,sell,long,0.13,62755.7
2026-08-03T03:46:51.485+00:00,1785728811485,BTC-USDT-SWAP,sell,long,0.5,62755.7
2026-08-03T03:46:51.481+00:00,1785728811481,BTC-USDT-SWAP,sell,long,0.01,62755.7
2026-08-03T03:46:51.447+00:00,1785728811447,BTC-USDT-SWAP,sell,long,3.34,62755.7
2026-08-03T03:46:51.439+00:00,1785728811439,BTC-USDT-SWAP,sell,long,3,62773.4
2026-08-03T03:46:51.408+00:00,1785728811408,BTC-USDT-SWAP,sell,long,4.81,62773.4
2026-08-03T03:46:51.401+00:00,1785728811401,BTC-USDT-SWAP,sell,long,22.2,62773.4
2026-08-03T03:46:51.399+00:00,1785728811399,BTC-USDT-SWAP,sell,long,2.58,62773.4
2026-08-03T03:46:51.398+00:00,1785728811398,BTC-USDT-SWAP,sell,long,2.64,62773.4
2026-08-03T03:46:51.387+00:00,1785728811387,BTC-USDT-SWAP,sell,long,7.6,62773.4
2026-08-03T03:46:51.377+00:00,1785728811377,BTC-USDT-SWAP,sell,long,0.2,62773.4
2026-08-03T03:46:51.335+00:00,1785728811335,BTC-USDT-SWAP,sell,long,0.78,62773.4
2026-08-03T03:46:51.310+00:00,1785728811310,BTC-USDT-SWAP,sell,long,217.82,62796
2026-08-03T03:46:51.309+00:00,1785728811309,BTC-USDT-SWAP,sell,long,1.27,62773.4
2026-08-03T03:46:51.308+00:00,1785728811308,BTC-USDT-SWAP,sell,long,8.03,62773.4
2026-08-03T03:46:50.974+00:00,1785728810974,BTC-USDT-SWAP,sell,long,0.02,62798
2026-08-03T03:46:50.221+00:00,1785728810221,BTC-USDT-SWAP,sell,long,6.94,62815.2
2026-08-03T03:46:50.216+00:00,1785728810216,BTC-USDT-SWAP,sell,long,5.38,62815.2
2026-08-03T03:46:50.052+00:00,1785728810052,BTC-USDT-SWAP,sell,long,37.5,62816.7
2026-08-03T03:46:49.575+00:00,1785728809575,BTC-USDT-SWAP,sell,long,0.42,62817.7
2026-08-03T03:46:49.495+00:00,1785728809495,BTC-USDT-SWAP,sell,long,6.23,62817.7
2026-08-03T03:46:49.250+00:00,1785728809250,BTC-USDT-SWAP,sell,long,0.79,62819.4
2026-08-03T03:46:49.205+00:00,1785728809205,BTC-USDT-SWAP,sell,long,0.01,62819.4
2026-08-03T03:46:49.204+00:00,1785728809204,BTC-USDT-SWAP,sell,long,0.15,62819.4
2026-08-03T03:46:49.185+00:00,1785728809185,BTC-USDT-SWAP,sell,long,1.02,62819.4
2026-08-03T03:46:49.179+00:00,1785728809179,BTC-USDT-SWAP,sell,long,1.01,62819.4
2026-08-03T03:46:49.135+00:00,1785728809135,BTC-USDT-SWAP,sell,long,8.1,62819.4
2026-08-03T03:46:49.020+00:00,1785728809020,BTC-USDT-SWAP,sell,long,19.35,62819.4
2026-08-03T03:46:47.959+00:00,1785728807959,BTC-USDT-SWAP,sell,long,20,62827
2026-08-03T03:46:47.943+00:00,1785728807943,BTC-USDT-SWAP,sell,long,0.08,62827
2026-08-03T03:46:47.943+00:00,1785728807943,BTC-USDT-SWAP,sell,long,0.87,62827
2026-08-03T03:46:47.890+00:00,1785728807890,BTC-USDT-SWAP,sell,long,0.74,62827
2026-08-03T03:46:47.882+00:00,1785728807882,BTC-USDT-SWAP,sell,long,6.27,62827
2026-08-03T03:46:47.008+00:00,1785728807008,BTC-USDT-SWAP,sell,long,0.09,62833.9
2026-08-03T03:46:46.991+00:00,1785728806991,BTC-USDT-SWAP,sell,long,0.02,62833.9
2026-08-03T03:46:46.974+00:00,1785728806974,BTC-USDT-SWAP,sell,long,1.35,62833.9
2026-08-03T03:46:46.972+00:00,1785728806972,BTC-USDT-SWAP,sell,long,0.19,62833.9
2026-08-03T03:46:46.968+00:00,1785728806968,BTC-USDT-SWAP,sell,long,4.51,62833.9
2026-08-03T03:46:46.938+00:00,1785728806938,BTC-USDT-SWAP,sell,long,0.37,62833.9
2026-08-03T03:46:46.926+00:00,1785728806926,BTC-USDT-SWAP,sell,long,68.85,62833.9
2026-08-03T03:46:46.924+00:00,1785728806924,BTC-USDT-SWAP,sell,long,2.89,62833.9
2026-08-03T03:46:46.854+00:00,1785728806854,BTC-USDT-SWAP,sell,long,0.35,62833.9
2026-08-03T03:46:45.503+00:00,1785728805503,BTC-USDT-SWAP,sell,long,0.79,62848.3
2026-08-03T03:46:45.124+00:00,1785728805124,BTC-USDT-SWAP,sell,long,2.35,62849.8
2026-08-03T03:46:44.977+00:00,1785728804977,BTC-USDT-SWAP,sell,long,1.45,62850.8
2026-08-03T03:46:44.976+00:00,1785728804976,BTC-USDT-SWAP,sell,long,2,62850.8
2026-08-03T03:46:44.973+00:00,1785728804973,BTC-USDT-SWAP,sell,long,25.87,62850.8
2026-08-03T03:46:44.960+00:00,1785728804960,BTC-USDT-SWAP,sell,long,72.97,62850.8
2026-08-03T03:46:44.923+00:00,1785728804923,BTC-USDT-SWAP,sell,long,0.63,62850.8
2026-08-03T03:46:44.916+00:00,1785728804916,BTC-USDT-SWAP,sell,long,10.27,62850.8
2026-08-03T03:46:44.837+00:00,1785728804837,BTC-USDT-SWAP,sell,long,0.08,62850.8
2026-08-03T03:46:44.836+00:00,1785728804836,BTC-USDT-SWAP,sell,long,1.09,62850.8
2026-08-03T03:46:44.796+00:00,1785728804796,BTC-USDT-SWAP,sell,long,0.35,62859
2026-08-03T03:46:44.596+00:00,1785728804596,BTC-USDT-SWAP,sell,long,3.57,62859
2026-08-03T03:46:37.548+00:00,1785728797548,BTC-USDT-SWAP,sell,long,0.1,62861.7
2026-08-03T03:46:37.507+00:00,1785728797507,BTC-USDT-SWAP,sell,long,0.36,62861.7
2026-08-03T03:46:37.466+00:00,1785728797466,BTC-USDT-SWAP,sell,long,2.43,62861.7
2026-08-03T03:46:37.459+00:00,1785728797459,BTC-USDT-SWAP,sell,long,2.86,62861.7
2026-08-03T03:46:37.457+00:00,1785728797457,BTC-USDT-SWAP,sell,long,0.55,62861.7
2026-08-03T03:46:37.417+00:00,1785728797417,BTC-USDT-SWAP,sell,long,19.51,62861.7
2026-08-03T03:46:37.412+00:00,1785728797412,BTC-USDT-SWAP,sell,long,0.28,62861.7
2026-08-03T03:46:37.403+00:00,1785728797403,BTC-USDT-SWAP,sell,long,1.61,62861.7
2026-08-03T03:46:37.336+00:00,1785728797336,BTC-USDT-SWAP,sell,long,2.25,62861.7
2026-08-03T03:46:36.625+00:00,1785728796625,BTC-USDT-SWAP,sell,long,0.18,62869
2026-08-03T03:46:36.289+00:00,1785728796289,BTC-USDT-SWAP,sell,long,1.24,62869.5
2026-08-03T03:46:36.173+00:00,1785728796173,BTC-USDT-SWAP,sell,long,1.7,62869.5
2026-08-03T03:46:35.514+00:00,1785728795514,BTC-USDT-SWAP,sell,long,0.21,62872.6
2026-08-03T03:46:35.212+00:00,1785728795212,BTC-USDT-SWAP,sell,long,1.79,62870.3
2026-08-03T03:46:35.208+00:00,1785728795208,BTC-USDT-SWAP,sell,long,0.87,62870.3
2026-08-03T03:46:35.206+00:00,1785728795206,BTC-USDT-SWAP,sell,long,0.21,62870.3
2026-08-03T03:46:35.073+00:00,1785728795073,BTC-USDT-SWAP,sell,long,15.34,62875.7
2026-08-03T03:46:35.053+00:00,1785728795053,BTC-USDT-SWAP,sell,long,13.34,62875.7
2026-08-03T03:46:35.050+00:00,1785728795050,BTC-USDT-SWAP,sell,long,151.98,62875.7
2026-08-03T03:46:35.033+00:00,1785728795033,BTC-USDT-SWAP,sell,long,1.11,62875.7
2026-08-03T03:46:35.015+00:00,1785728795015,BTC-USDT-SWAP,sell,long,1.11,62875.7
2026-08-03T03:46:34.993+00:00,1785728794993,BTC-USDT-SWAP,sell,long,5,62875.7
2026-08-03T03:46:34.886+00:00,1785728794886,BTC-USDT-SWAP,sell,long,0.04,62889.9
2026-08-03T03:46:34.812+00:00,1785728794812,BTC-USDT-SWAP,sell,long,1.65,62889.9
2026-08-03T03:46:33.933+00:00,1785728793933,BTC-USDT-SWAP,sell,long,0.15,62897.9
2026-08-03T03:46:33.852+00:00,1785728793852,BTC-USDT-SWAP,sell,long,4.22,62896.1
2026-08-03T03:46:33.830+00:00,1785728793830,BTC-USDT-SWAP,sell,long,0.75,62897.9
2026-08-03T03:46:33.787+00:00,1785728793787,BTC-USDT-SWAP,sell,long,0.93,62904
2026-08-03T03:46:28.476+00:00,1785728788476,BTC-USDT-SWAP,sell,long,0.01,62903.6
2026-08-03T03:46:28.469+00:00,1785728788469,BTC-USDT-SWAP,sell,long,0.12,62903.6
2026-08-03T03:46:28.453+00:00,1785728788453,BTC-USDT-SWAP,sell,long,1.76,62903.6
2026-08-03T03:46:28.437+00:00,1785728788437,BTC-USDT-SWAP,sell,long,0.06,62903.6
2026-08-03T03:46:28.436+00:00,1785728788436,BTC-USDT-SWAP,sell,long,2.55,62903.6
2026-08-03T03:46:28.435+00:00,1785728788435,BTC-USDT-SWAP,sell,long,0.2,62903.6
2026-08-03T03:46:28.432+00:00,1785728788432,BTC-USDT-SWAP,sell,long,2,62903.6
2026-08-03T03:46:28.430+00:00,1785728788430,BTC-USDT-SWAP,sell,long,26.6,62903.6
2026-08-03T03:46:28.429+00:00,1785728788429,BTC-USDT-SWAP,sell,long,0.05,62903.6
2026-08-03T03:46:28.428+00:00,1785728788428,BTC-USDT-SWAP,sell,long,0.16,62903.6
2026-08-03T03:46:28.427+00:00,1785728788427,BTC-USDT-SWAP,sell,long,0.21,62903.6
2026-08-03T03:46:28.392+00:00,1785728788392,BTC-USDT-SWAP,sell,long,0.13,62903.6
2026-08-03T03:46:28.358+00:00,1785728788358,BTC-USDT-SWAP,sell,long,1.76,62903.6
2026-08-03T03:46:28.336+00:00,1785728788336,BTC-USDT-SWAP,sell,long,176.12,62903.6
2026-08-03T03:46:28.120+00:00,1785728788120,BTC-USDT-SWAP,sell,long,0.77,62944.5
2026-08-03T03:46:27.485+00:00,1785728787485,BTC-USDT-SWAP,sell,long,0.07,62966
2026-08-03T03:46:27.446+00:00,1785728787446,BTC-USDT-SWAP,sell,long,0.73,62966
2026-08-03T03:46:27.418+00:00,1785728787418,BTC-USDT-SWAP,sell,long,0.38,62966
2026-08-03T03:46:27.057+00:00,1785728787057,BTC-USDT-SWAP,sell,long,0.08,62970.6
2026-08-03T03:46:26.452+00:00,1785728786452,BTC-USDT-SWAP,sell,long,1.74,62979.3
2026-08-03T03:46:26.390+00:00,1785728786390,BTC-USDT-SWAP,sell,long,2.99,62979.3
2026-08-03T03:46:23.022+00:00,1785728783022,BTC-USDT-SWAP,sell,long,0.64,62985.8
2026-08-03T03:46:22.984+00:00,1785728782984,BTC-USDT-SWAP,sell,long,1.49,62985.9
2026-08-03T03:46:22.964+00:00,1785728782964,BTC-USDT-SWAP,sell,long,0.47,62985.9
2026-08-03T03:46:22.949+00:00,1785728782949,BTC-USDT-SWAP,sell,long,0.4,62985.9
2026-08-03T05:05:51.261+00:00,1785733551261,BTC-USDT-SWAP,sell,long,20,62717.9
2026-08-03T05:05:46.657+00:00,1785733546657,BTC-USDT-SWAP,sell,long,0.71,62719.6
2026-08-03T05:05:46.651+00:00,1785733546651,BTC-USDT-SWAP,sell,long,1.12,62719.6
2026-08-03T05:05:46.649+00:00,1785733546649,BTC-USDT-SWAP,sell,long,2.07,62719.6
2026-08-03T05:05:46.622+00:00,1785733546622,BTC-USDT-SWAP,sell,long,1.36,62719.6
2026-08-03T05:05:46.622+00:00,1785733546622,BTC-USDT-SWAP,sell,long,0.19,62719.6
2026-08-03T05:05:46.616+00:00,1785733546616,BTC-USDT-SWAP,sell,long,1.75,62719.6
2026-08-03T05:05:46.598+00:00,1785733546598,BTC-USDT-SWAP,sell,long,6.87,62719.6
2026-08-03T05:05:46.598+00:00,1785733546598,BTC-USDT-SWAP,sell,long,6.84,62719.6
2026-08-03T05:05:46.587+00:00,1785733546587,BTC-USDT-SWAP,sell,long,0.4,62719.6
2026-08-03T05:05:46.576+00:00,1785733546576,BTC-USDT-SWAP,sell,long,48.42,62719.6
2026-08-03T05:05:46.564+00:00,1785733546564,BTC-USDT-SWAP,sell,long,5.38,62719.6
2026-08-03T05:05:46.542+00:00,1785733546542,BTC-USDT-SWAP,sell,long,113.08,62719.6
2026-08-03T05:05:46.497+00:00,1785733546497,BTC-USDT-SWAP,sell,long,0.27,62735.9
2026-08-03T05:05:46.477+00:00,1785733546477,BTC-USDT-SWAP,sell,long,0.23,62735.9
2026-08-03T05:05:46.473+00:00,1785733546473,BTC-USDT-SWAP,sell,long,0.02,62735.9
2026-08-03T05:05:46.470+00:00,1785733546470,BTC-USDT-SWAP,sell,long,1.85,62735.9
2026-08-03T05:05:46.463+00:00,1785733546463,BTC-USDT-SWAP,sell,long,2.94,62735.9
2026-08-03T05:05:46.423+00:00,1785733546423,BTC-USDT-SWAP,sell,long,4,62735.9
2026-08-03T05:05:46.409+00:00,1785733546409,BTC-USDT-SWAP,sell,long,0.07,62735.9
2026-08-03T05:05:46.385+00:00,1785733546385,BTC-USDT-SWAP,sell,long,1.27,62735.9
2026-08-03T05:05:46.278+00:00,1785733546278,BTC-USDT-SWAP,sell,long,23.29,62735.9
2026-08-03T06:13:03.393+00:00,1785737583393,BTC-USDT-SWAP,buy,short,0.45,62803.7
2026-08-03T06:13:03.270+00:00,1785737583270,BTC-USDT-SWAP,sell,long,10,62803.7
2026-08-03T06:37:04.412+00:00,1785739024412,BTC-USDT-SWAP,sell,long,0.47,62690.4
2026-08-03T06:37:04.408+00:00,1785739024408,BTC-USDT-SWAP,sell,long,0.12,62686.1
2026-08-03T06:37:04.369+00:00,1785739024369,BTC-USDT-SWAP,sell,long,10.7,62686.1
2026-08-03T06:37:04.331+00:00,1785739024331,BTC-USDT-SWAP,sell,long,1.61,62686.1
2026-08-03T06:37:04.319+00:00,1785739024319,BTC-USDT-SWAP,sell,long,0.25,62686.1
2026-08-03T06:37:04.300+00:00,1785739024300,BTC-USDT-SWAP,sell,long,4.6,62698.2
2026-08-03T06:37:04.252+00:00,1785739024252,BTC-USDT-SWAP,sell,long,0.35,62698.2
2026-08-03T06:37:04.192+00:00,1785739024192,BTC-USDT-SWAP,sell,long,0.26,62698.2
2026-08-03T06:37:04.180+00:00,1785739024180,BTC-USDT-SWAP,sell,long,1.56,62698.2
2026-08-03T06:37:04.117+00:00,1785739024117,BTC-USDT-SWAP,sell,long,0.34,62698.2
2026-08-03T06:38:25.435+00:00,1785739105435,BTC-USDT-SWAP,sell,long,0.61,62701.4
2026-08-03T06:39:46.586+00:00,1785739186586,BTC-USDT-SWAP,sell,long,0.33,62648.9
2026-08-03T06:39:46.562+00:00,1785739186562,BTC-USDT-SWAP,sell,long,6.11,62648.9
2026-08-03T06:39:46.475+00:00,1785739186475,BTC-USDT-SWAP,sell,long,248.28,62648.9
2026-08-03T06:39:46.425+00:00,1785739186425,BTC-USDT-SWAP,sell,long,0.22,62648.9
2026-08-03T06:39:46.395+00:00,1785739186395,BTC-USDT-SWAP,sell,long,0.18,62648.9
2026-08-03T06:39:46.117+00:00,1785739186117,BTC-USDT-SWAP,sell,long,0.11,62666.8
2026-08-03T06:39:46.100+00:00,1785739186100,BTC-USDT-SWAP,sell,long,1,62666.8
2026-08-03T06:39:45.950+00:00,1785739185950,BTC-USDT-SWAP,sell,long,14.32,62672.1
2026-08-03T06:39:45.942+00:00,1785739185942,BTC-USDT-SWAP,sell,long,2.46,62666.8
2026-08-03T06:39:45.481+00:00,1785739185481,BTC-USDT-SWAP,sell,long,2.16,62674.2
2026-08-03T06:39:45.462+00:00,1785739185462,BTC-USDT-SWAP,sell,long,12.2,62674.2
2026-08-03T06:39:45.439+00:00,1785739185439,BTC-USDT-SWAP,sell,long,0.6,62674.2
2026-08-03T06:39:45.407+00:00,1785739185407,BTC-USDT-SWAP,sell,long,41.61,62674.2
2026-08-03T06:39:45.265+00:00,1785739185265,BTC-USDT-SWAP,sell,long,0.27,62678.9
2026-08-03T06:39:44.883+00:00,1785739184883,BTC-USDT-SWAP,sell,long,6.04,62683.9
2026-08-03T06:39:42.426+00:00,1785739182426,BTC-USDT-SWAP,sell,long,58.3,62685.8
2026-08-03T06:39:42.115+00:00,1785739182115,BTC-USDT-SWAP,sell,long,0.35,62687.9
2026-08-03T06:40:48.301+00:00,1785739248301,BTC-USDT-SWAP,sell,long,0.5,62639.4
2026-08-03T06:40:08.423+00:00,1785739208423,BTC-USDT-SWAP,sell,long,0.06,62645.2
2026-08-03T06:41:10.399+00:00,1785739270399,BTC-USDT-SWAP,sell,long,0.69,62633.2
2026-08-03T06:41:06.900+00:00,1785739266900,BTC-USDT-SWAP,sell,long,0.01,62634.4
2026-08-03T06:41:05.865+00:00,1785739265865,BTC-USDT-SWAP,sell,long,5.71,62635.2
2026-08-03T06:42:46.103+00:00,1785739366103,BTC-USDT-SWAP,sell,long,0.21,62617.7
2026-08-03T06:42:46.085+00:00,1785739366085,BTC-USDT-SWAP,sell,long,0.38,62617.7
2026-08-03T06:42:45.249+00:00,1785739365249,BTC-USDT-SWAP,sell,long,0.68,62620.9
2026-08-03T06:42:45.044+00:00,1785739365044,BTC-USDT-SWAP,sell,long,0.01,62625.1
2026-08-03T06:42:44.984+00:00,1785739364984,BTC-USDT-SWAP,sell,long,4.64,62625.1
2026-08-03T06:45:06.200+00:00,1785739506200,BTC-USDT-SWAP,sell,long,1.99,62593.7
2026-08-03T06:45:04.185+00:00,1785739504185,BTC-USDT-SWAP,sell,long,6.39,62595.7
2026-08-03T06:45:03.886+00:00,1785739503886,BTC-USDT-SWAP,sell,long,0.06,62599.3
2026-08-03T06:45:03.802+00:00,1785739503802,BTC-USDT-SWAP,sell,long,0.18,62602.9
2026-08-03T06:45:03.758+00:00,1785739503758,BTC-USDT-SWAP,sell,long,0.9,62602.9
2026-08-03T06:45:02.310+00:00,1785739502310,BTC-USDT-SWAP,sell,long,0.48,62607.3
2026-08-03T06:44:54.950+00:00,1785739494950,BTC-USDT-SWAP,sell,long,3.37,62607.6
2026-08-03T06:44:54.911+00:00,1785739494911,BTC-USDT-SWAP,sell,long,0.56,62607.6
2026-08-03T06:44:54.490+00:00,1785739494490,BTC-USDT-SWAP,sell,long,0.28,62608.2
2026-08-03T06:44:51.350+00:00,1785739491350,BTC-USDT-SWAP,sell,long,0.65,62611
2026-08-03T06:44:49.902+00:00,1785739489902,BTC-USDT-SWAP,sell,long,42.72,62612.1
2026-08-03T06:44:47.284+00:00,1785739487284,BTC-USDT-SWAP,sell,long,8.22,62612.8
2026-08-03T06:44:47.065+00:00,1785739487065,BTC-USDT-SWAP,sell,long,19.51,62613.2
2026-08-03T06:44:45.835+00:00,1785739485835,BTC-USDT-SWAP,sell,long,0.01,62614.3
2026-08-03T06:44:23.199+00:00,1785739463199,BTC-USDT-SWAP,sell,long,0.27,62616.7
2026-08-03T06:44:20.330+00:00,1785739460330,BTC-USDT-SWAP,sell,long,0.03,62617.2
2026-08-03T06:45:16.606+00:00,1785739516606,BTC-USDT-SWAP,sell,long,7.94,62585.8
2026-08-03T06:45:16.570+00:00,1785739516570,BTC-USDT-SWAP,sell,long,0.01,62585.8
2026-08-03T06:45:16.240+00:00,1785739516240,BTC-USDT-SWAP,sell,long,19.26,62588.1
2026-08-03T06:45:11.860+00:00,1785739511860,BTC-USDT-SWAP,sell,long,5.9,62588.7
2026-08-03T06:45:11.855+00:00,1785739511855,BTC-USDT-SWAP,sell,long,1.69,62588.7
2026-08-03T06:58:36.317+00:00,1785740316317,BTC-USDT-SWAP,sell,long,0.11,62582.5
2026-08-03T07:01:29.878+00:00,1785740489878,BTC-USDT-SWAP,sell,long,0.09,62581.1
2026-08-03T07:01:28.715+00:00,1785740488715,BTC-USDT-SWAP,sell,long,0.7,62581.5
2026-08-03T07:01:09.417+00:00,1785740469417,BTC-USDT-SWAP,sell,long,1.36,62588.6
2026-08-03T07:02:25.053+00:00,1785740545053,BTC-USDT-SWAP,sell,long,0.5,62567.7
2026-08-03T07:02:23.253+00:00,1785740543253,BTC-USDT-SWAP,sell,long,36.36,62568.7
2026-08-03T07:02:23.225+00:00,1785740543225,BTC-USDT-SWAP,sell,long,1.95,62568.7
2026-08-03T07:02:09.895+00:00,1785740529895,BTC-USDT-SWAP,sell,long,0.36,62572.7
2026-08-03T07:02:09.890+00:00,1785740529890,BTC-USDT-SWAP,sell,long,13.04,62572.7
2026-08-03T07:02:09.498+00:00,1785740529498,BTC-USDT-SWAP,sell,long,4.88,62577.4
2026-08-03T07:03:24.221+00:00,1785740604221,BTC-USDT-SWAP,sell,long,0.04,62562.9
2026-08-03T07:03:24.207+00:00,1785740604207,BTC-USDT-SWAP,sell,long,22.58,62562.9
2026-08-03T07:03:23.908+00:00,1785740603908,BTC-USDT-SWAP,sell,long,0.01,62568.4
2026-08-03T07:15:14.669+00:00,1785741314669,BTC-USDT-SWAP,sell,long,0.02,62546
2026-08-03T07:15:14.384+00:00,1785741314384,BTC-USDT-SWAP,sell,long,0.31,62547.6
2026-08-03T07:15:12.622+00:00,1785741312622,BTC-USDT-SWAP,sell,long,8.13,62548.9
2026-08-03T07:15:12.293+00:00,1785741312293,BTC-USDT-SWAP,sell,long,4.92,62549
2026-08-03T07:15:12.284+00:00,1785741312284,BTC-USDT-SWAP,sell,long,0.3,62549
2026-08-03T07:15:11.610+00:00,1785741311610,BTC-USDT-SWAP,sell,long,11.17,62550.7
2026-08-03T07:15:11.586+00:00,1785741311586,BTC-USDT-SWAP,sell,long,0.14,62550.7
2026-08-03T07:15:11.578+00:00,1785741311578,BTC-USDT-SWAP,sell,long,7.99,62550.7
2026-08-03T07:15:11.546+00:00,1785741311546,BTC-USDT-SWAP,sell,long,0.31,62550.7
2026-08-03T07:15:11.530+00:00,1785741311530,BTC-USDT-SWAP,sell,long,0.02,62550.7
2026-08-03T07:15:11.503+00:00,1785741311503,BTC-USDT-SWAP,sell,long,0.09,62550.7
2026-08-03T07:15:11.309+00:00,1785741311309,BTC-USDT-SWAP,sell,long,0.45,62558.7
2026-08-03T07:15:08.044+00:00,1785741308044,BTC-USDT-SWAP,sell,long,0.03,62559.3
2026-08-03T07:15:07.995+00:00,1785741307995,BTC-USDT-SWAP,sell,long,0.02,62559.3
2026-08-03T07:15:07.991+00:00,1785741307991,BTC-USDT-SWAP,sell,long,0.8,62559.3
2026-08-03T07:15:07.932+00:00,1785741307932,BTC-USDT-SWAP,sell,long,1.28,62559.3
2026-08-03T07:15:07.818+00:00,1785741307818,BTC-USDT-SWAP,sell,long,2.3,62561.8
2026-08-03T07:15:02.063+00:00,1785741302063,BTC-USDT-SWAP,sell,long,5,62568.4
2026-08-03T07:14:56.623+00:00,1785741296623,BTC-USDT-SWAP,sell,long,10,62576.9
2026-08-03T07:15:37.209+00:00,1785741337209,BTC-USDT-SWAP,sell,long,11.87,62521.8
2026-08-03T07:15:37.111+00:00,1785741337111,BTC-USDT-SWAP,sell,long,1.1,62521.8
2026-08-03T07:15:36.817+00:00,1785741336817,BTC-USDT-SWAP,sell,long,0.4,62523.5
2026-08-03T07:15:36.804+00:00,1785741336804,BTC-USDT-SWAP,sell,long,0.99,62523.5
2026-08-03T07:15:36.743+00:00,1785741336743,BTC-USDT-SWAP,sell,long,2.63,62523.5
2026-08-03T07:15:36.726+00:00,1785741336726,BTC-USDT-SWAP,sell,long,16.59,62523.5
2026-08-03T07:15:36.723+00:00,1785741336723,BTC-USDT-SWAP,sell,long,0.86,62523.5
2026-08-03T07:15:36.570+00:00,1785741336570,BTC-USDT-SWAP,sell,long,21.92,62523.5
2026-08-03T07:15:36.548+00:00,1785741336548,BTC-USDT-SWAP,sell,long,0.1,62531.8
2026-08-03T07:15:36.281+00:00,1785741336281,BTC-USDT-SWAP,sell,long,0.37,62539.2
2026-08-03T07:15:36.232+00:00,1785741336232,BTC-USDT-SWAP,sell,long,1.58,62540
2026-08-03T07:15:36.232+00:00,1785741336232,BTC-USDT-SWAP,sell,long,3.94,62539.2
2026-08-03T07:15:36.217+00:00,1785741336217,BTC-USDT-SWAP,sell,long,2,62540
2026-08-03T07:15:36.146+00:00,1785741336146,BTC-USDT-SWAP,sell,long,0.29,62540
2026-08-03T07:15:36.131+00:00,1785741336131,BTC-USDT-SWAP,sell,long,2.23,62540
2026-08-03T07:15:36.111+00:00,1785741336111,BTC-USDT-SWAP,sell,long,0.65,62540
2026-08-03T07:15:35.896+00:00,1785741335896,BTC-USDT-SWAP,sell,long,0.48,62544.4
2026-08-03T08:08:41.159+00:00,1785744521159,BTC-USDT-SWAP,sell,long,2.14,62506.1
2026-08-03T08:08:41.049+00:00,1785744521049,BTC-USDT-SWAP,sell,long,3.45,62506.1
2026-08-03T08:08:40.749+00:00,1785744520749,BTC-USDT-SWAP,sell,long,9.86,62506.4
2026-08-03T08:08:40.733+00:00,1785744520733,BTC-USDT-SWAP,sell,long,0.2,62506.4
2026-08-03T08:08:40.672+00:00,1785744520672,BTC-USDT-SWAP,sell,long,0.12,62507.4
2026-08-03T08:08:40.505+00:00,1785744520505,BTC-USDT-SWAP,sell,long,23,62507.4
2026-08-03T08:08:40.455+00:00,1785744520455,BTC-USDT-SWAP,sell,long,11.55,62507.4
2026-08-03T08:08:40.445+00:00,1785744520445,BTC-USDT-SWAP,sell,long,0.02,62512.2
2026-08-03T08:08:40.397+00:00,1785744520397,BTC-USDT-SWAP,sell,long,1.22,62512.2
2026-08-03T08:08:40.216+00:00,1785744520216,BTC-USDT-SWAP,sell,long,10.59,62512.2
2026-08-03T08:08:01.588+00:00,1785744481588,BTC-USDT-SWAP,sell,long,0.52,62558.6
2026-08-03T08:11:51.544+00:00,1785744711544,BTC-USDT-SWAP,sell,long,1.09,62487
2026-08-03T08:11:26.762+00:00,1785744686762,BTC-USDT-SWAP,sell,long,14,62488.7
2026-08-03T08:11:26.654+00:00,1785744686654,BTC-USDT-SWAP,sell,long,0.16,62489.2
2026-08-03T08:11:26.632+00:00,1785744686632,BTC-USDT-SWAP,sell,long,0.05,62488.6
2026-08-03T08:11:26.552+00:00,1785744686552,BTC-USDT-SWAP,sell,long,1.07,62489.2
2026-08-03T08:11:26.525+00:00,1785744686525,BTC-USDT-SWAP,sell,long,1.18,62489.2
2026-08-03T08:11:26.481+00:00,1785744686481,BTC-USDT-SWAP,sell,long,1.51,62489.2
2026-08-03T08:11:26.461+00:00,1785744686461,BTC-USDT-SWAP,sell,long,0.63,62489.2
2026-08-03T08:11:21.526+00:00,1785744681526,BTC-USDT-SWAP,sell,long,0.21,62499.2
2026-08-03T08:11:21.464+00:00,1785744681464,BTC-USDT-SWAP,sell,long,8.43,62499.2
2026-08-03T08:11:09.446+00:00,1785744669446,BTC-USDT-SWAP,sell,long,1.19,62502.2
2026-08-03T08:11:01.809+00:00,1785744661809,BTC-USDT-SWAP,sell,long,17.73,62503.2
2026-08-03T08:11:01.179+00:00,1785744661179,BTC-USDT-SWAP,sell,long,2,62503.6
2026-08-03T08:17:07.164+00:00,1785745027164,BTC-USDT-SWAP,sell,long,0.08,62485.6
2026-08-03T08:17:07.761+00:00,1785745027761,BTC-USDT-SWAP,sell,long,0.01,62481.1
2026-08-03T08:17:07.605+00:00,1785745027605,BTC-USDT-SWAP,sell,long,0.15,62481.9
2026-08-03T08:17:07.598+00:00,1785745027598,BTC-USDT-SWAP,sell,long,1.61,62481.9
2026-08-03T08:17:07.582+00:00,1785745027582,BTC-USDT-SWAP,sell,long,2,62481.9
2026-08-03T08:17:07.561+00:00,1785745027561,BTC-USDT-SWAP,sell,long,7.19,62481.9
2026-08-03T08:17:07.508+00:00,1785745027508,BTC-USDT-SWAP,sell,long,1.45,62481.9
2026-08-03T08:17:07.355+00:00,1785745027355,BTC-USDT-SWAP,sell,long,1.2,62484.3
2026-08-03T08:17:07.207+00:00,1785745027207,BTC-USDT-SWAP,sell,long,0.18,62485.6
2026-08-03T08:18:35.291+00:00,1785745115291,BTC-USDT-SWAP,sell,long,1.49,62465.8
2026-08-03T08:18:35.281+00:00,1785745115281,BTC-USDT-SWAP,sell,long,32.71,62465.8
2026-08-03T08:18:35.016+00:00,1785745115016,BTC-USDT-SWAP,sell,long,0.22,62467.3
2026-08-03T08:18:31.211+00:00,1785745111211,BTC-USDT-SWAP,sell,long,0.78,62468.6
2026-08-03T08:18:29.167+00:00,1785745109167,BTC-USDT-SWAP,sell,long,0.31,62469.3
2026-08-03T08:18:28.164+00:00,1785745108164,BTC-USDT-SWAP,sell,long,12.73,62470.2
2026-08-03T08:18:28.063+00:00,1785745108063,BTC-USDT-SWAP,sell,long,238.28,62470.2
2026-08-03T08:18:28.025+00:00,1785745108025,BTC-USDT-SWAP,sell,long,0.58,62470.2
2026-08-03T08:18:28.014+00:00,1785745108014,BTC-USDT-SWAP,sell,long,0.08,62470.2
2026-08-03T08:18:27.923+00:00,1785745107923,BTC-USDT-SWAP,sell,long,0.88,62474.5
2026-08-03T08:18:27.911+00:00,1785745107911,BTC-USDT-SWAP,sell,long,2.28,62474.5
2026-08-03T08:18:27.770+00:00,1785745107770,BTC-USDT-SWAP,sell,long,1.4,62474.5
2026-08-03T08:18:23.176+00:00,1785745103176,BTC-USDT-SWAP,sell,long,1.26,62476.6
2026-08-03T08:18:23.068+00:00,1785745103068,BTC-USDT-SWAP,sell,long,0.41,62476.6
2026-08-03T08:18:23.060+00:00,1785745103060,BTC-USDT-SWAP,sell,long,0.58,62476.6
2026-08-03T08:19:59.862+00:00,1785745199862,BTC-USDT-SWAP,sell,long,7.74,62457
2026-08-03T08:19:59.478+00:00,1785745199478,BTC-USDT-SWAP,sell,long,1.7,62457.6
2026-08-03T08:19:58.628+00:00,1785745198628,BTC-USDT-SWAP,sell,long,0.96,62459.5
2026-08-03T08:19:58.510+00:00,1785745198510,BTC-USDT-SWAP,sell,long,2.2,62461.4
2026-08-03T08:19:58.492+00:00,1785745198492,BTC-USDT-SWAP,sell,long,3,62461.4
2026-08-03T08:19:58.402+00:00,1785745198402,BTC-USDT-SWAP,sell,long,1.63,62461.4
2026-08-03T08:19:58.392+00:00,1785745198392,BTC-USDT-SWAP,sell,long,0.8,62461.4
2026-08-03T08:21:11.174+00:00,1785745271174,BTC-USDT-SWAP,sell,long,0.25,62423.4
2026-08-03T08:21:10.812+00:00,1785745270812,BTC-USDT-SWAP,sell,long,12.8,62424.5
2026-08-03T08:21:10.788+00:00,1785745270788,BTC-USDT-SWAP,sell,long,28.05,62424.5
2026-08-03T08:21:10.724+00:00,1785745270724,BTC-USDT-SWAP,sell,long,0.8,62424.5
2026-08-03T08:21:10.655+00:00,1785745270655,BTC-USDT-SWAP,sell,long,0.05,62429.4
2026-08-03T08:21:10.655+00:00,1785745270655,BTC-USDT-SWAP,sell,long,3.42,62429.4
2026-08-03T08:21:10.654+00:00,1785745270654,BTC-USDT-SWAP,sell,long,0.35,62429.4
2026-08-03T08:21:10.623+00:00,1785745270623,BTC-USDT-SWAP,sell,long,0.09,62429.4
2026-08-03T08:21:10.487+00:00,1785745270487,BTC-USDT-SWAP,sell,long,2.47,62429.4
2026-08-03T08:21:10.477+00:00,1785745270477,BTC-USDT-SWAP,sell,long,1.51,62429.4
2026-08-03T08:21:10.377+00:00,1785745270377,BTC-USDT-SWAP,sell,long,1.87,62433.5
2026-08-03T08:21:10.220+00:00,1785745270220,BTC-USDT-SWAP,sell,long,2.01,62434
2026-08-03T08:21:09.711+00:00,1785745269711,BTC-USDT-SWAP,sell,long,0.31,62434.4
2026-08-03T08:21:09.248+00:00,1785745269248,BTC-USDT-SWAP,sell,long,22.25,62434.8
2026-08-03T08:21:08.624+00:00,1785745268624,BTC-USDT-SWAP,sell,long,29.78,62435.1
2026-08-03T08:21:08.616+00:00,1785745268616,BTC-USDT-SWAP,sell,long,6.77,62435.1
2026-08-03T08:21:08.586+00:00,1785745268586,BTC-USDT-SWAP,sell,long,0.36,62435
2026-08-03T08:21:08.537+00:00,1785745268537,BTC-USDT-SWAP,sell,long,0.08,62435.1
2026-08-03T08:21:08.414+00:00,1785745268414,BTC-USDT-SWAP,sell,long,4.61,62437
2026-08-03T08:21:08.236+00:00,1785745268236,BTC-USDT-SWAP,sell,long,1.7,62437.7
2026-08-03T08:21:08.187+00:00,1785745268187,BTC-USDT-SWAP,sell,long,2.94,62437.7
2026-08-03T08:21:08.187+00:00,1785745268187,BTC-USDT-SWAP,sell,long,1.31,62437.7
2026-08-03T08:21:08.173+00:00,1785745268173,BTC-USDT-SWAP,sell,long,1.94,62437.7
2026-08-03T08:21:08.171+00:00,1785745268171,BTC-USDT-SWAP,sell,long,11.88,62437.7
2026-08-03T08:21:08.133+00:00,1785745268133,BTC-USDT-SWAP,sell,long,3.08,62437.7
2026-08-03T08:21:08.110+00:00,1785745268110,BTC-USDT-SWAP,sell,long,5.01,62437.7
2026-08-03T08:21:08.039+00:00,1785745268039,BTC-USDT-SWAP,sell,long,0.08,62449.3
2026-08-03T08:20:32.201+00:00,1785745232201,BTC-USDT-SWAP,sell,long,1.58,62450.2
2026-08-03T08:20:32.192+00:00,1785745232192,BTC-USDT-SWAP,sell,long,3.04,62450.2
2026-08-03T08:20:32.097+00:00,1785745232097,BTC-USDT-SWAP,sell,long,60,62450.2
2026-08-03T08:20:31.778+00:00,1785745231778,BTC-USDT-SWAP,sell,long,1.16,62451.6
2026-08-03T08:20:31.576+00:00,1785745231576,BTC-USDT-SWAP,sell,long,0.3,62452.1
2026-08-03T08:20:31.494+00:00,1785745231494,BTC-USDT-SWAP,sell,long,11.2,62452.1
2026-08-03T08:20:31.488+00:00,1785745231488,BTC-USDT-SWAP,sell,long,15.26,62452.1
2026-08-03T08:20:31.437+00:00,1785745231437,BTC-USDT-SWAP,sell,long,3,62452.1
2026-08-03T08:20:31.430+00:00,1785745231430,BTC-USDT-SWAP,sell,long,3.18,62455.4
2026-08-03T08:20:31.426+00:00,1785745231426,BTC-USDT-SWAP,sell,long,2.92,62455.4
2026-08-03T08:20:31.309+00:00,1785745231309,BTC-USDT-SWAP,sell,long,0.01,62455.4
2026-08-03T08:20:31.236+00:00,1785745231236,BTC-USDT-SWAP,sell,long,0.22,62455.4
2026-08-03T08:22:19.934+00:00,1785745339934,BTC-USDT-SWAP,sell,long,20,62317.3
2026-08-03T08:22:19.840+00:00,1785745339840,BTC-USDT-SWAP,sell,long,2.04,62317.3
2026-08-03T08:22:19.775+00:00,1785745339775,BTC-USDT-SWAP,sell,long,1.68,62317.3
2026-08-03T08:22:19.505+00:00,1785745339505,BTC-USDT-SWAP,sell,long,2.26,62319.3
2026-08-03T08:22:19.362+00:00,1785745339362,BTC-USDT-SWAP,sell,long,2.43,62320.7
2026-08-03T08:22:19.268+00:00,1785745339268,BTC-USDT-SWAP,sell,long,3,62320.7
2026-08-03T08:22:19.215+00:00,1785745339215,BTC-USDT-SWAP,sell,long,2.73,62320.7
2026-08-03T08:22:19.184+00:00,1785745339184,BTC-USDT-SWAP,sell,long,1.59,62320.7
2026-08-03T08:22:18.983+00:00,1785745338983,BTC-USDT-SWAP,sell,long,3,62327.1
2026-08-03T08:22:18.949+00:00,1785745338949,BTC-USDT-SWAP,sell,long,13.71,62328.9
2026-08-03T08:22:18.905+00:00,1785745338905,BTC-USDT-SWAP,sell,long,63.06,62328.9
2026-08-03T08:22:18.848+00:00,1785745338848,BTC-USDT-SWAP,sell,long,0.19,62328.9
2026-08-03T08:22:18.444+00:00,1785745338444,BTC-USDT-SWAP,sell,long,2.94,62332.8
2026-08-03T08:22:05.798+00:00,1785745325798,BTC-USDT-SWAP,sell,long,632.11,62337
2026-08-03T08:22:05.202+00:00,1785745325202,BTC-USDT-SWAP,sell,long,0.34,62337.2
2026-08-03T08:21:47.297+00:00,1785745307297,BTC-USDT-SWAP,sell,long,2,62341.3
2026-08-03T08:21:47.281+00:00,1785745307281,BTC-USDT-SWAP,sell,long,7,62341.3
2026-08-03T08:21:47.262+00:00,1785745307262,BTC-USDT-SWAP,sell,long,5.32,62341.3
2026-08-03T08:21:47.243+00:00,1785745307243,BTC-USDT-SWAP,sell,long,2.31,62341.3
2026-08-03T08:21:47.193+00:00,1785745307193,BTC-USDT-SWAP,sell,long,0.09,62341.3
2026-08-03T08:21:46.642+00:00,1785745306642,BTC-USDT-SWAP,sell,long,0.32,62346
2026-08-03T08:21:46.573+00:00,1785745306573,BTC-USDT-SWAP,sell,long,0.44,62346
2026-08-03T08:21:45.233+00:00,1785745305233,BTC-USDT-SWAP,sell,long,50.42,62348.7
2026-08-03T08:21:45.232+00:00,1785745305232,BTC-USDT-SWAP,sell,long,0.01,62348.7
2026-08-03T08:21:45.166+00:00,1785745305166,BTC-USDT-SWAP,sell,long,0.36,62348.7
2026-08-03T08:21:44.814+00:00,1785745304814,BTC-USDT-SWAP,sell,long,89.18,62352.7
2026-08-03T08:21:44.219+00:00,1785745304219,BTC-USDT-SWAP,sell,long,5,62353.1
2026-08-03T08:21:43.640+00:00,1785745303640,BTC-USDT-SWAP,sell,long,0.63,62352.9
2026-08-03T08:21:43.626+00:00,1785745303626,BTC-USDT-SWAP,sell,long,8.45,62352.9
2026-08-03T08:21:43.584+00:00,1785745303584,BTC-USDT-SWAP,sell,long,0.44,62352.9
2026-08-03T08:21:43.435+00:00,1785745303435,BTC-USDT-SWAP,sell,long,1,62356.7
2026-08-03T08:21:43.417+00:00,1785745303417,BTC-USDT-SWAP,sell,long,0.36,62356.7
2026-08-03T08:21:43.382+00:00,1785745303382,BTC-USDT-SWAP,sell,long,50.78,62356.7
2026-08-03T08:21:43.083+00:00,1785745303083,BTC-USDT-SWAP,sell,long,2.34,62362.2
2026-08-03T08:21:42.987+00:00,1785745302987,BTC-USDT-SWAP,sell,long,0.61,62362.8
2026-08-03T08:21:42.411+00:00,1785745302411,BTC-USDT-SWAP,sell,long,8.5,62366.9
2026-08-03T08:21:42.061+00:00,1785745302061,BTC-USDT-SWAP,sell,long,0.61,62367.2
2026-08-03T08:21:41.914+00:00,1785745301914,BTC-USDT-SWAP,sell,long,1.64,62367.2
2026-08-03T08:21:41.364+00:00,1785745301364,BTC-USDT-SWAP,sell,long,1.95,62371.4
2026-08-03T08:21:41.319+00:00,1785745301319,BTC-USDT-SWAP,sell,long,27.53,62371.4
2026-08-03T08:21:41.026+00:00,1785745301026,BTC-USDT-SWAP,sell,long,0.47,62373.4
2026-08-03T08:21:40.789+00:00,1785745300789,BTC-USDT-SWAP,sell,long,100,62379.5
2026-08-03T08:21:36.872+00:00,1785745296872,BTC-USDT-SWAP,sell,long,0.03,62380.2
2026-08-03T08:21:30.402+00:00,1785745290402,BTC-USDT-SWAP,sell,long,0.26,62376.3
2026-08-03T08:21:30.024+00:00,1785745290024,BTC-USDT-SWAP,sell,long,4,62377
2026-08-03T08:21:29.786+00:00,1785745289786,BTC-USDT-SWAP,sell,long,0.01,62378.2
2026-08-03T08:21:29.558+00:00,1785745289558,BTC-USDT-SWAP,sell,long,40.9,62379.2
2026-08-03T08:21:29.556+00:00,1785745289556,BTC-USDT-SWAP,sell,long,11.28,62379.2
2026-08-03T08:21:29.456+00:00,1785745289456,BTC-USDT-SWAP,sell,long,0.33,62379.2
2026-08-03T08:21:29.396+00:00,1785745289396,BTC-USDT-SWAP,sell,long,10,62383.5
2026-08-03T08:21:29.356+00:00,1785745289356,BTC-USDT-SWAP,sell,long,0.2,62383.5
2026-08-03T08:21:29.345+00:00,1785745289345,BTC-USDT-SWAP,sell,long,6.14,62383.5
2026-08-03T08:21:29.135+00:00,1785745289135,BTC-USDT-SWAP,sell,long,11.64,62386.7
2026-08-03T08:21:29.127+00:00,1785745289127,BTC-USDT-SWAP,sell,long,1.32,62386.7
2026-08-03T08:21:29.087+00:00,1785745289087,BTC-USDT-SWAP,sell,long,31.29,62386.7
2026-08-03T08:21:29.085+00:00,1785745289085,BTC-USDT-SWAP,sell,long,3.02,62386.7
2026-08-03T08:21:29.078+00:00,1785745289078,BTC-USDT-SWAP,sell,long,0.3,62386.7
2026-08-03T08:21:28.834+00:00,1785745288834,BTC-USDT-SWAP,sell,long,2.93,62392.5
2026-08-03T08:21:28.736+00:00,1785745288736,BTC-USDT-SWAP,sell,long,8.1,62392.5
2026-08-03T08:21:28.706+00:00,1785745288706,BTC-USDT-SWAP,sell,long,0.32,62392.5
2026-08-03T08:21:28.680+00:00,1785745288680,BTC-USDT-SWAP,sell,long,0.76,62392.5
2026-08-03T08:21:28.287+00:00,1785745288287,BTC-USDT-SWAP,sell,long,0.64,62412.2
2026-08-03T08:21:27.682+00:00,1785745287682,BTC-USDT-SWAP,sell,long,2.06,62412.4
2026-08-03T08:21:21.594+00:00,1785745281594,BTC-USDT-SWAP,sell,long,1.53,62412.7
2026-08-03T08:21:21.565+00:00,1785745281565,BTC-USDT-SWAP,sell,long,6.89,62412.7
2026-08-03T08:21:21.464+00:00,1785745281464,BTC-USDT-SWAP,sell,long,0.34,62412.7
2026-08-03T08:21:21.463+00:00,1785745281463,BTC-USDT-SWAP,sell,long,0.01,62412.7
2026-08-03T08:21:20.692+00:00,1785745280692,BTC-USDT-SWAP,sell,long,0.01,62417.7
2026-08-03T08:21:20.654+00:00,1785745280654,BTC-USDT-SWAP,sell,long,1.59,62417.7
2026-08-03T08:21:20.492+00:00,1785745280492,BTC-USDT-SWAP,sell,long,0.39,62419
2026-08-03T08:21:20.492+00:00,1785745280492,BTC-USDT-SWAP,sell,long,0.31,62419
2026-08-03T08:21:20.461+00:00,1785745280461,BTC-USDT-SWAP,sell,long,0.87,62419
2026-08-03T08:21:20.459+00:00,1785745280459,BTC-USDT-SWAP,sell,long,0.19,62419
2026-08-03T08:22:30.757+00:00,1785745350757,BTC-USDT-SWAP,sell,long,0.84,62300.1
2026-08-03T08:22:30.337+00:00,1785745350337,BTC-USDT-SWAP,sell,long,2.27,62301.7
2026-08-03T08:22:29.645+00:00,1785745349645,BTC-USDT-SWAP,sell,long,0.02,62302.9
2026-08-03T08:22:29.588+00:00,1785745349588,BTC-USDT-SWAP,sell,long,0.34,62302.9
2026-08-03T08:22:29.577+00:00,1785745349577,BTC-USDT-SWAP,sell,long,0.99,62302.9
2026-08-03T08:22:29.571+00:00,1785745349571,BTC-USDT-SWAP,sell,long,0.43,62302.9
2026-08-03T08:22:29.554+00:00,1785745349554,BTC-USDT-SWAP,sell,long,0.2,62302.9
2026-08-03T08:22:29.532+00:00,1785745349532,BTC-USDT-SWAP,sell,long,8.36,62302.9
2026-08-03T08:22:29.437+00:00,1785745349437,BTC-USDT-SWAP,sell,long,4.07,62306.4
2026-08-03T08:22:29.305+00:00,1785745349305,BTC-USDT-SWAP,sell,long,0.05,62306.4
2026-08-03T08:22:29.216+00:00,1785745349216,BTC-USDT-SWAP,sell,long,7.27,62308.3
2026-08-03T08:22:29.152+00:00,1785745349152,BTC-USDT-SWAP,sell,long,0.17,62308.3
2026-08-03T08:22:29.093+00:00,1785745349093,BTC-USDT-SWAP,sell,long,0.97,62308.3
2026-08-03T08:22:29.085+00:00,1785745349085,BTC-USDT-SWAP,sell,long,4.19,62308.3
2026-08-03T08:22:28.899+00:00,1785745348899,BTC-USDT-SWAP,sell,long,116.34,62311.4
2026-08-03T08:22:28.195+00:00,1785745348195,BTC-USDT-SWAP,sell,long,0.8,62313.1
2026-08-03T08:22:27.942+00:00,1785745347942,BTC-USDT-SWAP,sell,long,1.55,62313.8
2026-08-03T08:22:27.723+00:00,1785745347723,BTC-USDT-SWAP,sell,long,27.52,62314.7
2026-08-03T08:27:15.605+00:00,1785745635605,BTC-USDT-SWAP,sell,long,5.76,62293.4
2026-08-03T08:27:15.492+00:00,1785745635492,BTC-USDT-SWAP,sell,long,0.47,62293.6
2026-08-03T08:27:15.242+00:00,1785745635242,BTC-USDT-SWAP,sell,long,0.14,62294.9
2026-08-03T08:27:15.192+00:00,1785745635192,BTC-USDT-SWAP,sell,long,1.61,62294.9
2026-08-03T08:27:13.584+00:00,1785745633584,BTC-USDT-SWAP,sell,long,2.11,62297.1
2026-08-03T08:27:13.578+00:00,1785745633578,BTC-USDT-SWAP,sell,long,0.31,62297.1
2026-08-03T08:27:13.202+00:00,1785745633202,BTC-USDT-SWAP,sell,long,4.62,62298.8
2026-08-03T08:27:13.064+00:00,1785745633064,BTC-USDT-SWAP,sell,long,6.24,62298.8
2026-08-03T08:27:12.087+00:00,1785745632087,BTC-USDT-SWAP,sell,long,50,62306.8
2026-08-03T08:27:11.861+00:00,1785745631861,BTC-USDT-SWAP,sell,long,12.42,62311.8
2026-08-03T08:30:05.245+00:00,1785745805245,BTC-USDT-SWAP,sell,long,29.67,62280.5
2026-08-03T08:30:05.204+00:00,1785745805204,BTC-USDT-SWAP,sell,long,0.37,62280.5
2026-08-03T08:30:05.182+00:00,1785745805182,BTC-USDT-SWAP,sell,long,5.81,62280.5
2026-08-03T08:30:05.175+00:00,1785745805175,BTC-USDT-SWAP,sell,long,0.05,62280.5
2026-08-03T08:30:05.136+00:00,1785745805136,BTC-USDT-SWAP,sell,long,0.31,62280.5
2026-08-03T08:30:04.845+00:00,1785745804845,BTC-USDT-SWAP,sell,long,26.64,62283.1
2026-08-03T08:30:04.792+00:00,1785745804792,BTC-USDT-SWAP,sell,long,1.51,62283.1
2026-08-03T08:30:04.786+00:00,1785745804786,BTC-USDT-SWAP,sell,long,0.34,62283.1
2026-08-03T08:30:04.786+00:00,1785745804786,BTC-USDT-SWAP,sell,long,0.11,62283.1
2026-08-03T08:30:04.774+00:00,1785745804774,BTC-USDT-SWAP,sell,long,0.42,62283.1
2026-08-03T08:30:04.730+00:00,1785745804730,BTC-USDT-SWAP,sell,long,5,62283.1
2026-08-03T08:30:04.700+00:00,1785745804700,BTC-USDT-SWAP,sell,long,3.05,62283.1
2026-08-03T08:30:04.466+00:00,1785745804466,BTC-USDT-SWAP,sell,long,2,62292.7
2026-08-03T08:30:04.411+00:00,1785745804411,BTC-USDT-SWAP,sell,long,5.9,62293
2026-08-03T08:30:04.330+00:00,1785745804330,BTC-USDT-SWAP,sell,long,33.42,62293
2026-08-03T08:30:04.165+00:00,1785745804165,BTC-USDT-SWAP,sell,long,1,62293.3
2026-08-03T08:30:04.092+00:00,1785745804092,BTC-USDT-SWAP,sell,long,2.02,62293.3
2026-08-03T08:32:33.527+00:00,1785745953527,BTC-USDT-SWAP,sell,long,1.88,62267.5
2026-08-03T08:32:33.439+00:00,1785745953439,BTC-USDT-SWAP,sell,long,0.34,62267.5
2026-08-03T08:32:33.438+00:00,1785745953438,BTC-USDT-SWAP,sell,long,0.66,62267.5
2026-08-03T08:32:33.421+00:00,1785745953421,BTC-USDT-SWAP,sell,long,0.48,62267.5
2026-08-03T08:32:33.353+00:00,1785745953353,BTC-USDT-SWAP,sell,long,14,62267.5
2026-08-03T08:32:33.346+00:00,1785745953346,BTC-USDT-SWAP,sell,long,0.72,62267.5
2026-08-03T08:32:33.341+00:00,1785745953341,BTC-USDT-SWAP,sell,long,1.43,62267.5
2026-08-03T08:32:33.332+00:00,1785745953332,BTC-USDT-SWAP,sell,long,0.32,62267.5
2026-08-03T08:32:33.330+00:00,1785745953330,BTC-USDT-SWAP,sell,long,0.82,62267.5
2026-08-03T08:32:33.318+00:00,1785745953318,BTC-USDT-SWAP,sell,long,15,62267.5
2026-08-03T08:32:33.301+00:00,1785745953301,BTC-USDT-SWAP,sell,long,4.5,62267.5
2026-08-03T08:32:33.297+00:00,1785745953297,BTC-USDT-SWAP,sell,long,46,62267.5
2026-08-03T08:32:33.268+00:00,1785745953268,BTC-USDT-SWAP,sell,long,10,62277.3
2026-08-03T08:32:33.130+00:00,1785745953130,BTC-USDT-SWAP,sell,long,0.28,62277.3
2026-08-03T08:34:30.016+00:00,1785746070016,BTC-USDT-SWAP,sell,long,13.47,62267
2026-08-03T08:34:29.879+00:00,1785746069879,BTC-USDT-SWAP,sell,long,0.61,62267
2026-08-03T09:20:57.679+00:00,1785748857679,BTC-USDT-SWAP,buy,short,1.83,62612.9
2026-08-03T09:22:42.264+00:00,1785748962264,BTC-USDT-SWAP,buy,short,3.24,62637.7
2026-08-03T09:24:38.587+00:00,1785749078587,BTC-USDT-SWAP,sell,long,0.05,62616.9
2026-08-03T09:34:14.477+00:00,1785749654477,BTC-USDT-SWAP,buy,short,0.32,62672.9
2026-08-03T09:34:14.365+00:00,1785749654365,BTC-USDT-SWAP,buy,short,215,62673.3
2026-08-03T09:34:14.358+00:00,1785749654358,BTC-USDT-SWAP,buy,short,0.69,62673.3
2026-08-03T09:34:14.347+00:00,1785749654347,BTC-USDT-SWAP,buy,short,2.26,62673.3
2026-08-03T09:33:56.450+00:00,1785749636450,BTC-USDT-SWAP,buy,short,7.62,62653.7
2026-08-03T09:33:56.319+00:00,1785749636319,BTC-USDT-SWAP,buy,short,1.92,62652.3
2026-08-03T09:33:56.254+00:00,1785749636254,BTC-USDT-SWAP,buy,short,3.46,62652.3
2026-08-03T09:46:35.159+00:00,1785750395159,BTC-USDT-SWAP,buy,short,0.03,62718.9
2026-08-03T09:46:35.138+00:00,1785750395138,BTC-USDT-SWAP,buy,short,0.01,62718.9
2026-08-03T09:46:20.043+00:00,1785750380043,BTC-USDT-SWAP,buy,short,23.41,62694
2026-08-03T09:46:19.911+00:00,1785750379911,BTC-USDT-SWAP,buy,short,0.11,62694
2026-08-03T09:46:18.442+00:00,1785750378442,BTC-USDT-SWAP,buy,short,6.9,62680.4
2026-08-03T09:46:17.334+00:00,1785750377334,BTC-USDT-SWAP,buy,short,0.86,62677.4
2026-08-03T09:50:38.919+00:00,1785750638919,BTC-USDT-SWAP,buy,short,4.06,62719.9
2026-08-03T09:56:08.484+00:00,1785750968484,BTC-USDT-SWAP,buy,short,0.74,62779.4
2026-08-03T09:55:59.966+00:00,1785750959966,BTC-USDT-SWAP,buy,short,46.89,62767.7
2026-08-03T09:55:55.673+00:00,1785750955673,BTC-USDT-SWAP,buy,short,1.56,62765.4
2026-08-03T09:55:51.555+00:00,1785750951555,BTC-USDT-SWAP,buy,short,0.04,62757
2026-08-03T09:55:24.473+00:00,1785750924473,BTC-USDT-SWAP,buy,short,1.53,62746.3
2026-08-03T09:57:14.237+00:00,1785751034237,BTC-USDT-SWAP,buy,short,0.34,62837.4
2026-08-03T09:57:14.205+00:00,1785751034205,BTC-USDT-SWAP,buy,short,42.71,62837.4
2026-08-03T09:57:14.024+00:00,1785751034024,BTC-USDT-SWAP,buy,short,5.13,62837.4
2026-08-03T09:57:13.673+00:00,1785751033673,BTC-USDT-SWAP,buy,short,1.4,62834.5
2026-08-03T09:57:13.299+00:00,1785751033299,BTC-USDT-SWAP,buy,short,1.45,62832.9
2026-08-03T09:57:12.741+00:00,1785751032741,BTC-USDT-SWAP,buy,short,2.68,62821
2026-08-03T09:57:12.279+00:00,1785751032279,BTC-USDT-SWAP,buy,short,0.1,62815.2
2026-08-03T09:57:10.453+00:00,1785751030453,BTC-USDT-SWAP,buy,short,0.12,62812.4
2026-08-03T09:57:10.297+00:00,1785751030297,BTC-USDT-SWAP,buy,short,8.33,62812.4
2026-08-03T09:57:09.422+00:00,1785751029422,BTC-USDT-SWAP,buy,short,0.36,62801.4
2026-08-03T09:56:23.230+00:00,1785750983230,BTC-USDT-SWAP,buy,short,0.2,62785.6
2026-08-03T11:29:33.078+00:00,1785756573078,BTC-USDT-SWAP,sell,long,100,62681
2026-08-03T11:38:35.421+00:00,1785757115421,BTC-USDT-SWAP,sell,long,0.01,62721
2026-08-03T12:06:09.181+00:00,1785758769181,BTC-USDT-SWAP,sell,long,0.18,62479.9
2026-08-03T12:05:54.500+00:00,1785758754500,BTC-USDT-SWAP,sell,long,0.02,62481.7
2026-08-03T12:07:25.920+00:00,1785758845920,BTC-USDT-SWAP,sell,long,0.38,62443.9
2026-08-03T12:06:49.872+00:00,1785758809872,BTC-USDT-SWAP,sell,long,6.32,62458.9
2026-08-03T12:06:46.946+00:00,1785758806946,BTC-USDT-SWAP,sell,long,5.92,62465.4
2026-08-03T12:06:42.870+00:00,1785758802870,BTC-USDT-SWAP,sell,long,4.48,62470
2026-08-03T12:08:26.128+00:00,1785758906128,BTC-USDT-SWAP,sell,long,7.54,62411
2026-08-03T12:08:25.930+00:00,1785758905930,BTC-USDT-SWAP,sell,long,0.73,62412.9
2026-08-03T12:08:25.877+00:00,1785758905877,BTC-USDT-SWAP,sell,long,4.43,62412.9
2026-08-03T12:08:25.863+00:00,1785758905863,BTC-USDT-SWAP,sell,long,3.68,62412.9
2026-08-03T12:08:25.809+00:00,1785758905809,BTC-USDT-SWAP,sell,long,1.53,62412.9
2026-08-03T12:08:25.790+00:00,1785758905790,BTC-USDT-SWAP,sell,long,5.62,62421.7
2026-08-03T12:08:25.073+00:00,1785758905073,BTC-USDT-SWAP,sell,long,0.02,62423.6
2026-08-03T12:08:24.538+00:00,1785758904538,BTC-USDT-SWAP,sell,long,1.29,62428.8
2026-08-03T12:08:22.720+00:00,1785758902720,BTC-USDT-SWAP,sell,long,4.51,62431.7
2026-08-03T12:08:22.523+00:00,1785758902523,BTC-USDT-SWAP,sell,long,2,62431.8
2026-08-03T12:08:11.083+00:00,1785758891083,BTC-USDT-SWAP,sell,long,3.71,62439.6
2026-08-03T13:17:04.350+00:00,1785763024350,BTC-USDT-SWAP,buy,short,0.39,62775.1
2026-08-03T13:17:11.339+00:00,1785763031339,BTC-USDT-SWAP,buy,short,0.14,62785
2026-08-03T13:19:13.889+00:00,1785763153889,BTC-USDT-SWAP,buy,short,0.52,62920.5
2026-08-03T13:19:13.884+00:00,1785763153884,BTC-USDT-SWAP,buy,short,1.18,62920.5
2026-08-03T13:19:11.718+00:00,1785763151718,BTC-USDT-SWAP,buy,short,1.77,62912.9
2026-08-03T13:19:11.332+00:00,1785763151332,BTC-USDT-SWAP,buy,short,2.69,62902.4
2026-08-03T13:19:11.328+00:00,1785763151328,BTC-USDT-SWAP,buy,short,0.45,62902.4
2026-08-03T13:19:11.021+00:00,1785763151021,BTC-USDT-SWAP,buy,short,5.07,62897.8
2026-08-03T13:18:35.898+00:00,1785763115898,BTC-USDT-SWAP,buy,short,12.7,62893.9
2026-08-03T13:18:35.219+00:00,1785763115219,BTC-USDT-SWAP,buy,short,1.13,62881.2
2026-08-03T13:18:34.908+00:00,1785763114908,BTC-USDT-SWAP,buy,short,1.4,62880.3
2026-08-03T13:18:34.669+00:00,1785763114669,BTC-USDT-SWAP,buy,short,0.18,62866.3
2026-08-03T13:18:34.637+00:00,1785763114637,BTC-USDT-SWAP,buy,short,0.3,62866.3
2026-08-03T13:18:34.598+00:00,1785763114598,BTC-USDT-SWAP,buy,short,2.22,62866.3
2026-08-03T13:18:34.584+00:00,1785763114584,BTC-USDT-SWAP,buy,short,1.52,62866.3
2026-08-03T13:18:34.569+00:00,1785763114569,BTC-USDT-SWAP,buy,short,2.55,62866.3
2026-08-03T13:18:34.393+00:00,1785763114393,BTC-USDT-SWAP,buy,short,0.8,62833.8
2026-08-03T13:18:27.031+00:00,1785763107031,BTC-USDT-SWAP,buy,short,1.66,62825.1
2026-08-03T13:20:07.940+00:00,1785763207940,BTC-USDT-SWAP,buy,short,123.77,62977.6
2026-08-03T13:20:06.827+00:00,1785763206827,BTC-USDT-SWAP,buy,short,4.2,62973
2026-08-03T13:20:06.725+00:00,1785763206725,BTC-USDT-SWAP,buy,short,0.01,62972.1
2026-08-03T13:20:06.716+00:00,1785763206716,BTC-USDT-SWAP,buy,short,1.06,62972.1
2026-08-03T13:20:06.601+00:00,1785763206601,BTC-USDT-SWAP,buy,short,7.21,62972.1
2026-08-03T13:20:06.560+00:00,1785763206560,BTC-USDT-SWAP,buy,short,0.02,62972.1
2026-08-03T13:20:06.427+00:00,1785763206427,BTC-USDT-SWAP,buy,short,2.27,62966.2
2026-08-03T13:20:05.448+00:00,1785763205448,BTC-USDT-SWAP,buy,short,0.07,62963.1
2026-08-03T13:20:05.446+00:00,1785763205446,BTC-USDT-SWAP,buy,short,6.78,62963.1
2026-08-03T13:20:05.445+00:00,1785763205445,BTC-USDT-SWAP,buy,short,0.2,62963.1
2026-08-03T13:20:05.441+00:00,1785763205441,BTC-USDT-SWAP,buy,short,4.51,62963.1
2026-08-03T13:20:05.412+00:00,1785763205412,BTC-USDT-SWAP,buy,short,0.01,62963.1
2026-08-03T13:20:04.379+00:00,1785763204379,BTC-USDT-SWAP,buy,short,11.72,62955
2026-08-03T13:20:04.377+00:00,1785763204377,BTC-USDT-SWAP,buy,short,4.59,62955
2026-08-03T13:20:04.328+00:00,1785763204328,BTC-USDT-SWAP,buy,short,0.76,62955
2026-08-03T13:20:04.219+00:00,1785763204219,BTC-USDT-SWAP,buy,short,0.01,62955
2026-08-03T13:20:04.197+00:00,1785763204197,BTC-USDT-SWAP,buy,short,2.91,62955
2026-08-03T13:20:04.007+00:00,1785763204007,BTC-USDT-SWAP,buy,short,1.14,62949.1
2026-08-03T13:19:36.129+00:00,1785763176129,BTC-USDT-SWAP,buy,short,0.22,62946.9
2026-08-03T13:19:36.122+00:00,1785763176122,BTC-USDT-SWAP,buy,short,0.15,62946.2
2026-08-03T13:19:36.107+00:00,1785763176107,BTC-USDT-SWAP,buy,short,0.45,62946.9
2026-08-03T13:19:36.005+00:00,1785763176005,BTC-USDT-SWAP,buy,short,1.25,62941.3
2026-08-03T13:19:36.003+00:00,1785763176003,BTC-USDT-SWAP,buy,short,1.9,62946.9
2026-08-03T13:19:35.947+00:00,1785763175947,BTC-USDT-SWAP,buy,short,0.74,62946.9
2026-08-03T13:19:35.913+00:00,1785763175913,BTC-USDT-SWAP,buy,short,0.22,62941.3
2026-08-03T13:19:35.820+00:00,1785763175820,BTC-USDT-SWAP,buy,short,67.21,62941.3
2026-08-03T13:30:44.121+00:00,1785763844121,BTC-USDT-SWAP,sell,long,1.5,62715.3
2026-08-03T13:31:39.013+00:00,1785763899013,BTC-USDT-SWAP,sell,long,1.12,62603.3
2026-08-03T13:31:33.909+00:00,1785763893909,BTC-USDT-SWAP,sell,long,3.48,62576.1
2026-08-03T13:31:33.568+00:00,1785763893568,BTC-USDT-SWAP,sell,long,2.53,62582.9
2026-08-03T13:31:31.620+00:00,1785763891620,BTC-USDT-SWAP,sell,long,1.46,62600.2
2026-08-03T13:31:31.043+00:00,1785763891043,BTC-USDT-SWAP,sell,long,0.09,62606.9
2026-08-03T13:31:30.919+00:00,1785763890919,BTC-USDT-SWAP,sell,long,4.54,62606.9
2026-08-03T13:31:29.203+00:00,1785763889203,BTC-USDT-SWAP,sell,long,3.21,62618.2
2026-08-03T13:30:49.774+00:00,1785763849774,BTC-USDT-SWAP,sell,long,3,62687.2
2026-08-03T13:32:46.096+00:00,1785763966096,BTC-USDT-SWAP,sell,long,2.38,62547.1
2026-08-03T13:32:45.800+00:00,1785763965800,BTC-USDT-SWAP,sell,long,0.49,62549.6
2026-08-03T13:32:08.526+00:00,1785763928526,BTC-USDT-SWAP,sell,long,0.74,62554
2026-08-03T13:32:06.708+00:00,1785763926708,BTC-USDT-SWAP,sell,long,2.21,62567.3
2026-08-03T13:32:06.695+00:00,1785763926695,BTC-USDT-SWAP,sell,long,1.56,62567.3
2026-08-03T13:31:55.140+00:00,1785763915140,BTC-USDT-SWAP,sell,long,0.48,62573.8
2026-08-03T13:34:30.193+00:00,1785764070193,BTC-USDT-SWAP,buy,short,3.3,62688.3
2026-08-03T13:37:01.446+00:00,1785764221446,BTC-USDT-SWAP,sell,long,0.71,62871.5
2026-08-03T13:36:11.915+00:00,1785764171915,BTC-USDT-SWAP,sell,long,0.47,62813.6
2026-08-03T13:37:11.359+00:00,1785764231359,BTC-USDT-SWAP,buy,short,0.11,62904
2026-08-03T13:37:10.504+00:00,1785764230504,BTC-USDT-SWAP,buy,short,4.93,62891.9
2026-08-03T13:37:05.688+00:00,1785764225688,BTC-USDT-SWAP,buy,short,26.45,62877.4
2026-08-03T13:41:57.193+00:00,1785764517193,BTC-USDT-SWAP,buy,short,100,62912.5
2026-08-03T13:48:50.280+00:00,1785764930280,BTC-USDT-SWAP,buy,short,7.31,62922.7
2026-08-03T13:49:45.966+00:00,1785764985966,BTC-USDT-SWAP,buy,short,3.43,63061.1
2026-08-03T13:49:45.945+00:00,1785764985945,BTC-USDT-SWAP,buy,short,5.71,63061.1
2026-08-03T13:49:45.928+00:00,1785764985928,BTC-USDT-SWAP,buy,short,0.66,63061.1
2026-08-03T13:49:45.823+00:00,1785764985823,BTC-USDT-SWAP,buy,short,0.79,63061.1
2026-08-03T13:49:45.813+00:00,1785764985813,BTC-USDT-SWAP,buy,short,2.54,63053.2
2026-08-03T13:49:45.712+00:00,1785764985712,BTC-USDT-SWAP,buy,short,1.48,63053.2
2026-08-03T13:49:45.708+00:00,1785764985708,BTC-USDT-SWAP,buy,short,15.69,63053.2
2026-08-03T13:49:45.701+00:00,1785764985701,BTC-USDT-SWAP,buy,short,1.83,63053.2
2026-08-03T13:49:45.691+00:00,1785764985691,BTC-USDT-SWAP,buy,short,0.19,63053.2
2026-08-03T13:49:45.380+00:00,1785764985380,BTC-USDT-SWAP,buy,short,0.55,63038.6
2026-08-03T13:49:45.364+00:00,1785764985364,BTC-USDT-SWAP,buy,short,0.69,63038.6
2026-08-03T13:49:45.358+00:00,1785764985358,BTC-USDT-SWAP,buy,short,1.37,63038.6
2026-08-03T13:49:45.358+00:00,1785764985358,BTC-USDT-SWAP,buy,short,1.72,63038.6
2026-08-03T13:49:45.307+00:00,1785764985307,BTC-USDT-SWAP,buy,short,0.09,63038.6
2026-08-03T13:49:45.306+00:00,1785764985306,BTC-USDT-SWAP,buy,short,7.98,63038.6
2026-08-03T13:49:45.305+00:00,1785764985305,BTC-USDT-SWAP,buy,short,0.53,63038.6
2026-08-03T13:49:45.303+00:00,1785764985303,BTC-USDT-SWAP,buy,short,1.73,63038.6
2026-08-03T13:49:45.263+00:00,1785764985263,BTC-USDT-SWAP,buy,short,160,63038.6
2026-08-03T13:49:45.182+00:00,1785764985182,BTC-USDT-SWAP,buy,short,0.8,63010.1
2026-08-03T13:49:45.156+00:00,1785764985156,BTC-USDT-SWAP,buy,short,3.87,63010.1
2026-08-03T13:49:45.136+00:00,1785764985136,BTC-USDT-SWAP,buy,short,100,63010.1
2026-08-03T13:49:45.120+00:00,1785764985120,BTC-USDT-SWAP,buy,short,0.95,63010.1
2026-08-03T13:49:45.024+00:00,1785764985024,BTC-USDT-SWAP,buy,short,3.93,63010.1
2026-08-03T13:49:44.456+00:00,1785764984456,BTC-USDT-SWAP,buy,short,33.3,62980.2
2026-08-03T13:52:19.049+00:00,1785765139049,BTC-USDT-SWAP,buy,short,0.08,63225.7
2026-08-03T13:52:16.682+00:00,1785765136682,BTC-USDT-SWAP,buy,short,20.82,63221.1
2026-08-03T13:52:15.647+00:00,1785765135647,BTC-USDT-SWAP,buy,short,1,63218.8
2026-08-03T13:52:14.308+00:00,1785765134308,BTC-USDT-SWAP,buy,short,4.89,63215.1
2026-08-03T13:52:14.300+00:00,1785765134300,BTC-USDT-SWAP,buy,short,1.15,63215.1
2026-08-03T13:52:14.287+00:00,1785765134287,BTC-USDT-SWAP,buy,short,11.18,63215.1
2026-08-03T13:52:14.084+00:00,1785765134084,BTC-USDT-SWAP,buy,short,5,63211.1
2026-08-03T13:52:13.615+00:00,1785765133615,BTC-USDT-SWAP,buy,short,1.34,63207.8
2026-08-03T13:52:13.571+00:00,1785765133571,BTC-USDT-SWAP,buy,short,2.91,63204.6
2026-08-03T13:52:13.416+00:00,1785765133416,BTC-USDT-SWAP,buy,short,77.71,63204.6
2026-08-03T13:52:13.173+00:00,1785765133173,BTC-USDT-SWAP,buy,short,11.1,63199.5
2026-08-03T13:52:13.171+00:00,1785765133171,BTC-USDT-SWAP,buy,short,15.87,63199.5
2026-08-03T13:52:13.161+00:00,1785765133161,BTC-USDT-SWAP,buy,short,0.14,63199.9
2026-08-03T13:52:13.131+00:00,1785765133131,BTC-USDT-SWAP,buy,short,0.02,63199.5
2026-08-03T13:52:13.117+00:00,1785765133117,BTC-USDT-SWAP,buy,short,1.08,63199.5
2026-08-03T13:52:13.095+00:00,1785765133095,BTC-USDT-SWAP,buy,short,3.21,63199.5
2026-08-03T13:52:13.080+00:00,1785765133080,BTC-USDT-SWAP,buy,short,0.12,63199.5
2026-08-03T13:52:13.066+00:00,1785765133066,BTC-USDT-SWAP,buy,short,0.01,63199.5
2026-08-03T13:52:12.959+00:00,1785765132959,BTC-USDT-SWAP,buy,short,6,63199.5
2026-08-03T13:52:12.920+00:00,1785765132920,BTC-USDT-SWAP,buy,short,2.34,63166
2026-08-03T13:52:11.932+00:00,1785765131932,BTC-USDT-SWAP,buy,short,2.47,63155.7
2026-08-03T13:52:11.554+00:00,1785765131554,BTC-USDT-SWAP,buy,short,0.55,63154
2026-08-03T13:52:11.155+00:00,1785765131155,BTC-USDT-SWAP,buy,short,0.79,63152.6
2026-08-03T13:52:11.040+00:00,1785765131040,BTC-USDT-SWAP,buy,short,49.35,63152.6
2026-08-03T13:52:09.326+00:00,1785765129326,BTC-USDT-SWAP,buy,short,27.64,63149.1
2026-08-03T13:52:06.255+00:00,1785765126255,BTC-USDT-SWAP,buy,short,1.8,63141.8
2026-08-03T13:52:05.908+00:00,1785765125908,BTC-USDT-SWAP,buy,short,2.65,63135.2
2026-08-03T13:52:05.877+00:00,1785765125877,BTC-USDT-SWAP,buy,short,0.08,63135.2
2026-08-03T13:52:05.859+00:00,1785765125859,BTC-USDT-SWAP,buy,short,40,63135.2
2026-08-03T13:52:05.844+00:00,1785765125844,BTC-USDT-SWAP,buy,short,0.76,63135.2
2026-08-03T13:52:05.833+00:00,1785765125833,BTC-USDT-SWAP,buy,short,6.07,63135.2
2026-08-03T13:52:05.820+00:00,1785765125820,BTC-USDT-SWAP,buy,short,4.95,63135.2
2026-08-03T13:52:05.742+00:00,1785765125742,BTC-USDT-SWAP,buy,short,14.02,63120.2
2026-08-03T13:52:05.538+00:00,1785765125538,BTC-USDT-SWAP,buy,short,1.02,63112.6
2026-08-03T13:52:05.471+00:00,1785765125471,BTC-USDT-SWAP,buy,short,0.84,63112.6
2026-08-03T13:52:05.445+00:00,1785765125445,BTC-USDT-SWAP,buy,short,1.35,63112.6
2026-08-03T13:52:05.430+00:00,1785765125430,BTC-USDT-SWAP,buy,short,0.13,63112.6
2026-08-03T13:52:05.428+00:00,1785765125428,BTC-USDT-SWAP,buy,short,0.01,63112.6
2026-08-03T13:52:05.424+00:00,1785765125424,BTC-USDT-SWAP,buy,short,0.01,63112.6
2026-08-03T13:52:05.404+00:00,1785765125404,BTC-USDT-SWAP,buy,short,0.68,63112.6
2026-08-03T13:52:05.362+00:00,1785765125362,BTC-USDT-SWAP,buy,short,3.2,63112.6
2026-08-03T13:52:04.363+00:00,1785765124363,BTC-USDT-SWAP,buy,short,0.06,63074.3
2026-08-03T13:52:04.079+00:00,1785765124079,BTC-USDT-SWAP,buy,short,0.09,63073.6
2026-08-03T13:52:04.063+00:00,1785765124063,BTC-USDT-SWAP,buy,short,1.1,63073.6
2026-08-03T13:52:03.909+00:00,1785765123909,BTC-USDT-SWAP,buy,short,0.4,63066.9
2026-08-03T13:52:03.832+00:00,1785765123832,BTC-USDT-SWAP,buy,short,0.33,63066.9
2026-08-03T13:52:03.053+00:00,1785765123053,BTC-USDT-SWAP,buy,short,8.09,63061.6
2026-08-03T13:52:02.985+00:00,1785765122985,BTC-USDT-SWAP,buy,short,0.16,63061.6
2026-08-03T13:55:37.147+00:00,1785765337147,BTC-USDT-SWAP,buy,short,14.33,63293.4
2026-08-03T13:55:37.100+00:00,1785765337100,BTC-USDT-SWAP,buy,short,0.84,63293.4
2026-08-03T13:55:37.097+00:00,1785765337097,BTC-USDT-SWAP,buy,short,2.86,63293.4
2026-08-03T13:55:36.964+00:00,1785765336964,BTC-USDT-SWAP,buy,short,5.83,63286.1
2026-08-03T13:55:36.731+00:00,1785765336731,BTC-USDT-SWAP,buy,short,0.01,63280.1
2026-08-03T13:55:36.720+00:00,1785765336720,BTC-USDT-SWAP,buy,short,0.91,63280.1
2026-08-03T13:55:36.577+00:00,1785765336577,BTC-USDT-SWAP,buy,short,1.88,63275.6
2026-08-03T13:55:36.080+00:00,1785765336080,BTC-USDT-SWAP,buy,short,0.04,63271.9
2026-08-03T13:55:36.027+00:00,1785765336027,BTC-USDT-SWAP,buy,short,6.05,63271.9
2026-08-03T13:55:35.140+00:00,1785765335140,BTC-USDT-SWAP,buy,short,1.02,63265.1
2026-08-03T13:55:35.115+00:00,1785765335115,BTC-USDT-SWAP,buy,short,10,63265.1
2026-08-03T13:55:35.102+00:00,1785765335102,BTC-USDT-SWAP,buy,short,2.94,63265.1
2026-08-03T13:55:35.050+00:00,1785765335050,BTC-USDT-SWAP,buy,short,3.18,63265.1
2026-08-03T13:55:31.671+00:00,1785765331671,BTC-USDT-SWAP,buy,short,5,63251.6
2026-08-03T13:55:31.638+00:00,1785765331638,BTC-USDT-SWAP,buy,short,0.19,63251.6
2026-08-03T13:55:31.493+00:00,1785765331493,BTC-USDT-SWAP,buy,short,5.94,63249.5
2026-08-03T13:55:29.776+00:00,1785765329776,BTC-USDT-SWAP,buy,short,10,63248.9
2026-08-03T13:55:29.585+00:00,1785765329585,BTC-USDT-SWAP,buy,short,0.81,63248.9
2026-08-03T13:55:29.135+00:00,1785765329135,BTC-USDT-SWAP,buy,short,1.5,63237.6
2026-08-03T13:55:22.059+00:00,1785765322059,BTC-USDT-SWAP,buy,short,6.05,63234.5
2026-08-03T13:55:21.950+00:00,1785765321950,BTC-USDT-SWAP,buy,short,9.25,63234.5
2026-08-03T13:55:19.022+00:00,1785765319022,BTC-USDT-SWAP,buy,short,0.1,63222.5
2026-08-03T13:58:52.716+00:00,1785765532716,BTC-USDT-SWAP,buy,short,14.34,63295.2
2026-08-03T13:59:34.934+00:00,1785765574934,BTC-USDT-SWAP,buy,short,3.23,63368.6
2026-08-03T13:59:19.131+00:00,1785765559131,BTC-USDT-SWAP,buy,short,1.75,63365.2
2026-08-03T13:59:18.014+00:00,1785765558014,BTC-USDT-SWAP,buy,short,0.37,63363.7
2026-08-03T13:59:16.704+00:00,1785765556704,BTC-USDT-SWAP,buy,short,0.19,63363
2026-08-03T13:59:16.571+00:00,1785765556571,BTC-USDT-SWAP,buy,short,31.89,63356.2
2026-08-03T13:59:16.508+00:00,1785765556508,BTC-USDT-SWAP,buy,short,35,63356.2
2026-08-03T13:59:16.437+00:00,1785765556437,BTC-USDT-SWAP,buy,short,5.69,63356.2
2026-08-03T13:59:16.384+00:00,1785765556384,BTC-USDT-SWAP,buy,short,21.91,63356.2
2026-08-03T13:59:11.073+00:00,1785765551073,BTC-USDT-SWAP,buy,short,0.45,63343.1
2026-08-03T13:59:10.935+00:00,1785765550935,BTC-USDT-SWAP,buy,short,0.16,63341.9
2026-08-03T13:59:10.911+00:00,1785765550911,BTC-USDT-SWAP,buy,short,47.88,63341.9
2026-08-03T13:59:10.908+00:00,1785765550908,BTC-USDT-SWAP,buy,short,0.39,63341.9
2026-08-03T13:59:10.879+00:00,1785765550879,BTC-USDT-SWAP,buy,short,2.05,63341.9
2026-08-03T13:59:10.573+00:00,1785765550573,BTC-USDT-SWAP,buy,short,141.51,63323.6
2026-08-03T13:59:10.518+00:00,1785765550518,BTC-USDT-SWAP,buy,short,4.08,63323.6
2026-08-03T13:59:10.310+00:00,1785765550310,BTC-USDT-SWAP,buy,short,2.63,63320.7
2026-08-03T13:59:09.287+00:00,1785765549287,BTC-USDT-SWAP,buy,short,0.6,63318.3
2026-08-03T13:59:09.271+00:00,1785765549271,BTC-USDT-SWAP,buy,short,0.46,63318.3
2026-08-03T13:59:09.232+00:00,1785765549232,BTC-USDT-SWAP,buy,short,0.28,63318.3
2026-08-03T13:59:09.210+00:00,1785765549210,BTC-USDT-SWAP,buy,short,1,63318.3
2026-08-03T14:10:42.152+00:00,1785766242152,BTC-USDT-SWAP,buy,short,5.81,63395
2026-08-03T14:10:41.537+00:00,1785766241537,BTC-USDT-SWAP,buy,short,80.09,63392.7
2026-08-03T14:10:41.472+00:00,1785766241472,BTC-USDT-SWAP,buy,short,0.82,63392.7
2026-08-03T14:12:05.757+00:00,1785766325757,BTC-USDT-SWAP,buy,short,0.89,63417.9
2026-08-03T14:12:04.533+00:00,1785766324533,BTC-USDT-SWAP,buy,short,0.59,63415.4
2026-08-03T14:12:02.681+00:00,1785766322681,BTC-USDT-SWAP,buy,short,0.03,63415.2
2026-08-03T14:16:47.972+00:00,1785766607972,BTC-USDT-SWAP,buy,short,0.25,63466.2
2026-08-03T14:16:47.881+00:00,1785766607881,BTC-USDT-SWAP,buy,short,19.52,63466.2
2026-08-03T14:16:47.143+00:00,1785766607143,BTC-USDT-SWAP,buy,short,0.54,63461.6
2026-08-03T14:16:44.630+00:00,1785766604630,BTC-USDT-SWAP,buy,short,0.01,63453.8
2026-08-03T14:16:44.467+00:00,1785766604467,BTC-USDT-SWAP,buy,short,2.2,63453.6
2026-08-03T14:16:44.417+00:00,1785766604417,BTC-USDT-SWAP,buy,short,0.82,63453.6
2026-08-03T14:16:44.362+00:00,1785766604362,BTC-USDT-SWAP,buy,short,6.86,63452.7
2026-08-03T14:16:44.288+00:00,1785766604288,BTC-USDT-SWAP,buy,short,0.52,63452.7
2026-08-03T14:16:44.279+00:00,1785766604279,BTC-USDT-SWAP,buy,short,0.35,63452.7
2026-08-03T14:16:44.219+00:00,1785766604219,BTC-USDT-SWAP,buy,short,0.39,63452.7
2026-08-03T14:16:44.218+00:00,1785766604218,BTC-USDT-SWAP,buy,short,0.32,63452.7
2026-08-03T14:16:44.031+00:00,1785766604031,BTC-USDT-SWAP,buy,short,1.46,63433.7
2026-08-03T14:16:56.369+00:00,1785766616369,BTC-USDT-SWAP,buy,short,0.3,63470.3
2026-08-03T14:16:56.348+00:00,1785766616348,BTC-USDT-SWAP,buy,short,0.3,63470.3
2026-08-03T14:27:05.389+00:00,1785767225389,BTC-USDT-SWAP,buy,short,0.09,63537.1
2026-08-03T14:27:05.385+00:00,1785767225385,BTC-USDT-SWAP,buy,short,2.19,63537.2
2026-08-03T14:27:05.341+00:00,1785767225341,BTC-USDT-SWAP,buy,short,8.29,63537.2
2026-08-03T14:27:05.318+00:00,1785767225318,BTC-USDT-SWAP,buy,short,2.9,63537.2
2026-08-03T14:27:05.220+00:00,1785767225220,BTC-USDT-SWAP,buy,short,0.97,63537.2
2026-08-03T14:27:05.216+00:00,1785767225216,BTC-USDT-SWAP,buy,short,1.9,63537.2
2026-08-03T14:27:05.089+00:00,1785767225089,BTC-USDT-SWAP,buy,short,6.52,63530.8
2026-08-03T14:27:05.087+00:00,1785767225087,BTC-USDT-SWAP,buy,short,10.81,63530.8
2026-08-03T14:27:01.971+00:00,1785767221971,BTC-USDT-SWAP,buy,short,79.97,63523.1
2026-08-03T14:27:01.945+00:00,1785767221945,BTC-USDT-SWAP,buy,short,9.12,63523.1
2026-08-03T14:27:01.945+00:00,1785767221945,BTC-USDT-SWAP,buy,short,1.04,63523.1
2026-08-03T14:27:01.904+00:00,1785767221904,BTC-USDT-SWAP,buy,short,17.76,63523.1
2026-08-03T14:27:01.889+00:00,1785767221889,BTC-USDT-SWAP,buy,short,0.6,63523.1
2026-08-03T14:27:01.880+00:00,1785767221880,BTC-USDT-SWAP,buy,short,0.22,63523.1
2026-08-03T14:27:01.853+00:00,1785767221853,BTC-USDT-SWAP,buy,short,0.68,63523.1
2026-08-03T14:27:01.631+00:00,1785767221631,BTC-USDT-SWAP,buy,short,2.1,63517.1
2026-08-03T14:27:00.309+00:00,1785767220309,BTC-USDT-SWAP,buy,short,0.63,63516.4
2026-08-03T14:27:00.159+00:00,1785767220159,BTC-USDT-SWAP,buy,short,30.95,63510.3
2026-08-03T14:27:00.089+00:00,1785767220089,BTC-USDT-SWAP,buy,short,133.71,63510.3
2026-08-03T14:27:00.073+00:00,1785767220073,BTC-USDT-SWAP,buy,short,0.6,63510.3
2026-08-03T14:27:00.066+00:00,1785767220066,BTC-USDT-SWAP,buy,short,1.5,63510.3
2026-08-03T14:26:59.969+00:00,1785767219969,BTC-USDT-SWAP,buy,short,8.24,63505.3
2026-08-03T14:26:59.830+00:00,1785767219830,BTC-USDT-SWAP,buy,short,0.09,63505.3
2026-08-03T14:26:59.819+00:00,1785767219819,BTC-USDT-SWAP,buy,short,4.32,63505.3
2026-08-03T14:26:59.813+00:00,1785767219813,BTC-USDT-SWAP,buy,short,1.32,63505.3
2026-08-03T14:26:59.521+00:00,1785767219521,BTC-USDT-SWAP,buy,short,6.42,63488.9
2026-08-03T14:26:58.019+00:00,1785767218019,BTC-USDT-SWAP,buy,short,0.85,63480.4
2026-08-03T14:26:57.820+00:00,1785767217820,BTC-USDT-SWAP,buy,short,1.01,63479.2
2026-08-03T14:26:57.746+00:00,1785767217746,BTC-USDT-SWAP,buy,short,2.42,63479.2
2026-08-03T14:26:57.746+00:00,1785767217746,BTC-USDT-SWAP,buy,short,10,63479.2
2026-08-03T14:26:57.636+00:00,1785767217636,BTC-USDT-SWAP,buy,short,1.41,63475.7
2026-08-03T14:26:57.620+00:00,1785767217620,BTC-USDT-SWAP,buy,short,0.49,63475.7
2026-08-03T14:28:12.732+00:00,1785767292732,BTC-USDT-SWAP,buy,short,0.81,63597
2026-08-03T14:28:12.635+00:00,1785767292635,BTC-USDT-SWAP,buy,short,0.66,63597
2026-08-03T14:28:12.561+00:00,1785767292561,BTC-USDT-SWAP,buy,short,0.59,63597
2026-08-03T14:28:12.311+00:00,1785767292311,BTC-USDT-SWAP,buy,short,2.24,63595
2026-08-03T14:28:12.270+00:00,1785767292270,BTC-USDT-SWAP,buy,short,2.19,63595
2026-08-03T14:28:12.247+00:00,1785767292247,BTC-USDT-SWAP,buy,short,17.09,63595
2026-08-03T14:28:11.852+00:00,1785767291852,BTC-USDT-SWAP,buy,short,0.2,63593.2
2026-08-03T14:28:11.819+00:00,1785767291819,BTC-USDT-SWAP,buy,short,9.1,63593.2
2026-08-03T14:28:11.760+00:00,1785767291760,BTC-USDT-SWAP,buy,short,0.95,63593.2
2026-08-03T14:28:11.636+00:00,1785767291636,BTC-USDT-SWAP,buy,short,6.63,63585.5
2026-08-03T14:28:11.627+00:00,1785767291627,BTC-USDT-SWAP,buy,short,2.74,63593.2
2026-08-03T14:28:11.505+00:00,1785767291505,BTC-USDT-SWAP,buy,short,0.79,63585.5
2026-08-03T14:28:11.499+00:00,1785767291499,BTC-USDT-SWAP,buy,short,1.39,63579.9
2026-08-03T14:28:11.416+00:00,1785767291416,BTC-USDT-SWAP,buy,short,152.52,63579.9
2026-08-03T14:28:11.252+00:00,1785767291252,BTC-USDT-SWAP,buy,short,3.74,63573.3
2026-08-03T14:28:11.153+00:00,1785767291153,BTC-USDT-SWAP,buy,short,93.78,63573.3
2026-08-03T14:28:11.147+00:00,1785767291147,BTC-USDT-SWAP,buy,short,0.84,63573.3
2026-08-03T14:28:10.757+00:00,1785767290757,BTC-USDT-SWAP,buy,short,14.26,63566.4
2026-08-03T14:28:10.729+00:00,1785767290729,BTC-USDT-SWAP,buy,short,48.04,63566.4
2026-08-03T14:28:10.630+00:00,1785767290630,BTC-USDT-SWAP,buy,short,31.29,63564.4
2026-08-03T14:28:10.419+00:00,1785767290419,BTC-USDT-SWAP,buy,short,0.14,63562.8
2026-08-03T14:28:09.809+00:00,1785767289809,BTC-USDT-SWAP,buy,short,22.77,63561.7
2026-08-03T14:28:09.515+00:00,1785767289515,BTC-USDT-SWAP,buy,short,0.2,63557.4
2026-08-03T14:28:08.820+00:00,1785767288820,BTC-USDT-SWAP,buy,short,0.85,63555.6
2026-08-03T14:28:08.803+00:00,1785767288803,BTC-USDT-SWAP,buy,short,1,63558.2
2026-08-03T14:28:08.786+00:00,1785767288786,BTC-USDT-SWAP,buy,short,18.29,63555.6
2026-08-03T14:28:08.777+00:00,1785767288777,BTC-USDT-SWAP,buy,short,44.97,63555.6
2026-08-03T14:28:08.677+00:00,1785767288677,BTC-USDT-SWAP,buy,short,0.64,63555.6
2026-08-03T14:28:05.571+00:00,1785767285571,BTC-USDT-SWAP,buy,short,0.87,63550.9
2026-08-03T14:28:05.337+00:00,1785767285337,BTC-USDT-SWAP,buy,short,0.65,63549.9
2026-08-03T14:27:59.737+00:00,1785767279737,BTC-USDT-SWAP,buy,short,10,63549.5
2026-08-03T14:27:59.577+00:00,1785767279577,BTC-USDT-SWAP,buy,short,2.53,63549.5
2026-08-03T14:27:59.531+00:00,1785767279531,BTC-USDT-SWAP,buy,short,0.29,63547.1
2026-08-03T14:27:59.493+00:00,1785767279493,BTC-USDT-SWAP,buy,short,0.15,63547.1
2026-08-03T14:27:59.454+00:00,1785767279454,BTC-USDT-SWAP,buy,short,0.31,63547.1
2026-08-03T14:27:59.430+00:00,1785767279430,BTC-USDT-SWAP,buy,short,0.8,63547.1
2026-08-03T14:27:58.721+00:00,1785767278721,BTC-USDT-SWAP,buy,short,0.15,63539
2026-08-03T14:27:53.663+00:00,1785767273663,BTC-USDT-SWAP,buy,short,0.28,63538.8
2026-08-03T14:28:42.693+00:00,1785767322693,BTC-USDT-SWAP,buy,short,0.03,63767.1
2026-08-03T14:28:42.693+00:00,1785767322693,BTC-USDT-SWAP,buy,short,2.2,63767.1
2026-08-03T14:28:42.543+00:00,1785767322543,BTC-USDT-SWAP,buy,short,5.39,63767.1
2026-08-03T14:28:42.250+00:00,1785767322250,BTC-USDT-SWAP,buy,short,1.05,63761.9
2026-08-03T14:28:42.240+00:00,1785767322240,BTC-USDT-SWAP,buy,short,83.42,63761.9
2026-08-03T14:28:42.239+00:00,1785767322239,BTC-USDT-SWAP,buy,short,2,63761.9
2026-08-03T14:28:42.227+00:00,1785767322227,BTC-USDT-SWAP,buy,short,2.09,63761.9
2026-08-03T14:28:42.222+00:00,1785767322222,BTC-USDT-SWAP,buy,short,136.86,63761.9
2026-08-03T14:28:42.217+00:00,1785767322217,BTC-USDT-SWAP,buy,short,2.93,63761.9
2026-08-03T14:28:42.213+00:00,1785767322213,BTC-USDT-SWAP,buy,short,6,63761.9
2026-08-03T14:28:42.212+00:00,1785767322212,BTC-USDT-SWAP,buy,short,0.6,63761.9
2026-08-03T14:28:42.205+00:00,1785767322205,BTC-USDT-SWAP,buy,short,10.32,63761.9
2026-08-03T14:28:42.203+00:00,1785767322203,BTC-USDT-SWAP,buy,short,0.56,63761.9
2026-08-03T14:28:42.170+00:00,1785767322170,BTC-USDT-SWAP,buy,short,0.1,63761.9
2026-08-03T14:28:42.153+00:00,1785767322153,BTC-USDT-SWAP,buy,short,8.25,63761.9
2026-08-03T14:28:42.096+00:00,1785767322096,BTC-USDT-SWAP,buy,short,0.27,63761.9
2026-08-03T14:28:42.092+00:00,1785767322092,BTC-USDT-SWAP,buy,short,350.15,63761.9
2026-08-03T14:28:42.080+00:00,1785767322080,BTC-USDT-SWAP,buy,short,0.09,63761.9
2026-08-03T14:28:42.053+00:00,1785767322053,BTC-USDT-SWAP,buy,short,0.17,63761.9
2026-08-03T14:28:41.360+00:00,1785767321360,BTC-USDT-SWAP,buy,short,0.73,63706.7
2026-08-03T14:28:41.058+00:00,1785767321058,BTC-USDT-SWAP,buy,short,8,63705.8
2026-08-03T14:28:41.045+00:00,1785767321045,BTC-USDT-SWAP,buy,short,13.3,63705
2026-08-03T14:28:41.044+00:00,1785767321044,BTC-USDT-SWAP,buy,short,1.06,63705
2026-08-03T14:28:41.042+00:00,1785767321042,BTC-USDT-SWAP,buy,short,1.5,63705
2026-08-03T14:28:41.027+00:00,1785767321027,BTC-USDT-SWAP,buy,short,6.18,63705
2026-08-03T14:28:41.014+00:00,1785767321014,BTC-USDT-SWAP,buy,short,1.15,63705
2026-08-03T14:28:40.949+00:00,1785767320949,BTC-USDT-SWAP,buy,short,0.22,63705
2026-08-03T14:28:40.834+00:00,1785767320834,BTC-USDT-SWAP,buy,short,0.05,63693.9
2026-08-03T14:28:40.778+00:00,1785767320778,BTC-USDT-SWAP,buy,short,0.37,63693.9
2026-08-03T14:28:40.760+00:00,1785767320760,BTC-USDT-SWAP,buy,short,8.34,63693.9
2026-08-03T14:28:40.464+00:00,1785767320464,BTC-USDT-SWAP,buy,short,0.94,63682.8
2026-08-03T14:28:40.206+00:00,1785767320206,BTC-USDT-SWAP,buy,short,0.32,63678.6
2026-08-03T14:28:40.205+00:00,1785767320205,BTC-USDT-SWAP,buy,short,0.02,63678.6
2026-08-03T14:28:40.204+00:00,1785767320204,BTC-USDT-SWAP,buy,short,0.01,63678.6
2026-08-03T14:28:40.062+00:00,1785767320062,BTC-USDT-SWAP,buy,short,6.6,63673.6
2026-08-03T14:28:39.783+00:00,1785767319783,BTC-USDT-SWAP,buy,short,2.23,63662.4
2026-08-03T14:28:39.142+00:00,1785767319142,BTC-USDT-SWAP,buy,short,0.2,63661.2
2026-08-03T14:28:39.081+00:00,1785767319081,BTC-USDT-SWAP,buy,short,0.67,63661.2
2026-08-03T14:28:39.062+00:00,1785767319062,BTC-USDT-SWAP,buy,short,0.51,63661.2
2026-08-03T14:28:38.953+00:00,1785767318953,BTC-USDT-SWAP,buy,short,0.12,63655.9
2026-08-03T14:28:38.870+00:00,1785767318870,BTC-USDT-SWAP,buy,short,1.59,63655.9
2026-08-03T14:28:38.618+00:00,1785767318618,BTC-USDT-SWAP,buy,short,14.04,63650
2026-08-03T14:28:38.613+00:00,1785767318613,BTC-USDT-SWAP,buy,short,0.86,63650
2026-08-03T14:28:38.604+00:00,1785767318604,BTC-USDT-SWAP,buy,short,31.6,63650
2026-08-03T14:28:38.604+00:00,1785767318604,BTC-USDT-SWAP,buy,short,1.2,63650
2026-08-03T14:28:38.455+00:00,1785767318455,BTC-USDT-SWAP,buy,short,0.58,63650
2026-08-03T14:28:37.136+00:00,1785767317136,BTC-USDT-SWAP,buy,short,11,63634.8
2026-08-03T14:28:33.628+00:00,1785767313628,BTC-USDT-SWAP,buy,short,0.01,63635.5
2026-08-03T14:28:33.628+00:00,1785767313628,BTC-USDT-SWAP,buy,short,0.15,63634.3
2026-08-03T14:28:33.488+00:00,1785767313488,BTC-USDT-SWAP,buy,short,0.83,63635.5
2026-08-03T14:28:33.435+00:00,1785767313435,BTC-USDT-SWAP,buy,short,1.07,63631
2026-08-03T14:28:33.394+00:00,1785767313394,BTC-USDT-SWAP,buy,short,0.21,63631
2026-08-03T14:28:30.962+00:00,1785767310962,BTC-USDT-SWAP,buy,short,2.94,63624.8
2026-08-03T14:28:30.960+00:00,1785767310960,BTC-USDT-SWAP,buy,short,12.63,63624.8
2026-08-03T14:28:30.956+00:00,1785767310956,BTC-USDT-SWAP,buy,short,3.89,63624.8
2026-08-03T14:28:30.936+00:00,1785767310936,BTC-USDT-SWAP,buy,short,0.55,63624.8
2026-08-03T14:28:30.842+00:00,1785767310842,BTC-USDT-SWAP,buy,short,4.81,63624.8
2026-08-03T14:28:30.701+00:00,1785767310701,BTC-USDT-SWAP,buy,short,0.23,63620.5
2026-08-03T14:28:30.178+00:00,1785767310178,BTC-USDT-SWAP,buy,short,1.9,63619.7
2026-08-03T14:28:30.164+00:00,1785767310164,BTC-USDT-SWAP,buy,short,0.08,63619.7
2026-08-03T14:28:30.141+00:00,1785767310141,BTC-USDT-SWAP,buy,short,3,63619.7
2026-08-03T14:28:30.007+00:00,1785767310007,BTC-USDT-SWAP,buy,short,0.77,63619.7
2026-08-03T14:28:30.000+00:00,1785767310000,BTC-USDT-SWAP,buy,short,1.29,63619.7
2026-08-03T14:28:29.943+00:00,1785767309943,BTC-USDT-SWAP,buy,short,7.83,63613.2
2026-08-03T14:28:29.932+00:00,1785767309932,BTC-USDT-SWAP,buy,short,0.02,63613.2
2026-08-03T14:28:29.924+00:00,1785767309924,BTC-USDT-SWAP,buy,short,1.31,63613.2
2026-08-03T14:28:29.820+00:00,1785767309820,BTC-USDT-SWAP,buy,short,7.64,63613.2
2026-08-03T14:28:29.495+00:00,1785767309495,BTC-USDT-SWAP,buy,short,0.93,63607.9
2026-08-03T14:28:29.171+00:00,1785767309171,BTC-USDT-SWAP,buy,short,0.15,63605.4
2026-08-03T14:28:29.045+00:00,1785767309045,BTC-USDT-SWAP,buy,short,0.05,63605.4
2026-08-03T14:30:32.860+00:00,1785767432860,BTC-USDT-SWAP,buy,short,77.44,63816.4
2026-08-03T14:30:32.824+00:00,1785767432824,BTC-USDT-SWAP,buy,short,5.07,63816.4
2026-08-03T14:30:32.811+00:00,1785767432811,BTC-USDT-SWAP,buy,short,13.35,63816.4
2026-08-03T14:30:32.803+00:00,1785767432803,BTC-USDT-SWAP,buy,short,26.73,63816.4
2026-08-03T14:30:32.797+00:00,1785767432797,BTC-USDT-SWAP,buy,short,0.94,63816.4
2026-08-03T14:30:32.792+00:00,1785767432792,BTC-USDT-SWAP,buy,short,10.97,63816.4
2026-08-03T14:30:32.789+00:00,1785767432789,BTC-USDT-SWAP,buy,short,3.01,63816.4
2026-08-03T14:30:32.787+00:00,1785767432787,BTC-USDT-SWAP,buy,short,1.97,63816.4
2026-08-03T14:30:32.780+00:00,1785767432780,BTC-USDT-SWAP,buy,short,1.47,63816.4
2026-08-03T14:30:32.778+00:00,1785767432778,BTC-USDT-SWAP,buy,short,0.03,63816.4
2026-08-03T14:30:32.776+00:00,1785767432776,BTC-USDT-SWAP,buy,short,0.3,63816.4
2026-08-03T14:30:32.755+00:00,1785767432755,BTC-USDT-SWAP,buy,short,0.19,63816.4
2026-08-03T14:30:32.709+00:00,1785767432709,BTC-USDT-SWAP,buy,short,2.92,63816.4
2026-08-03T14:30:02.618+00:00,1785767402618,BTC-USDT-SWAP,buy,short,0.9,63770.9
2026-08-03T14:30:02.587+00:00,1785767402587,BTC-USDT-SWAP,buy,short,0.63,63770.9
2026-08-03T14:30:02.499+00:00,1785767402499,BTC-USDT-SWAP,buy,short,0.05,63770.9
2026-08-03T14:31:33.599+00:00,1785767493599,BTC-USDT-SWAP,buy,short,2.55,63834.9
2026-08-03T14:31:33.590+00:00,1785767493590,BTC-USDT-SWAP,buy,short,0.52,63834.9
2026-08-03T14:31:33.568+00:00,1785767493568,BTC-USDT-SWAP,buy,short,1.58,63834.9
2026-08-03T14:31:33.566+00:00,1785767493566,BTC-USDT-SWAP,buy,short,0.74,63834.9
2026-08-03T14:31:33.564+00:00,1785767493564,BTC-USDT-SWAP,buy,short,1.97,63834.9
2026-08-03T14:31:33.497+00:00,1785767493497,BTC-USDT-SWAP,buy,short,1.93,63834.9
2026-08-03T14:31:33.497+00:00,1785767493497,BTC-USDT-SWAP,buy,short,0.28,63834.9
2026-08-03T14:31:32.866+00:00,1785767492866,BTC-USDT-SWAP,buy,short,38.82,63828.4
2026-08-03T14:31:32.811+00:00,1785767492811,BTC-USDT-SWAP,buy,short,0.18,63828.4
2026-08-03T14:31:32.772+00:00,1785767492772,BTC-USDT-SWAP,buy,short,0.21,63828.4
2026-08-03T14:31:32.758+00:00,1785767492758,BTC-USDT-SWAP,buy,short,0.42,63828.4
2026-08-03T14:31:32.754+00:00,1785767492754,BTC-USDT-SWAP,buy,short,2.68,63828.4
2026-08-03T14:31:32.616+00:00,1785767492616,BTC-USDT-SWAP,buy,short,0.84,63823.1
2026-08-03T14:31:32.603+00:00,1785767492603,BTC-USDT-SWAP,buy,short,1.87,63823.1
2026-08-03T14:31:32.570+00:00,1785767492570,BTC-USDT-SWAP,buy,short,83.48,63823.1
2026-08-03T14:32:04.946+00:00,1785767524946,BTC-USDT-SWAP,buy,short,0.55,63844.1
2026-08-03T14:32:04.803+00:00,1785767524803,BTC-USDT-SWAP,buy,short,6.69,63843.4
2026-08-03T14:32:02.264+00:00,1785767522264,BTC-USDT-SWAP,buy,short,0.04,63841.7
2026-08-03T14:32:02.236+00:00,1785767522236,BTC-USDT-SWAP,buy,short,0.26,63841.7
2026-08-03T14:32:02.220+00:00,1785767522220,BTC-USDT-SWAP,buy,short,0.56,63841.7
2026-08-03T14:32:01.871+00:00,1785767521871,BTC-USDT-SWAP,buy,short,4.85,63836.1
2026-08-03T14:37:41.757+00:00,1785767861757,BTC-USDT-SWAP,buy,short,0.9,63776
2026-08-03T14:40:52.466+00:00,1785768052466,BTC-USDT-SWAP,buy,short,0.11,63881.7
2026-08-03T14:40:52.451+00:00,1785768052451,BTC-USDT-SWAP,buy,short,10.01,63881.7
2026-08-03T14:40:52.437+00:00,1785768052437,BTC-USDT-SWAP,buy,short,2.29,63881.7
2026-08-03T14:40:52.372+00:00,1785768052372,BTC-USDT-SWAP,buy,short,6.09,63881.7
2026-08-03T14:40:37.823+00:00,1785768037823,BTC-USDT-SWAP,buy,short,1.93,63867.8
2026-08-03T14:40:37.818+00:00,1785768037818,BTC-USDT-SWAP,buy,short,5.89,63867.8
2026-08-03T14:40:37.786+00:00,1785768037786,BTC-USDT-SWAP,buy,short,0.39,63867.8
2026-08-03T14:40:37.779+00:00,1785768037779,BTC-USDT-SWAP,buy,short,0.19,63867.8
2026-08-03T14:40:37.752+00:00,1785768037752,BTC-USDT-SWAP,buy,short,14.62,63867.8
2026-08-03T14:40:37.718+00:00,1785768037718,BTC-USDT-SWAP,buy,short,23.38,63867.8
2026-08-03T14:40:37.641+00:00,1785768037641,BTC-USDT-SWAP,buy,short,0.02,63858.1
2026-08-03T14:40:37.594+00:00,1785768037594,BTC-USDT-SWAP,buy,short,0.02,63858.1
2026-08-03T14:40:37.575+00:00,1785768037575,BTC-USDT-SWAP,buy,short,0.91,63858.1
2026-08-03T14:40:37.575+00:00,1785768037575,BTC-USDT-SWAP,buy,short,0.05,63858.1
2026-08-03T14:40:37.568+00:00,1785768037568,BTC-USDT-SWAP,buy,short,4.11,63858.1
2026-08-03T14:40:37.551+00:00,1785768037551,BTC-USDT-SWAP,buy,short,23.24,63858.1
2026-08-03T14:40:37.450+00:00,1785768037450,BTC-USDT-SWAP,buy,short,0.02,63858.1
2026-08-03T14:55:10.587+00:00,1785768910587,BTC-USDT-SWAP,buy,short,5.5,63914.1
2026-08-03T14:55:10.552+00:00,1785768910552,BTC-USDT-SWAP,buy,short,0.35,63914.1
2026-08-03T14:55:10.543+00:00,1785768910543,BTC-USDT-SWAP,buy,short,0.62,63914.1
2026-08-03T14:55:10.523+00:00,1785768910523,BTC-USDT-SWAP,buy,short,0.14,63914.1
2026-08-03T14:55:10.509+00:00,1785768910509,BTC-USDT-SWAP,buy,short,53.16,63914.1
2026-08-03T14:55:10.470+00:00,1785768910470,BTC-USDT-SWAP,buy,short,0.1,63914.1
2026-08-03T14:55:10.406+00:00,1785768910406,BTC-USDT-SWAP,buy,short,0.83,63894
2026-08-03T14:55:10.404+00:00,1785768910404,BTC-USDT-SWAP,buy,short,5.23,63894
2026-08-03T14:55:10.263+00:00,1785768910263,BTC-USDT-SWAP,buy,short,0.54,63894
2026-08-03T14:55:10.224+00:00,1785768910224,BTC-USDT-SWAP,buy,short,0.19,63894
2026-08-03T14:55:10.208+00:00,1785768910208,BTC-USDT-SWAP,buy,short,0.8,63894
2026-08-03T14:55:09.097+00:00,1785768909097,BTC-USDT-SWAP,buy,short,576,63875.5
2026-08-03T14:56:26.521+00:00,1785768986521,BTC-USDT-SWAP,buy,short,0.63,63949.4
2026-08-03T14:56:26.453+00:00,1785768986453,BTC-USDT-SWAP,buy,short,2.91,63950.8
2026-08-03T14:56:26.387+00:00,1785768986387,BTC-USDT-SWAP,buy,short,0.58,63950.8
2026-08-03T14:56:26.270+00:00,1785768986270,BTC-USDT-SWAP,buy,short,2.18,63950.8
2026-08-03T14:56:26.083+00:00,1785768986083,BTC-USDT-SWAP,buy,short,18.21,63946.3
2026-08-03T14:56:25.617+00:00,1785768985617,BTC-USDT-SWAP,buy,short,0.07,63942.6
2026-08-03T14:56:25.422+00:00,1785768985422,BTC-USDT-SWAP,buy,short,2.5,63942
2026-08-03T14:56:13.472+00:00,1785768973472,BTC-USDT-SWAP,buy,short,0.05,63935.1
2026-08-03T14:56:06.719+00:00,1785768966719,BTC-USDT-SWAP,buy,short,3.32,63934.3
2026-08-03T14:56:06.158+00:00,1785768966158,BTC-USDT-SWAP,buy,short,0.71,63931.3
2026-08-03T14:56:02.463+00:00,1785768962463,BTC-USDT-SWAP,buy,short,0.72,63923.7
2026-08-03T14:56:02.257+00:00,1785768962257,BTC-USDT-SWAP,buy,short,0.28,63922.9
2026-08-03T14:59:48.644+00:00,1785769188644,BTC-USDT-SWAP,buy,short,0.32,63962.9
2026-08-03T14:59:48.539+00:00,1785769188539,BTC-USDT-SWAP,buy,short,5,63962.9
2026-08-03T14:59:48.528+00:00,1785769188528,BTC-USDT-SWAP,buy,short,30.83,63962.9
2026-08-03T14:59:48.438+00:00,1785769188438,BTC-USDT-SWAP,buy,short,0.12,63955
2026-08-03T14:59:48.437+00:00,1785769188437,BTC-USDT-SWAP,buy,short,0.59,63955
2026-08-03T14:59:48.428+00:00,1785769188428,BTC-USDT-SWAP,buy,short,10.27,63955
2026-08-03T14:59:48.315+00:00,1785769188315,BTC-USDT-SWAP,buy,short,0.04,63955
2026-08-03T16:21:14.037+00:00,1785774074037,BTC-USDT-SWAP,buy,short,37.11,63833.3
2026-08-03T16:31:07.361+00:00,1785774667361,BTC-USDT-SWAP,sell,long,17.02,63815.8
2026-08-03T17:24:08.400+00:00,1785777848400,BTC-USDT-SWAP,buy,short,0.78,63977.3
2026-08-03T17:24:08.206+00:00,1785777848206,BTC-USDT-SWAP,buy,short,0.41,63975.1
2026-08-03T17:24:08.129+00:00,1785777848129,BTC-USDT-SWAP,buy,short,0.23,63975.1
2026-08-03T17:24:08.122+00:00,1785777848122,BTC-USDT-SWAP,buy,short,0.58,63975.1
2026-08-03T17:24:08.120+00:00,1785777848120,BTC-USDT-SWAP,buy,short,1.15,63975.1
2026-08-03T17:24:53.133+00:00,1785777893133,BTC-USDT-SWAP,buy,short,0.6,64031.9
2026-08-03T17:24:53.066+00:00,1785777893066,BTC-USDT-SWAP,buy,short,0.86,64031.9
2026-08-03T17:24:52.923+00:00,1785777892923,BTC-USDT-SWAP,buy,short,0.29,64031.9
2026-08-03T17:24:52.600+00:00,1785777892600,BTC-USDT-SWAP,buy,short,0.02,64028.8
2026-08-03T17:24:52.470+00:00,1785777892470,BTC-USDT-SWAP,buy,short,10.65,64028.8
2026-08-03T17:24:52.436+00:00,1785777892436,BTC-USDT-SWAP,buy,short,1.82,64028.3
2026-08-03T17:24:52.430+00:00,1785777892430,BTC-USDT-SWAP,buy,short,0.64,64028.3
2026-08-03T17:24:52.422+00:00,1785777892422,BTC-USDT-SWAP,buy,short,4,64028.3
2026-08-03T17:24:52.419+00:00,1785777892419,BTC-USDT-SWAP,buy,short,0.02,64028.3
2026-08-03T17:24:52.396+00:00,1785777892396,BTC-USDT-SWAP,buy,short,0.03,64028.3
2026-08-03T17:24:52.394+00:00,1785777892394,BTC-USDT-SWAP,buy,short,8,64028.3
2026-08-03T17:24:52.389+00:00,1785777892389,BTC-USDT-SWAP,buy,short,0.69,64028.3
2026-08-03T17:24:52.331+00:00,1785777892331,BTC-USDT-SWAP,buy,short,500,64028.3
2026-08-03T17:24:52.270+00:00,1785777892270,BTC-USDT-SWAP,buy,short,131.24,64012.2
2026-08-03T17:24:52.195+00:00,1785777892195,BTC-USDT-SWAP,buy,short,0.2,64012.2
2026-08-03T17:24:52.157+00:00,1785777892157,BTC-USDT-SWAP,buy,short,3.52,64012.2
2026-08-03T17:42:00.119+00:00,1785778920119,BTC-USDT-SWAP,buy,short,2.77,63854.1
2026-08-03T18:16:08.848+00:00,1785780968848,BTC-USDT-SWAP,buy,short,8.93,63955
2026-08-03T18:15:40.158+00:00,1785780940158,BTC-USDT-SWAP,buy,short,2.68,63953.8
2026-08-03T18:17:25.737+00:00,1785781045737,BTC-USDT-SWAP,buy,short,1.47,63954.2
2026-08-03T19:34:55.774+00:00,1785785695774,BTC-USDT-SWAP,buy,short,1.76,64048.6
2026-08-03T19:34:55.723+00:00,1785785695723,BTC-USDT-SWAP,buy,short,0.31,64048.6
2026-08-03T19:34:55.546+00:00,1785785695546,BTC-USDT-SWAP,buy,short,3.07,64046.6
2026-08-03T19:34:55.528+00:00,1785785695528,BTC-USDT-SWAP,buy,short,0.3,64046.6
2026-08-03T19:34:55.410+00:00,1785785695410,BTC-USDT-SWAP,buy,short,4,64039.2
2026-08-03T19:34:55.404+00:00,1785785695404,BTC-USDT-SWAP,buy,short,2.24,64039.2
2026-08-03T19:34:55.348+00:00,1785785695348,BTC-USDT-SWAP,buy,short,17,64039.2
2026-08-03T19:34:55.340+00:00,1785785695340,BTC-USDT-SWAP,buy,short,1.67,64039.2
2026-08-03T19:34:55.332+00:00,1785785695332,BTC-USDT-SWAP,buy,short,40,64039.2
2026-08-03T19:34:55.282+00:00,1785785695282,BTC-USDT-SWAP,buy,short,1.12,64039.2
2026-08-03T19:51:03.454+00:00,1785786663454,BTC-USDT-SWAP,buy,short,1.89,63917.6
2026-08-03T19:56:25.104+00:00,1785786985104,BTC-USDT-SWAP,buy,short,0.01,63859.9
2026-08-03T21:10:32.592+00:00,1785791432592,BTC-USDT-SWAP,sell,long,3.9,63687.9
2026-08-03T21:16:10.513+00:00,1785791770513,BTC-USDT-SWAP,sell,long,2.89,63666.1
2026-08-03T21:16:04.104+00:00,1785791764104,BTC-USDT-SWAP,sell,long,10.26,63676.1
2026-08-03T21:35:53.144+00:00,1785792953144,BTC-USDT-SWAP,sell,long,297.38,63641
2026-08-03T21:35:52.496+00:00,1785792952496,BTC-USDT-SWAP,sell,long,0.2,63646
2026-08-03T21:49:13.597+00:00,1785793753597,BTC-USDT-SWAP,sell,long,0.01,63621.7
2026-08-03T21:48:57.430+00:00,1785793737430,BTC-USDT-SWAP,sell,long,9.61,63629.1
2026-08-03T21:54:10.453+00:00,1785794050453,BTC-USDT-SWAP,sell,long,0.51,63588.3
2026-08-03T21:54:10.433+00:00,1785794050433,BTC-USDT-SWAP,sell,long,100,63588.3
2026-08-03T21:54:10.426+00:00,1785794050426,BTC-USDT-SWAP,sell,long,12.11,63588.3
2026-08-03T21:54:07.680+00:00,1785794047680,BTC-USDT-SWAP,sell,long,0.01,63601.6
2026-08-03T21:55:07.087+00:00,1785794107087,BTC-USDT-SWAP,sell,long,0.01,63577.8
2026-08-03T21:55:06.794+00:00,1785794106794,BTC-USDT-SWAP,sell,long,2.86,63581.2
2026-08-03T21:56:16.825+00:00,1785794176825,BTC-USDT-SWAP,sell,long,2.95,63520.2
2026-08-03T21:56:16.819+00:00,1785794176819,BTC-USDT-SWAP,sell,long,8.13,63520.2
2026-08-03T21:56:16.682+00:00,1785794176682,BTC-USDT-SWAP,sell,long,1.57,63520.2
2026-08-03T21:56:16.664+00:00,1785794176664,BTC-USDT-SWAP,sell,long,1.72,63520.2
2026-08-03T21:56:16.653+00:00,1785794176653,BTC-USDT-SWAP,sell,long,32.21,63520.2
2026-08-03T21:56:16.516+00:00,1785794176516,BTC-USDT-SWAP,sell,long,6.38,63523.8
2026-08-03T21:56:16.483+00:00,1785794176483,BTC-USDT-SWAP,sell,long,2.45,63523.8
2026-08-03T21:56:16.441+00:00,1785794176441,BTC-USDT-SWAP,sell,long,1.57,63523.8
2026-08-03T21:56:16.439+00:00,1785794176439,BTC-USDT-SWAP,sell,long,0.06,63523.8
2026-08-03T21:56:14.034+00:00,1785794174034,BTC-USDT-SWAP,sell,long,0.01,63541.3
2026-08-03T21:56:13.913+00:00,1785794173913,BTC-USDT-SWAP,sell,long,0.41,63541.3
2026-08-03T21:56:13.905+00:00,1785794173905,BTC-USDT-SWAP,sell,long,0.11,63541.3
2026-08-03T21:55:51.466+00:00,1785794151466,BTC-USDT-SWAP,sell,long,4.46,63548.8
2026-08-03T21:55:51.265+00:00,1785794151265,BTC-USDT-SWAP,sell,long,0.01,63551
2026-08-03T21:55:49.364+00:00,1785794149364,BTC-USDT-SWAP,sell,long,3.85,63552.2
2026-08-03T21:55:49.154+00:00,1785794149154,BTC-USDT-SWAP,sell,long,0.07,63557.7
2026-08-03T21:55:49.130+00:00,1785794149130,BTC-USDT-SWAP,sell,long,1.47,63557.7
2026-08-03T22:03:03.641+00:00,1785794583641,BTC-USDT-SWAP,sell,long,0.37,63484.6
2026-08-03T22:03:02.660+00:00,1785794582660,BTC-USDT-SWAP,sell,long,0.01,63485.4
2026-08-03T22:03:02.659+00:00,1785794582659,BTC-USDT-SWAP,sell,long,29.86,63485.4
2026-08-03T22:03:02.549+00:00,1785794582549,BTC-USDT-SWAP,sell,long,5.85,63485.9
2026-08-03T22:02:48.833+00:00,1785794568833,BTC-USDT-SWAP,sell,long,1.23,63486.3
2026-08-03T22:02:48.814+00:00,1785794568814,BTC-USDT-SWAP,sell,long,11.03,63486.3
2026-08-03T22:02:48.646+00:00,1785794568646,BTC-USDT-SWAP,sell,long,0.04,63488
2026-08-03T22:02:48.605+00:00,1785794568605,BTC-USDT-SWAP,sell,long,14.83,63488
2026-08-03T22:02:48.569+00:00,1785794568569,BTC-USDT-SWAP,sell,long,0.32,63488
2026-08-03T22:02:48.567+00:00,1785794568567,BTC-USDT-SWAP,sell,long,0.39,63488
2026-08-03T22:02:48.454+00:00,1785794568454,BTC-USDT-SWAP,sell,long,0.3,63495
2026-08-03T22:02:48.448+00:00,1785794568448,BTC-USDT-SWAP,sell,long,3.77,63495
2026-08-03T22:02:48.448+00:00,1785794568448,BTC-USDT-SWAP,sell,long,5.79,63495
2026-08-03T22:02:48.364+00:00,1785794568364,BTC-USDT-SWAP,sell,long,49.29,63495
2026-08-03T22:02:48.353+00:00,1785794568353,BTC-USDT-SWAP,sell,long,2.21,63495
2026-08-03T22:02:45.598+00:00,1785794565598,BTC-USDT-SWAP,sell,long,68.65,63510.7
2026-08-03T22:02:45.377+00:00,1785794565377,BTC-USDT-SWAP,sell,long,2.55,63511.5
2026-08-03T22:02:43.529+00:00,1785794563529,BTC-USDT-SWAP,sell,long,0.37,63512.7
2026-08-03T22:02:43.500+00:00,1785794563500,BTC-USDT-SWAP,sell,long,0.36,63512.7
2026-08-03T22:02:43.191+00:00,1785794563191,BTC-USDT-SWAP,sell,long,0.01,63517.8
2026-08-03T22:02:43.174+00:00,1785794563174,BTC-USDT-SWAP,sell,long,3.95,63517.8
2026-08-03T22:02:43.064+00:00,1785794563064,BTC-USDT-SWAP,sell,long,33.71,63517.8
2026-08-03T22:03:18.054+00:00,1785794598054,BTC-USDT-SWAP,sell,long,0.23,63450.1
2026-08-03T22:03:18.026+00:00,1785794598026,BTC-USDT-SWAP,sell,long,0.81,63450.1
2026-08-03T22:03:17.997+00:00,1785794597997,BTC-USDT-SWAP,sell,long,0.15,63450.1
2026-08-03T22:03:17.622+00:00,1785794597622,BTC-USDT-SWAP,sell,long,0.01,63452.9
2026-08-03T22:03:17.619+00:00,1785794597619,BTC-USDT-SWAP,sell,long,1,63452.9
2026-08-03T22:03:17.570+00:00,1785794597570,BTC-USDT-SWAP,sell,long,1.56,63452.9
2026-08-03T22:03:17.548+00:00,1785794597548,BTC-USDT-SWAP,sell,long,6,63452.9
2026-08-03T22:03:17.520+00:00,1785794597520,BTC-USDT-SWAP,sell,long,0.1,63452.9
2026-08-03T22:03:17.479+00:00,1785794597479,BTC-USDT-SWAP,sell,long,7.67,63452.9
2026-08-03T22:03:17.402+00:00,1785794597402,BTC-USDT-SWAP,sell,long,0.45,63464.2
2026-08-03T22:03:17.380+00:00,1785794597380,BTC-USDT-SWAP,sell,long,0.41,63464.2
2026-08-03T22:03:17.378+00:00,1785794597378,BTC-USDT-SWAP,sell,long,0.02,63464.2
2026-08-03T22:03:17.375+00:00,1785794597375,BTC-USDT-SWAP,sell,long,0.07,63464.2
2026-08-03T22:03:17.368+00:00,1785794597368,BTC-USDT-SWAP,sell,long,1.49,63464.2
2026-08-03T22:03:17.355+00:00,1785794597355,BTC-USDT-SWAP,sell,long,0.01,63464.2
2026-08-03T22:03:17.350+00:00,1785794597350,BTC-USDT-SWAP,sell,long,0.81,63464.2
2026-08-03T22:03:10.207+00:00,1785794590207,BTC-USDT-SWAP,sell,long,3.94,63473.1
2026-08-03T22:03:06.112+00:00,1785794586112,BTC-USDT-SWAP,sell,long,7.19,63476.9
2026-08-03T22:03:05.663+00:00,1785794585663,BTC-USDT-SWAP,sell,long,1,63477.3
2026-08-03T22:03:05.659+00:00,1785794585659,BTC-USDT-SWAP,sell,long,2.91,63477.3
2026-08-03T22:03:05.258+00:00,1785794585258,BTC-USDT-SWAP,sell,long,0.03,63477.6
2026-08-03T22:03:04.281+00:00,1785794584281,BTC-USDT-SWAP,sell,long,0.33,63481.9
2026-08-03T22:03:03.855+00:00,1785794583855,BTC-USDT-SWAP,sell,long,22.9,63483.8
2026-08-03T22:05:08.321+00:00,1785794708321,BTC-USDT-SWAP,sell,long,0.17,63423.1
2026-08-03T22:05:08.107+00:00,1785794708107,BTC-USDT-SWAP,sell,long,2.47,63423.4
2026-08-03T22:05:08.042+00:00,1785794708042,BTC-USDT-SWAP,sell,long,0.4,63423.4
2026-08-03T22:05:07.930+00:00,1785794707930,BTC-USDT-SWAP,sell,long,7.04,63425.7
2026-08-03T22:05:07.848+00:00,1785794707848,BTC-USDT-SWAP,sell,long,12.84,63425.7
2026-08-03T22:05:07.702+00:00,1785794707702,BTC-USDT-SWAP,sell,long,0.71,63430.3
2026-08-03T22:05:07.353+00:00,1785794707353,BTC-USDT-SWAP,sell,long,1.09,63435.2
2026-08-03T22:05:07.292+00:00,1785794707292,BTC-USDT-SWAP,sell,long,6.51,63435.2
2026-08-03T22:05:07.287+00:00,1785794707287,BTC-USDT-SWAP,sell,long,0.08,63435.2
2026-08-03T22:05:07.244+00:00,1785794707244,BTC-USDT-SWAP,sell,long,0.8,63435.2
2026-08-03T22:05:07.234+00:00,1785794707234,BTC-USDT-SWAP,sell,long,1.43,63435.2
2026-08-03T22:05:07.100+00:00,1785794707100,BTC-USDT-SWAP,sell,long,2.19,63441.9
2026-08-03T22:05:07.078+00:00,1785794707078,BTC-USDT-SWAP,sell,long,0.67,63441.9
2026-08-03T22:05:07.078+00:00,1785794707078,BTC-USDT-SWAP,sell,long,1.29,63441.9
2026-08-03T22:06:11.315+00:00,1785794771315,BTC-USDT-SWAP,sell,long,1.07,63389.1
2026-08-03T22:06:11.289+00:00,1785794771289,BTC-USDT-SWAP,sell,long,3,63389.1
2026-08-03T22:06:11.265+00:00,1785794771265,BTC-USDT-SWAP,sell,long,0.12,63389.1
2026-08-03T22:06:11.177+00:00,1785794771177,BTC-USDT-SWAP,sell,long,8.8,63389.1
2026-08-03T22:06:04.837+00:00,1785794764837,BTC-USDT-SWAP,sell,long,1.78,63396.9
2026-08-03T22:06:04.453+00:00,1785794764453,BTC-USDT-SWAP,sell,long,2.3,63397.9
2026-08-03T22:05:30.699+00:00,1785794730699,BTC-USDT-SWAP,sell,long,58.94,63399.9
2026-08-03T22:05:28.970+00:00,1785794728970,BTC-USDT-SWAP,sell,long,0.56,63398.3
2026-08-03T22:05:28.966+00:00,1785794728966,BTC-USDT-SWAP,sell,long,1.94,63398.3
2026-08-03T22:05:28.202+00:00,1785794728202,BTC-USDT-SWAP,sell,long,2.01,63406.5
2026-08-03T22:05:28.152+00:00,1785794728152,BTC-USDT-SWAP,sell,long,2,63406.5
2026-08-03T22:05:27.002+00:00,1785794727002,BTC-USDT-SWAP,sell,long,53.97,63408.4
2026-08-03T22:05:26.587+00:00,1785794726587,BTC-USDT-SWAP,sell,long,0.6,63410.6
2026-08-03T22:05:26.569+00:00,1785794726569,BTC-USDT-SWAP,sell,long,1.97,63410.6
2026-08-03T22:05:26.471+00:00,1785794726471,BTC-USDT-SWAP,sell,long,0.63,63413.2
2026-08-03T22:05:26.452+00:00,1785794726452,BTC-USDT-SWAP,sell,long,0.71,63413.2
2026-08-03T22:05:26.388+00:00,1785794726388,BTC-USDT-SWAP,sell,long,2.13,63413.2
2026-08-03T22:05:26.383+00:00,1785794726383,BTC-USDT-SWAP,sell,long,2.48,63413.2
2026-08-03T22:05:26.382+00:00,1785794726382,BTC-USDT-SWAP,sell,long,4.48,63413.2
2026-08-03T22:05:12.472+00:00,1785794712472,BTC-USDT-SWAP,sell,long,0.12,63419.9
2026-08-03T22:05:12.278+00:00,1785794712278,BTC-USDT-SWAP,sell,long,2.07,63421.9
2026-08-03T22:05:11.329+00:00,1785794711329,BTC-USDT-SWAP,sell,long,3.24,63422.9
2026-08-03T22:06:23.199+00:00,1785794783199,BTC-USDT-SWAP,sell,long,96.11,63366.2
2026-08-03T22:06:23.180+00:00,1785794783180,BTC-USDT-SWAP,sell,long,0.11,63366.2
2026-08-03T22:06:23.159+00:00,1785794783159,BTC-USDT-SWAP,sell,long,0.02,63366.2
2026-08-03T22:06:23.094+00:00,1785794783094,BTC-USDT-SWAP,sell,long,79.27,63366.2
2026-08-03T22:06:23.087+00:00,1785794783087,BTC-USDT-SWAP,sell,long,3.14,63366.2
2026-08-03T22:06:22.939+00:00,1785794782939,BTC-USDT-SWAP,sell,long,5.74,63374
2026-08-03T22:06:22.822+00:00,1785794782822,BTC-USDT-SWAP,sell,long,0.1,63374
2026-08-03T22:06:22.710+00:00,1785794782710,BTC-USDT-SWAP,sell,long,0.21,63382.1
2026-08-03T22:06:21.349+00:00,1785794781349,BTC-USDT-SWAP,sell,long,0.37,63383
2026-08-03T22:06:19.604+00:00,1785794779604,BTC-USDT-SWAP,sell,long,0.89,63383.8
2026-08-03T22:06:17.693+00:00,1785794777693,BTC-USDT-SWAP,sell,long,5.17,63384.2
2026-08-03T22:06:17.688+00:00,1785794777688,BTC-USDT-SWAP,sell,long,2,63384.2
2026-08-03T22:06:17.629+00:00,1785794777629,BTC-USDT-SWAP,sell,long,3.04,63384.2
2026-08-03T22:06:17.508+00:00,1785794777508,BTC-USDT-SWAP,sell,long,0.71,63386.4
2026-08-03T23:57:52.603+00:00,1785801472603,BTC-USDT-SWAP,buy,short,0.85,63501.6
2026-08-04T00:18:18.439+00:00,1785802698439,BTC-USDT-SWAP,sell,long,0.41,63364.1
2026-08-04T00:35:33.085+00:00,1785803733085,BTC-USDT-SWAP,sell,long,59.79,63325.6
2026-08-04T00:35:16.491+00:00,1785803716491,BTC-USDT-SWAP,sell,long,1,63337.3
2026-08-04T00:35:16.043+00:00,1785803716043,BTC-USDT-SWAP,sell,long,0.47,63339.7
2026-08-04T00:35:16.001+00:00,1785803716001,BTC-USDT-SWAP,sell,long,2.5,63340.6
2026-08-04T00:35:12.197+00:00,1785803712197,BTC-USDT-SWAP,sell,long,0.13,63341.5
2026-08-04T00:35:12.158+00:00,1785803712158,BTC-USDT-SWAP,sell,long,90.25,63341.5
2026-08-04T00:35:12.129+00:00,1785803712129,BTC-USDT-SWAP,sell,long,0.35,63341.5
2026-08-04T00:35:12.128+00:00,1785803712128,BTC-USDT-SWAP,sell,long,3.95,63341.5
2026-08-04T00:35:12.034+00:00,1785803712034,BTC-USDT-SWAP,sell,long,0.46,63341.5
2026-08-04T00:35:04.309+00:00,1785803704309,BTC-USDT-SWAP,sell,long,6.44,63350.7
2026-08-04T00:35:04.291+00:00,1785803704291,BTC-USDT-SWAP,sell,long,0.22,63350.7
2026-08-04T00:35:03.871+00:00,1785803703871,BTC-USDT-SWAP,sell,long,0.17,63356.1
2026-08-04T00:35:01.883+00:00,1785803701883,BTC-USDT-SWAP,sell,long,0.2,63357.6
2026-08-04T00:35:01.814+00:00,1785803701814,BTC-USDT-SWAP,sell,long,0.31,63357.6
2026-08-04T00:35:01.719+00:00,1785803701719,BTC-USDT-SWAP,sell,long,0.19,63357.6
2026-08-04T00:38:19.878+00:00,1785803899878,BTC-USDT-SWAP,sell,long,31.1,63324.1
2026-08-04T00:38:19.750+00:00,1785803899750,BTC-USDT-SWAP,sell,long,4.47,63326.5
2026-08-04T00:38:18.874+00:00,1785803898874,BTC-USDT-SWAP,sell,long,79.33,63331.2
2026-08-04T00:38:18.753+00:00,1785803898753,BTC-USDT-SWAP,sell,long,1.07,63331.2
2026-08-04T00:42:10.226+00:00,1785804130226,BTC-USDT-SWAP,sell,long,0.07,63318
2026-08-04T00:42:10.063+00:00,1785804130063,BTC-USDT-SWAP,sell,long,5.91,63318.5
2026-08-04T00:41:59.447+00:00,1785804119447,BTC-USDT-SWAP,sell,long,0.59,63321.8
2026-08-04T00:42:29.333+00:00,1785804149333,BTC-USDT-SWAP,sell,long,0.76,63309.7
2026-08-04T00:42:28.996+00:00,1785804148996,BTC-USDT-SWAP,sell,long,0.06,63311.7
2026-08-04T00:42:28.986+00:00,1785804148986,BTC-USDT-SWAP,sell,long,0.32,63311.7
2026-08-04T00:56:05.619+00:00,1785804965619,BTC-USDT-SWAP,sell,long,1.49,63294.1
2026-08-04T00:55:55.650+00:00,1785804955650,BTC-USDT-SWAP,sell,long,3.4,63306.7
2026-08-04T00:55:55.645+00:00,1785804955645,BTC-USDT-SWAP,sell,long,0.01,63306.7
2026-08-04T01:34:37.967+00:00,1785807277967,BTC-USDT-SWAP,buy,short,0.42,63685.1
2026-08-04T01:34:37.443+00:00,1785807277443,BTC-USDT-SWAP,buy,short,2.4,63678.9
2026-08-04T01:34:37.174+00:00,1785807277174,BTC-USDT-SWAP,buy,short,0.69,63678.1
2026-08-04T01:34:37.022+00:00,1785807277022,BTC-USDT-SWAP,buy,short,2.1,63677.4
2026-08-04T01:34:35.580+00:00,1785807275580,BTC-USDT-SWAP,buy,short,0.1,63668.1
2026-08-04T01:35:09.829+00:00,1785807309829,BTC-USDT-SWAP,buy,short,0.21,63719.8
2026-08-04T01:35:09.757+00:00,1785807309757,BTC-USDT-SWAP,buy,short,0.15,63719.8
2026-08-04T01:35:09.708+00:00,1785807309708,BTC-USDT-SWAP,buy,short,0.07,63719.8
2026-08-04T01:35:09.603+00:00,1785807309603,BTC-USDT-SWAP,buy,short,2.39,63712.5
2026-08-04T01:35:09.560+00:00,1785807309560,BTC-USDT-SWAP,buy,short,0.04,63712.5
2026-08-04T01:35:09.464+00:00,1785807309464,BTC-USDT-SWAP,buy,short,1.79,63712.5
2026-08-04T01:35:09.406+00:00,1785807309406,BTC-USDT-SWAP,buy,short,3.04,63700.3
2026-08-04T01:35:09.395+00:00,1785807309395,BTC-USDT-SWAP,buy,short,1.11,63700.3
2026-08-04T01:35:09.346+00:00,1785807309346,BTC-USDT-SWAP,buy,short,132.62,63700.3
2026-08-04T01:35:07.850+00:00,1785807307850,BTC-USDT-SWAP,buy,short,1.75,63694.4
2026-08-04T01:35:07.796+00:00,1785807307796,BTC-USDT-SWAP,buy,short,1.54,63689.6
2026-08-04T01:35:07.782+00:00,1785807307782,BTC-USDT-SWAP,buy,short,2.66,63689.6
2026-08-04T01:40:13.282+00:00,1785807613282,BTC-USDT-SWAP,buy,short,0.28,63732.5
2026-08-04T01:40:12.529+00:00,1785807612529,BTC-USDT-SWAP,buy,short,0.33,63729.6
2026-08-04T01:40:12.459+00:00,1785807612459,BTC-USDT-SWAP,buy,short,0.83,63729.6
2026-08-04T01:40:11.419+00:00,1785807611419,BTC-USDT-SWAP,buy,short,1000,63722.3
2026-08-04T01:40:11.282+00:00,1785807611282,BTC-USDT-SWAP,buy,short,29.94,63721.5
2026-08-04T01:40:10.624+00:00,1785807610624,BTC-USDT-SWAP,buy,short,0.21,63719.9
2026-08-04T01:41:22.736+00:00,1785807682736,BTC-USDT-SWAP,buy,short,0.06,63899.9
2026-08-04T01:41:22.686+00:00,1785807682686,BTC-USDT-SWAP,buy,short,0.17,63899.9
2026-08-04T01:41:04.307+00:00,1785807664307,BTC-USDT-SWAP,buy,short,1.37,63881.9
2026-08-04T01:41:04.287+00:00,1785807664287,BTC-USDT-SWAP,buy,short,4.99,63881.9
2026-08-04T01:41:04.248+00:00,1785807664248,BTC-USDT-SWAP,buy,short,2.31,63881.9
2026-08-04T01:41:04.234+00:00,1785807664234,BTC-USDT-SWAP,buy,short,0.09,63881.9
2026-08-04T01:41:04.197+00:00,1785807664197,BTC-USDT-SWAP,buy,short,10.33,63881.9
2026-08-04T01:41:04.139+00:00,1785807664139,BTC-USDT-SWAP,buy,short,10,63881.9
2026-08-04T01:41:03.741+00:00,1785807663741,BTC-USDT-SWAP,buy,short,1.91,63873.5
2026-08-04T01:41:03.197+00:00,1785807663197,BTC-USDT-SWAP,buy,short,0.1,63864.3
2026-08-04T01:41:03.170+00:00,1785807663170,BTC-USDT-SWAP,buy,short,1.94,63864.3
2026-08-04T01:41:03.147+00:00,1785807663147,BTC-USDT-SWAP,buy,short,0.01,63864.3
2026-08-04T01:41:03.012+00:00,1785807663012,BTC-USDT-SWAP,buy,short,0.86,63859.4
2026-08-04T01:40:53.611+00:00,1785807653611,BTC-USDT-SWAP,buy,short,0.02,63858.5
2026-08-04T01:40:53.429+00:00,1785807653429,BTC-USDT-SWAP,buy,short,2.68,63858.5
2026-08-04T01:40:53.420+00:00,1785807653420,BTC-USDT-SWAP,buy,short,26.13,63858.5
2026-08-04T01:40:53.398+00:00,1785807653398,BTC-USDT-SWAP,buy,short,0.1,63855.5
2026-08-04T01:40:53.367+00:00,1785807653367,BTC-USDT-SWAP,buy,short,2.39,63855.5
2026-08-04T01:40:53.344+00:00,1785807653344,BTC-USDT-SWAP,buy,short,0.01,63855.5
2026-08-04T01:40:53.323+00:00,1785807653323,BTC-USDT-SWAP,buy,short,1.62,63855.5
2026-08-04T01:40:53.272+00:00,1785807653272,BTC-USDT-SWAP,buy,short,2.48,63855.5
2026-08-04T01:40:53.252+00:00,1785807653252,BTC-USDT-SWAP,buy,short,8.23,63855.5
2026-08-04T01:40:53.204+00:00,1785807653204,BTC-USDT-SWAP,buy,short,0.46,63855.5
2026-08-04T01:40:53.198+00:00,1785807653198,BTC-USDT-SWAP,buy,short,1.6,63855.5
2026-08-04T01:40:53.123+00:00,1785807653123,BTC-USDT-SWAP,buy,short,22.49,63842.3
2026-08-04T01:40:53.108+00:00,1785807653108,BTC-USDT-SWAP,buy,short,0.01,63842.3
2026-08-04T01:40:48.581+00:00,1785807648581,BTC-USDT-SWAP,buy,short,1.48,63826.4
2026-08-04T01:40:48.578+00:00,1785807648578,BTC-USDT-SWAP,buy,short,0.35,63826.4
2026-08-04T01:40:48.553+00:00,1785807648553,BTC-USDT-SWAP,buy,short,10.1,63824.6
2026-08-04T01:40:48.504+00:00,1785807648504,BTC-USDT-SWAP,buy,short,6.18,63824.6
2026-08-04T01:40:48.482+00:00,1785807648482,BTC-USDT-SWAP,buy,short,0.04,63824.6
2026-08-04T01:40:48.419+00:00,1785807648419,BTC-USDT-SWAP,buy,short,0.05,63824.6
2026-08-04T01:40:48.169+00:00,1785807648169,BTC-USDT-SWAP,buy,short,135.2,63819.9
2026-08-04T01:40:47.548+00:00,1785807647548,BTC-USDT-SWAP,buy,short,0.23,63818.7
2026-08-04T01:40:47.069+00:00,1785807647069,BTC-USDT-SWAP,buy,short,141.92,63813.5
2026-08-04T01:40:46.932+00:00,1785807646932,BTC-USDT-SWAP,buy,short,0.28,63813.5
2026-08-04T01:40:45.078+00:00,1785807645078,BTC-USDT-SWAP,buy,short,0.91,63811.2
2026-08-04T01:40:44.953+00:00,1785807644953,BTC-USDT-SWAP,buy,short,0.35,63811.2
2026-08-04T01:40:44.801+00:00,1785807644801,BTC-USDT-SWAP,buy,short,0.33,63809.7
2026-08-04T01:40:44.767+00:00,1785807644767,BTC-USDT-SWAP,buy,short,1.1,63805.8
2026-08-04T01:40:44.733+00:00,1785807644733,BTC-USDT-SWAP,buy,short,0.09,63805.8
2026-08-04T01:40:44.693+00:00,1785807644693,BTC-USDT-SWAP,buy,short,1.67,63805.8
2026-08-04T01:40:44.677+00:00,1785807644677,BTC-USDT-SWAP,buy,short,2.75,63805.8
2026-08-04T01:40:44.650+00:00,1785807644650,BTC-USDT-SWAP,buy,short,0.01,63805.8
2026-08-04T01:40:44.649+00:00,1785807644649,BTC-USDT-SWAP,buy,short,1.35,63805.8
2026-08-04T01:40:44.463+00:00,1785807644463,BTC-USDT-SWAP,buy,short,0.55,63782.3
2026-08-04T01:40:44.438+00:00,1785807644438,BTC-USDT-SWAP,buy,short,10.17,63782.3
2026-08-04T01:40:44.219+00:00,1785807644219,BTC-USDT-SWAP,buy,short,32.3,63774.7
2026-08-04T01:40:44.215+00:00,1785807644215,BTC-USDT-SWAP,buy,short,115.35,63774.7
2026-08-04T01:40:38.276+00:00,1785807638276,BTC-USDT-SWAP,buy,short,1.09,63771.5
2026-08-04T01:40:38.156+00:00,1785807638156,BTC-USDT-SWAP,buy,short,0.89,63771.5
2026-08-04T01:40:38.047+00:00,1785807638047,BTC-USDT-SWAP,buy,short,3.19,63765.1
2026-08-04T01:40:38.021+00:00,1785807638021,BTC-USDT-SWAP,buy,short,0.58,63765.1
2026-08-04T01:40:37.953+00:00,1785807637953,BTC-USDT-SWAP,buy,short,11.34,63765.1
2026-08-04T01:40:37.938+00:00,1785807637938,BTC-USDT-SWAP,buy,short,0.71,63765.1
2026-08-04T01:40:37.919+00:00,1785807637919,BTC-USDT-SWAP,buy,short,9.29,63753.6
2026-08-04T01:40:37.792+00:00,1785807637792,BTC-USDT-SWAP,buy,short,1.22,63753.6
2026-08-04T01:40:37.775+00:00,1785807637775,BTC-USDT-SWAP,buy,short,1.9,63753.6
2026-08-04T01:40:37.733+00:00,1785807637733,BTC-USDT-SWAP,buy,short,9.18,63753.6
2026-08-04T01:40:23.384+00:00,1785807623384,BTC-USDT-SWAP,buy,short,2.37,63744.3
2026-08-04T01:40:23.292+00:00,1785807623292,BTC-USDT-SWAP,buy,short,27.78,63744.3
2026-08-04T01:41:23.028+00:00,1785807683028,BTC-USDT-SWAP,buy,short,0.78,63902.6
2026-08-04T01:41:22.931+00:00,1785807682931,BTC-USDT-SWAP,buy,short,157.35,63902.6
2026-08-04T01:41:22.767+00:00,1785807682767,BTC-USDT-SWAP,buy,short,150.53,63899.9
2026-08-04T02:36:50.184+00:00,1785811010184,BTC-USDT-SWAP,buy,short,1.95,63943.4
2026-08-04T02:36:50.166+00:00,1785811010166,BTC-USDT-SWAP,buy,short,0.17,63943.4
2026-08-04T02:36:50.135+00:00,1785811010135,BTC-USDT-SWAP,buy,short,3.02,63943.4
2026-08-04T02:36:50.116+00:00,1785811010116,BTC-USDT-SWAP,buy,short,0.01,63943.4
2026-08-04T02:36:50.093+00:00,1785811010093,BTC-USDT-SWAP,buy,short,1.74,63943.4
2026-08-04T02:36:49.737+00:00,1785811009737,BTC-USDT-SWAP,buy,short,0.85,63933.1
2026-08-04T02:36:49.694+00:00,1785811009694,BTC-USDT-SWAP,buy,short,4.32,63933.1
2026-08-04T02:36:49.693+00:00,1785811009693,BTC-USDT-SWAP,buy,short,0.13,63933.1
2026-08-04T02:36:49.671+00:00,1785811009671,BTC-USDT-SWAP,buy,short,6.61,63933.1
2026-08-04T02:36:49.554+00:00,1785811009554,BTC-USDT-SWAP,buy,short,15.14,63913.3
2026-08-04T02:36:49.527+00:00,1785811009527,BTC-USDT-SWAP,buy,short,1.6,63913.3
2026-08-04T02:36:49.482+00:00,1785811009482,BTC-USDT-SWAP,buy,short,0.97,63913.3
2026-08-04T02:36:49.445+00:00,1785811009445,BTC-USDT-SWAP,buy,short,18.04,63913.3
2026-08-04T03:58:55.605+00:00,1785815935605,BTC-USDT-SWAP,sell,long,15.77,63774.4
2026-08-04T04:30:20.264+00:00,1785817820264,BTC-USDT-SWAP,buy,short,1.88,63808.9
2026-08-04T04:30:19.416+00:00,1785817819416,BTC-USDT-SWAP,buy,short,11.73,63808.9
2026-08-04T04:40:11.815+00:00,1785818411815,BTC-USDT-SWAP,buy,short,0.24,64008.3
2026-08-04T04:40:11.642+00:00,1785818411642,BTC-USDT-SWAP,buy,short,0.29,64008.3
2026-08-04T04:40:11.592+00:00,1785818411592,BTC-USDT-SWAP,buy,short,0.63,64001.6
2026-08-04T04:39:56.380+00:00,1785818396380,BTC-USDT-SWAP,buy,short,0.63,63998.3
2026-08-04T04:39:25.473+00:00,1785818365473,BTC-USDT-SWAP,buy,short,0.86,63979.5
2026-08-04T04:39:25.104+00:00,1785818365104,BTC-USDT-SWAP,buy,short,18.08,63970.9
2026-08-04T04:39:25.084+00:00,1785818365084,BTC-USDT-SWAP,buy,short,0.86,63970.9
2026-08-04T04:39:25.041+00:00,1785818365041,BTC-USDT-SWAP,buy,short,0.48,63970.9
2026-08-04T04:39:25.022+00:00,1785818365022,BTC-USDT-SWAP,buy,short,4.31,63970.9
2026-08-04T04:39:25.010+00:00,1785818365010,BTC-USDT-SWAP,buy,short,9.88,63970.9
2026-08-04T04:39:24.826+00:00,1785818364826,BTC-USDT-SWAP,buy,short,1.46,63951.8
2026-08-04T04:39:20.792+00:00,1785818360792,BTC-USDT-SWAP,buy,short,1.97,63948.8
2026-08-04T04:39:20.780+00:00,1785818360780,BTC-USDT-SWAP,buy,short,0.68,63948.8
2026-08-04T04:39:20.688+00:00,1785818360688,BTC-USDT-SWAP,buy,short,0.94,63948.8
2026-08-04T04:44:21.307+00:00,1785818661307,BTC-USDT-SWAP,buy,short,0.78,64029.2
2026-08-04T04:44:19.790+00:00,1785818659790,BTC-USDT-SWAP,buy,short,0.52,64026.4
2026-08-04T04:44:09.779+00:00,1785818649779,BTC-USDT-SWAP,buy,short,3.3,64018.8
2026-08-04T04:44:09.070+00:00,1785818649070,BTC-USDT-SWAP,buy,short,0.78,64018.2
2026-08-04T04:44:09.067+00:00,1785818649067,BTC-USDT-SWAP,buy,short,0.44,64018.2
2026-08-04T04:43:56.196+00:00,1785818636196,BTC-USDT-SWAP,buy,short,15.41,64011
2026-08-04T04:43:55.703+00:00,1785818635703,BTC-USDT-SWAP,buy,short,6.07,64010.8
2026-08-04T04:44:26.188+00:00,1785818666188,BTC-USDT-SWAP,buy,short,1.35,64032.7
2026-08-04T04:47:30.517+00:00,1785818850517,BTC-USDT-SWAP,buy,short,22.38,64172.2
2026-08-04T04:47:28.122+00:00,1785818848122,BTC-USDT-SWAP,buy,short,5.78,64172.7
2026-08-04T04:47:27.761+00:00,1785818847761,BTC-USDT-SWAP,buy,short,13.36,64171.7
2026-08-04T04:47:27.707+00:00,1785818847707,BTC-USDT-SWAP,buy,short,1.49,64171.7
2026-08-04T04:47:27.696+00:00,1785818847696,BTC-USDT-SWAP,buy,short,1.17,64171.7
2026-08-04T04:47:27.542+00:00,1785818847542,BTC-USDT-SWAP,buy,short,1.3,64169.3
2026-08-04T04:47:27.530+00:00,1785818847530,BTC-USDT-SWAP,buy,short,10.13,64169.3
2026-08-04T04:47:07.255+00:00,1785818827255,BTC-USDT-SWAP,buy,short,0.08,64167.5
2026-08-04T04:47:07.176+00:00,1785818827176,BTC-USDT-SWAP,buy,short,5.65,64167.5
2026-08-04T04:47:07.150+00:00,1785818827150,BTC-USDT-SWAP,buy,short,0.79,64167.5
2026-08-04T04:47:07.075+00:00,1785818827075,BTC-USDT-SWAP,buy,short,5.55,64167.5
2026-08-04T04:47:05.002+00:00,1785818825002,BTC-USDT-SWAP,buy,short,3.58,64163.6
2026-08-04T04:47:04.996+00:00,1785818824996,BTC-USDT-SWAP,buy,short,0.25,64163.6
2026-08-04T04:47:04.985+00:00,1785818824985,BTC-USDT-SWAP,buy,short,0.57,64163.6
2026-08-04T04:47:04.979+00:00,1785818824979,BTC-USDT-SWAP,buy,short,0.25,64163.6
2026-08-04T04:47:04.968+00:00,1785818824968,BTC-USDT-SWAP,buy,short,4.29,64163.6
2026-08-04T04:47:04.966+00:00,1785818824966,BTC-USDT-SWAP,buy,short,4.15,64163.6
2026-08-04T04:47:04.957+00:00,1785818824957,BTC-USDT-SWAP,buy,short,7.46,64163.6
2026-08-04T04:47:04.954+00:00,1785818824954,BTC-USDT-SWAP,buy,short,4.86,64163.6
2026-08-04T04:47:04.922+00:00,1785818824922,BTC-USDT-SWAP,buy,short,0.43,64163.6
2026-08-04T04:47:04.922+00:00,1785818824922,BTC-USDT-SWAP,buy,short,1.85,64163.6
2026-08-04T04:47:04.917+00:00,1785818824917,BTC-USDT-SWAP,buy,short,0.09,64163.6
2026-08-04T04:47:04.913+00:00,1785818824913,BTC-USDT-SWAP,buy,short,44.48,64163.6
2026-08-04T04:47:04.886+00:00,1785818824886,BTC-USDT-SWAP,buy,short,6,64163.6
2026-08-04T04:47:04.881+00:00,1785818824881,BTC-USDT-SWAP,buy,short,1.51,64163.6
2026-08-04T04:47:04.818+00:00,1785818824818,BTC-USDT-SWAP,buy,short,23.26,64163.6
2026-08-04T04:47:04.815+00:00,1785818824815,BTC-USDT-SWAP,buy,short,0.92,64163.6
2026-08-04T04:46:49.018+00:00,1785818809018,BTC-USDT-SWAP,buy,short,2.67,64128.5
2026-08-04T04:46:48.576+00:00,1785818808576,BTC-USDT-SWAP,buy,short,0.03,64128.1
2026-08-04T04:46:48.437+00:00,1785818808437,BTC-USDT-SWAP,buy,short,0.68,64127.9
2026-08-04T04:46:48.338+00:00,1785818808338,BTC-USDT-SWAP,buy,short,21.64,64127.9
2026-08-04T04:46:48.255+00:00,1785818808255,BTC-USDT-SWAP,buy,short,28.53,64125.8
2026-08-04T04:46:48.245+00:00,1785818808245,BTC-USDT-SWAP,buy,short,1.11,64125.8
2026-08-04T04:46:48.225+00:00,1785818808225,BTC-USDT-SWAP,buy,short,1.76,64125.8
2026-08-04T04:46:48.224+00:00,1785818808224,BTC-USDT-SWAP,buy,short,0.74,64125.8
2026-08-04T04:46:48.220+00:00,1785818808220,BTC-USDT-SWAP,buy,short,2.22,64125.8
2026-08-04T04:46:48.201+00:00,1785818808201,BTC-USDT-SWAP,buy,short,3.71,64125.8
2026-08-04T04:46:48.113+00:00,1785818808113,BTC-USDT-SWAP,buy,short,0.46,64125.8
2026-08-04T04:46:48.105+00:00,1785818808105,BTC-USDT-SWAP,buy,short,0.68,64125.8
2026-08-04T04:46:47.850+00:00,1785818807850,BTC-USDT-SWAP,buy,short,2.41,64122
2026-08-04T04:46:47.685+00:00,1785818807685,BTC-USDT-SWAP,buy,short,0.16,64122
2026-08-04T04:46:47.426+00:00,1785818807426,BTC-USDT-SWAP,buy,short,0.04,64119.4
2026-08-04T04:46:41.234+00:00,1785818801234,BTC-USDT-SWAP,buy,short,4.7,64118.9
2026-08-04T04:46:41.181+00:00,1785818801181,BTC-USDT-SWAP,buy,short,0.6,64118.9
2026-08-04T04:46:41.162+00:00,1785818801162,BTC-USDT-SWAP,buy,short,0.84,64118.9
2026-08-04T04:46:41.156+00:00,1785818801156,BTC-USDT-SWAP,buy,short,0.1,64118.9
2026-08-04T04:46:41.150+00:00,1785818801150,BTC-USDT-SWAP,buy,short,0.09,64118.9
2026-08-04T04:46:41.115+00:00,1785818801115,BTC-USDT-SWAP,buy,short,0.9,64118.9
2026-08-04T04:46:41.111+00:00,1785818801111,BTC-USDT-SWAP,buy,short,4.43,64118.9
2026-08-04T04:46:41.109+00:00,1785818801109,BTC-USDT-SWAP,buy,short,1.13,64118.9
2026-08-04T04:46:41.109+00:00,1785818801109,BTC-USDT-SWAP,buy,short,0.2,64118.9
2026-08-04T04:46:41.106+00:00,1785818801106,BTC-USDT-SWAP,buy,short,0.04,64118.9
2026-08-04T04:46:41.091+00:00,1785818801091,BTC-USDT-SWAP,buy,short,3.95,64118.9
2026-08-04T04:46:41.075+00:00,1785818801075,BTC-USDT-SWAP,buy,short,1.4,64111.2
2026-08-04T04:46:40.986+00:00,1785818800986,BTC-USDT-SWAP,buy,short,11.84,64111.2
2026-08-04T04:46:40.853+00:00,1785818800853,BTC-USDT-SWAP,buy,short,9.3,64111.2
2026-08-04T04:46:40.837+00:00,1785818800837,BTC-USDT-SWAP,buy,short,1.51,64111.2
2026-08-04T04:46:40.797+00:00,1785818800797,BTC-USDT-SWAP,buy,short,60,64085.6
2026-08-04T04:46:40.439+00:00,1785818800439,BTC-USDT-SWAP,buy,short,0.26,64047.7
2026-08-04T04:46:40.376+00:00,1785818800376,BTC-USDT-SWAP,buy,short,1.97,64050.7
2026-08-04T04:46:38.837+00:00,1785818798837,BTC-USDT-SWAP,buy,short,0.89,64045.9
2026-08-04T04:46:35.801+00:00,1785818795801,BTC-USDT-SWAP,buy,short,753.26,64038.2
2026-08-04T04:46:35.722+00:00,1785818795722,BTC-USDT-SWAP,buy,short,0.48,64038.2
2026-08-04T04:46:35.351+00:00,1785818795351,BTC-USDT-SWAP,buy,short,1.87,64037.5
2026-08-04T04:47:56.564+00:00,1785818876564,BTC-USDT-SWAP,buy,short,0.3,64218.8
2026-08-04T04:47:56.564+00:00,1785818876564,BTC-USDT-SWAP,buy,short,0.32,64218.8
2026-08-04T04:47:56.357+00:00,1785818876357,BTC-USDT-SWAP,buy,short,0.32,64213.7
2026-08-04T04:47:56.337+00:00,1785818876337,BTC-USDT-SWAP,buy,short,4.3,64213.7
2026-08-04T04:47:56.327+00:00,1785818876327,BTC-USDT-SWAP,buy,short,0.29,64213.7
2026-08-04T04:47:56.324+00:00,1785818876324,BTC-USDT-SWAP,buy,short,8.5,64213.7
2026-08-04T04:47:56.316+00:00,1785818876316,BTC-USDT-SWAP,buy,short,7.86,64213.7
2026-08-04T04:47:56.313+00:00,1785818876313,BTC-USDT-SWAP,buy,short,0.27,64213.7
2026-08-04T04:47:56.312+00:00,1785818876312,BTC-USDT-SWAP,buy,short,0.21,64213.7
2026-08-04T04:47:56.311+00:00,1785818876311,BTC-USDT-SWAP,buy,short,0.16,64213.7
2026-08-04T04:47:56.246+00:00,1785818876246,BTC-USDT-SWAP,buy,short,39.31,64213.7
2026-08-04T04:47:56.237+00:00,1785818876237,BTC-USDT-SWAP,buy,short,24.81,64213.7
2026-08-04T04:47:56.153+00:00,1785818876153,BTC-USDT-SWAP,buy,short,1.49,64213.7
2026-08-04T04:47:56.153+00:00,1785818876153,BTC-USDT-SWAP,buy,short,50,64213.7
2026-08-04T04:47:56.115+00:00,1785818876115,BTC-USDT-SWAP,buy,short,0.18,64202.8
2026-08-04T04:47:56.101+00:00,1785818876101,BTC-USDT-SWAP,buy,short,0.42,64202.8
2026-08-04T04:47:56.098+00:00,1785818876098,BTC-USDT-SWAP,buy,short,9.76,64202.8
2026-08-04T04:47:56.092+00:00,1785818876092,BTC-USDT-SWAP,buy,short,11.46,64202.8
2026-08-04T04:47:51.725+00:00,1785818871725,BTC-USDT-SWAP,buy,short,2.84,64176.8
2026-08-04T04:47:51.720+00:00,1785818871720,BTC-USDT-SWAP,buy,short,3.35,64176.8
2026-08-04T04:47:51.683+00:00,1785818871683,BTC-USDT-SWAP,buy,short,0.09,64176.8
2026-08-04T04:47:51.666+00:00,1785818871666,BTC-USDT-SWAP,buy,short,0.22,64176.8
2026-08-04T04:47:51.572+00:00,1785818871572,BTC-USDT-SWAP,buy,short,1.1,64176.8
2026-08-04T05:12:42.819+00:00,1785820362819,BTC-USDT-SWAP,sell,long,15.99,63865.2
2026-08-04T05:25:27.712+00:00,1785821127712,BTC-USDT-SWAP,sell,long,0.42,63802.9
2026-08-04T05:26:08.480+00:00,1785821168480,BTC-USDT-SWAP,sell,long,0.44,63787
2026-08-04T05:26:05.308+00:00,1785821165308,BTC-USDT-SWAP,sell,long,2.77,63792.2
2026-08-04T05:50:31.290+00:00,1785822631290,BTC-USDT-SWAP,sell,long,6.36,63770.6
2026-08-04T05:50:31.028+00:00,1785822631028,BTC-USDT-SWAP,sell,long,0.17,63774.5
2026-08-04T05:57:48.205+00:00,1785823068205,BTC-USDT-SWAP,sell,long,0.01,63769
2026-08-04T06:00:59.147+00:00,1785823259147,BTC-USDT-SWAP,sell,long,0.28,63747.7
2026-08-04T06:00:34.438+00:00,1785823234438,BTC-USDT-SWAP,sell,long,0.31,63758.3
2026-08-04T06:00:34.370+00:00,1785823234370,BTC-USDT-SWAP,sell,long,1.34,63758.3
2026-08-04T06:16:25.766+00:00,1785824185766,BTC-USDT-SWAP,buy,short,0.15,63784.5
2026-08-03T06:37:04.099+00:00,1785739024099,BTC-USDT-SWAP,sell,long,0.12,62698.2
2026-08-03T06:37:04.091+00:00,1785739024091,BTC-USDT-SWAP,sell,long,0.63,62698.2
2026-08-03T06:37:03.949+00:00,1785739023949,BTC-USDT-SWAP,sell,long,1.47,62712.8
2026-08-04T06:28:26.472+00:00,1785824906472,BTC-USDT-SWAP,sell,long,25.88,63732.2
2026-08-04T06:37:42.236+00:00,1785825462236,BTC-USDT-SWAP,sell,long,3.1,63725.6
2026-08-04T06:40:05.885+00:00,1785825605885,BTC-USDT-SWAP,sell,long,0.34,63666.1
2026-08-04T06:39:54.559+00:00,1785825594559,BTC-USDT-SWAP,sell,long,0.05,63668.5
2026-08-04T06:39:54.476+00:00,1785825594476,BTC-USDT-SWAP,sell,long,5.49,63668.5
2026-08-04T06:39:50.129+00:00,1785825590129,BTC-USDT-SWAP,sell,long,15.81,63674.4
2026-08-04T06:39:50.046+00:00,1785825590046,BTC-USDT-SWAP,sell,long,1,63674.4
2026-08-04T06:39:50.034+00:00,1785825590034,BTC-USDT-SWAP,sell,long,0.01,63674.4
2026-08-04T06:39:25.400+00:00,1785825565400,BTC-USDT-SWAP,sell,long,179.83,63699.7
2026-08-03T06:40:48.107+00:00,1785739248107,BTC-USDT-SWAP,sell,long,30.1,62639.6
2026-08-04T06:40:15.138+00:00,1785825615138,BTC-USDT-SWAP,sell,long,15.1,63666.6
2026-08-04T06:49:02.246+00:00,1785826142246,BTC-USDT-SWAP,sell,long,2.43,63649.1
2026-08-04T06:50:07.016+00:00,1785826207016,BTC-USDT-SWAP,sell,long,60.48,63634.1
2026-08-04T07:09:02.048+00:00,1785827342048,BTC-USDT-SWAP,sell,long,1.92,63619.8
2026-08-04T07:10:14.887+00:00,1785827414887,BTC-USDT-SWAP,sell,long,0.34,63603.8
2026-08-04T07:10:20.478+00:00,1785827420478,BTC-USDT-SWAP,sell,long,1.03,63585.7
2026-08-04T07:12:25.829+00:00,1785827545829,BTC-USDT-SWAP,sell,long,0.02,63559.3
2026-08-04T07:15:55.627+00:00,1785827755627,BTC-USDT-SWAP,sell,long,10,63561.5
2026-08-04T07:18:59.840+00:00,1785827939840,BTC-USDT-SWAP,sell,long,2.76,63520.4
2026-08-04T07:20:46.325+00:00,1785828046325,BTC-USDT-SWAP,sell,long,0.52,63497.2
2026-08-04T07:20:46.221+00:00,1785828046221,BTC-USDT-SWAP,sell,long,51.03,63497.3
2026-08-04T07:20:44.730+00:00,1785828044730,BTC-USDT-SWAP,sell,long,0.17,63499.2
2026-08-04T07:20:42.892+00:00,1785828042892,BTC-USDT-SWAP,sell,long,2.73,63502.7
2026-08-04T07:20:42.734+00:00,1785828042734,BTC-USDT-SWAP,sell,long,0.04,63503.1
2026-08-04T07:20:34.245+00:00,1785828034245,BTC-USDT-SWAP,sell,long,16.9,63506.1
2026-08-04T07:20:24.579+00:00,1785828024579,BTC-USDT-SWAP,sell,long,0.09,63510.1
2026-08-04T07:20:22.160+00:00,1785828022160,BTC-USDT-SWAP,sell,long,0.03,63511.9
2026-08-04T07:20:59.460+00:00,1785828059460,BTC-USDT-SWAP,sell,long,0.11,63488.9
2026-08-04T07:20:59.403+00:00,1785828059403,BTC-USDT-SWAP,sell,long,8.66,63488.9
2026-08-04T07:20:58.561+00:00,1785828058561,BTC-USDT-SWAP,sell,long,30,63493.8
2026-08-04T07:20:51.124+00:00,1785828051124,BTC-USDT-SWAP,sell,long,0.08,63493.9
2026-08-04T07:24:13.986+00:00,1785828253986,BTC-USDT-SWAP,sell,long,1.16,63480.1
2026-08-04T07:24:13.638+00:00,1785828253638,BTC-USDT-SWAP,sell,long,1.76,63481.1
2026-08-04T07:24:13.480+00:00,1785828253480,BTC-USDT-SWAP,sell,long,1.14,63482.1
2026-08-04T07:24:13.446+00:00,1785828253446,BTC-USDT-SWAP,sell,long,1.12,63482.1
2026-08-04T07:24:13.413+00:00,1785828253413,BTC-USDT-SWAP,sell,long,0.02,63482.1
2026-08-04T07:24:13.405+00:00,1785828253405,BTC-USDT-SWAP,sell,long,0.68,63482.1
2026-08-04T08:02:24.397+00:00,1785830544397,BTC-USDT-SWAP,buy,short,15.49,63713.5
2026-08-04T08:28:35.183+00:00,1785832115183,BTC-USDT-SWAP,buy,short,0.01,63606
2026-08-04T10:15:37.037+00:00,1785838537037,BTC-USDT-SWAP,sell,long,0.02,63429
2026-08-04T10:15:32.656+00:00,1785838532656,BTC-USDT-SWAP,sell,long,0.23,63430.8
2026-08-04T10:15:31.976+00:00,1785838531976,BTC-USDT-SWAP,sell,long,0.01,63432
2026-08-04T10:15:29.800+00:00,1785838529800,BTC-USDT-SWAP,sell,long,0.93,63433.7
2026-08-04T10:15:29.776+00:00,1785838529776,BTC-USDT-SWAP,sell,long,5.31,63433.7
2026-08-04T10:15:29.635+00:00,1785838529635,BTC-USDT-SWAP,sell,long,10,63433.7
2026-08-04T10:15:29.613+00:00,1785838529613,BTC-USDT-SWAP,sell,long,1.06,63435.6
2026-08-04T10:15:29.582+00:00,1785838529582,BTC-USDT-SWAP,sell,long,0.44,63435.6
2026-08-04T10:15:29.559+00:00,1785838529559,BTC-USDT-SWAP,sell,long,0.06,63435.6
2026-08-04T10:15:29.417+00:00,1785838529417,BTC-USDT-SWAP,sell,long,0.01,63435.6
2026-08-04T10:15:29.413+00:00,1785838529413,BTC-USDT-SWAP,sell,long,1.56,63435.6
2026-08-04T10:15:29.384+00:00,1785838529384,BTC-USDT-SWAP,sell,long,5.26,63438.6
2026-08-04T10:15:29.325+00:00,1785838529325,BTC-USDT-SWAP,sell,long,0.27,63438.6
2026-08-04T10:15:29.306+00:00,1785838529306,BTC-USDT-SWAP,sell,long,0.37,63438.6
2026-08-04T10:15:29.080+00:00,1785838529080,BTC-USDT-SWAP,sell,long,0.16,63444.2
2026-08-04T10:15:25.735+00:00,1785838525735,BTC-USDT-SWAP,sell,long,0.1,63444.7
2026-08-04T10:15:17.319+00:00,1785838517319,BTC-USDT-SWAP,sell,long,1.45,63451.8
2026-08-04T10:15:17.313+00:00,1785838517313,BTC-USDT-SWAP,sell,long,0.27,63452
2026-08-04T10:15:17.275+00:00,1785838517275,BTC-USDT-SWAP,sell,long,2.5,63452
2026-08-04T10:15:17.250+00:00,1785838517250,BTC-USDT-SWAP,sell,long,1.48,63452
2026-08-04T10:15:17.243+00:00,1785838517243,BTC-USDT-SWAP,sell,long,14.56,63452
2026-08-04T10:15:17.234+00:00,1785838517234,BTC-USDT-SWAP,sell,long,0.15,63452
2026-08-04T10:15:15.020+00:00,1785838515020,BTC-USDT-SWAP,sell,long,8.93,63461.8
2026-08-04T10:15:13.816+00:00,1785838513816,BTC-USDT-SWAP,sell,long,2.79,63462.6
2026-08-04T10:15:10.279+00:00,1785838510279,BTC-USDT-SWAP,sell,long,17.42,63465.1
2026-08-04T10:15:10.239+00:00,1785838510239,BTC-USDT-SWAP,sell,long,0.09,63465.1
2026-08-04T10:15:10.045+00:00,1785838510045,BTC-USDT-SWAP,sell,long,0.13,63471.1
2026-08-04T10:15:09.984+00:00,1785838509984,BTC-USDT-SWAP,sell,long,0.04,63471.1
2026-08-04T10:28:03.061+00:00,1785839283061,BTC-USDT-SWAP,sell,long,3.08,63471.2
2026-08-04T10:44:49.423+00:00,1785840289423,BTC-USDT-SWAP,buy,short,15.79,63643.6
2026-08-04T10:45:29.255+00:00,1785840329255,BTC-USDT-SWAP,buy,short,3.61,63799.2
2026-08-04T10:45:29.200+00:00,1785840329200,BTC-USDT-SWAP,buy,short,15.01,63799.2
2026-08-04T10:45:29.186+00:00,1785840329186,BTC-USDT-SWAP,buy,short,0.48,63799.2
2026-08-04T10:45:29.151+00:00,1785840329151,BTC-USDT-SWAP,buy,short,0.69,63799.2
2026-08-04T10:45:14.535+00:00,1785840314535,BTC-USDT-SWAP,sell,long,43.39,63698.1
2026-08-04T10:45:12.098+00:00,1785840312098,BTC-USDT-SWAP,buy,short,0.16,63687.9
2026-08-04T10:47:37.193+00:00,1785840457193,BTC-USDT-SWAP,buy,short,0.93,63824.2
2026-08-04T10:47:37.075+00:00,1785840457075,BTC-USDT-SWAP,buy,short,0.27,63822.7
2026-08-04T10:47:34.786+00:00,1785840454786,BTC-USDT-SWAP,buy,short,1.15,63823.3
2026-08-04T10:47:34.576+00:00,1785840454576,BTC-USDT-SWAP,buy,short,34.79,63820.7
2026-08-04T10:47:34.421+00:00,1785840454421,BTC-USDT-SWAP,buy,short,1.49,63819.7
2026-08-04T10:47:34.022+00:00,1785840454022,BTC-USDT-SWAP,buy,short,2.7,63813.7
2026-08-04T10:47:33.983+00:00,1785840453983,BTC-USDT-SWAP,buy,short,5.2,63813.7
2026-08-04T10:47:32.204+00:00,1785840452204,BTC-USDT-SWAP,buy,short,0.32,63806.6
2026-08-04T10:47:32.019+00:00,1785840452019,BTC-USDT-SWAP,buy,short,0.47,63805.4
2026-08-04T10:47:12.619+00:00,1785840432619,BTC-USDT-SWAP,buy,short,3.26,63809.4
2026-08-04T10:47:11.031+00:00,1785840431031,BTC-USDT-SWAP,buy,short,0.01,63805.1
2026-08-04T10:47:04.707+00:00,1785840424707,BTC-USDT-SWAP,buy,short,0.79,63788.7
2026-08-04T11:04:58.692+00:00,1785841498692,BTC-USDT-SWAP,buy,short,1.85,63764.7
2026-08-04T11:22:47.980+00:00,1785842567980,BTC-USDT-SWAP,buy,short,0.38,63837.3
2026-08-04T11:22:47.782+00:00,1785842567782,BTC-USDT-SWAP,buy,short,15.94,63837
2026-08-04T11:22:47.238+00:00,1785842567238,BTC-USDT-SWAP,buy,short,0.38,63828.6
2026-08-04T11:43:46.628+00:00,1785843826628,BTC-USDT-SWAP,buy,short,0.2,63795.7
2026-08-04T11:43:44.970+00:00,1785843824970,BTC-USDT-SWAP,buy,short,0.72,63790.4
2026-08-04T11:44:56.608+00:00,1785843896608,BTC-USDT-SWAP,buy,short,86.43,63875
2026-08-04T11:44:56.438+00:00,1785843896438,BTC-USDT-SWAP,buy,short,0.2,63873.9
2026-08-04T11:44:56.430+00:00,1785843896430,BTC-USDT-SWAP,buy,short,3.14,63873.9
2026-08-04T11:44:56.365+00:00,1785843896365,BTC-USDT-SWAP,buy,short,15.02,63873.9
2026-08-04T11:44:56.356+00:00,1785843896356,BTC-USDT-SWAP,buy,short,1.06,63873.9
2026-08-04T11:44:56.345+00:00,1785843896345,BTC-USDT-SWAP,buy,short,0.1,63873.9
2026-08-04T11:44:56.295+00:00,1785843896295,BTC-USDT-SWAP,buy,short,0.33,63873.9
2026-08-04T11:44:56.085+00:00,1785843896085,BTC-USDT-SWAP,buy,short,1.71,63849.3
2026-08-04T11:44:51.905+00:00,1785843891905,BTC-USDT-SWAP,buy,short,7.75,63846
2026-08-04T11:44:51.900+00:00,1785843891900,BTC-USDT-SWAP,buy,short,15,63846
2026-08-04T11:45:50.842+00:00,1785843950842,BTC-USDT-SWAP,buy,short,1.82,63898.3
2026-08-04T11:45:50.827+00:00,1785843950827,BTC-USDT-SWAP,buy,short,3.14,63898.3
2026-08-04T11:45:50.628+00:00,1785843950628,BTC-USDT-SWAP,buy,short,1.6,63896.8
2026-08-04T11:45:50.548+00:00,1785843950548,BTC-USDT-SWAP,buy,short,2.87,63896.8
2026-08-04T11:45:50.516+00:00,1785843950516,BTC-USDT-SWAP,buy,short,499.34,63896.8
2026-08-04T11:45:50.421+00:00,1785843950421,BTC-USDT-SWAP,buy,short,1.65,63889.3
2026-08-04T11:45:44.828+00:00,1785843944828,BTC-USDT-SWAP,buy,short,2.62,63880.3
2026-08-04T11:45:44.699+00:00,1785843944699,BTC-USDT-SWAP,buy,short,0.01,63880.3
2026-08-04T11:45:44.570+00:00,1785843944570,BTC-USDT-SWAP,buy,short,0.94,63876.1
2026-08-04T11:50:17.100+00:00,1785844217100,BTC-USDT-SWAP,buy,short,0.01,63918.5
2026-08-04T11:50:16.755+00:00,1785844216755,BTC-USDT-SWAP,buy,short,0.86,63917.9
2026-08-04T11:50:16.727+00:00,1785844216727,BTC-USDT-SWAP,buy,short,1.73,63917.9
2026-08-04T11:50:16.673+00:00,1785844216673,BTC-USDT-SWAP,buy,short,1.57,63917.3
2026-08-04T11:49:56.962+00:00,1785844196962,BTC-USDT-SWAP,buy,short,3.72,63914
2026-08-04T11:49:55.484+00:00,1785844195484,BTC-USDT-SWAP,buy,short,12.33,63911.9
2026-08-04T11:49:52.919+00:00,1785844192919,BTC-USDT-SWAP,buy,short,0.22,63910.5
2026-08-04T11:49:41.958+00:00,1785844181958,BTC-USDT-SWAP,buy,short,0.18,63910.1
2026-08-04T11:49:41.896+00:00,1785844181896,BTC-USDT-SWAP,buy,short,0.17,63909.3
2026-08-04T11:49:41.883+00:00,1785844181883,BTC-USDT-SWAP,buy,short,3.63,63909.3
2026-08-04T11:49:41.876+00:00,1785844181876,BTC-USDT-SWAP,buy,short,1.89,63909.3
2026-08-04T11:49:41.856+00:00,1785844181856,BTC-USDT-SWAP,buy,short,0.01,63909.3
2026-08-04T11:49:41.792+00:00,1785844181792,BTC-USDT-SWAP,buy,short,8.99,63909.3
2026-08-04T11:49:41.459+00:00,1785844181459,BTC-USDT-SWAP,buy,short,0.31,63900.8
2026-08-04T11:50:46.532+00:00,1785844246532,BTC-USDT-SWAP,buy,short,3.06,63913
2026-08-04T11:52:11.286+00:00,1785844331286,BTC-USDT-SWAP,buy,short,0.41,63929.6
2026-08-04T11:51:58.383+00:00,1785844318383,BTC-USDT-SWAP,buy,short,0.97,63928.6
2026-08-04T11:51:57.382+00:00,1785844317382,BTC-USDT-SWAP,buy,short,57.35,63927.6
2026-08-04T11:51:55.548+00:00,1785844315548,BTC-USDT-SWAP,buy,short,135.92,63925.7
2026-08-04T11:51:55.182+00:00,1785844315182,BTC-USDT-SWAP,buy,short,0.99,63924.4
2026-08-04T11:51:53.132+00:00,1785844313132,BTC-USDT-SWAP,buy,short,7.49,63923.9
2026-08-04T11:51:52.883+00:00,1785844312883,BTC-USDT-SWAP,buy,short,0.03,63923.1
2026-08-04T11:51:47.225+00:00,1785844307225,BTC-USDT-SWAP,buy,short,47.67,63907.2
2026-08-04T12:00:02.348+00:00,1785844802348,BTC-USDT-SWAP,buy,short,30,63892.5
2026-08-04T12:37:09.173+00:00,1785847029173,BTC-USDT-SWAP,buy,short,5,63919.1
2026-08-04T12:38:16.592+00:00,1785847096592,BTC-USDT-SWAP,buy,short,3.3,64048.2
2026-08-04T12:38:16.549+00:00,1785847096549,BTC-USDT-SWAP,buy,short,0.78,64048.2
2026-08-04T12:38:16.514+00:00,1785847096514,BTC-USDT-SWAP,buy,short,1.25,64048.2
2026-08-04T12:38:16.396+00:00,1785847096396,BTC-USDT-SWAP,buy,short,3.05,64048.2
2026-08-04T12:38:15.726+00:00,1785847095726,BTC-USDT-SWAP,buy,short,0.41,64037
2026-08-04T12:38:15.682+00:00,1785847095682,BTC-USDT-SWAP,buy,short,0.21,64037
2026-08-04T12:38:15.671+00:00,1785847095671,BTC-USDT-SWAP,buy,short,0.45,64037
2026-08-04T12:38:15.629+00:00,1785847095629,BTC-USDT-SWAP,buy,short,60.68,64037
2026-08-04T12:38:15.571+00:00,1785847095571,BTC-USDT-SWAP,buy,short,0.13,64018.3
2026-08-04T12:38:15.553+00:00,1785847095553,BTC-USDT-SWAP,buy,short,0.7,64018.3
2026-08-04T12:38:15.479+00:00,1785847095479,BTC-USDT-SWAP,buy,short,1.18,64018.3
2026-08-04T12:38:15.453+00:00,1785847095453,BTC-USDT-SWAP,buy,short,1.42,64018.3
2026-08-04T12:38:15.444+00:00,1785847095444,BTC-USDT-SWAP,buy,short,5.44,64018.3
2026-08-04T12:38:15.426+00:00,1785847095426,BTC-USDT-SWAP,buy,short,1.11,64018.3
2026-08-04T12:38:15.411+00:00,1785847095411,BTC-USDT-SWAP,buy,short,0.67,64018.3
2026-08-04T12:38:15.405+00:00,1785847095405,BTC-USDT-SWAP,buy,short,0.04,64018.3
2026-08-04T12:38:15.403+00:00,1785847095403,BTC-USDT-SWAP,buy,short,0.2,64018.3
2026-08-04T12:38:15.316+00:00,1785847095316,BTC-USDT-SWAP,buy,short,1.96,63985.7
2026-08-04T12:38:15.213+00:00,1785847095213,BTC-USDT-SWAP,buy,short,0.96,63984.1
2026-08-04T12:38:15.071+00:00,1785847095071,BTC-USDT-SWAP,buy,short,0.61,63984.1
2026-08-04T12:38:14.572+00:00,1785847094572,BTC-USDT-SWAP,buy,short,6.59,63934.3
2026-08-04T13:33:28.780+00:00,1785850408780,BTC-USDT-SWAP,buy,short,0.79,63977.5
2026-08-04T13:33:28.761+00:00,1785850408761,BTC-USDT-SWAP,buy,short,7.29,63977.5
2026-08-04T13:36:50.921+00:00,1785850610921,BTC-USDT-SWAP,buy,short,2.5,64053.1
2026-08-04T13:36:50.909+00:00,1785850610909,BTC-USDT-SWAP,buy,short,0.16,64053.1
2026-08-04T13:36:49.707+00:00,1785850609707,BTC-USDT-SWAP,buy,short,4.05,64049
2026-08-04T13:40:18.858+00:00,1785850818858,BTC-USDT-SWAP,buy,short,6.38,64070.1
2026-08-04T13:40:18.809+00:00,1785850818809,BTC-USDT-SWAP,buy,short,8.97,64070.1
2026-08-04T13:40:18.808+00:00,1785850818808,BTC-USDT-SWAP,buy,short,0.28,64070.1
2026-08-04T13:40:18.779+00:00,1785850818779,BTC-USDT-SWAP,buy,short,4.22,64070.1
2026-08-04T13:40:18.757+00:00,1785850818757,BTC-USDT-SWAP,buy,short,1.36,64070.1
2026-08-04T13:40:18.729+00:00,1785850818729,BTC-USDT-SWAP,buy,short,0.61,64070.1
2026-08-04T13:43:16.422+00:00,1785850996422,BTC-USDT-SWAP,buy,short,0.59,64083.8
2026-08-04T13:43:16.410+00:00,1785850996410,BTC-USDT-SWAP,buy,short,0.35,64083.8
2026-08-04T13:43:16.345+00:00,1785850996345,BTC-USDT-SWAP,buy,short,0.12,64083.8
2026-08-04T13:43:16.295+00:00,1785850996295,BTC-USDT-SWAP,buy,short,0.05,64083.8
2026-08-04T13:43:16.291+00:00,1785850996291,BTC-USDT-SWAP,buy,short,1.11,64083.8
2026-08-04T13:43:47.282+00:00,1785851027282,BTC-USDT-SWAP,buy,short,4,64087.2
2026-08-04T13:43:47.205+00:00,1785851027205,BTC-USDT-SWAP,buy,short,3.81,64087.2
2026-08-04T13:50:36.142+00:00,1785851436142,BTC-USDT-SWAP,sell,long,4.57,63869
2026-08-04T13:50:31.475+00:00,1785851431475,BTC-USDT-SWAP,buy,short,4.68,63856.1
2026-08-04T13:56:46.752+00:00,1785851806752,BTC-USDT-SWAP,sell,long,2.59,63686.8
2026-08-04T13:56:46.714+00:00,1785851806714,BTC-USDT-SWAP,sell,long,1,63686.8
2026-08-04T13:56:46.694+00:00,1785851806694,BTC-USDT-SWAP,sell,long,5.77,63686.8
2026-08-04T13:56:45.908+00:00,1785851805908,BTC-USDT-SWAP,sell,long,2.42,63700.3
2026-08-04T13:56:45.849+00:00,1785851805849,BTC-USDT-SWAP,sell,long,18.56,63700.3
2026-08-04T13:56:45.789+00:00,1785851805789,BTC-USDT-SWAP,sell,long,4.96,63700.3
2026-08-04T13:56:41.473+00:00,1785851801473,BTC-USDT-SWAP,sell,long,1.04,63723.2
2026-08-04T13:57:47.377+00:00,1785851867377,BTC-USDT-SWAP,sell,long,0.24,63627.5
2026-08-04T13:57:47.355+00:00,1785851867355,BTC-USDT-SWAP,sell,long,23.07,63627.5
2026-08-04T13:57:47.355+00:00,1785851867355,BTC-USDT-SWAP,sell,long,0.03,63627.5
2026-08-04T13:57:47.328+00:00,1785851867328,BTC-USDT-SWAP,sell,long,0.86,63627.5
2026-08-04T13:56:57.768+00:00,1785851817768,BTC-USDT-SWAP,sell,long,0.02,63634.3
2026-08-04T13:56:52.365+00:00,1785851812365,BTC-USDT-SWAP,sell,long,0.01,63647
2026-08-04T13:56:52.352+00:00,1785851812352,BTC-USDT-SWAP,sell,long,0.8,63647
2026-08-04T14:00:31.075+00:00,1785852031075,BTC-USDT-SWAP,sell,long,0.43,63583.3
2026-08-04T14:00:30.996+00:00,1785852030996,BTC-USDT-SWAP,sell,long,6.24,63583.3
2026-08-04T14:00:30.666+00:00,1785852030666,BTC-USDT-SWAP,sell,long,14.97,63585.4
2026-08-04T14:00:30.630+00:00,1785852030630,BTC-USDT-SWAP,sell,long,0.2,63585.4
2026-08-04T14:00:29.477+00:00,1785852029477,BTC-USDT-SWAP,sell,long,0.26,63604.2
2026-08-04T14:00:29.453+00:00,1785852029453,BTC-USDT-SWAP,sell,long,0.31,63604.2
2026-08-04T14:00:28.144+00:00,1785852028144,BTC-USDT-SWAP,sell,long,1.6,63614.8
2026-08-03T14:10:41.359+00:00,1785766241359,BTC-USDT-SWAP,buy,short,6.32,63387.1
2026-08-04T14:30:21.021+00:00,1785853821021,BTC-USDT-SWAP,buy,short,44.67,63933.8
2026-08-03T14:30:32.681+00:00,1785767432681,BTC-USDT-SWAP,buy,short,0.07,63816.4
2026-08-03T14:30:32.679+00:00,1785767432679,BTC-USDT-SWAP,buy,short,1.01,63816.4
2026-08-03T14:30:32.665+00:00,1785767432665,BTC-USDT-SWAP,buy,short,4.05,63816.4
2026-08-04T14:34:26.208+00:00,1785854066208,BTC-USDT-SWAP,buy,short,4.08,63990.4
2026-08-04T14:34:26.045+00:00,1785854066045,BTC-USDT-SWAP,buy,short,0.49,63980.6
2026-08-04T14:34:26.035+00:00,1785854066035,BTC-USDT-SWAP,buy,short,0.07,63980.6
2026-08-04T14:34:12.701+00:00,1785854052701,BTC-USDT-SWAP,buy,short,105.09,63958.3
2026-08-04T14:34:11.597+00:00,1785854051597,BTC-USDT-SWAP,buy,short,1.82,63941.2
2026-08-04T14:34:11.430+00:00,1785854051430,BTC-USDT-SWAP,buy,short,1,63941
2026-08-04T14:38:22.530+00:00,1785854302530,BTC-USDT-SWAP,buy,short,5.98,64051.4
2026-08-04T14:38:22.518+00:00,1785854302518,BTC-USDT-SWAP,buy,short,22.5,64051.4
2026-08-04T14:38:22.505+00:00,1785854302505,BTC-USDT-SWAP,buy,short,0.85,64051.4
2026-08-04T14:38:22.478+00:00,1785854302478,BTC-USDT-SWAP,buy,short,32.3,64051.4
2026-08-04T14:38:22.476+00:00,1785854302476,BTC-USDT-SWAP,buy,short,2.32,64051.4
2026-08-04T14:38:22.476+00:00,1785854302476,BTC-USDT-SWAP,buy,short,0.35,64051.4
2026-08-04T14:38:22.443+00:00,1785854302443,BTC-USDT-SWAP,buy,short,5.78,64051.4
2026-08-04T14:38:22.437+00:00,1785854302437,BTC-USDT-SWAP,buy,short,1.32,64051.4
2026-08-04T14:38:22.389+00:00,1785854302389,BTC-USDT-SWAP,buy,short,1.67,64051.4
2026-08-04T14:38:22.381+00:00,1785854302381,BTC-USDT-SWAP,buy,short,9.1,64051.4
2026-08-04T14:38:22.373+00:00,1785854302373,BTC-USDT-SWAP,buy,short,0.7,64051.4
2026-08-04T14:38:22.370+00:00,1785854302370,BTC-USDT-SWAP,buy,short,3.21,64051.4
2026-08-04T14:38:22.325+00:00,1785854302325,BTC-USDT-SWAP,buy,short,0.12,63995.1
2026-08-04T14:40:26.597+00:00,1785854426597,BTC-USDT-SWAP,buy,short,2.44,64133.5
2026-08-04T14:40:26.517+00:00,1785854426517,BTC-USDT-SWAP,buy,short,0.01,64133.5
2026-08-04T14:40:26.512+00:00,1785854426512,BTC-USDT-SWAP,buy,short,1.26,64133.5
2026-08-04T14:40:24.782+00:00,1785854424782,BTC-USDT-SWAP,buy,short,14.45,64129.7
2026-08-04T14:40:24.675+00:00,1785854424675,BTC-USDT-SWAP,buy,short,0.42,64129.7
2026-08-04T14:40:19.244+00:00,1785854419244,BTC-USDT-SWAP,buy,short,0.02,64122.3
2026-08-04T14:40:19.229+00:00,1785854419229,BTC-USDT-SWAP,buy,short,0.28,64122.3
2026-08-04T14:40:19.228+00:00,1785854419228,BTC-USDT-SWAP,buy,short,16.14,64122.3
2026-08-04T14:40:19.190+00:00,1785854419190,BTC-USDT-SWAP,buy,short,0.24,64122.3
2026-08-04T14:40:19.169+00:00,1785854419169,BTC-USDT-SWAP,buy,short,13.62,64122.3
2026-08-04T14:40:19.156+00:00,1785854419156,BTC-USDT-SWAP,buy,short,0.45,64122.3
2026-08-04T14:40:19.155+00:00,1785854419155,BTC-USDT-SWAP,buy,short,0.31,64122.3
2026-08-04T14:40:19.142+00:00,1785854419142,BTC-USDT-SWAP,buy,short,0.46,64122.3
2026-08-04T14:40:19.139+00:00,1785854419139,BTC-USDT-SWAP,buy,short,55.38,64122.3
2026-08-04T14:40:19.093+00:00,1785854419093,BTC-USDT-SWAP,buy,short,0.06,64122.3
2026-08-04T14:40:19.065+00:00,1785854419065,BTC-USDT-SWAP,buy,short,0.05,64122.3
2026-08-04T14:40:18.710+00:00,1785854418710,BTC-USDT-SWAP,buy,short,0.2,64106.6
2026-08-04T14:40:18.480+00:00,1785854418480,BTC-USDT-SWAP,buy,short,0.4,64105.9
2026-08-04T14:40:18.479+00:00,1785854418479,BTC-USDT-SWAP,buy,short,2.07,64105.9
2026-08-04T14:40:18.466+00:00,1785854418466,BTC-USDT-SWAP,buy,short,0.15,64105.9
2026-08-04T14:40:18.413+00:00,1785854418413,BTC-USDT-SWAP,buy,short,0.24,64105.9
2026-08-04T14:40:18.324+00:00,1785854418324,BTC-USDT-SWAP,buy,short,1.35,64088
2026-08-04T14:40:15.909+00:00,1785854415909,BTC-USDT-SWAP,buy,short,4.76,64073.7
2026-08-04T14:40:15.901+00:00,1785854415901,BTC-USDT-SWAP,buy,short,0.09,64073.7
2026-08-04T14:40:15.900+00:00,1785854415900,BTC-USDT-SWAP,buy,short,16.08,64073.7
2026-08-04T14:40:15.899+00:00,1785854415899,BTC-USDT-SWAP,buy,short,1.05,64073.7
2026-08-04T14:40:15.837+00:00,1785854415837,BTC-USDT-SWAP,buy,short,14.94,64073.7
2026-08-04T14:41:57.575+00:00,1785854517575,BTC-USDT-SWAP,buy,short,2.03,64159.6
2026-08-04T14:41:57.566+00:00,1785854517566,BTC-USDT-SWAP,buy,short,5.62,64159.6
2026-08-04T14:41:57.551+00:00,1785854517551,BTC-USDT-SWAP,buy,short,0.78,64159.6
2026-08-04T14:41:57.548+00:00,1785854517548,BTC-USDT-SWAP,buy,short,0.05,64159.6
2026-08-04T14:41:57.532+00:00,1785854517532,BTC-USDT-SWAP,buy,short,44.77,64159.6
2026-08-04T14:41:57.514+00:00,1785854517514,BTC-USDT-SWAP,buy,short,2.6,64159.6
2026-08-04T14:41:57.512+00:00,1785854517512,BTC-USDT-SWAP,buy,short,1,64159.6
2026-08-04T14:41:57.497+00:00,1785854517497,BTC-USDT-SWAP,buy,short,0.02,64159.6
2026-08-04T14:41:57.491+00:00,1785854517491,BTC-USDT-SWAP,buy,short,0.18,64159.6
2026-08-04T14:41:57.475+00:00,1785854517475,BTC-USDT-SWAP,buy,short,52.21,64159.6
2026-08-04T14:41:57.438+00:00,1785854517438,BTC-USDT-SWAP,buy,short,0.98,64159.6
2026-08-04T14:41:57.209+00:00,1785854517209,BTC-USDT-SWAP,buy,short,1.7,64150.6
2026-08-04T14:41:57.152+00:00,1785854517152,BTC-USDT-SWAP,buy,short,0.47,64150.6
2026-08-04T14:41:57.150+00:00,1785854517150,BTC-USDT-SWAP,buy,short,0.2,64150.6
2026-08-04T14:41:57.149+00:00,1785854517149,BTC-USDT-SWAP,buy,short,1.02,64150.6
2026-08-04T14:41:56.919+00:00,1785854516919,BTC-USDT-SWAP,buy,short,0.37,64148.6
2026-08-04T14:41:56.894+00:00,1785854516894,BTC-USDT-SWAP,buy,short,0.2,64148.6
2026-08-04T14:41:56.880+00:00,1785854516880,BTC-USDT-SWAP,buy,short,0.11,64148.6
2026-08-04T14:41:56.114+00:00,1785854516114,BTC-USDT-SWAP,buy,short,4.79,64142.4
2026-08-04T14:41:55.906+00:00,1785854515906,BTC-USDT-SWAP,buy,short,1.57,64139.2
2026-08-04T14:41:55.884+00:00,1785854515884,BTC-USDT-SWAP,buy,short,0.01,64139.2
2026-08-04T14:59:14.753+00:00,1785855554753,BTC-USDT-SWAP,buy,short,0.49,64172
2026-08-04T14:59:14.743+00:00,1785855554743,BTC-USDT-SWAP,buy,short,0.15,64172
2026-08-04T14:59:14.469+00:00,1785855554469,BTC-USDT-SWAP,buy,short,1.12,64170
2026-08-04T14:59:14.450+00:00,1785855554450,BTC-USDT-SWAP,buy,short,0.05,64170
2026-08-04T14:59:14.450+00:00,1785855554450,BTC-USDT-SWAP,buy,short,0.35,64170
2026-08-04T14:59:14.199+00:00,1785855554199,BTC-USDT-SWAP,buy,short,1,64165
2026-08-04T14:59:13.834+00:00,1785855553834,BTC-USDT-SWAP,buy,short,4.82,64161.7
2026-08-04T14:59:13.749+00:00,1785855553749,BTC-USDT-SWAP,buy,short,2.85,64161.4
2026-08-04T15:04:18.903+00:00,1785855858903,BTC-USDT-SWAP,buy,short,11.49,64198.6
2026-08-04T15:04:18.168+00:00,1785855858168,BTC-USDT-SWAP,buy,short,130,64198.2
2026-08-04T15:04:18.103+00:00,1785855858103,BTC-USDT-SWAP,buy,short,0.05,64198.3
2026-08-04T15:04:16.487+00:00,1785855856487,BTC-USDT-SWAP,buy,short,0.07,64189.8
2026-08-04T15:04:16.466+00:00,1785855856466,BTC-USDT-SWAP,buy,short,0.17,64189.8
2026-08-04T15:04:11.135+00:00,1785855851135,BTC-USDT-SWAP,buy,short,0.02,64187.8
2026-08-04T15:04:11.134+00:00,1785855851134,BTC-USDT-SWAP,buy,short,0.75,64187.4
2026-08-04T15:04:11.131+00:00,1785855851131,BTC-USDT-SWAP,buy,short,9.17,64187.8
2026-08-04T15:04:11.107+00:00,1785855851107,BTC-USDT-SWAP,buy,short,0.89,64187.8
2026-08-04T15:04:11.102+00:00,1785855851102,BTC-USDT-SWAP,buy,short,0.85,64187.8
2026-08-04T15:04:11.097+00:00,1785855851097,BTC-USDT-SWAP,buy,short,0.21,64187.8
2026-08-04T15:04:11.095+00:00,1785855851095,BTC-USDT-SWAP,buy,short,0.03,64187.8
2026-08-04T15:04:11.095+00:00,1785855851095,BTC-USDT-SWAP,buy,short,0.15,64187.8
2026-08-04T15:04:11.091+00:00,1785855851091,BTC-USDT-SWAP,buy,short,0.15,64187.8
2026-08-04T15:04:11.047+00:00,1785855851047,BTC-USDT-SWAP,buy,short,0.08,64187.8
2026-08-04T15:04:11.026+00:00,1785855851026,BTC-USDT-SWAP,buy,short,78.32,64187.8
2026-08-04T15:33:49.296+00:00,1785857629296,BTC-USDT-SWAP,sell,long,2.77,63786.1
2026-08-04T15:33:48.914+00:00,1785857628914,BTC-USDT-SWAP,sell,long,1.71,63786.7
2026-08-04T15:33:48.876+00:00,1785857628876,BTC-USDT-SWAP,sell,long,1.42,63786.9
2026-08-04T15:33:48.875+00:00,1785857628875,BTC-USDT-SWAP,sell,long,1.55,63786.9
2026-08-04T15:33:48.837+00:00,1785857628837,BTC-USDT-SWAP,sell,long,0.46,63786.9
2026-08-04T15:33:48.728+00:00,1785857628728,BTC-USDT-SWAP,sell,long,0.41,63786.9
2026-08-04T15:33:26.514+00:00,1785857606514,BTC-USDT-SWAP,sell,long,0.47,63805
2026-08-04T15:34:00.477+00:00,1785857640477,BTC-USDT-SWAP,sell,long,0.01,63777.4
2026-08-04T15:34:00.466+00:00,1785857640466,BTC-USDT-SWAP,sell,long,0.33,63777.4
2026-08-04T15:35:58.957+00:00,1785857758957,BTC-USDT-SWAP,sell,long,0.07,63782.6
2026-08-04T15:46:46.271+00:00,1785858406271,BTC-USDT-SWAP,buy,short,0.01,64178.6
2026-08-04T15:46:46.262+00:00,1785858406262,BTC-USDT-SWAP,buy,short,4.68,64178.6
2026-08-04T15:46:25.072+00:00,1785858385072,BTC-USDT-SWAP,buy,short,53.25,64167.8
2026-08-04T15:46:25.068+00:00,1785858385068,BTC-USDT-SWAP,buy,short,4.85,64167.8
2026-08-04T15:46:24.997+00:00,1785858384997,BTC-USDT-SWAP,buy,short,8.11,64167.8
2026-08-04T15:46:24.916+00:00,1785858384916,BTC-USDT-SWAP,buy,short,14.68,64167.8
2026-08-04T15:46:24.912+00:00,1785858384912,BTC-USDT-SWAP,buy,short,0.79,64167.8
2026-08-04T15:46:24.888+00:00,1785858384888,BTC-USDT-SWAP,buy,short,0.32,64167.8
2026-08-04T15:46:24.887+00:00,1785858384887,BTC-USDT-SWAP,buy,short,0.75,64167.8
2026-08-04T15:49:16.382+00:00,1785858556382,BTC-USDT-SWAP,buy,short,0.47,64205
2026-08-04T15:49:16.354+00:00,1785858556354,BTC-USDT-SWAP,buy,short,5.79,64205
2026-08-04T15:49:16.345+00:00,1785858556345,BTC-USDT-SWAP,buy,short,1.03,64205
2026-08-04T15:49:14.222+00:00,1785858554222,BTC-USDT-SWAP,buy,short,0.5,64178.7
2026-08-04T15:49:17.198+00:00,1785858557198,BTC-USDT-SWAP,buy,short,0.17,64207
2026-08-04T15:49:17.129+00:00,1785858557129,BTC-USDT-SWAP,buy,short,0.55,64207
2026-08-04T16:35:08.943+00:00,1785861308943,BTC-USDT-SWAP,sell,long,0.78,63976.9
2026-08-03T17:24:08.101+00:00,1785777848101,BTC-USDT-SWAP,buy,short,26.69,63975.1
2026-08-04T17:04:41.342+00:00,1785863081342,BTC-USDT-SWAP,buy,short,0.48,64043.7
2026-08-04T17:35:05.582+00:00,1785864905582,BTC-USDT-SWAP,buy,short,14.35,64138.1
2026-08-04T17:39:59.850+00:00,1785865199850,BTC-USDT-SWAP,buy,short,20,64106.7
2026-08-04T18:15:27.625+00:00,1785867327625,BTC-USDT-SWAP,buy,short,5.55,64294.6
2026-08-04T18:15:27.302+00:00,1785867327302,BTC-USDT-SWAP,buy,short,5.68,64294.8
2026-08-04T18:15:27.290+00:00,1785867327290,BTC-USDT-SWAP,buy,short,10.94,64294.8
2026-08-04T18:15:27.289+00:00,1785867327289,BTC-USDT-SWAP,buy,short,56.2,64294.8
2026-08-04T18:15:27.252+00:00,1785867327252,BTC-USDT-SWAP,buy,short,20,64294.8
2026-08-04T18:15:27.235+00:00,1785867327235,BTC-USDT-SWAP,buy,short,10.47,64295
2026-08-04T18:15:27.197+00:00,1785867327197,BTC-USDT-SWAP,buy,short,50.35,64294.8
2026-08-04T18:15:27.185+00:00,1785867327185,BTC-USDT-SWAP,buy,short,6.26,64294.8
2026-08-04T18:15:27.176+00:00,1785867327176,BTC-USDT-SWAP,buy,short,0.13,64294.8
2026-08-04T18:15:27.126+00:00,1785867327126,BTC-USDT-SWAP,buy,short,12.52,64287
2026-08-04T18:15:27.125+00:00,1785867327125,BTC-USDT-SWAP,buy,short,0.12,64294.8
2026-08-04T18:15:27.119+00:00,1785867327119,BTC-USDT-SWAP,buy,short,1.5,64294.8
2026-08-04T18:15:27.105+00:00,1785867327105,BTC-USDT-SWAP,buy,short,0.15,64294.8
2026-08-04T18:15:27.049+00:00,1785867327049,BTC-USDT-SWAP,buy,short,5.78,64287
2026-08-04T18:15:27.047+00:00,1785867327047,BTC-USDT-SWAP,buy,short,0.78,64287
2026-08-04T18:15:27.032+00:00,1785867327032,BTC-USDT-SWAP,buy,short,1,64287
2026-08-04T18:15:26.388+00:00,1785867326388,BTC-USDT-SWAP,buy,short,2.34,64236.1
2026-08-04T18:15:25.982+00:00,1785867325982,BTC-USDT-SWAP,buy,short,1.35,64235.5
2026-08-04T18:15:24.570+00:00,1785867324570,BTC-USDT-SWAP,buy,short,0.01,64233.3
2026-08-04T18:15:24.522+00:00,1785867324522,BTC-USDT-SWAP,buy,short,4,64233.3
2026-08-04T18:15:24.429+00:00,1785867324429,BTC-USDT-SWAP,buy,short,1.5,64233.2
2026-08-04T18:15:24.189+00:00,1785867324189,BTC-USDT-SWAP,buy,short,0.27,64232.6
2026-08-04T18:15:20.585+00:00,1785867320585,BTC-USDT-SWAP,buy,short,1.36,64230.2
2026-08-04T18:15:20.582+00:00,1785867320582,BTC-USDT-SWAP,buy,short,4.45,64230.2
2026-08-04T18:15:20.579+00:00,1785867320579,BTC-USDT-SWAP,buy,short,13.54,64230.2
2026-08-04T18:15:20.559+00:00,1785867320559,BTC-USDT-SWAP,buy,short,2.73,64230.2
2026-08-04T18:15:20.543+00:00,1785867320543,BTC-USDT-SWAP,buy,short,3.3,64230.2
2026-08-04T18:15:14.372+00:00,1785867314372,BTC-USDT-SWAP,buy,short,11.02,64219
2026-08-04T18:15:14.250+00:00,1785867314250,BTC-USDT-SWAP,buy,short,100,64219
2026-08-04T18:20:32.644+00:00,1785867632644,BTC-USDT-SWAP,buy,short,23.81,64319.9
2026-08-04T18:20:31.277+00:00,1785867631277,BTC-USDT-SWAP,buy,short,0.79,64337
2026-08-04T18:20:31.224+00:00,1785867631224,BTC-USDT-SWAP,buy,short,0.08,64337
2026-08-04T18:20:30.998+00:00,1785867630998,BTC-USDT-SWAP,buy,short,22.32,64333
2026-08-04T18:20:30.945+00:00,1785867630945,BTC-USDT-SWAP,buy,short,1.12,64333
2026-08-04T18:20:30.900+00:00,1785867630900,BTC-USDT-SWAP,buy,short,4.96,64333
2026-08-04T18:20:30.892+00:00,1785867630892,BTC-USDT-SWAP,buy,short,30.33,64333
2026-08-04T18:20:30.891+00:00,1785867630891,BTC-USDT-SWAP,buy,short,0.11,64333
2026-08-04T18:20:30.870+00:00,1785867630870,BTC-USDT-SWAP,buy,short,1.29,64333
2026-08-04T18:20:30.838+00:00,1785867630838,BTC-USDT-SWAP,buy,short,0.36,64333
2026-08-04T18:20:30.722+00:00,1785867630722,BTC-USDT-SWAP,buy,short,0.38,64326.1
2026-08-04T18:20:30.475+00:00,1785867630475,BTC-USDT-SWAP,buy,short,0.97,64325.3
2026-08-04T18:20:30.393+00:00,1785867630393,BTC-USDT-SWAP,buy,short,0.11,64325.1
2026-08-04T18:20:30.293+00:00,1785867630293,BTC-USDT-SWAP,buy,short,4.03,64325.1
2026-08-04T18:20:30.253+00:00,1785867630253,BTC-USDT-SWAP,buy,short,3.53,64325.1
2026-08-04T18:20:30.241+00:00,1785867630241,BTC-USDT-SWAP,buy,short,1.14,64325.1
2026-08-04T18:20:30.015+00:00,1785867630015,BTC-USDT-SWAP,buy,short,0.52,64323.6
2026-08-04T18:20:29.941+00:00,1785867629941,BTC-USDT-SWAP,buy,short,0.72,64323.6
2026-08-04T18:20:29.934+00:00,1785867629934,BTC-USDT-SWAP,buy,short,0.33,64323.6
2026-08-04T18:20:29.883+00:00,1785867629883,BTC-USDT-SWAP,buy,short,0.3,64323.6
2026-08-04T18:20:29.850+00:00,1785867629850,BTC-USDT-SWAP,buy,short,0.15,64323.6
2026-08-04T18:20:22.432+00:00,1785867622432,BTC-USDT-SWAP,buy,short,1.9,64317.4
2026-08-04T18:20:21.928+00:00,1785867621928,BTC-USDT-SWAP,buy,short,0.38,64315.5
2026-08-04T18:20:21.877+00:00,1785867621877,BTC-USDT-SWAP,buy,short,0.48,64315.5
2026-08-04T18:20:21.831+00:00,1785867621831,BTC-USDT-SWAP,buy,short,33.66,64315.5
2026-08-04T18:20:21.704+00:00,1785867621704,BTC-USDT-SWAP,buy,short,0.52,64314.3
2026-08-04T18:20:21.543+00:00,1785867621543,BTC-USDT-SWAP,buy,short,0.29,64311.3
2026-08-04T18:20:21.514+00:00,1785867621514,BTC-USDT-SWAP,buy,short,0.6,64311.3
2026-08-04T18:20:21.513+00:00,1785867621513,BTC-USDT-SWAP,buy,short,9.57,64311.3
2026-08-04T18:20:21.475+00:00,1785867621475,BTC-USDT-SWAP,buy,short,0.74,64311.3
2026-08-04T18:20:21.463+00:00,1785867621463,BTC-USDT-SWAP,buy,short,4.52,64311.3
2026-08-04T18:20:21.301+00:00,1785867621301,BTC-USDT-SWAP,buy,short,4.27,64305.2
2026-08-04T18:20:21.295+00:00,1785867621295,BTC-USDT-SWAP,buy,short,22.74,64305.2
2026-08-04T18:20:21.269+00:00,1785867621269,BTC-USDT-SWAP,buy,short,27.47,64305.2
2026-08-04T18:20:21.238+00:00,1785867621238,BTC-USDT-SWAP,buy,short,3.12,64305.2
2026-08-04T18:20:21.175+00:00,1785867621175,BTC-USDT-SWAP,buy,short,5.11,64305.2
2026-08-04T18:20:52.172+00:00,1785867652172,BTC-USDT-SWAP,buy,short,6.73,64317
2026-08-04T18:24:44.887+00:00,1785867884887,BTC-USDT-SWAP,buy,short,0.1,64370.8
2026-08-04T18:24:44.875+00:00,1785867884875,BTC-USDT-SWAP,buy,short,82.54,64370.8
2026-08-04T18:24:44.782+00:00,1785867884782,BTC-USDT-SWAP,buy,short,0.37,64370.8
2026-08-04T18:24:40.910+00:00,1785867880910,BTC-USDT-SWAP,buy,short,0.14,64369.8
2026-08-04T18:24:40.843+00:00,1785867880843,BTC-USDT-SWAP,buy,short,3.86,64369.8
2026-08-04T18:24:40.767+00:00,1785867880767,BTC-USDT-SWAP,buy,short,0.25,64369.8
2026-08-04T18:24:40.203+00:00,1785867880203,BTC-USDT-SWAP,buy,short,5.63,64368.3
2026-08-04T18:24:40.084+00:00,1785867880084,BTC-USDT-SWAP,buy,short,10.17,64368.2
2026-08-04T18:24:40.011+00:00,1785867880011,BTC-USDT-SWAP,buy,short,1.06,64368.2
2026-08-04T18:24:36.416+00:00,1785867876416,BTC-USDT-SWAP,buy,short,0.15,64367.8
2026-08-04T18:24:36.017+00:00,1785867876017,BTC-USDT-SWAP,buy,short,0.14,64367
2026-08-04T18:24:33.967+00:00,1785867873967,BTC-USDT-SWAP,buy,short,3.04,64365
2026-08-04T18:24:33.469+00:00,1785867873469,BTC-USDT-SWAP,buy,short,88.04,64361.8
2026-08-04T18:24:33.432+00:00,1785867873432,BTC-USDT-SWAP,buy,short,2.2,64361.8
2026-08-04T18:24:33.390+00:00,1785867873390,BTC-USDT-SWAP,buy,short,1.43,64364.3
2026-08-04T18:24:33.382+00:00,1785867873382,BTC-USDT-SWAP,buy,short,0.04,64361.8
2026-08-04T18:24:33.375+00:00,1785867873375,BTC-USDT-SWAP,buy,short,0.64,64361.8
2026-08-04T18:24:33.352+00:00,1785867873352,BTC-USDT-SWAP,buy,short,0.18,64361.8
2026-08-04T18:24:33.217+00:00,1785867873217,BTC-USDT-SWAP,buy,short,2.65,64352.9
2026-08-04T18:24:33.215+00:00,1785867873215,BTC-USDT-SWAP,buy,short,4.46,64352.9
2026-08-04T18:24:03.138+00:00,1785867843138,BTC-USDT-SWAP,buy,short,1.41,64346.8
2026-08-04T18:24:02.898+00:00,1785867842898,BTC-USDT-SWAP,buy,short,5.22,64346.8
2026-08-04T18:24:02.331+00:00,1785867842331,BTC-USDT-SWAP,buy,short,3.13,64345.9
2026-08-04T18:24:02.274+00:00,1785867842274,BTC-USDT-SWAP,buy,short,0.54,64345.9
2026-08-04T18:24:02.272+00:00,1785867842272,BTC-USDT-SWAP,buy,short,41.5,64345.9
2026-08-04T18:24:02.255+00:00,1785867842255,BTC-USDT-SWAP,buy,short,6.32,64345.9
2026-08-04T18:24:02.252+00:00,1785867842252,BTC-USDT-SWAP,buy,short,23.36,64345.9
2026-08-04T18:24:02.218+00:00,1785867842218,BTC-USDT-SWAP,buy,short,2.57,64345.9
2026-08-04T18:24:02.196+00:00,1785867842196,BTC-USDT-SWAP,buy,short,2.77,64345.9
2026-08-04T18:24:02.194+00:00,1785867842194,BTC-USDT-SWAP,buy,short,0.3,64345.9
2026-08-04T18:24:02.192+00:00,1785867842192,BTC-USDT-SWAP,buy,short,0.01,64345.9
2026-08-04T18:24:01.959+00:00,1785867841959,BTC-USDT-SWAP,buy,short,0.31,64339.6
2026-08-04T18:25:04.795+00:00,1785867904795,BTC-USDT-SWAP,buy,short,0.4,64370.6
2026-08-04T18:32:22.356+00:00,1785868342356,BTC-USDT-SWAP,buy,short,15.78,64374.1
2026-08-04T18:32:22.299+00:00,1785868342299,BTC-USDT-SWAP,buy,short,0.44,64374.1
2026-08-04T18:32:22.264+00:00,1785868342264,BTC-USDT-SWAP,buy,short,3.96,64374.1
2026-08-04T19:32:37.932+00:00,1785871957932,BTC-USDT-SWAP,buy,short,6.63,64259.7
2026-08-04T19:32:36.885+00:00,1785871956885,BTC-USDT-SWAP,buy,short,0.32,64259.8
2026-08-04T19:43:53.737+00:00,1785872633737,BTC-USDT-SWAP,buy,short,0.22,64381
2026-08-04T19:43:53.572+00:00,1785872633572,BTC-USDT-SWAP,buy,short,0.5,64380.2
2026-08-04T19:43:53.425+00:00,1785872633425,BTC-USDT-SWAP,buy,short,3.75,64380.2
2026-08-04T19:43:53.347+00:00,1785872633347,BTC-USDT-SWAP,buy,short,3.28,64380.2
2026-08-04T19:43:53.208+00:00,1785872633208,BTC-USDT-SWAP,buy,short,2.51,64377
2026-08-04T19:43:53.138+00:00,1785872633138,BTC-USDT-SWAP,buy,short,0.61,64376.6
2026-08-04T20:02:06.028+00:00,1785873726028,BTC-USDT-SWAP,sell,long,0.31,64138.4
2026-08-04T20:07:04.746+00:00,1785874024746,BTC-USDT-SWAP,buy,short,1.34,64140.9
2026-08-04T20:15:09.434+00:00,1785874509434,BTC-USDT-SWAP,sell,long,7.12,64106.2
2026-08-04T20:16:25.370+00:00,1785874585370,BTC-USDT-SWAP,sell,long,0.07,64068.4
2026-08-04T20:16:10.026+00:00,1785874570026,BTC-USDT-SWAP,sell,long,0.14,64085
2026-08-04T20:17:16.477+00:00,1785874636477,BTC-USDT-SWAP,sell,long,0.8,63992.2
2026-08-04T20:17:09.294+00:00,1785874629294,BTC-USDT-SWAP,sell,long,0.55,63971.7
2026-08-04T20:17:08.371+00:00,1785874628371,BTC-USDT-SWAP,sell,long,0.35,63978.6
2026-08-04T20:17:08.054+00:00,1785874628054,BTC-USDT-SWAP,sell,long,6.59,63983.6
2026-08-04T20:17:05.103+00:00,1785874625103,BTC-USDT-SWAP,sell,long,0.85,63988.8
2026-08-04T20:17:05.091+00:00,1785874625091,BTC-USDT-SWAP,sell,long,2.62,63988.8
2026-08-04T20:17:05.081+00:00,1785874625081,BTC-USDT-SWAP,sell,long,4.05,63988.8
2026-08-04T20:19:02.182+00:00,1785874742182,BTC-USDT-SWAP,sell,long,0.35,64030.8
2026-08-04T20:20:50.819+00:00,1785874850819,BTC-USDT-SWAP,buy,short,0.38,64029.7
2026-08-04T20:41:23.490+00:00,1785876083490,BTC-USDT-SWAP,buy,short,11.19,64370.6
2026-08-04T20:40:56.252+00:00,1785876056252,BTC-USDT-SWAP,buy,short,0.52,64364.9
2026-08-04T20:40:55.468+00:00,1785876055468,BTC-USDT-SWAP,buy,short,44.84,64349.2
2026-08-04T20:43:49.516+00:00,1785876229516,BTC-USDT-SWAP,buy,short,1.03,64393.8
2026-08-04T20:43:49.165+00:00,1785876229165,BTC-USDT-SWAP,buy,short,2.02,64394.4
2026-08-04T20:43:49.149+00:00,1785876229149,BTC-USDT-SWAP,buy,short,0.55,64394.4
2026-08-04T20:43:42.384+00:00,1785876222384,BTC-USDT-SWAP,buy,short,1,64390.2
2026-08-04T20:43:42.377+00:00,1785876222377,BTC-USDT-SWAP,buy,short,0.44,64390.2
2026-08-04T20:43:42.376+00:00,1785876222376,BTC-USDT-SWAP,buy,short,0.07,64390.2
2026-08-04T20:43:42.367+00:00,1785876222367,BTC-USDT-SWAP,buy,short,5,64390.2
2026-08-04T20:43:42.255+00:00,1785876222255,BTC-USDT-SWAP,buy,short,0.29,64390.2
2026-08-04T20:43:42.249+00:00,1785876222249,BTC-USDT-SWAP,buy,short,0.14,64390.2
2026-08-04T20:43:42.224+00:00,1785876222224,BTC-USDT-SWAP,buy,short,0.02,64390.2
2026-08-04T22:11:01.519+00:00,1785881461519,BTC-USDT-SWAP,buy,short,1.91,64186
2026-08-04T23:09:01.474+00:00,1785884941474,BTC-USDT-SWAP,buy,short,2.62,64463.1
2026-08-04T23:09:01.291+00:00,1785884941291,BTC-USDT-SWAP,buy,short,0.33,64462.4
2026-08-04T23:09:00.963+00:00,1785884940963,BTC-USDT-SWAP,buy,short,0.13,64461.3
2026-08-04T23:09:00.775+00:00,1785884940775,BTC-USDT-SWAP,buy,short,118.98,64460.6
2026-08-04T23:09:00.736+00:00,1785884940736,BTC-USDT-SWAP,buy,short,1.11,64460.6
2026-08-04T23:09:00.728+00:00,1785884940728,BTC-USDT-SWAP,buy,short,0.79,64460.6
2026-08-04T23:09:00.702+00:00,1785884940702,BTC-USDT-SWAP,buy,short,0.11,64460.6
2026-08-04T23:09:00.700+00:00,1785884940700,BTC-USDT-SWAP,buy,short,2.94,64460.6
2026-08-04T23:09:00.201+00:00,1785884940201,BTC-USDT-SWAP,buy,short,0.04,64456.8
2026-08-04T23:09:00.170+00:00,1785884940170,BTC-USDT-SWAP,buy,short,3.93,64456.8
2026-08-04T23:09:00.152+00:00,1785884940152,BTC-USDT-SWAP,buy,short,0.01,64456.8
2026-08-04T23:09:00.139+00:00,1785884940139,BTC-USDT-SWAP,buy,short,0.38,64456.8
2026-08-04T23:09:00.136+00:00,1785884940136,BTC-USDT-SWAP,buy,short,1.54,64456.8
2026-08-04T23:08:59.643+00:00,1785884939643,BTC-USDT-SWAP,buy,short,2.06,64456.3
2026-08-04T23:08:59.607+00:00,1785884939607,BTC-USDT-SWAP,buy,short,0.53,64456.3
2026-08-04T23:08:58.940+00:00,1785884938940,BTC-USDT-SWAP,buy,short,6.04,64454.9
2026-08-04T23:08:58.940+00:00,1785884938940,BTC-USDT-SWAP,buy,short,0.2,64454.9
2026-08-04T23:08:58.927+00:00,1785884938927,BTC-USDT-SWAP,buy,short,1.56,64454.9
2026-08-04T23:08:58.438+00:00,1785884938438,BTC-USDT-SWAP,buy,short,0.01,64453.4
2026-08-04T23:08:56.473+00:00,1785884936473,BTC-USDT-SWAP,buy,short,7.03,64451
2026-08-04T23:08:56.450+00:00,1785884936450,BTC-USDT-SWAP,buy,short,1.56,64451
2026-08-04T23:08:56.433+00:00,1785884936433,BTC-USDT-SWAP,buy,short,0.6,64451
2026-08-04T23:08:56.417+00:00,1785884936417,BTC-USDT-SWAP,buy,short,4.29,64451
2026-08-04T23:08:56.272+00:00,1785884936272,BTC-USDT-SWAP,buy,short,35.23,64449.7
2026-08-04T23:08:55.969+00:00,1785884935969,BTC-USDT-SWAP,buy,short,22.47,64449.4
2026-08-04T23:08:55.406+00:00,1785884935406,BTC-USDT-SWAP,buy,short,0.29,64445
2026-08-04T23:08:55.346+00:00,1785884935346,BTC-USDT-SWAP,buy,short,1.12,64448.8
2026-08-04T23:08:55.336+00:00,1785884935336,BTC-USDT-SWAP,buy,short,0.63,64448.8
2026-08-04T23:08:55.312+00:00,1785884935312,BTC-USDT-SWAP,buy,short,0.06,64448.8
2026-08-04T23:08:55.279+00:00,1785884935279,BTC-USDT-SWAP,buy,short,10.66,64448.8
2026-08-04T23:08:55.261+00:00,1785884935261,BTC-USDT-SWAP,buy,short,0.05,64448.8
2026-08-04T23:08:55.260+00:00,1785884935260,BTC-USDT-SWAP,buy,short,0.03,64448.8
2026-08-04T23:08:55.258+00:00,1785884935258,BTC-USDT-SWAP,buy,short,1.55,64448.8
2026-08-04T23:08:55.240+00:00,1785884935240,BTC-USDT-SWAP,buy,short,0.65,64448.8
2026-08-04T23:08:55.192+00:00,1785884935192,BTC-USDT-SWAP,buy,short,0.69,64448.8
2026-08-04T23:08:55.162+00:00,1785884935162,BTC-USDT-SWAP,buy,short,31,64448.8
2026-08-04T23:08:55.154+00:00,1785884935154,BTC-USDT-SWAP,buy,short,1.58,64448.8
2026-08-04T23:08:55.151+00:00,1785884935151,BTC-USDT-SWAP,buy,short,0.35,64431.7
2026-08-04T23:08:55.127+00:00,1785884935127,BTC-USDT-SWAP,buy,short,0.17,64431.7
2026-08-04T23:08:55.090+00:00,1785884935090,BTC-USDT-SWAP,buy,short,17.34,64448.8
2026-08-04T23:08:55.079+00:00,1785884935079,BTC-USDT-SWAP,buy,short,0.61,64431.7
2026-08-04T23:16:15.034+00:00,1785885375034,BTC-USDT-SWAP,buy,short,1.02,64495.1
2026-08-04T23:16:15.028+00:00,1785885375028,BTC-USDT-SWAP,buy,short,0.4,64495.1
2026-08-04T23:16:14.967+00:00,1785885374967,BTC-USDT-SWAP,buy,short,0.12,64495.1
2026-08-04T23:16:14.915+00:00,1785885374915,BTC-USDT-SWAP,buy,short,29.56,64495.1
2026-08-04T23:16:14.826+00:00,1785885374826,BTC-USDT-SWAP,buy,short,7.46,64495.1
2026-08-04T23:16:14.824+00:00,1785885374824,BTC-USDT-SWAP,buy,short,38.78,64495.1
2026-08-04T23:16:14.815+00:00,1785885374815,BTC-USDT-SWAP,buy,short,0.53,64495.1
2026-08-04T23:16:14.590+00:00,1785885374590,BTC-USDT-SWAP,buy,short,3.94,64491.6
2026-08-04T23:16:14.573+00:00,1785885374573,BTC-USDT-SWAP,buy,short,30.38,64491.5
2026-08-04T23:16:14.521+00:00,1785885374521,BTC-USDT-SWAP,buy,short,2.5,64491.6
2026-08-04T23:16:14.499+00:00,1785885374499,BTC-USDT-SWAP,buy,short,5.22,64491.6
2026-08-04T23:16:14.485+00:00,1785885374485,BTC-USDT-SWAP,buy,short,0.17,64491.6
2026-08-04T23:16:14.466+00:00,1785885374466,BTC-USDT-SWAP,buy,short,135,64491.6
2026-08-04T23:16:14.339+00:00,1785885374339,BTC-USDT-SWAP,buy,short,15.58,64485.1
2026-08-04T23:16:13.659+00:00,1785885373659,BTC-USDT-SWAP,buy,short,1.65,64483.5
2026-08-04T23:16:13.181+00:00,1785885373181,BTC-USDT-SWAP,buy,short,0.8,64482.6
2026-08-04T23:16:13.168+00:00,1785885373168,BTC-USDT-SWAP,buy,short,0.08,64482.7
2026-08-04T23:16:13.103+00:00,1785885373103,BTC-USDT-SWAP,buy,short,0.59,64482.7
2026-08-04T23:16:12.893+00:00,1785885372893,BTC-USDT-SWAP,buy,short,7.41,64481.4
2026-08-04T23:16:12.648+00:00,1785885372648,BTC-USDT-SWAP,buy,short,2.62,64481.2
2026-08-04T23:16:11.742+00:00,1785885371742,BTC-USDT-SWAP,buy,short,0.13,64481
2026-08-04T23:16:11.575+00:00,1785885371575,BTC-USDT-SWAP,buy,short,0.01,64481
2026-08-04T23:16:01.932+00:00,1785885361932,BTC-USDT-SWAP,buy,short,0.13,64479.5
2026-08-04T23:16:01.872+00:00,1785885361872,BTC-USDT-SWAP,buy,short,0.02,64479.5
2026-08-04T23:16:01.852+00:00,1785885361852,BTC-USDT-SWAP,buy,short,0.69,64479.5
2026-08-04T23:16:01.848+00:00,1785885361848,BTC-USDT-SWAP,buy,short,4.75,64479.5
2026-08-04T23:16:01.844+00:00,1785885361844,BTC-USDT-SWAP,buy,short,0.09,64479.5
2026-08-04T23:16:01.784+00:00,1785885361784,BTC-USDT-SWAP,buy,short,0.02,64479.5
2026-08-04T23:15:54.027+00:00,1785885354027,BTC-USDT-SWAP,buy,short,0.08,64474.4
2026-08-04T23:15:54.007+00:00,1785885354007,BTC-USDT-SWAP,buy,short,22.48,64474.4
2026-08-04T23:15:54.005+00:00,1785885354005,BTC-USDT-SWAP,buy,short,0.06,64474.4
2026-08-04T23:15:54.004+00:00,1785885354004,BTC-USDT-SWAP,buy,short,7.22,64474.4
2026-08-04T23:15:54.001+00:00,1785885354001,BTC-USDT-SWAP,buy,short,35.12,64474.4
2026-08-04T23:15:53.885+00:00,1785885353885,BTC-USDT-SWAP,buy,short,3.3,64471.9
2026-08-04T23:15:53.858+00:00,1785885353858,BTC-USDT-SWAP,buy,short,0.01,64471.9
2026-08-04T23:15:53.818+00:00,1785885353818,BTC-USDT-SWAP,buy,short,0.77,64471.9
2026-08-04T23:15:53.804+00:00,1785885353804,BTC-USDT-SWAP,buy,short,0.61,64471.9
2026-08-04T23:15:53.764+00:00,1785885353764,BTC-USDT-SWAP,buy,short,0.05,64471.9
2026-08-04T23:17:31.945+00:00,1785885451945,BTC-USDT-SWAP,buy,short,0.5,64501.1
2026-08-04T23:17:27.426+00:00,1785885447426,BTC-USDT-SWAP,buy,short,0.02,64500.5
2026-08-04T23:17:27.115+00:00,1785885447115,BTC-USDT-SWAP,buy,short,4.4,64500.8
2026-08-04T23:17:27.082+00:00,1785885447082,BTC-USDT-SWAP,buy,short,1.21,64500.8
2026-08-04T23:17:27.050+00:00,1785885447050,BTC-USDT-SWAP,buy,short,13.29,64500.8
2026-08-04T23:17:26.166+00:00,1785885446166,BTC-USDT-SWAP,buy,short,39.37,64497
2026-08-04T23:17:26.067+00:00,1785885446067,BTC-USDT-SWAP,buy,short,0.02,64497
2026-08-04T23:17:25.430+00:00,1785885445430,BTC-USDT-SWAP,buy,short,1.01,64496.3
2026-08-04T23:17:24.441+00:00,1785885444441,BTC-USDT-SWAP,buy,short,310.94,64483.3
2026-08-04T23:18:24.277+00:00,1785885504277,BTC-USDT-SWAP,buy,short,1.94,64527.7
2026-08-04T23:18:24.221+00:00,1785885504221,BTC-USDT-SWAP,buy,short,0.29,64527.7
2026-08-04T23:18:24.184+00:00,1785885504184,BTC-USDT-SWAP,buy,short,2.21,64527.7
2026-08-04T23:18:24.177+00:00,1785885504177,BTC-USDT-SWAP,buy,short,8.16,64527.7
2026-08-04T23:18:24.153+00:00,1785885504153,BTC-USDT-SWAP,buy,short,0.64,64527.7
2026-08-04T23:18:24.145+00:00,1785885504145,BTC-USDT-SWAP,buy,short,36.42,64527.7
2026-08-04T23:18:24.073+00:00,1785885504073,BTC-USDT-SWAP,buy,short,14.06,64527.7
2026-08-04T23:18:24.069+00:00,1785885504069,BTC-USDT-SWAP,buy,short,0.37,64527.7
2026-08-04T23:18:23.999+00:00,1785885503999,BTC-USDT-SWAP,buy,short,0.79,64527.7
2026-08-04T23:18:23.933+00:00,1785885503933,BTC-USDT-SWAP,buy,short,0.25,64518.5
2026-08-04T23:18:23.906+00:00,1785885503906,BTC-USDT-SWAP,buy,short,56.02,64518.5
2026-08-04T23:18:22.723+00:00,1785885502723,BTC-USDT-SWAP,buy,short,3.57,64514.1
2026-08-04T23:18:22.674+00:00,1785885502674,BTC-USDT-SWAP,buy,short,2.71,64514.7
2026-08-04T23:18:22.236+00:00,1785885502236,BTC-USDT-SWAP,buy,short,5.22,64510.8
2026-08-04T23:18:21.752+00:00,1785885501752,BTC-USDT-SWAP,buy,short,30.13,64508.7
2026-08-04T23:18:21.724+00:00,1785885501724,BTC-USDT-SWAP,buy,short,13.72,64508.7
2026-08-04T23:18:21.720+00:00,1785885501720,BTC-USDT-SWAP,buy,short,0.91,64508.7
2026-08-04T23:18:21.678+00:00,1785885501678,BTC-USDT-SWAP,buy,short,2.67,64508.7
2026-08-04T23:18:21.665+00:00,1785885501665,BTC-USDT-SWAP,buy,short,0.03,64508.7
2026-08-04T23:18:21.659+00:00,1785885501659,BTC-USDT-SWAP,buy,short,6.57,64508.7
2026-08-04T23:18:21.642+00:00,1785885501642,BTC-USDT-SWAP,buy,short,0.2,64508.7
2026-08-04T23:18:21.572+00:00,1785885501572,BTC-USDT-SWAP,buy,short,0.02,64504.5
2026-08-04T23:18:21.408+00:00,1785885501408,BTC-USDT-SWAP,buy,short,1.85,64504.1
2026-08-04T23:18:21.381+00:00,1785885501381,BTC-USDT-SWAP,buy,short,10,64504.1
2026-08-04T23:18:21.126+00:00,1785885501126,BTC-USDT-SWAP,buy,short,1.26,64503.6
2026-08-04T23:18:20.979+00:00,1785885500979,BTC-USDT-SWAP,buy,short,0.45,64503.6
2026-08-04T23:18:20.637+00:00,1785885500637,BTC-USDT-SWAP,buy,short,1.01,64503
2026-08-04T23:30:12.813+00:00,1785886212813,BTC-USDT-SWAP,sell,long,12.14,64129.8
2026-08-04T23:38:39.648+00:00,1785886719648,BTC-USDT-SWAP,sell,long,0.79,64124.8
2026-08-04T23:51:42.436+00:00,1785887502436,BTC-USDT-SWAP,sell,long,1.64,64113.3
2026-08-04T23:56:35.845+00:00,1785887795845,BTC-USDT-SWAP,sell,long,0.01,64059.8
2026-08-04T23:56:35.840+00:00,1785887795840,BTC-USDT-SWAP,sell,long,1.65,64059.8
2026-08-04T23:56:35.805+00:00,1785887795805,BTC-USDT-SWAP,sell,long,1.47,64059.8
2026-08-05T00:00:26.319+00:00,1785888026319,BTC-USDT-SWAP,sell,long,1.73,64053.2
2026-08-05T00:05:46.764+00:00,1785888346764,BTC-USDT-SWAP,sell,long,0.78,64004.6
2026-08-05T00:07:47.973+00:00,1785888467973,BTC-USDT-SWAP,sell,long,5.04,64023.1
2026-08-05T00:23:00.599+00:00,1785889380599,BTC-USDT-SWAP,sell,long,0.75,63997.3
2026-08-05T00:49:47.311+00:00,1785890987311,BTC-USDT-SWAP,sell,long,4.19,63966.7
2026-08-05T00:49:29.807+00:00,1785890969807,BTC-USDT-SWAP,sell,long,0.11,63970.4
2026-08-05T00:51:24.074+00:00,1785891084074,BTC-USDT-SWAP,sell,long,0.55,63974.4
2026-08-05T00:53:33.506+00:00,1785891213506,BTC-USDT-SWAP,sell,long,0.02,63954.9
2026-08-05T01:01:02.446+00:00,1785891662446,BTC-USDT-SWAP,sell,long,0.19,63943.9
2026-08-05T01:01:01.596+00:00,1785891661596,BTC-USDT-SWAP,sell,long,111.74,63946.9
2026-08-05T01:01:01.341+00:00,1785891661341,BTC-USDT-SWAP,sell,long,0.54,63948.7
2026-08-05T01:00:56.902+00:00,1785891656902,BTC-USDT-SWAP,sell,long,0.14,63952.2
2026-08-05T01:00:55.657+00:00,1785891655657,BTC-USDT-SWAP,sell,long,0.69,63953.7
2026-08-05T01:02:34.241+00:00,1785891754241,BTC-USDT-SWAP,sell,long,0.27,63924.4
2026-08-05T01:02:33.694+00:00,1785891753694,BTC-USDT-SWAP,sell,long,0.27,63926.2
2026-08-05T01:02:22.872+00:00,1785891742872,BTC-USDT-SWAP,sell,long,3.27,63930.5
2026-08-05T01:02:21.880+00:00,1785891741880,BTC-USDT-SWAP,sell,long,0.21,63932.6
2026-08-05T01:02:21.740+00:00,1785891741740,BTC-USDT-SWAP,sell,long,5.54,63932.6
2026-08-05T01:02:21.685+00:00,1785891741685,BTC-USDT-SWAP,sell,long,2.48,63938.7
2026-08-05T01:02:21.546+00:00,1785891741546,BTC-USDT-SWAP,sell,long,50,63938.7
2026-08-05T01:02:21.460+00:00,1785891741460,BTC-USDT-SWAP,sell,long,3.76,63941.2
2026-08-05T01:17:16.271+00:00,1785892636271,BTC-USDT-SWAP,sell,long,0.7,63929
2026-08-05T01:54:08.642+00:00,1785894848642,BTC-USDT-SWAP,buy,short,0.91,64315.8
2026-08-05T01:54:08.568+00:00,1785894848568,BTC-USDT-SWAP,buy,short,0.01,64315.8
2026-08-05T01:54:07.381+00:00,1785894847381,BTC-USDT-SWAP,buy,short,1.01,64313.1
2026-08-05T01:54:02.830+00:00,1785894842830,BTC-USDT-SWAP,buy,short,2.22,64305.4
2026-08-05T01:54:02.658+00:00,1785894842658,BTC-USDT-SWAP,buy,short,1.27,64305.4
2026-08-05T01:54:02.126+00:00,1785894842126,BTC-USDT-SWAP,buy,short,0.31,64294.1
2026-08-05T01:54:00.580+00:00,1785894840580,BTC-USDT-SWAP,buy,short,0.55,64280.5
2026-08-05T01:54:00.544+00:00,1785894840544,BTC-USDT-SWAP,buy,short,0.15,64280.5
2026-08-05T01:59:15.822+00:00,1785895155822,BTC-USDT-SWAP,buy,short,1.55,64320
2026-08-05T01:58:49.805+00:00,1785895129805,BTC-USDT-SWAP,buy,short,0.99,64317.5
2026-08-05T02:00:23.885+00:00,1785895223885,BTC-USDT-SWAP,buy,short,0.26,64324.6
2026-08-05T02:01:24.157+00:00,1785895284157,BTC-USDT-SWAP,buy,short,0.62,64343.3
2026-08-05T02:01:24.149+00:00,1785895284149,BTC-USDT-SWAP,buy,short,3.38,64343.3
2026-08-05T02:01:24.108+00:00,1785895284108,BTC-USDT-SWAP,buy,short,0.41,64343.3
2026-08-05T02:01:21.815+00:00,1785895281815,BTC-USDT-SWAP,buy,short,0.57,64331
2026-08-05T02:01:21.812+00:00,1785895281812,BTC-USDT-SWAP,buy,short,1.12,64331
2026-08-05T02:01:21.728+00:00,1785895281728,BTC-USDT-SWAP,buy,short,0.5,64331
2026-08-05T02:01:44.921+00:00,1785895304921,BTC-USDT-SWAP,buy,short,5.77,64360.9
2026-08-05T02:01:44.317+00:00,1785895304317,BTC-USDT-SWAP,buy,short,1.95,64359.7
2026-08-05T02:01:43.713+00:00,1785895303713,BTC-USDT-SWAP,buy,short,1.35,64358.5
2026-08-05T02:01:43.668+00:00,1785895303668,BTC-USDT-SWAP,buy,short,15.62,64358.5
2026-08-05T02:01:43.584+00:00,1785895303584,BTC-USDT-SWAP,buy,short,0.15,64358.5
2026-08-05T02:01:43.511+00:00,1785895303511,BTC-USDT-SWAP,buy,short,0.74,64354.5
2026-08-05T02:01:43.484+00:00,1785895303484,BTC-USDT-SWAP,buy,short,0.6,64354.5
2026-08-05T02:01:42.634+00:00,1785895302634,BTC-USDT-SWAP,buy,short,0.54,64350.4
2026-08-05T02:01:41.342+00:00,1785895301342,BTC-USDT-SWAP,buy,short,3.67,64347.4
2026-08-05T02:01:41.148+00:00,1785895301148,BTC-USDT-SWAP,buy,short,100,64346.1
2026-08-05T02:03:38.648+00:00,1785895418648,BTC-USDT-SWAP,buy,short,0.63,64407.7
2026-08-05T02:03:38.534+00:00,1785895418534,BTC-USDT-SWAP,buy,short,6.87,64407.7
2026-08-05T02:03:33.365+00:00,1785895413365,BTC-USDT-SWAP,buy,short,4.83,64397.9
2026-08-05T02:03:32.428+00:00,1785895412428,BTC-USDT-SWAP,buy,short,1.69,64397.2
2026-08-05T02:03:26.301+00:00,1785895406301,BTC-USDT-SWAP,buy,short,0.87,64392.7
2026-08-05T02:03:25.751+00:00,1785895405751,BTC-USDT-SWAP,buy,short,8.48,64389.3
2026-08-05T02:03:25.699+00:00,1785895405699,BTC-USDT-SWAP,buy,short,4.37,64389.3
2026-08-05T02:03:25.634+00:00,1785895405634,BTC-USDT-SWAP,buy,short,0.11,64389.3
2026-08-05T02:03:25.602+00:00,1785895405602,BTC-USDT-SWAP,buy,short,4.71,64381.9
2026-08-05T02:03:25.449+00:00,1785895405449,BTC-USDT-SWAP,buy,short,10.83,64381.9
2026-08-05T02:03:25.403+00:00,1785895405403,BTC-USDT-SWAP,buy,short,57.76,64381.9
2026-08-05T02:03:22.862+00:00,1785895402862,BTC-USDT-SWAP,buy,short,3.42,64370.8
2026-08-05T02:03:22.705+00:00,1785895402705,BTC-USDT-SWAP,buy,short,2.55,64367
2026-08-05T02:02:48.090+00:00,1785895368090,BTC-USDT-SWAP,buy,short,50.6,64362.8
2026-08-05T02:04:04.054+00:00,1785895444054,BTC-USDT-SWAP,buy,short,90.25,64469.7
2026-08-05T02:04:03.516+00:00,1785895443516,BTC-USDT-SWAP,buy,short,0.39,64466.2
2026-08-05T02:04:03.012+00:00,1785895443012,BTC-USDT-SWAP,buy,short,110.32,64459.4
2026-08-05T02:04:03.001+00:00,1785895443001,BTC-USDT-SWAP,buy,short,36.78,64459.4
2026-08-05T02:04:02.901+00:00,1785895442901,BTC-USDT-SWAP,buy,short,0.9,64459.4
2026-08-05T02:04:02.797+00:00,1785895442797,BTC-USDT-SWAP,buy,short,0.16,64448.8
2026-08-05T02:04:02.631+00:00,1785895442631,BTC-USDT-SWAP,buy,short,0.15,64448.8
2026-08-05T02:04:02.356+00:00,1785895442356,BTC-USDT-SWAP,buy,short,10,64444.8
2026-08-05T02:04:02.331+00:00,1785895442331,BTC-USDT-SWAP,buy,short,12.55,64444.8
2026-08-05T02:04:02.283+00:00,1785895442283,BTC-USDT-SWAP,buy,short,3.85,64444.8
2026-08-05T02:04:02.040+00:00,1785895442040,BTC-USDT-SWAP,buy,short,0.21,64441
2026-08-05T02:04:00.540+00:00,1785895440540,BTC-USDT-SWAP,buy,short,0.85,64440.7
2026-08-05T02:03:59.748+00:00,1785895439748,BTC-USDT-SWAP,buy,short,0.25,64433.5
2026-08-05T02:03:59.462+00:00,1785895439462,BTC-USDT-SWAP,buy,short,20.2,64431.4
2026-08-05T02:03:59.274+00:00,1785895439274,BTC-USDT-SWAP,buy,short,1.47,64426.9
2026-08-05T02:03:58.955+00:00,1785895438955,BTC-USDT-SWAP,buy,short,0.91,64425.9
2026-08-05T02:03:58.496+00:00,1785895438496,BTC-USDT-SWAP,buy,short,0.54,64421.2
2026-08-05T02:03:58.465+00:00,1785895438465,BTC-USDT-SWAP,buy,short,8.67,64421.2
2026-08-05T02:03:58.068+00:00,1785895438068,BTC-USDT-SWAP,buy,short,0.11,64414
2026-08-05T02:03:57.495+00:00,1785895437495,BTC-USDT-SWAP,buy,short,0.49,64412.1
2026-08-05T02:11:15.865+00:00,1785895875865,BTC-USDT-SWAP,buy,short,79.19,64483.5
2026-08-05T02:11:15.865+00:00,1785895875865,BTC-USDT-SWAP,buy,short,0.17,64483.5
2026-08-05T02:11:15.861+00:00,1785895875861,BTC-USDT-SWAP,buy,short,7.76,64483.5
2026-08-05T02:11:15.853+00:00,1785895875853,BTC-USDT-SWAP,buy,short,1.28,64483.5
2026-08-05T02:11:15.849+00:00,1785895875849,BTC-USDT-SWAP,buy,short,2.71,64483.5
2026-08-05T02:11:15.848+00:00,1785895875848,BTC-USDT-SWAP,buy,short,16,64483.5
2026-08-05T02:11:15.750+00:00,1785895875750,BTC-USDT-SWAP,buy,short,0.41,64483.5
2026-08-05T02:17:55.854+00:00,1785896275854,BTC-USDT-SWAP,buy,short,1.1,64401.4
2026-08-05T02:25:50.933+00:00,1785896750933,BTC-USDT-SWAP,buy,short,0.24,64450.9
2026-08-05T03:19:26.965+00:00,1785899966965,BTC-USDT-SWAP,sell,long,0.03,64091.7
2026-08-05T03:21:01.596+00:00,1785900061596,BTC-USDT-SWAP,sell,long,0.66,64064.2
2026-08-05T03:21:01.104+00:00,1785900061104,BTC-USDT-SWAP,sell,long,1.64,64075.6
2026-08-05T03:22:42.406+00:00,1785900162406,BTC-USDT-SWAP,sell,long,1.9,64044
2026-08-05T03:22:33.798+00:00,1785900153798,BTC-USDT-SWAP,sell,long,356.75,64046.9
2026-08-05T03:22:33.362+00:00,1785900153362,BTC-USDT-SWAP,sell,long,0.27,64052.6
2026-08-05T03:22:33.322+00:00,1785900153322,BTC-USDT-SWAP,sell,long,0.09,64052.6
2026-08-05T03:22:33.284+00:00,1785900153284,BTC-USDT-SWAP,sell,long,1.2,64052.6
2026-08-05T03:22:25.932+00:00,1785900145932,BTC-USDT-SWAP,sell,long,2.41,64061.7
2026-08-05T03:25:16.559+00:00,1785900316559,BTC-USDT-SWAP,sell,long,0.01,64041.7
2026-08-05T03:26:49.691+00:00,1785900409691,BTC-USDT-SWAP,sell,long,0.01,64053.4
2026-08-05T03:26:43.400+00:00,1785900403400,BTC-USDT-SWAP,sell,long,9.18,64060.7
2026-08-05T03:26:43.386+00:00,1785900403386,BTC-USDT-SWAP,sell,long,18.72,64060.7
2026-08-05T03:30:01.212+00:00,1785900601212,BTC-USDT-SWAP,sell,long,0.12,64033.1
2026-08-05T03:30:00.236+00:00,1785900600236,BTC-USDT-SWAP,sell,long,0.05,64034
2026-08-05T03:29:58.997+00:00,1785900598997,BTC-USDT-SWAP,sell,long,68.75,64036
2026-08-05T03:29:58.382+00:00,1785900598382,BTC-USDT-SWAP,sell,long,2,64037.8
2026-08-05T03:30:16.871+00:00,1785900616871,BTC-USDT-SWAP,sell,long,0.06,64022.9
2026-08-05T03:30:16.763+00:00,1785900616763,BTC-USDT-SWAP,sell,long,0.43,64022.9
2026-08-05T04:42:34.608+00:00,1785904954608,BTC-USDT-SWAP,buy,short,5.88,64160
2026-08-05T04:42:34.474+00:00,1785904954474,BTC-USDT-SWAP,buy,short,5.76,64160
2026-08-05T04:42:33.545+00:00,1785904953545,BTC-USDT-SWAP,buy,short,1.35,64160.5
2026-08-05T04:58:10.651+00:00,1785905890651,BTC-USDT-SWAP,sell,long,0.04,64149.9
2026-08-05T05:01:16.505+00:00,1785906076505,BTC-USDT-SWAP,buy,short,54.13,64154
2026-08-05T05:01:16.436+00:00,1785906076436,BTC-USDT-SWAP,buy,short,5.88,64154
2026-08-05T05:01:14.166+00:00,1785906074166,BTC-USDT-SWAP,buy,short,62.98,64153.1
2026-08-05T05:01:13.564+00:00,1785906073564,BTC-USDT-SWAP,buy,short,5.56,64152.2
2026-08-05T05:01:07.514+00:00,1785906067514,BTC-USDT-SWAP,buy,short,33.6,64142.5
2026-08-05T05:01:04.410+00:00,1785906064410,BTC-USDT-SWAP,buy,short,12.17,64139.9
2026-08-05T05:01:01.895+00:00,1785906061895,BTC-USDT-SWAP,buy,short,0.01,64132.5
2026-08-05T05:01:01.882+00:00,1785906061882,BTC-USDT-SWAP,buy,short,17.26,64132.5
2026-08-05T05:01:01.824+00:00,1785906061824,BTC-USDT-SWAP,buy,short,0.34,64132.5
2026-08-05T05:01:01.406+00:00,1785906061406,BTC-USDT-SWAP,buy,short,0.08,64132.5
2026-08-05T05:01:16.516+00:00,1785906076516,BTC-USDT-SWAP,buy,short,12,64154
2026-08-05T05:26:36.548+00:00,1785907596548,BTC-USDT-SWAP,buy,short,168.71,64491
2026-08-05T05:26:18.261+00:00,1785907578261,BTC-USDT-SWAP,buy,short,1.83,64494.2
2026-08-05T05:26:18.257+00:00,1785907578257,BTC-USDT-SWAP,buy,short,0.34,64494.2
2026-08-05T05:26:18.199+00:00,1785907578199,BTC-USDT-SWAP,buy,short,0.13,64494.2
2026-08-05T05:26:18.123+00:00,1785907578123,BTC-USDT-SWAP,buy,short,7.44,64494.2
2026-08-05T05:26:17.663+00:00,1785907577663,BTC-USDT-SWAP,buy,short,0.23,64480.9
2026-08-05T05:26:17.537+00:00,1785907577537,BTC-USDT-SWAP,buy,short,2.28,64480.9
2026-08-05T05:26:15.061+00:00,1785907575061,BTC-USDT-SWAP,buy,short,88.64,64476.2
2026-08-05T05:26:14.639+00:00,1785907574639,BTC-USDT-SWAP,buy,short,3.61,64472.7
2026-08-05T05:26:14.241+00:00,1785907574241,BTC-USDT-SWAP,buy,short,3.42,64470
2026-08-05T05:26:08.621+00:00,1785907568621,BTC-USDT-SWAP,buy,short,0.07,64468.3
2026-08-05T05:26:08.222+00:00,1785907568222,BTC-USDT-SWAP,buy,short,4,64467.8
2026-08-05T05:26:07.630+00:00,1785907567630,BTC-USDT-SWAP,buy,short,0.18,64466.3
2026-08-05T05:26:07.272+00:00,1785907567272,BTC-USDT-SWAP,buy,short,5.55,64463.7
2026-08-05T05:26:07.248+00:00,1785907567248,BTC-USDT-SWAP,buy,short,15.59,64463.7
2026-08-05T05:26:07.194+00:00,1785907567194,BTC-USDT-SWAP,buy,short,8.54,64463.7
2026-08-05T05:26:07.092+00:00,1785907567092,BTC-USDT-SWAP,buy,short,1.56,64457.7
2026-08-05T05:26:07.031+00:00,1785907567031,BTC-USDT-SWAP,buy,short,41.97,64457.7
2026-08-05T05:26:07.024+00:00,1785907567024,BTC-USDT-SWAP,buy,short,1.86,64457.7
2026-08-05T05:26:07.014+00:00,1785907567014,BTC-USDT-SWAP,buy,short,1.09,64457.7
2026-08-05T05:26:06.886+00:00,1785907566886,BTC-USDT-SWAP,buy,short,0.04,64457.7
2026-08-05T05:25:55.214+00:00,1785907555214,BTC-USDT-SWAP,buy,short,0.27,64442.1
2026-08-05T05:25:54.710+00:00,1785907554710,BTC-USDT-SWAP,buy,short,0.38,64441.5
2026-08-05T05:25:54.258+00:00,1785907554258,BTC-USDT-SWAP,buy,short,30,64432.3
2026-08-05T05:25:54.153+00:00,1785907554153,BTC-USDT-SWAP,buy,short,0.64,64428.7
2026-08-05T05:25:46.137+00:00,1785907546137,BTC-USDT-SWAP,buy,short,17,64414.1
2026-08-05T05:25:43.346+00:00,1785907543346,BTC-USDT-SWAP,buy,short,0.21,64406.7
2026-08-05T05:26:47.608+00:00,1785907607608,BTC-USDT-SWAP,buy,short,4.45,64497.6
2026-08-05T05:26:47.432+00:00,1785907607432,BTC-USDT-SWAP,buy,short,0.1,64496.3
2026-08-05T05:26:47.422+00:00,1785907607422,BTC-USDT-SWAP,buy,short,0.01,64496.3
2026-08-05T05:26:47.338+00:00,1785907607338,BTC-USDT-SWAP,buy,short,0.29,64496.3
2026-08-05T05:38:54.255+00:00,1785908334255,BTC-USDT-SWAP,sell,long,3.15,64332.9
2026-08-05T05:41:19.330+00:00,1785908479330,BTC-USDT-SWAP,sell,long,1.63,64326.9
2026-08-05T05:46:22.007+00:00,1785908782007,BTC-USDT-SWAP,buy,short,0.5,64334.7
2026-08-05T06:43:50.656+00:00,1785912230656,BTC-USDT-SWAP,sell,long,1.36,64266.7
2026-08-05T07:21:02.817+00:00,1785914462817,BTC-USDT-SWAP,sell,long,4,64048.2
2026-08-05T07:42:34.900+00:00,1785915754900,BTC-USDT-SWAP,sell,long,0.33,64010.9
2026-08-05T07:42:34.731+00:00,1785915754731,BTC-USDT-SWAP,sell,long,0.01,64013.8
2026-08-05T07:43:53.161+00:00,1785915833161,BTC-USDT-SWAP,sell,long,14.21,64000.5
2026-08-05T07:44:09.029+00:00,1785915849029,BTC-USDT-SWAP,sell,long,1.1,63978.1
2026-08-05T07:44:09.009+00:00,1785915849009,BTC-USDT-SWAP,sell,long,0.01,63978.1
2026-08-05T07:44:08.952+00:00,1785915848952,BTC-USDT-SWAP,sell,long,0.21,63978.1
2026-08-05T08:08:17.201+00:00,1785917297201,BTC-USDT-SWAP,buy,short,50,64123.1
2026-08-05T08:10:37.348+00:00,1785917437348,BTC-USDT-SWAP,buy,short,20,64173.8
2026-08-05T09:49:35.987+00:00,1785923375987,BTC-USDT-SWAP,sell,long,0.18,64141.9
2026-08-05T10:15:57.408+00:00,1785924957408,BTC-USDT-SWAP,sell,long,1.85,64064.4
2026-08-05T12:06:18.506+00:00,1785931578506,BTC-USDT-SWAP,buy,short,0.01,64063
2026-08-05T12:19:43.692+00:00,1785932383692,BTC-USDT-SWAP,buy,short,2.19,64415.6
2026-08-05T12:19:42.712+00:00,1785932382712,BTC-USDT-SWAP,buy,short,0.02,64414.1
2026-08-05T12:19:42.535+00:00,1785932382535,BTC-USDT-SWAP,buy,short,6.5,64413.9
2026-08-05T12:19:41.849+00:00,1785932381849,BTC-USDT-SWAP,buy,short,8.91,64411.1
2026-08-05T12:19:41.715+00:00,1785932381715,BTC-USDT-SWAP,buy,short,1.57,64411.1
2026-08-05T12:19:41.613+00:00,1785932381613,BTC-USDT-SWAP,buy,short,0.21,64407.9
2026-08-05T12:19:41.363+00:00,1785932381363,BTC-USDT-SWAP,buy,short,13.7,64406.2
2026-08-05T12:19:41.106+00:00,1785932381106,BTC-USDT-SWAP,buy,short,1.02,64406
2026-08-05T12:19:40.850+00:00,1785932380850,BTC-USDT-SWAP,buy,short,32.04,64404.1
2026-08-05T12:19:40.820+00:00,1785932380820,BTC-USDT-SWAP,buy,short,4.32,64404.1
2026-08-05T12:19:40.076+00:00,1785932380076,BTC-USDT-SWAP,buy,short,5,64403
2026-08-05T12:19:40.056+00:00,1785932380056,BTC-USDT-SWAP,buy,short,0.14,64403
2026-08-05T12:19:39.896+00:00,1785932379896,BTC-USDT-SWAP,buy,short,0.2,64403
2026-08-05T12:19:28.879+00:00,1785932368879,BTC-USDT-SWAP,buy,short,46.01,64399.2
2026-08-05T12:19:24.612+00:00,1785932364612,BTC-USDT-SWAP,buy,short,0.22,64396.7
2026-08-05T12:19:24.093+00:00,1785932364093,BTC-USDT-SWAP,buy,short,0.02,64395.1
2026-08-05T12:19:23.993+00:00,1785932363993,BTC-USDT-SWAP,buy,short,0.15,64394.4
2026-08-05T12:19:23.841+00:00,1785932363841,BTC-USDT-SWAP,buy,short,0.12,64394.4
2026-08-05T12:19:23.777+00:00,1785932363777,BTC-USDT-SWAP,buy,short,6,64392.7
2026-08-05T12:19:22.740+00:00,1785932362740,BTC-USDT-SWAP,buy,short,2.21,64390.9
2026-08-05T12:19:22.599+00:00,1785932362599,BTC-USDT-SWAP,buy,short,3.27,64390.9
2026-08-05T12:19:18.393+00:00,1785932358393,BTC-USDT-SWAP,buy,short,0.3,64388.9
2026-08-05T12:19:18.353+00:00,1785932358353,BTC-USDT-SWAP,buy,short,0.01,64388.9
2026-08-05T12:19:18.188+00:00,1785932358188,BTC-USDT-SWAP,buy,short,7.43,64388.6
2026-08-05T12:19:18.099+00:00,1785932358099,BTC-USDT-SWAP,buy,short,12.96,64388.6
2026-08-05T12:19:17.733+00:00,1785932357733,BTC-USDT-SWAP,buy,short,0.01,64383
2026-08-05T12:19:10.047+00:00,1785932350047,BTC-USDT-SWAP,buy,short,0.02,64372.3
2026-08-05T12:19:09.723+00:00,1785932349723,BTC-USDT-SWAP,buy,short,0.85,64366
2026-08-05T12:19:05.109+00:00,1785932345109,BTC-USDT-SWAP,buy,short,0.27,64364.9
2026-08-05T12:19:04.959+00:00,1785932344959,BTC-USDT-SWAP,buy,short,0.72,64364.9
2026-08-05T12:19:04.842+00:00,1785932344842,BTC-USDT-SWAP,buy,short,0.84,64352.4
2026-08-05T12:20:41.861+00:00,1785932441861,BTC-USDT-SWAP,buy,short,4.27,64466.2
2026-08-05T12:20:41.735+00:00,1785932441735,BTC-USDT-SWAP,buy,short,2.8,64466.2
2026-08-05T12:20:40.832+00:00,1785932440832,BTC-USDT-SWAP,buy,short,1.35,64460.6
2026-08-05T12:20:40.484+00:00,1785932440484,BTC-USDT-SWAP,buy,short,1.91,64459.7
2026-08-05T12:20:40.387+00:00,1785932440387,BTC-USDT-SWAP,buy,short,3.65,64459.7
2026-08-05T12:20:39.624+00:00,1785932439624,BTC-USDT-SWAP,buy,short,12.29,64454.4
2026-08-05T12:20:39.382+00:00,1785932439382,BTC-USDT-SWAP,buy,short,7,64454
2026-08-05T12:20:38.983+00:00,1785932438983,BTC-USDT-SWAP,buy,short,0.56,64453.4
2026-08-05T12:20:38.954+00:00,1785932438954,BTC-USDT-SWAP,buy,short,1.69,64453.4
2026-08-05T12:20:38.945+00:00,1785932438945,BTC-USDT-SWAP,buy,short,2.15,64453.4
2026-08-05T12:20:30.484+00:00,1785932430484,BTC-USDT-SWAP,sell,long,0.02,64446.5
2026-08-05T12:20:28.914+00:00,1785932428914,BTC-USDT-SWAP,buy,short,1.82,64444.4
2026-08-05T12:20:28.640+00:00,1785932428640,BTC-USDT-SWAP,buy,short,0.51,64444.2
2026-08-05T12:20:26.036+00:00,1785932426036,BTC-USDT-SWAP,buy,short,555,64440.8
2026-08-05T12:20:23.728+00:00,1785932423728,BTC-USDT-SWAP,buy,short,1,64439.2
2026-08-05T12:20:21.473+00:00,1785932421473,BTC-USDT-SWAP,buy,short,1.12,64434
2026-08-05T12:20:18.662+00:00,1785932418662,BTC-USDT-SWAP,buy,short,0.9,64429.7
2026-08-05T12:20:12.375+00:00,1785932412375,BTC-USDT-SWAP,buy,short,3.59,64428.1
2026-08-05T12:20:00.266+00:00,1785932400266,BTC-USDT-SWAP,buy,short,12.59,64419.4
2026-08-05T12:21:39.940+00:00,1785932499940,BTC-USDT-SWAP,buy,short,7.58,64537.6
2026-08-05T12:21:39.655+00:00,1785932499655,BTC-USDT-SWAP,buy,short,6.51,64521.4
2026-08-05T12:21:19.443+00:00,1785932479443,BTC-USDT-SWAP,buy,short,8.02,64546.8
2026-08-05T12:21:19.425+00:00,1785932479425,BTC-USDT-SWAP,buy,short,0.07,64546.8
2026-08-05T12:21:19.415+00:00,1785932479415,BTC-USDT-SWAP,buy,short,0.4,64545.5
2026-08-05T12:21:19.393+00:00,1785932479393,BTC-USDT-SWAP,buy,short,0.88,64546.8
2026-08-05T12:21:19.389+00:00,1785932479389,BTC-USDT-SWAP,buy,short,0.01,64546.8
2026-08-05T12:21:19.386+00:00,1785932479386,BTC-USDT-SWAP,buy,short,0.09,64546.8
2026-08-05T12:21:19.367+00:00,1785932479367,BTC-USDT-SWAP,buy,short,18.14,64546.8
2026-08-05T12:21:19.248+00:00,1785932479248,BTC-USDT-SWAP,buy,short,0.38,64546.8
2026-08-05T12:21:19.242+00:00,1785932479242,BTC-USDT-SWAP,buy,short,1.56,64536.3
2026-08-05T12:21:19.242+00:00,1785932479242,BTC-USDT-SWAP,buy,short,20.15,64536.3
2026-08-05T12:21:19.239+00:00,1785932479239,BTC-USDT-SWAP,buy,short,4.39,64536.3
2026-08-05T12:21:19.223+00:00,1785932479223,BTC-USDT-SWAP,buy,short,1000,64546.8
2026-08-05T12:21:19.206+00:00,1785932479206,BTC-USDT-SWAP,buy,short,0.14,64536.3
2026-08-05T12:21:19.180+00:00,1785932479180,BTC-USDT-SWAP,buy,short,20,64536.3
2026-08-05T12:21:19.176+00:00,1785932479176,BTC-USDT-SWAP,buy,short,30,64536.3
2026-08-05T12:21:19.153+00:00,1785932479153,BTC-USDT-SWAP,buy,short,3.65,64536.3
2026-08-05T12:21:18.160+00:00,1785932478160,BTC-USDT-SWAP,buy,short,0.1,64479.9
2026-08-05T12:21:18.159+00:00,1785932478159,BTC-USDT-SWAP,buy,short,0.63,64479.9
2026-08-05T12:21:18.066+00:00,1785932478066,BTC-USDT-SWAP,buy,short,0.78,64478.7
2026-08-05T12:21:18.039+00:00,1785932478039,BTC-USDT-SWAP,buy,short,0.01,64478.7
2026-08-05T12:21:17.974+00:00,1785932477974,BTC-USDT-SWAP,buy,short,9.5,64478.7
2026-08-05T12:21:17.955+00:00,1785932477955,BTC-USDT-SWAP,buy,short,0.17,64478.7
2026-08-05T12:21:13.303+00:00,1785932473303,BTC-USDT-SWAP,buy,short,0.28,64474.3
2026-08-05T12:21:11.338+00:00,1785932471338,BTC-USDT-SWAP,buy,short,0.01,64473.2
2026-08-05T12:21:02.409+00:00,1785932462409,BTC-USDT-SWAP,buy,short,3.7,64470
2026-08-05T12:27:32.036+00:00,1785932852036,BTC-USDT-SWAP,buy,short,1.39,64546.3
2026-08-05T12:27:30.237+00:00,1785932850237,BTC-USDT-SWAP,buy,short,0.28,64540.5
2026-08-05T13:10:13.421+00:00,1785935413421,BTC-USDT-SWAP,sell,long,0.12,64102.7
2026-08-05T13:10:13.410+00:00,1785935413410,BTC-USDT-SWAP,sell,long,4.91,64102.7
2026-08-05T13:10:13.145+00:00,1785935413145,BTC-USDT-SWAP,sell,long,11.14,64105.5
2026-08-05T13:10:12.820+00:00,1785935412820,BTC-USDT-SWAP,sell,long,0.43,64112.2
2026-08-05T13:10:11.835+00:00,1785935411835,BTC-USDT-SWAP,sell,long,0.26,64117.9
2026-08-05T13:10:11.669+00:00,1785935411669,BTC-USDT-SWAP,sell,long,115.9,64117.9
2026-08-05T13:10:11.498+00:00,1785935411498,BTC-USDT-SWAP,sell,long,0.15,64122.3
2026-08-05T13:10:11.450+00:00,1785935411450,BTC-USDT-SWAP,sell,long,24.16,64125.3
2026-08-05T13:10:11.024+00:00,1785935411024,BTC-USDT-SWAP,sell,long,3.52,64130.7
2026-08-05T13:10:11.020+00:00,1785935411020,BTC-USDT-SWAP,sell,long,0.6,64130.7
2026-08-05T13:10:10.877+00:00,1785935410877,BTC-USDT-SWAP,sell,long,1.53,64130.7
2026-08-05T13:10:10.743+00:00,1785935410743,BTC-USDT-SWAP,sell,long,1.99,64136.9
2026-08-05T13:10:10.575+00:00,1785935410575,BTC-USDT-SWAP,sell,long,6.28,64139.7
2026-08-05T13:10:08.556+00:00,1785935408556,BTC-USDT-SWAP,sell,long,0.6,64167.1
2026-08-05T13:10:08.520+00:00,1785935408520,BTC-USDT-SWAP,sell,long,1.59,64167.1
2026-08-05T13:11:37.385+00:00,1785935497385,BTC-USDT-SWAP,sell,long,1.77,64087.7
2026-08-05T13:11:31.152+00:00,1785935491152,BTC-USDT-SWAP,sell,long,0.42,64089
2026-08-05T13:11:28.283+00:00,1785935488283,BTC-USDT-SWAP,sell,long,2.41,64096.1
2026-08-05T13:11:28.050+00:00,1785935488050,BTC-USDT-SWAP,sell,long,4.4,64098.4
2026-08-05T13:13:34.423+00:00,1785935614423,BTC-USDT-SWAP,sell,long,0.01,64073.5
2026-08-05T13:13:34.405+00:00,1785935614405,BTC-USDT-SWAP,sell,long,6.06,64073.5
2026-08-05T13:13:32.967+00:00,1785935612967,BTC-USDT-SWAP,sell,long,0.28,64076.8
2026-08-05T13:13:32.763+00:00,1785935612763,BTC-USDT-SWAP,sell,long,2.23,64080.6
2026-08-05T13:13:32.690+00:00,1785935612690,BTC-USDT-SWAP,sell,long,5.77,64080.6
2026-08-05T13:30:24.490+00:00,1785936624490,BTC-USDT-SWAP,sell,long,0.05,64060.3
2026-08-05T13:30:24.461+00:00,1785936624461,BTC-USDT-SWAP,sell,long,15.23,64060.3
2026-08-05T13:30:13.444+00:00,1785936613444,BTC-USDT-SWAP,sell,long,2.35,64065.3
2026-08-05T13:30:07.423+00:00,1785936607423,BTC-USDT-SWAP,sell,long,0.03,64070.5
2026-08-05T13:32:04.476+00:00,1785936724476,BTC-USDT-SWAP,sell,long,153.73,64011.7
2026-08-05T13:32:04.272+00:00,1785936724272,BTC-USDT-SWAP,sell,long,1.49,64015.7
2026-08-05T13:32:02.093+00:00,1785936722093,BTC-USDT-SWAP,sell,long,0.67,64019
2026-08-05T13:32:02.040+00:00,1785936722040,BTC-USDT-SWAP,sell,long,2.11,64019
2026-08-05T13:32:01.991+00:00,1785936721991,BTC-USDT-SWAP,sell,long,2.93,64019
2026-08-05T13:31:48.229+00:00,1785936708229,BTC-USDT-SWAP,sell,long,76.43,64034.8
2026-08-05T13:31:42.847+00:00,1785936702847,BTC-USDT-SWAP,sell,long,11.91,64043
2026-08-05T13:31:37.044+00:00,1785936697044,BTC-USDT-SWAP,sell,long,0.08,64052.6
2026-08-05T13:31:36.923+00:00,1785936696923,BTC-USDT-SWAP,sell,long,16.01,64054.6
2026-08-05T13:32:19.744+00:00,1785936739744,BTC-USDT-SWAP,sell,long,1.25,63877.5
2026-08-05T13:32:19.741+00:00,1785936739741,BTC-USDT-SWAP,sell,long,3,63877.5
2026-08-05T13:32:18.198+00:00,1785936738198,BTC-USDT-SWAP,sell,long,2.84,63885.5
2026-08-05T13:32:18.175+00:00,1785936738175,BTC-USDT-SWAP,sell,long,33.65,63885.5
2026-08-05T13:32:18.104+00:00,1785936738104,BTC-USDT-SWAP,sell,long,1.57,63885.5
2026-08-05T13:32:17.574+00:00,1785936737574,BTC-USDT-SWAP,sell,long,0.23,63894.6
2026-08-05T13:32:17.543+00:00,1785936737543,BTC-USDT-SWAP,sell,long,2.03,63894.6
2026-08-05T13:32:17.481+00:00,1785936737481,BTC-USDT-SWAP,sell,long,0.47,63894.6
2026-08-05T13:32:17.385+00:00,1785936737385,BTC-USDT-SWAP,sell,long,0.3,63907.3
2026-08-05T13:32:17.385+00:00,1785936737385,BTC-USDT-SWAP,sell,long,7.02,63907.3
2026-08-05T13:32:17.374+00:00,1785936737374,BTC-USDT-SWAP,sell,long,0.87,63894.6
2026-08-05T13:32:17.167+00:00,1785936737167,BTC-USDT-SWAP,sell,long,0.12,63911.4
2026-08-05T13:32:16.969+00:00,1785936736969,BTC-USDT-SWAP,sell,long,7.38,63912.4
2026-08-05T13:32:16.912+00:00,1785936736912,BTC-USDT-SWAP,sell,long,0.08,63912.4
2026-08-05T13:32:16.767+00:00,1785936736767,BTC-USDT-SWAP,sell,long,3.03,63923.7
2026-08-05T13:32:16.727+00:00,1785936736727,BTC-USDT-SWAP,sell,long,3.98,63923.7
2026-08-05T13:32:16.712+00:00,1785936736712,BTC-USDT-SWAP,sell,long,4.62,63923.7
2026-08-05T13:32:16.678+00:00,1785936736678,BTC-USDT-SWAP,sell,long,0.82,63923.7
2026-08-05T13:32:16.581+00:00,1785936736581,BTC-USDT-SWAP,sell,long,164.7,63923.7
2026-08-05T13:32:16.502+00:00,1785936736502,BTC-USDT-SWAP,sell,long,0.46,63936.7
2026-08-05T13:32:16.493+00:00,1785936736493,BTC-USDT-SWAP,sell,long,0.03,63936.7
2026-08-05T13:32:16.481+00:00,1785936736481,BTC-USDT-SWAP,sell,long,0.43,63936.7
2026-08-05T13:32:16.369+00:00,1785936736369,BTC-USDT-SWAP,sell,long,2.29,63936.7
2026-08-05T13:32:16.263+00:00,1785936736263,BTC-USDT-SWAP,sell,long,0.22,63970.8
2026-08-05T13:32:13.321+00:00,1785936733321,BTC-USDT-SWAP,sell,long,0.05,63981.5
2026-08-05T13:33:54.802+00:00,1785936834802,BTC-USDT-SWAP,sell,long,7.46,63866.7
2026-08-05T13:33:54.509+00:00,1785936834509,BTC-USDT-SWAP,sell,long,2.23,63867.9
2026-08-05T13:34:26.712+00:00,1785936866712,BTC-USDT-SWAP,sell,long,15.61,63852
2026-08-05T13:34:26.616+00:00,1785936866616,BTC-USDT-SWAP,sell,long,0.2,63852
2026-08-05T13:34:26.598+00:00,1785936866598,BTC-USDT-SWAP,sell,long,0.04,63852
2026-08-05T13:34:26.579+00:00,1785936866579,BTC-USDT-SWAP,sell,long,10,63852
2026-08-05T13:34:26.547+00:00,1785936866547,BTC-USDT-SWAP,sell,long,6.77,63852
2026-08-05T13:34:24.687+00:00,1785936864687,BTC-USDT-SWAP,sell,long,0.02,63865.4
2026-08-05T13:34:24.674+00:00,1785936864674,BTC-USDT-SWAP,sell,long,5.89,63865.4
2026-08-05T13:34:24.309+00:00,1785936864309,BTC-USDT-SWAP,sell,long,1.77,63865.8
2026-08-05T13:34:24.266+00:00,1785936864266,BTC-USDT-SWAP,sell,long,0.1,63865.7
2026-08-05T13:36:41.394+00:00,1785937001394,BTC-USDT-SWAP,sell,long,6,63842.1
2026-08-05T13:36:41.394+00:00,1785937001394,BTC-USDT-SWAP,sell,long,12.1,63842.1
2026-08-05T13:36:40.999+00:00,1785937000999,BTC-USDT-SWAP,sell,long,10.77,63844.5
2026-08-05T13:36:40.964+00:00,1785937000964,BTC-USDT-SWAP,sell,long,2.77,63844.5
2026-08-05T13:36:40.913+00:00,1785937000913,BTC-USDT-SWAP,sell,long,1.47,63844.5
2026-08-05T13:36:40.899+00:00,1785937000899,BTC-USDT-SWAP,sell,long,0.17,63844.5
2026-08-05T13:36:39.948+00:00,1785936999948,BTC-USDT-SWAP,sell,long,0.42,63849.4
2026-08-05T13:36:38.893+00:00,1785936998893,BTC-USDT-SWAP,sell,long,0.28,63851.5
2026-08-05T13:36:37.247+00:00,1785936997247,BTC-USDT-SWAP,sell,long,5.17,63855.9
2026-08-05T13:36:36.653+00:00,1785936996653,BTC-USDT-SWAP,sell,long,2.22,63858.8
2026-08-04T13:40:18.695+00:00,1785850818695,BTC-USDT-SWAP,buy,short,1.03,64070.1
2026-08-05T13:39:55.365+00:00,1785937195365,BTC-USDT-SWAP,buy,short,3.48,64243.8
2026-08-05T13:39:55.351+00:00,1785937195351,BTC-USDT-SWAP,buy,short,0.34,64243.8
2026-08-05T13:39:55.312+00:00,1785937195312,BTC-USDT-SWAP,buy,short,0.38,64243.8
2026-08-05T13:39:55.301+00:00,1785937195301,BTC-USDT-SWAP,buy,short,0.01,64243.8
2026-08-05T13:39:55.300+00:00,1785937195300,BTC-USDT-SWAP,buy,short,7.05,64243.8
2026-08-05T13:39:55.020+00:00,1785937195020,BTC-USDT-SWAP,buy,short,0.15,64225.1
2026-08-04T13:43:16.231+00:00,1785850996231,BTC-USDT-SWAP,buy,short,1.2,64083.8
2026-08-05T13:40:28.208+00:00,1785937228208,BTC-USDT-SWAP,buy,short,46,64269.7
2026-08-05T13:40:28.077+00:00,1785937228077,BTC-USDT-SWAP,buy,short,6.6,64267.5
2026-08-05T13:40:28.063+00:00,1785937228063,BTC-USDT-SWAP,buy,short,0.09,64269.7
2026-08-05T13:40:27.869+00:00,1785937227869,BTC-USDT-SWAP,buy,short,0.01,64262.8
2026-08-05T13:40:27.679+00:00,1785937227679,BTC-USDT-SWAP,buy,short,3.41,64256.4
2026-08-05T13:40:27.334+00:00,1785937227334,BTC-USDT-SWAP,buy,short,106.61,64253.3
2026-08-05T13:40:27.301+00:00,1785937227301,BTC-USDT-SWAP,buy,short,0.01,64253.3
2026-08-05T13:40:27.260+00:00,1785937227260,BTC-USDT-SWAP,buy,short,20.17,64253.3
2026-08-05T13:45:07.954+00:00,1785937507954,BTC-USDT-SWAP,buy,short,0.03,64141.2
2026-08-05T13:49:54.131+00:00,1785937794131,BTC-USDT-SWAP,buy,short,23.48,64219.7
2026-08-05T13:53:30.820+00:00,1785938010820,BTC-USDT-SWAP,buy,short,0.27,64359.2
2026-08-05T13:53:29.142+00:00,1785938009142,BTC-USDT-SWAP,buy,short,19.41,64321.4
2026-08-05T13:53:29.138+00:00,1785938009138,BTC-USDT-SWAP,buy,short,0.05,64321.4
2026-08-05T13:53:28.996+00:00,1785938008996,BTC-USDT-SWAP,buy,short,2.35,64321.4
2026-08-05T13:53:28.840+00:00,1785938008840,BTC-USDT-SWAP,buy,short,21.57,64314.4
2026-08-05T13:53:27.694+00:00,1785938007694,BTC-USDT-SWAP,buy,short,2.19,64288.8
2026-08-05T14:05:42.736+00:00,1785938742736,BTC-USDT-SWAP,buy,short,3.97,64494.2
2026-08-05T14:05:31.337+00:00,1785938731337,BTC-USDT-SWAP,buy,short,0.07,64479.8
2026-08-05T14:05:25.735+00:00,1785938725735,BTC-USDT-SWAP,buy,short,0.27,64447.2
2026-08-05T14:05:25.683+00:00,1785938725683,BTC-USDT-SWAP,buy,short,0.88,64447.2
2026-08-05T14:05:23.186+00:00,1785938723186,BTC-USDT-SWAP,buy,short,0.13,64439.3
2026-08-05T14:05:21.747+00:00,1785938721747,BTC-USDT-SWAP,buy,short,3.42,64438.6
2026-08-05T14:05:18.795+00:00,1785938718795,BTC-USDT-SWAP,buy,short,0.13,64428.1
2026-08-05T14:05:09.859+00:00,1785938709859,BTC-USDT-SWAP,buy,short,72.63,64410.2
2026-08-05T14:10:46.265+00:00,1785939046265,BTC-USDT-SWAP,buy,short,0.01,64434.3
2026-08-05T14:11:09.414+00:00,1785939069414,BTC-USDT-SWAP,buy,short,0.18,64469
2026-08-05T14:16:19.296+00:00,1785939379296,BTC-USDT-SWAP,buy,short,0.42,64508.1
2026-08-05T14:16:19.231+00:00,1785939379231,BTC-USDT-SWAP,buy,short,0.54,64508.1
2026-08-05T14:16:19.219+00:00,1785939379219,BTC-USDT-SWAP,buy,short,0.89,64508.1
2026-08-05T14:19:09.965+00:00,1785939549965,BTC-USDT-SWAP,buy,short,1.36,64521.3
2026-08-05T14:19:27.232+00:00,1785939567232,BTC-USDT-SWAP,buy,short,11.58,64532.9
2026-08-05T14:19:27.224+00:00,1785939567224,BTC-USDT-SWAP,buy,short,0.76,64532.9
2026-08-05T15:04:01.844+00:00,1785942241844,BTC-USDT-SWAP,buy,short,1.98,64558.1
2026-08-05T15:04:01.650+00:00,1785942241650,BTC-USDT-SWAP,buy,short,3.91,64556.5
2026-08-05T15:04:01.629+00:00,1785942241629,BTC-USDT-SWAP,buy,short,0.21,64556.5
2026-08-05T15:04:01.613+00:00,1785942241613,BTC-USDT-SWAP,buy,short,0.27,64556.5
2026-08-05T15:04:01.608+00:00,1785942241608,BTC-USDT-SWAP,buy,short,1.1,64556.5
2026-08-05T15:04:01.546+00:00,1785942241546,BTC-USDT-SWAP,buy,short,0.15,64556.5
2026-08-05T15:04:01.545+00:00,1785942241545,BTC-USDT-SWAP,buy,short,30,64556.5
2026-08-05T15:04:01.533+00:00,1785942241533,BTC-USDT-SWAP,buy,short,0.18,64556.5
2026-08-05T15:04:01.531+00:00,1785942241531,BTC-USDT-SWAP,buy,short,3.46,64556.5
2026-08-05T15:04:01.528+00:00,1785942241528,BTC-USDT-SWAP,buy,short,0.03,64556.5
2026-08-05T15:10:06.436+00:00,1785942606436,BTC-USDT-SWAP,buy,short,2.45,64681.7
2026-08-05T15:10:04.008+00:00,1785942604008,BTC-USDT-SWAP,buy,short,41.87,64683.8
2026-08-05T15:10:03.955+00:00,1785942603955,BTC-USDT-SWAP,buy,short,0.02,64683.8
2026-08-05T15:10:03.955+00:00,1785942603955,BTC-USDT-SWAP,buy,short,0.63,64681.7
2026-08-05T15:10:03.913+00:00,1785942603913,BTC-USDT-SWAP,buy,short,4.44,64683.8
2026-08-05T15:10:03.911+00:00,1785942603911,BTC-USDT-SWAP,buy,short,1.46,64681.7
2026-08-05T15:10:03.837+00:00,1785942603837,BTC-USDT-SWAP,buy,short,0.12,64681.7
2026-08-05T15:10:03.788+00:00,1785942603788,BTC-USDT-SWAP,buy,short,1.75,64681.7
2026-08-05T15:10:03.778+00:00,1785942603778,BTC-USDT-SWAP,buy,short,0.2,64681.7
2026-08-05T15:10:03.692+00:00,1785942603692,BTC-USDT-SWAP,buy,short,0.01,64681.7
2026-08-05T15:10:03.449+00:00,1785942603449,BTC-USDT-SWAP,buy,short,4.58,64674
2026-08-05T15:10:03.444+00:00,1785942603444,BTC-USDT-SWAP,buy,short,1.53,64674
2026-08-05T15:10:03.420+00:00,1785942603420,BTC-USDT-SWAP,buy,short,1.54,64674
2026-08-05T15:10:03.415+00:00,1785942603415,BTC-USDT-SWAP,buy,short,0.03,64674
2026-08-05T15:10:03.183+00:00,1785942603183,BTC-USDT-SWAP,buy,short,0.12,64671.8
2026-08-05T15:10:02.902+00:00,1785942602902,BTC-USDT-SWAP,buy,short,45.52,64668
2026-08-05T15:10:02.854+00:00,1785942602854,BTC-USDT-SWAP,buy,short,0.19,64668
2026-08-05T15:10:02.847+00:00,1785942602847,BTC-USDT-SWAP,buy,short,53.16,64668
2026-08-05T15:10:02.838+00:00,1785942602838,BTC-USDT-SWAP,buy,short,0.11,64668
2026-08-05T15:10:01.705+00:00,1785942601705,BTC-USDT-SWAP,buy,short,3.42,64666.3
2026-08-05T15:10:01.521+00:00,1785942601521,BTC-USDT-SWAP,buy,short,0.02,64665.1
2026-08-05T15:10:01.491+00:00,1785942601491,BTC-USDT-SWAP,buy,short,180,64665.1
2026-08-05T15:10:01.490+00:00,1785942601490,BTC-USDT-SWAP,buy,short,0.01,64665.1
2026-08-05T15:10:01.401+00:00,1785942601401,BTC-USDT-SWAP,buy,short,2.83,64665.1
2026-08-05T15:10:01.374+00:00,1785942601374,BTC-USDT-SWAP,buy,short,6,64665.1
2026-08-05T15:09:58.895+00:00,1785942598895,BTC-USDT-SWAP,buy,short,1.15,64662.6
2026-08-05T15:09:58.881+00:00,1785942598881,BTC-USDT-SWAP,buy,short,120.56,64662.6
2026-08-05T15:09:58.817+00:00,1785942598817,BTC-USDT-SWAP,buy,short,1.69,64662.6
2026-08-05T15:09:58.805+00:00,1785942598805,BTC-USDT-SWAP,buy,short,1.74,64662.6
2026-08-05T15:09:58.788+00:00,1785942598788,BTC-USDT-SWAP,buy,short,1.93,64662.6
2026-08-05T15:09:58.705+00:00,1785942598705,BTC-USDT-SWAP,buy,short,2.99,64656.8
2026-08-05T15:09:58.703+00:00,1785942598703,BTC-USDT-SWAP,buy,short,76.95,64656.8
2026-08-05T15:09:58.701+00:00,1785942598701,BTC-USDT-SWAP,buy,short,1.04,64656.8
2026-08-05T15:09:58.687+00:00,1785942598687,BTC-USDT-SWAP,buy,short,1.92,64656.8
2026-08-05T15:09:58.677+00:00,1785942598677,BTC-USDT-SWAP,buy,short,50,64656.8
2026-08-05T15:09:58.676+00:00,1785942598676,BTC-USDT-SWAP,buy,short,41.56,64656.8
2026-08-05T15:09:58.664+00:00,1785942598664,BTC-USDT-SWAP,buy,short,0.51,64656.8
2026-08-05T15:09:58.653+00:00,1785942598653,BTC-USDT-SWAP,buy,short,2.16,64656.8
2026-08-05T15:09:58.653+00:00,1785942598653,BTC-USDT-SWAP,buy,short,0.64,64656.8
2026-08-05T15:09:58.616+00:00,1785942598616,BTC-USDT-SWAP,buy,short,0.5,64656.8
2026-08-05T15:09:58.518+00:00,1785942598518,BTC-USDT-SWAP,buy,short,0.11,64656.8
2026-08-05T15:09:58.488+00:00,1785942598488,BTC-USDT-SWAP,buy,short,1.3,64604.4
2026-08-05T15:09:58.472+00:00,1785942598472,BTC-USDT-SWAP,buy,short,0.62,64604.4
2026-08-05T15:09:58.452+00:00,1785942598452,BTC-USDT-SWAP,buy,short,0.05,64604.4
2026-08-05T15:09:58.449+00:00,1785942598449,BTC-USDT-SWAP,buy,short,6.59,64604.4
2026-08-05T15:09:58.446+00:00,1785942598446,BTC-USDT-SWAP,buy,short,80,64604.4
2026-08-05T15:09:58.446+00:00,1785942598446,BTC-USDT-SWAP,buy,short,0.01,64604.4
2026-08-05T15:09:58.446+00:00,1785942598446,BTC-USDT-SWAP,buy,short,0.08,64604.4
2026-08-05T15:09:58.440+00:00,1785942598440,BTC-USDT-SWAP,buy,short,11.43,64604.4
2026-08-05T15:09:58.440+00:00,1785942598440,BTC-USDT-SWAP,buy,short,0.05,64604.4
2026-08-05T15:09:58.437+00:00,1785942598437,BTC-USDT-SWAP,buy,short,8.8,64604.4
2026-08-05T15:09:58.430+00:00,1785942598430,BTC-USDT-SWAP,buy,short,0.11,64604.4
2026-08-05T15:09:58.399+00:00,1785942598399,BTC-USDT-SWAP,buy,short,16.34,64604.4
2026-08-05T15:09:58.388+00:00,1785942598388,BTC-USDT-SWAP,buy,short,0.23,64604.4
2026-08-05T15:09:58.263+00:00,1785942598263,BTC-USDT-SWAP,buy,short,2.59,64604.4
2026-08-05T15:09:33.086+00:00,1785942573086,BTC-USDT-SWAP,buy,short,4.06,64573.9
2026-08-05T15:09:33.069+00:00,1785942573069,BTC-USDT-SWAP,buy,short,0.64,64573.9
2026-08-05T15:09:33.063+00:00,1785942573063,BTC-USDT-SWAP,buy,short,0.42,64573.9
2026-08-05T15:09:32.952+00:00,1785942572952,BTC-USDT-SWAP,buy,short,1.73,64573.9
2026-08-05T15:09:32.769+00:00,1785942572769,BTC-USDT-SWAP,buy,short,0.46,64569.5
2026-08-05T15:09:32.751+00:00,1785942572751,BTC-USDT-SWAP,buy,short,1.27,64569.5
2026-08-05T15:09:32.674+00:00,1785942572674,BTC-USDT-SWAP,buy,short,0.07,64569.5
2026-08-05T15:09:32.647+00:00,1785942572647,BTC-USDT-SWAP,buy,short,0.33,64569.5
2026-08-05T15:09:32.181+00:00,1785942572181,BTC-USDT-SWAP,buy,short,1.51,64565.2
2026-08-05T15:09:32.085+00:00,1785942572085,BTC-USDT-SWAP,buy,short,3.03,64565.2
2026-08-05T15:09:32.053+00:00,1785942572053,BTC-USDT-SWAP,buy,short,0.5,64565.2
2026-08-05T15:10:51.504+00:00,1785942651504,BTC-USDT-SWAP,buy,short,40,64708.6
2026-08-05T15:10:51.479+00:00,1785942651479,BTC-USDT-SWAP,buy,short,0.01,64708.6
2026-08-05T15:10:51.462+00:00,1785942651462,BTC-USDT-SWAP,buy,short,0.03,64711.3
2026-08-05T15:10:51.424+00:00,1785942651424,BTC-USDT-SWAP,buy,short,1.23,64711.3
2026-08-05T15:10:51.381+00:00,1785942651381,BTC-USDT-SWAP,buy,short,0.28,64711.3
2026-08-05T15:10:51.376+00:00,1785942651376,BTC-USDT-SWAP,buy,short,1.72,64711.3
2026-08-05T15:10:51.366+00:00,1785942651366,BTC-USDT-SWAP,buy,short,0.9,64711.3
2026-08-05T15:10:51.355+00:00,1785942651355,BTC-USDT-SWAP,buy,short,0.21,64711.3
2026-08-05T15:10:51.354+00:00,1785942651354,BTC-USDT-SWAP,buy,short,23.68,64711.3
2026-08-05T15:10:51.235+00:00,1785942651235,BTC-USDT-SWAP,buy,short,0.35,64704.9
2026-08-05T15:10:51.228+00:00,1785942651228,BTC-USDT-SWAP,buy,short,0.22,64704.9
2026-08-05T15:10:51.204+00:00,1785942651204,BTC-USDT-SWAP,buy,short,12.03,64704.9
2026-08-05T15:10:51.199+00:00,1785942651199,BTC-USDT-SWAP,buy,short,51.92,64704.9
2026-08-05T15:10:51.191+00:00,1785942651191,BTC-USDT-SWAP,buy,short,1.98,64704.9
2026-08-05T15:10:51.191+00:00,1785942651191,BTC-USDT-SWAP,buy,short,0.27,64704.9
2026-08-05T16:22:42.946+00:00,1785946962946,BTC-USDT-SWAP,buy,short,46.12,64686.1
2026-08-05T16:22:42.279+00:00,1785946962279,BTC-USDT-SWAP,buy,short,22.54,64678.1
2026-08-05T16:21:46.567+00:00,1785946906567,BTC-USDT-SWAP,buy,short,1.25,64654.9
2026-08-05T16:21:46.082+00:00,1785946906082,BTC-USDT-SWAP,buy,short,11.5,64646.5
2026-08-05T16:23:20.201+00:00,1785947000201,BTC-USDT-SWAP,buy,short,5.98,64720.1
2026-08-05T16:23:20.191+00:00,1785947000191,BTC-USDT-SWAP,buy,short,0.54,64720.1
2026-08-05T16:23:20.184+00:00,1785947000184,BTC-USDT-SWAP,buy,short,0.73,64720.1
2026-08-05T16:23:20.175+00:00,1785947000175,BTC-USDT-SWAP,buy,short,1.59,64720.1
2026-08-05T16:23:20.172+00:00,1785947000172,BTC-USDT-SWAP,buy,short,77.54,64720.1
2026-08-05T16:23:20.135+00:00,1785947000135,BTC-USDT-SWAP,buy,short,0.01,64720.1
2026-08-05T16:23:20.121+00:00,1785947000121,BTC-USDT-SWAP,buy,short,0.39,64720.1
2026-08-05T16:23:14.110+00:00,1785946994110,BTC-USDT-SWAP,buy,short,2.64,64703.8
2026-08-05T16:27:54.807+00:00,1785947274807,BTC-USDT-SWAP,buy,short,1.15,64713.3
2026-08-05T16:27:54.625+00:00,1785947274625,BTC-USDT-SWAP,buy,short,0.48,64712.2
2026-08-05T16:27:53.749+00:00,1785947273749,BTC-USDT-SWAP,buy,short,137.2,64711.6
2026-08-05T16:27:53.663+00:00,1785947273663,BTC-USDT-SWAP,buy,short,14.9,64711.7
2026-08-05T16:27:52.469+00:00,1785947272469,BTC-USDT-SWAP,buy,short,1.71,64703.6
2026-08-05T16:27:52.440+00:00,1785947272440,BTC-USDT-SWAP,buy,short,2,64703.6
2026-08-05T16:27:52.051+00:00,1785947272051,BTC-USDT-SWAP,buy,short,1.22,64696.6
2026-08-05T16:27:51.922+00:00,1785947271922,BTC-USDT-SWAP,buy,short,1.5,64696.6
2026-08-05T16:27:47.234+00:00,1785947267234,BTC-USDT-SWAP,buy,short,94.35,64691.3
2026-08-05T16:27:46.594+00:00,1785947266594,BTC-USDT-SWAP,buy,short,23,64678.7
2026-08-05T16:27:41.807+00:00,1785947261807,BTC-USDT-SWAP,buy,short,25,64647.8
2026-08-05T16:28:23.050+00:00,1785947303050,BTC-USDT-SWAP,buy,short,1.3,64718.4
2026-08-05T16:28:22.835+00:00,1785947302835,BTC-USDT-SWAP,buy,short,4.42,64715.6
2026-08-05T16:29:49.914+00:00,1785947389914,BTC-USDT-SWAP,buy,short,42.18,64729.3
2026-08-05T16:29:49.778+00:00,1785947389778,BTC-USDT-SWAP,buy,short,0.15,64726.4
2026-08-05T16:29:49.746+00:00,1785947389746,BTC-USDT-SWAP,buy,short,13.36,64726.4
2026-08-05T16:29:49.710+00:00,1785947389710,BTC-USDT-SWAP,buy,short,0.19,64726.4
2026-08-05T16:29:49.694+00:00,1785947389694,BTC-USDT-SWAP,buy,short,0.01,64729.3
2026-08-05T16:29:49.589+00:00,1785947389589,BTC-USDT-SWAP,buy,short,2.98,64726.4
2026-08-05T17:00:15.722+00:00,1785949215722,BTC-USDT-SWAP,buy,short,2.97,64664.9
2026-08-05T17:32:03.771+00:00,1785951123771,BTC-USDT-SWAP,buy,short,0.15,64580.4
2026-08-05T17:38:32.350+00:00,1785951512350,BTC-USDT-SWAP,buy,short,3.13,64710
2026-08-05T17:38:32.123+00:00,1785951512123,BTC-USDT-SWAP,buy,short,0.19,64699.2
2026-08-05T17:38:25.699+00:00,1785951505699,BTC-USDT-SWAP,buy,short,0.44,64697.6
2026-08-05T17:40:07.656+00:00,1785951607656,BTC-USDT-SWAP,buy,short,0.27,64709.3
2026-08-05T17:39:25.758+00:00,1785951565758,BTC-USDT-SWAP,buy,short,0.55,64720.1
2026-08-05T17:39:24.138+00:00,1785951564138,BTC-USDT-SWAP,buy,short,23.49,64714.8
2026-08-05T17:39:11.659+00:00,1785951551659,BTC-USDT-SWAP,buy,short,1.54,64710.7
2026-08-05T17:39:11.492+00:00,1785951551492,BTC-USDT-SWAP,buy,short,7.36,64710.7
2026-08-05T17:39:11.065+00:00,1785951551065,BTC-USDT-SWAP,buy,short,0.38,64709.5
2026-08-05T17:39:11.031+00:00,1785951551031,BTC-USDT-SWAP,buy,short,1.91,64709.5
2026-08-05T17:39:11.015+00:00,1785951551015,BTC-USDT-SWAP,buy,short,67.68,64709.5
2026-08-05T17:41:04.969+00:00,1785951664969,BTC-USDT-SWAP,buy,short,0.44,64715.8
2026-08-05T17:40:26.015+00:00,1785951626015,BTC-USDT-SWAP,buy,short,9.47,64713.2
2026-08-05T17:40:25.687+00:00,1785951625687,BTC-USDT-SWAP,sell,long,0.22,64711.5
2026-08-05T17:40:13.848+00:00,1785951613848,BTC-USDT-SWAP,buy,short,39.66,64708.3
2026-08-05T17:51:11.511+00:00,1785952271511,BTC-USDT-SWAP,buy,short,2.77,64715.8
2026-08-05T17:52:08.540+00:00,1785952328540,BTC-USDT-SWAP,buy,short,89,64737.5
2026-08-05T17:52:03.567+00:00,1785952323567,BTC-USDT-SWAP,buy,short,40,64736.8
2026-08-05T17:51:52.826+00:00,1785952312826,BTC-USDT-SWAP,buy,short,30.32,64738.7
2026-08-05T17:51:51.658+00:00,1785952311658,BTC-USDT-SWAP,buy,short,0.36,64738.4
2026-08-05T17:51:51.488+00:00,1785952311488,BTC-USDT-SWAP,buy,short,3.06,64737.8
2026-08-05T17:51:51.283+00:00,1785952311283,BTC-USDT-SWAP,buy,short,3.08,64737.8
2026-08-05T17:51:50.877+00:00,1785952310877,BTC-USDT-SWAP,buy,short,0.26,64737.5
2026-08-05T17:51:50.863+00:00,1785952310863,BTC-USDT-SWAP,buy,short,4.53,64737.5
2026-08-05T17:51:50.836+00:00,1785952310836,BTC-USDT-SWAP,buy,short,0.04,64737.7
2026-08-05T17:51:50.796+00:00,1785952310796,BTC-USDT-SWAP,buy,short,1.91,64737.5
2026-08-05T17:51:50.778+00:00,1785952310778,BTC-USDT-SWAP,buy,short,1.6,64737.5
2026-08-05T17:51:50.764+00:00,1785952310764,BTC-USDT-SWAP,buy,short,3.82,64737.5
2026-08-05T17:51:50.726+00:00,1785952310726,BTC-USDT-SWAP,buy,short,0.3,64737.5
2026-08-05T17:51:50.709+00:00,1785952310709,BTC-USDT-SWAP,buy,short,0.18,64737.5
2026-08-05T17:51:50.427+00:00,1785952310427,BTC-USDT-SWAP,sell,long,15.15,64727.6
2026-08-05T17:54:53.778+00:00,1785952493778,BTC-USDT-SWAP,buy,short,2.74,64739.2
2026-08-05T17:57:09.786+00:00,1785952629786,BTC-USDT-SWAP,buy,short,0.68,64747.4
2026-08-05T17:57:09.784+00:00,1785952629784,BTC-USDT-SWAP,buy,short,0.23,64746
2026-08-05T17:57:09.691+00:00,1785952629691,BTC-USDT-SWAP,buy,short,1.18,64746
2026-08-05T17:57:08.322+00:00,1785952628322,BTC-USDT-SWAP,buy,short,5.66,64745.3
2026-08-05T17:57:08.264+00:00,1785952628264,BTC-USDT-SWAP,buy,short,5.67,64745.3
2026-08-05T17:57:08.129+00:00,1785952628129,BTC-USDT-SWAP,buy,short,0.34,64745
2026-08-05T17:57:08.123+00:00,1785952628123,BTC-USDT-SWAP,buy,short,0.22,64745
2026-08-05T17:57:08.088+00:00,1785952628088,BTC-USDT-SWAP,buy,short,0.66,64745
2026-08-05T17:57:05.390+00:00,1785952625390,BTC-USDT-SWAP,buy,short,0.12,64743.4
2026-08-05T17:57:05.339+00:00,1785952625339,BTC-USDT-SWAP,buy,short,18.42,64743.4
2026-08-05T17:57:05.302+00:00,1785952625302,BTC-USDT-SWAP,buy,short,2.36,64743.4
2026-08-05T17:57:03.307+00:00,1785952623307,BTC-USDT-SWAP,buy,short,0.96,64742.1
2026-08-05T17:56:58.710+00:00,1785952618710,BTC-USDT-SWAP,buy,short,2.52,64741.5
2026-08-05T17:56:51.734+00:00,1785952611734,BTC-USDT-SWAP,buy,short,5,64739.6
2026-08-05T17:58:11.506+00:00,1785952691506,BTC-USDT-SWAP,buy,short,2.6,64781.3
2026-08-05T17:58:11.505+00:00,1785952691505,BTC-USDT-SWAP,buy,short,8.96,64781.3
2026-08-05T17:58:10.322+00:00,1785952690322,BTC-USDT-SWAP,buy,short,9.02,64778.9
2026-08-05T17:58:09.565+00:00,1785952689565,BTC-USDT-SWAP,buy,short,0.01,64777.9
2026-08-05T17:58:09.561+00:00,1785952689561,BTC-USDT-SWAP,buy,short,0.83,64777.9
2026-08-05T17:58:09.547+00:00,1785952689547,BTC-USDT-SWAP,buy,short,0.38,64777.9
2026-08-05T17:58:09.541+00:00,1785952689541,BTC-USDT-SWAP,buy,short,1.74,64777.9
2026-08-05T17:58:09.534+00:00,1785952689534,BTC-USDT-SWAP,buy,short,0.78,64777.9
2026-08-05T17:58:08.023+00:00,1785952688023,BTC-USDT-SWAP,buy,short,1.4,64772.6
2026-08-05T17:58:07.942+00:00,1785952687942,BTC-USDT-SWAP,buy,short,0.05,64772.6
2026-08-05T17:58:07.938+00:00,1785952687938,BTC-USDT-SWAP,buy,short,2.77,64772.6
2026-08-05T17:58:07.917+00:00,1785952687917,BTC-USDT-SWAP,buy,short,1.69,64772.6
2026-08-05T17:58:07.797+00:00,1785952687797,BTC-USDT-SWAP,buy,short,4.17,64770
2026-08-05T17:58:07.791+00:00,1785952687791,BTC-USDT-SWAP,buy,short,0.99,64770
2026-08-05T17:58:07.788+00:00,1785952687788,BTC-USDT-SWAP,buy,short,2.91,64770
2026-08-05T17:58:07.775+00:00,1785952687775,BTC-USDT-SWAP,buy,short,4.66,64772.6
2026-08-05T17:58:07.749+00:00,1785952687749,BTC-USDT-SWAP,buy,short,8.32,64770
2026-08-05T17:58:07.705+00:00,1785952687705,BTC-USDT-SWAP,buy,short,1.55,64770
2026-08-05T17:58:07.661+00:00,1785952687661,BTC-USDT-SWAP,buy,short,2.5,64770
2026-08-05T17:58:07.656+00:00,1785952687656,BTC-USDT-SWAP,buy,short,0.38,64770
2026-08-05T17:58:07.343+00:00,1785952687343,BTC-USDT-SWAP,buy,short,3.38,64760.4
2026-08-05T17:57:55.671+00:00,1785952675671,BTC-USDT-SWAP,buy,short,0.35,64759.6
2026-08-05T17:57:55.627+00:00,1785952675627,BTC-USDT-SWAP,buy,short,0.24,64759.6
2026-08-05T17:57:54.544+00:00,1785952674544,BTC-USDT-SWAP,buy,short,0.78,64759.6
2026-08-05T17:57:54.488+00:00,1785952674488,BTC-USDT-SWAP,buy,short,16.35,64759.6
2026-08-05T17:57:54.109+00:00,1785952674109,BTC-USDT-SWAP,buy,short,0.04,64759
2026-08-05T17:57:54.095+00:00,1785952674095,BTC-USDT-SWAP,buy,short,1.02,64759
2026-08-05T17:57:53.970+00:00,1785952673970,BTC-USDT-SWAP,buy,short,2.86,64759
2026-08-05T17:57:53.848+00:00,1785952673848,BTC-USDT-SWAP,buy,short,0.27,64756.8
2026-08-05T17:57:53.832+00:00,1785952673832,BTC-USDT-SWAP,buy,short,0.05,64756.8
2026-08-05T17:57:44.676+00:00,1785952664676,BTC-USDT-SWAP,buy,short,6.13,64754.8
2026-08-05T17:57:42.463+00:00,1785952662463,BTC-USDT-SWAP,buy,short,1.59,64754.7
2026-08-05T17:57:42.311+00:00,1785952662311,BTC-USDT-SWAP,buy,short,1.3,64754.2
2026-08-05T17:57:42.308+00:00,1785952662308,BTC-USDT-SWAP,buy,short,0.73,64754.2
2026-08-05T17:57:42.289+00:00,1785952662289,BTC-USDT-SWAP,buy,short,1.31,64754.2
2026-08-05T17:57:42.254+00:00,1785952662254,BTC-USDT-SWAP,buy,short,3.36,64754.2
2026-08-05T17:57:42.200+00:00,1785952662200,BTC-USDT-SWAP,buy,short,1.78,64754.2
2026-08-05T17:57:42.040+00:00,1785952662040,BTC-USDT-SWAP,buy,short,0.04,64752
2026-08-05T17:57:42.022+00:00,1785952662022,BTC-USDT-SWAP,buy,short,7.76,64752
2026-08-05T17:59:49.005+00:00,1785952789005,BTC-USDT-SWAP,buy,short,23.49,64761.6
2026-08-05T18:02:07.070+00:00,1785952927070,BTC-USDT-SWAP,buy,short,11.61,64751.8
2026-08-05T18:05:01.494+00:00,1785953101494,BTC-USDT-SWAP,buy,short,0.04,64752.7
2026-08-05T18:14:33.494+00:00,1785953673494,BTC-USDT-SWAP,buy,short,5.31,64774.6
2026-08-05T18:14:21.100+00:00,1785953661100,BTC-USDT-SWAP,buy,short,1000,64770.7
2026-08-05T18:15:43.160+00:00,1785953743160,BTC-USDT-SWAP,buy,short,20.68,64790.3
2026-08-05T18:15:43.081+00:00,1785953743081,BTC-USDT-SWAP,buy,short,2.81,64790.3
2026-08-05T18:15:43.075+00:00,1785953743075,BTC-USDT-SWAP,buy,short,0.43,64790.3
2026-08-05T18:15:43.064+00:00,1785953743064,BTC-USDT-SWAP,buy,short,0.95,64790.3
2026-08-05T18:15:43.048+00:00,1785953743048,BTC-USDT-SWAP,buy,short,0.77,64790.3
2026-08-05T18:15:43.043+00:00,1785953743043,BTC-USDT-SWAP,buy,short,1.61,64790.3
2026-08-05T18:15:43.020+00:00,1785953743020,BTC-USDT-SWAP,buy,short,1.52,64790.3
2026-08-05T18:15:42.991+00:00,1785953742991,BTC-USDT-SWAP,buy,short,2.74,64790.3
2026-08-05T18:15:34.900+00:00,1785953734900,BTC-USDT-SWAP,buy,short,1.1,64776.8
2026-08-05T18:15:34.520+00:00,1785953734520,BTC-USDT-SWAP,buy,short,4.64,64776.8
2026-08-05T18:15:34.491+00:00,1785953734491,BTC-USDT-SWAP,buy,short,29.52,64776.8
2026-08-05T18:15:33.669+00:00,1785953733669,BTC-USDT-SWAP,buy,short,3.96,64776.7
2026-08-05T18:15:08.588+00:00,1785953708588,BTC-USDT-SWAP,buy,short,2.48,64771.9
2026-08-05T18:15:03.496+00:00,1785953703496,BTC-USDT-SWAP,buy,short,0.5,64773.6
2026-08-05T18:15:03.485+00:00,1785953703485,BTC-USDT-SWAP,buy,short,16.43,64773.2
2026-08-05T18:20:49.155+00:00,1785954049155,BTC-USDT-SWAP,buy,short,6.32,64764
2026-08-05T18:20:48.892+00:00,1785954048892,BTC-USDT-SWAP,buy,short,1.13,64762.2
2026-08-05T18:20:48.743+00:00,1785954048743,BTC-USDT-SWAP,buy,short,5.25,64757.6
2026-08-05T18:20:47.798+00:00,1785954047798,BTC-USDT-SWAP,buy,short,1.16,64751.6
2026-08-05T18:20:43.995+00:00,1785954043995,BTC-USDT-SWAP,buy,short,2.92,64741.7
2026-08-05T18:24:02.614+00:00,1785954242614,BTC-USDT-SWAP,buy,short,9.29,64677.9
2026-08-05T18:23:38.667+00:00,1785954218667,BTC-USDT-SWAP,buy,short,0.68,64668.2
2026-08-04T18:24:33.162+00:00,1785867873162,BTC-USDT-SWAP,buy,short,0.73,64352.9
2026-08-04T18:24:33.156+00:00,1785867873156,BTC-USDT-SWAP,buy,short,491.58,64352.9
2026-08-04T18:24:33.133+00:00,1785867873133,BTC-USDT-SWAP,buy,short,27.68,64352.9
2026-08-04T18:24:33.120+00:00,1785867873120,BTC-USDT-SWAP,buy,short,7.43,64352.9
2026-08-05T18:48:46.688+00:00,1785955726688,BTC-USDT-SWAP,buy,short,2.79,64818.7
2026-08-05T18:48:46.665+00:00,1785955726665,BTC-USDT-SWAP,buy,short,26.39,64818.7
2026-08-05T18:48:46.615+00:00,1785955726615,BTC-USDT-SWAP,buy,short,0.4,64818.7
2026-08-05T18:48:46.586+00:00,1785955726586,BTC-USDT-SWAP,buy,short,33.21,64818.7
2026-08-05T18:48:46.583+00:00,1785955726583,BTC-USDT-SWAP,buy,short,0.05,64818.7
2026-08-05T18:48:46.538+00:00,1785955726538,BTC-USDT-SWAP,buy,short,9.71,64818.7
2026-08-05T18:48:46.533+00:00,1785955726533,BTC-USDT-SWAP,buy,short,0.17,64818.7
2026-08-05T18:48:46.497+00:00,1785955726497,BTC-USDT-SWAP,buy,short,12.64,64818.7
2026-08-05T18:48:46.484+00:00,1785955726484,BTC-USDT-SWAP,buy,short,2.13,64814.8
2026-08-05T18:48:46.474+00:00,1785955726474,BTC-USDT-SWAP,buy,short,107.33,64814.8
2026-08-05T18:48:46.473+00:00,1785955726473,BTC-USDT-SWAP,buy,short,105.2,64814.8
2026-08-05T18:48:46.450+00:00,1785955726450,BTC-USDT-SWAP,buy,short,0.32,64814.8
2026-08-05T18:48:46.434+00:00,1785955726434,BTC-USDT-SWAP,buy,short,1.06,64814.8
2026-08-05T18:48:46.433+00:00,1785955726433,BTC-USDT-SWAP,buy,short,6.46,64814.8
2026-08-05T18:48:46.392+00:00,1785955726392,BTC-USDT-SWAP,buy,short,3.42,64814.8
2026-08-05T18:48:46.380+00:00,1785955726380,BTC-USDT-SWAP,buy,short,2.59,64814.8
2026-08-05T18:48:46.355+00:00,1785955726355,BTC-USDT-SWAP,buy,short,0.68,64814.8
2026-08-05T18:48:46.096+00:00,1785955726096,BTC-USDT-SWAP,buy,short,0.3,64801.1
2026-08-05T18:48:46.068+00:00,1785955726068,BTC-USDT-SWAP,buy,short,0.33,64801.1
2026-08-05T18:48:46.028+00:00,1785955726028,BTC-USDT-SWAP,buy,short,8.89,64801.1
2026-08-05T18:48:46.011+00:00,1785955726011,BTC-USDT-SWAP,buy,short,12.86,64801.1
2026-08-05T19:04:48.166+00:00,1785956688166,BTC-USDT-SWAP,buy,short,1.13,64863
2026-08-05T19:04:48.163+00:00,1785956688163,BTC-USDT-SWAP,buy,short,1.42,64863
2026-08-05T19:04:47.991+00:00,1785956687991,BTC-USDT-SWAP,buy,short,22.45,64861.2
2026-08-05T19:04:47.987+00:00,1785956687987,BTC-USDT-SWAP,buy,short,3.72,64861.2
2026-08-05T19:04:47.949+00:00,1785956687949,BTC-USDT-SWAP,buy,short,2.1,64861.2
2026-08-05T19:04:47.946+00:00,1785956687946,BTC-USDT-SWAP,buy,short,6.15,64861.2
2026-08-05T19:04:47.946+00:00,1785956687946,BTC-USDT-SWAP,buy,short,1.78,64861.2
2026-08-05T19:04:47.922+00:00,1785956687922,BTC-USDT-SWAP,buy,short,18.91,64861.2
2026-08-05T19:04:45.062+00:00,1785956685062,BTC-USDT-SWAP,buy,short,2.32,64855.7
2026-08-05T19:04:40.978+00:00,1785956680978,BTC-USDT-SWAP,buy,short,1.7,64854.2
2026-08-05T19:04:40.907+00:00,1785956680907,BTC-USDT-SWAP,buy,short,5.42,64854
2026-08-05T19:04:32.914+00:00,1785956672914,BTC-USDT-SWAP,buy,short,0.18,64853.6
2026-08-05T19:04:32.890+00:00,1785956672890,BTC-USDT-SWAP,buy,short,13.26,64853.6
2026-08-05T19:04:32.842+00:00,1785956672842,BTC-USDT-SWAP,buy,short,0.08,64853.6
2026-08-05T19:04:32.799+00:00,1785956672799,BTC-USDT-SWAP,buy,short,4.52,64853.6
2026-08-05T19:04:32.767+00:00,1785956672767,BTC-USDT-SWAP,buy,short,8.9,64853.6
2026-08-05T19:04:19.691+00:00,1785956659691,BTC-USDT-SWAP,buy,short,1.97,64852.4
2026-08-05T19:04:19.677+00:00,1785956659677,BTC-USDT-SWAP,buy,short,2.88,64852.4
2026-08-05T19:04:19.631+00:00,1785956659631,BTC-USDT-SWAP,buy,short,85.26,64852.4
2026-08-05T19:04:19.630+00:00,1785956659630,BTC-USDT-SWAP,buy,short,224.91,64852.4
2026-08-05T19:04:19.606+00:00,1785956659606,BTC-USDT-SWAP,buy,short,15.24,64852.4
2026-08-05T19:04:19.498+00:00,1785956659498,BTC-USDT-SWAP,buy,short,1.04,64851.6
2026-08-05T19:04:19.489+00:00,1785956659489,BTC-USDT-SWAP,buy,short,1.7,64851.6
2026-08-05T19:04:19.295+00:00,1785956659295,BTC-USDT-SWAP,buy,short,4.62,64851.6
2026-08-05T19:04:19.263+00:00,1785956659263,BTC-USDT-SWAP,buy,short,1.04,64851.6
2026-08-05T19:04:19.229+00:00,1785956659229,BTC-USDT-SWAP,buy,short,0.9,64848
2026-08-05T19:04:19.197+00:00,1785956659197,BTC-USDT-SWAP,buy,short,0.47,64848
2026-08-05T19:04:19.176+00:00,1785956659176,BTC-USDT-SWAP,buy,short,0.29,64848
2026-08-05T19:04:19.056+00:00,1785956659056,BTC-USDT-SWAP,buy,short,3.65,64845.5
2026-08-05T19:04:19.055+00:00,1785956659055,BTC-USDT-SWAP,buy,short,3.02,64845.5
2026-08-05T19:04:19.040+00:00,1785956659040,BTC-USDT-SWAP,buy,short,0.61,64845.5
2026-08-05T19:04:19.026+00:00,1785956659026,BTC-USDT-SWAP,buy,short,9.58,64845.5
2026-08-05T19:04:18.924+00:00,1785956658924,BTC-USDT-SWAP,buy,short,0.87,64845.5
2026-08-05T19:04:18.578+00:00,1785956658578,BTC-USDT-SWAP,buy,short,1.32,64839.9
2026-08-05T19:04:18.495+00:00,1785956658495,BTC-USDT-SWAP,buy,short,22.03,64839.9
2026-08-05T19:04:18.040+00:00,1785956658040,BTC-USDT-SWAP,buy,short,1.06,64834.7
2026-08-05T19:04:18.023+00:00,1785956658023,BTC-USDT-SWAP,buy,short,0.13,64834.7
2026-08-05T19:04:18.013+00:00,1785956658013,BTC-USDT-SWAP,buy,short,4.38,64834.7
2026-08-05T19:04:17.210+00:00,1785956657210,BTC-USDT-SWAP,buy,short,0.36,64833.3
2026-08-05T19:04:17.191+00:00,1785956657191,BTC-USDT-SWAP,buy,short,0.47,64833.3
2026-08-05T19:04:16.865+00:00,1785956656865,BTC-USDT-SWAP,buy,short,2.73,64832
2026-08-05T19:04:16.857+00:00,1785956656857,BTC-USDT-SWAP,buy,short,0.41,64832
2026-08-05T19:04:16.851+00:00,1785956656851,BTC-USDT-SWAP,buy,short,0.2,64832
2026-08-05T19:04:16.819+00:00,1785956656819,BTC-USDT-SWAP,buy,short,0.26,64832
2026-08-05T19:04:16.786+00:00,1785956656786,BTC-USDT-SWAP,buy,short,1,64832
2026-08-05T19:04:16.713+00:00,1785956656713,BTC-USDT-SWAP,buy,short,4.99,64832
2026-08-05T19:04:16.642+00:00,1785956656642,BTC-USDT-SWAP,buy,short,10.31,64823.8
2026-08-05T19:04:16.617+00:00,1785956656617,BTC-USDT-SWAP,buy,short,0.62,64823.8
2026-08-05T19:04:16.542+00:00,1785956656542,BTC-USDT-SWAP,buy,short,13,64823.8
2026-08-05T19:04:16.489+00:00,1785956656489,BTC-USDT-SWAP,buy,short,0.75,64823.8
2026-08-05T19:05:02.242+00:00,1785956702242,BTC-USDT-SWAP,buy,short,1.02,64880.1
2026-08-05T19:05:02.131+00:00,1785956702131,BTC-USDT-SWAP,buy,short,4.68,64880.1
2026-08-05T19:05:02.083+00:00,1785956702083,BTC-USDT-SWAP,buy,short,1.39,64880.1
2026-08-05T19:05:02.071+00:00,1785956702071,BTC-USDT-SWAP,buy,short,4.51,64880.1
2026-08-05T19:05:02.062+00:00,1785956702062,BTC-USDT-SWAP,buy,short,3.14,64880.1
2026-08-05T19:05:01.950+00:00,1785956701950,BTC-USDT-SWAP,buy,short,250,64878.3
2026-08-05T19:05:01.927+00:00,1785956701927,BTC-USDT-SWAP,buy,short,4.06,64878.3
2026-08-05T19:05:01.926+00:00,1785956701926,BTC-USDT-SWAP,buy,short,7.25,64878.3
2026-08-05T19:05:01.843+00:00,1785956701843,BTC-USDT-SWAP,buy,short,50.44,64878.3
2026-08-05T19:05:01.821+00:00,1785956701821,BTC-USDT-SWAP,buy,short,2.22,64876.7
2026-08-05T19:05:00.044+00:00,1785956700044,BTC-USDT-SWAP,buy,short,0.11,64875.3
2026-08-05T19:05:00.013+00:00,1785956700013,BTC-USDT-SWAP,buy,short,0.36,64875.3
2026-08-05T19:05:00.011+00:00,1785956700011,BTC-USDT-SWAP,buy,short,17.22,64875.3
2026-08-05T19:05:00.009+00:00,1785956700009,BTC-USDT-SWAP,buy,short,120,64875.3
2026-08-05T19:05:00.008+00:00,1785956700008,BTC-USDT-SWAP,buy,short,0.18,64875.3
2026-08-05T19:05:00.001+00:00,1785956700001,BTC-USDT-SWAP,buy,short,1.2,64875.3
2026-08-05T19:04:59.999+00:00,1785956699999,BTC-USDT-SWAP,buy,short,55,64875.3
2026-08-05T19:04:59.960+00:00,1785956699960,BTC-USDT-SWAP,buy,short,0.44,64875.3
2026-08-05T19:04:59.954+00:00,1785956699954,BTC-USDT-SWAP,buy,short,0.04,64875.3
2026-08-05T19:04:59.932+00:00,1785956699932,BTC-USDT-SWAP,buy,short,1.25,64875.3
2026-08-05T19:04:59.897+00:00,1785956699897,BTC-USDT-SWAP,buy,short,1.72,64875.3
2026-08-05T19:04:59.006+00:00,1785956699006,BTC-USDT-SWAP,buy,short,0.07,64863.6
2026-08-05T19:14:18.143+00:00,1785957258143,BTC-USDT-SWAP,buy,short,12.48,64863.3
2026-08-05T19:17:19.480+00:00,1785957439480,BTC-USDT-SWAP,buy,short,100,64834
2026-08-05T19:25:33.763+00:00,1785957933763,BTC-USDT-SWAP,buy,short,150,64873.4
2026-08-05T19:27:05.751+00:00,1785958025751,BTC-USDT-SWAP,buy,short,21.63,64886.6
2026-08-05T19:27:05.712+00:00,1785958025712,BTC-USDT-SWAP,buy,short,0.44,64886.6
2026-08-05T19:27:05.685+00:00,1785958025685,BTC-USDT-SWAP,buy,short,25.09,64886.6
2026-08-05T19:27:05.685+00:00,1785958025685,BTC-USDT-SWAP,buy,short,0.12,64886.6
2026-08-05T19:27:05.440+00:00,1785958025440,BTC-USDT-SWAP,buy,short,0.06,64883.5
2026-08-05T19:27:00.774+00:00,1785958020774,BTC-USDT-SWAP,buy,short,44.61,64882.1
2026-08-05T19:27:00.455+00:00,1785958020455,BTC-USDT-SWAP,buy,short,0.03,64882
2026-08-05T19:27:00.448+00:00,1785958020448,BTC-USDT-SWAP,buy,short,11.76,64881.3
2026-08-05T19:28:10.418+00:00,1785958090418,BTC-USDT-SWAP,buy,short,0.15,64890.8
2026-08-05T19:28:05.774+00:00,1785958085774,BTC-USDT-SWAP,buy,short,46.73,64889.3
2026-08-05T19:28:04.776+00:00,1785958084776,BTC-USDT-SWAP,buy,short,0.04,64888.7
2026-08-05T19:40:07.341+00:00,1785958807341,BTC-USDT-SWAP,buy,short,157.65,64892
2026-08-04T19:43:53.113+00:00,1785872633113,BTC-USDT-SWAP,buy,short,3,64376.6
2026-08-04T19:43:53.098+00:00,1785872633098,BTC-USDT-SWAP,buy,short,14.27,64376.6
2026-08-05T19:52:57.745+00:00,1785959577745,BTC-USDT-SWAP,buy,short,11.26,64896
2026-08-05T19:52:56.987+00:00,1785959576987,BTC-USDT-SWAP,buy,short,400,64895.8
2026-08-05T19:52:22.723+00:00,1785959542723,BTC-USDT-SWAP,buy,short,0.11,64894.1
2026-08-05T19:52:22.507+00:00,1785959542507,BTC-USDT-SWAP,buy,short,0.3,64894.1
2026-08-05T19:54:06.156+00:00,1785959646156,BTC-USDT-SWAP,buy,short,3.47,64910.5
2026-08-05T19:54:06.121+00:00,1785959646121,BTC-USDT-SWAP,buy,short,86.46,64910.5
2026-08-05T19:54:06.038+00:00,1785959646038,BTC-USDT-SWAP,buy,short,0.71,64910.5
2026-08-05T19:54:06.004+00:00,1785959646004,BTC-USDT-SWAP,buy,short,0.47,64910.5
2026-08-05T19:54:05.985+00:00,1785959645985,BTC-USDT-SWAP,buy,short,1.46,64910.5
2026-08-05T19:54:05.958+00:00,1785959645958,BTC-USDT-SWAP,buy,short,0.1,64910.5
2026-08-05T19:53:17.902+00:00,1785959597902,BTC-USDT-SWAP,buy,short,0.18,64906.4
2026-08-05T19:53:17.889+00:00,1785959597889,BTC-USDT-SWAP,buy,short,2.4,64906.4
2026-08-05T19:53:17.884+00:00,1785959597884,BTC-USDT-SWAP,buy,short,1.66,64906.4
2026-08-05T19:53:17.882+00:00,1785959597882,BTC-USDT-SWAP,buy,short,0.34,64906.4
2026-08-05T19:53:17.882+00:00,1785959597882,BTC-USDT-SWAP,buy,short,60,64906.4
2026-08-05T19:53:17.872+00:00,1785959597872,BTC-USDT-SWAP,buy,short,0.04,64906.4
2026-08-05T19:53:17.871+00:00,1785959597871,BTC-USDT-SWAP,buy,short,0.07,64906.4
2026-08-05T19:53:17.847+00:00,1785959597847,BTC-USDT-SWAP,buy,short,7.83,64906.4
2026-08-05T19:53:17.817+00:00,1785959597817,BTC-USDT-SWAP,buy,short,0.12,64906.4
2026-08-05T19:53:16.548+00:00,1785959596548,BTC-USDT-SWAP,buy,short,13.46,64899.4
2026-08-05T19:53:16.501+00:00,1785959596501,BTC-USDT-SWAP,buy,short,0.6,64899.4
2026-08-05T19:53:16.485+00:00,1785959596485,BTC-USDT-SWAP,buy,short,4.75,64899.4
2026-08-05T19:53:16.467+00:00,1785959596467,BTC-USDT-SWAP,buy,short,0.01,64899.4
2026-08-05T19:53:16.444+00:00,1785959596444,BTC-USDT-SWAP,buy,short,1.46,64899.4
2026-08-05T19:55:11.280+00:00,1785959711280,BTC-USDT-SWAP,buy,short,0.38,64895.7
2026-08-05T19:56:25.932+00:00,1785959785932,BTC-USDT-SWAP,buy,short,14.36,64887.2
2026-08-05T20:01:04.656+00:00,1785960064656,BTC-USDT-SWAP,buy,short,1.62,64845.4
2026-08-05T20:00:44.444+00:00,1785960044444,BTC-USDT-SWAP,buy,short,1.39,64839.3
2026-08-05T20:05:17.238+00:00,1785960317238,BTC-USDT-SWAP,sell,long,3.25,64823.8
2026-08-05T20:05:16.156+00:00,1785960316156,BTC-USDT-SWAP,buy,short,0.07,64823.8
2026-08-05T20:05:16.146+00:00,1785960316146,BTC-USDT-SWAP,buy,short,96.77,64823.8
2026-08-05T20:05:16.084+00:00,1785960316084,BTC-USDT-SWAP,buy,short,12,64823.8
2026-08-05T20:05:13.294+00:00,1785960313294,BTC-USDT-SWAP,buy,short,31.35,64811.8
2026-08-05T20:05:12.223+00:00,1785960312223,BTC-USDT-SWAP,buy,short,0.9,64811.2
2026-08-05T20:05:10.165+00:00,1785960310165,BTC-USDT-SWAP,buy,short,34.99,64805.4
2026-08-05T20:05:10.005+00:00,1785960310005,BTC-USDT-SWAP,buy,short,3.58,64807.2
2026-08-05T20:05:09.943+00:00,1785960309943,BTC-USDT-SWAP,sell,long,0.63,64807.2
2026-08-05T20:05:39.897+00:00,1785960339897,BTC-USDT-SWAP,buy,short,24.55,64804.2
2026-08-05T20:05:38.571+00:00,1785960338571,BTC-USDT-SWAP,buy,short,3.13,64804.8
2026-08-05T20:05:36.486+00:00,1785960336486,BTC-USDT-SWAP,sell,long,6.75,64805.6
2026-08-05T20:05:31.587+00:00,1785960331587,BTC-USDT-SWAP,buy,short,4,64809.4
2026-08-05T20:05:31.477+00:00,1785960331477,BTC-USDT-SWAP,sell,long,249.69,64809.4
2026-08-05T20:11:06.916+00:00,1785960666916,BTC-USDT-SWAP,sell,long,1.8,64854.1
2026-08-05T20:16:31.046+00:00,1785960991046,BTC-USDT-SWAP,buy,short,13.03,64906.4
2026-08-05T20:20:49.159+00:00,1785961249159,BTC-USDT-SWAP,buy,short,0.16,64939.1
2026-08-05T20:20:49.119+00:00,1785961249119,BTC-USDT-SWAP,buy,short,0.09,64939.5
2026-08-05T20:20:49.115+00:00,1785961249115,BTC-USDT-SWAP,buy,short,1.01,64939.5
2026-08-05T20:20:49.099+00:00,1785961249099,BTC-USDT-SWAP,buy,short,5.87,64939.5
2026-08-05T20:20:49.067+00:00,1785961249067,BTC-USDT-SWAP,buy,short,3.45,64939.5
2026-08-05T20:20:49.037+00:00,1785961249037,BTC-USDT-SWAP,buy,short,79.46,64939.5
2026-08-05T20:20:48.985+00:00,1785961248985,BTC-USDT-SWAP,buy,short,9.7,64936.9
2026-08-05T20:20:48.985+00:00,1785961248985,BTC-USDT-SWAP,buy,short,4.04,64936.9
2026-08-05T20:20:48.981+00:00,1785961248981,BTC-USDT-SWAP,buy,short,0.48,64939.5
2026-08-05T20:20:48.960+00:00,1785961248960,BTC-USDT-SWAP,buy,short,8.4,64936.9
2026-08-05T20:20:48.958+00:00,1785961248958,BTC-USDT-SWAP,buy,short,1.65,64936.9
2026-08-05T20:20:48.957+00:00,1785961248957,BTC-USDT-SWAP,buy,short,0.56,64936.9
2026-08-05T20:20:48.928+00:00,1785961248928,BTC-USDT-SWAP,buy,short,0.21,64936.9
2026-08-05T20:20:48.925+00:00,1785961248925,BTC-USDT-SWAP,buy,short,14.39,64939.5
2026-08-05T20:20:48.923+00:00,1785961248923,BTC-USDT-SWAP,buy,short,0.54,64936.9
2026-08-05T20:20:48.881+00:00,1785961248881,BTC-USDT-SWAP,buy,short,5.86,64936.9
2026-08-05T20:21:01.036+00:00,1785961261036,BTC-USDT-SWAP,buy,short,0.26,65000.8
2026-08-05T20:21:01.027+00:00,1785961261027,BTC-USDT-SWAP,buy,short,248.2,65000.8
2026-08-05T20:21:01.024+00:00,1785961261024,BTC-USDT-SWAP,buy,short,3.42,65000.8
2026-08-05T20:21:00.980+00:00,1785961260980,BTC-USDT-SWAP,buy,short,0.11,65000.8
2026-08-05T20:21:00.949+00:00,1785961260949,BTC-USDT-SWAP,buy,short,7.75,65000.8
2026-08-05T20:21:00.947+00:00,1785961260947,BTC-USDT-SWAP,buy,short,5,65000.8
2026-08-05T20:21:00.923+00:00,1785961260923,BTC-USDT-SWAP,buy,short,56.71,65000.8
2026-08-05T20:21:00.886+00:00,1785961260886,BTC-USDT-SWAP,buy,short,13.58,65000.8
2026-08-05T20:21:00.858+00:00,1785961260858,BTC-USDT-SWAP,buy,short,0.23,65000.8
2026-08-05T20:21:00.856+00:00,1785961260856,BTC-USDT-SWAP,buy,short,0.01,65000.8
2026-08-05T20:21:00.579+00:00,1785961260579,BTC-USDT-SWAP,buy,short,10.41,64987.6
2026-08-05T20:21:00.578+00:00,1785961260578,BTC-USDT-SWAP,buy,short,18.05,64987.6
2026-08-05T20:21:00.536+00:00,1785961260536,BTC-USDT-SWAP,buy,short,0.09,64987.6
2026-08-05T20:21:00.444+00:00,1785961260444,BTC-USDT-SWAP,buy,short,8.28,64979.5
2026-08-05T20:21:00.439+00:00,1785961260439,BTC-USDT-SWAP,buy,short,2.26,64979.5
2026-08-05T20:21:00.438+00:00,1785961260438,BTC-USDT-SWAP,buy,short,9.08,64987.6
2026-08-05T20:21:00.430+00:00,1785961260430,BTC-USDT-SWAP,buy,short,400,64987.6
2026-08-05T20:21:00.429+00:00,1785961260429,BTC-USDT-SWAP,buy,short,0.26,64987.6
2026-08-05T20:21:00.425+00:00,1785961260425,BTC-USDT-SWAP,buy,short,0.9,64979.5
2026-08-05T20:21:00.407+00:00,1785961260407,BTC-USDT-SWAP,buy,short,0.01,64979.5
2026-08-05T20:21:00.407+00:00,1785961260407,BTC-USDT-SWAP,buy,short,0.04,64979.5
2026-08-05T20:21:00.388+00:00,1785961260388,BTC-USDT-SWAP,buy,short,1.63,64979.5
2026-08-05T20:21:00.372+00:00,1785961260372,BTC-USDT-SWAP,buy,short,0.01,64979.5
2026-08-05T20:21:00.370+00:00,1785961260370,BTC-USDT-SWAP,buy,short,0.01,64979.5
2026-08-05T20:21:00.363+00:00,1785961260363,BTC-USDT-SWAP,buy,short,1.37,64979.5
2026-08-05T20:21:00.356+00:00,1785961260356,BTC-USDT-SWAP,buy,short,35.39,64979.5
2026-08-05T20:21:00.339+00:00,1785961260339,BTC-USDT-SWAP,buy,short,2,64979.5
2026-08-05T20:21:00.299+00:00,1785961260299,BTC-USDT-SWAP,buy,short,0.03,64979.5
2026-08-05T20:21:00.272+00:00,1785961260272,BTC-USDT-SWAP,buy,short,50,64979.5
2026-08-05T21:30:34.862+00:00,1785965434862,BTC-USDT-SWAP,sell,long,0.28,64680.8
2026-08-05T22:56:20.082+00:00,1785970580082,BTC-USDT-SWAP,sell,long,0.05,64612.6
2026-08-04T23:08:55.075+00:00,1785884935075,BTC-USDT-SWAP,buy,short,4.57,64431.7
2026-08-04T23:08:55.072+00:00,1785884935072,BTC-USDT-SWAP,buy,short,1.36,64431.7
2026-08-04T23:08:55.063+00:00,1785884935063,BTC-USDT-SWAP,buy,short,30.54,64431.7
2026-08-04T23:08:55.061+00:00,1785884935061,BTC-USDT-SWAP,buy,short,0.02,64431.7
2026-08-04T23:08:55.044+00:00,1785884935044,BTC-USDT-SWAP,buy,short,0.12,64431.7
2026-08-04T23:08:55.043+00:00,1785884935043,BTC-USDT-SWAP,buy,short,0.14,64431.7
2026-08-04T23:08:55.005+00:00,1785884935005,BTC-USDT-SWAP,buy,short,0.34,64431.7
2026-08-04T23:08:55.003+00:00,1785884935003,BTC-USDT-SWAP,buy,short,8.77,64431.7
2026-08-04T23:08:55.002+00:00,1785884935002,BTC-USDT-SWAP,buy,short,4.5,64431.7
2026-08-05T23:00:21.109+00:00,1785970821109,BTC-USDT-SWAP,sell,long,1.54,64552.2
2026-08-05T23:00:06.978+00:00,1785970806978,BTC-USDT-SWAP,sell,long,0.06,64571.8
2026-08-05T23:00:04.218+00:00,1785970804218,BTC-USDT-SWAP,sell,long,0.05,64592.3
2026-08-05T23:00:04.176+00:00,1785970804176,BTC-USDT-SWAP,sell,long,109.36,64592.3
2026-08-05T23:00:04.117+00:00,1785970804117,BTC-USDT-SWAP,sell,long,1.58,64592.3
2026-08-05T23:35:42.382+00:00,1785972942382,BTC-USDT-SWAP,sell,long,0.1,64660
2026-08-06T00:17:02.812+00:00,1785975422812,BTC-USDT-SWAP,sell,long,0.77,64538.7
2026-08-06T00:17:02.792+00:00,1785975422792,BTC-USDT-SWAP,sell,long,0.2,64538.7
2026-08-06T00:17:02.757+00:00,1785975422757,BTC-USDT-SWAP,sell,long,0.02,64538.7
2026-08-06T00:35:22.323+00:00,1785976522323,BTC-USDT-SWAP,sell,long,8.31,64672.1
2026-08-06T00:35:15.781+00:00,1785976515781,BTC-USDT-SWAP,buy,short,0.08,64670.6
2026-08-06T00:51:00.028+00:00,1785977460028,BTC-USDT-SWAP,sell,long,0.5,64596.1
2026-08-06T00:55:52.502+00:00,1785977752502,BTC-USDT-SWAP,sell,long,0.14,64662.3
2026-08-06T01:21:15.704+00:00,1785979275704,BTC-USDT-SWAP,sell,long,0.07,64522.1
2026-08-06T01:21:10.343+00:00,1785979270343,BTC-USDT-SWAP,sell,long,6.29,64524.1
2026-08-06T01:21:10.301+00:00,1785979270301,BTC-USDT-SWAP,sell,long,1.63,64524.1
2026-08-06T01:21:10.294+00:00,1785979270294,BTC-USDT-SWAP,sell,long,0.05,64524.1
2026-08-06T01:21:02.436+00:00,1785979262436,BTC-USDT-SWAP,sell,long,0.08,64533.7
2026-08-06T01:21:01.443+00:00,1785979261443,BTC-USDT-SWAP,sell,long,1.17,64535.2
2026-08-06T01:21:01.415+00:00,1785979261415,BTC-USDT-SWAP,sell,long,1.91,64535.2
2026-08-06T01:26:16.962+00:00,1785979576962,BTC-USDT-SWAP,sell,long,0.28,64509.9
2026-08-06T01:26:15.808+00:00,1785979575808,BTC-USDT-SWAP,sell,long,0.17,64510.3
2026-08-06T01:25:44.023+00:00,1785979544023,BTC-USDT-SWAP,sell,long,0.28,64513.4
2026-08-06T01:26:51.047+00:00,1785979611047,BTC-USDT-SWAP,sell,long,0.06,64494.2
2026-08-06T01:26:50.874+00:00,1785979610874,BTC-USDT-SWAP,sell,long,3.26,64495.8
2026-08-06T01:26:50.620+00:00,1785979610620,BTC-USDT-SWAP,sell,long,0.06,64498.5
2026-08-06T01:26:28.154+00:00,1785979588154,BTC-USDT-SWAP,sell,long,27.89,64505.3
2026-08-06T01:26:27.718+00:00,1785979587718,BTC-USDT-SWAP,sell,long,1.48,64505.5
2026-08-06T01:26:27.114+00:00,1785979587114,BTC-USDT-SWAP,sell,long,133,64505.9
2026-08-06T01:28:23.274+00:00,1785979703274,BTC-USDT-SWAP,sell,long,30.36,64488.1
2026-08-06T01:28:19.427+00:00,1785979699427,BTC-USDT-SWAP,sell,long,1.57,64490.4
2026-08-06T01:28:02.288+00:00,1785979682288,BTC-USDT-SWAP,sell,long,9.73,64495.9
2026-08-06T01:31:19.278+00:00,1785979879278,BTC-USDT-SWAP,sell,long,0.87,64466.1
2026-08-06T01:31:19.266+00:00,1785979879266,BTC-USDT-SWAP,sell,long,0.17,64466.1
2026-08-06T01:30:44.246+00:00,1785979844246,BTC-USDT-SWAP,sell,long,8.8,64475.6
2026-08-06T01:30:44.128+00:00,1785979844128,BTC-USDT-SWAP,sell,long,0.08,64475.6
2026-08-06T01:30:37.919+00:00,1785979837919,BTC-USDT-SWAP,sell,long,1.43,64478.1
2026-08-06T01:30:35.239+00:00,1785979835239,BTC-USDT-SWAP,sell,long,0.26,64480.5
2026-08-06T01:30:35.159+00:00,1785979835159,BTC-USDT-SWAP,sell,long,2.19,64482.8
2026-08-06T01:47:23.805+00:00,1785980843805,BTC-USDT-SWAP,buy,short,0.04,64608.4
2026-08-06T01:55:17.581+00:00,1785981317581,BTC-USDT-SWAP,sell,long,0.62,64591.1
2026-08-06T02:16:44.195+00:00,1785982604195,BTC-USDT-SWAP,sell,long,9.74,64519.2
2026-08-06T02:19:42.367+00:00,1785982782367,BTC-USDT-SWAP,buy,short,99.64,64489.1
2026-08-06T02:20:21.931+00:00,1785982821931,BTC-USDT-SWAP,sell,long,0.86,64446.3
2026-08-06T02:20:20.319+00:00,1785982820319,BTC-USDT-SWAP,sell,long,1.7,64453.5
2026-08-06T02:20:20.145+00:00,1785982820145,BTC-USDT-SWAP,sell,long,4.63,64460.7
2026-08-06T02:20:53.858+00:00,1785982853858,BTC-USDT-SWAP,sell,long,0.21,64425.1
2026-08-06T02:20:53.662+00:00,1785982853662,BTC-USDT-SWAP,sell,long,3.81,64426.6
2026-08-06T02:20:53.661+00:00,1785982853661,BTC-USDT-SWAP,sell,long,0.18,64426.6
2026-08-06T02:20:53.641+00:00,1785982853641,BTC-USDT-SWAP,sell,long,0.55,64426.6
2026-08-06T02:20:53.430+00:00,1785982853430,BTC-USDT-SWAP,sell,long,0.1,64431
2026-08-06T02:20:53.418+00:00,1785982853418,BTC-USDT-SWAP,sell,long,0.97,64431
2026-08-06T04:04:52.145+00:00,1785989092145,BTC-USDT-SWAP,sell,long,0.01,64473.1
2026-08-06T04:47:02.237+00:00,1785991622237,BTC-USDT-SWAP,sell,long,7.6,64606.5
2026-08-06T04:46:36.876+00:00,1785991596876,BTC-USDT-SWAP,sell,long,2,64612.5
2026-08-06T05:05:51.288+00:00,1785992751288,BTC-USDT-SWAP,buy,short,0.12,64893.7
2026-08-06T05:05:50.069+00:00,1785992750069,BTC-USDT-SWAP,buy,short,0.01,64891.8
2026-08-06T05:05:49.986+00:00,1785992749986,BTC-USDT-SWAP,buy,short,1.84,64891.8
2026-08-06T05:05:49.970+00:00,1785992749970,BTC-USDT-SWAP,buy,short,0.4,64891.8
2026-08-06T05:05:49.894+00:00,1785992749894,BTC-USDT-SWAP,buy,short,0.1,64881.7
2026-08-06T05:05:49.862+00:00,1785992749862,BTC-USDT-SWAP,buy,short,0.73,64881.7
2026-08-06T05:05:49.834+00:00,1785992749834,BTC-USDT-SWAP,buy,short,121.65,64881.7
2026-08-06T05:05:49.805+00:00,1785992749805,BTC-USDT-SWAP,buy,short,10,64881.7
2026-08-06T05:05:49.799+00:00,1785992749799,BTC-USDT-SWAP,buy,short,0.21,64881.7
2026-08-06T05:05:49.793+00:00,1785992749793,BTC-USDT-SWAP,buy,short,2.43,64881.7
2026-08-06T05:05:42.625+00:00,1785992742625,BTC-USDT-SWAP,buy,short,3.62,64880.2
2026-08-06T05:05:41.476+00:00,1785992741476,BTC-USDT-SWAP,buy,short,0.15,64878.5
2026-08-06T05:05:41.297+00:00,1785992741297,BTC-USDT-SWAP,buy,short,20.23,64878.5
2026-08-06T05:05:41.111+00:00,1785992741111,BTC-USDT-SWAP,buy,short,1.24,64871.6
2026-08-06T05:05:36.641+00:00,1785992736641,BTC-USDT-SWAP,buy,short,2.51,64868.5
2026-08-06T05:05:36.610+00:00,1785992736610,BTC-USDT-SWAP,buy,short,0.53,64869
2026-08-06T05:05:36.593+00:00,1785992736593,BTC-USDT-SWAP,buy,short,1.55,64869
2026-08-06T05:05:36.591+00:00,1785992736591,BTC-USDT-SWAP,buy,short,0.28,64869
2026-08-06T05:05:36.562+00:00,1785992736562,BTC-USDT-SWAP,buy,short,1.25,64869
2026-08-06T05:05:36.556+00:00,1785992736556,BTC-USDT-SWAP,buy,short,0.04,64869
2026-08-06T05:05:36.428+00:00,1785992736428,BTC-USDT-SWAP,buy,short,4.42,64853.7
2026-08-06T05:05:36.398+00:00,1785992736398,BTC-USDT-SWAP,buy,short,2.05,64853.7
2026-08-06T05:05:36.387+00:00,1785992736387,BTC-USDT-SWAP,buy,short,3.58,64869
2026-08-06T05:05:36.304+00:00,1785992736304,BTC-USDT-SWAP,buy,short,0.01,64853.7
2026-08-06T05:05:36.264+00:00,1785992736264,BTC-USDT-SWAP,buy,short,0.05,64853.7
2026-08-06T05:05:36.089+00:00,1785992736089,BTC-USDT-SWAP,buy,short,0.31,64844.5
2026-08-06T05:05:35.988+00:00,1785992735988,BTC-USDT-SWAP,buy,short,0.19,64843.6
2026-08-06T05:05:35.895+00:00,1785992735895,BTC-USDT-SWAP,buy,short,0.86,64843.6
2026-08-06T05:05:33.452+00:00,1785992733452,BTC-USDT-SWAP,buy,short,3,64825.8
2026-08-06T05:05:52.894+00:00,1785992752894,BTC-USDT-SWAP,buy,short,2.23,64895.1
2026-08-06T05:05:52.867+00:00,1785992752867,BTC-USDT-SWAP,buy,short,0.11,64895.1
2026-08-06T05:05:51.240+00:00,1785992751240,BTC-USDT-SWAP,buy,short,0.86,64893.7
2026-08-06T05:08:40.142+00:00,1785992920142,BTC-USDT-SWAP,buy,short,0.57,64977
2026-08-06T05:08:39.568+00:00,1785992919568,BTC-USDT-SWAP,buy,short,0.11,64976.4
2026-08-06T05:08:39.474+00:00,1785992919474,BTC-USDT-SWAP,buy,short,397.29,64976.4
2026-08-06T05:08:39.240+00:00,1785992919240,BTC-USDT-SWAP,buy,short,1.32,64975.5
2026-08-06T05:08:38.873+00:00,1785992918873,BTC-USDT-SWAP,buy,short,0.1,64968.8
2026-08-06T05:08:38.209+00:00,1785992918209,BTC-USDT-SWAP,buy,short,23.9,64967.8
2026-08-06T05:08:37.654+00:00,1785992917654,BTC-USDT-SWAP,buy,short,0.92,64967.5
2026-08-06T05:08:37.366+00:00,1785992917366,BTC-USDT-SWAP,buy,short,5.99,64964.1
2026-08-06T05:08:37.366+00:00,1785992917366,BTC-USDT-SWAP,buy,short,0.12,64964.1
2026-08-06T05:08:37.365+00:00,1785992917365,BTC-USDT-SWAP,buy,short,2.29,64964.1
2026-08-06T05:08:37.363+00:00,1785992917363,BTC-USDT-SWAP,buy,short,7.37,64964.1
2026-08-06T05:08:37.344+00:00,1785992917344,BTC-USDT-SWAP,buy,short,42.91,64964.1
2026-08-06T05:08:37.337+00:00,1785992917337,BTC-USDT-SWAP,buy,short,0.04,64964.1
2026-08-06T05:08:37.329+00:00,1785992917329,BTC-USDT-SWAP,buy,short,2.63,64964.1
2026-08-06T05:08:37.274+00:00,1785992917274,BTC-USDT-SWAP,buy,short,0.21,64964.1
2026-08-06T05:08:37.106+00:00,1785992917106,BTC-USDT-SWAP,buy,short,1.01,64949.5
2026-08-06T05:08:29.573+00:00,1785992909573,BTC-USDT-SWAP,buy,short,0.54,64950.6
2026-08-06T05:08:28.906+00:00,1785992908906,BTC-USDT-SWAP,buy,short,0.31,64948.2
2026-08-06T05:08:28.899+00:00,1785992908899,BTC-USDT-SWAP,buy,short,1.54,64948.2
2026-08-06T05:08:28.284+00:00,1785992908284,BTC-USDT-SWAP,buy,short,0.42,64946.1
2026-08-06T05:08:28.213+00:00,1785992908213,BTC-USDT-SWAP,buy,short,0.11,64946.1
2026-08-06T05:08:25.508+00:00,1785992905508,BTC-USDT-SWAP,buy,short,3.98,64942.9
2026-08-06T05:08:25.154+00:00,1785992905154,BTC-USDT-SWAP,buy,short,1.25,64942.8
2026-08-06T05:08:24.367+00:00,1785992904367,BTC-USDT-SWAP,buy,short,0.14,64939.4
2026-08-06T05:08:23.818+00:00,1785992903818,BTC-USDT-SWAP,buy,short,0.35,64936.4
2026-08-06T05:08:12.075+00:00,1785992892075,BTC-USDT-SWAP,buy,short,9.81,64932.7
2026-08-06T05:08:11.945+00:00,1785992891945,BTC-USDT-SWAP,buy,short,72.66,64932.7
2026-08-06T05:08:11.864+00:00,1785992891864,BTC-USDT-SWAP,buy,short,3.36,64928.4
2026-08-06T05:08:11.809+00:00,1785992891809,BTC-USDT-SWAP,buy,short,2.2,64928.4
2026-08-06T05:08:11.808+00:00,1785992891808,BTC-USDT-SWAP,buy,short,498,64928.4
2026-08-06T05:08:11.774+00:00,1785992891774,BTC-USDT-SWAP,buy,short,0.08,64928.4
2026-08-06T05:08:11.378+00:00,1785992891378,BTC-USDT-SWAP,buy,short,0.06,64922
2026-08-06T05:08:11.033+00:00,1785992891033,BTC-USDT-SWAP,buy,short,2.24,64920.6
2026-08-06T05:08:11.029+00:00,1785992891029,BTC-USDT-SWAP,buy,short,9.38,64920.6
2026-08-06T05:08:10.670+00:00,1785992890670,BTC-USDT-SWAP,buy,short,0.38,64916.9
2026-08-06T05:08:10.176+00:00,1785992890176,BTC-USDT-SWAP,buy,short,0.5,64916.1
2026-08-06T05:08:09.673+00:00,1785992889673,BTC-USDT-SWAP,buy,short,0.78,64915.8
2026-08-06T05:08:09.670+00:00,1785992889670,BTC-USDT-SWAP,buy,short,0.48,64915.8
2026-08-06T05:08:09.655+00:00,1785992889655,BTC-USDT-SWAP,buy,short,0.45,64915.8
2026-08-06T05:08:09.652+00:00,1785992889652,BTC-USDT-SWAP,buy,short,4.25,64915.8
2026-08-06T05:08:09.651+00:00,1785992889651,BTC-USDT-SWAP,buy,short,1.15,64915.8
2026-08-06T05:08:09.646+00:00,1785992889646,BTC-USDT-SWAP,buy,short,0.08,64915.8
2026-08-06T05:08:09.638+00:00,1785992889638,BTC-USDT-SWAP,buy,short,1.94,64915.8
2026-08-06T05:08:09.539+00:00,1785992889539,BTC-USDT-SWAP,buy,short,0.29,64915.8
2026-08-06T05:08:09.523+00:00,1785992889523,BTC-USDT-SWAP,buy,short,2.33,64915.8
2026-08-06T05:08:09.491+00:00,1785992889491,BTC-USDT-SWAP,buy,short,15.49,64915.8
2026-08-06T05:08:09.456+00:00,1785992889456,BTC-USDT-SWAP,buy,short,2.58,64907.7
2026-08-06T05:08:09.455+00:00,1785992889455,BTC-USDT-SWAP,buy,short,1.52,64907.7
2026-08-06T05:08:09.419+00:00,1785992889419,BTC-USDT-SWAP,buy,short,2.25,64907.7
2026-08-06T05:08:09.417+00:00,1785992889417,BTC-USDT-SWAP,buy,short,0.17,64907.7
2026-08-06T05:08:09.413+00:00,1785992889413,BTC-USDT-SWAP,buy,short,36.57,64907.7
2026-08-06T05:08:09.409+00:00,1785992889409,BTC-USDT-SWAP,buy,short,0.15,64907.7
2026-08-06T05:08:09.392+00:00,1785992889392,BTC-USDT-SWAP,buy,short,0.03,64907.7
2026-08-06T05:08:09.284+00:00,1785992889284,BTC-USDT-SWAP,buy,short,15.07,64907.7
2026-08-06T05:17:02.058+00:00,1785993422058,BTC-USDT-SWAP,buy,short,6.25,64960.6
2026-08-06T08:09:45.879+00:00,1786003785879,BTC-USDT-SWAP,sell,long,0.01,64765.6
2026-08-06T09:43:26.158+00:00,1786009406158,BTC-USDT-SWAP,sell,long,0.1,64651
2026-08-06T10:00:55.403+00:00,1786010455403,BTC-USDT-SWAP,sell,long,1.82,64632.7
2026-08-06T10:10:36.851+00:00,1786011036851,BTC-USDT-SWAP,sell,long,0.21,64566.4
2026-08-06T10:10:35.540+00:00,1786011035540,BTC-USDT-SWAP,sell,long,1,64573.5
2026-08-06T10:10:15.178+00:00,1786011015178,BTC-USDT-SWAP,sell,long,1.07,64586.5
2026-08-06T10:10:15.145+00:00,1786011015145,BTC-USDT-SWAP,sell,long,0.54,64586.5
2026-08-06T10:16:12.070+00:00,1786011372070,BTC-USDT-SWAP,sell,long,1.74,64561.8
2026-08-06T10:16:11.770+00:00,1786011371770,BTC-USDT-SWAP,sell,long,0.15,64561.8
2026-08-06T11:01:38.995+00:00,1786014098995,BTC-USDT-SWAP,sell,long,0.03,64558.3
2026-08-06T11:01:38.417+00:00,1786014098417,BTC-USDT-SWAP,sell,long,0.03,64559.3
2026-08-06T11:01:04.171+00:00,1786014064171,BTC-USDT-SWAP,buy,short,0.53,64576.8
2026-08-06T11:02:37.774+00:00,1786014157774,BTC-USDT-SWAP,sell,long,0.33,64545.2
2026-08-06T11:02:37.556+00:00,1786014157556,BTC-USDT-SWAP,sell,long,3.18,64546.7
2026-08-06T11:03:04.555+00:00,1786014184555,BTC-USDT-SWAP,sell,long,0.16,64538
2026-08-06T11:03:00.054+00:00,1786014180054,BTC-USDT-SWAP,sell,long,0.26,64540.3
2026-08-06T11:04:08.076+00:00,1786014248076,BTC-USDT-SWAP,sell,long,0.29,64529.1
2026-08-06T11:04:08.071+00:00,1786014248071,BTC-USDT-SWAP,sell,long,0.35,64529.1
2026-08-06T11:04:08.048+00:00,1786014248048,BTC-USDT-SWAP,sell,long,7.81,64529.1
2026-08-06T11:04:03.424+00:00,1786014243424,BTC-USDT-SWAP,sell,long,1.88,64532.3
2026-08-06T11:05:37.842+00:00,1786014337842,BTC-USDT-SWAP,sell,long,0.03,64489.5
2026-08-06T11:05:37.791+00:00,1786014337791,BTC-USDT-SWAP,sell,long,3.3,64488.9
2026-08-06T11:05:37.775+00:00,1786014337775,BTC-USDT-SWAP,sell,long,0.66,64489.5
2026-08-06T11:05:37.719+00:00,1786014337719,BTC-USDT-SWAP,sell,long,0.03,64488.9
2026-08-06T11:05:37.695+00:00,1786014337695,BTC-USDT-SWAP,sell,long,15.41,64488.9
2026-08-06T11:05:37.632+00:00,1786014337632,BTC-USDT-SWAP,sell,long,3.52,64488.9
2026-08-06T11:05:37.630+00:00,1786014337630,BTC-USDT-SWAP,sell,long,0.01,64488.9
2026-08-06T11:05:37.625+00:00,1786014337625,BTC-USDT-SWAP,sell,long,5.31,64488.9
2026-08-06T11:05:37.610+00:00,1786014337610,BTC-USDT-SWAP,sell,long,0.14,64488.9
2026-08-06T11:05:37.586+00:00,1786014337586,BTC-USDT-SWAP,sell,long,3.98,64488.9
2026-08-06T11:05:35.176+00:00,1786014335176,BTC-USDT-SWAP,sell,long,1.18,64512.3
2026-08-06T11:05:35.039+00:00,1786014335039,BTC-USDT-SWAP,sell,long,0.83,64513.2
2026-08-06T11:05:34.921+00:00,1786014334921,BTC-USDT-SWAP,sell,long,10.73,64514.4
2026-08-06T11:05:34.876+00:00,1786014334876,BTC-USDT-SWAP,sell,long,0.17,64514.4
2026-08-06T11:05:34.641+00:00,1786014334641,BTC-USDT-SWAP,sell,long,1.59,64516.3
2026-08-06T11:05:26.147+00:00,1786014326147,BTC-USDT-SWAP,sell,long,0.35,64517.3
2026-08-06T11:05:13.858+00:00,1786014313858,BTC-USDT-SWAP,sell,long,9.86,64523.3
2026-08-06T11:05:13.819+00:00,1786014313819,BTC-USDT-SWAP,sell,long,0.07,64523.3
2026-08-06T11:06:45.946+00:00,1786014405946,BTC-USDT-SWAP,sell,long,0.29,64481.9
2026-08-06T11:06:43.802+00:00,1786014403802,BTC-USDT-SWAP,sell,long,0.06,64483.4
2026-08-06T11:06:43.473+00:00,1786014403473,BTC-USDT-SWAP,sell,long,0.36,64484.7
2026-08-06T11:06:43.416+00:00,1786014403416,BTC-USDT-SWAP,sell,long,0.09,64483.9
2026-08-06T11:07:27.158+00:00,1786014447158,BTC-USDT-SWAP,sell,long,28.02,64480.7
2026-08-06T12:08:55.309+00:00,1786018135309,BTC-USDT-SWAP,sell,long,1.45,64461.7
2026-08-06T12:08:52.400+00:00,1786018132400,BTC-USDT-SWAP,sell,long,1.21,64463.6
2026-08-06T12:08:52.226+00:00,1786018132226,BTC-USDT-SWAP,sell,long,0.02,64463.6
2026-08-06T12:08:51.554+00:00,1786018131554,BTC-USDT-SWAP,sell,long,0.99,64465
2026-08-06T12:08:51.338+00:00,1786018131338,BTC-USDT-SWAP,sell,long,2.14,64465.4
2026-08-06T12:08:49.941+00:00,1786018129941,BTC-USDT-SWAP,sell,long,0.01,64465.9
2026-08-06T12:08:46.799+00:00,1786018126799,BTC-USDT-SWAP,sell,long,2.49,64468.8
2026-08-06T12:08:45.748+00:00,1786018125748,BTC-USDT-SWAP,sell,long,0.1,64470.7
2026-08-06T12:08:45.635+00:00,1786018125635,BTC-USDT-SWAP,sell,long,0.56,64470.7
2026-08-06T12:08:45.463+00:00,1786018125463,BTC-USDT-SWAP,sell,long,0.11,64473
2026-08-06T12:08:45.150+00:00,1786018125150,BTC-USDT-SWAP,sell,long,13.56,64476.6
2026-08-06T12:08:45.067+00:00,1786018125067,BTC-USDT-SWAP,sell,long,0.29,64476.6
2026-08-06T12:09:45.803+00:00,1786018185803,BTC-USDT-SWAP,sell,long,0.32,64448.5
2026-08-06T12:09:45.670+00:00,1786018185670,BTC-USDT-SWAP,sell,long,2.35,64448.5
2026-08-06T12:09:35.522+00:00,1786018175522,BTC-USDT-SWAP,sell,long,1.23,64450.3
2026-08-06T12:09:32.684+00:00,1786018172684,BTC-USDT-SWAP,sell,long,12.55,64451.4
2026-08-06T12:09:31.683+00:00,1786018171683,BTC-USDT-SWAP,sell,long,1.47,64453.3
2026-08-06T12:08:59.319+00:00,1786018139319,BTC-USDT-SWAP,sell,long,11.27,64458.5
2026-08-06T12:11:06.056+00:00,1786018266056,BTC-USDT-SWAP,sell,long,0.52,64441.3
2026-08-06T12:11:05.971+00:00,1786018265971,BTC-USDT-SWAP,sell,long,0.48,64442.5
2026-08-06T12:11:05.850+00:00,1786018265850,BTC-USDT-SWAP,sell,long,0.02,64442.5
2026-08-06T12:17:42.305+00:00,1786018662305,BTC-USDT-SWAP,sell,long,4.03,64430.3
2026-08-06T12:17:42.100+00:00,1786018662100,BTC-USDT-SWAP,sell,long,0.46,64431.5
2026-08-06T12:19:14.413+00:00,1786018754413,BTC-USDT-SWAP,sell,long,0.72,64426.1
2026-08-06T12:36:23.244+00:00,1786019783244,BTC-USDT-SWAP,buy,short,0.73,64525.3
2026-08-06T12:47:23.011+00:00,1786020443011,BTC-USDT-SWAP,buy,short,1.3,64491.5
2026-08-06T12:56:31.081+00:00,1786020991081,BTC-USDT-SWAP,sell,long,0.04,64356.1
2026-08-06T12:56:31.042+00:00,1786020991042,BTC-USDT-SWAP,sell,long,0.43,64364.5
2026-08-06T12:56:31.018+00:00,1786020991018,BTC-USDT-SWAP,sell,long,0.07,64356.1
2026-08-06T12:56:30.949+00:00,1786020990949,BTC-USDT-SWAP,sell,long,0.05,64356.1
2026-08-06T12:56:30.943+00:00,1786020990943,BTC-USDT-SWAP,sell,long,0.03,64356.1
2026-08-06T12:56:30.853+00:00,1786020990853,BTC-USDT-SWAP,sell,long,0.06,64368.3
2026-08-06T12:56:30.764+00:00,1786020990764,BTC-USDT-SWAP,sell,long,0.18,64368.3
2026-08-06T12:56:30.715+00:00,1786020990715,BTC-USDT-SWAP,sell,long,25.06,64368.3
2026-08-06T12:56:30.594+00:00,1786020990594,BTC-USDT-SWAP,sell,long,0.3,64381
2026-08-06T12:56:30.590+00:00,1786020990590,BTC-USDT-SWAP,sell,long,0.05,64381
2026-08-06T12:56:30.187+00:00,1786020990187,BTC-USDT-SWAP,sell,long,6.11,64385.4
2026-08-06T12:56:30.141+00:00,1786020990141,BTC-USDT-SWAP,sell,long,3,64385.4
2026-08-06T12:56:29.732+00:00,1786020989732,BTC-USDT-SWAP,sell,long,0.08,64393.4
2026-08-06T12:56:29.724+00:00,1786020989724,BTC-USDT-SWAP,sell,long,0.29,64393.4
2026-08-06T12:56:29.706+00:00,1786020989706,BTC-USDT-SWAP,sell,long,2.89,64400.5
2026-08-06T12:56:29.676+00:00,1786020989676,BTC-USDT-SWAP,sell,long,0.66,64400.5
2026-08-06T12:56:29.590+00:00,1786020989590,BTC-USDT-SWAP,sell,long,0.04,64400.5
2026-08-06T12:56:29.549+00:00,1786020989549,BTC-USDT-SWAP,sell,long,0.18,64400.5
2026-08-06T12:56:29.546+00:00,1786020989546,BTC-USDT-SWAP,sell,long,0.17,64400.5
2026-08-06T12:56:29.544+00:00,1786020989544,BTC-USDT-SWAP,sell,long,0.02,64400.5
2026-08-06T12:56:29.497+00:00,1786020989497,BTC-USDT-SWAP,sell,long,31.05,64400.5
2026-08-06T12:56:29.487+00:00,1786020989487,BTC-USDT-SWAP,sell,long,14.74,64400.5
2026-08-06T12:56:29.419+00:00,1786020989419,BTC-USDT-SWAP,sell,long,2.19,64400.5
2026-08-06T13:02:29.828+00:00,1786021349828,BTC-USDT-SWAP,sell,long,0.56,64334.6
2026-08-06T13:02:14.031+00:00,1786021334031,BTC-USDT-SWAP,sell,long,0.2,64340.4
2026-08-06T13:02:13.829+00:00,1786021333829,BTC-USDT-SWAP,sell,long,49.89,64344.2
2026-08-06T13:02:13.752+00:00,1786021333752,BTC-USDT-SWAP,sell,long,0.64,64344.2
2026-08-06T13:02:12.229+00:00,1786021332229,BTC-USDT-SWAP,sell,long,0.54,64357.7
2026-08-06T13:06:07.004+00:00,1786021567004,BTC-USDT-SWAP,sell,long,0.87,64260.8
2026-08-06T13:06:07.003+00:00,1786021567003,BTC-USDT-SWAP,sell,long,1.76,64261.4
2026-08-06T13:06:06.984+00:00,1786021566984,BTC-USDT-SWAP,sell,long,0.88,64260.8
2026-08-06T13:06:05.066+00:00,1786021565066,BTC-USDT-SWAP,sell,long,0.38,64264.9
2026-08-06T13:06:04.967+00:00,1786021564967,BTC-USDT-SWAP,sell,long,6.66,64265
2026-08-06T13:06:04.913+00:00,1786021564913,BTC-USDT-SWAP,sell,long,0.19,64265
2026-08-06T13:06:04.851+00:00,1786021564851,BTC-USDT-SWAP,sell,long,4.1,64265
2026-08-06T13:06:04.724+00:00,1786021564724,BTC-USDT-SWAP,sell,long,1.92,64270.3
2026-08-06T13:06:04.700+00:00,1786021564700,BTC-USDT-SWAP,sell,long,0.28,64270.3
2026-08-06T13:06:04.680+00:00,1786021564680,BTC-USDT-SWAP,sell,long,59.74,64270.3
2026-08-06T13:06:03.779+00:00,1786021563779,BTC-USDT-SWAP,sell,long,2.14,64276.2
2026-08-06T13:06:03.687+00:00,1786021563687,BTC-USDT-SWAP,sell,long,0.02,64276.2
2026-08-06T13:06:03.124+00:00,1786021563124,BTC-USDT-SWAP,sell,long,42.93,64278.3
2026-08-06T13:06:02.535+00:00,1786021562535,BTC-USDT-SWAP,sell,long,1.07,64278.6
2026-08-06T13:06:02.420+00:00,1786021562420,BTC-USDT-SWAP,sell,long,6.9,64282.9
2026-08-06T13:06:02.328+00:00,1786021562328,BTC-USDT-SWAP,sell,long,57.39,64282.9
2026-08-06T13:06:02.325+00:00,1786021562325,BTC-USDT-SWAP,sell,long,1.62,64282.9
2026-08-06T13:06:02.324+00:00,1786021562324,BTC-USDT-SWAP,sell,long,0.47,64282.9
2026-08-06T13:06:02.301+00:00,1786021562301,BTC-USDT-SWAP,sell,long,0.02,64282.9
2026-08-06T13:06:02.296+00:00,1786021562296,BTC-USDT-SWAP,sell,long,3.38,64282.9
2026-08-06T13:06:01.982+00:00,1786021561982,BTC-USDT-SWAP,sell,long,17.49,64293
2026-08-06T13:06:01.980+00:00,1786021561980,BTC-USDT-SWAP,sell,long,1.72,64293
2026-08-06T13:06:01.935+00:00,1786021561935,BTC-USDT-SWAP,sell,long,0.32,64293.2
2026-08-06T13:06:01.820+00:00,1786021561820,BTC-USDT-SWAP,sell,long,0.74,64294.7
2026-08-06T13:06:01.706+00:00,1786021561706,BTC-USDT-SWAP,sell,long,3.25,64294.7
2026-08-06T13:06:01.571+00:00,1786021561571,BTC-USDT-SWAP,sell,long,5.95,64294.7
2026-08-06T13:06:01.245+00:00,1786021561245,BTC-USDT-SWAP,sell,long,1.37,64302.5
2026-08-06T13:06:01.242+00:00,1786021561242,BTC-USDT-SWAP,sell,long,1.56,64302.5
2026-08-06T13:06:01.228+00:00,1786021561228,BTC-USDT-SWAP,sell,long,16.83,64302.5
2026-08-06T13:05:57.354+00:00,1786021557354,BTC-USDT-SWAP,sell,long,1.03,64306.4
2026-08-06T13:05:56.998+00:00,1786021556998,BTC-USDT-SWAP,sell,long,0.43,64306.5
2026-08-06T13:05:56.760+00:00,1786021556760,BTC-USDT-SWAP,sell,long,1.09,64307.8
2026-08-06T13:05:50.702+00:00,1786021550702,BTC-USDT-SWAP,sell,long,10,64310.3
2026-08-06T13:05:50.528+00:00,1786021550528,BTC-USDT-SWAP,sell,long,1.22,64311.6
2026-08-06T13:05:50.528+00:00,1786021550528,BTC-USDT-SWAP,sell,long,0.21,64310.3
2026-08-06T13:05:50.460+00:00,1786021550460,BTC-USDT-SWAP,sell,long,7.48,64311.6
2026-08-06T13:05:50.452+00:00,1786021550452,BTC-USDT-SWAP,sell,long,2.82,64311.6
2026-08-06T13:05:50.409+00:00,1786021550409,BTC-USDT-SWAP,sell,long,2.81,64311.6
2026-08-06T13:05:49.258+00:00,1786021549258,BTC-USDT-SWAP,sell,long,0.87,64313.3
2026-08-06T13:05:48.304+00:00,1786021548304,BTC-USDT-SWAP,sell,long,1.23,64319.9
2026-08-06T13:05:48.301+00:00,1786021548301,BTC-USDT-SWAP,sell,long,0.23,64319.9
2026-08-06T13:05:48.261+00:00,1786021548261,BTC-USDT-SWAP,sell,long,1.22,64319.9
2026-08-06T13:05:43.660+00:00,1786021543660,BTC-USDT-SWAP,sell,long,22.79,64322.6
2026-08-06T13:05:40.957+00:00,1786021540957,BTC-USDT-SWAP,sell,long,36.71,64325
2026-08-06T13:05:40.942+00:00,1786021540942,BTC-USDT-SWAP,sell,long,6.95,64325
2026-08-06T13:05:31.012+00:00,1786021531012,BTC-USDT-SWAP,sell,long,26.74,64331.6
2026-08-06T13:05:30.852+00:00,1786021530852,BTC-USDT-SWAP,sell,long,0.19,64331.6
2026-08-06T13:06:37.752+00:00,1786021597752,BTC-USDT-SWAP,sell,long,17,64241.4
2026-08-06T13:06:37.670+00:00,1786021597670,BTC-USDT-SWAP,sell,long,0.03,64241.4
2026-08-06T13:06:37.639+00:00,1786021597639,BTC-USDT-SWAP,sell,long,3.27,64241.4
2026-08-06T13:06:37.621+00:00,1786021597621,BTC-USDT-SWAP,sell,long,7.37,64241.4
2026-08-06T13:06:37.483+00:00,1786021597483,BTC-USDT-SWAP,sell,long,0.71,64244.8
2026-08-06T13:06:37.475+00:00,1786021597475,BTC-USDT-SWAP,sell,long,1.38,64244.8
2026-08-06T13:06:37.389+00:00,1786021597389,BTC-USDT-SWAP,sell,long,1.87,64244.8
2026-08-06T13:06:34.276+00:00,1786021594276,BTC-USDT-SWAP,sell,long,0.29,64247.4
2026-08-06T13:06:31.767+00:00,1786021591767,BTC-USDT-SWAP,sell,long,1.28,64251.9
2026-08-06T13:06:31.707+00:00,1786021591707,BTC-USDT-SWAP,sell,long,0.65,64251.9
2026-08-06T13:06:31.663+00:00,1786021591663,BTC-USDT-SWAP,sell,long,0.27,64251.9
2026-08-06T13:06:31.624+00:00,1786021591624,BTC-USDT-SWAP,sell,long,3.15,64251.9
2026-08-06T13:06:31.620+00:00,1786021591620,BTC-USDT-SWAP,sell,long,1.92,64251.9
2026-08-06T13:06:31.610+00:00,1786021591610,BTC-USDT-SWAP,sell,long,0.09,64251.9
2026-08-06T13:06:31.493+00:00,1786021591493,BTC-USDT-SWAP,sell,long,2.73,64251.9
2026-08-06T13:06:31.479+00:00,1786021591479,BTC-USDT-SWAP,sell,long,83.14,64258.1
2026-08-06T13:06:31.476+00:00,1786021591476,BTC-USDT-SWAP,sell,long,3.18,64258.1
2026-08-06T13:07:57.958+00:00,1786021677958,BTC-USDT-SWAP,sell,long,0.82,64183.5
2026-08-06T13:07:25.852+00:00,1786021645852,BTC-USDT-SWAP,sell,long,6.3,64185.9
2026-08-06T13:07:25.831+00:00,1786021645831,BTC-USDT-SWAP,sell,long,6.96,64185.9
2026-08-06T13:07:25.694+00:00,1786021645694,BTC-USDT-SWAP,sell,long,1.93,64188.2
2026-08-06T13:07:25.684+00:00,1786021645684,BTC-USDT-SWAP,sell,long,0.16,64188.2
2026-08-06T13:07:25.684+00:00,1786021645684,BTC-USDT-SWAP,sell,long,0.89,64188.2
2026-08-06T13:07:25.665+00:00,1786021645665,BTC-USDT-SWAP,sell,long,3.84,64188.2
2026-08-06T13:07:25.653+00:00,1786021645653,BTC-USDT-SWAP,sell,long,0.07,64188.2
2026-08-06T13:07:25.649+00:00,1786021645649,BTC-USDT-SWAP,sell,long,4.8,64188.2
2026-08-06T13:07:25.644+00:00,1786021645644,BTC-USDT-SWAP,sell,long,0.19,64188.2
2026-08-06T13:07:25.642+00:00,1786021645642,BTC-USDT-SWAP,sell,long,89.51,64188.2
2026-08-06T13:07:25.638+00:00,1786021645638,BTC-USDT-SWAP,sell,long,56.98,64188.2
2026-08-06T13:07:25.632+00:00,1786021645632,BTC-USDT-SWAP,sell,long,56.12,64188.2
2026-08-06T13:07:24.269+00:00,1786021644269,BTC-USDT-SWAP,sell,long,0.28,64209.7
2026-08-06T13:07:24.268+00:00,1786021644268,BTC-USDT-SWAP,sell,long,3.98,64209.7
2026-08-06T13:07:24.267+00:00,1786021644267,BTC-USDT-SWAP,sell,long,0.09,64209.7
2026-08-06T13:07:24.238+00:00,1786021644238,BTC-USDT-SWAP,sell,long,0.14,64209.7
2026-08-06T13:07:24.209+00:00,1786021644209,BTC-USDT-SWAP,sell,long,100,64209.7
2026-08-06T13:07:24.203+00:00,1786021644203,BTC-USDT-SWAP,sell,long,0.21,64209.7
2026-08-06T13:07:24.192+00:00,1786021644192,BTC-USDT-SWAP,sell,long,0.06,64209.7
2026-08-06T13:07:23.947+00:00,1786021643947,BTC-USDT-SWAP,sell,long,14.09,64217.7
2026-08-06T13:07:23.900+00:00,1786021643900,BTC-USDT-SWAP,sell,long,4.72,64217.7
2026-08-06T13:07:23.837+00:00,1786021643837,BTC-USDT-SWAP,sell,long,0.28,64217.7
2026-08-06T13:07:23.831+00:00,1786021643831,BTC-USDT-SWAP,sell,long,24.52,64217.7
2026-08-06T13:07:23.824+00:00,1786021643824,BTC-USDT-SWAP,sell,long,0.12,64217.7
2026-08-06T13:07:23.820+00:00,1786021643820,BTC-USDT-SWAP,sell,long,0.68,64217.7
2026-08-06T13:07:23.810+00:00,1786021643810,BTC-USDT-SWAP,sell,long,0.39,64217.7
2026-08-06T13:07:23.713+00:00,1786021643713,BTC-USDT-SWAP,sell,long,0.76,64217.7
2026-08-06T13:09:06.226+00:00,1786021746226,BTC-USDT-SWAP,sell,long,1.29,64171.4
2026-08-06T13:09:04.298+00:00,1786021744298,BTC-USDT-SWAP,sell,long,3.65,64172.2
2026-08-06T13:08:32.134+00:00,1786021712134,BTC-USDT-SWAP,sell,long,2.66,64175.7
2026-08-06T13:08:25.528+00:00,1786021705528,BTC-USDT-SWAP,sell,long,0.36,64177
2026-08-06T13:08:23.478+00:00,1786021703478,BTC-USDT-SWAP,sell,long,4.84,64179.7
2026-08-06T13:08:23.470+00:00,1786021703470,BTC-USDT-SWAP,sell,long,0.43,64179.7
2026-08-06T13:08:23.437+00:00,1786021703437,BTC-USDT-SWAP,sell,long,4.33,64179.7
2026-08-06T13:08:23.431+00:00,1786021703431,BTC-USDT-SWAP,sell,long,0.09,64179.7
2026-08-06T13:09:41.694+00:00,1786021781694,BTC-USDT-SWAP,buy,short,0.77,64180.8
2026-08-06T13:25:12.144+00:00,1786022712144,BTC-USDT-SWAP,sell,long,50.72,64159
2026-08-06T13:25:08.210+00:00,1786022708210,BTC-USDT-SWAP,sell,long,0.28,64161.6
2026-08-06T13:25:07.631+00:00,1786022707631,BTC-USDT-SWAP,sell,long,30,64162.1
2026-08-06T13:25:07.601+00:00,1786022707601,BTC-USDT-SWAP,sell,long,0.16,64162.1
2026-08-06T13:25:07.541+00:00,1786022707541,BTC-USDT-SWAP,sell,long,0.03,64163.5
2026-08-06T13:25:07.532+00:00,1786022707532,BTC-USDT-SWAP,sell,long,15.03,64162.1
2026-08-06T13:25:07.351+00:00,1786022707351,BTC-USDT-SWAP,sell,long,2.1,64163.5
2026-08-06T13:25:05.823+00:00,1786022705823,BTC-USDT-SWAP,sell,long,7.02,64164.6
2026-08-06T13:25:05.736+00:00,1786022705736,BTC-USDT-SWAP,sell,long,0.01,64165.8
2026-08-06T13:25:05.276+00:00,1786022705276,BTC-USDT-SWAP,sell,long,0.57,64166.3
2026-08-06T13:25:04.290+00:00,1786022704290,BTC-USDT-SWAP,sell,long,11.3,64167.8
2026-08-06T13:25:02.275+00:00,1786022702275,BTC-USDT-SWAP,sell,long,1.09,64168.4
2026-08-06T13:28:01.220+00:00,1786022881220,BTC-USDT-SWAP,buy,short,3,64213.4
2026-08-06T13:28:01.101+00:00,1786022881101,BTC-USDT-SWAP,buy,short,4.13,64213.4
2026-08-06T13:28:00.737+00:00,1786022880737,BTC-USDT-SWAP,buy,short,0.06,64213.6
2026-08-06T13:30:58.538+00:00,1786023058538,BTC-USDT-SWAP,buy,short,1.23,64150.6
2026-08-06T13:30:53.179+00:00,1786023053179,BTC-USDT-SWAP,sell,long,30.52,64143.5
2026-08-06T13:30:52.947+00:00,1786023052947,BTC-USDT-SWAP,sell,long,2.03,64143.5
2026-08-06T13:30:52.089+00:00,1786023052089,BTC-USDT-SWAP,sell,long,2.88,64147.1
2026-08-06T13:30:52.056+00:00,1786023052056,BTC-USDT-SWAP,sell,long,4.93,64147.1
2026-08-06T13:30:51.966+00:00,1786023051966,BTC-USDT-SWAP,sell,long,1.53,64147.1
2026-08-06T13:30:45.247+00:00,1786023045247,BTC-USDT-SWAP,sell,long,0.98,64150.3
2026-08-06T13:30:45.040+00:00,1786023045040,BTC-USDT-SWAP,sell,long,142.9,64151.3
2026-08-06T13:30:44.915+00:00,1786023044915,BTC-USDT-SWAP,sell,long,0.22,64151.9
2026-08-06T13:30:44.913+00:00,1786023044913,BTC-USDT-SWAP,sell,long,1.44,64151.9
2026-08-06T13:30:44.858+00:00,1786023044858,BTC-USDT-SWAP,sell,long,63.68,64151.9
2026-08-06T13:30:44.814+00:00,1786023044814,BTC-USDT-SWAP,sell,long,1.55,64151.9
2026-08-06T13:30:44.796+00:00,1786023044796,BTC-USDT-SWAP,sell,long,0.39,64151.9
2026-08-06T13:30:43.173+00:00,1786023043173,BTC-USDT-SWAP,sell,long,4.37,64156
2026-08-06T13:30:42.833+00:00,1786023042833,BTC-USDT-SWAP,sell,long,0.05,64157.7
2026-08-06T13:30:42.720+00:00,1786023042720,BTC-USDT-SWAP,sell,long,0.27,64157.7
2026-08-06T13:30:13.646+00:00,1786023013646,BTC-USDT-SWAP,buy,short,1.01,64211.3
2026-08-06T13:30:11.123+00:00,1786023011123,BTC-USDT-SWAP,sell,long,0.15,64203.3
2026-08-06T13:39:51.985+00:00,1786023591985,BTC-USDT-SWAP,buy,short,1.3,64312.5
2026-08-06T13:42:06.104+00:00,1786023726104,BTC-USDT-SWAP,sell,long,11.08,64389.2
2026-08-06T13:44:14.549+00:00,1786023854549,BTC-USDT-SWAP,buy,short,0.17,64409.3
2026-08-06T13:44:24.721+00:00,1786023864721,BTC-USDT-SWAP,buy,short,1.09,64413.4
2026-08-06T13:52:26.117+00:00,1786024346117,BTC-USDT-SWAP,buy,short,14.44,64454.6
2026-08-06T13:56:23.407+00:00,1786024583407,BTC-USDT-SWAP,buy,short,6.67,64509.9
2026-08-06T13:56:16.157+00:00,1786024576157,BTC-USDT-SWAP,buy,short,2.76,64496.2
2026-08-06T13:56:14.321+00:00,1786024574321,BTC-USDT-SWAP,buy,short,4.03,64476.8
2026-08-06T14:11:37.721+00:00,1786025497721,BTC-USDT-SWAP,buy,short,3.53,64526.9
2026-08-06T14:11:36.470+00:00,1786025496470,BTC-USDT-SWAP,buy,short,0.46,64525.9
2026-08-06T14:11:09.037+00:00,1786025469037,BTC-USDT-SWAP,buy,short,0.06,64508.8
2026-08-06T14:22:52.887+00:00,1786026172887,BTC-USDT-SWAP,buy,short,0.03,64543.4
2026-08-06T14:22:52.815+00:00,1786026172815,BTC-USDT-SWAP,buy,short,0.01,64543.4
2026-08-06T14:22:42.688+00:00,1786026162688,BTC-USDT-SWAP,buy,short,0.03,64529.7
2026-08-06T14:22:55.708+00:00,1786026175708,BTC-USDT-SWAP,buy,short,18.3,64553.7
2026-08-06T14:22:55.675+00:00,1786026175675,BTC-USDT-SWAP,buy,short,4.88,64555.4
2026-08-06T14:22:54.695+00:00,1786026174695,BTC-USDT-SWAP,buy,short,0.02,64548.3
2026-08-06T14:36:07.827+00:00,1786026967827,BTC-USDT-SWAP,buy,short,0.57,64602.2
2026-08-06T14:36:06.410+00:00,1786026966410,BTC-USDT-SWAP,buy,short,0.01,64601.6
2026-08-06T14:36:06.337+00:00,1786026966337,BTC-USDT-SWAP,buy,short,1.12,64601.6
2026-08-06T14:36:06.219+00:00,1786026966219,BTC-USDT-SWAP,buy,short,5.52,64601.6
2026-08-06T14:36:04.984+00:00,1786026964984,BTC-USDT-SWAP,buy,short,0.02,64575.8
2026-08-06T14:35:09.517+00:00,1786026909517,BTC-USDT-SWAP,buy,short,1.08,64572.6
2026-08-06T14:35:09.344+00:00,1786026909344,BTC-USDT-SWAP,buy,short,0.93,64569.8
2026-08-06T14:35:09.287+00:00,1786026909287,BTC-USDT-SWAP,buy,short,1,64569.8
2026-08-06T14:36:11.781+00:00,1786026971781,BTC-USDT-SWAP,buy,short,0.29,64625.1
2026-08-06T14:36:10.553+00:00,1786026970553,BTC-USDT-SWAP,buy,short,13.2,64614.2
2026-08-06T14:36:10.473+00:00,1786026970473,BTC-USDT-SWAP,buy,short,0.41,64614.2
2026-08-06T14:36:09.710+00:00,1786026969710,BTC-USDT-SWAP,buy,short,0.51,64605.1
2026-08-06T14:43:06.370+00:00,1786027386370,BTC-USDT-SWAP,buy,short,3.04,64799
2026-08-06T14:43:06.198+00:00,1786027386198,BTC-USDT-SWAP,buy,short,5.61,64799
2026-08-06T14:43:06.189+00:00,1786027386189,BTC-USDT-SWAP,buy,short,1.11,64799
2026-08-06T14:43:03.365+00:00,1786027383365,BTC-USDT-SWAP,buy,short,0.02,64796.6
2026-08-06T14:43:02.633+00:00,1786027382633,BTC-USDT-SWAP,buy,short,0.35,64792.1
2026-08-06T14:43:02.606+00:00,1786027382606,BTC-USDT-SWAP,buy,short,5.71,64792.1
2026-08-06T14:43:02.560+00:00,1786027382560,BTC-USDT-SWAP,buy,short,7.28,64792.1
2026-08-06T14:43:02.497+00:00,1786027382497,BTC-USDT-SWAP,buy,short,0.35,64792.1
2026-08-06T14:43:02.473+00:00,1786027382473,BTC-USDT-SWAP,buy,short,64.07,64787.4
2026-08-06T14:43:02.433+00:00,1786027382433,BTC-USDT-SWAP,buy,short,0.32,64787.4
2026-08-06T14:43:02.416+00:00,1786027382416,BTC-USDT-SWAP,buy,short,0.14,64787.4
2026-08-06T14:43:02.401+00:00,1786027382401,BTC-USDT-SWAP,buy,short,2.8,64787.4
2026-08-06T14:43:02.391+00:00,1786027382391,BTC-USDT-SWAP,buy,short,8.35,64787.4
2026-08-06T14:42:59.630+00:00,1786027379630,BTC-USDT-SWAP,buy,short,0.13,64772.8
2026-08-06T14:42:57.229+00:00,1786027377229,BTC-USDT-SWAP,buy,short,1.32,64770.1
2026-08-06T14:42:52.682+00:00,1786027372682,BTC-USDT-SWAP,buy,short,0.26,64763.7
2026-08-06T14:42:52.679+00:00,1786027372679,BTC-USDT-SWAP,buy,short,592.7,64763.7
2026-08-06T14:42:52.640+00:00,1786027372640,BTC-USDT-SWAP,buy,short,0.21,64769.5
2026-08-06T14:42:52.602+00:00,1786027372602,BTC-USDT-SWAP,buy,short,6.85,64769.5
2026-08-06T14:42:52.588+00:00,1786027372588,BTC-USDT-SWAP,buy,short,0.26,64769.5
2026-08-06T14:42:52.573+00:00,1786027372573,BTC-USDT-SWAP,buy,short,22.08,64769.5
2026-08-06T14:42:52.532+00:00,1786027372532,BTC-USDT-SWAP,buy,short,0.94,64769.5
2026-08-06T14:42:52.526+00:00,1786027372526,BTC-USDT-SWAP,buy,short,0.25,64769.5
2026-08-06T14:42:52.520+00:00,1786027372520,BTC-USDT-SWAP,buy,short,2.53,64769.5
2026-08-06T14:42:52.477+00:00,1786027372477,BTC-USDT-SWAP,buy,short,0.08,64769.5
2026-08-06T14:42:52.459+00:00,1786027372459,BTC-USDT-SWAP,buy,short,12.75,64758.1
2026-08-06T14:42:52.453+00:00,1786027372453,BTC-USDT-SWAP,buy,short,0.12,64769.5
2026-08-06T14:42:52.442+00:00,1786027372442,BTC-USDT-SWAP,buy,short,19.09,64758.1
2026-08-06T14:42:52.441+00:00,1786027372441,BTC-USDT-SWAP,buy,short,17.04,64758.1
2026-08-06T14:42:52.435+00:00,1786027372435,BTC-USDT-SWAP,buy,short,1.06,64758.1
2026-08-06T14:42:52.391+00:00,1786027372391,BTC-USDT-SWAP,buy,short,300,64758.1
2026-08-06T14:42:52.379+00:00,1786027372379,BTC-USDT-SWAP,buy,short,1.47,64758.1
2026-08-06T14:42:52.361+00:00,1786027372361,BTC-USDT-SWAP,buy,short,5.7,64758.1
2026-08-06T14:42:52.356+00:00,1786027372356,BTC-USDT-SWAP,buy,short,0.01,64758.1
2026-08-06T14:42:52.290+00:00,1786027372290,BTC-USDT-SWAP,buy,short,4.34,64758.1
2026-08-06T14:42:52.053+00:00,1786027372053,BTC-USDT-SWAP,buy,short,0.1,64724.8
2026-08-06T14:42:51.186+00:00,1786027371186,BTC-USDT-SWAP,buy,short,12.04,64703.8
2026-08-06T14:42:50.985+00:00,1786027370985,BTC-USDT-SWAP,buy,short,1.6,64701.4
2026-08-06T14:42:49.365+00:00,1786027369365,BTC-USDT-SWAP,buy,short,1.27,64695.7
2026-08-06T14:42:48.931+00:00,1786027368931,BTC-USDT-SWAP,buy,short,3.83,64693.4
2026-08-06T14:42:45.619+00:00,1786027365619,BTC-USDT-SWAP,buy,short,4.59,64690.1
2026-08-06T14:42:45.618+00:00,1786027365618,BTC-USDT-SWAP,buy,short,206.35,64690.1
2026-08-06T14:42:45.504+00:00,1786027365504,BTC-USDT-SWAP,buy,short,1.06,64690.1
2026-08-06T14:42:45.501+00:00,1786027365501,BTC-USDT-SWAP,buy,short,0.53,64690.1
2026-08-06T14:42:45.468+00:00,1786027365468,BTC-USDT-SWAP,buy,short,0.73,64690.1
2026-08-06T14:42:45.405+00:00,1786027365405,BTC-USDT-SWAP,buy,short,0.12,64676.3
2026-08-06T14:42:45.391+00:00,1786027365391,BTC-USDT-SWAP,buy,short,0.99,64676.3
2026-08-06T14:42:45.376+00:00,1786027365376,BTC-USDT-SWAP,buy,short,0.04,64676.3
2026-08-06T14:42:45.276+00:00,1786027365276,BTC-USDT-SWAP,buy,short,0.65,64676.3
2026-08-06T14:42:45.271+00:00,1786027365271,BTC-USDT-SWAP,buy,short,4.67,64676.3
2026-08-06T14:45:11.167+00:00,1786027511167,BTC-USDT-SWAP,buy,short,0.31,64817.7
2026-08-06T14:45:11.132+00:00,1786027511132,BTC-USDT-SWAP,buy,short,7.1,64817.7
2026-08-06T14:45:10.800+00:00,1786027510800,BTC-USDT-SWAP,buy,short,1.43,64814.5
2026-08-06T14:45:10.701+00:00,1786027510701,BTC-USDT-SWAP,buy,short,0.08,64814.5
2026-08-06T14:45:10.683+00:00,1786027510683,BTC-USDT-SWAP,buy,short,0.08,64814.5
2026-08-06T14:45:10.523+00:00,1786027510523,BTC-USDT-SWAP,buy,short,5.01,64809.6
2026-08-06T15:00:26.414+00:00,1786028426414,BTC-USDT-SWAP,buy,short,12.86,64750.8
2026-08-06T15:00:26.413+00:00,1786028426413,BTC-USDT-SWAP,buy,short,1.54,64750.8
2026-08-06T15:06:41.814+00:00,1786028801814,BTC-USDT-SWAP,buy,short,4,64807.9
2026-08-06T15:06:35.168+00:00,1786028795168,BTC-USDT-SWAP,buy,short,2.12,64794.2
2026-08-06T15:07:44.380+00:00,1786028864380,BTC-USDT-SWAP,buy,short,115.97,64899.4
2026-08-06T15:07:44.118+00:00,1786028864118,BTC-USDT-SWAP,buy,short,5.95,64899.1
2026-08-06T15:07:44.060+00:00,1786028864060,BTC-USDT-SWAP,buy,short,0.05,64899.1
2026-08-06T15:07:43.992+00:00,1786028863992,BTC-USDT-SWAP,buy,short,36.6,64898.5
2026-08-06T15:07:23.304+00:00,1786028843304,BTC-USDT-SWAP,buy,short,0.78,64893.5
2026-08-06T15:07:23.216+00:00,1786028843216,BTC-USDT-SWAP,buy,short,0.23,64893.5
2026-08-06T15:07:23.189+00:00,1786028843189,BTC-USDT-SWAP,buy,short,1.15,64893.5
2026-08-06T15:07:22.869+00:00,1786028842869,BTC-USDT-SWAP,buy,short,27.58,64889.1
2026-08-06T15:07:22.619+00:00,1786028842619,BTC-USDT-SWAP,buy,short,50,64885.3
2026-08-06T15:07:22.216+00:00,1786028842216,BTC-USDT-SWAP,buy,short,348.88,64883
2026-08-06T15:07:22.030+00:00,1786028842030,BTC-USDT-SWAP,buy,short,0.94,64880.8
2026-08-06T15:07:21.983+00:00,1786028841983,BTC-USDT-SWAP,buy,short,15.49,64880.8
2026-08-06T15:07:20.287+00:00,1786028840287,BTC-USDT-SWAP,buy,short,0.55,64873.4
2026-08-06T15:07:16.040+00:00,1786028836040,BTC-USDT-SWAP,buy,short,1.55,64866.5
2026-08-06T15:07:15.953+00:00,1786028835953,BTC-USDT-SWAP,buy,short,0.91,64866.5
2026-08-06T15:07:15.910+00:00,1786028835910,BTC-USDT-SWAP,buy,short,1.47,64866.5
2026-08-06T15:07:15.849+00:00,1786028835849,BTC-USDT-SWAP,buy,short,1.16,64861.6
2026-08-06T15:07:15.086+00:00,1786028835086,BTC-USDT-SWAP,buy,short,4.67,64856.3
2026-08-06T15:07:14.927+00:00,1786028834927,BTC-USDT-SWAP,buy,short,0.83,64853.5
2026-08-06T15:07:14.849+00:00,1786028834849,BTC-USDT-SWAP,buy,short,1.71,64851.3
2026-08-06T15:06:58.752+00:00,1786028818752,BTC-USDT-SWAP,buy,short,0.67,64847.4
2026-08-06T15:06:51.711+00:00,1786028811711,BTC-USDT-SWAP,buy,short,1.3,64844.1
2026-08-06T15:06:51.677+00:00,1786028811677,BTC-USDT-SWAP,buy,short,25.24,64844.1
2026-08-06T15:06:51.649+00:00,1786028811649,BTC-USDT-SWAP,buy,short,0.35,64844.1
2026-08-06T15:06:51.649+00:00,1786028811649,BTC-USDT-SWAP,buy,short,8.73,64844.1
2026-08-06T15:06:51.529+00:00,1786028811529,BTC-USDT-SWAP,buy,short,0.36,64840.9
2026-08-06T15:06:47.366+00:00,1786028807366,BTC-USDT-SWAP,buy,short,0.63,64827.2
2026-08-06T15:06:47.361+00:00,1786028807361,BTC-USDT-SWAP,buy,short,0.09,64827.2
2026-08-06T15:06:46.865+00:00,1786028806865,BTC-USDT-SWAP,buy,short,0.14,64820.4
2026-08-06T15:08:13.696+00:00,1786028893696,BTC-USDT-SWAP,buy,short,0.39,64874.2
2026-08-06T15:07:49.236+00:00,1786028869236,BTC-USDT-SWAP,buy,short,0.32,64905.3
2026-08-06T15:07:49.146+00:00,1786028869146,BTC-USDT-SWAP,buy,short,1.69,64905.3
2026-08-06T15:07:48.882+00:00,1786028868882,BTC-USDT-SWAP,buy,short,0.1,64904.1
2026-08-06T15:07:48.763+00:00,1786028868763,BTC-USDT-SWAP,buy,short,0.33,64904.1
2026-08-06T15:07:48.696+00:00,1786028868696,BTC-USDT-SWAP,buy,short,2.44,64904.1
2026-08-06T15:07:45.181+00:00,1786028865181,BTC-USDT-SWAP,buy,short,0.15,64899.9
2026-08-06T15:10:19.639+00:00,1786029019639,BTC-USDT-SWAP,buy,short,0.88,64955.9
2026-08-06T15:10:18.955+00:00,1786029018955,BTC-USDT-SWAP,buy,short,5.1,64953
2026-08-06T15:10:18.852+00:00,1786029018852,BTC-USDT-SWAP,buy,short,0.07,64952
2026-08-06T15:10:18.371+00:00,1786029018371,BTC-USDT-SWAP,buy,short,0.01,64951.1
2026-08-06T15:10:15.269+00:00,1786029015269,BTC-USDT-SWAP,buy,short,9.4,64946.1
2026-08-06T15:10:14.859+00:00,1786029014859,BTC-USDT-SWAP,buy,short,1.55,64944.3
2026-08-06T15:10:14.841+00:00,1786029014841,BTC-USDT-SWAP,buy,short,4.04,64944.3
2026-08-06T15:10:14.540+00:00,1786029014540,BTC-USDT-SWAP,buy,short,199.85,64937.8
2026-08-06T15:10:12.735+00:00,1786029012735,BTC-USDT-SWAP,buy,short,5,64934.8
2026-08-06T15:10:12.527+00:00,1786029012527,BTC-USDT-SWAP,buy,short,179.91,64932.5
2026-08-06T15:10:11.886+00:00,1786029011886,BTC-USDT-SWAP,buy,short,0.81,64925.3
2026-08-06T15:10:11.504+00:00,1786029011504,BTC-USDT-SWAP,buy,short,1.97,64923.6
2026-08-06T15:10:04.627+00:00,1786029004627,BTC-USDT-SWAP,buy,short,0.11,64910.4
2026-08-05T15:10:51.189+00:00,1785942651189,BTC-USDT-SWAP,buy,short,1.35,64704.9
2026-08-05T15:10:51.187+00:00,1785942651187,BTC-USDT-SWAP,buy,short,2.53,64704.9
2026-08-05T15:10:51.185+00:00,1785942651185,BTC-USDT-SWAP,buy,short,10.55,64704.9
2026-08-05T15:10:51.179+00:00,1785942651179,BTC-USDT-SWAP,buy,short,2.53,64704.9
2026-08-05T15:10:51.158+00:00,1785942651158,BTC-USDT-SWAP,buy,short,0.16,64704.9
2026-08-05T15:10:51.153+00:00,1785942651153,BTC-USDT-SWAP,buy,short,0.16,64704.9
2026-08-05T15:10:51.151+00:00,1785942651151,BTC-USDT-SWAP,buy,short,21.46,64704.9
2026-08-05T15:10:51.121+00:00,1785942651121,BTC-USDT-SWAP,buy,short,1.65,64704.9
2026-08-05T15:10:51.113+00:00,1785942651113,BTC-USDT-SWAP,buy,short,2.54,64704.9
2026-08-05T15:10:51.112+00:00,1785942651112,BTC-USDT-SWAP,buy,short,0.01,64704.9
2026-08-06T15:31:10.945+00:00,1786030270945,BTC-USDT-SWAP,buy,short,0.56,64811.3
2026-08-05T16:21:45.978+00:00,1785946905978,BTC-USDT-SWAP,buy,short,2.59,64638.5
2026-08-06T15:44:52.012+00:00,1786031092012,BTC-USDT-SWAP,sell,long,6.23,64717.9
2026-08-06T15:46:46.488+00:00,1786031206488,BTC-USDT-SWAP,buy,short,7.87,64800.1
2026-08-06T15:55:24.587+00:00,1786031724587,BTC-USDT-SWAP,sell,long,0.04,64641.1
2026-08-06T16:00:26.503+00:00,1786032026503,BTC-USDT-SWAP,sell,long,8.46,64571.1
2026-08-06T16:00:26.492+00:00,1786032026492,BTC-USDT-SWAP,sell,long,2.73,64571.1
2026-08-06T16:17:53.214+00:00,1786033073214,BTC-USDT-SWAP,buy,short,0.07,64617.5
2026-08-06T16:21:08.103+00:00,1786033268103,BTC-USDT-SWAP,buy,short,7.91,64600.4
2026-08-06T16:22:21.528+00:00,1786033341528,BTC-USDT-SWAP,sell,long,0.46,64596.7
2026-08-06T16:31:20.726+00:00,1786033880726,BTC-USDT-SWAP,buy,short,34.37,64633.6
2026-08-06T16:40:02.434+00:00,1786034402434,BTC-USDT-SWAP,buy,short,0.74,64668.7
2026-08-06T17:41:24.691+00:00,1786038084691,BTC-USDT-SWAP,sell,long,12.41,64515.5
2026-08-06T17:41:13.439+00:00,1786038073439,BTC-USDT-SWAP,sell,long,38.69,64518.4
2026-08-06T17:40:46.868+00:00,1786038046868,BTC-USDT-SWAP,sell,long,0.07,64524.2
2026-08-06T17:40:45.006+00:00,1786038045006,BTC-USDT-SWAP,sell,long,3.88,64531.2
2026-08-06T17:40:43.758+00:00,1786038043758,BTC-USDT-SWAP,sell,long,164.79,64536.4
2026-08-06T17:40:42.425+00:00,1786038042425,BTC-USDT-SWAP,sell,long,0.15,64541.3
2026-08-06T17:41:43.793+00:00,1786038103793,BTC-USDT-SWAP,sell,long,0.5,64512.5
2026-08-06T18:03:49.383+00:00,1786039429383,BTC-USDT-SWAP,sell,long,3.82,64470.2
2026-08-06T18:03:49.283+00:00,1786039429283,BTC-USDT-SWAP,sell,long,0.14,64470.2
2026-08-06T18:03:48.767+00:00,1786039428767,BTC-USDT-SWAP,sell,long,0.42,64477.9
2026-08-06T18:03:42.794+00:00,1786039422794,BTC-USDT-SWAP,sell,long,0.96,64483.8
2026-08-06T18:07:05.123+00:00,1786039625123,BTC-USDT-SWAP,sell,long,0.8,64445.5
2026-08-06T18:07:04.984+00:00,1786039624984,BTC-USDT-SWAP,sell,long,13.18,64445.5
2026-08-06T18:07:04.904+00:00,1786039624904,BTC-USDT-SWAP,sell,long,0.22,64446.4
2026-08-06T18:07:04.886+00:00,1786039624886,BTC-USDT-SWAP,sell,long,0.46,64446.4
2026-08-06T18:07:04.866+00:00,1786039624866,BTC-USDT-SWAP,sell,long,0.72,64446.4
2026-08-06T18:07:04.440+00:00,1786039624440,BTC-USDT-SWAP,sell,long,0.4,64452
2026-08-06T18:06:53.818+00:00,1786039613818,BTC-USDT-SWAP,sell,long,0.48,64467.4
2026-08-06T18:31:04.717+00:00,1786041064717,BTC-USDT-SWAP,sell,long,8.98,64466.2
2026-08-05T18:48:45.989+00:00,1785955725989,BTC-USDT-SWAP,buy,short,0.06,64801.1
2026-08-05T18:48:45.979+00:00,1785955725979,BTC-USDT-SWAP,buy,short,107.1,64801.1
2026-08-05T18:48:45.977+00:00,1785955725977,BTC-USDT-SWAP,buy,short,0.21,64801.1
2026-08-05T18:48:45.857+00:00,1785955725857,BTC-USDT-SWAP,buy,short,4.57,64801.1
2026-08-05T18:48:45.755+00:00,1785955725755,BTC-USDT-SWAP,buy,short,2.24,64792.2
2026-08-05T18:48:45.731+00:00,1785955725731,BTC-USDT-SWAP,buy,short,3,64792.2
2026-08-06T18:33:04.244+00:00,1786041184244,BTC-USDT-SWAP,sell,long,0.56,64433.3
2026-08-06T18:33:36.581+00:00,1786041216581,BTC-USDT-SWAP,sell,long,6.09,64426.2
2026-08-06T18:33:36.519+00:00,1786041216519,BTC-USDT-SWAP,sell,long,0.05,64426.2
2026-08-06T18:34:42.496+00:00,1786041282496,BTC-USDT-SWAP,sell,long,0.14,64411.7
2026-08-06T18:34:42.242+00:00,1786041282242,BTC-USDT-SWAP,sell,long,0.21,64412.6
2026-08-06T18:34:26.172+00:00,1786041266172,BTC-USDT-SWAP,sell,long,0.54,64416.6
2026-08-06T18:34:24.612+00:00,1786041264612,BTC-USDT-SWAP,sell,long,1.39,64417.7
2026-08-06T18:34:24.580+00:00,1786041264580,BTC-USDT-SWAP,sell,long,0.19,64417.7
2026-08-06T18:34:16.167+00:00,1786041256167,BTC-USDT-SWAP,sell,long,0.01,64422.7
2026-08-06T18:34:11.164+00:00,1786041251164,BTC-USDT-SWAP,sell,long,0.04,64425.5
2026-08-06T18:40:01.744+00:00,1786041601744,BTC-USDT-SWAP,sell,long,0.03,64405
2026-08-06T18:40:01.721+00:00,1786041601721,BTC-USDT-SWAP,sell,long,0.07,64405
2026-08-06T18:40:36.364+00:00,1786041636364,BTC-USDT-SWAP,sell,long,0.4,64399.5
2026-08-06T18:40:32.482+00:00,1786041632482,BTC-USDT-SWAP,sell,long,1.45,64402.1
2026-08-06T18:44:15.989+00:00,1786041855989,BTC-USDT-SWAP,sell,long,8.36,64384.6
2026-08-06T18:44:15.876+00:00,1786041855876,BTC-USDT-SWAP,sell,long,0.52,64384.6
2026-08-06T18:44:09.125+00:00,1786041849125,BTC-USDT-SWAP,sell,long,0.12,64390.8
2026-08-06T18:44:06.641+00:00,1786041846641,BTC-USDT-SWAP,sell,long,0.03,64394.9
2026-08-06T18:49:25.820+00:00,1786042165820,BTC-USDT-SWAP,sell,long,1.18,64376.8
2026-08-06T18:50:39.852+00:00,1786042239852,BTC-USDT-SWAP,sell,long,0.03,64371.8
2026-08-06T18:50:39.521+00:00,1786042239521,BTC-USDT-SWAP,sell,long,0.6,64373.3
2026-08-06T18:50:39.517+00:00,1786042239517,BTC-USDT-SWAP,sell,long,67.14,64373.3
2026-08-06T18:50:39.448+00:00,1786042239448,BTC-USDT-SWAP,sell,long,3.64,64373.3
2026-08-06T18:50:37.824+00:00,1786042237824,BTC-USDT-SWAP,sell,long,9.98,64375.8
2026-08-06T18:52:06.100+00:00,1786042326100,BTC-USDT-SWAP,sell,long,24.69,64370.7
2026-08-06T18:53:31.883+00:00,1786042411883,BTC-USDT-SWAP,sell,long,0.73,64360
2026-08-06T18:53:31.034+00:00,1786042411034,BTC-USDT-SWAP,sell,long,0.01,64361.2
2026-08-06T18:52:49.527+00:00,1786042369527,BTC-USDT-SWAP,sell,long,0.67,64366.4
2026-08-06T18:53:41.165+00:00,1786042421165,BTC-USDT-SWAP,sell,long,1.24,64361.8
2026-08-06T18:53:34.274+00:00,1786042414274,BTC-USDT-SWAP,sell,long,5.87,64357.9
2026-08-06T18:55:12.966+00:00,1786042512966,BTC-USDT-SWAP,sell,long,0.07,64347.3
2026-08-06T18:55:12.900+00:00,1786042512900,BTC-USDT-SWAP,sell,long,1.49,64347.3
2026-08-06T18:55:12.391+00:00,1786042512391,BTC-USDT-SWAP,sell,long,0.01,64349.1
2026-08-06T18:55:12.231+00:00,1786042512231,BTC-USDT-SWAP,sell,long,1.53,64349.1
2026-08-06T18:55:11.521+00:00,1786042511521,BTC-USDT-SWAP,sell,long,9.6,64352.2
2026-08-06T18:55:11.079+00:00,1786042511079,BTC-USDT-SWAP,sell,long,0.05,64353.6
2026-08-06T18:55:11.040+00:00,1786042511040,BTC-USDT-SWAP,sell,long,0.03,64353.6
2026-08-06T19:33:52.977+00:00,1786044832977,BTC-USDT-SWAP,sell,long,4.34,64328.8
2026-08-06T19:33:52.746+00:00,1786044832746,BTC-USDT-SWAP,sell,long,2.39,64329.8
2026-08-06T19:33:52.665+00:00,1786044832665,BTC-USDT-SWAP,sell,long,5.96,64329.6
2026-08-06T19:33:52.094+00:00,1786044832094,BTC-USDT-SWAP,sell,long,1.06,64333.2
2026-08-06T19:33:52.076+00:00,1786044832076,BTC-USDT-SWAP,sell,long,2.27,64333.2
2026-08-06T19:33:52.052+00:00,1786044832052,BTC-USDT-SWAP,sell,long,3.51,64333.2
2026-08-06T19:33:51.593+00:00,1786044831593,BTC-USDT-SWAP,sell,long,0.09,64339.4
2026-08-06T19:33:51.462+00:00,1786044831462,BTC-USDT-SWAP,sell,long,0.18,64340.4
2026-08-06T19:33:51.385+00:00,1786044831385,BTC-USDT-SWAP,sell,long,16.58,64340.4
2026-08-06T19:33:51.207+00:00,1786044831207,BTC-USDT-SWAP,sell,long,1.07,64343
2026-08-06T19:33:51.207+00:00,1786044831207,BTC-USDT-SWAP,sell,long,0.29,64343
2026-08-06T19:33:51.137+00:00,1786044831137,BTC-USDT-SWAP,sell,long,0.04,64343
2026-08-06T22:23:37.792+00:00,1786055017792,BTC-USDT-SWAP,sell,long,0.17,64292.6
2026-08-06T22:23:37.634+00:00,1786055017634,BTC-USDT-SWAP,sell,long,0.07,64292.6
2026-08-06T22:23:36.133+00:00,1786055016133,BTC-USDT-SWAP,sell,long,80,64297.4
2026-08-06T22:23:36.125+00:00,1786055016125,BTC-USDT-SWAP,sell,long,0.01,64297.4
2026-08-06T22:23:29.518+00:00,1786055009518,BTC-USDT-SWAP,sell,long,0.07,64303.5
2026-08-06T22:23:11.478+00:00,1786054991478,BTC-USDT-SWAP,sell,long,0.43,64307.6
2026-08-06T22:23:03.318+00:00,1786054983318,BTC-USDT-SWAP,sell,long,0.03,64310.7
2026-08-06T22:23:03.189+00:00,1786054983189,BTC-USDT-SWAP,sell,long,1.17,64313.2
2026-08-06T22:23:03.130+00:00,1786054983130,BTC-USDT-SWAP,sell,long,0.06,64313.2
2026-08-06T22:23:02.179+00:00,1786054982179,BTC-USDT-SWAP,sell,long,0.67,64317.3
2026-08-06T22:49:34.853+00:00,1786056574853,BTC-USDT-SWAP,buy,short,14,64326.9
2026-08-06T23:18:16.282+00:00,1786058296282,BTC-USDT-SWAP,sell,long,1.08,64278.3
2026-08-06T23:18:15.867+00:00,1786058295867,BTC-USDT-SWAP,sell,long,0.06,64279.7
2026-08-06T23:18:15.438+00:00,1786058295438,BTC-USDT-SWAP,sell,long,0.82,64281.2
2026-08-06T23:18:13.932+00:00,1786058293932,BTC-USDT-SWAP,sell,long,87.65,64284.8
2026-08-06T23:18:10.415+00:00,1786058290415,BTC-USDT-SWAP,sell,long,0.19,64287.4
2026-08-06T23:18:09.999+00:00,1786058289999,BTC-USDT-SWAP,sell,long,80,64288.4
2026-08-06T23:18:09.880+00:00,1786058289880,BTC-USDT-SWAP,sell,long,5.49,64288.4
2026-08-06T23:18:09.034+00:00,1786058289034,BTC-USDT-SWAP,sell,long,0.07,64288.6
2026-08-06T23:19:14.840+00:00,1786058354840,BTC-USDT-SWAP,sell,long,0.25,64239.6
2026-08-06T23:19:14.805+00:00,1786058354805,BTC-USDT-SWAP,sell,long,0.18,64243.6
2026-08-06T23:19:14.788+00:00,1786058354788,BTC-USDT-SWAP,sell,long,0.39,64243.6
2026-08-06T23:19:14.748+00:00,1786058354748,BTC-USDT-SWAP,sell,long,8.86,64243.6
2026-08-06T23:19:14.724+00:00,1786058354724,BTC-USDT-SWAP,sell,long,0.01,64243.6
2026-08-06T23:19:14.718+00:00,1786058354718,BTC-USDT-SWAP,sell,long,3.07,64243.6
2026-08-06T23:19:10.428+00:00,1786058350428,BTC-USDT-SWAP,sell,long,0.61,64254
2026-08-06T23:19:10.190+00:00,1786058350190,BTC-USDT-SWAP,sell,long,1.97,64253.9
2026-08-06T23:19:09.278+00:00,1786058349278,BTC-USDT-SWAP,sell,long,0.11,64256.4
2026-08-06T23:19:03.461+00:00,1786058343461,BTC-USDT-SWAP,sell,long,0.66,64259.6
2026-08-06T23:19:03.449+00:00,1786058343449,BTC-USDT-SWAP,sell,long,0.18,64259.6
2026-08-06T23:19:02.154+00:00,1786058342154,BTC-USDT-SWAP,sell,long,22.58,64259.9
2026-08-06T23:19:01.571+00:00,1786058341571,BTC-USDT-SWAP,sell,long,0.16,64262.2
2026-08-06T23:19:01.455+00:00,1786058341455,BTC-USDT-SWAP,sell,long,1.3,64262.2
2026-08-06T23:19:01.339+00:00,1786058341339,BTC-USDT-SWAP,sell,long,0.62,64264.8
2026-08-06T23:19:00.002+00:00,1786058340002,BTC-USDT-SWAP,sell,long,0.09,64267.9
2026-08-06T23:18:59.905+00:00,1786058339905,BTC-USDT-SWAP,sell,long,6.96,64267.9
2026-08-06T23:18:59.905+00:00,1786058339905,BTC-USDT-SWAP,sell,long,56.59,64267.9
2026-08-06T23:18:59.842+00:00,1786058339842,BTC-USDT-SWAP,sell,long,0.04,64267.9
2026-08-06T23:22:27.391+00:00,1786058547391,BTC-USDT-SWAP,sell,long,0.01,64219.3
2026-08-06T23:22:15.216+00:00,1786058535216,BTC-USDT-SWAP,sell,long,3.03,64222.7
2026-08-06T23:21:31.493+00:00,1786058491493,BTC-USDT-SWAP,sell,long,3.18,64235.3
2026-08-06T23:21:30.413+00:00,1786058490413,BTC-USDT-SWAP,sell,long,8.98,64237
2026-08-06T23:22:55.370+00:00,1786058575370,BTC-USDT-SWAP,sell,long,0.01,64213.3
2026-08-06T23:23:57.353+00:00,1786058637353,BTC-USDT-SWAP,sell,long,280.12,64209.1
2026-08-06T23:28:10.777+00:00,1786058890777,BTC-USDT-SWAP,sell,long,0.51,64189.7
2026-08-06T23:28:09.056+00:00,1786058889056,BTC-USDT-SWAP,sell,long,5.67,64190.2
2026-08-06T23:28:08.996+00:00,1786058888996,BTC-USDT-SWAP,sell,long,0.01,64190.2
2026-08-06T23:28:08.775+00:00,1786058888775,BTC-USDT-SWAP,sell,long,0.1,64194.2
2026-08-06T23:38:04.819+00:00,1786059484819,BTC-USDT-SWAP,sell,long,0.66,64177.9
2026-08-06T23:38:04.762+00:00,1786059484762,BTC-USDT-SWAP,sell,long,1.74,64177.9
2026-08-06T23:38:04.431+00:00,1786059484431,BTC-USDT-SWAP,sell,long,0.1,64183.4
2026-08-06T23:46:52.707+00:00,1786060012707,BTC-USDT-SWAP,sell,long,0.69,64169.9
2026-08-07T01:04:56.398+00:00,1786064696398,BTC-USDT-SWAP,buy,short,0.16,64386
2026-08-07T01:44:21.234+00:00,1786067061234,BTC-USDT-SWAP,buy,short,0.2,64358
2026-08-07T02:15:30.694+00:00,1786068930694,BTC-USDT-SWAP,buy,short,3.39,64478.7
2026-08-07T02:23:04.017+00:00,1786069384017,BTC-USDT-SWAP,sell,long,0.15,64302
2026-08-07T03:22:40.103+00:00,1786072960103,BTC-USDT-SWAP,buy,short,1.53,64266.5
2026-08-07T03:59:58.939+00:00,1786075198939,BTC-USDT-SWAP,sell,long,1.53,64264.1
2026-08-07T04:01:16.935+00:00,1786075276935,BTC-USDT-SWAP,sell,long,0.46,64239.6
2026-08-07T04:52:43.115+00:00,1786078363115,BTC-USDT-SWAP,sell,long,0.01,64147.4
2026-08-07T04:52:43.013+00:00,1786078363013,BTC-USDT-SWAP,sell,long,1.05,64147.4
2026-08-07T04:52:42.901+00:00,1786078362901,BTC-USDT-SWAP,sell,long,2.21,64147.4
2026-08-07T04:52:41.760+00:00,1786078361760,BTC-USDT-SWAP,sell,long,6.08,64162.1
2026-08-07T04:52:41.488+00:00,1786078361488,BTC-USDT-SWAP,sell,long,1.11,64162.7
2026-08-07T04:53:01.407+00:00,1786078381407,BTC-USDT-SWAP,sell,long,2.04,64134.4
2026-08-07T04:53:01.308+00:00,1786078381308,BTC-USDT-SWAP,sell,long,0.11,64134.4
2026-08-07T04:52:51.701+00:00,1786078371701,BTC-USDT-SWAP,sell,long,0.01,64143.4
2026-08-07T04:52:51.686+00:00,1786078371686,BTC-USDT-SWAP,sell,long,0.47,64143.4
2026-08-07T04:52:51.632+00:00,1786078371632,BTC-USDT-SWAP,sell,long,0.77,64143.4
2026-08-07T05:41:38.750+00:00,1786081298750,BTC-USDT-SWAP,sell,long,0.43,64210.2
2026-08-07T06:41:16.105+00:00,1786084876105,BTC-USDT-SWAP,buy,short,0.32,64331.1
2026-08-07T07:40:57.843+00:00,1786088457843,BTC-USDT-SWAP,sell,long,0.08,64346.4
2026-08-07T08:42:12.984+00:00,1786092132984,BTC-USDT-SWAP,buy,short,1.99,64569.3
2026-08-07T08:42:11.018+00:00,1786092131018,BTC-USDT-SWAP,buy,short,0.14,64558.9
2026-08-07T08:42:10.984+00:00,1786092130984,BTC-USDT-SWAP,buy,short,1.45,64558.9
2026-08-07T08:42:10.947+00:00,1786092130947,BTC-USDT-SWAP,buy,short,3.77,64548.9
2026-08-07T08:42:10.943+00:00,1786092130943,BTC-USDT-SWAP,buy,short,0.02,64558.9
2026-08-07T08:42:10.879+00:00,1786092130879,BTC-USDT-SWAP,buy,short,0.22,64548.9
2026-08-07T08:42:10.798+00:00,1786092130798,BTC-USDT-SWAP,buy,short,0.03,64548.9
2026-08-07T08:42:10.762+00:00,1786092130762,BTC-USDT-SWAP,buy,short,0.17,64548.9
2026-08-07T08:42:10.644+00:00,1786092130644,BTC-USDT-SWAP,buy,short,1000,64542.4
2026-08-07T08:42:10.629+00:00,1786092130629,BTC-USDT-SWAP,buy,short,0.31,64542.4
2026-08-07T08:42:10.617+00:00,1786092130617,BTC-USDT-SWAP,buy,short,0.76,64542.4
2026-08-07T08:42:10.592+00:00,1786092130592,BTC-USDT-SWAP,buy,short,12.42,64542.4
2026-08-07T08:42:10.590+00:00,1786092130590,BTC-USDT-SWAP,buy,short,0.22,64542.4
2026-08-07T08:43:11.074+00:00,1786092191074,BTC-USDT-SWAP,buy,short,3.38,64616.5
2026-08-07T08:43:11.043+00:00,1786092191043,BTC-USDT-SWAP,buy,short,2.89,64616.5
2026-08-07T08:43:03.841+00:00,1786092183841,BTC-USDT-SWAP,buy,short,51.16,64615.4
2026-08-07T08:43:03.113+00:00,1786092183113,BTC-USDT-SWAP,buy,short,151.03,64613
2026-08-07T08:43:02.656+00:00,1786092182656,BTC-USDT-SWAP,buy,short,20,64607.9
2026-08-07T08:43:02.614+00:00,1786092182614,BTC-USDT-SWAP,buy,short,11.5,64607.9
2026-08-07T08:43:02.612+00:00,1786092182612,BTC-USDT-SWAP,buy,short,1.92,64607.9
2026-08-07T08:43:02.612+00:00,1786092182612,BTC-USDT-SWAP,buy,short,2.21,64607.9
2026-08-07T08:43:02.458+00:00,1786092182458,BTC-USDT-SWAP,buy,short,0.1,64587.2
2026-08-07T08:42:20.458+00:00,1786092140458,BTC-USDT-SWAP,buy,short,1.2,64586.5
2026-08-07T08:42:19.690+00:00,1786092139690,BTC-USDT-SWAP,buy,short,29.87,64586.1
2026-08-07T08:42:19.534+00:00,1786092139534,BTC-USDT-SWAP,buy,short,1.17,64585.2
2026-08-07T08:42:19.532+00:00,1786092139532,BTC-USDT-SWAP,buy,short,1.59,64585.2
2026-08-07T08:42:19.454+00:00,1786092139454,BTC-USDT-SWAP,buy,short,0.38,64585.2
2026-08-07T08:42:19.375+00:00,1786092139375,BTC-USDT-SWAP,buy,short,10.58,64585.2
2026-08-07T08:42:19.071+00:00,1786092139071,BTC-USDT-SWAP,buy,short,0.1,64582.4
2026-08-07T08:42:19.070+00:00,1786092139070,BTC-USDT-SWAP,buy,short,0.22,64582.4
2026-08-07T08:42:14.432+00:00,1786092134432,BTC-USDT-SWAP,buy,short,3.47,64578.6
2026-08-07T08:42:14.352+00:00,1786092134352,BTC-USDT-SWAP,buy,short,7.77,64578.6
2026-08-07T08:42:14.299+00:00,1786092134299,BTC-USDT-SWAP,buy,short,9.67,64578.6
2026-08-07T08:42:13.072+00:00,1786092133072,BTC-USDT-SWAP,buy,short,0.14,64569.3
2026-08-07T08:42:12.968+00:00,1786092132968,BTC-USDT-SWAP,buy,short,10.62,64569.3
2026-08-07T08:44:26.084+00:00,1786092266084,BTC-USDT-SWAP,buy,short,0.74,64646.5
2026-08-07T08:44:24.782+00:00,1786092264782,BTC-USDT-SWAP,buy,short,0.46,64643.7
2026-08-07T08:44:24.772+00:00,1786092264772,BTC-USDT-SWAP,buy,short,3.93,64643.7
2026-08-07T08:44:24.725+00:00,1786092264725,BTC-USDT-SWAP,buy,short,1.08,64643.7
2026-08-07T08:44:24.685+00:00,1786092264685,BTC-USDT-SWAP,buy,short,1.1,64643.7
2026-08-07T08:44:24.678+00:00,1786092264678,BTC-USDT-SWAP,buy,short,1.05,64643.7
2026-08-07T08:44:24.499+00:00,1786092264499,BTC-USDT-SWAP,buy,short,0.03,64639.2
2026-08-07T08:44:24.460+00:00,1786092264460,BTC-USDT-SWAP,buy,short,9.04,64639.2
2026-08-07T08:44:24.124+00:00,1786092264124,BTC-USDT-SWAP,buy,short,2.03,64633.3
2026-08-07T08:44:24.116+00:00,1786092264116,BTC-USDT-SWAP,buy,short,0.21,64633.3
2026-08-07T08:44:24.115+00:00,1786092264115,BTC-USDT-SWAP,buy,short,0.07,64633.3
2026-08-07T08:44:24.030+00:00,1786092264030,BTC-USDT-SWAP,buy,short,0.78,64633.3
2026-08-07T08:50:08.295+00:00,1786092608295,BTC-USDT-SWAP,buy,short,1.77,64572.7
2026-08-07T09:03:55.151+00:00,1786093435151,BTC-USDT-SWAP,buy,short,0.05,64660.4
2026-08-07T09:03:54.819+00:00,1786093434819,BTC-USDT-SWAP,buy,short,0.28,64659.8
2026-08-07T09:03:54.744+00:00,1786093434744,BTC-USDT-SWAP,buy,short,0.32,64659.8
2026-08-07T09:03:54.565+00:00,1786093434565,BTC-USDT-SWAP,buy,short,0.06,64652.6
2026-08-07T09:10:37.213+00:00,1786093837213,BTC-USDT-SWAP,buy,short,0.07,64680.1
2026-08-07T09:10:37.167+00:00,1786093837167,BTC-USDT-SWAP,buy,short,0.04,64680.1
2026-08-07T09:10:37.044+00:00,1786093837044,BTC-USDT-SWAP,buy,short,1.25,64677.8
2026-08-07T09:10:37.000+00:00,1786093837000,BTC-USDT-SWAP,buy,short,0.01,64677.8
2026-08-07T09:10:36.996+00:00,1786093836996,BTC-USDT-SWAP,buy,short,47.9,64677.8
2026-08-07T09:10:36.981+00:00,1786093836981,BTC-USDT-SWAP,buy,short,4.88,64677.8
2026-08-07T09:10:36.954+00:00,1786093836954,BTC-USDT-SWAP,buy,short,0.04,64677.8
2026-08-07T09:10:36.050+00:00,1786093836050,BTC-USDT-SWAP,buy,short,0.13,64673.7
2026-08-07T09:10:35.998+00:00,1786093835998,BTC-USDT-SWAP,buy,short,0.49,64673.7
2026-08-07T09:10:35.991+00:00,1786093835991,BTC-USDT-SWAP,buy,short,0.95,64673.7
2026-08-07T09:10:35.921+00:00,1786093835921,BTC-USDT-SWAP,buy,short,0.14,64673.7
2026-08-07T09:10:35.854+00:00,1786093835854,BTC-USDT-SWAP,buy,short,2.19,64673.7
2026-08-07T09:10:35.767+00:00,1786093835767,BTC-USDT-SWAP,buy,short,0.18,64660.7
2026-08-07T09:11:49.227+00:00,1786093909227,BTC-USDT-SWAP,buy,short,1.34,64711.4
2026-08-07T09:11:49.213+00:00,1786093909213,BTC-USDT-SWAP,buy,short,0.14,64711.4
2026-08-07T09:11:49.178+00:00,1786093909178,BTC-USDT-SWAP,buy,short,3.92,64711.4
2026-08-07T09:11:48.598+00:00,1786093908598,BTC-USDT-SWAP,buy,short,0.01,64706.1
2026-08-07T09:11:40.420+00:00,1786093900420,BTC-USDT-SWAP,buy,short,0.39,64704.8
2026-08-07T09:11:40.392+00:00,1786093900392,BTC-USDT-SWAP,buy,short,2.69,64704.8
2026-08-07T09:11:40.331+00:00,1786093900331,BTC-USDT-SWAP,buy,short,0.01,64704.8
2026-08-07T09:11:40.062+00:00,1786093900062,BTC-USDT-SWAP,buy,short,0.09,64701.7
2026-08-07T09:11:39.936+00:00,1786093899936,BTC-USDT-SWAP,buy,short,0.01,64701.7
2026-08-07T09:11:38.639+00:00,1786093898639,BTC-USDT-SWAP,buy,short,0.08,64697.8
2026-08-07T09:11:38.543+00:00,1786093898543,BTC-USDT-SWAP,buy,short,1.42,64697.8
2026-08-07T09:11:38.393+00:00,1786093898393,BTC-USDT-SWAP,buy,short,0.17,64695.5
2026-08-07T09:11:37.154+00:00,1786093897154,BTC-USDT-SWAP,buy,short,0.08,64694
2026-08-07T09:11:37.150+00:00,1786093897150,BTC-USDT-SWAP,buy,short,82.13,64694
2026-08-07T09:11:37.132+00:00,1786093897132,BTC-USDT-SWAP,buy,short,0.79,64694
2026-08-07T09:11:37.117+00:00,1786093897117,BTC-USDT-SWAP,buy,short,5.96,64694
2026-08-07T09:11:37.082+00:00,1786093897082,BTC-USDT-SWAP,buy,short,5.44,64694
2026-08-07T09:11:36.997+00:00,1786093896997,BTC-USDT-SWAP,buy,short,38.02,64689.1
2026-08-07T09:11:36.844+00:00,1786093896844,BTC-USDT-SWAP,buy,short,0.29,64689.1
2026-08-07T09:11:31.158+00:00,1786093891158,BTC-USDT-SWAP,buy,short,0.23,64686.1
2026-08-07T09:11:30.799+00:00,1786093890799,BTC-USDT-SWAP,buy,short,0.95,64686
2026-08-07T09:11:30.780+00:00,1786093890780,BTC-USDT-SWAP,buy,short,0.58,64686
2026-08-07T09:11:30.723+00:00,1786093890723,BTC-USDT-SWAP,buy,short,0.07,64686
2026-08-07T09:11:30.720+00:00,1786093890720,BTC-USDT-SWAP,buy,short,0.17,64686
2026-08-07T09:12:03.998+00:00,1786093923998,BTC-USDT-SWAP,buy,short,1.47,64741.5
2026-08-07T09:12:03.717+00:00,1786093923717,BTC-USDT-SWAP,buy,short,0.01,64740.1
2026-08-07T09:12:02.554+00:00,1786093922554,BTC-USDT-SWAP,buy,short,1.7,64739.3
2026-08-07T09:12:02.495+00:00,1786093922495,BTC-USDT-SWAP,buy,short,0.1,64739.3
2026-08-07T09:12:02.483+00:00,1786093922483,BTC-USDT-SWAP,buy,short,0.17,64739.3
2026-08-07T09:12:02.413+00:00,1786093922413,BTC-USDT-SWAP,buy,short,62.12,64739.3
2026-08-07T09:12:02.354+00:00,1786093922354,BTC-USDT-SWAP,buy,short,2.52,64739.3
2026-08-07T09:12:02.294+00:00,1786093922294,BTC-USDT-SWAP,buy,short,3.61,64734.1
2026-08-07T09:12:02.271+00:00,1786093922271,BTC-USDT-SWAP,buy,short,0.78,64734.1
2026-08-07T09:12:02.200+00:00,1786093922200,BTC-USDT-SWAP,buy,short,0.16,64730.1
2026-08-07T09:11:59.983+00:00,1786093919983,BTC-USDT-SWAP,buy,short,0.01,64728.5
2026-08-07T09:11:58.039+00:00,1786093918039,BTC-USDT-SWAP,buy,short,0.22,64727.6
2026-08-07T09:11:57.168+00:00,1786093917168,BTC-USDT-SWAP,buy,short,0.6,64727.2
2026-08-07T09:11:56.141+00:00,1786093916141,BTC-USDT-SWAP,buy,short,1.32,64726.9
2026-08-07T09:11:56.117+00:00,1786093916117,BTC-USDT-SWAP,buy,short,1,64726.9
2026-08-07T09:11:56.114+00:00,1786093916114,BTC-USDT-SWAP,buy,short,3.25,64727
2026-08-07T09:11:56.109+00:00,1786093916109,BTC-USDT-SWAP,buy,short,1.23,64726.9
2026-08-07T09:11:56.108+00:00,1786093916108,BTC-USDT-SWAP,buy,short,1.32,64727
2026-08-07T09:11:56.100+00:00,1786093916100,BTC-USDT-SWAP,buy,short,3.31,64727
2026-08-07T09:11:56.093+00:00,1786093916093,BTC-USDT-SWAP,buy,short,2.41,64727
2026-08-07T09:11:56.037+00:00,1786093916037,BTC-USDT-SWAP,buy,short,1.32,64727
2026-08-07T09:11:55.996+00:00,1786093915996,BTC-USDT-SWAP,buy,short,1.32,64727
2026-08-07T09:11:55.970+00:00,1786093915970,BTC-USDT-SWAP,buy,short,1.32,64727
2026-08-07T09:11:55.869+00:00,1786093915869,BTC-USDT-SWAP,buy,short,2.28,64721.7
2026-08-07T09:11:55.771+00:00,1786093915771,BTC-USDT-SWAP,buy,short,1.04,64721.7
2026-08-07T09:11:55.410+00:00,1786093915410,BTC-USDT-SWAP,buy,short,0.3,64719.3
2026-08-07T09:11:49.359+00:00,1786093909359,BTC-USDT-SWAP,buy,short,0.2,64712.7
2026-08-07T09:18:57.506+00:00,1786094337506,BTC-USDT-SWAP,buy,short,1.29,64745.4
2026-08-07T09:19:53.961+00:00,1786094393961,BTC-USDT-SWAP,buy,short,0.36,64747.5
2026-08-07T09:19:53.949+00:00,1786094393949,BTC-USDT-SWAP,buy,short,13.01,64747.5
2026-08-07T09:19:53.930+00:00,1786094393930,BTC-USDT-SWAP,buy,short,7.13,64747.5
2026-08-07T09:20:12.181+00:00,1786094412181,BTC-USDT-SWAP,buy,short,0.73,64750.3
2026-08-07T09:22:02.186+00:00,1786094522186,BTC-USDT-SWAP,buy,short,1.03,64750.6
2026-08-07T09:22:33.172+00:00,1786094553172,BTC-USDT-SWAP,buy,short,0.84,64754.1
2026-08-07T09:24:51.545+00:00,1786094691545,BTC-USDT-SWAP,buy,short,1.5,64789.2
2026-08-07T09:24:51.036+00:00,1786094691036,BTC-USDT-SWAP,buy,short,0.01,64787.1
2026-08-07T09:24:43.098+00:00,1786094683098,BTC-USDT-SWAP,buy,short,19.78,64783.6
2026-08-07T09:24:43.001+00:00,1786094683001,BTC-USDT-SWAP,buy,short,0.12,64783.6
2026-08-07T09:24:42.948+00:00,1786094682948,BTC-USDT-SWAP,buy,short,0.08,64782.3
2026-08-07T09:24:42.944+00:00,1786094682944,BTC-USDT-SWAP,buy,short,0.2,64782.3
2026-08-07T09:24:42.913+00:00,1786094682913,BTC-USDT-SWAP,buy,short,7.38,64782.3
2026-08-07T09:24:42.820+00:00,1786094682820,BTC-USDT-SWAP,buy,short,11.27,64782.3
2026-08-07T09:24:41.496+00:00,1786094681496,BTC-USDT-SWAP,buy,short,0.91,64775.4
2026-08-07T09:24:40.909+00:00,1786094680909,BTC-USDT-SWAP,buy,short,0.23,64774.5
2026-08-07T09:24:40.555+00:00,1786094680555,BTC-USDT-SWAP,buy,short,0.37,64773.3
2026-08-07T09:24:40.080+00:00,1786094680080,BTC-USDT-SWAP,buy,short,2.11,64769.8
2026-08-07T09:24:40.077+00:00,1786094680077,BTC-USDT-SWAP,buy,short,0.01,64769.8
2026-08-07T09:24:40.073+00:00,1786094680073,BTC-USDT-SWAP,buy,short,8.55,64769.8
2026-08-07T09:24:40.070+00:00,1786094680070,BTC-USDT-SWAP,buy,short,0.53,64769.8
2026-08-07T09:24:40.054+00:00,1786094680054,BTC-USDT-SWAP,buy,short,0.22,64769.8
2026-08-07T09:24:36.033+00:00,1786094676033,BTC-USDT-SWAP,buy,short,0.33,64767.2
2026-08-07T09:24:35.927+00:00,1786094675927,BTC-USDT-SWAP,buy,short,168.95,64766.2
2026-08-07T09:24:35.923+00:00,1786094675923,BTC-USDT-SWAP,buy,short,1.4,64766.2
2026-08-07T09:24:35.907+00:00,1786094675907,BTC-USDT-SWAP,buy,short,106.64,64766.2
2026-08-07T09:25:23.072+00:00,1786094723072,BTC-USDT-SWAP,buy,short,15.59,64849.3
2026-08-07T09:25:23.061+00:00,1786094723061,BTC-USDT-SWAP,buy,short,0.64,64849.3
2026-08-07T09:25:22.985+00:00,1786094722985,BTC-USDT-SWAP,buy,short,20,64849.3
2026-08-07T09:25:22.971+00:00,1786094722971,BTC-USDT-SWAP,buy,short,17.22,64848.3
2026-08-07T09:25:22.970+00:00,1786094722970,BTC-USDT-SWAP,buy,short,29.16,64848.3
2026-08-07T09:25:22.820+00:00,1786094722820,BTC-USDT-SWAP,buy,short,150.06,64848.3
2026-08-07T09:25:22.819+00:00,1786094722819,BTC-USDT-SWAP,buy,short,5.26,64848.3
2026-08-07T09:25:22.812+00:00,1786094722812,BTC-USDT-SWAP,buy,short,7.99,64848.3
2026-08-07T09:25:22.344+00:00,1786094722344,BTC-USDT-SWAP,buy,short,20,64832.9
2026-08-07T09:25:20.704+00:00,1786094720704,BTC-USDT-SWAP,buy,short,0.24,64830.4
2026-08-07T09:25:17.292+00:00,1786094717292,BTC-USDT-SWAP,buy,short,0.05,64827.9
2026-08-07T09:25:17.140+00:00,1786094717140,BTC-USDT-SWAP,buy,short,3.27,64826.2
2026-08-07T09:25:17.030+00:00,1786094717030,BTC-USDT-SWAP,buy,short,0.07,64826.2
2026-08-07T09:25:11.476+00:00,1786094711476,BTC-USDT-SWAP,buy,short,0.46,64823
2026-08-07T09:25:11.451+00:00,1786094711451,BTC-USDT-SWAP,buy,short,0.64,64820.6
2026-08-07T09:25:11.449+00:00,1786094711449,BTC-USDT-SWAP,buy,short,18.1,64820.6
2026-08-07T09:25:11.317+00:00,1786094711317,BTC-USDT-SWAP,buy,short,0.06,64820.6
2026-08-07T09:25:11.273+00:00,1786094711273,BTC-USDT-SWAP,buy,short,10.42,64820.6
2026-08-07T09:25:11.256+00:00,1786094711256,BTC-USDT-SWAP,buy,short,0.44,64803.2
2026-08-07T09:25:11.227+00:00,1786094711227,BTC-USDT-SWAP,buy,short,0.13,64803.2
2026-08-07T09:25:11.225+00:00,1786094711225,BTC-USDT-SWAP,buy,short,0.04,64803.2
2026-08-07T09:25:11.201+00:00,1786094711201,BTC-USDT-SWAP,buy,short,11.7,64803.2
2026-08-07T09:33:00.155+00:00,1786095180155,BTC-USDT-SWAP,buy,short,4.63,64900.1
2026-08-07T09:32:39.841+00:00,1786095159841,BTC-USDT-SWAP,buy,short,2.47,64898.9
2026-08-07T09:32:39.453+00:00,1786095159453,BTC-USDT-SWAP,buy,short,9.9,64894.3
2026-08-07T09:32:37.079+00:00,1786095157079,BTC-USDT-SWAP,buy,short,0.06,64888.4
2026-08-07T09:32:36.658+00:00,1786095156658,BTC-USDT-SWAP,buy,short,0.6,64888.4
2026-08-07T09:32:32.958+00:00,1786095152958,BTC-USDT-SWAP,buy,short,10.08,64882.9
2026-08-07T09:32:32.873+00:00,1786095152873,BTC-USDT-SWAP,buy,short,0.01,64882.9
2026-08-07T09:32:32.829+00:00,1786095152829,BTC-USDT-SWAP,buy,short,6.64,64882.9
2026-08-07T09:32:32.718+00:00,1786095152718,BTC-USDT-SWAP,buy,short,1.29,64879.3
2026-08-07T09:32:31.916+00:00,1786095151916,BTC-USDT-SWAP,buy,short,1.23,64874.1
2026-08-07T09:32:29.279+00:00,1786095149279,BTC-USDT-SWAP,buy,short,0.43,64872.4
2026-08-07T09:32:22.495+00:00,1786095142495,BTC-USDT-SWAP,buy,short,1.55,64870.8
2026-08-07T09:32:22.483+00:00,1786095142483,BTC-USDT-SWAP,buy,short,0.45,64870.8
2026-08-07T09:32:22.062+00:00,1786095142062,BTC-USDT-SWAP,buy,short,0.18,64868.6
2026-08-07T09:32:21.031+00:00,1786095141031,BTC-USDT-SWAP,buy,short,2.95,64866.8
2026-08-07T09:32:20.658+00:00,1786095140658,BTC-USDT-SWAP,buy,short,0.02,64865.5
2026-08-07T09:32:19.854+00:00,1786095139854,BTC-USDT-SWAP,buy,short,0.26,64860
2026-08-07T09:32:19.847+00:00,1786095139847,BTC-USDT-SWAP,buy,short,1.04,64859.8
2026-08-07T09:32:19.753+00:00,1786095139753,BTC-USDT-SWAP,buy,short,1,64860
2026-08-07T09:32:19.408+00:00,1786095139408,BTC-USDT-SWAP,buy,short,0.09,64856.2
2026-08-07T09:32:19.371+00:00,1786095139371,BTC-USDT-SWAP,buy,short,0.31,64856.2
2026-08-07T09:32:19.262+00:00,1786095139262,BTC-USDT-SWAP,buy,short,2,64854.6
2026-08-07T09:32:19.173+00:00,1786095139173,BTC-USDT-SWAP,buy,short,32.88,64854.6
2026-08-07T09:32:19.083+00:00,1786095139083,BTC-USDT-SWAP,buy,short,5.97,64854.6
2026-08-07T09:36:21.072+00:00,1786095381072,BTC-USDT-SWAP,buy,short,0.73,64910.1
2026-08-07T09:36:21.068+00:00,1786095381068,BTC-USDT-SWAP,buy,short,4,64910.1
2026-08-07T09:36:21.057+00:00,1786095381057,BTC-USDT-SWAP,buy,short,3.09,64910.1
2026-08-07T09:36:07.054+00:00,1786095367054,BTC-USDT-SWAP,buy,short,0.89,64902.4
2026-08-07T09:35:52.163+00:00,1786095352163,BTC-USDT-SWAP,buy,short,7.16,64891.5
2026-08-07T09:37:24.149+00:00,1786095444149,BTC-USDT-SWAP,buy,short,0.07,64913.8
2026-08-07T09:37:27.035+00:00,1786095447035,BTC-USDT-SWAP,buy,short,7.21,64925.2
2026-08-07T09:37:26.694+00:00,1786095446694,BTC-USDT-SWAP,buy,short,3.14,64923.2
2026-08-07T10:05:08.601+00:00,1786097108601,BTC-USDT-SWAP,buy,short,0.85,64818.5
2026-08-07T11:04:51.902+00:00,1786100691902,BTC-USDT-SWAP,buy,short,16.01,64941.7
2026-08-07T11:04:38.026+00:00,1786100678026,BTC-USDT-SWAP,buy,short,1.74,64940.7
2026-08-07T11:04:37.248+00:00,1786100677248,BTC-USDT-SWAP,buy,short,1.97,64937.9
2026-08-07T11:04:37.166+00:00,1786100677166,BTC-USDT-SWAP,buy,short,0.34,64937.9
2026-08-07T11:08:21.878+00:00,1786100901878,BTC-USDT-SWAP,buy,short,1.69,64946.7
2026-08-07T11:09:48.734+00:00,1786100988734,BTC-USDT-SWAP,buy,short,0.32,64948.1
2026-08-07T11:19:20.089+00:00,1786101560089,BTC-USDT-SWAP,buy,short,0.11,64970.5
2026-08-07T11:19:15.504+00:00,1786101555504,BTC-USDT-SWAP,buy,short,1.17,64967.3
2026-08-07T11:19:15.396+00:00,1786101555396,BTC-USDT-SWAP,buy,short,0.02,64967.3
2026-08-07T11:19:13.533+00:00,1786101553533,BTC-USDT-SWAP,buy,short,9.75,64963.7
2026-08-07T11:19:23.316+00:00,1786101563316,BTC-USDT-SWAP,buy,short,16.31,64989.3
2026-08-07T11:19:23.255+00:00,1786101563255,BTC-USDT-SWAP,buy,short,1.16,64989.3
2026-08-07T11:19:23.212+00:00,1786101563212,BTC-USDT-SWAP,buy,short,5.93,64989.3
2026-08-07T11:19:22.977+00:00,1786101562977,BTC-USDT-SWAP,buy,short,1.15,64980.8
2026-08-07T11:19:22.760+00:00,1786101562760,BTC-USDT-SWAP,buy,short,15.23,64980.8
2026-08-07T11:19:22.376+00:00,1786101562376,BTC-USDT-SWAP,buy,short,0.57,64971.8
2026-08-07T11:22:18.737+00:00,1786101738737,BTC-USDT-SWAP,buy,short,0.18,65093.8
2026-08-07T11:22:18.653+00:00,1786101738653,BTC-USDT-SWAP,buy,short,7.91,65093.8
2026-08-07T11:22:17.950+00:00,1786101737950,BTC-USDT-SWAP,buy,short,1.98,65093.5
2026-08-07T11:22:17.931+00:00,1786101737931,BTC-USDT-SWAP,buy,short,1.02,65093.5
2026-08-07T11:22:17.579+00:00,1786101737579,BTC-USDT-SWAP,buy,short,0.49,65092.3
2026-08-07T11:22:17.572+00:00,1786101737572,BTC-USDT-SWAP,buy,short,8.11,65092.3
2026-08-07T11:22:17.490+00:00,1786101737490,BTC-USDT-SWAP,buy,short,0.01,65092.3
2026-08-07T11:22:17.483+00:00,1786101737483,BTC-USDT-SWAP,buy,short,1.54,65092.3
2026-08-07T11:22:17.480+00:00,1786101737480,BTC-USDT-SWAP,buy,short,0.29,65092.3
2026-08-07T11:22:17.476+00:00,1786101737476,BTC-USDT-SWAP,buy,short,0.15,65092.3
2026-08-07T11:22:16.015+00:00,1786101736015,BTC-USDT-SWAP,buy,short,0.01,65086.9
2026-08-07T11:22:16.008+00:00,1786101736008,BTC-USDT-SWAP,buy,short,27.52,65086.9
2026-08-07T11:22:15.994+00:00,1786101735994,BTC-USDT-SWAP,buy,short,0.23,65086.9
2026-08-07T11:22:15.922+00:00,1786101735922,BTC-USDT-SWAP,buy,short,0.8,65086.9
2026-08-07T11:22:15.917+00:00,1786101735917,BTC-USDT-SWAP,buy,short,0.08,65086.9
2026-08-07T11:22:15.857+00:00,1786101735857,BTC-USDT-SWAP,buy,short,1.1,65086.9
2026-08-07T11:22:15.791+00:00,1786101735791,BTC-USDT-SWAP,buy,short,0.08,65081.4
2026-08-07T11:22:15.411+00:00,1786101735411,BTC-USDT-SWAP,buy,short,0.06,65080.8
2026-08-07T11:22:15.392+00:00,1786101735392,BTC-USDT-SWAP,buy,short,21.76,65080.7
2026-08-07T11:22:15.343+00:00,1786101735343,BTC-USDT-SWAP,buy,short,1.23,65080.8
2026-08-07T11:22:15.282+00:00,1786101735282,BTC-USDT-SWAP,buy,short,242.51,65080.8
2026-08-07T11:22:14.994+00:00,1786101734994,BTC-USDT-SWAP,buy,short,17.26,65076.4
2026-08-07T11:22:14.975+00:00,1786101734975,BTC-USDT-SWAP,buy,short,0.66,65076.4
2026-08-07T11:22:14.117+00:00,1786101734117,BTC-USDT-SWAP,buy,short,1,65073.8
2026-08-07T11:22:14.100+00:00,1786101734100,BTC-USDT-SWAP,buy,short,0.48,65073.8
2026-08-07T11:22:14.072+00:00,1786101734072,BTC-USDT-SWAP,buy,short,155.98,65073.8
2026-08-07T11:22:10.973+00:00,1786101730973,BTC-USDT-SWAP,buy,short,2.89,65071.1
2026-08-07T11:22:10.964+00:00,1786101730964,BTC-USDT-SWAP,buy,short,15,65071.1
2026-08-07T11:22:10.944+00:00,1786101730944,BTC-USDT-SWAP,buy,short,2.19,65071.1
2026-08-07T11:22:10.871+00:00,1786101730871,BTC-USDT-SWAP,buy,short,3.15,65071.1
2026-08-07T11:22:10.744+00:00,1786101730744,BTC-USDT-SWAP,buy,short,2.34,65068.3
2026-08-07T11:22:10.629+00:00,1786101730629,BTC-USDT-SWAP,buy,short,0.11,65068.3
2026-08-07T11:22:10.560+00:00,1786101730560,BTC-USDT-SWAP,buy,short,0.13,65067.5
2026-08-07T11:22:10.293+00:00,1786101730293,BTC-USDT-SWAP,buy,short,0.74,65064
2026-08-07T11:22:10.059+00:00,1786101730059,BTC-USDT-SWAP,buy,short,0.82,65062.6
2026-08-07T11:22:09.585+00:00,1786101729585,BTC-USDT-SWAP,buy,short,0.38,65061.9
2026-08-07T11:22:09.576+00:00,1786101729576,BTC-USDT-SWAP,buy,short,0.88,65061.9
2026-08-07T11:22:09.559+00:00,1786101729559,BTC-USDT-SWAP,buy,short,0.96,65061.9
2026-08-07T11:22:09.552+00:00,1786101729552,BTC-USDT-SWAP,buy,short,0.71,65061.9
2026-08-07T11:22:09.533+00:00,1786101729533,BTC-USDT-SWAP,buy,short,0.47,65061.9
2026-08-07T11:22:09.526+00:00,1786101729526,BTC-USDT-SWAP,buy,short,5.66,65061.9
2026-08-07T11:22:09.523+00:00,1786101729523,BTC-USDT-SWAP,buy,short,3,65061.9
2026-08-07T11:22:09.499+00:00,1786101729499,BTC-USDT-SWAP,buy,short,1.3,65061.9
2026-08-07T11:22:09.488+00:00,1786101729488,BTC-USDT-SWAP,buy,short,0.84,65061.9
2026-08-07T11:22:09.481+00:00,1786101729481,BTC-USDT-SWAP,buy,short,2.05,65061.9
2026-08-07T11:22:09.476+00:00,1786101729476,BTC-USDT-SWAP,buy,short,0.04,65061.9
2026-08-07T11:22:09.455+00:00,1786101729455,BTC-USDT-SWAP,buy,short,2.74,65061.9
2026-08-07T11:22:09.427+00:00,1786101729427,BTC-USDT-SWAP,buy,short,0.52,65061.9
2026-08-07T11:22:09.421+00:00,1786101729421,BTC-USDT-SWAP,buy,short,0.77,65061.9
2026-08-07T11:22:09.420+00:00,1786101729420,BTC-USDT-SWAP,buy,short,1,65061.9
2026-08-07T11:22:09.361+00:00,1786101729361,BTC-USDT-SWAP,buy,short,194.25,65047.2
2026-08-07T11:22:09.358+00:00,1786101729358,BTC-USDT-SWAP,buy,short,2.98,65047.2
2026-08-07T11:22:09.299+00:00,1786101729299,BTC-USDT-SWAP,buy,short,9.7,65047.2
2026-08-07T11:22:09.298+00:00,1786101729298,BTC-USDT-SWAP,buy,short,0.49,65047.2
2026-08-07T11:22:09.289+00:00,1786101729289,BTC-USDT-SWAP,buy,short,0.23,65047.2
2026-08-07T11:22:09.244+00:00,1786101729244,BTC-USDT-SWAP,buy,short,10,65047.2
2026-08-07T11:22:09.219+00:00,1786101729219,BTC-USDT-SWAP,buy,short,4.93,65047.2
2026-08-07T11:22:09.192+00:00,1786101729192,BTC-USDT-SWAP,buy,short,1.07,65047.2
2026-08-07T11:21:43.686+00:00,1786101703686,BTC-USDT-SWAP,buy,short,0.11,65007.3
2026-08-07T11:21:43.592+00:00,1786101703592,BTC-USDT-SWAP,buy,short,0.27,65007.3
2026-08-07T11:21:43.555+00:00,1786101703555,BTC-USDT-SWAP,buy,short,0.97,65007.3
2026-08-07T11:21:43.416+00:00,1786101703416,BTC-USDT-SWAP,buy,short,3.21,65003
2026-08-07T11:21:43.250+00:00,1786101703250,BTC-USDT-SWAP,buy,short,13.03,64998.1
2026-08-07T11:21:43.089+00:00,1786101703089,BTC-USDT-SWAP,buy,short,0.42,64998.1
2026-08-07T11:21:38.631+00:00,1786101698631,BTC-USDT-SWAP,buy,short,0.07,64996.4
2026-08-07T11:21:37.411+00:00,1786101697411,BTC-USDT-SWAP,buy,short,31.57,64995.1
2026-08-07T11:21:26.986+00:00,1786101686986,BTC-USDT-SWAP,buy,short,1.92,64993.7
2026-08-07T11:21:26.811+00:00,1786101686811,BTC-USDT-SWAP,buy,short,24.86,64993.7
2026-08-07T11:23:23.726+00:00,1786101803726,BTC-USDT-SWAP,buy,short,0.09,65163.1
2026-08-07T11:23:23.247+00:00,1786101803247,BTC-USDT-SWAP,buy,short,175.99,65162.4
2026-08-07T11:23:23.001+00:00,1786101803001,BTC-USDT-SWAP,buy,short,0.15,65162
2026-08-07T11:23:22.897+00:00,1786101802897,BTC-USDT-SWAP,buy,short,1.95,65161.8
2026-08-07T11:23:05.170+00:00,1786101785170,BTC-USDT-SWAP,buy,short,0.2,65160.9
2026-08-07T11:23:05.131+00:00,1786101785131,BTC-USDT-SWAP,buy,short,0.09,65160.9
2026-08-07T11:23:05.129+00:00,1786101785129,BTC-USDT-SWAP,buy,short,0.41,65160.9
2026-08-07T11:23:05.121+00:00,1786101785121,BTC-USDT-SWAP,buy,short,8,65160.9
2026-08-07T11:23:05.089+00:00,1786101785089,BTC-USDT-SWAP,buy,short,32.43,65160.9
2026-08-07T11:23:05.083+00:00,1786101785083,BTC-USDT-SWAP,buy,short,71,65160.9
2026-08-07T11:23:05.055+00:00,1786101785055,BTC-USDT-SWAP,buy,short,1.9,65160.9
2026-08-07T11:23:05.047+00:00,1786101785047,BTC-USDT-SWAP,buy,short,3.72,65160.9
2026-08-07T11:23:05.047+00:00,1786101785047,BTC-USDT-SWAP,buy,short,0.43,65160.9
2026-08-07T11:23:04.992+00:00,1786101784992,BTC-USDT-SWAP,buy,short,0.01,65160.9
2026-08-07T11:23:04.974+00:00,1786101784974,BTC-USDT-SWAP,buy,short,0.04,65160.9
2026-08-07T11:23:04.941+00:00,1786101784941,BTC-USDT-SWAP,buy,short,0.15,65160.9
2026-08-07T11:23:03.993+00:00,1786101783993,BTC-USDT-SWAP,buy,short,14.51,65150.1
2026-08-07T11:23:03.992+00:00,1786101783992,BTC-USDT-SWAP,buy,short,3.26,65150.1
2026-08-07T11:23:03.360+00:00,1786101783360,BTC-USDT-SWAP,buy,short,0.74,65147.7
2026-08-07T11:23:03.318+00:00,1786101783318,BTC-USDT-SWAP,buy,short,0.13,65147.6
2026-08-07T11:23:03.248+00:00,1786101783248,BTC-USDT-SWAP,buy,short,0.19,65147.6
2026-08-07T11:23:02.990+00:00,1786101782990,BTC-USDT-SWAP,buy,short,3.07,65144
2026-08-07T11:23:02.945+00:00,1786101782945,BTC-USDT-SWAP,buy,short,1.24,65144
2026-08-07T11:23:02.916+00:00,1786101782916,BTC-USDT-SWAP,buy,short,0.01,65144
2026-08-07T11:23:02.896+00:00,1786101782896,BTC-USDT-SWAP,buy,short,0.1,65144
2026-08-07T11:23:02.877+00:00,1786101782877,BTC-USDT-SWAP,buy,short,0.41,65144
2026-08-07T11:23:02.862+00:00,1786101782862,BTC-USDT-SWAP,buy,short,0.68,65144
2026-08-07T11:23:02.852+00:00,1786101782852,BTC-USDT-SWAP,buy,short,0.8,65144
2026-08-07T11:22:57.854+00:00,1786101777854,BTC-USDT-SWAP,buy,short,3.72,65138.6
2026-08-07T11:22:55.049+00:00,1786101775049,BTC-USDT-SWAP,buy,short,8.37,65137.7
2026-08-07T11:22:53.545+00:00,1786101773545,BTC-USDT-SWAP,buy,short,0.11,65137
2026-08-07T11:22:53.470+00:00,1786101773470,BTC-USDT-SWAP,buy,short,0.2,65136.6
2026-08-07T11:22:53.226+00:00,1786101773226,BTC-USDT-SWAP,buy,short,0.01,65135.8
2026-08-07T11:22:53.127+00:00,1786101773127,BTC-USDT-SWAP,buy,short,20,65135.2
2026-08-07T11:22:53.067+00:00,1786101773067,BTC-USDT-SWAP,buy,short,0.06,65135.2
2026-08-07T11:22:53.064+00:00,1786101773064,BTC-USDT-SWAP,buy,short,0.17,65135.2
2026-08-07T11:22:53.021+00:00,1786101773021,BTC-USDT-SWAP,buy,short,1.09,65135.2
2026-08-07T11:22:52.961+00:00,1786101772961,BTC-USDT-SWAP,buy,short,6.3,65131.5
2026-08-07T11:22:52.876+00:00,1786101772876,BTC-USDT-SWAP,buy,short,0.01,65131.5
2026-08-07T11:22:52.834+00:00,1786101772834,BTC-USDT-SWAP,buy,short,2.17,65131.5
2026-08-07T11:22:52.799+00:00,1786101772799,BTC-USDT-SWAP,buy,short,0.16,65131.5
2026-08-07T11:22:52.722+00:00,1786101772722,BTC-USDT-SWAP,buy,short,0.71,65125.9
2026-08-07T11:22:52.498+00:00,1786101772498,BTC-USDT-SWAP,buy,short,5.04,65125.3
2026-08-07T11:22:52.469+00:00,1786101772469,BTC-USDT-SWAP,buy,short,0.02,65125.3
2026-08-07T11:22:52.417+00:00,1786101772417,BTC-USDT-SWAP,buy,short,25,65125.3
2026-08-07T11:22:52.415+00:00,1786101772415,BTC-USDT-SWAP,buy,short,0.13,65125.3
2026-08-07T11:22:52.406+00:00,1786101772406,BTC-USDT-SWAP,buy,short,16,65125.3
2026-08-07T11:22:52.378+00:00,1786101772378,BTC-USDT-SWAP,buy,short,0.01,65125.3
2026-08-07T11:22:51.508+00:00,1786101771508,BTC-USDT-SWAP,buy,short,5,65120.4
2026-08-07T11:22:46.887+00:00,1786101766887,BTC-USDT-SWAP,buy,short,1.23,65120.2
2026-08-07T11:22:46.883+00:00,1786101766883,BTC-USDT-SWAP,buy,short,23.62,65120.2
2026-08-07T11:22:46.862+00:00,1786101766862,BTC-USDT-SWAP,buy,short,12.63,65120.8
2026-08-07T11:22:46.827+00:00,1786101766827,BTC-USDT-SWAP,buy,short,0.63,65120.8
2026-08-07T11:22:46.821+00:00,1786101766821,BTC-USDT-SWAP,buy,short,0.32,65120.8
2026-08-07T11:22:46.806+00:00,1786101766806,BTC-USDT-SWAP,buy,short,4.63,65120.8
2026-08-07T11:22:46.806+00:00,1786101766806,BTC-USDT-SWAP,buy,short,0.76,65120.8
2026-08-07T11:22:46.800+00:00,1786101766800,BTC-USDT-SWAP,buy,short,1.41,65120.8
2026-08-07T11:22:46.797+00:00,1786101766797,BTC-USDT-SWAP,buy,short,3.22,65120.8
2026-08-07T11:22:46.794+00:00,1786101766794,BTC-USDT-SWAP,buy,short,0.26,65120.8
2026-08-07T11:22:46.791+00:00,1786101766791,BTC-USDT-SWAP,buy,short,2.94,65120.8
2026-08-07T11:22:46.788+00:00,1786101766788,BTC-USDT-SWAP,buy,short,0.1,65120.8
2026-08-07T11:22:46.785+00:00,1786101766785,BTC-USDT-SWAP,buy,short,0.47,65120.8
2026-08-07T11:22:45.028+00:00,1786101765028,BTC-USDT-SWAP,buy,short,1.18,65094.4
2026-08-07T11:23:36.235+00:00,1786101816235,BTC-USDT-SWAP,buy,short,10.01,65186.7
2026-08-07T11:23:35.290+00:00,1786101815290,BTC-USDT-SWAP,buy,short,0.64,65186.5
2026-08-07T11:23:34.166+00:00,1786101814166,BTC-USDT-SWAP,buy,short,1.37,65186.1
2026-08-07T11:23:34.143+00:00,1786101814143,BTC-USDT-SWAP,buy,short,1.39,65186.1
2026-08-07T11:23:33.889+00:00,1786101813889,BTC-USDT-SWAP,buy,short,1.97,65185.1
2026-08-07T11:23:33.844+00:00,1786101813844,BTC-USDT-SWAP,buy,short,2.57,65185.1
2026-08-07T11:23:33.800+00:00,1786101813800,BTC-USDT-SWAP,buy,short,1.46,65185.1
2026-08-07T11:23:33.793+00:00,1786101813793,BTC-USDT-SWAP,buy,short,8.09,65185.1
2026-08-07T11:23:33.756+00:00,1786101813756,BTC-USDT-SWAP,buy,short,0.01,65185.1
2026-08-07T11:23:32.452+00:00,1786101812452,BTC-USDT-SWAP,buy,short,25.59,65182.9
2026-08-07T11:23:32.435+00:00,1786101812435,BTC-USDT-SWAP,buy,short,16.55,65182.9
2026-08-07T11:23:32.379+00:00,1786101812379,BTC-USDT-SWAP,buy,short,0.01,65182.9
2026-08-07T11:23:32.006+00:00,1786101812006,BTC-USDT-SWAP,buy,short,0.9,65181.5
2026-08-07T11:23:31.918+00:00,1786101811918,BTC-USDT-SWAP,buy,short,0.07,65181.5
2026-08-07T11:23:31.908+00:00,1786101811908,BTC-USDT-SWAP,buy,short,5.98,65181.5
2026-08-07T11:23:31.870+00:00,1786101811870,BTC-USDT-SWAP,buy,short,11.15,65180.3
2026-08-07T11:23:31.811+00:00,1786101811811,BTC-USDT-SWAP,buy,short,0.08,65180.3
2026-08-07T11:23:31.783+00:00,1786101811783,BTC-USDT-SWAP,buy,short,0.01,65180.3
2026-08-07T11:23:31.489+00:00,1786101811489,BTC-USDT-SWAP,buy,short,5,65177.1
2026-08-07T11:23:31.427+00:00,1786101811427,BTC-USDT-SWAP,buy,short,20.85,65177.1
2026-08-07T11:23:31.420+00:00,1786101811420,BTC-USDT-SWAP,buy,short,3.22,65177.1
2026-08-07T11:23:31.399+00:00,1786101811399,BTC-USDT-SWAP,buy,short,2.98,65177.1
2026-08-07T11:23:31.356+00:00,1786101811356,BTC-USDT-SWAP,buy,short,0.07,65177.1
2026-08-07T11:23:30.913+00:00,1786101810913,BTC-USDT-SWAP,buy,short,2.09,65175
2026-08-07T11:23:30.807+00:00,1786101810807,BTC-USDT-SWAP,buy,short,5.96,65175
2026-08-07T11:23:30.794+00:00,1786101810794,BTC-USDT-SWAP,buy,short,0.22,65175
2026-08-07T11:23:30.770+00:00,1786101810770,BTC-USDT-SWAP,buy,short,4.57,65175
2026-08-07T11:23:30.736+00:00,1786101810736,BTC-USDT-SWAP,buy,short,1.95,65175
2026-08-07T12:08:08.680+00:00,1786104488680,BTC-USDT-SWAP,buy,short,0.31,65071.8
2026-08-07T12:08:08.618+00:00,1786104488618,BTC-USDT-SWAP,buy,short,3.31,65071.8
2026-08-07T12:08:08.281+00:00,1786104488281,BTC-USDT-SWAP,buy,short,0.17,65057.7
2026-08-07T12:08:07.681+00:00,1786104487681,BTC-USDT-SWAP,buy,short,0.54,65055
2026-08-07T12:08:05.748+00:00,1786104485748,BTC-USDT-SWAP,buy,short,0.02,65055
2026-08-07T12:08:05.661+00:00,1786104485661,BTC-USDT-SWAP,buy,short,0.01,65054.5
2026-08-07T12:08:03.497+00:00,1786104483497,BTC-USDT-SWAP,buy,short,3.28,65049.2
2026-08-07T12:09:15.091+00:00,1786104555091,BTC-USDT-SWAP,buy,short,929.41,65081.9
2026-08-07T12:10:06.100+00:00,1786104606100,BTC-USDT-SWAP,buy,short,0.86,65154
2026-08-07T12:10:04.876+00:00,1786104604876,BTC-USDT-SWAP,buy,short,0.19,65143.5
2026-08-07T12:10:04.629+00:00,1786104604629,BTC-USDT-SWAP,buy,short,63.93,65138.4
2026-08-07T12:10:04.594+00:00,1786104604594,BTC-USDT-SWAP,buy,short,28.68,65138.4
2026-08-07T12:10:04.484+00:00,1786104604484,BTC-USDT-SWAP,buy,short,48.57,65136
2026-08-07T12:10:04.459+00:00,1786104604459,BTC-USDT-SWAP,buy,short,0.77,65136
2026-08-07T12:10:04.201+00:00,1786104604201,BTC-USDT-SWAP,buy,short,0.03,65132.3
2026-08-07T12:09:22.224+00:00,1786104562224,BTC-USDT-SWAP,buy,short,43.11,65087
2026-08-07T12:11:04.490+00:00,1786104664490,BTC-USDT-SWAP,buy,short,16.24,65211.4
2026-08-07T12:11:04.474+00:00,1786104664474,BTC-USDT-SWAP,buy,short,34.87,65211.4
2026-08-07T12:11:04.445+00:00,1786104664445,BTC-USDT-SWAP,buy,short,12.72,65211.4
2026-08-07T12:11:04.443+00:00,1786104664443,BTC-USDT-SWAP,buy,short,0.19,65211.4
2026-08-07T12:11:04.443+00:00,1786104664443,BTC-USDT-SWAP,buy,short,0.01,65211.4
2026-08-07T12:11:04.421+00:00,1786104664421,BTC-USDT-SWAP,buy,short,8.6,65211.4
2026-08-07T12:11:04.420+00:00,1786104664420,BTC-USDT-SWAP,buy,short,0.07,65211.4
2026-08-07T12:11:04.394+00:00,1786104664394,BTC-USDT-SWAP,buy,short,5.25,65211.4
2026-08-07T12:11:04.367+00:00,1786104664367,BTC-USDT-SWAP,buy,short,0.62,65211.4
2026-08-07T12:11:04.364+00:00,1786104664364,BTC-USDT-SWAP,buy,short,27.89,65211.4
2026-08-07T12:11:04.102+00:00,1786104664102,BTC-USDT-SWAP,buy,short,1.23,65206.8
2026-08-07T12:11:04.047+00:00,1786104664047,BTC-USDT-SWAP,buy,short,3.27,65206.8
2026-08-07T12:11:04.047+00:00,1786104664047,BTC-USDT-SWAP,buy,short,0.01,65206.8
2026-08-07T12:11:03.907+00:00,1786104663907,BTC-USDT-SWAP,buy,short,0.06,65206.8
2026-08-07T12:10:57.942+00:00,1786104657942,BTC-USDT-SWAP,buy,short,7.61,65194.4
2026-08-07T12:10:57.799+00:00,1786104657799,BTC-USDT-SWAP,buy,short,1.16,65194.4
2026-08-07T12:10:57.088+00:00,1786104657088,BTC-USDT-SWAP,buy,short,3.18,65192.6
2026-08-07T12:10:57.071+00:00,1786104657071,BTC-USDT-SWAP,buy,short,1.96,65192.6
2026-08-07T12:10:57.044+00:00,1786104657044,BTC-USDT-SWAP,buy,short,0.8,65192.6
2026-08-07T12:10:57.010+00:00,1786104657010,BTC-USDT-SWAP,buy,short,41.88,65192.6
2026-08-07T12:10:56.997+00:00,1786104656997,BTC-USDT-SWAP,buy,short,15.28,65192.6
2026-08-07T12:10:56.985+00:00,1786104656985,BTC-USDT-SWAP,buy,short,5.82,65192.6
2026-08-07T12:10:56.978+00:00,1786104656978,BTC-USDT-SWAP,buy,short,8.05,65192.6
2026-08-07T12:10:56.978+00:00,1786104656978,BTC-USDT-SWAP,buy,short,10.06,65192.6
2026-08-07T12:10:56.921+00:00,1786104656921,BTC-USDT-SWAP,buy,short,0.82,65192.6
2026-08-07T12:10:56.395+00:00,1786104656395,BTC-USDT-SWAP,buy,short,0.25,65186.9
2026-08-07T12:10:54.298+00:00,1786104654298,BTC-USDT-SWAP,buy,short,1.15,65168.1
2026-08-07T12:10:51.554+00:00,1786104651554,BTC-USDT-SWAP,buy,short,0.5,65162.6
2026-08-07T12:10:51.482+00:00,1786104651482,BTC-USDT-SWAP,buy,short,2.13,65162.6
2026-08-07T12:10:51.334+00:00,1786104651334,BTC-USDT-SWAP,buy,short,18.36,65157.8
2026-08-07T12:10:51.271+00:00,1786104651271,BTC-USDT-SWAP,buy,short,0.46,65157.6
2026-08-07T12:10:50.425+00:00,1786104650425,BTC-USDT-SWAP,buy,short,16.05,65153.8
2026-08-06T12:17:42.046+00:00,1786018662046,BTC-USDT-SWAP,sell,long,2.53,64431.5
2026-08-07T12:12:04.748+00:00,1786104724748,BTC-USDT-SWAP,buy,short,0.32,65258.7
2026-08-07T12:12:04.711+00:00,1786104724711,BTC-USDT-SWAP,buy,short,0.69,65258.7
2026-08-07T12:12:04.705+00:00,1786104724705,BTC-USDT-SWAP,buy,short,41.64,65258.7
2026-08-07T12:12:04.696+00:00,1786104724696,BTC-USDT-SWAP,buy,short,6.23,65258.7
2026-08-07T12:12:04.642+00:00,1786104724642,BTC-USDT-SWAP,buy,short,0.18,65258.7
2026-08-07T12:12:04.634+00:00,1786104724634,BTC-USDT-SWAP,buy,short,1.03,65258.7
2026-08-07T12:12:04.614+00:00,1786104724614,BTC-USDT-SWAP,buy,short,6.66,65258.7
2026-08-07T12:12:04.602+00:00,1786104724602,BTC-USDT-SWAP,buy,short,4.14,65258.7
2026-08-07T12:12:04.581+00:00,1786104724581,BTC-USDT-SWAP,buy,short,2.81,65258.7
2026-08-07T12:12:04.574+00:00,1786104724574,BTC-USDT-SWAP,buy,short,47.15,65258.7
2026-08-07T12:11:46.583+00:00,1786104706583,BTC-USDT-SWAP,buy,short,0.2,65249.9
2026-08-07T12:11:45.545+00:00,1786104705545,BTC-USDT-SWAP,buy,short,0.22,65248.4
2026-08-07T12:11:45.450+00:00,1786104705450,BTC-USDT-SWAP,buy,short,0.74,65248.2
2026-08-07T12:11:45.098+00:00,1786104705098,BTC-USDT-SWAP,buy,short,9.97,65247.3
2026-08-07T12:11:44.947+00:00,1786104704947,BTC-USDT-SWAP,buy,short,1.4,65247.3
2026-08-07T12:11:44.940+00:00,1786104704940,BTC-USDT-SWAP,buy,short,3.42,65247.3
2026-08-07T12:11:36.841+00:00,1786104696841,BTC-USDT-SWAP,buy,short,2.99,65245.9
2026-08-07T12:11:36.779+00:00,1786104696779,BTC-USDT-SWAP,buy,short,0.89,65245.9
2026-08-07T12:11:36.747+00:00,1786104696747,BTC-USDT-SWAP,buy,short,0.15,65245.9
2026-08-07T12:11:36.407+00:00,1786104696407,BTC-USDT-SWAP,buy,short,0.04,65245.4
2026-08-07T12:11:36.254+00:00,1786104696254,BTC-USDT-SWAP,buy,short,4.97,65245.4
2026-08-07T12:11:36.234+00:00,1786104696234,BTC-USDT-SWAP,buy,short,0.4,65244.8
2026-08-07T12:11:36.131+00:00,1786104696131,BTC-USDT-SWAP,buy,short,0.09,65244.8
2026-08-07T12:11:35.523+00:00,1786104695523,BTC-USDT-SWAP,buy,short,2.06,65243.9
2026-08-07T12:11:29.015+00:00,1786104689015,BTC-USDT-SWAP,buy,short,0.93,65244.6
2026-08-07T12:11:28.903+00:00,1786104688903,BTC-USDT-SWAP,buy,short,0.15,65244.6
2026-08-07T12:11:28.884+00:00,1786104688884,BTC-USDT-SWAP,buy,short,10.51,65244.6
2026-08-07T12:11:28.846+00:00,1786104688846,BTC-USDT-SWAP,buy,short,5,65244.6
2026-08-07T12:11:28.809+00:00,1786104688809,BTC-USDT-SWAP,buy,short,0.01,65244.6
2026-08-07T12:11:28.783+00:00,1786104688783,BTC-USDT-SWAP,buy,short,8,65242.5
2026-08-07T12:11:28.772+00:00,1786104688772,BTC-USDT-SWAP,buy,short,4.66,65242.5
2026-08-07T12:11:28.747+00:00,1786104688747,BTC-USDT-SWAP,buy,short,6.01,65242.5
2026-08-07T12:11:28.739+00:00,1786104688739,BTC-USDT-SWAP,buy,short,5.78,65242.5
2026-08-07T12:11:28.735+00:00,1786104688735,BTC-USDT-SWAP,buy,short,7.78,65242.5
2026-08-07T12:11:28.725+00:00,1786104688725,BTC-USDT-SWAP,buy,short,0.15,65242.5
2026-08-07T12:11:28.676+00:00,1786104688676,BTC-USDT-SWAP,buy,short,1.11,65242.5
2026-08-07T12:11:28.675+00:00,1786104688675,BTC-USDT-SWAP,buy,short,41.98,65242.5
2026-08-07T12:11:28.446+00:00,1786104688446,BTC-USDT-SWAP,buy,short,11.74,65228.9
2026-08-07T12:11:28.378+00:00,1786104688378,BTC-USDT-SWAP,buy,short,4.5,65228.9
2026-08-07T12:11:28.377+00:00,1786104688377,BTC-USDT-SWAP,buy,short,0.59,65228.9
2026-08-07T12:11:28.370+00:00,1786104688370,BTC-USDT-SWAP,buy,short,2.42,65228.9
2026-08-07T12:11:28.366+00:00,1786104688366,BTC-USDT-SWAP,buy,short,3.69,65228.9
2026-08-07T12:11:28.358+00:00,1786104688358,BTC-USDT-SWAP,buy,short,7.64,65228.9
2026-08-07T12:11:28.357+00:00,1786104688357,BTC-USDT-SWAP,buy,short,19.22,65228.9
2026-08-07T12:11:28.340+00:00,1786104688340,BTC-USDT-SWAP,buy,short,16.78,65228.9
2026-08-07T12:11:28.337+00:00,1786104688337,BTC-USDT-SWAP,buy,short,15.55,65228.9
2026-08-07T12:11:28.290+00:00,1786104688290,BTC-USDT-SWAP,buy,short,1.08,65228.9
2026-08-07T12:11:28.285+00:00,1786104688285,BTC-USDT-SWAP,buy,short,3.96,65228.9
2026-08-07T12:11:28.278+00:00,1786104688278,BTC-USDT-SWAP,buy,short,21.46,65228.9
2026-08-07T12:11:28.199+00:00,1786104688199,BTC-USDT-SWAP,buy,short,1,65228.9
2026-08-07T12:11:28.195+00:00,1786104688195,BTC-USDT-SWAP,buy,short,2.99,65228.9
2026-08-07T12:11:27.290+00:00,1786104687290,BTC-USDT-SWAP,buy,short,14,65206.3
2026-08-07T12:30:11.476+00:00,1786105811476,BTC-USDT-SWAP,buy,short,10,65177.8
2026-08-07T12:30:11.030+00:00,1786105811030,BTC-USDT-SWAP,buy,short,20,65168.8
2026-08-07T12:30:09.797+00:00,1786105809797,BTC-USDT-SWAP,buy,short,50,65174.7
2026-08-07T12:30:08.252+00:00,1786105808252,BTC-USDT-SWAP,buy,short,11.04,65173
2026-08-07T12:30:06.606+00:00,1786105806606,BTC-USDT-SWAP,buy,short,1.44,65212.2
2026-08-07T12:30:04.860+00:00,1786105804860,BTC-USDT-SWAP,buy,short,1.08,65270.1
2026-08-07T12:30:04.422+00:00,1786105804422,BTC-USDT-SWAP,buy,short,0.99,65264.9
2026-08-07T12:30:04.390+00:00,1786105804390,BTC-USDT-SWAP,buy,short,1.82,65264.9
2026-08-07T12:30:04.336+00:00,1786105804336,BTC-USDT-SWAP,buy,short,250,65264.9
2026-08-07T12:30:04.314+00:00,1786105804314,BTC-USDT-SWAP,buy,short,3.39,65264.9
2026-08-07T12:30:03.997+00:00,1786105803997,BTC-USDT-SWAP,buy,short,23.47,65266.8
2026-08-07T12:30:03.996+00:00,1786105803996,BTC-USDT-SWAP,buy,short,0.01,65266.8
2026-08-07T12:30:03.986+00:00,1786105803986,BTC-USDT-SWAP,buy,short,13.53,65266.8
2026-08-07T12:30:03.973+00:00,1786105803973,BTC-USDT-SWAP,buy,short,1.1,65266.8
2026-08-07T12:30:03.963+00:00,1786105803963,BTC-USDT-SWAP,buy,short,73.33,65266.8
2026-08-07T12:30:03.898+00:00,1786105803898,BTC-USDT-SWAP,buy,short,7.45,65266.8
2026-08-07T12:30:02.779+00:00,1786105802779,BTC-USDT-SWAP,buy,short,1.3,65240.1
2026-08-07T12:30:02.606+00:00,1786105802606,BTC-USDT-SWAP,buy,short,255.79,65225.9
2026-08-07T12:34:50.115+00:00,1786106090115,BTC-USDT-SWAP,sell,long,47.14,65034
2026-08-07T12:43:03.099+00:00,1786106583099,BTC-USDT-SWAP,buy,short,0.01,65171.2
2026-08-07T12:46:07.292+00:00,1786106767292,BTC-USDT-SWAP,buy,short,1.42,65188.4
2026-08-07T12:47:50.470+00:00,1786106870470,BTC-USDT-SWAP,buy,short,1.78,65214.9
2026-08-07T12:51:02.098+00:00,1786107062098,BTC-USDT-SWAP,buy,short,1.12,65283.8
2026-08-07T12:51:02.067+00:00,1786107062067,BTC-USDT-SWAP,buy,short,1.41,65283.8
2026-08-07T12:51:01.956+00:00,1786107061956,BTC-USDT-SWAP,buy,short,1.34,65281.7
2026-08-07T12:51:01.882+00:00,1786107061882,BTC-USDT-SWAP,buy,short,0.17,65281.7
2026-08-07T12:51:01.862+00:00,1786107061862,BTC-USDT-SWAP,buy,short,0.84,65281.7
2026-08-07T12:51:01.856+00:00,1786107061856,BTC-USDT-SWAP,buy,short,3.86,65281.7
2026-08-07T12:51:01.607+00:00,1786107061607,BTC-USDT-SWAP,buy,short,15,65275.6
2026-08-07T12:51:01.462+00:00,1786107061462,BTC-USDT-SWAP,buy,short,1.05,65274.9
2026-08-07T12:51:01.445+00:00,1786107061445,BTC-USDT-SWAP,buy,short,0.27,65274.9
2026-08-07T12:50:57.693+00:00,1786107057693,BTC-USDT-SWAP,buy,short,0.74,65273
2026-08-07T12:50:57.558+00:00,1786107057558,BTC-USDT-SWAP,buy,short,0.01,65273
2026-08-07T12:50:55.465+00:00,1786107055465,BTC-USDT-SWAP,buy,short,8.5,65272.6
2026-08-07T12:50:55.308+00:00,1786107055308,BTC-USDT-SWAP,buy,short,54.3,65272.5
2026-08-07T12:50:55.252+00:00,1786107055252,BTC-USDT-SWAP,buy,short,7.83,65272.6
2026-08-07T12:50:55.173+00:00,1786107055173,BTC-USDT-SWAP,buy,short,0.79,65272.5
2026-08-07T12:50:55.116+00:00,1786107055116,BTC-USDT-SWAP,buy,short,11.41,65272.5
2026-08-07T12:50:54.068+00:00,1786107054068,BTC-USDT-SWAP,buy,short,3,65265.8
2026-08-07T12:53:16.471+00:00,1786107196471,BTC-USDT-SWAP,buy,short,0.65,65292.8
2026-08-07T12:53:14.367+00:00,1786107194367,BTC-USDT-SWAP,buy,short,0.84,65291.8
2026-08-07T12:53:14.275+00:00,1786107194275,BTC-USDT-SWAP,buy,short,0.97,65291.8
2026-08-07T12:53:10.054+00:00,1786107190054,BTC-USDT-SWAP,buy,short,0.22,65290.7
2026-08-07T12:53:10.021+00:00,1786107190021,BTC-USDT-SWAP,buy,short,23.69,65290.6
2026-08-07T12:53:09.968+00:00,1786107189968,BTC-USDT-SWAP,buy,short,10.89,65290.7
2026-08-07T12:53:09.942+00:00,1786107189942,BTC-USDT-SWAP,buy,short,0.01,65290.7
2026-08-07T12:53:09.870+00:00,1786107189870,BTC-USDT-SWAP,buy,short,1.83,65290.7
2026-08-07T12:53:09.807+00:00,1786107189807,BTC-USDT-SWAP,buy,short,1.77,65286.8
2026-08-07T12:53:09.751+00:00,1786107189751,BTC-USDT-SWAP,buy,short,72.5,65286.8
2026-08-07T12:53:09.710+00:00,1786107189710,BTC-USDT-SWAP,buy,short,0.74,65286.8
2026-08-07T12:54:02.517+00:00,1786107242517,BTC-USDT-SWAP,buy,short,8.28,65298.9
2026-08-07T12:54:02.181+00:00,1786107242181,BTC-USDT-SWAP,buy,short,0.56,65298.8
2026-08-07T12:54:00.953+00:00,1786107240953,BTC-USDT-SWAP,buy,short,7.91,65297.6
2026-08-07T12:53:25.675+00:00,1786107205675,BTC-USDT-SWAP,buy,short,5.72,65296
2026-08-07T12:53:22.169+00:00,1786107202169,BTC-USDT-SWAP,buy,short,0.42,65294.5
2026-08-07T12:55:12.981+00:00,1786107312981,BTC-USDT-SWAP,buy,short,3.32,65336.8
2026-08-07T12:55:12.964+00:00,1786107312964,BTC-USDT-SWAP,buy,short,0.6,65336.8
2026-08-07T12:55:12.658+00:00,1786107312658,BTC-USDT-SWAP,buy,short,9.13,65335.2
2026-08-07T12:55:12.547+00:00,1786107312547,BTC-USDT-SWAP,buy,short,5.78,65335.2
2026-08-07T12:55:12.153+00:00,1786107312153,BTC-USDT-SWAP,buy,short,1.08,65333.7
2026-08-07T12:55:11.952+00:00,1786107311952,BTC-USDT-SWAP,buy,short,8.1,65333.9
2026-08-07T12:55:11.947+00:00,1786107311947,BTC-USDT-SWAP,buy,short,0.15,65333.9
2026-08-07T12:55:11.904+00:00,1786107311904,BTC-USDT-SWAP,buy,short,1.21,65333.9
2026-08-07T12:55:10.679+00:00,1786107310679,BTC-USDT-SWAP,buy,short,2.57,65332.3
2026-08-07T12:55:10.336+00:00,1786107310336,BTC-USDT-SWAP,buy,short,1,65330.3
2026-08-07T12:55:10.328+00:00,1786107310328,BTC-USDT-SWAP,buy,short,0.17,65330.3
2026-08-07T12:55:10.326+00:00,1786107310326,BTC-USDT-SWAP,buy,short,0.02,65330.3
2026-08-07T12:55:10.312+00:00,1786107310312,BTC-USDT-SWAP,buy,short,3.76,65330.3
2026-08-07T12:55:10.292+00:00,1786107310292,BTC-USDT-SWAP,buy,short,0.62,65330.3
2026-08-07T12:55:10.277+00:00,1786107310277,BTC-USDT-SWAP,buy,short,2.31,65330.3
2026-08-07T12:55:10.240+00:00,1786107310240,BTC-USDT-SWAP,buy,short,0.03,65330.3
2026-08-07T12:55:10.162+00:00,1786107310162,BTC-USDT-SWAP,buy,short,3.11,65330.3
2026-08-07T12:55:10.155+00:00,1786107310155,BTC-USDT-SWAP,buy,short,9.08,65330.3
2026-08-07T12:55:10.146+00:00,1786107310146,BTC-USDT-SWAP,buy,short,3,65330.3
2026-08-07T12:55:05.062+00:00,1786107305062,BTC-USDT-SWAP,buy,short,1.71,65315.7
2026-08-07T12:55:05.018+00:00,1786107305018,BTC-USDT-SWAP,buy,short,0.47,65315.7
2026-08-07T12:54:57.539+00:00,1786107297539,BTC-USDT-SWAP,buy,short,0.71,65315
2026-08-07T12:54:57.059+00:00,1786107297059,BTC-USDT-SWAP,buy,short,1.35,65314.7
2026-08-07T12:54:56.974+00:00,1786107296974,BTC-USDT-SWAP,buy,short,1000,65314.7
2026-08-07T12:54:56.937+00:00,1786107296937,BTC-USDT-SWAP,buy,short,0.57,65314.7
2026-08-07T12:54:55.666+00:00,1786107295666,BTC-USDT-SWAP,buy,short,0.3,65312.9
2026-08-07T12:54:55.614+00:00,1786107295614,BTC-USDT-SWAP,buy,short,0.53,65312
2026-08-07T12:54:55.590+00:00,1786107295590,BTC-USDT-SWAP,buy,short,6.15,65312
2026-08-07T12:54:55.566+00:00,1786107295566,BTC-USDT-SWAP,buy,short,2.58,65312
2026-08-07T12:54:55.561+00:00,1786107295561,BTC-USDT-SWAP,buy,short,0.57,65312
2026-08-07T12:54:55.559+00:00,1786107295559,BTC-USDT-SWAP,buy,short,0.64,65312
2026-08-07T12:54:55.492+00:00,1786107295492,BTC-USDT-SWAP,buy,short,18.06,65312
2026-08-07T12:54:55.466+00:00,1786107295466,BTC-USDT-SWAP,buy,short,2.1,65307.8
2026-08-07T12:54:55.359+00:00,1786107295359,BTC-USDT-SWAP,buy,short,0.14,65307.8
2026-08-07T12:54:55.293+00:00,1786107295293,BTC-USDT-SWAP,buy,short,16.74,65304.6
2026-08-07T12:54:54.981+00:00,1786107294981,BTC-USDT-SWAP,buy,short,0.88,65304.2
2026-08-07T12:54:54.973+00:00,1786107294973,BTC-USDT-SWAP,buy,short,1.71,65304.2
2026-08-07T12:54:54.942+00:00,1786107294942,BTC-USDT-SWAP,buy,short,10.98,65304.2
2026-08-07T12:54:54.926+00:00,1786107294926,BTC-USDT-SWAP,buy,short,2.14,65304.2
2026-08-07T12:55:35.812+00:00,1786107335812,BTC-USDT-SWAP,buy,short,0.73,65356.1
2026-08-07T12:55:35.811+00:00,1786107335811,BTC-USDT-SWAP,buy,short,49.4,65356.1
2026-08-07T12:55:35.805+00:00,1786107335805,BTC-USDT-SWAP,buy,short,18.7,65356.1
2026-08-07T12:55:35.805+00:00,1786107335805,BTC-USDT-SWAP,buy,short,7.59,65356.1
2026-08-07T12:55:35.804+00:00,1786107335804,BTC-USDT-SWAP,buy,short,0.61,65356.1
2026-08-07T12:55:35.743+00:00,1786107335743,BTC-USDT-SWAP,buy,short,27.05,65356.1
2026-08-07T12:55:35.697+00:00,1786107335697,BTC-USDT-SWAP,buy,short,8.62,65356.1
2026-08-07T12:55:35.679+00:00,1786107335679,BTC-USDT-SWAP,buy,short,0.31,65356.1
2026-08-07T12:55:35.673+00:00,1786107335673,BTC-USDT-SWAP,buy,short,0.19,65356.1
2026-08-07T12:55:35.473+00:00,1786107335473,BTC-USDT-SWAP,buy,short,800,65355.4
2026-08-07T12:55:35.461+00:00,1786107335461,BTC-USDT-SWAP,buy,short,2.55,65355.4
2026-08-07T12:55:34.829+00:00,1786107334829,BTC-USDT-SWAP,buy,short,1.03,65354.2
2026-08-07T12:55:34.777+00:00,1786107334777,BTC-USDT-SWAP,buy,short,4,65354
2026-08-07T12:55:34.685+00:00,1786107334685,BTC-USDT-SWAP,buy,short,3.07,65354
2026-08-07T12:55:34.674+00:00,1786107334674,BTC-USDT-SWAP,buy,short,0.05,65354
2026-08-07T12:55:32.987+00:00,1786107332987,BTC-USDT-SWAP,buy,short,0.53,65347.6
2026-08-07T12:55:32.984+00:00,1786107332984,BTC-USDT-SWAP,buy,short,1.24,65347.6
2026-08-07T12:55:32.972+00:00,1786107332972,BTC-USDT-SWAP,buy,short,0.21,65347.6
2026-08-07T12:55:32.938+00:00,1786107332938,BTC-USDT-SWAP,buy,short,0.88,65347.6
2026-08-07T12:55:32.936+00:00,1786107332936,BTC-USDT-SWAP,buy,short,0.03,65347.6
2026-08-07T12:55:32.876+00:00,1786107332876,BTC-USDT-SWAP,buy,short,0.15,65347.6
2026-08-07T12:55:32.869+00:00,1786107332869,BTC-USDT-SWAP,buy,short,4.09,65347.6
2026-08-07T12:55:32.863+00:00,1786107332863,BTC-USDT-SWAP,buy,short,0.07,65347.6
2026-08-07T12:55:32.851+00:00,1786107332851,BTC-USDT-SWAP,buy,short,0.64,65347.6
2026-08-07T12:55:32.818+00:00,1786107332818,BTC-USDT-SWAP,buy,short,0.84,65347.6
2026-08-07T13:33:25.318+00:00,1786109605318,BTC-USDT-SWAP,buy,short,3.28,65255.3
2026-08-07T13:36:39.092+00:00,1786109799092,BTC-USDT-SWAP,sell,long,3.8,65184.4
2026-08-07T13:56:34.894+00:00,1786110994894,BTC-USDT-SWAP,sell,long,5,65030.3
2026-08-07T13:58:30.803+00:00,1786111110803,BTC-USDT-SWAP,buy,short,0.77,65022.6
2026-08-07T14:00:05.710+00:00,1786111205710,BTC-USDT-SWAP,sell,long,2.27,64945.9
2026-08-07T14:00:05.174+00:00,1786111205174,BTC-USDT-SWAP,sell,long,2.59,64953.3
2026-08-07T13:59:44.750+00:00,1786111184750,BTC-USDT-SWAP,sell,long,1.28,64954.8
2026-08-07T13:59:44.639+00:00,1786111184639,BTC-USDT-SWAP,sell,long,0.29,64969
2026-08-07T14:01:09.326+00:00,1786111269326,BTC-USDT-SWAP,buy,short,2,64968.3
2026-08-07T14:02:20.186+00:00,1786111340186,BTC-USDT-SWAP,sell,long,0.34,64858.2
2026-08-07T14:02:20.066+00:00,1786111340066,BTC-USDT-SWAP,sell,long,3.06,64860
2026-08-07T14:02:19.515+00:00,1786111339515,BTC-USDT-SWAP,sell,long,3.38,64865.3
2026-08-07T14:02:18.992+00:00,1786111338992,BTC-USDT-SWAP,sell,long,3.15,64869.8
2026-08-07T14:02:18.963+00:00,1786111338963,BTC-USDT-SWAP,sell,long,766.56,64869.8
2026-08-07T14:02:17.733+00:00,1786111337733,BTC-USDT-SWAP,sell,long,0.16,64878.7
2026-08-07T14:02:16.032+00:00,1786111336032,BTC-USDT-SWAP,sell,long,0.23,64882.7
2026-08-07T14:02:15.901+00:00,1786111335901,BTC-USDT-SWAP,sell,long,49.71,64882.7
2026-08-07T14:02:15.604+00:00,1786111335604,BTC-USDT-SWAP,sell,long,122.71,64886.6
2026-08-07T14:02:14.888+00:00,1786111334888,BTC-USDT-SWAP,sell,long,0.01,64894
2026-08-07T14:02:14.853+00:00,1786111334853,BTC-USDT-SWAP,sell,long,0.33,64890.8
2026-08-07T14:02:14.832+00:00,1786111334832,BTC-USDT-SWAP,sell,long,0.94,64894
2026-08-07T14:02:14.792+00:00,1786111334792,BTC-USDT-SWAP,sell,long,0.28,64894
2026-08-07T14:02:14.736+00:00,1786111334736,BTC-USDT-SWAP,sell,long,27.08,64894
2026-08-07T14:02:13.106+00:00,1786111333106,BTC-USDT-SWAP,sell,long,43.09,64906.2
2026-08-07T14:02:03.105+00:00,1786111323105,BTC-USDT-SWAP,sell,long,4.28,64918.3
2026-08-07T14:01:52.903+00:00,1786111312903,BTC-USDT-SWAP,sell,long,1.48,64914.8
2026-08-07T14:01:52.816+00:00,1786111312816,BTC-USDT-SWAP,sell,long,0.37,64915.5
2026-08-07T14:01:49.514+00:00,1786111309514,BTC-USDT-SWAP,sell,long,1.87,64931.7
2026-08-07T14:01:48.847+00:00,1786111308847,BTC-USDT-SWAP,sell,long,9.12,64933.2
2026-08-07T14:01:48.502+00:00,1786111308502,BTC-USDT-SWAP,sell,long,21.62,64935.7
2026-08-07T14:01:48.459+00:00,1786111308459,BTC-USDT-SWAP,sell,long,1.04,64935.7
2026-08-07T14:01:48.440+00:00,1786111308440,BTC-USDT-SWAP,sell,long,0.73,64935.7
2026-08-07T14:04:14.924+00:00,1786111454924,BTC-USDT-SWAP,sell,long,1.48,64817.2
2026-08-07T14:04:13.697+00:00,1786111453697,BTC-USDT-SWAP,sell,long,1.19,64821.6
2026-08-07T14:04:13.693+00:00,1786111453693,BTC-USDT-SWAP,sell,long,0.2,64821.6
2026-08-07T14:04:13.641+00:00,1786111453641,BTC-USDT-SWAP,sell,long,0.29,64821.6
2026-08-07T14:04:13.603+00:00,1786111453603,BTC-USDT-SWAP,sell,long,95.86,64821.6
2026-08-07T14:04:13.580+00:00,1786111453580,BTC-USDT-SWAP,sell,long,132.88,64821.6
2026-08-07T14:04:13.454+00:00,1786111453454,BTC-USDT-SWAP,sell,long,2,64825.2
2026-08-07T14:04:13.450+00:00,1786111453450,BTC-USDT-SWAP,sell,long,0.64,64825.2
2026-08-07T14:04:13.308+00:00,1786111453308,BTC-USDT-SWAP,sell,long,0.03,64828
2026-08-07T14:04:13.301+00:00,1786111453301,BTC-USDT-SWAP,sell,long,0.66,64828
2026-08-07T14:04:13.281+00:00,1786111453281,BTC-USDT-SWAP,sell,long,1.27,64828
2026-08-07T14:04:13.270+00:00,1786111453270,BTC-USDT-SWAP,sell,long,0.66,64828
2026-08-07T14:04:12.828+00:00,1786111452828,BTC-USDT-SWAP,sell,long,0.48,64831.6
2026-08-07T14:04:11.645+00:00,1786111451645,BTC-USDT-SWAP,sell,long,0.27,64833.9
2026-08-07T14:04:11.567+00:00,1786111451567,BTC-USDT-SWAP,sell,long,1.56,64833.9
2026-08-07T14:04:10.830+00:00,1786111450830,BTC-USDT-SWAP,sell,long,0.5,64836.1
2026-08-07T14:04:10.830+00:00,1786111450830,BTC-USDT-SWAP,sell,long,0.08,64836.1
2026-08-07T14:04:10.830+00:00,1786111450830,BTC-USDT-SWAP,sell,long,0.07,64836.1
2026-08-07T14:04:10.810+00:00,1786111450810,BTC-USDT-SWAP,sell,long,0.2,64836.1
2026-08-07T14:04:10.780+00:00,1786111450780,BTC-USDT-SWAP,sell,long,13.94,64836.1
2026-08-07T14:04:10.538+00:00,1786111450538,BTC-USDT-SWAP,sell,long,4.34,64849.7
2026-08-07T14:04:07.832+00:00,1786111447832,BTC-USDT-SWAP,sell,long,5.92,64870.4
2026-08-07T14:05:03.652+00:00,1786111503652,BTC-USDT-SWAP,sell,long,2.79,64804.1
2026-08-07T14:05:03.008+00:00,1786111503008,BTC-USDT-SWAP,sell,long,20,64806.8
2026-08-07T14:05:02.931+00:00,1786111502931,BTC-USDT-SWAP,sell,long,3.18,64806.8
2026-08-07T14:05:02.907+00:00,1786111502907,BTC-USDT-SWAP,sell,long,2.28,64806.8
2026-08-07T14:05:02.885+00:00,1786111502885,BTC-USDT-SWAP,sell,long,0.42,64806.8
2026-08-07T14:05:02.333+00:00,1786111502333,BTC-USDT-SWAP,sell,long,0.03,64809.4
2026-08-07T14:05:02.221+00:00,1786111502221,BTC-USDT-SWAP,sell,long,0.51,64809.4
2026-08-07T14:05:01.985+00:00,1786111501985,BTC-USDT-SWAP,sell,long,1.83,64810.5
2026-08-07T14:05:01.815+00:00,1786111501815,BTC-USDT-SWAP,sell,long,2.47,64816
2026-08-07T14:06:07.801+00:00,1786111567801,BTC-USDT-SWAP,sell,long,0.01,64777.4
2026-08-07T14:06:04.996+00:00,1786111564996,BTC-USDT-SWAP,sell,long,1.17,64774.2
2026-08-07T14:06:04.942+00:00,1786111564942,BTC-USDT-SWAP,sell,long,0.3,64774.2
2026-08-07T14:06:03.539+00:00,1786111563539,BTC-USDT-SWAP,sell,long,0.22,64779.2
2026-08-07T14:06:03.468+00:00,1786111563468,BTC-USDT-SWAP,sell,long,17.5,64779.2
2026-08-07T14:06:03.170+00:00,1786111563170,BTC-USDT-SWAP,sell,long,3.06,64781.1
2026-08-07T14:06:03.167+00:00,1786111563167,BTC-USDT-SWAP,sell,long,0.19,64781.1
2026-08-07T14:06:02.822+00:00,1786111562822,BTC-USDT-SWAP,sell,long,0.36,64782.9
2026-08-07T14:06:02.532+00:00,1786111562532,BTC-USDT-SWAP,sell,long,0.47,64783.7
2026-08-07T14:06:02.368+00:00,1786111562368,BTC-USDT-SWAP,sell,long,2.14,64786.4
2026-08-07T14:06:02.294+00:00,1786111562294,BTC-USDT-SWAP,sell,long,13.84,64786.4
2026-08-07T14:06:00.918+00:00,1786111560918,BTC-USDT-SWAP,sell,long,1.26,64791.2
2026-08-07T14:06:00.917+00:00,1786111560917,BTC-USDT-SWAP,sell,long,0.39,64791.2
2026-08-07T14:06:00.869+00:00,1786111560869,BTC-USDT-SWAP,sell,long,2.23,64791.2
2026-08-07T14:06:00.861+00:00,1786111560861,BTC-USDT-SWAP,sell,long,43.41,64791.2
2026-08-07T14:06:00.739+00:00,1786111560739,BTC-USDT-SWAP,sell,long,8.79,64798.8
2026-08-07T14:06:00.690+00:00,1786111560690,BTC-USDT-SWAP,sell,long,0.03,64798.8
2026-08-07T14:06:00.473+00:00,1786111560473,BTC-USDT-SWAP,sell,long,0.73,64803.2
2026-08-07T14:06:00.355+00:00,1786111560355,BTC-USDT-SWAP,sell,long,0.08,64803.2
2026-08-07T14:12:45.694+00:00,1786111965694,BTC-USDT-SWAP,sell,long,1.66,64751.2
2026-08-07T14:12:12.416+00:00,1786111932416,BTC-USDT-SWAP,sell,long,120.59,64752.1
2026-08-07T14:12:11.860+00:00,1786111931860,BTC-USDT-SWAP,sell,long,2.33,64752.3
2026-08-07T14:12:04.400+00:00,1786111924400,BTC-USDT-SWAP,sell,long,3.82,64760
2026-08-07T14:12:04.380+00:00,1786111924380,BTC-USDT-SWAP,sell,long,0.02,64760
2026-08-07T14:12:04.369+00:00,1786111924369,BTC-USDT-SWAP,sell,long,5.89,64760
2026-08-07T14:27:02.056+00:00,1786112822056,BTC-USDT-SWAP,buy,short,2.57,65152.8
2026-08-07T14:27:01.933+00:00,1786112821933,BTC-USDT-SWAP,buy,short,0.21,65151.5
2026-08-07T14:27:01.856+00:00,1786112821856,BTC-USDT-SWAP,buy,short,72.61,65151.5
2026-08-07T14:27:01.829+00:00,1786112821829,BTC-USDT-SWAP,buy,short,2.39,65151.5
2026-08-07T14:27:01.476+00:00,1786112821476,BTC-USDT-SWAP,buy,short,0.11,65146.9
2026-08-07T14:27:01.462+00:00,1786112821462,BTC-USDT-SWAP,buy,short,33.13,65146.9
2026-08-07T14:27:01.139+00:00,1786112821139,BTC-USDT-SWAP,buy,short,1.72,65141.2
2026-08-07T14:26:52.847+00:00,1786112812847,BTC-USDT-SWAP,buy,short,11.76,65136.3
2026-08-07T14:26:52.230+00:00,1786112812230,BTC-USDT-SWAP,buy,short,0.01,65125.9
2026-08-07T14:26:49.434+00:00,1786112809434,BTC-USDT-SWAP,buy,short,12.9,65107
2026-08-07T14:27:47.883+00:00,1786112867883,BTC-USDT-SWAP,buy,short,1.2,65208.4
2026-08-07T14:27:47.459+00:00,1786112867459,BTC-USDT-SWAP,buy,short,0.3,65205.7
2026-08-07T14:27:44.334+00:00,1786112864334,BTC-USDT-SWAP,buy,short,3.34,65199.4
2026-08-07T14:27:44.220+00:00,1786112864220,BTC-USDT-SWAP,buy,short,1.06,65199.4
2026-08-07T14:27:39.999+00:00,1786112859999,BTC-USDT-SWAP,buy,short,20,65194.5
2026-08-07T14:27:39.828+00:00,1786112859828,BTC-USDT-SWAP,buy,short,2.52,65193.6
2026-08-07T14:27:39.653+00:00,1786112859653,BTC-USDT-SWAP,buy,short,1.03,65191.8
2026-08-07T14:27:34.137+00:00,1786112854137,BTC-USDT-SWAP,buy,short,0.01,65187.6
2026-08-07T14:27:33.965+00:00,1786112853965,BTC-USDT-SWAP,buy,short,24,65185.6
2026-08-07T14:27:32.913+00:00,1786112852913,BTC-USDT-SWAP,buy,short,3.92,65182
2026-08-07T14:27:31.453+00:00,1786112851453,BTC-USDT-SWAP,buy,short,4,65176
2026-08-07T14:27:31.401+00:00,1786112851401,BTC-USDT-SWAP,buy,short,30.17,65176
2026-08-07T14:27:29.293+00:00,1786112849293,BTC-USDT-SWAP,buy,short,13.99,65171.9
2026-08-07T14:27:29.246+00:00,1786112849246,BTC-USDT-SWAP,buy,short,0.7,65171.9
2026-08-07T14:27:29.212+00:00,1786112849212,BTC-USDT-SWAP,buy,short,0.48,65171.9
2026-08-07T14:27:28.727+00:00,1786112848727,BTC-USDT-SWAP,buy,short,0.16,65165.5
2026-08-07T14:27:28.681+00:00,1786112848681,BTC-USDT-SWAP,buy,short,0.01,65165.5
2026-08-07T14:27:28.079+00:00,1786112848079,BTC-USDT-SWAP,buy,short,6,65159.1
2026-08-07T14:27:27.980+00:00,1786112847980,BTC-USDT-SWAP,buy,short,1.8,65159.1
2026-08-07T14:38:31.963+00:00,1786113511963,BTC-USDT-SWAP,buy,short,40,65219.3
2026-08-07T14:38:30.741+00:00,1786113510741,BTC-USDT-SWAP,buy,short,1.63,65216.3
2026-08-07T14:38:30.712+00:00,1786113510712,BTC-USDT-SWAP,buy,short,1.49,65216.3
2026-08-07T14:38:13.265+00:00,1786113493265,BTC-USDT-SWAP,buy,short,2.73,65213.9
2026-08-07T14:37:50.353+00:00,1786113470353,BTC-USDT-SWAP,buy,short,0.14,65210.6
2026-08-07T14:37:50.202+00:00,1786113470202,BTC-USDT-SWAP,buy,short,60.85,65210.6
2026-08-07T14:37:49.832+00:00,1786113469832,BTC-USDT-SWAP,buy,short,5.28,65207.5
2026-08-07T14:38:40.946+00:00,1786113520946,BTC-USDT-SWAP,buy,short,13.54,65244.9
2026-08-07T14:38:40.918+00:00,1786113520918,BTC-USDT-SWAP,buy,short,10.94,65244.9
2026-08-07T14:38:40.850+00:00,1786113520850,BTC-USDT-SWAP,buy,short,0.19,65244.9
2026-08-07T14:52:10.321+00:00,1786114330321,BTC-USDT-SWAP,sell,long,0.37,64939.5
2026-08-07T16:07:50.053+00:00,1786118870053,BTC-USDT-SWAP,sell,long,0.49,64980.5
2026-08-07T16:31:30.058+00:00,1786120290058,BTC-USDT-SWAP,sell,long,0.38,64838.7
2026-08-07T16:31:30.039+00:00,1786120290039,BTC-USDT-SWAP,sell,long,2.54,64838.7
2026-08-07T16:52:47.675+00:00,1786121567675,BTC-USDT-SWAP,sell,long,1.23,64867.4
2026-08-07T16:56:25.517+00:00,1786121785517,BTC-USDT-SWAP,sell,long,0.01,64804.1
2026-08-07T16:59:01.407+00:00,1786121941407,BTC-USDT-SWAP,buy,short,2.58,64806.8
2026-08-07T16:59:48.842+00:00,1786121988842,BTC-USDT-SWAP,sell,long,0.47,64781.8
2026-08-07T16:59:48.770+00:00,1786121988770,BTC-USDT-SWAP,sell,long,7.04,64781.8
2026-08-07T16:59:45.805+00:00,1786121985805,BTC-USDT-SWAP,sell,long,59.64,64788.1
2026-08-07T17:01:20.483+00:00,1786122080483,BTC-USDT-SWAP,sell,long,1.22,64761.8
2026-08-07T17:01:20.384+00:00,1786122080384,BTC-USDT-SWAP,sell,long,0.04,64770.4
2026-08-07T17:02:29.159+00:00,1786122149159,BTC-USDT-SWAP,sell,long,14.09,64679.9
2026-08-07T17:02:28.979+00:00,1786122148979,BTC-USDT-SWAP,sell,long,5.07,64682.4
2026-08-07T17:02:28.956+00:00,1786122148956,BTC-USDT-SWAP,sell,long,1.44,64682.4
2026-08-07T17:02:28.936+00:00,1786122148936,BTC-USDT-SWAP,sell,long,1.29,64682.4
2026-08-07T17:02:28.903+00:00,1786122148903,BTC-USDT-SWAP,sell,long,1.41,64682.4
2026-08-07T17:02:28.903+00:00,1786122148903,BTC-USDT-SWAP,sell,long,3.07,64682.4
2026-08-07T17:02:28.764+00:00,1786122148764,BTC-USDT-SWAP,sell,long,62.86,64696.6
2026-08-07T17:02:23.141+00:00,1786122143141,BTC-USDT-SWAP,sell,long,10.85,64701.4
2026-08-07T17:02:19.147+00:00,1786122139147,BTC-USDT-SWAP,sell,long,14.56,64706.1
2026-08-07T17:02:19.047+00:00,1786122139047,BTC-USDT-SWAP,sell,long,0.13,64706.1
2026-08-07T17:02:18.705+00:00,1786122138705,BTC-USDT-SWAP,sell,long,1.1,64715.3
2026-08-07T17:02:18.557+00:00,1786122138557,BTC-USDT-SWAP,sell,long,0.02,64721.2
2026-08-07T17:02:18.470+00:00,1786122138470,BTC-USDT-SWAP,sell,long,12.55,64721.2
2026-08-07T17:02:16.163+00:00,1786122136163,BTC-USDT-SWAP,sell,long,5.64,64733.4
2026-08-07T17:02:13.772+00:00,1786122133772,BTC-USDT-SWAP,sell,long,0.98,64734.4
2026-08-07T17:02:13.548+00:00,1786122133548,BTC-USDT-SWAP,sell,long,0.58,64736.3
2026-08-07T17:02:13.498+00:00,1786122133498,BTC-USDT-SWAP,sell,long,9.21,64736.3
2026-08-07T17:02:07.561+00:00,1786122127561,BTC-USDT-SWAP,sell,long,11.54,64740.4
2026-08-07T17:02:07.128+00:00,1786122127128,BTC-USDT-SWAP,sell,long,0.1,64740.9
2026-08-07T17:02:06.745+00:00,1786122126745,BTC-USDT-SWAP,sell,long,10.39,64742.6
2026-08-07T17:02:04.739+00:00,1786122124739,BTC-USDT-SWAP,sell,long,46.01,64750
2026-08-07T17:02:04.615+00:00,1786122124615,BTC-USDT-SWAP,sell,long,0.14,64750
2026-08-07T17:03:28.675+00:00,1786122208675,BTC-USDT-SWAP,buy,short,0.62,64735.2
2026-08-07T17:02:55.727+00:00,1786122175727,BTC-USDT-SWAP,sell,long,0.27,64674
2026-08-07T17:13:02.548+00:00,1786122782548,BTC-USDT-SWAP,sell,long,0.28,64671.8
2026-08-07T17:13:59.352+00:00,1786122839352,BTC-USDT-SWAP,sell,long,0.09,64661.9
2026-08-07T17:13:58.674+00:00,1786122838674,BTC-USDT-SWAP,sell,long,0.36,64663.3
2026-08-07T17:15:40.575+00:00,1786122940575,BTC-USDT-SWAP,sell,long,0.09,64626
2026-08-07T17:15:40.513+00:00,1786122940513,BTC-USDT-SWAP,sell,long,0.26,64626
2026-08-07T17:15:40.396+00:00,1786122940396,BTC-USDT-SWAP,sell,long,14.74,64626
2026-08-07T17:15:39.934+00:00,1786122939934,BTC-USDT-SWAP,sell,long,0.71,64626.1
2026-08-07T17:15:38.260+00:00,1786122938260,BTC-USDT-SWAP,sell,long,2.97,64626.5
2026-08-07T17:15:36.185+00:00,1786122936185,BTC-USDT-SWAP,sell,long,6.21,64627.3
2026-08-07T17:15:34.230+00:00,1786122934230,BTC-USDT-SWAP,sell,long,1.53,64629.2
2026-08-07T17:15:34.059+00:00,1786122934059,BTC-USDT-SWAP,sell,long,4.47,64630
2026-08-07T17:15:33.996+00:00,1786122933996,BTC-USDT-SWAP,sell,long,0.7,64630
2026-08-07T17:15:33.982+00:00,1786122933982,BTC-USDT-SWAP,sell,long,0.29,64630
2026-08-07T17:15:33.949+00:00,1786122933949,BTC-USDT-SWAP,sell,long,0.41,64635.4
2026-08-07T17:15:33.161+00:00,1786122933161,BTC-USDT-SWAP,sell,long,0.06,64639.1
2026-08-07T17:15:33.113+00:00,1786122933113,BTC-USDT-SWAP,sell,long,0.03,64639.2
2026-08-07T17:15:33.029+00:00,1786122933029,BTC-USDT-SWAP,sell,long,0.73,64639.2
2026-08-07T17:15:32.719+00:00,1786122932719,BTC-USDT-SWAP,sell,long,26.14,64640.8
2026-08-07T17:15:07.821+00:00,1786122907821,BTC-USDT-SWAP,sell,long,178.53,64643.7
2026-08-07T17:15:06.429+00:00,1786122906429,BTC-USDT-SWAP,sell,long,1.5,64644.1
2026-08-07T17:15:06.077+00:00,1786122906077,BTC-USDT-SWAP,sell,long,1.2,64644.5
2026-08-07T17:15:06.030+00:00,1786122906030,BTC-USDT-SWAP,sell,long,2.2,64644.5
2026-08-07T17:15:05.942+00:00,1786122905942,BTC-USDT-SWAP,sell,long,2.77,64646.8
2026-08-07T17:15:05.906+00:00,1786122905906,BTC-USDT-SWAP,sell,long,0.69,64646.8
2026-08-07T17:15:05.207+00:00,1786122905207,BTC-USDT-SWAP,sell,long,0.09,64657.8
2026-08-07T17:21:30.222+00:00,1786123290222,BTC-USDT-SWAP,sell,long,4.26,64664.6
2026-08-07T17:22:26.906+00:00,1786123346906,BTC-USDT-SWAP,sell,long,0.08,64619.3
2026-08-07T17:22:26.813+00:00,1786123346813,BTC-USDT-SWAP,sell,long,0.51,64619.2
2026-08-07T17:22:25.682+00:00,1786123345682,BTC-USDT-SWAP,sell,long,61.32,64621.1
2026-08-07T17:22:24.993+00:00,1786123344993,BTC-USDT-SWAP,sell,long,0.19,64623
2026-08-07T17:22:10.534+00:00,1786123330534,BTC-USDT-SWAP,sell,long,100.02,64624.2
2026-08-07T17:22:10.381+00:00,1786123330381,BTC-USDT-SWAP,sell,long,0.13,64624.3
2026-08-07T17:23:16.334+00:00,1786123396334,BTC-USDT-SWAP,sell,long,6.92,64609.3
2026-08-07T17:23:16.259+00:00,1786123396259,BTC-USDT-SWAP,sell,long,10.89,64609.3
2026-08-07T17:23:16.186+00:00,1786123396186,BTC-USDT-SWAP,sell,long,0.01,64609.3
2026-08-07T17:23:15.516+00:00,1786123395516,BTC-USDT-SWAP,sell,long,3.6,64612.6
2026-08-07T17:23:13.481+00:00,1786123393481,BTC-USDT-SWAP,sell,long,0.49,64613.4
2026-08-07T17:23:10.421+00:00,1786123390421,BTC-USDT-SWAP,sell,long,18.48,64615.3
2026-08-07T17:23:09.920+00:00,1786123389920,BTC-USDT-SWAP,sell,long,0.22,64616.4
2026-08-07T17:23:08.267+00:00,1786123388267,BTC-USDT-SWAP,sell,long,0.08,64616.7
2026-08-07T17:23:07.619+00:00,1786123387619,BTC-USDT-SWAP,sell,long,27.81,64617.3
2026-08-07T17:24:56.102+00:00,1786123496102,BTC-USDT-SWAP,sell,long,0.14,64588.9
2026-08-07T17:24:56.076+00:00,1786123496076,BTC-USDT-SWAP,sell,long,0.2,64588.9
2026-08-07T17:24:56.022+00:00,1786123496022,BTC-USDT-SWAP,sell,long,0.02,64588.9
2026-08-07T17:24:56.009+00:00,1786123496009,BTC-USDT-SWAP,sell,long,0.07,64588.9
2026-08-07T17:24:56.005+00:00,1786123496005,BTC-USDT-SWAP,sell,long,20,64588.9
2026-08-07T17:24:55.963+00:00,1786123495963,BTC-USDT-SWAP,sell,long,1.71,64588.9
2026-08-07T17:24:55.672+00:00,1786123495672,BTC-USDT-SWAP,sell,long,0.38,64597.6
2026-08-07T17:24:55.664+00:00,1786123495664,BTC-USDT-SWAP,sell,long,0.2,64597.6
2026-08-07T17:24:55.372+00:00,1786123495372,BTC-USDT-SWAP,sell,long,6.49,64600.1
2026-08-07T17:24:55.259+00:00,1786123495259,BTC-USDT-SWAP,sell,long,0.03,64603.3
2026-08-07T17:24:54.498+00:00,1786123494498,BTC-USDT-SWAP,sell,long,3.23,64605
2026-08-07T17:27:38.317+00:00,1786123658317,BTC-USDT-SWAP,sell,long,8.79,64579.3
2026-08-07T17:27:36.689+00:00,1786123656689,BTC-USDT-SWAP,sell,long,1.84,64580.5
2026-08-07T17:27:36.122+00:00,1786123656122,BTC-USDT-SWAP,sell,long,0.07,64581.4
2026-08-07T17:27:35.994+00:00,1786123655994,BTC-USDT-SWAP,sell,long,7.24,64581
2026-08-07T17:27:35.193+00:00,1786123655193,BTC-USDT-SWAP,sell,long,2.79,64581.8
2026-08-07T17:27:16.945+00:00,1786123636945,BTC-USDT-SWAP,sell,long,1.58,64583.9
2026-08-07T17:27:16.936+00:00,1786123636936,BTC-USDT-SWAP,sell,long,1.3,64583.9
2026-08-07T17:27:16.673+00:00,1786123636673,BTC-USDT-SWAP,sell,long,0.13,64585.9
2026-08-07T17:27:16.631+00:00,1786123636631,BTC-USDT-SWAP,sell,long,0.36,64585.9
2026-08-07T17:27:16.496+00:00,1786123636496,BTC-USDT-SWAP,sell,long,4.59,64585.9
2026-08-07T17:28:52.895+00:00,1786123732895,BTC-USDT-SWAP,sell,long,1.97,64556.8
2026-08-07T17:28:52.426+00:00,1786123732426,BTC-USDT-SWAP,sell,long,0.44,64557.6
2026-08-07T17:28:52.305+00:00,1786123732305,BTC-USDT-SWAP,sell,long,1.79,64557.6
2026-08-07T17:28:50.376+00:00,1786123730376,BTC-USDT-SWAP,sell,long,0.29,64559.9
2026-08-07T17:28:48.388+00:00,1786123728388,BTC-USDT-SWAP,sell,long,1.3,64560.2
2026-08-07T17:28:47.158+00:00,1786123727158,BTC-USDT-SWAP,sell,long,1.41,64560.6
2026-08-07T17:28:47.097+00:00,1786123727097,BTC-USDT-SWAP,sell,long,14.59,64560.6
2026-08-07T17:28:46.049+00:00,1786123726049,BTC-USDT-SWAP,sell,long,2.17,64563.1
2026-08-07T17:28:45.424+00:00,1786123725424,BTC-USDT-SWAP,sell,long,4.37,64563.7
2026-08-07T17:28:45.257+00:00,1786123725257,BTC-USDT-SWAP,sell,long,0.02,64563.7
2026-08-07T17:28:44.186+00:00,1786123724186,BTC-USDT-SWAP,sell,long,0.51,64569.5
2026-08-07T17:28:44.182+00:00,1786123724182,BTC-USDT-SWAP,sell,long,0.03,64569.5
2026-08-07T17:28:44.126+00:00,1786123724126,BTC-USDT-SWAP,sell,long,1.88,64569.5
2026-08-07T17:28:44.093+00:00,1786123724093,BTC-USDT-SWAP,sell,long,4.3,64569.5
2026-08-07T17:28:44.030+00:00,1786123724030,BTC-USDT-SWAP,sell,long,0.18,64569.5
2026-08-07T17:28:36.124+00:00,1786123716124,BTC-USDT-SWAP,sell,long,45.98,64578.4
2026-08-07T17:28:32.343+00:00,1786123712343,BTC-USDT-SWAP,sell,long,0.23,64579.2
2026-08-07T17:29:18.296+00:00,1786123758296,BTC-USDT-SWAP,sell,long,0.18,64546.8
2026-08-07T17:29:18.278+00:00,1786123758278,BTC-USDT-SWAP,sell,long,2.36,64546.8
2026-08-07T17:29:18.096+00:00,1786123758096,BTC-USDT-SWAP,sell,long,1.1,64550.6
2026-08-07T17:29:18.065+00:00,1786123758065,BTC-USDT-SWAP,sell,long,10.89,64550.6
2026-08-07T17:29:13.357+00:00,1786123753357,BTC-USDT-SWAP,sell,long,0.72,64555.5
2026-08-07T17:29:13.199+00:00,1786123753199,BTC-USDT-SWAP,sell,long,0.22,64555.6
2026-08-07T17:31:09.944+00:00,1786123869944,BTC-USDT-SWAP,sell,long,1.46,64542.2
2026-08-07T17:31:09.069+00:00,1786123869069,BTC-USDT-SWAP,sell,long,0.38,64542.9
2026-08-07T17:31:06.460+00:00,1786123866460,BTC-USDT-SWAP,sell,long,10.17,64544.1
2026-08-07T17:31:00.920+00:00,1786123860920,BTC-USDT-SWAP,sell,long,0.38,64545.7
2026-08-07T17:32:01.246+00:00,1786123921246,BTC-USDT-SWAP,sell,long,0.02,64515.5
2026-08-07T17:32:01.134+00:00,1786123921134,BTC-USDT-SWAP,sell,long,0.06,64518.8
2026-08-07T17:32:01.106+00:00,1786123921106,BTC-USDT-SWAP,sell,long,6.84,64515.5
2026-08-07T17:32:01.062+00:00,1786123921062,BTC-USDT-SWAP,sell,long,0.64,64518.8
2026-08-07T17:31:57.854+00:00,1786123917854,BTC-USDT-SWAP,sell,long,104.17,64523.2
2026-08-07T17:31:44.859+00:00,1786123904859,BTC-USDT-SWAP,sell,long,0.03,64527.2
2026-08-07T17:31:43.416+00:00,1786123903416,BTC-USDT-SWAP,sell,long,3.82,64529.9
2026-08-07T17:31:41.929+00:00,1786123901929,BTC-USDT-SWAP,sell,long,4.12,64530.6
2026-08-07T17:31:40.434+00:00,1786123900434,BTC-USDT-SWAP,sell,long,14.67,64537.1
2026-08-07T17:31:23.121+00:00,1786123883121,BTC-USDT-SWAP,sell,long,0.2,64539.8
2026-08-07T17:33:04.733+00:00,1786123984733,BTC-USDT-SWAP,sell,long,3,64492.9
2026-08-07T17:33:04.602+00:00,1786123984602,BTC-USDT-SWAP,sell,long,0.18,64499.9
2026-08-07T17:33:04.598+00:00,1786123984598,BTC-USDT-SWAP,sell,long,0.67,64492.9
2026-08-07T17:33:04.594+00:00,1786123984594,BTC-USDT-SWAP,sell,long,0.2,64492.9
2026-08-07T17:33:04.563+00:00,1786123984563,BTC-USDT-SWAP,sell,long,3.43,64499.9
2026-08-07T17:33:04.443+00:00,1786123984443,BTC-USDT-SWAP,sell,long,2.09,64499.9
2026-08-07T17:33:04.119+00:00,1786123984119,BTC-USDT-SWAP,sell,long,71.76,64504.9
2026-08-07T17:33:04.119+00:00,1786123984119,BTC-USDT-SWAP,sell,long,0.49,64504.9
2026-08-07T17:33:04.109+00:00,1786123984109,BTC-USDT-SWAP,sell,long,0.02,64504.9
2026-08-07T17:33:04.023+00:00,1786123984023,BTC-USDT-SWAP,sell,long,0.21,64504.9
2026-08-07T17:33:03.744+00:00,1786123983744,BTC-USDT-SWAP,sell,long,0.65,64507.8
2026-08-07T17:33:03.701+00:00,1786123983701,BTC-USDT-SWAP,sell,long,1.29,64507.8
2026-08-07T17:33:02.569+00:00,1786123982569,BTC-USDT-SWAP,sell,long,5.71,64510.2
2026-08-07T17:32:37.373+00:00,1786123957373,BTC-USDT-SWAP,sell,long,43.67,64512.4
2026-08-07T17:32:19.192+00:00,1786123939192,BTC-USDT-SWAP,sell,long,0.32,64514.7
2026-08-07T17:35:30.347+00:00,1786124130347,BTC-USDT-SWAP,buy,short,10,64548.5
2026-08-07T19:20:39.244+00:00,1786130439244,BTC-USDT-SWAP,buy,short,8.96,64876.6
2026-08-07T19:20:39.125+00:00,1786130439125,BTC-USDT-SWAP,buy,short,1.52,64873.6
2026-08-07T19:20:39.051+00:00,1786130439051,BTC-USDT-SWAP,buy,short,1.96,64873.6
2026-08-07T19:22:39.883+00:00,1786130559883,BTC-USDT-SWAP,buy,short,303.97,64892.6
2026-08-07T19:27:34.810+00:00,1786130854810,BTC-USDT-SWAP,buy,short,2.8,64935.4
2026-08-07T19:28:13.860+00:00,1786130893860,BTC-USDT-SWAP,buy,short,2.56,64961.2
2026-08-07T19:28:13.350+00:00,1786130893350,BTC-USDT-SWAP,buy,short,24.51,64955.1
2026-08-07T19:28:12.865+00:00,1786130892865,BTC-USDT-SWAP,buy,short,0.15,64947.1
2026-08-07T19:28:12.705+00:00,1786130892705,BTC-USDT-SWAP,buy,short,10,64943.3
2026-08-07T19:28:12.642+00:00,1786130892642,BTC-USDT-SWAP,buy,short,0.13,64943.3
2026-08-07T19:36:24.809+00:00,1786131384809,BTC-USDT-SWAP,buy,short,0.39,64996.3
2026-08-07T19:36:24.753+00:00,1786131384753,BTC-USDT-SWAP,buy,short,0.21,64996.3
2026-08-07T19:36:24.752+00:00,1786131384752,BTC-USDT-SWAP,buy,short,2.04,64996.3
2026-08-07T19:36:23.675+00:00,1786131383675,BTC-USDT-SWAP,buy,short,0.14,64986
2026-08-07T19:36:23.671+00:00,1786131383671,BTC-USDT-SWAP,buy,short,1.24,64986
2026-08-07T19:36:23.564+00:00,1786131383564,BTC-USDT-SWAP,buy,short,0.45,64984.5
2026-08-07T19:36:23.554+00:00,1786131383554,BTC-USDT-SWAP,buy,short,1.47,64984.5
2026-08-07T19:36:23.454+00:00,1786131383454,BTC-USDT-SWAP,buy,short,0.01,64984.5
2026-08-07T19:36:00.290+00:00,1786131360290,BTC-USDT-SWAP,buy,short,0.28,64967.4
2026-08-07T19:46:31.054+00:00,1786131991054,BTC-USDT-SWAP,buy,short,8.01,64975.3
2026-08-07T19:59:02.228+00:00,1786132742228,BTC-USDT-SWAP,buy,short,6.57,64955.2
2026-08-07T20:01:44.342+00:00,1786132904342,BTC-USDT-SWAP,buy,short,1.85,65020.2
2026-08-07T20:01:43.971+00:00,1786132903971,BTC-USDT-SWAP,buy,short,1.47,65017.2
2026-08-07T20:01:43.931+00:00,1786132903931,BTC-USDT-SWAP,buy,short,0.21,65017.2
2026-08-07T20:01:43.781+00:00,1786132903781,BTC-USDT-SWAP,buy,short,16.37,65005.2
2026-08-07T20:01:43.773+00:00,1786132903773,BTC-USDT-SWAP,buy,short,1.54,65017.2
2026-08-07T20:01:41.885+00:00,1786132901885,BTC-USDT-SWAP,buy,short,0.1,65000.6
2026-08-07T20:12:06.586+00:00,1786133526586,BTC-USDT-SWAP,buy,short,5,64971.2
2026-08-07T21:41:05.536+00:00,1786138865536,BTC-USDT-SWAP,buy,short,0.22,65072.9
2026-08-07T21:41:05.323+00:00,1786138865323,BTC-USDT-SWAP,buy,short,3,65068.1
2026-08-07T21:41:04.509+00:00,1786138864509,BTC-USDT-SWAP,buy,short,40,65060.7
2026-08-07T21:41:04.502+00:00,1786138864502,BTC-USDT-SWAP,buy,short,0.54,65060.7
2026-08-07T21:41:04.496+00:00,1786138864496,BTC-USDT-SWAP,buy,short,0.92,65060.7
2026-08-07T21:41:04.461+00:00,1786138864461,BTC-USDT-SWAP,buy,short,0.01,65069.9
2026-08-07T21:41:04.450+00:00,1786138864450,BTC-USDT-SWAP,buy,short,9.32,65060.7
2026-08-07T21:41:04.438+00:00,1786138864438,BTC-USDT-SWAP,buy,short,12.88,65060.7
2026-08-07T21:41:04.355+00:00,1786138864355,BTC-USDT-SWAP,buy,short,0.5,65060.7
2026-08-07T21:41:01.993+00:00,1786138861993,BTC-USDT-SWAP,buy,short,7.68,65021.9
