t_local,mt5_ms,mt5_bid,mt5_ask,okx_ms,okx_last,okx_bid,okx_ask,bid_sz1,ask_sz1,bid_sz5,ask_sz5,fetch_ms
2026-08-01T00:00:00.643+00:00,1785542398229,62826.4,62836.4,1785542398802,62891.05,62891.0,62891.1,1.12558287,1.47669172,1.29246421,1.8848432400000001,339.7
2026-08-01T00:00:03.039+00:00,1785542400304,62825.17,62835.17,1785542401202,62891.05,62891.0,62891.1,2.11243489,0.16054961,2.1340858599999994,0.37158198000000003,385.6
2026-08-01T00:00:05.391+00:00,1785542403049,62834.92,62844.92,1785542403552,62901.55,62901.5,62901.6,0.73280065,1.84458128,0.91792793,3.0436971600000002,349.8
2026-08-01T00:00:07.742+00:00,1785542405439,62833.9,62843.9,1785542405902,62901.55,62901.5,62901.6,0.73370082,1.72804632,0.8761994700000001,2.07680325,347.7
2026-08-01T00:00:10.094+00:00,1785542407628,62832.58,62842.58,1785542408252,62901.55,62901.5,62901.6,0.74893015,1.95942698,1.18362389,2.42105128,348.3
2026-08-01T00:00:12.443+00:00,1785542409573,62826.2,62836.2,1785542410602,62893.149999999994,62893.1,62893.2,1.29535124,2.22792877,1.5725814100000002,3.0184093400000003,346.0
2026-08-01T00:00:14.846+00:00,1785542411605,62823.2,62833.2,1785542413002,62893.149999999994,62893.1,62893.2,1.84013128,2.04155494,2.07310141,2.58634486,400.7
2026-08-01T00:00:17.194+00:00,1785542413676,62823.3,62833.3,1785542415352,62893.149999999994,62893.1,62893.2,2.02013128,1.46802456,2.2531014099999997,3.01365358,347.4
2026-08-01T00:00:19.595+00:00,1785542417410,62831.65,62841.65,1785542417752,62893.149999999994,62893.1,62893.2,2.44282771,0.15992729,2.8293310099999998,0.90026202,397.5
2026-08-01T00:00:21.945+00:00,1785542419425,62831.69,62841.69,1785542420102,62893.149999999994,62893.1,62893.2,2.27982266,1.03406585,2.5803942699999998,1.21873082,348.4
2026-08-01T00:00:24.343+00:00,1785542421451,62831.72,62841.72,1785542422502,62893.149999999994,62893.1,62893.2,2.27982266,0.99868591,2.5803942699999998,1.24326299,392.1
2026-08-01T00:00:26.742+00:00,1785542424501,62831.08,62841.08,1785542424902,62893.149999999994,62893.1,62893.2,2.2797878,0.98170019,2.53552776,1.16510737,398.0
2026-08-01T00:00:29.093+00:00,1785542426529,62826.79,62836.79,1785542427252,62893.149999999994,62893.1,62893.2,2.2797878,1.13904128,2.53552776,1.31256233,347.7
2026-08-01T00:00:31.496+00:00,1785542428609,62830.73,62840.73,1785542429652,62893.149999999994,62893.1,62893.2,2.2797878,1.06678653,2.53552776,1.24042411,400.4
2026-08-01T00:00:36.548+00:00,1785542433810,62830.19,62840.19,1785542432002,62893.149999999994,62893.1,62893.2,2.2797878,1.05852569,2.52928594,1.23224204,3045.5
2026-08-01T00:01:06.523+00:00,1785542464236,62831.49,62841.49,1785542437052,62893.149999999994,62893.1,62893.2,2.0233878,0.41524724,2.33288594,0.82877255,27972.2
2026-08-01T00:01:08.888+00:00,1785542466274,62830.33,62840.33,1785542467052,62893.149999999994,62893.1,62893.2,0.73458432,2.05035846,0.92690778,2.5765620799999995,363.6
2026-08-01T00:01:11.243+00:00,1785542468320,62828.57,62838.57,1785542469402,62893.149999999994,62893.1,62893.2,0.99744568,2.04430224,1.0424165900000002,2.5705057599999996,350.9
2026-08-01T00:01:13.644+00:00,1785542471392,62827.76,62837.76,1785542471802,62893.149999999994,62893.1,62893.2,0.99744568,2.04412408,1.0132829800000003,2.5703275599999995,395.8
2026-08-01T00:01:15.993+00:00,1785542473504,62824.45,62834.45,1785542474152,62893.149999999994,62893.1,62893.2,0.86392336,2.04409229,0.9090384100000001,2.5702957699999995,347.3
2026-08-01T00:01:18.347+00:00,1785542475730,62826.21,62836.21,1785542476502,62893.149999999994,62893.1,62893.2,1.66392336,1.6675044,1.7090384100000002,2.18623488,352.3
2026-08-01T00:01:20.695+00:00,1785542478148,62827.94,62837.94,1785542478852,62893.149999999994,62893.1,62893.2,1.66389536,1.6675044,1.70901041,2.18615587,345.1
2026-08-01T00:01:23.046+00:00,1785542478148,62827.94,62837.94,1785542481202,62893.149999999994,62893.1,62893.2,0.86389536,1.83156631,0.92555748,2.35776961,349.7
2026-08-01T00:01:25.395+00:00,1785542481339,62827.93,62837.93,1785542483552,62893.149999999994,62893.1,62893.2,1.58389536,1.66796631,1.6455574800000003,2.21008278,345.8
2026-08-01T00:01:27.745+00:00,1785542485668,62825.75,62835.75,1785542485902,62893.149999999994,62893.1,62893.2,1.58378014,1.66796631,1.6454422600000003,2.21008278,347.7
2026-08-01T00:01:30.146+00:00,1785542487687,62826.67,62836.67,1785542488302,62893.149999999994,62893.1,62893.2,1.58372768,1.7976798,1.6453898000000002,2.13962909,399.4
2026-08-01T00:01:32.542+00:00,1785542489715,62822.37,62832.37,1785542490702,62893.149999999994,62893.1,62893.2,1.58355904,1.86080264,1.6452211600000002,2.2020115099999997,395.4
2026-08-01T00:01:34.897+00:00,1785542492019,62823.43,62833.43,1785542493052,62893.149999999994,62893.1,62893.2,1.58355904,1.86016095,1.6452211600000002,2.20192313,351.7
2026-08-01T00:01:37.247+00:00,1785542495230,62824.16,62834.16,1785542495402,62893.149999999994,62893.1,62893.2,1.58342414,1.86612114,1.6450862600000002,2.20794012,347.5
2026-08-01T00:01:39.649+00:00,1785542497261,62825.6,62835.6,1785542497802,62893.149999999994,62893.1,62893.2,1.58342414,1.8613591,1.64517573,2.20317808,399.6
2026-08-01T00:01:42.005+00:00,1785542499308,62825.05,62835.05,1785542500152,62893.149999999994,62893.1,62893.2,1.64342414,1.8013591,1.7051757300000001,2.1195270099999997,349.7
2026-08-01T00:01:44.351+00:00,1785542501432,62824.9,62834.9,1785542502502,62893.149999999994,62893.1,62893.2,1.80702414,1.81067462,1.85305173,2.1288325399999994,342.5
2026-08-01T00:01:46.749+00:00,1785542504508,62845.1,62855.1,1785542504902,62906.850000000006,62906.8,62906.9,3.10520365,0.82379909,3.26493013,1.0337152600000001,394.1
2026-08-01T00:01:49.143+00:00,1785542506517,62842.63,62852.63,1785542507302,62906.850000000006,62906.8,62906.9,3.43151549,1.56371961,3.59124197,1.89441439,391.7
2026-08-01T00:01:51.497+00:00,1785542508652,62841.47,62851.47,1785542509652,62906.850000000006,62906.8,62906.9,3.42518708,0.8228469,3.58491356,1.1535416800000002,352.3
2026-08-01T00:01:53.895+00:00,1785542511831,62852.09,62862.09,1785542512052,62918.55,62918.5,62918.6,2.36807886,0.15047112,4.31960172,0.7974655799999999,396.1
2026-08-01T00:01:56.296+00:00,1785542513902,62855.81,62865.81,1785542514452,62918.55,62918.5,62918.6,3.412942,0.13067612,3.66402619,1.0627284000000001,399.7
2026-08-01T00:01:58.646+00:00,1785542516575,62860.55,62870.55,1785542516802,62929.45,62929.4,62929.5,2.71856669,0.69105055,3.02428498,1.4446179700000001,348.3
2026-08-01T00:02:00.997+00:00,1785542518131,62869.54,62879.54,1785542519152,62929.45,62929.4,62929.5,2.60014734,0.92442158,2.90586563,1.70102073,349.1
2026-08-01T00:02:03.345+00:00,1785542521274,62865.3,62875.3,1785542521502,62929.45,62929.4,62929.5,1.05570679,1.44516148,1.4849067799999998,2.7020511700000003,344.6
2026-08-01T00:02:05.746+00:00,1785542523346,62862.46,62872.46,1785542523902,62929.45,62929.4,62929.5,2.04291677,1.25246148,2.2864361,1.8600053,399.6
2026-08-01T00:02:08.147+00:00,1785542525899,62871.0,62881.0,1785542526302,62936.95,62936.9,62937.0,2.56089948,0.06419596,2.8340283999999993,0.54850705,397.2
2026-08-01T00:02:10.501+00:00,1785542527642,62873.42,62883.42,1785542528652,62936.95,62936.9,62937.0,2.59269262,0.75168652,2.72158057,0.9495245300000001,352.1
2026-08-01T00:02:12.897+00:00,1785542530658,62873.99,62883.99,1785542531052,62942.25,62942.2,62942.3,3.74498474,0.06266748,4.9881077000000005,0.21247045999999997,394.0
2026-08-01T00:02:15.247+00:00,1785542532506,62880.68,62890.68,1785542533402,62949.649999999994,62949.6,62949.7,3.71734583,1.13653932,4.06926799,2.2546676,348.4
2026-08-01T00:02:17.591+00:00,1785542535606,62877.76,62887.76,1785542535752,62949.649999999994,62949.6,62949.7,2.11711446,1.48711477,2.32077683,2.56801127,342.8
2026-08-01T00:02:19.954+00:00,1785542535606,62877.76,62887.76,1785542538102,62949.649999999994,62949.6,62949.7,2.04404072,1.45782097,2.2477453,2.45922224,359.7
2026-08-01T00:02:22.297+00:00,1785542539704,62877.77,62887.77,1785542540452,62949.649999999994,62949.6,62949.7,1.40315005,1.4573444,1.6068546300000002,2.45874567,341.1
2026-08-01T00:02:24.697+00:00,1785542542762,62880.3,62890.3,1785542542852,62949.649999999994,62949.6,62949.7,1.40259826,1.45711089,1.60630284,2.4585121599999997,397.8
2026-08-01T00:02:27.101+00:00,1785542544275,62885.89,62895.89,1785542545252,62949.649999999994,62949.6,62949.7,2.63427528,0.03699272,2.88288811,0.1062571,402.8
2026-08-01T00:02:29.498+00:00,1785542547439,62886.48,62896.48,1785542547652,62956.649999999994,62956.6,62956.7,1.78318658,1.66593376,2.03326438,1.8740969499999998,393.3
2026-08-01T00:02:31.900+00:00,1785542549527,62889.97,62899.97,1785542550052,62959.45,62959.4,62959.5,2.48433157,0.04467449,3.69540781,0.36093352,400.3
2026-08-01T00:02:34.250+00:00,1785542551660,62888.35,62898.35,1785542552402,62959.45,62959.4,62959.5,2.30287916,0.04467449,2.6209081999999997,0.38528811999999996,348.0
2026-08-01T00:02:36.649+00:00,1785542554029,62888.36,62898.36,1785542554802,62959.45,62959.4,62959.5,2.30287916,0.04467449,2.6209081999999997,0.38528811999999996,397.9
2026-08-01T00:02:38.997+00:00,1785542557003,62892.61,62902.61,1785542557152,62959.45,62959.4,62959.5,2.50239051,0.04525232,2.82041955,0.24293175,344.5
2026-08-01T00:02:41.348+00:00,1785542559248,62885.73,62895.73,1785542559502,62959.45,62959.4,62959.5,1.28579173,1.42603753,1.45829786,1.87505121,349.6
2026-08-01T00:02:43.702+00:00,1785542561265,62886.18,62896.18,1785542561852,62959.45,62959.4,62959.5,1.28579173,1.26243753,1.45829786,1.62642566,349.6
2026-08-01T00:02:46.053+00:00,1785542563728,62895.36,62905.36,1785542564202,62959.45,62959.4,62959.5,2.39537694,0.07375609,2.6195810399999995,0.14885830000000003,350.2
2026-08-01T00:02:48.395+00:00,1785542565840,62890.68,62900.68,1785542566552,62959.45,62959.4,62959.5,1.45829173,1.48167942,1.6307978600000002,1.7892093400000002,339.5
2026-08-01T00:02:50.873+00:00,1785542567883,62902.23,62912.23,1785542569002,62963.649999999994,62963.6,62963.7,3.76715411,0.0591112,3.9411570900000004,0.06094242000000001,477.0
2026-08-01T00:02:53.248+00:00,1785542570385,62889.68,62899.68,1785542571402,62963.649999999994,62963.6,62963.7,1.75590137,0.47129641,1.9049654599999999,0.6965747099999999,372.8
2026-08-01T00:02:55.596+00:00,1785542573499,62901.95,62911.95,1785542573752,62963.649999999994,62963.6,62963.7,1.91950137,0.0591112,2.2638124600000005,0.06094242000000001,339.0
2026-08-01T00:02:57.950+00:00,1785542575520,62901.86,62911.86,1785542576102,62963.649999999994,62963.6,62963.7,1.90401529,0.05752299,2.2482889000000004,0.05935421000000001,345.7
2026-08-01T00:03:00.301+00:00,1785542576523,62901.82,62911.82,1785542578452,62967.95,62967.9,62968.0,2.29825388,0.11872147,2.6409990499999996,1.14093063,341.6
2026-08-01T00:03:02.711+00:00,1785542578830,62903.21,62913.21,1785542580802,62967.95,62967.9,62968.0,1.20769834,2.21186615,1.43116928,2.73587807,407.6
2026-08-01T00:03:05.105+00:00,1785542583053,62902.57,62912.57,1785542583252,62967.95,62967.9,62968.0,2.1747383,0.85760768,2.38739862,1.1097037200000002,391.3
2026-08-01T00:03:07.499+00:00,1785542585181,62902.54,62912.54,1785542585652,62967.95,62967.9,62968.0,1.22641084,2.61471746,1.46654256,2.817477,388.2
2026-08-01T00:03:09.852+00:00,1785542587634,62902.95,62912.95,1785542588002,62967.95,62967.9,62968.0,1.18503696,2.09215353,1.4091658599999999,2.4159739799999995,349.4
2026-08-01T00:03:12.196+00:00,1785542589691,62902.91,62912.91,1785542590352,62967.95,62967.9,62968.0,1.95413696,1.92855353,2.17820713,2.2523739799999998,340.7
2026-08-01T00:03:14.547+00:00,1785542592236,62895.51,62905.51,1785542592702,62963.55,62963.5,62963.6,1.29379624,1.62991144,1.50238761,1.91662311,348.2
2026-08-01T00:03:16.898+00:00,1785542594407,62895.35,62905.35,1785542595052,62963.55,62963.5,62963.6,1.49232954,1.62616252,1.70076464,1.91293531,349.8
2026-08-01T00:03:19.247+00:00,1785542596506,62895.31,62905.31,1785542597402,62963.55,62963.5,62963.6,2.25421889,0.11333254,2.5151333600000005,0.44940434999999995,348.0
2026-08-01T00:03:22.349+00:00,1785542598508,62895.28,62905.28,1785542600502,62963.55,62963.5,62963.6,2.09061889,0.85324489,2.3515333600000003,1.14323487,361.6
2026-08-01T00:03:24.690+00:00,1785542602705,62895.22,62905.22,1785542602852,62963.55,62963.5,62963.6,2.09061889,0.11398046,2.40787306,0.34783941,339.3
2026-08-01T00:03:27.696+00:00,1785542603751,62895.21,62905.21,1785542605852,62965.95,62965.9,62966.0,3.32720142,0.20888733,3.4635441000000005,1.08807325,353.5
2026-08-01T00:03:30.046+00:00,1785542607279,62895.18,62905.18,1785542608202,62965.95,62965.9,62966.0,2.8032874,0.50201117,2.87707664,1.18275655,349.0
2026-08-01T00:03:32.397+00:00,1785542609530,62895.16,62905.16,1785542610552,62965.95,62965.9,62966.0,1.61721626,1.85437754,1.67630827,2.5809181299999997,349.2
2026-08-01T00:03:34.755+00:00,1785542611879,62891.49,62901.49,1785542612902,62965.95,62965.9,62966.0,1.6367663,1.82370654,1.69585831,2.55075083,356.6
2026-08-01T00:03:37.100+00:00,1785542613970,62891.03,62901.03,1785542615252,62965.95,62965.9,62966.0,2.0367663,1.61350874,2.09585831,2.34055288,341.8
2026-08-01T00:03:39.450+00:00,1785542617421,62890.62,62900.62,1785542617602,62965.95,62965.9,62966.0,1.8767663,1.61440874,1.9358537900000001,2.0604175600000003,349.0
2026-08-01T00:03:41.796+00:00,1785542619440,62890.61,62900.61,1785542619952,62965.95,62965.9,62966.0,2.3767663,0.90232573,2.43585379,1.32696325,343.2
2026-08-01T00:03:44.197+00:00,1785542621605,62890.6,62900.6,1785542622352,62965.95,62965.9,62966.0,1.6367663,1.3752211,1.69585379,1.61378047,399.6
2026-08-01T00:03:46.599+00:00,1785542621605,62890.6,62900.6,1785542624752,62965.95,62965.9,62966.0,1.6367663,1.3752211,1.72440471,1.74277904,398.5
2026-08-01T00:03:48.961+00:00,1785542626663,62896.48,62906.48,1785542627102,62965.95,62965.9,62966.0,2.3767663,1.2011539,2.4354061799999998,1.4381040699999998,359.9
2026-08-01T00:03:51.296+00:00,1785542627699,62895.69,62905.69,1785542629452,62965.95,62965.9,62966.0,1.63666438,1.2011539,1.69530426,1.43784238,333.4
2026-08-01T00:03:53.649+00:00,1785542629967,62895.7,62905.7,1785542631802,62965.95,62965.9,62966.0,2.43619376,0.8735945,2.5349078499999997,1.26381594,350.8
2026-08-01T00:03:55.999+00:00,1785542633029,62895.73,62905.73,1785542634152,62965.95,62965.9,62966.0,2.33619376,0.8735945,2.39483364,1.2637535899999999,349.2
2026-08-01T00:03:58.350+00:00,1785542635978,62899.64,62909.64,1785542636502,62965.95,62965.9,62966.0,0.46112629,2.37443923,0.87965512,2.4520670900000003,348.4
2026-08-01T00:04:00.700+00:00,1785542637830,62888.17,62898.17,1785542638852,62965.95,62965.9,62966.0,0.73352506,2.62060425,1.1035146999999998,2.8183919800000004,347.3
2026-08-01T00:04:03.047+00:00,1785542640741,62880.34,62890.34,1785542641202,62950.649999999994,62950.6,62950.7,0.88818685,2.66243654,1.06863003,3.199490069999999,345.5
2026-08-01T00:04:05.402+00:00,1785542642708,62878.65,62888.65,1785542643552,62950.649999999994,62950.6,62950.7,0.83232832,3.05466295,1.0585585100000001,3.39167467,353.2
2026-08-01T00:04:07.802+00:00,1785542644954,62875.89,62885.89,1785542645952,62950.649999999994,62950.6,62950.7,0.77018554,3.07683499,0.93886295,3.255475,398.8
2026-08-01T00:04:10.147+00:00,1785542648061,62875.81,62885.81,1785542648302,62950.649999999994,62950.6,62950.7,0.902774,2.57406775,1.08233366,2.9964185400000005,343.2
2026-08-01T00:04:12.499+00:00,1785542650107,62876.1,62886.1,1785542650652,62950.649999999994,62950.6,62950.7,2.13442677,1.20708403,2.4260969500000003,1.8018596400000004,349.7
2026-08-01T00:04:14.852+00:00,1785542652507,62890.24,62900.24,1785542653002,62950.649999999994,62950.6,62950.7,2.60323193,0.05709282,2.8949021100000003,0.20217618,351.0
2026-08-01T00:04:17.209+00:00,1785542654624,62889.08,62899.08,1785542655352,62950.649999999994,62950.6,62950.7,1.1905384,1.10166504,1.48220858,1.37846934,353.8
2026-08-01T00:04:19.552+00:00,1785542656704,62883.98,62893.98,1785542657702,62952.75,62952.7,62952.8,3.16977851,0.48896838,3.7096211300000004,0.9100975400000001,339.7
2026-08-01T00:04:21.899+00:00,1785542658821,62884.0,62894.0,1785542660052,62957.25,62957.2,62957.3,2.2817841,0.49862792,3.3411354099999997,0.8434628,345.0
2026-08-01T00:04:24.301+00:00,1785542662297,62889.56,62899.56,1785542662452,62957.25,62957.2,62957.3,0.75710642,1.64347062,1.80531833,2.07621352,398.6
2026-08-01T00:04:26.652+00:00,1785542664399,62888.1,62898.1,1785542664802,62957.25,62957.2,62957.3,0.75701465,1.68611497,0.99104484,2.11865378,349.4
2026-08-01T00:04:29.054+00:00,1785542665445,62887.67,62897.67,1785542667202,62957.25,62957.2,62957.3,0.75701465,1.68711547,1.6852425000000002,2.11964384,401.6
2026-08-01T00:04:31.450+00:00,1785542668679,62887.62,62897.62,1785542669602,62957.25,62957.2,62957.3,0.75701465,1.72508965,0.95625749,2.15750783,393.3
2026-08-01T00:04:33.855+00:00,1785542671967,62887.53,62897.53,1785542672002,62957.25,62957.2,62957.3,0.94971465,1.44945223,1.8436157400000002,1.8808976199999998,403.5
2026-08-01T00:04:36.901+00:00,1785542674004,62888.02,62898.02,1785542675052,62957.25,62957.2,62957.3,0.75596754,1.47955273,0.95568059,1.80716331,380.3
2026-08-01T00:04:40.852+00:00,1785542678173,62888.58,62898.58,1785542679002,62957.25,62957.2,62957.3,0.75563354,1.47199327,0.9553465900000001,1.79970702,405.2
2026-08-01T00:04:43.205+00:00,1785542681226,62891.34,62901.34,1785542681352,62957.25,62957.2,62957.3,0.75563354,1.47317336,1.6953306500000003,1.80085776,349.5
2026-08-01T00:04:46.006+00:00,1785542683327,62887.2,62897.2,1785542684152,62957.25,62957.2,62957.3,0.74404292,1.47317336,0.9795807300000001,1.80091078,800.1
2026-08-01T00:04:48.349+00:00,1785542686421,62889.35,62899.35,1785542686502,62957.25,62957.2,62957.3,1.48304245,1.47417386,2.4227395599999997,1.80066654,341.9
2026-08-01T00:04:50.711+00:00,1785542688430,62888.25,62898.25,1785542688852,62957.25,62957.2,62957.3,1.44145044,1.47317319,1.6769882500000004,1.79966587,358.6
2026-08-01T00:04:53.053+00:00,1785542690649,62888.99,62898.99,1785542691202,62957.25,62957.2,62957.3,0.70145044,1.47317319,0.94166528,1.8009886199999998,341.4
2026-08-01T00:04:55.401+00:00,1785542692707,62888.41,62898.41,1785542693552,62957.25,62957.2,62957.3,0.73055044,1.47317319,1.5990883100000002,1.80101962,345.6
2026-08-01T00:04:57.749+00:00,1785542694909,62886.72,62896.72,1785542695902,62957.25,62957.2,62957.3,0.90916848,1.47317319,1.15341226,1.8010390299999999,346.3
2026-08-01T00:05:00.104+00:00,1785542698135,62884.86,62894.86,1785542698252,62957.25,62957.2,62957.3,1.47019848,1.4970204,1.5852116400000003,1.82351308,352.6
2026-08-01T00:05:02.453+00:00,1785542700410,62885.52,62895.52,1785542700602,62957.25,62957.2,62957.3,1.306199,1.4961204,1.4212121600000003,1.8226130799999998,347.3
2026-08-01T00:05:04.807+00:00,1785542702529,62886.19,62896.19,1785542702952,62957.25,62957.2,62957.3,0.84515414,1.65653613,0.9601673,1.98440922,351.3
2026-08-01T00:05:07.161+00:00,1785542704569,62886.14,62896.14,1785542705302,62957.25,62957.2,62957.3,0.84515414,1.65320055,0.9601673,1.98105268,351.7
2026-08-01T00:05:09.554+00:00,1785542706709,62887.35,62897.35,1785542707702,62957.25,62957.2,62957.3,0.84515414,1.69859858,0.9087216699999999,2.02646532,391.9
2026-08-01T00:05:11.901+00:00,1785542709879,62886.68,62896.68,1785542710052,62957.25,62957.2,62957.3,0.84475586,1.69859858,0.90832339,2.02647078,344.8
2026-08-01T00:05:14.253+00:00,1785542711907,62883.71,62893.71,1785542712402,62957.25,62957.2,62957.3,0.84659411,1.6999118,0.9101616399999999,2.0343304399999997,350.6
2026-08-01T00:05:16.602+00:00,1785542714239,62882.55,62892.55,1785542714752,62957.25,62957.2,62957.3,1.58659411,1.53179483,1.6501616400000003,1.8595992799999999,346.8
2026-08-01T00:05:18.951+00:00,1785542717014,62881.75,62891.75,1785542717102,62937.95,62937.9,62938.0,0.95832708,2.64613999,1.1756765500000002,4.03816239,347.9
2026-08-01T00:05:21.301+00:00,1785542718643,62861.55,62871.55,1785542719452,62936.25,62936.2,62936.3,0.73145813,3.77509899,1.82051818,4.23817992,345.8
2026-08-01T00:05:23.650+00:00,1785542721065,62864.53,62874.53,1785542721802,62936.25,62936.2,62936.3,0.91915776,3.43322493,1.16200336,3.52935227,347.1
2026-08-01T00:05:26.002+00:00,1785542723363,62864.05,62874.05,1785542724152,62936.25,62936.2,62936.3,1.15342898,3.42528993,1.2590036300000003,3.52141731,350.6
2026-08-01T00:05:28.350+00:00,1785542726121,62872.93,62882.93,1785542726502,62937.95,62937.9,62938.0,4.08950612,0.77949596,4.347722849999999,1.1503645,346.4
2026-08-01T00:05:30.704+00:00,1785542728092,62874.95,62884.95,1785542728852,62937.95,62937.9,62938.0,3.11676096,0.79920942,3.3972158,1.4439289100000001,352.0
2026-08-01T00:05:33.051+00:00,1785542731160,62871.84,62881.84,1785542731202,62937.95,62937.9,62938.0,3.41676096,0.564803,3.61057806,1.38270679,345.7
2026-08-01T00:05:35.405+00:00,1785542733275,62876.38,62886.38,1785542733552,62937.95,62937.9,62938.0,3.91676096,0.40882848,4.11057806,0.6377024,352.5
2026-08-01T00:05:37.756+00:00,1785542735025,62882.32,62892.32,1785542735902,62942.55,62942.5,62942.6,4.43548745,0.09317898,5.06170507,0.09802683,348.7
2026-08-01T00:05:40.102+00:00,1785542738110,62876.09,62886.09,1785542738252,62942.55,62942.5,62942.6,4.43513771,0.22718277,5.0392181,0.43302036,344.9
2026-08-01T00:05:42.500+00:00,1785542740122,62874.93,62884.93,1785542740652,62942.55,62942.5,62942.6,4.43513771,0.09317898,5.00735691,0.10281088,395.7
2026-08-01T00:05:44.851+00:00,1785542742187,62874.95,62884.95,1785542743002,62942.55,62942.5,62942.6,4.41924316,0.09317898,4.99146236,0.10281088,349.7
2026-08-01T00:05:47.259+00:00,1785542745283,62877.74,62887.74,1785542745402,62942.55,62942.5,62942.6,4.43513771,0.09317898,5.00735708,0.10281088,404.9
2026-08-01T00:05:49.602+00:00,1785542747399,62879.68,62889.68,1785542747752,62942.55,62942.5,62942.6,4.41924316,0.09317898,5.0132699899999995,0.10281088,340.7
2026-08-01T00:05:51.957+00:00,1785542749469,62880.33,62890.33,1785542750102,62942.55,62942.5,62942.6,2.95581108,0.02839934,3.16633661,0.21995715,351.4
2026-08-01T00:05:54.300+00:00,1785542751539,62875.1,62885.1,1785542752452,62942.55,62942.5,62942.6,2.95581108,0.0724387,3.16633661,0.31467182000000005,341.7
2026-08-01T00:05:56.650+00:00,1785542754701,62878.81,62888.81,1785542754802,62942.55,62942.5,62942.6,2.95581108,0.0260387,3.16633661,0.23423884,347.3
2026-08-01T00:05:59.050+00:00,1785542756740,62877.83,62887.83,1785542757202,62942.55,62942.5,62942.6,2.95581108,0.06617905,3.16633661,0.32494905,398.4
2026-08-01T00:06:01.396+00:00,1785542758961,62880.22,62890.22,1785542759552,62946.649999999994,62946.6,62946.7,4.39218782,0.13628352,5.801335449999999,0.6735012899999999,344.8
2026-08-01T00:06:03.800+00:00,1785542761028,62880.16,62890.16,1785542761952,62946.649999999994,62946.6,62946.7,4.3918701,0.13718352,4.958380989999999,0.61263756,396.4
2026-08-01T00:06:06.150+00:00,1785542763136,62880.1,62890.1,1785542764302,62946.649999999994,62946.6,62946.7,1.52900143,1.50883099,1.73042936,1.5925077100000005,347.4
2026-08-01T00:06:08.502+00:00,1785542766272,62881.23,62891.23,1785542766652,62946.649999999994,62946.6,62946.7,1.52277371,1.37787545,1.72420164,1.40335011,345.3
2026-08-01T00:06:10.859+00:00,1785542768334,62880.76,62890.76,1785542769002,62946.649999999994,62946.6,62946.7,1.52900143,1.46007574,1.77620148,1.54223174,353.9
2026-08-01T00:06:13.208+00:00,1785542770498,62881.46,62891.46,1785542771352,62946.649999999994,62946.6,62946.7,1.52900143,1.45537574,1.7761643000000003,1.5375317400000001,347.4
2026-08-01T00:06:15.550+00:00,1785542773623,62881.42,62891.42,1785542773702,62946.649999999994,62946.6,62946.7,1.52900143,1.61857858,1.7761643000000003,1.7007345800000002,341.0
2026-08-01T00:06:17.903+00:00,1785542775707,62881.36,62891.36,1785542776052,62946.649999999994,62946.6,62946.7,1.52959673,1.42240513,1.7767596,1.5045611300000001,349.4
2026-08-01T00:06:20.252+00:00,1785542777735,62880.51,62890.51,1785542778402,62946.649999999994,62946.6,62946.7,0.51303782,1.65074255,0.5289207099999998,1.7804069100000002,347.0
2026-08-01T00:06:22.606+00:00,1785542780493,62876.09,62886.09,1785542780752,62946.649999999994,62946.6,62946.7,0.50783132,1.70449727,0.5237142099999998,1.7865714300000002,350.3
2026-08-01T00:06:24.956+00:00,1785542782507,62875.8,62885.8,1785542783102,62946.649999999994,62946.6,62946.7,0.02919031,2.31210203,0.045073199999999994,2.4135375900000002,348.1
2026-08-01T00:06:27.301+00:00,1785542784599,62876.61,62886.61,1785542785452,62946.55,62946.5,62946.6,0.05641985,3.29323951,0.05660945,3.72740562,342.5
2026-08-01T00:06:29.660+00:00,1785542786791,62875.32,62885.32,1785542787802,62946.55,62946.5,62946.6,0.71831607,3.26153327,0.8663073399999999,3.69569938,357.4
2026-08-01T00:06:32.002+00:00,1785542790000,62873.96,62883.96,1785542790152,62946.55,62946.5,62946.6,0.91921607,3.22508123,1.06720734,3.65924734,340.8
2026-08-01T00:06:34.346+00:00,1785542791497,62872.97,62882.97,1785542792502,62946.55,62946.5,62946.6,0.91921607,3.22508124,1.07560145,3.6592473500000002,334.0
2026-08-01T00:06:36.702+00:00,1785542794703,62871.27,62881.27,1785542794852,62946.55,62946.5,62946.6,0.91831607,3.22546701,1.07470145,3.65963312,349.7
2026-08-01T00:06:39.054+00:00,1785542796949,62870.39,62880.39,1785542797202,62946.55,62946.5,62946.6,0.91790345,3.22646752,1.07428883,3.66063363,350.9
2026-08-01T00:06:41.393+00:00,1785542799095,62870.51,62880.51,1785542799552,62946.55,62946.5,62946.6,0.91880345,3.22630866,1.0751888299999999,3.66047477,336.2
2026-08-01T00:06:43.753+00:00,1785542801329,62872.72,62882.72,1785542801902,62946.55,62946.5,62946.6,0.91790345,3.22622764,1.07428883,3.66039375,346.2
2026-08-01T00:06:46.103+00:00,1785542803509,62871.91,62881.91,1785542804252,62946.55,62946.5,62946.6,0.91782252,3.22622764,1.0742078999999998,3.66039375,346.3
2026-08-01T00:06:48.443+00:00,1785542805640,62870.29,62880.29,1785542806602,62946.55,62946.5,62946.6,0.89882295,3.74319243,1.05504728,4.30047305,336.8
2026-08-01T00:06:50.806+00:00,1785542808687,62870.95,62880.95,1785542808952,62946.55,62946.5,62946.6,0.69972661,3.74319244,0.8689414,4.300473059999999,351.8
2026-08-01T00:06:53.158+00:00,1785542810712,62875.16,62885.16,1785542811302,62946.55,62946.5,62946.6,0.69882661,3.73894243,0.8856683699999999,4.296223049999999,349.9
2026-08-01T00:06:55.503+00:00,1785542812793,62875.39,62885.39,1785542813652,62943.45,62943.4,62943.5,0.76877649,3.94464793,1.71530426,5.126568570000001,342.3
2026-08-01T00:06:57.865+00:00,1785542815883,62873.87,62883.87,1785542816002,62943.45,62943.4,62943.5,1.26931187,3.94464793,2.21583964,5.035208900000001,358.0
2026-08-01T00:07:00.203+00:00,1785542817907,62873.67,62883.67,1785542818352,62943.45,62943.4,62943.5,1.26919371,3.84511147,2.21572148,4.93567244,336.2
2026-08-01T00:07:02.557+00:00,1785542820031,62876.49,62886.49,1785542820702,62943.45,62943.4,62943.5,1.32919371,3.9246157,1.76193532,4.7617055100000005,350.9
2026-08-01T00:07:04.902+00:00,1785542822513,62875.61,62885.61,1785542823052,62943.45,62943.4,62943.5,1.32919371,3.92284169,1.76189159,4.7599315,344.0
2026-08-01T00:07:07.258+00:00,1785542824589,62874.45,62884.45,1785542825402,62943.45,62943.4,62943.5,1.26919371,4.26284169,1.70189159,5.0999315,353.6
2026-08-01T00:07:09.609+00:00,1785542827708,62874.6,62884.6,1785542827752,62943.45,62943.4,62943.5,1.26919371,4.26284169,1.70189159,5.0999315,349.9
2026-08-01T00:07:11.955+00:00,1785542829757,62872.73,62882.73,1785542830102,62944.55,62944.5,62944.6,3.31564878,0.57111215,3.61356924,0.6918957800000001,344.5
2026-08-01T00:07:14.304+00:00,1785542831939,62870.5,62880.5,1785542832452,62944.55,62944.5,62944.6,3.29975418,0.58031215,3.67335952,0.74621578,345.2
2026-08-01T00:07:17.654+00:00,1785542835121,62871.42,62881.42,1785542835802,62944.55,62944.5,62944.6,3.34556002,0.58031215,3.5976742500000003,0.74621578,1349.1
2026-08-01T00:07:20.003+00:00,1785542837190,62872.97,62882.97,1785542838152,62944.55,62944.5,62944.6,3.3423793,0.57581215,3.5944935300000003,0.77838488,347.6
2026-08-01T00:07:22.360+00:00,1785542839531,62874.05,62884.05,1785542840502,62944.55,62944.5,62944.6,3.34171489,0.57491215,3.59382912,0.7774848799999999,355.5
2026-08-01T00:07:24.706+00:00,1785542840641,62874.18,62884.18,1785542842852,62944.55,62944.5,62944.6,2.31182381,0.57577189,2.56393804,1.01565552,344.4
2026-08-01T00:07:27.056+00:00,1785542845109,62874.2,62884.2,1785542845202,62944.55,62944.5,62944.6,3.05036925,0.57756169,3.3024834800000002,1.01641451,347.6
2026-08-01T00:07:29.406+00:00,1785542847226,62874.21,62884.21,1785542847552,62944.55,62944.5,62944.6,2.31021276,0.57748226,2.5623259300000005,1.01633508,347.5
2026-08-01T00:07:31.762+00:00,1785542849280,62874.22,62884.22,1785542849902,62944.55,62944.5,62944.6,3.05021276,0.57748226,3.3023259300000003,1.01633508,354.1
2026-08-01T00:07:34.104+00:00,1785542851549,62874.23,62884.23,1785542852252,62944.55,62944.5,62944.6,2.45021276,0.57748226,2.70232593,1.19448551,340.8
2026-08-01T00:07:36.453+00:00,1785542853649,62874.24,62884.24,1785542854602,62944.55,62944.5,62944.6,2.28111276,1.5757633,2.5332259300000004,2.01999579,347.2
2026-08-01T00:07:38.805+00:00,1785542855962,62874.27,62884.27,1785542856952,62944.55,62944.5,62944.6,1.718069,1.62156848,1.9701821700000002,2.24780049,350.5
2026-08-01T00:07:41.157+00:00,1785542858329,62874.3,62884.3,1785542859302,62944.55,62944.5,62944.6,2.1221744,0.69538752,2.3742875700000003,1.3217098100000002,350.1
2026-08-01T00:07:43.504+00:00,1785542860449,62874.33,62884.33,1785542861652,62944.55,62944.5,62944.6,2.458069,0.56063494,2.7101821700000004,1.33785741,345.8
2026-08-01T00:07:45.852+00:00,1785542863889,62874.38,62884.38,1785542864002,62944.55,62944.5,62944.6,2.458069,0.51695755,2.7101821700000004,1.30140182,346.2
2026-08-01T00:07:48.207+00:00,1785542866034,62875.0,62885.0,1785542866352,62944.55,62944.5,62944.6,2.45798163,0.51605755,2.7100948000000002,1.1165363700000002,346.0
2026-08-01T00:07:50.563+00:00,1785542868220,62876.1,62886.1,1785542868702,62944.55,62944.5,62944.6,2.45798163,0.55745755,2.7100948000000002,1.15793637,354.4
2026-08-01T00:07:52.904+00:00,1785542870510,62874.46,62884.46,1785542871052,62944.55,62944.5,62944.6,2.45798163,0.73075267,2.7100948000000002,1.33129761,340.3
2026-08-01T00:07:55.261+00:00,1785542872719,62876.26,62886.26,1785542873402,62944.55,62944.5,62944.6,2.45798163,0.51695755,2.7100948000000002,1.2974187099999999,355.1
2026-08-01T00:07:57.606+00:00,1785542874839,62877.05,62887.05,1785542875752,62944.55,62944.5,62944.6,2.45798163,0.51605755,2.7100948000000002,1.30030809,344.3
2026-08-01T00:07:59.958+00:00,1785542877959,62878.65,62888.65,1785542878102,62944.55,62944.5,62944.6,2.45798163,0.51605755,2.7100948000000002,1.11656207,349.0
2026-08-01T00:08:02.307+00:00,1785542880106,62879.76,62889.76,1785542880452,62944.55,62944.5,62944.6,2.45798163,0.51605755,2.7100948000000002,1.31116556,347.3
2026-08-01T00:08:04.659+00:00,1785542882455,62888.97,62898.97,1785542882802,62958.95,62958.9,62959.0,3.00871215,1.47226586,3.57687101,1.7185272000000003,350.9
2026-08-01T00:08:07.005+00:00,1785542884704,62891.54,62901.54,1785542885152,62958.95,62958.9,62959.0,2.84511215,0.78475606,3.33526045,1.2398638399999997,345.3
2026-08-01T00:08:09.345+00:00,1785542886779,62891.14,62901.14,1785542887502,62958.95,62958.9,62959.0,2.84511215,1.47226586,3.33526045,2.09573184,330.7
2026-08-01T00:08:11.705+00:00,1785542888907,62891.31,62901.31,1785542889852,62958.95,62958.9,62959.0,2.78459465,1.50840598,3.27474295,2.13187196,346.1
2026-08-01T00:08:14.055+00:00,1785542892099,62893.57,62903.57,1785542892202,62958.95,62958.9,62959.0,2.78459465,1.50840598,3.27474295,1.77571229,348.8
2026-08-01T00:08:16.409+00:00,1785542894298,62889.85,62899.85,1785542894552,62958.95,62958.9,62959.0,2.78461049,1.50675888,3.27475879,1.77406519,350.9
2026-08-01T00:08:18.757+00:00,1785542896369,62889.63,62899.63,1785542896902,62960.45,62960.4,62960.5,2.91269348,0.51873043,3.22630016,0.71158082,346.2
2026-08-01T00:08:21.106+00:00,1785542898459,62895.07,62905.07,1785542899252,62962.649999999994,62962.6,62962.7,3.98399375,0.69870294,4.162492349999999,0.8748487000000001,346.0
2026-08-01T00:08:23.455+00:00,1785542900560,62896.43,62906.43,1785542901602,62962.649999999994,62962.6,62962.7,4.72130817,0.33343991,4.89980677,0.47599172,347.5
2026-08-01T00:08:25.808+00:00,1785542903593,62898.53,62908.53,1785542903952,62962.649999999994,62962.6,62962.7,4.72130817,0.33343991,4.89980677,0.47526869,351.8
2026-08-01T00:08:28.206+00:00,1785542905611,62898.2,62908.2,1785542906352,62966.850000000006,62966.8,62966.9,2.26706779,1.8205213,2.55768665,2.56763672,396.9
2026-08-01T00:08:30.559+00:00,1785542907690,62899.11,62909.11,1785542908702,62967.850000000006,62967.8,62967.9,3.48403329,0.4057113,5.161360899999999,0.58525964,350.9
2026-08-01T00:08:32.985+00:00,1785542910900,62900.7,62910.7,1785542911102,62967.850000000006,62967.8,62967.9,3.4755141,0.34948973,3.65462262,0.52904083,423.3
2026-08-01T00:08:35.304+00:00,1785542912989,62903.02,62913.02,1785542913452,62968.55,62968.5,62968.6,4.0437183,0.1760146,4.51848385,0.62284779,317.8
2026-08-01T00:08:37.659+00:00,1785542915026,62899.93,62909.93,1785542915802,62968.55,62968.5,62968.6,4.07549568,0.1859146,4.55026123,0.61985591,350.4
2026-08-01T00:08:40.008+00:00,1785542917899,62900.31,62910.31,1785542918152,62968.55,62968.5,62968.6,4.07348685,0.1859146,4.5482524,0.6247232,347.5
2026-08-01T00:08:42.359+00:00,1785542920396,62902.51,62912.51,1785542920502,62970.55,62970.5,62970.6,4.34089774,0.5015651,4.6359519,0.89943224,348.0
2026-08-01T00:08:44.706+00:00,1785542922589,62903.85,62913.85,1785542922852,62970.55,62970.5,62970.6,3.62089774,0.49833439,3.93165454,0.89620153,343.9
2026-08-01T00:08:47.055+00:00,1785542924677,62901.66,62911.66,1785542925202,62970.55,62970.5,62970.6,3.39929016,0.71524455,3.6781859599999995,1.2450475600000002,340.9
2026-08-01T00:08:49.409+00:00,1785542925700,62899.38,62909.38,1785542927552,62970.55,62970.5,62970.6,3.39929016,0.50076629,3.6781859599999995,1.0305693,350.8
2026-08-01T00:08:51.756+00:00,1785542929029,62901.8,62911.8,1785542929902,62970.55,62970.5,62970.6,3.39929016,0.54015467,3.6781859599999995,1.0699576800000001,343.1
2026-08-01T00:08:54.107+00:00,1785542932189,62899.99,62909.99,1785542932252,62970.55,62970.5,62970.6,3.39929016,0.49875467,3.6781859599999995,1.0285576800000003,348.0
2026-08-01T00:08:56.448+00:00,1785542934241,62900.93,62910.93,1785542934602,62970.55,62970.5,62970.6,3.39765294,0.49875467,3.6765487399999994,1.0285576800000003,338.3
2026-08-01T00:08:58.810+00:00,1785542936369,62900.24,62910.24,1785542936952,62970.55,62970.5,62970.6,3.39765294,0.54015467,3.6765487399999994,1.0699576800000001,352.0
2026-08-01T00:09:01.158+00:00,1785542938561,62901.81,62911.81,1785542939302,62970.55,62970.5,62970.6,3.39765294,0.54015467,3.6765487399999994,1.0699576800000001,346.6
2026-08-01T00:09:03.507+00:00,1785542940570,62884.92,62894.92,1785542941652,62962.649999999994,62962.6,62962.7,0.80237608,3.61693345,1.14564753,4.85669398,348.1
2026-08-01T00:09:05.847+00:00,1785542943870,62890.18,62900.18,1785542944002,62962.649999999994,62962.6,62962.7,0.77420708,3.60898311,0.98586078,4.80670306,336.8
2026-08-01T00:09:08.191+00:00,1785542945453,62884.93,62894.93,1785542946352,62962.649999999994,62962.6,62962.7,0.77866508,3.58535044,1.6782611799999998,4.85160616,327.9
2026-08-01T00:09:10.549+00:00,1785542947847,62886.42,62896.42,1785542948702,62962.649999999994,62962.6,62962.7,0.77232308,3.58535044,1.67475303,4.80425093,342.1
2026-08-01T00:09:12.908+00:00,1785542950084,62888.52,62898.52,1785542951052,62962.649999999994,62962.6,62962.7,0.77158308,3.58535044,1.6574496799999998,4.80425093,344.2
2026-08-01T00:09:15.257+00:00,1785542953236,62888.16,62898.16,1785542953402,62962.649999999994,62962.6,62962.7,0.77031908,3.92984133,1.13305491,4.987570550000001,346.3
2026-08-01T00:09:17.613+00:00,1785542955359,62887.67,62897.67,1785542955752,62962.649999999994,62962.6,62962.7,0.77031908,3.93082879,1.14379005,4.988558010000001,353.0
2026-08-01T00:09:19.959+00:00,1785542957439,62889.98,62899.98,1785542958102,62962.649999999994,62962.6,62962.7,0.77031908,3.93082879,0.9940165599999999,4.988558010000001,340.6
2026-08-01T00:09:22.311+00:00,1785542959600,62887.4,62897.4,1785542960452,62962.649999999994,62962.6,62962.7,0.77031908,3.93041652,0.9940165599999999,5.132384340000001,350.5
2026-08-01T00:09:24.663+00:00,1785542962080,62885.41,62895.41,1785542962802,62962.649999999994,62962.6,62962.7,0.77031908,3.93066664,1.1277380700000001,5.13263446,351.0
2026-08-01T00:09:27.009+00:00,1785542964545,62886.56,62896.56,1785542965152,62962.649999999994,62962.6,62962.7,0.76988679,3.92368511,1.1298053,4.97000325,344.1
2026-08-01T00:09:29.357+00:00,1785542966921,62887.03,62897.03,1785542967502,62962.649999999994,62962.6,62962.7,0.74822501,4.26368511,1.63258293,5.31000325,346.1
2026-08-01T00:09:31.710+00:00,1785542969203,62898.48,62908.48,1785542969852,62962.649999999994,62962.6,62962.7,1.57626,0.36757605,1.84819106,0.89806284,350.0
2026-08-01T00:09:34.059+00:00,1785542971373,62900.42,62910.42,1785542972202,62962.649999999994,62962.6,62962.7,0.79343777,1.60870373,1.03086792,1.9203242999999999,348.3
2026-08-01T00:09:36.409+00:00,1785542974280,62892.65,62902.65,1785542974552,62962.649999999994,62962.6,62962.7,0.7469865,1.65398843,1.12013546,1.96560893,348.7
2026-08-01T00:09:38.763+00:00,1785542976340,62891.89,62901.89,1785542976902,62962.649999999994,62962.6,62962.7,0.77073894,1.65498727,1.6961996499999998,1.9666076399999999,350.7
2026-08-01T00:09:41.161+00:00,1785542978644,62880.83,62890.83,1785542979302,62958.649999999994,62958.6,62958.7,0.7697039,4.50908979,1.09008955,6.02557707,396.7
2026-08-01T00:09:43.502+00:00,1785542978644,62880.83,62890.83,1785542981652,62958.649999999994,62958.6,62958.7,0.77264264,4.55608979,1.06236642,6.44532916,339.6
2026-08-01T00:09:45.860+00:00,1785542983952,62882.47,62892.47,1785542984002,62958.649999999994,62958.6,62958.7,0.75883332,4.5560342,0.9285730400000002,6.4452735699999995,349.2
2026-08-01T00:09:48.209+00:00,1785542986079,62882.75,62892.75,1785542986352,62958.649999999994,62958.6,62958.7,0.75259224,4.5570347,0.9223319600000001,6.446274069999999,347.2
2026-08-01T00:09:50.554+00:00,1785542988131,62885.22,62895.22,1785542988702,62958.649999999994,62958.6,62958.7,1.0600081,4.52600862,1.2863968799999999,6.3792089899999995,342.7
2026-08-01T00:09:52.911+00:00,1785542990189,62885.99,62895.99,1785542991052,62958.649999999994,62958.6,62958.7,1.31236656,4.18600862,1.53875534,6.03920899,349.4
2026-08-01T00:09:55.259+00:00,1785542993339,62887.9,62897.9,1785542993402,62958.649999999994,62958.6,62958.7,0.76839324,4.33349189,0.90106721,6.047278970000001,347.0
2026-08-01T00:09:57.606+00:00,1785542995369,62886.14,62896.14,1785542995752,62958.649999999994,62958.6,62958.7,0.7397751,4.18588575,0.9352723800000001,4.79676877,345.8
2026-08-01T00:09:59.957+00:00,1785542997455,62879.49,62889.49,1785542998102,62956.149999999994,62956.1,62956.2,0.01648675,3.0999024,0.07653845000000001,4.18180263,345.0
2026-08-01T00:10:02.298+00:00,1785542999641,62882.27,62892.27,1785543000452,62956.149999999994,62956.1,62956.2,0.68924809,2.68692243,1.0332098200000002,3.55043783,338.6
2026-08-01T00:10:04.658+00:00,1785543002729,62891.81,62901.81,1785543002802,62956.149999999994,62956.1,62956.2,1.96704664,0.84580937,2.23794697,1.96777927,343.9
2026-08-01T00:10:07.003+00:00,1785543004774,62890.13,62900.13,1785543005152,62956.149999999994,62956.1,62956.2,1.96704664,0.63197324,2.23794697,0.9126546799999999,340.0
2026-08-01T00:10:09.359+00:00,1785543006634,62889.56,62899.56,1785543007502,62956.149999999994,62956.1,62956.2,1.92125457,0.33806919,2.1324599799999997,0.5730132900000001,347.7
2026-08-01T00:10:11.707+00:00,1785543009788,62887.99,62897.99,1785543009852,62956.149999999994,62956.1,62956.2,1.91968979,0.33896919,2.17638219,0.74566371,346.0
2026-08-01T00:10:14.062+00:00,1785543011881,62886.28,62896.28,1785543012202,62956.149999999994,62956.1,62956.2,1.91968979,0.33896166,2.17638219,0.74565618,351.8
2026-08-01T00:10:16.412+00:00,1785543013680,62889.2,62899.2,1785543014552,62960.05,62960.0,62960.1,2.9716158,0.63290784,3.3542613,1.87198426,344.1
2026-08-01T00:10:18.760+00:00,1785543015741,62890.66,62900.66,1785543016902,62960.05,62960.0,62960.1,3.33533224,0.96199396,3.63702474,1.48426441,346.5
2026-08-01T00:10:21.112+00:00,1785543019044,62891.13,62901.13,1785543019252,62960.05,62960.0,62960.1,3.33533224,0.97432244,3.63702474,1.4965931,350.3
2026-08-01T00:10:23.459+00:00,1785543021208,62891.3,62901.3,1785543021602,62960.05,62960.0,62960.1,3.33533224,0.96860136,3.63702474,1.4908720199999999,345.2
2026-08-01T00:10:25.809+00:00,1785543023267,62892.7,62902.7,1785543023952,62960.05,62960.0,62960.1,2.97842224,0.96860136,3.1823210200000003,1.4908720199999999,348.9
2026-08-01T00:10:28.159+00:00,1785543025537,62888.97,62898.97,1785543026302,62960.05,62960.0,62960.1,2.97842224,0.74828315,3.1681130900000003,1.27055381,347.9
2026-08-01T00:10:30.514+00:00,1785543028608,62888.5,62898.5,1785543028652,62960.05,62960.0,62960.1,2.97810935,0.74828315,3.1678002000000003,1.27055381,351.3
2026-08-01T00:10:32.865+00:00,1785543030727,62889.57,62899.57,1785543031002,62960.05,62960.0,62960.1,2.2577965,0.74828315,2.4474873500000003,1.09860746,349.7
2026-08-01T00:10:35.210+00:00,1785543032946,62888.24,62898.24,1785543033352,62960.05,62960.0,62960.1,2.8977965,0.41929754,3.0874873500000004,0.9415682000000001,342.3
2026-08-01T00:10:37.560+00:00,1785543035177,62888.57,62898.57,1785543035702,62960.05,62960.0,62960.1,2.8977965,0.41929754,3.0874873500000004,0.9415682000000001,346.9
2026-08-01T00:10:39.912+00:00,1785543037247,62890.2,62900.2,1785543038052,62960.05,62960.0,62960.1,2.8977965,0.41404184,3.0874873500000004,0.9363125,350.7
2026-08-01T00:10:42.265+00:00,1785543039437,62893.36,62903.36,1785543040402,62960.05,62960.0,62960.1,2.2577965,0.45544184,2.4474873500000003,1.00155788,350.6
2026-08-01T00:10:44.608+00:00,1785543042597,62891.98,62901.98,1785543042752,62960.05,62960.0,62960.1,2.25737158,0.41494184,2.4470624300000003,0.9372133800000001,341.7
2026-08-01T00:10:46.961+00:00,1785543045060,62893.9,62903.9,1785543045102,62960.05,62960.0,62960.1,3.05326226,0.02187161,3.25716104,0.31790758,350.3
2026-08-01T00:10:49.312+00:00,1785543047029,62898.78,62908.78,1785543047452,62969.05,62969.0,62969.1,1.81145522,0.71877125,2.66976798,0.8147798000000002,349.3
2026-08-01T00:10:51.661+00:00,1785543049168,62900.98,62910.98,1785543049802,62969.05,62969.0,62969.1,2.23208507,0.71877125,2.95467111,0.8147798000000002,346.8
2026-08-01T00:10:54.012+00:00,1785543051278,62900.88,62910.88,1785543052152,62969.05,62969.0,62969.1,0.0123971,1.9735307,0.44233125,2.5051455699999994,349.6
2026-08-01T00:10:56.359+00:00,1785543054411,62895.92,62905.92,1785543054502,62969.05,62969.0,62969.1,0.63170705,1.55487957,1.6954705300000001,1.62551774,345.6
2026-08-01T00:10:58.712+00:00,1785543055618,62895.9,62905.9,1785543056852,62969.05,62969.0,62969.1,0.63170705,1.52519115,1.8913433700000002,1.59582932,351.2
2026-08-01T00:11:01.061+00:00,1785543058087,62895.86,62905.86,1785543059202,62969.05,62969.0,62969.1,0.63916896,1.53298193,1.8822686,2.0645968,344.4
2026-08-01T00:11:03.412+00:00,1785543061135,62900.72,62910.72,1785543061552,62969.05,62969.0,62969.1,0.81336867,1.22369806,1.21633569,1.2943358600000001,349.9
2026-08-01T00:11:05.752+00:00,1785543063176,62902.82,62912.82,1785543063902,62969.05,62969.0,62969.1,1.52062341,1.22208616,1.8359208100000002,1.43928169,337.7
2026-08-01T00:11:08.118+00:00,1785543065245,62900.56,62910.56,1785543066252,62969.05,62969.0,62969.1,1.52062341,1.22208616,1.80404852,1.43928173,353.5
2026-08-01T00:11:10.464+00:00,1785543068299,62900.88,62910.88,1785543068602,62969.05,62969.0,62969.1,0.77698575,1.46192736,1.0604108600000002,1.5783425100000001,344.5
2026-08-01T00:11:12.814+00:00,1785543070394,62899.87,62909.87,1785543070952,62969.05,62969.0,62969.1,0.64491266,2.17087285,1.5365047799999998,2.4518474399999994,347.7
2026-08-01T00:11:15.159+00:00,1785543073097,62895.17,62905.17,1785543073302,62969.05,62969.0,62969.1,0.6428805,2.10635255,1.70083251,2.3873271399999996,344.2
2026-08-01T00:11:17.513+00:00,1785543075178,62893.9,62903.9,1785543075652,62969.05,62969.0,62969.1,1.82643647,1.29827972,1.94561045,1.5792543100000003,351.8
2026-08-01T00:11:19.871+00:00,1785543077297,62892.52,62902.52,1785543078002,62969.05,62969.0,62969.1,0.81505065,1.46967048,1.19808856,1.7506450700000002,355.9
2026-08-01T00:11:22.210+00:00,1785543079437,62892.35,62902.35,1785543080352,62969.05,62969.0,62969.1,0.79360472,1.46172092,1.18678534,1.7048517900000002,336.7
2026-08-01T00:11:24.562+00:00,1785543081508,62891.63,62901.63,1785543082702,62969.05,62969.0,62969.1,0.79450472,1.29740532,1.18768534,1.5405361600000003,350.2
2026-08-01T00:11:26.912+00:00,1785543084705,62897.63,62907.63,1785543085052,62969.05,62969.0,62969.1,1.09450472,1.44672303,1.5021569799999999,1.7281453000000002,348.2
2026-08-01T00:11:29.265+00:00,1785543086785,62898.5,62908.5,1785543087402,62969.05,62969.0,62969.1,1.33450472,1.42211764,1.67353719,1.69884516,351.8
2026-08-01T00:11:31.613+00:00,1785543088868,62897.73,62907.73,1785543089752,62969.05,62969.0,62969.1,1.35450472,1.42023085,1.69765136,1.7016531200000002,346.1
2026-08-01T00:11:34.411+00:00,1785543091677,62897.06,62907.06,1785543092552,62969.05,62969.0,62969.1,1.49450472,1.41978424,1.83765136,1.7012065100000002,796.4
2026-08-01T00:11:36.767+00:00,1785543094847,62897.05,62907.05,1785543094902,62969.05,62969.0,62969.1,0.74232708,1.41978424,1.23556921,1.6965117400000003,353.1
2026-08-01T00:11:39.111+00:00,1785543097027,62897.23,62907.23,1785543097252,62969.05,62969.0,62969.1,0.92122213,1.25718305,1.38762494,1.5386053200000003,342.8
2026-08-01T00:11:41.752+00:00,1785543099128,62897.99,62907.99,1785543099902,62969.05,62969.0,62969.1,0.72969661,1.41873563,1.17979504,1.69546316,633.8
2026-08-01T00:11:44.114+00:00,1785543101437,62897.51,62907.51,1785543102252,62969.05,62969.0,62969.1,0.71205472,1.42668498,1.10767614,1.7081072500000003,349.7
2026-08-01T00:11:46.455+00:00,1785543103694,62898.11,62908.11,1785543104602,62969.05,62969.0,62969.1,1.63230182,1.25513563,1.96962032,1.5365579000000003,340.0
2026-08-01T00:11:48.800+00:00,1785543106095,62897.31,62907.31,1785543106952,62969.05,62969.0,62969.1,0.69539597,1.41973613,1.6151286200000001,1.6964636100000001,336.0
2026-08-01T00:11:51.162+00:00,1785543108528,62894.88,62904.88,1785543109302,62969.05,62969.0,62969.1,1.415218,1.25613613,2.3349506499999997,1.5375584000000002,350.2
2026-08-01T00:11:53.516+00:00,1785543110558,62896.79,62906.79,1785543111652,62969.05,62969.0,62969.1,1.65954131,1.25613613,2.5792739599999996,1.5712514600000003,351.5
2026-08-01T00:11:55.867+00:00,1785543113748,62895.94,62905.94,1785543114002,62969.05,62969.0,62969.1,1.92893129,0.98726578,2.84657686,1.36774573,348.8
2026-08-01T00:11:58.210+00:00,1785543115867,62896.09,62906.09,1785543116352,62969.05,62969.0,62969.1,1.92893129,0.91887594,3.0585544,1.29935589,342.0
2026-08-01T00:12:00.564+00:00,1785543118248,62893.69,62903.69,1785543118702,62969.05,62969.0,62969.1,1.92893129,1.14955152,3.05814905,1.53003147,350.8
2026-08-01T00:12:02.910+00:00,1785543120578,62895.8,62905.8,1785543121052,62969.05,62969.0,62969.1,1.64183275,1.1468876,1.8400158,1.52736755,343.6
2026-08-01T00:12:05.317+00:00,1785543122658,62894.86,62904.86,1785543123452,62969.05,62969.0,62969.1,1.25061806,1.14641118,1.44880208,1.5268671200000001,405.3
2026-08-01T00:12:07.657+00:00,1785543123707,62895.46,62905.46,1785543125802,62969.05,62969.0,62969.1,1.81421806,1.14641118,2.0123939299999996,1.5563489000000001,336.7
2026-08-01T00:12:10.018+00:00,1785543127897,62893.9,62903.9,1785543128152,62969.05,62969.0,62969.1,1.81421806,1.14641118,2.0123939299999996,1.5520582200000002,353.3
2026-08-01T00:12:12.413+00:00,1785543130049,62894.59,62904.59,1785543130552,62969.05,62969.0,62969.1,1.81421806,1.14551118,2.0123939299999996,1.55115822,393.5
2026-08-01T00:12:14.765+00:00,1785543132127,62898.17,62908.17,1785543132902,62969.05,62969.0,62969.1,1.81421806,1.14641118,2.0123415899999997,1.5520582200000002,350.6
2026-08-01T00:12:17.113+00:00,1785543134237,62897.68,62907.68,1785543135252,62969.05,62969.0,62969.1,1.81421806,1.17025352,2.0123415899999997,1.56342724,344.9
2026-08-01T00:12:19.464+00:00,1785543137287,62899.2,62909.2,1785543137602,62969.05,62969.0,62969.1,1.8139052,1.17025352,2.01205378,1.56342724,347.4
2026-08-01T00:12:21.820+00:00,1785543139397,62897.73,62907.73,1785543139952,62969.05,62969.0,62969.1,1.8139052,1.17025352,2.01208191,1.4839568399999998,354.8
2026-08-01T00:12:24.161+00:00,1785543141546,62897.52,62907.52,1785543142302,62969.05,62969.0,62969.1,1.8046138,1.16909678,2.6822593699999997,1.4828001,339.5
2026-08-01T00:12:26.513+00:00,1785543143687,62896.92,62906.92,1785543144652,62969.05,62969.0,62969.1,1.80444309,1.16909678,2.7278626999999998,1.4828001,350.0
2026-08-01T00:12:28.862+00:00,1785543146807,62897.1,62907.1,1785543147002,62969.05,62969.0,62969.1,1.86282052,1.16756795,2.12216432,1.48127127,347.4
2026-08-01T00:12:31.214+00:00,1785543149222,62895.76,62905.76,1785543149352,62969.05,62969.0,62969.1,0.75952435,1.16846795,1.1678300499999998,1.4821712699999998,349.4
2026-08-01T00:12:33.562+00:00,1785543151377,62894.95,62904.95,1785543151702,62969.05,62969.0,62969.1,1.64312435,1.16846795,1.8434139699999998,1.4821712699999998,346.4
2026-08-01T00:12:35.915+00:00,1785543153694,62894.45,62904.45,1785543154052,62969.05,62969.0,62969.1,1.64281149,1.16756795,1.9021552899999998,1.48127127,351.1
2026-08-01T00:12:38.267+00:00,1785543156058,62898.34,62908.34,1785543156402,62970.95,62970.9,62971.0,3.65385523,0.55316771,3.7936524,0.96546229,348.9
2026-08-01T00:12:40.614+00:00,1785543158649,62903.09,62913.09,1785543158752,62970.95,62970.9,62971.0,3.61674967,0.23380963,3.75652446,1.04976615,345.0
2026-08-01T00:12:42.962+00:00,1785543160707,62903.0,62913.0,1785543161102,62970.95,62970.9,62971.0,3.36874908,0.51638915,3.6930162,0.87772732,345.8
2026-08-01T00:12:45.305+00:00,1785543162967,62902.9,62912.9,1785543163452,62970.95,62970.9,62971.0,3.37202053,0.47584149,3.69628765,0.8373288099999999,340.4
2026-08-01T00:12:47.666+00:00,1785543164998,62902.82,62912.82,1785543165802,62970.95,62970.9,62971.0,3.37202053,0.20904149,3.69645897,0.62142733,351.4
2026-08-01T00:12:50.004+00:00,1785543167140,62902.73,62912.73,1785543168152,62970.95,62970.9,62971.0,3.36395487,0.20994149,3.6884880300000003,0.8161471499999999,336.3
2026-08-01T00:12:52.368+00:00,1785543170357,62894.85,62904.85,1785543170502,62970.95,62970.9,62971.0,0.63331604,1.61149968,1.5733763699999999,1.68465914,349.1
2026-08-01T00:12:54.715+00:00,1785543172386,62895.38,62905.38,1785543172852,62970.95,62970.9,62971.0,0.63081077,1.61149969,0.8966562700000001,1.68844384,345.0
2026-08-01T00:12:57.066+00:00,1785543174482,62896.05,62906.05,1785543175202,62970.95,62970.9,62971.0,0.63081077,1.61149974,1.61664033,1.6884438899999998,348.3
2026-08-01T00:12:59.413+00:00,1785543176597,62897.19,62907.19,1785543177552,62970.95,62970.9,62971.0,0.57452487,1.94199736,0.9846563800000001,2.01894151,346.1
2026-08-01T00:13:01.787+00:00,1785543179161,62895.9,62905.9,1785543179902,62970.95,62970.9,62971.0,0.55863691,1.94203777,0.9687684200000002,2.0007162999999997,366.4
2026-08-01T00:13:04.115+00:00,1785543182210,62895.54,62905.54,1785543182252,62970.95,62970.9,62971.0,0.56280826,1.94203777,0.97875146,2.0007162999999997,326.2
2026-08-01T00:13:06.462+00:00,1785543184477,62892.97,62902.97,1785543184602,62970.95,62970.9,62971.0,0.56041085,1.94244432,1.66358846,2.0253353599999997,346.3
2026-08-01T00:13:08.814+00:00,1785543186888,62892.21,62902.21,1785543186952,62970.95,62970.9,62971.0,0.56131085,1.94241611,1.06931796,2.01313021,347.5
2026-08-01T00:13:11.165+00:00,1785543186888,62892.21,62902.21,1785543189302,62970.95,62970.9,62971.0,0.56118213,1.94241611,1.06918924,2.01313021,347.5
2026-08-01T00:13:13.516+00:00,1785543186888,62892.21,62902.21,1785543191652,62970.95,62970.9,62971.0,0.5611084,1.94241611,1.07948295,2.01313021,349.1
2026-08-01T00:13:15.873+00:00,1785543186888,62892.21,62902.21,1785543194002,62970.95,62970.9,62971.0,0.56099449,1.94241611,1.6641721,2.0096021399999997,356.2
2026-08-01T00:13:18.218+00:00,1785543186888,62892.21,62902.21,1785543196352,62969.05,62969.0,62969.1,0.6876945,4.28126049,1.72428515,5.215458160000001,342.5
2026-08-01T00:13:20.568+00:00,1785543186888,62892.21,62902.21,1785543198702,62969.05,62969.0,62969.1,0.67198613,4.27343049,1.76857678,5.20762814,347.9
2026-08-01T00:13:22.919+00:00,1785543186888,62892.21,62902.21,1785543201052,62969.05,62969.0,62969.1,0.71248613,4.27293049,2.2890767800000003,5.20712813,349.2
2026-08-01T00:13:25.264+00:00,1785543186888,62892.21,62902.21,1785543203402,62969.05,62969.0,62969.1,0.70513862,4.27294049,2.2817292699999996,5.20713813,343.5
2026-08-01T00:13:27.642+00:00,1785543186888,62892.21,62902.21,1785543205752,62969.05,62969.0,62969.1,0.94101954,2.36275781,2.03401679,2.6644985500000002,375.8
2026-08-01T00:13:30.015+00:00,1785543207507,62892.87,62902.87,1785543208152,62969.05,62969.0,62969.1,0.87728798,2.86684442,1.7677022,3.17603468,371.5
2026-08-01T00:13:32.364+00:00,1785543209945,62894.17,62904.17,1785543210502,62969.05,62969.0,62969.1,0.87408798,2.86684442,1.7645022,3.17603468,346.5
2026-08-01T00:13:34.667+00:00,1785543212065,62895.04,62905.04,1785543212802,62969.05,62969.0,62969.1,1.63977359,1.37197694,2.5301878099999997,1.6244648499999998,302.0
2026-08-01T00:13:37.020+00:00,1785543214221,62895.34,62905.34,1785543215152,62969.05,62969.0,62969.1,0.87408798,2.08699415,1.9408837499999998,2.3656483400000003,351.1
2026-08-01T00:13:39.372+00:00,1785543217447,62896.51,62906.51,1785543217502,62969.05,62969.0,62969.1,0.87408798,2.08699415,1.9408837499999998,2.3656483400000003,351.4
2026-08-01T00:13:41.717+00:00,1785543217447,62896.51,62906.51,1785543219852,62969.05,62969.0,62969.1,0.87728798,2.08620011,1.9440837499999999,2.3648543,342.9
2026-08-01T00:13:44.067+00:00,1785543220770,62896.52,62906.52,1785543222202,62969.05,62969.0,62969.1,1.08484093,2.08618106,1.9752551499999997,2.35688604,348.1
2026-08-01T00:13:46.420+00:00,1785543224037,62896.66,62906.66,1785543224552,62969.05,62969.0,62969.1,0.86484093,1.37261051,1.94334995,1.64331549,345.6
2026-08-01T00:13:48.753+00:00,1785543226488,62897.42,62907.42,1785543226902,62969.05,62969.0,62969.1,1.62953801,1.61261051,2.51995223,1.8833154900000002,332.2
2026-08-01T00:13:51.114+00:00,1785543228587,62897.15,62907.15,1785543229252,62969.05,62969.0,62969.1,1.56953801,2.32626933,2.45995223,2.5969743100000002,345.9
2026-08-01T00:13:53.472+00:00,1785543230647,62897.5,62907.5,1785543231602,62969.05,62969.0,62969.1,1.56953801,1.61240286,2.45995223,1.88310784,355.0
2026-08-01T00:13:55.815+00:00,1785543233747,62896.57,62906.57,1785543233952,62969.05,62969.0,62969.1,1.56953801,1.61235286,2.45995223,1.8830578400000002,341.1
2026-08-01T00:13:58.117+00:00,1785543236047,62896.79,62906.79,1785543236252,62969.05,62969.0,62969.1,1.7285186,1.4184204,2.61893282,1.68956948,300.6
2026-08-01T00:14:00.464+00:00,1785543237163,62900.11,62910.11,1785543238602,62969.05,62969.0,62969.1,1.6249186,1.4184204,2.51533282,1.68955253,346.2
2026-08-01T00:14:02.816+00:00,1785543240224,62900.86,62910.86,1785543240952,62970.95,62970.9,62971.0,4.34677956,0.38787913,4.79003935,0.38843127,349.6
2026-08-01T00:14:05.168+00:00,1785543242327,62903.65,62913.65,1785543243302,62970.95,62970.9,62971.0,4.39256688,0.38787913,4.8063794600000005,0.62862708,350.0
2026-08-01T00:14:07.517+00:00,1785543245569,62905.1,62915.1,1785543245652,62970.95,62970.9,62971.0,4.19823761,0.38783189,4.63641935,0.62836347,348.0
2026-08-01T00:14:09.872+00:00,1785543246807,62902.07,62912.07,1785543248002,62970.95,62970.9,62971.0,4.19823761,0.38783189,4.63641935,0.62836347,353.1
2026-08-01T00:14:12.219+00:00,1785543249306,62901.61,62911.61,1785543250352,62970.95,62970.9,62971.0,4.19823761,0.38783189,4.63641935,0.61642041,345.7
2026-08-01T00:14:14.567+00:00,1785543251780,62901.88,62911.88,1785543252702,62970.95,62970.9,62971.0,4.19823761,0.388684,4.63641935,0.8041349699999999,346.2
2026-08-01T00:14:16.917+00:00,1785543254205,62903.27,62913.27,1785543255052,62970.95,62970.9,62971.0,4.19223515,0.38960123,4.63041689,0.8109253900000001,347.3
2026-08-01T00:14:19.268+00:00,1785543257308,62901.35,62911.35,1785543257402,62970.95,62970.9,62971.0,4.19223515,0.36784279,4.63041689,0.46109631999999995,350.1
2026-08-01T00:14:21.613+00:00,1785543259621,62898.63,62908.63,1785543259752,62970.95,62970.9,62971.0,4.19027411,0.36776339,4.62845585,0.46101692,342.7
2026-08-01T00:14:23.965+00:00,1785543261739,62898.98,62908.98,1785543262102,62970.95,62970.9,62971.0,4.19027411,0.38251618,4.611964269999999,0.38326413,346.3
2026-08-01T00:14:26.314+00:00,1785543263789,62899.13,62909.13,1785543264452,62970.95,62970.9,62971.0,4.14448659,0.38013414,4.566176749999999,0.38088209,346.8
2026-08-01T00:14:28.661+00:00,1785543266550,62906.75,62916.75,1785543266802,62970.95,62970.9,62971.0,4.19027391,0.38105525,4.611964069999999,0.3818032,341.0
2026-08-01T00:14:31.018+00:00,1785543268600,62906.75,62916.75,1785543269152,62970.95,62970.9,62971.0,4.185997,0.38056278,4.607687159999999,0.38131073,348.5
2026-08-01T00:14:33.366+00:00,1785543270789,62904.07,62914.07,1785543271502,62970.95,62970.9,62971.0,4.185997,0.38056278,4.607687159999999,0.38131073,346.2
2026-08-01T00:14:35.718+00:00,1785543272859,62902.15,62912.15,1785543273852,62970.95,62970.9,62971.0,4.149997,0.38127381,4.571687159999999,0.65477516,350.2
2026-08-01T00:14:38.067+00:00,1785543276121,62904.4,62914.4,1785543276202,62970.95,62970.9,62971.0,4.13024846,0.38121431,4.551938619999999,0.45517938999999996,347.1
2026-08-01T00:14:40.419+00:00,1785543278226,62907.72,62917.72,1785543278552,62970.95,62970.9,62971.0,4.13024846,0.38086972,4.551938619999999,0.42618505000000007,351.0
2026-08-01T00:14:42.769+00:00,1785543280320,62902.04,62912.04,1785543280902,62970.95,62970.9,62971.0,4.13024846,0.38056641,4.551938619999999,0.42588174000000006,346.3
2026-08-01T00:14:45.116+00:00,1785543282370,62899.12,62909.12,1785543283252,62970.95,62970.9,62971.0,4.13024706,0.34972679,4.63577558,0.35047474,345.3
2026-08-01T00:14:47.474+00:00,1785543285393,62894.45,62904.45,1785543285602,62970.95,62970.9,62971.0,0.63332725,2.61321649,0.86914771,2.9821624499999997,353.7
2026-08-01T00:14:49.819+00:00,1785543287164,62884.34,62894.34,1785543287952,62956.45,62956.4,62956.5,4.52763509,0.20665902,5.0410251399999995,0.48541345999999996,343.7
2026-08-01T00:14:52.159+00:00,1785543290020,62887.64,62897.64,1785543290302,62956.45,62956.4,62956.5,1.98092385,0.54807753,2.19227097,0.69310181,338.4
2026-08-01T00:14:54.509+00:00,1785543292059,62890.04,62900.04,1785543292652,62956.45,62956.4,62956.5,1.32092385,1.1270324,1.5322709700000001,1.27205668,340.2
2026-08-01T00:14:56.869+00:00,1785543294186,62886.34,62896.34,1785543295002,62956.45,62956.4,62956.5,1.32092385,1.1270324,1.5322709700000001,1.27205668,350.8
2026-08-01T00:14:59.206+00:00,1785543297277,62888.26,62898.26,1785543297352,62956.45,62956.4,62956.5,2.03981195,0.2989709,2.25115907,0.44399518,332.7
2026-08-01T00:15:01.566+00:00,1785543298961,62883.71,62893.71,1785543299702,62956.45,62956.4,62956.5,0.80563416,1.71479391,0.9569812799999999,2.00108479,345.1
2026-08-01T00:15:03.918+00:00,1785543301702,62891.62,62901.62,1785543302052,62955.850000000006,62955.8,62955.9,1.02344799,1.47874556,1.44379222,1.8681740999999998,348.2
2026-08-01T00:15:06.265+00:00,1785543303763,62890.69,62900.69,1785543304402,62955.850000000006,62955.8,62955.9,0.78701984,1.30171603,2.03262947,1.6911444999999998,345.0
2026-08-01T00:15:08.621+00:00,1785543305790,62891.57,62901.57,1785543306752,62955.850000000006,62955.8,62955.9,1.01061984,1.09085465,1.27463759,1.4723468,350.1
2026-08-01T00:15:10.970+00:00,1785543308970,62886.93,62896.93,1785543309102,62955.850000000006,62955.8,62955.9,0.78701984,1.27569557,1.0510375900000002,1.65718772,347.9
2026-08-01T00:15:13.317+00:00,1785543311036,62884.12,62894.12,1785543311452,62955.850000000006,62955.8,62955.9,0.95061984,1.09085465,1.2007616300000001,1.4723468,346.1
2026-08-01T00:15:15.671+00:00,1785543313076,62883.58,62893.58,1785543313802,62955.850000000006,62955.8,62955.9,1.27278767,0.81678575,1.52554479,1.1983883200000003,351.2
2026-08-01T00:15:18.017+00:00,1785543314162,62883.59,62893.59,1785543316152,62955.850000000006,62955.8,62955.9,1.30188767,1.0274415,1.76908478,1.4090440699999998,343.5
2026-08-01T00:15:20.368+00:00,1785543318317,62888.89,62898.89,1785543318502,62956.05,62956.0,62956.1,4.32950075,0.14567985,4.734609799999999,0.53857574,346.0
2026-08-01T00:15:22.720+00:00,1785543320651,62886.84,62896.84,1785543320852,62956.05,62956.0,62956.1,4.32830661,0.14552101,4.7334156599999995,0.29719345,348.7
2026-08-01T00:15:25.069+00:00,1785543321717,62886.85,62896.85,1785543323202,62956.05,62956.0,62956.1,4.32830661,0.14552101,4.7334156599999995,0.34168635,346.3
2026-08-01T00:15:27.418+00:00,1785543324879,62886.87,62896.87,1785543325552,62956.05,62956.0,62956.1,4.32730586,0.14653165,4.732414909999999,0.52158437,347.5
2026-08-01T00:15:29.771+00:00,1785543326957,62887.39,62897.39,1785543327902,62956.05,62956.0,62956.1,4.32730494,0.27763889,4.754921929999999,0.50330282,351.7
2026-08-01T00:15:32.120+00:00,1785543330134,62890.8,62900.8,1785543330252,62956.45,62956.4,62956.5,4.63985745,0.15726263,5.27321653,0.29504311,343.1
2026-08-01T00:15:34.475+00:00,1785543332293,62893.56,62903.56,1785543332602,62962.149999999994,62962.1,62962.2,3.12274453,0.09797331,3.78532505,0.26275235999999996,352.5
2026-08-01T00:15:36.819+00:00,1785543334500,62895.56,62905.56,1785543334952,62962.149999999994,62962.1,62962.2,4.37283377,0.08524331,5.035414289999999,0.25870642,342.6
2026-08-01T00:15:39.171+00:00,1785543336480,62897.25,62907.25,1785543337302,62962.149999999994,62962.1,62962.2,4.1220173,0.77697881,4.36160193,0.7863946500000001,349.2
2026-08-01T00:15:41.518+00:00,1785543339599,62896.27,62906.27,1785543339652,62962.149999999994,62962.1,62962.2,4.08570445,0.22676322,4.3255982799999995,0.23617905999999997,345.9
2026-08-01T00:15:43.876+00:00,1785543341709,62896.49,62906.49,1785543342002,62962.149999999994,62962.1,62962.2,4.08570445,0.77682475,4.39124966,0.78624059,355.9
2026-08-01T00:15:46.220+00:00,1785543343831,62896.73,62906.73,1785543344352,62962.149999999994,62962.1,62962.2,4.08570445,0.77682475,4.312249499999999,0.83200589,342.9
2026-08-01T00:15:48.571+00:00,1785543346039,62900.54,62910.54,1785543346702,62970.95,62970.9,62971.0,0.62508679,1.31015269,2.03472433,1.3308147199999998,347.1
2026-08-01T00:15:50.920+00:00,1785543348040,62900.24,62910.24,1785543349052,62970.95,62970.9,62971.0,0.60388679,1.49576186,0.9072524800000001,1.5084907899999997,347.5
2026-08-01T00:15:53.271+00:00,1785543351182,62899.37,62909.37,1785543351402,62970.95,62970.9,62971.0,0.73594775,1.4960712,1.0440056500000001,1.5088001299999998,349.2
2026-08-01T00:15:55.617+00:00,1785543353277,62900.97,62910.97,1785543353752,62970.95,62970.9,62971.0,0.01242526,1.8814632,0.26696477999999996,1.8941921299999998,344.7
2026-08-01T00:15:57.971+00:00,1785543355369,62901.31,62911.31,1785543356102,62970.95,62970.9,62971.0,0.01223283,1.8814632,1.2016923499999999,1.8941921299999998,350.3
2026-08-01T00:16:00.316+00:00,1785543357716,62898.43,62908.43,1785543358452,62970.95,62970.9,62971.0,0.01223283,1.8814632,0.41024088999999997,1.8941921299999998,341.1
2026-08-01T00:16:02.672+00:00,1785543359944,62899.68,62909.68,1785543360802,62970.95,62970.9,62971.0,0.01223283,1.8814632,0.39273344,1.9113055599999997,350.7
2026-08-01T00:16:05.024+00:00,1785543363032,62895.14,62905.14,1785543363152,62970.95,62970.9,62971.0,0.01223283,1.88099315,0.43693854,1.9108355099999996,349.5
2026-08-01T00:16:07.368+00:00,1785543365163,62892.42,62902.42,1785543365502,62970.95,62970.9,62971.0,0.01223283,1.88099315,0.43693854,1.9108355099999996,342.0
2026-08-01T00:16:09.723+00:00,1785543367261,62894.43,62904.43,1785543367852,62966.25,62966.2,62966.3,0.7560863,1.36104936,1.2453577,1.75509486,352.9
2026-08-01T00:16:12.072+00:00,1785543369506,62892.13,62902.13,1785543370202,62966.25,62966.2,62966.3,0.7629983,1.38852875,1.1548506900000002,1.6190077800000002,347.8
2026-08-01T00:16:14.420+00:00,1785543371710,62893.95,62903.95,1785543372552,62966.25,62966.2,62966.3,0.95174526,1.38851875,1.29177717,1.6189977800000002,345.4
2026-08-01T00:16:16.776+00:00,1785543374861,62892.05,62902.05,1785543374902,62966.25,62966.2,62966.3,0.94236526,1.38765808,1.2823971699999999,1.6181371100000002,354.3
2026-08-01T00:16:19.121+00:00,1785543376972,62892.35,62902.35,1785543377252,62966.25,62966.2,62966.3,0.95193926,1.38871169,1.2919711699999998,1.6191907200000002,341.8
2026-08-01T00:16:21.470+00:00,1785543379448,62891.79,62901.79,1785543379602,62966.25,62966.2,62966.3,0.91242507,1.38871169,1.24891507,1.6191907200000002,347.6
2026-08-01T00:16:23.817+00:00,1785543381580,62893.87,62903.87,1785543381952,62966.25,62966.2,62966.3,0.90791573,1.38871169,1.22650472,1.6191907600000002,344.9
2026-08-01T00:16:26.165+00:00,1785543383736,62893.51,62903.51,1785543384302,62966.25,62966.2,62966.3,0.91242507,1.78650859,1.24449505,2.01698766,343.3
2026-08-01T00:16:28.515+00:00,1785543385764,62893.59,62903.59,1785543386652,62966.25,62966.2,62966.3,1.54857739,1.00037638,1.64180898,1.04266052,340.3
2026-08-01T00:16:30.878+00:00,1785543388876,62892.19,62902.19,1785543389002,62960.850000000006,62960.8,62960.9,2.04867873,0.61038834,2.2635650399999996,0.88246978,356.8
2026-08-01T00:16:33.220+00:00,1785543391059,62892.12,62902.12,1785543391352,62960.850000000006,62960.8,62960.9,2.03069615,0.88038834,2.2669141299999995,1.0669765900000001,340.0
2026-08-01T00:16:35.570+00:00,1785543393151,62891.34,62901.34,1785543393702,62960.850000000006,62960.8,62960.9,2.04812646,0.56988834,2.28434444,0.75647659,347.9
2026-08-01T00:16:37.923+00:00,1785543395506,62890.7,62900.7,1785543396052,62960.850000000006,62960.8,62960.9,2.04812646,0.56988834,2.28434444,0.75647659,350.7
2026-08-01T00:16:40.270+00:00,1785543397703,62891.87,62901.87,1785543398402,62960.850000000006,62960.8,62960.9,2.04812646,0.56988834,2.37506332,0.75647659,340.0
2026-08-01T00:16:42.618+00:00,1785543399832,62890.7,62900.7,1785543400752,62966.25,62966.2,62966.3,2.63790607,0.82977487,3.43708048,1.0697748700000003,346.6
2026-08-01T00:16:44.971+00:00,1785543402995,62890.57,62900.57,1785543403102,62966.25,62966.2,62966.3,2.66175131,0.56002115,3.2328387800000002,0.9546613399999999,348.6
2026-08-01T00:16:47.323+00:00,1785543405215,62891.39,62901.39,1785543405452,62966.55,62966.5,62966.6,3.39962365,0.6822129,3.8219491800000003,1.07195824,350.4
2026-08-01T00:16:49.670+00:00,1785543407418,62890.6,62900.6,1785543407802,62966.55,62966.5,62966.6,3.39263947,0.8931129,3.8149650000000004,1.06670008,342.9
2026-08-01T00:16:52.009+00:00,1785543409528,62890.75,62900.75,1785543410152,62966.55,62966.5,62966.6,3.39142324,0.05712704,3.81374877,0.08102899000000001,336.9
2026-08-01T00:16:54.371+00:00,1785543411586,62891.58,62901.58,1785543412502,62968.649999999994,62968.6,62968.7,3.33161753,0.60488597,3.65014641,0.90408303,346.1
2026-08-01T00:16:56.720+00:00,1785543414720,62894.78,62904.78,1785543414852,62968.649999999994,62968.6,62968.7,0.63730645,1.69364417,0.8773064500000001,1.9704301199999998,346.9
2026-08-01T00:16:59.064+00:00,1785543416800,62899.51,62909.51,1785543417202,62968.649999999994,62968.6,62968.7,1.51394003,1.33034495,1.9125741600000004,1.6230237399999998,340.7
2026-08-01T00:17:01.424+00:00,1785543418949,62898.27,62908.27,1785543419552,62968.649999999994,62968.6,62968.7,1.35720534,1.33034495,1.7558394700000002,1.6230237399999998,350.7
2026-08-01T00:17:03.771+00:00,1785543421106,62898.65,62908.65,1785543421902,62968.649999999994,62968.6,62968.7,0.60483169,1.33034495,1.65975645,1.71463339,343.5
2026-08-01T00:17:06.118+00:00,1785543423319,62896.07,62906.07,1785543424252,62968.649999999994,62968.6,62968.7,0.60483169,1.49076877,1.44484763,1.8988993399999998,343.5
2026-08-01T00:17:08.473+00:00,1785543426509,62894.86,62904.86,1785543426602,62968.649999999994,62968.6,62968.7,1.32483169,1.32716877,2.33829838,1.7114572199999998,349.8
2026-08-01T00:17:10.823+00:00,1785543428669,62897.73,62907.73,1785543428952,62968.649999999994,62968.6,62968.7,1.32483169,1.35101091,2.33829838,1.73529934,347.2
2026-08-01T00:17:13.171+00:00,1785543430780,62896.59,62906.59,1785543431302,62968.649999999994,62968.6,62968.7,1.48843169,1.11418811,2.50685679,1.3909737899999999,345.6
2026-08-01T00:17:15.524+00:00,1785543433367,62897.81,62907.81,1785543433652,62968.649999999994,62968.6,62968.7,1.32473863,1.35418811,2.53944297,1.6309737899999999,350.2
2026-08-01T00:17:17.884+00:00,1785543435615,62899.99,62909.99,1785543436002,62968.649999999994,62968.6,62968.7,1.32473863,1.35518857,2.53944297,1.6319742499999998,356.9
2026-08-01T00:17:20.238+00:00,1785543437739,62898.16,62908.16,1785543438352,62968.649999999994,62968.6,62968.7,1.32473863,1.35518857,2.53944297,1.6319742499999998,351.1
2026-08-01T00:17:22.575+00:00,1785543440239,62898.22,62908.22,1785543440702,62968.649999999994,62968.6,62968.7,1.33286055,1.35518857,2.54756489,1.6319742499999998,335.3
2026-08-01T00:17:24.921+00:00,1785543442376,62899.3,62909.3,1785543443052,62968.649999999994,62968.6,62968.7,1.32473863,1.35518857,2.53944297,1.6319743699999998,343.7
2026-08-01T00:17:27.222+00:00,1785543444489,62900.55,62910.55,1785543445352,62968.649999999994,62968.6,62968.7,1.32473863,1.35588363,2.53944297,1.6326694899999998,298.3
2026-08-01T00:17:29.574+00:00,1785543446822,62900.77,62910.77,1785543447702,62968.649999999994,62968.6,62968.7,1.32473863,1.35581852,2.53944297,1.6326043799999999,350.2
2026-08-01T00:17:31.926+00:00,1785543449027,62901.37,62911.37,1785543450052,62968.649999999994,62968.6,62968.7,1.31640207,1.35576464,2.53110641,1.63255048,346.4
2026-08-01T00:17:34.272+00:00,1785543452219,62899.0,62909.0,1785543452402,62968.649999999994,62968.6,62968.7,1.30051373,1.35576464,2.51521807,1.6738034999999998,343.9
2026-08-01T00:17:36.624+00:00,1785543454499,62900.69,62910.69,1785543454752,62968.649999999994,62968.6,62968.7,1.31640207,1.35576464,2.53110641,1.63255044,350.0
2026-08-01T00:17:38.971+00:00,1785543456599,62900.9,62910.9,1785543457102,62968.649999999994,62968.6,62968.7,1.31640207,1.3567651,2.53110641,1.6335509,344.6
2026-08-01T00:17:41.314+00:00,1785543459029,62899.83,62909.83,1785543459452,62968.649999999994,62968.6,62968.7,1.48000207,1.3567651,2.6947064099999998,1.6335509,339.9
2026-08-01T00:17:43.671+00:00,1785543461129,62896.75,62906.75,1785543461802,62968.649999999994,62968.6,62968.7,1.37612399,1.3567651,2.5908283300000003,1.62938403,347.9
2026-08-01T00:17:46.022+00:00,1785543463491,62894.85,62904.85,1785543464152,62968.649999999994,62968.6,62968.7,1.53959377,1.35647475,2.75429811,1.62909368,333.3
2026-08-01T00:17:48.364+00:00,1785543465641,62894.79,62904.79,1785543466502,62968.649999999994,62968.6,62968.7,1.53950898,1.12491907,2.7329682500000003,1.397538,339.5
2026-08-01T00:17:50.727+00:00,1785543468706,62894.28,62904.28,1785543468852,62968.649999999994,62968.6,62968.7,1.37590898,1.12491907,2.5693682499999997,1.397538,352.8
2026-08-01T00:17:53.076+00:00,1785543470771,62894.35,62904.35,1785543471202,62968.649999999994,62968.6,62968.7,1.30029872,1.18491907,2.49375799,1.457538,345.8
2026-08-01T00:17:55.420+00:00,1785543472859,62894.11,62904.11,1785543473552,62968.649999999994,62968.6,62968.7,1.31528876,1.29340964,2.50874803,1.5660285699999998,342.2
2026-08-01T00:17:57.725+00:00,1785543475110,62894.11,62904.11,1785543475852,62968.649999999994,62968.6,62968.7,1.31618876,1.29340964,2.4546480299999995,1.5660285699999998,302.0
2026-08-01T00:18:00.080+00:00,1785543477249,62894.04,62904.04,1785543478202,62968.649999999994,62968.6,62968.7,1.31618876,1.29340964,2.4546480299999995,1.5660285699999998,353.0
2026-08-01T00:18:02.421+00:00,1785543480369,62893.97,62903.97,1785543480552,62968.649999999994,62968.6,62968.7,1.31872961,1.29340964,2.4571888800000004,1.5660285699999998,337.4
2026-08-01T00:18:04.773+00:00,1785543482440,62894.56,62904.56,1785543482902,62968.649999999994,62968.6,62968.7,1.30585961,1.29311579,2.44431888,1.56573472,349.3
2026-08-01T00:18:07.121+00:00,1785543484451,62884.68,62894.68,1785543485252,62963.45,62963.4,62963.5,0.03503285,2.38945009,0.75576559,3.1317464499999996,345.8
2026-08-01T00:18:09.477+00:00,1785543486530,62887.41,62897.41,1785543487602,62960.149999999994,62960.1,62960.2,1.32894535,3.06686041,1.6916104799999998,3.47802447,351.5
2026-08-01T00:18:11.827+00:00,1785543489909,62887.76,62897.76,1785543489952,62960.149999999994,62960.1,62960.2,0.58325135,3.11582851,1.5090303999999999,3.4667240300000004,347.7
2026-08-01T00:18:14.174+00:00,1785543492227,62884.27,62894.27,1785543492302,62958.75,62958.7,62958.8,0.56098753,2.72657432,1.5425694600000002,2.93514955,346.4
2026-08-01T00:18:16.523+00:00,1785543494356,62885.75,62895.75,1785543494652,62958.75,62958.7,62958.8,0.6041069,3.10634386,0.7481413900000001,3.27891887,347.7
2026-08-01T00:18:18.892+00:00,1785543496435,62884.09,62894.09,1785543497002,62958.75,62958.7,62958.8,0.63465988,3.1013229,0.7786943700000001,3.25902268,367.5
2026-08-01T00:18:21.220+00:00,1785543498533,62884.46,62894.46,1785543499352,62958.75,62958.7,62958.8,0.63465988,2.93474636,1.6952120199999998,3.0924461400000003,327.2
2026-08-01T00:18:23.573+00:00,1785543501149,62875.43,62885.43,1785543501702,62958.75,62958.7,62958.8,0.0637767,3.0008581,0.06383953000000002,3.4240673,347.5
2026-08-01T00:18:25.927+00:00,1785543503630,62863.16,62873.16,1785543504052,62950.05,62950.0,62950.1,0.0811901,3.15331044,0.08310779,3.5497731999999997,350.5
2026-08-01T00:18:28.274+00:00,1785543505689,62864.48,62874.48,1785543506402,62950.05,62950.0,62950.1,0.08018933,3.03637217,0.08210702,3.43283493,344.8
2026-08-01T00:18:30.623+00:00,1785543507769,62864.88,62874.88,1785543508752,62950.05,62950.0,62950.1,0.61830859,3.00726956,1.00155135,3.44186416,345.9
2026-08-01T00:18:32.974+00:00,1785543510897,62871.49,62881.49,1785543511102,62950.05,62950.0,62950.1,0.61771337,3.00726956,1.5351642,3.44186416,350.0
2026-08-01T00:18:35.332+00:00,1785543513419,62880.61,62890.61,1785543513452,62950.05,62950.0,62950.1,0.61771337,2.39619421,1.70634256,2.76530244,355.6
2026-08-01T00:18:37.775+00:00,1785543515493,62876.42,62886.42,1785543515902,62950.05,62950.0,62950.1,0.58650371,2.40318933,1.6888395200000001,2.77229756,441.3
2026-08-01T00:18:40.129+00:00,1785543517500,62873.59,62883.59,1785543518252,62950.05,62950.0,62950.1,0.58153514,2.41517434,0.9638868899999999,2.7842825700000002,352.2
2026-08-01T00:18:42.478+00:00,1785543517500,62873.59,62883.59,1785543520602,62950.05,62950.0,62950.1,0.62203514,2.41517434,0.9617890800000001,2.7842825700000002,347.9
2026-08-01T00:18:44.825+00:00,1785543522880,62875.46,62885.46,1785543522952,62950.05,62950.0,62950.1,0.62203514,2.41517434,0.9617890800000001,2.7842825700000002,345.3
2026-08-01T00:18:47.177+00:00,1785543524948,62876.65,62886.65,1785543525302,62950.05,62950.0,62950.1,0.57911659,2.43121838,0.9147645000000001,2.8107741099999997,350.2
2026-08-01T00:18:49.525+00:00,1785543527100,62877.43,62887.43,1785543527652,62950.05,62950.0,62950.1,0.61959277,2.43121838,0.95934671,2.8107741099999997,346.0
2026-08-01T00:18:51.882+00:00,1785543529349,62877.8,62887.8,1785543530002,62950.05,62950.0,62950.1,0.02899351,2.50866398,0.20692535,2.94821971,355.0
2026-08-01T00:18:54.227+00:00,1785543531679,62874.54,62884.54,1785543532352,62950.05,62950.0,62950.1,0.57909203,3.05478298,0.76895257,3.49433871,343.6
2026-08-01T00:18:56.575+00:00,1785543533800,62865.82,62875.82,1785543534702,62950.05,62950.0,62950.1,0.02899351,3.05478298,0.21886327,3.49433871,345.9
2026-08-01T00:18:58.927+00:00,1785543535859,62867.95,62877.95,1785543537052,62950.05,62950.0,62950.1,0.02899351,3.08508583,0.21886327,3.52464156,349.8
2026-08-01T00:19:01.277+00:00,1785543539170,62870.78,62880.78,1785543539402,62943.350000000006,62943.3,62943.4,0.6628855,2.67603997,0.8685429800000001,3.7702780600000003,348.4
2026-08-01T00:19:03.626+00:00,1785543541300,62866.73,62876.73,1785543541752,62943.350000000006,62943.3,62943.4,0.6660495,2.69989356,0.8683510799999999,3.79413165,345.4
2026-08-01T00:19:05.976+00:00,1785543543462,62867.57,62877.57,1785543544102,62943.350000000006,62943.3,62943.4,0.74205428,1.66929911,0.94115211,1.98391724,347.0
2026-08-01T00:19:08.326+00:00,1785543545739,62867.07,62877.07,1785543546452,62943.350000000006,62943.3,62943.4,0.7420549,1.6591774,0.94115273,1.9737955299999999,347.4
2026-08-01T00:19:10.677+00:00,1785543547853,62869.33,62879.33,1785543548802,62943.350000000006,62943.3,62943.4,0.74082402,1.4955774,0.9399218500000001,1.8101955299999999,348.8
2026-08-01T00:19:13.025+00:00,1785543550339,62870.36,62880.36,1785543551152,62943.350000000006,62943.3,62943.4,0.74100602,1.48714196,0.9401038500000001,1.77889635,344.8
2026-08-01T00:19:15.382+00:00,1785543552649,62865.32,62875.32,1785543553502,62943.350000000006,62943.3,62943.4,0.65822114,1.84007438,0.66738166,2.28140834,355.3
2026-08-01T00:19:17.726+00:00,1785543555007,62864.85,62874.85,1785543555852,62943.350000000006,62943.3,62943.4,0.64926439,1.9508023,0.8549218700000001,2.4973555600000004,342.4
2026-08-01T00:19:20.082+00:00,1785543557040,62868.44,62878.44,1785543558202,62943.350000000006,62943.3,62943.4,0.65016439,1.96004446,0.8450096800000001,2.48723632,353.9
2026-08-01T00:19:22.429+00:00,1785543560449,62868.43,62878.43,1785543560552,62943.350000000006,62943.3,62943.4,0.64926439,2.08004446,0.65842491,2.67006864,346.2
2026-08-01T00:19:24.777+00:00,1785543562610,62865.08,62875.08,1785543562902,62943.350000000006,62943.3,62943.4,0.64926439,2.11233974,0.8549218700000001,2.6611171799999997,344.9
2026-08-01T00:19:27.180+00:00,1785543564693,62865.73,62875.73,1785543565302,62943.350000000006,62943.3,62943.4,0.64826391,2.11334012,0.6574244300000001,2.6621175600000004,400.7
2026-08-01T00:19:29.528+00:00,1785543566756,62860.97,62870.97,1785543567652,62939.850000000006,62939.8,62939.9,0.75729018,3.87168351,1.08676783,6.16786854,346.2
2026-08-01T00:19:31.880+00:00,1785543568996,62862.44,62872.44,1785543570002,62939.850000000006,62939.8,62939.9,0.62622005,4.21208401,0.62922701,6.08016817,348.0
2026-08-01T00:19:34.279+00:00,1785543572289,62861.64,62871.64,1785543572402,62939.850000000006,62939.8,62939.9,0.72196719,2.72393499,1.03989407,2.78068736,398.1
2026-08-01T00:19:36.627+00:00,1785543573746,62874.22,62884.22,1785543574752,62939.850000000006,62939.8,62939.9,0.69286719,1.51171484,0.9507940699999999,1.9756722599999998,345.2
2026-08-01T00:19:38.974+00:00,1785543576885,62870.9,62880.9,1785543577102,62939.850000000006,62939.8,62939.9,0.63186663,1.7154461,0.88996612,2.64804609,344.6
2026-08-01T00:19:41.327+00:00,1785543579370,62888.15,62898.15,1785543579452,62967.25,62967.2,62967.3,2.10486285,0.685856,2.7397435800000003,1.11001186,349.5
2026-08-01T00:19:43.677+00:00,1785543580886,62901.02,62911.02,1785543581802,62970.95,62970.9,62971.0,2.0029466,1.23392716,2.4537651900000004,1.2752221199999998,348.7
2026-08-01T00:19:46.027+00:00,1785543583950,62906.68,62916.68,1785543584152,62970.95,62970.9,62971.0,0.90127846,1.40452716,1.4385574300000001,1.6348207099999998,348.0
2026-08-01T00:19:48.377+00:00,1785543586107,62898.73,62908.73,1785543586502,62970.95,62970.9,62971.0,0.90127846,1.24192761,1.31704444,1.47222116,347.6
2026-08-01T00:19:50.728+00:00,1785543588449,62898.78,62908.78,1785543588852,62970.95,62970.9,62971.0,0.8535993,1.40870802,1.7913076499999998,1.6429770899999998,349.6
2026-08-01T00:19:53.077+00:00,1785543590637,62899.77,62909.77,1785543591202,62970.95,62970.9,62971.0,0.85381014,1.40869002,1.2708864500000001,1.64295909,347.0
2026-08-01T00:19:55.434+00:00,1785543592719,62901.77,62911.77,1785543593552,62970.95,62970.9,62971.0,0.82253814,1.40761556,1.2396144500000001,1.6418846299999998,356.0
2026-08-01T00:19:57.778+00:00,1785543595848,62896.63,62906.63,1785543595902,62970.95,62970.9,62971.0,0.02668611,1.90011713,0.34681636,2.16731618,342.4
2026-08-01T00:20:00.136+00:00,1785543597454,62888.84,62898.84,1785543598252,62967.45,62967.4,62967.5,0.60074615,2.96263338,1.5188466699999998,3.8650156200000003,356.9
2026-08-01T00:20:02.475+00:00,1785543600508,62886.06,62896.06,1785543600602,62967.45,62967.4,62967.5,1.61164071,2.9390287,1.7388838999999998,4.8312580999999994,337.4
2026-08-01T00:20:04.832+00:00,1785543602589,62886.37,62896.37,1785543602952,62967.45,62967.4,62967.5,1.32134793,2.97810163,2.1827171099999996,4.439560869999999,353.7
2026-08-01T00:20:07.184+00:00,1785543604107,62886.19,62896.19,1785543605302,62967.45,62967.4,62967.5,1.31890008,2.97810163,2.1802692599999998,3.80896293,349.8
2026-08-01T00:20:09.529+00:00,1785543607506,62887.78,62897.78,1785543607652,62967.45,62967.4,62967.5,1.25890008,3.23810163,1.44605395,4.06896294,342.9
2026-08-01T00:20:11.880+00:00,1785543609611,62888.63,62898.63,1785543610002,62967.45,62967.4,62967.5,1.25890008,3.22044698,1.44605395,4.051308290000001,346.7
2026-08-01T00:20:14.226+00:00,1785543611645,62887.98,62897.98,1785543612352,62967.45,62967.4,62967.5,0.55750008,2.96839672,0.8013240300000001,4.429855959999999,344.0
2026-08-01T00:20:16.577+00:00,1785543613724,62888.59,62898.59,1785543614702,62967.45,62967.4,62967.5,0.75750008,3.23118817,1.67553934,4.092494829999999,348.0
2026-08-01T00:20:18.928+00:00,1785543616454,62887.37,62897.37,1785543617052,62956.55,62956.5,62956.6,1.84782656,2.36321122,2.09600699,2.4583784000000004,348.5
2026-08-01T00:20:21.329+00:00,1785543618578,62883.78,62893.78,1785543619452,62956.55,62956.5,62956.6,1.63919094,2.61921483,1.88737137,2.6849838100000003,399.6
2026-08-01T00:20:23.730+00:00,1785543621718,62885.62,62895.62,1785543621852,62956.55,62956.5,62956.6,1.04461323,2.61921483,1.29184439,2.6849838100000003,399.5
2026-08-01T00:20:26.132+00:00,1785543623750,62884.1,62894.1,1785543624252,62956.55,62956.5,62956.6,0.88317923,2.61921483,1.13041039,2.6929232600000006,399.9
2026-08-01T00:20:28.478+00:00,1785543625986,62884.82,62894.82,1785543626602,62956.55,62956.5,62956.6,0.64236334,2.61921483,1.03552362,2.7023100700000007,345.0
2026-08-01T00:20:30.834+00:00,1785543628042,62886.14,62896.14,1785543628952,62956.55,62956.5,62956.6,0.67077998,2.61921483,1.6017326600000001,2.7023100700000007,354.0
2026-08-01T00:20:33.179+00:00,1785543631259,62882.69,62892.69,1785543631302,62956.55,62956.5,62956.6,0.65987998,2.61921483,0.99235266,2.7023100700000007,342.6
2026-08-01T00:20:35.542+00:00,1785543633294,62885.09,62895.09,1785543633652,62956.55,62956.5,62956.6,1.28419734,2.35921483,2.2660339600000006,2.4423100700000004,357.9
2026-08-01T00:20:37.884+00:00,1785543635363,62886.34,62896.34,1785543636002,62956.55,62956.5,62956.6,1.77597998,2.36021623,2.03783161,2.4422533900000003,339.5
2026-08-01T00:20:40.279+00:00,1785543637414,62884.86,62894.86,1785543638402,62956.55,62956.5,62956.6,1.61237998,2.62021623,1.87423161,2.7022533900000005,393.2
2026-08-01T00:20:42.628+00:00,1785543640554,62891.08,62901.08,1785543640752,62956.55,62956.5,62956.6,1.77597998,2.36021623,2.03783161,2.47133816,347.0
2026-08-01T00:20:44.983+00:00,1785543641839,62892.02,62902.02,1785543643102,62956.55,62956.5,62956.6,1.76952179,2.35937623,2.03137342,2.4414133900000006,353.5
2026-08-01T00:20:47.328+00:00,1785543645308,62886.65,62896.65,1785543645452,62956.55,62956.5,62956.6,1.76952179,2.35937623,2.03137342,2.4414133900000006,341.6
2026-08-01T00:20:49.679+00:00,1785543647693,62887.21,62897.21,1785543647802,62956.55,62956.5,62956.6,1.04952179,2.62096745,1.29676295,2.7030046100000007,347.4
2026-08-01T00:20:52.033+00:00,1785543649410,62891.53,62901.53,1785543650152,62956.55,62956.5,62956.6,1.76952179,0.57230315,2.32325826,1.08967209,353.3
2026-08-01T00:20:54.380+00:00,1785543651627,62890.58,62900.58,1785543652502,62956.55,62956.5,62956.6,1.76952179,0.57230315,2.35256955,0.9460056600000001,344.5
2026-08-01T00:20:56.731+00:00,1785543653730,62892.49,62902.49,1785543654852,62956.55,62956.5,62956.6,1.93476276,0.01680315,2.36521263,0.39050566,349.7
2026-08-01T00:20:59.083+00:00,1785543657130,62898.01,62908.01,1785543657202,62956.55,62956.5,62956.6,1.77081014,0.56680315,2.17194872,1.13076947,351.4
2026-08-01T00:21:01.428+00:00,1785543659318,62895.02,62905.02,1785543659552,62956.55,62956.5,62956.6,1.76952179,0.56680315,2.1706603700000002,1.14269056,342.7
2026-08-01T00:21:03.779+00:00,1785543661468,62892.43,62902.43,1785543661902,62956.55,62956.5,62956.6,1.76952179,0.56680315,2.1706603700000002,1.14269056,348.9
2026-08-01T00:21:06.126+00:00,1785543663537,62894.26,62904.26,1785543664252,62956.55,62956.5,62956.6,1.76952179,0.56663486,2.1706603700000002,0.82251636,345.3
2026-08-01T00:21:08.478+00:00,1785543666024,62893.43,62903.43,1785543666602,62956.55,62956.5,62956.6,1.76883775,0.56083486,2.1699763300000003,0.81671636,343.4
2026-08-01T00:21:10.834+00:00,1785543668081,62893.58,62903.58,1785543668952,62956.55,62956.5,62956.6,1.76883775,0.56083486,2.1699763300000003,1.0520187699999999,353.9
2026-08-01T00:21:13.180+00:00,1785543671222,62894.02,62904.02,1785543671302,62956.55,62956.5,62956.6,1.76883775,0.01083486,2.1699763300000003,0.48007332,345.9
2026-08-01T00:21:15.518+00:00,1785543672230,62895.04,62905.04,1785543673652,62956.55,62956.5,62956.6,1.75554239,0.00924364,2.15668097,0.4784821,335.7
2026-08-01T00:21:17.888+00:00,1785543675453,62893.21,62903.21,1785543676002,62956.55,62956.5,62956.6,1.76219007,0.55892597,2.16332865,1.0281644300000001,356.6
2026-08-01T00:21:20.233+00:00,1785543677520,62891.66,62901.66,1785543678352,62956.55,62956.5,62956.6,1.7618724,0.00892597,2.16301098,0.47816443,341.3
2026-08-01T00:21:22.582+00:00,1785543679807,62888.68,62898.68,1785543680702,62956.55,62956.5,62956.6,1.76731053,0.55892597,2.16844911,1.0281644300000001,347.5
2026-08-01T00:21:24.930+00:00,1785543681906,62887.35,62897.35,1785543683052,62956.55,62956.5,62956.6,1.97887492,0.81892597,2.3800135,1.02833599,346.4
2026-08-01T00:21:27.280+00:00,1785543685211,62887.15,62897.15,1785543685402,62956.55,62956.5,62956.6,1.96025253,0.55852888,2.36139111,1.00409342,348.6
2026-08-01T00:21:29.632+00:00,1785543687331,62888.39,62898.39,1785543687752,62956.55,62956.5,62956.6,1.81254385,0.99192888,2.05254385,1.2740728799999999,349.1
2026-08-01T00:21:31.981+00:00,1785543689433,62888.23,62898.23,1785543690102,62956.55,62956.5,62956.6,1.86671135,0.99177005,2.1067113500000003,1.2285117099999998,346.3
2026-08-01T00:21:34.330+00:00,1785543691488,62888.09,62898.09,1785543692452,62956.55,62956.5,62956.6,1.85082003,0.99177005,2.09082003,1.2285117099999998,347.0
2026-08-01T00:21:36.725+00:00,1785543694553,62888.79,62898.79,1785543694852,62956.55,62956.5,62956.6,1.85082003,0.7307271,2.09082003,0.96746876,390.8
2026-08-01T00:21:39.079+00:00,1785543696600,62890.27,62900.27,1785543697202,62956.55,62956.5,62956.6,1.84981862,0.72893151,2.08981862,0.9656731000000001,348.0
2026-08-01T00:21:41.429+00:00,1785543699160,62889.21,62899.21,1785543699552,62956.55,62956.5,62956.6,1.86570994,0.98893151,2.10570994,1.2256730999999998,347.7
2026-08-01T00:21:43.783+00:00,1785543701329,62888.38,62898.38,1785543701902,62956.55,62956.5,62956.6,1.86570994,0.72891245,2.20579358,0.8255074,351.1
2026-08-01T00:21:46.181+00:00,1785543703473,62884.46,62894.46,1785543704302,62956.55,62956.5,62956.6,1.8339273,0.72891245,2.17401094,0.8255074,396.4
2026-08-01T00:21:48.533+00:00,1785543705478,62885.74,62895.74,1785543706652,62956.55,62956.5,62956.6,1.86570994,0.72985663,2.20579358,0.8264515800000001,349.1
2026-08-01T00:21:50.889+00:00,1785543708829,62884.52,62894.52,1785543709002,62956.55,62956.5,62956.6,2.03366943,0.72985663,2.37375307,0.8264515800000001,354.3
2026-08-01T00:21:53.225+00:00,1785543710933,62884.54,62894.54,1785543711352,62956.55,62956.5,62956.6,1.86991845,0.98985663,2.21000209,1.0864515899999998,334.5
2026-08-01T00:21:55.584+00:00,1785543712972,62884.99,62894.99,1785543713702,62956.55,62956.5,62956.6,1.86991845,0.98985663,2.21000209,1.0864515899999998,351.1
2026-08-01T00:21:57.930+00:00,1785543715326,62887.96,62897.96,1785543716052,62956.55,62956.5,62956.6,1.86991845,0.98985663,2.21000209,1.0309653899999998,344.1
2026-08-01T00:22:00.283+00:00,1785543717356,62892.6,62902.6,1785543718402,62956.55,62956.5,62956.6,1.83813581,0.98984552,2.1782194500000003,1.03095428,349.2
2026-08-01T00:22:02.626+00:00,1785543720590,62895.15,62905.15,1785543720752,62956.55,62956.5,62956.6,1.86991845,0.98982646,2.21000209,1.0139045299999998,340.7
2026-08-01T00:22:04.981+00:00,1785543722725,62895.56,62905.56,1785543723102,62956.55,62956.5,62956.6,1.86991845,0.72955304,2.21000209,0.83340595,349.0
2026-08-01T00:22:07.331+00:00,1785543725117,62891.62,62901.62,1785543725452,62956.55,62956.5,62956.6,1.86991845,0.72938434,2.21000209,0.83325273,348.5
2026-08-01T00:22:09.683+00:00,1785543727162,62891.77,62901.77,1785543727802,62959.55,62959.5,62959.6,2.88100695,0.55668362,3.24231496,0.6718616100000001,350.2
2026-08-01T00:22:12.032+00:00,1785543729362,62891.93,62901.93,1785543730152,62959.55,62959.5,62959.6,2.88100695,0.55668362,3.12410573,0.6463309900000002,347.7
2026-08-01T00:22:14.383+00:00,1785543731507,62890.71,62900.71,1785543732502,62959.55,62959.5,62959.6,2.88100695,0.59718362,3.1210069500000004,0.6861354400000002,348.4
2026-08-01T00:22:16.744+00:00,1785543734632,62891.66,62901.66,1785543734852,62959.55,62959.5,62959.6,0.80253176,1.28142482,1.1317402200000002,1.72736452,358.3
2026-08-01T00:22:19.087+00:00,1785543736949,62879.49,62889.49,1785543737202,62956.55,62956.5,62956.6,0.2620593,4.10854914,0.40896879,5.26763447,341.3
2026-08-01T00:22:21.429+00:00,1785543739238,62892.35,62902.35,1785543739552,62956.55,62956.5,62956.6,2.15974436,0.26005291,2.39746988,0.38404433,339.7
2026-08-01T00:22:23.786+00:00,1785543741568,62895.54,62905.54,1785543741902,62959.05,62959.0,62959.1,2.87347024,0.60789053,3.38656536,0.6246336100000001,354.2
2026-08-01T00:22:26.134+00:00,1785543743620,62894.39,62904.39,1785543744252,62962.25,62962.2,62962.3,2.45517971,0.61221733,3.02073764,1.07313155,346.3
2026-08-01T00:22:28.488+00:00,1785543745840,62897.73,62907.73,1785543746602,62965.05,62965.0,62965.1,2.90753377,0.84619723,3.0417864700000004,0.97994801,351.8
2026-08-01T00:22:30.834+00:00,1785543747999,62897.17,62907.17,1785543748952,62965.05,62965.0,62965.1,2.93870341,0.02674648,3.1188155,0.16049726,344.2
2026-08-01T00:22:33.187+00:00,1785543751238,62896.39,62906.39,1785543751302,62965.05,62965.0,62965.1,2.90612927,0.02627003,3.0862413600000003,0.16002081,351.4
2026-08-01T00:22:35.534+00:00,1785543753428,62896.37,62906.37,1785543753652,62965.850000000006,62965.8,62965.9,3.45192118,0.08875061,3.80853487,0.14577419,345.1
2026-08-01T00:22:37.890+00:00,1785543753428,62896.37,62906.37,1785543756002,62965.850000000006,62965.8,62965.9,3.2930836,0.0302634,3.4332129000000005,0.08728698,353.6
2026-08-01T00:22:40.232+00:00,1785543757780,62898.97,62908.97,1785543758352,62965.850000000006,62965.8,62965.9,3.29300274,0.0358634,3.43372346,0.09288698,339.3
2026-08-01T00:22:42.584+00:00,1785543759789,62898.93,62908.93,1785543760702,62965.850000000006,62965.8,62965.9,2.44164433,0.20840113,2.6321049100000002,0.25962293,348.5
2026-08-01T00:22:44.933+00:00,1785543762320,62902.24,62912.24,1785543763052,62970.95,62970.9,62971.0,3.71337504,0.07932147,4.1104595,0.18832878,348.1
2026-08-01T00:22:47.332+00:00,1785543764608,62909.36,62919.36,1785543765452,62970.95,62970.9,62971.0,3.71227919,0.08586492,4.10947155,0.18390456000000002,395.9
2026-08-01T00:22:49.681+00:00,1785543767631,62906.5,62916.5,1785543767802,62970.95,62970.9,62971.0,3.71227919,0.08586492,4.1095168200000005,0.37377915,346.9
2026-08-01T00:22:52.035+00:00,1785543769702,62906.32,62916.32,1785543770152,62970.95,62970.9,62971.0,3.70629985,0.676365,4.103537480000001,0.83321759,351.9
2026-08-01T00:22:54.383+00:00,1785543772000,62899.13,62909.13,1785543772502,62970.95,62970.9,62971.0,1.99471189,0.08547267,2.5347848099999997,0.3905187,346.1
2026-08-01T00:22:56.738+00:00,1785543774100,62904.76,62914.76,1785543774852,62970.95,62970.9,62971.0,1.99746592,0.08547267,2.27055901,0.08621962999999999,350.5
2026-08-01T00:22:59.083+00:00,1785543776897,62910.48,62920.48,1785543777202,62970.95,62970.9,62971.0,1.98025527,0.08026912,2.2909487399999997,0.22466588,343.4
2026-08-01T00:23:01.434+00:00,1785543778637,62897.92,62907.92,1785543779552,62970.95,62970.9,62971.0,0.59897167,1.45224885,0.9770954899999998,1.8158725999999998,348.6
2026-08-01T00:23:03.785+00:00,1785543781704,62899.08,62909.08,1785543781902,62970.95,62970.9,62971.0,0.59866198,1.37797121,1.5114527599999998,1.40839298,348.6
2026-08-01T00:23:06.131+00:00,1785543783737,62898.21,62908.21,1785543784252,62970.95,62970.9,62971.0,0.75319962,1.33208339,0.90281788,1.8561855399999998,343.4
2026-08-01T00:23:08.484+00:00,1785543785757,62900.25,62910.25,1785543786602,62970.95,62970.9,62971.0,1.31847343,1.37786459,1.59018319,1.7433717899999999,350.3
2026-08-01T00:23:10.836+00:00,1785543787859,62899.89,62909.89,1785543788952,62970.95,62970.9,62971.0,0.5984736,1.37786459,0.97449297,1.7513203899999998,350.2
2026-08-01T00:23:13.184+00:00,1785543791199,62894.66,62904.66,1785543791302,62970.95,62970.9,62971.0,1.43418601,0.72823889,2.33131537,0.9432993199999999,346.0
2026-08-01T00:23:15.556+00:00,1785543792400,62896.84,62906.84,1785543793652,62970.95,62970.9,62971.0,1.59778523,0.98823889,2.4948401,1.2032993199999997,370.0
2026-08-01T00:23:17.935+00:00,1785543795779,62900.95,62910.95,1785543796052,62970.95,62970.9,62971.0,1.43418523,0.9881852,2.3312400999999996,1.24852715,376.7
2026-08-01T00:23:20.734+00:00,1785543797980,62899.67,62909.67,1785543798852,62970.95,62970.9,62971.0,1.23405735,1.2181852,1.49179822,1.47852715,797.9
2026-08-01T00:23:23.083+00:00,1785543800251,62894.61,62904.61,1785543801202,62970.95,62970.9,62971.0,1.43392337,1.0545852,1.69166424,1.31492715,347.6
2026-08-01T00:23:25.436+00:00,1785543802489,62897.36,62907.36,1785543803552,62970.95,62970.9,62971.0,1.43392337,1.05447716,1.69166424,1.31481911,349.8
2026-08-01T00:23:27.783+00:00,1785543805721,62900.52,62910.52,1785543805902,62970.95,62970.9,62971.0,1.41803602,1.05462447,1.6757768899999999,1.31496642,345.2
2026-08-01T00:23:30.166+00:00,1785543807907,62898.69,62908.69,1785543808252,62970.95,62970.9,62971.0,1.23233806,1.05552447,1.4894088699999999,1.3158664199999999,380.7
2026-08-01T00:23:32.483+00:00,1785543810261,62900.09,62910.09,1785543810602,62970.95,62970.9,62971.0,1.24739514,1.05552447,1.50513601,1.3158664199999999,315.1
2026-08-01T00:23:34.838+00:00,1785543812319,62898.89,62908.89,1785543812952,62970.95,62970.9,62971.0,1.71409563,0.88262398,2.02928198,1.1176348699999998,353.8
2026-08-01T00:23:37.182+00:00,1785543814430,62902.8,62912.8,1785543815302,62970.95,62970.9,62971.0,1.71384746,0.81712398,2.0294182,1.05213487,341.8
2026-08-01T00:23:39.536+00:00,1785543816707,62906.77,62916.77,1785543817652,62970.95,62970.9,62971.0,1.71385238,0.81712398,2.03024558,1.05213487,351.7
2026-08-01T00:23:41.891+00:00,1785543819028,62906.79,62916.79,1785543820002,62970.95,62970.9,62971.0,1.71385238,0.81712398,2.03024558,1.0763830899999998,352.2
2026-08-01T00:23:44.234+00:00,1785543822229,62906.82,62916.82,1785543822352,62970.95,62970.9,62971.0,1.71385238,0.81696457,2.03024558,1.03049338,340.3
2026-08-01T00:23:46.587+00:00,1785543824409,62904.54,62914.54,1785543824702,62970.95,62970.9,62971.0,1.71380757,0.81696457,2.03020077,1.03049338,350.2
2026-08-01T00:23:48.937+00:00,1785543826539,62900.75,62910.75,1785543827052,62970.95,62970.9,62971.0,1.71358604,0.81696457,2.02997924,1.01667937,349.2
2026-08-01T00:23:51.291+00:00,1785543828609,62902.26,62912.26,1785543829402,62970.95,62970.9,62971.0,1.71370678,0.81696457,2.03009998,1.03049338,351.6
2026-08-01T00:23:53.685+00:00,1785543830708,62903.58,62913.58,1785543831802,62970.95,62970.9,62971.0,1.67716798,0.81696457,1.99356118,1.03049338,392.2
2026-08-01T00:23:56.036+00:00,1785543833183,62903.85,62913.85,1785543834152,62970.95,62970.9,62971.0,1.54534268,0.81696457,1.8617358800000001,1.06095102,348.9
2026-08-01T00:23:58.390+00:00,1785543835499,62905.22,62915.22,1785543836502,62970.95,62970.9,62971.0,1.30569669,0.63620193,1.78723875,0.8801883800000001,353.2
2026-08-01T00:24:00.734+00:00,1785543837932,62902.97,62912.97,1785543838852,62970.95,62970.9,62971.0,1.26168436,0.63597485,1.57265621,0.8799613000000001,341.7
2026-08-01T00:24:03.102+00:00,1785543841044,62903.22,62913.22,1785543841202,62970.95,62970.9,62971.0,1.5382917,0.63597485,1.7988091099999999,0.8799613000000001,366.9
2026-08-01T00:24:05.440+00:00,1785543843113,62902.85,62912.85,1785543843552,62970.95,62970.9,62971.0,1.7018917,0.63597485,1.9624091000000001,0.8799613000000001,336.6
2026-08-01T00:24:07.788+00:00,1785543845179,62902.7,62912.7,1785543845902,62970.95,62970.9,62971.0,1.70133931,0.63597485,1.96185671,0.8799613000000001,344.9
2026-08-01T00:24:10.137+00:00,1785543847239,62902.28,62912.28,1785543848252,62970.95,62970.9,62971.0,1.70133931,0.63597485,1.96185671,0.8799613000000001,347.5
2026-08-01T00:24:12.487+00:00,1785543849459,62901.12,62911.12,1785543850602,62970.95,62970.9,62971.0,1.68525224,0.63413713,1.9457696400000002,0.8781235800000001,349.4
2026-08-01T00:24:14.837+00:00,1785543851900,62901.27,62911.27,1785543852952,62970.95,62970.9,62971.0,1.66936489,0.63413713,1.92988229,0.8781235800000001,346.7
2026-08-01T00:24:17.190+00:00,1785543855171,62902.16,62912.16,1785543855302,62970.95,62970.9,62971.0,1.67878948,0.63503713,1.9393069,0.87902358,350.7
2026-08-01T00:24:19.537+00:00,1785543857189,62899.16,62909.16,1785543857652,62970.95,62970.9,62971.0,0.94408667,0.89743713,1.3969625,1.14142358,345.2
2026-08-01T00:24:21.890+00:00,1785543859290,62900.3,62910.3,1785543860002,62970.95,62970.9,62971.0,0.85973045,0.89743713,1.31260628,1.14142358,350.8
2026-08-01T00:24:24.290+00:00,1785543861573,62902.46,62912.46,1785543862402,62970.95,62970.9,62971.0,1.33529201,0.89743713,1.6274544800000001,1.14142358,398.9
2026-08-01T00:24:26.637+00:00,1785543864702,62900.68,62910.68,1785543864752,62970.95,62970.9,62971.0,1.55889201,0.87415973,1.8961524500000002,1.05187076,345.0
2026-08-01T00:24:28.987+00:00,1785543866740,62901.23,62911.23,1785543867102,62970.95,62970.9,62971.0,0.4493597,1.21134662,0.8601443200000001,1.41239941,348.7
2026-08-01T00:24:31.335+00:00,1785543868774,62900.99,62910.99,1785543869452,62970.95,62970.9,62971.0,0.6481073,1.04774662,1.04467592,1.2210097899999999,346.8
2026-08-01T00:24:33.737+00:00,1785543870883,62901.81,62911.81,1785543871852,62970.95,62970.9,62971.0,0.43707159,1.25713062,0.8343262100000001,1.4303937899999999,399.2
2026-08-01T00:24:36.085+00:00,1785543873080,62904.3,62914.3,1785543874202,62970.95,62970.9,62971.0,0.42629371,1.24713062,0.82354833,1.4203937899999999,346.6
2026-08-01T00:24:38.490+00:00,1785543876305,62904.2,62914.2,1785543876602,62970.95,62970.9,62971.0,0.63246126,1.08304233,1.02971588,1.2563054999999999,399.1
2026-08-01T00:24:40.837+00:00,1785543878319,62904.48,62914.48,1785543878952,62970.95,62970.9,62971.0,0.82421728,1.08304233,1.2214719,1.2563054999999999,346.2
2026-08-01T00:24:43.193+00:00,1785543880404,62903.22,62913.22,1785543881302,62970.95,62970.9,62971.0,0.63630267,1.08214233,1.0335572899999999,1.2554054999999997,354.3
2026-08-01T00:24:45.588+00:00,1785543883575,62904.15,62914.15,1785543883702,62970.95,62970.9,62971.0,0.63630267,0.85042098,1.0335572899999999,1.02368415,393.8
2026-08-01T00:24:47.936+00:00,1785543885629,62904.4,62914.4,1785543886052,62970.95,62970.9,62971.0,0.85353191,0.8499233,1.25010053,1.02318647,345.4
2026-08-01T00:24:50.285+00:00,1785543887679,62903.74,62913.74,1785543888402,62970.95,62970.9,62971.0,0.63630267,0.8499233,1.13225854,1.02318647,346.3
2026-08-01T00:24:52.639+00:00,1785543889859,62904.17,62914.17,1785543890752,62970.95,62970.9,62971.0,1.67637748,0.3213393,1.91210404,0.54209245,351.7
2026-08-01T00:24:54.989+00:00,1785543892513,62905.85,62915.85,1785543893102,62970.95,62970.9,62971.0,1.83035335,0.21979384,2.06131186,0.44056295,349.2
2026-08-01T00:24:57.336+00:00,1785543894650,62907.07,62917.07,1785543895452,62970.95,62970.9,62971.0,1.814466,0.21979384,2.0295334300000003,0.32261911,344.4
2026-08-01T00:24:59.686+00:00,1785543896669,62906.45,62916.45,1785543897802,62970.95,62970.9,62971.0,1.84055934,0.47968268,2.0781465100000003,0.7006838599999999,349.1
2026-08-01T00:25:02.037+00:00,1785543899879,62907.92,62917.92,1785543900152,62970.95,62970.9,62971.0,1.67966675,0.21968268,1.9220230500000002,0.32250795,348.8
2026-08-01T00:25:04.392+00:00,1785543901799,62908.26,62918.26,1785543902502,62972.850000000006,62972.8,62972.9,3.62133641,0.57659218,3.85758702,0.5869868100000001,352.3
2026-08-01T00:25:06.788+00:00,1785543904123,62906.89,62916.89,1785543904902,62972.850000000006,62972.8,62972.9,3.62133641,0.57659218,3.78608275,0.5869868100000001,391.2
2026-08-01T00:25:09.140+00:00,1785543906224,62905.6,62915.6,1785543907252,62972.850000000006,62972.8,62972.9,3.62133641,0.57659218,3.77359236,0.5869868100000001,349.9
2026-08-01T00:25:11.537+00:00,1785543909154,62907.86,62917.86,1785543909652,62977.25,62977.2,62977.3,3.35805164,0.09460506,3.9046362099999996,0.12623939,394.5
2026-08-01T00:25:13.892+00:00,1785543911707,62911.03,62921.03,1785543912002,62977.25,62977.2,62977.3,2.39345642,1.10527289,2.8598131600000007,1.3591597400000002,354.3
2026-08-01T00:25:16.237+00:00,1785543913904,62912.73,62922.73,1785543914352,62977.25,62977.2,62977.3,2.45663533,0.05922932,2.9417297700000002,0.08151404,339.5
2026-08-01T00:25:18.638+00:00,1785543916470,62914.99,62924.99,1785543916752,62983.25,62983.2,62983.3,2.62923619,0.01723026,2.85583368,0.04755082,392.8
2026-08-01T00:25:20.991+00:00,1785543918908,62917.38,62927.38,1785543919102,62983.25,62983.2,62983.3,2.62704035,0.56715585,2.83287192,0.75754938,351.7
2026-08-01T00:25:23.340+00:00,1785543920234,62917.18,62927.18,1785543921452,62983.25,62983.2,62983.3,2.62102904,0.0112502,2.8344360099999997,0.20402788000000002,347.5
2026-08-01T00:25:25.692+00:00,1785543923434,62915.75,62925.75,1785543923802,62983.25,62983.2,62983.3,2.55408736,0.60266237,2.7401731,0.7954400500000001,346.4
2026-08-01T00:25:28.032+00:00,1785543924529,62915.04,62925.04,1785543926152,62983.25,62983.2,62983.3,2.55408736,0.60227497,2.7401438199999997,0.7950526499999999,339.1
2026-08-01T00:25:30.389+00:00,1785543928428,62914.88,62924.88,1785543928502,62983.25,62983.2,62983.3,3.24608736,0.60227497,3.40275156,0.7950526499999999,345.2
2026-08-01T00:25:32.738+00:00,1785543930711,62915.83,62925.83,1785543930852,62983.25,62983.2,62983.3,3.24608736,0.60227497,3.41514045,0.84323623,347.3
2026-08-01T00:25:35.102+00:00,1785543932907,62914.68,62924.68,1785543933202,62983.25,62983.2,62983.3,3.24608736,0.60227497,3.4156737799999997,0.84323623,362.9
2026-08-01T00:25:37.437+00:00,1785543933948,62914.59,62924.59,1785543935552,62983.25,62983.2,62983.3,2.10288935,1.2282167,2.26008074,1.28087336,333.7
2026-08-01T00:25:39.791+00:00,1785543937645,62905.23,62915.23,1785543937902,62983.25,62983.2,62983.3,0.63277658,1.42298187,1.73982619,1.4878972099999999,351.7
2026-08-01T00:25:42.137+00:00,1785543939744,62904.93,62914.93,1785543940252,62983.25,62983.2,62983.3,0.63277658,1.42298187,1.01982619,1.4878972099999999,344.5
2026-08-01T00:25:44.498+00:00,1785543941799,62906.06,62916.06,1785543942602,62983.25,62983.2,62983.3,0.6321892,1.42267631,1.01923881,1.4875916499999997,356.4
2026-08-01T00:25:46.841+00:00,1785543944890,62907.67,62917.67,1785543944952,62983.25,62983.2,62983.3,0.6321892,1.42267631,1.00824909,1.4865919299999997,339.1
2026-08-01T00:25:49.191+00:00,1785543946989,62907.99,62917.99,1785543947302,62983.25,62983.2,62983.3,0.63330152,1.41686377,1.01088975,1.4807793899999997,348.7
2026-08-01T00:25:51.543+00:00,1785543949079,62908.16,62918.16,1785543949652,62983.25,62983.2,62983.3,0.61633185,1.41686377,1.05785916,1.4807793899999997,350.1
2026-08-01T00:25:53.888+00:00,1785543951518,62904.92,62914.92,1785543952002,62983.25,62983.2,62983.3,0.60044725,1.41686377,1.0419745599999999,1.4807793899999997,343.5
2026-08-01T00:25:56.243+00:00,1785543953948,62905.09,62915.09,1785543954352,62983.25,62983.2,62983.3,0.61633185,1.41678529,1.05785916,1.4807009099999997,352.8
2026-08-01T00:25:58.594+00:00,1785543956259,62902.95,62912.95,1785543956702,62983.25,62983.2,62983.3,0.81704987,1.41668031,1.2154562199999999,1.4805959299999998,349.0
2026-08-01T00:26:00.940+00:00,1785543958318,62902.9,62912.9,1785543959052,62983.25,62983.2,62983.3,0.68260245,1.25992529,1.0210088,1.3238409099999997,344.3
2026-08-01T00:26:03.290+00:00,1785543960420,62907.64,62917.64,1785543961402,62983.25,62983.2,62983.3,0.87612085,1.2079569,1.2969278600000003,1.2718725199999996,347.0
2026-08-01T00:26:05.641+00:00,1785543963633,62911.18,62921.18,1785543963752,62983.25,62983.2,62983.3,1.21885718,1.04354717,1.5965504900000003,1.1074627899999998,347.3
2026-08-01T00:26:07.988+00:00,1785543965829,62909.01,62919.01,1785543966102,62983.25,62983.2,62983.3,1.15854433,1.28336705,1.54668778,1.3472826699999998,345.4
2026-08-01T00:26:10.339+00:00,1785543968371,62908.89,62918.89,1785543968452,62983.25,62983.2,62983.3,0.95752733,1.28336705,1.39637117,1.3472826699999998,349.5
2026-08-01T00:26:12.691+00:00,1785543970399,62910.01,62920.01,1785543970802,62983.25,62983.2,62983.3,0.69512733,1.44696705,1.07582642,1.5118823899999998,350.5
2026-08-01T00:26:15.043+00:00,1785543972750,62907.35,62917.35,1785543973152,62983.25,62983.2,62983.3,1.27424391,0.99335123,1.5321880600000002,1.05566513,348.4
2026-08-01T00:26:17.390+00:00,1785543975294,62911.36,62921.36,1785543975502,62983.25,62983.2,62983.3,1.37784391,0.95118233,1.6785728199999999,1.04696917,346.3
2026-08-01T00:26:19.748+00:00,1785543977590,62911.71,62921.71,1785543977852,62983.25,62983.2,62983.3,1.37784391,0.93882912,1.48420351,1.03461596,355.6
2026-08-01T00:26:22.092+00:00,1785543979629,62912.03,62922.03,1785543980202,62983.25,62983.2,62983.3,1.42195931,0.95110496,1.70865736,1.0468918,342.9
2026-08-01T00:26:24.440+00:00,1785543981800,62912.67,62922.67,1785543982552,62983.25,62983.2,62983.3,1.43784391,0.95064453,1.54440085,1.04643137,346.2
2026-08-01T00:26:26.794+00:00,1785543983892,62911.89,62921.89,1785543984902,62983.25,62983.2,62983.3,1.41434584,0.95064453,1.52083352,1.04643137,348.5
2026-08-01T00:26:29.143+00:00,1785543986151,62913.88,62923.88,1785543987252,62983.25,62983.2,62983.3,1.41418308,1.19164501,1.5206759699999999,1.28743185,344.5
2026-08-01T00:26:31.543+00:00,1785543988419,62911.52,62921.52,1785543989652,62983.25,62983.2,62983.3,1.41610833,0.95164501,1.48784415,1.04743185,397.8
2026-08-01T00:26:33.893+00:00,1785543990746,62911.21,62921.21,1785543992002,62983.25,62983.2,62983.3,1.41610833,0.9516818,1.4878812199999998,1.1233766699999999,347.4
2026-08-01T00:26:36.291+00:00,1785543993130,62911.58,62921.58,1785543994402,62983.25,62983.2,62983.3,1.41722057,0.49445943,1.54565462,0.5902462700000001,395.9
2026-08-01T00:26:38.691+00:00,1785543996352,62916.12,62926.12,1785543996802,62983.25,62983.2,62983.3,1.60444842,0.01368567,1.67598404,0.22683189,397.6
2026-08-01T00:26:41.043+00:00,1785543998506,62917.44,62927.44,1785543999152,62983.25,62983.2,62983.3,1.7205292,0.01201306,1.87457261,0.19075451,348.9
2026-08-01T00:26:43.389+00:00,1785544000679,62917.72,62927.72,1785544001502,62983.25,62983.2,62983.3,1.7037448,0.00805563,1.8579372699999999,0.18224731,342.5
2026-08-01T00:26:45.796+00:00,1785544002952,62917.6,62927.6,1785544003902,62992.05,62992.0,62992.1,3.13036735,0.00676912,3.6255346300000006,0.008780530000000002,405.1
2026-08-01T00:26:48.144+00:00,1785544006151,62926.55,62936.55,1785544006252,62996.25,62996.2,62996.3,3.00796466,0.35959095,3.3962206200000002,0.56682937,346.6
2026-08-01T00:26:50.494+00:00,1785544008270,62927.87,62937.87,1785544008602,62996.25,62996.2,62996.3,3.05374204,0.00680959,3.48203005,0.59800098,348.2
2026-08-01T00:26:52.842+00:00,1785544010486,62930.02,62940.02,1785544010952,62998.95,62998.9,62999.0,3.44276457,0.11939023,4.1782187,0.6781241,345.4
2026-08-01T00:26:55.191+00:00,1785544012781,62929.1,62939.1,1785544013302,62998.95,62998.9,62999.0,2.87779684,1.1175181,3.23009341,2.0021815800000002,347.0
2026-08-01T00:26:57.539+00:00,1785544014825,62929.09,62939.09,1785544015652,62998.95,62998.9,62999.0,2.14192312,1.1175181,2.53841421,2.0021815800000002,347.2
2026-08-01T00:26:59.893+00:00,1785544017282,62920.88,62930.88,1785544018002,62998.95,62998.9,62999.0,0.03869683,1.61776679,1.11851279,2.94879114,349.0
2026-08-01T00:27:02.248+00:00,1785544019440,62921.31,62931.31,1785544020352,62995.95,62995.9,62996.0,1.12785954,3.29166008,1.4089496200000002,4.27780717,352.9
2026-08-01T00:27:04.591+00:00,1785544022520,62926.35,62936.35,1785544022702,62995.95,62995.9,62996.0,1.30353364,2.41143415,1.42356458,2.6915933699999997,339.5
2026-08-01T00:27:06.940+00:00,1785544024829,62923.54,62933.54,1785544025052,62995.95,62995.9,62996.0,2.08667007,2.36003249,2.2541272699999997,2.9039695599999997,348.8
2026-08-01T00:27:09.344+00:00,1785544026863,62920.88,62930.88,1785544027452,62995.95,62995.9,62996.0,2.08667007,0.4997007,2.2439984399999995,1.08742219,400.7
2026-08-01T00:27:11.692+00:00,1785544027950,62920.89,62930.89,1785544029802,62995.95,62995.9,62996.0,2.08666921,0.7380215,2.24371939,1.61497907,347.2
2026-08-01T00:27:14.042+00:00,1785544027950,62920.89,62930.89,1785544032152,62995.95,62995.9,62996.0,2.08666921,0.49609587,2.24371939,1.13790991,348.1
2026-08-01T00:27:16.392+00:00,1785544034143,62921.12,62931.12,1785544034502,62995.95,62995.9,62996.0,2.08618532,0.4516478,2.2467653699999994,1.8220747300000002,349.1
2026-08-01T00:27:18.744+00:00,1785544036210,62920.96,62930.96,1785544036852,62998.850000000006,62998.8,62998.9,3.2708849,0.28164775,3.33229667,1.05393391,348.1
2026-08-01T00:27:21.090+00:00,1785544038330,62926.06,62936.06,1785544039202,62998.95,62998.9,62999.0,3.7060291,1.05851233,3.9920025,1.68295823,344.3
2026-08-01T00:27:23.444+00:00,1785544041348,62926.46,62936.46,1785544041552,62998.95,62998.9,62999.0,3.72190916,0.34334388,4.00925821,0.6356733699999999,352.0
2026-08-01T00:27:25.794+00:00,1785544043402,62926.76,62936.76,1785544043902,62998.95,62998.9,62999.0,3.72190911,0.34310579,4.00923254,0.63082554,348.5
2026-08-01T00:27:28.142+00:00,1785544045560,62928.09,62938.09,1785544046252,62998.95,62998.9,62999.0,3.7211271,0.3443214,4.00844249,0.63204115,345.4
2026-08-01T00:27:30.491+00:00,1785544047696,62931.13,62941.13,1785544048602,62998.95,62998.9,62999.0,3.7211271,0.30952042,4.00844633,0.45561689,347.4
2026-08-01T00:27:32.842+00:00,1785544050800,62925.64,62935.64,1785544050952,62998.95,62998.9,62999.0,3.7211271,0.08952042,4.00844633,0.23561689000000002,349.2
2026-08-01T00:27:35.194+00:00,1785544052907,62926.17,62936.17,1785544053302,62998.95,62998.9,62999.0,3.71949848,0.08621042,4.00681388,0.23230689,350.5
2026-08-01T00:27:37.546+00:00,1785544055554,62933.77,62943.77,1785544055652,62998.95,62998.9,62999.0,3.71949848,0.04451042,4.0158849,0.0451709,349.6
2026-08-01T00:27:39.903+00:00,1785544057192,62934.15,62944.15,1785544058002,62998.95,62998.9,62999.0,3.71918467,0.04419455,4.082292939999999,0.04485503,356.1
2026-08-01T00:27:42.246+00:00,1785544059799,62935.2,62945.2,1785544060352,62998.95,62998.9,62999.0,3.08389313,0.0469934,3.3568593099999995,0.10020611,341.0
2026-08-01T00:27:44.612+00:00,1785544062491,62934.03,62944.03,1785544062702,62998.95,62998.9,62999.0,3.08389313,0.58382877,3.41517419,0.81303529,363.2
2026-08-01T00:27:46.996+00:00,1785544064698,62935.09,62945.09,1785544065102,62998.95,62998.9,62999.0,3.14461787,0.0469934,3.4175001999999997,0.047653879999999996,383.3
2026-08-01T00:27:49.391+00:00,1785544066748,62932.32,62942.32,1785544067502,62998.95,62998.9,62999.0,3.14461787,0.0469934,3.4175001999999997,0.047653879999999996,392.8
2026-08-01T00:27:51.751+00:00,1785544068807,62932.27,62942.27,1785544069852,62998.95,62998.9,62999.0,3.14461787,0.03377959,3.4175001999999997,0.034440069999999996,357.9
2026-08-01T00:27:54.096+00:00,1785544072109,62925.1,62935.1,1785544072202,62998.95,62998.9,62999.0,0.77115336,1.1781221,1.1552729000000002,1.2850795799999999,341.8
2026-08-01T00:27:56.446+00:00,1785544074506,62925.02,62935.02,1785544074552,62998.95,62998.9,62999.0,0.77115422,1.3417221,1.08105563,1.4486795799999999,348.7
2026-08-01T00:27:58.797+00:00,1785544075823,62925.09,62935.09,1785544076902,62998.95,62998.9,62999.0,1.03355422,1.3370521,1.34345563,1.44400958,350.4
2026-08-01T00:28:01.194+00:00,1785544078318,62924.91,62934.91,1785544079302,62998.95,62998.9,62999.0,1.47115422,1.1734521,1.78105563,1.28040958,394.4
2026-08-01T00:28:03.541+00:00,1785544080202,62924.7,62934.7,1785544081652,62998.95,62998.9,62999.0,0.77115422,1.3347521,1.08105563,1.44170958,345.0
2026-08-01T00:28:05.903+00:00,1785544083277,62924.02,62934.02,1785544084002,62998.95,62998.9,62999.0,1.47057773,1.17099337,1.78047914,1.2779508499999999,359.8
2026-08-01T00:28:08.244+00:00,1785544085473,62923.96,62933.96,1785544086352,62998.95,62998.9,62999.0,1.47057773,1.17076049,1.78047914,1.41133832,338.9
2026-08-01T00:28:10.595+00:00,1785544088577,62923.87,62933.87,1785544088702,62998.95,62998.9,62999.0,1.47057773,1.17076049,1.78047914,1.41133832,348.8
2026-08-01T00:28:12.942+00:00,1785544090758,62923.85,62933.85,1785544091052,62998.95,62998.9,62999.0,1.63472647,1.01115371,1.9460508699999999,1.2517315400000002,344.2
2026-08-01T00:28:15.347+00:00,1785544092366,62923.83,62933.83,1785544093452,62998.95,62998.9,62999.0,1.47112647,1.01205371,1.78102788,1.25263154,401.7
2026-08-01T00:28:17.701+00:00,1785544095417,62923.8,62933.8,1785544095802,62998.95,62998.9,62999.0,1.50051202,0.26654224,1.81184207,0.50712007,351.4
2026-08-01T00:28:20.045+00:00,1785544097705,62923.79,62933.79,1785544098152,62998.95,62998.9,62999.0,1.50051202,1.21398964,1.8104134299999999,1.2990121300000002,342.1
2026-08-01T00:28:22.397+00:00,1785544099842,62923.76,62933.76,1785544100502,62998.95,62998.9,62999.0,1.5322731,1.21407931,1.84217451,1.2991018,350.5
2026-08-01T00:28:24.746+00:00,1785544101988,62928.05,62938.05,1785544102852,62998.95,62998.9,62999.0,1.5322731,0.65817279,1.84108294,0.7431952799999999,348.2
2026-08-01T00:28:27.095+00:00,1785544104328,62928.11,62938.11,1785544105202,62998.95,62998.9,62999.0,1.69571674,0.65727279,2.0044416,0.74229528,346.5
2026-08-01T00:28:29.446+00:00,1785544107469,62923.69,62933.69,1785544107552,62998.95,62998.9,62999.0,1.69568343,0.65674279,1.9901474000000001,0.7417652800000001,349.0
2026-08-01T00:28:31.797+00:00,1785544109819,62925.91,62935.91,1785544109902,62998.95,62998.9,62999.0,1.67980289,0.48424279,1.8749979399999999,0.56926528,349.6
2026-08-01T00:28:34.143+00:00,1785544111969,62923.8,62933.8,1785544112252,62998.95,62998.9,62999.0,1.66392235,0.48424279,1.8591174,0.56926528,343.3
2026-08-01T00:28:36.495+00:00,1785544114338,62923.81,62933.81,1785544114602,62998.95,62998.9,62999.0,1.69562332,0.48424279,1.8908108399999999,0.72482062,349.3
2026-08-01T00:28:38.850+00:00,1785544115425,62923.64,62933.64,1785544116952,63001.149999999994,63001.1,63001.2,3.36886018,0.2867137,3.6785865,0.6783036100000001,352.7
2026-08-01T00:28:41.198+00:00,1785544118639,62925.99,62935.99,1785544119302,63001.149999999994,63001.1,63001.2,3.40074597,0.45934003,3.68307153,0.91449803,344.0
2026-08-01T00:28:43.545+00:00,1785544120720,62927.97,62937.97,1785544121652,63001.149999999994,63001.1,63001.2,3.40074597,0.45844003,3.68307153,0.9135980299999998,337.8
2026-08-01T00:28:45.950+00:00,1785544123042,62929.98,62939.98,1785544124052,63001.149999999994,63001.1,63001.2,3.15808839,0.62976829,3.29471551,0.9323876899999999,401.7
2026-08-01T00:28:48.297+00:00,1785544125198,62930.85,62940.85,1785544126402,63001.149999999994,63001.1,63001.2,3.17296855,0.6299706,3.40469406,0.8283838699999999,345.9
2026-08-01T00:28:50.648+00:00,1785544127421,62928.07,62938.07,1785544128752,63001.149999999994,63001.1,63001.2,3.17296855,0.6299706,3.40536327,0.8283838699999999,349.5
2026-08-01T00:28:52.995+00:00,1785544130639,62928.09,62938.09,1785544131102,63001.149999999994,63001.1,63001.2,3.17296855,0.6299706,3.29953852,0.7455180299999999,345.6
2026-08-01T00:28:55.348+00:00,1785544131747,62928.11,62938.11,1785544133452,63001.149999999994,63001.1,63001.2,3.17296855,0.6299706,3.2995348100000004,0.7455180299999999,351.7
2026-08-01T00:28:57.696+00:00,1785544134888,62928.14,62938.14,1785544135802,63001.149999999994,63001.1,63001.2,3.1729384,0.6299706,3.29950466,0.6554749999999999,347.1
2026-08-01T00:29:00.129+00:00,1785544136939,62928.17,62938.17,1785544138202,63001.149999999994,63001.1,63001.2,3.17399321,0.62838792,3.30054647,0.6709225899999999,430.8
2026-08-01T00:29:02.446+00:00,1785544140477,62928.2,62938.2,1785544140552,63001.149999999994,63001.1,63001.2,3.17399321,0.62838792,3.30054647,0.6709225899999999,314.2
2026-08-01T00:29:04.796+00:00,1785544142588,62928.22,62938.22,1785544142902,63001.149999999994,63001.1,63001.2,3.17399321,0.62838792,3.33684484,0.6709225899999999,348.9
2026-08-01T00:29:07.148+00:00,1785544144618,62928.25,62938.25,1785544145252,63001.149999999994,63001.1,63001.2,3.15811348,0.65200773,3.32096511,0.6707127499999999,348.7
2026-08-01T00:29:09.998+00:00,1785544147848,62928.28,62938.28,1785544148102,63001.149999999994,63001.1,63001.2,3.23411953,0.45512918,3.3561691,0.51175582,848.3
2026-08-01T00:29:12.346+00:00,1785544149908,62929.04,62939.04,1785544150452,63001.149999999994,63001.1,63001.2,3.23411953,0.45058768,3.31430525,0.5072143199999999,347.0
2026-08-01T00:29:14.699+00:00,1785544152141,62931.54,62941.54,1785544152802,63001.149999999994,63001.1,63001.2,3.25664412,0.44257714,3.33682586,0.49920378,350.2
2026-08-01T00:29:17.049+00:00,1785544154408,62931.51,62941.51,1785544155152,63001.149999999994,63001.1,63001.2,3.24638178,0.4403176,3.38658101,0.49616977,348.6
2026-08-01T00:29:19.397+00:00,1785544156437,62930.71,62940.71,1785544157502,63001.149999999994,63001.1,63001.2,3.24638178,0.4367576,3.50658165,0.5558111199999999,346.5
2026-08-01T00:29:21.744+00:00,1785544159678,62932.08,62942.08,1785544159852,63001.149999999994,63001.1,63001.2,3.24551125,0.43585539,3.50571112,0.5549089099999999,345.4
2026-08-01T00:29:24.095+00:00,1785544160918,62931.15,62941.15,1785544162202,63001.149999999994,63001.1,63001.2,3.24535393,0.19080539,3.4274243699999998,0.21630908,346.4
2026-08-01T00:29:26.453+00:00,1785544164304,62928.45,62938.45,1785544164552,63004.25,63004.2,63004.3,3.39406462,0.47239624,3.72484517,1.17366035,357.2
2026-08-01T00:29:28.799+00:00,1785544166719,62930.87,62940.87,1785544166902,63004.25,63004.2,63004.3,3.39406462,0.4726642,3.66480728,1.41242831,343.1
2026-08-01T00:29:31.146+00:00,1785544167757,62932.49,62942.49,1785544169252,63004.25,63004.2,63004.3,3.39406462,0.4706142,3.66792896,1.41037831,346.2
2026-08-01T00:29:33.498+00:00,1785544170393,62928.65,62938.65,1785544171602,63004.25,63004.2,63004.3,2.65257512,1.21464759,2.90398415,2.9715015000000005,348.9
2026-08-01T00:29:35.845+00:00,1785544173669,62928.71,62938.71,1785544173952,63004.25,63004.2,63004.3,2.65257512,0.99067205,2.90398415,2.74752596,345.2
2026-08-01T00:29:38.195+00:00,1785544174738,62928.77,62938.77,1785544176302,63004.25,63004.2,63004.3,2.65257512,1.13738966,2.90398415,2.8942435700000004,345.3
2026-08-01T00:29:40.557+00:00,1785544178338,62928.8,62938.8,1785544178652,63004.25,63004.2,63004.3,2.59257512,1.30098966,2.84398415,3.05784357,359.2
2026-08-01T00:29:42.901+00:00,1785544180428,62928.81,62938.81,1785544181002,63004.25,63004.2,63004.3,1.0238728,1.37252373,1.33528183,3.19569709,340.9
2026-08-01T00:29:45.246+00:00,1785544182878,62928.88,62938.88,1785544183352,63004.25,63004.2,63004.3,0.76210238,1.37204758,1.20953204,3.19522094,338.1
2026-08-01T00:29:47.597+00:00,1785544184958,62930.36,62940.36,1785544185702,63004.25,63004.2,63004.3,1.02455999,1.32728528,1.27665402,2.1576125,348.4
2026-08-01T00:29:49.950+00:00,1785544187845,62899.07,62909.07,1785544188052,62968.45,62968.4,62968.5,2.75950456,0.43077813,3.00788953,0.61761563,350.9
2026-08-01T00:29:52.299+00:00,1785544190048,62903.17,62913.17,1785544190402,62968.45,62968.4,62968.5,2.76306923,0.17656813,3.30119964,0.48230496,347.3
2026-08-01T00:29:54.646+00:00,1785544192253,62906.54,62916.54,1785544192752,62968.45,62968.4,62968.5,2.76306923,0.17551885,3.30119964,0.48125568,345.5
2026-08-01T00:29:56.999+00:00,1785544192253,62906.54,62916.54,1785544195102,62968.45,62968.4,62968.5,2.76306923,0.1682341,3.25649728,1.32071603,350.4
2026-08-01T00:29:59.347+00:00,1785544196474,62903.36,62913.36,1785544197452,62968.45,62968.4,62968.5,1.311581,0.28431393,1.5499991600000003,1.17514638,345.9
2026-08-01T00:30:01.698+00:00,1785544198622,62902.1,62912.1,1785544199802,62968.45,62968.4,62968.5,1.31158161,0.52665447,1.54999977,2.0908659800000002,349.0
2026-08-01T00:30:04.047+00:00,1785544202048,62897.43,62907.43,1785544202152,62970.649999999994,62970.6,62970.7,2.65332033,0.23108134,2.7017713800000003,1.3936339800000002,348.2
2026-08-01T00:30:06.395+00:00,1785544204089,62897.92,62907.92,1785544204502,62970.649999999994,62970.6,62970.7,3.35210249,0.21908134,3.4710572,0.2367883,346.2
2026-08-01T00:30:08.748+00:00,1785544206471,62919.06,62929.06,1785544206852,62980.05,62980.0,62980.1,3.35423585,0.03573618,3.7667166200000004,0.22138271999999998,351.1
2026-08-01T00:30:11.097+00:00,1785544208558,62916.23,62926.23,1785544209202,62980.05,62980.0,62980.1,2.65423585,0.03319373,3.0667166200000007,0.21713639999999998,348.2
2026-08-01T00:30:13.449+00:00,1785544210709,62915.06,62925.06,1785544211552,62980.05,62980.0,62980.1,3.35423585,0.02139366,3.7667166200000004,0.20533632999999998,350.3
2026-08-01T00:30:15.796+00:00,1785544213858,62914.19,62924.19,1785544213902,62980.05,62980.0,62980.1,3.2981544,0.02139366,3.6746351700000006,0.20533632999999998,343.8
2026-08-01T00:30:18.146+00:00,1785544215910,62914.23,62924.23,1785544216252,62980.05,62980.0,62980.1,3.31262001,0.01446561,3.6891007800000004,0.19840827999999996,348.1
2026-08-01T00:30:20.499+00:00,1785544218039,62919.19,62929.19,1785544218602,62986.45,62986.4,62986.5,2.54988012,0.58307824,2.8494248600000005,0.6291006600000001,352.1
2026-08-01T00:30:22.846+00:00,1785544220078,62920.74,62930.74,1785544220952,62986.45,62986.4,62986.5,2.81484012,0.14708134,2.8890594800000002,0.14717816999999997,345.9
2026-08-01T00:30:25.198+00:00,1785544223155,62919.88,62929.88,1785544223302,62986.45,62986.4,62986.5,2.81483836,0.13444864,2.8890577200000003,0.18027338999999998,349.4
2026-08-01T00:30:27.548+00:00,1785544225424,62920.23,62930.23,1785544225652,62986.45,62986.4,62986.5,2.81426336,0.13411918,2.8884827200000003,0.17994392999999997,348.2
2026-08-01T00:30:29.901+00:00,1785544227435,62920.58,62930.58,1785544228002,62986.45,62986.4,62986.5,2.81426336,0.13400496,2.9295357500000003,0.17982970999999998,351.2
2026-08-01T00:30:32.245+00:00,1785544229681,62920.43,62930.43,1785544230352,62986.45,62986.4,62986.5,1.16633719,0.78444603,1.35002712,0.8424244400000002,343.0
2026-08-01T00:30:34.600+00:00,1785544231828,62919.7,62929.7,1785544232702,62986.45,62986.4,62986.5,1.34582013,0.76207889,1.5295100599999998,0.9583756999999999,350.1
2026-08-01T00:30:36.951+00:00,1785544233890,62918.54,62928.54,1785544235052,62986.45,62986.4,62986.5,1.34582013,0.58956295,1.5295100599999998,0.7962128700000002,350.1
2026-08-01T00:30:39.349+00:00,1785544237298,62921.5,62931.5,1785544237452,62986.45,62986.4,62986.5,1.17461225,0.76177602,1.47350295,0.7746199200000001,394.8
2026-08-01T00:30:41.697+00:00,1785544239399,62918.08,62928.08,1785544239802,62986.45,62986.4,62986.5,1.18222013,0.75367593,1.48111083,0.7665198300000001,345.8
2026-08-01T00:30:44.051+00:00,1785544241588,62914.55,62924.55,1785544242152,62986.45,62986.4,62986.5,1.18222013,0.75367593,1.48111083,0.7665198300000001,346.7
2026-08-01T00:30:46.399+00:00,1785544243719,62914.31,62924.31,1785544244502,62986.45,62986.4,62986.5,1.34582013,0.75367593,1.64471083,0.7665198300000001,347.3
2026-08-01T00:30:48.750+00:00,1785544246778,62914.22,62924.22,1785544246852,62986.45,62986.4,62986.5,1.14143233,1.25306216,1.40344284,1.2738369299999999,344.2
2026-08-01T00:30:51.098+00:00,1785544249106,62915.62,62925.62,1785544249202,62986.45,62986.4,62986.5,1.11901445,1.24882219,1.3810249600000002,1.2695969599999999,344.5
2026-08-01T00:30:53.448+00:00,1785544251299,62914.13,62924.13,1785544251552,62986.45,62986.4,62986.5,1.36086009,0.98646986,1.6228706000000002,0.9993137600000002,347.6
2026-08-01T00:30:55.799+00:00,1785544253338,62913.79,62923.79,1785544253902,62986.45,62986.4,62986.5,1.00061827,0.90559227,1.26262878,0.9263668300000001,350.7
2026-08-01T00:30:58.152+00:00,1785544255516,62914.55,62924.55,1785544256252,62986.45,62986.4,62986.5,1.00061827,0.69961955,1.26262878,0.7124634500000001,345.3
2026-08-01T00:31:00.508+00:00,1785544257749,62916.76,62926.76,1785544258602,62986.45,62986.4,62986.5,1.16421827,0.87652858,1.4262287800000002,0.8973190900000001,354.0
2026-08-01T00:31:02.847+00:00,1785544260322,62912.36,62922.36,1785544260952,62986.45,62986.4,62986.5,0.92799725,0.85699531,1.02191438,0.87777021,337.6
2026-08-01T00:31:05.206+00:00,1785544262488,62914.42,62924.42,1785544263302,62986.45,62986.4,62986.5,1.06315182,0.96264207,1.1570689500000002,0.9834168400000001,358.2
2026-08-01T00:31:07.549+00:00,1785544264547,62913.51,62923.51,1785544265652,62986.45,62986.4,62986.5,0.93903539,0.85713986,1.03295252,0.87791463,341.2
2026-08-01T00:31:09.904+00:00,1785544267808,62914.73,62924.73,1785544268002,62986.45,62986.4,62986.5,1.41903539,0.64591399,1.51295252,1.34854701,352.0
2026-08-01T00:31:12.252+00:00,1785544270082,62912.69,62922.69,1785544270352,62986.45,62986.4,62986.5,0.99903539,0.64591399,1.16957314,0.6666883400000001,341.8
2026-08-01T00:31:14.602+00:00,1785544272268,62912.05,62922.05,1785544272702,62986.45,62986.4,62986.5,0.99903539,0.62001969,1.16957314,0.9500031600000001,348.5
2026-08-01T00:31:16.952+00:00,1785544274387,62910.66,62920.66,1785544275052,62986.45,62986.4,62986.5,0.99903539,1.04785726,1.09295252,1.06863161,345.8
2026-08-01T00:31:19.299+00:00,1785544276515,62911.12,62921.12,1785544277402,62986.45,62986.4,62986.5,0.99903539,1.04755139,1.09295252,1.06832574,345.1
2026-08-01T00:31:21.653+00:00,1785544279702,62910.7,62920.7,1785544279752,62986.45,62986.4,62986.5,0.99903539,1.04755139,1.09295252,1.06832574,352.6
2026-08-01T00:31:23.998+00:00,1785544281971,62913.17,62923.17,1785544282102,62986.45,62986.4,62986.5,0.99903539,1.06900588,1.09295252,1.1078167799999998,343.7
2026-08-01T00:31:26.348+00:00,1785544284088,62911.58,62921.58,1785544284452,62986.45,62986.4,62986.5,1.69610748,0.68536964,1.7900246100000001,1.00316406,348.1
2026-08-01T00:31:28.701+00:00,1785544286358,62912.81,62922.81,1785544286802,62986.45,62986.4,62986.5,1.0722262,1.20347989,1.1661433300000001,1.2422908000000001,351.0
2026-08-01T00:31:31.060+00:00,1785544288703,62921.26,62931.26,1785544289152,62986.45,62986.4,62986.5,1.0722262,1.20290989,1.1661433300000001,1.81747671,355.9
2026-08-01T00:31:33.506+00:00,1785544290838,62920.21,62930.21,1785544291602,62986.45,62986.4,62986.5,1.2358262,1.20290989,1.3297433300000001,1.447184,445.1
2026-08-01T00:31:35.904+00:00,1785544293170,62917.89,62927.89,1785544294002,62986.45,62986.4,62986.5,1.08628653,1.21796183,1.18020366,1.4123876,395.6
2026-08-01T00:31:38.255+00:00,1785544295804,62916.49,62926.49,1785544296352,62986.45,62986.4,62986.5,1.08512962,1.21796183,1.1790467500000001,1.8325287,349.6
2026-08-01T00:31:40.602+00:00,1785544298142,62904.9,62914.9,1785544298702,62977.850000000006,62977.8,62977.9,0.81376091,2.43166811,0.89291002,3.5164210799999998,346.3
2026-08-01T00:31:42.950+00:00,1785544300217,62906.07,62916.07,1785544301052,62977.850000000006,62977.8,62977.9,0.81376091,2.42232862,0.89291002,4.37933719,346.0
2026-08-01T00:31:45.302+00:00,1785544302349,62907.52,62917.52,1785544303402,62977.850000000006,62977.8,62977.9,0.81376091,2.40722622,0.89291002,4.341124890000001,345.8
2026-08-01T00:31:47.651+00:00,1785544305480,62907.31,62917.31,1785544305752,62977.850000000006,62977.8,62977.9,0.81276118,2.37047214,0.8319202899999999,3.4849568499999997,348.2
2026-08-01T00:31:50.006+00:00,1785544307802,62902.31,62912.31,1785544308102,62977.850000000006,62977.8,62977.9,0.54936209,2.36552529,0.55034093,3.46170181,350.9
2026-08-01T00:31:52.354+00:00,1785544309693,62898.99,62908.99,1785544310452,62968.75,62968.7,62968.8,0.9571615,2.30389227,1.0544396,3.0267507,344.4
2026-08-01T00:31:54.779+00:00,1785544311968,62897.18,62907.18,1785544312852,62968.75,62968.7,62968.8,0.86647483,2.34086559,1.06967158,3.06372402,423.4
2026-08-01T00:31:57.152+00:00,1785544315088,62898.18,62908.18,1785544315252,62968.75,62968.7,62968.8,1.07054308,1.96869939,2.0346661700000004,2.72165589,370.3
2026-08-01T00:31:59.505+00:00,1785544317008,62896.68,62906.68,1785544317602,62968.75,62968.7,62968.8,1.07054308,1.96504844,2.0346661700000004,2.68790687,351.1
2026-08-01T00:32:01.862+00:00,1785544319034,62896.59,62906.59,1785544319952,62968.75,62968.7,62968.8,1.13054308,1.96086966,1.6018762900000003,2.6837280900000002,354.7
2026-08-01T00:32:04.202+00:00,1785544321239,62894.94,62904.94,1785544322302,62968.75,62968.7,62968.8,1.1335025,1.950306,1.2665855900000003,2.6810975900000003,333.9
2026-08-01T00:32:06.552+00:00,1785544323911,62886.91,62896.91,1785544324652,62968.75,62968.7,62968.8,0.01532711,2.12363212,0.01671002,3.2174934900000003,348.2
2026-08-01T00:32:08.952+00:00,1785544325997,62890.13,62900.13,1785544327052,62968.75,62968.7,62968.8,0.82873128,1.85060889,0.83011419,2.89447026,399.1
2026-08-01T00:32:11.302+00:00,1785544329245,62886.3,62896.3,1785544329402,62968.75,62968.7,62968.8,0.82873128,1.84950258,1.08011796,2.89336395,348.3
2026-08-01T00:32:13.650+00:00,1785544331317,62886.51,62896.51,1785544331752,62968.75,62968.7,62968.8,0.82793717,1.84269082,0.82932008,2.88655219,346.1
2026-08-01T00:32:16.009+00:00,1785544333498,62890.32,62900.32,1785544334102,62968.75,62968.7,62968.8,0.82793717,1.84269082,0.82932008,2.88655219,358.1
2026-08-01T00:32:18.352+00:00,1785544335518,62888.11,62898.11,1785544336452,62968.75,62968.7,62968.8,0.5641383,1.84309119,0.8263756600000001,2.88695256,340.0
2026-08-01T00:32:20.706+00:00,1785544338534,62890.79,62900.79,1785544338802,62968.75,62968.7,62968.8,0.5632383,1.87195435,0.7728645999999999,2.91581572,352.1
2026-08-01T00:32:23.049+00:00,1785544341000,62865.73,62875.73,1785544341152,62940.649999999994,62940.6,62940.7,0.95729795,2.86096209,0.9659933799999999,3.932043,341.0
2026-08-01T00:32:25.402+00:00,1785544343113,62869.36,62879.36,1785544343502,62940.649999999994,62940.6,62940.7,1.65796876,0.56809481,1.8257872099999999,2.39781895,349.5
2026-08-01T00:32:27.754+00:00,1785544345248,62872.12,62882.12,1785544345852,62940.649999999994,62940.6,62940.7,1.58266438,0.62333456,1.75742039,1.97647906,348.8
2026-08-01T00:32:30.102+00:00,1785544347812,62868.3,62878.3,1785544348202,62940.649999999994,62940.6,62940.7,0.93278793,1.22391731,1.07591031,2.36298779,346.4
2026-08-01T00:32:32.454+00:00,1785544349816,62868.43,62878.43,1785544350552,62940.649999999994,62940.6,62940.7,0.9167973,1.03274768,0.98549273,1.73156035,349.7
2026-08-01T00:32:34.805+00:00,1785544351831,62875.85,62885.85,1785544352902,62940.649999999994,62940.6,62940.7,1.98478885,0.72052197,2.2307840699999995,1.11627074,349.4
2026-08-01T00:32:37.688+00:00,1785544355269,62877.09,62887.09,1785544355302,62940.649999999994,62940.6,62940.7,1.78922868,0.49313856,2.0764807999999997,1.77845513,870.7
2026-08-01T00:32:40.053+00:00,1785544357409,62876.85,62886.85,1785544358152,62940.649999999994,62940.6,62940.7,1.78896415,0.73223856,2.06631142,1.9666490799999998,363.2
2026-08-01T00:32:42.402+00:00,1785544359488,62874.55,62884.55,1785544360502,62940.649999999994,62940.6,62940.7,1.78903379,0.49223856,2.0838444899999997,1.93753918,347.1
2026-08-01T00:32:44.754+00:00,1785544361794,62879.65,62889.65,1785544362852,62940.649999999994,62940.6,62940.7,2.65800182,0.06757329,3.20370482,0.26146195,350.1
2026-08-01T00:32:47.108+00:00,1785544364980,62882.01,62892.01,1785544365202,62940.649999999994,62940.6,62940.7,2.65800182,0.0667789,3.20370482,0.26066755999999996,350.8
2026-08-01T00:32:49.455+00:00,1785544367128,62879.14,62889.14,1785544367552,62940.649999999994,62940.6,62940.7,2.43650604,0.0667789,2.98220904,0.26066755999999996,345.5
2026-08-01T00:32:51.861+00:00,1785544368279,62877.84,62887.84,1785544369952,62940.649999999994,62940.6,62940.7,2.1958258,0.30509134,2.66694385,0.32648836999999997,404.4
2026-08-01T00:32:54.211+00:00,1785544371629,62879.23,62889.23,1785544372302,62940.649999999994,62940.6,62940.7,2.16393888,0.26459134,2.63505693,0.28598837,348.8
2026-08-01T00:32:56.555+00:00,1785544373662,62882.02,62892.02,1785544374652,62940.649999999994,62940.6,62940.7,2.1957258,0.28051977,2.78584385,0.5041268799999999,341.0
2026-08-01T00:32:58.905+00:00,1785544376366,62874.05,62884.05,1785544377002,62940.649999999994,62940.6,62940.7,2.1957258,0.0663689,2.78584385,0.24166659,346.1
2026-08-01T00:33:01.258+00:00,1785544378398,62876.78,62886.78,1785544379352,62940.649999999994,62940.6,62940.7,2.15154834,0.12907115,2.7416663900000002,0.30581688000000007,351.5
2026-08-01T00:33:03.603+00:00,1785544381643,62885.39,62895.39,1785544381702,62947.05,62947.0,62947.1,2.22188397,0.13465273,2.61940397,0.29305667999999996,343.5
2026-08-01T00:33:05.963+00:00,1785544383883,62889.59,62899.59,1785544384052,62947.05,62947.0,62947.1,2.87064923,0.13270004,3.38589406,0.49949157999999994,358.7
2026-08-01T00:33:08.303+00:00,1785544386065,62887.36,62897.36,1785544386402,62947.05,62947.0,62947.1,2.87064923,0.13270004,3.38589406,0.34801041999999993,338.7
2026-08-01T00:33:10.652+00:00,1785544388273,62885.22,62895.22,1785544388752,62947.05,62947.0,62947.1,2.82484557,0.13255488,3.3400904,0.34786525999999995,347.4
2026-08-01T00:33:13.006+00:00,1785544390377,62888.0,62898.0,1785544391102,62947.05,62947.0,62947.1,2.82361862,0.13255488,3.33886345,0.34786525999999995,351.8
2026-08-01T00:33:15.354+00:00,1785544392437,62884.58,62894.58,1785544393452,62947.05,62947.0,62947.1,2.82437862,0.13255488,3.33962345,0.34786525999999995,346.0
2026-08-01T00:33:17.706+00:00,1785544393438,62884.03,62894.03,1785544395802,62947.05,62947.0,62947.1,2.82484557,0.13227645,3.3400904,0.34758682999999996,349.2
2026-08-01T00:33:20.061+00:00,1785544397538,62885.1,62895.1,1785544398152,62947.05,62947.0,62947.1,2.82484557,0.13227645,3.3400904,0.34758682999999996,353.2
2026-08-01T00:33:22.410+00:00,1785544399608,62886.53,62896.53,1785544400502,62947.05,62947.0,62947.1,2.66484012,0.25607477,3.18008495,0.44832273,347.0
2026-08-01T00:33:24.756+00:00,1785544402774,62880.26,62890.26,1785544402852,62947.05,62947.0,62947.1,1.54577041,1.15698272,1.9394952400000003,1.3281368900000001,344.6
2026-08-01T00:33:27.104+00:00,1785544404972,62879.78,62889.78,1785544405202,62947.05,62947.0,62947.1,1.51483231,1.12298841,1.8570994900000002,1.29424549,346.4
2026-08-01T00:33:29.457+00:00,1785544407235,62878.72,62888.72,1785544407552,62947.05,62947.0,62947.1,1.52767997,0.63651154,1.8699471500000002,0.85259318,351.8
2026-08-01T00:33:31.854+00:00,1785544409389,62878.57,62888.57,1785544409952,62947.05,62947.0,62947.1,1.12379474,1.12826231,1.46606192,1.2998202900000002,394.7
2026-08-01T00:33:34.202+00:00,1785544411422,62877.52,62887.52,1785544412302,62947.05,62947.0,62947.1,1.30328798,0.63628067,1.64555516,0.8078595,345.7
2026-08-01T00:33:36.554+00:00,1785544413459,62874.55,62884.55,1785544414652,62947.05,62947.0,62947.1,1.30328798,1.13363691,1.64555516,1.3052638300000003,349.9
2026-08-01T00:33:38.913+00:00,1785544416010,62872.91,62882.91,1785544417002,62947.05,62947.0,62947.1,0.52797305,1.99964624,1.2206748200000002,3.39425057,356.9
2026-08-01T00:33:41.349+00:00,1785544419148,62872.49,62882.49,1785544419352,62947.05,62947.0,62947.1,0.51915826,1.99964624,1.23186003,3.39425057,432.3
2026-08-01T00:33:43.705+00:00,1785544421231,62877.01,62887.01,1785544421802,62947.05,62947.0,62947.1,0.7602779,1.99964624,1.47297967,3.39425057,354.9
2026-08-01T00:33:46.052+00:00,1785544422264,62877.44,62887.44,1785544424152,62947.05,62947.0,62947.1,1.01139544,1.20293478,1.4114003000000002,1.8703989400000003,344.9
2026-08-01T00:33:48.457+00:00,1785544426380,62877.53,62887.53,1785544426552,62947.05,62947.0,62947.1,1.01139544,1.20293478,1.4114003000000002,2.4854599,390.3
2026-08-01T00:33:53.554+00:00,1785544431459,62877.05,62887.05,1785544431652,62947.05,62947.0,62947.1,0.83811191,1.28818306,1.2423110299999998,2.57070818,339.7
2026-08-01T00:33:55.954+00:00,1785544433490,62875.85,62885.85,1785544434052,62947.05,62947.0,62947.1,0.83811191,1.45073746,1.2423110299999998,2.7332625800000003,397.8
2026-08-01T00:33:59.358+00:00,1785544436528,62877.67,62887.67,1785544437452,62947.05,62947.0,62947.1,0.83827077,1.45073746,1.24246989,2.7332625800000003,496.2
2026-08-01T00:34:01.707+00:00,1785544439592,62882.08,62892.08,1785544439802,62947.05,62947.0,62947.1,0.83827077,1.45073746,1.24246989,2.7332625800000003,348.5
2026-08-01T00:34:04.054+00:00,1785544441624,62881.15,62891.15,1785544442152,62947.05,62947.0,62947.1,1.03863217,2.58575125,1.36614911,3.39168078,344.9
2026-08-01T00:34:06.406+00:00,1785544443653,62880.42,62890.42,1785544444502,62947.05,62947.0,62947.1,1.03863217,1.48649416,1.36614911,2.63055399,350.3
2026-08-01T00:34:08.760+00:00,1785544445931,62887.38,62897.38,1785544446852,62947.05,62947.0,62947.1,2.69291925,0.06216231,3.09588698,0.23457400999999997,351.1
2026-08-01T00:34:11.155+00:00,1785544448589,62883.16,62893.16,1785544449252,62947.05,62947.0,62947.1,2.47231167,0.06184618,2.8752793999999997,0.28004635,387.5
2026-08-01T00:34:13.506+00:00,1785544450690,62883.17,62893.17,1785544451602,62947.05,62947.0,62947.1,2.48820425,0.05934755,2.8911719799999998,0.27754772,349.4
2026-08-01T00:34:15.858+00:00,1785544453839,62885.64,62895.64,1785544453952,62947.05,62947.0,62947.1,2.48804425,0.05934755,2.8910119800000005,0.27754772,350.8
2026-08-01T00:34:18.203+00:00,1785544455928,62883.76,62893.76,1785544456302,62947.05,62947.0,62947.1,2.48580527,0.05934755,2.888773,0.27754772,342.7
2026-08-01T00:34:20.559+00:00,1785544458098,62885.46,62895.46,1785544458652,62947.05,62947.0,62947.1,2.27374237,0.05934755,2.6767100999999998,0.27754772,352.9
2026-08-01T00:34:22.915+00:00,1785544460170,62884.61,62894.61,1785544461002,62947.05,62947.0,62947.1,2.24195721,0.06206426,2.6449249399999997,0.28026443,353.1
2026-08-01T00:34:25.258+00:00,1785544463289,62887.5,62897.5,1785544463352,62947.05,62947.0,62947.1,2.27374237,0.06193717,2.6767100999999998,0.28013734,340.6
2026-08-01T00:34:27.655+00:00,1785544464448,62886.47,62896.47,1785544465752,62947.05,62947.0,62947.1,2.27374237,0.06193717,2.6767100999999998,0.28013734,395.1
2026-08-01T00:34:30.012+00:00,1785544467052,62885.97,62895.97,1785544468102,62947.05,62947.0,62947.1,2.27436275,0.06193717,2.6773304799999997,0.28013734,354.5
2026-08-01T00:34:32.357+00:00,1785544470217,62886.66,62896.66,1785544470452,62949.149999999994,62949.1,62949.2,2.51442,0.09344601,4.09006822,0.5193021,343.5
2026-08-01T00:34:34.709+00:00,1785544472278,62885.8,62895.8,1785544472802,62951.45,62951.4,62951.5,2.50538977,0.60044502,2.91894533,1.24365266,350.1
2026-08-01T00:34:37.056+00:00,1785544474468,62883.97,62893.97,1785544475152,62951.45,62951.4,62951.5,2.31314829,0.59471685,2.7267038500000003,0.9804185599999999,345.6
2026-08-01T00:34:39.407+00:00,1785544476558,62886.0,62896.0,1785544477502,62951.45,62951.4,62951.5,2.31314829,0.59450508,2.7267038500000003,0.79163614,350.4
2026-08-01T00:34:41.756+00:00,1785544478927,62886.69,62896.69,1785544479852,62951.45,62951.4,62951.5,2.31517685,0.11524796,2.72873241,0.31057760999999995,345.4
2026-08-01T00:34:44.107+00:00,1785544481965,62882.72,62892.72,1785544482202,62951.45,62951.4,62951.5,2.31517685,0.58331469,2.72873241,0.77864434,348.6
2026-08-01T00:34:46.503+00:00,1785544483991,62884.32,62894.32,1785544484602,62951.45,62951.4,62951.5,2.31394014,0.57627207,2.7274957000000004,0.77160172,393.7
2026-08-01T00:34:48.857+00:00,1785544486442,62917.61,62927.61,1785544486952,62982.55,62982.5,62982.6,2.28084396,0.10706482,2.5709602300000003,1.10731606,350.5
2026-08-01T00:34:51.205+00:00,1785544488531,62912.03,62922.03,1785544489302,62982.55,62982.5,62982.6,0.68322166,1.63440419,1.6416961,2.7806165800000002,347.2
2026-08-01T00:34:53.554+00:00,1785544490964,62912.06,62922.06,1785544491652,62982.55,62982.5,62982.6,0.92933458,1.63388514,1.7579590200000001,2.7800975300000004,347.5
2026-08-01T00:34:55.911+00:00,1785544493319,62912.1,62922.1,1785544494002,62982.55,62982.5,62982.6,0.9292537,1.63388514,1.16151104,2.7800975300000004,356.0
2026-08-01T00:34:58.258+00:00,1785544495551,62912.69,62922.69,1785544496352,62982.55,62982.5,62982.6,0.92875814,1.59788514,1.16101548,2.7440975300000003,344.5
2026-08-01T00:35:00.606+00:00,1785544498504,62923.4,62933.4,1785544498702,62985.649999999994,62985.6,62985.7,0.98855194,1.97307223,1.2190381700000001,1.97414471,344.9
2026-08-01T00:35:02.962+00:00,1785544500913,62916.94,62926.94,1785544501055,62985.649999999994,62985.6,62985.7,1.21817445,1.75745795,2.36762558,1.76483451,355.9
2026-08-01T00:35:05.311+00:00,1785544503145,62919.25,62929.25,1785544503405,62985.649999999994,62985.6,62985.7,0.99654953,0.93004214,2.14600066,0.94775254,345.8
2026-08-01T00:35:07.669+00:00,1785544504895,62909.81,62919.81,1785544505755,62985.649999999994,62985.6,62985.7,0.0435156,1.5761535,0.17906668,3.27784014,356.6
2026-08-01T00:35:10.010+00:00,1785544507040,62907.82,62917.82,1785544508105,62985.649999999994,62985.6,62985.7,0.0152509,1.5761535,0.07272429999999999,3.27784014,339.0
2026-08-01T00:35:12.358+00:00,1785544509138,62907.85,62917.85,1785544510455,62985.649999999994,62985.6,62985.7,0.0199229,1.5761535,0.24301548,3.27784014,346.5
2026-08-01T00:35:14.709+00:00,1785544512388,62909.31,62919.31,1785544512805,62985.649999999994,62985.6,62985.7,0.51692837,1.17739496,0.8337675300000001,2.8790816,346.3
2026-08-01T00:35:17.059+00:00,1785544514489,62911.24,62921.24,1785544515155,62985.649999999994,62985.6,62985.7,0.0230133,1.39337422,0.41411735000000005,3.0950608600000002,348.9
2026-08-01T00:35:19.409+00:00,1785544516694,62911.53,62921.53,1785544517505,62985.649999999994,62985.6,62985.7,0.0285063,1.17823665,0.41812432,2.8799232900000002,347.4
2026-08-01T00:35:21.764+00:00,1785544519767,62910.01,62920.01,1785544519855,62985.649999999994,62985.6,62985.7,0.51995891,1.17823665,0.6630054900000001,2.8799232900000002,352.1
2026-08-01T00:35:24.111+00:00,1785544521859,62914.07,62924.07,1785544522205,62985.649999999994,62985.6,62985.7,0.52066756,1.14124339,0.64804753,2.84293003,346.6
2026-08-01T00:35:26.462+00:00,1785544523970,62913.38,62923.38,1785544524555,62985.649999999994,62985.6,62985.7,0.48834564,1.08108622,0.72351846,2.3668014399999997,349.0
2026-08-01T00:35:28.812+00:00,1785544526229,62912.11,62922.11,1785544526905,62985.649999999994,62985.6,62985.7,1.17865342,0.39793405,1.24030425,0.57605463,346.8
2026-08-01T00:35:31.212+00:00,1785544528704,62919.44,62929.44,1785544529305,62989.149999999994,62989.1,62989.2,2.26919777,0.38532775,2.92252036,0.9083257,398.1
2026-08-01T00:35:33.558+00:00,1785544530879,62919.79,62929.79,1785544531655,62989.149999999994,62989.1,62989.2,1.09180769,0.64805265,1.2914647000000001,0.8907118199999999,344.1
2026-08-01T00:35:35.912+00:00,1785544532908,62925.07,62935.07,1785544534005,62989.149999999994,62989.1,62989.2,1.09259329,0.67554709,1.5475617899999998,0.9182062599999999,352.8
2026-08-01T00:35:38.713+00:00,1785544536168,62925.0,62935.0,1785544536805,62989.149999999994,62989.1,62989.2,1.05512654,0.67327616,1.2495519700000002,0.9159353299999999,372.7
2026-08-01T00:35:41.059+00:00,1785544538289,62920.65,62930.65,1785544539155,62989.149999999994,62989.1,62989.2,1.33343485,0.67212769,1.74558076,0.77822168,339.2
2026-08-01T00:35:43.412+00:00,1785544541357,62922.79,62932.79,1785544541505,62989.149999999994,62989.1,62989.2,1.05500085,0.67132707,1.5319779100000002,0.7831943800000001,350.7
2026-08-01T00:35:45.759+00:00,1785544543505,62923.54,62933.54,1785544543855,62989.149999999994,62989.1,62989.2,0.85690581,0.83405485,1.3976165000000003,0.9394432100000001,345.5
2026-08-01T00:35:48.163+00:00,1785544545634,62924.15,62934.15,1785544546255,62989.149999999994,62989.1,62989.2,0.87264344,0.83508186,1.30431114,0.9343311599999999,390.9
2026-08-01T00:35:50.515+00:00,1785544547744,62924.46,62934.46,1785544548605,62989.149999999994,62989.1,62989.2,1.07547579,0.67058186,1.50714349,0.76983116,350.8
2026-08-01T00:35:52.866+00:00,1785544550096,62920.49,62930.49,1785544550955,62989.149999999994,62989.1,62989.2,0.87248643,1.35385689,1.1653279699999999,1.7022977600000004,349.6
2026-08-01T00:35:55.261+00:00,1785544552753,62908.35,62918.35,1785544553355,62972.95,62972.9,62973.0,0.93023391,1.64074291,1.2595758400000001,2.89891031,393.6
2026-08-01T00:35:57.611+00:00,1785544554797,62907.64,62917.64,1785544555705,62972.95,62972.9,62973.0,0.93025845,1.64074291,1.19809337,2.89950212,348.9
2026-08-01T00:35:59.960+00:00,1785544557907,62907.45,62917.45,1785544558055,62972.95,62972.9,62973.0,0.93025845,1.64074291,1.21030972,2.89997117,346.2
2026-08-01T00:36:02.309+00:00,1785544560009,62907.75,62917.75,1785544560405,62978.649999999994,62978.6,62978.7,1.53240157,0.09180998,1.9084126600000002,0.51591854,347.6
2026-08-01T00:36:04.660+00:00,1785544562038,62905.55,62915.55,1785544562755,62978.649999999994,62978.6,62978.7,1.53241157,0.09181998,1.9084226600000003,0.31323793,348.6
2026-08-01T00:36:07.013+00:00,1785544564364,62913.27,62923.27,1785544565105,62982.25,62982.2,62982.3,2.42758469,0.35205339,3.37441406,0.66399224,350.6
2026-08-01T00:36:09.364+00:00,1785544566408,62915.76,62925.76,1785544567455,62982.25,62982.2,62982.3,2.45935459,0.22004807,2.9528015899999995,0.3585492,348.5
2026-08-01T00:36:11.709+00:00,1785544568469,62913.29,62923.29,1785544569805,62982.25,62982.2,62982.3,2.45935459,0.22094807,2.9528015899999995,0.3594492,345.0
2026-08-01T00:36:14.060+00:00,1785544571848,62911.67,62921.67,1785544572155,62982.25,62982.2,62982.3,2.42758469,0.22094807,2.92103169,0.3594492,349.5
2026-08-01T00:36:16.414+00:00,1785544574078,62910.59,62920.59,1785544574505,62982.25,62982.2,62982.3,2.45935459,0.22094807,2.9528015899999995,0.3594492,351.3
2026-08-01T00:36:18.754+00:00,1785544576422,62911.43,62921.43,1785544576855,62982.25,62982.2,62982.3,2.4590921,0.22189721,2.9525390999999996,0.36039834000000004,337.9
2026-08-01T00:36:21.125+00:00,1785544578449,62912.68,62922.68,1785544579205,62982.25,62982.2,62982.3,2.45397792,0.22189721,2.9474249199999996,0.36039834000000004,361.7
2026-08-01T00:36:23.464+00:00,1785544580598,62910.8,62920.8,1785544581555,62982.25,62982.2,62982.3,2.68166187,0.22189721,3.17510887,0.36039834000000004,335.4
2026-08-01T00:36:25.811+00:00,1785544583626,62910.85,62920.85,1785544583905,62982.25,62982.2,62982.3,2.42166187,0.22177721,2.9151088699999996,0.36027834000000003,345.6
2026-08-01T00:36:28.159+00:00,1785544585705,62910.9,62920.9,1785544586255,62982.25,62982.2,62982.3,2.42166187,0.22277768,2.9151088699999996,0.30196387,345.9
2026-08-01T00:36:30.513+00:00,1785544587718,62915.04,62925.04,1785544588605,62982.25,62982.2,62982.3,2.42166187,0.22257829,2.9151088699999996,0.30176448000000006,351.7
2026-08-01T00:36:32.862+00:00,1785544590838,62915.59,62925.59,1785544590955,62982.25,62982.2,62982.3,2.42166187,0.2222192,2.9151088699999996,0.30140539000000005,346.2
2026-08-01T00:36:35.215+00:00,1785544592948,62915.88,62925.88,1785544593305,62982.25,62982.2,62982.3,2.42166187,0.2213192,2.9151088699999996,0.30050539000000004,350.2
2026-08-01T00:36:37.561+00:00,1785544595079,62916.8,62926.8,1785544595655,62982.25,62982.2,62982.3,2.42022819,0.22105052,2.9136751899999997,0.30023671,344.4
2026-08-01T00:36:39.907+00:00,1785544597140,62916.56,62926.56,1785544598005,62982.25,62982.2,62982.3,2.42022819,0.22096293,2.9136751899999997,0.30014912000000005,345.6
2026-08-01T00:36:42.251+00:00,1785544599199,62921.23,62931.23,1785544600355,62983.649999999994,62983.6,62983.7,2.90949529,0.33882898,3.6710882600000003,0.34237368,335.8
2026-08-01T00:36:44.611+00:00,1785544601705,62915.87,62925.87,1785544602705,62983.649999999994,62983.6,62983.7,2.90949529,0.33720317,3.43749016,0.34074787,347.7
2026-08-01T00:36:46.959+00:00,1785544604217,62917.8,62927.8,1785544605055,62983.649999999994,62983.6,62983.7,2.2079673,0.33720317,2.7014142999999997,0.34091491,343.7
2026-08-01T00:36:49.310+00:00,1785544606379,62915.3,62925.3,1785544607405,62983.649999999994,62983.6,62983.7,2.2050719,0.33694265,2.6985189,0.34048776000000003,346.1
2026-08-01T00:36:51.657+00:00,1785544608469,62916.75,62926.75,1785544609755,62983.649999999994,62983.6,62983.7,2.2050719,0.33996286,2.6985189,0.34350797,344.8
2026-08-01T00:36:54.019+00:00,1785544611868,62917.2,62927.2,1785544612105,62983.649999999994,62983.6,62983.7,2.18918695,0.56356286,2.6826339499999996,0.56512643,358.2
2026-08-01T00:36:56.370+00:00,1785544614078,62917.39,62927.39,1785544614455,62983.649999999994,62983.6,62983.7,2.18903053,0.56356286,2.68247753,0.56710797,349.0
2026-08-01T00:36:58.713+00:00,1785544616078,62910.73,62920.73,1785544616805,62983.649999999994,62983.6,62983.7,0.94452769,1.23461616,1.27550777,1.46009427,339.8
2026-08-01T00:37:01.064+00:00,1785544618290,62910.67,62920.67,1785544619155,62983.649999999994,62983.6,62983.7,0.94452769,1.23461616,1.2911323000000001,1.46009427,348.4
2026-08-01T00:37:03.413+00:00,1785544620417,62910.59,62920.59,1785544621505,62983.649999999994,62983.6,62983.7,0.94542769,1.23461616,1.2329673600000002,1.46009427,347.4
2026-08-01T00:37:05.764+00:00,1785544622568,62911.21,62921.21,1785544623855,62983.649999999994,62983.6,62983.7,0.48769523,1.2584543,0.75639934,1.48393241,349.1
2026-08-01T00:37:08.113+00:00,1785544625958,62913.41,62923.41,1785544626205,62983.649999999994,62983.6,62983.7,0.48284644,1.2584543,1.00597964,1.48393241,346.6
2026-08-01T00:37:10.462+00:00,1785544628068,62914.1,62924.1,1785544628555,62983.649999999994,62983.6,62983.7,1.09494662,0.82221931,1.41584614,1.04824363,347.9
2026-08-01T00:37:12.818+00:00,1785544630344,62914.07,62924.07,1785544630905,62983.649999999994,62983.6,62983.7,1.09462432,0.79835783,1.3530169200000002,1.0243283600000002,352.5
2026-08-01T00:37:15.166+00:00,1785544632426,62913.64,62923.64,1785544633255,62983.649999999994,62983.6,62983.7,1.10036336,0.79835783,1.5618584400000002,1.0243283600000002,345.8
2026-08-01T00:37:17.514+00:00,1785544634709,62914.59,62924.59,1785544635605,62983.649999999994,62983.6,62983.7,1.10036336,0.57486472,1.5640222600000002,0.8008873199999998,346.4
2026-08-01T00:37:19.864+00:00,1785544637758,62914.9,62924.9,1785544637955,62983.649999999994,62983.6,62983.7,1.10036336,0.79544451,1.35875596,1.02145091,348.2
2026-08-01T00:37:22.215+00:00,1785544639906,62914.9,62924.9,1785544640305,62983.649999999994,62983.6,62983.7,1.10036336,0.79544451,1.35875596,1.02141692,350.6
2026-08-01T00:37:24.565+00:00,1785544641948,62912.51,62922.51,1785544642655,62983.649999999994,62983.6,62983.7,1.10036336,0.63184451,1.5776052100000002,0.85785326,348.2
2026-08-01T00:37:26.911+00:00,1785544644318,62912.63,62922.63,1785544645005,62983.649999999994,62983.6,62983.7,1.10036336,0.66104752,1.5560237700000001,0.88705311,342.9
2026-08-01T00:37:29.264+00:00,1785544646460,62912.02,62922.02,1785544647355,62983.649999999994,62983.6,62983.7,0.88027907,0.82525215,1.33533081,1.0743652999999997,346.7
2026-08-01T00:37:31.614+00:00,1785544648618,62912.84,62922.84,1785544649705,62983.649999999994,62983.6,62983.7,0.88027907,0.82525215,1.36283148,1.07434554,347.7
2026-08-01T00:37:33.967+00:00,1785544651768,62912.78,62922.78,1785544652055,62983.649999999994,62983.6,62983.7,0.88027907,0.84938772,1.50370256,1.0748658299999998,351.4
2026-08-01T00:37:36.315+00:00,1785544653988,62915.02,62925.02,1785544654405,62983.649999999994,62983.6,62983.7,0.88027907,0.88539074,1.48158506,1.11086885,346.8
2026-08-01T00:37:38.664+00:00,1785544656141,62913.15,62923.15,1785544656755,62983.649999999994,62983.6,62983.7,0.88027907,0.85040183,1.48158506,1.07587994,347.2
2026-08-01T00:37:41.014+00:00,1785544658258,62913.32,62923.32,1785544659105,62983.649999999994,62983.6,62983.7,0.88027907,0.68617209,1.36283148,0.9121048399999999,346.2
2026-08-01T00:37:43.416+00:00,1785544661379,62911.37,62921.37,1785544661505,62983.649999999994,62983.6,62983.7,0.88027907,0.85019788,1.5099053400000002,1.07567599,399.2
2026-08-01T00:37:45.765+00:00,1785544663518,62911.88,62921.88,1785544663855,62983.649999999994,62983.6,62983.7,0.88027907,0.83925061,1.5099053400000002,1.06472872,347.4
2026-08-01T00:37:48.113+00:00,1785544665796,62907.76,62917.76,1785544666205,62983.649999999994,62983.6,62983.7,0.52988219,1.35273849,1.11076946,2.21273372,345.8
2026-08-01T00:37:50.465+00:00,1785544667827,62912.47,62922.47,1785544668555,62983.649999999994,62983.6,62983.7,0.54739891,1.35200497,1.14846278,2.2120002000000003,350.1
2026-08-01T00:37:52.815+00:00,1785544669906,62913.38,62923.38,1785544670905,62983.649999999994,62983.6,62983.7,0.53563363,1.34565889,0.8600025000000001,2.21172415,344.0
2026-08-01T00:37:55.167+00:00,1785544673107,62911.16,62921.16,1785544673255,62983.649999999994,62983.6,62983.7,0.53963968,1.34565889,1.1421525,2.2123984500000002,350.8
2026-08-01T00:37:57.513+00:00,1785544675262,62912.13,62922.13,1785544675605,62983.649999999994,62983.6,62983.7,0.55485907,1.34539216,0.87883606,2.2115020800000003,344.0
2026-08-01T00:37:59.866+00:00,1785544677358,62912.47,62922.47,1785544677955,62983.649999999994,62983.6,62983.7,0.55511251,1.34539216,1.0538814699999999,2.21223222,352.2
2026-08-01T00:38:02.214+00:00,1785544679524,62911.43,62921.43,1785544680305,62983.649999999994,62983.6,62983.7,0.99126515,0.74905752,1.23659102,0.9818495300000001,346.1
2026-08-01T00:38:04.565+00:00,1785544682593,62911.84,62921.84,1785544682655,62983.649999999994,62983.6,62983.7,0.9965891,0.79355289,1.4690851399999998,1.0263449,347.4
2026-08-01T00:38:06.907+00:00,1785544684729,62909.12,62919.12,1785544685005,62983.649999999994,62983.6,62983.7,0.9965891,0.79355289,1.4690851399999998,1.0263449,337.0
2026-08-01T00:38:09.262+00:00,1785544686788,62908.78,62918.78,1785544687355,62983.649999999994,62983.6,62983.7,0.9965891,0.62987056,1.4690851399999998,0.8864837,346.7
2026-08-01T00:38:11.612+00:00,1785544688829,62911.14,62921.14,1785544689705,62983.649999999994,62983.6,62983.7,0.9965891,0.62985806,1.45023705,0.8864712,347.7
2026-08-01T00:38:13.963+00:00,1785544691939,62912.58,62922.58,1785544692055,62983.649999999994,62983.6,62983.7,0.9965891,0.79440379,1.5119494900000001,1.0510168100000001,347.7
2026-08-01T00:38:16.329+00:00,1785544694204,62910.92,62920.92,1785544694405,62983.649999999994,62983.6,62983.7,0.73410481,0.7943887,1.20628446,1.66459038,364.5
2026-08-01T00:38:18.662+00:00,1785544696498,62910.94,62920.94,1785544696755,62983.649999999994,62983.6,62983.7,1.00111517,0.67296374,1.70519707,1.5431654200000002,331.8
2026-08-01T00:38:21.017+00:00,1785544698543,62910.96,62920.96,1785544699105,62983.649999999994,62983.6,62983.7,0.79320407,0.83656374,1.2810745000000001,1.70676542,352.0
2026-08-01T00:38:23.367+00:00,1785544699588,62910.97,62920.97,1785544701455,62983.649999999994,62983.6,62983.7,0.79382407,0.83656374,1.2816945,1.70676542,346.1
2026-08-01T00:38:25.708+00:00,1785544702879,62912.69,62922.69,1785544703805,62983.649999999994,62983.6,62983.7,0.93252236,0.67190236,1.42039279,1.5421040400000003,338.7
2026-08-01T00:38:28.069+00:00,1785544705225,62913.64,62923.64,1785544706155,62983.649999999994,62983.6,62983.7,0.71508718,0.80390386,1.2029576100000001,1.6741055400000002,351.8
2026-08-01T00:38:30.419+00:00,1785544707558,62914.5,62924.5,1785544708505,62983.649999999994,62983.6,62983.7,0.77508718,0.64030386,1.27967486,1.51050554,347.2
2026-08-01T00:38:32.767+00:00,1785544710640,62916.24,62926.24,1785544710855,62983.649999999994,62983.6,62983.7,0.71508718,0.80390386,1.21967486,1.6741055400000002,347.5
2026-08-01T00:38:35.116+00:00,1785544712739,62916.45,62926.45,1785544713205,62983.649999999994,62983.6,62983.7,0.71508718,0.80390386,1.21967486,1.6741055400000002,348.2
2026-08-01T00:38:37.464+00:00,1785544714889,62916.58,62926.58,1785544715555,62983.649999999994,62983.6,62983.7,0.71508718,0.80285341,1.21967486,1.67305509,346.0
2026-08-01T00:38:39.814+00:00,1785544717008,62919.08,62929.08,1785544717905,62983.649999999994,62983.6,62983.7,0.71508718,0.80285341,1.00256707,1.67305509,348.3
2026-08-01T00:38:42.157+00:00,1785544720144,62914.15,62924.15,1785544720255,62973.05,62973.0,62973.1,0.56191861,2.33781164,0.79089225,3.3993078199999998,341.5
2026-08-01T00:38:44.519+00:00,1785544722408,62906.01,62916.01,1785544722605,62973.05,62973.0,62973.1,0.91866505,2.38401814,1.1767277299999999,3.4459722399999997,351.0
2026-08-01T00:38:46.870+00:00,1785544724427,62908.26,62918.26,1785544724955,62973.05,62973.0,62973.1,1.28109447,2.26516872,1.5663242,2.85820539,348.9
2026-08-01T00:38:49.218+00:00,1785544726524,62908.31,62918.31,1785544727305,62973.05,62973.0,62973.1,1.28050563,2.26516872,1.52103898,2.8659054100000003,345.0
2026-08-01T00:38:53.720+00:00,1785544731378,62905.95,62915.95,1785544731805,62973.05,62973.0,62973.1,1.31669527,0.22340276,1.9050829900000001,0.8088980800000001,350.6
2026-08-01T00:38:56.065+00:00,1785544732390,62905.99,62915.99,1785544734155,62973.05,62973.0,62973.1,1.57309527,0.22460276,1.8027575,0.5286634800000001,344.1
2026-08-01T00:38:58.464+00:00,1785544735522,62906.13,62916.13,1785544736555,62973.05,62973.0,62973.1,1.75309527,0.22460276,1.9827575,0.5304880000000001,393.0
2026-08-01T00:39:00.821+00:00,1785544738678,62906.22,62916.22,1785544738905,62973.05,62973.0,62973.1,1.15309527,0.48619287,1.4302989599999998,0.8062950700000001,355.2
2026-08-01T00:39:03.166+00:00,1785544740709,62903.42,62913.42,1785544741255,62973.05,62973.0,62973.1,1.15339527,0.21666287,1.4520191400000002,0.570513,342.3
2026-08-01T00:39:05.517+00:00,1785544742849,62906.39,62916.39,1785544743605,62973.05,62973.0,62973.1,1.31699527,0.48529287,1.60865762,0.7913402900000001,349.0
2026-08-01T00:39:07.861+00:00,1785544744986,62902.88,62912.88,1785544745955,62973.05,62973.0,62973.1,1.53769768,0.46767469,1.7679569099999999,0.7709033800000001,342.7
2026-08-01T00:39:10.214+00:00,1785544747259,62904.61,62914.61,1785544748305,62973.05,62973.0,62973.1,1.53769768,0.46672256,1.7679569099999999,0.71694891,343.6
2026-08-01T00:39:12.565+00:00,1785544749701,62902.99,62912.99,1785544750655,62973.05,62973.0,62973.1,1.45769768,0.46444661,1.68795691,0.7765218800000001,344.1
2026-08-01T00:39:14.919+00:00,1785544752906,62903.06,62913.06,1785544753005,62973.05,62973.0,62973.1,1.85927405,0.22421661,2.08953328,0.45128503000000003,352.7
2026-08-01T00:39:17.270+00:00,1785544755054,62903.15,62913.15,1785544755355,62973.05,62973.0,62973.1,1.45927405,0.22421661,1.75143314,0.45128503000000003,349.7
2026-08-01T00:39:19.615+00:00,1785544757238,62903.22,62913.22,1785544757705,62973.05,62973.0,62973.1,0.73975359,1.28785414,0.98286342,1.62146974,344.2
2026-08-01T00:39:21.969+00:00,1785544759305,62904.6,62914.6,1785544760055,62973.05,62973.0,62973.1,0.73975359,1.29795171,0.98286342,1.6315673099999999,350.5
2026-08-01T00:39:24.320+00:00,1785544761549,62903.54,62913.54,1785544762405,62973.05,62973.0,62973.1,1.72020831,0.49186132,1.9922367500000002,0.7188249,349.5
2026-08-01T00:39:26.665+00:00,1785544764638,62909.71,62919.71,1785544764755,62973.05,62973.0,62973.1,1.18020831,0.51032892,1.4522367500000002,0.7605200400000001,343.5
2026-08-01T00:39:29.002+00:00,1785544766229,62911.42,62921.42,1785544767105,62973.05,62973.0,62973.1,1.25778585,0.49447295,1.5298142900000002,0.7446322500000001,333.6
2026-08-01T00:39:31.424+00:00,1785544769414,62910.78,62920.78,1785544769505,62973.05,62973.0,62973.1,1.09425218,0.56040264,1.3662806200000002,0.81062954,405.6
2026-08-01T00:39:33.770+00:00,1785544771512,62910.44,62920.44,1785544771855,62973.05,62973.0,62973.1,1.09425218,0.56023336,1.3662806200000002,0.8109390900000001,344.3
2026-08-01T00:39:36.168+00:00,1785544773541,62908.22,62918.22,1785544774255,62973.05,62973.0,62973.1,1.02257497,0.61151066,1.29460341,0.86221639,395.7
2026-08-01T00:39:38.519+00:00,1785544775558,62908.17,62918.17,1785544776605,62973.05,62973.0,62973.1,0.66771578,1.31574172,0.9302832299999999,1.6428943799999998,349.4
2026-08-01T00:39:40.865+00:00,1785544778819,62905.75,62915.75,1785544778955,62973.05,62973.0,62973.1,0.66771578,1.29511172,1.00524363,1.6222643799999998,344.0
2026-08-01T00:39:43.220+00:00,1785544780998,62906.51,62916.51,1785544781305,62973.05,62973.0,62973.1,0.66771578,1.13151172,0.9656271599999999,1.4586643799999999,352.0
2026-08-01T00:39:45.566+00:00,1785544783077,62907.78,62917.78,1785544783655,62973.05,62973.0,62973.1,0.66771578,1.29511172,0.9162940199999998,1.6222643799999998,345.0
2026-08-01T00:39:47.925+00:00,1785544785306,62910.17,62920.17,1785544786005,62973.05,62973.0,62973.1,0.66771578,1.29495293,0.95562411,1.6221055899999999,354.3
2026-08-01T00:39:50.269+00:00,1785544787698,62911.36,62921.36,1785544788355,62973.05,62973.0,62973.1,0.55499792,1.29543593,1.2619478100000001,1.6225885899999999,342.8
2026-08-01T00:39:52.619+00:00,1785544789703,62911.83,62921.83,1785544790705,62973.05,62973.0,62973.1,0.55499792,1.13146435,1.72352819,1.4586170099999998,349.3
2026-08-01T00:39:54.970+00:00,1785544792808,62908.01,62918.01,1785544793055,62973.05,62973.0,62973.1,0.55499792,1.20696407,1.6991234,1.5341167299999998,349.6
2026-08-01T00:39:57.320+00:00,1785544794335,62925.0,62935.0,1785544795405,62993.149999999994,62993.1,62993.2,1.6603594,0.41513028,2.2991646599999997,1.38255293,348.2
2026-08-01T00:39:59.668+00:00,1785544797498,62931.45,62941.45,1785544797755,62993.149999999994,62993.1,62993.2,1.6603594,0.41502319,2.29916468,2.38084231,346.3
2026-08-01T00:40:02.021+00:00,1785544799698,62924.17,62934.17,1785544800105,62993.149999999994,62993.1,62993.2,1.6603594,0.57862319,2.33716462,1.9659353899999998,351.0
2026-08-01T00:40:04.417+00:00,1785544801728,62923.41,62933.41,1785544802505,62995.350000000006,62995.3,62995.4,1.63889816,0.82820866,1.7139359,1.93462455,394.3
2026-08-01T00:40:06.789+00:00,1785544803838,62925.11,62935.11,1785544804855,62995.350000000006,62995.3,62995.4,1.38168467,0.82713558,1.45672241,2.09781732,368.9
2026-08-01T00:40:09.180+00:00,1785544807008,62929.32,62939.32,1785544807255,62995.350000000006,62995.3,62995.4,1.38168467,0.67546094,1.45672241,1.0361727500000002,387.7
2026-08-01T00:40:11.528+00:00,1785544809278,62928.08,62938.08,1785544809605,62995.350000000006,62995.3,62995.4,1.38168467,1.00215271,1.39440166,2.10777262,346.1
2026-08-01T00:40:13.869+00:00,1785544811443,62925.68,62935.68,1785544811955,62995.350000000006,62995.3,62995.4,1.42744972,0.67478788,1.44016671,0.78975338,339.2
2026-08-01T00:40:16.223+00:00,1785544813464,62923.32,62933.32,1785544814305,62995.350000000006,62995.3,62995.4,1.42744972,0.73523053,1.44016671,0.9240275900000001,352.2
2026-08-01T00:40:18.570+00:00,1785544816518,62911.24,62921.24,1785544816655,62987.75,62987.7,62987.8,0.01122366,2.55145606,1.0694153499999999,2.88903277,345.0
2026-08-01T00:40:20.919+00:00,1785544818578,62914.07,62924.07,1785544819005,62983.350000000006,62983.3,62983.4,0.75094424,2.59952117,0.9639714,3.04930993,347.5
2026-08-01T00:40:23.268+00:00,1785544820693,62914.71,62924.71,1785544821355,62983.350000000006,62983.3,62983.4,0.92443258,1.67497741,1.30776473,1.9296688300000002,347.6
2026-08-01T00:40:25.622+00:00,1785544822849,62913.18,62923.18,1785544823705,62983.350000000006,62983.3,62983.4,0.98368618,1.67497741,1.6051108499999998,1.9153325300000001,352.5
2026-08-01T00:40:27.967+00:00,1785544825778,62922.86,62932.86,1785544826055,62985.850000000006,62985.8,62985.9,2.43282005,0.34463928,3.3665175,0.41099192,344.2
2026-08-01T00:40:30.320+00:00,1785544827909,62917.67,62927.67,1785544828405,62985.850000000006,62985.8,62985.9,2.3281966,0.34463928,3.26189405,0.41099192,349.9
2026-08-01T00:40:32.659+00:00,1785544830168,62918.47,62928.47,1785544830755,62985.850000000006,62985.8,62985.9,2.1645966,0.64436995,3.12834794,0.7289153,337.5
2026-08-01T00:40:35.020+00:00,1785544832718,62918.13,62928.13,1785544833105,62985.850000000006,62985.8,62985.9,2.1645966,0.70436995,3.0083479399999997,0.78898888,347.8
2026-08-01T00:40:37.368+00:00,1785544834739,62917.63,62927.63,1785544835455,62985.850000000006,62985.8,62985.9,2.1645966,0.70436995,3.0083479399999997,0.78898888,346.3
2026-08-01T00:40:39.723+00:00,1785544834739,62917.63,62927.63,1785544837805,62985.850000000006,62985.8,62985.9,2.16297692,0.70274419,2.36112602,0.78736312,353.0
2026-08-01T00:40:42.069+00:00,1785544838853,62917.61,62927.61,1785544840155,62985.850000000006,62985.8,62985.9,2.16356364,0.70274419,2.3617127399999998,0.7872895400000001,344.4
2026-08-01T00:40:44.409+00:00,1785544842268,62917.59,62927.59,1785544842505,62985.850000000006,62985.8,62985.9,2.19621268,0.65526674,2.3943617799999997,0.73981209,339.1
2026-08-01T00:40:46.770+00:00,1785544844558,62917.58,62927.58,1785544844855,62985.850000000006,62985.8,62985.9,2.75517527,0.65526674,2.95310689,0.73981209,348.2
2026-08-01T00:40:49.119+00:00,1785544846739,62917.57,62927.57,1785544847205,62985.850000000006,62985.8,62985.9,2.17987751,0.65526674,2.37811703,0.73981209,346.9
2026-08-01T00:40:51.470+00:00,1785544848768,62917.98,62927.98,1785544849555,62985.850000000006,62985.8,62985.9,2.53576199,0.65526674,2.72509398,0.8539591,341.6
2026-08-01T00:40:53.823+00:00,1785544850930,62917.26,62927.26,1785544851905,62985.850000000006,62985.8,62985.9,2.89576031,0.26299961,3.1136908699999997,0.41852831,349.8
2026-08-01T00:40:56.171+00:00,1785544854079,62914.92,62924.92,1785544854255,62991.45,62991.4,62991.5,1.71128588,0.7320824,2.0868444399999997,1.15799117,347.4
2026-08-01T00:40:58.519+00:00,1785544856515,62913.99,62923.99,1785544856605,62991.45,62991.4,62991.5,0.57942258,1.97680758,1.625801,2.62833801,345.5
2026-08-01T00:41:00.870+00:00,1785544858646,62920.33,62930.33,1785544858955,62991.45,62991.4,62991.5,1.56584984,0.77960045,1.85553715,1.3807493900000003,349.4
2026-08-01T00:41:03.223+00:00,1785544860658,62922.89,62932.89,1785544861305,62991.45,62991.4,62991.5,1.59761556,0.51213637,1.9906738999999998,0.71686465,351.1
2026-08-01T00:41:05.570+00:00,1785544862698,62925.76,62935.76,1785544863655,62991.45,62991.4,62991.5,1.59761556,0.51213637,2.0484291,0.90141515,342.9
2026-08-01T00:41:07.920+00:00,1785544865818,62925.06,62935.06,1785544866005,62991.45,62991.4,62991.5,1.57675737,0.51194372,2.02757091,0.9012225,348.6
2026-08-01T00:41:10.274+00:00,1785544867978,62923.39,62933.39,1785544868355,62991.45,62991.4,62991.5,1.56087451,0.51194372,2.01168805,0.78429232,350.7
2026-08-01T00:41:12.615+00:00,1785544870079,62922.71,62932.71,1785544870705,62991.45,62991.4,62991.5,1.57675737,0.51194372,2.02757091,0.78429232,339.7
2026-08-01T00:41:14.976+00:00,1785544872307,62927.03,62937.03,1785544873055,62991.45,62991.4,62991.5,0.72746431,1.00936851,1.54886777,1.1219782800000002,352.9
2026-08-01T00:41:17.330+00:00,1785544874445,62925.19,62935.19,1785544875405,62991.45,62991.4,62991.5,1.25674588,0.50574787,1.91430768,0.7936853399999999,352.5
2026-08-01T00:41:19.668+00:00,1785544876988,62925.08,62935.08,1785544877755,62991.45,62991.4,62991.5,1.37534453,0.67827941,2.03290633,0.96183332,337.4
2026-08-01T00:41:22.022+00:00,1785544878985,62924.81,62934.81,1785544880105,62991.45,62991.4,62991.5,1.95084933,0.2831972,2.26434863,0.71574594,350.9
2026-08-01T00:41:24.372+00:00,1785544882142,62928.49,62938.49,1785544882455,62991.45,62991.4,62991.5,1.95084933,0.05562539,2.2598779600000003,0.55255706,348.0
2026-08-01T00:41:26.724+00:00,1785544884349,62926.27,62936.27,1785544884805,62991.45,62991.4,62991.5,0.93670031,0.41948688,1.4424098,0.91073585,350.4
2026-08-01T00:41:29.064+00:00,1785544886420,62926.85,62936.85,1785544887155,62991.45,62991.4,62991.5,1.41670031,0.41948688,1.89689651,0.91005077,337.9
2026-08-01T00:41:31.421+00:00,1785544888579,62929.24,62939.24,1785544889505,62991.45,62991.4,62991.5,1.41658141,0.41852338,1.89677761,0.64390011,348.3
2026-08-01T00:41:33.771+00:00,1785544891728,62926.11,62936.11,1785544891855,62991.45,62991.4,62991.5,1.63658141,0.37682338,1.950081,0.60220011,348.7
2026-08-01T00:41:36.120+00:00,1785544893827,62926.35,62936.35,1785544894205,62991.45,62991.4,62991.5,1.63658141,0.37682338,1.950081,0.60220011,346.4
2026-08-01T00:41:38.470+00:00,1785544895999,62923.52,62933.52,1785544896555,62991.45,62991.4,62991.5,1.63658134,0.41827092,1.95008093,0.91969711,349.0
2026-08-01T00:41:40.823+00:00,1785544898078,62922.57,62932.57,1785544898905,62991.45,62991.4,62991.5,1.63658127,0.41917092,1.95008086,0.9799120299999999,348.0
2026-08-01T00:41:43.169+00:00,1785544901159,62923.93,62933.93,1785544901255,62991.45,62991.4,62991.5,1.41658127,0.61917092,1.89677747,1.1799120300000001,344.5
2026-08-01T00:41:45.527+00:00,1785544903379,62926.02,62936.02,1785544903605,62991.45,62991.4,62991.5,1.41658127,0.61913917,1.89677747,1.1798802800000001,353.7
2026-08-01T00:41:47.877+00:00,1785544905849,62925.07,62935.07,1785544905955,62991.45,62991.4,62991.5,1.41658127,0.61934958,1.89677747,1.18009069,348.5
2026-08-01T00:41:50.224+00:00,1785544907908,62923.38,62933.38,1785544908305,62991.45,62991.4,62991.5,1.63658081,0.57764929,2.14060962,1.04696276,345.0
2026-08-01T00:41:52.568+00:00,1785544909948,62923.86,62933.86,1785544910655,62991.45,62991.4,62991.5,1.62069802,0.57764929,2.12472683,1.04696276,341.2
2026-08-01T00:41:54.924+00:00,1785544912058,62923.11,62933.11,1785544913005,62991.45,62991.4,62991.5,1.63658035,0.58003914,2.14060916,0.80541587,348.0
2026-08-01T00:41:57.274+00:00,1785544914129,62919.77,62929.77,1785544915355,62991.45,62991.4,62991.5,2.20847017,0.05760131,3.1594232699999996,0.78460463,347.1
2026-08-01T00:41:59.622+00:00,1785544916745,62933.68,62943.68,1785544917705,62994.55,62994.5,62994.6,3.58241029,0.56219882,3.8165866399999997,0.56270677,344.6
2026-08-01T00:42:01.974+00:00,1785544919846,62933.51,62943.51,1785544920055,62994.55,62994.5,62994.6,3.58240971,0.4166012,3.79833506,0.68354784,350.7
2026-08-01T00:42:04.320+00:00,1785544921963,62933.46,62943.46,1785544922405,62994.55,62994.5,62994.6,3.61231711,0.4166012,3.8282424600000002,1.04134733,344.5
2026-08-01T00:42:06.674+00:00,1785544924430,62932.2,62942.2,1785544924755,62994.55,62994.5,62994.6,2.71079737,0.67903903,3.41135096,1.30378516,351.2
2026-08-01T00:42:09.021+00:00,1785544926468,62931.2,62941.2,1785544927105,62994.55,62994.5,62994.6,2.711395,0.67465576,3.41194859,1.2994018900000002,344.9
2026-08-01T00:42:11.375+00:00,1785544928598,62926.56,62936.56,1785544929455,62994.55,62994.5,62994.6,0.98907546,0.77443576,1.2993973399999998,1.1155473900000001,352.0
2026-08-01T00:42:13.730+00:00,1785544931504,62924.92,62934.92,1785544931805,62994.55,62994.5,62994.6,1.06228616,0.42875727,1.37260804,0.77989533,348.0
2026-08-01T00:42:16.074+00:00,1785544933758,62923.76,62933.76,1785544934155,62994.55,62994.5,62994.6,1.22743726,0.42875727,1.5377591400000001,0.78353511,342.9
2026-08-01T00:42:18.427+00:00,1785544936026,62921.16,62931.16,1785544936505,62994.55,62994.5,62994.6,1.7596634,0.36975779,2.06998528,0.57029657,351.0
2026-08-01T00:42:20.775+00:00,1785544938217,62926.77,62936.77,1785544938855,62994.55,62994.5,62994.6,1.75932116,0.36990081,2.0696430400000003,0.57043959,346.8
2026-08-01T00:42:23.124+00:00,1785544940246,62927.19,62937.19,1785544941205,62994.55,62994.5,62994.6,1.81932116,0.26787942,2.06381906,0.40664840999999996,347.7
2026-08-01T00:42:25.475+00:00,1785544943438,62925.42,62935.42,1785544943555,62994.55,62994.5,62994.6,1.80344006,0.30837942,2.0479952200000002,0.55403561,349.6
2026-08-01T00:42:27.824+00:00,1785544945829,62926.19,62936.19,1785544945905,62994.55,62994.5,62994.6,1.81932116,0.18567838,2.09410329,0.32171742000000003,346.6
2026-08-01T00:42:30.159+00:00,1785544947908,62925.31,62935.31,1785544948255,62994.55,62994.5,62994.6,1.81899215,0.18563087,2.06353623,0.31717094999999995,333.6
2026-08-01T00:42:32.524+00:00,1785544950037,62923.82,62933.82,1785544950605,62994.55,62994.5,62994.6,1.81899215,0.37642395,2.0637041799999998,0.50728697,349.7
2026-08-01T00:42:34.872+00:00,1785544952104,62925.45,62935.45,1785544952955,62994.55,62994.5,62994.6,1.86536105,0.2077904,2.1397869,0.3426899,341.1
2026-08-01T00:42:37.224+00:00,1785544955247,62923.61,62933.61,1785544955305,62994.55,62994.5,62994.6,1.8660984,0.2050745,2.14052425,0.39810534999999997,350.1
2026-08-01T00:42:39.573+00:00,1785544957305,62923.2,62933.2,1785544957655,62994.55,62994.5,62994.6,1.81737914,0.50840805,2.0852365699999997,0.70603067,347.2
2026-08-01T00:42:41.927+00:00,1785544959359,62922.11,62932.11,1785544960005,62994.55,62994.5,62994.6,1.78978131,0.30841264,2.05763874,0.60158522,352.6
2026-08-01T00:42:44.272+00:00,1785544961609,62923.72,62933.72,1785544962355,62994.55,62994.5,62994.6,1.75801911,0.32791264,2.06938387,0.66063322,344.0
2026-08-01T00:42:46.625+00:00,1785544964669,62924.44,62934.44,1785544964705,62999.25,62999.2,62999.3,2.17691509,0.23382079,3.2010829000000003,0.57842033,352.0
2026-08-01T00:42:48.974+00:00,1785544966189,62932.94,62942.94,1785544967055,62999.25,62999.2,62999.3,1.78577263,0.43713473,2.53227978,0.7817342700000001,346.9
2026-08-01T00:42:51.323+00:00,1785544968350,62932.29,62942.29,1785544969405,62999.25,62999.2,62999.3,2.2715361,0.43023958,3.2088485,0.77724353,347.4
2026-08-01T00:42:53.728+00:00,1785544971706,62929.34,62939.34,1785544971805,62999.25,62999.2,62999.3,1.83153498,0.48818958,2.76884738,0.83519353,403.6
2026-08-01T00:42:56.072+00:00,1785544974078,62929.5,62939.5,1785544974155,62999.25,62999.2,62999.3,1.83153498,0.42496507,2.76884738,0.77196902,341.8
2026-08-01T00:42:58.431+00:00,1785544976188,62929.15,62939.15,1785544976505,62999.25,62999.2,62999.3,2.09134785,0.42431046,3.02866025,0.77131441,357.5
2026-08-01T00:43:00.775+00:00,1785544978515,62930.71,62940.71,1785544978855,62999.25,62999.2,62999.3,1.83134785,0.42235543,2.57784493,0.76935938,341.3
2026-08-01T00:43:03.124+00:00,1785544980658,62934.68,62944.68,1785544981205,62999.25,62999.2,62999.3,1.82910521,0.40967869,2.57561375,0.75668264,344.8
2026-08-01T00:43:05.473+00:00,1785544982760,62933.59,62943.59,1785544983555,62999.25,62999.2,62999.3,1.81375377,0.54845799,2.56023505,0.8199591900000001,345.9
2026-08-01T00:43:07.829+00:00,1785544984798,62930.12,62940.12,1785544985905,62999.25,62999.2,62999.3,1.81375377,0.54802799,2.7515346400000005,0.8195291900000001,354.6
2026-08-01T00:43:10.176+00:00,1785544987295,62931.24,62941.24,1785544988255,62999.25,62999.2,62999.3,1.81375377,0.41006933,2.5602353,0.7413566300000001,345.3
2026-08-01T00:43:12.525+00:00,1785544990389,62932.12,62942.12,1785544990605,62999.25,62999.2,62999.3,1.81375377,0.40707876,2.56090558,0.7383660599999999,346.1
2026-08-01T00:43:14.874+00:00,1785544992488,62931.45,62941.45,1785544992955,62999.25,62999.2,62999.3,1.81375377,0.40301413,2.56090558,0.7343014300000001,345.2
2026-08-01T00:43:17.308+00:00,1785544994578,62934.26,62944.26,1785544995355,62999.25,62999.2,62999.3,1.8085974,0.40137597,2.55574921,0.73266327,419.1
2026-08-01T00:43:19.674+00:00,1785544997705,62933.25,62943.25,1785544997755,62999.25,62999.2,62999.3,1.8085974,0.40137597,2.55574921,0.73266327,364.0
2026-08-01T00:43:22.026+00:00,1785544999028,62932.99,62942.99,1785545000105,62999.25,62999.2,62999.3,1.8085974,0.40023788,2.55574921,0.73152518,351.0
2026-08-01T00:43:24.375+00:00,1785545001420,62930.49,62940.49,1785545002455,62999.25,62999.2,62999.3,1.8085974,0.39554095,2.55574921,0.7268282500000001,347.5
2026-08-01T00:43:26.720+00:00,1785545003829,62929.45,62939.45,1785545004805,62999.25,62999.2,62999.3,1.8085974,0.39489095,2.55574939,0.72617825,344.1
2026-08-01T00:43:29.065+00:00,1785545006188,62928.79,62938.79,1785545007155,62999.25,62999.2,62999.3,1.80835057,0.38907965,2.55550256,0.7203669500000001,335.0
2026-08-01T00:43:31.425+00:00,1785545008328,62928.43,62938.43,1785545009505,62999.25,62999.2,62999.3,1.80835057,0.38907965,2.55550256,0.7203669500000001,346.5
2026-08-01T00:43:33.774+00:00,1785545010997,62931.36,62941.36,1785545011855,62999.25,62999.2,62999.3,1.74517262,0.38997965,2.4923246900000002,0.72126695,346.5
2026-08-01T00:43:36.176+00:00,1785545014149,62931.96,62941.96,1785545014255,62999.25,62999.2,62999.3,1.74517262,0.44997965,2.4923246900000002,0.78126695,395.0
2026-08-01T00:43:38.525+00:00,1785545016199,62931.55,62941.55,1785545016605,62999.25,62999.2,62999.3,1.74439081,0.44905009,2.4915428800000003,0.7803373900000001,346.1
2026-08-01T00:43:40.876+00:00,1785545018308,62926.77,62936.77,1785545018955,62999.25,62999.2,62999.3,1.8018625,0.38905009,2.54838559,0.7481903400000001,348.8
2026-08-01T00:43:43.228+00:00,1785545020517,62928.83,62938.83,1785545021305,62999.25,62999.2,62999.3,1.81782672,0.44886914,2.5412052999999997,0.80800939,350.7
2026-08-01T00:43:45.577+00:00,1785545022808,62929.05,62939.05,1785545023655,62999.25,62999.2,62999.3,1.45650572,0.44796914,2.1798842999999994,0.8071093899999999,347.3
2026-08-01T00:43:47.924+00:00,1785545025229,62931.23,62941.23,1785545026005,62999.25,62999.2,62999.3,0.68766462,1.26548559,0.9128558800000001,1.6718292,345.1
2026-08-01T00:43:50.270+00:00,1785545027319,62929.86,62939.86,1785545028355,62999.25,62999.2,62999.3,0.5638666,1.26406559,0.85476163,1.6704092,344.8
2026-08-01T00:43:52.624+00:00,1785545030524,62929.11,62939.11,1785545030705,62999.25,62999.2,62999.3,0.03165869,1.53011709,0.03273369,1.96017141,345.8
2026-08-01T00:43:54.974+00:00,1785545032608,62928.78,62938.78,1785545033055,62999.25,62999.2,62999.3,0.03165869,1.2705398,0.09709843000000001,1.70059412,348.5
2026-08-01T00:43:57.327+00:00,1785545035013,62924.68,62934.68,1785545035405,62999.25,62999.2,62999.3,0.01578548,1.51134215,0.23250926,1.94139647,352.2
2026-08-01T00:43:59.674+00:00,1785545036398,62925.49,62935.49,1785545037755,62999.25,62999.2,62999.3,0.01668548,1.26485513,0.23340926,1.73119874,335.9
2026-08-01T00:44:02.029+00:00,1785545039967,62923.31,62933.31,1785545040105,62999.25,62999.2,62999.3,0.01655302,1.26322655,0.23327680000000003,1.72957016,353.6
2026-08-01T00:44:04.376+00:00,1785545042217,62921.21,62931.21,1785545042455,62999.25,62999.2,62999.3,0.01655302,1.26096209,0.23327680000000003,1.7273057,345.6
2026-08-01T00:44:06.727+00:00,1785545043250,62920.14,62930.14,1785545044805,62999.25,62999.2,62999.3,0.01492607,1.26096209,0.23164985000000002,1.77106195,349.1
2026-08-01T00:44:09.067+00:00,1785545046445,62923.51,62933.51,1785545047155,62996.149999999994,62996.1,62996.2,0.48573857,2.18135348,0.99422629,2.67867564,337.7
2026-08-01T00:44:11.410+00:00,1785545048474,62923.91,62933.91,1785545049505,62996.149999999994,62996.1,62996.2,0.48605796,2.18131628,0.99454568,2.6586820600000003,330.5
2026-08-01T00:44:13.773+00:00,1785545051554,62925.9,62935.9,1785545051855,62996.149999999994,62996.1,62996.2,0.7388333,2.17582967,1.70685522,2.6228440500000003,347.7
2026-08-01T00:44:16.118+00:00,1785545053692,62926.71,62936.71,1785545054205,62996.149999999994,62996.1,62996.2,0.8002126,0.89432541,1.2080608800000001,1.3413764,338.1
2026-08-01T00:44:18.477+00:00,1785545055707,62927.22,62937.22,1785545056555,62996.149999999994,62996.1,62996.2,1.14730907,1.2235316,1.5179479200000001,1.43712989,350.8
2026-08-01T00:44:20.829+00:00,1785545058212,62928.04,62938.04,1785545058905,62996.149999999994,62996.1,62996.2,0.84730907,1.2215216,1.27410792,1.43512067,348.9
2026-08-01T00:44:23.178+00:00,1785545060272,62928.03,62938.03,1785545061255,62996.149999999994,62996.1,62996.2,0.75648095,1.21986281,1.1832798,1.43347396,348.3
2026-08-01T00:44:25.527+00:00,1785545063495,62928.02,62938.02,1785545063605,62996.149999999994,62996.1,62996.2,0.7489519,1.21986281,1.20340876,1.43348851,346.9
2026-08-01T00:44:27.878+00:00,1785545064519,62928.01,62938.01,1785545065955,62996.149999999994,62996.1,62996.2,1.02606894,0.67317919,1.83553984,0.92988161,348.7
2026-08-01T00:44:30.220+00:00,1785545067996,62923.51,62933.51,1785545068305,62996.149999999994,62996.1,62996.2,1.07027004,0.73303919,1.87974094,0.9230043899999999,338.7
2026-08-01T00:44:32.582+00:00,1785545070302,62920.23,62930.23,1785545070655,62996.149999999994,62996.1,62996.2,1.07027004,0.71308513,1.87974094,0.8729232299999999,353.3
2026-08-01T00:44:34.928+00:00,1785545072333,62921.25,62931.25,1785545073005,62996.149999999994,62996.1,62996.2,1.07027004,0.71308513,1.4038298200000001,0.87302251,345.3
2026-08-01T00:44:37.273+00:00,1785545074494,62920.77,62930.77,1785545075355,62996.149999999994,62996.1,62996.2,1.06926955,0.71308513,1.40282984,0.88480396,342.0
2026-08-01T00:44:39.630+00:00,1785545077580,62922.12,62932.12,1785545077705,62996.149999999994,62996.1,62996.2,0.86762672,0.87668513,1.16380398,1.0722356100000001,352.2
2026-08-01T00:44:41.981+00:00,1785545079778,62922.94,62932.94,1785545080055,62996.149999999994,62996.1,62996.2,0.86762672,0.87711705,1.16413262,1.3094879000000001,348.8
2026-08-01T00:44:44.315+00:00,1785545082110,62925.22,62935.22,1785545082405,62996.149999999994,62996.1,62996.2,1.07805613,0.8765264,1.38067633,1.0939295100000002,331.6
2026-08-01T00:44:46.675+00:00,1785545084191,62930.41,62940.41,1785545084755,62996.149999999994,62996.1,62996.2,1.07805613,0.87708439,1.37611642,1.0944875,344.0
2026-08-01T00:44:49.026+00:00,1785545086301,62929.31,62939.31,1785545087105,62996.149999999994,62996.1,62996.2,1.17743666,0.81708439,1.42721561,1.03345157,349.5
2026-08-01T00:44:51.378+00:00,1785545088505,62928.72,62938.72,1785545089455,62997.45,62997.4,62997.5,3.65219944,0.0483,4.10086647,0.48557526,348.6
2026-08-01T00:44:53.722+00:00,1785545090705,62930.79,62940.79,1785545091805,62997.649999999994,62997.6,62997.7,2.86678893,0.25118581,3.26550239,0.38068222,340.3
2026-08-01T00:44:56.079+00:00,1785545093158,62929.47,62939.47,1785545094155,62998.95,62998.9,62999.0,4.18310056,0.21607656,4.926200389999999,0.21644604,345.3
2026-08-01T00:44:58.428+00:00,1785545095269,62931.37,62941.37,1785545096505,63002.45,63002.4,63002.5,2.63545612,0.35248378,3.31905679,0.58212143,347.3
2026-08-01T00:45:00.784+00:00,1785545098632,62930.07,62940.07,1785545098855,63002.45,63002.4,63002.5,2.63383612,0.35159369,3.3174367899999995,0.5812313400000001,353.4
2026-08-01T00:45:03.131+00:00,1785545100920,62930.79,62940.79,1785545101205,63002.45,63002.4,63002.5,2.61671135,0.31109369,3.36031202,0.59455388,345.7
2026-08-01T00:45:05.477+00:00,1785545103282,62931.31,62941.31,1785545103555,63002.45,63002.4,63002.5,2.59288419,0.31098259,3.3364848599999997,0.58519361,345.1
2026-08-01T00:45:07.831+00:00,1785545105697,62946.52,62956.52,1785545105905,63016.25,63016.2,63016.3,0.01382961,3.96549113,0.35722665,5.336906539999999,350.4
2026-08-01T00:45:10.181+00:00,1785545108064,62935.32,62945.32,1785545108255,63016.25,63016.2,63016.3,0.45304138,3.86480085,0.7326566000000001,4.83295924,347.2
2026-08-01T00:45:12.535+00:00,1785545110239,62930.28,62940.28,1785545110605,63008.850000000006,63008.8,63008.9,0.44953893,3.05358593,0.66919668,3.86267095,353.5
2026-08-01T00:45:14.879+00:00,1785545112278,62932.64,62942.64,1785545112955,63008.850000000006,63008.8,63008.9,0.44713893,3.05358593,0.66679668,3.86267095,341.2
2026-08-01T00:45:17.228+00:00,1785545114422,62933.03,62943.03,1785545115305,63008.850000000006,63008.8,63008.9,0.4473978,3.05438656,0.66705555,3.86347158,348.6
2026-08-01T00:45:19.578+00:00,1785545117578,62932.88,62942.88,1785545117655,63008.850000000006,63008.8,63008.9,0.01168006,3.09411676,0.012669830000000002,3.90320178,348.2
2026-08-01T00:45:21.928+00:00,1785545118976,62927.11,62937.11,1785545120005,63002.55,63002.5,63002.6,0.66115123,2.33224661,0.7857390299999999,3.08450754,347.9
2026-08-01T00:45:24.275+00:00,1785545121255,62923.82,62933.82,1785545122355,63002.55,63002.5,63002.6,0.70797604,2.33861454,0.8325638399999999,3.5532285800000003,345.8
2026-08-01T00:45:26.626+00:00,1785545123529,62923.64,62933.64,1785545124705,63002.55,63002.5,63002.6,0.67773491,2.33933953,0.90334438,3.5539515600000002,340.0
2026-08-01T00:45:28.979+00:00,1785545126239,62923.98,62933.98,1785545127055,63002.55,63002.5,63002.6,0.67699491,2.34926225,0.84798915,3.5638742800000003,349.7
2026-08-01T00:45:31.332+00:00,1785545128439,62925.46,62935.46,1785545129405,63002.55,63002.5,63002.6,1.10672806,0.13001132,1.5838913700000001,0.40359786000000003,351.4
2026-08-01T00:45:33.667+00:00,1785545131670,62925.45,62935.45,1785545131755,63002.55,63002.5,63002.6,1.13848742,0.30309176,1.61545223,0.53932182,333.9
2026-08-01T00:45:36.020+00:00,1785545133781,62926.05,62936.05,1785545134105,63002.55,63002.5,63002.6,1.30208742,0.11800156,1.7790522300000002,0.38987254000000005,337.7
2026-08-01T00:45:38.376+00:00,1785545135655,62941.02,62951.02,1785545136455,63014.649999999994,63014.6,63014.7,0.80333601,1.35717276,1.18846593,2.83439789,344.9
2026-08-01T00:45:40.732+00:00,1785545137708,62939.44,62949.44,1785545138805,63014.649999999994,63014.6,63014.7,0.64018746,1.1617703,1.02531738,2.6391636899999997,351.4
2026-08-01T00:45:43.078+00:00,1785545141009,62928.94,62938.94,1785545141155,63007.95,63007.9,63008.0,0.62019194,1.58360381,1.31805462,3.3245181300000004,345.0
2026-08-01T00:45:45.427+00:00,1785545142598,62928.52,62938.52,1785545143505,63007.95,63007.9,63008.0,0.82399155,1.16345517,2.2071164700000003,2.7834512,345.0
2026-08-01T00:45:47.778+00:00,1785545145778,62930.29,62940.29,1785545145855,63007.95,63007.9,63008.0,1.64684269,0.0474295,2.08857388,0.35056835000000003,347.2
2026-08-01T00:45:50.126+00:00,1785545148106,62931.55,62941.55,1785545148205,63008.45,63008.4,63008.5,2.53775173,0.25057718,2.83386065,1.13647545,347.5
2026-08-01T00:45:52.478+00:00,1785545150448,62935.86,62945.86,1785545150555,63008.45,63008.4,63008.5,2.35827437,0.49514718,2.84312869,0.58096647,348.7
2026-08-01T00:45:54.826+00:00,1785545152508,62933.94,62943.94,1785545152905,63008.45,63008.4,63008.5,2.35055719,0.75757481,2.64666611,1.21263928,345.0
2026-08-01T00:45:57.179+00:00,1785545154879,62941.11,62951.11,1785545155255,63012.55,63012.5,63012.6,2.23897519,0.33557219,2.7890043200000005,0.5510191799999999,348.5
2026-08-01T00:45:59.527+00:00,1785545157034,62940.69,62950.69,1785545157605,63012.55,63012.5,63012.6,2.13031844,0.36033597,2.6940070300000003,0.65450321,342.6
2026-08-01T00:46:01.891+00:00,1785545159084,62940.32,62950.32,1785545159955,63012.55,63012.5,63012.6,2.12511278,0.11778349,2.68880137,0.41195073,361.4
2026-08-01T00:46:04.238+00:00,1785545160199,62938.07,62948.07,1785545162305,63013.45,63013.4,63013.5,3.27749557,0.18987989,3.6897424700000006,0.7661949800000001,338.9
2026-08-01T00:46:06.585+00:00,1785545164515,62938.63,62948.63,1785545164655,63014.649999999994,63014.6,63014.7,3.03737839,0.22290072,3.2526181900000006,0.8060371399999999,345.6
2026-08-01T00:46:08.932+00:00,1785545166653,62939.83,62949.83,1785545167005,63014.649999999994,63014.6,63014.7,3.03799135,0.2006503,3.2532311500000004,0.78378672,344.5
2026-08-01T00:46:11.278+00:00,1785545168702,62939.41,62949.41,1785545169355,63014.649999999994,63014.6,63014.7,3.03799122,0.20237941,3.2532310200000003,0.6853668500000001,343.8
2026-08-01T00:46:13.679+00:00,1785545170752,62940.84,62950.84,1785545171755,63014.649999999994,63014.6,63014.7,3.02204507,0.19449782,3.2372848700000003,0.44393319,395.8
2026-08-01T00:46:16.028+00:00,1785545174032,62938.4,62948.4,1785545174105,63014.649999999994,63014.6,63014.7,1.47462249,1.21682118,1.81656173,1.7315058800000003,346.4
2026-08-01T00:46:18.380+00:00,1785545176376,62938.87,62948.87,1785545176455,63014.649999999994,63014.6,63014.7,1.46108779,1.21682118,1.8030270300000002,1.7315058800000003,348.3
2026-08-01T00:46:20.726+00:00,1785545178410,62940.85,62950.85,1785545178805,63014.649999999994,63014.6,63014.7,1.56902949,0.18560358,1.96150433,0.56790433,343.5
2026-08-01T00:46:23.074+00:00,1785545180685,62942.35,62952.35,1785545181155,63014.649999999994,63014.6,63014.7,1.86050219,0.14390358,2.3294807900000003,0.73083155,341.2
2026-08-01T00:46:25.431+00:00,1785545182459,62944.38,62954.38,1785545183505,63017.75,63017.7,63017.8,3.38161707,0.61513907,3.62881286,0.85613524,350.0
2026-08-01T00:46:27.780+00:00,1785545185639,62943.3,62953.3,1785545185855,63017.75,63017.7,63017.8,2.61625169,1.16855824,2.88541335,1.37789336,346.3
2026-08-01T00:46:30.126+00:00,1785545187698,62943.9,62953.9,1785545188205,63017.75,63017.7,63017.8,2.61641251,1.1262865,2.88557417,1.33557844,343.3
2026-08-01T00:46:32.490+00:00,1785545188705,62942.51,62952.51,1785545190555,63017.75,63017.7,63017.8,2.62321872,0.73725218,2.89238038,0.94654412,355.1
2026-08-01T00:46:34.821+00:00,1785545192079,62942.49,62952.49,1785545192905,63017.75,63017.7,63017.8,2.8396622,0.25678513,2.9881847699999997,0.46637177,328.6
2026-08-01T00:46:37.176+00:00,1785545194975,62942.82,62952.82,1785545195255,63017.75,63017.7,63017.8,2.83367102,0.25778561,2.98219359,0.5087365699999999,340.5
2026-08-01T00:46:39.537+00:00,1785545197195,62942.85,62952.85,1785545197605,63017.75,63017.7,63017.8,2.83212358,0.16451303,2.9806461500000005,0.4154563700000001,353.4
2026-08-01T00:46:41.878+00:00,1785545199244,62942.88,62952.88,1785545199955,63017.75,63017.7,63017.8,2.83189576,0.20450193,2.9804183300000004,0.4137975200000001,334.6
2026-08-01T00:46:44.239+00:00,1785545201331,62942.91,62952.91,1785545202305,63017.75,63017.7,63017.8,2.82363458,0.14186706,2.9721571499999997,0.3511626500000001,358.1
2026-08-01T00:46:46.581+00:00,1785545203423,62942.93,62952.93,1785545204655,63017.75,63017.7,63017.8,2.79188334,0.14186706,2.9404059100000004,0.3511626500000001,340.2
2026-08-01T00:46:48.930+00:00,1785545206598,62942.96,62952.96,1785545207005,63017.75,63017.7,63017.8,2.82370158,0.14286754,2.9728932300000004,0.35216313000000005,346.1
2026-08-01T00:46:51.285+00:00,1785545208910,62944.35,62954.35,1785545209355,63017.75,63017.7,63017.8,2.82370154,0.14286754,2.9728931900000006,0.35216313000000005,352.8
2026-08-01T00:46:53.635+00:00,1785545210969,62946.42,62956.42,1785545211705,63017.75,63017.7,63017.8,2.82370154,0.59738,2.9271565100000005,0.8081559199999999,348.2
2026-08-01T00:46:55.983+00:00,1785545213985,62943.06,62953.06,1785545214055,63017.75,63017.7,63017.8,2.82363454,0.58037216,2.92708951,0.7911480799999999,345.0
2026-08-01T00:46:58.333+00:00,1785545216029,62943.38,62953.38,1785545216405,63017.75,63017.7,63017.8,2.82363454,0.14541787,2.92708951,0.8327893800000001,348.9
2026-08-01T00:47:00.683+00:00,1785545218036,62943.1,62953.1,1785545218755,63017.75,63017.7,63017.8,2.82363454,0.14216483,2.92708951,0.82953634,339.9
2026-08-01T00:47:03.083+00:00,1785545220198,62943.13,62953.13,1785545221155,63017.75,63017.7,63017.8,2.79157071,0.57704137,2.89502568,1.26291288,395.6
2026-08-01T00:47:05.434+00:00,1785545223423,62943.16,62953.16,1785545223505,63017.75,63017.7,63017.8,2.82332191,0.56354953,2.9267768800000002,1.2494210399999999,349.9
2026-08-01T00:47:07.782+00:00,1785545225486,62943.18,62953.18,1785545225855,63017.75,63017.7,63017.8,2.81550723,0.52354953,3.00210024,1.20942104,345.6
2026-08-01T00:47:10.134+00:00,1785545227510,62947.62,62957.62,1785545228205,63017.75,63017.7,63017.8,2.8151856,0.68714953,2.91864044,1.41302104,351.2
2026-08-01T00:47:12.481+00:00,1785545229798,62946.25,62956.25,1785545230555,63017.75,63017.7,63017.8,2.81502479,0.72713514,2.91847963,0.96023443,345.5
2026-08-01T00:47:14.832+00:00,1785545231938,62949.11,62959.11,1785545232905,63017.75,63017.7,63017.8,2.81502479,0.68713514,2.91847963,0.9202344299999999,349.5
2026-08-01T00:47:17.182+00:00,1785545234188,62945.96,62955.96,1785545235255,63017.75,63017.7,63017.8,2.7553453,0.08641597,2.9222583800000006,0.68852809,343.9
2026-08-01T00:47:19.543+00:00,1785545237305,62947.43,62957.43,1785545237605,63017.75,63017.7,63017.8,2.75557749,0.0873368,2.92249057,0.33661272,358.5
2026-08-01T00:47:21.881+00:00,1785545239108,62957.77,62967.77,1785545239955,63026.95,63026.9,63027.0,2.74166361,0.48008128,3.0719954499999997,2.25778015,335.1
2026-08-01T00:47:24.232+00:00,1785545242169,62958.94,62968.94,1785545242305,63023.350000000006,63023.3,63023.4,0.02513569,4.22429959,0.11382755,4.99066086,348.0
2026-08-01T00:47:26.579+00:00,1785545243645,62941.2,62951.2,1785545244655,63017.75,63017.7,63017.8,0.46582805,2.92912431,0.6656589900000001,3.4528135700000004,345.2
2026-08-01T00:47:28.934+00:00,1785545246719,62941.27,62951.27,1785545247005,63017.75,63017.7,63017.8,0.46665017,2.93094777,0.46830889,3.45463703,348.3
2026-08-01T00:47:31.283+00:00,1785545248788,62945.19,62955.19,1785545249355,63013.149999999994,63013.1,63013.2,0.04573495,1.85144488,0.34974485,4.62393718,347.1
2026-08-01T00:47:33.632+00:00,1785545250646,62940.18,62950.18,1785545251705,63013.149999999994,63013.1,63013.2,0.45591156,2.58088969,0.62713967,3.80176699,347.7
2026-08-01T00:47:35.986+00:00,1785545253918,62940.19,62950.19,1785545254055,63013.149999999994,63013.1,63013.2,0.45581468,2.58118585,0.7452803900000001,3.8477981,351.4
2026-08-01T00:47:38.332+00:00,1785545255958,62942.83,62952.83,1785545256405,63013.149999999994,63013.1,63013.2,0.45521084,2.58161948,0.62643895,3.84823173,335.5
2026-08-01T00:47:40.694+00:00,1785545258298,62941.92,62951.92,1785545258755,63013.149999999994,63013.1,63013.2,0.45487304,2.58161948,0.62610115,3.84823173,359.4
2026-08-01T00:47:43.033+00:00,1785545260604,62937.38,62947.38,1785545261105,63013.149999999994,63013.1,63013.2,0.42247249,2.58161948,0.5937006,3.84823173,335.6
2026-08-01T00:47:45.385+00:00,1785545261654,62937.37,62947.37,1785545263455,63013.149999999994,63013.1,63013.2,0.42305987,2.58161948,0.59428798,3.84823173,350.0
2026-08-01T00:47:47.732+00:00,1785545265198,62937.33,62947.33,1785545265805,63013.149999999994,63013.1,63013.2,0.42305987,2.58146238,0.59428798,3.18824247,343.8
2026-08-01T00:47:50.080+00:00,1785545267553,62945.26,62955.26,1785545268155,63013.149999999994,63013.1,63013.2,0.63592959,1.27732805,0.7905587700000001,1.83905807,343.9
2026-08-01T00:47:52.436+00:00,1785545269702,62945.23,62955.23,1785545270505,63013.149999999994,63013.1,63013.2,0.42130891,1.44206301,0.42229868,2.00379303,350.7
2026-08-01T00:47:54.784+00:00,1785545271966,62943.2,62953.2,1785545272855,63013.149999999994,63013.1,63013.2,0.42567524,1.44822736,0.6454228,2.61625144,345.7
2026-08-01T00:47:57.137+00:00,1785545275091,62942.8,62952.8,1785545275205,63013.149999999994,63013.1,63013.2,0.42567524,1.44822736,0.69115775,2.61625144,351.3
2026-08-01T00:47:59.484+00:00,1785545277167,62940.64,62950.64,1785545277555,63013.149999999994,63013.1,63013.2,0.42503959,1.44805597,0.6905221,2.61608005,345.1
2026-08-01T00:48:01.823+00:00,1785545279424,62940.4,62950.4,1785545279905,63013.149999999994,63013.1,63013.2,0.42503959,1.44805597,0.6905221,2.61608005,337.4
2026-08-01T00:48:04.232+00:00,1785545281288,62940.79,62950.79,1785545282305,63013.149999999994,63013.1,63013.2,0.42593959,1.44012113,0.64318438,2.60814521,374.4
2026-08-01T00:48:06.583+00:00,1785545284426,62939.23,62949.23,1785545284655,63013.149999999994,63013.1,63013.2,0.42593959,1.44012113,0.5924099799999999,2.60814521,349.2
2026-08-01T00:48:08.936+00:00,1785545286498,62939.95,62949.95,1785545287005,63013.149999999994,63013.1,63013.2,0.42593959,1.44012113,0.9144734999999999,2.60814521,348.2
2026-08-01T00:48:11.288+00:00,1785545288733,62939.6,62949.6,1785545289355,63013.149999999994,63013.1,63013.2,0.65671889,1.44012113,0.85812159,2.60814521,348.2
2026-08-01T00:48:13.639+00:00,1785545290834,62940.23,62950.23,1785545291705,63013.149999999994,63013.1,63013.2,0.62244737,1.42425144,0.82385007,2.59227552,349.3
2026-08-01T00:48:15.984+00:00,1785545292958,62939.11,62949.11,1785545294055,63013.149999999994,63013.1,63013.2,0.62239771,1.42425144,0.8566701,2.59227552,343.7
2026-08-01T00:48:18.339+00:00,1785545296283,62940.48,62950.48,1785545296405,63013.149999999994,63013.1,63013.2,0.62239771,1.42425144,0.8566701,2.59227552,353.1
2026-08-01T00:48:20.683+00:00,1785545298500,62940.1,62950.1,1785545298755,63013.149999999994,63013.1,63013.2,0.62230046,1.42424144,0.8565728499999999,2.59226552,342.3
2026-08-01T00:48:23.032+00:00,1785545300610,62939.98,62949.98,1785545301105,63013.149999999994,63013.1,63013.2,0.62230046,1.46999567,0.8565728499999999,2.63801975,345.1
2026-08-01T00:48:25.384+00:00,1785545302665,62942.27,62952.27,1785545303455,63013.149999999994,63013.1,63013.2,0.67022933,1.46999567,0.90450172,2.63801975,347.7
2026-08-01T00:48:27.736+00:00,1785545304758,62939.07,62949.07,1785545305805,63013.149999999994,63013.1,63013.2,0.67022933,1.46999567,0.90450172,2.63801975,348.5
2026-08-01T00:48:30.085+00:00,1785545307062,62939.09,62949.09,1785545308155,63013.149999999994,63013.1,63013.2,0.67022933,1.46999567,0.90450172,2.63801975,348.0
2026-08-01T00:48:32.442+00:00,1785545309391,62941.62,62951.62,1785545310505,63013.149999999994,63013.1,63013.2,0.67022933,1.46841346,0.90450172,2.63643754,354.2
2026-08-01T00:48:34.789+00:00,1785545312818,62942.96,62952.96,1785545312855,63013.149999999994,63013.1,63013.2,0.67022933,1.46819435,0.90450172,2.63621843,344.8
2026-08-01T00:48:37.135+00:00,1785545314864,62943.32,62953.32,1785545315205,63013.149999999994,63013.1,63013.2,1.01690333,1.28490495,1.13308482,2.39277326,344.2
2026-08-01T00:48:39.484+00:00,1785545316926,62942.48,62952.48,1785545317555,63013.149999999994,63013.1,63013.2,1.04865831,1.28471097,1.14029471,2.3925792799999996,348.1
2026-08-01T00:48:41.827+00:00,1785545319481,62941.17,62951.17,1785545319905,63013.149999999994,63013.1,63013.2,0.80413747,1.28471097,0.89586173,2.3925792799999996,339.8
2026-08-01T00:48:44.186+00:00,1785545321597,62941.96,62951.96,1785545322255,63013.149999999994,63013.1,63013.2,0.80097464,1.28471097,0.8926989,2.3925792799999996,351.7
2026-08-01T00:48:46.533+00:00,1785545323643,62940.47,62950.47,1785545324605,63013.149999999994,63013.1,63013.2,0.80097464,1.28471097,0.8926989,2.3925792799999996,344.6
2026-08-01T00:48:48.886+00:00,1785545325872,62942.15,62952.15,1785545326955,63013.149999999994,63013.1,63013.2,0.80097464,1.28471097,0.8926989,2.3925792799999996,351.1
2026-08-01T00:48:51.236+00:00,1785545329222,62944.47,62954.47,1785545329305,63013.149999999994,63013.1,63013.2,1.37504217,0.21952281,1.70962738,0.73505894,346.7
2026-08-01T00:48:53.587+00:00,1785545331300,62942.46,62952.46,1785545331655,63013.149999999994,63013.1,63013.2,1.37504217,0.9491005,1.69923951,1.1607518100000003,350.0
2026-08-01T00:48:55.930+00:00,1785545333568,62939.7,62949.7,1785545334005,63013.149999999994,63013.1,63013.2,1.28069679,0.9523318,1.32742578,1.1639250600000002,341.2
2026-08-01T00:48:58.282+00:00,1785545335768,62939.37,62949.37,1785545336355,63013.149999999994,63013.1,63013.2,1.28069679,0.9523318,1.32742578,1.16397235,345.7
2026-08-01T00:49:00.641+00:00,1785545337828,62939.41,62949.41,1785545338705,63013.149999999994,63013.1,63013.2,1.06290125,0.9539485,1.18697972,1.2096549600000002,354.8
2026-08-01T00:49:02.990+00:00,1785545340978,62939.54,62949.54,1785545341055,63013.149999999994,63013.1,63013.2,1.07271182,0.95170058,1.1194408100000002,1.2395980400000002,345.3
2026-08-01T00:49:05.337+00:00,1785545343099,62940.95,62950.95,1785545343405,63013.149999999994,63013.1,63013.2,1.07175251,0.95333046,1.1184815000000001,1.2396003300000003,345.6
2026-08-01T00:49:07.685+00:00,1785545345148,62943.62,62953.62,1785545345755,63013.149999999994,63013.1,63013.2,1.0558756,0.95170058,1.10260459,1.2396007000000002,345.5
2026-08-01T00:49:10.037+00:00,1785545347238,62946.4,62956.4,1785545348105,63013.149999999994,63013.1,63013.2,0.5074626,1.11694477,0.87493896,1.46825359,345.4
2026-08-01T00:49:12.387+00:00,1785545350408,62942.68,62952.68,1785545350455,63013.149999999994,63013.1,63013.2,0.5074626,1.05357381,0.7867815799999999,1.4048826300000001,349.0
2026-08-01T00:49:14.739+00:00,1785545352478,62945.43,62955.43,1785545352805,63013.149999999994,63013.1,63013.2,0.5074626,1.05343397,0.7867815799999999,1.40474279,351.6
2026-08-01T00:49:17.084+00:00,1785545354560,62944.9,62954.9,1785545355155,63013.149999999994,63013.1,63013.2,0.49792342,1.07826346,0.64356426,1.4598943300000002,342.4
2026-08-01T00:49:19.440+00:00,1785545356879,62940.77,62950.77,1785545357505,63013.149999999994,63013.1,63013.2,0.49792342,1.07826346,0.67172343,1.4598943300000002,353.5
2026-08-01T00:49:21.782+00:00,1785545358989,62943.24,62953.24,1785545359855,63013.149999999994,63013.1,63013.2,0.49792342,1.07826346,0.67172343,1.4598943300000002,338.8
2026-08-01T00:49:24.138+00:00,1785545361683,62932.43,62942.43,1785545362205,63005.95,63005.9,63006.0,0.61023951,2.58718641,1.02041393,3.01729278,347.1
2026-08-01T00:49:26.474+00:00,1785545363719,62933.29,62943.29,1785545364555,63005.95,63005.9,63006.0,0.60071751,2.58718641,1.0108919299999999,3.01729278,334.4
2026-08-01T00:49:28.834+00:00,1785545366770,62929.24,62939.24,1785545366905,63005.95,63005.9,63006.0,1.10682245,1.50751806,1.43877369,1.77216398,344.9
2026-08-01T00:49:31.189+00:00,1785545368798,62929.28,62939.28,1785545369255,63005.95,63005.9,63006.0,1.30711965,1.50044218,1.68388728,1.7661595199999998,351.6
2026-08-01T00:49:33.532+00:00,1785545370819,62929.31,62939.31,1785545371605,63005.95,63005.9,63006.0,1.16682245,0.9939352,1.63053263,1.1986077099999999,340.9
2026-08-01T00:49:35.887+00:00,1785545373855,62929.36,62939.36,1785545373955,63005.95,63005.9,63006.0,1.1906023,0.95216157,1.65431248,1.21802576,346.2
2026-08-01T00:49:38.239+00:00,1785545375895,62929.4,62939.4,1785545376305,63005.95,63005.9,63006.0,1.191162,1.00779019,1.6548721800000001,1.29550755,348.4
2026-08-01T00:49:40.584+00:00,1785545377927,62929.44,62939.44,1785545378655,63005.95,63005.9,63006.0,1.191162,1.00779019,1.6548721800000001,1.2955018099999998,344.2
2026-08-01T00:49:42.939+00:00,1785545380969,62932.25,62942.25,1785545381005,63005.95,63005.9,63006.0,1.16265084,1.00779019,1.62636102,1.29560426,349.4
2026-08-01T00:49:45.285+00:00,1785545382997,62934.07,62944.07,1785545383355,63005.95,63005.9,63006.0,1.29117097,1.00779019,1.48182626,1.27367332,344.7
2026-08-01T00:49:47.638+00:00,1785545385025,62933.84,62943.84,1785545385705,63005.95,63005.9,63006.0,1.29117097,1.00755437,1.48182626,1.2734375000000002,350.5
2026-08-01T00:49:49.992+00:00,1785545387054,62933.87,62943.87,1785545388055,63005.95,63005.9,63006.0,1.21529293,0.95493255,1.40594822,1.2434066400000001,351.5
2026-08-01T00:49:52.336+00:00,1785545390097,62933.93,62943.93,1785545390405,63005.95,63005.9,63006.0,1.23117097,0.95493255,1.42182626,1.22079085,342.6
2026-08-01T00:49:54.689+00:00,1785545392105,62933.94,62943.94,1785545392755,63005.95,63005.9,63006.0,1.23117097,0.71038685,1.42182626,1.02279157,352.2
2026-08-01T00:49:57.038+00:00,1785545394155,62934.0,62944.0,1785545395105,63005.95,63005.9,63006.0,1.29117097,0.71038686,1.48182626,0.9159772899999999,348.0
2026-08-01T00:49:59.387+00:00,1785545397196,62934.95,62944.95,1785545397455,63005.95,63005.9,63006.0,1.32675082,0.23695731,1.51740611,0.44258991000000003,345.3
2026-08-01T00:50:01.741+00:00,1785545399152,62942.51,62952.51,1785545399805,63010.649999999994,63010.6,63010.7,2.44706893,0.66579948,2.79597132,0.9347711200000001,353.5
2026-08-01T00:50:04.089+00:00,1785545401185,62943.0,62953.0,1785545402155,63010.649999999994,63010.6,63010.7,2.25522501,0.83933953,2.5664218400000003,1.15195713,346.0
2026-08-01T00:50:06.439+00:00,1785545404266,62943.53,62953.53,1785545404505,63010.649999999994,63010.6,63010.7,2.25522501,0.11868026,2.56593045,0.36288962,347.6
2026-08-01T00:50:08.787+00:00,1785545406286,62943.7,62953.7,1785545406855,63010.649999999994,63010.6,63010.7,2.31522501,0.07564419,2.6796805999999997,0.31985355,344.8
2026-08-01T00:50:11.138+00:00,1785545408350,62943.56,62953.56,1785545409205,63010.649999999994,63010.6,63010.7,2.31522501,0.07564419,2.6796805999999997,0.31966499,349.5
2026-08-01T00:50:13.487+00:00,1785545411224,62950.14,62960.14,1785545411555,63019.149999999994,63019.1,63019.2,2.40083442,0.13303544,2.89087843,0.69919865,347.3
2026-08-01T00:50:15.837+00:00,1785545413247,62950.53,62960.53,1785545413905,63019.149999999994,63019.1,63019.2,2.43218763,0.58964754,2.92223164,0.7732714799999999,349.1
2026-08-01T00:50:18.189+00:00,1785545416054,62950.85,62960.85,1785545416255,63019.149999999994,63019.1,63019.2,2.43218763,0.13386359,2.92223164,0.65058886,345.7
2026-08-01T00:50:20.541+00:00,1785545418218,62952.07,62962.07,1785545418605,63019.149999999994,63019.1,63019.2,2.43218763,0.09336359,2.92223164,0.71277117,349.3
2026-08-01T00:50:22.892+00:00,1785545420250,62950.62,62960.62,1785545420955,63019.149999999994,63019.1,63019.2,2.43218763,0.58682329,2.92223164,0.7695798599999999,349.8
2026-08-01T00:50:25.237+00:00,1785545422328,62948.21,62958.21,1785545423305,63019.149999999994,63019.1,63019.2,2.43218763,0.13386359,2.92223164,0.31662016,343.5
2026-08-01T00:50:27.590+00:00,1785545425431,62950.02,62960.02,1785545425655,63019.149999999994,63019.1,63019.2,0.76394042,1.20814423,1.01114451,1.8513757400000004,350.6
2026-08-01T00:50:29.942+00:00,1785545427075,62945.92,62955.92,1785545428005,63019.149999999994,63019.1,63019.2,0.03597152,1.2372603,0.9329554099999999,2.05326099,350.6
2026-08-01T00:50:32.295+00:00,1785545429148,62945.86,62955.86,1785545430355,63019.149999999994,63019.1,63019.2,0.29606578,0.95142078,1.3771399100000001,1.76742147,350.6
2026-08-01T00:50:34.628+00:00,1785545432588,62945.38,62955.38,1785545432705,63019.149999999994,63019.1,63019.2,0.29516578,0.94658576,0.8398142000000001,1.1526777800000003,331.9
2026-08-01T00:50:36.992+00:00,1785545434628,62944.48,62954.48,1785545435055,63019.149999999994,63019.1,63019.2,0.04536819,1.1113862,1.10006545,1.3174782200000004,349.2
2026-08-01T00:50:39.338+00:00,1785545436680,62944.07,62954.07,1785545437405,63019.149999999994,63019.1,63019.2,0.02745709,1.11154488,0.41288658,1.3176369000000003,341.3
2026-08-01T00:50:41.690+00:00,1785545438717,62944.02,62954.02,1785545439755,63019.149999999994,63019.1,63019.2,0.0306841,1.19095282,0.5935297900000001,1.3970448400000002,350.8
2026-08-01T00:50:44.047+00:00,1785545441869,62941.43,62951.43,1785545442105,63019.149999999994,63019.1,63019.2,0.02466612,1.18998427,0.94751498,1.3960762900000003,354.0
2026-08-01T00:50:46.391+00:00,1785545444155,62942.83,62952.83,1785545444455,63019.149999999994,63019.1,63019.2,0.00773712,1.49546809,0.65253806,1.71016056,338.8
2026-08-01T00:50:48.731+00:00,1785545446218,62943.82,62953.82,1785545446805,63013.95,63013.9,63014.0,1.08061793,1.77499737,1.3645807500000002,2.8609353099999995,338.6
2026-08-01T00:50:51.095+00:00,1785545448317,62939.9,62949.9,1785545449155,63013.95,63013.9,63014.0,0.77534897,1.52205857,1.0991644200000001,2.6079965099999995,354.7
2026-08-01T00:50:53.441+00:00,1785545450506,62940.19,62950.19,1785545451505,63013.95,63013.9,63014.0,0.73507093,1.52204588,1.03671745,2.60798382,344.6
2026-08-01T00:50:55.784+00:00,1785545453626,62943.87,62953.87,1785545453855,63013.95,63013.9,63014.0,0.73049854,1.50431973,1.03214506,2.59033021,340.3
2026-08-01T00:50:58.138+00:00,1785545454812,62943.88,62953.88,1785545456205,63013.95,63013.9,63014.0,0.72517731,1.21794001,1.0268238299999999,2.3040071199999996,347.3
2026-08-01T00:51:00.490+00:00,1785545458044,62931.59,62941.59,1785545458555,63003.350000000006,63003.3,63003.4,0.48033593,2.32218876,1.59287502,3.39172547,349.3
2026-08-01T00:51:02.837+00:00,1785545460439,62929.86,62939.86,1785545460905,63003.350000000006,63003.3,63003.4,0.95803522,1.82809561,1.3705238700000002,2.59262698,345.3
2026-08-01T00:51:05.189+00:00,1785545462568,62932.33,62942.33,1785545463255,63003.350000000006,63003.3,63003.4,0.55385185,1.80840889,1.2826830100000002,2.53037061,348.1
2026-08-01T00:51:07.532+00:00,1785545464999,62929.51,62939.51,1785545465605,63002.55,63002.5,63002.6,0.53492764,3.06665771,0.6588463,3.8710573100000003,342.1
2026-08-01T00:51:09.883+00:00,1785545467258,62928.56,62938.56,1785545467955,63002.55,63002.5,63002.6,0.05786695,3.06993726,0.18178561,3.8783088300000004,342.6
2026-08-01T00:51:12.239+00:00,1785545470024,62922.6,62932.6,1785545470305,63002.55,63002.5,63002.6,0.05727606,3.0702469,0.18119471999999998,3.87861847,349.7
2026-08-01T00:51:14.590+00:00,1785545472093,62922.73,62932.73,1785545472655,63002.55,63002.5,63002.6,0.51060859,3.0694934,0.63452725,3.87786497,349.6
2026-08-01T00:51:16.938+00:00,1785545474203,62923.0,62933.0,1785545475005,63002.55,63002.5,63002.6,0.04138721,3.14892226,0.16530587,3.9572938300000002,344.1
2026-08-01T00:51:19.291+00:00,1785545476767,62918.92,62928.92,1785545477355,62992.649999999994,62992.6,62992.7,0.51072227,2.31910087,0.7379217500000002,2.45410906,347.5
2026-08-01T00:51:21.636+00:00,1785545478829,62925.17,62935.17,1785545479705,62992.649999999994,62992.6,62992.7,0.51168223,1.6990899,0.5617111000000001,1.83348087,342.9
2026-08-01T00:51:23.989+00:00,1785545481476,62918.35,62928.35,1785545482055,62992.649999999994,62992.6,62992.7,0.47028223,1.7627507,1.15915776,1.89031823,347.5
2026-08-01T00:51:26.339+00:00,1785545483501,62915.78,62925.78,1785545484405,62992.649999999994,62992.6,62992.7,0.51168223,1.7427507,1.19784116,1.87031823,343.1
2026-08-01T00:51:28.680+00:00,1785545486694,62920.29,62930.29,1785545486755,62992.649999999994,62992.6,62992.7,0.46928138,1.7427507,0.6260204100000001,1.87031823,338.7
2026-08-01T00:51:31.038+00:00,1785545488079,62913.06,62923.06,1785545489105,62992.649999999994,62992.6,62992.7,0.51464032,1.86551224,0.7738207300000001,1.99307977,345.5
2026-08-01T00:51:33.389+00:00,1785545490349,62913.03,62923.03,1785545491455,62992.649999999994,62992.6,62992.7,0.51464032,1.86551224,0.7683787300000001,1.99307977,349.4
2026-08-01T00:51:35.741+00:00,1785545493258,62917.0,62927.0,1785545493805,62992.649999999994,62992.6,62992.7,0.5151634,1.86603532,0.6645804000000002,1.99360285,350.5
2026-08-01T00:51:38.090+00:00,1785545495480,62917.55,62927.55,1785545496155,62992.649999999994,62992.6,62992.7,0.47276254,1.86603532,0.5673158,1.9849996300000001,344.2
2026-08-01T00:51:40.460+00:00,1785545497702,62916.12,62926.12,1785545498505,62992.649999999994,62992.6,62992.7,0.51500808,1.88603532,0.58448317,2.00499963,367.4
2026-08-01T00:51:42.788+00:00,1785545500793,62919.07,62929.07,1785545500855,62992.649999999994,62992.6,62992.7,0.47450808,1.86603532,0.60962189,1.9849996300000001,326.1
2026-08-01T00:51:45.139+00:00,1785545502710,62913.27,62923.27,1785545503205,62985.649999999994,62985.6,62985.7,1.3447273,0.23592795,1.63203256,0.47208605000000003,343.9
2026-08-01T00:51:47.493+00:00,1785545504774,62916.45,62926.45,1785545505555,62985.649999999994,62985.6,62985.7,1.10696463,0.74533833,1.43942423,0.8301992600000001,351.7
2026-08-01T00:51:49.836+00:00,1785545505815,62916.49,62926.49,1785545507905,62985.649999999994,62985.6,62985.7,1.10607542,0.72543284,1.22623624,0.81029377,338.8
2026-08-01T00:51:52.196+00:00,1785545509975,62916.62,62926.62,1785545510255,62985.649999999994,62985.6,62985.7,1.10607542,0.72417877,1.2353442,0.79631655,356.6
2026-08-01T00:51:54.532+00:00,1785545512229,62916.54,62926.54,1785545512605,62985.649999999994,62985.6,62985.7,0.94247542,0.64916111,1.0661365699999998,0.72127653,334.5
2026-08-01T00:51:56.888+00:00,1785545514290,62914.88,62924.88,1785545514955,62985.649999999994,62985.6,62985.7,1.10607542,0.64745755,1.22973657,0.71957877,345.0
2026-08-01T00:51:59.241+00:00,1785545516398,62914.9,62924.9,1785545517305,62985.649999999994,62985.6,62985.7,1.16607542,0.64587002,1.28973657,0.71799124,346.4
2026-08-01T00:52:01.591+00:00,1785545519544,62918.34,62928.34,1785545519655,62985.649999999994,62985.6,62985.7,1.00247542,0.84494588,1.30291279,0.9298068100000001,347.2
2026-08-01T00:52:03.941+00:00,1785545521853,62919.39,62929.39,1785545522005,62985.649999999994,62985.6,62985.7,1.00157609,0.66955985,1.29246011,0.75442078,346.0
2026-08-01T00:52:06.330+00:00,1785545523948,62919.25,62929.25,1785545524405,62985.649999999994,62985.6,62985.7,1.00144547,0.84205985,1.29232949,0.9269207800000001,387.3
2026-08-01T00:52:08.691+00:00,1785545526078,62918.44,62928.44,1785545526755,62985.649999999994,62985.6,62985.7,1.13222329,0.64192585,1.2598337599999998,0.7267867800000001,348.0
2026-08-01T00:52:11.039+00:00,1785545528229,62918.34,62928.34,1785545529105,62985.649999999994,62985.6,62985.7,0.90862329,0.64192585,1.2128913799999999,0.7371580000000001,344.4
2026-08-01T00:52:13.391+00:00,1785545530647,62916.44,62926.44,1785545531455,62985.649999999994,62985.6,62985.7,1.06613575,0.64192585,1.19374622,0.7371580000000001,347.7
2026-08-01T00:52:15.731+00:00,1785545533702,62916.49,62926.49,1785545533805,62985.649999999994,62985.6,62985.7,1.07222329,0.46875982,1.1998337599999997,0.5567215999999999,337.4
2026-08-01T00:52:18.080+00:00,1785545535948,62915.35,62925.35,1785545536155,62985.649999999994,62985.6,62985.7,1.07222329,0.44875982,1.1998337599999997,0.5367215999999999,337.3
2026-08-01T00:52:20.442+00:00,1785545538058,62913.63,62923.63,1785545538505,62985.649999999994,62985.6,62985.7,1.11617327,0.66782855,1.24378374,0.7557993900000001,349.4
2026-08-01T00:52:22.794+00:00,1785545540171,62913.93,62923.93,1785545540855,62985.649999999994,62985.6,62985.7,1.13205704,0.66727765,1.2596675099999999,0.7552484900000002,351.8
2026-08-01T00:52:25.144+00:00,1785545542229,62915.64,62925.64,1785545543205,62985.649999999994,62985.6,62985.7,1.11617327,0.63616233,1.24378374,0.7241331700000001,348.0
2026-08-01T00:52:27.488+00:00,1785545544457,62914.42,62924.42,1785545545555,62985.649999999994,62985.6,62985.7,0.66752111,0.8086804,0.79118225,0.8966512400000001,342.7
2026-08-01T00:52:29.845+00:00,1785545547632,62918.48,62928.48,1785545547905,62985.649999999994,62985.6,62985.7,0.66694211,0.9722804,0.96726086,1.06025124,352.8
2026-08-01T00:52:32.192+00:00,1785545549787,62918.48,62928.48,1785545550255,62985.649999999994,62985.6,62985.7,0.66695711,0.8080804,0.96727586,0.8960512400000001,344.9
2026-08-01T00:52:34.542+00:00,1785545550890,62918.9,62928.9,1785545552605,62985.649999999994,62985.6,62985.7,0.039558,5.59670772,0.049649149999999996,5.74694955,346.7
2026-08-01T00:52:36.943+00:00,1785545554027,62907.28,62917.28,1785545555005,62978.55,62978.5,62978.6,0.53392064,3.24086512,0.72636693,4.85950074,399.4
2026-08-01T00:52:39.282+00:00,1785545557118,62909.92,62919.92,1785545557355,62978.55,62978.5,62978.6,0.49272563,3.24186554,0.9675770700000002,4.391852350000001,336.7
2026-08-01T00:52:41.637+00:00,1785545558183,62909.98,62919.98,1785545559705,62978.55,62978.5,62978.6,0.83892965,2.8253913,1.1870283699999997,3.9849146500000003,343.4
2026-08-01T00:52:44.001+00:00,1785545561371,62910.38,62920.38,1785545562055,62978.55,62978.5,62978.6,1.29509221,0.0628175,1.56062127,0.601106,355.7
2026-08-01T00:52:46.343+00:00,1785545563424,62906.58,62916.58,1785545564405,62978.55,62978.5,62978.6,1.51149221,0.56989991,1.77176406,0.96819966,340.2
2026-08-01T00:52:48.691+00:00,1785545565794,62915.88,62925.88,1785545566755,62983.55,62983.5,62983.6,1.86403547,1.08985254,2.39989333,1.5042439,346.2
2026-08-01T00:52:51.045+00:00,1785545568899,62916.99,62926.99,1785545569105,62983.55,62983.5,62983.6,1.61267852,1.09428957,1.7288996,2.3420977799999996,352.1
2026-08-01T00:52:53.388+00:00,1785545571307,62916.47,62926.47,1785545571455,62983.55,62983.5,62983.6,1.20485245,0.92946461,1.49472472,2.1772728199999998,341.7
2026-08-01T00:52:55.740+00:00,1785545573426,62916.15,62926.15,1785545573805,62983.55,62983.5,62983.6,1.20499547,0.92764461,1.49486774,2.1754528200000003,345.3
2026-08-01T00:52:58.090+00:00,1785545575482,62915.66,62925.66,1785545576155,62983.55,62983.5,62983.6,1.17322587,0.92799283,1.4630981399999998,2.1758010399999996,341.7
2026-08-01T00:53:00.444+00:00,1785545577644,62915.42,62925.42,1785545578505,62983.55,62983.5,62983.6,1.18911067,0.92959283,1.4905954300000002,2.1774010400000003,351.3
2026-08-01T00:53:02.782+00:00,1785545580707,62916.65,62926.65,1785545580855,62983.55,62983.5,62983.6,1.17322587,0.92959283,1.47561839,2.1774010400000003,335.1
2026-08-01T00:53:05.145+00:00,1785545582748,62919.08,62929.08,1785545583205,62983.55,62983.5,62983.6,1.20499547,1.12945283,1.47835955,2.3772610399999996,352.7
2026-08-01T00:53:07.482+00:00,1785545584768,62918.56,62928.56,1785545585555,62983.55,62983.5,62983.6,1.20519547,1.09305283,1.50986511,2.34086104,336.3
2026-08-01T00:53:09.841+00:00,1785545586834,62916.77,62926.77,1785545587905,62983.55,62983.5,62983.6,1.48761543,0.68532207,1.7609795099999999,0.8998126200000001,347.5
2026-08-01T00:53:12.193+00:00,1785545590172,62916.87,62926.87,1785545590255,62983.55,62983.5,62983.6,1.05011543,1.14192939,1.2772894299999997,2.16036829,349.2
2026-08-01T00:53:14.542+00:00,1785545592371,62911.92,62921.92,1785545592605,62983.55,62983.5,62983.6,1.04683783,0.97774904,1.5598969100000002,1.99618794,347.9
2026-08-01T00:53:16.910+00:00,1785545594448,62908.45,62918.45,1785545594955,62983.55,62983.5,62983.6,1.05101543,0.97735288,1.55592427,1.2605728800000002,366.8
2026-08-01T00:53:19.243+00:00,1785545596529,62909.56,62919.56,1785545597305,62983.55,62983.5,62983.6,1.03513063,0.97755949,1.54003947,1.2607794900000002,331.6
2026-08-01T00:53:21.595+00:00,1785545598786,62910.21,62920.21,1785545599655,62983.55,62983.5,62983.6,1.05101543,0.97727847,1.55592427,1.2604984700000001,349.6
2026-08-01T00:53:23.994+00:00,1785545601938,62910.15,62920.15,1785545602055,62983.55,62983.5,62983.6,1.01924583,0.97468076,1.4960693499999997,1.2579007600000003,398.1
2026-08-01T00:53:26.394+00:00,1785545604058,62910.91,62920.91,1785545604455,62983.55,62983.5,62983.6,1.05101543,0.97390076,1.52857513,1.2571207600000003,396.7
2026-08-01T00:53:28.800+00:00,1785545606499,62916.07,62926.07,1785545606855,62983.55,62983.5,62983.6,1.04991651,0.97490122,1.52446482,1.2581212200000003,405.4
