t_local,mt5_ms,mt5_bid,mt5_ask,okx_ms,okx_last,okx_bid,okx_ask,bid_sz1,ask_sz1,bid_sz5,ask_sz5,fetch_ms
2026-08-02T00:00:30.527+00:00,1785628800215,62757.25,62767.25,1785628825109,62831.75,62831.7,62831.8,2.18801368,0.15413693,2.82942036,1.01252725,309.4
2026-08-02T00:00:33.152+00:00,1785628800215,62757.25,62767.25,1785628831309,62831.75,62831.7,62831.8,2.18770009,0.25997438,2.8291067699999997,0.70911359,354.5
2026-08-02T00:00:35.497+00:00,1785628833345,62768.28,62778.28,1785628833659,62831.75,62831.7,62831.8,1.98404378,0.25997438,2.6254504599999997,0.9805868200000001,344.0
2026-08-02T00:00:41.804+00:00,1785628839536,62769.73,62779.73,1785628836059,62831.75,62831.7,62831.8,2.04516378,0.26574463,2.68657046,0.71488384,4277.6
2026-08-02T00:00:44.139+00:00,1785628841552,62769.3,62779.3,1785628842309,62831.75,62831.7,62831.8,2.04516378,0.11325455,2.7065704600000005,0.66514922,334.1
2026-08-02T00:00:46.595+00:00,1785628843644,62767.41,62777.41,1785628844709,62831.75,62831.7,62831.8,2.00501202,0.11325455,2.32459702,0.35877324,398.7
2026-08-02T00:00:48.892+00:00,1785628845998,62769.32,62779.32,1785628847059,62831.75,62831.7,62831.8,2.00461159,0.11339852,2.32419659,0.66669779,294.8
2026-08-02T00:00:51.251+00:00,1785628848528,62772.5,62782.5,1785628849409,62831.75,62831.7,62831.8,2.03816424,0.11339852,2.3816383,0.7136251699999999,349.8
2026-08-02T00:00:53.603+00:00,1785628851299,62779.22,62789.22,1785628851759,62842.75,62842.7,62842.8,1.53982276,1.81525993,1.5887766600000002,2.29209553,348.9
2026-08-02T00:00:55.948+00:00,1785628853479,62776.5,62786.5,1785628854109,62842.75,62842.7,62842.8,1.49458469,1.81518037,1.54634251,2.29201597,343.1
2026-08-02T00:01:00.029+00:00,1785628857149,62775.88,62785.88,1785628856459,62839.75,62839.7,62839.8,0.73157367,4.08553589,0.92022023,4.62238143,2077.2
2026-08-02T00:01:02.402+00:00,1785628860323,62775.69,62785.69,1785628860559,62839.75,62839.7,62839.8,1.20894624,3.20325544,1.41225736,4.04903321,370.6
2026-08-02T00:01:04.757+00:00,1785628862642,62787.99,62797.99,1785628862909,62853.45,62853.4,62853.5,2.74509621,0.22555113,3.1415953999999995,0.69003935,349.4
2026-08-02T00:01:07.104+00:00,1785628864949,62787.98,62797.98,1785628865259,62853.45,62853.4,62853.5,2.58627926,0.22339796,3.2827025199999995,0.43616667000000003,345.7
2026-08-02T00:01:09.452+00:00,1785628867511,62789.76,62799.76,1785628867609,62853.45,62853.4,62853.5,2.58627926,0.22295273,3.2806648099999998,0.53607693,347.3
2026-08-02T00:01:11.802+00:00,1785628869689,62790.58,62800.58,1785628869959,62853.45,62853.4,62853.5,2.58627926,0.22295273,3.2624586,1.44749665,347.6
2026-08-02T00:01:14.152+00:00,1785628871709,62795.96,62805.96,1785628872309,62853.45,62853.4,62853.5,2.44810615,0.22220609,2.6504649500000004,0.78871129,348.0
2026-08-02T00:01:16.492+00:00,1785628873769,62789.26,62799.26,1785628874659,62855.75,62855.7,62855.8,2.50199002,0.40386167,2.56122933,0.9236803,339.4
2026-08-02T00:01:18.852+00:00,1785628876878,62788.13,62798.13,1785628877009,62855.75,62855.7,62855.8,2.50177617,0.36936827,2.5444676900000003,0.82093762,350.8
2026-08-02T00:01:21.196+00:00,1785628879038,62792.74,62802.74,1785628879359,62855.75,62855.7,62855.8,2.33083617,0.36603207,2.3735276900000004,0.81760142,341.4
2026-08-02T00:01:23.554+00:00,1785628881208,62792.63,62802.63,1785628881709,62855.75,62855.7,62855.8,2.33083617,0.36603207,2.3735276900000004,0.81760142,349.8
2026-08-02T00:01:25.904+00:00,1785628883369,62791.42,62801.42,1785628884059,62855.75,62855.7,62855.8,2.33083617,0.36444023,2.3728804500000003,0.59515651,347.6
2026-08-02T00:01:28.251+00:00,1785628886069,62798.13,62808.13,1785628886409,62860.05,62860.0,62860.1,2.28545545,0.18078155,2.8878332000000007,0.42065219,340.5
2026-08-02T00:01:30.602+00:00,1785628888125,62794.04,62804.04,1785628888759,62860.05,62860.0,62860.1,2.27280685,0.12668155,2.87518458,0.36655218999999994,350.1
2026-08-02T00:01:32.949+00:00,1785628890312,62796.95,62806.95,1785628891109,62860.05,62860.0,62860.1,2.07928943,0.18110185,2.6816671600000004,0.42097249000000003,343.5
2026-08-02T00:01:35.293+00:00,1785628892348,62796.54,62806.54,1785628893459,62860.05,62860.0,62860.1,2.08928943,0.18101277,2.7294538200000003,0.35797873999999996,341.8
2026-08-02T00:01:37.646+00:00,1785628895530,62799.78,62809.78,1785628895809,62860.05,62860.0,62860.1,1.98130511,0.12791065,2.25154237,0.34916869999999994,339.4
2026-08-02T00:01:40.001+00:00,1785628897828,62798.53,62808.53,1785628898159,62860.05,62860.0,62860.1,1.98111413,0.18561065,2.14554889,0.40686869999999997,348.6
2026-08-02T00:01:42.345+00:00,1785628899959,62800.01,62810.01,1785628900509,62860.05,62860.0,62860.1,1.98080058,0.22186065,2.14525065,0.6585528199999999,342.3
2026-08-02T00:01:44.704+00:00,1785628902168,62799.47,62809.47,1785628902859,62860.05,62860.0,62860.1,1.99034558,0.22186065,2.26235919,0.6585528199999999,344.1
2026-08-02T00:01:47.052+00:00,1785628904248,62801.2,62811.2,1785628905209,62860.05,62860.0,62860.1,1.98993429,0.18291101,2.15431592,0.5903418300000001,346.1
2026-08-02T00:01:49.402+00:00,1785628907505,62799.51,62809.51,1785628907559,62860.05,62860.0,62860.1,1.98038929,0.58827293,2.4869475000000003,0.99570375,348.5
2026-08-02T00:01:51.751+00:00,1785628909619,62796.72,62806.72,1785628909909,62860.05,62860.0,62860.1,1.92252855,0.55242293,1.9552327600000001,0.7454996300000001,346.9
2026-08-02T00:01:54.105+00:00,1785628911656,62789.57,62799.57,1785628912259,62860.05,62860.0,62860.1,2.09122855,0.37972293,2.1770865699999997,0.57279963,351.3
2026-08-02T00:01:56.453+00:00,1785628913690,62793.31,62803.31,1785628914609,62862.649999999994,62862.6,62862.7,1.70755098,0.00439464,2.05239965,0.31354232000000004,346.9
2026-08-02T00:01:58.799+00:00,1785628916848,62796.94,62806.94,1785628916959,62863.45,62863.4,62863.5,1.68890273,0.10019492,1.96258928,0.31859042000000004,344.2
2026-08-02T00:02:01.150+00:00,1785628918939,62801.8,62811.8,1785628919309,62863.45,62863.4,62863.5,1.68505571,0.10109492,1.9599837400000002,0.29037987,348.0
2026-08-02T00:02:03.546+00:00,1785628921148,62795.13,62805.13,1785628921709,62863.45,62863.4,62863.5,1.68267572,0.10109492,1.9578054100000002,0.29037987,394.0
2026-08-02T00:02:05.901+00:00,1785628923271,62797.65,62807.65,1785628924059,62863.45,62863.4,62863.5,1.43037094,0.72365166,1.68529933,0.95230934,345.8
2026-08-02T00:02:08.252+00:00,1785628925372,62800.12,62810.12,1785628926409,62863.45,62863.4,62863.5,1.42195671,0.76835667,1.6645940099999998,1.072107,349.2
2026-08-02T00:02:10.595+00:00,1785628928447,62795.3,62805.3,1785628928759,62863.45,62863.4,62863.5,1.41571762,0.72827038,1.66543848,1.03202071,340.1
2026-08-02T00:02:12.952+00:00,1785628930695,62795.97,62805.97,1785628931109,62863.45,62863.4,62863.5,1.41571762,0.68810134,1.66543848,0.91435985,346.3
2026-08-02T00:02:15.296+00:00,1785628932758,62793.93,62803.93,1785628933459,62863.45,62863.4,62863.5,1.41567313,0.72822584,1.66539399,0.95448435,342.1
2026-08-02T00:02:17.655+00:00,1785628934940,62793.95,62803.95,1785628935809,62863.45,62863.4,62863.5,1.4146688,0.29858959,1.7174257299999998,0.44599876000000005,350.8
2026-08-02T00:02:20.001+00:00,1785628938013,62793.98,62803.98,1785628938159,62863.45,62863.4,62863.5,1.4146688,0.15386404,1.6773012299999999,1.46339868,343.4
2026-08-02T00:02:22.358+00:00,1785628940220,62798.37,62808.37,1785628940509,62863.45,62863.4,62863.5,1.41148413,1.36415598,1.62327438,1.65758731,355.6
2026-08-02T00:02:24.705+00:00,1785628942307,62799.96,62809.96,1785628942859,62863.45,62863.4,62863.5,1.41148413,1.58209488,1.66338291,1.87552621,346.0
2026-08-02T00:02:27.055+00:00,1785628944408,62794.15,62804.15,1785628945209,62863.45,62863.4,62863.5,1.40902279,1.58309524,1.66092157,1.87652657,347.2
2026-08-02T00:02:29.407+00:00,1785628947493,62796.05,62806.05,1785628947559,62863.45,62863.4,62863.5,1.40511063,1.58309524,1.65700941,1.87652657,351.4
2026-08-02T00:02:31.756+00:00,1785628948528,62794.06,62804.06,1785628949909,62863.45,62863.4,62863.5,1.40601063,1.58309524,1.6579094099999998,1.87652631,345.8
2026-08-02T00:02:34.100+00:00,1785628948528,62794.06,62804.06,1785628952259,62863.45,62863.4,62863.5,1.40601063,1.58309524,1.6579031999999998,1.79843148,341.3
2026-08-02T00:02:36.454+00:00,1785628953768,62795.42,62805.42,1785628954609,62863.45,62863.4,62863.5,1.40440559,1.59855744,1.65629816,2.00288619,351.8
2026-08-02T00:02:38.753+00:00,1785628955859,62794.92,62804.92,1785628956909,62863.45,62863.4,62863.5,1.36910559,1.59855744,1.6209981599999999,2.00288619,297.6
2026-08-02T00:02:41.103+00:00,1785628958979,62795.84,62805.84,1785628959259,62863.45,62863.4,62863.5,1.36910559,1.59855744,1.6209981599999999,2.00288619,348.9
2026-08-02T00:02:43.442+00:00,1785628961052,62793.36,62803.36,1785628961609,62863.45,62863.4,62863.5,1.40087557,1.59855744,1.66546401,2.00288619,335.9
2026-08-02T00:02:45.791+00:00,1785628963274,62778.6,62788.6,1785628963959,62845.350000000006,62845.3,62845.4,1.66555715,0.16876045,1.6929477099999999,0.58321434,334.9
2026-08-02T00:02:48.153+00:00,1785628965375,62781.31,62791.31,1785628966309,62845.350000000006,62845.3,62845.4,1.51405132,0.15062107,1.54144188,0.53693754,345.9
2026-08-02T00:02:50.504+00:00,1785628968598,62779.51,62789.51,1785628968659,62845.350000000006,62845.3,62845.4,1.51335356,0.71682967,1.5145149100000002,1.75470876,349.0
2026-08-02T00:02:52.866+00:00,1785628970710,62778.58,62788.58,1785628971009,62845.350000000006,62845.3,62845.4,1.47232906,1.34414584,1.47372211,2.39382196,356.7
2026-08-02T00:02:55.193+00:00,1785628972816,62784.7,62794.7,1785628973359,62845.350000000006,62845.3,62845.4,1.47232906,1.34411402,1.5140530300000001,1.7928987499999998,325.1
2026-08-02T00:02:57.554+00:00,1785628974989,62782.18,62792.18,1785628975709,62845.350000000006,62845.3,62845.4,1.47232906,0.5471518,1.5140530300000001,0.9959365299999999,348.5
2026-08-02T00:02:59.904+00:00,1785628977069,62785.01,62795.01,1785628978059,62845.350000000006,62845.3,62845.4,1.47232906,0.54501636,1.5131313100000001,0.9677762999999999,348.6
2026-08-02T00:03:02.252+00:00,1785628980102,62783.02,62793.02,1785628980409,62845.350000000006,62845.3,62845.4,2.15239192,0.39668636,2.1718293200000005,0.44274355,346.3
2026-08-02T00:03:04.603+00:00,1785628982233,62785.41,62795.41,1785628982759,62845.350000000006,62845.3,62845.4,2.17774931,0.39668636,2.2264357300000004,0.44274356000000004,349.5
2026-08-02T00:03:06.958+00:00,1785628984301,62783.75,62793.75,1785628985109,62845.350000000006,62845.3,62845.4,2.17774931,0.39665454,2.2264357300000004,0.56470869,354.4
2026-08-02T00:03:09.304+00:00,1785628986709,62791.87,62801.87,1785628987459,62857.55,62857.5,62857.6,2.19165516,0.30165553,2.2538519999999993,0.67047619,342.4
2026-08-02T00:03:11.649+00:00,1785628989755,62791.7,62801.7,1785628989809,62857.55,62857.5,62857.6,2.19165516,0.15598932,2.2538520099999997,0.31830786999999994,343.7
2026-08-02T00:03:14.004+00:00,1785628992031,62794.25,62804.25,1785628992159,62857.55,62857.5,62857.6,2.20120016,0.15178491,2.28644483,0.44762589999999997,347.4
2026-08-02T00:03:16.810+00:00,1785628993103,62794.23,62804.23,1785628994959,62860.55,62860.5,62860.6,2.38335656,1.12397729,2.4997289900000004,1.44514631,803.0
2026-08-02T00:03:19.156+00:00,1785628996319,62795.6,62805.6,1785628997309,62860.55,62860.5,62860.6,2.31342628,1.12500896,2.38381427,1.48108877,345.1
2026-08-02T00:03:21.502+00:00,1785628998918,62797.61,62807.61,1785628999659,62860.55,62860.5,62860.6,1.95418723,1.35594173,2.0245752200000005,1.7267530299999998,344.0
2026-08-02T00:03:23.845+00:00,1785629001029,62796.87,62806.87,1785629002009,62860.55,62860.5,62860.6,1.95249723,1.35586219,2.0228852200000005,1.72667349,339.9
2026-08-02T00:03:26.207+00:00,1785629003591,62798.43,62808.43,1785629004359,62860.55,62860.5,62860.6,1.05802587,1.37132651,1.2810227,1.7420417999999998,352.9
2026-08-02T00:03:28.554+00:00,1785629005697,62795.41,62805.41,1785629006709,62860.55,62860.5,62860.6,1.25384769,1.36806851,1.4767609000000002,1.62967633,344.5
2026-08-02T00:03:30.897+00:00,1785629007818,62803.36,62813.36,1785629009059,62860.55,62860.5,62860.6,1.25147392,1.36806851,1.4743757199999998,1.62967633,341.8
2026-08-02T00:03:33.251+00:00,1785629010382,62798.8,62808.8,1785629011409,62860.55,62860.5,62860.6,1.57308513,0.1282971,1.85277235,0.17230557,347.0
2026-08-02T00:03:35.605+00:00,1785629013502,62798.69,62808.69,1785629013759,62860.55,62860.5,62860.6,1.53415888,0.12793758,1.81384609,0.17194605,346.6
2026-08-02T00:03:37.974+00:00,1785629015868,62804.25,62814.25,1785629016109,62860.55,62860.5,62860.6,1.53320365,0.12893801,1.8057889399999998,0.17324746,366.8
2026-08-02T00:03:40.301+00:00,1785629018386,62798.45,62808.45,1785629018459,62860.55,62860.5,62860.6,1.53284449,0.12893801,1.8054297799999999,0.17324746,324.9
2026-08-02T00:03:42.657+00:00,1785629020007,62806.04,62816.04,1785629020809,62868.95,62868.9,62869.0,2.80070352,0.14002027,3.0644224799999993,0.36455982,348.9
2026-08-02T00:03:45.005+00:00,1785629023079,62817.81,62827.81,1785629023159,62876.75,62876.7,62876.8,1.6681149,1.24939076,1.8656687199999997,1.2555573500000001,342.6
2026-08-02T00:03:47.354+00:00,1785629025102,62815.31,62825.31,1785629025509,62876.75,62876.7,62876.8,1.70824711,1.25034637,1.9058009299999998,1.25651296,347.0
2026-08-02T00:03:49.708+00:00,1785629027214,62814.51,62824.51,1785629027859,62876.75,62876.7,62876.8,1.52886502,1.25034637,1.7264188399999998,1.25651296,350.9
2026-08-02T00:03:52.042+00:00,1785629029520,62818.14,62828.14,1785629030209,62876.75,62876.7,62876.8,1.68157946,1.25034637,1.8791332799999998,1.25651296,332.4
2026-08-02T00:03:54.407+00:00,1785629031643,62819.23,62829.23,1785629032559,62876.850000000006,62876.8,62876.9,3.46183783,0.00568965,3.77489499,0.007388190000000001,348.7
2026-08-02T00:03:56.755+00:00,1785629034265,62828.32,62838.32,1785629034909,62879.850000000006,62879.8,62879.9,2.99427535,0.43445886,4.182475480000001,0.44003840999999994,344.9
2026-08-02T00:03:59.096+00:00,1785629036265,62820.39,62830.39,1785629037259,62887.25,62887.2,62887.3,3.0518437,0.13302539,3.36874043,0.14169705000000002,339.6
2026-08-02T00:04:01.457+00:00,1785629038658,62834.68,62844.68,1785629039609,62889.149999999994,62889.1,62889.2,2.16687788,0.08681065,2.457325129999999,0.09657834,350.7
2026-08-02T00:04:03.800+00:00,1785629041098,62833.39,62843.39,1785629041959,62889.149999999994,62889.1,62889.2,2.17641888,0.14348377,2.6676619199999996,0.15325146,342.0
2026-08-02T00:04:06.157+00:00,1785629043369,62835.75,62845.75,1785629044309,62889.149999999994,62889.1,62889.2,2.17641581,0.14172207,2.2841675499999994,0.15148976,349.4
2026-08-02T00:04:08.503+00:00,1785629045600,62835.56,62845.56,1785629046659,62889.75,62889.7,62889.8,2.71502585,0.00894617,3.52452089,0.01024726,342.8
2026-08-02T00:04:10.855+00:00,1785629048062,62823.8,62833.8,1785629049009,62885.95,62885.9,62886.0,1.0319039,3.76101535,1.2708837100000003,4.073502939999999,349.1
2026-08-02T00:04:13.209+00:00,1785629051154,62817.91,62827.91,1785629051359,62885.95,62885.9,62886.0,1.58817255,0.02078435,1.8228296199999998,0.1638727,352.3
2026-08-02T00:04:15.545+00:00,1785629052690,62825.62,62835.62,1785629053709,62889.75,62889.7,62889.8,2.24797931,1.27260558,2.95734575,1.83670859,333.8
2026-08-02T00:04:17.909+00:00,1785629055151,62828.27,62838.27,1785629056059,62892.649999999994,62892.6,62892.7,2.74439041,0.96297826,3.20775401,0.98741488,348.8
2026-08-02T00:04:20.261+00:00,1785629058253,62832.7,62842.7,1785629058409,62892.649999999994,62892.6,62892.7,2.77781822,0.02936578,3.2384563099999997,0.0538024,350.6
2026-08-02T00:04:22.606+00:00,1785629060123,62831.94,62841.94,1785629060759,62892.649999999994,62892.6,62892.7,2.59162093,0.01667859,3.26996856,0.04111521,342.8
2026-08-02T00:04:24.954+00:00,1785629062215,62832.04,62842.04,1785629063109,62892.649999999994,62892.6,62892.7,2.58712245,0.05584938,3.26038439,0.080286,342.4
2026-08-02T00:04:27.290+00:00,1785629065328,62831.64,62841.64,1785629065459,62892.649999999994,62892.6,62892.7,2.54633382,0.30679637,3.2296186200000006,0.33123298999999995,333.4
2026-08-02T00:04:29.657+00:00,1785629067494,62832.35,62842.35,1785629067809,62892.649999999994,62892.6,62892.7,2.58644392,0.21284637,3.2597065799999996,0.23728299000000003,351.0
2026-08-02T00:04:32.008+00:00,1785629069523,62832.9,62842.9,1785629070159,62892.649999999994,62892.6,62892.7,2.58644392,0.63853945,2.95938885,0.66297607,349.2
2026-08-02T00:04:34.358+00:00,1785629071611,62833.84,62843.84,1785629072509,62892.649999999994,62892.6,62892.7,2.58644392,0.21544996,2.9534530199999995,0.23988658000000002,347.6
2026-08-02T00:04:36.709+00:00,1785629074224,62826.26,62836.26,1785629074859,62892.649999999994,62892.6,62892.7,1.08705154,0.54302352,1.3547204,0.56746014,348.6
2026-08-02T00:04:39.054+00:00,1785629076274,62826.16,62836.16,1785629077209,62892.649999999994,62892.6,62892.7,1.26839853,0.30630151,1.62544956,0.33073812999999996,343.1
2026-08-02T00:04:41.405+00:00,1785629079401,62826.8,62836.8,1785629079559,62892.649999999994,62892.6,62892.7,1.43709853,0.39360635,1.75440547,0.41804296999999996,347.4
2026-08-02T00:04:43.758+00:00,1785629081497,62830.48,62840.48,1785629081909,62892.649999999994,62892.6,62892.7,1.43694101,0.25176007,1.76213779,0.27619668999999997,350.4
2026-08-02T00:04:46.100+00:00,1785629083500,62831.51,62841.51,1785629084259,62892.649999999994,62892.6,62892.7,1.43611611,0.21101007,1.76131281,0.23544669000000001,339.9
2026-08-02T00:04:48.455+00:00,1785629085545,62828.25,62838.25,1785629086609,62892.649999999994,62892.6,62892.7,1.39600601,0.25276053,1.7706219300000001,0.27719714999999995,344.3
2026-08-02T00:04:50.806+00:00,1785629088712,62831.94,62841.94,1785629088959,62892.649999999994,62892.6,62892.7,1.43566793,0.21201053,1.81028386,0.23644715000000002,348.4
2026-08-02T00:04:53.159+00:00,1785629090792,62833.84,62843.84,1785629091309,62892.649999999994,62892.6,62892.7,1.43566793,0.21201053,1.81028376,0.23644715000000002,351.0
2026-08-02T00:04:55.509+00:00,1785629092818,62833.44,62843.44,1785629093659,62892.649999999994,62892.6,62892.7,1.43583243,0.21201053,1.83431473,0.23644715000000002,346.8
2026-08-02T00:04:57.860+00:00,1785629095141,62831.28,62841.28,1785629096009,62892.649999999994,62892.6,62892.7,1.43583243,0.21201053,2.14465409,0.23644715000000002,348.7
2026-08-02T00:05:00.259+00:00,1785629098256,62831.12,62841.12,1785629098409,62892.649999999994,62892.6,62892.7,1.43583243,0.21201053,2.13463002,0.23644715000000002,396.8
2026-08-02T00:05:02.598+00:00,1785629100358,62825.75,62835.75,1785629100759,62892.649999999994,62892.6,62892.7,1.43583243,0.21291053,1.83431473,0.23734715,337.4
2026-08-02T00:05:04.947+00:00,1785629102528,62826.38,62836.38,1785629103109,62892.850000000006,62892.8,62892.9,3.08568503,0.06922221,3.7931074999999996,0.07390858000000002,336.5
2026-08-02T00:05:07.306+00:00,1785629104593,62826.5,62836.5,1785629105459,62892.850000000006,62892.8,62892.9,3.08568503,0.06922221,3.77173731,0.07390858000000002,348.4
2026-08-02T00:05:09.664+00:00,1785629106724,62827.47,62837.47,1785629107809,62892.850000000006,62892.8,62892.9,2.98597849,0.06819189,3.66407391,0.08833654,354.8
2026-08-02T00:05:12.008+00:00,1785629109820,62825.66,62835.66,1785629110159,62892.850000000006,62892.8,62892.9,1.94393384,0.24849206,2.21163316,0.25317843,341.8
2026-08-02T00:05:14.358+00:00,1785629111896,62825.65,62835.65,1785629112509,62899.149999999994,62899.1,62899.2,2.21880021,0.00306847,3.18859464,0.12830995,348.1
2026-08-02T00:05:16.712+00:00,1785629114738,62840.3,62850.3,1785629114859,62899.850000000006,62899.8,62899.9,2.82881924,0.09546518,4.4574183199999995,0.12641837000000003,347.0
2026-08-02T00:05:19.053+00:00,1785629116021,62838.63,62848.63,1785629117209,62902.95,62902.9,62903.0,2.23006744,0.10632189,3.5713683100000004,0.10800251,339.7
2026-08-02T00:05:21.408+00:00,1785629119266,62842.48,62852.48,1785629119559,62902.95,62902.9,62903.0,2.5998294,0.30359057,3.45278075,0.30527119,345.1
2026-08-02T00:05:23.753+00:00,1785629121292,62840.32,62850.32,1785629121909,62902.95,62902.9,62903.0,2.4311294,0.33992088,2.83712174,0.3416015,342.3
2026-08-02T00:05:26.104+00:00,1785629123428,62839.2,62849.2,1785629124259,62902.95,62902.9,62903.0,2.10505448,0.39402088,2.91040541,0.39570150000000004,345.0
2026-08-02T00:05:28.460+00:00,1785629125653,62844.41,62854.41,1785629126609,62902.95,62902.9,62903.0,1.62322415,0.33992088,2.2708375,0.3416015,348.2
2026-08-02T00:05:30.804+00:00,1785629128734,62845.15,62855.15,1785629128959,62902.95,62902.9,62903.0,2.11801796,0.33992088,2.3743520000000005,0.3416015,343.1
2026-08-02T00:05:33.161+00:00,1785629130863,62840.9,62850.9,1785629131309,62902.95,62902.9,62903.0,1.62312379,0.84147356,2.27453599,0.84315418,348.7
2026-08-02T00:05:35.507+00:00,1785629133116,62843.19,62853.19,1785629133659,62902.95,62902.9,62903.0,1.95888868,0.20041365,2.2127701500000003,0.20209426999999996,343.5
2026-08-02T00:05:37.848+00:00,1785629135298,62828.09,62838.09,1785629136009,62896.649999999994,62896.6,62896.7,0.5087862,3.03376163,0.65468629,3.32611533,339.3
2026-08-02T00:05:40.210+00:00,1785629137473,62836.49,62846.49,1785629138359,62897.75,62897.7,62897.8,1.98699473,0.01639853,2.77965534,0.15746014,346.2
2026-08-02T00:05:42.556+00:00,1785629140603,62833.91,62843.91,1785629140709,62897.75,62897.7,62897.8,2.30933187,0.01639853,3.7429270800000003,0.23843061,345.3
2026-08-02T00:05:44.907+00:00,1785629140603,62833.91,62843.91,1785629143059,62897.75,62897.7,62897.8,2.14065901,0.01385473,3.5742542200000003,0.36648128999999996,349.4
2026-08-02T00:05:47.258+00:00,1785629144719,62833.97,62843.97,1785629145409,62897.75,62897.7,62897.8,1.70686047,0.30525865,2.49952364,1.0964957899999999,348.2
2026-08-02T00:05:49.610+00:00,1785629146792,62839.55,62849.55,1785629147759,62897.75,62897.7,62897.8,1.69379024,0.50225865,2.6018340799999997,0.71702492,351.9
2026-08-02T00:05:51.963+00:00,1785629149897,62838.95,62848.95,1785629150109,62901.05,62901.0,62901.1,1.17285953,0.94599678,1.8539989799999999,1.1831204,350.2
2026-08-02T00:05:54.308+00:00,1785629152009,62840.2,62850.2,1785629152459,62901.05,62901.0,62901.1,0.65267771,1.30050668,0.8733446300000001,1.5376303,342.9
2026-08-02T00:05:56.611+00:00,1785629154130,62837.76,62847.76,1785629154759,62901.05,62901.0,62901.1,0.82264809,0.77729678,1.11240863,1.0007204,301.3
2026-08-02T00:05:58.951+00:00,1785629156303,62835.0,62845.0,1785629157109,62901.05,62901.0,62901.1,0.96245101,0.90709678,1.80229704,1.0917087600000002,336.6
2026-08-02T00:06:01.310+00:00,1785629158481,62836.37,62846.37,1785629159459,62902.75,62902.7,62902.8,1.63072838,0.77160397,2.5065987,0.8898880900000001,350.1
2026-08-02T00:06:03.657+00:00,1785629161510,62838.29,62848.29,1785629161809,62902.75,62902.7,62902.8,0.87089691,0.96102475,1.1269507600000002,1.21331374,344.7
2026-08-02T00:06:06.008+00:00,1785629163534,62837.26,62847.26,1785629164159,62902.75,62902.7,62902.8,0.94172047,0.94282475,1.1977743200000002,1.04965448,346.5
2026-08-02T00:06:08.357+00:00,1785629165553,62839.11,62849.11,1785629166509,62902.75,62902.7,62902.8,1.13854186,0.5540419,1.4292911700000002,0.60197131,341.9
2026-08-02T00:06:10.711+00:00,1785629168704,62840.1,62850.1,1785629168859,62902.75,62902.7,62902.8,1.09964186,1.20141395,1.3556957100000002,1.2493433600000001,350.7
2026-08-02T00:06:13.054+00:00,1785629170815,62840.35,62850.35,1785629171209,62902.75,62902.7,62902.8,1.13947168,0.35614823,1.4318505600000002,0.40407764,341.4
2026-08-02T00:06:15.412+00:00,1785629173093,62843.35,62853.35,1785629173559,62902.75,62902.7,62902.8,1.13947168,0.35614823,1.4292866300000002,0.35782885000000003,350.6
2026-08-02T00:06:17.759+00:00,1785629175063,62849.71,62859.71,1785629175909,62906.45,62906.4,62906.5,2.18264264,0.73125171,3.0186149200000005,0.7341367,344.8
2026-08-02T00:06:20.110+00:00,1785629177203,62849.77,62859.77,1785629178259,62906.45,62906.4,62906.5,2.18386244,0.85674954,2.7387337300000003,0.85963453,348.8
2026-08-02T00:06:22.462+00:00,1785629180493,62843.99,62853.99,1785629180609,62906.45,62906.4,62906.5,2.18386244,0.68101396,2.8522301300000006,0.68389895,349.3
2026-08-02T00:06:24.809+00:00,1785629182923,62835.53,62845.53,1785629182959,62900.55,62900.5,62900.6,1.04289144,1.14340519,1.6056890799999999,1.28024086,344.3
2026-08-02T00:06:27.157+00:00,1785629185096,62836.92,62846.92,1785629185309,62900.55,62900.5,62900.6,1.04289144,1.29892558,1.4847023,1.4357612499999999,343.3
2026-08-02T00:06:29.510+00:00,1785629187154,62838.45,62848.45,1785629187659,62900.55,62900.5,62900.6,1.04289144,1.29867599,1.4847023,1.5003091400000002,348.4
2026-08-02T00:06:31.863+00:00,1785629189393,62836.07,62846.07,1785629190009,62904.149999999994,62904.1,62904.2,2.35660634,0.62915193,2.9849957999999996,1.50935502,351.6
2026-08-02T00:06:34.212+00:00,1785629191394,62839.18,62849.18,1785629192359,62904.149999999994,62904.1,62904.2,1.0075569,0.80546638,1.1999492199999997,1.31034388,346.2
2026-08-02T00:06:36.548+00:00,1785629193497,62834.56,62844.56,1785629194709,62904.149999999994,62904.1,62904.2,1.01038689,0.80536289,1.2027792099999997,1.6417929900000001,335.4
2026-08-02T00:06:38.910+00:00,1785629196623,62840.53,62850.53,1785629197059,62904.149999999994,62904.1,62904.2,1.01038689,0.80396289,1.2027792099999997,1.64039299,345.2
2026-08-02T00:06:41.262+00:00,1785629199357,62826.95,62836.95,1785629199409,62900.55,62900.5,62900.6,0.04048333,3.22281013,0.22785431,3.85800396,349.3
2026-08-02T00:06:43.611+00:00,1785629201704,62832.88,62842.88,1785629201759,62900.55,62900.5,62900.6,0.04048333,3.22281013,0.22785431,3.82996088,347.1
2026-08-02T00:06:46.001+00:00,1785629203763,62828.65,62838.65,1785629204159,62900.55,62900.5,62900.6,0.04048333,3.06907685,0.17580932000000002,3.49504307,388.0
2026-08-02T00:06:48.362+00:00,1785629205933,62827.52,62837.52,1785629206509,62900.55,62900.5,62900.6,0.04048333,3.06907685,0.1825311,3.46700002,347.6
2026-08-02T00:06:50.709+00:00,1785629208213,62828.24,62838.24,1785629208859,62900.55,62900.5,62900.6,0.04048333,3.06897685,0.1825311,3.4949430699999997,344.7
2026-08-02T00:06:53.057+00:00,1785629210416,62827.19,62837.19,1785629211209,62900.55,62900.5,62900.6,0.48258993,3.06897685,0.6170237,3.4949430699999997,345.7
2026-08-02T00:06:55.407+00:00,1785629211462,62825.61,62835.61,1785629213559,62900.55,62900.5,62900.6,0.0410713,3.06897685,0.17550506999999999,3.4949430699999997,345.7
2026-08-02T00:06:57.762+00:00,1785629215833,62825.63,62835.63,1785629215909,62900.55,62900.5,62900.6,0.0410713,3.06337012,0.17550506999999999,3.48933634,351.6
2026-08-02T00:07:00.111+00:00,1785629217851,62825.9,62835.9,1785629218259,62900.55,62900.5,62900.6,0.03896296,3.02384109,0.17339672999999997,3.4498073099999997,347.1
2026-08-02T00:07:02.465+00:00,1785629219974,62830.79,62840.79,1785629220609,62900.55,62900.5,62900.6,0.03674476,3.02384109,0.17117852999999997,3.4376739799999996,350.5
2026-08-02T00:07:04.814+00:00,1785629221895,62827.54,62837.54,1785629222959,62893.25,62893.2,62893.3,0.80818762,0.95676884,0.8515454900000001,1.3718821299999997,347.6
2026-08-02T00:07:07.161+00:00,1785629224310,62827.66,62837.66,1785629225309,62893.25,62893.2,62893.3,0.70796007,1.42592693,0.8941618600000002,1.8079643599999997,345.5
2026-08-02T00:07:09.510+00:00,1785629227493,62821.97,62831.97,1785629227659,62893.25,62893.2,62893.3,0.86993298,1.41536165,1.05608352,1.7973990799999997,347.1
2026-08-02T00:07:11.854+00:00,1785629229622,62820.67,62830.67,1785629230009,62893.25,62893.2,62893.3,1.24530028,0.502614,1.8920827399999998,0.69440753,341.4
2026-08-02T00:07:14.212+00:00,1785629231634,62824.33,62834.33,1785629232359,62893.25,62893.2,62893.3,1.00472008,0.89339304,1.51144705,1.12188273,343.7
2026-08-02T00:07:16.565+00:00,1785629233823,62821.05,62831.05,1785629234709,62893.25,62893.2,62893.3,1.33304051,0.50286622,1.6659904700000001,0.7313559100000001,349.2
2026-08-02T00:07:18.914+00:00,1785629235945,62823.07,62833.07,1785629237059,62893.25,62893.2,62893.3,1.33263291,0.47084545,1.6655828700000002,0.69687556,348.1
2026-08-02T00:07:21.260+00:00,1785629239134,62824.32,62834.32,1785629239409,62893.25,62893.2,62893.3,1.33182643,0.51034758,1.53411547,0.73637769,343.4
2026-08-02T00:07:23.610+00:00,1785629241220,62829.63,62839.63,1785629241759,62893.25,62893.2,62893.3,0.83527751,0.63302758,1.1929939500000002,0.90141853,346.8
2026-08-02T00:07:25.956+00:00,1785629243275,62828.2,62838.2,1785629244109,62893.25,62893.2,62893.3,0.65640794,0.86305114,0.9238677700000001,1.13144209,344.7
2026-08-02T00:07:28.299+00:00,1785629245695,62825.87,62835.87,1785629246459,62893.25,62893.2,62893.3,0.65640794,1.15430488,0.9238677700000001,1.42269583,336.1
2026-08-02T00:07:30.671+00:00,1785629247895,62826.87,62836.87,1785629248809,62893.25,62893.2,62893.3,0.78863679,0.79264854,1.0555269699999998,1.06103949,359.1
2026-08-02T00:07:33.012+00:00,1785629250140,62826.52,62836.52,1785629251159,62893.25,62893.2,62893.3,0.92933414,0.62304854,1.23400994,0.89143949,339.8
2026-08-02T00:07:35.361+00:00,1785629253432,62828.84,62838.84,1785629253509,62893.25,62893.2,62893.3,0.8400981,0.79264854,1.20025573,1.06103949,347.7
2026-08-02T00:07:37.713+00:00,1785629255492,62830.03,62840.03,1785629255859,62893.25,62893.2,62893.3,0.83994149,0.37371351,1.3623265,0.64210446,349.8
2026-08-02T00:07:40.063+00:00,1785629257674,62829.3,62839.3,1785629258209,62893.25,62893.2,62893.3,0.85142889,0.73825611,1.23543693,1.03824771,347.5
2026-08-02T00:07:42.410+00:00,1785629259759,62829.66,62839.66,1785629260559,62893.25,62893.2,62893.3,0.74675902,1.5840478,0.9278415200000001,1.8840394,344.5
2026-08-02T00:07:44.768+00:00,1785629262824,62829.4,62839.4,1785629262909,62893.25,62893.2,62893.3,0.74921099,2.04654386,0.9302934700000001,2.34653546,355.2
2026-08-02T00:07:47.110+00:00,1785629265110,62827.18,62837.18,1785629265259,62893.25,62893.2,62893.3,0.74921099,1.58654386,0.9302934700000001,1.88653546,341.2
2026-08-02T00:07:49.463+00:00,1785629267118,62829.9,62839.9,1785629267609,62893.25,62893.2,62893.3,0.72756484,1.58654386,0.90864732,1.88653546,346.3
2026-08-02T00:07:51.812+00:00,1785629269315,62826.13,62836.13,1785629269959,62893.25,62893.2,62893.3,1.29213041,0.37103698,1.95432524,0.6930883999999999,347.3
2026-08-02T00:07:54.160+00:00,1785629271495,62827.97,62837.97,1785629272309,62893.25,62893.2,62893.3,0.96326814,0.97087318,1.2647194500000003,1.24928133,346.1
2026-08-02T00:07:56.506+00:00,1785629274578,62829.79,62839.79,1785629274659,62893.25,62893.2,62893.3,0.96450829,0.97087318,1.2545784300000002,1.2307171300000002,344.2
2026-08-02T00:07:58.866+00:00,1785629276600,62829.54,62839.54,1785629277009,62893.25,62893.2,62893.3,1.10595736,0.56763966,1.3673054900000001,0.8274836099999999,349.5
2026-08-02T00:08:01.213+00:00,1785629278671,62828.51,62838.51,1785629279359,62893.25,62893.2,62893.3,1.10595736,0.37168418,1.4866027499999999,0.63152813,344.4
2026-08-02T00:08:03.565+00:00,1785629280684,62826.45,62836.45,1785629281709,62893.25,62893.2,62893.3,0.96546936,0.44930515,1.2159867100000004,1.23274693,350.5
2026-08-02T00:08:05.916+00:00,1785629283858,62826.56,62836.56,1785629284059,62893.25,62893.2,62893.3,0.96228635,0.72334073,1.2163419000000002,1.01401898,348.4
2026-08-02T00:08:08.263+00:00,1785629285946,62827.05,62837.05,1785629286409,62893.25,62893.2,62893.3,0.76861383,0.88359078,0.96161228,1.17426903,345.8
2026-08-02T00:08:10.599+00:00,1785629288013,62827.71,62837.71,1785629288759,62893.25,62893.2,62893.3,0.76859823,0.88355899,0.96171271,1.17423724,333.8
2026-08-02T00:08:12.952+00:00,1785629290213,62828.18,62838.18,1785629291109,62893.25,62893.2,62893.3,0.76859823,0.88318377,0.96171271,1.17386202,337.6
2026-08-02T00:08:15.313+00:00,1785629292315,62827.19,62837.19,1785629293459,62893.25,62893.2,62893.3,0.76859823,0.89773941,0.96171271,1.18841766,347.9
2026-08-02T00:08:17.664+00:00,1785629295557,62830.35,62840.35,1785629295809,62898.95,62898.9,62899.0,1.50603023,0.87228058,1.72842802,1.0450406799999998,348.6
2026-08-02T00:08:20.017+00:00,1785629297804,62830.29,62840.29,1785629298159,62898.95,62898.9,62899.0,1.50684424,0.87222552,2.19861744,1.0449856199999998,351.5
2026-08-02T00:08:22.362+00:00,1785629300096,62830.27,62840.27,1785629300509,62898.95,62898.9,62899.0,1.16122449,0.87222552,1.45574516,1.2294179399999998,342.4
2026-08-02T00:08:24.714+00:00,1785629302296,62830.25,62840.25,1785629302859,62898.95,62898.9,62899.0,1.16122449,0.87222552,1.45574476,1.2294179399999998,349.9
2026-08-02T00:08:27.065+00:00,1785629304513,62830.23,62840.23,1785629305209,62898.95,62898.9,62899.0,1.16440739,0.56177044,1.7319114500000001,0.9189628599999999,348.4
2026-08-02T00:08:29.415+00:00,1785629307063,62830.21,62840.21,1785629307559,62898.95,62898.9,62899.0,1.16122449,0.92732592,1.57701096,1.2845183399999998,348.3
2026-08-02T00:08:31.760+00:00,1785629309253,62830.18,62840.18,1785629309909,62898.95,62898.9,62899.0,1.16440738,0.92732592,1.2698738900000002,1.2845183399999998,342.6
2026-08-02T00:08:34.113+00:00,1785629311269,62830.16,62840.16,1785629312259,62898.95,62898.9,62899.0,1.16361973,0.92732592,1.42080736,1.2845183399999998,348.6
2026-08-02T00:08:36.466+00:00,1785629313396,62830.54,62840.54,1785629314609,62898.95,62898.9,62899.0,1.16043684,1.06976557,1.4021526100000001,1.4269579899999998,350.1
2026-08-02T00:08:38.816+00:00,1785629314691,62830.13,62840.13,1785629316959,62898.95,62898.9,62899.0,1.16043684,1.07076598,1.3035802300000001,1.47920232,347.2
2026-08-02T00:08:41.164+00:00,1785629319247,62828.59,62838.59,1785629319309,62898.95,62898.9,62899.0,1.12022449,1.07076598,1.2554266200000002,1.47920232,345.3
2026-08-02T00:08:43.513+00:00,1785629321380,62825.85,62835.85,1785629321659,62898.95,62898.9,62899.0,1.15552449,1.07076598,1.28091723,1.47920232,346.1
2026-08-02T00:08:45.866+00:00,1785629323690,62828.2,62838.2,1785629324009,62898.95,62898.9,62899.0,1.15568708,1.06912858,1.4248436500000001,1.47756492,350.8
2026-08-02T00:08:48.215+00:00,1785629325895,62828.71,62838.71,1785629326359,62898.95,62898.9,62899.0,1.15529315,1.08558423,1.40830501,1.4940205700000002,346.7
2026-08-02T00:08:50.563+00:00,1785629328316,62833.31,62843.31,1785629328709,62898.95,62898.9,62899.0,0.9318479,1.08558423,1.19229598,1.4940205700000002,346.5
2026-08-02T00:08:52.908+00:00,1785629330335,62828.6,62838.6,1785629331059,62898.95,62898.9,62899.0,0.9318479,1.08558423,1.19229598,1.4940205700000002,342.4
2026-08-02T00:08:55.263+00:00,1785629332563,62837.73,62847.73,1785629333409,62899.95,62899.9,62900.0,2.84691606,0.09069395,3.2731032,0.10216947,347.3
2026-08-02T00:08:57.601+00:00,1785629335123,62843.33,62853.33,1785629335759,62899.95,62899.9,62900.0,2.89431222,0.09076581,3.2891036700000003,0.10224133,335.8
2026-08-02T00:08:59.963+00:00,1785629337266,62843.01,62853.01,1785629338109,62899.95,62899.9,62900.0,2.89407396,0.09076581,3.28886541,0.11934992,348.8
2026-08-02T00:09:02.317+00:00,1785629339456,62840.17,62850.17,1785629340459,62899.95,62899.9,62900.0,3.21231053,0.09076581,3.60710198,0.21560121,351.3
2026-08-02T00:09:04.663+00:00,1785629342426,62836.03,62846.03,1785629342809,62899.95,62899.9,62900.0,2.36595398,0.45004129,2.5010185300000005,1.13523833,344.4
2026-08-02T00:09:07.013+00:00,1785629344898,62845.94,62855.94,1785629345159,62899.95,62899.9,62900.0,2.74179336,0.09060581,2.8191210300000007,0.21227469000000002,343.7
2026-08-02T00:09:09.354+00:00,1785629347024,62845.06,62855.06,1785629347509,62899.95,62899.9,62900.0,2.74180415,0.09060581,2.7999896900000008,0.213497,336.0
2026-08-02T00:09:11.709+00:00,1785629349296,62843.12,62853.12,1785629349859,62899.95,62899.9,62900.0,2.74180415,0.09035379,2.7999896900000008,0.21324498000000003,342.8
2026-08-02T00:09:14.071+00:00,1785629351385,62841.83,62851.83,1785629352209,62899.95,62899.9,62900.0,2.74180415,0.09035379,2.7999896900000008,0.21324498000000003,353.9
2026-08-02T00:09:16.412+00:00,1785629353544,62842.65,62852.65,1785629354559,62899.95,62899.9,62900.0,2.48861701,0.04279459,2.60198416,0.043541170000000004,339.5
2026-08-02T00:09:18.761+00:00,1785629356604,62839.47,62849.47,1785629356909,62899.95,62899.9,62900.0,2.48861701,0.0426994,2.60198416,0.09493411,346.7
2026-08-02T00:09:21.115+00:00,1785629358784,62840.4,62850.4,1785629359259,62899.95,62899.9,62900.0,2.48861701,0.0426994,2.60198416,0.09493411,348.1
2026-08-02T00:09:23.465+00:00,1785629361017,62839.47,62849.47,1785629361609,62899.95,62899.9,62900.0,2.48861701,0.05721988,2.60198416,0.11763863,347.2
2026-08-02T00:09:25.813+00:00,1785629363073,62839.47,62849.47,1785629363959,62906.25,62906.2,62906.3,1.29959245,0.83156346,2.22392358,1.5987201899999999,346.6
2026-08-02T00:09:28.168+00:00,1785629365223,62840.82,62850.82,1785629366309,62906.25,62906.2,62906.3,1.29984048,0.69192722,2.22417137,1.36153727,350.9
2026-08-02T00:09:30.514+00:00,1785629366300,62839.47,62849.47,1785629368659,62903.25,62903.2,62903.3,0.58860057,2.2012658,0.87605814,4.33058163,345.0
2026-08-02T00:09:32.860+00:00,1785629370934,62838.96,62848.96,1785629371009,62903.25,62903.2,62903.3,1.21274471,0.54261018,1.3587894900000002,1.30065417,343.8
2026-08-02T00:09:35.214+00:00,1785629373274,62837.18,62847.18,1785629373359,62903.25,62903.2,62903.3,1.06955361,1.13903468,1.3235037200000002,2.48965897,346.7
2026-08-02T00:09:37.564+00:00,1785629375418,62839.03,62849.03,1785629375709,62903.25,62903.2,62903.3,1.06955361,1.13903468,1.3235037200000002,2.48555764,345.7
2026-08-02T00:09:39.912+00:00,1785629377449,62834.8,62844.8,1785629378059,62903.25,62903.2,62903.3,1.12474898,0.5101113,1.36846014,1.1634219000000001,343.0
2026-08-02T00:09:42.265+00:00,1785629379496,62836.24,62846.24,1785629380409,62903.25,62903.2,62903.3,1.29730363,0.0787868,1.4657563500000002,0.73421651,345.3
2026-08-02T00:09:44.616+00:00,1785629382574,62838.53,62848.53,1785629382759,62903.25,62903.2,62903.3,1.12064744,0.2861082,1.85712602,0.36178000999999993,349.7
2026-08-02T00:09:46.966+00:00,1785629384783,62846.26,62856.26,1785629385109,62903.25,62903.2,62903.3,1.29730369,0.2546899,1.4721114100000001,0.42781634999999996,347.7
2026-08-02T00:09:49.313+00:00,1785629386843,62844.83,62854.83,1785629387459,62903.25,62903.2,62903.3,1.44916941,0.0246868,1.6640576800000002,0.19781325,345.0
2026-08-02T00:09:51.665+00:00,1785629389213,62843.76,62853.76,1785629389809,62903.25,62903.2,62903.3,1.1399658,0.4260678,1.66704475,0.59542597,340.4
2026-08-02T00:09:54.017+00:00,1785629391595,62844.13,62854.13,1785629392159,62903.25,62903.2,62903.3,1.62525457,0.0246868,1.9459348300000001,0.17618753,342.4
2026-08-02T00:09:56.357+00:00,1785629393695,62846.33,62856.33,1785629394509,62906.45,62906.4,62906.5,2.50813569,0.47515083,3.76263702,0.47803582000000006,337.6
2026-08-02T00:09:58.708+00:00,1785629396613,62851.47,62861.47,1785629396859,62906.45,62906.4,62906.5,2.5501622,0.19515083,3.83454093,0.19803582,340.2
2026-08-02T00:10:01.066+00:00,1785629398846,62848.07,62858.07,1785629399209,62906.45,62906.4,62906.5,2.53914336,0.19515083,3.8235220900000004,0.19803582,347.3
2026-08-02T00:10:03.423+00:00,1785629400867,62848.01,62858.01,1785629401559,62906.45,62906.4,62906.5,2.11814919,0.19515083,2.43032088,0.19803582,354.0
2026-08-02T00:10:05.767+00:00,1785629403816,62851.61,62861.61,1785629403909,62906.45,62906.4,62906.5,2.16814919,0.19432421,2.5373538599999996,0.1972092,342.9
2026-08-02T00:10:08.115+00:00,1785629404925,62847.22,62857.22,1785629406259,62919.95,62919.9,62920.0,0.91180588,1.4209079,1.15962949,1.4216890400000002,347.3
2026-08-02T00:10:10.521+00:00,1785629408395,62856.31,62866.31,1785629408659,62919.95,62919.9,62920.0,0.92676318,1.42916873,1.01035309,1.43144987,398.0
2026-08-02T00:10:12.864+00:00,1785629410604,62848.58,62858.58,1785629411009,62914.55,62914.5,62914.6,0.57483443,2.51644765,0.7844921999999999,3.21641086,334.9
2026-08-02T00:10:15.219+00:00,1785629412874,62852.31,62862.31,1785629413359,62914.55,62914.5,62914.6,1.01987032,1.1081536,1.2275236600000001,1.64528098,352.0
2026-08-02T00:10:17.571+00:00,1785629415218,62850.4,62860.4,1785629415709,62914.55,62914.5,62914.6,1.14827416,0.47023886,1.3903965199999997,0.7641673099999999,348.2
2026-08-02T00:10:19.921+00:00,1785629417277,62852.37,62862.37,1785629418059,62914.55,62914.5,62914.6,1.2939316,0.12611183,1.5360539599999998,0.53179727,349.6
2026-08-02T00:10:22.266+00:00,1785629419313,62849.71,62859.71,1785629420409,62914.55,62914.5,62914.6,1.3685187,0.18610594,1.60926697,1.039299,342.5
2026-08-02T00:10:24.618+00:00,1785629422494,62849.56,62859.56,1785629422759,62914.55,62914.5,62914.6,1.18836149,0.34764594,1.39697842,1.39213722,346.0
2026-08-02T00:10:26.969+00:00,1785629424096,62856.5,62866.5,1785629425109,62914.55,62914.5,62914.6,1.40163837,0.18609974,1.6461651199999998,0.7523315899999999,348.6
2026-08-02T00:10:29.315+00:00,1785629427393,62853.26,62863.26,1785629427459,62914.55,62914.5,62914.6,1.71995291,0.16609974,1.9653794999999998,0.43259105,344.5
2026-08-02T00:10:31.664+00:00,1785629429433,62852.54,62862.54,1785629429809,62914.55,62914.5,62914.6,1.71995291,0.16609974,1.9359465699999998,0.7525910499999999,340.4
2026-08-02T00:10:34.019+00:00,1785629431480,62852.51,62862.51,1785629432159,62914.55,62914.5,62914.6,2.07353226,0.10609974,2.4149464299999996,0.37259105,352.4
2026-08-02T00:10:36.366+00:00,1785629434384,62855.87,62865.87,1785629434509,62917.649999999994,62917.6,62917.7,4.16556927,0.1472254,4.23827172,0.61089842,343.5
2026-08-02T00:10:38.706+00:00,1785629436144,62862.65,62872.65,1785629436859,62919.95,62919.9,62920.0,2.96240043,0.40862848,3.25099888,0.41090962000000003,338.1
2026-08-02T00:10:41.070+00:00,1785629438177,62851.61,62861.61,1785629439209,62919.95,62919.9,62920.0,1.18121429,0.5237683,1.8217038,0.66427902,351.2
2026-08-02T00:10:43.418+00:00,1785629440934,62846.56,62856.56,1785629441559,62914.55,62914.5,62914.6,0.56837247,3.05010846,0.7644860499999999,3.44043937,343.7
2026-08-02T00:10:45.768+00:00,1785629442992,62844.56,62854.56,1785629443909,62914.55,62914.5,62914.6,0.52706505,2.81567373,0.67122255,3.07565086,348.5
2026-08-02T00:10:48.115+00:00,1785629446204,62847.3,62857.3,1785629446259,62914.55,62914.5,62914.6,0.56745717,2.66466786,0.7116146699999999,3.1875123100000002,346.5
2026-08-02T00:10:50.455+00:00,1785629448543,62846.58,62856.58,1785629448609,62914.55,62914.5,62914.6,0.56745717,2.63498637,0.7116146699999999,2.98254354,337.5
2026-08-02T00:10:52.817+00:00,1785629450637,62843.11,62853.11,1785629450959,62914.55,62914.5,62914.6,0.56745717,2.63486081,0.7116146699999999,2.98241798,347.9
2026-08-02T00:10:55.174+00:00,1785629452737,62858.94,62868.94,1785629453309,62924.850000000006,62924.8,62924.9,1.63655103,0.04058677,2.6807811999999998,0.04121582000000001,354.9
2026-08-02T00:10:57.505+00:00,1785629454831,62863.12,62873.12,1785629455659,62927.850000000006,62927.8,62927.9,2.39291928,0.04309778,3.1141478400000007,0.05341307,330.0
2026-08-02T00:10:59.866+00:00,1785629457697,62872.58,62882.58,1785629458009,62947.25,62947.2,62947.3,0.50622923,2.38077187,0.6743522499999999,4.01840637,347.5
2026-08-02T00:11:02.221+00:00,1785629459576,62875.3,62885.3,1785629460359,62947.25,62947.2,62947.3,0.93601778,0.77531762,1.17203386,3.74789259,349.5
2026-08-02T00:11:04.566+00:00,1785629461643,62877.06,62887.06,1785629462709,62947.25,62947.2,62947.3,0.93601778,0.76391536,1.17293119,2.5223762699999996,342.9
2026-08-02T00:11:06.917+00:00,1785629464508,62870.08,62880.08,1785629465059,62937.25,62937.2,62937.3,0.65227054,1.67175565,1.20671052,3.0416423800000003,347.0
2026-08-02T00:11:09.275+00:00,1785629467354,62867.72,62877.72,1785629467409,62937.25,62937.2,62937.3,0.58481657,2.11540893,0.86573082,2.93211968,355.7
2026-08-02T00:11:11.616+00:00,1785629469453,62867.31,62877.31,1785629469759,62937.25,62937.2,62937.3,0.43927745,2.26341043,0.6397795700000001,2.88802787,339.0
2026-08-02T00:11:13.970+00:00,1785629471583,62870.25,62880.25,1785629472109,62937.25,62937.2,62937.3,0.61639223,2.26090491,0.64277571,2.88552235,345.4
2026-08-02T00:11:16.319+00:00,1785629473704,62866.34,62876.34,1785629474459,62937.25,62937.2,62937.3,0.84729223,2.15055677,0.87367571,2.81012566,347.0
2026-08-02T00:11:18.661+00:00,1785629475774,62866.88,62876.88,1785629476809,62938.75,62938.7,62938.8,1.1420319,0.75194997,1.37073144,1.59701616,340.9
2026-08-02T00:11:21.005+00:00,1785629479124,62865.1,62875.1,1785629479159,62938.75,62938.7,62938.8,0.8063086,1.35842806,1.04600213,2.42453685,329.5
2026-08-02T00:11:23.363+00:00,1785629481166,62865.11,62875.11,1785629481509,62938.75,62938.7,62938.8,0.8063086,1.35842806,1.04600213,2.42453685,342.4
2026-08-02T00:11:25.721+00:00,1785629483106,62862.32,62872.32,1785629483859,62933.350000000006,62933.3,62933.4,0.87981173,1.99832022,1.16169214,2.5757448600000004,352.1
2026-08-02T00:11:28.068+00:00,1785629486173,62867.13,62877.13,1785629486209,62933.350000000006,62933.3,62933.4,0.84116711,1.99832022,1.07403152,2.5757448600000004,345.1
2026-08-02T00:11:30.418+00:00,1785629488426,62865.3,62875.3,1785629488559,62933.350000000006,62933.3,62933.4,0.87446711,1.99832022,1.1246326,2.5757448600000004,347.8
2026-08-02T00:11:32.765+00:00,1785629490545,62889.0,62899.0,1785629490909,62953.45,62953.4,62953.5,0.9344008,0.59105365,1.41977342,1.0488690999999999,343.4
2026-08-02T00:11:35.120+00:00,1785629492995,62917.02,62927.02,1785629493259,62974.95,62974.9,62975.0,1.03647153,0.58266935,1.0784187600000001,0.5832953799999999,346.9
2026-08-02T00:11:37.472+00:00,1785629494895,62904.69,62914.69,1785629495609,62972.45,62972.4,62972.5,0.58129839,1.23563236,0.9398179900000001,2.0959331,348.0
2026-08-02T00:11:39.819+00:00,1785629496973,62909.63,62919.63,1785629497959,62972.45,62972.4,62972.5,0.58100483,1.23563236,1.0831534900000002,1.28912724,345.4
2026-08-02T00:11:42.171+00:00,1785629500085,62905.59,62915.59,1785629500309,62972.45,62972.4,62972.5,0.57782572,1.23563236,0.7676612700000001,1.28912724,347.6
2026-08-02T00:11:44.530+00:00,1785629502605,62899.81,62909.81,1785629502659,62969.25,62969.2,62969.3,0.49615769,1.23157911,0.7374016600000001,1.41604845,357.4
2026-08-02T00:11:46.876+00:00,1785629503614,62897.23,62907.23,1785629505009,62969.25,62969.2,62969.3,0.8694448,0.20221142,1.1106887699999999,0.52831552,344.3
2026-08-02T00:11:49.220+00:00,1785629506691,62899.41,62909.41,1785629507359,62969.25,62969.2,62969.3,0.8694448,0.44765923,1.1106887699999999,0.77377678,337.3
2026-08-02T00:11:51.568+00:00,1785629508723,62897.32,62907.32,1785629509709,62969.25,62969.2,62969.3,0.8694448,0.37186884,1.1106887699999999,0.7458378699999999,347.1
2026-08-02T00:11:53.918+00:00,1785629511800,62897.4,62907.4,1785629512059,62969.25,62969.2,62969.3,0.86944476,0.73124276,1.1106887299999997,1.05735162,342.4
2026-08-02T00:11:56.268+00:00,1785629514225,62887.81,62897.81,1785629514409,62960.45,62960.4,62960.5,0.87989162,1.4335931,1.06701461,1.74426207,347.3
2026-08-02T00:11:58.621+00:00,1785629516464,62887.99,62897.99,1785629516759,62960.45,62960.4,62960.5,0.86761189,1.4335931,1.0385643800000002,1.75572664,350.5
2026-08-02T00:12:00.975+00:00,1785629518506,62891.59,62901.59,1785629519109,62960.45,62960.4,62960.5,0.87989162,1.4335931,1.0508440900000002,1.74786325,352.7
2026-08-02T00:12:03.325+00:00,1785629520627,62888.44,62898.44,1785629521459,62960.45,62960.4,62960.5,0.64430016,1.43628916,0.98653162,1.7204656600000003,349.1
2026-08-02T00:12:05.664+00:00,1785629522776,62888.99,62898.99,1785629523809,62960.45,62960.4,62960.5,0.63715744,1.43581268,0.87523302,1.7199891800000002,336.9
2026-08-02T00:12:08.021+00:00,1785629525485,62888.08,62898.08,1785629526159,62958.149999999994,62958.1,62958.2,1.17856359,1.24940091,1.42628754,1.27753766,349.4
2026-08-02T00:12:10.371+00:00,1785629528380,62892.61,62902.61,1785629528509,62963.25,62963.2,62963.3,1.69863003,0.93917622,2.64730534,1.19880766,346.5
2026-08-02T00:12:12.720+00:00,1785629530464,62899.2,62909.2,1785629530859,62963.25,62963.2,62963.3,1.22877138,1.25922622,1.5798323199999997,1.47128862,347.5
2026-08-02T00:12:15.070+00:00,1785629532614,62901.88,62911.88,1785629533209,62966.45,62966.4,62966.5,1.1064004,0.41738023,1.62298093,0.47809452,348.4
2026-08-02T00:12:17.420+00:00,1785629535428,62888.15,62898.15,1785629535559,62963.350000000006,62963.3,62963.4,0.08259202,3.16317795,0.09605150000000001,3.25471155,347.5
2026-08-02T00:12:19.775+00:00,1785629537674,62888.25,62898.25,1785629537909,62963.350000000006,62963.3,62963.4,0.08311923,1.77597613,0.53788233,1.93957049,351.1
2026-08-02T00:12:22.110+00:00,1785629539897,62888.49,62898.49,1785629540259,62963.350000000006,62963.3,62963.4,0.08311923,1.77597613,0.46454698999999994,2.1130862099999996,333.5
2026-08-02T00:12:24.474+00:00,1785629541947,62888.37,62898.37,1785629542609,62960.25,62960.2,62960.3,0.534333,3.32950664,0.71398981,3.80889673,349.0
2026-08-02T00:12:27.267+00:00,1785629544836,62879.42,62889.42,1785629545409,62953.55,62953.5,62953.6,0.5322201,1.40868746,0.7117465399999999,1.80991225,791.0
2026-08-02T00:12:29.621+00:00,1785629546853,62879.39,62889.39,1785629547759,62950.25,62950.2,62950.3,0.02813118,2.49795697,0.02829886,5.413705579999999,348.2
2026-08-02T00:12:31.972+00:00,1785629549986,62874.8,62884.8,1785629550109,62947.25,62947.2,62947.3,0.72772928,2.12811886,0.91057739,3.2371617999999995,349.8
2026-08-02T00:12:34.324+00:00,1785629552083,62882.88,62892.88,1785629552459,62947.25,62947.2,62947.3,0.72772928,2.12811886,0.91057739,3.2371617999999995,349.8
2026-08-02T00:12:36.663+00:00,1785629554096,62877.07,62887.07,1785629554809,62947.25,62947.2,62947.3,0.72772928,2.12811886,0.91057737,3.2371617999999995,337.8
2026-08-02T00:12:39.015+00:00,1785629556736,62867.52,62877.52,1785629557159,62938.350000000006,62938.3,62938.4,0.65056888,2.48919135,0.7032324200000001,3.61718901,341.7
2026-08-02T00:12:41.376+00:00,1785629559468,62898.91,62908.91,1785629559509,62970.75,62970.7,62970.8,0.26000136,1.53264627,1.3372622,1.5998515,353.6
2026-08-02T00:12:43.720+00:00,1785629561097,62900.21,62910.21,1785629561859,62970.649999999994,62970.6,62970.7,0.05445257,1.67898304,0.87542526,3.1435362300000005,342.3
2026-08-02T00:12:46.064+00:00,1785629563184,62900.09,62910.09,1785629564209,62970.649999999994,62970.6,62970.7,0.05263578,1.67898304,0.30282521,3.1435362300000005,341.5
2026-08-02T00:12:48.425+00:00,1785629566097,62893.94,62903.94,1785629566559,62968.350000000006,62968.3,62968.4,0.05364151,2.40819423,0.89434677,2.9911634800000004,351.3
2026-08-02T00:12:50.770+00:00,1785629568159,62893.97,62903.97,1785629568909,62968.350000000006,62968.3,62968.4,0.49889757,2.08504901,1.3275583499999999,2.4759395900000003,343.8
2026-08-02T00:12:53.122+00:00,1785629570270,62894.0,62904.0,1785629571259,62968.350000000006,62968.3,62968.4,0.08600825,2.07873552,0.95495932,2.4696261,349.2
2026-08-02T00:12:55.470+00:00,1785629572654,62896.49,62906.49,1785629573609,62967.95,62967.9,62968.0,0.07546297,1.79834887,0.90158217,2.8168194700000004,345.6
2026-08-02T00:12:57.821+00:00,1785629575865,62898.4,62908.4,1785629575959,62967.95,62967.9,62968.0,0.12396897,1.60294792,0.95008817,2.27486092,345.7
2026-08-02T00:13:00.170+00:00,1785629577894,62902.02,62912.02,1785629578309,62967.95,62967.9,62968.0,0.12396897,1.60294792,0.35149018000000004,2.27486092,347.2
2026-08-02T00:13:02.523+00:00,1785629580372,62900.57,62910.57,1785629580659,62967.95,62967.9,62968.0,0.11486897,1.60294792,0.34239018000000004,2.27486092,350.5
2026-08-02T00:13:04.884+00:00,1785629582693,62901.77,62911.77,1785629583009,62967.95,62967.9,62968.0,0.08307551,1.59977462,0.31059672000000005,2.2716876200000002,357.4
2026-08-02T00:13:07.225+00:00,1785629584875,62898.67,62908.67,1785629585359,62967.95,62967.9,62968.0,0.07480898,1.59977462,0.30233019,2.4552679200000003,338.1
2026-08-02T00:13:09.570+00:00,1785629587014,62898.7,62908.7,1785629587709,62967.95,62967.9,62968.0,0.0015101,1.59723494,0.25684603999999994,2.4527282400000003,343.0
2026-08-02T00:13:11.912+00:00,1785629589332,62899.88,62909.88,1785629590059,62967.95,62967.9,62968.0,0.0015101,2.99290158,0.25684603999999994,3.84839488,336.3
2026-08-02T00:13:14.273+00:00,1785629591374,62898.77,62908.77,1785629592409,62967.95,62967.9,62968.0,0.0015101,2.99290158,0.2710555,3.84839488,349.0
2026-08-02T00:13:16.622+00:00,1785629594504,62899.14,62909.14,1785629594759,62967.95,62967.9,62968.0,0.07380377,2.99290158,0.34334917,3.84839488,347.9
2026-08-02T00:13:18.970+00:00,1785629596593,62898.84,62908.84,1785629597109,62967.95,62967.9,62968.0,0.03324582,2.99451207,0.30279122,3.85000537,345.3
2026-08-02T00:13:21.319+00:00,1785629598654,62899.89,62909.89,1785629599459,62967.95,62967.9,62968.0,0.04195263,2.99427386,0.31149803,3.84976716,344.6
2026-08-02T00:13:23.673+00:00,1785629601695,62900.09,62910.09,1785629601809,62967.95,62967.9,62968.0,0.04195263,2.99427386,0.31149803,3.66620043,350.5
2026-08-02T00:13:26.025+00:00,1785629603823,62899.56,62909.56,1785629604159,62967.95,62967.9,62968.0,0.08284587,2.99427386,0.35239127,3.66620043,349.4
2026-08-02T00:13:28.373+00:00,1785629605853,62898.94,62908.94,1785629606509,62967.95,62967.9,62968.0,0.07374587,2.78509486,0.34329127,3.77383825,345.7
2026-08-02T00:13:30.724+00:00,1785629608444,62899.75,62909.75,1785629608859,62967.95,62967.9,62968.0,0.11264587,2.78509486,0.38219126999999997,3.77383825,350.4
2026-08-02T00:13:33.063+00:00,1785629610497,62899.0,62909.0,1785629611209,62967.95,62967.9,62968.0,0.11248587,2.78509486,0.3697855,3.77383825,335.1
2026-08-02T00:13:35.424+00:00,1785629612545,62901.73,62911.73,1785629613559,62967.95,62967.9,62968.0,0.11248587,2.78509486,0.3697855,3.77383825,351.0
2026-08-02T00:13:37.770+00:00,1785629615610,62902.13,62912.13,1785629615909,62967.95,62967.9,62968.0,0.08268587,2.78608415,0.3399855,3.7748275400000004,344.7
2026-08-02T00:13:40.122+00:00,1785629617690,62900.92,62910.92,1785629618259,62967.95,62967.9,62968.0,0.60251616,2.78608415,0.8598157899999999,3.7748275400000004,347.3
2026-08-02T00:13:42.475+00:00,1785629619737,62905.25,62915.25,1785629620609,62967.95,62967.9,62968.0,0.6047715,2.6235083,0.8620711299999999,3.61225169,350.7
2026-08-02T00:13:44.823+00:00,1785629621822,62899.1,62909.1,1785629622959,62967.95,62967.9,62968.0,0.60672878,2.6234583,0.86402841,3.61220169,345.4
2026-08-02T00:13:47.176+00:00,1785629625033,62899.7,62909.7,1785629625309,62967.95,62967.9,62968.0,0.60672878,2.6234583,0.86402841,4.25756873,350.7
2026-08-02T00:13:49.524+00:00,1785629627160,62899.16,62909.16,1785629627659,62967.95,62967.9,62968.0,0.46829273,2.49634627,0.7255923599999999,4.13045767,346.5
2026-08-02T00:13:51.876+00:00,1785629629495,62900.55,62910.55,1785629630009,62967.95,62967.9,62968.0,0.24944807,2.49634627,0.5067476999999999,3.5241486799999997,348.9
2026-08-02T00:13:54.224+00:00,1785629631563,62900.9,62910.9,1785629632359,62967.95,62967.9,62968.0,0.07371386,2.49634627,0.33101141,2.717827,345.7
2026-08-02T00:13:56.580+00:00,1785629633703,62901.55,62911.55,1785629634709,62967.95,62967.9,62968.0,0.03481386,2.49634627,0.29211139,2.717827,352.7
2026-08-02T00:13:58.926+00:00,1785629636765,62901.79,62911.79,1785629637059,62967.95,62967.9,62968.0,0.03481386,2.49634627,0.29211139,2.717827,342.6
2026-08-02T00:14:01.274+00:00,1785629638828,62900.76,62910.76,1785629639409,62967.95,62967.9,62968.0,0.04391386,2.49634627,0.30121139,2.717827,346.4
2026-08-02T00:14:03.624+00:00,1785629640839,62899.95,62909.95,1785629641759,62967.95,62967.9,62968.0,0.03601386,2.49634627,0.29331139,3.5241486799999997,347.2
2026-08-02T00:14:05.983+00:00,1785629643844,62900.4,62910.4,1785629644109,62967.95,62967.9,62968.0,0.04391386,2.49629863,0.30121139,3.5241010399999997,356.6
2026-08-02T00:14:08.327+00:00,1785629645958,62899.37,62909.37,1785629646459,62967.95,62967.9,62968.0,0.07371386,2.49419574,0.33101139,3.52199815,343.1
2026-08-02T00:14:10.677+00:00,1785629648018,62899.39,62909.39,1785629648809,62967.95,62967.9,62968.0,0.37105476,2.49419574,0.62835229,3.52199815,347.8
2026-08-02T00:14:13.012+00:00,1785629650252,62899.83,62909.83,1785629651159,62967.95,62967.9,62968.0,0.0511101,2.49419574,0.30840763,3.52199815,333.7
2026-08-02T00:14:15.376+00:00,1785629652773,62888.74,62898.74,1785629653509,62958.25,62958.2,62958.3,0.72259363,0.8409611,0.9466826800000001,2.38286034,348.7
2026-08-02T00:14:17.727+00:00,1785629654857,62889.99,62899.99,1785629655859,62958.25,62958.2,62958.3,0.69048416,0.84044242,1.0105735500000002,1.4153960100000003,346.1
2026-08-02T00:14:20.073+00:00,1785629658116,62887.38,62897.38,1785629658209,62958.25,62958.2,62958.3,0.13813835,2.05981259,0.20089849,2.31008398,344.5
2026-08-02T00:14:22.422+00:00,1785629660381,62884.53,62894.53,1785629660559,62958.25,62958.2,62958.3,0.14723835,2.14006288,0.20999849,2.39033427,346.1
2026-08-02T00:14:24.767+00:00,1785629662858,62882.55,62892.55,1785629662909,62951.149999999994,62951.1,62951.2,0.05264902,2.43435012,0.2369064,3.8054409499999995,340.7
2026-08-02T00:14:27.117+00:00,1785629664696,62874.91,62884.91,1785629665259,62944.350000000006,62944.3,62944.4,0.04200808,1.81417716,0.24104108,2.20477718,340.9
2026-08-02T00:14:29.478+00:00,1785629666623,62873.79,62883.79,1785629667609,62944.350000000006,62944.3,62944.4,0.53697332,1.46418114,0.67706583,1.7070019300000001,352.1
2026-08-02T00:14:31.814+00:00,1785629668774,62874.39,62884.39,1785629669959,62944.350000000006,62944.3,62944.4,0.53675923,1.46418114,0.7159724600000001,1.7070019300000001,332.4
2026-08-02T00:14:34.169+00:00,1785629671224,62875.91,62885.91,1785629672309,62944.350000000006,62944.3,62944.4,0.07991216,1.63288114,0.25912539,1.6901088800000001,343.8
2026-08-02T00:14:36.524+00:00,1785629673626,62879.49,62889.49,1785629674659,62941.350000000006,62941.3,62941.4,0.51264125,1.74381115,0.7411065,1.8137303,343.6
2026-08-02T00:14:38.884+00:00,1785629676720,62877.41,62887.41,1785629677009,62941.350000000006,62941.3,62941.4,0.08960458,1.74481162,0.31806983,1.9339473999999999,357.0
2026-08-02T00:14:41.222+00:00,1785629679146,62858.07,62868.07,1785629679359,62928.350000000006,62928.3,62928.4,1.04808805,0.38604433,1.3706635100000002,0.62658898,335.2
2026-08-02T00:14:43.573+00:00,1785629681496,62864.86,62874.86,1785629681709,62928.350000000006,62928.3,62928.4,0.88790394,0.53852067,1.1158336199999999,0.79257492,343.9
2026-08-02T00:14:45.933+00:00,1785629683895,62863.42,62873.42,1785629684059,62928.350000000006,62928.3,62928.4,0.84869107,0.53852067,0.9963527999999999,0.79257492,357.4
2026-08-02T00:14:48.271+00:00,1785629686197,62860.1,62870.1,1785629686409,62928.350000000006,62928.3,62928.4,0.57096131,1.69436584,0.62053638,1.93553143,336.1
2026-08-02T00:14:50.626+00:00,1785629688718,62863.69,62873.69,1785629688759,62928.350000000006,62928.3,62928.4,0.54177948,1.69436584,0.5913545499999999,1.97550975,346.7
2026-08-02T00:14:52.977+00:00,1785629689790,62865.22,62875.22,1785629691109,62928.350000000006,62928.3,62928.4,0.54386436,1.69436584,0.59343943,1.97550975,348.4
2026-08-02T00:14:55.375+00:00,1785629693023,62859.6,62869.6,1785629693509,62928.350000000006,62928.3,62928.4,0.54761887,1.69436584,0.55714362,1.97550975,395.0
2026-08-02T00:14:57.725+00:00,1785629695218,62865.38,62875.38,1785629695859,62928.350000000006,62928.3,62928.4,0.54996436,1.69436584,0.5995394199999999,1.97550975,348.6
2026-08-02T00:15:00.076+00:00,1785629697339,62868.58,62878.58,1785629698209,62928.350000000006,62928.3,62928.4,0.22235826,1.69436584,0.27193332,1.97550975,348.0
2026-08-02T00:15:02.419+00:00,1785629700427,62867.32,62877.32,1785629700559,62928.350000000006,62928.3,62928.4,0.55294314,1.69436584,0.6025181999999999,1.97550975,340.7
2026-08-02T00:15:04.774+00:00,1785629702489,62864.84,62874.84,1785629702909,62928.350000000006,62928.3,62928.4,0.55346436,1.69436584,0.6030394199999999,1.97550975,345.0
2026-08-02T00:15:07.121+00:00,1785629704606,62865.38,62875.38,1785629705259,62928.350000000006,62928.3,62928.4,0.72184582,1.69436584,0.7714208799999999,2.06118974,344.5
2026-08-02T00:15:09.474+00:00,1785629706650,62863.55,62873.55,1785629707609,62928.350000000006,62928.3,62928.4,0.72184582,1.54025296,0.7714208799999999,1.90707686,347.6
2026-08-02T00:15:11.828+00:00,1785629709754,62866.18,62876.18,1785629709959,62928.350000000006,62928.3,62928.4,0.72184582,1.54025296,0.7714208799999999,1.90707686,350.9
2026-08-02T00:15:14.172+00:00,1785629712196,62868.13,62878.13,1785629712309,62928.350000000006,62928.3,62928.4,0.72184582,1.54025296,0.7714208799999999,1.90707686,342.6
2026-08-02T00:15:16.567+00:00,1785629713273,62866.38,62876.38,1785629714709,62928.350000000006,62928.3,62928.4,0.53857531,1.54025296,0.5881503699999999,1.90707686,389.6
2026-08-02T00:15:18.927+00:00,1785629716964,62866.04,62876.04,1785629717059,62928.350000000006,62928.3,62928.4,0.70627528,1.54115566,0.7558685299999999,1.9079795600000002,349.6
2026-08-02T00:15:21.279+00:00,1785629719130,62868.0,62878.0,1785629719409,62928.350000000006,62928.3,62928.4,0.69963299,1.54008511,0.7492262399999999,1.9069090100000001,350.4
2026-08-02T00:15:23.628+00:00,1785629721184,62869.74,62879.74,1785629721759,62928.350000000006,62928.3,62928.4,0.52183299,1.54008511,0.57142624,2.08293161,347.7
2026-08-02T00:15:25.975+00:00,1785629723423,62870.4,62880.4,1785629724109,62928.350000000006,62928.3,62928.4,0.51565116,1.54008511,0.5652444099999999,2.08293161,344.2
2026-08-02T00:15:28.326+00:00,1785629725580,62870.58,62880.58,1785629726459,62928.350000000006,62928.3,62928.4,0.68325854,1.54083557,0.8281847199999999,2.08368207,346.8
2026-08-02T00:15:30.679+00:00,1785629727688,62868.95,62878.95,1785629728809,62928.350000000006,62928.3,62928.4,0.60535549,1.54083557,0.7502816699999999,2.08368207,349.8
2026-08-02T00:15:33.020+00:00,1785629731083,62867.49,62877.49,1785629731159,62928.350000000006,62928.3,62928.4,0.60665854,1.54083557,0.7515847199999999,2.08368207,338.7
2026-08-02T00:15:35.379+00:00,1785629733286,62864.98,62874.98,1785629733509,62928.350000000006,62928.3,62928.4,0.60665854,1.54042241,0.7515847199999999,2.08326891,350.6
2026-08-02T00:15:37.720+00:00,1785629735625,62867.15,62877.15,1785629735859,62931.55,62931.5,62931.6,1.87581556,0.01896954,2.5525903999999997,1.35164075,338.7
2026-08-02T00:15:40.072+00:00,1785629736675,62867.14,62877.14,1785629738209,62931.55,62931.5,62931.6,1.71400558,0.21797762,2.12059051,0.6445124799999999,341.4
2026-08-02T00:15:42.430+00:00,1785629739930,62869.83,62879.83,1785629740559,62931.55,62931.5,62931.6,1.66108955,0.36420633,2.09814949,0.57717279,353.1
2026-08-02T00:15:44.782+00:00,1785629742062,62867.84,62877.84,1785629742909,62931.55,62931.5,62931.6,1.66108955,0.37649751,2.06767448,0.76946397,350.5
2026-08-02T00:15:47.127+00:00,1785629743094,62867.11,62877.11,1785629745259,62931.55,62931.5,62931.6,1.55073255,0.54899788,1.9573174800000002,0.81142903,343.6
2026-08-02T00:15:49.470+00:00,1785629747040,62858.38,62868.38,1785629747609,62926.850000000006,62926.8,62926.9,0.52361887,1.56151581,0.6989093399999999,2.2150779700000003,341.2
2026-08-02T00:15:51.816+00:00,1785629749216,62859.57,62869.57,1785629749959,62926.850000000006,62926.8,62926.9,0.47186363,1.56151581,0.6872376299999999,2.2150779700000003,332.9
2026-08-02T00:15:54.180+00:00,1785629751310,62859.09,62869.09,1785629752309,62926.850000000006,62926.8,62926.9,0.47328485,1.39281581,0.6886588499999999,2.04637797,348.1
2026-08-02T00:15:56.528+00:00,1785629754355,62860.23,62870.23,1785629754659,62926.850000000006,62926.8,62926.9,0.47406668,1.56186566,0.6894406799999999,2.5460542999999998,345.2
2026-08-02T00:15:58.883+00:00,1785629756784,62861.53,62871.53,1785629757009,62926.850000000006,62926.8,62926.9,0.47557835,1.56186566,0.6909523499999999,1.9114138999999999,352.3
2026-08-02T00:16:01.222+00:00,1785629758813,62862.15,62872.15,1785629759359,62926.850000000006,62926.8,62926.9,0.47662079,1.91078933,0.69199479,2.26033757,335.4
2026-08-02T00:16:03.580+00:00,1785629761053,62858.32,62868.32,1785629761709,62926.850000000006,62926.8,62926.9,0.47585342,1.90595515,0.6912274199999999,2.25550339,349.2
2026-08-02T00:16:05.927+00:00,1785629763363,62859.24,62869.24,1785629764059,62926.850000000006,62926.8,62926.9,0.71133732,1.37489461,0.88662779,1.42995379,346.2
2026-08-02T00:16:08.278+00:00,1785629766366,62858.58,62868.58,1785629766409,62926.850000000006,62926.8,62926.9,0.71133732,1.37485079,0.88662779,1.42990997,349.8
2026-08-02T00:16:10.632+00:00,1785629768387,62858.29,62868.29,1785629768759,62926.850000000006,62926.8,62926.9,0.71133732,1.37469188,0.88662779,1.42975106,352.1
2026-08-02T00:16:12.970+00:00,1785629770396,62858.29,62868.29,1785629771109,62926.850000000006,62926.8,62926.9,0.5166924,1.3744996,0.69198287,1.6020371,336.9
2026-08-02T00:16:15.379+00:00,1785629770396,62858.29,62868.29,1785629773509,62926.850000000006,62926.8,62926.9,0.45370887,1.54280208,0.6289993399999999,1.77033958,397.3
2026-08-02T00:16:17.730+00:00,1785629774752,62864.44,62874.44,1785629775859,62926.850000000006,62926.8,62926.9,0.45370887,1.54380255,0.6690828699999999,1.81142358,347.0
2026-08-02T00:16:20.081+00:00,1785629777954,62863.19,62873.19,1785629778209,62926.850000000006,62926.8,62926.9,0.64910924,1.37489279,0.86448324,1.6024303000000002,349.5
2026-08-02T00:16:22.418+00:00,1785629780170,62863.16,62873.16,1785629780559,62926.850000000006,62926.8,62926.9,0.64892565,1.37489279,0.86429965,1.6024303000000002,332.4
2026-08-02T00:16:24.767+00:00,1785629782423,62861.35,62871.35,1785629782909,62926.850000000006,62926.8,62926.9,0.6487161,1.37489279,0.8640901,1.6024303000000002,333.1
2026-08-02T00:16:27.127+00:00,1785629784503,62858.33,62868.33,1785629785259,62926.850000000006,62926.8,62926.9,0.8174161,0.75881779,1.0970550000000001,0.8054452400000001,347.0
2026-08-02T00:16:29.483+00:00,1785629787573,62860.68,62870.68,1785629787609,62926.850000000006,62926.8,62926.9,0.82081432,0.75844435,1.11973677,0.8614565000000001,352.3
2026-08-02T00:16:31.828+00:00,1785629789633,62859.91,62869.91,1785629789959,62926.850000000006,62926.8,62926.9,0.82081432,0.75844435,1.11973677,0.8614565000000001,343.6
2026-08-02T00:16:41.177+00:00,1785629798313,62858.63,62868.63,1785629799309,62926.850000000006,62926.8,62926.9,0.47937736,0.8485562,0.6947513599999999,1.4132347799999998,348.4
2026-08-02T00:16:43.526+00:00,1785629801514,62862.28,62872.28,1785629801659,62926.850000000006,62926.8,62926.9,0.47937736,0.84852439,0.6947513599999999,1.41320297,344.7
2026-08-02T00:16:45.923+00:00,1785629803593,62860.5,62870.5,1785629804059,62926.850000000006,62926.8,62926.9,0.81069405,0.84852439,1.0260680500000003,1.27295494,393.3
2026-08-02T00:16:48.280+00:00,1785629805791,62863.57,62873.57,1785629806409,62926.850000000006,62926.8,62926.9,0.81069405,0.84634513,1.0260680500000003,1.04618677,347.2
2026-08-02T00:16:50.630+00:00,1785629807972,62862.84,62872.84,1785629808759,62926.850000000006,62926.8,62926.9,0.79420914,0.80536029,1.07544643,1.00526798,348.9
2026-08-02T00:16:52.982+00:00,1785629810302,62864.99,62874.99,1785629811109,62926.850000000006,62926.8,62926.9,0.99593946,0.3538853,1.24573102,0.35483548,349.9
2026-08-02T00:16:55.332+00:00,1785629813428,62867.76,62877.76,1785629813459,62926.850000000006,62926.8,62926.9,0.98114636,0.35474569,1.23390944,0.5135609299999999,348.9
2026-08-02T00:16:57.673+00:00,1785629815564,62867.96,62877.96,1785629815809,62926.850000000006,62926.8,62926.9,0.98114636,0.35474569,1.23390944,0.5135609299999999,338.0
2026-08-02T00:17:00.025+00:00,1785629817673,62873.73,62883.73,1785629818159,62930.25,62930.2,62930.3,1.55032965,0.39828426,1.7196281999999998,0.51334583,346.1
2026-08-02T00:17:02.378+00:00,1785629819893,62873.38,62883.38,1785629820509,62930.25,62930.2,62930.3,1.55032965,0.57078463,1.7517598199999997,0.7326024800000001,346.7
2026-08-02T00:17:04.730+00:00,1785629821913,62870.3,62880.3,1785629822859,62930.25,62930.2,62930.3,1.38345392,0.57078463,1.5749002499999998,0.94092284,348.2
2026-08-02T00:17:07.079+00:00,1785629824653,62870.69,62880.69,1785629825209,62930.25,62930.2,62930.3,1.38363769,0.57078463,1.5750840199999998,0.9982857900000001,347.1
2026-08-02T00:17:09.429+00:00,1785629826954,62870.26,62880.26,1785629827559,62930.25,62930.2,62930.3,1.38363769,0.57078463,1.5750840199999998,0.94092284,348.0
2026-08-02T00:17:11.782+00:00,1785629829396,62868.16,62878.16,1785629829909,62930.25,62930.2,62930.3,1.38363769,0.57078463,1.51508402,0.8387178200000001,350.1
2026-08-02T00:17:14.129+00:00,1785629831654,62864.11,62874.11,1785629832259,62930.25,62930.2,62930.3,1.38363769,0.57078463,1.51508402,0.84070976,343.6
2026-08-02T00:17:16.479+00:00,1785629833674,62864.8,62874.8,1785629834609,62930.25,62930.2,62930.3,1.38363769,0.57078463,1.51508402,0.84070976,337.8
2026-08-02T00:17:18.774+00:00,1785629835953,62862.07,62872.07,1785629836909,62930.25,62930.2,62930.3,1.38363769,0.57068263,1.51508402,0.8854226900000001,294.1
2026-08-02T00:17:21.132+00:00,1785629839094,62863.04,62873.04,1785629839259,62930.25,62930.2,62930.3,1.34473769,0.57068263,1.47618315,0.78046923,349.0
2026-08-02T00:17:23.483+00:00,1785629841354,62861.65,62871.65,1785629841609,62930.25,62930.2,62930.3,1.51343769,0.57068263,1.64556672,0.74131865,349.8
2026-08-02T00:17:26.481+00:00,1785629843839,62861.83,62871.83,1785629844609,62930.25,62930.2,62930.3,1.51343769,0.57068263,1.5735378199999999,0.83937885,352.7
2026-08-02T00:17:29.126+00:00,1785629847012,62862.66,62872.66,1785629847259,62930.25,62930.2,62930.3,1.34478981,0.71608866,1.40488994,0.9847848800000001,313.3
2026-08-02T00:17:34.280+00:00,1785629851267,62861.38,62871.38,1785629852409,62930.25,62930.2,62930.3,1.51348981,0.56533481,1.57358994,0.8340310400000001,357.1
2026-08-02T00:17:36.634+00:00,1785629853564,62861.24,62871.24,1785629854759,62930.25,62930.2,62930.3,1.51348981,0.54912641,1.57358994,0.81782264,352.6
2026-08-02T00:17:55.282+00:00,1785629873017,62867.17,62877.17,1785629873409,62930.25,62930.2,62930.3,1.32180835,0.63320241,1.38190763,0.8299357399999999,307.3
2026-08-02T00:18:20.231+00:00,1785629898319,62863.88,62873.88,1785629898359,62930.25,62930.2,62930.3,0.86233117,0.63180813,1.74628406,0.8627251100000001,361.3
2026-08-02T00:18:22.575+00:00,1785629900349,62864.15,62874.15,1785629900709,62930.25,62930.2,62930.3,0.88365701,0.63180813,1.7681968200000002,0.8627251100000001,339.3
2026-08-02T00:18:29.081+00:00,1785629906594,62861.25,62871.25,1785629907209,62930.25,62930.2,62930.3,0.85307943,0.74252319,1.70208176,0.97344017,342.1
2026-08-02T00:18:42.534+00:00,1785629919550,62863.34,62873.34,1785629920659,62930.25,62930.2,62930.3,0.85626065,0.73448728,1.0346661400000001,0.96540427,336.0
2026-08-02T00:18:46.184+00:00,1785629923895,62863.38,62873.38,1785629924309,62930.25,62930.2,62930.3,0.82565,0.74381473,1.00405549,0.97473172,352.3
2026-08-02T00:18:48.682+00:00,1785629925970,62866.24,62876.24,1785629926809,62930.25,62930.2,62930.3,0.82565,0.74281426,1.00405549,0.9737312499999999,353.6
2026-08-02T00:18:51.034+00:00,1785629928979,62862.31,62872.31,1785629929159,62930.25,62930.2,62930.3,0.02482615,1.94006003,0.03794311,3.51354864,347.0
2026-08-02T00:18:53.376+00:00,1785629931228,62860.2,62870.2,1785629931509,62923.45,62923.4,62923.5,0.63357032,1.77555796,0.78392323,2.09001749,339.7
2026-08-02T00:18:55.784+00:00,1785629933218,62858.25,62868.25,1785629933909,62923.45,62923.4,62923.5,0.57125949,2.24053746,0.73015935,2.55187505,397.7
2026-08-02T00:18:58.129+00:00,1785629935859,62859.94,62869.94,1785629936259,62923.45,62923.4,62923.5,0.57202522,2.24694227,0.8206261699999999,3.17007975,341.7
2026-08-02T00:19:00.481+00:00,1785629938177,62859.65,62869.65,1785629938609,62923.45,62923.4,62923.5,0.53696593,2.24694227,0.7826746600000001,2.56671777,348.0
2026-08-02T00:19:02.833+00:00,1785629940133,62853.02,62863.02,1785629940959,62923.45,62923.4,62923.5,0.53609781,2.24694227,0.78097365,2.42082221,345.9
2026-08-02T00:19:05.330+00:00,1785629942301,62854.66,62864.66,1785629943459,62923.45,62923.4,62923.5,0.53725842,2.24630658,0.7821342600000001,2.3905006400000004,362.6
2026-08-02T00:19:07.687+00:00,1785629945510,62853.84,62863.84,1785629945809,62923.45,62923.4,62923.5,0.53751903,2.24396565,0.7823948700000001,2.38815971,352.4
2026-08-02T00:19:10.032+00:00,1785629947673,62856.75,62866.75,1785629948159,62923.45,62923.4,62923.5,0.5378591,2.24396565,0.7827349400000001,2.38815971,342.8
2026-08-02T00:19:12.383+00:00,1785629949860,62850.96,62860.96,1785629950509,62923.45,62923.4,62923.5,0.53801971,2.2442957,0.7828955500000001,2.38848976,348.6
2026-08-02T00:19:14.733+00:00,1785629951888,62853.4,62863.4,1785629952859,62923.45,62923.4,62923.5,0.49751971,2.2442957,0.7423955499999999,2.38848976,348.0
2026-08-02T00:19:17.135+00:00,1785629955128,62854.91,62864.91,1785629955259,62923.45,62923.4,62923.5,0.53831967,1.8195867,0.7831955100000001,1.9637807600000001,399.3
2026-08-02T00:19:19.485+00:00,1785629957166,62855.75,62865.75,1785629957609,62923.45,62923.4,62923.5,0.56121967,1.8195867,0.8226983799999998,1.9637807600000001,347.1
2026-08-02T00:19:22.578+00:00,1785629960294,62858.72,62868.72,1785629960709,62923.45,62923.4,62923.5,0.53191486,1.81000343,0.7933935699999999,1.9541974900000003,368.8
2026-08-02T00:19:24.932+00:00,1785629962696,62856.66,62866.66,1785629963059,62923.45,62923.4,62923.5,0.53191486,1.81000343,0.7933935699999999,1.9541974900000003,344.4
2026-08-02T00:19:27.283+00:00,1785629964986,62855.49,62865.49,1785629965409,62923.45,62923.4,62923.5,0.55381523,1.48126535,0.8152939399999999,1.6254617900000001,349.0
2026-08-02T00:19:29.631+00:00,1785629967007,62855.53,62865.53,1785629967759,62923.45,62923.4,62923.5,0.53091523,1.48126535,0.79239394,1.6254617900000001,346.6
2026-08-02T00:19:31.985+00:00,1785629969230,62855.57,62865.57,1785629970109,62923.45,62923.4,62923.5,0.55381523,1.48126535,0.8152939399999999,1.6254617900000001,346.0
2026-08-02T00:19:34.337+00:00,1785629971871,62859.59,62869.59,1785629972459,62923.55,62923.5,62923.6,2.44879845,0.10021315,2.77848847,0.5069199799999999,348.4
2026-08-02T00:19:36.688+00:00,1785629973919,62865.16,62875.16,1785629974809,62923.55,62923.5,62923.6,2.28865545,0.10029282,2.61834547,0.43103065000000007,344.9
2026-08-02T00:19:39.038+00:00,1785629976359,62865.5,62875.5,1785629977159,62923.55,62923.5,62923.6,2.17660536,0.29714608,2.3985723699999997,0.7051289,337.8
2026-08-02T00:19:41.376+00:00,1785629979400,62862.57,62872.57,1785629979509,62923.55,62923.5,62923.6,2.17660536,0.29714608,2.3985723699999997,0.7051289,336.0
2026-08-02T00:19:43.736+00:00,1785629981736,62866.16,62876.16,1785629981859,62926.95,62926.9,62927.0,1.7116727,1.06817147,2.11489444,2.433283,351.7
2026-08-02T00:19:46.085+00:00,1785629983829,62869.12,62879.12,1785629984209,62926.95,62926.9,62927.0,1.6727727,1.06907147,2.05936952,2.4341829999999995,347.1
2026-08-02T00:19:48.427+00:00,1785629985972,62865.89,62875.89,1785629986559,62926.95,62926.9,62927.0,1.5269727,0.91403077,1.9135690500000002,2.2791423,338.6
2026-08-02T00:19:50.783+00:00,1785629988058,62865.8,62875.8,1785629988909,62926.95,62926.9,62927.0,1.52654883,0.91891581,1.9131451800000003,2.28402734,344.8
2026-08-02T00:19:53.139+00:00,1785629990269,62864.98,62874.98,1785629991259,62931.05,62931.0,62931.1,1.0334004,1.08185819,1.4636024900000002,1.47996996,350.6
2026-08-02T00:19:55.489+00:00,1785629993431,62864.29,62874.29,1785629993609,62931.05,62931.0,62931.1,0.5003403,1.99363255,0.77261897,2.3855102,348.7
2026-08-02T00:19:57.833+00:00,1785629995502,62865.55,62875.55,1785629995959,62929.25,62929.2,62929.3,0.51001164,2.51192121,0.655489,4.1086263700000005,342.3
2026-08-02T00:20:00.184+00:00,1785629997610,62862.77,62872.77,1785629998309,62929.25,62929.2,62929.3,0.51021567,2.51192121,0.65569303,4.1086263700000005,348.0
2026-08-02T00:20:02.535+00:00,1785629999917,62862.74,62872.74,1785630000659,62929.25,62929.2,62929.3,0.5100309,2.51192121,0.65550826,4.1086263700000005,348.3
2026-08-02T00:20:04.885+00:00,1785630002460,62862.19,62872.19,1785630003009,62929.25,62929.2,62929.3,0.5434784,2.51160525,0.68895576,4.1083104100000005,340.6
2026-08-02T00:20:07.234+00:00,1785630004549,62858.42,62868.42,1785630005359,62929.25,62929.2,62929.3,0.55010811,2.51160525,0.69558546,4.1083104100000005,343.8
2026-08-02T00:20:09.584+00:00,1785630007652,62858.38,62868.38,1785630007709,62927.05,62927.0,62927.1,0.61105572,2.5320194,0.78658043,4.07069199,347.6
2026-08-02T00:20:11.923+00:00,1785630009708,62858.36,62868.36,1785630010059,62927.05,62927.0,62927.1,0.61162448,2.5320194,0.7784922000000001,2.97619929,336.8
2026-08-02T00:20:14.282+00:00,1785630011738,62858.33,62868.33,1785630012409,62927.05,62927.0,62927.1,0.61274068,2.5317139,0.7796084000000001,2.97589379,341.9
2026-08-02T00:20:16.634+00:00,1785630012737,62858.32,62868.32,1785630014759,62927.05,62927.0,62927.1,0.61359382,2.53155499,0.78046154,2.97573441,343.6
2026-08-02T00:20:18.985+00:00,1785630016069,62860.36,62870.36,1785630017109,62927.05,62927.0,62927.1,0.61328863,2.53155499,0.78015635,2.97573441,348.5
2026-08-02T00:20:21.336+00:00,1785630019331,62863.36,62873.36,1785630019459,62927.05,62927.0,62927.1,0.61328863,2.49105499,0.78015635,2.9352344099999996,349.2
2026-08-02T00:20:23.688+00:00,1785630021351,62865.7,62875.7,1785630021809,62927.05,62927.0,62927.1,0.61328863,2.48792916,0.78015635,2.93210865,349.8
2026-08-02T00:20:26.037+00:00,1785630023469,62866.2,62876.2,1785630024159,62927.05,62927.0,62927.1,0.61328863,2.48792916,0.78015635,2.93210865,343.5
2026-08-02T00:20:28.387+00:00,1785630025902,62873.1,62883.1,1785630026509,62927.05,62927.0,62927.1,0.9953903,0.94850319,1.21995724,1.1540894800000001,348.5
2026-08-02T00:20:30.735+00:00,1785630028049,62870.9,62880.9,1785630028859,62927.05,62927.0,62927.1,1.0053903,0.94850319,1.2720094,1.1540894800000001,345.7
2026-08-02T00:20:33.099+00:00,1785630030334,62864.94,62874.94,1785630031209,62927.05,62927.0,62927.1,1.00496037,0.94660962,1.2715794700000003,1.15219591,361.3
2026-08-02T00:20:35.434+00:00,1785630032424,62864.87,62874.87,1785630033559,62927.05,62927.0,62927.1,1.17366037,0.92960356,1.5426104600000001,1.13518985,333.1
2026-08-02T00:20:37.787+00:00,1785630035619,62866.74,62876.74,1785630035909,62927.05,62927.0,62927.1,1.17204102,0.93065023,1.5409911100000002,1.03202842,349.7
2026-08-02T00:20:40.128+00:00,1785630037880,62868.03,62878.03,1785630038259,62927.05,62927.0,62927.1,1.17156749,0.92975023,1.54051758,0.97677494,338.5
2026-08-02T00:20:42.481+00:00,1785630040118,62866.99,62876.99,1785630040609,62927.05,62927.0,62927.1,1.16995773,0.92975023,1.53890782,1.02742753,342.9
2026-08-02T00:20:44.834+00:00,1785630042489,62861.17,62871.17,1785630042959,62927.05,62927.0,62927.1,1.16995773,0.93092129,1.5226775399999999,1.0285985899999999,345.6
2026-08-02T00:20:47.191+00:00,1785630044618,62861.04,62871.04,1785630045309,62927.05,62927.0,62927.1,1.00014964,0.7936406,1.2906232100000001,1.02321162,353.6
2026-08-02T00:20:49.532+00:00,1785630047222,62862.78,62872.78,1785630047659,62927.05,62927.0,62927.1,1.00014964,0.83372535,1.2906232100000001,1.06329637,339.7
2026-08-02T00:20:51.894+00:00,1785630049371,62860.12,62870.12,1785630050009,62927.05,62927.0,62927.1,1.16884964,0.59677052,1.4354687400000001,0.80311117,356.7
2026-08-02T00:20:54.235+00:00,1785630051408,62862.33,62872.33,1785630052359,62927.05,62927.0,62927.1,1.16884964,0.79841502,1.4354687400000001,0.89609149,339.8
2026-08-02T00:20:56.591+00:00,1785630054509,62863.14,62873.14,1785630054709,62927.05,62927.0,62927.1,1.16884964,0.79841502,1.4354687400000001,0.89609149,352.6
2026-08-02T00:20:58.938+00:00,1785630056618,62863.48,62873.48,1785630057059,62927.05,62927.0,62927.1,1.00014964,0.73047854,1.2268900100000002,0.82815501,345.2
2026-08-02T00:21:01.293+00:00,1785630058770,62862.38,62872.38,1785630059409,62927.05,62927.0,62927.1,0.99872905,0.73047854,1.22546942,0.82815501,354.0
2026-08-02T00:21:03.635+00:00,1785630060819,62860.98,62870.98,1785630061759,62927.05,62927.0,62927.1,0.99872905,0.73047854,1.22554712,0.8809928,339.7
2026-08-02T00:21:05.986+00:00,1785630063239,62862.69,62872.69,1785630064109,62927.05,62927.0,62927.1,0.99872905,0.72925491,1.22554716,1.04378616,348.7
2026-08-02T00:21:08.331+00:00,1785630065330,62864.69,62874.69,1785630066459,62927.05,62927.0,62927.1,0.99872905,0.72925491,1.22555291,1.04378616,342.4
2026-08-02T00:21:10.686+00:00,1785630068717,62859.83,62869.83,1785630068809,62927.05,62927.0,62927.1,0.99872905,0.72513,1.22555056,1.03966125,344.5
2026-08-02T00:21:13.038+00:00,1785630069772,62859.69,62869.69,1785630071159,62927.05,62927.0,62927.1,0.99872905,0.72507789,1.22555065,1.03725779,348.9
2026-08-02T00:21:15.388+00:00,1785630072938,62861.45,62871.45,1785630073509,62927.05,62927.0,62927.1,0.99872905,0.72507789,1.22555065,1.01845754,344.3
2026-08-02T00:21:17.725+00:00,1785630075337,62860.87,62870.87,1785630075859,62927.05,62927.0,62927.1,0.77357963,1.0624609,0.95089472,1.29089797,335.4
2026-08-02T00:21:20.080+00:00,1785630077509,62861.88,62871.88,1785630078209,62927.05,62927.0,62927.1,0.77317999,1.07197749,0.9812458900000001,1.30041456,338.6
2026-08-02T00:21:22.438+00:00,1785630079548,62862.04,62872.04,1785630080559,62927.05,62927.0,62927.1,0.77317999,0.8937609,0.9580720600000001,1.1221979699999998,350.5
2026-08-02T00:21:24.794+00:00,1785630081788,62863.41,62873.41,1785630082909,62927.05,62927.0,62927.1,0.76315967,1.0624609,0.93818111,1.29089797,352.7
2026-08-02T00:21:27.140+00:00,1785630085158,62859.41,62869.41,1785630085259,62927.05,62927.0,62927.1,0.76315967,1.07070416,0.97031193,1.29914123,343.7
2026-08-02T00:21:29.483+00:00,1785630086389,62859.36,62869.36,1785630087609,62927.05,62927.0,62927.1,0.592978,1.06234808,0.79047124,1.29078515,341.3
2026-08-02T00:21:31.839+00:00,1785630089622,62856.09,62866.09,1785630089959,62927.05,62927.0,62927.1,0.80274152,0.91153989,0.9482213599999999,1.1399769599999998,350.6
2026-08-02T00:21:34.189+00:00,1785630089622,62856.09,62866.09,1785630092309,62927.05,62927.0,62927.1,0.80604452,0.90530741,0.99159217,1.1337444799999998,344.6
2026-08-02T00:21:36.535+00:00,1785630094289,62856.1,62866.1,1785630094659,62927.05,62927.0,62927.1,0.79808551,1.05323766,0.98363316,1.2816747300000002,344.1
2026-08-02T00:21:38.890+00:00,1785630096434,62856.11,62866.11,1785630097009,62927.05,62927.0,62927.1,0.62438514,1.05323766,0.75950015,1.2816747300000002,347.1
2026-08-02T00:21:41.238+00:00,1785630096434,62856.11,62866.11,1785630099359,62927.05,62927.0,62927.1,0.62438514,1.05323766,0.75950015,1.2816747300000002,345.4
2026-08-02T00:21:43.590+00:00,1785630100870,62852.86,62862.86,1785630101709,62927.05,62927.0,62927.1,0.65426383,1.06012692,0.8085345500000001,1.2494005100000003,351.2
2026-08-02T00:21:45.939+00:00,1785630102911,62854.68,62864.68,1785630104059,62927.05,62927.0,62927.1,0.62086383,1.06012692,0.7751325600000001,1.2494005100000003,347.7
2026-08-02T00:21:48.287+00:00,1785630106222,62854.25,62864.25,1785630106409,62927.05,62927.0,62927.1,0.02937769,1.39841306,0.038188110000000004,1.6106218600000002,344.6
2026-08-02T00:21:50.638+00:00,1785630108301,62849.53,62859.53,1785630108759,62920.149999999994,62920.1,62920.2,0.5600295,1.98276264,0.5670502,2.61350535,349.2
2026-08-02T00:21:52.983+00:00,1785630110399,62856.5,62866.5,1785630111109,62920.149999999994,62920.1,62920.2,0.5600295,1.95836264,0.5670502,2.58910535,342.3
2026-08-02T00:21:55.329+00:00,1785630112426,62852.72,62862.72,1785630113459,62920.149999999994,62920.1,62920.2,0.55091825,1.9609787,0.55793895,2.46436005,338.8
2026-08-02T00:21:57.689+00:00,1785630114881,62852.85,62862.85,1785630115809,62919.75,62919.7,62919.8,0.55661583,1.95518692,0.56706138,3.11497861,348.7
2026-08-02T00:22:00.037+00:00,1785630117965,62847.82,62857.82,1785630118159,62919.75,62919.7,62919.8,0.00652969,2.3063592,0.008404650000000001,3.46615089,346.6
2026-08-02T00:22:02.391+00:00,1785630119619,62845.94,62855.94,1785630120509,62916.55,62916.5,62916.6,1.28253064,0.62040712,1.417469,1.95263237,351.4
2026-08-02T00:22:04.740+00:00,1785630121839,62851.98,62861.98,1785630122859,62916.55,62916.5,62916.6,1.2308876,0.65516395,1.3257421999999999,1.31921652,346.5
2026-08-02T00:22:07.079+00:00,1785630124101,62853.95,62863.95,1785630125209,62916.55,62916.5,62916.6,1.2308876,0.93786283,1.3257421999999999,1.84448352,338.6
2026-08-02T00:22:09.441+00:00,1785630127429,62851.36,62861.36,1785630127559,62916.55,62916.5,62916.6,1.22927439,0.93786283,1.32412899,1.7958174599999999,348.6
2026-08-02T00:22:11.789+00:00,1785630128501,62850.53,62860.53,1785630129909,62916.55,62916.5,62916.6,1.22914439,0.73556283,1.32399899,1.59351746,345.8
2026-08-02T00:22:14.132+00:00,1785630131976,62846.51,62856.51,1785630132259,62916.55,62916.5,62916.6,1.22914439,1.09842442,1.32399899,1.9563790499999998,340.7
2026-08-02T00:22:16.490+00:00,1785630134099,62848.81,62858.81,1785630134609,62916.55,62916.5,62916.6,1.22824439,0.73532442,1.3230989899999999,1.59327905,348.3
2026-08-02T00:22:18.837+00:00,1785630136129,62851.72,62861.72,1785630136959,62916.55,62916.5,62916.6,1.22824439,0.93209264,1.3230989899999999,2.0080611200000003,345.6
2026-08-02T00:22:21.194+00:00,1785630138528,62849.15,62859.15,1785630139309,62916.55,62916.5,62916.6,1.22824439,0.93133264,1.3230989899999999,2.00730112,354.3
2026-08-02T00:22:23.536+00:00,1785630140899,62848.65,62858.65,1785630141659,62916.55,62916.5,62916.6,1.22824439,0.93085086,1.3230989899999999,2.00681934,341.2
2026-08-02T00:22:25.939+00:00,1785630142986,62850.25,62860.25,1785630144059,62916.55,62916.5,62916.6,1.22824439,0.93081908,1.3230989899999999,2.0067875600000002,400.9
2026-08-02T00:22:28.295+00:00,1785630146132,62849.02,62859.02,1785630146409,62916.55,62916.5,62916.6,1.22824439,0.93081908,1.3230989899999999,2.0067875600000002,353.2
2026-08-02T00:22:30.640+00:00,1785630148218,62849.04,62859.04,1785630148759,62916.55,62916.5,62916.6,0.87920344,1.10486014,0.9740580399999998,2.1808286199999998,344.3
2026-08-02T00:22:32.991+00:00,1785630150466,62849.47,62859.47,1785630151109,62916.55,62916.5,62916.6,0.83940344,1.09530137,0.92655804,2.17126985,348.2
2026-08-02T00:22:35.389+00:00,1785630152487,62853.38,62863.38,1785630153509,62916.55,62916.5,62916.6,0.87688529,0.92110137,1.13041529,1.30777069,395.9
2026-08-02T00:22:37.732+00:00,1785630155580,62849.45,62859.45,1785630155859,62916.55,62916.5,62916.6,0.91288529,0.9194929,1.1664152899999998,1.3061622199999998,340.9
2026-08-02T00:22:40.089+00:00,1785630157697,62849.81,62859.81,1785630158209,62916.55,62916.5,62916.6,0.87370344,0.91689059,1.12723344,1.30355991,347.3
2026-08-02T00:22:42.447+00:00,1785630159840,62852.22,62862.22,1785630160559,62916.55,62916.5,62916.6,0.75781289,0.92239059,1.0105128899999998,1.78547151,357.0
2026-08-02T00:22:44.782+00:00,1785630162002,62849.8,62859.8,1785630162909,62916.55,62916.5,62916.6,0.75781289,1.09109059,1.0105128899999998,1.95417151,333.2
2026-08-02T00:22:47.144+00:00,1785630165099,62849.71,62859.71,1785630165259,62916.55,62916.5,62916.6,0.75781289,1.09109059,1.0105128899999998,1.95417151,353.0
2026-08-02T00:22:49.490+00:00,1785630167161,62849.66,62859.66,1785630167609,62916.55,62916.5,62916.6,0.75781289,1.09109059,1.0105128899999998,1.95417151,344.3
2026-08-02T00:22:51.831+00:00,1785630169221,62849.62,62859.62,1785630169959,62916.55,62916.5,62916.6,0.75772672,1.09109059,0.9378467199999999,1.95417151,340.3
2026-08-02T00:22:54.189+00:00,1785630171286,62850.56,62860.56,1785630172309,62916.55,62916.5,62916.6,0.75772672,0.91689059,0.9378467199999999,1.77997151,347.3
2026-08-02T00:22:56.549+00:00,1785630174351,62850.86,62860.86,1785630174659,62916.55,62916.5,62916.6,0.75772672,0.91689059,0.9378467199999999,1.77997151,358.1
2026-08-02T00:22:58.883+00:00,1785630176390,62853.11,62863.11,1785630177009,62916.55,62916.5,62916.6,0.76993368,0.55837838,0.9500536799999999,1.61540397,332.2
2026-08-02T00:23:01.239+00:00,1785630178455,62853.32,62863.32,1785630179359,62916.55,62916.5,62916.6,0.76660929,0.94067726,0.94672929,1.99770285,344.2
2026-08-02T00:23:03.591+00:00,1785630181610,62850.84,62860.84,1785630181709,62916.55,62916.5,62916.6,0.76979106,0.77115236,0.9499110599999999,1.82817795,346.0
2026-08-02T00:23:05.939+00:00,1785630183658,62850.21,62860.21,1785630184059,62916.55,62916.5,62916.6,0.76979106,0.77083448,0.9499110599999999,1.8278600699999998,346.3
2026-08-02T00:23:08.294+00:00,1785630185746,62849.39,62859.39,1785630186409,62916.55,62916.5,62916.6,0.76979106,0.65294857,0.9499110599999999,1.7099741599999998,353.9
2026-08-02T00:23:10.640+00:00,1785630187807,62851.23,62861.23,1785630188759,62916.55,62916.5,62916.6,0.93839883,0.50624855,1.11851883,1.71456122,343.6
2026-08-02T00:23:12.990+00:00,1785630190903,62851.22,62861.22,1785630191109,62916.55,62916.5,62916.6,0.93831346,0.67789677,1.1184334599999999,1.73492236,348.6
2026-08-02T00:23:15.335+00:00,1785630193021,62852.17,62862.17,1785630193459,62916.55,62916.5,62916.6,0.76961346,0.65187219,0.9497334599999999,1.70889778,342.8
2026-08-02T00:23:17.691+00:00,1785630195036,62853.38,62863.38,1785630195809,62916.55,62916.5,62916.6,0.76955216,0.65292355,0.94967216,1.70994914,346.6
2026-08-02T00:23:20.039+00:00,1785630197156,62850.03,62860.03,1785630198159,62916.55,62916.5,62916.6,0.76637039,0.81855457,0.9464903899999999,1.87558016,347.0
2026-08-02T00:23:22.391+00:00,1785630200427,62849.57,62859.57,1785630200509,62916.55,62916.5,62916.6,0.60164604,1.37853858,0.6115955999999999,2.39552098,347.3
2026-08-02T00:23:24.740+00:00,1785630201810,62846.65,62856.65,1785630202859,62916.55,62916.5,62916.6,0.60164604,1.37512295,0.6115955999999999,2.43214854,345.7
2026-08-02T00:23:27.087+00:00,1785630204960,62847.73,62857.73,1785630205209,62916.55,62916.5,62916.6,0.60164604,1.37512295,0.6115955999999999,2.3924133800000003,344.9
2026-08-02T00:23:29.446+00:00,1785630207008,62845.13,62855.13,1785630207559,62916.55,62916.5,62916.6,0.60164604,1.37512295,0.6115955999999999,2.3924152800000003,355.0
2026-08-02T00:23:31.793+00:00,1785630209641,62855.42,62865.42,1785630209909,62917.149999999994,62917.1,62917.2,2.50093035,0.20171877,2.53423256,0.93374284,346.0
2026-08-02T00:23:34.145+00:00,1785630211696,62855.31,62865.31,1785630212259,62917.149999999994,62917.1,62917.2,2.46203035,0.39851877,2.48347495,1.90431327,350.3
2026-08-02T00:23:36.496+00:00,1785630214272,62854.0,62864.0,1785630214609,62917.149999999994,62917.1,62917.2,2.29171874,0.61160202,2.31316334,1.6983173699999998,348.8
2026-08-02T00:23:38.841+00:00,1785630216428,62857.06,62867.06,1785630216959,62917.149999999994,62917.1,62917.2,2.29154443,0.61160202,2.3129890300000002,1.6983173699999998,343.9
2026-08-02T00:23:41.200+00:00,1785630218679,62857.2,62867.2,1785630219309,62917.149999999994,62917.1,62917.2,2.29154443,0.57110202,2.3129890300000002,1.65781737,355.7
2026-08-02T00:23:43.541+00:00,1785630220747,62858.85,62868.85,1785630221659,62917.149999999994,62917.1,62917.2,2.29154443,0.57110202,2.3129890300000002,1.65781737,336.5
2026-08-02T00:23:45.948+00:00,1785630223933,62852.99,62862.99,1785630224059,62917.149999999994,62917.1,62917.2,2.29154443,0.35058037,2.3129890300000002,2.00154421,403.8
2026-08-02T00:23:48.351+00:00,1785630226224,62854.0,62864.0,1785630226459,62917.149999999994,62917.1,62917.2,2.29154443,0.54738037,2.3129890300000002,2.19834421,399.3
2026-08-02T00:23:50.688+00:00,1785630228311,62853.35,62863.35,1785630228809,62917.149999999994,62917.1,62917.2,2.1996194,0.54576396,2.221064,1.6299261,336.1
2026-08-02T00:23:53.045+00:00,1785630230545,62852.37,62862.37,1785630231159,62917.149999999994,62917.1,62917.2,2.1996194,0.54576396,2.221064,1.6299261,351.7
2026-08-02T00:23:55.395+00:00,1785630232668,62851.78,62861.78,1785630233509,62917.149999999994,62917.1,62917.2,1.51050839,0.8757209,1.66725646,1.9598830399999998,347.2
2026-08-02T00:23:57.747+00:00,1785630234858,62853.97,62863.97,1785630235859,62917.149999999994,62917.1,62917.2,1.51050839,0.8757209,1.66003537,1.9598830399999998,348.8
2026-08-02T00:24:00.095+00:00,1785630238101,62852.66,62862.66,1785630238209,62917.149999999994,62917.1,62917.2,1.51050839,0.8757209,1.66003537,1.9598830399999998,342.5
2026-08-02T00:24:02.444+00:00,1785630240134,62854.12,62864.12,1785630240559,62917.149999999994,62917.1,62917.2,1.51050839,0.89976982,1.53195299,1.98393196,347.1
2026-08-02T00:24:04.782+00:00,1785630242388,62850.94,62860.94,1785630242909,62917.149999999994,62917.1,62917.2,1.5097137,0.87536982,1.5311583,1.9595319599999999,335.5
2026-08-02T00:24:07.142+00:00,1785630244425,62853.46,62863.46,1785630245259,62917.149999999994,62917.1,62917.2,1.50919468,0.87536982,1.53063928,1.9595319599999999,346.4
2026-08-02T00:24:09.495+00:00,1785630246516,62849.34,62859.34,1785630247609,62917.149999999994,62917.1,62917.2,1.50919468,0.87376136,1.53063928,1.9579235,349.2
2026-08-02T00:24:11.829+00:00,1785630249839,62852.08,62862.08,1785630249959,62917.149999999994,62917.1,62917.2,1.4950147,0.87376136,1.5164593,1.9579235,332.5
2026-08-02T00:24:14.194+00:00,1785630251896,62850.39,62860.39,1785630252309,62917.149999999994,62917.1,62917.2,1.493392,0.87366216,1.5148366,1.9578243,351.4
2026-08-02T00:24:16.532+00:00,1785630254098,62851.86,62861.86,1785630254659,62917.149999999994,62917.1,62917.2,1.493392,0.87366216,1.5148366,1.9578243,336.6
2026-08-02T00:24:18.946+00:00,1785630256301,62850.78,62860.78,1785630257059,62917.149999999994,62917.1,62917.2,1.493392,0.87480065,1.5148366,1.9589627899999997,398.4
2026-08-02T00:24:21.300+00:00,1785630258579,62849.04,62859.04,1785630259409,62917.149999999994,62917.1,62917.2,1.493392,0.87477999,1.5148366,1.9589421299999998,351.9
2026-08-02T00:24:23.648+00:00,1785630260980,62854.73,62864.73,1785630261759,62917.149999999994,62917.1,62917.2,1.493392,0.87477999,1.5148366,1.9589421299999998,345.8
2026-08-02T00:24:26.046+00:00,1785630264109,62852.33,62862.33,1785630264159,62917.149999999994,62917.1,62917.2,1.526792,0.01669964,1.7094936699999999,0.18832911,396.8
2026-08-02T00:24:28.415+00:00,1785630266469,62853.63,62863.63,1785630266509,62917.149999999994,62917.1,62917.2,1.50197362,0.9231531,1.66580779,1.21272382,368.3
2026-08-02T00:24:30.795+00:00,1785630268697,62854.27,62864.27,1785630268909,62917.149999999994,62917.1,62917.2,1.53537362,0.6080794,1.69920779,0.9142994700000001,377.2
2026-08-02T00:24:33.595+00:00,1785630270787,62853.7,62863.7,1785630271709,62917.149999999994,62917.1,62917.2,1.53537362,0.4112794,1.69920779,0.71749947,798.6
2026-08-02T00:24:35.947+00:00,1785630273598,62855.92,62865.92,1785630274059,62921.149999999994,62921.1,62921.2,2.13707178,0.29780323,3.00084503,0.7505856,345.6
2026-08-02T00:24:38.300+00:00,1785630275648,62854.74,62864.74,1785630276409,62921.149999999994,62921.1,62921.2,2.5645771,0.29870323,3.42426609,0.62615234,344.8
2026-08-02T00:24:40.701+00:00,1785630278720,62857.37,62867.37,1785630278809,62921.149999999994,62921.1,62921.2,1.72188102,0.69727846,2.25732759,0.98295868,398.8
2026-08-02T00:24:43.037+00:00,1785630280968,62859.24,62869.24,1785630281159,62921.149999999994,62921.1,62921.2,1.72188102,0.50047846,2.25732758,0.7861586799999999,333.6
2026-08-02T00:24:45.392+00:00,1785630283472,62878.48,62888.48,1785630283509,62935.25,62935.2,62935.3,0.56181875,2.20608813,0.8250092600000001,2.92334892,342.3
2026-08-02T00:24:47.742+00:00,1785630285438,62873.0,62883.0,1785630285859,62935.25,62935.2,62935.3,0.57891875,2.20409221,0.9503430199999999,3.7330377800000005,347.5
2026-08-02T00:24:50.092+00:00,1785630287701,62871.43,62881.43,1785630288209,62935.25,62935.2,62935.3,0.56181875,2.15642421,0.9118858900000001,3.31709538,347.7
2026-08-02T00:24:52.442+00:00,1785630290212,62843.61,62853.61,1785630290559,62912.649999999994,62912.6,62912.7,1.21586436,0.86435846,1.51738329,1.7264121700000001,347.4
2026-08-02T00:24:54.791+00:00,1785630292233,62849.31,62859.31,1785630292909,62912.649999999994,62912.6,62912.7,1.21586436,0.75677846,1.4205036700000002,1.83176865,346.8
2026-08-02T00:24:57.144+00:00,1785630293381,62850.98,62860.98,1785630295259,62913.149999999994,62913.1,62913.2,2.00933339,1.04002812,2.0618708199999998,2.7880153200000004,348.3
2026-08-02T00:24:59.493+00:00,1785630297450,62848.19,62858.19,1785630297609,62913.149999999994,62913.1,62913.2,2.00933339,0.643061,2.06187081,1.25389752,348.4
2026-08-02T00:25:01.845+00:00,1785630299549,62848.5,62858.5,1785630299959,62913.149999999994,62913.1,62913.2,2.00933339,0.68315352,2.0609421599999997,0.9662570899999999,348.5
2026-08-02T00:25:04.194+00:00,1785630301638,62845.28,62855.28,1785630302309,62913.149999999994,62913.1,62913.2,2.08752122,0.40029497,2.13912999,0.82945011,334.5
2026-08-02T00:25:06.545+00:00,1785630303726,62848.19,62858.19,1785630304659,62913.149999999994,62913.1,62913.2,1.58494426,1.01937193,1.7782119100000002,2.1467240699999994,349.4
2026-08-02T00:25:08.897+00:00,1785630306928,62847.83,62857.83,1785630307009,62913.149999999994,62913.1,62913.2,1.58494426,1.01937193,1.81828848,2.78585177,349.5
2026-08-02T00:25:11.231+00:00,1785630309141,62844.81,62854.81,1785630309359,62913.149999999994,62913.1,62913.2,1.59004426,0.65385693,1.82338848,2.4212164400000002,331.8
2026-08-02T00:25:13.597+00:00,1785630311300,62849.71,62859.71,1785630311709,62913.149999999994,62913.1,62913.2,1.59004426,0.64875693,1.82338848,2.41611644,351.7
2026-08-02T00:25:15.942+00:00,1785630313438,62846.85,62856.85,1785630314059,62913.149999999994,62913.1,62913.2,1.59004426,0.61495693,1.82338848,2.3823164400000003,340.1
2026-08-02T00:25:18.288+00:00,1785630314501,62846.38,62856.38,1785630316409,62913.149999999994,62913.1,62913.2,1.59004426,0.61525942,1.82338848,2.3530091200000003,340.9
2026-08-02T00:25:20.642+00:00,1785630317718,62843.64,62853.64,1785630318759,62913.149999999994,62913.1,62913.2,1.59004426,0.61510048,1.82338848,1.85183429,341.3
2026-08-02T00:25:22.983+00:00,1785630321028,62849.47,62859.47,1785630321109,62913.149999999994,62913.1,62913.2,1.59004426,0.45845647,1.82338848,0.96618313,336.0
2026-08-02T00:25:25.345+00:00,1785630323138,62843.94,62853.94,1785630323459,62913.149999999994,62913.1,62913.2,1.59004426,0.6133384,1.82338848,0.95577917,346.9
2026-08-02T00:25:27.694+00:00,1785630325620,62844.15,62854.15,1785630325809,62913.149999999994,62913.1,62913.2,1.59004426,0.45845647,1.7833119100000001,0.75639132,347.8
2026-08-02T00:25:30.044+00:00,1785630327788,62847.41,62857.41,1785630328159,62913.149999999994,62913.1,62913.2,1.59004426,0.45845647,1.82674967,0.7701719300000001,348.0
2026-08-02T00:25:32.387+00:00,1785630329837,62844.49,62854.49,1785630330509,62913.149999999994,62913.1,62913.2,1.58494426,0.68907147,1.7829223200000002,1.69531129,337.0
2026-08-02T00:25:34.751+00:00,1785630331888,62842.76,62852.76,1785630332859,62913.149999999994,62913.1,62913.2,1.58494426,0.77373541,1.7829223200000002,1.77997523,354.5
2026-08-02T00:25:37.096+00:00,1785630334489,62842.34,62852.34,1785630335209,62913.149999999994,62913.1,62913.2,1.58333731,0.60611095,1.7813153700000002,1.6123507700000002,343.5
2026-08-02T00:25:39.446+00:00,1785630336513,62845.62,62855.62,1785630337559,62913.149999999994,62913.1,62913.2,1.58243731,0.77481095,1.7804253700000001,1.78105077,347.8
2026-08-02T00:25:41.790+00:00,1785630339698,62842.82,62852.82,1785630339909,62913.149999999994,62913.1,62913.2,1.58243731,0.92590887,1.7804253700000001,1.9321486900000002,342.6
2026-08-02T00:25:44.143+00:00,1785630341259,62839.19,62849.19,1785630342259,62913.149999999994,62913.1,62913.2,1.03146331,1.69075413,1.0436434300000001,1.90589051,347.0
2026-08-02T00:25:46.538+00:00,1785630344480,62842.29,62852.29,1785630344659,62913.149999999994,62913.1,62913.2,1.00441345,1.51910725,1.0165935700000002,1.73438361,388.7
2026-08-02T00:25:48.898+00:00,1785630346619,62845.74,62855.74,1785630347009,62913.149999999994,62913.1,62913.2,1.00531345,1.51882241,1.0174935700000003,1.73424189,349.4
2026-08-02T00:25:51.248+00:00,1785630349248,62841.84,62851.84,1785630349359,62913.149999999994,62913.1,62913.2,1.00441345,1.51882241,1.0165935700000002,1.73424189,345.1
2026-08-02T00:25:53.595+00:00,1785630351448,62840.14,62850.14,1785630351709,62913.149999999994,62913.1,62913.2,0.49926227,1.51882241,0.5114423800000001,1.7341978900000001,345.4
2026-08-02T00:25:55.947+00:00,1785630353919,62842.43,62852.43,1785630354059,62913.149999999994,62913.1,62913.2,1.04931127,1.51882241,1.06149138,1.7342567100000001,341.3
2026-08-02T00:25:58.282+00:00,1785630356100,62842.73,62852.73,1785630356409,62913.149999999994,62913.1,62913.2,0.45276227,1.5206409,0.46494238,2.09610878,333.1
2026-08-02T00:26:00.644+00:00,1785630358498,62840.41,62850.41,1785630358759,62913.149999999994,62913.1,62913.2,0.45276227,1.52062574,0.46494254,2.09609362,346.8
2026-08-02T00:26:02.989+00:00,1785630360659,62842.15,62852.15,1785630361109,62913.149999999994,62913.1,62913.2,0.45366227,1.51550544,0.46584253999999997,2.09097332,339.1
2026-08-02T00:26:05.346+00:00,1785630362698,62841.59,62851.59,1785630363459,62913.149999999994,62913.1,62913.2,0.45786227,1.47254371,0.62083078,1.6880460999999998,344.0
2026-08-02T00:26:07.697+00:00,1785630365492,62839.83,62849.83,1785630365809,62907.350000000006,62907.3,62907.4,0.24059386,2.55755711,0.24158533999999995,2.82603361,348.6
2026-08-02T00:26:10.042+00:00,1785630367598,62839.16,62849.16,1785630368159,62907.350000000006,62907.3,62907.4,0.60805694,2.47239043,0.84281752,2.74097291,342.2
2026-08-02T00:26:12.397+00:00,1785630369719,62839.08,62849.08,1785630370509,62907.350000000006,62907.3,62907.4,0.60805694,2.30476043,0.84691753,2.57333107,349.4
2026-08-02T00:26:14.748+00:00,1785630371789,62842.76,62852.76,1785630372859,62907.350000000006,62907.3,62907.4,0.60805694,2.29929208,0.8264715899999999,2.56788814,348.6
2026-08-02T00:26:17.096+00:00,1785630375035,62841.12,62851.12,1785630375209,62907.350000000006,62907.3,62907.4,0.607557,2.30031307,0.82597165,2.5689048700000003,345.7
2026-08-02T00:26:19.441+00:00,1785630377169,62845.24,62855.24,1785630377559,62907.350000000006,62907.3,62907.4,0.60740043,2.30031307,0.8258150799999999,2.5689048700000003,342.5
2026-08-02T00:26:21.799+00:00,1785630379613,62837.61,62847.61,1785630379909,62906.55,62906.5,62906.6,0.01096757,2.21699841,0.01197499,3.9891761,352.2
2026-08-02T00:26:24.146+00:00,1785630381694,62840.31,62850.31,1785630382259,62903.25,62903.2,62903.3,0.65579979,2.88134686,0.9252468599999999,3.07447798,344.1
2026-08-02T00:26:26.485+00:00,1785630383901,62838.39,62848.39,1785630384609,62900.350000000006,62900.3,62900.4,0.80206748,2.47304839,0.94659591,2.48292484,337.1
2026-08-02T00:26:28.888+00:00,1785630386028,62836.46,62846.46,1785630387009,62900.350000000006,62900.3,62900.4,0.83051247,2.4714395,1.05350259,2.4813639599999995,389.1
2026-08-02T00:26:31.245+00:00,1785630389101,62835.71,62845.71,1785630389359,62900.350000000006,62900.3,62900.4,0.82882519,0.90861707,1.05181531,0.96364131,344.0
2026-08-02T00:26:33.596+00:00,1785630391236,62838.04,62848.04,1785630391709,62900.350000000006,62900.3,62900.4,0.99752519,0.9055599,1.22051531,0.9605841399999999,347.8
2026-08-02T00:26:35.943+00:00,1785630393363,62835.75,62845.75,1785630394059,62900.350000000006,62900.3,62900.4,0.58941019,1.66189131,0.7339386199999999,1.8582662499999998,345.3
2026-08-02T00:26:38.290+00:00,1785630396124,62832.69,62842.69,1785630396409,62900.350000000006,62900.3,62900.4,0.58941019,1.66382917,0.7339386199999999,1.90588365,339.4
2026-08-02T00:26:40.648+00:00,1785630398329,62834.7,62844.7,1785630398759,62900.350000000006,62900.3,62900.4,0.59082737,1.58931791,0.7353557999999999,1.8313723899999999,345.9
2026-08-02T00:26:42.995+00:00,1785630400436,62834.83,62844.83,1785630401109,62900.350000000006,62900.3,62900.4,0.58984455,1.62943769,0.73437298,1.87149217,345.3
2026-08-02T00:26:45.345+00:00,1785630402535,62834.91,62844.91,1785630403459,62900.350000000006,62900.3,62900.4,0.55094455,1.46073769,0.69547298,1.70279217,347.0
2026-08-02T00:26:47.698+00:00,1785630405673,62834.57,62844.57,1785630405809,62900.350000000006,62900.3,62900.4,0.55604455,1.46079519,0.7005729799999999,1.70284967,351.0
2026-08-02T00:26:50.048+00:00,1785630407804,62826.42,62836.42,1785630408159,62897.149999999994,62897.1,62897.2,0.03001554,3.05847773,0.18577607999999998,4.13150689,347.3
2026-08-02T00:26:52.399+00:00,1785630409792,62825.21,62835.21,1785630410509,62886.95,62886.9,62887.0,0.59150912,1.58794256,0.91001717,2.28802068,349.5
2026-08-02T00:26:54.751+00:00,1785630411859,62828.03,62838.03,1785630412859,62886.95,62886.9,62887.0,1.09619733,0.54560292,1.3049773100000002,0.95383715,350.2
2026-08-02T00:26:57.095+00:00,1785630415009,62824.61,62834.61,1785630415209,62891.649999999994,62891.6,62891.7,1.80501683,0.58175443,2.08297942,1.6837422100000001,341.7
2026-08-02T00:26:59.444+00:00,1785630417101,62823.51,62833.51,1785630417559,62891.649999999994,62891.6,62891.7,0.92464218,0.7166329,1.1375358800000002,1.5991434199999999,343.9
2026-08-02T00:27:01.794+00:00,1785630419281,62824.94,62834.94,1785630419909,62891.649999999994,62891.6,62891.7,0.92374218,1.01730851,1.13663588,1.89981903,343.8
2026-08-02T00:27:04.151+00:00,1785630421356,62822.87,62832.87,1785630422259,62891.649999999994,62891.6,62891.7,0.89335628,1.45942569,1.13454532,2.08193621,340.0
2026-08-02T00:27:06.499+00:00,1785630424422,62824.4,62834.4,1785630424609,62890.95,62890.9,62891.0,0.54636634,1.98171091,0.8069118399999999,2.85968335,346.8
2026-08-02T00:27:08.849+00:00,1785630426538,62826.98,62836.98,1785630426959,62890.95,62890.9,62891.0,0.95534184,0.43657998,1.1729189800000002,0.63945727,349.0
2026-08-02T00:27:11.197+00:00,1785630427732,62827.97,62837.97,1785630429309,62890.95,62890.9,62891.0,0.91688168,1.32597662,1.17454509,2.04069609,346.2
2026-08-02T00:27:13.551+00:00,1785630430899,62827.54,62837.54,1785630431659,62890.95,62890.9,62891.0,0.74339437,1.32436431,0.92767655,2.03908378,351.9
2026-08-02T00:27:15.897+00:00,1785630433110,62827.98,62837.98,1785630434009,62890.95,62890.9,62891.0,0.74268653,1.32436431,0.92696871,2.03908378,344.3
2026-08-02T00:27:18.235+00:00,1785630436189,62826.19,62836.19,1785630436359,62890.95,62890.9,62891.0,0.59319043,1.33300276,0.7652795600000002,2.05838047,336.5
2026-08-02T00:27:20.626+00:00,1785630438500,62826.23,62836.23,1785630438709,62890.149999999994,62890.1,62890.2,0.74319551,3.56811155,0.7918174299999999,4.42585945,375.8
2026-08-02T00:27:22.939+00:00,1785630439622,62826.24,62836.24,1785630441059,62888.95,62888.9,62889.0,0.56625947,2.35687888,0.61633802,3.91484016,306.3
2026-08-02T00:27:25.292+00:00,1785630442446,62822.73,62832.73,1785630443409,62883.95,62883.9,62884.0,0.52346882,1.7864659,0.69340199,3.52214107,340.1
2026-08-02T00:27:27.647+00:00,1785630445549,62822.67,62832.67,1785630445759,62883.95,62883.9,62884.0,0.52350727,1.78591988,0.73258212,2.9186615600000003,344.9
2026-08-02T00:27:30.000+00:00,1785630447596,62821.46,62831.46,1785630448109,62883.95,62883.9,62884.0,0.62389397,1.20173892,0.81952601,1.63434977,351.6
2026-08-02T00:27:32.363+00:00,1785630449842,62822.58,62832.58,1785630450459,62883.95,62883.9,62884.0,1.09057138,0.63201218,1.31390721,0.9729970600000001,361.1
2026-08-02T00:27:34.701+00:00,1785630450952,62822.57,62832.57,1785630452809,62883.95,62883.9,62884.0,1.09057138,0.66656599,1.31390721,1.0366171800000001,335.4
2026-08-02T00:27:37.039+00:00,1785630454852,62829.75,62839.75,1785630455159,62890.149999999994,62890.1,62890.2,2.27597694,0.48993757,2.72979342,1.29839927,336.9
2026-08-02T00:27:39.401+00:00,1785630456889,62828.07,62838.07,1785630457509,62890.149999999994,62890.1,62890.2,2.23692033,0.50088535,2.41380101,0.9108319,348.2
2026-08-02T00:27:41.750+00:00,1785630459388,62826.36,62836.36,1785630459859,62890.149999999994,62890.1,62890.2,2.06822033,0.50039243,2.24510101,1.17219338,345.9
2026-08-02T00:27:44.098+00:00,1785630461508,62825.2,62835.2,1785630462209,62890.149999999994,62890.1,62890.2,2.06685674,0.69480761,2.24373742,1.34394123,346.8
2026-08-02T00:27:46.449+00:00,1785630464023,62829.98,62839.98,1785630464559,62890.149999999994,62890.1,62890.2,1.81542417,0.69480761,1.99230485,1.34394123,348.9
2026-08-02T00:27:48.800+00:00,1785630466101,62830.02,62840.02,1785630466909,62890.149999999994,62890.1,62890.2,1.81630422,1.03167638,1.9931846899999999,1.8684900199999999,343.8
2026-08-02T00:27:51.150+00:00,1785630468491,62829.06,62839.06,1785630469259,62890.149999999994,62890.1,62890.2,1.81497901,1.03167638,1.99185948,1.85321198,348.4
2026-08-02T00:27:53.498+00:00,1785630470578,62828.88,62838.88,1785630471609,62890.149999999994,62890.1,62890.2,1.81497901,1.03167638,1.99185948,1.85321198,346.0
2026-08-02T00:27:55.901+00:00,1785630473700,62830.15,62840.15,1785630474009,62890.149999999994,62890.1,62890.2,1.15809719,1.20037638,1.4440470600000002,2.2132552199999997,400.7
2026-08-02T00:27:58.251+00:00,1785630476198,62829.21,62839.21,1785630476359,62890.149999999994,62890.1,62890.2,1.15809719,1.03315379,1.40394882,2.04624935,347.7
2026-08-02T00:28:00.599+00:00,1785630477218,62830.16,62840.16,1785630478709,62890.149999999994,62890.1,62890.2,1.39279719,1.02845967,1.67874706,2.04133851,344.9
2026-08-02T00:28:02.949+00:00,1785630480327,62830.17,62840.17,1785630481059,62890.149999999994,62890.1,62890.2,1.39029442,0.83366606,1.71267218,0.94023499,348.3
2026-08-02T00:28:05.302+00:00,1785630482438,62827.7,62837.7,1785630483409,62890.149999999994,62890.1,62890.2,1.38816538,0.83491095,1.7105429600000002,0.91400462,350.6
2026-08-02T00:28:07.651+00:00,1785630485539,62827.81,62837.81,1785630485759,62890.149999999994,62890.1,62890.2,1.38816538,0.83491095,1.7105429600000002,0.91400462,347.1
2026-08-02T00:28:09.993+00:00,1785630487728,62825.78,62835.78,1785630488109,62890.149999999994,62890.1,62890.2,1.38816538,0.83491095,1.7105429600000002,0.91400462,339.0
2026-08-02T00:28:12.345+00:00,1785630490119,62824.39,62834.39,1785630490459,62890.149999999994,62890.1,62890.2,1.38800876,0.83473605,1.7103863400000001,0.91382972,343.7
2026-08-02T00:28:14.699+00:00,1785630492188,62826.26,62836.26,1785630492809,62890.149999999994,62890.1,62890.2,1.38800876,0.83312531,1.7103863400000001,0.91221898,347.0
2026-08-02T00:28:17.052+00:00,1785630494308,62830.32,62840.32,1785630495159,62890.149999999994,62890.1,62890.2,1.21164483,0.83721157,1.5340224100000002,1.7846147700000001,349.5
2026-08-02T00:28:19.404+00:00,1785630496431,62830.34,62840.34,1785630497509,62890.149999999994,62890.1,62890.2,1.21674483,0.83721157,1.5391224100000003,1.78461498,349.2
2026-08-02T00:28:21.751+00:00,1785630498565,62830.36,62840.36,1785630499859,62890.149999999994,62890.1,62890.2,1.2150121,0.8341224,1.4972914400000001,2.42247332,344.1
2026-08-02T00:28:24.104+00:00,1785630501318,62823.94,62833.94,1785630502209,62890.149999999994,62890.1,62890.2,1.1499121,1.07430523,1.2485756000000003,1.1867553800000001,350.7
2026-08-02T00:28:26.451+00:00,1785630504445,62821.38,62831.38,1785630504559,62890.149999999994,62890.1,62890.2,1.17415623,0.98177036,1.45315476,1.40471185,343.1
2026-08-02T00:28:28.800+00:00,1785630506589,62831.13,62841.13,1785630506909,62890.149999999994,62890.1,62890.2,1.39655503,0.26993431,1.6241971300000002,0.5887094500000001,344.5
2026-08-02T00:28:31.150+00:00,1785630508631,62828.04,62838.04,1785630509259,62890.149999999994,62890.1,62890.2,1.39655503,0.4127077,1.6242190200000002,0.5673076900000001,347.0
2026-08-02T00:28:33.496+00:00,1785630511027,62827.59,62837.59,1785630511609,62890.149999999994,62890.1,62890.2,1.39145503,0.26652838,1.61911902,0.43165345,345.0
2026-08-02T00:28:35.855+00:00,1785630513476,62822.12,62832.12,1785630513959,62890.149999999994,62890.1,62890.2,0.0094557,2.36365701,0.01042471,2.9142031799999994,352.9
2026-08-02T00:28:38.192+00:00,1785630515402,62820.07,62830.07,1785630516309,62883.55,62883.5,62883.6,0.55940439,2.87060201,0.8203136599999998,3.43610661,335.5
2026-08-02T00:28:40.595+00:00,1785630517458,62819.43,62829.43,1785630518709,62883.55,62883.5,62883.6,1.20111576,0.53036187,1.4350837699999999,0.84667707,390.7
2026-08-02T00:28:42.948+00:00,1785630520948,62819.77,62829.77,1785630521059,62883.55,62883.5,62883.6,1.20111576,0.49656187,1.4350837699999999,0.81287707,343.6
2026-08-02T00:28:45.291+00:00,1785630523302,62818.86,62828.86,1785630523409,62883.55,62883.5,62883.6,1.20111576,0.49656187,1.4350837699999999,0.81287707,338.8
2026-08-02T00:28:47.650+00:00,1785630525714,62817.13,62827.13,1785630525759,62883.55,62883.5,62883.6,1.2007485,0.49656187,1.43471651,0.81287707,345.6
2026-08-02T00:28:50.001+00:00,1785630527947,62819.6,62829.6,1785630528109,62883.55,62883.5,62883.6,1.2007485,0.49815254,1.4351234199999998,0.85456084,346.7
2026-08-02T00:28:52.350+00:00,1785630530288,62816.3,62826.3,1785630530459,62883.55,62883.5,62883.6,1.2007485,0.91440466,1.4351234199999998,1.1275484100000002,344.9
2026-08-02T00:28:54.705+00:00,1785630532657,62813.9,62823.9,1785630532809,62883.55,62883.5,62883.6,0.99103944,1.08821963,1.19029368,1.30136338,353.3
2026-08-02T00:28:57.052+00:00,1785630535070,62818.38,62828.38,1785630535159,62883.55,62883.5,62883.6,0.79672444,1.47133779,0.8694642699999999,1.56187967,344.7
2026-08-02T00:28:59.403+00:00,1785630537098,62813.31,62823.31,1785630537509,62883.55,62883.5,62883.6,0.79672444,1.47133779,0.8694642699999999,1.58458405,349.0
2026-08-02T00:29:01.758+00:00,1785630539284,62815.83,62825.83,1785630539859,62883.55,62883.5,62883.6,0.79672444,1.46866871,0.9265520399999999,1.58191497,353.4
2026-08-02T00:29:04.101+00:00,1785630541388,62816.06,62826.06,1785630542209,62883.55,62883.5,62883.6,1.10403944,0.68493603,1.35323214,0.8980797800000001,341.0
2026-08-02T00:29:06.451+00:00,1785630543672,62817.97,62827.97,1785630544559,62883.55,62883.5,62883.6,1.10403944,0.68804391,1.3919737300000001,0.9011876600000001,346.9
2026-08-02T00:29:08.804+00:00,1785630545730,62815.58,62825.58,1785630546909,62883.55,62883.5,62883.6,1.10403944,0.52901994,1.3919737300000001,0.74216369,350.2
2026-08-02T00:29:11.145+00:00,1785630547958,62818.67,62828.67,1785630549259,62883.55,62883.5,62883.6,1.10313944,0.51514733,1.3910737300000002,0.7282910800000001,340.3
2026-08-02T00:29:13.503+00:00,1785630551171,62818.3,62828.3,1785630551609,62883.55,62883.5,62883.6,0.92933944,1.47146963,1.1663417200000001,1.58471583,347.1
2026-08-02T00:29:15.856+00:00,1785630551171,62818.3,62828.3,1785630553959,62883.55,62883.5,62883.6,0.92933944,0.92145512,1.1663417200000001,1.0347013200000001,351.7
2026-08-02T00:29:18.197+00:00,1785630554211,62818.31,62828.31,1785630556309,62883.55,62883.5,62883.6,0.73143895,1.96565462,0.81072619,2.0788591299999997,339.7
2026-08-02T00:29:20.552+00:00,1785630557567,62818.32,62828.32,1785630558659,62883.55,62883.5,62883.6,0.73143895,1.96516165,0.81072619,2.07836616,345.3
2026-08-02T00:29:22.904+00:00,1785630560692,62818.33,62828.33,1785630561009,62883.55,62883.5,62883.6,0.73653895,1.4718457,0.81582619,1.6051468,350.6
2026-08-02T00:29:25.251+00:00,1785630560692,62818.33,62828.33,1785630563359,62883.55,62883.5,62883.6,0.99425395,1.4695806,1.01958181,1.6028817,344.1
2026-08-02T00:29:27.595+00:00,1785630565117,62818.34,62828.34,1785630565709,62883.55,62883.5,62883.6,0.99416565,1.47058102,1.2419681599999999,1.60388212,341.1
2026-08-02T00:29:29.955+00:00,1785630567511,62818.86,62828.86,1785630568059,62883.55,62883.5,62883.6,0.99416565,1.47058102,1.2419681599999999,1.60388212,350.5
2026-08-02T00:29:32.303+00:00,1785630569701,62824.28,62834.28,1785630570409,62883.55,62883.5,62883.6,1.20297471,0.09095889,1.4816635599999999,0.4132673,346.9
2026-08-02T00:29:34.648+00:00,1785630570718,62824.29,62834.29,1785630572759,62883.55,62883.5,62883.6,1.20297471,0.11983437,1.4816635599999999,0.8932737500000001,342.6
2026-08-02T00:29:37.017+00:00,1785630574878,62824.33,62834.33,1785630575109,62883.55,62883.5,62883.6,1.16596156,0.42701917,1.43348016,1.44117499,365.3
2026-08-02T00:29:39.351+00:00,1785630577013,62824.35,62834.35,1785630577459,62883.55,62883.5,62883.6,1.16596156,0.42611917,1.43348016,1.00305414,325.9
2026-08-02T00:29:41.703+00:00,1785630579144,62824.38,62834.38,1785630579809,62883.55,62883.5,62883.6,1.16277792,0.42687269,1.43029652,0.9340794000000001,349.5
2026-08-02T00:29:44.050+00:00,1785630581190,62821.18,62831.18,1785630582159,62883.55,62883.5,62883.6,1.16596147,0.2704977,1.43348007,1.00340336,345.0
2026-08-02T00:29:46.404+00:00,1785630583632,62821.65,62831.65,1785630584509,62883.55,62883.5,62883.6,1.16587418,0.2704977,1.4333927800000001,0.62573389,349.9
2026-08-02T00:29:48.754+00:00,1785630586678,62821.65,62831.65,1785630586859,62883.55,62883.5,62883.6,1.16576992,0.27239815,1.43328852,0.62763434,348.6
2026-08-02T00:29:51.106+00:00,1785630588779,62821.84,62831.84,1785630589209,62883.55,62883.5,62883.6,1.16576992,0.31289815,1.43328852,0.6681343399999999,348.4
2026-08-02T00:29:53.453+00:00,1785630590939,62823.02,62833.02,1785630591559,62883.55,62883.5,62883.6,1.16565771,0.27239815,1.4331763100000001,0.62763434,345.3
2026-08-02T00:29:55.806+00:00,1785630593218,62821.68,62831.68,1785630593909,62883.55,62883.5,62883.6,1.16565771,0.31289815,1.4331763100000001,0.66813435,350.7
2026-08-02T00:29:58.156+00:00,1785630594451,62824.52,62834.52,1785630596259,62883.55,62883.5,62883.6,1.16247416,0.50971315,1.42999276,0.86494935,349.2
2026-08-02T00:30:00.504+00:00,1785630597679,62824.53,62834.53,1785630598609,62883.55,62883.5,62883.6,1.16565776,0.26306078,1.43317636,1.09985971,346.3
2026-08-02T00:30:02.857+00:00,1785630600701,62824.53,62834.53,1785630600959,62883.55,62883.5,62883.6,1.16565776,0.26530826,1.43317636,1.59720805,351.4
2026-08-02T00:30:05.203+00:00,1785630602778,62824.54,62834.54,1785630603309,62883.55,62883.5,62883.6,1.16565776,0.22140685,1.43317636,0.79182458,344.5
2026-08-02T00:30:07.561+00:00,1785630605620,62822.83,62832.83,1785630605659,62882.350000000006,62882.3,62882.4,0.99566139,1.66729276,1.07421111,2.35046297,354.4
2026-08-02T00:30:09.909+00:00,1785630607774,62813.82,62823.82,1785630608009,62882.350000000006,62882.3,62882.4,1.12348954,1.18349158,1.1935455,1.51945232,343.5
2026-08-02T00:30:12.253+00:00,1785630609809,62816.39,62826.39,1785630610359,62882.95,62882.9,62883.0,2.37110005,0.10953304,2.77271379,0.47669599999999995,342.5
2026-08-02T00:30:14.606+00:00,1785630612501,62824.32,62834.32,1785630612709,62886.350000000006,62886.3,62886.4,2.15643512,0.76391582,2.5396610999999996,0.9453046900000001,351.3
2026-08-02T00:30:16.949+00:00,1785630614171,62822.54,62832.54,1785630615059,62889.75,62889.7,62889.8,1.4057669,0.81360189,1.7376372500000001,1.0389002600000001,341.1
2026-08-02T00:30:19.303+00:00,1785630617360,62828.25,62838.25,1785630617409,62889.75,62889.7,62889.8,1.40471732,0.81360189,1.7365876700000002,1.07901208,348.4
2026-08-02T00:30:21.655+00:00,1785630619568,62828.64,62838.64,1785630619759,62889.75,62889.7,62889.8,1.40471732,0.81360189,1.7365876600000003,1.1609069,349.9
2026-08-02T00:30:24.046+00:00,1785630621660,62826.02,62836.02,1785630622159,62889.75,62889.7,62889.8,1.40489433,0.81342392,1.7367646700000003,1.1607289299999999,388.2
2026-08-02T00:30:26.403+00:00,1785630623769,62827.19,62837.19,1785630624509,62889.75,62889.7,62889.8,0.89977062,1.26218571,1.1556794700000002,1.60949072,344.5
2026-08-02T00:30:28.756+00:00,1785630626819,62829.48,62839.48,1785630626859,62889.75,62889.7,62889.8,0.93878746,1.11167993,1.0567658199999999,1.45898494,350.5
2026-08-02T00:30:31.107+00:00,1785630628079,62825.14,62835.14,1785630629209,62889.75,62889.7,62889.8,0.93878746,1.11125538,1.0567658199999999,1.45856039,348.4
2026-08-02T00:30:33.460+00:00,1785630631358,62830.25,62840.25,1785630631559,62889.75,62889.7,62889.8,0.93878746,1.11125538,1.21805494,1.45856039,350.7
2026-08-02T00:30:35.807+00:00,1785630633688,62830.21,62840.21,1785630633909,62889.75,62889.7,62889.8,0.94625041,0.58381194,1.2837290600000002,0.8091112600000001,345.2
2026-08-02T00:30:38.154+00:00,1785630634878,62825.97,62835.97,1785630636259,62889.75,62889.7,62889.8,1.17495041,0.58381194,1.51242906,0.7455853000000001,344.1
2026-08-02T00:30:40.508+00:00,1785630638113,62823.56,62833.56,1785630638609,62889.75,62889.7,62889.8,1.17495041,0.58271079,1.51242906,0.7444841500000001,352.0
2026-08-02T00:30:42.856+00:00,1785630640145,62819.06,62829.06,1785630640959,62889.75,62889.7,62889.8,1.17813366,0.58271079,1.5156123100000003,0.7444841500000001,346.8
2026-08-02T00:30:45.201+00:00,1785630642222,62819.88,62829.88,1785630643309,62889.75,62889.7,62889.8,1.1781337,0.5674785,1.5156123500000003,0.7292518600000001,341.8
2026-08-02T00:30:47.557+00:00,1785630644486,62822.69,62832.69,1785630645659,62889.75,62889.7,62889.8,1.17762217,0.56451875,1.5151008200000002,0.72629211,351.0
2026-08-02T00:30:49.903+00:00,1785630647679,62821.93,62831.93,1785630648009,62889.75,62889.7,62889.8,1.17412194,0.5906859,1.5116005900000002,0.7524592600000001,343.2
2026-08-02T00:30:52.254+00:00,1785630649806,62822.77,62832.77,1785630650359,62889.75,62889.7,62889.8,1.17412194,0.5906859,1.5116005900000002,0.7524592600000001,348.5
2026-08-02T00:30:54.595+00:00,1785630651920,62819.69,62829.69,1785630652709,62889.75,62889.7,62889.8,1.17730523,0.58429354,1.5147838800000002,0.7460669000000001,336.3
2026-08-02T00:30:56.947+00:00,1785630654108,62818.39,62828.39,1785630655059,62889.75,62889.7,62889.8,1.17412194,0.59050521,1.5116005900000002,0.7522785700000001,337.0
2026-08-02T00:30:59.312+00:00,1785630656398,62820.46,62830.46,1785630657409,62889.75,62889.7,62889.8,1.17412194,0.59050521,1.5116005900000002,0.7522785700000001,353.4
2026-08-02T00:31:01.655+00:00,1785630659545,62824.36,62834.36,1785630659759,62889.75,62889.7,62889.8,1.21610524,0.5514109,1.4935830200000002,0.7131842600000001,340.9
2026-08-02T00:31:04.001+00:00,1785630661884,62829.29,62839.29,1785630662109,62890.45,62890.4,62890.5,2.24186882,0.61516847,2.9696531000000004,0.83243022,343.2
2026-08-02T00:31:06.354+00:00,1785630664049,62831.71,62841.71,1785630664459,62890.45,62890.4,62890.5,2.24186882,0.61606847,2.9696531000000004,0.84881038,343.8
2026-08-02T00:31:08.711+00:00,1785630666169,62831.64,62841.64,1785630666809,62890.45,62890.4,62890.5,2.24464027,0.64715978,2.9364245500000004,0.8812682000000001,354.7
2026-08-02T00:31:11.052+00:00,1785630668268,62831.58,62841.58,1785630669159,62890.45,62890.4,62890.5,2.24464027,0.64626977,2.8764445500000004,0.8803781900000001,339.2
2026-08-02T00:31:13.408+00:00,1785630669402,62831.52,62841.52,1785630671509,62890.45,62890.4,62890.5,2.28474912,0.60725748,2.9165534,0.8413659,350.2
2026-08-02T00:31:15.763+00:00,1785630672738,62831.43,62841.43,1785630673859,62890.45,62890.4,62890.5,1.26587727,1.29489751,1.44596503,1.4438727199999999,353.5
2026-08-02T00:31:18.105+00:00,1785630674966,62827.04,62837.04,1785630676209,62890.45,62890.4,62890.5,0.45461074,1.49432291,0.48777169,3.06732141,340.3
2026-08-02T00:31:20.456+00:00,1785630677506,62823.69,62833.69,1785630678559,62890.45,62890.4,62890.5,0.45094839,1.48947451,0.48410933999999994,3.06247301,348.5
2026-08-02T00:31:22.797+00:00,1785630680653,62826.97,62836.97,1785630680909,62890.45,62890.4,62890.5,1.11820345,0.94937594,1.3688340700000001,1.11032364,339.1
2026-08-02T00:31:25.158+00:00,1785630683008,62826.9,62836.9,1785630683259,62890.45,62890.4,62890.5,1.11820345,0.94826676,1.3688340700000001,1.10921446,350.8
2026-08-02T00:31:27.501+00:00,1785630685089,62826.83,62836.83,1785630685609,62890.45,62890.4,62890.5,1.27690345,0.93346643,1.5275340700000002,1.09441413,339.9
2026-08-02T00:31:29.851+00:00,1785630687148,62824.24,62834.24,1785630687959,62890.45,62890.4,62890.5,1.54823224,0.74011316,1.7345582099999999,0.9265807500000001,344.7
2026-08-02T00:31:32.213+00:00,1785630689648,62822.8,62832.8,1785630690309,62890.45,62890.4,62890.5,1.54430364,0.73812316,1.73062961,0.92459075,353.6
2026-08-02T00:31:34.557+00:00,1785630691959,62822.72,62832.72,1785630692659,62890.45,62890.4,62890.5,1.10337485,1.31265123,1.27714772,1.8977191,342.8
2026-08-02T00:31:36.910+00:00,1785630694278,62824.61,62834.61,1785630695009,62890.45,62890.4,62890.5,1.10337485,1.14395123,1.2771188,1.31334734,350.7
2026-08-02T00:31:39.254+00:00,1785630696499,62824.81,62834.81,1785630697359,62890.45,62890.4,62890.5,1.10337485,1.14370319,1.2771188,1.3130993,342.9
2026-08-02T00:31:41.608+00:00,1785630698735,62824.79,62834.79,1785630699709,62890.45,62890.4,62890.5,1.33297485,1.13551563,1.5969789199999997,1.57472304,351.1
2026-08-02T00:31:43.957+00:00,1785630701396,62829.38,62839.38,1785630702059,62893.45,62893.4,62893.5,2.0947063,0.69327703,2.41532228,0.7886919599999999,346.9
2026-08-02T00:31:46.305+00:00,1785630703595,62826.41,62836.41,1785630704409,62893.45,62893.4,62893.5,2.0947063,0.73284107,2.41532228,0.8282559999999999,346.3
2026-08-02T00:31:48.651+00:00,1785630705759,62825.85,62835.85,1785630706759,62893.45,62893.4,62893.5,2.0947063,0.73254918,2.41532228,0.8279641099999999,339.9
2026-08-02T00:31:51.001+00:00,1785630708101,62829.41,62839.41,1785630709109,62893.45,62893.4,62893.5,1.45769621,0.90505873,1.74806236,1.00047366,343.1
2026-08-02T00:31:53.358+00:00,1785630710349,62830.83,62840.83,1785630711459,62893.45,62893.4,62893.5,1.45769621,0.94418283,1.74806236,1.03959776,344.6
2026-08-02T00:31:55.710+00:00,1785630713558,62830.53,62840.53,1785630713809,62893.45,62893.4,62893.5,1.45718123,0.88527623,1.74754738,1.11205943,347.3
2026-08-02T00:31:58.056+00:00,1785630715608,62829.81,62839.81,1785630716159,62893.45,62893.4,62893.5,1.4571698,0.88527623,1.74753595,1.11205943,344.1
2026-08-02T00:32:00.409+00:00,1785630716629,62830.82,62840.82,1785630718509,62893.45,62893.4,62893.5,1.4571698,0.88527623,1.74753595,1.11205943,346.1
2026-08-02T00:32:02.758+00:00,1785630718748,62830.81,62840.81,1785630720859,62893.45,62893.4,62893.5,1.4571698,0.88519515,1.74753595,1.11197834,347.6
2026-08-02T00:32:05.104+00:00,1785630722301,62829.11,62839.11,1785630723209,62893.45,62893.4,62893.5,1.45708881,0.88516336,1.74745496,1.1119465499999999,344.1
2026-08-02T00:32:07.459+00:00,1785630725499,62830.45,62840.45,1785630725559,62893.45,62893.4,62893.5,1.45708881,0.86178257,1.65677699,1.29066715,349.5
2026-08-02T00:32:09.806+00:00,1785630727579,62829.5,62839.5,1785630727909,62893.45,62893.4,62893.5,1.45708881,0.84552893,1.65677699,1.27420816,343.8
2026-08-02T00:32:12.155+00:00,1785630729699,62828.8,62838.8,1785630730259,62893.45,62893.4,62893.5,1.45705704,0.84552893,1.6567452200000001,1.27420816,347.3
2026-08-02T00:32:14.510+00:00,1785630731908,62827.93,62837.93,1785630732609,62893.45,62893.4,62893.5,1.45705704,0.84549714,1.6567452200000001,1.27417637,352.0
2026-08-02T00:32:16.852+00:00,1785630734401,62827.33,62837.33,1785630734959,62893.45,62893.4,62893.5,1.45705704,0.73319469,1.6567452200000001,1.1618739200000001,339.9
2026-08-02T00:32:19.206+00:00,1785630736592,62821.21,62831.21,1785630737309,62893.45,62893.4,62893.5,1.3658895,0.73424553,1.5909294400000003,0.94769414,345.8
2026-08-02T00:32:21.561+00:00,1785630739123,62830.59,62840.59,1785630739659,62896.350000000006,62896.3,62896.4,1.6079748,0.75481234,2.52500503,0.8029851299999999,348.3
2026-08-02T00:32:23.922+00:00,1785630741296,62830.55,62840.55,1785630742009,62896.350000000006,62896.3,62896.4,1.16692844,0.75400876,1.7794819599999998,0.8021815499999999,358.9
2026-08-02T00:32:26.257+00:00,1785630743388,62828.3,62838.3,1785630744359,62896.350000000006,62896.3,62896.4,1.28746792,0.75400876,1.90002143,0.8021815499999999,332.9
2026-08-02T00:32:28.598+00:00,1785630746469,62826.56,62836.56,1785630746709,62896.350000000006,62896.3,62896.4,1.29562125,0.73215439,2.04699918,0.7402320400000001,339.3
2026-08-02T00:32:30.954+00:00,1785630748697,62829.25,62839.25,1785630749059,62896.350000000006,62896.3,62896.4,1.12040709,0.73215439,1.87178502,0.74023205,346.4
2026-08-02T00:32:33.311+00:00,1785630750728,62833.08,62843.08,1785630751409,62896.350000000006,62896.3,62896.4,1.12040709,0.73145972,1.87178502,0.78255671,344.9
2026-08-02T00:32:35.657+00:00,1785630752902,62833.84,62843.84,1785630753759,62896.350000000006,62896.3,62896.4,1.11972856,0.73145972,1.8711064899999998,0.78255671,344.7
2026-08-02T00:32:38.011+00:00,1785630756009,62834.18,62844.18,1785630756109,62896.350000000006,62896.3,62896.4,0.88965465,0.90245565,1.64103258,0.97110121,352.7
2026-08-02T00:32:40.358+00:00,1785630758302,62833.17,62843.17,1785630758459,62896.350000000006,62896.3,62896.4,0.85365929,0.90245565,1.6050372199999998,0.97110121,345.2
2026-08-02T00:32:42.716+00:00,1785630760501,62829.92,62839.92,1785630760809,62896.350000000006,62896.3,62896.4,0.96409873,0.90177644,1.71547666,0.970422,357.0
2026-08-02T00:32:45.060+00:00,1785630762529,62828.75,62838.75,1785630763159,62896.350000000006,62896.3,62896.4,0.9625202,1.07045578,1.49802779,1.1283966500000002,335.5
2026-08-02T00:32:47.409+00:00,1785630764670,62829.82,62839.82,1785630765509,62896.350000000006,62896.3,62896.4,0.96249327,1.07045578,1.1928206,1.1283966500000002,344.9
2026-08-02T00:32:49.768+00:00,1785630767769,62829.7,62839.7,1785630767859,62896.350000000006,62896.3,62896.4,0.87941332,0.90175578,1.10974065,0.9596966499999999,358.0
2026-08-02T00:32:52.110+00:00,1785630769856,62829.64,62839.64,1785630770209,62896.350000000006,62896.3,62896.4,0.91570868,0.90140951,1.14603601,0.95935038,341.0
2026-08-02T00:32:54.452+00:00,1785630771901,62829.61,62839.61,1785630772559,62896.350000000006,62896.3,62896.4,0.91236276,0.90128437,1.1433574800000001,0.9593183399999999,340.2
2026-08-02T00:32:56.806+00:00,1785630774216,62829.55,62839.55,1785630774909,62896.350000000006,62896.3,62896.4,0.91540517,0.90128437,1.14639989,0.9593183399999999,348.2
2026-08-02T00:32:59.157+00:00,1785630776701,62827.23,62837.23,1785630777259,62896.350000000006,62896.3,62896.4,0.85641825,0.96715409,1.0874129700000001,1.02518806,346.7
2026-08-02T00:33:01.510+00:00,1785630778832,62826.3,62836.3,1785630779609,62896.350000000006,62896.3,62896.4,1.02578797,0.96645409,1.2406215500000002,1.0068926500000002,346.2
2026-08-02T00:33:03.862+00:00,1785630780901,62826.31,62836.31,1785630781959,62896.350000000006,62896.3,62896.4,1.02578797,0.96645409,1.2406215500000002,1.0244880600000001,334.5
2026-08-02T00:33:06.209+00:00,1785630784133,62826.01,62836.01,1785630784309,62896.350000000006,62896.3,62896.4,1.02578797,0.96735409,1.2406215500000002,1.0077926500000003,346.0
2026-08-02T00:33:08.568+00:00,1785630786215,62825.74,62835.74,1785630786659,62896.350000000006,62896.3,62896.4,1.02578797,0.96735409,1.2406215500000002,1.0077926500000003,357.1
2026-08-02T00:33:10.908+00:00,1785630788226,62825.36,62835.36,1785630789009,62896.350000000006,62896.3,62896.4,1.02563073,0.96735409,1.2404643100000001,1.0077926500000003,338.7
2026-08-02T00:33:13.261+00:00,1785630790405,62823.27,62833.27,1785630791359,62896.350000000006,62896.3,62896.4,1.02563073,0.96735409,1.2404643100000001,1.0077926500000003,350.7
2026-08-02T00:33:15.620+00:00,1785630792575,62822.69,62832.69,1785630793709,62896.350000000006,62896.3,62896.4,1.02557402,0.96735409,1.2404076000000002,1.0077926500000003,356.0
2026-08-02T00:33:17.961+00:00,1785630795869,62821.28,62831.28,1785630796059,62896.350000000006,62896.3,62896.4,1.08557402,0.96841138,1.3004076,1.0088499400000002,337.7
2026-08-02T00:33:20.310+00:00,1785630798143,62821.26,62831.26,1785630798409,62896.350000000006,62896.3,62896.4,0.74576486,1.12622149,0.88617149,1.1744057600000002,347.2
2026-08-02T00:33:22.661+00:00,1785630800178,62821.24,62831.24,1785630800759,62896.350000000006,62896.3,62896.4,0.91446486,0.96841138,1.05489374,1.0165956500000002,348.7
2026-08-02T00:33:25.005+00:00,1785630802254,62821.18,62831.18,1785630803109,62896.350000000006,62896.3,62896.4,0.74576486,0.97127837,0.88619374,1.0194626400000002,338.6
2026-08-02T00:33:27.348+00:00,1785630803350,62821.16,62831.16,1785630805459,62896.350000000006,62896.3,62896.4,1.11133458,0.96629991,1.25176346,1.0144841800000002,336.2
2026-08-02T00:33:29.713+00:00,1785630807476,62821.08,62831.08,1785630807809,62896.350000000006,62896.3,62896.4,1.11133458,0.96629991,1.25176346,1.0144841800000002,352.6
2026-08-02T00:33:32.059+00:00,1785630809629,62823.03,62833.03,1785630810159,62896.350000000006,62896.3,62896.4,0.94263458,1.02629991,1.08306346,1.0744841800000002,343.0
2026-08-02T00:33:34.411+00:00,1785630811668,62825.17,62835.17,1785630812509,62896.350000000006,62896.3,62896.4,1.11133458,1.02674837,1.25176346,1.07493264,350.1
2026-08-02T00:33:36.759+00:00,1785630813798,62823.53,62833.53,1785630814859,62896.350000000006,62896.3,62896.4,1.11133458,0.96356526,1.25176346,1.01174954,346.9
2026-08-02T00:33:39.110+00:00,1785630817068,62822.19,62832.19,1785630817209,62896.350000000006,62896.3,62896.4,1.17833458,0.552092,1.4875185,0.60026128,349.0
2026-08-02T00:33:41.464+00:00,1785630819328,62823.37,62833.37,1785630819559,62896.350000000006,62896.3,62896.4,1.17820739,0.552092,1.4642076000000002,0.60026128,350.4
2026-08-02T00:33:43.813+00:00,1785630821432,62822.8,62832.8,1785630821909,62896.350000000006,62896.3,62896.4,1.1877497,0.552092,1.47374991,0.76158612,348.3
2026-08-02T00:33:46.165+00:00,1785630824021,62835.47,62845.47,1785630824259,62899.75,62899.7,62899.8,1.7444431,0.63450789,2.07358179,0.86046981,350.2
2026-08-02T00:33:48.512+00:00,1785630826301,62834.41,62844.41,1785630826609,62899.75,62899.7,62899.8,1.7413312,0.66640211,2.3474144800000003,0.8918086900000001,345.3
2026-08-02T00:33:50.859+00:00,1785630828401,62836.91,62846.91,1785630828959,62899.75,62899.7,62899.8,1.7413312,0.66640211,2.3474144800000003,0.8918087,345.0
2026-08-02T00:33:53.211+00:00,1785630830438,62836.9,62846.9,1785630831309,62899.75,62899.7,62899.8,1.7413312,0.11637976,2.3474144800000003,0.34178634999999996,349.6
2026-08-02T00:33:55.552+00:00,1785630832769,62835.77,62845.77,1785630833659,62899.75,62899.7,62899.8,1.74659945,0.07609813,2.07573814,0.43375968,339.4
2026-08-02T00:33:57.914+00:00,1785630835960,62833.91,62843.91,1785630836009,62899.75,62899.7,62899.8,1.74594245,0.07609813,2.07508114,0.4493931,348.7
2026-08-02T00:34:00.260+00:00,1785630838208,62836.66,62846.66,1785630838359,62903.850000000006,62903.8,62903.9,2.42733673,0.66640704,2.99820819,0.91473695,344.9
2026-08-02T00:34:02.611+00:00,1785630840334,62836.6,62846.6,1785630840709,62903.850000000006,62903.8,62903.9,0.67922149,1.4091868,0.85478822,1.8232229199999999,348.4
2026-08-02T00:34:04.956+00:00,1785630842399,62833.36,62843.36,1785630843059,62903.850000000006,62903.8,62903.9,1.23749678,1.43923977,1.3772435100000002,2.03926024,342.8
2026-08-02T00:34:07.312+00:00,1785630844517,62836.33,62846.33,1785630845409,62903.850000000006,62903.8,62903.9,1.23749678,1.43903428,1.3772435100000002,1.73456316,347.3
2026-08-02T00:34:09.657+00:00,1785630847654,62835.33,62845.33,1785630847759,62903.850000000006,62903.8,62903.9,1.23816402,1.43903428,1.37791075,1.73456316,343.7
2026-08-02T00:34:12.008+00:00,1785630849771,62838.65,62848.65,1785630850109,62903.850000000006,62903.8,62903.9,1.23816402,1.43903428,1.37791075,1.73456316,345.5
2026-08-02T00:34:14.364+00:00,1785630851671,62837.43,62847.43,1785630852459,62903.850000000006,62903.8,62903.9,1.24348464,0.70896661,1.51167857,1.04821568,351.5
2026-08-02T00:34:16.711+00:00,1785630853860,62842.53,62852.53,1785630854809,62903.850000000006,62903.8,62903.9,1.24348464,1.05411459,1.51167857,1.35725247,345.0
2026-08-02T00:34:19.065+00:00,1785630856458,62838.61,62848.61,1785630857159,62903.850000000006,62903.8,62903.9,1.24348464,0.8825247,1.38323137,1.1606898200000002,351.8
2026-08-02T00:34:21.412+00:00,1785630858527,62852.02,62862.02,1785630859509,62915.55,62915.5,62915.6,1.22217756,1.30450575,1.2923636299999999,1.3547924699999998,344.0
2026-08-02T00:34:23.765+00:00,1785630861721,62849.2,62859.2,1785630861859,62913.25,62913.2,62913.3,0.07742388,2.81625788,0.15547037,3.6917249500000002,350.8
2026-08-02T00:34:26.112+00:00,1785630863889,62845.39,62855.39,1785630864209,62913.25,62913.2,62913.3,0.62836273,2.78029673,0.7064092200000001,4.54124264,343.9
2026-08-02T00:34:28.463+00:00,1785630866034,62844.3,62854.3,1785630866559,62913.25,62913.2,62913.3,0.62746273,2.78129715,0.70550922,4.50624306,349.6
2026-08-02T00:34:30.814+00:00,1785630868491,62845.87,62855.87,1785630868909,62913.25,62913.2,62913.3,0.62746273,2.78129715,0.70550922,3.4176870700000004,350.1
2026-08-02T00:34:33.165+00:00,1785630870538,62848.43,62858.43,1785630871259,62913.25,62913.2,62913.3,0.62746273,2.78129715,0.70550922,3.4177169,349.4
2026-08-02T00:34:35.514+00:00,1785630871612,62849.3,62859.3,1785630873609,62913.25,62913.2,62913.3,0.62669978,2.78129715,0.7047462700000001,3.4177169,347.6
2026-08-02T00:34:37.861+00:00,1785630875824,62848.83,62858.83,1785630875959,62913.25,62913.2,62913.3,0.99205503,2.18728714,1.09335662,3.8048180700000005,345.4
2026-08-02T00:34:40.214+00:00,1785630877988,62847.9,62857.9,1785630878309,62913.25,62913.2,62913.3,0.99205503,2.18728714,1.09335662,3.83402899,352.4
2026-08-02T00:34:42.563+00:00,1785630880301,62846.52,62856.52,1785630880659,62913.25,62913.2,62913.3,0.99180456,1.90443597,1.0931061499999999,3.5523133099999997,346.8
2026-08-02T00:34:44.907+00:00,1785630882502,62843.53,62853.53,1785630883009,62913.25,62913.2,62913.3,0.99180456,1.7348252,1.06985105,3.3827025400000004,340.4
2026-08-02T00:34:47.264+00:00,1785630884719,62847.55,62857.55,1785630885359,62913.25,62913.2,62913.3,0.99180456,1.7348252,1.06985105,3.3523561299999995,347.3
2026-08-02T00:34:49.615+00:00,1785630887019,62846.05,62856.05,1785630887709,62913.25,62913.2,62913.3,0.99180456,1.7348252,1.0931061499999999,3.3824698800000004,348.1
2026-08-02T00:34:52.012+00:00,1785630890042,62847.39,62857.39,1785630890109,62913.25,62913.2,62913.3,0.91616798,1.7348252,0.93623851,3.3824698800000004,395.4
2026-08-02T00:34:54.361+00:00,1785630891188,62848.52,62858.52,1785630892459,62913.25,62913.2,62913.3,0.91526798,1.7348252,0.93533851,3.3523561299999995,345.4
2026-08-02T00:34:56.716+00:00,1785630894223,62814.86,62824.86,1785630894809,62879.75,62879.7,62879.8,1.16243351,0.9780982,1.18360885,1.86236048,347.6
2026-08-02T00:34:59.065+00:00,1785630895284,62815.38,62825.38,1785630897159,62879.75,62879.7,62879.8,0.95451521,0.97248884,0.9756905499999999,1.85675112,348.5
2026-08-02T00:35:01.416+00:00,1785630898568,62815.39,62825.39,1785630899509,62879.75,62879.7,62879.8,1.12321521,0.95138884,1.1443905499999998,1.83565115,349.1
2026-08-02T00:35:03.767+00:00,1785630901710,62813.9,62823.9,1785630901859,62879.75,62879.7,62879.8,1.71078636,0.68961523,1.7319616999999998,0.959201,349.7
2026-08-02T00:35:06.119+00:00,1785630903970,62815.43,62825.43,1785630904209,62879.75,62879.7,62879.8,1.71058129,0.64618221,1.7317566299999998,0.9153685199999999,350.5
2026-08-02T00:35:08.457+00:00,1785630906171,62814.93,62824.93,1785630906559,62879.75,62879.7,62879.8,0.518071,1.10771336,0.5392463399999999,1.3892,333.7
2026-08-02T00:35:10.859+00:00,1785630908400,62814.83,62824.83,1785630908959,62879.75,62879.7,62879.8,0.84248287,0.8427949,0.86365821,1.13187029,390.6
2026-08-02T00:35:13.212+00:00,1785630910561,62814.33,62824.33,1785630911309,62879.75,62879.7,62879.8,0.3549631,1.1929973,0.37613844,1.5493092,347.7
2026-08-02T00:35:15.557+00:00,1785630913608,62811.5,62821.5,1785630913651,62878.350000000006,62878.3,62878.4,0.12001035,2.04759698,0.17592147,2.80063436,342.6
2026-08-02T00:35:17.908+00:00,1785630915633,62811.72,62821.72,1785630916001,62878.350000000006,62878.3,62878.4,0.12001035,2.0887641,0.12934066,2.8418014800000004,348.2
2026-08-02T00:35:20.253+00:00,1785630917584,62803.82,62813.82,1785630918351,62873.75,62873.7,62873.8,0.49734378,1.80198272,0.55696124,2.1720037,344.0
2026-08-02T00:35:22.609+00:00,1785630920645,62808.64,62818.64,1785630920701,62873.75,62873.7,62873.8,0.3246776,1.80046092,0.38429505999999997,2.1704819,352.7
2026-08-02T00:35:25.956+00:00,1785630923969,62808.07,62818.07,1785630924051,62873.75,62873.7,62873.8,0.3237776,1.79875092,0.38339505999999995,1.8581891400000001,1345.4
2026-08-02T00:35:29.306+00:00,1785630927123,62806.19,62816.19,1785630927401,62873.75,62873.7,62873.8,0.3237776,1.63005092,0.38339505999999995,1.6896548200000001,1347.1
2026-08-02T00:35:31.654+00:00,1785630929400,62802.83,62812.83,1785630929751,62873.75,62873.7,62873.8,0.42762814,1.63005092,0.48724559999999995,1.68970342,346.1
2026-08-02T00:35:34.236+00:00,1785630931507,62809.04,62819.04,1785630932101,62871.649999999994,62871.6,62871.7,0.49982774,2.25357586,0.5027232799999999,2.6340783500000002,579.4
2026-08-02T00:35:36.611+00:00,1785630932607,62809.06,62819.06,1785630934701,62871.649999999994,62871.6,62871.7,0.56627226,2.08367816,0.5691677999999999,2.46418065,373.3
2026-08-02T00:35:38.955+00:00,1785630936504,62799.51,62809.51,1785630937051,62871.649999999994,62871.6,62871.7,0.17445118,2.14541597,0.17734672,2.4714579000000003,343.0
2026-08-02T00:35:41.304+00:00,1785630939230,62800.52,62810.52,1785630939401,62871.649999999994,62871.6,62871.7,0.45753118,2.08054894,0.45893672,2.3817281099999996,346.1
2026-08-02T00:35:43.658+00:00,1785630941434,62801.85,62811.85,1785630941751,62871.649999999994,62871.6,62871.7,0.00063064,2.16636679,0.00848952,2.46754596,352.3
2026-08-02T00:35:46.001+00:00,1785630943144,62794.49,62804.49,1785630944101,62859.850000000006,62859.8,62859.9,0.34059565,1.96742459,0.4106089,2.76286566,340.6
2026-08-02T00:35:48.359+00:00,1785630946297,62790.79,62800.79,1785630946451,62859.850000000006,62859.8,62859.9,0.32829531,1.96742459,0.32979494,2.76286566,349.0
2026-08-02T00:35:50.708+00:00,1785630948404,62793.69,62803.69,1785630948801,62859.850000000006,62859.8,62859.9,0.04270444,1.96398437,0.044204070000000005,2.02365719,343.1
2026-08-02T00:35:53.056+00:00,1785630950619,62792.1,62802.1,1785630951151,62859.850000000006,62859.8,62859.9,0.32828444,1.96398437,0.32978407,2.02365452,346.7
2026-08-02T00:35:55.398+00:00,1785630952744,62792.46,62802.46,1785630953501,62859.850000000006,62859.8,62859.9,0.32806519,1.77582984,0.32956482,1.8641983000000002,339.8
2026-08-02T00:35:57.757+00:00,1785630955434,62793.97,62803.97,1785630955851,62859.850000000006,62859.8,62859.9,0.32716519,1.77423901,0.32866481999999997,1.86275094,349.5
2026-08-02T00:36:00.109+00:00,1785630957844,62794.06,62804.06,1785630958201,62859.850000000006,62859.8,62859.9,0.32806519,1.72911245,0.32956482,1.8577509399999999,349.7
2026-08-02T00:36:02.458+00:00,1785630960141,62794.19,62804.19,1785630960551,62859.850000000006,62859.8,62859.9,0.38806519,1.72911245,0.38956482,1.8577509399999999,347.1
2026-08-02T00:36:04.804+00:00,1785630961934,62799.87,62809.87,1785630962901,62859.850000000006,62859.8,62859.9,1.47618176,0.63741182,1.47768139,0.70514979,344.2
2026-08-02T00:36:07.156+00:00,1785630965208,62801.18,62811.18,1785630965251,62859.850000000006,62859.8,62859.9,1.47618176,0.63741182,1.51781132,0.70514979,346.1
2026-08-02T00:36:15.259+00:00,1785630972640,62798.72,62808.72,1785630973351,62859.95,62859.9,62860.0,2.9780804,0.64711748,3.1634262,0.87383546,326.0
2026-08-02T00:36:17.599+00:00,1785630974677,62797.26,62807.26,1785630975701,62859.95,62859.9,62860.0,2.60138378,0.64817452,2.66270881,0.8748925000000001,338.1
2026-08-02T00:36:22.909+00:00,1785630980767,62793.47,62803.47,1785630981001,62859.95,62859.9,62860.0,2.60125254,0.64808749,2.75032598,0.8748054200000001,352.5
2026-08-02T00:36:31.161+00:00,1785630988382,62801.59,62811.59,1785630989251,62859.95,62859.9,62860.0,2.60025281,0.67555439,2.74932625,1.0537700799999998,343.7
2026-08-02T00:36:33.507+00:00,1785630990574,62801.61,62811.61,1785630991601,62859.95,62859.9,62860.0,2.60025281,0.67555439,2.74932625,0.8933509299999999,343.3
2026-08-02T00:36:35.960+00:00,1785630991692,62801.64,62811.64,1785630994001,62859.95,62859.9,62860.0,2.59994067,0.67378857,2.74901411,0.89158511,451.4
2026-08-02T00:36:38.364+00:00,1785630995826,62801.7,62811.7,1785630996451,62859.95,62859.9,62860.0,2.59893751,0.67478905,2.74801095,0.93269923,400.5
2026-08-02T00:36:40.710+00:00,1785630997985,62801.71,62811.71,1785630998801,62859.95,62859.9,62860.0,2.59733238,0.67478905,2.74640582,0.93269923,343.9
2026-08-02T00:36:43.064+00:00,1785631001064,62794.73,62804.73,1785631001151,62859.95,62859.9,62860.0,2.33909167,0.67478905,2.45994621,0.93269923,352.1
2026-08-02T00:36:45.410+00:00,1785631003224,62801.79,62811.79,1785631003501,62859.95,62859.9,62860.0,2.33898032,0.67478905,2.45983486,0.93269923,345.5
2026-08-02T00:36:47.759+00:00,1785631005364,62800.07,62810.07,1785631005851,62859.95,62859.9,62860.0,2.33898032,0.67478905,2.4602151699999997,1.08512462,347.1
2026-08-02T00:36:50.107+00:00,1785631007473,62797.39,62807.39,1785631008201,62859.95,62859.9,62860.0,2.17028032,0.63807436,2.2915151699999994,0.89560548,346.0
2026-08-02T00:36:52.457+00:00,1785631009623,62797.22,62807.22,1785631010551,62859.95,62859.9,62860.0,2.17028032,0.63347895,2.2915151699999994,0.89101007,346.8
2026-08-02T00:36:54.809+00:00,1785631011763,62800.56,62810.56,1785631012901,62859.95,62859.9,62860.0,2.17028032,0.63727895,2.2915151699999994,0.89481007,349.8
2026-08-02T00:36:57.157+00:00,1785631014031,62801.89,62811.89,1785631015251,62859.95,62859.9,62860.0,2.16866725,0.63727895,2.2899020999999995,0.8948100800000001,342.5
2026-08-02T00:36:59.500+00:00,1785631014031,62801.89,62811.89,1785631017601,62859.95,62859.9,62860.0,2.16866725,0.63347895,2.2899020999999995,0.89101008,341.3
2026-08-02T00:37:01.849+00:00,1785631018389,62801.9,62811.9,1785631019951,62859.95,62859.9,62860.0,2.16866725,0.63727895,2.2899020999999995,0.8948100800000001,332.0
2026-08-02T00:37:04.208+00:00,1785631021450,62800.9,62810.9,1785631022301,62859.95,62859.9,62860.0,2.16866725,0.63727895,2.2899020999999995,0.8948100800000001,340.3
2026-08-02T00:37:06.560+00:00,1785631024518,62799.87,62809.87,1785631024651,62859.95,62859.9,62860.0,2.16866725,0.67070858,2.2899020999999995,0.9282397099999999,350.8
2026-08-02T00:37:08.908+00:00,1785631024518,62799.87,62809.87,1785631027001,62859.95,62859.9,62860.0,2.16866725,0.67070858,2.2899020999999995,0.9282397099999999,344.9
2026-08-02T00:37:11.260+00:00,1785631024518,62799.87,62809.87,1785631029351,62859.95,62859.9,62860.0,2.16866725,0.65337858,2.2899020999999995,0.9109097100000001,349.4
2026-08-02T00:37:13.605+00:00,1785631030779,62799.96,62809.96,1785631031701,62859.95,62859.9,62860.0,2.15060968,0.65337858,2.2718445299999996,0.9109097100000001,343.2
2026-08-02T00:37:15.960+00:00,1785631033187,62800.44,62810.44,1785631034051,62859.95,62859.9,62860.0,2.13565226,0.61435858,2.2568871099999996,0.87188971,344.3
2026-08-02T00:37:18.311+00:00,1785631034319,62801.94,62811.94,1785631036401,62859.95,62859.9,62860.0,2.13455092,0.61250613,2.1967407399999996,0.8700372599999999,349.8
2026-08-02T00:37:20.656+00:00,1785631036482,62801.95,62811.95,1785631038751,62859.95,62859.9,62860.0,2.13455092,0.65140613,2.1967407399999996,1.0545797600000002,342.7
2026-08-02T00:37:25.561+00:00,1785631042962,62801.96,62811.96,1785631043651,62859.95,62859.9,62860.0,2.13455092,0.99527781,2.1958225899999997,1.2528091000000001,366.3
2026-08-02T00:37:27.912+00:00,1785631045176,62801.97,62811.97,1785631046001,62859.95,62859.9,62860.0,2.13176771,0.61047733,2.1930393799999996,0.8278789599999999,349.0
2026-08-02T00:37:30.260+00:00,1785631048205,62801.79,62811.79,1785631048351,62859.95,62859.9,62860.0,2.13176771,0.61427733,2.1930393799999996,0.83167896,346.3
2026-08-02T00:37:32.621+00:00,1785631050362,62800.21,62810.21,1785631050701,62859.95,62859.9,62860.0,2.12534062,1.15362197,2.1866122899999993,1.4241133600000002,357.7
2026-08-02T00:37:34.960+00:00,1785631052490,62797.7,62807.7,1785631053051,62859.95,62859.9,62860.0,0.91823121,1.15362197,0.91950288,1.4669472300000004,336.0
2026-08-02T00:37:37.310+00:00,1785631055279,62793.45,62803.45,1785631055401,62859.95,62859.9,62860.0,1.0907439,1.15580635,1.0920493500000001,1.47726185,347.4
2026-08-02T00:37:39.663+00:00,1785631057691,62791.53,62801.53,1785631057751,62859.95,62859.9,62860.0,0.91823121,1.15580635,0.91953666,1.47726185,350.4
2026-08-02T00:37:42.010+00:00,1785631059770,62792.56,62802.56,1785631060101,62859.95,62859.9,62860.0,0.91823121,1.15580635,0.91953666,1.4771774400000002,345.4
2026-08-02T00:37:44.361+00:00,1785631061972,62794.7,62804.7,1785631062451,62859.95,62859.9,62860.0,0.97857145,0.99462014,0.9798769,1.3159912300000003,348.4
2026-08-02T00:37:46.704+00:00,1785631064047,62795.22,62805.22,1785631064801,62859.95,62859.9,62860.0,0.99178144,0.98304994,0.99308689,1.2805379300000002,342.2
2026-08-02T00:37:49.059+00:00,1785631066116,62787.48,62797.48,1785631067151,62859.95,62859.9,62860.0,0.99178144,1.15346066,0.99308689,1.45094865,346.8
2026-08-02T00:37:51.418+00:00,1785631068169,62795.22,62805.22,1785631069501,62859.95,62859.9,62860.0,0.99170463,1.15330066,0.99301008,1.45078865,353.5
2026-08-02T00:37:53.761+00:00,1785631071282,62790.51,62800.51,1785631071851,62859.95,62859.9,62860.0,0.99009632,1.15330066,0.99136882,1.45078865,339.8
2026-08-02T00:37:56.112+00:00,1785631073496,62794.69,62804.69,1785631074201,62859.95,62859.9,62860.0,0.99009632,1.00848323,0.99136882,1.30597122,347.5
2026-08-02T00:37:58.457+00:00,1785631075696,62793.95,62803.95,1785631076551,62859.95,62859.9,62860.0,0.99131191,1.17718323,0.99258441,1.47467122,343.0
2026-08-02T00:38:00.816+00:00,1785631078093,62793.08,62803.08,1785631078901,62859.95,62859.9,62860.0,0.99009632,1.01673279,0.99136882,1.31422078,352.0
2026-08-02T00:38:03.161+00:00,1785631081206,62792.66,62802.66,1785631081251,62859.95,62859.9,62860.0,0.97688633,1.23772198,0.97815883,1.5352099700000001,343.1
2026-08-02T00:38:05.510+00:00,1785631083258,62794.67,62804.67,1785631083601,62859.95,62859.9,62860.0,0.96202654,1.2373383,0.96329904,1.53482629,345.2
2026-08-02T00:38:07.863+00:00,1785631085535,62794.48,62804.48,1785631085951,62859.95,62859.9,62860.0,0.96202654,1.1742631,0.96329904,1.47175111,350.8
2026-08-02T00:38:10.213+00:00,1785631087691,62793.25,62803.25,1785631088301,62859.95,62859.9,62860.0,0.97793493,1.1742631,0.97920743,1.47175111,348.3
2026-08-02T00:38:12.564+00:00,1785631089906,62797.37,62807.37,1785631090651,62859.95,62859.9,62860.0,0.97793493,1.1742631,0.97920743,1.47175111,349.6
2026-08-02T00:38:14.913+00:00,1785631092015,62796.23,62806.23,1785631093001,62859.95,62859.9,62860.0,0.975739,1.1742631,0.9770115,1.47175111,347.3
2026-08-02T00:38:17.315+00:00,1785631095295,62796.09,62806.09,1785631095401,62859.95,62859.9,62860.0,0.975739,1.17276643,0.9770115,1.4702544400000002,399.2
2026-08-02T00:38:19.670+00:00,1785631097425,62796.56,62806.56,1785631097751,62859.95,62859.9,62860.0,0.975739,1.17115014,0.9770115,1.46863815,353.2
2026-08-02T00:38:22.064+00:00,1785631100126,62790.99,62800.99,1785631100151,62859.95,62859.9,62860.0,1.00934101,1.01558513,1.01158621,1.3130731400000002,390.4
2026-08-02T00:38:24.412+00:00,1785631102443,62790.94,62800.94,1785631102501,62859.95,62859.9,62860.0,1.00934101,1.01558513,1.07319506,1.3130731400000002,346.8
2026-08-02T00:38:26.761+00:00,1785631103774,62792.63,62802.63,1785631104851,62859.95,62859.9,62860.0,1.00934101,1.01558503,1.07319506,1.3130730400000001,346.9
2026-08-02T00:38:29.111+00:00,1785631106394,62789.67,62799.67,1785631107201,62859.95,62859.9,62860.0,1.00139955,1.17593489,1.0652536,1.4734229,348.3
2026-08-02T00:38:31.465+00:00,1785631108554,62790.96,62800.96,1785631109551,62859.95,62859.9,62860.0,1.00139955,1.15205242,1.0652536,1.4734229,351.8
2026-08-02T00:38:33.812+00:00,1785631111708,62793.48,62803.48,1785631111901,62859.95,62859.9,62860.0,0.99709955,0.99270305,1.0609536,1.29575686,341.1
2026-08-02T00:38:36.164+00:00,1785631114024,62793.36,62803.36,1785631114251,62859.95,62859.9,62860.0,0.99709955,0.99268715,1.0609536,1.30719645,351.0
2026-08-02T00:38:38.504+00:00,1785631116191,62790.37,62800.37,1785631116601,62859.95,62859.9,62860.0,0.99610001,1.02968764,1.05995406,1.34419694,338.4
2026-08-02T00:38:40.859+00:00,1785631118283,62789.56,62799.56,1785631118951,62859.95,62859.9,62860.0,0.99610001,1.09207772,1.05995406,1.4065871000000003,343.0
2026-08-02T00:38:43.213+00:00,1785631120684,62794.86,62804.86,1785631121301,62859.95,62859.9,62860.0,0.9590017,0.99207772,1.02285575,1.3065871000000002,351.6
2026-08-02T00:38:45.554+00:00,1785631123430,62792.7,62802.7,1785631123651,62859.95,62859.9,62860.0,0.9590017,0.99207772,1.02285575,1.3065871000000002,336.7
2026-08-02T00:38:47.907+00:00,1785631125696,62794.9,62804.9,1785631126001,62859.95,62859.9,62860.0,0.95209381,0.99207772,1.01594786,1.3065871000000002,344.3
2026-08-02T00:38:50.263+00:00,1785631127753,62791.73,62801.73,1785631128351,62859.95,62859.9,62860.0,0.95197376,0.99207772,0.95421896,1.3065871000000002,350.3
2026-08-02T00:38:52.607+00:00,1785631129901,62785.72,62795.72,1785631130701,62859.95,62859.9,62860.0,0.24921454,1.88573198,0.25145974000000004,2.2363734400000004,341.0
2026-08-02T00:38:54.964+00:00,1785631132375,62794.57,62804.57,1785631133051,62859.95,62859.9,62860.0,0.35679454,1.5200066,0.35903974,1.80511673,350.5
2026-08-02T00:38:57.316+00:00,1785631134404,62790.41,62800.41,1785631135401,62859.95,62859.9,62860.0,0.40035427,1.22679823,0.40259947,1.5119083599999998,349.7
2026-08-02T00:38:59.657+00:00,1785631137534,62790.75,62800.75,1785631137751,62859.95,62859.9,62860.0,0.21396734,1.37419213,0.21621254,1.6616992,338.9
2026-08-02T00:39:02.010+00:00,1785631139652,62790.75,62800.75,1785631140101,62859.95,62859.9,62860.0,0.28956734,1.21807747,0.29181254,1.97149441,344.7
2026-08-02T00:39:04.363+00:00,1785631141693,62791.48,62801.48,1785631142451,62859.95,62859.9,62860.0,0.80445066,1.00171776,0.8066844999999999,1.7551347,349.7
2026-08-02T00:39:06.709+00:00,1785631143751,62794.83,62804.83,1785631144801,62859.95,62859.9,62860.0,0.839509,0.99992185,0.8417428399999999,1.75333879,344.6
2026-08-02T00:39:09.064+00:00,1785631146228,62790.48,62800.48,1785631147151,62859.95,62859.9,62860.0,0.839509,0.99992185,0.8417428399999999,1.75333879,349.7
2026-08-02T00:39:11.410+00:00,1785631149408,62790.12,62800.12,1785631149501,62859.95,62859.9,62860.0,0.83790069,1.00154183,0.8401345299999999,1.75495877,343.7
2026-08-02T00:39:13.765+00:00,1785631151534,62791.29,62801.29,1785631151851,62859.95,62859.9,62860.0,0.21225903,1.27213858,0.21449286999999997,2.02555552,347.9
2026-08-02T00:39:16.117+00:00,1785631153577,62793.74,62803.74,1785631154201,62859.95,62859.9,62860.0,0.29165903,1.00154183,0.29389287,1.75495877,350.7
2026-08-02T00:39:18.455+00:00,1785631155843,62791.58,62801.58,1785631156551,62859.95,62859.9,62860.0,0.84170069,1.00053858,0.84393453,1.7539555199999999,336.7
2026-08-02T00:39:20.828+00:00,1785631157983,62792.21,62802.21,1785631158901,62859.95,62859.9,62860.0,0.83764445,1.00053858,0.8398782899999999,1.7539555199999999,361.6
2026-08-02T00:39:23.166+00:00,1785631160341,62791.62,62801.62,1785631161251,62859.95,62859.9,62860.0,0.83764445,1.00053858,0.8398782899999999,1.7539555199999999,334.2
2026-08-02T00:39:25.515+00:00,1785631163449,62794.13,62804.13,1785631163601,62859.95,62859.9,62860.0,0.79714445,1.00053858,0.7993782899999999,1.7539555199999999,346.9
2026-08-02T00:39:27.864+00:00,1785631165521,62795.28,62805.28,1785631165951,62859.95,62859.9,62860.0,0.79706515,1.00063218,0.7992989899999999,1.75404912,348.2
2026-08-02T00:39:30.204+00:00,1785631167615,62794.88,62804.88,1785631168301,62859.95,62859.9,62860.0,0.28544787,1.21522697,0.28768171,1.96864391,337.4
2026-08-02T00:39:34.420+00:00,1785631171866,62789.01,62799.01,1785631172501,62859.95,62859.9,62860.0,0.28465142,1.06063218,0.28688526,1.81404912,338.0
2026-08-02T00:39:36.763+00:00,1785631173996,62791.31,62801.31,1785631174851,62859.95,62859.9,62860.0,0.20905142,1.23806942,0.21128525999999997,1.99148636,341.5
2026-08-02T00:39:39.111+00:00,1785631176245,62794.92,62804.92,1785631177201,62859.95,62859.9,62860.0,0.20805093,1.40757223,0.21028476999999998,2.16098917,346.3
2026-08-02T00:39:41.466+00:00,1785631178429,62792.23,62802.23,1785631179551,62859.95,62859.9,62860.0,0.20805093,1.40757223,0.21028476999999998,2.16098917,350.3
2026-08-02T00:39:43.816+00:00,1785631181697,62794.24,62804.24,1785631181901,62859.95,62859.9,62860.0,0.20805093,1.51092352,0.21028476999999998,2.26434046,347.7
2026-08-02T00:39:46.161+00:00,1785631182824,62794.41,62804.41,1785631184251,62859.95,62859.9,62860.0,0.20725165,1.23092352,0.20948549,1.9843404599999999,344.0
2026-08-02T00:39:48.511+00:00,1785631186519,62793.12,62803.12,1785631186601,62859.95,62859.9,62860.0,0.20625211,1.22374732,0.20848594999999998,1.9462641999999999,348.0
2026-08-02T00:39:50.863+00:00,1785631188553,62792.3,62802.3,1785631188951,62859.95,62859.9,62860.0,0.20625211,1.23092145,0.20848594999999998,1.95343834,347.8
2026-08-02T00:39:53.213+00:00,1785631190706,62793.28,62803.28,1785631191301,62859.95,62859.9,62860.0,0.20306629,1.27415296,0.20530013,1.9966698499999997,348.5
2026-08-02T00:39:55.564+00:00,1785631193124,62791.8,62801.8,1785631193651,62859.95,62859.9,62860.0,0.20306629,1.27415296,0.20530013,1.99666986,347.6
2026-08-02T00:39:57.907+00:00,1785631195296,62794.52,62804.52,1785631196001,62859.95,62859.9,62860.0,0.20290959,1.30563257,0.20514343,2.0281494899999997,341.6
2026-08-02T00:40:00.265+00:00,1785631197456,62791.02,62801.02,1785631198351,62859.95,62859.9,62860.0,0.75295125,1.10414836,0.7551850899999999,1.8575652999999999,348.4
2026-08-02T00:40:02.599+00:00,1785631200504,62792.7,62802.7,1785631200701,62859.95,62859.9,62860.0,0.75903383,1.10353836,0.76126767,1.8569552999999999,329.7
2026-08-02T00:40:04.914+00:00,1785631202080,62796.04,62806.04,1785631203001,62859.95,62859.9,62860.0,1.22435651,0.77788794,1.2265903500000002,1.02303258,299.9
2026-08-02T00:40:07.265+00:00,1785631204211,62798.92,62808.92,1785631205351,62859.95,62859.9,62860.0,1.22435651,0.81885745,1.2265903500000002,1.0640020899999998,345.4
2026-08-02T00:40:09.613+00:00,1785631207523,62801.42,62811.42,1785631207701,62859.95,62859.9,62860.0,1.22435651,0.09793674,1.2336076500000002,0.30080754000000004,340.2
2026-08-02T00:40:11.965+00:00,1785631209725,62801.98,62811.98,1785631210051,62859.95,62859.9,62860.0,1.22435651,0.65219188,1.23362359,0.8681047700000001,347.5
2026-08-02T00:40:14.317+00:00,1785631211834,62799.66,62809.66,1785631212401,62859.95,62859.9,62860.0,1.22435651,0.65219188,1.23362359,0.8553391100000001,350.1
2026-08-02T00:40:16.657+00:00,1785631214154,62799.75,62809.75,1785631214751,62859.95,62859.9,62860.0,1.22435651,0.65219188,1.23362359,0.8553391100000001,338.0
2026-08-02T00:40:19.010+00:00,1785631216259,62801.78,62811.78,1785631217101,62859.95,62859.9,62860.0,1.22435651,0.67637741,1.23362359,0.8795246400000001,343.5
2026-08-02T00:40:21.367+00:00,1785631219415,62800.01,62810.01,1785631219451,62859.95,62859.9,62860.0,1.22435651,0.12639409,1.2936235900000002,0.32954132,350.3
2026-08-02T00:40:23.710+00:00,1785631221513,62799.25,62809.25,1785631221801,62859.95,62859.9,62860.0,1.22435651,0.67643575,1.45265411,0.8795829800000001,341.6
2026-08-02T00:40:26.063+00:00,1785631223621,62799.27,62809.27,1785631224151,62859.95,62859.9,62860.0,1.18835651,0.88403575,1.37771737,1.09561719,348.1
2026-08-02T00:40:28.413+00:00,1785631225645,62798.99,62808.99,1785631226501,62859.95,62859.9,62860.0,1.18835651,0.74808656,1.37771737,0.9596680000000001,338.7
2026-08-02T00:40:30.767+00:00,1785631227765,62800.78,62810.78,1785631228851,62859.95,62859.9,62860.0,1.18835651,0.74787657,1.37771737,0.95945801,351.7
2026-08-02T00:40:33.118+00:00,1785631230926,62794.75,62804.75,1785631231201,62859.95,62859.9,62860.0,1.18835651,0.74787657,1.37771737,0.9602506599999999,348.7
2026-08-02T00:40:35.467+00:00,1785631233350,62792.58,62802.58,1785631233551,62859.95,62859.9,62860.0,1.18814673,0.70897657,1.4181683,0.92135066,347.5
2026-08-02T00:40:37.816+00:00,1785631235373,62792.58,62802.58,1785631235901,62859.95,62859.9,62860.0,1.18814673,0.70897657,1.4181683,0.92135066,346.6
2026-08-02T00:40:40.170+00:00,1785631237671,62793.43,62803.43,1785631238251,62859.95,62859.9,62860.0,1.18814673,0.70897657,1.4181683,0.92135066,353.3
2026-08-02T00:40:42.518+00:00,1785631239695,62795.6,62805.6,1785631240601,62859.95,62859.9,62860.0,1.18814673,0.71277657,1.4181683,0.92515066,346.4
2026-08-02T00:40:44.865+00:00,1785631242793,62794.75,62804.75,1785631242951,62859.95,62859.9,62860.0,1.18814673,0.71277657,1.35751949,0.92515066,343.9
2026-08-02T00:40:47.216+00:00,1785631244957,62795.32,62805.32,1785631245301,62859.95,62859.9,62860.0,1.18814673,0.71277657,1.35751949,0.92515066,349.0
2026-08-02T00:40:49.616+00:00,1785631246984,62794.68,62804.68,1785631247701,62859.95,62859.9,62860.0,1.18814673,0.6726398,1.35751949,0.8850138900000001,396.5
2026-08-02T00:40:51.966+00:00,1785631249250,62797.65,62807.65,1785631250051,62859.95,62859.9,62860.0,1.18814673,0.71277212,1.35751949,0.9250423,348.4
2026-08-02T00:40:54.315+00:00,1785631251565,62795.31,62805.31,1785631252401,62859.95,62859.9,62860.0,1.18814673,0.72354358,1.35751949,0.9577723899999999,346.8
2026-08-02T00:40:56.663+00:00,1785631253744,62793.99,62803.99,1785631254751,62859.95,62859.9,62860.0,1.18814673,0.71868951,1.35751949,0.95291832,345.6
2026-08-02T00:40:59.015+00:00,1785631256811,62796.88,62806.88,1785631257101,62859.95,62859.9,62860.0,1.23057567,0.08062697,1.50138469,0.44319596000000006,348.5
2026-08-02T00:41:01.353+00:00,1785631259105,62804.61,62814.61,1785631259451,62859.95,62859.9,62860.0,1.22894829,0.67174541,1.5386333700000001,0.88394661,336.0
2026-08-02T00:41:03.714+00:00,1785631261192,62803.78,62813.78,1785631261801,62859.95,62859.9,62860.0,1.22894829,0.6749456,1.53251869,1.04144803,344.4
2026-08-02T00:41:06.070+00:00,1785631263281,62803.77,62813.77,1785631264151,62859.95,62859.9,62860.0,1.22884829,0.6749456,1.53004314,0.8871468,353.3
2026-08-02T00:41:08.418+00:00,1785631266401,62804.05,62814.05,1785631266501,62859.95,62859.9,62860.0,1.22884829,0.7100456,1.53004314,0.9222468,346.4
2026-08-02T00:41:10.766+00:00,1785631268422,62805.13,62815.13,1785631268851,62859.95,62859.9,62860.0,1.22884829,0.7100456,1.53004314,0.92224682,345.6
2026-08-02T00:41:13.116+00:00,1785631270532,62804.43,62814.43,1785631271201,62859.95,62859.9,62860.0,1.18104827,0.6749456,1.4822431200000001,0.88714682,347.7
2026-08-02T00:41:15.469+00:00,1785631272575,62806.13,62816.13,1785631273551,62859.95,62859.9,62860.0,1.18104827,0.6711456,1.4822431200000001,0.88334682,351.9
2026-08-02T00:41:18.130+00:00,1785631275988,62798.83,62808.83,1785631275901,62859.95,62859.9,62860.0,1.144993,0.66407802,1.44618785,0.87627924,659.4
2026-08-02T00:41:20.458+00:00,1785631278254,62800.87,62810.87,1785631278551,62859.95,62859.9,62860.0,1.144993,0.66787802,1.44618785,0.8800792399999999,326.4
2026-08-02T00:41:22.815+00:00,1785631280347,62801.61,62811.61,1785631280901,62859.95,62859.9,62860.0,1.14170365,1.00909071,1.37558562,1.22301914,346.5
2026-08-02T00:41:25.168+00:00,1785631282692,62797.75,62807.75,1785631283251,62859.95,62859.9,62860.0,0.70903233,1.18595474,0.7112661699999999,1.3994980399999999,351.6
2026-08-02T00:41:27.508+00:00,1785631284763,62797.72,62807.72,1785631285601,62859.95,62859.9,62860.0,0.70753233,1.19003889,0.70976617,1.4218981300000002,337.5
2026-08-02T00:41:29.870+00:00,1785631287096,62796.06,62806.06,1785631287951,62859.95,62859.9,62860.0,0.70753233,1.28643182,0.70976617,1.50000669,351.0
2026-08-02T00:41:32.223+00:00,1785631289314,62795.68,62805.68,1785631290301,62859.95,62859.9,62860.0,0.76753233,0.99825636,0.7697661699999999,1.2122016999999998,350.9
2026-08-02T00:41:34.570+00:00,1785631292554,62793.15,62803.15,1785631292651,62859.95,62859.9,62860.0,0.76753233,0.99825636,0.7697661699999999,1.21212488,344.6
2026-08-02T00:41:36.967+00:00,1785631294986,62794.16,62804.16,1785631295051,62859.95,62859.9,62860.0,0.76745766,0.99925683,0.7696915,1.21301828,395.8
2026-08-02T00:41:39.316+00:00,1785631296384,62797.36,62807.36,1785631297401,62859.95,62859.9,62860.0,0.76591766,1.17375911,0.7681514999999999,1.38764207,346.7
2026-08-02T00:41:41.669+00:00,1785631299576,62796.87,62806.87,1785631299751,62859.95,62859.9,62860.0,0.76574813,0.99771683,0.7679819699999999,1.2116249799999999,350.8
2026-08-02T00:41:44.014+00:00,1785631300693,62796.37,62806.37,1785631302101,62859.95,62859.9,62860.0,0.76574813,0.99771683,0.7679819699999999,1.21151875,342.2
2026-08-02T00:41:46.367+00:00,1785631303429,62797.12,62807.12,1785631304451,62859.95,62859.9,62860.0,0.76664813,0.99771683,0.7688819699999999,1.2116096799999998,348.5
2026-08-02T00:41:48.720+00:00,1785631306604,62795.35,62805.35,1785631306801,62859.95,62859.9,62860.0,0.93916082,0.82683233,0.9413946599999999,1.06289968,348.6
2026-08-02T00:41:51.071+00:00,1785631308773,62796.51,62806.51,1785631309151,62859.95,62859.9,62860.0,1.10732398,0.89582865,1.1095578200000003,1.10991862,349.2
2026-08-02T00:41:53.419+00:00,1785631310821,62795.64,62805.64,1785631311501,62859.95,62859.9,62860.0,1.04738398,0.89962865,1.0496178200000001,1.1136123599999999,346.6
2026-08-02T00:41:55.775+00:00,1785631312901,62796.03,62806.03,1785631313851,62860.05,62860.0,62860.1,2.06817621,0.85901231,2.3458474699999994,0.88856913,353.8
2026-08-02T00:41:58.118+00:00,1785631315124,62796.83,62806.83,1785631316201,62860.05,62860.0,62860.1,2.06817621,0.85991231,2.3458474699999994,0.88952056,339.1
2026-08-02T00:42:00.466+00:00,1785631318229,62796.78,62806.78,1785631318551,62860.05,62860.0,62860.1,2.06174873,1.20491231,2.17071999,1.3178695900000001,347.1
2026-08-02T00:42:02.819+00:00,1785631320848,62796.64,62806.64,1785631320901,62860.05,62860.0,62860.1,2.00174873,1.50537307,2.0507199899999997,1.55850499,350.4
2026-08-02T00:42:05.167+00:00,1785631322940,62796.59,62806.59,1785631323251,62860.05,62860.0,62860.1,2.00174873,1.39460519,2.0507199899999997,1.49193684,345.8
2026-08-02T00:42:07.518+00:00,1785631324785,62793.07,62803.07,1785631325601,62860.05,62860.0,62860.1,1.99401518,2.34216572,2.04298644,2.4991012100000005,349.3
2026-08-02T00:42:09.876+00:00,1785631326950,62793.05,62803.05,1785631327951,62860.05,62860.0,62860.1,1.99401518,2.30837691,2.04298644,2.4653123999999997,356.0
2026-08-02T00:42:12.221+00:00,1785631330055,62793.03,62803.03,1785631330301,62860.05,62860.0,62860.1,1.99401518,2.30826556,2.04298644,2.4480326300000006,344.1
2026-08-02T00:42:14.570+00:00,1785631332102,62791.55,62801.55,1785631332651,62860.05,62860.0,62860.1,1.99372236,2.18808849,2.0426936199999997,2.32785556,347.7
2026-08-02T00:42:16.920+00:00,1785631334381,62790.94,62800.94,1785631335001,62860.05,62860.0,62860.1,1.94372236,2.22462681,1.99269362,2.33153426,346.5
2026-08-02T00:42:19.270+00:00,1785631336446,62789.44,62799.44,1785631337351,62860.05,62860.0,62860.1,1.94316336,2.18962722,1.99213462,2.2965346700000002,347.3
2026-08-02T00:42:21.614+00:00,1785631338759,62789.08,62799.08,1785631339701,62860.05,62860.0,62860.1,1.94316336,2.1880173,1.99213462,2.3056404099999996,342.2
2026-08-02T00:42:23.970+00:00,1785631340901,62788.31,62798.31,1785631342051,62860.05,62860.0,62860.1,1.3910631,2.19685515,1.44003436,2.31986976,350.5
2026-08-02T00:42:26.323+00:00,1785631344302,62789.71,62799.71,1785631344401,62860.05,62860.0,62860.1,2.0010631,1.05039018,2.0500343599999997,1.1560395799999996,349.2
2026-08-02T00:42:28.667+00:00,1785631346589,62791.41,62801.41,1785631346751,62860.05,62860.0,62860.1,2.01610161,1.04054964,2.06507287,1.1241639099999998,343.2
2026-08-02T00:42:31.022+00:00,1785631348660,62793.12,62803.12,1785631349101,62860.05,62860.0,62860.1,2.02343054,1.01421019,2.0724017999999997,1.2471217700000001,352.7
2026-08-02T00:42:33.427+00:00,1785631350902,62795.94,62805.94,1785631351501,62860.05,62860.0,62860.1,2.02343054,1.01511019,2.0724017999999997,1.2479516699999997,402.4
2026-08-02T00:42:35.772+00:00,1785631353628,62794.3,62804.3,1785631353851,62860.05,62860.0,62860.1,2.02343054,1.00960959,2.0724017999999997,1.2424905999999998,343.2
2026-08-02T00:42:38.123+00:00,1785631356126,62791.95,62801.95,1785631356201,62860.05,62860.0,62860.1,2.02343054,1.00965108,2.0724017999999997,1.2425320899999999,349.9
2026-08-02T00:42:40.461+00:00,1785631358372,62793.76,62803.76,1785631358551,62860.05,62860.0,62860.1,2.02252334,1.00965108,2.0714945999999994,1.06860903,337.0
2026-08-02T00:42:42.817+00:00,1785631360476,62792.01,62802.01,1785631360901,62860.05,62860.0,62860.1,2.02252334,1.01055108,2.0714945999999994,1.0695491299999997,347.1
2026-08-02T00:42:45.170+00:00,1785631362558,62791.39,62801.39,1785631363251,62860.05,62860.0,62860.1,2.02252334,1.00965108,2.0714945999999994,1.2720286299999999,350.4
2026-08-02T00:42:47.514+00:00,1785631365499,62794.35,62804.35,1785631365601,62860.05,62860.0,62860.1,2.02252334,1.00965108,2.0714945999999994,1.0689685699999998,343.3
2026-08-02T00:42:49.871+00:00,1785631366901,62794.78,62804.78,1785631367951,62860.05,62860.0,62860.1,2.02252334,1.00965108,2.0714945999999994,1.06896858,351.2
2026-08-02T00:42:52.227+00:00,1785631369420,62797.78,62807.78,1785631370301,62860.05,62860.0,62860.1,2.02252334,1.00965108,2.0714945999999994,1.06896858,351.9
2026-08-02T00:42:54.571+00:00,1785631370473,62797.79,62807.79,1785631372651,62860.05,62860.0,62860.1,2.02252334,1.00930269,2.0714945999999994,1.0686201899999999,341.7
2026-08-02T00:42:56.907+00:00,1785631374226,62799.3,62809.3,1785631375001,62860.05,62860.0,62860.1,2.02252334,0.99660549,2.0714945999999994,1.03924369,335.2
2026-08-02T00:42:59.258+00:00,1785631374226,62799.3,62809.3,1785631377351,62860.05,62860.0,62860.1,2.02042391,0.99660549,2.0693951699999995,1.03924369,337.0
2026-08-02T00:43:01.647+00:00,1785631379568,62799.27,62809.27,1785631379701,62860.05,62860.0,62860.1,2.02042391,0.99695815,2.0693951699999995,1.02770225,374.8
2026-08-02T00:43:03.974+00:00,1785631380599,62799.27,62809.27,1785631382051,62860.05,62860.0,62860.1,2.02042391,0.99695815,2.0693951699999995,1.02770225,323.4
2026-08-02T00:43:06.324+00:00,1785631383892,62799.25,62809.25,1785631384401,62860.05,62860.0,62860.1,2.0007931,0.99605815,2.0497643599999997,1.02680226,347.0
2026-08-02T00:43:08.669+00:00,1785631386123,62799.24,62809.24,1785631386751,62860.05,62860.0,62860.1,2.0007931,0.99605815,2.0497643599999997,1.02680226,343.9
2026-08-02T00:43:11.011+00:00,1785631386123,62799.24,62809.24,1785631389101,62860.05,62860.0,62860.1,2.00000961,0.99601043,2.04898087,1.17187828,338.6
2026-08-02T00:43:13.369+00:00,1785631389498,62799.23,62809.23,1785631391451,62860.05,62860.0,62860.1,1.98004863,0.99691043,2.02901989,1.17277828,346.7
2026-08-02T00:43:15.725+00:00,1785631393478,62800.8,62810.8,1785631393801,62860.05,62860.0,62860.1,2.37540973,0.10216839,2.65767906,0.31436848,353.4
2026-08-02T00:43:18.069+00:00,1785631395605,62800.99,62810.99,1785631396151,62860.05,62860.0,62860.1,2.38236397,0.10216935,2.6646333,0.31436936000000004,342.7
2026-08-02T00:43:20.419+00:00,1785631396606,62800.98,62810.98,1785631398501,62860.05,62860.0,62860.1,2.20895287,0.69312004,2.52087545,0.9077020700000001,348.8
2026-08-02T00:43:22.770+00:00,1785631399818,62800.21,62810.21,1785631400851,62860.05,62860.0,62860.1,2.20895287,0.69168142,2.52087545,0.9062634500000001,348.0
2026-08-02T00:43:25.119+00:00,1785631402988,62798.18,62808.18,1785631403201,62860.05,62860.0,62860.1,2.20895287,0.63638248,2.52087545,0.8509645100000001,348.6
2026-08-02T00:43:27.476+00:00,1785631405089,62797.59,62807.59,1785631405551,62860.850000000006,62860.8,62860.9,3.19752749,0.01915904,4.94353085,0.20412945,355.4
2026-08-02T00:43:29.823+00:00,1785631407090,62800.07,62810.07,1785631407901,62863.05,62863.0,62863.1,3.25853117,0.08610575,3.67373036,0.44616084,345.2
2026-08-02T00:43:32.179+00:00,1785631409242,62803.1,62813.1,1785631410251,62863.05,62863.0,62863.1,3.25853117,0.08610575,3.67373036,0.45925492999999995,353.6
2026-08-02T00:43:34.515+00:00,1785631412415,62797.9,62807.9,1785631412601,62863.05,62863.0,62863.1,3.25853117,0.08581127,3.67373036,0.46170672999999995,334.8
2026-08-02T00:43:36.873+00:00,1785631414500,62800.86,62810.86,1785631414951,62864.75,62864.7,62864.8,3.1811046,0.73116699,3.6332591899999995,0.7928886399999999,348.0
2026-08-02T00:43:39.218+00:00,1785631415869,62799.46,62809.46,1785631417301,62864.75,62864.7,62864.8,2.92382181,0.73225778,3.3759764,0.7939794299999999,344.0
2026-08-02T00:43:41.571+00:00,1785631419494,62800.2,62810.2,1785631419651,62864.75,62864.7,62864.8,2.92362479,0.18225778,3.3757793799999996,0.5445483600000001,350.5
2026-08-02T00:43:43.923+00:00,1785631420702,62802.44,62812.44,1785631422001,62866.95,62866.9,62867.0,3.5541676,0.8490053,3.9030432600000005,1.03918767,348.0
2026-08-02T00:43:46.270+00:00,1785631423428,62801.25,62811.25,1785631424351,62866.95,62866.9,62867.0,3.57061807,0.84104785,3.8585851900000003,1.05707055,345.1
2026-08-02T00:43:48.625+00:00,1785631425603,62801.54,62811.54,1785631426701,62866.95,62866.9,62867.0,3.57061807,0.84204827,3.8246092000000003,1.05807097,349.6
2026-08-02T00:43:50.974+00:00,1785631428950,62800.88,62810.88,1785631429051,62866.95,62866.9,62867.0,3.55426691,0.84204739,3.80825804,1.05807009,346.6
2026-08-02T00:43:53.320+00:00,1785631431233,62805.74,62815.74,1785631431401,62866.95,62866.9,62867.0,3.55426691,0.84204739,3.80825804,1.05807009,344.2
2026-08-02T00:43:55.672+00:00,1785631433320,62799.92,62809.92,1785631433751,62866.95,62866.9,62867.0,3.53796927,0.88063739,3.7919604000000002,1.0652293099999999,349.4
2026-08-02T00:43:58.017+00:00,1785631434391,62797.67,62807.67,1785631436101,62866.95,62866.9,62867.0,3.06194927,0.84248151,3.52059077,1.14155726,342.9
2026-08-02T00:44:00.364+00:00,1785631437677,62799.07,62809.07,1785631438451,62866.95,62866.9,62867.0,2.89324927,0.84158151,3.1836038500000003,1.05760405,337.3
2026-08-02T00:44:02.720+00:00,1785631439809,62805.42,62815.42,1785631440801,62866.95,62866.9,62867.0,2.88963913,0.67567674,3.2400100000000003,0.82617486,346.4
2026-08-02T00:44:05.074+00:00,1785631442973,62802.99,62812.99,1785631443151,62866.95,62866.9,62867.0,2.87296684,0.73166005,3.2233377100000005,0.88215817,351.7
2026-08-02T00:44:07.423+00:00,1785631445129,62805.48,62815.48,1785631445501,62870.55,62870.5,62870.6,1.99560808,0.27760436,2.3837094000000003,0.38246843999999997,346.7
2026-08-02T00:44:09.772+00:00,1785631447138,62805.39,62815.39,1785631447851,62870.55,62870.5,62870.6,1.81817376,0.87280436,2.17441531,0.97766844,345.8
2026-08-02T00:44:12.129+00:00,1785631449808,62803.13,62813.13,1785631450201,62870.55,62870.5,62870.6,1.81817376,0.87274074,2.17441531,0.97760482,354.3
2026-08-02T00:44:14.474+00:00,1785631452478,62805.11,62815.11,1785631452551,62870.55,62870.5,62870.6,1.81817376,0.83224074,2.17441531,0.9371048200000001,343.2
2026-08-02T00:44:16.813+00:00,1785631454493,62806.96,62816.96,1785631454901,62870.55,62870.5,62870.6,1.81817376,0.83224074,2.05645824,0.9371048200000001,334.2
2026-08-02T00:44:19.172+00:00,1785631456582,62808.24,62818.24,1785631457251,62870.55,62870.5,62870.6,1.81817376,0.90784074,2.11279154,1.0127048200000002,348.5
2026-08-02T00:44:21.524+00:00,1785631458598,62803.6,62813.6,1785631459601,62870.55,62870.5,62870.6,1.81817376,0.35784074,2.11279154,0.46270481999999996,347.0
2026-08-02T00:44:23.873+00:00,1785631460659,62808.26,62818.26,1785631461951,62870.55,62870.5,62870.6,1.81817376,0.23266536,2.11279154,0.33754524,348.2
2026-08-02T00:44:26.223+00:00,1785631464144,62802.28,62812.28,1785631464301,62870.55,62870.5,62870.6,1.81817376,0.78261765,2.11279154,0.8874975300000001,347.3
2026-08-02T00:44:28.573+00:00,1785631466179,62804.87,62814.87,1785631466651,62870.55,62870.5,62870.6,1.81817376,0.78261765,2.11279154,0.8874975300000001,347.5
2026-08-02T00:44:30.934+00:00,1785631468397,62809.07,62819.07,1785631469001,62870.55,62870.5,62870.6,1.81817376,0.82311765,2.04029169,0.9279975300000001,358.8
2026-08-02T00:44:33.273+00:00,1785631470513,62806.11,62816.11,1785631471351,62870.55,62870.5,62870.6,1.81727376,0.82311765,2.03939169,0.92798157,338.5
2026-08-02T00:44:35.611+00:00,1785631472878,62803.0,62813.0,1785631473701,62870.55,62870.5,62870.6,1.66648495,0.88151595,1.88860288,0.98637987,334.7
2026-08-02T00:44:37.975+00:00,1785631475947,62805.86,62815.86,1785631476051,62870.55,62870.5,62870.6,1.45728486,0.88151595,1.6490106199999999,0.98637987,347.8
2026-08-02T00:44:40.314+00:00,1785631478059,62802.36,62812.36,1785631478401,62870.55,62870.5,62870.6,1.45728486,0.88151595,1.6499091899999998,0.98637987,336.5
2026-08-02T00:44:42.672+00:00,1785631480244,62802.09,62812.09,1785631480751,62870.55,62870.5,62870.6,1.45728486,0.88151595,1.6499091899999998,0.98639586,349.0
2026-08-02T00:44:45.025+00:00,1785631482299,62801.5,62811.5,1785631483101,62870.55,62870.5,62870.6,1.45728486,0.88151595,1.6499091899999998,0.98639586,348.3
2026-08-02T00:44:47.370+00:00,1785631484399,62799.09,62809.09,1785631485451,62870.55,62870.5,62870.6,1.45728486,0.88151595,1.6830375499999999,0.98639586,342.5
2026-08-02T00:44:49.776+00:00,1785631487318,62781.51,62791.51,1785631487851,62844.55,62844.5,62844.6,1.16314423,0.59111066,1.1776970799999997,1.6400233899999999,400.1
2026-08-02T00:44:52.123+00:00,1785631490099,62784.66,62794.66,1785631490201,62850.75,62850.7,62850.8,1.89555723,0.75807807,2.41860733,0.89901573,345.5
2026-08-02T00:44:54.471+00:00,1785631492169,62784.67,62794.67,1785631492551,62850.75,62850.7,62850.8,1.85964909,0.75807807,2.38269919,0.89901573,345.5
2026-08-02T00:44:56.824+00:00,1785631494298,62783.43,62793.43,1785631494901,62850.75,62850.7,62850.8,1.86188131,0.75807807,2.24932888,0.9029976000000001,350.2
2026-08-02T00:44:59.174+00:00,1785631496545,62784.71,62794.71,1785631497251,62850.75,62850.7,62850.8,1.86188131,0.75807807,2.206496,0.9029976000000001,349.2
2026-08-02T00:45:01.518+00:00,1785631498922,62784.43,62794.43,1785631499601,62850.75,62850.7,62850.8,1.69318131,0.75807807,2.037796,0.9029976000000001,341.3
2026-08-02T00:45:03.870+00:00,1785631501629,62789.76,62799.76,1785631501951,62850.75,62850.7,62850.8,1.95023131,0.04077908,2.14063987,0.22530586,341.0
2026-08-02T00:45:06.224+00:00,1785631503701,62789.31,62799.31,1785631504301,62850.75,62850.7,62850.8,1.95587236,0.59074421,2.14628092,0.77492198,349.9
2026-08-02T00:45:08.574+00:00,1785631506158,62790.27,62800.27,1785631506651,62851.05,62851.0,62851.1,3.22527571,0.00378231,3.4416781499999995,0.01265813,347.3
2026-08-02T00:45:10.924+00:00,1785631508313,62789.06,62799.06,1785631509001,62853.95,62853.9,62854.0,3.43592866,0.66096363,3.8704093500000005,0.95518032,347.4
2026-08-02T00:45:13.278+00:00,1785631510803,62798.78,62808.78,1785631511351,62856.75,62856.7,62856.8,3.05787695,0.63437448,3.18723112,0.7724797599999998,352.6
2026-08-02T00:45:15.624+00:00,1785631512879,62795.94,62805.94,1785631513701,62856.75,62856.7,62856.8,3.05890166,0.08439224,3.1882557400000002,0.22566675,343.6
2026-08-02T00:45:17.976+00:00,1785631515900,62798.95,62808.95,1785631516051,62860.649999999994,62860.6,62860.7,1.51269016,0.73573553,2.1050948000000003,0.7743017,350.5
2026-08-02T00:45:20.318+00:00,1785631517988,62798.49,62808.49,1785631518401,62860.95,62860.9,62861.0,2.9438077,0.00472025,3.48110651,0.20786853,333.9
2026-08-02T00:45:22.676+00:00,1785631520049,62799.76,62809.76,1785631520751,62861.850000000006,62861.8,62861.9,3.22699275,0.72233719,3.63644379,0.78553774,348.9
2026-08-02T00:45:25.026+00:00,1785631522360,62801.13,62811.13,1785631523101,62863.350000000006,62863.3,62863.4,2.71814266,0.74939592,3.35135382,0.91495618,346.0
2026-08-02T00:45:27.376+00:00,1785631525412,62798.67,62808.67,1785631525451,62863.350000000006,62863.3,62863.4,2.71814266,0.74808592,3.35135382,0.91364618,348.3
2026-08-02T00:45:29.724+00:00,1785631527469,62800.51,62810.51,1785631527801,62863.350000000006,62863.3,62863.4,2.71814266,0.74808592,3.3234074799999997,0.82610266,341.7
2026-08-02T00:45:32.068+00:00,1785631529828,62799.11,62809.11,1785631530151,62863.350000000006,62863.3,62863.4,2.71814266,0.74808592,3.35135382,0.82610268,341.5
2026-08-02T00:45:34.428+00:00,1785631531969,62798.7,62808.7,1785631532501,62863.350000000006,62863.3,62863.4,0.56953314,1.3682211,0.71440606,1.86872478,352.5
2026-08-02T00:45:36.775+00:00,1785631534036,62796.34,62806.34,1785631534851,62863.350000000006,62863.3,62863.4,0.61093314,1.3682211,0.79887057,1.6927972500000001,343.3
2026-08-02T00:45:39.131+00:00,1785631537167,62794.19,62804.19,1785631537201,62863.350000000006,62863.3,62863.4,0.61061979,1.18854771,0.79855722,1.51312386,354.7
2026-08-02T00:45:41.471+00:00,1785631539220,62798.84,62808.84,1785631539551,62863.350000000006,62863.3,62863.4,0.61061979,1.18854771,0.79855722,1.3991223200000003,338.4
2026-08-02T00:45:43.825+00:00,1785631541447,62795.09,62805.09,1785631541901,62863.350000000006,62863.3,62863.4,0.61061979,1.18854771,0.79855722,1.3991223200000003,350.2
2026-08-02T00:45:46.174+00:00,1785631543696,62796.02,62806.02,1785631544251,62863.350000000006,62863.3,62863.4,0.61061979,1.18536294,0.79855722,1.2757936100000005,347.3
2026-08-02T00:45:48.524+00:00,1785631545741,62796.38,62806.38,1785631546601,62863.350000000006,62863.3,62863.4,0.61061979,1.18536294,0.79855722,1.2757936100000005,348.5
2026-08-02T00:45:50.878+00:00,1785631548816,62796.29,62806.29,1785631548951,62863.350000000006,62863.3,62863.4,0.61061979,1.18536294,0.79855722,1.2757936200000004,352.4
2026-08-02T00:45:53.225+00:00,1785631550942,62797.58,62807.58,1785631551301,62863.350000000006,62863.3,62863.4,0.61061979,1.18536294,0.79855722,1.2757936200000004,345.6
2026-08-02T00:45:55.575+00:00,1785631552966,62797.53,62807.53,1785631553651,62863.350000000006,62863.3,62863.4,0.81902793,1.01666294,1.00696536,1.1070936200000001,346.0
2026-08-02T00:45:57.915+00:00,1785631555245,62797.48,62807.48,1785631556001,62863.350000000006,62863.3,62863.4,0.81902793,0.92148592,1.00696536,1.0119166,338.4
2026-08-02T00:46:00.276+00:00,1785631556254,62797.46,62807.46,1785631558351,62863.350000000006,62863.3,62863.4,0.81902793,0.92148592,1.00696536,1.0119166,348.3
2026-08-02T00:46:02.628+00:00,1785631560549,62797.31,62807.31,1785631560701,62863.350000000006,62863.3,62863.4,0.78311979,1.07818923,0.97103474,1.1275651199999999,349.3
2026-08-02T00:46:04.970+00:00,1785631562618,62789.36,62799.36,1785631563051,62863.350000000006,62863.3,62863.4,1.36846607,0.762483,1.50957931,0.9753461400000001,340.8
2026-08-02T00:46:07.328+00:00,1785631564658,62790.96,62800.96,1785631565401,62863.350000000006,62863.3,62863.4,1.36846607,0.55096112,1.52619649,0.75846247,348.5
2026-08-02T00:46:09.680+00:00,1785631566731,62789.33,62799.33,1785631567751,62863.350000000006,62863.3,62863.4,1.36846607,0.59304598,1.526308,0.7814869,350.6
2026-08-02T00:46:12.025+00:00,1785631569217,62790.24,62800.24,1785631570101,62863.350000000006,62863.3,62863.4,1.36846607,0.59304598,1.526308,0.81307074,340.2
2026-08-02T00:46:14.376+00:00,1785631572396,62792.96,62802.96,1785631572451,62863.350000000006,62863.3,62863.4,1.36846607,0.58986112,1.526308,0.8098858800000001,348.1
2026-08-02T00:46:16.727+00:00,1785631574404,62793.21,62803.21,1785631574801,62863.350000000006,62863.3,62863.4,1.36846607,0.58982074,1.526308,0.8098455,348.3
2026-08-02T00:46:19.079+00:00,1785631576455,62799.02,62809.02,1785631577151,62863.350000000006,62863.3,62863.4,1.36846607,0.58982074,1.526308,0.8098455,349.4
2026-08-02T00:46:21.424+00:00,1785631578540,62799.78,62809.78,1785631579501,62863.350000000006,62863.3,62863.4,1.36846607,0.550785,1.5262506,0.77080976,341.9
2026-08-02T00:46:23.775+00:00,1785631581745,62798.59,62808.59,1785631581851,62863.350000000006,62863.3,62863.4,1.36814607,0.5904932,1.5259306000000001,0.8105179600000001,349.0
2026-08-02T00:46:26.128+00:00,1785631583815,62798.1,62808.1,1785631584201,62863.350000000006,62863.3,62863.4,1.33223793,0.59367779,1.4734497199999999,0.81370255,350.8
2026-08-02T00:46:28.475+00:00,1785631585899,62797.85,62807.85,1785631586551,62863.350000000006,62863.3,62863.4,1.29243793,0.59362656,1.4372883699999999,0.8723776200000001,345.2
2026-08-02T00:46:30.827+00:00,1785631588260,62801.89,62811.89,1785631588901,62863.350000000006,62863.3,62863.4,1.29243793,0.59362656,1.43352263,0.8030904,348.7
2026-08-02T00:46:33.179+00:00,1785631590579,62801.81,62811.81,1785631591251,62863.350000000006,62863.3,62863.4,1.29243793,0.57727508,1.43739284,0.7857987000000001,348.4
2026-08-02T00:46:35.526+00:00,1785631593179,62800.64,62810.64,1785631593601,62863.350000000006,62863.3,62863.4,1.29243793,0.55317508,1.4335329099999998,0.7616987000000001,345.4
2026-08-02T00:46:37.879+00:00,1785631595279,62799.38,62809.38,1785631595951,62863.350000000006,62863.3,62863.4,0.97952499,0.98112799,1.33591644,1.1896516099999999,351.2
2026-08-02T00:46:40.233+00:00,1785631597539,62798.65,62808.65,1785631598301,62863.350000000006,62863.3,62863.4,1.18413313,0.72567508,1.5245291,0.9341987,352.0
2026-08-02T00:46:42.581+00:00,1785631600288,62800.57,62810.57,1785631600651,62863.350000000006,62863.3,62863.4,1.14822499,0.72567508,1.48862096,0.9341987,345.5
2026-08-02T00:46:44.918+00:00,1785631602468,62800.74,62810.74,1785631603001,62863.350000000006,62863.3,62863.4,1.14822499,0.89424479,1.48862096,1.10276841,332.8
2026-08-02T00:46:47.278+00:00,1785631604628,62803.17,62813.17,1785631605351,62863.350000000006,62863.3,62863.4,1.14822499,0.72559555,1.48862096,0.93411917,349.4
2026-08-02T00:46:49.626+00:00,1785631606698,62794.16,62804.16,1785631607701,62863.350000000006,62863.3,62863.4,1.14822499,0.72559555,1.48862096,0.93411917,346.1
2026-08-02T00:46:51.978+00:00,1785631608837,62795.57,62805.57,1785631610051,62863.350000000006,62863.3,62863.4,1.14822499,0.67910693,1.48862096,0.88763055,350.1
2026-08-02T00:46:54.327+00:00,1785631612119,62796.66,62806.66,1785631612401,62863.350000000006,62863.3,62863.4,1.14822499,0.66949232,1.48862096,0.87801594,346.9
2026-08-02T00:46:56.677+00:00,1785631614389,62797.82,62807.82,1785631614751,62863.350000000006,62863.3,62863.4,1.14822499,0.53489232,1.48862096,0.74341594,346.8
2026-08-02T00:46:59.027+00:00,1785631616548,62795.45,62805.45,1785631617101,62863.350000000006,62863.3,62863.4,1.14822499,0.70215141,1.48862096,0.91161525,346.4
2026-08-02T00:47:01.380+00:00,1785631618678,62794.12,62804.12,1785631619451,62863.350000000006,62863.3,62863.4,1.1471819,0.8128039,1.4875778700000002,1.02226774,351.0
2026-08-02T00:47:03.730+00:00,1785631621350,62795.86,62805.86,1785631621801,62863.350000000006,62863.3,62863.4,1.13943849,0.74539588,1.4798344600000002,0.95485972,344.5
2026-08-02T00:47:06.081+00:00,1785631623500,62795.54,62805.54,1785631624151,62863.350000000006,62863.3,62863.4,1.13943849,0.70997555,1.4798344600000002,0.91943939,348.4
2026-08-02T00:47:08.435+00:00,1785631625681,62795.57,62805.57,1785631626501,62863.350000000006,62863.3,62863.4,1.13943849,0.70997555,1.4798344600000002,0.91943939,352.9
2026-08-02T00:47:10.779+00:00,1785631627697,62794.75,62804.75,1785631628851,62863.350000000006,62863.3,62863.4,1.13943849,0.71147917,1.4798344600000002,0.92973497,341.8
2026-08-02T00:47:13.129+00:00,1785631631079,62794.57,62804.57,1785631631201,62863.350000000006,62863.3,62863.4,1.13943849,0.71147917,1.4608956800000001,0.92973497,348.2
2026-08-02T00:47:15.477+00:00,1785631633339,62794.04,62804.04,1785631633551,62863.350000000006,62863.3,62863.4,1.13927849,0.71147917,1.46073568,0.92973497,345.0
2026-08-02T00:47:17.816+00:00,1785631635418,62796.77,62806.77,1785631635901,62863.350000000006,62863.3,62863.4,1.13927849,0.68012702,1.46073568,0.89838282,333.1
2026-08-02T00:47:20.178+00:00,1785631637638,62799.24,62809.24,1785631638251,62863.350000000006,62863.3,62863.4,1.13996782,0.75192748,1.4614250100000001,0.92911274,345.8
2026-08-02T00:47:22.530+00:00,1785631640178,62799.03,62809.03,1785631640601,62863.350000000006,62863.3,62863.4,1.09680936,0.75192748,1.41826655,0.9604495399999999,349.6
2026-08-02T00:47:24.879+00:00,1785631642701,62799.18,62809.18,1785631642951,62863.350000000006,62863.3,62863.4,1.09680936,0.75192748,1.41826655,0.9604495399999999,348.8
2026-08-02T00:47:27.227+00:00,1785631644743,62799.14,62809.14,1785631645301,62863.350000000006,62863.3,62863.4,1.09680936,0.75192748,1.41826655,0.9604495399999999,343.1
2026-08-02T00:47:29.577+00:00,1785631646928,62798.24,62808.24,1785631647651,62863.350000000006,62863.3,62863.4,1.07830748,0.73714879,1.42451817,0.94567085,349.0
2026-08-02T00:47:31.929+00:00,1785631649332,62797.52,62807.52,1785631650001,62863.350000000006,62863.3,62863.4,1.07830748,0.73714879,1.42451817,0.94567085,348.9
2026-08-02T00:47:34.280+00:00,1785631651792,62798.1,62808.1,1785631652351,62863.350000000006,62863.3,62863.4,1.07750241,0.73714879,1.4237130999999998,0.94567085,346.8
2026-08-02T00:47:36.631+00:00,1785631653992,62796.91,62806.91,1785631654701,62863.350000000006,62863.3,62863.4,1.07750241,0.73714879,1.4237130999999998,0.94567085,348.2
2026-08-02T00:47:38.975+00:00,1785631655005,62797.6,62807.6,1785631657051,62863.350000000006,62863.3,62863.4,1.07750241,0.72304879,1.3161539699999998,0.93157085,342.1
2026-08-02T00:47:41.323+00:00,1785631659066,62798.95,62808.95,1785631659401,62863.350000000006,62863.3,62863.4,1.07750241,0.72228523,1.4237130999999998,0.93080729,339.4
2026-08-02T00:47:43.632+00:00,1785631661100,62798.89,62808.89,1785631661701,62863.350000000006,62863.3,62863.4,1.07749241,0.72228523,1.4237031,0.93080729,302.3
2026-08-02T00:47:45.976+00:00,1785631663130,62798.91,62808.91,1785631664051,62863.350000000006,62863.3,62863.4,1.07749241,0.71828523,1.4237031,0.92680729,342.9
2026-08-02T00:47:48.324+00:00,1785631666179,62797.73,62807.73,1785631666401,62863.350000000006,62863.3,62863.4,1.07749241,0.71828523,1.4237031,0.92680729,345.9
2026-08-02T00:47:50.676+00:00,1785631668208,62796.81,62806.81,1785631668751,62863.350000000006,62863.3,62863.4,1.13975678,0.76229148,1.4859674699999998,0.97081354,347.7
2026-08-02T00:47:53.026+00:00,1785631670237,62795.7,62805.7,1785631671101,62863.350000000006,62863.3,62863.4,1.13015678,0.76229148,1.47636747,0.97081354,347.8
2026-08-02T00:47:55.381+00:00,1785631673285,62795.18,62805.18,1785631673451,62863.350000000006,62863.3,62863.4,1.13015678,0.9226351,1.47636747,1.1311571599999999,352.1
2026-08-02T00:47:57.728+00:00,1785631675305,62794.43,62804.43,1785631675801,62863.350000000006,62863.3,62863.4,1.13015678,0.76229148,1.47636747,0.97081354,345.7
2026-08-02T00:48:00.080+00:00,1785631677346,62794.42,62804.42,1785631678151,62863.350000000006,62863.3,62863.4,1.13015678,0.76229148,1.4807132200000002,0.97081354,349.6
2026-08-02T00:48:02.430+00:00,1785631680460,62796.51,62806.51,1785631680501,62863.350000000006,62863.3,62863.4,1.1106898,0.76229148,1.4612462400000001,0.97081354,344.0
2026-08-02T00:48:04.768+00:00,1785631682655,62797.29,62807.29,1785631682851,62863.350000000006,62863.3,62863.4,1.09010429,0.91795412,1.44066073,1.12647618,335.9
2026-08-02T00:48:07.128+00:00,1785631684804,62796.5,62806.5,1785631685201,62863.350000000006,62863.3,62863.4,1.09010429,0.84042014,1.44066073,1.2889422000000001,346.3
2026-08-02T00:48:09.479+00:00,1785631686922,62797.07,62807.07,1785631687551,62863.350000000006,62863.3,62863.4,1.09010429,0.83120728,1.41526583,1.0397293399999998,348.8
2026-08-02T00:48:11.830+00:00,1785631689000,62796.27,62806.27,1785631689901,62863.350000000006,62863.3,62863.4,1.13952525,0.75635265,1.46468679,0.9648747099999999,345.7
2026-08-02T00:48:14.183+00:00,1785631691128,62796.73,62806.73,1785631692251,62863.350000000006,62863.3,62863.4,1.13952525,0.74044515,1.46468679,0.94896721,348.1
2026-08-02T00:48:16.526+00:00,1785631694337,62793.76,62803.76,1785631694601,62863.350000000006,62863.3,62863.4,1.13952525,0.74044515,1.46468679,0.9577592599999999,342.7
2026-08-02T00:48:18.880+00:00,1785631696427,62796.6,62806.6,1785631696951,62863.350000000006,62863.3,62863.4,1.13952525,0.74036562,1.46468679,0.9576797299999998,347.3
2026-08-02T00:48:21.230+00:00,1785631698437,62795.87,62805.87,1785631699301,62863.350000000006,62863.3,62863.4,1.14183394,0.74036562,1.46699548,0.9576797299999998,349.0
2026-08-02T00:48:23.584+00:00,1785631701592,62792.66,62802.66,1785631701651,62863.350000000006,62863.3,62863.4,1.14658134,0.74036562,1.47174288,0.9576797299999998,352.4
2026-08-02T00:48:25.931+00:00,1785631703673,62795.78,62805.78,1785631704001,62863.350000000006,62863.3,62863.4,1.14627868,0.95209004,1.47144022,1.1694041499999999,343.7
2026-08-02T00:48:28.282+00:00,1785631705697,62795.85,62805.85,1785631706351,62863.350000000006,62863.3,62863.4,1.15577986,0.90350021,1.4809414,1.12081432,349.1
2026-08-02T00:48:30.632+00:00,1785631708042,62795.87,62805.87,1785631708701,62863.350000000006,62863.3,62863.4,1.15577986,0.90350021,1.4809414,1.12079857,347.7
2026-08-02T00:48:32.970+00:00,1785631710031,62794.94,62804.94,1785631711051,62859.149999999994,62859.1,62859.2,0.99308391,1.55317746,1.0000422299999998,1.7709500599999999,333.5
2026-08-02T00:48:35.329+00:00,1785631712368,62789.11,62799.11,1785631713401,62859.149999999994,62859.1,62859.2,0.55185066,2.23739468,0.55880894,2.33049523,344.1
2026-08-02T00:48:37.680+00:00,1785631714401,62791.6,62801.6,1785631715751,62859.149999999994,62859.1,62859.2,0.55185066,2.23739468,0.55880894,2.33049523,348.6
2026-08-02T00:48:40.029+00:00,1785631717492,62790.47,62800.47,1785631718101,62859.149999999994,62859.1,62859.2,0.55185066,2.23739468,0.55880893,2.33049523,346.6
2026-08-02T00:48:42.378+00:00,1785631719518,62788.94,62798.94,1785631720451,62859.149999999994,62859.1,62859.2,1.04067676,1.04917235,1.20827218,1.10231421,347.3
2026-08-02T00:48:44.732+00:00,1785631721743,62789.23,62799.23,1785631722801,62859.149999999994,62859.1,62859.2,1.04067676,1.04496735,1.20827218,1.13822291,347.5
2026-08-02T00:48:47.079+00:00,1785631724811,62791.12,62801.12,1785631725151,62859.149999999994,62859.1,62859.2,1.04063634,1.04496735,1.20823176,1.11003866,345.1
2026-08-02T00:48:49.433+00:00,1785631727142,62790.99,62800.99,1785631727501,62859.149999999994,62859.1,62859.2,1.04063634,1.04586735,1.20823176,1.11093866,347.7
2026-08-02T00:48:51.779+00:00,1785631729190,62787.03,62797.03,1785631729851,62859.149999999994,62859.1,62859.2,0.83303634,1.25731643,0.8399941599999999,1.36823963,344.0
2026-08-02T00:48:54.126+00:00,1785631731202,62782.73,62792.73,1785631732201,62857.25,62857.2,62857.3,0.80587201,1.75122171,0.8079436999999998,2.0532553300000003,343.8
2026-08-02T00:48:56.483+00:00,1785631734357,62786.53,62796.53,1785631734551,62857.25,62857.2,62857.3,0.80587201,1.75104593,0.8079436999999998,2.05307955,351.8
2026-08-02T00:48:58.830+00:00,1785631736410,62787.06,62797.06,1785631736901,62857.25,62857.2,62857.3,0.80587201,1.71091656,0.8079436999999998,2.0129501800000003,344.4
2026-08-02T00:49:01.175+00:00,1785631738500,62790.66,62800.66,1785631739251,62857.25,62857.2,62857.3,0.80587201,1.71091656,0.8079436999999998,2.0129501800000003,344.2
2026-08-02T00:49:03.532+00:00,1785631740628,62790.65,62800.65,1785631741601,62857.25,62857.2,62857.3,0.82549991,1.7492824,0.8275715999999999,2.0513160200000002,349.6
2026-08-02T00:49:05.883+00:00,1785631743718,62787.49,62797.49,1785631743951,62857.25,62857.2,62857.3,0.82549991,1.7492824,0.8275715999999999,2.0513160200000002,348.5
2026-08-02T00:49:08.226+00:00,1785631745889,62787.38,62797.38,1785631746301,62857.25,62857.2,62857.3,0.82387991,1.7492824,0.8259515999999999,2.0513160200000002,339.8
2026-08-02T00:49:10.584+00:00,1785631747915,62785.3,62795.3,1785631748651,62857.25,62857.2,62857.3,0.82387991,1.7492824,0.8259515999999999,2.0513160200000002,347.5
2026-08-02T00:49:12.933+00:00,1785631750794,62776.28,62786.28,1785631751001,62843.75,62843.7,62843.8,1.25747594,1.94634971,1.2825381599999999,2.0454862,345.8
2026-08-02T00:49:15.277+00:00,1785631752838,62779.64,62789.64,1785631753351,62843.75,62843.7,62843.8,0.87482686,1.94560068,0.89988908,2.0447371700000003,341.5
2026-08-02T00:49:17.633+00:00,1785631754700,62777.28,62787.28,1785631755701,62843.75,62843.7,62843.8,1.04616793,2.00537324,1.0712301499999999,2.10450998,351.4
2026-08-02T00:49:19.979+00:00,1785631757829,62777.89,62787.89,1785631758051,62843.75,62843.7,62843.8,1.35913362,0.87926337,1.4037111699999998,1.11001975,344.6
2026-08-02T00:49:22.329+00:00,1785631759893,62776.4,62786.4,1785631760401,62843.75,62843.7,62843.8,1.35913362,0.8777765,1.4037111699999998,1.0690830299999998,345.7
2026-08-02T00:49:24.673+00:00,1785631761916,62774.35,62784.35,1785631762751,62843.75,62843.7,62843.8,1.35913362,0.8752265,1.4037111699999998,1.0325020599999999,340.5
2026-08-02T00:49:27.033+00:00,1785631764039,62775.01,62785.01,1785631765101,62843.75,62843.7,62843.8,1.35913362,0.87385803,1.4335506999999998,1.0311335899999998,347.9
2026-08-02T00:49:29.381+00:00,1785631767298,62773.14,62783.14,1785631767451,62843.75,62843.7,62843.8,1.35913362,0.8618308,1.4335506999999998,1.05855623,345.0
2026-08-02T00:49:31.733+00:00,1785631769598,62773.82,62783.82,1785631769801,62840.25,62840.2,62840.3,0.94402953,1.36156734,0.94546223,3.2712619099999998,350.0
2026-08-02T00:49:34.074+00:00,1785631771629,62780.81,62790.81,1785631772151,62842.649999999994,62842.6,62842.7,2.34134998,0.64120104,2.73939281,0.8827410399999999,339.1
2026-08-02T00:49:36.432+00:00,1785631773708,62773.09,62783.09,1785631774501,62842.649999999994,62842.6,62842.7,2.3381645,0.64120104,2.73620733,1.14274104,348.6
2026-08-02T00:49:38.784+00:00,1785631775817,62779.39,62789.39,1785631776851,62842.649999999994,62842.6,62842.7,2.16273566,0.64120104,2.56077849,1.23983806,346.6
2026-08-02T00:49:41.132+00:00,1785631778328,62774.34,62784.34,1785631779201,62842.649999999994,62842.6,62842.7,2.16273566,0.64120104,2.5630206700000002,0.8827410399999999,346.9
2026-08-02T00:49:43.483+00:00,1785631780538,62778.23,62788.23,1785631781551,62842.649999999994,62842.6,62842.7,0.64313427,1.55040635,0.65121259,2.0761108200000002,348.6
2026-08-02T00:49:45.836+00:00,1785631782888,62777.26,62787.26,1785631783901,62842.649999999994,62842.6,62842.7,0.60255789,1.61040635,0.61063621,2.16600198,350.4
2026-08-02T00:49:48.175+00:00,1785631785948,62777.46,62787.46,1785631786251,62842.649999999994,62842.6,62842.7,0.21937813,1.39040635,0.22745645,1.91611082,337.1
2026-08-02T00:49:50.535+00:00,1785631788102,62773.27,62783.27,1785631788601,62839.25,62839.2,62839.3,0.80308852,1.61823413,1.1086595099999998,2.12626092,353.2
2026-08-02T00:49:52.884+00:00,1785631790206,62773.28,62783.28,1785631790951,62839.25,62839.2,62839.3,0.80308852,1.61735889,0.94580104,1.8602226300000002,347.3
2026-08-02T00:49:55.228+00:00,1785631792337,62774.58,62784.58,1785631793301,62839.25,62839.2,62839.3,0.80308852,1.61735889,0.94580104,1.86030417,341.4
2026-08-02T00:49:57.640+00:00,1785631795373,62772.02,62782.02,1785631795701,62839.25,62839.2,62839.3,0.63053944,1.61735889,0.77325196,1.92219004,406.0
2026-08-02T00:49:59.979+00:00,1785631797399,62772.12,62782.12,1785631798051,62839.25,62839.2,62839.3,0.62894944,1.61735889,0.7716461099999999,1.87007246,338.1
2026-08-02T00:50:02.332+00:00,1785631799509,62772.94,62782.94,1785631800401,62839.25,62839.2,62839.3,0.99838703,0.85363387,1.18714071,1.0571928,347.0
2026-08-02T00:50:04.683+00:00,1785631802641,62771.76,62781.76,1785631802751,62839.25,62839.2,62839.3,0.99897335,0.85674017,1.18772703,1.06027672,347.5
2026-08-02T00:50:07.034+00:00,1785631804696,62773.22,62783.22,1785631805101,62839.25,62839.2,62839.3,0.99671694,1.02898691,1.18547061,1.2324882700000002,348.1
2026-08-02T00:50:09.385+00:00,1785631806738,62771.68,62781.68,1785631807451,62839.25,62839.2,62839.3,0.99251708,1.02898691,1.2289157,1.23245866,349.6
2026-08-02T00:50:11.732+00:00,1785631807768,62769.02,62779.02,1785631809801,62839.25,62839.2,62839.3,0.99251708,1.02833733,1.2289157,1.2318051600000002,344.8
2026-08-02T00:50:14.085+00:00,1785631811119,62773.87,62783.87,1785631812151,62839.25,62839.2,62839.3,0.99323493,1.02833733,1.17831956,1.2318055,351.2
2026-08-02T00:50:16.430+00:00,1785631814279,62773.36,62783.36,1785631814501,62839.25,62839.2,62839.3,0.99323493,1.02833733,1.1783195499999999,1.2318055,344.6
2026-08-02T00:50:18.786+00:00,1785631816639,62778.16,62788.16,1785631816851,62839.25,62839.2,62839.3,0.99223527,1.02933953,1.17731989,1.2328077,353.7
2026-08-02T00:50:21.135+00:00,1785631819018,62778.95,62788.95,1785631819201,62839.25,62839.2,62839.3,0.99133527,1.02933956,1.1764198899999998,1.23276042,346.1
2026-08-02T00:50:23.489+00:00,1785631820508,62778.96,62788.96,1785631821551,62839.25,62839.2,62839.3,1.16044582,1.02933956,1.3455304399999999,1.23277021,351.2
2026-08-02T00:50:25.843+00:00,1785631822928,62778.99,62788.99,1785631823901,62839.25,62839.2,62839.3,0.81919674,1.03006452,1.0151931399999998,1.2334115900000002,351.8
2026-08-02T00:50:28.188+00:00,1785631826118,62779.02,62789.02,1785631826251,62839.25,62839.2,62839.3,1.15351635,0.99023491,1.36186505,1.19358225,343.1
2026-08-02T00:50:30.532+00:00,1785631827409,62779.03,62789.03,1785631828601,62839.25,62839.2,62839.3,0.98481635,0.99023491,1.19316505,1.19358225,342.3
2026-08-02T00:50:32.878+00:00,1785631830596,62779.05,62789.05,1785631830951,62839.25,62839.2,62839.3,1.15351635,0.98701722,1.36186505,1.1903645600000001,343.0
2026-08-02T00:50:35.238+00:00,1785631832234,62779.06,62789.06,1785631833301,62839.25,62839.2,62839.3,1.13806952,0.9902031,1.3464182199999999,1.19355044,354.5
2026-08-02T00:50:37.584+00:00,1785631833373,62779.08,62789.08,1785631835651,62839.25,62839.2,62839.3,0.9683699,1.00790196,1.1767185900000001,1.2114492000000001,340.1
2026-08-02T00:50:39.935+00:00,1785631837420,62773.23,62783.23,1785631838001,62839.25,62839.2,62839.3,0.9683699,1.06691131,1.1637596000000001,1.2703659400000002,349.5
2026-08-02T00:50:42.287+00:00,1785631839468,62771.12,62781.12,1785631840351,62839.25,62839.2,62839.3,0.9683699,0.85792999,1.16315637,1.06127733,349.9
2026-08-02T00:50:44.636+00:00,1785631842510,62776.85,62786.85,1785631842701,62839.25,62839.2,62839.3,0.77148139,0.85792999,0.9662678600000001,1.06141458,348.0
2026-08-02T00:50:46.975+00:00,1785631844536,62779.16,62789.16,1785631845051,62839.25,62839.2,62839.3,0.77048177,1.01751073,0.96526824,1.22099532,338.2
2026-08-02T00:50:49.333+00:00,1785631846572,62779.18,62789.18,1785631847401,62839.25,62839.2,62839.3,0.59793269,1.18621073,0.76119099,1.38966958,347.0
2026-08-02T00:50:51.690+00:00,1785631849617,62779.2,62789.2,1785631849751,62839.25,62839.2,62839.3,0.59556156,1.18621073,0.79381162,1.38966958,354.6
2026-08-02T00:50:54.035+00:00,1785631851645,62778.31,62788.31,1785631852101,62839.25,62839.2,62839.3,0.59556156,0.78136114,0.79381162,0.98470863,343.0
2026-08-02T00:50:56.376+00:00,1785631852659,62779.22,62789.22,1785631854451,62839.25,62839.2,62839.3,0.73714905,0.8072968,0.93539911,1.0106442900000001,340.0
2026-08-02T00:50:58.734+00:00,1785631856709,62777.06,62787.06,1785631856801,62839.25,62839.2,62839.3,0.73714905,0.78118075,0.9354016199999999,0.9845282399999999,346.0
2026-08-02T00:51:01.084+00:00,1785631858726,62775.71,62785.71,1785631859151,62839.25,62839.2,62839.3,0.73714333,0.80748075,0.93573248,1.03403402,342.5
2026-08-02T00:51:03.436+00:00,1785631860790,62778.45,62788.45,1785631861501,62839.25,62839.2,62839.3,0.9024345,0.73784869,1.10102365,0.9411961799999999,346.2
2026-08-02T00:51:05.788+00:00,1785631862822,62778.96,62788.96,1785631863851,62839.25,62839.2,62839.3,0.7337345,1.17632084,0.8733285399999999,1.40370312,349.1
2026-08-02T00:51:08.130+00:00,1785631865866,62779.3,62789.3,1785631866201,62839.25,62839.2,62839.3,0.7337345,1.00599129,0.8733285399999999,1.2333676000000002,338.8
2026-08-02T00:51:10.486+00:00,1785631866881,62779.31,62789.31,1785631868551,62839.25,62839.2,62839.3,0.7328345,1.04002885,0.8777463000000001,1.26726673,350.2
2026-08-02T00:51:12.826+00:00,1785631869929,62776.09,62786.09,1785631870901,62839.25,62839.2,62839.3,0.73210658,0.87072763,0.8770019299999998,1.09798623,336.2
2026-08-02T00:51:15.181+00:00,1785631873014,62776.87,62786.87,1785631873251,62839.25,62839.2,62839.3,0.73210658,0.87072763,0.95439097,1.0979833300000001,342.2
2026-08-02T00:51:17.536+00:00,1785631875076,62776.91,62786.91,1785631875601,62839.25,62839.2,62839.3,0.73020438,1.03357745,0.95248877,1.26083192,348.8
2026-08-02T00:51:19.876+00:00,1785631877101,62776.82,62786.82,1785631877951,62839.25,62839.2,62839.3,0.73110438,0.87047584,0.9533887699999999,1.09774247,335.8
2026-08-02T00:51:22.235+00:00,1785631879539,62769.1,62779.1,1785631880301,62835.95,62835.9,62836.0,0.84742305,2.08138338,2.1472224,2.2266460400000003,347.5
2026-08-02T00:51:24.583+00:00,1785631881989,62766.79,62776.79,1785631882651,62835.95,62835.9,62836.0,0.84742305,2.08138111,2.1472224,2.16187832,346.1
2026-08-02T00:51:26.936+00:00,1785631884539,62771.25,62781.25,1785631885001,62834.55,62834.5,62834.6,1.24051522,1.50917985,1.25957609,1.7780330600000003,350.4
2026-08-02T00:51:29.288+00:00,1785631887006,62765.43,62775.43,1785631887351,62834.55,62834.5,62834.6,1.23961522,1.50917985,1.2586760899999998,1.7743791999999998,350.8
2026-08-02T00:51:31.634+00:00,1785631889068,62769.2,62779.2,1785631889701,62834.55,62834.5,62834.6,1.23961522,1.50545064,1.2586760899999998,1.7775402999999999,345.3
2026-08-02T00:51:33.986+00:00,1785631891148,62771.34,62781.34,1785631892051,62834.55,62834.5,62834.6,1.39385452,1.50545064,1.41291539,1.5894875099999999,350.3
2026-08-02T00:51:36.336+00:00,1785631893360,62769.1,62779.1,1785631894401,62834.55,62834.5,62834.6,1.4037792,1.17015173,1.42284007,1.2953869299999998,348.2
2026-08-02T00:51:38.689+00:00,1785631896499,62768.81,62778.81,1785631896751,62834.55,62834.5,62834.6,1.4037792,1.17015173,1.42284007,1.2381957399999999,350.0
2026-08-02T00:51:41.035+00:00,1785631898700,62771.43,62781.43,1785631899101,62834.55,62834.5,62834.6,1.4054857,1.17015173,1.42454657,1.19873605,344.9
2026-08-02T00:51:43.388+00:00,1785631900989,62771.46,62781.46,1785631901451,62834.55,62834.5,62834.6,1.41755827,1.17015173,1.43661914,1.19873605,350.7
2026-08-02T00:51:45.738+00:00,1785631903161,62775.06,62785.06,1785631903801,62834.55,62834.5,62834.6,1.41983258,1.15861173,1.43889345,1.18719605,344.9
2026-08-02T00:51:48.083+00:00,1785631905415,62769.78,62779.78,1785631906151,62834.55,62834.5,62834.6,1.41983258,1.14667564,1.43889345,1.17525996,341.3
2026-08-02T00:51:50.440+00:00,1785631906449,62768.92,62778.92,1785631908501,62834.55,62834.5,62834.6,1.41983258,1.13967313,1.43889345,1.22439378,352.8
2026-08-02T00:51:52.789+00:00,1785631909728,62775.71,62785.71,1785631910851,62834.55,62834.5,62834.6,1.44750046,1.13960313,1.46656133,1.22432378,346.8
2026-08-02T00:51:55.131+00:00,1785631911968,62775.39,62785.39,1785631913201,62834.55,62834.5,62834.6,1.44750046,1.13960313,1.46656133,1.22432378,339.4
2026-08-02T00:51:57.489+00:00,1785631914501,62771.64,62781.64,1785631915551,62834.55,62834.5,62834.6,1.44750046,1.17569499,1.46656133,1.26041564,353.2
2026-08-02T00:51:59.844+00:00,1785631916700,62771.55,62781.55,1785631917901,62834.55,62834.5,62834.6,1.44750046,1.13960313,1.46656133,1.22432378,353.0
2026-08-02T00:52:02.239+00:00,1785631920205,62772.16,62782.16,1785631920301,62834.55,62834.5,62834.6,1.50279297,1.13983157,1.52185384,1.1844081599999998,393.1
2026-08-02T00:52:04.588+00:00,1785631922509,62763.57,62773.57,1785631922651,62834.55,62834.5,62834.6,1.34857729,1.68609122,1.35002155,1.8362348499999999,347.2
2026-08-02T00:52:07.049+00:00,1785631924697,62766.11,62776.11,1785631925101,62834.55,62834.5,62834.6,1.34857729,1.68405415,1.35002155,1.8341977799999998,459.7
2026-08-02T00:52:09.399+00:00,1785631926888,62767.28,62777.28,1785631927451,62834.55,62834.5,62834.6,1.34857729,1.68405415,1.35002155,1.89773406,348.1
2026-08-02T00:52:11.739+00:00,1785631928984,62765.6,62775.6,1785631929801,62834.55,62834.5,62834.6,1.34697469,1.64930144,1.34841895,1.8397734,338.6
2026-08-02T00:52:14.670+00:00,1785631932155,62764.08,62774.08,1785631932601,62834.55,62834.5,62834.6,1.34697469,1.64845512,1.34841895,1.83905824,475.8
2026-08-02T00:52:17.041+00:00,1785631934820,62761.08,62771.08,1785631935101,62834.55,62834.5,62834.6,0.20013004,2.36508301,0.2015743,3.06620428,369.0
2026-08-02T00:52:19.411+00:00,1785631936931,62753.65,62763.65,1785631937451,62823.45,62823.4,62823.5,0.77780826,2.05547107,1.08040479,2.8629897100000004,368.0
2026-08-02T00:52:21.739+00:00,1785631938991,62757.52,62767.52,1785631939801,62823.45,62823.4,62823.5,0.77600865,2.13904293,1.07804978,2.9465615700000005,325.9
2026-08-02T00:52:24.089+00:00,1785631941119,62757.54,62767.54,1785631942151,62823.45,62823.4,62823.5,0.22584718,2.15188831,0.5328307,2.95940695,348.5
2026-08-02T00:52:26.438+00:00,1785631943305,62754.25,62764.25,1785631944501,62823.45,62823.4,62823.5,0.22495764,2.15383849,0.52696875,2.9613571300000006,346.4
2026-08-02T00:52:28.788+00:00,1785631946559,62754.91,62764.91,1785631946851,62823.45,62823.4,62823.5,0.77035863,2.15483894,1.07236974,2.96235758,347.1
2026-08-02T00:52:31.142+00:00,1785631949119,62748.67,62758.67,1785631949201,62823.45,62823.4,62823.5,0.77035863,2.15329611,1.07236974,2.96081475,351.5
2026-08-02T00:52:33.483+00:00,1785631951231,62755.08,62765.08,1785631951551,62818.25,62818.2,62818.3,0.91061718,1.36200959,1.0451631300000002,1.4148931599999999,339.7
2026-08-02T00:52:35.840+00:00,1785631953638,62755.08,62765.08,1785631953901,62818.05,62818.0,62818.1,0.4322968,1.54858839,0.45279711,1.6416028299999998,350.8
2026-08-02T00:52:38.188+00:00,1785631955825,62755.24,62765.24,1785631956251,62818.05,62818.0,62818.1,0.4322968,1.54731839,0.45279711,1.64033283,343.5
2026-08-02T00:52:40.534+00:00,1785631958023,62755.32,62765.32,1785631958601,62818.05,62818.0,62818.1,0.68572443,1.52627912,0.7062247399999999,1.61826418,343.0
2026-08-02T00:52:42.890+00:00,1785631960171,62756.83,62766.83,1785631960951,62817.95,62817.9,62818.0,0.5023985,1.28969856,0.6710647799999998,1.52982759,347.4
2026-08-02T00:52:45.236+00:00,1785631961177,62759.63,62769.63,1785631963301,62815.350000000006,62815.3,62815.4,0.88488541,0.99225756,1.05459886,1.19615282,344.7
2026-08-02T00:52:47.590+00:00,1785631965355,62759.78,62769.78,1785631965651,62815.350000000006,62815.3,62815.4,0.88338541,0.99225756,1.08215336,1.21147641,349.6
2026-08-02T00:52:49.938+00:00,1785631967407,62759.85,62769.85,1785631968001,62815.350000000006,62815.3,62815.4,1.43623627,0.99225756,1.63500422,1.21147641,345.7
2026-08-02T00:52:52.285+00:00,1785631969519,62759.92,62769.92,1785631970351,62815.350000000006,62815.3,62815.4,1.43623627,0.99225756,1.63500422,1.21147641,345.2
2026-08-02T00:52:54.640+00:00,1785631971652,62756.38,62766.38,1785631972701,62815.350000000006,62815.3,62815.4,1.42967931,0.99225756,1.5993927600000002,1.1722553699999998,351.5
2026-08-02T00:52:56.994+00:00,1785631974706,62758.71,62768.71,1785631975051,62815.350000000006,62815.3,62815.4,1.42959506,0.99217797,1.6283271700000002,1.21139682,350.8
2026-08-02T00:52:59.340+00:00,1785631976794,62754.2,62764.2,1785631977401,62815.350000000006,62815.3,62815.4,1.42959506,0.9842267,1.6283271700000002,1.20344555,345.3
2026-08-02T00:53:01.689+00:00,1785631978837,62758.51,62768.51,1785631979751,62815.350000000006,62815.3,62815.4,1.43118702,0.98381751,1.62991913,1.04464877,346.5
2026-08-02T00:53:04.032+00:00,1785631981998,62758.75,62768.75,1785631982101,62815.350000000006,62815.3,62815.4,1.43144702,0.97425585,1.60068485,1.03508711,342.1
2026-08-02T00:53:06.377+00:00,1785631984039,62757.24,62767.24,1785631984451,62815.350000000006,62815.3,62815.4,1.4290872,0.97189585,1.5983250299999998,1.03272711,330.6
2026-08-02T00:53:08.742+00:00,1785631986240,62753.34,62763.34,1785631986801,62815.350000000006,62815.3,62815.4,1.4290872,0.97189585,1.5983250299999998,1.03272711,352.7
2026-08-02T00:53:11.089+00:00,1785631988418,62754.43,62764.43,1785631989151,62815.350000000006,62815.3,62815.4,1.4290872,0.97253585,1.5983250299999998,1.03336711,344.3
2026-08-02T00:53:13.438+00:00,1785631990494,62754.16,62764.16,1785631991501,62815.350000000006,62815.3,62815.4,1.43479633,0.96458397,1.6040341599999999,1.02541523,348.0
2026-08-02T00:53:15.800+00:00,1785631993586,62756.04,62766.04,1785631993851,62815.350000000006,62815.3,62815.4,1.23206825,0.92265639,1.2625751,0.9834876499999999,360.0
2026-08-02T00:53:18.141+00:00,1785631995682,62755.47,62765.47,1785631996201,62815.350000000006,62815.3,62815.4,1.23206825,0.90699604,1.2625751,0.9678273,330.4
2026-08-02T00:53:20.489+00:00,1785631997697,62760.66,62770.66,1785631998551,62815.350000000006,62815.3,62815.4,1.23190928,0.90699604,1.26241613,0.9678273,344.7
2026-08-02T00:53:22.828+00:00,1785631999892,62760.68,62770.68,1785632000901,62815.350000000006,62815.3,62815.4,1.23190928,0.90540408,1.26241613,0.96623534,337.7
2026-08-02T00:53:25.189+00:00,1785632003028,62760.71,62770.71,1785632003251,62815.350000000006,62815.3,62815.4,0.6818612,0.90540408,0.7123680499999998,1.13102955,348.1
2026-08-02T00:53:27.543+00:00,1785632005337,62760.75,62770.75,1785632005601,62815.350000000006,62815.3,62815.4,0.6818612,0.90540408,0.7123680499999998,1.13102955,350.7
2026-08-02T00:53:29.891+00:00,1785632007597,62760.77,62770.77,1785632007951,62815.350000000006,62815.3,62815.4,1.23190928,0.84443408,1.26241524,0.9052653399999999,346.2
2026-08-02T00:53:32.237+00:00,1785632008696,62760.78,62770.78,1785632010301,62815.350000000006,62815.3,62815.4,1.231751,1.20275085,1.26225696,1.26358211,344.6
2026-08-02T00:53:34.588+00:00,1785632011936,62760.07,62770.07,1785632012651,62815.350000000006,62815.3,62815.4,1.231751,1.20275085,1.26225696,1.26358211,348.7
2026-08-02T00:53:36.939+00:00,1785632014078,62758.15,62768.15,1785632015001,62815.350000000006,62815.3,62815.4,0.68170292,1.2011366,0.7122088799999999,1.2619678600000002,348.2
2026-08-02T00:53:39.290+00:00,1785632016328,62759.73,62769.73,1785632017351,62815.350000000006,62815.3,62815.4,1.23013837,1.2007266,1.2606443299999999,1.2615684900000002,349.9
2026-08-02T00:53:41.641+00:00,1785632019597,62756.08,62766.08,1785632019701,62815.350000000006,62815.3,62815.4,0.68082651,2.74803425,0.71185768,2.8088761399999997,348.6
2026-08-02T00:53:43.991+00:00,1785632021647,62760.57,62770.57,1785632022051,62815.350000000006,62815.3,62815.4,0.67950256,2.74589425,0.71053373,2.80673614,349.5
2026-08-02T00:53:46.335+00:00,1785632023695,62759.12,62769.12,1785632024401,62815.350000000006,62815.3,62815.4,0.50700256,2.74589425,0.53803373,2.9905872999999996,341.2
2026-08-02T00:53:48.688+00:00,1785632025716,62758.92,62768.92,1785632026751,62815.350000000006,62815.3,62815.4,0.67358535,2.74589425,1.32488069,2.80673614,348.4
2026-08-02T00:53:51.032+00:00,1785632028912,62760.98,62770.98,1785632029101,62815.350000000006,62815.3,62815.4,0.50488535,2.74533425,0.62638949,2.80617614,341.1
2026-08-02T00:53:53.395+00:00,1785632030982,62760.88,62770.88,1785632031451,62815.350000000006,62815.3,62815.4,0.50234913,2.74525469,1.1136538599999999,2.8060965799999997,352.4
2026-08-02T00:53:55.741+00:00,1785632033064,62760.69,62770.69,1785632033801,62815.350000000006,62815.3,62815.4,0.67144514,2.74494896,1.31226767,2.8057908499999997,345.3
2026-08-02T00:53:58.089+00:00,1785632035235,62755.61,62765.61,1785632036151,62815.350000000006,62815.3,62815.4,0.13251785,2.92843798,0.21568458,2.9501926299999996,345.7
2026-08-02T00:54:00.439+00:00,1785632038268,62759.65,62769.65,1785632038501,62815.350000000006,62815.3,62815.4,0.13371785,2.92818798,0.21688458,2.94964492,347.7
2026-08-02T00:54:02.791+00:00,1785632040489,62756.2,62766.2,1785632040851,62815.350000000006,62815.3,62815.4,0.15671552,2.9234487,0.42948628,2.9442003699999995,351.6
2026-08-02T00:54:05.135+00:00,1785632042650,62754.76,62764.76,1785632043201,62815.350000000006,62815.3,62815.4,0.19612086,2.90817018,0.58394742,2.9289218499999996,340.7
2026-08-02T00:54:07.485+00:00,1785632045421,62756.38,62766.38,1785632045551,62815.350000000006,62815.3,62815.4,0.15562086,2.96529018,0.37031729,2.98604185,343.4
2026-08-02T00:54:09.880+00:00,1785632047501,62756.86,62766.86,1785632047951,62815.350000000006,62815.3,62815.4,0.15562086,2.96057018,0.37031729,2.9813218499999996,383.9
2026-08-02T00:54:12.239+00:00,1785632049902,62756.7,62766.7,1785632050301,62815.350000000006,62815.3,62815.4,0.15562086,2.95926018,0.37031729,2.9800121799999997,344.3
2026-08-02T00:54:14.594+00:00,1785632052032,62753.96,62763.96,1785632052651,62815.350000000006,62815.3,62815.4,0.19612086,2.72916507,0.5878087700000001,2.74991707,352.3
2026-08-02T00:54:16.943+00:00,1785632054750,62751.89,62761.89,1785632055001,62815.350000000006,62815.3,62815.4,0.18143032,2.90656322,0.44859414,2.9667902099999997,347.8
2026-08-02T00:54:19.286+00:00,1785632056892,62752.7,62762.7,1785632057351,62815.350000000006,62815.3,62815.4,0.18053032,2.88940054,0.32206512,2.92984895,341.0
2026-08-02T00:54:21.643+00:00,1785632058969,62753.95,62763.95,1785632059701,62815.350000000006,62815.3,62815.4,0.12482904,2.84711386,0.37592168,2.8875622699999997,350.7
2026-08-02T00:54:23.982+00:00,1785632061407,62750.9,62760.9,1785632062051,62815.350000000006,62815.3,62815.4,0.13784214,2.83835263,0.38893478,2.87880104,333.5
2026-08-02T00:54:26.343+00:00,1785632063642,62753.96,62763.96,1785632064401,62815.350000000006,62815.3,62815.4,0.13744295,2.83835263,0.38853559,2.87880104,350.8
2026-08-02T00:54:28.692+00:00,1785632066397,62753.29,62763.29,1785632066751,62815.350000000006,62815.3,62815.4,0.17914295,2.83859019,0.43023559,2.8790386,347.0
2026-08-02T00:54:31.039+00:00,1785632068508,62752.24,62762.24,1785632069101,62815.350000000006,62815.3,62815.4,0.17914668,2.82800701,0.60262131,2.8684560399999994,345.4
2026-08-02T00:54:33.395+00:00,1785632070928,62752.83,62762.83,1785632071451,62815.350000000006,62815.3,62815.4,0.13922904,2.88639595,0.30226689,2.9383790399999996,349.8
2026-08-02T00:54:35.752+00:00,1785632073049,62750.68,62760.68,1785632073801,62815.350000000006,62815.3,62815.4,0.13339705,2.88589481,0.14801215,2.9182284399999996,356.5
2026-08-02T00:54:38.091+00:00,1785632076028,62752.07,62762.07,1785632076151,62813.149999999994,62813.1,62813.2,0.12658282,2.06754437,0.12941787,2.5576279399999997,337.1
2026-08-02T00:54:40.440+00:00,1785632078098,62750.52,62760.52,1785632078501,62813.149999999994,62813.1,62813.2,0.12658282,2.10770379,0.12941787,2.62168792,347.6
2026-08-02T00:54:42.791+00:00,1785632080199,62749.63,62759.63,1785632080851,62813.149999999994,62813.1,62813.2,0.01647576,2.10807731,0.019310809999999998,2.27032814,348.4
2026-08-02T00:54:45.142+00:00,1785632082416,62751.14,62761.14,1785632083201,62813.149999999994,62813.1,62813.2,0.01647576,2.10807149,0.019310809999999998,2.2703224,348.4
2026-08-02T00:54:47.491+00:00,1785632084805,62751.42,62761.42,1785632085551,62813.149999999994,62813.1,62813.2,0.01647576,2.10807149,0.019310809999999998,2.27032241,347.3
2026-08-02T00:54:49.845+00:00,1785632087100,62752.95,62762.95,1785632087901,62813.149999999994,62813.1,62813.2,0.01457695,2.13197289,0.017412,2.4390228,351.6
2026-08-02T00:54:52.198+00:00,1785632089929,62748.7,62758.7,1785632090251,62809.75,62809.7,62809.8,0.3088915,2.03818546,0.75698972,2.17784291,350.5
2026-08-02T00:54:54.537+00:00,1785632092169,62745.93,62755.93,1785632092601,62809.75,62809.7,62809.8,0.78712417,2.03415602,1.2353074,2.17381282,336.7
2026-08-02T00:54:56.885+00:00,1785632094199,62748.76,62758.76,1785632094951,62809.75,62809.7,62809.8,0.61950263,2.03415602,1.0676858599999999,2.17381282,339.0
2026-08-02T00:54:59.241+00:00,1785632096500,62744.28,62754.28,1785632097301,62809.75,62809.7,62809.8,0.72282576,2.09415602,1.17100899,2.23381282,348.9
2026-08-02T00:55:01.593+00:00,1785632098655,62746.9,62756.9,1785632099651,62809.75,62809.7,62809.8,1.08718925,1.99278504,1.47537247,2.10099854,349.7
2026-08-02T00:55:03.950+00:00,1785632101929,62746.88,62756.88,1785632102001,62809.75,62809.7,62809.8,0.99558109,1.53877381,1.3837643099999999,1.5990216099999999,355.5
2026-08-02T00:55:06.289+00:00,1785632104101,62748.94,62758.94,1785632104351,62809.75,62809.7,62809.8,1.16428109,1.53711484,1.3922242,1.59736264,337.1
2026-08-02T00:55:08.644+00:00,1785632106420,62748.98,62758.98,1785632106701,62809.75,62809.7,62809.8,1.20428109,1.53711484,1.6522452500000002,1.59736264,347.7
2026-08-02T00:55:10.980+00:00,1785632108460,62748.18,62758.18,1785632109051,62809.75,62809.7,62809.8,1.2026874,1.53661083,1.43063051,1.59685863,333.5
2026-08-02T00:55:13.340+00:00,1785632110519,62747.03,62757.03,1785632111401,62809.75,62809.7,62809.8,1.2026874,1.53611036,1.6506515600000002,1.5963581599999999,346.6
2026-08-02T00:55:15.695+00:00,1785632113605,62753.2,62763.2,1785632113751,62809.75,62809.7,62809.8,1.20162835,1.53496912,1.6495925100000002,1.59521692,352.2
2026-08-02T00:55:18.046+00:00,1785632115713,62747.43,62757.43,1785632116101,62809.75,62809.7,62809.8,1.03292835,1.5333329,1.3448751,1.5935807,349.2
2026-08-02T00:55:20.391+00:00,1785632117750,62747.86,62757.86,1785632118451,62809.75,62809.7,62809.8,0.17405009,1.61707667,0.19463949,1.69065496,343.4
2026-08-02T00:55:22.696+00:00,1785632119974,62753.25,62763.25,1785632120751,62809.75,62809.7,62809.8,0.17405009,1.61707667,0.19463949,1.69065496,302.2
2026-08-02T00:55:25.042+00:00,1785632121913,62748.99,62758.99,1785632123101,62806.649999999994,62806.6,62806.7,0.19806998,1.82727003,0.19853629,2.10907989,344.4
2026-08-02T00:55:27.395+00:00,1785632124302,62748.51,62758.51,1785632125451,62806.649999999994,62806.6,62806.7,0.54010823,1.82727003,0.5408303,1.93602842,351.4
2026-08-02T00:55:29.744+00:00,1785632126650,62748.27,62758.27,1785632127801,62806.649999999994,62806.6,62806.7,1.11892423,1.68441036,1.1196463,1.79315406,346.8
2026-08-02T00:55:32.090+00:00,1785632129135,62748.46,62758.46,1785632130151,62806.649999999994,62806.6,62806.7,1.62692039,1.3208309,1.6276424600000001,1.36512272,343.5
2026-08-02T00:55:34.453+00:00,1785632132477,62746.71,62756.71,1785632132501,62806.649999999994,62806.6,62806.7,1.62692039,1.29956759,1.6276424600000001,1.36004476,358.8
2026-08-02T00:55:36.793+00:00,1785632134509,62748.4,62758.4,1785632134851,62806.649999999994,62806.6,62806.7,1.6640304,1.29956759,1.66475247,1.3849126100000002,338.2
2026-08-02T00:55:39.142+00:00,1785632136518,62748.27,62758.27,1785632137201,62806.649999999994,62806.6,62806.7,1.66570267,0.92431508,2.5083018200000002,1.069363,346.5
2026-08-02T00:55:41.494+00:00,1785632138779,62744.77,62754.77,1785632139551,62806.649999999994,62806.6,62806.7,1.62570266,0.96321508,2.46830181,1.1082630000000002,348.8
2026-08-02T00:55:43.844+00:00,1785632139801,62748.42,62758.42,1785632141901,62806.649999999994,62806.6,62806.7,1.62570266,0.96321508,2.46034182,1.1321657500000002,349.1
2026-08-02T00:55:46.189+00:00,1785632144059,62746.57,62756.57,1785632144251,62806.649999999994,62806.6,62806.7,1.62570266,0.96321508,2.46034182,1.1321657500000002,340.1
2026-08-02T00:55:48.543+00:00,1785632146414,62749.45,62759.45,1785632146601,62806.649999999994,62806.6,62806.7,1.62570266,0.96321508,2.46034182,1.1321657500000002,346.9
2026-08-02T00:55:50.897+00:00,1785632148619,62748.64,62758.64,1785632148951,62806.649999999994,62806.6,62806.7,1.62570266,0.96321508,2.46034182,1.1321657500000002,352.4
2026-08-02T00:55:53.238+00:00,1785632150690,62750.97,62760.97,1785632151301,62806.649999999994,62806.6,62806.7,1.62570266,0.96321508,2.46034182,1.02534165,338.9
2026-08-02T00:55:55.611+00:00,1785632153146,62746.76,62756.76,1785632153651,62806.649999999994,62806.6,62806.7,0.11548174,1.34221808,0.17661987999999998,1.38772274,366.8
2026-08-02T00:55:57.948+00:00,1785632155232,62747.41,62757.41,1785632156001,62806.649999999994,62806.6,62806.7,0.11548174,1.34221808,0.17661987999999998,1.38764141,335.5
2026-08-02T00:56:00.292+00:00,1785632158171,62747.09,62757.09,1785632158351,62806.649999999994,62806.6,62806.7,0.6149924,1.17293701,0.6761305400000001,1.21867701,341.5
2026-08-02T00:56:02.646+00:00,1785632159691,62743.53,62753.53,1785632160701,62806.649999999994,62806.6,62806.7,1.36241531,1.17293701,1.42357098,1.2582453500000002,351.7
2026-08-02T00:56:04.996+00:00,1785632162019,62746.92,62756.92,1785632163051,62806.649999999994,62806.6,62806.7,1.36241531,1.16948962,1.42357098,1.25548236,348.0
2026-08-02T00:56:07.347+00:00,1785632165249,62747.55,62757.55,1785632165401,62806.649999999994,62806.6,62806.7,1.91230767,1.13342416,1.97346334,1.195514,348.4
2026-08-02T00:56:09.695+00:00,1785632167328,62741.9,62751.9,1785632167751,62806.649999999994,62806.6,62806.7,1.91230767,1.11548005,1.97346334,1.17756989,346.2
2026-08-02T00:56:12.034+00:00,1785632169833,62739.59,62749.59,1785632170101,62806.649999999994,62806.6,62806.7,1.91230767,1.11389005,1.97346334,1.17597989,335.8
2026-08-02T00:56:14.394+00:00,1785632172004,62742.43,62752.43,1785632172451,62806.649999999994,62806.6,62806.7,1.91230767,1.1482036,1.97346334,1.21029344,346.4
2026-08-02T00:56:16.735+00:00,1785632174113,62739.62,62749.62,1785632174801,62806.649999999994,62806.6,62806.7,1.11807959,1.14634553,1.17923526,1.2084306000000002,339.7
2026-08-02T00:56:19.095+00:00,1785632176217,62743.02,62753.02,1785632177151,62806.649999999994,62806.6,62806.7,1.28896196,1.14792109,1.48488259,1.2099786700000001,348.0
2026-08-02T00:56:21.444+00:00,1785632179257,62748.1,62758.1,1785632179501,62806.649999999994,62806.6,62806.7,0.94776196,1.3225414,1.14368259,1.3960379600000001,344.6
2026-08-02T00:56:23.789+00:00,1785632181396,62745.02,62755.02,1785632181851,62806.649999999994,62806.6,62806.7,1.28824433,1.13366629,1.48416496,1.2071628500000002,342.0
2026-08-02T00:56:26.145+00:00,1785632183303,62755.13,62765.13,1785632184201,62815.350000000006,62815.3,62815.4,1.97423503,2.39176039,2.5605160099999997,2.67215349,345.8
2026-08-02T00:56:28.493+00:00,1785632185970,62750.04,62760.04,1785632186551,62815.350000000006,62815.3,62815.4,0.559149,2.42703809,0.56461561,2.63194627,344.5
2026-08-02T00:56:30.847+00:00,1785632188278,62749.86,62759.86,1785632188901,62815.350000000006,62815.3,62815.4,0.559149,2.41503809,0.56461561,2.69672756,351.6
2026-08-02T00:56:33.194+00:00,1785632190501,62755.37,62765.37,1785632191251,62815.350000000006,62815.3,62815.4,1.51608639,2.18792327,1.7630889799999998,2.4465379,346.5
2026-08-02T00:56:35.645+00:00,1785632192658,62755.3,62765.3,1785632193701,62815.350000000006,62815.3,62815.4,1.41308947,2.00573934,1.70024075,2.2912272599999994,331.9
2026-08-02T00:56:37.995+00:00,1785632194976,62755.06,62765.06,1785632196051,62815.350000000006,62815.3,62815.4,4.52286275,1.78682532,4.83391663,2.04592353,348.0
2026-08-02T00:56:40.343+00:00,1785632197214,62756.44,62766.44,1785632198401,62815.350000000006,62815.3,62815.4,4.65024636,1.78772532,4.96130024,1.9951295,345.7
2026-08-02T00:56:42.692+00:00,1785632200625,62759.77,62769.77,1785632200751,62815.350000000006,62815.3,62815.4,4.65024636,1.76384583,4.921166749999999,1.9712500099999999,346.8
2026-08-02T00:56:45.038+00:00,1785632202813,62758.7,62768.7,1785632203101,62815.350000000006,62815.3,62815.4,4.65026417,1.76384583,4.9211845599999995,1.9712500099999999,337.7
2026-08-02T00:56:47.397+00:00,1785632205357,62756.63,62766.63,1785632205451,62815.350000000006,62815.3,62815.4,4.65026417,1.76368664,4.92123348,1.97109082,348.5
2026-08-02T00:56:49.745+00:00,1785632207509,62759.4,62769.4,1785632207801,62815.350000000006,62815.3,62815.4,2.85942015,1.76368664,3.1304359699999997,1.94592251,345.2
2026-08-02T00:56:52.095+00:00,1785632209554,62759.58,62769.58,1785632210151,62815.350000000006,62815.3,62815.4,2.85942015,1.76368664,3.1304486999999996,1.94592251,347.9
2026-08-02T00:56:54.498+00:00,1785632211618,62757.86,62767.86,1785632212551,62815.350000000006,62815.3,62815.4,2.85942015,1.76278664,3.1304547099999995,1.94502251,397.6
2026-08-02T00:56:56.845+00:00,1785632213930,62773.18,62783.18,1785632214901,62833.45,62833.4,62833.5,2.02566526,0.25814879,2.2442097399999996,0.4955386400000001,344.8
2026-08-02T00:56:59.194+00:00,1785632216536,62772.67,62782.67,1785632217251,62835.25,62835.2,62835.3,3.37233074,0.05615646,3.8723701299999997,0.6234356,344.1
2026-08-02T00:57:01.543+00:00,1785632218669,62768.28,62778.28,1785632219601,62835.25,62835.2,62835.3,2.57325293,0.27694666,2.9729807000000004,0.6065510199999999,345.0
2026-08-02T00:57:03.900+00:00,1785632221820,62772.31,62782.31,1785632221951,62835.25,62835.2,62835.3,2.57325293,0.27694666,2.9729623200000006,0.45903718000000004,353.5
2026-08-02T00:57:06.245+00:00,1785632223949,62770.18,62780.18,1785632224301,62835.25,62835.2,62835.3,2.57325293,0.23540631,2.9729623200000006,0.41749683000000004,343.9
2026-08-02T00:57:08.596+00:00,1785632226296,62773.67,62783.67,1785632226651,62835.25,62835.2,62835.3,1.48065643,0.99844158,1.7231410700000003,1.1805321,347.3
2026-08-02T00:57:10.938+00:00,1785632228390,62776.02,62786.02,1785632229001,62835.25,62835.2,62835.3,1.48065643,0.99844158,1.8389779300000002,1.1805321,340.9
2026-08-02T00:57:13.291+00:00,1785632230489,62775.94,62785.94,1785632231351,62835.25,62835.2,62835.3,1.36537238,0.99844158,1.75491956,1.1805321,343.4
2026-08-02T00:57:15.645+00:00,1785632232618,62775.14,62785.14,1785632233701,62835.25,62835.2,62835.3,1.36537238,0.99844158,1.75491956,1.1805321,347.3
2026-08-02T00:57:17.989+00:00,1785632235730,62769.08,62779.08,1785632236051,62835.25,62835.2,62835.3,1.36537238,0.99844158,1.75491956,1.1805321,342.2
2026-08-02T00:57:20.347+00:00,1785632237968,62771.14,62781.14,1785632238401,62835.25,62835.2,62835.3,1.36537238,0.99844158,1.61638928,1.1403834000000002,348.5
2026-08-02T00:57:22.699+00:00,1785632240118,62769.77,62779.77,1785632240751,62835.25,62835.2,62835.3,1.10317338,1.1819959,1.35419028,1.38577775,350.5
2026-08-02T00:57:25.049+00:00,1785632242549,62770.53,62780.53,1785632243101,62835.25,62835.2,62835.3,1.10317338,1.1819959,1.35419028,1.38577775,349.1
2026-08-02T00:57:27.395+00:00,1785632244678,62770.92,62780.92,1785632245451,62835.25,62835.2,62835.3,1.10314474,1.17907071,1.37411423,1.38285256,344.3
2026-08-02T00:57:29.749+00:00,1785632247733,62768.06,62778.06,1785632247801,62835.25,62835.2,62835.3,1.10404474,1.17907071,1.37501423,1.38285256,351.2
2026-08-02T00:57:32.095+00:00,1785632249758,62770.5,62780.5,1785632250151,62835.25,62835.2,62835.3,1.10404474,1.17902297,1.37501423,1.3828048199999998,344.5
2026-08-02T00:57:34.449+00:00,1785632251789,62766.69,62776.69,1785632252501,62835.25,62835.2,62835.3,0.92858512,1.17902297,1.19955461,1.3758050199999998,349.5
2026-08-02T00:57:36.788+00:00,1785632253817,62766.85,62776.85,1785632254851,62835.25,62835.2,62835.3,1.10198512,1.17900547,1.3729546099999999,1.38278732,336.6
2026-08-02T00:57:39.096+00:00,1785632256859,62768.88,62778.88,1785632257151,62835.25,62835.2,62835.3,1.10108512,1.17900547,1.37205461,1.38278732,299.8
2026-08-02T00:57:41.449+00:00,1785632258887,62768.63,62778.63,1785632259501,62835.25,62835.2,62835.3,1.10198512,1.17900547,1.3729546099999999,1.38278732,351.3
2026-08-02T00:57:43.797+00:00,1785632261679,62764.08,62774.08,1785632261851,62833.45,62833.4,62833.5,0.99311155,2.74521629,1.20566374,3.3272689000000004,346.0
2026-08-02T00:57:46.161+00:00,1785632263827,62768.36,62778.36,1785632264201,62833.45,62833.4,62833.5,0.99311155,2.74521629,1.20566374,3.3272689000000004,359.9
2026-08-02T00:57:48.498+00:00,1785632265949,62767.87,62777.87,1785632266551,62833.45,62833.4,62833.5,0.99311155,2.74521629,1.20566374,3.3272689000000004,335.6
2026-08-02T00:57:50.845+00:00,1785632268169,62764.96,62774.96,1785632268901,62833.45,62833.4,62833.5,1.15396118,2.14747145,1.15454586,2.32806149,344.5
2026-08-02T00:57:53.194+00:00,1785632270339,62764.22,62774.22,1785632271251,62833.45,62833.4,62833.5,0.99401155,2.14747145,1.1761374399999998,2.32806149,342.1
2026-08-02T00:57:55.547+00:00,1785632272548,62766.75,62776.75,1785632273601,62833.45,62833.4,62833.5,0.9933269,2.14747145,1.1754527899999998,2.32806149,343.9
2026-08-02T00:57:57.899+00:00,1785632275668,62766.82,62776.82,1785632275951,62833.45,62833.4,62833.5,0.9924269,2.14747145,1.17453642,2.3280609,349.2
2026-08-02T00:58:00.251+00:00,1785632277989,62766.02,62776.02,1785632278301,62833.45,62833.4,62833.5,0.99316927,1.7311202,1.18704762,1.9477358100000004,350.2
2026-08-02T00:58:02.597+00:00,1785632280133,62766.82,62776.82,1785632280651,62833.45,62833.4,62833.5,0.99316927,1.7311202,1.18704762,1.9477358100000004,345.4
2026-08-02T00:58:04.941+00:00,1785632282198,62767.15,62777.15,1785632283001,62833.45,62833.4,62833.5,1.03366927,1.73108837,1.22753821,1.9477039800000002,341.3
2026-08-02T00:58:07.291+00:00,1785632285267,62766.52,62776.52,1785632285351,62833.45,62833.4,62833.5,1.03366927,1.79108837,1.22753821,2.00770398,342.0
2026-08-02T00:58:09.639+00:00,1785632286680,62768.08,62778.08,1785632287701,62833.45,62833.4,62833.5,1.03366927,1.79108837,1.20016494,2.00770398,341.0
2026-08-02T00:58:12.001+00:00,1785632288778,62768.35,62778.35,1785632290051,62833.45,62833.4,62833.5,1.03366927,1.79108837,1.2001994599999999,2.00768097,350.7
2026-08-02T00:58:14.349+00:00,1785632292133,62767.08,62777.08,1785632292401,62833.45,62833.4,62833.5,1.03280847,1.79088466,1.19940315,2.00747726,345.3
2026-08-02T00:58:16.701+00:00,1785632294406,62768.73,62778.73,1785632294751,62833.45,62833.4,62833.5,0.48272869,1.79088466,0.6493233700000001,2.00747726,349.7
2026-08-02T00:58:19.051+00:00,1785632296458,62769.14,62779.14,1785632297101,62833.45,62833.4,62833.5,0.48272869,1.790821,0.6493233700000001,2.0074136,348.2
2026-08-02T00:58:21.384+00:00,1785632298479,62769.46,62779.46,1785632299451,62833.45,62833.4,62833.5,1.14034396,1.790821,1.3074155600000001,2.0074136,331.7
2026-08-02T00:58:23.746+00:00,1785632301629,62771.34,62781.34,1785632301801,62833.45,62833.4,62833.5,1.14034396,1.790821,1.32856839,2.0074136,346.1
2026-08-02T00:58:26.095+00:00,1785632303729,62769.6,62779.6,1785632304151,62833.45,62833.4,62833.5,0.59030869,1.78982635,0.77853312,2.00641895,345.9
2026-08-02T00:58:28.450+00:00,1785632305798,62770.7,62780.7,1785632306501,62833.45,62833.4,62833.5,1.14027923,1.78982635,1.32850366,2.00641895,348.1
2026-08-02T00:58:30.792+00:00,1785632307988,62770.55,62780.55,1785632308851,62833.45,62833.4,62833.5,0.59030869,1.78982635,0.80148256,2.00641895,341.3
2026-08-02T00:58:33.595+00:00,1785632311349,62767.32,62777.32,1785632311651,62833.45,62833.4,62833.5,0.54980869,1.78982635,0.72762338,2.00641895,790.9
2026-08-02T00:58:35.950+00:00,1785632313429,62766.5,62776.5,1785632314001,62833.45,62833.4,62833.5,0.54980869,1.7896672,0.73143843,2.00626064,350.5
2026-08-02T00:58:38.294+00:00,1785632315479,62766.48,62776.48,1785632316351,62833.45,62833.4,62833.5,0.54980869,1.78940827,0.76459334,2.0060017099999996,340.8
2026-08-02T00:58:40.641+00:00,1785632317709,62765.25,62775.25,1785632318701,62833.45,62833.4,62833.5,0.54980869,1.78940827,0.76459334,2.0060017099999996,341.5
2026-08-02T00:58:42.998+00:00,1785632319916,62763.62,62773.62,1785632321051,62833.45,62833.4,62833.5,0.54980869,1.82915639,0.76459334,2.06560438,348.0
2026-08-02T00:58:45.348+00:00,1785632323060,62760.85,62770.85,1785632323401,62833.45,62833.4,62833.5,0.54980869,1.82915639,0.76459334,2.06560438,347.9
2026-08-02T00:58:47.701+00:00,1785632325088,62760.41,62770.41,1785632325751,62833.45,62833.4,62833.5,0.54949653,1.82915639,0.76428118,2.06560438,350.1
2026-08-02T00:58:50.048+00:00,1785632327099,62766.21,62776.21,1785632328101,62833.45,62833.4,62833.5,0.43281716,1.82915639,0.6768509,2.06560438,344.9
2026-08-02T00:58:52.398+00:00,1785632329238,62764.51,62774.51,1785632330451,62833.45,62833.4,62833.5,0.54039716,1.82915639,0.79642481,2.06560474,347.4
2026-08-02T00:58:54.751+00:00,1785632332189,62762.1,62772.1,1785632332801,62833.45,62833.4,62833.5,0.09277935,1.83824378,0.15497492,2.16534336,349.9
2026-08-02T00:58:57.098+00:00,1785632334769,62756.58,62766.58,1785632335151,62833.45,62833.4,62833.5,0.09277935,1.83824378,0.10077349999999999,2.21369018,345.6
2026-08-02T00:58:59.439+00:00,1785632336599,62754.36,62764.36,1785632337501,62822.55,62822.5,62822.6,1.30105833,1.9472925,1.58235987,2.16649246,337.7
2026-08-02T00:59:01.798+00:00,1785632338718,62757.61,62767.61,1785632339851,62822.55,62822.5,62822.6,1.30105833,1.9472925,1.57424565,2.16649246,344.7
2026-08-02T00:59:04.150+00:00,1785632341100,62754.99,62764.99,1785632342201,62822.55,62822.5,62822.6,1.4665717,1.28324382,1.7396764900000001,1.44170401,350.0
2026-08-02T00:59:06.501+00:00,1785632343776,62753.81,62763.81,1785632344551,62822.55,62822.5,62822.6,1.4660873,1.28324382,1.7461875900000003,1.44170401,348.3
2026-08-02T00:59:08.847+00:00,1785632345944,62753.27,62763.27,1785632346901,62822.55,62822.5,62822.6,1.4756383,1.28167199,1.75665911,1.44013218,344.3
2026-08-02T00:59:11.190+00:00,1785632348141,62758.53,62768.53,1785632349251,62822.55,62822.5,62822.6,1.4756383,1.28167199,1.7566571899999999,1.44013218,338.4
2026-08-02T00:59:13.550+00:00,1785632351256,62758.66,62768.66,1785632351601,62822.55,62822.5,62822.6,1.4756383,1.28167199,1.75664939,1.44013218,345.9
2026-08-02T00:59:15.899+00:00,1785632353422,62760.26,62770.26,1785632353951,62822.55,62822.5,62822.6,1.47511526,1.28133825,1.75521552,1.4622662000000002,340.6
2026-08-02T00:59:18.257+00:00,1785632355961,62761.23,62771.23,1785632356301,62822.55,62822.5,62822.6,1.49900906,1.10883825,1.77195762,1.2911653300000003,356.4
2026-08-02T00:59:20.598+00:00,1785632358154,62760.5,62770.5,1785632358651,62822.55,62822.5,62822.6,1.49900906,1.10883825,1.7719909200000001,1.2911653300000003,338.5
2026-08-02T00:59:22.950+00:00,1785632360218,62757.09,62767.09,1785632361001,62822.55,62822.5,62822.6,1.49900906,1.10883825,1.77197305,1.2911653300000003,346.2
2026-08-02T00:59:25.300+00:00,1785632363228,62758.2,62768.2,1785632363351,62822.55,62822.5,62822.6,1.50779003,0.69871649,1.7808842000000003,0.92728156,348.1
2026-08-02T00:59:27.643+00:00,1785632365291,62760.53,62770.53,1785632365701,62822.55,62822.5,62822.6,1.49900906,0.73761649,1.77991232,0.9661815599999999,342.1
2026-08-02T00:59:30.001+00:00,1785632367602,62763.75,62773.75,1785632368051,62822.55,62822.5,62822.6,1.49900906,0.73729814,1.7799009399999999,0.96586321,349.5
2026-08-02T00:59:32.351+00:00,1785632369845,62763.83,62773.83,1785632370401,62822.55,62822.5,62822.6,1.49900906,0.73729814,1.77991685,0.96586323,345.9
2026-08-02T00:59:34.696+00:00,1785632371939,62761.84,62771.84,1785632372751,62822.55,62822.5,62822.6,1.49900906,0.74320744,1.77990988,0.9705948900000001,342.1
2026-08-02T00:59:37.052+00:00,1785632374135,62760.35,62770.35,1785632375101,62822.55,62822.5,62822.6,1.49840484,0.74149773,1.74979491,0.97006282,348.4
2026-08-02T00:59:39.404+00:00,1785632376702,62762.62,62772.62,1785632377451,62826.850000000006,62826.8,62826.9,2.64402089,0.97417205,2.94500982,0.992512,350.2
2026-08-02T00:59:41.765+00:00,1785632378920,62761.92,62771.92,1785632379801,62826.850000000006,62826.8,62826.9,2.65230964,0.42414678,2.95462336,0.44248673000000005,358.6
2026-08-02T00:59:44.102+00:00,1785632381729,62768.73,62778.73,1785632382151,62838.149999999994,62838.1,62838.2,0.39506055,1.10429128,0.74994099,1.2823656600000002,335.5
2026-08-02T00:59:46.450+00:00,1785632383819,62768.94,62778.94,1785632384501,62838.149999999994,62838.1,62838.2,0.94370735,1.10429128,1.2604413399999999,1.2823435,345.0
2026-08-02T00:59:48.801+00:00,1785632385977,62770.44,62780.44,1785632386851,62838.149999999994,62838.1,62838.2,0.9401134,1.18507743,1.25684739,1.55762273,348.5
2026-08-02T00:59:51.141+00:00,1785632388529,62776.31,62786.31,1785632389201,62838.149999999994,62838.1,62838.2,1.1088134,1.08228912,1.45142149,1.3076938000000002,336.5
2026-08-02T00:59:53.493+00:00,1785632390596,62776.22,62786.22,1785632391551,62838.149999999994,62838.1,62838.2,1.1088134,1.08228912,1.45142149,1.3076938000000002,338.3
2026-08-02T00:59:55.851+00:00,1785632393721,62772.75,62782.75,1785632393901,62838.149999999994,62838.1,62838.2,1.1088134,1.08228912,1.45142149,1.3076938000000002,349.8
2026-08-02T00:59:58.202+00:00,1785632395859,62770.95,62780.95,1785632396251,62838.149999999994,62838.1,62838.2,0.9410134,1.08869577,1.28361551,1.3141004500000002,348.6
2026-08-02T01:00:00.553+00:00,1785632397939,62770.2,62780.2,1785632398601,62838.149999999994,62838.1,62838.2,0.9410134,1.09243016,1.28361551,1.3178348400000002,349.9
2026-08-02T01:00:02.900+00:00,1785632400900,62778.7,62788.7,1785632400951,62843.05,62843.0,62843.1,1.99830621,0.06738468,2.47992861,0.47911011,345.3
2026-08-02T01:00:05.254+00:00,1785632403094,62779.61,62789.61,1785632403301,62846.649999999994,62846.6,62846.7,2.38254136,0.74721241,2.71636628,1.40150437,351.3
2026-08-02T01:00:07.603+00:00,1785632405099,62779.64,62789.64,1785632405651,62846.649999999994,62846.6,62846.7,2.07995187,0.67874618,2.4220887099999997,1.38575316,346.7
2026-08-02T01:00:09.954+00:00,1785632407102,62784.1,62794.1,1785632408001,62846.649999999994,62846.6,62846.7,0.65820515,1.1682924,0.7961515100000001,1.5610411799999997,348.5
2026-08-02T01:00:12.301+00:00,1785632410285,62781.79,62791.79,1785632410351,62846.649999999994,62846.6,62846.7,0.6581957,1.0602758,0.8618007900000001,1.45302458,346.1
2026-08-02T01:00:14.648+00:00,1785632412339,62786.3,62796.3,1785632412701,62846.649999999994,62846.6,62846.7,0.65575323,1.04735864,0.8595364999999999,1.4401074199999997,344.6
2026-08-02T01:00:17.001+00:00,1785632414476,62784.58,62794.58,1785632415051,62846.649999999994,62846.6,62846.7,0.13541951,1.23029283,0.33920278,1.6230416099999998,348.5
2026-08-02T01:00:19.355+00:00,1785632416553,62786.22,62796.22,1785632417401,62846.649999999994,62846.6,62846.7,0.68254453,1.08365033,0.8870127299999999,1.4763991099999998,350.1
2026-08-02T01:00:21.701+00:00,1785632419588,62782.18,62792.18,1785632419751,62846.649999999994,62846.6,62846.7,0.68134453,1.34745297,0.8858127199999999,1.7402017499999998,344.2
2026-08-02T01:00:24.053+00:00,1785632421746,62786.12,62796.12,1785632422101,62846.649999999994,62846.6,62846.7,0.68134453,1.25839459,0.8858127199999999,1.6511433699999998,349.7
2026-08-02T01:00:26.398+00:00,1785632423851,62786.08,62796.08,1785632424451,62846.649999999994,62846.6,62846.7,0.68134453,1.20347895,0.8858127199999999,1.5962277299999998,344.1
2026-08-02T01:00:28.751+00:00,1785632426018,62784.53,62794.53,1785632426801,62846.649999999994,62846.6,62846.7,0.88597907,1.00309013,1.09044726,1.3958389099999997,347.4
2026-08-02T01:00:31.104+00:00,1785632428193,62781.8,62791.8,1785632429151,62846.649999999994,62846.6,62846.7,0.67947994,0.99368642,0.88394811,1.3864352,347.4
2026-08-02T01:00:33.461+00:00,1785632431313,62781.75,62791.75,1785632431501,62846.649999999994,62846.6,62846.7,0.67947994,1.17895199,0.88394811,1.5717007699999999,354.3
2026-08-02T01:00:35.801+00:00,1785632433398,62781.65,62791.65,1785632433851,62846.649999999994,62846.6,62846.7,0.6785564,1.16234196,0.8830245699999999,1.5550907399999998,339.4
2026-08-02T01:00:38.153+00:00,1785632436022,62780.5,62790.5,1785632436201,62846.649999999994,62846.6,62846.7,0.6785564,1.15915638,0.88233964,1.5519051599999998,349.7
2026-08-02T01:00:40.502+00:00,1785632437039,62780.34,62790.34,1785632438551,62846.649999999994,62846.6,62846.7,0.67695093,1.15915638,0.8814190999999999,1.5519051599999998,346.8
2026-08-02T01:00:42.855+00:00,1785632440501,62780.78,62790.78,1785632440901,62846.649999999994,62846.6,62846.7,0.67695093,1.16234198,0.8814350599999999,1.55509076,350.5
2026-08-02T01:00:45.198+00:00,1785632442984,62778.95,62788.95,1785632443251,62846.649999999994,62846.6,62846.7,0.67695093,0.94951933,0.9317268699999999,1.34226811,339.5
2026-08-02T01:00:47.546+00:00,1785632445091,62777.96,62787.96,1785632445601,62846.649999999994,62846.6,62846.7,0.67695093,1.18562888,0.8814350599999999,1.57837766,340.5
2026-08-02T01:00:49.904+00:00,1785632447106,62781.52,62791.52,1785632447951,62846.649999999994,62846.6,62846.7,0.67695093,1.16154639,0.8814350599999999,1.5542951699999998,340.0
2026-08-02T01:00:52.257+00:00,1785632450276,62781.48,62791.48,1785632450301,62846.649999999994,62846.6,62846.7,0.67695093,1.13541934,0.8814350499999999,1.70816812,350.1
2026-08-02T01:00:54.599+00:00,1785632452396,62781.45,62791.45,1785632452651,62846.649999999994,62846.6,62846.7,0.67695093,1.13541934,0.8814350499999999,1.70816812,339.8
2026-08-02T01:00:56.968+00:00,1785632454519,62780.78,62790.78,1785632455001,62846.649999999994,62846.6,62846.7,0.67695093,1.13541934,0.8814350499999999,1.70816812,360.0
2026-08-02T01:00:59.308+00:00,1785632456589,62778.77,62788.77,1785632457351,62846.649999999994,62846.6,62846.7,0.67695093,1.13541934,0.8814350499999999,1.70816812,337.2
2026-08-02T01:01:01.655+00:00,1785632458688,62778.29,62788.29,1785632459701,62846.649999999994,62846.6,62846.7,0.67695093,1.13541934,0.8814350499999999,1.70816812,344.3
2026-08-02T01:01:04.010+00:00,1785632461748,62779.47,62789.47,1785632462051,62846.649999999994,62846.6,62846.7,0.67695093,1.13538752,0.88141906,1.7081363,353.4
2026-08-02T01:01:06.354+00:00,1785632463853,62778.3,62788.3,1785632464401,62846.649999999994,62846.6,62846.7,0.67695093,1.13538752,0.88141906,1.7081363,341.1
2026-08-02T01:01:08.704+00:00,1785632465960,62778.41,62788.41,1785632466751,62846.649999999994,62846.6,62846.7,0.67657638,1.13538752,0.73260858,1.4961208400000001,347.6
2026-08-02T01:01:11.054+00:00,1785632468070,62775.96,62785.96,1785632469101,62846.649999999994,62846.6,62846.7,0.67657638,1.13538752,0.73260858,1.4961208400000001,348.3
2026-08-02T01:01:13.414+00:00,1785632471248,62773.25,62783.25,1785632471451,62846.649999999994,62846.6,62846.7,0.67657638,0.94682853,0.73260858,1.3075618500000001,358.6
2026-08-02T01:01:15.805+00:00,1785632473398,62775.43,62785.43,1785632473851,62846.649999999994,62846.6,62846.7,0.67657638,1.11549671,0.7326085699999999,1.47623003,389.5
2026-08-02T01:01:18.146+00:00,1785632475441,62777.71,62787.71,1785632476201,62846.649999999994,62846.6,62846.7,0.67657638,0.94676489,0.8719012599999999,1.30749821,338.8
2026-08-02T01:01:20.505+00:00,1785632477508,62778.47,62788.47,1785632478551,62846.649999999994,62846.6,62846.7,0.67657638,0.94676489,0.8719012599999999,1.30749821,350.0
2026-08-02T01:01:22.845+00:00,1785632480642,62778.68,62788.68,1785632480901,62846.649999999994,62846.6,62846.7,0.67657638,0.94616404,0.8719012599999999,1.30689736,336.8
2026-08-02T01:01:25.206+00:00,1785632482763,62780.58,62790.58,1785632483251,62846.649999999994,62846.6,62846.7,0.88105419,0.94257845,1.07637907,1.32086491,351.4
2026-08-02T01:01:27.554+00:00,1785632484826,62779.15,62789.15,1785632485601,62846.649999999994,62846.6,62846.7,0.67641965,0.94246707,0.87174453,1.32075353,346.8
2026-08-02T01:01:30.117+00:00,1785632487940,62781.0,62791.0,1785632488151,62846.649999999994,62846.6,62846.7,0.67641965,0.84922033,0.87174453,1.08962585,366.9
2026-08-02T01:01:32.456+00:00,1785632489969,62779.24,62789.24,1785632490501,62846.649999999994,62846.6,62846.7,0.66996987,0.92944979,0.86512059,1.0532557599999999,336.4
2026-08-02T01:01:48.251+00:00,1785632505494,62780.54,62790.54,1785632506301,62846.649999999994,62846.6,62846.7,0.62813619,0.92919705,0.8096489099999999,1.16555715,379.8
2026-08-02T01:02:03.001+00:00,1785632520188,62778.74,62788.74,1785632521051,62846.649999999994,62846.6,62846.7,0.79490106,1.03680157,0.80345056,1.16060754,359.9
2026-08-02T01:02:05.361+00:00,1785632523278,62777.63,62787.63,1785632523401,62846.649999999994,62846.6,62846.7,0.83527914,1.18163503,0.84381664,1.24543708,355.2
2026-08-02T01:02:23.556+00:00,1785632541370,62783.94,62793.94,1785632541601,62846.649999999994,62846.6,62846.7,0.39379226,1.07937608,0.40282636000000005,1.2031781300000002,324.5
2026-08-02T01:02:26.202+00:00,1785632543396,62781.73,62791.73,1785632544251,62846.649999999994,62846.6,62846.7,0.39379226,1.0793761,0.40282636000000005,1.20317815,357.8
2026-08-02T01:02:28.556+00:00,1785632546469,62785.07,62795.07,1785632546601,62846.649999999994,62846.6,62846.7,0.35306143,1.24760153,0.36209553000000005,1.3714035800000002,348.2
2026-08-02T01:02:30.910+00:00,1785632548600,62782.09,62792.09,1785632548951,62846.649999999994,62846.6,62846.7,0.35306143,1.24760153,0.36209551,1.3714035800000002,349.9
2026-08-02T01:02:33.254+00:00,1785632550832,62786.98,62796.98,1785632551301,62848.05,62848.0,62848.1,2.81162818,0.71376374,3.4987028700000002,1.09939658,340.9
2026-08-02T01:02:35.607+00:00,1785632552858,62786.31,62796.31,1785632553651,62848.05,62848.0,62848.1,2.42131563,0.75271192,2.99318645,1.00492706,350.4
2026-08-02T01:02:37.953+00:00,1785632554940,62785.71,62795.71,1785632556001,62848.05,62848.0,62848.1,2.42131563,0.7135781,2.99318645,0.96579324,342.8
2026-08-02T01:02:40.306+00:00,1785632557330,62795.85,62805.85,1785632558351,62860.850000000006,62860.8,62860.9,2.35296801,0.65090203,2.4376011,0.79550114,347.6
2026-08-02T01:02:42.623+00:00,1785632560400,62791.15,62801.15,1785632560651,62860.850000000006,62860.8,62860.9,2.35298301,0.64493178,2.39749148,0.82584317,315.9
2026-08-02T01:02:44.960+00:00,1785632562736,62799.31,62809.31,1785632563001,62863.45,62863.4,62863.5,2.23574716,0.99511797,2.47985211,1.25928937,335.2
2026-08-02T01:02:47.306+00:00,1785632565059,62793.95,62803.95,1785632565351,62863.45,62863.4,62863.5,1.49902234,1.26591658,1.6968194300000001,1.5300879800000002,345.0
2026-08-02T01:02:49.660+00:00,1785632567234,62797.42,62807.42,1785632567701,62863.45,62863.4,62863.5,1.49427803,1.26591658,1.6920751200000002,1.5300879800000002,352.4
2026-08-02T01:02:52.015+00:00,1785632569388,62800.27,62810.27,1785632570051,62863.45,62863.4,62863.5,1.49427803,1.26591658,1.69207609,1.5300879800000002,353.8
