t_local,mt5_ms,mt5_bid,mt5_ask,okx_ms,okx_last,okx_bid,okx_ask,bid_sz1,ask_sz1,bid_sz5,ask_sz5,fetch_ms
2026-07-31T20:29:38.899+00:00,1785529776715,62934.4,62944.4,1785529777452,63006.25,63006.2,63006.3,2.69170483,1.48951082,3.72737908,2.08953904,394.0
2026-07-31T20:29:41.294+00:00,1785529778768,62934.42,62944.42,1785529779852,63006.25,63006.2,63006.3,2.62490677,1.03871276,3.66058102,1.6387409800000001,392.8
2026-07-31T20:29:43.644+00:00,1785529781968,62934.45,62944.45,1785529782202,63006.25,63006.2,63006.3,2.62490677,0.96812973,3.66058102,1.3253546200000001,346.7
2026-07-31T20:29:46.051+00:00,1785529783053,62934.46,62944.46,1785529784602,63006.25,63006.2,63006.3,2.62490677,1.03212973,3.66058102,1.3893546200000002,404.4
2026-07-31T20:29:48.398+00:00,1785529786108,62935.89,62945.89,1785529786952,63006.25,63006.2,63006.3,2.53347802,0.94174312,3.56915227,1.29896801,341.2
2026-07-31T20:29:50.756+00:00,1785529788269,62935.99,62945.99,1785529789302,63006.25,63006.2,63006.3,2.53080104,0.89665921,3.56647529,1.2538841,356.6
2026-07-31T20:29:53.095+00:00,1785529791482,62938.06,62948.06,1785529791652,63006.25,63006.2,63006.3,2.53080104,0.82785523,3.56647529,1.48508003,337.5
2026-07-31T20:29:55.457+00:00,1785529793643,62935.98,62945.98,1785529794002,63006.25,63006.2,63006.3,2.53080104,0.88945508,3.59030207,1.54667988,357.2
2026-07-31T20:29:57.851+00:00,1785529795703,62938.37,62948.37,1785529796402,63006.25,63006.2,63006.3,2.53080104,0.82425508,3.59030207,1.48147988,391.0
2026-07-31T20:30:00.189+00:00,1785529797713,62938.66,62948.66,1785529798752,63006.25,63006.2,63006.3,2.5289188,0.82016641,3.58841983,1.47739121,335.7
2026-07-31T20:30:02.547+00:00,1785529800939,62937.68,62947.68,1785529801102,63006.25,63006.2,63006.3,2.68735399,0.84041707,3.72302824,1.49764187,347.4
2026-07-31T20:30:04.893+00:00,1785529803054,62938.36,62948.36,1785529803452,63006.25,63006.2,63006.3,2.04539822,1.84231885,3.08107247,2.69396281,343.6
2026-07-31T20:30:07.250+00:00,1785529805403,62940.0,62950.0,1785529805802,63006.25,63006.2,63006.3,2.84739822,1.55751885,3.88307247,2.21474365,351.3
2026-07-31T20:30:09.645+00:00,1785529807507,62942.65,62952.65,1785529808202,63006.25,63006.2,63006.3,2.8438065,0.83532707,3.87948075,1.49255187,393.2
2026-07-31T20:30:11.997+00:00,1785529809733,62946.03,62956.03,1785529810552,63006.25,63006.2,63006.3,2.81530022,1.30341327,4.13034363,1.9606540000000001,348.6
2026-07-31T20:30:14.351+00:00,1785529811825,62946.22,62956.22,1785529812902,63006.25,63006.2,63006.3,2.81530022,1.47508882,3.91484386,2.37584345,353.8
2026-07-31T20:30:16.696+00:00,1785529815192,62943.62,62953.62,1785529815252,63006.25,63006.2,63006.3,2.81530022,1.47715614,3.91484386,2.3779107699999997,343.7
2026-07-31T20:30:19.047+00:00,1785529817306,62946.11,62956.11,1785529817602,63006.25,63006.2,63006.3,2.82294648,1.47715764,3.78061384,2.37791227,348.4
2026-07-31T20:30:21.403+00:00,1785529819367,62946.04,62956.04,1785529819952,63006.25,63006.2,63006.3,1.20326451,1.77601136,1.57688029,2.55915671,354.3
2026-07-31T20:30:23.806+00:00,1785529821360,62932.33,62942.33,1785529822352,63006.25,63006.2,63006.3,0.37528889,2.53601136,1.1318955099999999,3.3191567099999997,399.4
2026-07-31T20:30:26.156+00:00,1785529824381,62925.35,62935.35,1785529824702,62995.149999999994,62995.1,62995.2,1.47223063,2.87322643,1.6711908500000003,3.17726666,349.1
2026-07-31T20:30:28.548+00:00,1785529826465,62934.7,62944.7,1785529827102,62999.95,62999.9,63000.0,4.88381803,0.89050308,5.8297069399999994,1.41115828,388.5
2026-07-31T20:30:30.897+00:00,1785529828566,62933.22,62943.22,1785529829452,62999.95,62999.9,63000.0,4.82381803,0.88126658,5.76967716,1.41035956,347.6
2026-07-31T20:30:33.240+00:00,1785529830875,62933.36,62943.36,1785529831802,62999.95,62999.9,63000.0,4.88008803,0.90604508,5.825947159999999,1.0749450800000002,339.0
2026-07-31T20:30:35.595+00:00,1785529833401,62932.59,62942.59,1785529834152,62999.95,62999.9,63000.0,4.91055247,1.30595384,5.82626097,1.51414071,344.4
2026-07-31T20:30:37.939+00:00,1785529835494,62931.93,62941.93,1785529836502,62999.95,62999.9,63000.0,4.37395688,1.60595384,5.28966538,2.19155096,340.8
2026-07-31T20:30:40.345+00:00,1785529838517,62929.68,62939.68,1785529838902,62999.95,62999.9,63000.0,4.37395688,1.60595384,5.28966538,2.2436529899999997,392.4
2026-07-31T20:30:42.699+00:00,1785529840713,62929.05,62939.05,1785529841252,62999.95,62999.9,63000.0,3.09462595,1.61577634,3.4586011300000004,2.25347549,347.1
2026-07-31T20:30:45.052+00:00,1785529843091,62931.11,62941.11,1785529843602,62999.95,62999.9,63000.0,3.05762529,1.61577634,3.3905083300000003,2.25347549,352.6
2026-07-31T20:30:47.400+00:00,1785529845250,62932.0,62942.0,1785529845952,62999.95,62999.9,63000.0,2.92377008,1.61570444,3.8223544499999997,2.25340359,345.2
2026-07-31T20:30:49.748+00:00,1785529847456,62928.47,62938.47,1785529848302,62999.95,62999.9,63000.0,2.86377008,2.30304523,3.7623544499999997,2.9407443799999995,344.8
2026-07-31T20:30:52.147+00:00,1785529849651,62928.56,62938.56,1785529850702,62999.95,62999.9,63000.0,2.86377008,2.21015698,3.7623544499999997,2.8478561299999994,397.6
2026-07-31T20:30:54.503+00:00,1785529852708,62931.68,62941.68,1785529853052,62999.95,62999.9,63000.0,1.23886153,2.59095691,1.66272923,3.2286560599999996,353.6
2026-07-31T20:30:56.858+00:00,1785529855029,62931.59,62941.59,1785529855402,62999.95,62999.9,63000.0,0.83203389,2.59127739,1.67772546,3.2289765399999997,353.6
2026-07-31T20:30:59.202+00:00,1785529857445,62931.49,62941.49,1785529857752,62999.95,62999.9,63000.0,1.05195437,2.59127739,1.47925031,3.2289765399999997,340.8
2026-07-31T20:31:01.553+00:00,1785529859483,62930.31,62940.31,1785529860102,62999.95,62999.9,63000.0,1.62351562,2.22765684,2.06335756,2.7212643299999995,350.3
2026-07-31T20:31:03.905+00:00,1785529862378,62927.08,62937.08,1785529862452,62999.95,62999.9,63000.0,0.00694017,2.71046261,0.27390703,3.3481737999999996,348.9
2026-07-31T20:31:06.249+00:00,1785529863824,62904.33,62914.33,1785529864802,62982.850000000006,62982.8,62982.9,0.01948285,4.50426988,1.47202375,4.758509009999998,340.9
2026-07-31T20:31:08.633+00:00,1785529866289,62903.28,62913.28,1785529867152,62977.45,62977.4,62977.5,0.01320424,3.49013715,0.39513014,3.94401219,383.6
2026-07-31T20:31:11.012+00:00,1785529869404,62906.27,62916.27,1785529869552,62981.75,62981.7,62981.8,5.41215847,0.84187079,6.8789655,1.53827592,376.8
2026-07-31T20:31:13.349+00:00,1785529871687,62919.59,62929.59,1785529871902,62982.850000000006,62982.8,62982.9,7.09597965,0.40832357,8.06130327,1.01858757,335.9
2026-07-31T20:31:15.705+00:00,1785529873218,62921.47,62931.47,1785529874252,62992.350000000006,62992.3,62992.4,3.92169759,1.45822617,4.725890199999999,1.6929668900000001,347.3
2026-07-31T20:31:18.041+00:00,1785529875819,62922.1,62932.1,1785529876602,62992.350000000006,62992.3,62992.4,3.19201812,1.13076696,3.5520768400000002,1.31806309,334.8
2026-07-31T20:31:20.402+00:00,1785529878107,62919.63,62929.63,1785529878952,62992.350000000006,62992.3,62992.4,3.1912997,1.62996211,3.60196129,1.81725824,347.4
2026-07-31T20:31:22.802+00:00,1785529881246,62918.72,62928.72,1785529881352,62992.350000000006,62992.3,62992.4,3.2512997,1.0702348,3.6619612900000003,1.3143254699999998,398.9
2026-07-31T20:31:25.150+00:00,1785529883656,62912.08,62922.08,1785529883702,62992.350000000006,62992.3,62992.4,0.87070441,2.61812583,1.12643873,2.63589027,346.5
2026-07-31T20:31:27.507+00:00,1785529885416,62934.29,62944.29,1785529886052,63007.649999999994,63007.6,63007.7,1.09121568,2.548634,1.61071949,2.6279906499999997,350.9
2026-07-31T20:31:29.850+00:00,1785529887509,62936.05,62946.05,1785529888402,63007.649999999994,63007.6,63007.7,2.36665749,0.90495241,2.6927290200000003,1.10642778,341.2
2026-07-31T20:31:32.198+00:00,1785529890677,62935.94,62945.94,1785529890752,63007.649999999994,63007.6,63007.7,1.56465749,1.8794932,1.9272060100000001,2.08356633,345.3
2026-07-31T20:31:34.548+00:00,1785529892785,62934.86,62944.86,1785529893102,63007.649999999994,63007.6,63007.7,2.06665749,1.0774932,2.4281323199999996,1.28156633,347.9
2026-07-31T20:31:36.888+00:00,1785529894925,62937.25,62947.25,1785529895452,63007.649999999994,63007.6,63007.7,2.20465749,1.0774932,2.51382113,1.28156633,337.0
2026-07-31T20:31:39.249+00:00,1785529897156,62936.86,62946.86,1785529897802,63007.649999999994,63007.6,63007.7,1.56465749,2.20701576,1.9227180800000003,2.41108889,348.8
2026-07-31T20:31:41.602+00:00,1785529899224,62937.68,62947.68,1785529900152,63007.649999999994,63007.6,63007.7,2.08465749,2.20701576,2.60695833,2.41108889,349.4
2026-07-31T20:31:43.951+00:00,1785529901485,62938.58,62948.58,1785529902502,63007.649999999994,63007.6,63007.7,1.56465749,2.35386358,2.0869583300000003,2.44225345,347.0
2026-07-31T20:31:46.301+00:00,1785529904671,62937.12,62947.12,1785529904852,63007.649999999994,63007.6,63007.7,1.78465749,2.19186358,2.30695833,2.28025345,347.8
2026-07-31T20:31:48.649+00:00,1785529906724,62938.11,62948.11,1785529907202,63007.649999999994,63007.6,63007.7,1.56465749,2.07282413,2.0869583300000003,2.1612139999999997,346.4
2026-07-31T20:31:51.012+00:00,1785529908731,62939.91,62949.91,1785529909552,63001.55,63001.5,63001.6,1.00557944,2.57629111,1.2872958799999998,3.0562350200000004,360.6
2026-07-31T20:31:53.354+00:00,1785529911669,62925.22,62935.22,1785529911902,63005.55,63005.5,63005.6,3.49039088,1.30958411,5.78827503,1.94341931,331.3
2026-07-31T20:31:55.702+00:00,1785529914051,62931.95,62941.95,1785529914252,63005.55,63005.5,63005.6,1.00160405,2.70419919,1.2874163300000003,3.39630711,346.9
2026-07-31T20:31:58.053+00:00,1785529915144,62931.82,62941.82,1785529916602,63005.55,63005.5,63005.6,0.83366326,2.6642035,1.0601616,3.2963338099999997,349.4
2026-07-31T20:32:00.403+00:00,1785529918516,62915.48,62925.48,1785529918952,62992.350000000006,62992.3,62992.4,0.93312559,4.14599295,1.7943459700000002,4.51519303,347.7
2026-07-31T20:32:02.752+00:00,1785529920508,62916.68,62926.68,1785529921302,62992.350000000006,62992.3,62992.4,0.86949559,4.14599295,1.0852982500000001,4.51519303,347.0
2026-07-31T20:32:05.102+00:00,1785529922766,62921.74,62931.74,1785529923652,62992.350000000006,62992.3,62992.4,1.04203638,4.14449295,1.3036923,4.51369303,348.5
2026-07-31T20:32:07.447+00:00,1785529925695,62921.79,62931.79,1785529926002,62992.350000000006,62992.3,62992.4,1.04060434,4.14349295,1.30226026,4.512693029999999,342.6
2026-07-31T20:32:09.850+00:00,1785529928303,62916.55,62926.55,1785529928402,62989.45,62989.4,62989.5,0.88324608,4.01886026,1.0352749,4.082273440000001,396.5
2026-07-31T20:32:12.253+00:00,1785529930335,62916.99,62926.99,1785529930802,62989.45,62989.4,62989.5,1.05581729,3.86689068,1.26173204,3.9736729800000004,400.0
2026-07-31T20:32:14.600+00:00,1785529932507,62917.06,62927.06,1785529933152,62989.45,62989.4,62989.5,1.05581729,3.86689068,1.20546591,3.9736729800000004,344.3
2026-07-31T20:32:16.953+00:00,1785529934677,62917.16,62927.16,1785529935502,62989.45,62989.4,62989.5,1.00522665,3.63380909,1.2017181,3.7405913900000005,350.7
2026-07-31T20:32:19.296+00:00,1785529936776,62917.22,62927.22,1785529937852,62989.45,62989.4,62989.5,1.00522665,3.57660006,1.25798423,3.6545174800000004,332.9
2026-07-31T20:32:21.651+00:00,1785529940122,62917.32,62927.32,1785529940202,62989.45,62989.4,62989.5,1.00522665,3.6947931,1.25798423,3.7727105200000004,348.0
2026-07-31T20:32:24.001+00:00,1785529942281,62917.39,62927.39,1785529942552,62989.45,62989.4,62989.5,1.00522665,3.14847702,1.25798423,3.2263944400000004,345.9
2026-07-31T20:32:26.348+00:00,1785529943323,62917.42,62927.42,1785529944902,62989.45,62989.4,62989.5,1.90160384,1.65748726,2.16211089,1.7019080199999999,342.3
2026-07-31T20:32:28.703+00:00,1785529946579,62917.52,62927.52,1785529947252,62989.45,62989.4,62989.5,1.74134164,2.28168775,2.0018486899999997,2.3596051700000005,349.2
2026-07-31T20:32:31.054+00:00,1785529948627,62921.98,62931.98,1785529949602,62989.45,62989.4,62989.5,1.57934164,2.58168775,1.83984869,3.01093894,348.7
2026-07-31T20:32:33.404+00:00,1785529951777,62922.08,62932.08,1785529951952,62989.45,62989.4,62989.5,1.00376445,2.57631792,1.4229301200000002,3.02418167,347.8
2026-07-31T20:32:35.754+00:00,1785529953839,62922.0,62932.0,1785529954302,62989.45,62989.4,62989.5,1.00376445,2.57423973,1.4229301200000002,3.0234175399999996,346.8
2026-07-31T20:32:38.104+00:00,1785529956045,62922.21,62932.21,1785529956652,62989.45,62989.4,62989.5,1.58715041,1.93413763,1.85869609,2.32610466,347.2
2026-07-31T20:32:40.451+00:00,1785529958093,62921.61,62931.61,1785529959002,62989.45,62989.4,62989.5,1.24564164,2.57323383,1.5171873200000001,2.96523625,344.6
2026-07-31T20:32:42.849+00:00,1785529961217,62921.17,62931.17,1785529961402,62989.45,62989.4,62989.5,1.40764164,2.56993383,1.67918732,2.96187464,396.1
2026-07-31T20:32:45.201+00:00,1785529963284,62921.53,62931.53,1785529963752,62989.45,62989.4,62989.5,1.40858404,2.56993383,1.68012972,2.96187458,345.3
2026-07-31T20:32:47.554+00:00,1785529965145,62929.56,62939.56,1785529966102,62989.45,62989.4,62989.5,2.36301054,0.71062321,2.9352498899999997,1.2030546299999998,350.5
2026-07-31T20:32:49.901+00:00,1785529968251,62929.26,62939.26,1785529968452,62989.45,62989.4,62989.5,2.59670054,0.71127312,3.23244258,1.22661686,342.5
2026-07-31T20:32:52.253+00:00,1785529970431,62927.91,62937.91,1785529970802,62989.45,62989.4,62989.5,2.59486721,0.71127312,3.2306092499999997,1.22661686,346.5
2026-07-31T20:32:54.601+00:00,1785529972460,62928.85,62938.85,1785529973152,62989.45,62989.4,62989.5,2.59486721,0.71127312,3.2306092499999997,1.2209208999999999,342.9
2026-07-31T20:32:56.955+00:00,1785529974570,62928.79,62938.79,1785529975502,62989.45,62989.4,62989.5,2.59486721,0.71127312,3.2306092499999997,1.1759306399999998,351.2
2026-07-31T20:32:59.299+00:00,1785529977669,62928.74,62938.74,1785529977852,62993.25,62993.2,62993.3,3.13555729,1.16804996,4.34766759,1.30893865,341.9
2026-07-31T20:33:01.704+00:00,1785529979714,62928.15,62938.15,1785529980252,62993.25,62993.2,62993.3,3.1276171,1.16804996,4.3397274,1.30960971,399.4
2026-07-31T20:33:04.057+00:00,1785529981974,62925.66,62935.66,1785529982602,62999.55,62999.5,62999.6,3.47481658,1.22940566,3.8706582800000007,1.2296190000000002,347.6
2026-07-31T20:33:06.453+00:00,1785529984855,62936.97,62946.97,1785529985002,62999.55,62999.5,62999.6,4.22432518,0.09108261,4.9341913,0.29377086999999996,395.8
2026-07-31T20:33:08.804+00:00,1785529986896,62938.38,62948.38,1785529987352,62999.55,62999.5,62999.6,4.22442995,0.07704461,4.93429607,0.26823066,344.2
2026-07-31T20:33:11.157+00:00,1785529989064,62935.63,62945.63,1785529989702,62999.55,62999.5,62999.6,1.65714135,1.75694706,1.87058467,1.9328398499999997,352.5
2026-07-31T20:33:13.556+00:00,1785529991124,62926.15,62936.15,1785529992102,62999.55,62999.5,62999.6,1.5418411,1.75694706,1.74590602,1.9328398499999997,397.2
2026-07-31T20:33:15.902+00:00,1785529994296,62928.54,62938.54,1785529994452,62999.55,62999.5,62999.6,1.876288,1.75678833,2.14125037,1.9326811199999998,339.8
2026-07-31T20:33:18.304+00:00,1785529995825,62936.08,62946.08,1785529996852,62999.55,62999.5,62999.6,2.60445953,0.90260476,2.84121929,1.06305008,399.5
2026-07-31T20:33:20.655+00:00,1785529998186,62935.76,62945.76,1785529999202,63000.649999999994,63000.6,63000.7,5.57160646,0.13548425,7.12204544,0.26804322,347.9
2026-07-31T20:33:23.063+00:00,1785530001426,62934.44,62944.44,1785530001602,63000.649999999994,63000.6,63000.7,5.57041477,0.13532553,5.91843933,0.26454656,405.1
2026-07-31T20:33:25.402+00:00,1785530003624,62935.42,62945.42,1785530003952,63000.649999999994,63000.6,63000.7,5.57041477,0.13443081,5.93780073,0.28804850000000004,337.4
2026-07-31T20:33:27.752+00:00,1785530005712,62935.37,62945.37,1785530006302,63003.350000000006,63003.3,63003.4,5.90553964,1.1325829,7.5675272300000005,1.66306398,348.8
2026-07-31T20:33:30.155+00:00,1785530005712,62935.37,62945.37,1785530008702,63003.350000000006,63003.3,63003.4,4.72095555,1.76438354,5.90652032,1.8960326900000002,400.6
2026-07-31T20:33:32.503+00:00,1785530010006,62935.48,62945.48,1785530011052,63003.350000000006,63003.3,63003.4,4.72095555,1.76438354,5.90766115,2.2951428000000003,345.8
2026-07-31T20:33:34.854+00:00,1785530013286,62938.37,62948.37,1785530013402,63003.350000000006,63003.3,63003.4,4.94095555,0.27876361,5.632981190000001,0.57879044,347.7
2026-07-31T20:33:37.204+00:00,1785530015683,62942.69,62952.69,1785530015752,63007.45,63007.4,63007.5,3.6015875,1.61340731,3.93523076,1.80671785,348.7
2026-07-31T20:33:39.558+00:00,1785530017825,62942.92,62952.92,1785530018102,63007.45,63007.4,63007.5,3.40970387,1.61340731,3.86980832,1.80665091,351.8
2026-07-31T20:33:41.907+00:00,1785530019947,62941.99,62951.99,1785530020452,63007.45,63007.4,63007.5,3.40970387,1.61340731,3.86980832,1.80662418,347.9
2026-07-31T20:33:44.292+00:00,1785530022026,62943.96,62953.96,1785530022852,63007.45,63007.4,63007.5,3.40970387,1.61340731,3.92532612,1.80687287,383.1
2026-07-31T20:33:46.652+00:00,1785530024411,62943.92,62953.92,1785530025202,63007.45,63007.4,63007.5,3.40970387,1.61340433,3.92532612,1.8068698900000002,344.9
2026-07-31T20:33:49.005+00:00,1785530026518,62943.91,62953.91,1785530027552,63007.45,63007.4,63007.5,3.46970387,1.61220433,3.98532612,1.8141698900000003,345.3
2026-07-31T20:33:51.357+00:00,1785530029625,62943.85,62953.85,1785530029902,63007.45,63007.4,63007.5,3.4681025,1.61220433,3.98372475,1.84053877,341.7
2026-07-31T20:33:53.755+00:00,1785530032054,62938.24,62948.24,1785530032302,63007.45,63007.4,63007.5,3.4681025,1.61220433,3.98372475,1.84053877,395.6
2026-07-31T20:33:56.103+00:00,1785530034378,62939.25,62949.25,1785530034652,63007.45,63007.4,63007.5,3.4681025,1.61220433,3.98372475,1.84053877,344.8
2026-07-31T20:33:58.455+00:00,1785530036492,62940.97,62950.97,1785530037002,63007.45,63007.4,63007.5,3.4681025,1.61340433,3.8885045000000003,1.8417826200000003,349.5
2026-07-31T20:34:00.804+00:00,1785530038524,62939.78,62949.78,1785530039352,63007.45,63007.4,63007.5,3.4681025,1.54819785,3.9839404800000002,1.7765761400000002,343.6
2026-07-31T20:34:03.157+00:00,1785530040697,62939.97,62949.97,1785530041702,63007.45,63007.4,63007.5,3.4681025,1.54793126,3.9839248900000004,1.72766108,350.0
2026-07-31T20:34:05.555+00:00,1785530043726,62937.28,62947.28,1785530044102,63007.45,63007.4,63007.5,3.4681025,1.54814378,3.9839248900000004,1.7801777600000002,396.5
2026-07-31T20:34:07.972+00:00,1785530045908,62933.09,62943.09,1785530046502,63007.45,63007.4,63007.5,3.4681025,1.54820378,4.0129503600000005,1.7802377600000001,416.3
2026-07-31T20:34:10.357+00:00,1785530047976,62933.43,62943.43,1785530048902,63007.45,63007.4,63007.5,3.4681025,1.42905826,4.0129503600000005,1.6469437900000001,381.9
2026-07-31T20:34:12.754+00:00,1785530051115,62933.73,62943.73,1785530051302,63007.45,63007.4,63007.5,3.46778979,1.42902652,4.7141585500000005,1.6469120500000003,388.5
2026-07-31T20:34:15.152+00:00,1785530053626,62935.31,62945.31,1785530053702,63007.45,63007.4,63007.5,3.46697801,1.42901065,4.01273127,1.6468961800000002,386.2
2026-07-31T20:34:17.557+00:00,1785530055710,62939.42,62949.42,1785530056102,63007.45,63007.4,63007.5,3.46663852,1.42901065,4.01239178,1.6468961800000002,402.7
2026-07-31T20:34:19.909+00:00,1785530057721,62937.33,62947.33,1785530058452,63007.45,63007.4,63007.5,3.46663852,1.42901065,4.01239178,1.6465535900000001,346.7
2026-07-31T20:34:22.251+00:00,1785530059814,62936.8,62946.8,1785530060802,63007.45,63007.4,63007.5,3.46663852,1.42901065,4.01239178,1.6465535900000001,340.1
2026-07-31T20:34:24.609+00:00,1785530062926,62935.35,62945.35,1785530063152,63007.45,63007.4,63007.5,3.46663852,1.42888369,4.01239178,1.6464266300000001,352.6
2026-07-31T20:34:26.958+00:00,1785530065045,62936.69,62946.69,1785530065502,63007.45,63007.4,63007.5,3.46663852,1.42888369,4.01239178,1.6464266300000001,347.6
2026-07-31T20:34:29.308+00:00,1785530067442,62937.89,62947.89,1785530067852,63007.45,63007.4,63007.5,3.40663852,1.49408369,3.95235036,1.7087519100000002,347.1
2026-07-31T20:34:31.657+00:00,1785530069499,62938.99,62948.99,1785530070202,63007.45,63007.4,63007.5,3.40663852,1.61003807,3.95235036,1.8247062900000002,347.9
2026-07-31T20:34:34.005+00:00,1785530071871,62937.18,62947.18,1785530072552,63007.45,63007.4,63007.5,1.05294372,2.10271715,1.5005877600000002,2.32026009,343.0
2026-07-31T20:34:36.357+00:00,1785530074314,62934.35,62944.35,1785530074902,63007.45,63007.4,63007.5,1.54535309,1.90073054,1.9098728500000002,2.5145233499999997,349.4
2026-07-31T20:34:38.761+00:00,1785530076884,62931.47,62941.47,1785530077302,63007.45,63007.4,63007.5,0.83758308,2.70273054,1.2152311900000001,3.3165233499999998,401.2
2026-07-31T20:34:41.106+00:00,1785530079325,62932.28,62942.28,1785530079652,63007.45,63007.4,63007.5,0.83758308,2.70273054,1.26251894,3.3165233499999998,340.9
2026-07-31T20:34:43.458+00:00,1785530081636,62934.42,62944.42,1785530082002,63007.45,63007.4,63007.5,1.47878308,1.89659054,1.84823538,2.5103833499999997,341.9
2026-07-31T20:34:45.856+00:00,1785530084159,62923.37,62933.37,1785530084402,62992.149999999994,62992.1,62992.2,1.10275604,2.99697154,1.13504775,3.28166017,395.8
2026-07-31T20:34:48.251+00:00,1785530085685,62920.98,62930.98,1785530086802,62989.25,62989.2,62989.3,1.81874843,1.32575916,2.0802624100000005,1.53574574,393.3
2026-07-31T20:34:50.604+00:00,1785530087735,62920.99,62930.99,1785530089152,62989.25,62989.2,62989.3,1.87594693,1.00893695,2.1309442300000003,1.1533053,347.5
2026-07-31T20:34:52.942+00:00,1785530090876,62921.01,62931.01,1785530091502,62989.25,62989.2,62989.3,1.87594693,1.64893695,2.1309442300000003,1.79358682,336.0
2026-07-31T20:34:55.306+00:00,1785530092995,62921.02,62931.02,1785530093852,62989.25,62989.2,62989.3,1.87594693,1.00883784,2.1309442300000003,1.1534956200000002,350.7
2026-07-31T20:34:57.654+00:00,1785530094141,62921.03,62931.03,1785530096202,62996.649999999994,62996.6,62996.7,3.90921211,1.25545256,5.41490583,1.32265736,345.5
2026-07-31T20:35:00.010+00:00,1785530097976,62941.36,62951.36,1785530098551,63004.649999999994,63004.6,63004.7,3.57260816,1.45675672,4.07541941,1.97458872,354.5
2026-07-31T20:35:02.357+00:00,1785530100508,62938.71,62948.71,1785530100901,63007.45,63007.4,63007.5,4.1985618,1.79603549,4.581478679999999,2.3228383399999997,345.2
2026-07-31T20:35:04.707+00:00,1785530102259,62929.16,62939.16,1785530103251,63004.75,63004.7,63004.8,0.8458927,3.10189178,1.1273623700000002,3.54305829,348.2
2026-07-31T20:35:07.054+00:00,1785530104592,62925.97,62935.97,1785530105601,63000.45,63000.4,63000.5,0.93141253,3.79262506,1.15061439,4.54821351,345.2
2026-07-31T20:35:09.408+00:00,1785530107623,62926.69,62936.69,1785530107951,62997.55,62997.5,62997.6,1.17368187,2.46853556,1.5401136400000002,3.14430811,351.6
2026-07-31T20:35:11.812+00:00,1785530109707,62927.97,62937.97,1785530110351,62997.55,62997.5,62997.6,1.20468187,1.62788584,1.63298693,2.30365839,401.2
2026-07-31T20:35:14.159+00:00,1785530112335,62929.0,62939.0,1785530112701,62997.55,62997.5,62997.6,1.23488187,2.2615364,1.5540191700000001,2.9373089499999994,345.3
2026-07-31T20:35:16.515+00:00,1785530114781,62929.63,62939.63,1785530115051,62997.55,62997.5,62997.6,1.23488187,2.26042525,1.5020323500000001,2.9361977999999995,349.2
2026-07-31T20:35:18.857+00:00,1785530116837,62918.62,62928.62,1785530117401,62988.95,62988.9,62989.0,0.0196418,4.66257675,0.53034863,5.232717340000001,340.1
2026-07-31T20:35:21.214+00:00,1785530119485,62918.59,62928.59,1785530119751,62988.95,62988.9,62989.0,0.01970185,4.71983657,0.35781441,5.2602072,355.9
2026-07-31T20:35:23.611+00:00,1785530121777,62917.75,62927.75,1785530122151,62988.95,62988.9,62989.0,0.01970185,4.71983657,0.17417718000000001,5.26020726,393.9
2026-07-31T20:35:25.957+00:00,1785530122886,62918.63,62928.63,1785530124501,62988.95,62988.9,62989.0,1.01732368,4.71983657,1.3554212300000001,5.26020726,344.0
2026-07-31T20:35:28.358+00:00,1785530126816,62917.96,62927.96,1785530126901,62985.05,62985.0,62985.1,0.83264434,3.75944739,1.01819375,5.039874129999999,392.6
2026-07-31T20:35:30.712+00:00,1785530129035,62915.51,62925.51,1785530129251,62985.05,62985.0,62985.1,0.94807929,2.95744739,1.7084336600000003,3.3443724300000004,351.4
2026-07-31T20:35:33.064+00:00,1785530131087,62915.58,62925.58,1785530131601,62985.05,62985.0,62985.1,1.12054113,1.97677695,1.74348316,2.3276326700000003,350.5
2026-07-31T20:35:35.410+00:00,1785530133396,62915.67,62925.67,1785530133951,62985.05,62985.0,62985.1,1.21034113,1.94727732,1.4525346899999998,2.16469351,342.3
2026-07-31T20:35:37.756+00:00,1785530134623,62915.7,62925.7,1785530136301,62985.05,62985.0,62985.1,1.43129106,1.50804328,1.67348462,2.3062580699999997,345.8
2026-07-31T20:35:40.098+00:00,1785530137849,62915.81,62925.81,1785530138651,62985.05,62985.0,62985.1,1.43129106,1.50804328,1.7212248899999998,2.3061366,339.7
2026-07-31T20:35:42.458+00:00,1785530140957,62915.9,62925.9,1785530141001,62985.05,62985.0,62985.1,1.43129106,1.79384328,1.7212248899999998,2.59202384,347.5
2026-07-31T20:35:44.858+00:00,1785530143020,62915.96,62925.96,1785530143401,62985.05,62985.0,62985.1,1.43129106,1.47384328,1.72370773,2.27204384,395.5
2026-07-31T20:35:47.207+00:00,1785530144645,62910.82,62920.82,1785530145751,62979.75,62979.7,62979.8,1.10995605,3.33584369,1.1360386900000001,3.8127571599999994,346.5
2026-07-31T20:35:49.558+00:00,1785530147944,62910.86,62920.86,1785530148101,62979.75,62979.7,62979.8,0.94277191,3.73584369,0.96885455,4.21275716,348.1
2026-07-31T20:35:51.909+00:00,1785530150025,62910.87,62920.87,1785530150451,62979.75,62979.7,62979.8,0.94222145,3.73584369,1.02135952,4.21275716,348.7
2026-07-31T20:35:54.259+00:00,1785530152226,62910.88,62920.88,1785530152801,62979.75,62979.7,62979.8,0.94222145,3.74120375,0.96830409,3.9640347299999994,348.2
2026-07-31T20:35:56.595+00:00,1785530154280,62910.9,62920.9,1785530155151,62972.149999999994,62972.1,62972.2,0.94256933,2.40380452,1.25618289,2.9271703,333.1
2026-07-31T20:35:58.954+00:00,1785530157108,62899.99,62909.99,1785530157501,62972.149999999994,62972.1,62972.2,0.00779959,3.04473774,0.27960751,3.44046123,344.8
2026-07-31T20:36:01.310+00:00,1785530159235,62895.4,62905.4,1785530159851,62972.149999999994,62972.1,62972.2,0.00775229,3.04473774,0.27956021,3.5982828,351.6
2026-07-31T20:36:03.657+00:00,1785530162060,62900.51,62910.51,1785530162201,62972.149999999994,62972.1,62972.2,0.00775229,3.04383934,0.25695773,3.4600163399999997,345.3
2026-07-31T20:36:06.007+00:00,1785530164227,62900.61,62910.61,1785530164551,62972.149999999994,62972.1,62972.2,1.41383523,3.03996367,1.4729699700000003,3.45702269,344.5
2026-07-31T20:36:08.363+00:00,1785530166277,62900.71,62910.71,1785530166901,62972.149999999994,62972.1,62972.2,2.03301953,2.1575283,2.2166503,2.8439582899999998,354.3
2026-07-31T20:36:10.707+00:00,1785530169155,62908.98,62918.98,1785530169251,62972.149999999994,62972.1,62972.2,1.87101371,1.78224768,2.1089940400000002,2.56360202,340.5
2026-07-31T20:36:13.061+00:00,1785530171314,62909.04,62919.04,1785530171601,62972.149999999994,62972.1,62972.2,2.61241738,1.78104768,2.85039771,2.5624020199999995,352.3
2026-07-31T20:36:15.408+00:00,1785530173329,62909.09,62919.09,1785530173951,62972.149999999994,62972.1,62972.2,2.09241738,1.7739112,2.33039771,2.55526571,345.6
2026-07-31T20:36:17.760+00:00,1785530174371,62909.12,62919.12,1785530176301,62976.149999999994,62976.1,62976.2,1.84232191,2.2627225,2.21812166,2.4596444500000003,347.2
2026-07-31T20:36:20.101+00:00,1785530177716,62909.17,62919.17,1785530178651,62976.149999999994,62976.1,62976.2,1.84200721,2.6667225,2.2178069600000003,2.96533485,338.8
2026-07-31T20:36:22.510+00:00,1785530180998,62900.43,62910.43,1785530181051,62967.649999999994,62967.6,62967.7,1.52198115,2.41088341,1.71838416,3.47447501,400.4
2026-07-31T20:36:24.861+00:00,1785530183096,62898.48,62908.48,1785530183401,62967.649999999994,62967.6,62967.7,1.97814695,2.39188945,2.10191238,2.60227833,348.8
2026-07-31T20:36:27.211+00:00,1785530185236,62895.8,62905.8,1785530185751,62967.649999999994,62967.6,62967.7,2.03537321,2.39188945,2.15913864,2.46623439,346.6
2026-07-31T20:36:29.550+00:00,1785530187476,62894.13,62904.13,1785530188101,62967.649999999994,62967.6,62967.7,2.03537321,2.39185134,2.15913864,2.46619628,337.6
2026-07-31T20:36:31.906+00:00,1785530189497,62901.3,62911.3,1785530190451,62967.649999999994,62967.6,62967.7,2.03537321,2.39185134,2.15913864,2.46619628,343.6
2026-07-31T20:36:34.257+00:00,1785530192650,62901.79,62911.79,1785530192801,62967.649999999994,62967.6,62967.7,2.03537321,1.20396315,2.3209833900000003,1.2040445999999998,348.6
2026-07-31T20:36:36.610+00:00,1785530194847,62901.84,62911.84,1785530195151,62967.649999999994,62967.6,62967.7,2.06486804,0.03573454,2.3456663,0.2356898,347.3
2026-07-31T20:36:39.008+00:00,1785530196501,62919.71,62929.71,1785530197551,62981.25,62981.2,62981.3,4.487425,1.29572662,5.05522942,1.8166984499999999,395.1
2026-07-31T20:36:41.412+00:00,1785530199597,62919.69,62929.69,1785530199951,62981.25,62981.2,62981.3,3.83134813,2.12183954,4.24551686,2.6418763599999995,403.3
2026-07-31T20:36:43.761+00:00,1785530201713,62919.66,62929.66,1785530202301,62981.25,62981.2,62981.3,1.56771483,2.13875133,2.31551329,2.6586156199999995,347.7
2026-07-31T20:36:46.104+00:00,1785530204055,62911.64,62921.64,1785530204651,62981.25,62981.2,62981.3,2.4276129,0.32464169,2.69257156,0.8441923,341.2
2026-07-31T20:36:48.460+00:00,1785530206243,62911.6,62921.6,1785530207001,62981.25,62981.2,62981.3,2.42542291,1.26155623,2.8913693300000003,1.7812408300000002,347.8
2026-07-31T20:36:50.814+00:00,1785530208698,62913.13,62923.13,1785530209351,62981.25,62981.2,62981.3,2.42542291,1.26155623,2.8913693300000003,1.7812408300000002,353.0
2026-07-31T20:36:53.212+00:00,1785530210722,62916.7,62926.7,1785530211751,62981.25,62981.2,62981.3,2.41828789,0.31998788,2.62817236,0.86927806,396.1
2026-07-31T20:36:55.558+00:00,1785530213616,62923.96,62933.96,1785530214101,62983.05,62983.0,62983.1,4.91592609,0.408843,6.23909505,0.54507864,345.2
2026-07-31T20:36:57.909+00:00,1785530215632,62922.15,62932.15,1785530216451,62983.05,62983.0,62983.1,4.77845152,0.583043,5.51463968,0.75536088,349.4
2026-07-31T20:37:00.251+00:00,1785530218677,62921.11,62931.11,1785530218801,62983.05,62983.0,62983.1,4.55392103,0.78560567,5.307256669999999,0.9579235500000001,340.2
2026-07-31T20:37:02.657+00:00,1785530219955,62921.36,62931.36,1785530221201,62983.05,62983.0,62983.1,4.55392103,0.75440567,5.30728422,0.9267235500000001,397.3
2026-07-31T20:37:05.011+00:00,1785530223289,62922.56,62932.56,1785530223551,62983.05,62983.0,62983.1,4.55392103,0.58140567,5.1255503099999995,0.71412695,350.5
2026-07-31T20:37:07.358+00:00,1785530225383,62920.21,62930.21,1785530225901,62983.05,62983.0,62983.1,4.55392103,0.75440567,5.1255503099999995,0.9267235500000001,343.7
2026-07-31T20:37:09.709+00:00,1785530227586,62919.91,62929.91,1785530228251,62983.05,62983.0,62983.1,4.55392103,0.75440567,5.1255503099999995,0.9267235500000001,344.6
2026-07-31T20:37:12.063+00:00,1785530229724,62918.12,62928.12,1785530230601,62983.05,62983.0,62983.1,4.55392103,0.58140567,5.1255503099999995,0.71412695,352.1
2026-07-31T20:37:14.407+00:00,1785530231935,62918.1,62928.1,1785530232951,62983.05,62983.0,62983.1,4.55326361,0.58140127,5.12489289,0.71412255,342.4
2026-07-31T20:37:16.768+00:00,1785530234224,62918.76,62928.76,1785530235301,62985.149999999994,62985.1,62985.2,3.64972101,0.14931576,4.46086177,0.34147724,358.0
2026-07-31T20:37:19.160+00:00,1785530237395,62919.68,62929.68,1785530237701,62985.149999999994,62985.1,62985.2,3.64972101,0.14931576,6.039368359999999,0.34147724,389.3
2026-07-31T20:37:21.506+00:00,1785530239575,62924.08,62934.08,1785530240051,62993.05,62993.0,62993.1,4.03022312,0.12193018,5.0535935499999995,0.53393881,337.4
2026-07-31T20:37:23.862+00:00,1785530241696,62923.38,62933.38,1785530242401,62993.05,62993.0,62993.1,3.3874729,0.35858831,3.7633709,0.7187449,349.3
2026-07-31T20:37:26.259+00:00,1785530243738,62923.98,62933.98,1785530244801,62993.05,62993.0,62993.1,3.19868661,1.15898739,3.63458461,1.5191439800000002,394.1
2026-07-31T20:37:28.613+00:00,1785530247045,62924.7,62934.7,1785530247151,62993.05,62993.0,62993.1,3.19868661,1.15451229,3.63458461,1.51466888,351.6
2026-07-31T20:37:30.958+00:00,1785530249126,62924.2,62934.2,1785530249501,62993.05,62993.0,62993.1,3.19868661,1.98381426,3.63458461,2.34397085,340.4
2026-07-31T20:37:33.298+00:00,1785530251371,62925.38,62935.38,1785530251851,62993.05,62993.0,62993.1,3.02330353,1.98501426,3.4592015299999996,2.34517085,337.3
2026-07-31T20:37:35.657+00:00,1785530253411,62925.23,62935.23,1785530254201,62993.05,62993.0,62993.1,3.02330353,2.13688728,3.4592015299999996,2.684633,345.4
2026-07-31T20:37:38.013+00:00,1785530256456,62923.13,62933.13,1785530256551,62993.05,62993.0,62993.1,3.02330353,2.13568728,3.4592015299999996,2.683433,347.6
2026-07-31T20:37:40.360+00:00,1785530258485,62918.36,62928.36,1785530258901,62993.05,62993.0,62993.1,2.83294639,2.13568728,3.16713263,2.683433,340.8
2026-07-31T20:37:42.712+00:00,1785530260502,62920.27,62930.27,1785530261251,62993.05,62993.0,62993.1,2.83294639,1.0406001,3.1669443299999998,1.56451863,349.5
2026-07-31T20:37:45.059+00:00,1785530263557,62917.52,62927.52,1785530263601,62993.05,62993.0,62993.1,2.82661512,1.83706385,3.1606130599999998,2.36098238,344.4
2026-07-31T20:37:47.412+00:00,1785530265583,62916.75,62926.75,1785530265951,62993.05,62993.0,62993.1,2.82661512,2.23674196,3.1589864999999997,2.29848922,347.9
2026-07-31T20:37:49.764+00:00,1785530267614,62917.24,62927.24,1785530268301,62993.05,62993.0,62993.1,2.82661512,2.23674196,3.1589864999999997,2.29848922,350.2
2026-07-31T20:37:52.112+00:00,1785530269636,62917.85,62927.85,1785530270651,62993.05,62993.0,62993.1,2.82592311,2.20027534,3.15829449,2.2620226000000003,346.5
2026-07-31T20:37:54.460+00:00,1785530272806,62908.27,62918.27,1785530273001,62982.649999999994,62982.6,62982.7,1.49402085,3.82783487,1.79045994,4.5466685799999995,345.8
2026-07-31T20:37:56.811+00:00,1785530275108,62909.72,62919.72,1785530275351,62982.649999999994,62982.6,62982.7,1.71597053,3.63913892,2.0124096200000006,3.9510477700000006,349.7
2026-07-31T20:37:59.158+00:00,1785530277300,62912.35,62922.35,1785530277701,62982.649999999994,62982.6,62982.7,1.71422911,3.45977146,2.0678524000000005,3.7095963899999997,341.4
2026-07-31T20:38:01.515+00:00,1785530279309,62914.45,62924.45,1785530280051,62982.649999999994,62982.6,62982.7,2.18202677,0.37885733,2.7390763300000005,0.54519984,350.1
2026-07-31T20:38:03.863+00:00,1785530282357,62913.4,62923.4,1785530282401,62982.649999999994,62982.6,62982.7,2.00345786,0.37879246,2.7852185300000003,0.54513497,345.4
2026-07-31T20:38:06.261+00:00,1785530284385,62913.7,62923.7,1785530284801,62982.649999999994,62982.6,62982.7,2.00345786,0.37879246,3.4203435200000003,0.54513497,384.8
2026-07-31T20:38:08.606+00:00,1785530286571,62914.44,62924.44,1785530287151,62982.649999999994,62982.6,62982.7,2.00345786,0.37879246,3.4203435200000003,0.6031728,342.7
2026-07-31T20:38:10.961+00:00,1785530287573,62914.24,62924.24,1785530289501,62982.649999999994,62982.6,62982.7,2.00330142,0.44279246,3.42018708,0.6671728,343.0
2026-07-31T20:38:13.309+00:00,1785530290707,62915.33,62925.33,1785530291851,62982.649999999994,62982.6,62982.7,1.92508677,1.60279808,2.39096968,1.8187671599999997,345.3
2026-07-31T20:38:15.658+00:00,1785530294008,62917.75,62927.75,1785530294201,62982.649999999994,62982.6,62982.7,1.92423677,2.00279368,2.2147316,2.21876276,346.5
2026-07-31T20:38:18.059+00:00,1785530296140,62918.52,62928.52,1785530296601,62982.649999999994,62982.6,62982.7,1.92423677,2.00279368,2.2147316,2.21876276,395.4
2026-07-31T20:38:20.411+00:00,1785530298263,62919.25,62929.25,1785530298951,62982.649999999994,62982.6,62982.7,1.92423677,1.66784682,2.2147316,1.8838158999999999,348.6
2026-07-31T20:38:22.815+00:00,1785530300292,62920.5,62930.5,1785530301351,62982.649999999994,62982.6,62982.7,1.92423677,0.60176117,2.13086746,0.79288182,400.6
2026-07-31T20:38:25.158+00:00,1785530303416,62920.56,62930.56,1785530303701,62982.649999999994,62982.6,62982.7,1.92423677,0.60049098,2.13086746,1.38705372,339.5
2026-07-31T20:38:27.518+00:00,1785530304448,62920.37,62930.37,1785530306051,62982.649999999994,62982.6,62982.7,1.9236732,0.60049098,2.1303038900000004,1.38705372,355.7
2026-07-31T20:38:29.914+00:00,1785530307622,62920.13,62930.13,1785530308451,62982.649999999994,62982.6,62982.7,1.9236732,0.40875068,2.1303038900000004,1.15563788,394.8
2026-07-31T20:38:32.263+00:00,1785530310734,62920.88,62930.88,1785530310801,62982.649999999994,62982.6,62982.7,1.9236732,0.40875068,2.1303038900000004,1.16273826,347.2
2026-07-31T20:38:34.610+00:00,1785530312999,62920.98,62930.98,1785530313151,62982.649999999994,62982.6,62982.7,1.9236732,1.29780944,2.35053759,2.05179702,342.6
2026-07-31T20:38:36.964+00:00,1785530315074,62921.05,62931.05,1785530315501,62982.649999999994,62982.6,62982.7,1.98088193,0.58175068,2.40774632,1.33573826,351.9
2026-07-31T20:38:39.360+00:00,1785530317095,62920.76,62930.76,1785530317901,62982.649999999994,62982.6,62982.7,2.04439148,1.40540941,2.4712558700000002,2.1593969900000003,393.5
2026-07-31T20:38:41.710+00:00,1785530319145,62920.99,62930.99,1785530320251,62982.649999999994,62982.6,62982.7,2.07519161,1.2663316,2.5020560000000005,2.0349766899999997,347.4
2026-07-31T20:38:44.061+00:00,1785530322478,62921.04,62931.04,1785530322601,62982.649999999994,62982.6,62982.7,2.07519161,1.21999434,2.5020560000000005,1.9886394299999999,348.6
2026-07-31T20:38:46.407+00:00,1785530324594,62919.0,62929.0,1785530324951,62982.649999999994,62982.6,62982.7,2.07519161,0.40847682,2.4572219900000003,1.15260216,343.9
2026-07-31T20:38:48.762+00:00,1785530326913,62917.45,62927.45,1785530327301,62982.649999999994,62982.6,62982.7,2.11202351,0.40847682,2.4940538900000004,1.1934745900000001,348.7
2026-07-31T20:38:51.112+00:00,1785530329017,62916.56,62926.56,1785530329651,62982.649999999994,62982.6,62982.7,2.15024178,0.40847682,2.53227216,1.1934745900000001,347.6
2026-07-31T20:38:53.481+00:00,1785530331233,62915.88,62925.88,1785530332001,62982.649999999994,62982.6,62982.7,2.15024178,0.40847682,2.53227216,1.1934745900000001,368.8
2026-07-31T20:38:55.866+00:00,1785530334294,62918.27,62928.27,1785530334401,62982.649999999994,62982.6,62982.7,2.15024178,0.40847682,2.53227216,1.1934745900000001,383.4
2026-07-31T20:38:58.216+00:00,1785530336495,62918.34,62928.34,1785530336751,62982.649999999994,62982.6,62982.7,2.14898555,0.40848205,2.53101593,1.19347982,348.5
2026-07-31T20:39:00.566+00:00,1785530338504,62917.46,62927.46,1785530339101,62982.649999999994,62982.6,62982.7,2.14898555,0.40687506,2.53101593,1.19187283,345.9
2026-07-31T20:39:02.911+00:00,1785530340650,62918.12,62928.12,1785530341451,62982.649999999994,62982.6,62982.7,2.14898555,1.40493457,2.70983812,2.18993234,342.8
2026-07-31T20:39:05.260+00:00,1785530342673,62919.82,62929.82,1785530343801,62982.649999999994,62982.6,62982.7,2.14898555,1.40653457,2.70983812,2.1915323399999997,347.0
2026-07-31T20:39:07.612+00:00,1785530345907,62919.62,62929.62,1785530346151,62982.649999999994,62982.6,62982.7,2.1487547,1.40619091,2.501771,2.12561138,348.2
2026-07-31T20:39:09.967+00:00,1785530347995,62918.62,62928.62,1785530348501,62982.649999999994,62982.6,62982.7,2.14863712,1.40654091,2.5016534200000002,2.12596138,349.8
2026-07-31T20:39:12.312+00:00,1785530350195,62918.85,62928.85,1785530350851,62982.649999999994,62982.6,62982.7,2.14863712,1.38968579,2.5016534200000002,2.10910626,341.4
2026-07-31T20:39:14.663+00:00,1785530352284,62918.37,62928.37,1785530353201,62982.649999999994,62982.6,62982.7,2.36086052,1.40654153,2.7138768200000003,2.125962,349.8
2026-07-31T20:39:17.018+00:00,1785530355466,62920.07,62930.07,1785530355551,62982.649999999994,62982.6,62982.7,2.36086052,1.40644103,2.7138768200000003,2.1258615,351.3
2026-07-31T20:39:19.358+00:00,1785530357502,62919.83,62929.83,1785530357901,62982.649999999994,62982.6,62982.7,2.39764892,1.40654103,2.75066522,2.1259615000000003,337.0
2026-07-31T20:39:21.716+00:00,1785530359568,62914.14,62924.14,1785530360251,62982.649999999994,62982.6,62982.7,1.36138834,2.41758419,1.3740649500000002,3.00924615,353.4
2026-07-31T20:39:24.116+00:00,1785530361918,62914.84,62924.84,1785530362651,62982.649999999994,62982.6,62982.7,2.41313103,2.2190595,2.61200649,2.9384799700000004,398.5
2026-07-31T20:39:26.463+00:00,1785530363978,62915.78,62925.78,1785530365001,62982.649999999994,62982.6,62982.7,2.47763816,1.5790595,2.70570349,2.2984799700000003,340.1
2026-07-31T20:39:28.814+00:00,1785530367248,62914.76,62924.76,1785530367351,62982.649999999994,62982.6,62982.7,2.4774828,1.5150595,2.70554813,2.23447997,349.4
2026-07-31T20:39:31.157+00:00,1785530369514,62914.47,62924.47,1785530369701,62982.649999999994,62982.6,62982.7,2.5227769,1.4402595,2.7508422299999995,2.2252572699999997,340.9
2026-07-31T20:39:33.564+00:00,1785530371749,62914.23,62924.23,1785530372101,62982.649999999994,62982.6,62982.7,2.52751438,1.4060595,2.7555797099999997,2.19105727,395.6
2026-07-31T20:39:35.964+00:00,1785530373969,62914.86,62924.86,1785530374501,62982.649999999994,62982.6,62982.7,2.53225773,1.4700595,2.7603230599999997,2.1894799700000003,399.5
2026-07-31T20:39:38.312+00:00,1785530376105,62917.95,62927.95,1785530376851,62982.649999999994,62982.6,62982.7,2.53700107,1.4700595,2.7650664,2.1894799700000003,346.1
2026-07-31T20:39:40.714+00:00,1785530378205,62918.54,62928.54,1785530379251,62982.649999999994,62982.6,62982.7,2.47823487,1.4402595,2.7063002,2.15967997,399.3
2026-07-31T20:39:43.064+00:00,1785530381345,62914.92,62924.92,1785530381601,62982.649999999994,62982.6,62982.7,2.44144014,1.44026302,2.6695054699999994,2.15968349,336.7
2026-07-31T20:39:45.465+00:00,1785530383424,62915.07,62925.07,1785530384001,62982.649999999994,62982.6,62982.7,2.67513014,1.44026302,2.9031954699999996,2.15968349,394.3
2026-07-31T20:39:47.815+00:00,1785530385624,62913.72,62923.72,1785530386351,62982.649999999994,62982.6,62982.7,1.48129723,1.78400755,1.49397817,2.50342802,345.0
2026-07-31T20:39:50.210+00:00,1785530387935,62896.51,62906.51,1785530388751,62965.55,62965.5,62965.6,0.03791529,2.90442128,0.03918833,3.0982331700000003,386.5
2026-07-31T20:39:52.569+00:00,1785530391047,62899.92,62909.92,1785530391101,62965.55,62965.5,62965.6,0.38474218,2.74242128,0.38601522,2.7812525799999994,346.4
2026-07-31T20:39:54.916+00:00,1785530393099,62900.41,62910.41,1785530393451,62965.55,62965.5,62965.6,0.69944218,2.74560103,0.7007152200000001,3.5313072799999996,344.0
2026-07-31T20:39:57.267+00:00,1785530395703,62898.36,62908.36,1785530395801,62965.55,62965.5,62965.6,0.07991529,2.80282076,0.14417332,3.5924106899999995,349.2
2026-07-31T20:39:59.617+00:00,1785530397157,62893.95,62903.95,1785530398151,62960.350000000006,62960.3,62960.4,0.10316628,3.35307252,0.16330361,3.7133348400000004,346.9
2026-07-31T20:40:01.971+00:00,1785530400316,62894.05,62904.05,1785530400501,62960.350000000006,62960.3,62960.4,0.10316628,3.35625227,0.10608526,3.6804830600000003,350.5
2026-07-31T20:40:04.364+00:00,1785530402354,62894.1,62904.1,1785530402901,62960.350000000006,62960.3,62960.4,1.67743305,2.17851785,1.8282712800000003,2.23433925,386.7
2026-07-31T20:40:06.719+00:00,1785530403420,62894.13,62904.13,1785530405251,62960.350000000006,62960.3,62960.4,1.61743305,1.77850202,1.8041047000000003,1.8343234199999998,352.0
2026-07-31T20:40:09.081+00:00,1785530406717,62894.21,62904.21,1785530407601,62960.350000000006,62960.3,62960.4,1.61660458,2.17532222,1.7789096600000003,2.23114362,361.0
2026-07-31T20:40:11.466+00:00,1785530409945,62894.27,62904.27,1785530410001,62960.350000000006,62960.3,62960.4,1.85526135,2.16245679,2.07536108,2.21891773,382.7
2026-07-31T20:40:13.855+00:00,1785530412055,62893.49,62903.49,1785530412401,62960.350000000006,62960.3,62960.4,1.69206135,2.16169679,1.9121610800000002,2.2181112900000004,386.9
2026-07-31T20:40:16.266+00:00,1785530414107,62892.78,62902.78,1785530414801,62960.350000000006,62960.3,62960.4,0.9440913,2.32421578,1.0042140800000001,2.4998413399999997,399.0
2026-07-31T20:40:18.630+00:00,1785530416165,62888.44,62898.44,1785530417151,62955.25,62955.2,62955.3,0.92121571,4.63752665,0.99596697,5.196262999999999,355.9
2026-07-31T20:40:21.024+00:00,1785530419405,62885.71,62895.71,1785530419551,62955.25,62955.2,62955.3,0.88577136,4.63752665,0.96052262,4.99824699,387.4
2026-07-31T20:40:23.421+00:00,1785530421516,62888.23,62898.23,1785530421951,62955.350000000006,62955.3,62955.4,4.86562761,0.16248914,5.637838779999999,0.34143280000000004,393.5
2026-07-31T20:40:25.764+00:00,1785530424195,62892.64,62902.64,1785530424301,62957.45,62957.4,62957.5,5.49300067,0.31032751,5.916129499999999,1.19987084,341.4
2026-07-31T20:40:28.124+00:00,1785530426295,62898.63,62908.63,1785530426651,62960.350000000006,62960.3,62960.4,3.80269681,0.5101183,5.17053796,0.8548646900000001,355.5
2026-07-31T20:40:30.454+00:00,1785530428440,62900.43,62910.43,1785530429001,62960.350000000006,62960.3,62960.4,3.92346892,0.4011183,5.0506952300000005,0.7458646899999999,328.3
2026-07-31T20:40:32.823+00:00,1785530430481,62903.3,62913.3,1785530431351,62960.350000000006,62960.3,62960.4,3.92346892,0.4011183,4.59144059,0.58469063,355.8
2026-07-31T20:40:35.203+00:00,1785530433625,62903.33,62913.33,1785530433751,62960.350000000006,62960.3,62960.4,3.92346892,0.4011183,4.59144059,0.58469063,378.7
2026-07-31T20:40:37.624+00:00,1785530435987,62910.62,62920.62,1785530436151,62966.649999999994,62966.6,62966.7,4.38256335,0.08918418,5.524934399999999,0.285719,408.1
2026-07-31T20:40:40.022+00:00,1785530438245,62902.56,62912.56,1785530438551,62966.649999999994,62966.6,62966.7,4.38256335,0.08914195,5.001688849999999,0.09758378999999999,393.4
2026-07-31T20:40:42.419+00:00,1785530439626,62904.88,62914.88,1785530440951,62972.75,62972.7,62972.8,3.19302958,0.20020354,4.0831732,1.79667623,395.6
2026-07-31T20:40:44.771+00:00,1785530443106,62909.52,62919.52,1785530443301,62978.45,62978.4,62978.5,2.87086772,1.31800048,3.97282236,1.8104682399999998,350.6
2026-07-31T20:40:47.119+00:00,1785530444796,62912.34,62922.34,1785530445651,62978.45,62978.4,62978.5,2.87592483,0.18492556,4.0070467899999995,0.7725822,340.8
2026-07-31T20:40:49.468+00:00,1785530447965,62915.19,62925.19,1785530448001,62978.45,62978.4,62978.5,2.87535242,0.18492556,3.9476423799999996,0.7725822,348.1
2026-07-31T20:40:51.820+00:00,1785530450137,62915.17,62925.17,1785530450351,62978.45,62978.4,62978.5,2.87480272,0.18434397,3.8797254000000003,0.77200061,349.6
2026-07-31T20:40:54.221+00:00,1785530450873,62919.38,62929.38,1785530452751,62982.95,62982.9,62983.0,4.16567447,0.32051794,4.966364639999999,0.60137889,397.6
2026-07-31T20:40:56.569+00:00,1785530454066,62917.12,62927.12,1785530455101,62982.95,62982.9,62983.0,4.16661737,0.49304483,4.967307539999999,0.5223755699999999,344.0
2026-07-31T20:40:58.965+00:00,1785530457308,62917.86,62927.86,1785530457501,62982.95,62982.9,62983.0,4.23330555,0.49634483,5.033995719999999,0.5659045100000001,394.0
2026-07-31T20:41:01.316+00:00,1785530459475,62918.06,62928.06,1785530459851,62982.95,62982.9,62983.0,4.26223163,0.32335268,5.062921799999999,0.43779508,348.8
2026-07-31T20:41:03.681+00:00,1785530461565,62916.85,62926.85,1785530462201,62982.95,62982.9,62983.0,4.90223163,0.32334681,5.7029217999999995,0.38863017,361.6
2026-07-31T20:41:06.076+00:00,1785530464325,62923.41,62933.41,1785530464601,62986.45,62986.4,62986.5,2.77984928,2.21890586,3.08039225,2.6161172599999998,391.8
2026-07-31T20:41:08.469+00:00,1785530466113,62944.53,62954.53,1785530467001,63013.649999999994,63013.6,63013.7,1.28332548,2.11300188,1.42005954,2.1458583000000004,389.5
2026-07-31T20:41:10.880+00:00,1785530469166,62942.34,62952.34,1785530469401,63013.649999999994,63013.6,63013.7,1.31396362,2.11564124,1.6886802,2.24498695,409.7
2026-07-31T20:41:13.218+00:00,1785530470660,62943.39,62953.39,1785530471751,63016.149999999994,63016.1,63016.2,3.22463364,2.3434049,3.38644632,2.34839691,334.9
2026-07-31T20:41:15.621+00:00,1785530473949,62944.23,62954.23,1785530474151,63016.149999999994,63016.1,63016.2,3.22985172,1.2161059,3.39398954,1.44290847,400.9
2026-07-31T20:41:18.020+00:00,1785530475974,62945.76,62955.76,1785530476551,63006.149999999994,63006.1,63006.2,1.11276686,2.55692543,1.5706300800000002,3.02437804,397.0
2026-07-31T20:41:20.376+00:00,1785530478129,62941.21,62951.21,1785530478901,63006.149999999994,63006.1,63006.2,1.73189043,2.12918023,2.2627076,2.96526689,354.1
2026-07-31T20:41:22.728+00:00,1785530480206,62939.84,62949.84,1785530481251,63006.149999999994,63006.1,63006.2,1.73189043,2.12918023,2.2627076,2.96526689,346.9
2026-07-31T20:41:25.077+00:00,1785530483397,62939.53,62949.53,1785530483601,63006.149999999994,63006.1,63006.2,1.92769043,1.87492023,2.4585076,2.7002963500000003,347.3
2026-07-31T20:41:27.420+00:00,1785530485717,62938.88,62948.88,1785530485951,63006.149999999994,63006.1,63006.2,1.92769043,1.76592023,2.4585076,2.5912963500000004,341.5
2026-07-31T20:41:29.766+00:00,1785530487776,62938.24,62948.24,1785530488301,63006.149999999994,63006.1,63006.2,1.78200355,1.64665422,2.31282072,1.88269804,343.5
2026-07-31T20:41:32.118+00:00,1785530489925,62941.92,62951.92,1785530490651,63006.149999999994,63006.1,63006.2,1.94508258,0.8216411,2.47589975,1.34930345,349.2
2026-07-31T20:41:34.517+00:00,1785530490974,62941.91,62951.91,1785530493051,63006.149999999994,63006.1,63006.2,1.75978258,1.81455422,2.29059975,2.04474526,397.7
2026-07-31T20:41:36.924+00:00,1785530494385,62941.89,62951.89,1785530495451,63006.149999999994,63006.1,63006.2,1.46812235,1.94065586,1.99893952,2.68450758,405.8
2026-07-31T20:41:39.314+00:00,1785530495906,62936.09,62946.09,1785530497851,63006.149999999994,63006.1,63006.2,0.01234362,2.01379342,0.09007327999999999,3.6823861399999998,387.0
2026-07-31T20:41:41.735+00:00,1785530500073,62935.64,62945.64,1785530500251,63006.149999999994,63006.1,63006.2,0.01130303,2.01425526,0.26169038,3.6828469,412.3
2026-07-31T20:41:44.116+00:00,1785530502307,62931.4,62941.4,1785530502651,63004.149999999994,63004.1,63004.2,0.00988545,4.51071371,0.08761475999999999,5.617276090000001,379.0
2026-07-31T20:41:46.470+00:00,1785530503307,62930.05,62940.05,1785530505001,63004.149999999994,63004.1,63004.2,0.00988545,4.46245306,0.08761475999999999,5.86513814,351.7
2026-07-31T20:41:48.818+00:00,1785530506805,62930.94,62940.94,1785530507351,63004.149999999994,63004.1,63004.2,0.00878407,4.46277741,0.08651337999999999,5.8654624900000005,345.4
2026-07-31T20:41:51.222+00:00,1785530508109,62936.1,62946.1,1785530509751,63004.149999999994,63004.1,63004.2,0.80661031,4.38977741,0.88433962,5.79246249,402.4
2026-07-31T20:41:53.627+00:00,1785530508109,62936.1,62946.1,1785530512151,63004.149999999994,63004.1,63004.2,0.80624116,4.4641824,1.07321622,5.24800811,401.0
2026-07-31T20:41:56.032+00:00,1785530514249,62936.14,62946.14,1785530514551,63004.149999999994,63004.1,63004.2,0.93186804,3.03493387,1.06678476,3.69713759,384.1
2026-07-31T20:41:58.373+00:00,1785530516366,62936.19,62946.19,1785530516901,63004.149999999994,63004.1,63004.2,0.93229428,3.37493387,1.067211,4.03713759,338.8
2026-07-31T20:42:00.725+00:00,1785530518384,62937.52,62947.52,1785530519251,63004.149999999994,63004.1,63004.2,1.11969739,3.03493387,1.2374014,3.69713759,349.6
2026-07-31T20:42:03.069+00:00,1785530520515,62940.63,62950.63,1785530521601,63004.149999999994,63004.1,63004.2,1.08989739,3.53493387,1.26478696,4.1971564500000005,343.3
2026-07-31T20:42:05.477+00:00,1785530523676,62933.09,62943.09,1785530524001,63004.149999999994,63004.1,63004.2,0.933573,3.9277685,1.10846257,4.589991080000001,403.3
2026-07-31T20:42:07.877+00:00,1785530526086,62921.67,62931.67,1785530526401,62997.149999999994,62997.1,62997.2,0.00927417,4.40871523,0.032031079999999996,5.29551982,397.0
2026-07-31T20:42:10.270+00:00,1785530528398,62922.4,62932.4,1785530528801,62995.55,62995.5,62995.6,0.00902042,4.56149055,0.41032050999999997,5.71984984,389.4
2026-07-31T20:42:12.675+00:00,1785530530716,62922.86,62932.86,1785530531201,62995.55,62995.5,62995.6,0.77496682,4.56149055,1.07402614,5.11901985,399.8
2026-07-31T20:42:15.021+00:00,1785530533106,62925.37,62935.37,1785530533551,62995.55,62995.5,62995.6,0.77496682,4.55295067,1.03079361,5.11047997,343.8
2026-07-31T20:42:17.427+00:00,1785530535508,62926.97,62936.97,1785530535951,62995.55,62995.5,62995.6,0.77496682,4.55295067,1.0422225799999998,5.11047997,404.9
2026-07-31T20:42:19.820+00:00,1785530537628,62925.3,62935.3,1785530538351,62995.55,62995.5,62995.6,0.77524362,4.55301067,1.0424993800000002,5.11053997,390.9
2026-07-31T20:42:22.166+00:00,1785530539658,62924.19,62934.19,1785530540701,62995.55,62995.5,62995.6,0.77525297,4.55330307,0.9515413600000001,5.11083237,342.8
2026-07-31T20:42:24.572+00:00,1785530543021,62926.48,62936.48,1785530543101,62995.55,62995.5,62995.6,0.77511053,4.39133428,1.0093577,4.948863579999999,398.0
2026-07-31T20:42:26.937+00:00,1785530544030,62926.98,62936.98,1785530545451,62995.55,62995.5,62995.6,0.00888733,4.37553123,0.26960912,4.93306053,361.0
2026-07-31T20:42:29.273+00:00,1785530546166,62926.99,62936.99,1785530547801,62995.55,62995.5,62995.6,0.76610134,4.36487233,0.93586447,5.00183425,330.3
2026-07-31T20:42:31.684+00:00,1785530549293,62926.97,62936.97,1785530550201,62995.55,62995.5,62995.6,0.00877814,4.36487233,0.38120425,4.9224016299999995,409.5
2026-07-31T20:42:34.122+00:00,1785530552200,62926.56,62936.56,1785530552651,62988.05,62988.0,62988.1,0.75605707,1.71722447,1.3101871699999998,2.81411834,435.2
2026-07-31T20:42:36.522+00:00,1785530554255,62925.72,62935.72,1785530555051,62988.05,62988.0,62988.1,1.09287307,2.44415183,1.4536738599999999,2.52644307,395.2
2026-07-31T20:42:38.873+00:00,1785530556342,62925.67,62935.67,1785530557401,62988.05,62988.0,62988.1,0.92877058,2.44415183,1.3751441,3.2506766499999995,348.2
2026-07-31T20:42:41.225+00:00,1785530559445,62925.62,62935.62,1785530559751,62988.05,62988.0,62988.1,0.92877058,2.44064245,1.37409919,3.2471672699999994,348.7
2026-07-31T20:42:43.622+00:00,1785530561509,62925.58,62935.58,1785530562151,62988.05,62988.0,62988.1,0.92877058,2.44064245,1.37409919,3.2471672699999994,394.5
2026-07-31T20:42:45.970+00:00,1785530563661,62925.52,62935.52,1785530564501,62988.05,62988.0,62988.1,0.92877058,2.44064245,1.37409919,3.2471672699999994,347.3
2026-07-31T20:42:48.321+00:00,1785530565906,62925.5,62935.5,1785530566851,62988.05,62988.0,62988.1,0.92708378,2.44107361,1.2628123900000001,3.2475984299999996,347.4
2026-07-31T20:42:50.730+00:00,1785530568566,62920.95,62930.95,1785530569251,62988.05,62988.0,62988.1,0.75894528,2.50631384,0.7668088100000001,3.3128386599999993,407.5
2026-07-31T20:42:53.080+00:00,1785530569627,62920.12,62930.12,1785530571601,62988.05,62988.0,62988.1,0.75894528,2.4622005,0.95415848,3.2687253199999993,342.6
2026-07-31T20:42:55.473+00:00,1785530572826,62920.11,62930.11,1785530574001,62988.05,62988.0,62988.1,0.75886598,2.4622005,0.9540791800000001,3.2687253199999993,388.1
2026-07-31T20:42:57.879+00:00,1785530575948,62920.09,62930.09,1785530576401,62988.05,62988.0,62988.1,0.75870722,2.4622005,0.94894665,3.2687253199999993,402.7
2026-07-31T20:43:00.232+00:00,1785530578155,62920.08,62930.08,1785530578751,62988.05,62988.0,62988.1,0.75876002,2.46212112,1.00620054,3.2686459399999994,347.1
2026-07-31T20:43:02.572+00:00,1785530580309,62920.07,62930.07,1785530581101,62988.05,62988.0,62988.1,0.74841733,2.4620849,0.75628086,3.2686097199999993,337.7
2026-07-31T20:43:04.969+00:00,1785530581541,62920.06,62930.06,1785530583501,62988.05,62988.0,62988.1,0.74720223,2.46200711,0.94241543,3.2685319299999995,396.3
2026-07-31T20:43:07.323+00:00,1785530585612,62920.04,62930.04,1785530585851,62988.05,62988.0,62988.1,0.74720223,2.46200711,0.94241543,3.2685319299999995,351.9
2026-07-31T20:43:09.671+00:00,1785530587635,62920.03,62930.03,1785530588201,62988.05,62988.0,62988.1,0.74720223,2.40135317,0.80448113,3.2650950199999995,346.7
2026-07-31T20:43:12.024+00:00,1785530590475,62915.91,62925.91,1785530590551,62984.95,62984.9,62985.0,0.01555506,3.49558626,0.12067564,4.93493389,350.3
2026-07-31T20:43:14.376+00:00,1785530592665,62913.94,62923.94,1785530592901,62984.95,62984.9,62985.0,0.71932071,3.63891961,0.9018060600000001,4.4331834,350.3
2026-07-31T20:43:16.720+00:00,1785530594996,62913.96,62923.96,1785530595251,62984.95,62984.9,62985.0,0.718243,3.63622446,0.9143624700000001,3.9370320800000003,342.8
2026-07-31T20:43:19.074+00:00,1785530597116,62912.72,62922.72,1785530597601,62984.95,62984.9,62985.0,1.37066625,1.8748643,1.43664386,2.4303464599999995,347.9
2026-07-31T20:43:21.470+00:00,1785530599243,62914.07,62924.07,1785530600001,62984.95,62984.9,62985.0,1.49902683,2.5148643,1.5650044399999998,3.0751145799999997,393.9
2026-07-31T20:43:23.820+00:00,1785530601784,62929.27,62939.27,1785530602351,62988.05,62988.0,62988.1,5.71188066,0.41155685,6.3123118400000005,1.0746269600000002,345.5
2026-07-31T20:43:26.163+00:00,1785530603800,62929.09,62939.09,1785530604701,62988.05,62988.0,62988.1,5.91810911,0.41155685,6.51854029,1.0746269600000002,333.1
2026-07-31T20:43:28.522+00:00,1785530606790,62927.55,62937.55,1785530607051,62988.05,62988.0,62988.1,5.75204385,0.41155685,6.32323586,1.0746269600000002,348.0
2026-07-31T20:43:30.923+00:00,1785530609096,62937.49,62947.49,1785530609451,63001.95,63001.9,63002.0,3.50948363,1.80922339,4.12153155,2.32866357,399.3
2026-07-31T20:43:33.268+00:00,1785530611225,62937.87,62947.87,1785530611801,63001.95,63001.9,63002.0,1.1287246,1.97500015,1.41379646,2.4944403299999998,343.1
2026-07-31T20:43:35.610+00:00,1785530613657,62933.74,62943.74,1785530614151,63001.95,63001.9,63002.0,0.73913346,2.76262699,1.32850058,3.2820671699999995,333.5
2026-07-31T20:43:37.976+00:00,1785530615703,62934.74,62944.74,1785530616501,63001.95,63001.9,63002.0,0.73994872,2.60210752,1.1441068300000001,3.1215477,350.4
2026-07-31T20:43:40.320+00:00,1785530618724,62933.02,62943.02,1785530618851,63001.95,63001.9,63002.0,0.73877593,2.60210752,1.16256565,3.1215477,342.0
2026-07-31T20:43:42.672+00:00,1785530621018,62932.17,62942.17,1785530621201,63001.95,63001.9,63002.0,1.29877593,2.60210752,1.9507920900000002,3.1215477,346.8
2026-07-31T20:43:45.023+00:00,1785530622139,62933.3,62943.3,1785530623551,63001.95,63001.9,63002.0,1.29069255,2.5572869,1.6598167799999999,3.0767270799999995,348.5
2026-07-31T20:43:47.370+00:00,1785530625715,62936.1,62946.1,1785530625901,63001.95,63001.9,63002.0,0.73069255,2.55686898,1.15448227,3.0763091599999997,344.1
2026-07-31T20:43:49.720+00:00,1785530628026,62934.23,62944.23,1785530628251,63001.95,63001.9,63002.0,1.17493255,2.49895153,1.5427547500000003,3.0755793899999997,345.2
2026-07-31T20:43:52.127+00:00,1785530630316,62935.98,62945.98,1785530630651,63001.95,63001.9,63002.0,1.17493255,2.49595153,1.71211068,3.07257939,401.7
2026-07-31T20:43:54.525+00:00,1785530632475,62935.46,62945.46,1785530633051,63001.95,63001.9,63002.0,1.8722659,0.47813142,2.20756672,0.9975716,393.6
2026-07-31T20:43:56.864+00:00,1785530634664,62934.36,62944.36,1785530635401,63001.95,63001.9,63002.0,2.72615098,0.0480172,2.9983173599999997,0.5871685799999999,337.3
2026-07-31T20:43:59.229+00:00,1785530637644,62942.14,62952.14,1785530637751,63002.75,63002.7,63002.8,4.4283703,0.51650085,5.1601211,0.70256319,355.5
2026-07-31T20:44:01.571+00:00,1785530639767,62943.11,62953.11,1785530640101,63003.850000000006,63003.8,63003.9,4.44528181,0.40065599,5.05650424,0.59814562,340.5
2026-07-31T20:44:03.923+00:00,1785530640769,62937.43,62947.43,1785530642451,63003.850000000006,63003.8,63003.9,4.44534091,0.50971509,5.056563339999999,0.7072047200000001,349.8
2026-07-31T20:44:06.272+00:00,1785530643865,62937.4,62947.4,1785530644801,63003.850000000006,63003.8,63003.9,4.14954651,0.74742552,4.76076894,1.00104383,341.7
2026-07-31T20:44:08.624+00:00,1785530647038,62937.89,62947.89,1785530647151,63003.850000000006,63003.8,63003.9,3.59473093,1.38742552,3.93407148,1.9266979000000002,347.4
2026-07-31T20:44:10.987+00:00,1785530649314,62943.62,62953.62,1785530649501,63003.850000000006,63003.8,63003.9,3.59758337,1.50957447,3.7833369100000005,1.82038046,361.9
2026-07-31T20:44:13.372+00:00,1785530651506,62934.16,62944.16,1785530651901,63003.850000000006,63003.8,63003.9,1.04341397,2.32276502,1.3148459,2.6263673999999995,383.3
2026-07-31T20:44:15.723+00:00,1785530653716,62928.52,62938.52,1785530654251,63003.850000000006,63003.8,63003.9,0.01067551,2.32276047,1.08589278,2.65580803,347.8
2026-07-31T20:44:18.121+00:00,1785530655925,62930.3,62940.3,1785530656651,62999.149999999994,62999.1,62999.2,0.75960777,3.53656928,0.9353447600000001,4.044279680000001,396.6
2026-07-31T20:44:20.470+00:00,1785530658225,62932.15,62942.15,1785530659001,62999.149999999994,62999.1,62999.2,2.6223385,0.76846048,2.6802587300000003,1.38123608,342.7
2026-07-31T20:44:22.824+00:00,1785530660276,62932.52,62942.52,1785530661351,62999.149999999994,62999.1,62999.2,2.46062661,0.84631805,2.51854684,1.45909365,347.4
2026-07-31T20:44:25.221+00:00,1785530663554,62934.07,62944.07,1785530663751,62999.149999999994,62999.1,62999.2,2.46094407,0.68907178,2.65225976,2.0412103,394.6
2026-07-31T20:44:27.564+00:00,1785530665874,62934.77,62944.77,1785530666101,62999.149999999994,62999.1,62999.2,2.46094407,0.68272885,2.49123692,1.69076292,339.9
2026-07-31T20:44:29.973+00:00,1785530667911,62935.16,62945.16,1785530668501,62999.149999999994,62999.1,62999.2,1.82094407,0.67375286,2.01225976,1.04610533,398.6
2026-07-31T20:44:32.329+00:00,1785530670123,62934.76,62944.76,1785530670851,62999.149999999994,62999.1,62999.2,2.62294407,0.96353777,2.81425976,1.03913079,353.0
2026-07-31T20:44:34.684+00:00,1785530672208,62933.08,62943.08,1785530673201,62999.149999999994,62999.1,62999.2,2.62294407,0.64891601,2.7065,0.91654605,353.1
2026-07-31T20:44:37.073+00:00,1785530675268,62932.29,62942.29,1785530675601,62999.149999999994,62999.1,62999.2,2.57871934,1.46847165,2.6622752700000003,1.80956664,383.9
2026-07-31T20:44:39.475+00:00,1785530677305,62931.35,62941.35,1785530678001,62999.149999999994,62999.1,62999.2,2.31871934,1.45051472,2.3829288799999997,1.76226282,397.6
2026-07-31T20:44:41.826+00:00,1785530679566,62927.42,62937.42,1785530680351,62999.149999999994,62999.1,62999.2,0.82648308,2.39990293,1.04607746,2.6767874399999996,349.8
2026-07-31T20:44:44.220+00:00,1785530682565,62934.1,62944.1,1785530682751,62999.149999999994,62999.1,62999.2,1.93871162,1.52851482,1.96860628,2.33171388,387.6
2026-07-31T20:44:46.574+00:00,1785530684624,62934.2,62944.2,1785530685101,62999.149999999994,62999.1,62999.2,1.06047448,2.47502327,1.2507231,3.4304219699999994,349.5
2026-07-31T20:44:48.923+00:00,1785530686656,62932.01,62942.01,1785530687451,62999.149999999994,62999.1,62999.2,0.88915484,2.31302327,1.13596731,3.1421232699999995,347.1
2026-07-31T20:44:51.260+00:00,1785530688826,62931.47,62941.47,1785530689801,62999.149999999994,62999.1,62999.2,0.92877927,2.28402327,1.17559174,3.1131232699999996,333.0
2026-07-31T20:44:53.624+00:00,1785530692026,62931.03,62941.03,1785530692151,62999.149999999994,62999.1,62999.2,0.14517137,2.28968485,0.33541999,3.1187848499999995,349.0
2026-07-31T20:44:55.976+00:00,1785530694064,62930.52,62940.52,1785530694501,62999.149999999994,62999.1,62999.2,0.14517137,2.28968485,0.33541999,3.1187848499999995,349.2
2026-07-31T20:44:58.331+00:00,1785530696107,62932.83,62942.83,1785530696851,62999.149999999994,62999.1,62999.2,0.14517137,2.35368485,0.31548145,3.1858887799999995,353.7
2026-07-31T20:45:00.676+00:00,1785530698262,62929.16,62939.16,1785530699201,62999.149999999994,62999.1,62999.2,0.14517137,2.35368485,0.31770202,3.1566162799999997,342.8
2026-07-31T20:45:03.026+00:00,1785530701321,62926.45,62936.45,1785530701551,62999.149999999994,62999.1,62999.2,0.14517137,2.35368485,0.31770202,3.1566162799999997,348.6
2026-07-31T20:45:05.376+00:00,1785530703349,62929.1,62939.1,1785530703901,62991.350000000006,62991.3,62991.4,0.76197442,1.85188942,0.9679753600000001,2.19911936,345.8
2026-07-31T20:45:07.779+00:00,1785530705795,62937.11,62947.11,1785530706301,62999.149999999994,62999.1,62999.2,3.5589089,1.53892633,4.417959430000001,2.3258173299999996,401.1
2026-07-31T20:45:10.126+00:00,1785530707984,62937.25,62947.25,1785530708651,62999.149999999994,62999.1,62999.2,3.16092995,1.70914671,4.35424375,2.4960377099999995,345.0
2026-07-31T20:45:12.475+00:00,1785530710177,62937.19,62947.19,1785530711001,62999.149999999994,62999.1,62999.2,3.17781835,1.52202937,4.40103682,2.18067851,345.5
2026-07-31T20:45:14.825+00:00,1785530713205,62938.19,62948.19,1785530713351,62999.149999999994,62999.1,62999.2,1.13248533,1.51202937,1.57255582,2.34112937,347.8
2026-07-31T20:45:17.176+00:00,1785530715451,62936.73,62946.73,1785530715701,62999.149999999994,62999.1,62999.2,1.52507551,1.53736649,1.94594784,2.50621336,349.1
2026-07-31T20:45:19.537+00:00,1785530717483,62936.5,62946.5,1785530718051,62999.149999999994,62999.1,62999.2,1.52507551,1.537303,2.7683792699999996,2.3664029999999996,358.0
2026-07-31T20:45:21.885+00:00,1785530719533,62938.03,62948.03,1785530720401,62999.149999999994,62999.1,62999.2,1.52507551,1.53321982,2.7683792699999996,2.34162085,344.9
2026-07-31T20:45:24.223+00:00,1785530722576,62937.95,62947.95,1785530722751,62999.149999999994,62999.1,62999.2,1.52189179,1.53321982,2.7651955499999996,2.50206669,335.7
2026-07-31T20:45:26.623+00:00,1785530724696,62937.93,62947.93,1785530725151,62999.149999999994,62999.1,62999.2,1.52309179,1.53269601,2.7663955500000004,2.5015428799999997,395.7
2026-07-31T20:45:28.974+00:00,1785530726845,62933.99,62943.99,1785530727501,62999.149999999994,62999.1,62999.2,1.52340492,2.17269601,2.7494052899999994,3.0017960099999996,347.3
2026-07-31T20:45:31.321+00:00,1785530729016,62929.89,62939.89,1785530729851,62999.149999999994,62999.1,62999.2,1.51697599,2.18182699,2.7602797499999996,3.0109269899999993,342.9
2026-07-31T20:45:33.674+00:00,1785530731256,62931.8,62941.8,1785530732201,62999.149999999994,62999.1,62999.2,1.51817599,1.53558413,1.9356373500000001,2.34516126,344.1
2026-07-31T20:45:38.226+00:00,1785530736586,62932.35,62942.35,1785530736751,62999.149999999994,62999.1,62999.2,1.50802842,2.17304289,2.1538217299999998,3.0125585,357.3
2026-07-31T20:45:40.564+00:00,1785530738637,62930.55,62940.55,1785530739101,62999.149999999994,62999.1,62999.2,1.50922842,2.17304289,2.16868488,3.0125585,335.0
2026-07-31T20:45:42.924+00:00,1785530741028,62928.5,62938.5,1785530741451,62999.149999999994,62999.1,62999.2,1.56623943,1.49722107,2.2201597299999998,2.33673668,345.3
2026-07-31T20:45:47.574+00:00,1785530745717,62943.43,62953.43,1785530746101,63009.149999999994,63009.1,63009.2,2.70583635,0.16465274,2.97080181,0.22857463999999997,835.5
2026-07-31T20:45:59.277+00:00,1785530757470,62943.21,62953.21,1785530757801,63009.149999999994,63009.1,63009.2,3.12504837,0.36717637,3.45284176,0.43287513,337.1
2026-07-31T20:46:01.680+00:00,1785530759515,62943.34,62953.34,1785530760201,63009.149999999994,63009.1,63009.2,3.18504837,0.14728688,3.5056799100000005,0.39450386,401.0
2026-07-31T20:46:04.026+00:00,1785530761544,62943.88,62953.88,1785530762551,63009.149999999994,63009.1,63009.2,3.12504837,0.30998688,3.4162379200000004,0.63334737,344.9
2026-07-31T20:46:06.376+00:00,1785530764705,62943.15,62953.15,1785530764901,63009.149999999994,63009.1,63009.2,3.18504837,0.25628688,3.39325369,0.50240281,346.4
2026-07-31T20:46:08.725+00:00,1785530766926,62945.85,62955.85,1785530767251,63009.149999999994,63009.1,63009.2,3.19160869,0.30551275,3.24092851,0.55162868,346.0
2026-07-31T20:46:11.075+00:00,1785530768977,62940.48,62950.48,1785530769601,63009.149999999994,63009.1,63009.2,3.18845218,0.25311275,3.3615061,0.31701807000000004,347.3
2026-07-31T20:46:13.478+00:00,1785530771077,62938.73,62948.73,1785530772001,63009.149999999994,63009.1,63009.2,3.18845218,0.25311275,3.3615061,0.4829239,400.8
2026-07-31T20:46:20.881+00:00,1785530779023,62941.21,62951.21,1785530779401,63009.149999999994,63009.1,63009.2,0.4959151,2.44001961,0.71385791,3.2350721899999995,334.2
2026-07-31T20:46:23.263+00:00,1785530781232,62939.56,62949.56,1785530781801,63009.149999999994,63009.1,63009.2,2.31309118,2.3248359,2.5481931799999997,2.93125183,379.0
2026-07-31T20:46:36.731+00:00,1785530795045,62938.0,62948.0,1785530795251,63009.149999999994,63009.1,63009.2,1.52961503,1.51962711,2.3591329500000002,2.31139619,380.7
2026-07-31T20:46:39.078+00:00,1785530797256,62939.64,62949.64,1785530797601,63009.149999999994,63009.1,63009.2,1.52961503,1.50962711,2.3591329500000002,2.30139619,345.3
2026-07-31T20:46:41.628+00:00,1785530799535,62942.64,62952.64,1785530800151,63009.149999999994,63009.1,63009.2,1.36612503,1.50962711,2.19564295,2.30139619,364.3
2026-07-31T20:46:46.529+00:00,1785530803783,62943.63,62953.63,1785530805051,63009.149999999994,63009.1,63009.2,1.03302276,1.508174,1.03413626,2.2999430800000003,344.5
2026-07-31T20:46:54.783+00:00,1785530803783,62943.63,62953.63,1785530813301,63009.149999999994,63009.1,63009.2,1.19622276,1.50595446,1.47632647,2.2977235400000002,344.7
2026-07-31T20:47:08.932+00:00,1785530803783,62943.63,62953.63,1785530827451,63009.149999999994,63009.1,63009.2,1.03143377,2.14220437,1.2693447900000001,2.9513993599999995,359.3
2026-07-31T20:47:12.471+00:00,1785530803783,62943.63,62953.63,1785530831001,63009.149999999994,63009.1,63009.2,1.03399805,2.14216678,1.25960975,2.9513617699999997,418.8
2026-07-31T20:47:20.984+00:00,1785530838507,62934.73,62944.73,1785530839501,63003.55,63003.5,63003.6,2.56105218,0.46590427,2.8371975199999997,1.23170812,358.1
2026-07-31T20:47:23.325+00:00,1785530841629,62934.74,62944.74,1785530841851,63003.55,63003.5,63003.6,12.23004436,0.40839427,12.506189700000002,1.19412284,339.5
2026-07-31T20:47:25.735+00:00,1785530843682,62941.06,62951.06,1785530844251,63003.55,63003.5,63003.6,11.99436431,0.40814958,12.270509650000001,1.19387815,402.8
2026-07-31T20:47:28.131+00:00,1785530845750,62941.77,62951.77,1785530846651,63003.55,63003.5,63003.6,11.99436431,0.40814958,12.270509650000001,1.16577625,394.1
2026-07-31T20:47:30.479+00:00,1785530848832,62942.06,62952.06,1785530849001,63003.55,63003.5,63003.6,12.00230784,0.40814958,12.278453180000001,1.16769639,344.8
2026-07-31T20:47:32.833+00:00,1785530851074,62940.72,62950.72,1785530851351,63003.55,63003.5,63003.6,12.00230798,0.40814958,12.27845332,1.13740221,348.9
2026-07-31T20:47:35.226+00:00,1785530853287,62939.3,62949.3,1785530853751,63003.55,63003.5,63003.6,11.99436431,0.40814958,12.23523917,1.13740221,384.0
2026-07-31T20:47:37.577+00:00,1785530855402,62939.35,62949.35,1785530856101,63003.55,63003.5,63003.6,12.01849082,0.40814958,12.25142203,1.13740221,347.5
2026-07-31T20:47:39.931+00:00,1785530857431,62939.4,62949.4,1785530858451,63003.55,63003.5,63003.6,12.07472237,0.39655603,12.31558223,1.1258086600000001,353.0
2026-07-31T20:47:42.276+00:00,1785530860654,62939.44,62949.44,1785530860801,63003.55,63003.5,63003.6,12.08266593,0.40814981,12.31559714,1.13740244,342.2
2026-07-31T20:47:44.634+00:00,1785530861710,62939.49,62949.49,1785530863151,63003.55,63003.5,63003.6,12.24844351,0.40814981,12.48930337,1.1864442099999999,351.4
2026-07-31T20:47:46.985+00:00,1785530864924,62940.79,62950.79,1785530865501,63003.55,63003.5,63003.6,12.25324272,0.40814981,12.48617393,1.1814944299999999,343.9
2026-07-31T20:47:49.336+00:00,1785530867144,62942.16,62952.16,1785530867851,63003.55,63003.5,63003.6,12.24529911,0.40814981,12.48617397,1.1814944299999999,349.7
2026-07-31T20:47:51.731+00:00,1785530869225,62942.02,62952.02,1785530870251,63003.55,63003.5,63003.6,12.37544133,0.40815714,12.62286795,1.15749452,392.8
2026-07-31T20:47:54.127+00:00,1785530872575,62942.24,62952.24,1785530872651,63003.55,63003.5,63003.6,12.38338496,0.40815292,12.630811580000001,1.1574902999999999,393.5
2026-07-31T20:47:56.530+00:00,1785530874747,62942.7,62952.7,1785530875051,63003.55,63003.5,63003.6,12.38317575,0.40815292,12.63060237,1.1574902999999999,400.3
2026-07-31T20:47:58.881+00:00,1785530876912,62941.95,62951.95,1785530877401,63003.55,63003.5,63003.6,12.3752321,0.40815292,12.62265872,1.1574902999999999,349.1
2026-07-31T20:48:01.277+00:00,1785530879114,62942.06,62952.06,1785530879801,63003.55,63003.5,63003.6,12.37481984,0.45934758,12.622246460000001,1.21466903,394.9
2026-07-31T20:48:03.636+00:00,1785530881607,62938.58,62948.58,1785530882151,63003.55,63003.5,63003.6,1.67030857,2.96780174,1.6851823000000001,3.7992651899999994,355.4
2026-07-31T20:48:06.031+00:00,1785530883659,62938.35,62948.35,1785530884551,63003.55,63003.5,63003.6,1.08057638,2.96801174,1.09545011,3.7994751899999994,388.6
2026-07-31T20:48:08.433+00:00,1785530886680,62937.16,62947.16,1785530886951,63003.55,63003.5,63003.6,1.08177638,2.96801174,1.0966501100000001,3.7994751899999994,399.5
2026-07-31T20:48:10.826+00:00,1785530888697,62937.24,62947.24,1785530889351,63003.55,63003.5,63003.6,2.0132368,2.35928556,2.01914989,3.1461765599999993,389.1
2026-07-31T20:48:13.220+00:00,1785530890747,62935.63,62945.63,1785530891751,63003.55,63003.5,63003.6,2.0132368,2.36776533,2.01914989,3.1546563299999995,389.3
2026-07-31T20:48:15.638+00:00,1785530894106,62934.03,62944.03,1785530894151,63003.55,63003.5,63003.6,2.17578984,2.36929793,2.18170293,3.1561889299999994,406.6
2026-07-31T20:48:18.141+00:00,1785530895394,62932.72,62942.72,1785530896651,63003.55,63003.5,63003.6,1.37258984,3.00929793,1.37850293,3.796188929999999,500.7
2026-07-31T20:48:20.540+00:00,1785530898634,62933.8,62943.8,1785530899051,63003.55,63003.5,63003.6,1.37258984,3.00929793,1.37850293,3.8140172899999993,391.3
2026-07-31T20:48:22.878+00:00,1785530900674,62932.36,62942.36,1785530901401,63003.55,63003.5,63003.6,1.37258984,2.66929793,1.37850293,3.4740172899999995,336.6
2026-07-31T20:48:25.283+00:00,1785530903704,62934.45,62944.45,1785530903801,63003.55,63003.5,63003.6,1.08757849,3.00929793,1.09349158,3.8140172899999993,392.8
2026-07-31T20:48:27.637+00:00,1785530905976,62934.68,62944.68,1785530906151,63003.55,63003.5,63003.6,1.53575868,2.36929732,1.54167177,3.1740166799999994,352.6
2026-07-31T20:48:29.983+00:00,1785530908187,62936.0,62946.0,1785530908501,63003.55,63003.5,63003.6,1.53575868,2.91012361,1.54167177,3.7148429699999994,344.0
2026-07-31T20:48:32.330+00:00,1785530910241,62935.9,62945.9,1785530910851,63003.55,63003.5,63003.6,0.89575868,2.95012361,0.90132551,3.7548429699999994,345.0
2026-07-31T20:48:34.736+00:00,1785530912345,62934.87,62944.87,1785530913251,63003.55,63003.5,63003.6,1.34724621,2.95012587,1.35281304,3.7548452299999995,403.5
2026-07-31T20:48:37.133+00:00,1785530914703,62936.51,62946.51,1785530915651,63003.55,63003.5,63003.6,1.34724621,2.95012587,1.35281304,3.7548452299999995,395.7
2026-07-31T20:48:39.547+00:00,1785530917762,62935.9,62945.9,1785530918051,63003.55,63003.5,63003.6,1.59152568,2.57012587,1.59709251,3.3748452299999996,411.8
2026-07-31T20:48:41.936+00:00,1785530919811,62937.06,62947.06,1785530920451,63003.55,63003.5,63003.6,1.33152568,2.79012505,1.33709135,3.5948444099999994,386.3
2026-07-31T20:48:44.347+00:00,1785530921845,62936.2,62946.2,1785530922851,63003.55,63003.5,63003.6,1.52034991,2.37010211,1.52591558,3.1748214699999995,407.8
2026-07-31T20:48:46.787+00:00,1785530925105,62937.02,62947.02,1785530925301,63003.55,63003.5,63003.6,0.90620057,2.37933069,0.91176624,3.1840500499999997,436.4
2026-07-31T20:48:49.180+00:00,1785530926137,62936.86,62946.86,1785530927701,63003.55,63003.5,63003.6,0.90620057,3.01933789,0.91176624,3.8240572499999996,391.4
2026-07-31T20:48:51.585+00:00,1785530929221,62936.7,62946.7,1785530930101,63003.55,63003.5,63003.6,1.20620057,3.01933767,1.43637504,3.8240570299999996,399.6
2026-07-31T20:48:53.984+00:00,1785530932424,62935.06,62945.06,1785530932501,63003.55,63003.5,63003.6,1.54620057,2.51933767,1.5517659300000002,3.3240570299999996,394.1
2026-07-31T20:48:56.383+00:00,1785530934265,62931.45,62941.45,1785530934901,62998.350000000006,62998.3,62998.4,1.16584155,2.82363031,1.3491191900000001,3.1770987699999997,396.5
2026-07-31T20:48:58.771+00:00,1785530936256,62923.69,62933.69,1785530937301,62991.75,62991.7,62991.8,1.83840003,1.30427823,2.4854531200000003,1.5962603599999998,380.4
2026-07-31T20:49:01.132+00:00,1785530939427,62926.82,62936.82,1785530939651,62991.75,62991.7,62991.8,1.91295919,1.30427823,2.56001228,1.5962603599999998,351.0
2026-07-31T20:49:03.486+00:00,1785530941469,62926.43,62936.43,1785530942001,62991.75,62991.7,62991.8,1.81053006,1.54839817,2.4211012,1.81768161,345.7
2026-07-31T20:49:05.884+00:00,1785530943508,62927.03,62937.03,1785530944401,62991.75,62991.7,62991.8,1.81053006,1.53161821,2.9087712800000003,1.80090165,396.7
2026-07-31T20:49:08.283+00:00,1785530946537,62925.4,62935.4,1785530946801,62995.25,62995.2,62995.3,3.4166033,1.07784202,4.15750405,1.29613325,395.7
2026-07-31T20:49:10.681+00:00,1785530948745,62924.27,62934.27,1785530949201,62995.25,62995.2,62995.3,2.13945188,1.56217089,2.50683392,1.78046212,392.0
2026-07-31T20:49:13.084+00:00,1785530951008,62924.52,62934.52,1785530951601,62995.25,62995.2,62995.3,2.11908188,1.72415996,2.4187479400000003,1.94313668,400.2
2026-07-31T20:49:15.492+00:00,1785530953053,62924.53,62934.53,1785530954001,62995.25,62995.2,62995.3,1.01867673,1.6822896,1.09499749,1.9012663200000002,403.2
2026-07-31T20:49:17.882+00:00,1785530956095,62923.5,62933.5,1785530956401,62995.25,62995.2,62995.3,1.18959673,2.12315996,1.50972672,2.3601043300000004,387.5
2026-07-31T20:49:20.282+00:00,1785530958129,62925.11,62935.11,1785530958801,62995.25,62995.2,62995.3,1.82547901,1.96115996,2.11604151,2.9474497399999997,398.4
2026-07-31T20:49:22.680+00:00,1785530960146,62922.11,62932.11,1785530961201,62995.25,62995.2,62995.3,1.00600019,2.76295678,1.29656269,3.7492465599999996,393.5
2026-07-31T20:49:25.082+00:00,1785530962574,62919.31,62929.31,1785530963601,62995.25,62995.2,62995.3,0.00851175,2.76295678,0.08483251,3.7492465599999996,391.0
2026-07-31T20:49:27.492+00:00,1785530965738,62926.54,62936.54,1785530966001,62991.75,62991.7,62991.8,0.88459787,4.39141788,2.4114902500000004,4.959575040000001,407.1
2026-07-31T20:49:29.934+00:00,1785530967529,62916.89,62926.89,1785530968451,62983.45,62983.4,62983.5,1.48490405,2.7490022,1.7154682099999998,2.7658426,440.3
2026-07-31T20:49:32.301+00:00,1785530970595,62917.56,62927.56,1785530970801,62983.45,62983.4,62983.5,1.64984413,1.84798548,1.8358003699999998,1.86482588,365.9
2026-07-31T20:49:34.686+00:00,1785530972636,62917.59,62927.59,1785530973201,62983.45,62983.4,62983.5,1.00980335,2.18998548,1.01958494,2.24025449,382.4
2026-07-31T20:49:37.032+00:00,1785530975108,62910.75,62920.75,1785530975551,62978.55,62978.5,62978.6,1.4727912,2.61499156,2.3024785,2.89779731,344.8
2026-07-31T20:49:39.380+00:00,1785530977152,62908.33,62918.33,1785530977901,62978.55,62978.5,62978.6,2.02221348,1.43917531,2.26591099,1.7219810599999996,345.2
2026-07-31T20:49:41.731+00:00,1785530979186,62910.45,62920.45,1785530980251,62978.55,62978.5,62978.6,1.84518106,1.43057882,2.08887857,1.6414523999999997,348.5
2026-07-31T20:49:44.083+00:00,1785530982305,62907.96,62917.96,1785530982601,62978.55,62978.5,62978.6,1.68318106,1.43022296,1.8914901699999997,1.6410965399999997,346.1
2026-07-31T20:49:46.483+00:00,1785530984516,62907.67,62917.67,1785530985001,62978.55,62978.5,62978.6,1.68198106,1.83014358,1.8902901699999999,2.04101716,393.4
2026-07-31T20:49:48.822+00:00,1785530986517,62911.93,62921.93,1785530987351,62978.55,62978.5,62978.6,1.68128757,1.83014358,1.86971941,2.81390416,337.0
2026-07-31T20:49:51.226+00:00,1785530989572,62912.01,62922.01,1785530989751,62978.55,62978.5,62978.6,1.84328757,1.82372667,2.03171941,2.80748725,387.6
2026-07-31T20:49:53.585+00:00,1785530991609,62912.06,62922.06,1785530992101,62978.55,62978.5,62978.6,1.84328757,1.82372667,2.03171941,2.80748725,349.3
2026-07-31T20:49:55.927+00:00,1785530993635,62911.5,62921.5,1785530994451,62978.55,62978.5,62978.6,1.84328757,1.82372667,2.03171941,2.80748725,340.2
2026-07-31T20:49:58.285+00:00,1785530996666,62911.23,62921.23,1785530996801,62978.55,62978.5,62978.6,1.68248324,1.82372667,1.87091508,2.80748725,349.1
2026-07-31T20:50:00.634+00:00,1785530998704,62912.33,62922.33,1785530999151,62978.55,62978.5,62978.6,1.84448324,0.99748228,2.03291508,1.9738186,346.5
2026-07-31T20:50:02.984+00:00,1785531000718,62913.45,62923.45,1785531001501,62978.55,62978.5,62978.6,1.02248324,2.24986822,1.1696253199999997,3.22617628,347.1
2026-07-31T20:50:05.386+00:00,1785531003769,62911.29,62921.29,1785531003901,62978.55,62978.5,62978.6,1.84448324,1.68778883,2.03291508,2.6640968899999993,399.3
2026-07-31T20:50:07.731+00:00,1785531005807,62910.99,62920.99,1785531006251,62978.55,62978.5,62978.6,1.84305762,2.08763005,2.03148946,3.0639381099999996,343.0
2026-07-31T20:50:10.083+00:00,1785531007823,62913.56,62923.56,1785531008601,62978.55,62978.5,62978.6,1.84305762,2.06831789,2.03148946,3.0446259499999995,349.8
2026-07-31T20:50:12.435+00:00,1785531010876,62913.81,62923.81,1785531010951,62978.55,62978.5,62978.6,1.84305762,2.06831789,2.03148946,3.0446259499999995,345.8
2026-07-31T20:50:14.784+00:00,1785531012902,62911.66,62921.66,1785531013301,62978.55,62978.5,62978.6,1.68081762,2.06823851,1.8692494599999998,3.0445465699999996,345.7
2026-07-31T20:50:17.189+00:00,1785531014925,62916.71,62926.71,1785531015701,62978.55,62978.5,62978.6,1.68338206,2.06823851,1.8718138999999998,3.0445465699999996,400.5
2026-07-31T20:50:19.591+00:00,1785531017963,62912.9,62922.9,1785531018101,62978.55,62978.5,62978.6,1.68446906,2.23023851,1.78304574,3.2303851399999997,400.6
2026-07-31T20:50:21.939+00:00,1785531020103,62916.01,62926.01,1785531020451,62978.55,62978.5,62978.6,1.16250567,2.22315198,1.26108235,3.2232986099999996,345.3
2026-07-31T20:50:24.282+00:00,1785531022108,62913.37,62923.37,1785531022801,62978.55,62978.5,62978.6,1.67761716,2.55313589,1.76786247,3.5532825199999998,341.3
2026-07-31T20:50:26.689+00:00,1785531024335,62914.78,62924.78,1785531025201,62978.55,62978.5,62978.6,1.67928702,2.55270909,1.76953233,3.5528557199999997,396.4
2026-07-31T20:50:29.032+00:00,1785531026695,62909.87,62919.87,1785531027551,62978.55,62978.5,62978.6,1.01745854,2.5488609,1.10770385,3.54900753,342.1
2026-07-31T20:50:31.385+00:00,1785531029835,62911.07,62921.07,1785531029901,62978.55,62978.5,62978.6,0.02820118,3.20882915,0.12677786,4.20897578,343.0
2026-07-31T20:50:33.739+00:00,1785531031946,62908.29,62918.29,1785531032251,62978.55,62978.5,62978.6,0.85316901,3.20882915,0.9517456900000001,4.20897578,352.1
2026-07-31T20:50:36.087+00:00,1785531033965,62908.28,62918.28,1785531034601,62978.55,62978.5,62978.6,1.27327608,2.5484973,1.52871811,3.5248053599999998,346.1
2026-07-31T20:50:38.436+00:00,1785531036073,62907.88,62917.88,1785531036951,62978.55,62978.5,62978.6,1.51207608,2.3875269,1.6038213799999999,3.3638349599999997,347.4
2026-07-31T20:50:40.782+00:00,1785531038277,62906.79,62916.79,1785531039301,62978.55,62978.5,62978.6,1.49660768,2.38748563,1.7051802500000002,3.3637936899999996,343.2
2026-07-31T20:50:43.135+00:00,1785531041319,62906.35,62916.35,1785531041651,62978.55,62978.5,62978.6,1.56026443,2.33745158,1.8077626599999999,3.31375964,346.4
2026-07-31T20:50:45.481+00:00,1785531043346,62907.4,62917.4,1785531044001,62978.55,62978.5,62978.6,0.84086717,2.61432293,0.98397406,3.5906309899999997,343.1
2026-07-31T20:50:47.824+00:00,1785531045373,62907.35,62917.35,1785531046351,62978.55,62978.5,62978.6,0.83116417,3.05532346,0.89495227,4.0316315199999995,333.3
2026-07-31T20:50:50.188+00:00,1785531048417,62908.34,62918.34,1785531048701,62978.55,62978.5,62978.6,0.83230233,3.05532346,0.9328691800000001,4.0316315199999995,352.9
2026-07-31T20:50:52.534+00:00,1785531050443,62905.05,62915.05,1785531051051,62978.55,62978.5,62978.6,0.83230233,3.04992051,1.02294655,4.02622857,344.3
2026-07-31T20:50:54.941+00:00,1785531052465,62906.75,62916.75,1785531053451,62978.55,62978.5,62978.6,0.85041834,3.04992051,1.0852231,4.02622857,404.5
2026-07-31T20:50:57.337+00:00,1785531055511,62906.52,62916.52,1785531055851,62978.55,62978.5,62978.6,1.37030156,3.04992051,1.56094578,4.02622857,394.9
2026-07-31T20:50:59.737+00:00,1785531057533,62907.01,62917.01,1785531058251,62978.55,62978.5,62978.6,1.37030156,2.38992051,1.5921147199999999,3.3662285699999996,398.6
2026-07-31T20:51:02.084+00:00,1785531059570,62907.36,62917.36,1785531060601,62978.55,62978.5,62978.6,1.57030156,2.50541167,1.79211472,3.4817479899999997,343.8
2026-07-31T20:51:04.437+00:00,1785531062613,62914.01,62924.01,1785531062951,62978.55,62978.5,62978.6,1.43131912,2.5049861,1.65313228,3.4813224199999997,346.6
2026-07-31T20:51:06.789+00:00,1785531064638,62914.79,62924.79,1785531065301,62978.55,62978.5,62978.6,1.02264604,3.0249861,1.26570207,4.00132242,350.4
2026-07-31T20:51:09.140+00:00,1785531066660,62915.2,62925.2,1785531067651,62978.55,62978.5,62978.6,1.93191633,2.48409123,1.97696739,3.46042755,347.8
2026-07-31T20:51:11.537+00:00,1785531069715,62915.36,62925.36,1785531070051,62978.55,62978.5,62978.6,2.09391633,2.4064569,2.13896739,3.3827932199999995,395.1
2026-07-31T20:51:13.880+00:00,1785531071752,62915.22,62925.22,1785531072401,62978.55,62978.5,62978.6,2.09391633,2.46368084,2.13896739,3.4400171599999996,340.8
2026-07-31T20:51:16.230+00:00,1785531073906,62915.13,62925.13,1785531074751,62978.55,62978.5,62978.6,2.09366151,2.45468821,2.13871257,3.4310245299999997,343.3
2026-07-31T20:51:18.593+00:00,1785531077034,62915.27,62925.27,1785531077101,62978.55,62978.5,62978.6,2.09366151,2.45349733,2.13871257,3.4298336499999995,354.2
2026-07-31T20:51:20.933+00:00,1785531079111,62913.19,62923.19,1785531079451,62978.55,62978.5,62978.6,2.09445543,2.45272558,2.13950649,3.4290618999999998,338.1
2026-07-31T20:51:23.338+00:00,1785531081222,62914.07,62924.07,1785531081851,62978.55,62978.5,62978.6,2.09445543,2.45272558,2.13950649,3.4290618999999998,401.1
2026-07-31T20:51:25.685+00:00,1785531083261,62913.8,62923.8,1785531084201,62978.55,62978.5,62978.6,1.87245543,2.45272558,1.91750649,3.4290618999999998,345.5
2026-07-31T20:51:28.034+00:00,1785531086420,62912.98,62922.98,1785531086551,62978.55,62978.5,62978.6,1.79245543,2.45272558,1.83762034,3.4290618999999998,347.2
2026-07-31T20:51:30.377+00:00,1785531088446,62914.31,62924.31,1785531088901,62978.55,62978.5,62978.6,1.73125543,2.45272558,1.77642034,3.4290618999999998,333.6
2026-07-31T20:51:32.739+00:00,1785531090487,62915.1,62925.1,1785531091251,62978.55,62978.5,62978.6,1.87087564,2.45272558,1.91604055,3.4290618999999998,352.4
2026-07-31T20:51:35.098+00:00,1785531093505,62917.0,62927.0,1785531093601,62978.55,62978.5,62978.6,1.87176283,2.45184696,1.91692774,3.42818328,354.4
2026-07-31T20:51:37.437+00:00,1785531093505,62917.0,62927.0,1785531095951,62978.55,62978.5,62978.6,1.87109181,2.45081736,1.91625672,3.4271536799999995,337.2
2026-07-31T20:51:39.783+00:00,1785531097494,62913.79,62923.79,1785531098301,62978.55,62978.5,62978.6,1.71002997,2.45081736,1.75519488,3.4271536799999995,343.8
2026-07-31T20:51:42.184+00:00,1785531100651,62909.14,62919.14,1785531100701,62978.55,62978.5,62978.6,1.19002997,2.45081736,1.2855508500000001,3.4271536799999995,396.9
2026-07-31T20:51:44.532+00:00,1785531102677,62907.19,62917.19,1785531103051,62978.55,62978.5,62978.6,1.18822723,2.74901462,1.28348839,3.7253509399999998,344.3
2026-07-31T20:51:46.885+00:00,1785531104708,62905.97,62915.97,1785531105401,62978.55,62978.5,62978.6,1.18822723,2.74916583,1.28814007,3.7255021499999996,346.8
2026-07-31T20:51:49.237+00:00,1785531106738,62904.94,62914.94,1785531107751,62978.55,62978.5,62978.6,1.00064938,2.74916583,1.19064016,3.7255021499999996,346.6
2026-07-31T20:51:51.586+00:00,1785531109781,62909.7,62919.7,1785531110101,62978.55,62978.5,62978.6,1.49951122,2.74662725,1.689502,3.7229635699999997,347.9
2026-07-31T20:51:53.939+00:00,1785531111808,62910.4,62920.4,1785531112451,62978.55,62978.5,62978.6,1.65868671,2.43980748,1.84539914,3.4161437999999995,347.7
2026-07-31T20:51:56.288+00:00,1785531113837,62913.99,62923.99,1785531114801,62978.55,62978.5,62978.6,1.71868671,2.43980748,1.90539914,3.4161437999999995,346.1
2026-07-31T20:51:58.633+00:00,1785531115868,62916.97,62926.97,1785531117151,62978.55,62978.5,62978.6,1.88188671,2.33138354,2.06859914,3.3077198599999997,343.3
2026-07-31T20:52:01.039+00:00,1785531118919,62917.0,62927.0,1785531119551,62978.55,62978.5,62978.6,1.82924024,2.32431564,2.01595267,3.3006519599999997,393.9
2026-07-31T20:52:03.381+00:00,1785531120957,62917.03,62927.03,1785531121901,62978.55,62978.5,62978.6,1.02163975,2.96757796,1.12021643,3.9439142799999996,340.4
2026-07-31T20:52:05.731+00:00,1785531124001,62914.55,62924.55,1785531124251,62978.55,62978.5,62978.6,0.02695599,2.97675233,0.12553267,3.9530886499999998,339.3
2026-07-31T20:52:08.101+00:00,1785531125597,62908.13,62918.13,1785531126601,62978.55,62978.5,62978.6,0.02695599,2.97659361,0.22001667,3.51578985,360.2
2026-07-31T20:52:10.490+00:00,1785531127748,62909.03,62919.03,1785531129001,62978.55,62978.5,62978.6,0.02611141,2.97659361,0.21917208999999999,3.51578985,387.1
2026-07-31T20:52:12.839+00:00,1785531131015,62908.6,62918.6,1785531131351,62978.55,62978.5,62978.6,0.01787047,2.97723345,0.21093114999999998,3.51642969,348.0
2026-07-31T20:52:15.235+00:00,1785531133033,62907.48,62917.48,1785531133751,62978.55,62978.5,62978.6,1.43478255,2.31723345,1.51721405,2.8564296899999997,392.0
2026-07-31T20:52:17.586+00:00,1785531135645,62923.94,62933.94,1785531136101,62978.95,62978.9,62979.0,3.49584377,0.30965497,5.7621031700000005,0.6112993,348.4
2026-07-31T20:52:19.944+00:00,1785531137707,62924.27,62934.27,1785531138451,62978.95,62978.9,62979.0,3.55631164,0.30964714,5.586890170000001,0.65160763,355.2
2026-07-31T20:52:22.282+00:00,1785531140352,62920.3,62930.3,1785531140801,62978.95,62978.9,62979.0,3.55631164,0.30965074,5.586890170000001,0.65161123,337.1
2026-07-31T20:52:24.642+00:00,1785531142534,62919.32,62929.32,1785531143151,62978.95,62978.9,62979.0,3.58668833,0.30965074,5.617266860000001,0.6629952899999999,352.3
2026-07-31T20:52:27.043+00:00,1785531144624,62919.18,62929.18,1785531145551,62978.95,62978.9,62979.0,3.58668833,0.26070994,5.617266860000001,0.6140544899999999,397.6
2026-07-31T20:52:29.389+00:00,1785531147296,62924.83,62934.83,1785531147901,62994.95,62994.9,62995.0,4.31967812,0.40226999,5.726724699999999,0.54247791,345.1
2026-07-31T20:52:31.744+00:00,1785531149278,62934.06,62944.06,1785531150251,62994.95,62994.9,62995.0,4.4451206,0.40766055,5.05396779,0.5761826200000001,352.9
2026-07-31T20:52:34.096+00:00,1785531152483,62930.95,62940.95,1785531152601,62994.95,62994.9,62995.0,4.4451206,0.45886055,5.08385516,0.68414573,348.5
2026-07-31T20:52:36.438+00:00,1785531154516,62930.86,62940.86,1785531154951,62994.95,62994.9,62995.0,4.44791726,0.40766055,5.056764449999999,0.73423886,340.4
2026-07-31T20:52:38.789+00:00,1785531156663,62930.77,62940.77,1785531157301,62994.95,62994.9,62995.0,4.44791726,0.43950319,4.9897377999999994,0.71425605,349.5
2026-07-31T20:52:41.139+00:00,1785531157704,62930.72,62940.72,1785531159651,62994.95,62994.9,62995.0,4.44791726,0.40766319,4.9897377999999994,0.6783775000000001,346.8
2026-07-31T20:52:43.490+00:00,1785531160864,62930.63,62940.63,1785531162001,62994.95,62994.9,62995.0,4.44791726,0.47076319,4.9897377999999994,0.7414775,349.3
2026-07-31T20:52:45.841+00:00,1785531164116,62930.49,62940.49,1785531164351,62994.95,62994.9,62995.0,4.44775123,0.41956319,4.9895717699999995,0.77465664,349.9
2026-07-31T20:52:48.191+00:00,1785531166213,62927.17,62937.17,1785531166701,62997.350000000006,62997.3,62997.4,4.32500683,0.45935637,6.01423434,0.8274700100000001,347.4
2026-07-31T20:52:50.542+00:00,1785531168284,62926.08,62936.08,1785531169051,62997.350000000006,62997.3,62997.4,4.32500683,1.68565435,6.01423434,1.91970152,349.4
2026-07-31T20:52:52.944+00:00,1785531171385,62925.97,62935.97,1785531171451,62997.350000000006,62997.3,62997.4,4.32500683,1.69585435,6.01423434,1.92990152,400.6
2026-07-31T20:52:55.294+00:00,1785531173494,62925.89,62935.89,1785531173801,62997.350000000006,62997.3,62997.4,4.32500683,0.86830825,6.01423434,1.1023554199999999,349.0
2026-07-31T20:52:57.693+00:00,1785531175824,62925.81,62935.81,1785531176201,62997.350000000006,62997.3,62997.4,3.72048268,1.69460623,4.56576151,2.01412403,397.4
2026-07-31T20:53:00.048+00:00,1785531177906,62925.73,62935.73,1785531178551,62997.350000000006,62997.3,62997.4,3.72048268,0.86830825,4.56576151,1.18782605,352.4
2026-07-31T20:53:02.393+00:00,1785531179945,62925.66,62935.66,1785531180901,62997.350000000006,62997.3,62997.4,3.78048268,0.86820825,4.156351580000001,1.04287232,342.0
2026-07-31T20:53:04.741+00:00,1785531183108,62906.1,62916.1,1785531183251,62975.95,62975.9,62976.0,4.26444492,0.01857847,5.21623955,0.28523682999999994,346.5
2026-07-31T20:53:07.091+00:00,1785531185339,62929.49,62939.49,1785531185601,62992.95,62992.9,62993.0,3.14128623,0.11415089,4.8799011100000005,0.4530693,345.4
2026-07-31T20:53:09.439+00:00,1785531187349,62929.74,62939.74,1785531187951,62992.95,62992.9,62993.0,3.1073735,0.11415089,5.00781758,0.4716889000000001,346.1
2026-07-31T20:53:11.791+00:00,1785531189425,62929.74,62939.74,1785531190301,62992.95,62992.9,62993.0,3.76260661,0.12082367,5.7202546000000005,0.5386537,347.0
2026-07-31T20:53:14.194+00:00,1785531191602,62926.41,62936.41,1785531192701,62992.95,62992.9,62993.0,3.28878627,0.37155134,4.76523341,0.64686179,401.8
2026-07-31T20:53:16.540+00:00,1785531194534,62913.69,62923.69,1785531195051,62984.45,62984.4,62984.5,2.33677551,1.43146528,2.93351359,1.75905673,342.8
2026-07-31T20:53:18.945+00:00,1785531196904,62925.32,62935.32,1785531197451,62991.95,62991.9,62992.0,3.17085512,0.63076526,5.39732153,1.11387934,399.5
2026-07-31T20:53:21.343+00:00,1785531198963,62928.74,62938.74,1785531199851,62991.95,62991.9,62992.0,2.97866521,0.80326526,4.8289095,1.39516044,395.8
2026-07-31T20:53:23.695+00:00,1785531201186,62924.59,62934.59,1785531202201,62991.95,62991.9,62992.0,2.98151288,0.63234317,4.83175717,1.09264383,350.2
2026-07-31T20:53:26.048+00:00,1785531204038,62929.8,62939.8,1785531204551,62998.05,62998.0,62998.1,3.60392862,0.13210292,5.35533569,0.27421301000000003,350.4
2026-07-31T20:53:28.395+00:00,1785531206125,62929.74,62939.74,1785531206901,62998.05,62998.0,62998.1,4.19951862,0.13310344,5.71725569,0.27521353,343.7
2026-07-31T20:53:30.794+00:00,1785531209264,62931.87,62941.87,1785531209301,62998.05,62998.0,62998.1,4.19943862,0.13310344,5.7171756899999995,0.27521353,396.5
2026-07-31T20:53:33.137+00:00,1785531211303,62932.74,62942.74,1785531211651,62998.05,62998.0,62998.1,1.7812447,2.19942332,3.00478952,2.4316231,335.9
2026-07-31T20:53:35.541+00:00,1785531214014,62915.92,62925.92,1785531214051,62983.45,62983.4,62983.5,1.61075467,2.68275326,1.81424423,3.70493421,390.7
2026-07-31T20:53:37.894+00:00,1785531214889,62913.11,62923.11,1785531216401,62960.75,62960.7,62960.8,0.72288686,1.58668626,0.7243217900000001,2.5600086899999996,350.1
2026-07-31T20:53:40.289+00:00,1785531217858,62904.79,62914.79,1785531218801,62971.55,62971.5,62971.6,1.82787587,0.178276,5.00487914,0.23861006,391.9
2026-07-31T20:53:42.693+00:00,1785531220203,62907.29,62917.29,1785531221201,62979.55,62979.5,62979.6,2.40064612,0.20940994,5.1720941499999995,0.60336464,401.9
2026-07-31T20:53:45.093+00:00,1785531223476,62902.88,62912.88,1785531223601,62969.25,62969.2,62969.3,2.1883462,2.95681296,3.66930167,3.25633703,391.1
2026-07-31T20:53:47.442+00:00,1785531225764,62901.08,62911.08,1785531225951,62972.55,62972.5,62972.6,4.15570358,0.51316927,5.66102622,0.99827695,342.9
2026-07-31T20:53:49.790+00:00,1785531227844,62900.89,62910.89,1785531228301,62972.55,62972.5,62972.6,0.84190979,1.35648176,2.55882887,1.6312090399999999,344.3
2026-07-31T20:53:52.141+00:00,1785531229983,62904.92,62914.92,1785531230651,62963.149999999994,62963.1,62963.2,2.65057541,0.00863311,2.7258589700000004,0.3768131,349.7
2026-07-31T20:53:54.532+00:00,1785531232334,62913.02,62923.02,1785531233051,62976.649999999994,62976.6,62976.7,3.98436788,0.28914198,7.51383971,0.34685616999999996,378.6
2026-07-31T20:53:56.941+00:00,1785531233605,62920.03,62930.03,1785531235451,62979.55,62979.5,62979.6,4.85540363,0.00599372,5.94307993,0.60698383,396.9
2026-07-31T20:53:59.306+00:00,1785531236794,62920.11,62930.11,1785531237801,62984.149999999994,62984.1,62984.2,3.07138224,2.34599162,3.34902275,3.13709135,360.0
2026-07-31T20:54:01.696+00:00,1785531240054,62917.61,62927.61,1785531240201,62984.149999999994,62984.1,62984.2,2.74042843,0.03753043,2.7663436900000002,0.69484746,388.2
2026-07-31T20:54:04.093+00:00,1785531242116,62918.12,62928.12,1785531242601,62984.149999999994,62984.1,62984.2,2.04920083,1.7718378,2.55339476,2.6178623199999995,391.8
2026-07-31T20:54:06.443+00:00,1785531243944,62910.64,62920.64,1785531244951,62984.149999999994,62984.1,62984.2,1.48040241,1.7706378,1.9381153399999997,2.6166623199999997,347.0
2026-07-31T20:54:08.793+00:00,1785531247024,62913.28,62923.28,1785531247301,62984.149999999994,62984.1,62984.2,0.98995085,1.7706378,1.4476637799999998,2.6166623199999997,347.4
2026-07-31T20:54:11.144+00:00,1785531249075,62914.85,62924.85,1785531249651,62984.149999999994,62984.1,62984.2,0.99486625,1.76654956,1.5923160399999998,2.61257408,348.9
2026-07-31T20:54:13.551+00:00,1785531251356,62905.26,62915.26,1785531252051,62972.05,62972.0,62972.1,1.03073701,1.64574569,1.21620947,2.06484535,404.1
2026-07-31T20:54:15.943+00:00,1785531254235,62893.32,62903.32,1785531254451,62962.25,62962.2,62962.3,2.1177141,1.88411242,2.42887411,2.1568107399999996,387.9
2026-07-31T20:54:18.396+00:00,1785531256634,62881.34,62891.34,1785531256901,62954.850000000006,62954.8,62954.9,0.13590108,3.57518962,0.32683319999999993,3.6441951900000005,450.4
2026-07-31T20:54:20.802+00:00,1785531258625,62881.19,62891.19,1785531259301,62947.95,62947.9,62948.0,1.64218387,1.94910489,2.04709975,2.168664,403.2
2026-07-31T20:54:23.200+00:00,1785531261435,62878.35,62888.35,1785531261701,62934.149999999994,62934.1,62934.2,1.84134604,3.8158239,1.84487001,4.271247789999999,395.5
2026-07-31T20:54:25.642+00:00,1785531263855,62866.49,62876.49,1785531264151,62934.149999999994,62934.1,62934.2,2.48546561,3.64799267,2.4904151000000003,3.76611669,437.3
2026-07-31T20:54:27.994+00:00,1785531265791,62868.92,62878.92,1785531266501,62939.55,62939.5,62939.6,4.67139068,0.1162218,5.77281623,0.64050678,349.9
2026-07-31T20:54:30.390+00:00,1785531268332,62869.33,62879.33,1785531268901,62935.25,62935.2,62935.3,1.53431999,1.05786839,2.5648314800000005,1.3783644800000001,393.1
2026-07-31T20:54:32.742+00:00,1785531270387,62866.38,62876.38,1785531271251,62935.25,62935.2,62935.3,2.03392834,1.45032934,3.3716040200000004,2.69487375,346.7
2026-07-31T20:54:35.096+00:00,1785531273482,62866.63,62876.63,1785531273601,62935.25,62935.2,62935.3,2.19592834,0.50645148,4.02371214,0.93431329,351.7
2026-07-31T20:54:37.492+00:00,1785531275270,62880.22,62890.22,1785531276001,62941.850000000006,62941.8,62941.9,3.20574496,0.45263853,6.36364084,0.5418867799999999,367.9
2026-07-31T20:54:39.847+00:00,1785531277324,62881.3,62891.3,1785531278351,62941.850000000006,62941.8,62941.9,3.36793141,0.57516541,3.89109862,0.66885447,350.5
2026-07-31T20:54:42.236+00:00,1785531280511,62881.45,62891.45,1785531280751,62941.850000000006,62941.8,62941.9,2.80793141,1.3442956,3.81733192,1.5095716899999998,385.7
2026-07-31T20:54:44.644+00:00,1785531282574,62879.0,62889.0,1785531283151,62941.850000000006,62941.8,62941.9,1.04829011,1.66217554,2.07595665,2.0738784800000003,399.8
2026-07-31T20:54:47.043+00:00,1785531284666,62878.64,62888.64,1785531285551,62941.850000000006,62941.8,62941.9,1.38707548,1.49168326,2.4037015299999998,1.75921918,392.3
2026-07-31T20:54:49.394+00:00,1785531287679,62884.61,62894.61,1785531287901,62945.45,62945.4,62945.5,4.35808368,0.14455039,5.609713419999999,0.88627892,348.5
2026-07-31T20:54:51.802+00:00,1785531289718,62887.21,62897.21,1785531290301,62946.45,62946.4,62946.5,5.63552709,0.3074175,7.99656702,0.76121727,405.8
2026-07-31T20:54:54.149+00:00,1785531291843,62891.16,62901.16,1785531292651,62950.850000000006,62950.8,62950.9,2.8719505,0.27561122,7.290855430000001,0.43849326,346.1
2026-07-31T20:54:56.546+00:00,1785531293960,62894.26,62904.26,1785531295051,62950.850000000006,62950.8,62950.9,5.90406079,0.27571392,7.5576909599999995,0.29418346,393.8
2026-07-31T20:54:58.900+00:00,1785531296356,62894.25,62904.25,1785531297401,62957.55,62957.5,62957.6,3.85512396,0.41495307,4.18912289,0.65685762,348.5
2026-07-31T20:55:01.244+00:00,1785531299464,62893.14,62903.14,1785531299751,62957.55,62957.5,62957.6,3.34132188,1.61641103,3.71897461,1.8811532800000004,340.2
2026-07-31T20:55:03.594+00:00,1785531302028,62881.85,62891.85,1785531302101,62958.25,62958.2,62958.3,2.50197405,0.00669682,3.0507184300000003,0.056809519999999995,344.8
2026-07-31T20:55:05.995+00:00,1785531304054,62885.28,62895.28,1785531304501,62956.649999999994,62956.6,62956.7,2.02537664,1.60634411,2.25319729,1.9784591699999998,398.0
2026-07-31T20:55:08.443+00:00,1785531306494,62876.81,62886.81,1785531306951,62952.25,62952.2,62952.3,1.59908561,1.49584819,2.21295493,1.8568528299999998,438.0
2026-07-31T20:55:10.842+00:00,1785531308555,62881.01,62891.01,1785531309351,62952.25,62952.2,62952.3,1.76108561,1.49584819,2.10650652,1.6561625,393.5
2026-07-31T20:55:13.246+00:00,1785531311664,62881.08,62891.08,1785531311751,62952.25,62952.2,62952.3,1.72860902,0.75578971,1.97206181,1.11680979,401.2
2026-07-31T20:55:15.655+00:00,1785531313851,62887.48,62897.48,1785531314151,62952.25,62952.2,62952.3,1.76759988,0.5586712,2.60424538,0.8271854500000001,406.2
2026-07-31T20:55:18.093+00:00,1785531315991,62893.9,62903.9,1785531316601,62957.55,62957.5,62957.6,4.61143809,0.28218543,7.78672757,0.472604,432.3
2026-07-31T20:55:20.453+00:00,1785531317844,62906.27,62916.27,1785531318951,62967.850000000006,62967.8,62967.9,4.17885763,1.10567683,5.40640135,1.1249320299999999,354.0
2026-07-31T20:55:22.799+00:00,1785531320506,62902.67,62912.67,1785531321301,62967.850000000006,62967.8,62967.9,4.19695795,1.17755741,4.8432343399999995,1.25813822,344.6
2026-07-31T20:55:25.195+00:00,1785531323534,62904.03,62914.03,1785531323701,62972.350000000006,62972.3,62972.4,2.18146529,2.25072543,3.0325214999999996,3.17756662,385.9
2026-07-31T20:55:27.600+00:00,1785531325635,62904.87,62914.87,1785531326101,62972.350000000006,62972.3,62972.4,2.18146529,2.24742572,3.0007941899999997,3.2315064999999996,399.8
2026-07-31T20:55:29.999+00:00,1785531327815,62901.94,62911.94,1785531328501,62972.350000000006,62972.3,62972.4,2.01946529,2.2333878,3.0583605699999996,3.1893450199999998,392.8
2026-07-31T20:55:32.348+00:00,1785531329894,62906.55,62916.55,1785531330851,62972.350000000006,62972.3,62972.4,2.44146529,2.23359577,3.48036057,3.1895529899999997,347.1
2026-07-31T20:55:34.751+00:00,1785531332015,62906.79,62916.79,1785531333251,62972.350000000006,62972.3,62972.4,1.39417525,2.23133876,1.5080376999999998,3.1872959799999996,387.7
2026-07-31T20:55:37.097+00:00,1785531334637,62894.96,62904.96,1785531335601,62967.95,62967.9,62968.0,1.16572745,4.51191114,2.65869219,4.6861729,344.3
2026-07-31T20:55:39.502+00:00,1785531337845,62893.96,62903.96,1785531338001,62967.95,62967.9,62968.0,1.82572745,2.34196928,3.0655303299999996,2.7813024099999994,394.5
2026-07-31T20:55:41.908+00:00,1785531339955,62908.18,62918.18,1785531340401,62972.350000000006,62972.3,62972.4,4.22890253,0.27687781,5.88400235,0.53473955,403.4
2026-07-31T20:55:44.304+00:00,1785531342161,62911.74,62921.74,1785531342801,62972.350000000006,62972.3,62972.4,3.78674642,0.27688313,5.58376621,0.51031724,392.3
2026-07-31T20:55:46.646+00:00,1785531344231,62906.02,62916.02,1785531345151,62973.75,62973.7,62973.8,5.12382023,0.28185962,5.778308559999999,0.37188648999999996,340.5
2026-07-31T20:55:49.048+00:00,1785531347475,62908.61,62918.61,1785531347551,62973.75,62973.7,62973.8,5.08397455,0.89027317,5.95627547,0.98030004,399.3
2026-07-31T20:55:51.453+00:00,1785531349507,62911.48,62921.48,1785531349951,62973.75,62973.7,62973.8,5.08397455,0.25562312,5.889870139999999,0.5651889399999999,403.6
2026-07-31T20:55:53.847+00:00,1785531351554,62911.74,62921.74,1785531352351,62973.75,62973.7,62973.8,3.82199129,1.3827339,4.1820999599999995,1.45723231,391.2
2026-07-31T20:55:56.198+00:00,1785531354508,62885.68,62895.68,1785531354701,62954.649999999994,62954.6,62954.7,1.95254395,2.58758178,4.976268559999999,3.1102854700000004,348.1
2026-07-31T20:55:58.549+00:00,1785531356544,62887.69,62897.69,1785531357051,62954.649999999994,62954.6,62954.7,1.84589084,2.30635219,2.06516345,2.4165239900000004,349.0
2026-07-31T20:56:00.894+00:00,1785531358631,62887.71,62897.71,1785531359401,62954.649999999994,62954.6,62954.7,1.84589084,2.99705219,2.13060038,3.10722399,343.1
2026-07-31T20:56:03.231+00:00,1785531360647,62887.72,62897.72,1785531361751,62954.649999999994,62954.6,62954.7,1.84589084,2.90890685,2.13060038,3.0190786500000004,334.3
2026-07-31T20:56:05.581+00:00,1785531363676,62882.88,62892.88,1785531364101,62954.649999999994,62954.6,62954.7,1.84589084,2.90893589,2.13060038,3.0191076900000002,332.7
2026-07-31T20:56:07.942+00:00,1785531365726,62883.84,62893.84,1785531366451,62954.649999999994,62954.6,62954.7,1.14489084,2.90856625,4.16861545,3.0430462599999997,346.3
2026-07-31T20:56:10.286+00:00,1785531367804,62884.02,62894.02,1785531368801,62950.95,62950.9,62951.0,1.07181319,3.72822851,3.45797472,4.32302519,340.7
2026-07-31T20:56:12.741+00:00,1785531371006,62882.49,62892.49,1785531371251,62950.850000000006,62950.8,62950.9,2.39286093,4.90990473,2.4016532799999997,5.95702601,443.5
2026-07-31T20:56:15.098+00:00,1785531372815,62872.04,62882.04,1785531373601,62945.55,62945.5,62945.6,3.0511539,1.41036937,4.96792452,2.16088801,348.4
2026-07-31T20:56:17.445+00:00,1785531375776,62883.72,62893.72,1785531375951,62945.55,62945.5,62945.6,3.47594582,0.94950434,4.093524810000001,1.62452138,345.0
2026-07-31T20:56:19.798+00:00,1785531377328,62882.84,62892.84,1785531378301,62945.55,62945.5,62945.6,4.30641828,0.28670713,4.9283694,0.44792282999999994,351.6
2026-07-31T20:56:22.134+00:00,1785531380505,62880.68,62890.68,1785531380651,62945.55,62945.5,62945.6,3.83617446,0.39690713,4.1784176099999994,0.5975993300000001,335.1
2026-07-31T20:56:24.496+00:00,1785531382295,62867.0,62877.0,1785531383001,62945.55,62945.5,62945.6,1.03797467,3.30177686,1.23948596,3.5330695999999997,349.1
2026-07-31T20:56:26.899+00:00,1785531384406,62872.87,62882.87,1785531385401,62945.55,62945.5,62945.6,1.99747467,2.24462753,2.1595536899999996,2.4756856399999996,395.5
2026-07-31T20:56:29.246+00:00,1785531386585,62872.34,62882.34,1785531387751,62945.55,62945.5,62945.6,1.33627467,2.24530399,1.47741791,2.4763621,345.8
2026-07-31T20:56:31.598+00:00,1785531389984,62874.49,62884.49,1785531390101,62945.55,62945.5,62945.6,1.33627467,2.40664143,1.52609882,2.63769954,349.4
2026-07-31T20:56:33.944+00:00,1785531392307,62874.47,62884.47,1785531392451,62945.55,62945.5,62945.6,1.33617948,2.40674143,1.61503022,2.6377995399999996,340.6
2026-07-31T20:56:36.292+00:00,1785531393754,62872.24,62882.24,1785531394801,62945.55,62945.5,62945.6,1.33737948,2.24464143,1.47501966,2.47569954,340.0
2026-07-31T20:56:38.648+00:00,1785531396308,62866.11,62876.11,1785531397151,62937.75,62937.7,62937.8,2.29466865,0.00935537,4.37816441,0.57791269,347.0
2026-07-31T20:56:40.998+00:00,1785531398512,62863.31,62873.31,1785531399501,62939.25,62939.2,62939.3,4.47241734,0.25873125,4.6845377599999996,0.52937844,349.0
2026-07-31T20:56:43.399+00:00,1785531401610,62866.1,62876.1,1785531401901,62939.25,62939.2,62939.3,3.76250791,2.08867098,4.57321255,2.35927747,392.9
2026-07-31T20:56:45.764+00:00,1785531403654,62864.56,62874.56,1785531404251,62939.25,62939.2,62939.3,4.42250791,2.03627098,5.186475499999999,2.30699438,364.5
2026-07-31T20:56:48.126+00:00,1785531405842,62878.11,62888.11,1785531406601,62939.25,62939.2,62939.3,4.71554645,0.28430594,5.67992348,0.67957552,358.2
2026-07-31T20:56:50.548+00:00,1785531408936,62871.11,62881.11,1785531409051,62939.25,62939.2,62939.3,3.33805192,1.95783946,3.55572975,2.70392807,416.4
2026-07-31T20:56:52.885+00:00,1785531410974,62871.13,62881.13,1785531411401,62939.25,62939.2,62939.3,3.98246269,0.28406921,4.200140520000001,1.0681035700000001,334.4
2026-07-31T20:56:55.295+00:00,1785531413006,62873.87,62883.87,1785531413801,62939.25,62939.2,62939.3,4.0565923,1.24663946,4.274270130000001,2.0820853199999996,392.9
2026-07-31T20:56:57.647+00:00,1785531415124,62873.78,62883.78,1785531416151,62939.25,62939.2,62939.3,4.12159823,0.28412832,4.33927606,1.11957418,348.4
2026-07-31T20:57:00.002+00:00,1785531417514,62868.72,62878.72,1785531418501,62939.25,62939.2,62939.3,1.34480342,2.2289052,1.68026391,3.2806005399999996,353.1
2026-07-31T20:57:02.402+00:00,1785531420532,62868.96,62878.96,1785531420901,62939.25,62939.2,62939.3,1.51730342,2.22814461,1.7634802,3.27983983,397.3
2026-07-31T20:57:04.742+00:00,1785531422678,62868.46,62878.46,1785531423251,62939.25,62939.2,62939.3,1.5164223,2.22764068,1.78940416,3.2793520299999996,338.2
2026-07-31T20:57:07.096+00:00,1785531424913,62867.07,62877.07,1785531425601,62939.25,62939.2,62939.3,1.28324605,2.34803896,1.54896731,3.3997345299999995,345.5
2026-07-31T20:57:09.496+00:00,1785531427773,62863.91,62873.91,1785531428001,62939.25,62939.2,62939.3,1.28324605,2.18579636,1.6048062,3.2374919299999996,397.3
2026-07-31T20:57:11.896+00:00,1785531430208,62861.23,62871.23,1785531430401,62939.25,62939.2,62939.3,1.3522223,2.34779636,1.4425136900000002,3.3904025699999996,398.0
2026-07-31T20:57:14.248+00:00,1785531432215,62863.64,62873.64,1785531432751,62939.25,62939.2,62939.3,1.10106851,2.12854172,1.3909175,3.1711639399999996,349.7
2026-07-31T20:57:16.651+00:00,1785531434239,62861.46,62871.46,1785531435151,62939.25,62939.2,62939.3,1.1006705,2.34779636,1.1909618900000003,3.3904185799999995,400.5
2026-07-31T20:57:19.046+00:00,1785531437307,62862.72,62872.72,1785531437551,62939.25,62939.2,62939.3,1.09671004,2.18579636,1.1870014300000002,3.2284185799999996,389.5
2026-07-31T20:57:21.401+00:00,1785531439608,62869.12,62879.12,1785531439901,62939.25,62939.2,62939.3,1.9394689,1.65010709,2.6385915300000002,2.6968632799999996,352.1
2026-07-31T20:57:23.741+00:00,1785531441717,62868.87,62878.87,1785531442251,62939.25,62939.2,62939.3,1.9014689,2.38338025,2.57971699,3.4301364399999996,338.3
2026-07-31T20:57:26.099+00:00,1785531443879,62871.37,62881.37,1785531444601,62939.25,62939.2,62939.3,2.1814689,1.72341268,2.8840517900000004,2.7701688699999996,350.0
2026-07-31T20:57:28.451+00:00,1785531445998,62874.7,62884.7,1785531446951,62939.25,62939.2,62939.3,2.18137962,0.58435117,2.40014802,1.3694854600000002,348.7
2026-07-31T20:57:30.794+00:00,1785531449012,62867.54,62877.54,1785531449301,62939.25,62939.2,62939.3,1.91937962,2.37461117,2.00967101,3.44285315,342.7
2026-07-31T20:57:33.151+00:00,1785531451525,62864.79,62874.79,1785531451651,62939.25,62939.2,62939.3,1.35937962,2.37461117,1.62181053,3.44285315,348.2
2026-07-31T20:57:35.490+00:00,1785531453554,62864.35,62874.35,1785531454001,62939.25,62939.2,62939.3,2.01929092,2.53680232,2.1933771,3.6050443,338.0
2026-07-31T20:57:37.845+00:00,1785531455666,62866.1,62876.1,1785531456351,62939.25,62939.2,62939.3,2.18103103,2.31439821,2.4267060000000003,3.38400323,343.7
2026-07-31T20:57:40.236+00:00,1785531457778,62861.64,62871.64,1785531458751,62939.25,62939.2,62939.3,0.85264163,2.31569674,1.14249062,3.3969227699999998,383.7
2026-07-31T20:57:42.653+00:00,1785531457778,62861.64,62871.64,1785531461151,62937.850000000006,62937.8,62937.9,1.07865959,2.82689224,1.1689509800000002,3.7230513399999996,398.4
2026-07-31T20:57:45.046+00:00,1785531462934,62861.63,62871.63,1785531463551,62937.850000000006,62937.8,62937.9,0.09636916,2.89778958,0.38622261,3.5189513399999997,391.4
2026-07-31T20:57:47.398+00:00,1785531465044,62861.7,62871.7,1785531465901,62937.850000000006,62937.8,62937.9,0.09516916,2.95610029,0.38596551,3.57726205,349.4
2026-07-31T20:57:49.750+00:00,1785531467206,62863.37,62873.37,1785531468251,62937.850000000006,62937.8,62937.9,1.05718818,2.79466439,1.8065366700000003,3.71816276,348.9
2026-07-31T20:57:52.151+00:00,1785531470389,62861.64,62871.64,1785531470651,62937.850000000006,62937.8,62937.9,1.1048978,2.79463421,1.8542462900000003,3.7181325799999994,399.1
2026-07-31T20:57:54.503+00:00,1785531472424,62863.67,62873.67,1785531473001,62937.850000000006,62937.8,62937.9,2.04906059,1.80673283,2.3284611899999996,2.73072383,349.6
2026-07-31T20:57:56.849+00:00,1785531474499,62872.83,62882.83,1785531475351,62937.850000000006,62937.8,62937.9,1.56156059,1.80673283,2.289416,2.5979401600000003,344.8
2026-07-31T20:57:59.205+00:00,1785531477625,62874.15,62884.15,1785531477701,62937.850000000006,62937.8,62937.9,2.22156059,1.80673283,2.49596929,2.73072383,354.6
2026-07-31T20:58:01.550+00:00,1785531479753,62872.49,62882.49,1785531480051,62937.850000000006,62937.8,62937.9,2.22118978,1.80673283,2.48299325,2.73072383,344.4
2026-07-31T20:58:03.901+00:00,1785531481934,62873.66,62883.66,1785531482401,62937.850000000006,62937.8,62937.9,2.51499271,0.44654443,2.77679618,1.18373901,348.6
2026-07-31T20:58:06.288+00:00,1785531484356,62866.64,62876.64,1785531484751,62937.850000000006,62937.8,62937.9,1.10363908,2.93195625,1.1939304700000002,3.83169803,384.9
2026-07-31T20:58:08.597+00:00,1785531486725,62865.46,62875.46,1785531487101,62937.850000000006,62937.8,62937.9,1.10483908,2.2997232,1.1951304700000003,3.19946498,308.3
2026-07-31T20:58:10.944+00:00,1785531488753,62862.52,62872.52,1785531489451,62937.850000000006,62937.8,62937.9,1.19412671,2.2997232,1.38911299,3.19946498,343.2
2026-07-31T20:58:13.300+00:00,1785531491505,62872.21,62882.21,1785531491801,62937.850000000006,62937.8,62937.9,2.372594,1.40772333,2.53840682,2.26300362,350.7
2026-07-31T20:58:15.649+00:00,1785531493567,62872.13,62882.13,1785531494151,62937.850000000006,62937.8,62937.9,2.532594,1.59408695,2.69840682,2.2953443499999997,346.7
2026-07-31T20:58:18.001+00:00,1785531496185,62874.43,62884.43,1785531496501,62937.850000000006,62937.8,62937.9,2.76853582,0.27680363,2.93476907,1.1613381400000002,349.4
2026-07-31T20:58:20.345+00:00,1785531498198,62876.66,62886.66,1785531498851,62944.149999999994,62944.1,62944.2,4.90680039,0.10041935,5.43064149,0.24869911,342.1
2026-07-31T20:58:22.696+00:00,1785531500285,62876.55,62886.55,1785531501201,62944.149999999994,62944.1,62944.2,4.88732268,0.08509383,5.31790823,0.27339691,344.3
2026-07-31T20:58:25.052+00:00,1785531503365,62883.79,62893.79,1785531503551,62944.149999999994,62944.1,62944.2,4.9165489,0.19393383,5.34713445,0.43769687999999995,347.7
2026-07-31T20:58:27.410+00:00,1785531505515,62884.52,62894.52,1785531505901,62944.149999999994,62944.1,62944.2,4.9165489,0.19393383,5.34713445,0.43702666999999995,357.3
2026-07-31T20:58:29.748+00:00,1785531507586,62884.5,62894.5,1785531508251,62944.149999999994,62944.1,62944.2,4.9165489,0.08493383,5.34713445,0.30765771999999997,332.9
2026-07-31T20:58:32.149+00:00,1785531509706,62884.49,62894.49,1785531510651,62944.149999999994,62944.1,62944.2,4.9137389,1.04744588,5.34432445,1.2868959899999999,399.3
2026-07-31T20:58:34.551+00:00,1785531512062,62879.55,62889.55,1785531513051,62944.149999999994,62944.1,62944.2,4.91198318,1.04746998,5.34256873,1.28692009,399.7
2026-07-31T20:58:36.941+00:00,1785531515245,62880.26,62890.26,1785531515451,62944.149999999994,62944.1,62944.2,4.91198318,1.03861687,5.46256873,1.27806698,386.9
2026-07-31T20:58:39.302+00:00,1785531517371,62881.57,62891.57,1785531517801,62944.149999999994,62944.1,62944.2,4.90602011,0.07259524,5.45660566,0.27053599,349.0
2026-07-31T20:58:41.651+00:00,1785531519389,62881.49,62891.49,1785531520151,62944.149999999994,62944.1,62944.2,4.92878469,0.0720066,5.47937024,0.2179793,346.6
2026-07-31T20:58:43.985+00:00,1785531521458,62881.04,62891.04,1785531522501,62948.350000000006,62948.3,62948.4,4.39875265,1.2012674,4.760964699999999,1.6439915099999998,332.2
2026-07-31T20:58:46.353+00:00,1785531524511,62880.8,62890.8,1785531524851,62948.350000000006,62948.3,62948.4,4.39875265,1.0999192,4.760964699999999,1.3876602599999996,352.3
2026-07-31T20:58:48.699+00:00,1785531526597,62881.81,62891.81,1785531527201,62948.350000000006,62948.3,62948.4,4.39875265,0.6896951,5.217646619999999,0.9774361600000001,343.9
2026-07-31T20:58:51.053+00:00,1785531528621,62884.1,62894.1,1785531529551,62948.350000000006,62948.3,62948.4,4.39881711,0.82089921,4.63127404,1.1608886,347.8
2026-07-31T20:58:53.393+00:00,1785531531826,62887.28,62897.28,1785531531901,62956.55,62956.5,62956.6,2.25534352,1.68493289,2.37003655,1.9437765900000001,338.3
2026-07-31T20:58:55.801+00:00,1785531533934,62887.95,62897.95,1785531534301,62956.55,62956.5,62956.6,2.91985557,1.68962084,3.0830571900000003,1.94846452,399.2
2026-07-31T20:58:58.142+00:00,1785531536186,62888.39,62898.39,1785531536651,62956.55,62956.5,62956.6,0.92887734,2.3023011,1.90648429,2.69167222,338.7
2026-07-31T20:59:00.503+00:00,1785531538285,62889.34,62899.34,1785531539001,62956.55,62956.5,62956.6,0.92494225,2.1403011,2.3465399999999996,2.3392028199999997,348.1
2026-07-31T20:59:02.855+00:00,1785531540306,62887.81,62897.81,1785531541351,62956.55,62956.5,62956.6,1.75744225,2.19744649,2.24434829,2.38314354,350.6
2026-07-31T20:59:05.268+00:00,1785531543434,62893.03,62903.03,1785531543751,62956.55,62956.5,62956.6,1.09744225,2.19744649,1.58434829,2.38314354,410.9
2026-07-31T20:59:07.599+00:00,1785531545677,62888.95,62898.95,1785531546101,62956.55,62956.5,62956.6,1.09744225,2.19633462,1.5225829400000002,2.38203167,330.0
2026-07-31T20:59:09.956+00:00,1785531547704,62889.91,62899.91,1785531548451,62956.55,62956.5,62956.6,1.02322184,2.28810227,1.72055413,2.4737993199999995,354.5
2026-07-31T20:59:12.301+00:00,1785531549855,62890.03,62900.03,1785531550801,62956.55,62956.5,62956.6,1.02365714,2.28881552,1.86724429,2.47451257,343.4
2026-07-31T20:59:14.652+00:00,1785531552931,62890.25,62900.25,1785531553151,62956.55,62956.5,62956.6,1.02365714,2.23147027,1.3073177300000003,2.41716732,349.2
2026-07-31T20:59:17.003+00:00,1785531555067,62881.05,62891.05,1785531555501,62956.55,62956.5,62956.6,1.02350714,2.2888156,1.43751346,2.4745126499999994,348.2
2026-07-31T20:59:19.356+00:00,1785531557140,62880.83,62890.83,1785531557851,62956.55,62956.5,62956.6,0.95589668,2.2888156,1.9141993000000002,2.4745126499999994,350.3
2026-07-31T20:59:21.753+00:00,1785531560176,62884.06,62894.06,1785531560251,62956.55,62956.5,62956.6,1.95234077,2.22828987,2.3625510999999997,2.4137175799999993,395.0
2026-07-31T20:59:24.152+00:00,1785531562246,62887.85,62897.85,1785531562651,62956.55,62956.5,62956.6,1.98219079,2.2855352,2.39240112,2.4709629399999997,397.8
2026-07-31T20:59:26.510+00:00,1785531564903,62891.49,62901.49,1785531565001,62955.75,62955.7,62955.8,4.73851337,0.07933856,5.738410829999999,0.36291371,354.5
2026-07-31T20:59:28.853+00:00,1785531566766,62892.34,62902.34,1785531567351,62955.75,62955.7,62955.8,5.03800188,0.26582136,6.75953467,0.44624644999999996,341.2
2026-07-31T20:59:31.205+00:00,1785531567824,62889.59,62899.59,1785531569701,62955.75,62955.7,62955.8,4.8529176,0.28263194,6.097854799999999,0.33016535,350.5
2026-07-31T20:59:33.552+00:00,1785531571106,62892.5,62902.5,1785531572051,62955.75,62955.7,62955.8,4.85544572,0.28311783,6.100382919999999,0.28779392,343.3
2026-07-31T20:59:35.906+00:00,1785531574315,62894.59,62904.59,1785531574401,62955.75,62955.7,62955.8,4.59106316,0.44270936,5.40281148,0.6744122199999999,352.5
2026-07-31T20:59:38.301+00:00,1785531576486,62894.96,62904.96,1785531576801,62955.75,62955.7,62955.8,3.578379,1.26421936,4.20901538,1.55269567,388.5
2026-07-31T20:59:40.703+00:00,1785531579037,62879.57,62889.57,1785531579201,62950.55,62950.5,62950.6,0.83326515,3.84054214,0.9029811500000001,4.09745202,401.2
2026-07-31T20:59:43.105+00:00,1785531581374,62874.76,62884.76,1785531581601,62950.55,62950.5,62950.6,1.43209743,3.64600682,1.4731490099999998,3.83545417,399.9
2026-07-31T20:59:45.505+00:00,1785531583490,62877.7,62887.7,1785531584001,62950.55,62950.5,62950.6,1.59312743,3.64600682,1.6341790099999998,3.83545417,391.0
2026-07-31T20:59:47.855+00:00,1785531585855,62884.03,62894.03,1785531586351,62950.55,62950.5,62950.6,1.69831898,1.67070427,1.9306863699999999,1.92713261,348.4
2026-07-31T20:59:50.253+00:00,1785531587916,62881.72,62891.72,1785531588751,62950.55,62950.5,62950.6,1.10252393,1.57758756,1.1515225299999998,1.77690686,395.3
2026-07-31T20:59:52.603+00:00,1785531590480,62885.41,62895.41,1785531591101,62950.55,62950.5,62950.6,2.39713728,1.60863632,2.3981270699999997,1.82342627,342.5
2026-07-31T20:59:54.962+00:00,1785531592566,62884.26,62894.26,1785531593451,62950.55,62950.5,62950.6,2.39693728,1.38501278,2.42822501,1.5591552300000002,356.0
2026-07-31T20:59:57.317+00:00,1785531595686,62893.14,62903.14,1785531595801,62961.05,62961.0,62961.1,3.54661551,0.17073674,5.85158612,0.49198292,351.8
2026-07-31T20:59:59.654+00:00,1785531597805,62889.71,62899.71,1785531598151,62961.05,62961.0,62961.1,3.12193668,1.96582385,3.35723596,2.45219989,335.7
2026-07-31T21:00:02.055+00:00,1785531599926,62892.93,62902.93,1785531600551,62961.05,62961.0,62961.1,2.11318621,1.99322708,2.5299906799999996,2.47913917,399.0
2026-07-31T21:00:04.409+00:00,1785531601966,62892.83,62902.83,1785531602901,62961.05,62961.0,62961.1,1.68266224,2.01171473,2.78828086,2.55336873,352.8
2026-07-31T21:00:06.751+00:00,1785531604285,62892.41,62902.41,1785531605251,62961.05,62961.0,62961.1,0.9885759,1.99829816,2.1138300500000002,2.53995216,341.0
2026-07-31T21:00:09.102+00:00,1785531607518,62897.32,62907.32,1785531607601,62961.05,62961.0,62961.1,0.98963666,1.9894658,2.81390557,2.5311198,347.8
2026-07-31T21:00:11.448+00:00,1785531609563,62897.28,62907.28,1785531609951,62961.05,62961.0,62961.1,0.98963666,2.18365753,2.81390557,2.72531153,344.3
2026-07-31T21:00:13.854+00:00,1785531611733,62893.63,62903.63,1785531612351,62961.05,62961.0,62961.1,1.64948617,2.17751098,2.83542603,2.71916498,399.6
2026-07-31T21:00:16.209+00:00,1785531613756,62896.11,62906.11,1785531614701,62961.05,62961.0,62961.1,1.52938817,2.24868174,2.61647126,2.7903357399999997,352.7
2026-07-31T21:00:18.564+00:00,1785531615024,62894.57,62904.57,1785531617051,62961.05,62961.0,62961.1,0.98927159,2.23486364,2.16830783,2.77651764,346.5
2026-07-31T21:00:20.914+00:00,1785531618508,62896.47,62906.47,1785531619401,62961.05,62961.0,62961.1,0.98927159,2.21118884,2.16830783,2.75284284,340.5
2026-07-31T21:00:23.254+00:00,1785531620885,62897.44,62907.44,1785531621751,62961.05,62961.0,62961.1,1.04927159,2.20527258,2.22830783,2.74692658,339.2
2026-07-31T21:00:25.603+00:00,1785531623187,62894.13,62904.13,1785531624101,62961.05,62961.0,62961.1,0.99924924,2.32749378,1.99661862,2.83575809,346.8
2026-07-31T21:00:27.955+00:00,1785531625646,62892.99,62902.99,1785531626451,62961.05,62961.0,62961.1,1.05981665,2.18653317,2.0571860299999996,3.32818717,350.4
2026-07-31T21:00:30.302+00:00,1785531627790,62892.96,62902.96,1785531628801,62961.05,62961.0,62961.1,1.65969097,2.16376052,2.77706035,3.27202467,346.0
2026-07-31T21:00:32.653+00:00,1785531630255,62892.95,62902.95,1785531631151,62961.05,62961.0,62961.1,2.2135863,2.13056226,2.7988877699999994,3.27221626,347.8
2026-07-31T21:00:35.005+00:00,1785531633349,62891.08,62901.08,1785531633501,62961.05,62961.0,62961.1,2.0235557,2.12262085,2.60885717,3.26427485,349.2
2026-07-31T21:00:37.353+00:00,1785531635486,62887.98,62897.98,1785531635851,62961.05,62961.0,62961.1,1.8435557,2.12362133,2.3174534799999997,3.26527533,345.1
2026-07-31T21:00:39.707+00:00,1785531637546,62886.86,62896.86,1785531638201,62961.05,62961.0,62961.1,2.0235557,2.12362133,2.49745348,3.26527533,350.8
2026-07-31T21:00:42.055+00:00,1785531638708,62884.88,62894.88,1785531640551,62961.05,62961.0,62961.1,1.36263874,2.12332269,1.8365365199999997,3.2649766899999997,346.2
2026-07-31T21:00:44.405+00:00,1785531642107,62887.23,62897.23,1785531642901,62961.05,62961.0,62961.1,1.30263874,2.04832269,2.30860443,3.15658683,348.8
2026-07-31T21:00:46.756+00:00,1785531644307,62886.93,62896.93,1785531645251,62961.05,62961.0,62961.1,1.80264874,2.04948212,2.29033899,3.1577462599999997,348.9
2026-07-31T21:00:49.104+00:00,1785531647433,62887.11,62897.11,1785531647601,62961.05,62961.0,62961.1,1.30274581,2.04916542,1.7904360599999998,3.1574295599999997,344.9
2026-07-31T21:00:51.501+00:00,1785531649206,62880.74,62890.74,1785531650001,62954.55,62954.5,62954.6,1.75574962,2.51543747,2.01553757,2.70863463,392.5
2026-07-31T21:00:53.856+00:00,1785531652251,62883.28,62893.28,1785531652351,62954.55,62954.5,62954.6,1.03732476,3.18791714,1.2119863699999998,3.39664343,348.7
2026-07-31T21:00:56.206+00:00,1785531653636,62877.54,62887.54,1785531654701,62950.95,62950.9,62951.0,0.10832556,4.55923217,0.25930032000000003,4.986685850000001,348.5
2026-07-31T21:00:58.557+00:00,1785531656643,62867.01,62877.01,1785531657051,62945.649999999994,62945.6,62945.7,0.01500908,4.88194807,0.04832612,5.427852000000001,349.3
2026-07-31T21:01:00.908+00:00,1785531659335,62870.53,62880.53,1785531659401,62939.55,62939.5,62939.6,1.40975299,3.07415078,2.3263295000000004,3.4433175400000002,348.8
2026-07-31T21:01:03.257+00:00,1785531661425,62870.63,62880.63,1785531661751,62939.55,62939.5,62939.6,2.30223132,3.28373361,3.2188078300000003,3.31806338,346.8
2026-07-31T21:01:05.595+00:00,1785531663536,62870.68,62880.68,1785531664101,62939.55,62939.5,62939.6,1.80293132,3.28373361,1.8121519300000002,3.31806338,336.7
2026-07-31T21:01:07.952+00:00,1785531665747,62870.72,62880.72,1785531666451,62939.55,62939.5,62939.6,1.71163722,3.28373361,1.8480909200000002,3.31806338,345.6
2026-07-31T21:01:10.303+00:00,1785531668457,62866.42,62876.42,1785531668801,62939.55,62939.5,62939.6,1.96539493,3.40783361,2.15147601,3.4421633799999998,346.2
2026-07-31T21:01:12.657+00:00,1785531670559,62866.49,62876.49,1785531671151,62939.55,62939.5,62939.6,1.14388039,3.40773361,1.3299614700000002,3.44206338,351.1
2026-07-31T21:01:15.010+00:00,1785531672726,62866.57,62876.57,1785531673501,62939.55,62939.5,62939.6,1.14388039,3.40751174,1.1531010000000004,3.4418415099999997,348.8
2026-07-31T21:01:17.360+00:00,1785531674927,62866.65,62876.65,1785531675851,62939.55,62939.5,62939.6,1.30579987,3.45054852,1.3150204800000003,3.4848782899999997,347.5
2026-07-31T21:01:19.709+00:00,1785531678109,62864.7,62874.7,1785531678201,62939.55,62939.5,62939.6,1.36579987,3.41857124,1.3750204800000003,3.46719944,346.9
2026-07-31T21:01:22.053+00:00,1785531680257,62866.25,62876.25,1785531680551,62939.55,62939.5,62939.6,1.48579987,3.40847918,1.4950204800000002,3.44280895,342.0
2026-07-31T21:01:24.855+00:00,1785531682293,62866.36,62876.36,1785531683351,62939.55,62939.5,62939.6,1.36552017,3.40675787,1.3747407800000002,4.21566379,799.2
2026-07-31T21:01:27.197+00:00,1785531685480,62867.32,62877.32,1785531685701,62939.55,62939.5,62939.6,1.36552017,3.40678599,1.3747407800000002,4.21569191,339.4
2026-07-31T21:01:29.550+00:00,1785531687548,62870.71,62880.71,1785531688051,62939.55,62939.5,62939.6,2.02533077,3.40668599,2.03455138,4.2155919100000006,341.7
2026-07-31T21:01:31.907+00:00,1785531689740,62870.52,62880.52,1785531690401,62939.55,62939.5,62939.6,1.36533077,3.41932098,1.3745513800000002,4.2282269,350.0
2026-07-31T21:01:34.253+00:00,1785531691946,62870.29,62880.29,1785531692751,62939.55,62939.5,62939.6,1.36533077,3.41932098,1.3745513800000002,4.2282269,345.1
2026-07-31T21:01:36.603+00:00,1785531694095,62868.85,62878.85,1785531695101,62939.55,62939.5,62939.6,1.36533077,3.41932098,1.3745513800000002,4.2282269,347.5
2026-07-31T21:01:38.957+00:00,1785531697373,62864.23,62874.23,1785531697451,62939.55,62939.5,62939.6,1.36533077,3.43393447,1.3745513800000002,4.2428403900000005,352.2
2026-07-31T21:01:41.297+00:00,1785531699501,62865.94,62875.94,1785531699801,62939.55,62939.5,62939.6,1.14333077,3.43393447,1.1525513800000002,4.26271751,337.7
2026-07-31T21:01:43.642+00:00,1785531701620,62868.28,62878.28,1785531702151,62939.55,62939.5,62939.6,1.14333077,3.4339169,1.34635421,4.24282282,335.9
2026-07-31T21:01:46.005+00:00,1785531703895,62867.67,62877.67,1785531704501,62939.55,62939.5,62939.6,1.14333077,3.66778576,1.1525513800000002,4.476691680000001,346.1
2026-07-31T21:01:48.348+00:00,1785531705955,62869.05,62879.05,1785531706851,62939.55,62939.5,62939.6,1.14270728,3.66334023,1.1519278900000003,4.49609953,334.1
2026-07-31T21:01:50.700+00:00,1785531708612,62852.6,62862.6,1785531709201,62925.75,62925.7,62925.8,2.61903912,1.85604685,2.80060133,1.87783304,346.0
2026-07-31T21:01:53.057+00:00,1785531710635,62857.47,62867.47,1785531711551,62925.75,62925.7,62925.8,2.16013108,1.9518004,2.3898619500000002,1.97499947,351.0
2026-07-31T21:01:55.408+00:00,1785531713813,62857.44,62867.44,1785531713901,62925.75,62925.7,62925.8,2.65787156,1.9518004,2.88760243,2.8354218299999996,347.0
2026-07-31T21:01:57.758+00:00,1785531715876,62857.42,62867.42,1785531716251,62925.75,62925.7,62925.8,1.87400837,1.95958174,2.1174955600000005,2.54584708,349.2
2026-07-31T21:02:00.109+00:00,1785531717901,62854.68,62864.68,1785531718601,62925.75,62925.7,62925.8,1.87400837,1.96060464,2.1174955600000005,2.54682036,349.5
2026-07-31T21:02:02.456+00:00,1785531720661,62867.79,62877.79,1785531720951,62925.95,62925.9,62926.0,15.62459434,0.3114688,18.598813630000002,0.9245348499999999,345.4
2026-07-31T21:02:04.805+00:00,1785531722709,62866.38,62876.38,1785531723301,62925.95,62925.9,62926.0,15.6806039,0.31156592,17.33350852,0.7852822599999999,347.4
2026-07-31T21:02:07.144+00:00,1785531724754,62863.81,62873.81,1785531725651,62925.95,62925.9,62926.0,16.31592892,0.33616644,16.85373103,0.80988278,336.6
2026-07-31T21:02:09.563+00:00,1785531727449,62853.8,62863.8,1785531728051,62923.25,62923.2,62923.3,1.81244346,2.81909097,2.57531462,4.34405412,406.9
2026-07-31T21:02:11.914+00:00,1785531730221,62851.58,62861.58,1785531730401,62923.25,62923.2,62923.3,1.17541588,2.67838822,1.8682759,4.318158919999999,349.8
2026-07-31T21:02:14.261+00:00,1785531732223,62852.65,62862.65,1785531732751,62923.25,62923.2,62923.3,0.04625069,2.66923609,0.25307496,4.01753063,343.7
2026-07-31T21:02:16.611+00:00,1785531734325,62856.48,62866.48,1785531735101,62923.25,62923.2,62923.3,1.2389146,2.66668378,1.4365868099999999,4.01497832,348.3
2026-07-31T21:02:19.005+00:00,1785531737216,62853.6,62863.6,1785531737501,62923.25,62923.2,62923.3,0.27578117,2.666652,0.28191828,4.01879353,393.5
2026-07-31T21:02:21.354+00:00,1785531739608,62847.9,62857.9,1785531739851,62913.850000000006,62913.8,62913.9,2.37300242,2.15669688,3.5649764,2.4382326599999997,344.5
2026-07-31T21:02:23.703+00:00,1785531741926,62840.6,62850.6,1785531742201,62903.850000000006,62903.8,62903.9,2.58280905,1.04505709,2.66066584,1.2708803200000003,346.9
2026-07-31T21:02:26.060+00:00,1785531743735,62828.32,62838.32,1785531744551,62889.850000000006,62889.8,62889.9,1.84167125,4.46947207,1.84991929,4.97328744,350.3
2026-07-31T21:02:28.409+00:00,1785531745806,62817.41,62827.41,1785531746901,62884.95,62884.9,62885.0,0.53040358,4.66063821,0.53440558,5.3756711,347.5
2026-07-31T21:02:30.756+00:00,1785531748641,62807.46,62817.46,1785531749251,62879.850000000006,62879.8,62879.9,0.50480278,4.91046276,0.50644101,5.44273708,341.8
2026-07-31T21:02:33.110+00:00,1785531751078,62800.57,62810.57,1785531751601,62879.850000000006,62879.8,62879.9,1.464853,4.92367617,1.4664912300000001,5.221147210000001,347.6
2026-07-31T21:02:35.456+00:00,1785531753186,62799.16,62809.16,1785531753951,62872.05,62872.0,62872.1,4.46528182,1.0327477,5.657771900000001,1.22426882,344.2
2026-07-31T21:02:37.808+00:00,1785531755633,62807.44,62817.44,1785531756301,62872.05,62872.0,62872.1,4.43189803,0.01898047,5.2110916000000005,0.5307619,346.6
2026-07-31T21:02:40.163+00:00,1785531757748,62807.07,62817.07,1785531758651,62872.05,62872.0,62872.1,5.11189803,0.01899047,5.8910916,0.40783262,354.4
2026-07-31T21:02:42.510+00:00,1785531760516,62817.96,62827.96,1785531761001,62875.149999999994,62875.1,62875.2,3.02350941,0.28512314,4.58520599,0.5264098600000001,344.4
2026-07-31T21:02:44.865+00:00,1785531763302,62801.07,62811.07,1785531763351,62868.75,62868.7,62868.8,1.50966141,4.20503754,1.93423169,5.19328921,352.6
2026-07-31T21:02:47.210+00:00,1785531765364,62801.77,62811.77,1785531765701,62868.75,62868.7,62868.8,1.5084503,4.88503754,1.60279507,6.050919599999999,339.0
2026-07-31T21:02:49.556+00:00,1785531767492,62782.61,62792.61,1785531768051,62854.55,62854.5,62854.6,1.05736614,4.59280826,1.2940428400000001,5.6221425300000005,344.8
2026-07-31T21:02:51.908+00:00,1785531770295,62797.57,62807.57,1785531770401,62858.95,62858.9,62859.0,1.34831408,2.34412378,1.7152066100000003,2.74136013,348.1
2026-07-31T21:02:54.265+00:00,1785531772605,62793.56,62803.56,1785531772751,62858.95,62858.9,62859.0,1.32411421,2.2868174,1.62332029,2.68462461,350.6
2026-07-31T21:02:56.613+00:00,1785531773606,62793.57,62803.57,1785531775101,62858.95,62858.9,62859.0,1.75935249,2.2868174,2.04674277,2.68453927,335.3
2026-07-31T21:02:58.961+00:00,1785531776957,62785.64,62795.64,1785531777451,62850.25,62850.2,62850.3,0.99942421,4.30127453,1.0178962200000001,4.9825662600000005,343.9
2026-07-31T21:03:01.313+00:00,1785531779417,62775.86,62785.86,1785531779801,62843.850000000006,62843.8,62843.9,1.86715533,4.40251244,1.86837981,4.545164119999999,349.3
2026-07-31T21:03:03.658+00:00,1785531781916,62788.38,62798.38,1785531782151,62852.45,62852.4,62852.5,0.9915236,2.26576599,1.2834754400000001,2.38445031,344.0
2026-07-31T21:03:06.008+00:00,1785531784297,62793.09,62803.09,1785531784501,62855.350000000006,62855.3,62855.4,4.02372126,0.9547426,4.7340553000000005,1.12462382,347.7
2026-07-31T21:03:08.367+00:00,1785531786107,62801.92,62811.92,1785531786851,62858.95,62858.9,62859.0,4.82584283,0.31076808,4.98484585,0.6624218399999999,356.1
2026-07-31T21:03:10.711+00:00,1785531788237,62801.88,62811.88,1785531789201,62858.95,62858.9,62859.0,4.82584283,0.54079273,4.98484585,0.89244649,342.3
2026-07-31T21:03:13.063+00:00,1785531791410,62802.96,62812.96,1785531791551,62870.350000000006,62870.3,62870.4,3.98884206,1.41503598,4.396177660000001,1.70996071,351.1
2026-07-31T21:03:15.408+00:00,1785531793730,62809.7,62819.7,1785531793901,62870.350000000006,62870.3,62870.4,3.67517993,0.37583068,4.01056082,0.97100174,344.6
2026-07-31T21:03:17.813+00:00,1785531795742,62809.71,62819.71,1785531796301,62870.350000000006,62870.3,62870.4,3.6813865,1.07302625,4.01676739,1.9757656100000003,399.9
2026-07-31T21:03:20.213+00:00,1785531797848,62809.53,62819.53,1785531798701,62870.350000000006,62870.3,62870.4,3.6813865,1.98034845,4.01676739,2.8062723599999995,397.6
2026-07-31T21:03:22.609+00:00,1785531800936,62806.97,62816.97,1785531801101,62870.350000000006,62870.3,62870.4,3.6813865,1.98115082,4.063208400000001,3.1778653900000005,394.2
2026-07-31T21:03:24.957+00:00,1785531803337,62805.97,62815.97,1785531803451,62873.45,62873.4,62873.5,4.75809339,0.11472419,5.5277506,0.11899286999999999,346.9
2026-07-31T21:03:27.310+00:00,1785531805609,62811.95,62821.95,1785531805801,62873.45,62873.4,62873.5,4.77811964,0.11215364,5.036333009999999,0.70396718,346.8
2026-07-31T21:03:29.664+00:00,1785531807667,62812.3,62822.3,1785531808151,62873.45,62873.4,62873.5,5.46843373,0.34218226,5.756745979999999,0.74330723,343.6
2026-07-31T21:03:32.010+00:00,1785531809776,62817.13,62827.13,1785531810501,62873.45,62873.4,62873.5,5.46843373,0.23880264,5.540902429999999,0.47242076,343.3
2026-07-31T21:03:34.345+00:00,1785531811863,62816.3,62826.3,1785531812851,62873.45,62873.4,62873.5,5.51610544,0.23854976,5.752376009999998,0.47216788,332.9
2026-07-31T21:03:36.703+00:00,1785531815026,62819.31,62829.31,1785531815201,62883.25,62883.2,62883.3,3.53419752,0.12630428,4.4661142300000005,0.48200839999999995,341.8
2026-07-31T21:03:39.052+00:00,1785531817135,62824.64,62834.64,1785531817551,62883.25,62883.2,62883.3,4.21388411,0.34653339,5.14662594,1.24210013,343.1
2026-07-31T21:03:41.412+00:00,1785531819228,62825.6,62835.6,1785531819901,62883.25,62883.2,62883.3,4.20831148,0.39773339,5.06906709,1.3505963800000003,350.1
2026-07-31T21:03:43.760+00:00,1785531821312,62824.13,62834.13,1785531822251,62887.55,62887.5,62887.6,3.65496864,0.36527061,5.18046191,0.65753383,346.2
2026-07-31T21:03:46.110+00:00,1785531824196,62832.23,62842.23,1785531824601,62894.649999999994,62894.6,62894.7,4.92395339,0.42115416,5.22753253,0.65246886,347.6
2026-07-31T21:03:48.468+00:00,1785531826107,62830.84,62840.84,1785531826951,62894.649999999994,62894.6,62894.7,4.96201181,0.39705504,5.26559095,0.72703225,356.1
2026-07-31T21:03:50.811+00:00,1785531828335,62827.87,62837.87,1785531829301,62894.649999999994,62894.6,62894.7,4.94304834,0.39955504,5.24662748,0.6264297200000001,341.3
2026-07-31T21:03:53.161+00:00,1785531831457,62831.33,62841.33,1785531831651,62894.649999999994,62894.6,62894.7,4.94304834,0.39693546,5.24662748,0.7746787100000001,347.0
2026-07-31T21:03:55.509+00:00,1785531833496,62827.14,62837.14,1785531834001,62894.649999999994,62894.6,62894.7,4.96339866,0.28793546,5.2669778,0.6411879899999999,344.8
2026-07-31T21:03:57.859+00:00,1785531835525,62826.83,62836.83,1785531836351,62894.649999999994,62894.6,62894.7,4.75019866,1.16791936,5.0537778,1.3795715,347.6
2026-07-31T21:04:00.206+00:00,1785531838555,62831.07,62841.07,1785531838701,62894.649999999994,62894.6,62894.7,3.16320037,0.23675546,3.47547965,0.23824875,345.9
2026-07-31T21:04:02.559+00:00,1785531840894,62834.72,62844.72,1785531841051,62894.649999999994,62894.6,62894.7,3.24706593,0.23675546,3.56728683,0.45328031,340.8
2026-07-31T21:04:04.911+00:00,1785531842925,62830.66,62840.66,1785531843401,62894.649999999994,62894.6,62894.7,3.24706593,0.28795546,3.55931942,0.5526019099999999,349.5
2026-07-31T21:04:07.262+00:00,1785531845365,62829.74,62839.74,1785531845751,62894.649999999994,62894.6,62894.7,3.24698593,0.2365847,3.59898008,0.6115028,349.3
2026-07-31T21:04:09.614+00:00,1785531847535,62829.76,62839.76,1785531848101,62894.649999999994,62894.6,62894.7,3.34201383,0.2365847,3.69400797,0.24171784000000002,350.0
2026-07-31T21:04:11.962+00:00,1785531850352,62835.64,62845.64,1785531850451,62899.149999999994,62899.1,62899.2,4.60062415,0.37154083,4.97898378,0.52455803,345.2
2026-07-31T21:04:14.314+00:00,1785531852444,62834.19,62844.19,1785531852801,62899.149999999994,62899.1,62899.2,4.6011308,0.37155083,4.93072059,0.54949953,349.5
2026-07-31T21:04:16.665+00:00,1785531854507,62834.11,62844.11,1785531855151,62903.350000000006,62903.3,62903.4,3.27655893,1.27180628,3.40840044,1.4887935,348.3
2026-07-31T21:04:19.004+00:00,1785531857156,62836.78,62846.78,1785531857501,62903.350000000006,62903.3,62903.4,1.82113234,1.53753106,2.17098076,1.8113980400000003,335.1
2026-07-31T21:04:21.362+00:00,1785531859196,62837.98,62847.98,1785531859851,62903.350000000006,62903.3,62903.4,1.81676355,1.53753106,2.09952857,1.75409578,347.8
2026-07-31T21:04:23.712+00:00,1785531861567,62836.9,62846.9,1785531862201,62903.350000000006,62903.3,62903.4,1.81676355,1.53753106,2.09952857,1.75409578,347.2
2026-07-31T21:04:26.059+00:00,1785531863685,62834.82,62844.82,1785531864551,62903.350000000006,62903.3,62903.4,1.81675212,1.53749927,2.09951714,1.71194208,345.2
2026-07-31T21:04:28.361+00:00,1785531865918,62840.09,62850.09,1785531866851,62906.649999999994,62906.6,62906.7,4.83923276,0.37662873,6.3452470299999995,0.6299906399999999,299.7
2026-07-31T21:04:30.754+00:00,1785531868933,62844.13,62854.13,1785531869251,62906.649999999994,62906.6,62906.7,5.00212469,0.48562873,5.157183999999999,0.81865777,388.7
2026-07-31T21:04:33.110+00:00,1785531870983,62839.15,62849.15,1785531871601,62906.649999999994,62906.6,62906.7,5.30590323,0.48562873,5.46096254,0.87574969,344.3
2026-07-31T21:04:35.454+00:00,1785531873013,62839.84,62849.84,1785531873951,62906.649999999994,62906.6,62906.7,5.30590323,0.48562873,5.46096254,0.87574969,341.5
2026-07-31T21:04:37.804+00:00,1785531876215,62843.32,62853.32,1785531876301,62909.149999999994,62909.1,62909.2,4.97248599,0.32260829,6.78396229,0.43549939000000004,339.5
2026-07-31T21:04:40.157+00:00,1785531878303,62843.68,62853.68,1785531878651,62909.149999999994,62909.1,62909.2,4.97248599,0.43163402,6.78396229,0.54452512,344.7
2026-07-31T21:04:42.501+00:00,1785531880393,62841.21,62851.21,1785531881001,62909.149999999994,62909.1,62909.2,4.97248599,0.50146364,5.669639109999999,0.61435474,339.0
2026-07-31T21:04:44.860+00:00,1785531882940,62850.77,62860.77,1785531883351,62909.149999999994,62909.1,62909.2,5.33603736,0.09195826,6.153174519999999,0.35599717,346.0
2026-07-31T21:04:47.216+00:00,1785531884986,62851.83,62861.83,1785531885701,62909.149999999994,62909.1,62909.2,5.30627586,0.08462813,6.12341302,0.19751923,351.8
2026-07-31T21:04:49.565+00:00,1785531887028,62850.33,62860.33,1785531888051,62912.649999999994,62912.6,62912.7,5.48815573,0.33081827,7.33528281,0.6196176899999999,347.3
2026-07-31T21:04:51.910+00:00,1785531890216,62852.33,62862.33,1785531890401,62912.649999999994,62912.6,62912.7,5.66544829,0.56275603,6.40650066,0.81609254,341.7
2026-07-31T21:04:54.260+00:00,1785531892355,62850.26,62860.26,1785531892751,62912.649999999994,62912.6,62912.7,5.78522829,0.60856221,6.52628066,0.86189872,348.8
2026-07-31T21:04:56.611+00:00,1785531894376,62847.91,62857.91,1785531895101,62912.649999999994,62912.6,62912.7,6.18522829,0.47828111,6.7196962000000005,0.91821632,348.1
2026-07-31T21:04:58.961+00:00,1785531896565,62845.68,62855.68,1785531897451,62912.649999999994,62912.6,62912.7,5.54589612,0.47828111,6.08036403,0.91821632,347.4
2026-07-31T21:05:01.313+00:00,1785531899642,62850.09,62860.09,1785531899801,62912.649999999994,62912.6,62912.7,5.47874749,0.44714579,5.97722229,0.6935355199999998,350.8
2026-07-31T21:05:03.663+00:00,1785531901708,62847.35,62857.35,1785531902151,62912.649999999994,62912.6,62912.7,5.47874749,0.05664617,6.8489002999999995,0.0671663,348.1
2026-07-31T21:05:06.018+00:00,1785531903757,62846.35,62856.35,1785531904501,62912.649999999994,62912.6,62912.7,5.62958433,0.2768903,6.97018765,0.28741042999999994,353.2
2026-07-31T21:05:08.363+00:00,1785531905795,62847.23,62857.23,1785531906851,62912.649999999994,62912.6,62912.7,6.12958433,0.2768903,7.47018765,0.5989679499999999,343.1
2026-07-31T21:05:10.702+00:00,1785531909085,62851.28,62861.28,1785531909201,62912.649999999994,62912.6,62912.7,6.25502095,0.2768903,7.595624269999999,0.3303179499999999,336.9
2026-07-31T21:05:13.061+00:00,1785531911143,62849.28,62859.28,1785531911551,62912.649999999994,62912.6,62912.7,5.59502095,0.26093648,6.84437437,0.31436412999999996,349.0
2026-07-31T21:05:15.408+00:00,1785531913187,62851.7,62861.7,1785531913901,62912.649999999994,62912.6,62912.7,5.59502095,0.25732561,6.84437437,0.27089065999999995,343.1
2026-07-31T21:05:17.760+00:00,1785531915358,62852.48,62862.48,1785531916251,62912.649999999994,62912.6,62912.7,5.59502095,0.25732561,6.84437437,0.27089065999999995,347.2
2026-07-31T21:05:20.111+00:00,1785531918405,62852.45,62862.45,1785531918601,62912.649999999994,62912.6,62912.7,5.59459458,0.25732561,6.843947999999999,0.27089065999999995,348.3
2026-07-31T21:05:22.463+00:00,1785531920446,62844.65,62854.65,1785531920951,62912.649999999994,62912.6,62912.7,5.59459458,0.26299146,6.843947999999999,0.27655651,348.4
2026-07-31T21:05:24.808+00:00,1785531923044,62853.32,62863.32,1785531923301,62921.350000000006,62921.3,62921.4,4.21976217,0.05761209,4.991349209999999,0.18324819999999997,344.2
2026-07-31T21:05:27.157+00:00,1785531925137,62856.9,62866.9,1785531925651,62921.350000000006,62921.3,62921.4,2.64745812,1.11951591,3.05677047,1.35820199,343.6
2026-07-31T21:05:29.513+00:00,1785531927318,62858.67,62868.67,1785531928001,62921.350000000006,62921.3,62921.4,6.15544391,0.21870355,6.590246369999998,0.22343213,344.1
2026-07-31T21:05:31.801+00:00,1785531929525,62859.93,62869.93,1785531930301,62926.149999999994,62926.1,62926.2,3.7052061,1.26778902,4.03875503,1.29390782,285.7
2026-07-31T21:05:34.163+00:00,1785531931615,62858.06,62868.06,1785531932651,62926.149999999994,62926.1,62926.2,3.4320061,1.12319279,3.7645967000000007,1.3431381000000004,347.6
2026-07-31T21:05:36.515+00:00,1785531934035,62863.02,62873.02,1785531935001,62926.149999999994,62926.1,62926.2,3.4320061,1.24318414,3.7650589500000007,1.2679229100000002,350.0
2026-07-31T21:05:38.860+00:00,1785531936494,62858.85,62868.85,1785531937351,62926.149999999994,62926.1,62926.2,3.52115931,1.25297171,3.8542121600000003,1.27763552,342.5
2026-07-31T21:05:41.211+00:00,1785531938708,62858.61,62868.61,1785531939701,62926.149999999994,62926.1,62926.2,3.63474225,1.26862842,3.9684717000000007,1.29329223,348.4
2026-07-31T21:05:43.570+00:00,1785531941806,62856.65,62866.65,1785531942051,62926.149999999994,62926.1,62926.2,3.57746541,1.12275336,3.8809804100000003,1.32808943,353.5
2026-07-31T21:05:45.910+00:00,1785531943855,62855.52,62865.52,1785531944401,62926.149999999994,62926.1,62926.2,3.63474225,1.12155336,3.9382572500000004,1.32582347,336.7
2026-07-31T21:05:48.262+00:00,1785531946186,62860.76,62870.76,1785531946751,62928.05,62928.0,62928.1,3.64408707,0.98377103,4.25071139,1.29307308,347.4
2026-07-31T21:05:50.614+00:00,1785531948298,62859.11,62869.11,1785531949101,62928.05,62928.0,62928.1,3.64539092,0.97641604,4.25201524,1.21552963,348.7
2026-07-31T21:05:52.962+00:00,1785531950706,62872.54,62882.54,1785531951451,62937.75,62937.7,62937.8,3.65695592,1.26252972,4.02423305,1.3335054400000002,345.4
2026-07-31T21:05:55.316+00:00,1785531952905,62868.49,62878.49,1785531953801,62937.75,62937.7,62937.8,3.35054276,1.2374686,3.7178198900000003,1.27467687,349.7
2026-07-31T21:05:57.664+00:00,1785531954936,62869.49,62879.49,1785531956151,62937.75,62937.7,62937.8,3.34338968,1.2374686,3.71066681,1.27467687,345.7
2026-07-31T21:06:00.013+00:00,1785531958345,62868.14,62878.14,1785531958501,62937.75,62937.7,62937.8,3.34338968,1.2374686,3.71066681,1.27467687,347.1
2026-07-31T21:06:02.365+00:00,1785531960416,62865.57,62875.57,1785531960851,62937.75,62937.7,62937.8,3.34338968,1.23745279,3.71066681,1.41405935,350.7
2026-07-31T21:06:04.714+00:00,1785531962476,62865.53,62875.53,1785531963201,62937.75,62937.7,62937.8,1.66838104,1.70732984,1.9154311600000002,1.7226130700000002,345.8
2026-07-31T21:06:07.065+00:00,1785531964675,62867.1,62877.1,1785531965551,62937.75,62937.7,62937.8,1.50504541,1.66604744,1.74719179,1.6813306700000001,349.4
2026-07-31T21:06:09.414+00:00,1785531966924,62865.47,62875.47,1785531967901,62937.75,62937.7,62937.8,1.50504541,1.64519789,1.74719179,1.67801312,344.2
2026-07-31T21:06:11.766+00:00,1785531970015,62865.43,62875.43,1785531970251,62937.75,62937.7,62937.8,1.28734798,1.64519789,1.5701484800000003,1.66063859,341.0
2026-07-31T21:06:14.115+00:00,1785531972456,62865.57,62875.57,1785531972601,62937.75,62937.7,62937.8,1.66762785,1.63905492,1.9504283500000001,1.65449562,347.7
2026-07-31T21:06:16.464+00:00,1785531973319,62867.6,62877.6,1785531974951,62939.25,62939.2,62939.3,5.12152068,1.01196499,6.753484139999999,1.0139269000000002,346.5
2026-07-31T21:06:18.819+00:00,1785531976466,62867.62,62877.62,1785531977301,62939.25,62939.2,62939.3,5.16128313,0.50086735,5.54487282,0.5028292600000001,352.6
2026-07-31T21:06:21.163+00:00,1785531977470,62867.63,62877.63,1785531979651,62939.25,62939.2,62939.3,5.2815039,1.23809668,5.66509359,1.24005859,340.7
2026-07-31T21:06:23.513+00:00,1785531981497,62867.66,62877.66,1785531982001,62939.25,62939.2,62939.3,5.12172467,0.26671425,5.447891079999999,0.33237088,345.8
2026-07-31T21:06:25.862+00:00,1785531983604,62868.6,62878.6,1785531984351,62939.25,62939.2,62939.3,5.33898395,0.21385869,5.7936537999999995,0.52748454,347.1
2026-07-31T21:06:28.213+00:00,1785531985665,62867.7,62877.7,1785531986701,62939.25,62939.2,62939.3,5.49898395,0.03358038,5.9536538,0.26341726,348.4
2026-07-31T21:06:30.611+00:00,1785531988898,62872.19,62882.19,1785531989101,62939.25,62939.2,62939.3,5.17872093,0.08478038,5.5050453599999996,0.2612538,395.2
2026-07-31T21:06:32.962+00:00,1785531991152,62873.54,62883.54,1785531991451,62939.25,62939.2,62939.3,5.17880037,0.80900115,5.5051248,0.9854745699999999,348.6
2026-07-31T21:06:35.316+00:00,1785531993260,62870.14,62880.14,1785531993801,62939.25,62939.2,62939.3,5.29880037,1.03066865,5.625056219999999,1.20714207,351.4
2026-07-31T21:06:37.662+00:00,1785531995580,62873.84,62883.84,1785531996151,62939.25,62939.2,62939.3,5.17762935,0.74149753,5.59345499,0.89428802,344.2
2026-07-31T21:06:40.014+00:00,1785531997668,62870.33,62880.33,1785531998501,62940.350000000006,62940.3,62940.4,5.12777076,0.72409066,5.66384687,0.8932982199999999,348.8
2026-07-31T21:06:42.352+00:00,1785532000704,62872.41,62882.41,1785532000851,62940.55,62940.5,62940.6,4.72879807,1.1751969,5.294811169999999,1.18102882,333.1
2026-07-31T21:06:44.710+00:00,1785532002737,62873.02,62883.02,1785532003201,62940.55,62940.5,62940.6,4.65356038,0.2347493,5.27957348,0.37068807,342.7
2026-07-31T21:06:47.063+00:00,1785532004755,62869.75,62879.75,1785532005551,62940.55,62940.5,62940.6,4.77356038,1.01480754,5.39957348,1.1507463100000002,344.9
2026-07-31T21:06:49.416+00:00,1785532007108,62875.29,62885.29,1785532007901,62940.55,62940.5,62940.6,5.00848465,1.01988677,5.6344977499999995,1.2696171600000001,347.6
2026-07-31T21:06:51.764+00:00,1785532009247,62870.34,62880.34,1785532010251,62940.55,62940.5,62940.6,5.04848465,1.02108677,5.64422923,1.26006098,346.4
2026-07-31T21:06:54.118+00:00,1785532012427,62872.7,62882.7,1785532012601,62940.55,62940.5,62940.6,5.08848465,1.01988677,5.68422923,1.23446212,351.1
2026-07-31T21:06:56.481+00:00,1785532014486,62872.23,62882.23,1785532014951,62940.55,62940.5,62940.6,5.09412972,0.2368771,5.6898743,0.45145245,361.5
2026-07-31T21:06:58.817+00:00,1785532016494,62871.7,62881.7,1785532017301,62941.850000000006,62941.8,62941.9,4.10607886,1.02856586,4.63086925,1.2184286,334.8
2026-07-31T21:07:01.168+00:00,1785532019560,62874.12,62884.12,1785532019651,62941.850000000006,62941.8,62941.9,4.10607886,1.02856586,4.63086925,1.2184286,348.3
2026-07-31T21:07:03.519+00:00,1785532021667,62873.18,62883.18,1785532022001,62941.850000000006,62941.8,62941.9,4.10607886,1.02581821,4.418044279999999,1.2156809499999999,348.7
2026-07-31T21:07:05.859+00:00,1785532023697,62875.72,62885.72,1785532024351,62941.850000000006,62941.8,62941.9,4.10607886,1.02693927,4.418044279999999,1.2167922699999998,338.2
2026-07-31T21:07:08.205+00:00,1785532025706,62873.67,62883.67,1785532026701,62941.850000000006,62941.8,62941.9,4.10719648,1.02632952,4.419161899999999,1.2161825199999998,338.9
2026-07-31T21:07:10.568+00:00,1785532028784,62874.66,62884.66,1785532029051,62941.850000000006,62941.8,62941.9,4.19741725,0.22743261,4.59884163,0.48160590000000003,353.1
2026-07-31T21:07:12.967+00:00,1785532031255,62877.01,62887.01,1785532031451,62945.350000000006,62945.3,62945.4,4.18572514,1.18239585,4.65480848,1.38630651,396.8
2026-07-31T21:07:15.315+00:00,1785532032798,62877.38,62887.38,1785532033801,62945.45,62945.4,62945.5,5.56594831,0.01359827,6.759517429999999,0.10513286999999999,344.1
2026-07-31T21:07:17.668+00:00,1785532036066,62884.17,62894.17,1785532036151,62959.149999999994,62959.1,62959.2,1.94686096,0.48654079,2.43878793,0.69517035,351.1
2026-07-31T21:07:20.018+00:00,1785532037575,62893.92,62903.92,1785532038501,62961.25,62961.2,62961.3,3.84316022,0.05457426,4.169181890000001,0.6264898099999999,348.0
2026-07-31T21:07:22.367+00:00,1785532040735,62889.21,62899.21,1785532040851,62961.25,62961.2,62961.3,3.83905371,0.2333812,4.16507538,1.2339267600000001,347.0
2026-07-31T21:07:24.704+00:00,1785532042935,62891.6,62901.6,1785532043201,62961.25,62961.2,62961.3,3.84020849,0.2845812,4.1662301600000005,0.88403826,335.0
2026-07-31T21:07:36.818+00:00,1785532054644,62898.35,62908.35,1785532055301,62967.05,62967.0,62967.1,2.64413721,1.41917744,3.23510942,1.60049734,360.1
2026-07-31T21:07:39.171+00:00,1785532056696,62894.55,62904.55,1785532057651,62967.05,62967.0,62967.1,2.70139119,0.95568884,2.87733289,1.2313122,351.5
2026-07-31T21:07:41.509+00:00,1785532059720,62896.01,62906.01,1785532060001,62967.05,62967.0,62967.1,2.77394988,0.95560106,2.94989158,1.2312244200000002,334.8
2026-07-31T21:07:43.877+00:00,1785532061368,62898.75,62908.75,1785532062351,62967.05,62967.0,62967.1,2.77394988,0.95560106,2.97947985,1.2312244200000002,357.3
2026-07-31T21:07:46.267+00:00,1785532064336,62899.47,62909.47,1785532064751,62970.25,62970.2,62970.3,4.73762352,0.73562498,9.40384987,0.88095044,388.2
2026-07-31T21:07:48.618+00:00,1785532066984,62902.21,62912.21,1785532067101,62970.25,62970.2,62970.3,5.37416629,1.13392748,5.8768598999999995,1.15142918,347.9
2026-07-31T21:07:50.967+00:00,1785532069237,62900.33,62910.33,1785532069451,62970.25,62970.2,62970.3,5.0120491,1.09680426,5.5513293699999995,1.1142394400000002,346.8
2026-07-31T21:07:53.320+00:00,1785532071273,62903.74,62913.74,1785532071801,62970.25,62970.2,62970.3,4.9008491,1.09800426,5.48957547,1.1158131599999999,349.1
2026-07-31T21:07:55.666+00:00,1785532073336,62901.39,62911.39,1785532074151,62970.25,62970.2,62970.3,5.02644823,1.10478349,5.6151746,1.1225923899999999,343.9
2026-07-31T21:07:58.020+00:00,1785532076395,62905.52,62915.52,1785532076501,62970.25,62970.2,62970.3,4.90644823,1.10348349,5.4951746,1.1212923899999998,352.5
2026-07-31T21:08:00.366+00:00,1785532078408,62900.8,62910.8,1785532078851,62970.25,62970.2,62970.3,4.90565421,1.10348349,5.49438058,1.1212923899999998,344.2
2026-07-31T21:08:02.720+00:00,1785532080449,62905.47,62915.47,1785532081201,62970.25,62970.2,62970.3,4.90565421,1.10348349,5.49438058,1.1212923899999998,351.5
2026-07-31T21:08:05.065+00:00,1785532082527,62901.1,62911.1,1785532083551,62970.25,62970.2,62970.3,5.051551,1.10268947,5.5883685,1.12049837,341.5
2026-07-31T21:08:07.420+00:00,1785532085666,62897.42,62907.42,1785532085901,62970.25,62970.2,62970.3,5.051551,1.7601013,5.267584239999999,1.7779102,353.6
2026-07-31T21:08:09.768+00:00,1785532087927,62894.24,62904.24,1785532088251,62970.25,62970.2,62970.3,5.13735223,1.09509876,5.430123699999999,1.1129076599999999,344.1
2026-07-31T21:08:12.107+00:00,1785532089957,62888.13,62898.13,1785532090601,62967.05,62967.0,62967.1,0.98206595,3.81876769,0.9828073,4.21586071,336.5
2026-07-31T21:08:14.470+00:00,1785532089957,62888.13,62898.13,1785532092951,62967.05,62967.0,62967.1,0.98272826,3.65434424,0.9834696100000001,4.00373216,346.4
2026-07-31T21:08:16.819+00:00,1785532089957,62888.13,62898.13,1785532095301,62967.05,62967.0,62967.1,0.98361134,3.65210816,1.0286663,4.001496080000001,348.0
2026-07-31T21:08:19.167+00:00,1785532097481,62887.56,62897.56,1785532097651,62967.05,62967.0,62967.1,0.21572441,3.21085337,0.2730071,4.05818901,345.6
2026-07-31T21:08:21.520+00:00,1785532099605,62886.3,62896.3,1785532100001,62967.05,62967.0,62967.1,0.98488672,3.20230267,1.46492575,3.65250781,347.4
2026-07-31T21:08:23.866+00:00,1785532101739,62887.02,62897.02,1785532102351,62967.05,62967.0,62967.1,0.8767698,3.22314692,1.35680883,3.67335206,344.8
2026-07-31T21:08:26.220+00:00,1785532104116,62886.4,62896.4,1785532104701,62967.05,62967.0,62967.1,0.87682876,3.21807944,1.41409551,3.66828458,351.1
2026-07-31T21:08:28.563+00:00,1785532106307,62886.43,62896.43,1785532107051,62967.05,62967.0,62967.1,0.87682876,3.2172568,1.41409551,3.66746194,340.5
2026-07-31T21:08:30.918+00:00,1785532108385,62894.47,62904.47,1785532109401,62967.05,62967.0,62967.1,0.87682876,3.2172568,1.25409551,3.66746194,344.9
2026-07-31T21:08:33.268+00:00,1785532111656,62894.58,62904.58,1785532111751,62967.05,62967.0,62967.1,1.57966681,3.21618008,2.0502388,3.64102708,347.9
2026-07-31T21:08:35.616+00:00,1785532113682,62894.82,62904.82,1785532114101,62967.05,62967.0,62967.1,1.57955751,3.21618008,1.78735525,3.64102708,346.1
2026-07-31T21:08:37.965+00:00,1785532115852,62898.08,62908.08,1785532116451,62967.05,62967.0,62967.1,1.57955751,3.21599904,1.7711275400000002,3.64084604,346.6
2026-07-31T21:08:40.320+00:00,1785532118267,62896.63,62906.63,1785532118801,62967.05,62967.0,62967.1,1.50726993,3.21599904,1.6988399600000001,3.64084604,352.0
2026-07-31T21:08:42.658+00:00,1785532120425,62898.12,62908.12,1785532121151,62967.05,62967.0,62967.1,1.667132,3.21599904,1.8587020300000001,3.64084604,335.3
2026-07-31T21:08:45.020+00:00,1785532122485,62897.11,62907.11,1785532123501,62967.05,62967.0,62967.1,1.505132,3.21599904,1.69670203,3.64084604,351.8
2026-07-31T21:08:47.357+00:00,1785532125580,62894.64,62904.64,1785532125851,62967.05,62967.0,62967.1,1.505132,3.2133936,1.69670203,3.6382406,334.1
2026-07-31T21:08:49.714+00:00,1785532127677,62894.54,62904.54,1785532128201,62967.05,62967.0,62967.1,1.505132,3.2133936,1.69670203,3.6382406,343.8
2026-07-31T21:08:52.064+00:00,1785532129956,62896.14,62906.14,1785532130551,62967.05,62967.0,62967.1,0.87545213,3.21338224,0.97371692,4.06071788,344.9
2026-07-31T21:08:54.411+00:00,1785532132030,62897.88,62907.88,1785532132901,62967.05,62967.0,62967.1,0.94853412,3.21338224,1.0467989100000001,4.06071788,340.0
2026-07-31T21:08:56.773+00:00,1785532134358,62894.2,62904.2,1785532135251,62967.05,62967.0,62967.1,0.94745747,3.21341973,1.04572226,3.60800269,350.6
2026-07-31T21:08:59.108+00:00,1785532137469,62894.67,62904.67,1785532137601,62967.05,62967.0,62967.1,0.94745747,3.21341973,1.04572226,3.60800269,333.3
2026-07-31T21:09:01.483+00:00,1785532139491,62894.66,62904.66,1785532139951,62967.05,62967.0,62967.1,0.94681857,3.21263287,1.04508336,3.6072158300000003,360.5
2026-07-31T21:09:03.818+00:00,1785532141516,62893.73,62903.73,1785532142301,62967.05,62967.0,62967.1,0.94681857,3.21263287,1.04507818,3.5834301300000004,332.8
2026-07-31T21:09:06.161+00:00,1785532143756,62888.95,62898.95,1785532144651,62963.95,62963.9,62964.0,0.01364482,3.89029156,0.17569171,4.863054270000001,340.6
2026-07-31T21:09:08.521+00:00,1785532146915,62883.87,62893.87,1785532147001,62955.95,62955.9,62956.0,3.6660499,4.16004129,3.83455339,4.606893949999999,351.2
2026-07-31T21:09:10.870+00:00,1785532149026,62883.13,62893.13,1785532149351,62955.95,62955.9,62956.0,3.66585119,1.57473806,3.85620797,1.96444694,346.4
2026-07-31T21:09:13.220+00:00,1785532149026,62883.13,62893.13,1785532151701,62955.95,62955.9,62956.0,3.66447894,2.23047,3.8247761199999997,2.6201747699999998,347.5
2026-07-31T21:09:15.573+00:00,1785532153729,62883.19,62893.19,1785532154051,62955.95,62955.9,62956.0,3.66447894,1.56927,3.8548357199999996,1.95929381,352.3
2026-07-31T21:09:17.923+00:00,1785532154869,62883.13,62893.13,1785532156401,62955.95,62955.9,62956.0,3.66447894,2.21808305,3.8252470599999997,2.60810686,346.9
2026-07-31T21:09:20.257+00:00,1785532158284,62886.44,62896.44,1785532158751,62955.95,62955.9,62956.0,3.66447894,2.21808305,3.8252470599999997,2.60810686,332.3
2026-07-31T21:09:22.617+00:00,1785532160366,62894.92,62904.92,1785532161101,62955.95,62955.9,62956.0,4.00028971,1.19504254,4.512687849999999,1.66644278,346.6
2026-07-31T21:09:24.972+00:00,1785532162602,62895.15,62905.15,1785532163451,62955.95,62955.9,62956.0,4.03005348,0.30777412,4.512040279999999,0.7791743600000001,348.5
2026-07-31T21:09:27.323+00:00,1785532165705,62896.38,62906.38,1785532165801,62955.95,62955.9,62956.0,4.03005348,0.30774236,4.512040279999999,0.7791426000000001,349.1
2026-07-31T21:09:29.670+00:00,1785532168100,62893.32,62903.32,1785532168151,62955.95,62955.9,62956.0,4.03005348,0.30774236,4.512040279999999,0.7791426000000001,344.4
2026-07-31T21:09:32.011+00:00,1785532169277,62892.37,62902.37,1785532170501,62955.95,62955.9,62956.0,4.66028971,0.30774236,5.1422765099999985,0.7791426000000001,339.2
2026-07-31T21:09:34.378+00:00,1785532172817,62899.37,62909.37,1785532172851,62962.25,62962.2,62962.3,4.83222858,0.10386779,6.1750839299999996,0.34195283,354.9
2026-07-31T21:09:36.719+00:00,1785532174939,62901.38,62911.38,1785532175201,62962.25,62962.2,62962.3,4.90547502,0.96856914,5.4320220599999995,1.14995052,338.1
2026-07-31T21:09:39.324+00:00,1785532177159,62899.77,62909.77,1785532177801,62962.25,62962.2,62962.3,4.90547502,0.96989376,5.4320220599999995,1.9239502700000002,337.0
2026-07-31T21:09:41.673+00:00,1785532179466,62899.95,62909.95,1785532180151,62962.25,62962.2,62962.3,4.90547502,0.96989376,5.4320220599999995,1.9239502700000002,346.9
2026-07-31T21:09:44.018+00:00,1785532181640,62901.26,62911.26,1785532182501,62962.25,62962.2,62962.3,4.90547502,0.95546914,5.4320220599999995,1.9829413200000001,342.9
2026-07-31T21:09:46.370+00:00,1785532183770,62900.43,62910.43,1785532184851,62962.25,62962.2,62962.3,4.92970749,0.95604837,5.45625453,1.9835205500000002,350.1
2026-07-31T21:09:48.722+00:00,1785532187006,62901.19,62911.19,1785532187201,62962.25,62962.2,62962.3,4.9303698,1.00779659,5.45691684,1.7471741100000002,349.6
2026-07-31T21:09:51.064+00:00,1785532189116,62898.48,62908.48,1785532189551,62962.25,62962.2,62962.3,5.00291453,0.97399659,5.52946157,1.75283169,340.7
2026-07-31T21:09:53.420+00:00,1785532191645,62897.62,62907.62,1785532191901,62962.25,62962.2,62962.3,5.59365238,1.00671755,6.1205922,1.7461979,335.1
2026-07-31T21:10:00.572+00:00,1785532199012,62899.6,62909.6,1785532199051,62971.25,62971.2,62971.3,2.8747114,0.45229807,3.2813629,0.66216176,355.0
2026-07-31T21:10:02.931+00:00,1785532201070,62901.57,62911.57,1785532201401,62971.25,62971.2,62971.3,1.63810137,1.55647177,1.89933274,1.7663354599999999,356.0
2026-07-31T21:10:39.164+00:00,1785532236656,62902.77,62912.77,1785532237651,62971.25,62971.2,62971.3,1.49161007,2.09764729,1.7146610099999997,2.30751098,372.0
2026-07-31T21:10:44.121+00:00,1785532241926,62897.44,62907.44,1785532242601,62971.25,62971.2,62971.3,2.10514863,2.09764729,2.3281995699999998,2.30751098,361.3
2026-07-31T21:10:52.018+00:00,1785532249704,62902.93,62912.93,1785532250501,62971.25,62971.2,62971.3,2.26714863,1.18390033,2.49877397,1.3937640199999999,307.4
2026-07-31T21:11:08.975+00:00,1785532266832,62893.59,62903.59,1785532267451,62964.149999999994,62964.1,62964.2,5.53017871,2.57513748,5.68952607,3.41349277,362.8
2026-07-31T21:11:11.314+00:00,1785532269232,62895.31,62905.31,1785532269801,62964.149999999994,62964.1,62964.2,5.53009948,2.57303538,5.68944684,3.41139067,336.6
2026-07-31T21:11:14.426+00:00,1785532272518,62888.54,62898.54,1785532272901,62964.149999999994,62964.1,62964.2,4.56686018,2.57163398,4.57479372,3.40927297,339.9
2026-07-31T21:11:16.775+00:00,1785532274732,62888.16,62898.16,1785532275251,62964.149999999994,62964.1,62964.2,4.5671278,2.57023258,4.5750613399999995,3.43726064,347.1
2026-07-31T21:11:19.122+00:00,1785532277058,62890.4,62900.4,1785532277601,62964.149999999994,62964.1,62964.2,4.5671278,2.76777338,4.5750613399999995,3.63480144,344.4
2026-07-31T21:11:21.475+00:00,1785532279356,62891.56,62901.56,1785532279951,62964.149999999994,62964.1,62964.2,4.5671278,2.74356448,4.7643406299999995,3.5812034699999997,350.4
2026-07-31T21:11:23.814+00:00,1785532281409,62891.38,62901.38,1785532282301,62964.149999999994,62964.1,62964.2,4.5671278,2.74216307,4.605138889999999,3.00135955,335.9
2026-07-31T21:11:26.175+00:00,1785532284561,62891.49,62901.49,1785532284651,62964.149999999994,62964.1,62964.2,4.56681495,2.77525569,4.6044803100000005,3.03445217,347.7
2026-07-31T21:11:28.523+00:00,1785532286645,62893.45,62903.45,1785532287001,62964.149999999994,62964.1,62964.2,5.52935649,2.77225359,5.71042967,3.03145007,345.7
2026-07-31T21:11:30.874+00:00,1785532288755,62892.71,62902.71,1785532289351,62964.149999999994,62964.1,62964.2,5.52935649,2.77177295,5.71042967,3.03096943,348.8
2026-07-31T21:11:33.220+00:00,1785532290986,62890.64,62900.64,1785532291701,62964.149999999994,62964.1,62964.2,5.69450861,1.56806462,5.73217397,1.8272610999999999,342.9
2026-07-31T21:11:35.574+00:00,1785532293076,62893.42,62903.42,1785532294051,62964.149999999994,62964.1,62964.2,5.75450861,1.23020858,5.81966665,1.6207513699999998,351.0
2026-07-31T21:11:37.924+00:00,1785532296225,62891.68,62901.68,1785532296401,62964.149999999994,62964.1,62964.2,5.74928395,1.23068024,5.83712127,1.6555338000000002,347.8
2026-07-31T21:11:40.270+00:00,1785532298296,62892.39,62902.39,1785532298751,62964.149999999994,62964.1,62964.2,5.73634195,1.22944307,5.866466819999999,1.6542966300000002,343.5
2026-07-31T21:11:42.624+00:00,1785532300436,62895.11,62905.11,1785532301101,62964.149999999994,62964.1,62964.2,5.43584152,1.22990864,5.50099956,1.6547622,344.8
2026-07-31T21:11:44.977+00:00,1785532302956,62895.29,62905.29,1785532303451,62964.149999999994,62964.1,62964.2,5.51480941,1.82141069,5.57996745,2.2462642500000003,344.6
2026-07-31T21:11:47.325+00:00,1785532305107,62896.52,62906.52,1785532305801,62964.149999999994,62964.1,62964.2,5.51480941,1.19979492,5.57996745,1.6246484799999998,345.8
2026-07-31T21:11:49.675+00:00,1785532307345,62896.87,62906.87,1785532308151,62964.149999999994,62964.1,62964.2,5.5103169,1.87806495,5.57547494,2.3029185100000005,349.0
2026-07-31T21:11:52.022+00:00,1785532309664,62897.76,62907.76,1785532310501,62964.149999999994,62964.1,62964.2,5.50316767,1.10300578,5.56832571,1.35504652,344.8
2026-07-31T21:11:54.376+00:00,1785532312704,62897.62,62907.62,1785532312851,62964.149999999994,62964.1,62964.2,5.50316767,1.66090367,5.56832571,1.91294441,349.8
2026-07-31T21:11:56.726+00:00,1785532314626,62909.57,62919.57,1785532315201,62975.850000000006,62975.8,62975.9,3.09659161,1.88833311,3.3770004000000005,1.90402628,347.8
2026-07-31T21:11:59.078+00:00,1785532316866,62911.11,62921.11,1785532317551,62975.850000000006,62975.8,62975.9,3.77659161,1.21569849,4.15274269,1.30187483,348.6
2026-07-31T21:12:01.434+00:00,1785532319105,62909.61,62919.61,1785532319901,62975.850000000006,62975.8,62975.9,3.774411,1.21569849,4.15056208,1.30187483,355.4
2026-07-31T21:12:03.773+00:00,1785532321196,62908.88,62918.88,1785532322251,62975.850000000006,62975.8,62975.9,3.04508504,2.11001432,3.3385156400000002,2.2014916,337.2
2026-07-31T21:12:06.131+00:00,1785532324407,62907.6,62917.6,1785532324601,62975.850000000006,62975.8,62975.9,3.04508504,2.11001432,3.3385156400000002,2.2014916,355.1
2026-07-31T21:12:08.477+00:00,1785532326475,62906.1,62916.1,1785532326951,62975.850000000006,62975.8,62975.9,3.42492763,2.10934152,3.7807838400000002,2.2008188000000004,344.2
2026-07-31T21:12:10.821+00:00,1785532328687,62907.97,62917.97,1785532329301,62975.850000000006,62975.8,62975.9,3.42492763,1.42705296,3.7807838400000002,1.5113969199999997,343.1
2026-07-31T21:12:13.167+00:00,1785532331043,62916.66,62926.66,1785532331651,62975.850000000006,62975.8,62975.9,4.45318849,0.07004809,5.22132099,0.23784069,338.8
2026-07-31T21:12:15.512+00:00,1785532333308,62910.37,62920.37,1785532334001,62975.850000000006,62975.8,62975.9,4.49003618,0.12903001,5.26972071,0.29682261,333.4
2026-07-31T21:12:17.876+00:00,1785532335515,62909.8,62919.8,1785532336351,62975.850000000006,62975.8,62975.9,4.48987895,0.16198238,5.25801145,0.32977498,347.6
2026-07-31T21:12:20.224+00:00,1785532337705,62915.05,62925.05,1785532338701,62975.850000000006,62975.8,62975.9,4.48987895,0.16198238,5.30751152,0.32977498,345.7
2026-07-31T21:12:22.574+00:00,1785532340008,62913.98,62923.98,1785532341051,62975.850000000006,62975.8,62975.9,4.48956606,0.15422281,5.30719863,0.32201541,347.3
2026-07-31T21:12:24.916+00:00,1785532343074,62918.44,62928.44,1785532343401,62975.850000000006,62975.8,62975.9,4.48956606,0.04302281,4.80060212,0.05603855,340.7
2026-07-31T21:12:27.276+00:00,1785532345225,62911.63,62921.63,1785532345751,62975.850000000006,62975.8,62975.9,4.48956606,0.09422281,5.2692505899999995,0.10723855,349.2
2026-07-31T21:12:29.630+00:00,1785532347899,62918.17,62928.17,1785532348101,62977.649999999994,62977.6,62977.7,6.08083821,0.06453771,7.09221938,0.06752421,351.7
2026-07-31T21:12:31.971+00:00,1785532350061,62916.76,62926.76,1785532350451,62977.649999999994,62977.6,62977.7,6.09542539,0.12453771,6.97550395,0.27562779,337.4
2026-07-31T21:12:34.376+00:00,1785532352156,62917.79,62927.79,1785532352851,62977.649999999994,62977.6,62977.7,5.44820499,0.23393426,6.32828355,0.38552870000000006,395.2
2026-07-31T21:12:36.726+00:00,1785532354253,62919.61,62929.61,1785532355201,62977.649999999994,62977.6,62977.7,6.12651761,1.08525438,7.00659617,1.23684882,345.4
2026-07-31T21:12:39.068+00:00,1785532356966,62916.28,62926.28,1785532357551,62980.149999999994,62980.1,62980.2,6.71915839,0.50381711,7.849975529999999,0.67451832,337.7
2026-07-31T21:12:41.424+00:00,1785532359105,62920.61,62930.61,1785532359901,62980.149999999994,62980.1,62980.2,6.805845,0.50381711,8.380082199999999,0.6530057200000001,348.5
2026-07-31T21:12:43.776+00:00,1785532361258,62915.55,62925.55,1785532362251,62980.149999999994,62980.1,62980.2,6.09617786,1.54505921,6.801014159999999,1.83262107,348.9
2026-07-31T21:12:46.120+00:00,1785532364365,62914.27,62924.27,1785532364601,62980.149999999994,62980.1,62980.2,6.09617786,1.46611138,6.801014159999999,1.6059386900000001,342.3
2026-07-31T21:12:48.476+00:00,1785532366556,62913.12,62923.12,1785532366951,62980.149999999994,62980.1,62980.2,6.12539434,1.46603015,6.800546379999999,1.6058126700000002,349.2
2026-07-31T21:12:50.826+00:00,1785532368647,62914.18,62924.18,1785532369301,62980.149999999994,62980.1,62980.2,6.06154526,1.43133284,6.7366972999999994,1.5709903900000002,347.9
2026-07-31T21:12:53.172+00:00,1785532370836,62913.47,62923.47,1785532371651,62980.149999999994,62980.1,62980.2,6.40154526,0.46757038,7.076697299999999,0.7432957700000001,345.0
2026-07-31T21:12:55.575+00:00,1785532373065,62915.83,62925.83,1785532374051,62980.149999999994,62980.1,62980.2,6.7343962,1.43135161,7.44128833,1.7070451400000002,397.4
2026-07-31T21:12:57.916+00:00,1785532375157,62909.8,62919.8,1785532376401,62980.149999999994,62980.1,62980.2,4.15441291,1.67955161,4.40502909,1.8764559400000003,338.1
2026-07-31T21:13:00.223+00:00,1785532377526,62908.94,62918.94,1785532378701,62980.149999999994,62980.1,62980.2,4.63387307,1.44955161,4.8731518000000005,1.6416139800000003,297.7
2026-07-31T21:13:02.564+00:00,1785532380972,62934.07,62944.07,1785532381051,63000.45,63000.4,63000.5,3.66120325,0.16846021,4.69425639,0.37425842,336.7
2026-07-31T21:13:04.924+00:00,1785532383195,62930.67,62940.67,1785532383401,63001.350000000006,63001.3,63001.4,6.53447036,0.05417845,7.50032347,0.21510950999999998,344.0
2026-07-31T21:13:07.275+00:00,1785532385365,62931.22,62941.22,1785532385751,63004.850000000006,63004.8,63004.9,2.24157662,1.92241969,3.4414617000000005,2.85071831,342.3
2026-07-31T21:13:09.626+00:00,1785532387125,62940.01,62950.01,1785532388101,63005.05,63005.0,63005.1,4.91887528,2.34188758,5.1979986899999995,2.57566702,343.6
2026-07-31T21:13:11.984+00:00,1785532389326,62938.27,62948.27,1785532390451,63011.05,63011.0,63011.1,3.96910389,1.35286056,4.2758474699999995,1.8861876500000003,355.4
2026-07-31T21:13:14.326+00:00,1785532392695,62941.41,62951.41,1785532392801,63011.05,63011.0,63011.1,3.96407782,0.97937215,4.2108373299999995,1.5126992400000001,340.9
2026-07-31T21:13:16.676+00:00,1785532394885,62944.08,62954.08,1785532395151,63011.75,63011.7,63011.8,3.1748893,0.1684623,4.47969914,0.44338881,348.9
2026-07-31T21:13:19.027+00:00,1785532396906,62945.57,62955.57,1785532397501,63011.75,63011.7,63011.8,2.02082158,2.4991442,2.3350514199999997,2.78116799,348.0
2026-07-31T21:13:21.378+00:00,1785532398936,62943.83,62953.83,1785532399851,63011.75,63011.7,63011.8,2.01986158,2.4991442,2.2055926400000003,2.64769382,349.5
2026-07-31T21:13:23.726+00:00,1785532401227,62939.83,62949.83,1785532402201,63011.850000000006,63011.8,63011.9,1.613419,1.79480296,2.3042514599999997,2.78894933,345.7
2026-07-31T21:13:26.078+00:00,1785532404353,62936.56,62946.56,1785532404551,63011.850000000006,63011.8,63011.9,1.6143619,1.79617471,1.62407495,2.7903210800000005,350.7
2026-07-31T21:13:28.428+00:00,1785532406475,62933.68,62943.68,1785532406901,63011.95,63011.9,63012.0,0.72745574,1.818742,0.79052584,3.2174018,347.6
2026-07-31T21:13:30.779+00:00,1785532408625,62933.1,62943.1,1785532409251,63011.95,63011.9,63012.0,1.74115574,1.07194632,1.92469989,2.1581480699999998,347.8
2026-07-31T21:13:33.131+00:00,1785532410685,62934.77,62944.77,1785532411601,63011.95,63011.9,63012.0,1.73563685,0.22994632,1.79870695,0.43319926000000003,351.0
2026-07-31T21:13:35.477+00:00,1785532412767,62931.63,62941.63,1785532413951,63011.95,63011.9,63012.0,0.61793685,1.37634298,0.62698809,1.9514801600000002,345.0
2026-07-31T21:13:37.828+00:00,1785532416042,62931.21,62941.21,1785532416301,63011.95,63011.9,63012.0,1.58043685,1.40704674,1.59107701,1.9821839200000002,348.7
2026-07-31T21:13:40.171+00:00,1785532418165,62931.21,62941.21,1785532418651,63011.95,63011.9,63012.0,1.58043685,1.40768571,1.59107701,2.03952444,341.9
2026-07-31T21:13:42.532+00:00,1785532420250,62932.89,62942.89,1785532421001,63012.05,63012.0,63012.1,1.5677429,1.24950055,1.6355814000000002,1.5699632700000001,351.1
2026-07-31T21:13:44.878+00:00,1785532422315,62931.13,62941.13,1785532423351,63012.05,63012.0,63012.1,0.24216823,1.6501272,0.25280839,2.342837,343.3
2026-07-31T21:13:47.228+00:00,1785532425348,62931.1,62941.1,1785532425701,63015.05,63015.0,63015.1,3.22128687,2.30745767,3.91526442,2.3946640499999994,346.6
2026-07-31T21:13:49.577+00:00,1785532427485,62931.07,62941.07,1785532428051,63015.05,63015.0,63015.1,2.82812022,2.38018693,3.30293215,2.8203533999999997,347.5
2026-07-31T21:13:51.927+00:00,1785532429607,62931.04,62941.04,1785532430401,63015.05,63015.0,63015.1,1.97431681,2.91260949,2.16293509,3.0230022799999996,346.6
2026-07-31T21:13:54.291+00:00,1785532432651,62937.27,62947.27,1785532432751,63015.05,63015.0,63015.1,1.97431681,2.91470144,2.16293509,3.0250942299999997,351.3
2026-07-31T21:13:56.633+00:00,1785532433791,62939.0,62949.0,1785532435101,63015.05,63015.0,63015.1,1.97311489,2.91470144,2.1989659599999998,3.0250942299999997,339.9
2026-07-31T21:13:58.975+00:00,1785532436913,62938.25,62948.25,1785532437451,63015.05,63015.0,63015.1,1.97273064,2.91446023,2.19858171,3.00436368,340.0
2026-07-31T21:14:01.328+00:00,1785532438936,62936.78,62946.78,1785532439801,63015.05,63015.0,63015.1,2.13473064,2.91446023,2.36058171,2.98363693,349.4
2026-07-31T21:14:03.669+00:00,1785532441146,62941.69,62951.69,1785532442151,63015.05,63015.0,63015.1,1.96783445,2.94327621,2.17210234,3.01245291,338.9
2026-07-31T21:14:06.027+00:00,1785532444356,62943.33,62953.33,1785532444501,63015.05,63015.0,63015.1,1.96567228,2.94327621,2.16994017,3.20102752,345.3
2026-07-31T21:14:08.381+00:00,1785532446396,62949.63,62959.63,1785532446851,63018.149999999994,63018.1,63018.2,1.71980175,0.41186463,1.92847685,0.5131284500000001,351.5
2026-07-31T21:14:10.730+00:00,1785532448546,62947.79,62957.79,1785532449201,63018.149999999994,63018.1,63018.2,1.71980175,0.34263254,1.8923849000000001,0.44389636,346.3
2026-07-31T21:14:13.082+00:00,1785532450637,62946.06,62956.06,1785532451551,63018.149999999994,63018.1,63018.2,1.71980175,0.52576982,1.8923849000000001,0.6270336400000002,350.8
2026-07-31T21:14:15.481+00:00,1785532452805,62943.75,62953.75,1785532453951,63018.149999999994,63018.1,63018.2,1.66828894,0.68776982,1.8408720900000002,0.7890336400000001,397.4
2026-07-31T21:14:17.829+00:00,1785532455985,62944.43,62954.43,1785532456301,63018.149999999994,63018.1,63018.2,1.66828894,0.59931528,1.8408720900000002,0.7005791,346.2
2026-07-31T21:14:20.179+00:00,1785532458211,62941.82,62951.82,1785532458651,63013.649999999994,63013.6,63013.7,1.6646896,0.23439129,1.9062095700000001,1.3106958899999999,347.1
2026-07-31T21:14:22.579+00:00,1785532460276,62940.49,62950.49,1785532461051,63013.649999999994,63013.6,63013.7,1.6646896,0.23439129,1.90619775,1.3106958899999999,396.9
2026-07-31T21:14:24.932+00:00,1785532462365,62938.56,62948.56,1785532463401,63013.649999999994,63013.6,63013.7,1.88388309,0.17728033,2.2538855900000003,1.08644,350.0
2026-07-31T21:14:27.279+00:00,1785532465466,62940.76,62950.76,1785532465751,63013.95,63013.9,63014.0,2.37642167,0.30283852,2.88455103,0.9595535699999999,345.3
2026-07-31T21:14:29.632+00:00,1785532467684,62941.37,62951.37,1785532468101,63013.95,63013.9,63014.0,2.37324443,0.45557561,2.77343435,1.2629013299999998,350.7
2026-07-31T21:14:31.984+00:00,1785532469705,62941.68,62951.68,1785532470451,63013.95,63013.9,63014.0,2.36847857,0.45557561,2.66162468,1.3394708499999999,350.1
2026-07-31T21:14:34.331+00:00,1785532471855,62944.31,62954.31,1785532472801,63013.95,63013.9,63014.0,2.20647857,0.30283852,2.65640191,0.9611531499999999,345.4
2026-07-31T21:14:36.682+00:00,1785532474945,62945.82,62955.82,1785532475151,63013.95,63013.9,63014.0,2.20583133,0.30378502,2.6557546700000003,1.14343891,348.5
2026-07-31T21:14:39.031+00:00,1785532477342,62944.89,62954.89,1785532477501,63013.95,63013.9,63014.0,2.2049449,0.30378502,2.6548682400000003,1.23515041,347.2
2026-07-31T21:14:41.376+00:00,1785532479465,62944.36,62954.36,1785532479851,63013.95,63013.9,63014.0,2.3669449,0.30378502,3.0340846100000003,1.14343891,343.1
2026-07-31T21:14:43.738+00:00,1785532481663,62943.7,62953.7,1785532482201,63013.95,63013.9,63014.0,2.3669449,0.50378502,3.0340846100000003,1.28622276,353.6
2026-07-31T21:14:46.082+00:00,1785532483826,62944.15,62954.15,1785532484551,63013.95,63013.9,63014.0,2.36573226,0.50378502,3.0328719700000004,1.2617359700000002,341.7
2026-07-31T21:14:48.419+00:00,1785532485967,62942.82,62952.82,1785532486901,63013.95,63013.9,63014.0,2.36573226,0.50378502,3.0328719700000004,1.2617359700000002,332.2
2026-07-31T21:14:50.783+00:00,1785532489147,62948.1,62958.1,1785532489251,63013.95,63013.9,63014.0,2.36573226,0.66542332,3.51145526,1.6242350700000001,349.0
2026-07-31T21:14:53.128+00:00,1785532491244,62948.43,62958.43,1785532491601,63013.95,63013.9,63014.0,2.20606709,0.66542332,3.3469053399999997,1.52843784,343.6
2026-07-31T21:14:55.530+00:00,1785532493432,62944.04,62954.04,1785532494001,63013.95,63013.9,63014.0,2.18556709,0.66541681,3.49119779,1.67627418,396.6
2026-07-31T21:14:57.887+00:00,1785532495468,62945.07,62955.07,1785532496351,63013.95,63013.9,63014.0,2.34756709,0.66541681,3.65319779,2.06759792,354.2
2026-07-31T21:15:00.220+00:00,1785532498517,62942.92,62952.92,1785532498701,63013.95,63013.9,63014.0,2.18556709,0.66541681,3.49119779,1.9603509200000002,331.8
2026-07-31T21:15:02.579+00:00,1785532500534,62944.89,62954.89,1785532501051,63013.95,63013.9,63014.0,2.34756709,0.66541681,3.65319779,1.853735,348.9
2026-07-31T21:15:04.929+00:00,1785532502624,62943.54,62953.54,1785532503401,63013.95,63013.9,63014.0,2.34756709,0.46521081,3.68335771,1.66031378,347.3
2026-07-31T21:15:07.289+00:00,1785532504686,62948.58,62958.58,1785532505751,63013.95,63013.9,63014.0,2.34756709,0.46542081,3.4466053000000003,1.6998203699999999,358.7
2026-07-31T21:15:09.633+00:00,1785532507806,62948.77,62958.77,1785532508101,63013.95,63013.9,63014.0,2.35551709,0.30378251,3.0682754100000005,1.41162148,342.1
2026-07-31T21:15:11.982+00:00,1785532509639,62950.82,62960.82,1785532510451,63013.95,63013.9,63014.0,2.35551709,0.30378251,2.62117162,1.2401864800000002,346.3
2026-07-31T21:15:14.334+00:00,1785532512753,62952.73,62962.73,1785532512801,63013.95,63013.9,63014.0,2.35506437,0.30378251,2.62019326,1.4077383600000002,350.9
2026-07-31T21:15:16.722+00:00,1785532514884,62946.87,62956.87,1785532515201,63013.95,63013.9,63014.0,2.39105806,0.30378251,2.5989934600000004,1.0796879400000001,384.2
2026-07-31T21:15:19.133+00:00,1785532516955,62950.02,62960.02,1785532517601,63013.95,63013.9,63014.0,2.39105806,0.50377882,2.5989934600000004,1.7967697400000002,401.3
2026-07-31T21:15:21.484+00:00,1785532519015,62951.45,62961.45,1785532519951,63013.95,63013.9,63014.0,2.3907727,0.50378013,2.5987081,1.27968556,347.6
2026-07-31T21:15:24.329+00:00,1785532522140,62949.2,62959.2,1785532522801,63013.95,63013.9,63014.0,2.3907727,0.50377798,2.5987081,1.27968341,329.3
2026-07-31T21:15:26.683+00:00,1785532524315,62951.9,62961.9,1785532525151,63013.95,63013.9,63014.0,2.3907727,0.50377798,2.5987081,1.27968341,351.6
2026-07-31T21:15:29.033+00:00,1785532526421,62952.68,62962.68,1785532527501,63013.95,63013.9,63014.0,2.3907227,0.5037831,2.5986581,1.19753894,347.3
2026-07-31T21:15:31.382+00:00,1785532528504,62952.67,62962.67,1785532529851,63013.95,63013.9,63014.0,2.3907227,0.5037831,2.5986581,1.16398086,347.3
2026-07-31T21:15:33.735+00:00,1785532531686,62950.61,62960.61,1785532532201,63013.95,63013.9,63014.0,2.3907227,0.5037831,2.5986581,1.22091181,349.1
2026-07-31T21:15:36.082+00:00,1785532533785,62952.65,62962.65,1785532534551,63013.95,63013.9,63014.0,2.3907227,0.50696012,2.5986581,1.07252739,331.1
2026-07-31T21:15:38.425+00:00,1785532535956,62951.3,62961.3,1785532536901,63013.95,63013.9,63014.0,2.37698499,0.50601421,2.58492039,1.07158148,342.3
2026-07-31T21:15:40.782+00:00,1785532539105,62943.72,62953.72,1785532539251,63013.95,63013.9,63014.0,2.37698499,0.50283719,2.58492039,1.2199659,349.1
2026-07-31T21:15:43.132+00:00,1785532540959,62939.86,62949.86,1785532541601,63013.95,63013.9,63014.0,0.01766162,0.79319571,0.23346767,1.63706942,348.1
2026-07-31T21:15:45.487+00:00,1785532543506,62936.33,62946.33,1785532543951,63009.55,63009.5,63009.6,1.08818637,0.51823213,1.2510864300000002,1.2004718699999999,352.4
2026-07-31T21:15:47.876+00:00,1785532545566,62933.52,62943.52,1785532546351,63009.55,63009.5,63009.6,1.57218274,0.38951914,1.7113793199999998,1.04190421,384.4
2026-07-31T21:15:50.228+00:00,1785532547601,62933.61,62943.61,1785532548701,63009.55,63009.5,63009.6,1.57219274,0.38951914,1.7113893199999999,1.1848919900000001,343.1
2026-07-31T21:15:52.580+00:00,1785532550820,62933.68,62943.68,1785532551051,63009.55,63009.5,63009.6,1.73419274,0.38475797,1.87345784,1.18013082,345.3
2026-07-31T21:15:54.933+00:00,1785532552899,62933.73,62943.73,1785532553401,63009.55,63009.5,63009.6,1.73350783,0.38458503,1.87277293,1.1799578800000001,348.3
2026-07-31T21:15:57.282+00:00,1785532554945,62934.82,62944.82,1785532555751,63009.55,63009.5,63009.6,1.75542926,0.20325906,1.9274445400000002,1.24123185,347.3
2026-07-31T21:15:59.689+00:00,1785532558066,62937.89,62947.89,1785532558151,63009.55,63009.5,63009.6,1.74804506,0.20416861,1.90363203,1.2421414,404.9
2026-07-31T21:16:02.034+00:00,1785532560146,62937.32,62947.32,1785532560501,63009.55,63009.5,63009.6,1.74804506,0.20415274,1.90363203,1.24212553,343.2
2026-07-31T21:16:04.380+00:00,1785532562307,62936.55,62946.55,1785532562851,63009.55,63009.5,63009.6,1.74775672,0.20415274,1.90334369,1.24212553,345.5
2026-07-31T21:16:06.722+00:00,1785532564364,62940.99,62950.99,1785532565201,63009.55,63009.5,63009.6,1.74775672,0.20415274,1.90334369,1.24212553,338.1
2026-07-31T21:16:09.081+00:00,1785532567491,62945.32,62955.32,1785532567551,63009.55,63009.5,63009.6,1.74775672,0.20312274,1.94976147,1.20429743,347.8
2026-07-31T21:16:11.478+00:00,1785532569535,62945.8,62955.8,1785532569951,63009.55,63009.5,63009.6,1.74775672,0.20409942,1.94976147,1.20527411,391.3
2026-07-31T21:16:13.825+00:00,1785532571607,62946.42,62956.42,1785532572301,63009.55,63009.5,63009.6,1.74775672,0.20308813,1.94976147,1.20426282,342.1
2026-07-31T21:16:16.189+00:00,1785532573675,62943.07,62953.07,1785532574651,63009.55,63009.5,63009.6,1.74775672,0.20309052,1.94976147,1.20426521,354.2
2026-07-31T21:16:18.532+00:00,1785532576800,62940.1,62950.1,1785532577001,63009.55,63009.5,63009.6,1.74906049,0.20309052,1.95106524,1.20426521,342.3
2026-07-31T21:16:20.933+00:00,1785532578793,62947.48,62957.48,1785532579401,63011.649999999994,63011.6,63011.7,2.79732578,0.3190864,3.03453441,1.14672583,398.2
2026-07-31T21:16:23.283+00:00,1785532580925,62945.55,62955.55,1785532581751,63011.649999999994,63011.6,63011.7,2.76658699,0.3186103,3.00379562,1.0689319400000001,339.3
2026-07-31T21:16:25.633+00:00,1785532583039,62947.06,62957.06,1785532584101,63011.649999999994,63011.6,63011.7,2.19483313,0.3186103,2.4446546000000002,0.7542387500000001,346.2
2026-07-31T21:16:27.984+00:00,1785532585435,62950.34,62960.34,1785532586451,63011.649999999994,63011.6,63011.7,2.37023467,0.3186103,2.60155189,0.6773935200000001,350.1
2026-07-31T21:16:30.332+00:00,1785532586457,62950.5,62960.5,1785532588801,63011.649999999994,63011.6,63011.7,2.37022199,0.3186103,2.6015392100000003,1.176623,346.1
2026-07-31T21:16:32.688+00:00,1785532586457,62950.5,62960.5,1785532591151,63011.649999999994,63011.6,63011.7,2.37003582,0.3186103,2.6013530400000002,1.17663308,352.6
2026-07-31T21:16:35.032+00:00,1785532586457,62950.5,62960.5,1785532593501,63011.649999999994,63011.6,63011.7,2.55121629,0.31607109,2.6375323500000003,1.17409621,341.7
2026-07-31T21:16:37.393+00:00,1785532594856,62948.61,62958.61,1785532595851,63011.649999999994,63011.6,63011.7,2.55109512,0.29242547,2.65324029,0.7635254399999999,357.6
2026-07-31T21:16:39.733+00:00,1785532598032,62949.53,62959.53,1785532598201,63011.649999999994,63011.6,63011.7,2.55029893,0.29231756,2.6524441,0.76342319,335.7
2026-07-31T21:16:42.076+00:00,1785532600247,62947.71,62957.71,1785532600551,63011.649999999994,63011.6,63011.7,2.61029893,0.12208658,2.74293656,0.5043086,339.6
2026-07-31T21:16:44.432+00:00,1785532602307,62945.98,62955.98,1785532602901,63011.649999999994,63011.6,63011.7,2.61029893,0.12208658,2.74293656,0.8786497,347.6
2026-07-31T21:16:46.794+00:00,1785532604496,62942.61,62952.61,1785532605251,63011.649999999994,63011.6,63011.7,3.11428965,0.12208658,3.2092001499999996,0.8786497,359.1
2026-07-31T21:16:49.134+00:00,1785532607225,62940.23,62950.23,1785532607601,63011.649999999994,63011.6,63011.7,3.11428965,0.12208658,3.2092001499999996,0.8786497,338.1
2026-07-31T21:16:51.487+00:00,1785532609267,62941.96,62951.96,1785532609951,63011.649999999994,63011.6,63011.7,3.11428965,0.12208658,3.2092001499999996,0.8786497,344.1
2026-07-31T21:16:53.822+00:00,1785532611307,62945.29,62955.29,1785532612301,63011.649999999994,63011.6,63011.7,2.63036165,0.12208658,2.72527215,0.8786497,333.4
2026-07-31T21:16:56.177+00:00,1785532613515,62948.03,62958.03,1785532614651,63011.649999999994,63011.6,63011.7,3.11631596,0.12208658,3.21122646,0.8550268700000001,341.2
2026-07-31T21:16:58.538+00:00,1785532616726,62947.72,62957.72,1785532617001,63011.649999999994,63011.6,63011.7,2.63238796,0.12208658,2.7272984599999996,0.8550268700000001,351.8
2026-07-31T21:17:00.882+00:00,1785532618806,62945.51,62955.51,1785532619351,63011.649999999994,63011.6,63011.7,3.11631596,0.12208658,3.24295161,1.1175949,341.7
2026-07-31T21:17:03.241+00:00,1785532620842,62947.35,62957.35,1785532621701,63014.45,63014.4,63014.5,4.01892679,0.43186868,4.964521459999999,1.6835309100000002,357.1
2026-07-31T21:17:05.584+00:00,1785532623965,62945.03,62955.03,1785532624051,63014.45,63014.4,63014.5,3.99002715,0.42732715,4.84541606,1.6624056000000003,340.9
2026-07-31T21:17:07.923+00:00,1785532626175,62951.37,62961.37,1785532626401,63014.45,63014.4,63014.5,3.98526162,0.30357915,4.5833673600000004,1.53340855,336.9
2026-07-31T21:17:10.335+00:00,1785532628274,62952.11,62962.11,1785532628801,63014.45,63014.4,63014.5,4.01480704,0.30357915,5.22112977,1.19214913,398.9
2026-07-31T21:17:12.686+00:00,1785532629327,62954.13,62964.13,1785532631151,63014.45,63014.4,63014.5,4.01480704,0.30357576,5.22112977,1.19214574,346.7
2026-07-31T21:17:15.032+00:00,1785532632476,62954.09,62964.09,1785532633501,63014.45,63014.4,63014.5,4.01480704,0.30357576,5.22112977,1.13384733,345.4
2026-07-31T21:17:17.392+00:00,1785532635204,62964.06,62974.06,1785532635851,63027.649999999994,63027.6,63027.7,4.17383805,0.02560675,4.7526350399999995,0.06803203000000001,355.7
2026-07-31T21:17:19.737+00:00,1785532637286,62960.02,62970.02,1785532638201,63027.649999999994,63027.6,63027.7,3.55641276,0.02691767,3.9001511100000004,0.43147724000000004,343.5
2026-07-31T21:17:22.082+00:00,1785532640336,62957.44,62967.44,1785532640551,63027.649999999994,63027.6,63027.7,3.55641276,0.02680185,3.9001511100000004,0.43136142000000005,342.4
2026-07-31T21:17:24.439+00:00,1785532642525,62959.33,62969.33,1785532642901,63028.149999999994,63028.1,63028.2,3.23633746,0.1418346,3.6804942300000003,1.1364141,349.9
2026-07-31T21:17:26.789+00:00,1785532644625,62958.44,62968.44,1785532645251,63028.149999999994,63028.1,63028.2,3.39740135,0.1418346,3.74052946,1.1364141,338.1
2026-07-31T21:17:29.133+00:00,1785532647502,62969.07,62979.07,1785532647601,63030.75,63030.7,63030.8,4.40429559,0.7670137,5.82367682,0.9011787699999999,342.2
2026-07-31T21:17:31.486+00:00,1785532649435,62952.2,62962.2,1785532649951,63022.649999999994,63022.6,63022.7,1.96046533,0.06292144,3.3149056199999993,0.4453022,345.8
2026-07-31T21:17:33.823+00:00,1785532651625,62957.08,62967.08,1785532652301,63022.649999999994,63022.6,63022.7,1.95348217,0.06292144,3.3079224599999995,0.49779832,334.8
2026-07-31T21:17:36.182+00:00,1785532654307,62963.0,62973.0,1785532654651,63022.649999999994,63022.6,63022.7,1.95202253,0.06292144,3.30646282,0.63527409,345.4
2026-07-31T21:17:38.539+00:00,1785532656185,62962.17,62972.17,1785532657001,63025.75,63025.7,63025.8,3.86678631,0.33877925,5.5391214,0.68513059,353.1
2026-07-31T21:17:40.876+00:00,1785532658525,62963.69,62973.69,1785532659351,63025.75,63025.7,63025.8,3.86263843,0.22876484,4.741865469999999,0.57068003,335.7
2026-07-31T21:17:43.288+00:00,1785532661655,62963.62,62973.62,1785532661751,63027.850000000006,63027.8,63027.9,2.6041655,0.2009833,3.56747263,0.67312854,400.6
2026-07-31T21:17:45.638+00:00,1785532663695,62964.02,62974.02,1785532664101,63027.850000000006,63027.8,63027.9,1.9221618,0.38204462,2.25472583,0.77961963,347.8
2026-07-31T21:17:47.992+00:00,1785532665816,62965.4,62975.4,1785532666451,63027.850000000006,63027.8,63027.9,1.91815974,0.38204267,2.2507237699999996,0.77961768,352.6
2026-07-31T21:17:50.335+00:00,1785532668056,62963.67,62973.67,1785532668801,63027.850000000006,63027.8,63027.9,1.94989174,0.38204267,2.2824557699999994,0.82154007,339.1
2026-07-31T21:17:52.684+00:00,1785532670586,62967.49,62977.49,1785532671151,63027.850000000006,63027.8,63027.9,2.13166122,0.2009755,2.3020559199999995,0.8229011399999999,347.2
2026-07-31T21:17:55.034+00:00,1785532673216,62963.46,62973.46,1785532673501,63027.850000000006,63027.8,63027.9,2.12850435,0.39058682,2.26935708,0.67191194,346.6
2026-07-31T21:17:57.383+00:00,1785532674831,62954.92,62964.92,1785532675851,63027.850000000006,63027.8,63027.9,0.54020709,1.55846311,0.9562841099999999,1.83156614,346.7
2026-07-31T21:17:59.734+00:00,1785532677141,62957.14,62967.14,1785532678201,63027.850000000006,63027.8,63027.9,3.0491911,0.20099026,4.297027,0.32352104,348.0
2026-07-31T21:18:02.086+00:00,1785532680319,62966.36,62976.36,1785532680551,63028.149999999994,63028.1,63028.2,3.03552581,0.10785607,4.25936311,0.74739175,349.6
2026-07-31T21:18:04.441+00:00,1785532682397,62963.74,62973.74,1785532682901,63028.149999999994,63028.1,63028.2,2.56452118,0.28412808,2.95619144,1.4649494399999998,351.6
2026-07-31T21:18:06.880+00:00,1785532684515,62958.39,62968.39,1785532685351,63028.149999999994,63028.1,63028.2,2.56882118,0.10585607,2.74636703,0.59902953,435.5
2026-07-31T21:18:09.234+00:00,1785532687645,62961.87,62971.87,1785532687701,63028.149999999994,63028.1,63028.2,2.56882118,0.10585607,2.6813054700000003,0.59902953,345.6
2026-07-31T21:18:11.590+00:00,1785532689826,62963.12,62973.12,1785532690051,63028.149999999994,63028.1,63028.2,2.56882118,0.10585607,2.74636703,0.59902953,354.0
2026-07-31T21:18:13.939+00:00,1785532691954,62965.3,62975.3,1785532692401,63028.149999999994,63028.1,63028.2,2.56882118,0.10347619,2.68084075,0.55428341,345.8
2026-07-31T21:18:16.731+00:00,1785532694156,62962.59,62972.59,1785532695201,63028.850000000006,63028.8,63028.9,2.55879591,0.06110205,4.59476209,0.45270833,790.8
2026-07-31T21:18:19.085+00:00,1785532697334,62965.99,62975.99,1785532697551,63029.05,63029.0,63029.1,1.60823485,0.20336013,3.23709248,0.61162994,347.3
2026-07-31T21:18:21.439+00:00,1785532699336,62966.5,62976.5,1785532699901,63029.05,63029.0,63029.1,1.60943485,0.19804989,2.3455093899999997,0.6063197,351.3
2026-07-31T21:18:23.787+00:00,1785532701567,62958.52,62968.52,1785532702251,63029.05,63029.0,63029.1,1.60684386,0.19802927,1.79554386,0.60629908,346.2
2026-07-31T21:18:26.127+00:00,1785532703605,62962.01,62972.01,1785532704601,63029.05,63029.0,63029.1,1.60684386,0.19802927,1.79554386,0.60629908,338.1
2026-07-31T21:18:28.492+00:00,1785532706775,62960.68,62970.68,1785532706951,63029.05,63029.0,63029.1,1.9162497,0.10302902,2.1049497,0.49179118,350.5
2026-07-31T21:18:30.837+00:00,1785532708969,62961.59,62971.59,1785532709301,63029.05,63029.0,63029.1,1.7542497,0.10302902,1.9429497,0.51417764,343.8
2026-07-31T21:18:33.189+00:00,1785532711144,62964.6,62974.6,1785532711651,63029.05,63029.0,63029.1,1.91593711,0.10302902,2.10463711,0.64350889,348.9
2026-07-31T21:18:35.532+00:00,1785532713365,62964.54,62974.54,1785532714001,63029.05,63029.0,63029.1,1.91562452,0.10302902,2.10432452,0.58374717,341.8
2026-07-31T21:18:37.888+00:00,1785532715566,62966.65,62976.65,1785532716351,63029.05,63029.0,63029.1,1.73854317,1.06137192,2.56556517,1.5424525900000001,346.6
2026-07-31T21:18:40.245+00:00,1785532717697,62966.67,62976.67,1785532718701,63029.05,63029.0,63029.1,1.67931177,1.21992999,2.50633377,1.6324970399999998,354.9
2026-07-31T21:18:42.591+00:00,1785532720095,62966.68,62976.68,1785532721051,63029.05,63029.0,63029.1,1.67931177,1.22055853,2.50633377,1.633114,344.3
2026-07-31T21:18:44.940+00:00,1785532723176,62965.87,62975.87,1785532723401,63029.05,63029.0,63029.1,1.73931177,0.18004418,2.56633377,0.59228069,348.2
2026-07-31T21:18:47.282+00:00,1785532725255,62966.57,62976.57,1785532725751,63029.05,63029.0,63029.1,1.73931177,0.17894999,2.56633377,0.5915821,339.4
2026-07-31T21:18:50.080+00:00,1785532727475,62966.71,62976.71,1785532728551,63029.05,63029.0,63029.1,1.73931177,0.17862267,2.56633377,0.51700837,789.5
2026-07-31T21:18:52.441+00:00,1785532728516,62966.72,62976.72,1785532730901,63029.05,63029.0,63029.1,1.73931177,0.17862267,2.56633377,0.51657522,349.1
2026-07-31T21:18:54.784+00:00,1785532732664,62966.74,62976.74,1785532733251,63029.05,63029.0,63029.1,1.20015573,1.21789661,1.7454513200000001,1.55603917,342.0
2026-07-31T21:18:57.189+00:00,1785532734804,62966.13,62976.13,1785532735651,63029.05,63029.0,63029.1,1.50163882,0.28681352,2.2911095199999996,0.6252808300000001,397.8
2026-07-31T21:18:59.543+00:00,1785532737902,62960.91,62970.91,1785532738001,63029.05,63029.0,63029.1,1.44163882,0.28681352,2.70330511,0.6252326300000001,352.0
2026-07-31T21:19:01.876+00:00,1785532739942,62961.43,62971.43,1785532740351,63029.05,63029.0,63029.1,1.50083048,0.17781352,2.7624967700000003,1.02102535,330.8
2026-07-31T21:19:04.238+00:00,1785532742073,62960.94,62970.94,1785532742701,63029.05,63029.0,63029.1,1.49841003,0.17714717,2.48391812,1.020359,348.3
2026-07-31T21:19:06.591+00:00,1785532744224,62958.76,62968.76,1785532745051,63029.05,63029.0,63029.1,1.64978376,0.17714717,2.3161208500000003,1.03716062,351.0
2026-07-31T21:19:08.937+00:00,1785532746483,62960.34,62970.34,1785532747401,63029.05,63029.0,63029.1,1.64961122,0.17666282,2.31594831,1.03667627,345.0
2026-07-31T21:19:11.287+00:00,1785532748779,62960.68,62970.68,1785532749751,63029.05,63029.0,63029.1,1.64961122,0.17666282,2.41704895,1.03667627,347.6
2026-07-31T21:19:13.627+00:00,1785532752004,62966.81,62976.81,1785532752101,63029.05,63029.0,63029.1,2.15650837,0.1761107,2.9293875999999996,1.03612415,338.6
2026-07-31T21:19:15.995+00:00,1785532754095,62967.05,62977.05,1785532754451,63029.05,63029.0,63029.1,2.15308841,0.1761107,2.92596764,1.03612415,355.4
2026-07-31T21:19:18.327+00:00,1785532756430,62964.9,62974.9,1785532756801,63029.05,63029.0,63029.1,2.15141002,0.1761107,2.9242892499999997,1.03612415,330.9
2026-07-31T21:19:20.689+00:00,1785532758564,62968.15,62978.15,1785532759151,63035.350000000006,63035.3,63035.4,3.14764414,0.24338705,4.78169822,0.24600684,345.9
2026-07-31T21:19:23.043+00:00,1785532761301,62967.65,62977.65,1785532761501,63036.05,63036.0,63036.1,2.69937513,1.55081321,3.18549756,1.74643462,350.8
2026-07-31T21:19:25.391+00:00,1785532763350,62970.17,62980.17,1785532763851,63036.05,63036.0,63036.1,2.74020743,1.53408209,3.3794357799999997,1.7297035000000003,346.8
2026-07-31T21:19:27.785+00:00,1785532765383,62971.93,62981.93,1785532766251,63036.05,63036.0,63036.1,3.36275752,1.69608209,3.5584894000000005,1.8917035000000002,391.8
2026-07-31T21:19:30.136+00:00,1785532767495,62974.04,62984.04,1785532768601,63036.05,63036.0,63036.1,3.36275752,1.5322797,3.55847126,1.72790111,346.5
2026-07-31T21:19:32.491+00:00,1785532770692,62973.31,62983.31,1785532770951,63036.05,63036.0,63036.1,3.36256291,1.52778472,3.55827665,1.7234061300000003,346.4
2026-07-31T21:19:34.833+00:00,1785532773144,62972.7,62982.7,1785532773301,63036.05,63036.0,63036.1,3.42707375,1.52778472,3.62278749,1.7234061300000003,331.1
2026-07-31T21:19:37.189+00:00,1785532775455,62974.1,62984.1,1785532775651,63036.05,63036.0,63036.1,3.42679055,1.52778472,3.62250429,1.7234061300000003,347.1
2026-07-31T21:19:39.541+00:00,1785532777583,62974.45,62984.45,1785532778001,63036.05,63036.0,63036.1,3.4266858,1.52778472,3.51997221,1.7234061300000003,347.9
2026-07-31T21:19:41.882+00:00,1785532780013,62971.13,62981.13,1785532780351,63036.05,63036.0,63036.1,3.4266858,1.50893045,3.51997221,1.70455186,338.6
2026-07-31T21:19:44.240+00:00,1785532782054,62971.23,62981.23,1785532782701,63036.05,63036.0,63036.1,2.85187585,1.67209873,3.04758959,1.8677201400000003,348.6
2026-07-31T21:19:46.581+00:00,1785532784584,62967.09,62977.09,1785532785051,63036.05,63036.0,63036.1,2.62786616,1.7207178,3.1598730500000003,1.9163392100000003,334.7
2026-07-31T21:19:48.943+00:00,1785532786460,62961.53,62971.53,1785532787401,63036.05,63036.0,63036.1,2.37426116,1.68123737,3.52903943,1.87685878,348.7
2026-07-31T21:19:51.290+00:00,1785532789474,62958.16,62968.16,1785532789751,63029.649999999994,63029.6,63029.7,1.37301008,1.18383449,2.5649637,1.4454170800000001,345.6
2026-07-31T21:19:53.629+00:00,1785532791251,62956.53,62966.53,1785532792101,63029.649999999994,63029.6,63029.7,1.18207828,1.18383449,2.0931577499999996,1.37177793,336.0
2026-07-31T21:19:55.988+00:00,1785532793483,62956.37,62966.37,1785532794451,63029.649999999994,63029.6,63029.7,1.24621725,0.29740344,2.38529732,0.6617828800000001,347.1
2026-07-31T21:19:58.333+00:00,1785532796603,62948.66,62958.66,1785532796801,63024.55,63024.5,63024.6,1.00350863,2.39819422,1.64206242,2.77229012,343.5
2026-07-31T21:20:00.692+00:00,1785532799076,62943.65,62953.65,1785532799151,63013.649999999994,63013.6,63013.7,0.83431986,1.86895836,0.85144824,2.6752916299999994,351.8
2026-07-31T21:20:03.093+00:00,1785532801263,62940.58,62950.58,1785532801551,63013.649999999994,63013.6,63013.7,1.4587207,1.86895836,1.4758490800000001,2.5056796999999995,399.1
2026-07-31T21:20:05.439+00:00,1785532803119,62940.39,62950.39,1785532803901,63013.649999999994,63013.6,63013.7,1.38389671,1.8684032,1.40102509,2.3626263999999995,343.6
2026-07-31T21:20:07.793+00:00,1785532805495,62942.28,62952.28,1785532806251,63013.649999999994,63013.6,63013.7,1.60472322,0.23063602,1.6218516,1.00078227,352.7
2026-07-31T21:20:10.140+00:00,1785532808495,62946.1,62956.1,1785532808601,63015.95,63015.9,63016.0,2.69326333,0.51983793,3.4951260000000004,0.8231350800000001,344.7
2026-07-31T21:20:12.490+00:00,1785532810639,62948.47,62958.47,1785532810951,63015.95,63015.9,63016.0,1.6584047,1.2497642,2.29823867,1.6896521,347.5
2026-07-31T21:20:14.836+00:00,1785532812807,62950.14,62960.14,1785532813301,63015.95,63015.9,63016.0,1.6584047,1.2495831,2.29823867,1.689471,344.3
2026-07-31T21:20:17.191+00:00,1785532814907,62951.11,62961.11,1785532815651,63015.95,63015.9,63016.0,1.64943032,1.24957442,2.28926429,1.68946232,349.3
2026-07-31T21:20:19.532+00:00,1785532817036,62949.02,62959.02,1785532818001,63015.95,63015.9,63016.0,1.64943032,0.51999663,2.3226029,0.96177033,340.2
2026-07-31T21:20:21.892+00:00,1785532819455,62952.42,62962.42,1785532820351,63015.95,63015.9,63016.0,1.64943032,0.5199934,2.3090166200000004,0.9617671000000001,350.4
2026-07-31T21:20:24.238+00:00,1785532821596,62953.78,62963.78,1785532822701,63015.95,63015.9,63016.0,1.6475725,0.5199934,2.32074508,0.9617671000000001,344.1
2026-07-31T21:20:26.590+00:00,1785532823976,62953.77,62963.77,1785532825051,63015.95,63015.9,63016.0,1.62900723,0.46583923,2.30217981,0.88539765,349.4
2026-07-31T21:20:28.940+00:00,1785532823976,62953.77,62963.77,1785532827401,63015.95,63015.9,63016.0,1.62021743,0.51999923,2.28606948,0.93955765,347.2
2026-07-31T21:20:31.290+00:00,1785532828705,62952.61,62962.61,1785532829751,63015.95,63015.9,63016.0,1.62021743,0.51999579,2.28606948,0.94013785,342.6
2026-07-31T21:20:33.641+00:00,1785532831202,62950.78,62960.78,1785532832101,63015.95,63015.9,63016.0,1.62021743,0.51999579,2.28606948,0.9391730500000001,350.8
2026-07-31T21:20:35.995+00:00,1785532833507,62947.38,62957.38,1785532834451,63015.95,63015.9,63016.0,1.63582965,0.52039711,1.8627702800000003,0.96028501,350.8
2026-07-31T21:20:38.337+00:00,1785532836756,62944.46,62954.46,1785532836801,63015.95,63015.9,63016.0,1.63582965,0.52039711,2.30900224,0.93955948,340.8
2026-07-31T21:20:40.694+00:00,1785532838928,62943.34,62953.34,1785532839151,63015.95,63015.9,63016.0,1.63582965,0.52039711,2.30900224,0.9895713899999999,346.1
2026-07-31T21:20:43.050+00:00,1785532841336,62942.53,62952.53,1785532841501,63015.95,63015.9,63016.0,1.63582965,0.51040395,2.30900224,0.9648996400000001,355.2
2026-07-31T21:20:45.391+00:00,1785532843554,62942.52,62952.52,1785532843851,63015.95,63015.9,63016.0,1.63505717,0.52046534,2.08666848,0.94878321,340.2
2026-07-31T21:20:47.745+00:00,1785532845709,62943.09,62953.09,1785532846201,63015.95,63015.9,63016.0,1.61556161,0.52067947,1.8425022400000004,0.94899752,350.9
2026-07-31T21:20:50.097+00:00,1785532847995,62943.85,62953.85,1785532848551,63015.95,63015.9,63016.0,1.61414009,0.52067947,1.8410807200000003,0.94899752,350.4
2026-07-31T21:20:52.442+00:00,1785532850451,62944.77,62954.77,1785532850901,63015.95,63015.9,63016.0,1.61414009,0.52067947,1.9075774700000003,0.94899752,343.2
2026-07-31T21:20:54.794+00:00,1785532852699,62945.67,62955.67,1785532853251,63015.95,63015.9,63016.0,1.61414009,0.52067947,1.8177728200000003,0.94899752,351.2
2026-07-31T21:20:57.141+00:00,1785532854738,62946.36,62956.36,1785532855601,63015.95,63015.9,63016.0,1.61414009,0.52067947,1.8177728200000003,0.94899752,344.2
2026-07-31T21:20:59.494+00:00,1785532856855,62944.92,62954.92,1785532857951,63015.95,63015.9,63016.0,1.45214009,0.52061717,1.9037514000000004,0.93457755,352.2
2026-07-31T21:21:01.893+00:00,1785532860199,62944.46,62954.46,1785532860351,63015.95,63015.9,63016.0,1.59324009,0.520193,1.7973737000000003,0.9122171500000001,396.4
2026-07-31T21:21:04.242+00:00,1785532862306,62946.09,62956.09,1785532862701,63015.95,63015.9,63016.0,1.84133842,0.520193,1.8717791500000003,0.9122171500000001,348.6
2026-07-31T21:21:06.591+00:00,1785532864454,62947.24,62957.24,1785532865051,63015.95,63015.9,63016.0,1.81699495,0.61572826,1.8474356800000002,1.00775241,346.9
2026-07-31T21:21:08.943+00:00,1785532866534,62945.56,62955.56,1785532867401,63015.95,63015.9,63016.0,1.81699495,0.52019297,1.8474356800000002,0.9122171200000001,347.1
2026-07-31T21:21:11.290+00:00,1785532867625,62947.45,62957.45,1785532869751,63015.95,63015.9,63016.0,1.81660196,0.52019297,1.8470426900000003,0.9122171200000001,342.7
2026-07-31T21:21:13.644+00:00,1785532871418,62950.95,62960.95,1785532872101,63015.95,63015.9,63016.0,1.65460196,0.61995826,1.8815425900000002,1.06009661,349.8
2026-07-31T21:21:15.996+00:00,1785532873527,62951.17,62961.17,1785532874451,63015.95,63015.9,63016.0,1.65460196,0.52019297,1.8815425900000002,0.9603313200000001,349.7
2026-07-31T21:21:18.342+00:00,1785532875707,62950.63,62960.63,1785532876801,63015.95,63015.9,63016.0,1.69835661,0.52226445,1.9252972400000004,0.93622578,344.3
2026-07-31T21:21:20.689+00:00,1785532878983,62949.48,62959.48,1785532879151,63015.95,63015.9,63016.0,1.69835661,0.62082974,1.9252972400000004,1.03479107,345.6
2026-07-31T21:21:23.043+00:00,1785532881238,62948.9,62958.9,1785532881501,63015.95,63015.9,63016.0,1.86745072,0.62082974,2.28838195,1.03479107,349.5
2026-07-31T21:21:25.394+00:00,1785532883266,62948.59,62958.59,1785532883851,63015.95,63015.9,63016.0,1.86662319,0.52106445,2.0734673100000003,0.9612028000000001,347.3
2026-07-31T21:21:27.745+00:00,1785532885452,62948.75,62958.75,1785532886201,63015.95,63015.9,63016.0,1.70362364,0.52207305,1.9305642700000003,0.9360339800000002,348.5
2026-07-31T21:21:30.095+00:00,1785532887541,62943.98,62953.98,1785532888551,63015.95,63015.9,63016.0,1.86545664,0.62183834,2.09239727,1.03579927,348.4
2026-07-31T21:21:32.439+00:00,1785532890587,62947.04,62957.04,1785532890901,63015.95,63015.9,63016.0,1.70345664,0.62183834,1.9303972700000003,1.03579927,341.3
2026-07-31T21:21:34.794+00:00,1785532892707,62948.82,62958.82,1785532893251,63015.95,63015.9,63016.0,1.8630966,0.52207305,2.07017045,0.9360339800000002,346.5
2026-07-31T21:21:37.147+00:00,1785532894987,62948.36,62958.36,1785532895601,63015.95,63015.9,63016.0,1.8902933,0.62283206,2.09736715,1.0367934200000002,350.1
2026-07-31T21:21:39.494+00:00,1785532897703,62949.85,62959.85,1785532897951,63015.95,63015.9,63016.0,1.81442403,0.62283308,2.02149788,1.0367944400000002,345.5
2026-07-31T21:21:41.845+00:00,1785532899844,62948.48,62958.48,1785532900301,63015.95,63015.9,63016.0,1.80926341,0.62283702,2.0163372600000002,1.03679838,348.7
2026-07-31T21:21:44.194+00:00,1785532902026,62951.51,62961.51,1785532902651,63015.95,63015.9,63016.0,1.80926341,0.52307173,2.0163372600000002,0.93703309,348.0
2026-07-31T21:21:46.547+00:00,1785532904335,62952.72,62962.72,1785532905001,63015.95,63015.9,63016.0,1.66429165,0.62283702,1.8713655000000002,1.03679838,346.1
2026-07-31T21:21:48.889+00:00,1785532906450,62950.52,62960.52,1785532907351,63015.95,63015.9,63016.0,1.66329205,0.62383751,1.8703659000000001,1.03779887,341.6
2026-07-31T21:21:51.247+00:00,1785532909545,62950.62,62960.62,1785532909701,63015.95,63015.9,63016.0,1.18976664,1.44927378,1.1921183700000002,1.905247,351.9
2026-07-31T21:21:53.596+00:00,1785532911775,62946.52,62956.52,1785532912051,63015.95,63015.9,63016.0,1.45514106,1.24970349,1.6815355600000004,1.7056762499999998,346.6
2026-07-31T21:21:55.939+00:00,1785532913873,62945.72,62955.72,1785532914401,63015.95,63015.9,63016.0,1.69083355,0.62368711,1.9640618700000003,1.03764793,341.1
2026-07-31T21:21:58.294+00:00,1785532915885,62946.68,62956.68,1785532916751,63015.95,63015.9,63016.0,1.52811941,0.62368711,1.7820782900000003,1.03764793,346.8
2026-07-31T21:22:00.641+00:00,1785532918965,62947.63,62957.63,1785532919101,63015.95,63015.9,63016.0,1.69011941,0.52392182,1.6935815400000003,0.93788264,344.2
2026-07-31T21:22:02.993+00:00,1785532921025,62947.66,62957.66,1785532921451,63015.95,63015.9,63016.0,1.69011941,0.52462025,1.9661049300000002,0.9385810700000001,349.9
2026-07-31T21:22:05.352+00:00,1785532923140,62949.29,62959.29,1785532923801,63015.95,63015.9,63016.0,1.60402108,0.61344019,1.8800066000000002,1.0274010100000002,354.6
2026-07-31T21:22:07.694+00:00,1785532925165,62949.64,62959.64,1785532926151,63015.95,63015.9,63016.0,1.60402108,0.61344019,1.8800066000000002,1.0274011200000002,340.5
2026-07-31T21:22:10.044+00:00,1785532927624,62958.78,62968.78,1785532928501,63024.149999999994,63024.1,63024.2,3.75607914,0.18210974,4.1446439999999996,0.18329464,345.2
2026-07-31T21:22:12.394+00:00,1785532930309,62962.27,62972.27,1785532930851,63027.649999999994,63027.6,63027.7,2.78226945,0.21392803,4.0400078399999995,0.41495140999999997,345.4
2026-07-31T21:22:14.689+00:00,1785532932341,62961.89,62971.89,1785532933151,63036.05,63036.0,63036.1,2.59069995,1.42247721,4.294567229999999,1.55050017,292.9
2026-07-31T21:22:17.042+00:00,1785532935340,62966.56,62976.56,1785532935501,63036.05,63036.0,63036.1,0.8673506,1.56938624,0.9452924399999998,1.66786187,342.1
2026-07-31T21:22:19.396+00:00,1785532936886,62969.35,62979.35,1785532937851,63036.05,63036.0,63036.1,1.38516568,1.5673195,1.7393518800000003,1.57114409,347.5
2026-07-31T21:22:21.750+00:00,1785532939805,62971.87,62981.87,1785532940201,63036.05,63036.0,63036.1,1.28875281,1.56328794,1.3708944400000003,1.56711253,351.4
2026-07-31T21:22:24.096+00:00,1785532942116,62969.29,62979.29,1785532942551,63036.05,63036.0,63036.1,1.28875281,1.56325622,1.5136446000000001,1.56708081,344.1
2026-07-31T21:22:26.447+00:00,1785532944190,62966.27,62976.27,1785532944901,63036.05,63036.0,63036.1,1.45044018,1.20149019,1.8065231000000002,1.20531478,348.6
2026-07-31T21:22:28.796+00:00,1785532946284,62965.5,62975.5,1785532947251,63036.05,63036.0,63036.1,1.70913815,1.20010339,1.9167142900000003,1.20392798,347.6
2026-07-31T21:22:31.147+00:00,1785532949386,62964.51,62974.51,1785532949601,63036.05,63036.0,63036.1,1.44607616,1.20110339,1.6484753900000002,1.2049279800000001,348.4
2026-07-31T21:22:33.497+00:00,1785532951432,62966.22,62976.22,1785532951951,63036.05,63036.0,63036.1,1.27981691,1.44568645,1.3577587500000003,1.44951104,347.7
2026-07-31T21:22:35.847+00:00,1785532953455,62966.42,62976.42,1785532954301,63036.05,63036.0,63036.1,1.27988617,1.44568645,1.87544451,1.44951104,348.2
2026-07-31T21:22:38.189+00:00,1785532955606,62966.3,62976.3,1785532956651,63036.05,63036.0,63036.1,1.64949809,1.15730925,2.7255221499999998,1.16113384,340.7
2026-07-31T21:22:40.547+00:00,1785532958767,62960.52,62970.52,1785532959001,63036.05,63036.0,63036.1,1.27836655,1.45231607,1.9341353000000001,1.45614066,351.9
2026-07-31T21:22:42.895+00:00,1785532960995,62962.49,62972.49,1785532961351,63036.05,63036.0,63036.1,1.27836655,1.35255078,1.9341353000000001,1.35637537,345.5
2026-07-31T21:22:45.246+00:00,1785532963025,62964.36,62974.36,1785532963701,63036.05,63036.0,63036.1,1.27836655,1.3367059,1.9341353000000001,1.34053049,348.8
2026-07-31T21:22:47.595+00:00,1785532965256,62961.42,62971.42,1785532966051,63036.05,63036.0,63036.1,1.50312652,1.41944844,2.15889527,1.42327303,347.5
2026-07-31T21:22:49.948+00:00,1785532967367,62961.37,62971.37,1785532968401,63036.05,63036.0,63036.1,1.50281482,1.31968315,2.15858357,1.32350774,351.7
2026-07-31T21:22:52.298+00:00,1785532970496,62962.8,62972.8,1785532970751,63036.05,63036.0,63036.1,1.50281482,1.31968315,2.15858357,1.32350774,348.6
2026-07-31T21:22:54.641+00:00,1785532972746,62966.04,62976.04,1785532973101,63036.05,63036.0,63036.1,1.34081482,1.2460149,1.99268687,1.24983949,341.1
2026-07-31T21:22:56.994+00:00,1785532974832,62967.85,62977.85,1785532975451,63036.05,63036.0,63036.1,1.34081482,1.36390255,1.99268687,1.36772714,348.5
2026-07-31T21:22:59.342+00:00,1785532974832,62967.85,62977.85,1785532977801,63036.05,63036.0,63036.1,1.50281482,1.26413726,2.1663002899999997,1.36772714,343.3
2026-07-31T21:23:01.695+00:00,1785532980036,62962.23,62972.23,1785532980151,63036.05,63036.0,63036.1,1.50262707,1.26413726,2.1661125400000003,1.26796185,348.9
2026-07-31T21:23:03.993+00:00,1785532982141,62964.5,62974.5,1785532982451,63036.05,63036.0,63036.1,1.50105461,1.26395776,2.16454008,1.26778235,296.7
2026-07-31T21:23:06.346+00:00,1785532984276,62968.15,62978.15,1785532984801,63036.05,63036.0,63036.1,1.56734818,1.36144578,2.3811921899999997,1.36527037,349.2
2026-07-31T21:23:08.689+00:00,1785532986367,62966.88,62976.88,1785532987151,63036.05,63036.0,63036.1,1.56734818,1.26145049,2.3811921899999997,1.26527508,341.0
2026-07-31T21:23:11.045+00:00,1785532988516,62966.19,62976.19,1785532989501,63036.05,63036.0,63036.1,1.54550732,1.26074049,2.35935133,1.2645650800000001,347.7
2026-07-31T21:23:13.387+00:00,1785532991709,62967.54,62977.54,1785532991851,63036.05,63036.0,63036.1,1.54522664,1.26074049,2.3228162400000003,1.2645650800000001,338.4
2026-07-31T21:23:15.737+00:00,1785532993815,62967.15,62977.15,1785532994201,63036.05,63036.0,63036.1,1.54522664,1.26565969,2.3228162400000003,1.26948428,337.6
2026-07-31T21:23:18.147+00:00,1785532995859,62968.82,62978.82,1785532996601,63036.05,63036.0,63036.1,1.54068255,1.26468694,2.3182721500000003,1.26851153,399.0
2026-07-31T21:23:20.486+00:00,1785532998072,62968.73,62978.73,1785532998951,63036.05,63036.0,63036.1,1.37868255,1.26468694,2.1925265599999997,1.26851153,337.6
2026-07-31T21:23:22.842+00:00,1785533000341,62972.16,62982.16,1785533001301,63036.05,63036.0,63036.1,1.58210098,1.26151694,2.31002083,1.26534153,341.7
2026-07-31T21:23:25.197+00:00,1785533003535,62968.72,62978.72,1785533003651,63036.05,63036.0,63036.1,1.58210098,1.26271694,2.31002083,1.26654153,351.5
2026-07-31T21:23:27.550+00:00,1785533005683,62969.85,62979.85,1785533006001,63036.05,63036.0,63036.1,1.58210098,1.26071694,2.31002083,1.26454153,350.5
2026-07-31T21:23:29.900+00:00,1785533007826,62970.83,62980.83,1785533008351,63036.05,63036.0,63036.1,1.13160064,1.26071694,1.94544465,1.26454153,349.1
2026-07-31T21:23:32.249+00:00,1785533009906,62968.44,62978.44,1785533010701,63036.05,63036.0,63036.1,1.46354217,1.26070584,2.4350905,1.26453043,348.0
2026-07-31T21:23:34.637+00:00,1785533012196,62970.28,62980.28,1785533013101,63036.05,63036.0,63036.1,1.46336135,1.25991424,2.43490968,1.26373883,385.6
2026-07-31T21:23:37.000+00:00,1785533014526,62970.39,62980.39,1785533015451,63036.05,63036.0,63036.1,1.46132548,1.25991424,2.43287381,1.26373883,352.0
2026-07-31T21:23:39.348+00:00,1785533016565,62970.77,62980.77,1785533017801,63036.05,63036.0,63036.1,1.62332548,1.20496885,2.4053118,1.20879344,346.8
2026-07-31T21:23:41.700+00:00,1785533020075,62969.94,62979.94,1785533020151,63036.05,63036.0,63036.1,1.62332548,0.98838512,2.6138942300000005,0.99220971,350.5
2026-07-31T21:23:44.049+00:00,1785533022350,62967.57,62977.57,1785533022501,63036.05,63036.0,63036.1,1.68049311,0.98838512,2.6710618600000005,0.99220971,346.9
2026-07-31T21:23:46.397+00:00,1785533024038,62970.01,62980.01,1785533024851,63036.05,63036.0,63036.1,1.68020069,0.84415571,2.89745307,0.99823863,344.8
2026-07-31T21:23:48.748+00:00,1785533026368,62972.35,62982.35,1785533027201,63036.05,63036.0,63036.1,1.67513974,0.78143652,2.65662227,0.93551944,347.8
2026-07-31T21:23:51.097+00:00,1785533028605,62971.51,62981.51,1785533029551,63036.05,63036.0,63036.1,1.69840462,0.78143652,2.67985737,0.93551944,347.7
2026-07-31T21:23:53.448+00:00,1785533030735,62973.44,62983.44,1785533031901,63036.05,63036.0,63036.1,2.33531248,0.78143652,3.34433749,0.93551944,349.7
2026-07-31T21:23:55.793+00:00,1785533033915,62972.57,62982.57,1785533034251,63036.05,63036.0,63036.1,2.39609599,0.78143652,3.40536509,0.93551944,342.5
2026-07-31T21:23:58.149+00:00,1785533036055,62974.74,62984.74,1785533036601,63036.05,63036.0,63036.1,2.39609599,0.78143652,3.40536509,0.93551944,351.1
2026-07-31T21:24:00.485+00:00,1785533038236,62967.47,62977.47,1785533038951,63036.05,63036.0,63036.1,2.45955174,0.78143652,3.4410291300000004,0.93551944,334.4
2026-07-31T21:24:02.897+00:00,1785533040275,62967.45,62977.45,1785533041351,63036.05,63036.0,63036.1,2.45955174,0.78143652,3.4394897000000006,0.93294408,398.0
2026-07-31T21:24:05.247+00:00,1785533042415,62967.43,62977.43,1785533043701,63036.05,63036.0,63036.1,2.45955174,0.78114763,3.1121193900000006,0.93265722,344.9
2026-07-31T21:24:07.600+00:00,1785533045852,62968.22,62978.22,1785533046051,63036.05,63036.0,63036.1,2.45955174,0.7808256,3.0841638000000002,0.93233519,349.5
2026-07-31T21:24:09.954+00:00,1785533048058,62968.53,62978.53,1785533048401,63036.05,63036.0,63036.1,2.29115272,0.78061155,2.91563582,0.93212114,350.5
2026-07-31T21:24:12.294+00:00,1785533050154,62969.27,62979.27,1785533050751,63036.05,63036.0,63036.1,2.29526685,0.78061155,2.91974995,0.93212114,336.8
2026-07-31T21:24:14.646+00:00,1785533052385,62972.27,62982.27,1785533053101,63039.149999999994,63039.1,63039.2,4.75488742,0.22917271,4.8951513900000005,0.41979416,348.4
2026-07-31T21:24:17.001+00:00,1785533054505,62973.38,62983.38,1785533055451,63039.149999999994,63039.1,63039.2,4.95689665,0.20526568,5.09716062,0.39438713000000003,350.4
2026-07-31T21:24:19.357+00:00,1785533057570,62971.85,62981.85,1785533057801,63039.149999999994,63039.1,63039.2,4.95689665,0.13215263,5.09716062,0.32127408,354.2
2026-07-31T21:24:21.701+00:00,1785533059416,62977.31,62987.31,1785533060151,63041.45,63041.4,63041.5,4.14387227,0.17322538,4.532072050000001,0.45240640000000004,341.6
2026-07-31T21:24:24.046+00:00,1785533061785,62977.02,62987.02,1785533062501,63041.45,63041.4,63041.5,4.20387227,0.13489539,4.5920720500000005,0.41407641000000006,344.7
2026-07-31T21:24:26.384+00:00,1785533063918,62974.79,62984.79,1785533064851,63041.45,63041.4,63041.5,4.20387227,0.13489539,4.5920720500000005,0.41407641000000006,334.8
2026-07-31T21:24:28.747+00:00,1785533066555,62972.07,62982.07,1785533067201,63041.45,63041.4,63041.5,4.39841248,0.13172764,4.786612260000001,0.41090866000000004,346.9
2026-07-31T21:24:31.099+00:00,1785533068645,62972.01,62982.01,1785533069551,63041.45,63041.4,63041.5,4.39841248,0.13172764,4.786612260000001,0.36388303,350.7
2026-07-31T21:24:33.451+00:00,1785533071680,62976.11,62986.11,1785533071901,63041.45,63041.4,63041.5,4.39841248,0.13155173,4.786612260000001,0.21433211,349.3
2026-07-31T21:24:35.803+00:00,1785533073684,62976.1,62986.1,1785533074251,63041.45,63041.4,63041.5,4.39727973,0.13155173,4.785479510000001,0.19369178,350.0
2026-07-31T21:24:38.152+00:00,1785533075720,62979.87,62989.87,1785533076601,63041.45,63041.4,63041.5,4.1646944,0.23220206,4.4549082900000005,0.23375421,346.6
2026-07-31T21:24:40.486+00:00,1785533078748,62971.07,62981.07,1785533078951,63041.45,63041.4,63041.5,4.15775075,0.23220206,4.546634569999999,0.23375421,332.9
2026-07-31T21:24:42.849+00:00,1785533080916,62967.55,62977.55,1785533081301,63041.45,63041.4,63041.5,3.93493577,0.23220206,4.564834610000001,0.23375421,348.4
2026-07-31T21:24:45.190+00:00,1785533082975,62971.6,62981.6,1785533083651,63041.45,63041.4,63041.5,3.93493577,0.21830207,5.120968380000001,0.21985422,339.5
2026-07-31T21:24:47.548+00:00,1785533085426,62971.06,62981.06,1785533086001,63041.45,63041.4,63041.5,3.93493577,0.11314009,5.120968380000001,0.11469224,347.1
2026-07-31T21:24:49.899+00:00,1785533087544,62969.34,62979.34,1785533088351,63041.45,63041.4,63041.5,3.93445391,0.11314009,5.120486520000001,0.21445752999999998,349.1
2026-07-31T21:24:52.248+00:00,1785533089695,62969.23,62979.23,1785533090701,63041.45,63041.4,63041.5,3.93445391,0.09924009,5.120486520000001,0.10079224,347.2
2026-07-31T21:24:54.596+00:00,1785533092836,62970.27,62980.27,1785533093051,63041.45,63041.4,63041.5,3.99445391,0.15156188,5.01857519,0.15311403,343.9
2026-07-31T21:24:56.948+00:00,1785533094187,62969.64,62979.64,1785533095401,63041.45,63041.4,63041.5,3.93445391,0.15156188,4.95857519,0.15311403,348.7
2026-07-31T21:24:59.289+00:00,1785533096692,62967.73,62977.73,1785533097751,63041.45,63041.4,63041.5,3.93373838,0.15250671,5.5329153600000005,0.15405886,338.8
2026-07-31T21:25:01.642+00:00,1785533099792,62967.42,62977.42,1785533100101,63041.45,63041.4,63041.5,3.02660626,0.98414824,3.4025293199999997,0.9857003899999999,340.6
2026-07-31T21:25:04.006+00:00,1785533101970,62957.78,62967.78,1785533102451,63026.649999999994,63026.6,63026.7,4.98703634,0.20654137,5.48872644,0.80875126,354.7
2026-07-31T21:25:06.345+00:00,1785533104015,62955.84,62965.84,1785533104801,63026.649999999994,63026.6,63026.7,1.1598715,1.31321322,2.00937527,2.11240587,336.6
2026-07-31T21:25:08.703+00:00,1785533106706,62943.31,62953.31,1785533107151,63017.649999999994,63017.6,63017.7,1.6176828,1.1687623,1.7431304500000002,1.26979138,353.4
2026-07-31T21:25:11.054+00:00,1785533108716,62944.84,62954.84,1785533109501,63017.649999999994,63017.6,63017.7,1.8410191,1.1687623,1.9664667500000002,1.1784667500000001,349.4
2026-07-31T21:25:13.399+00:00,1785533111655,62957.66,62967.66,1785533111851,63023.649999999994,63023.6,63023.7,3.68248641,0.15866506,4.90654933,0.18805391,342.9
2026-07-31T21:25:15.751+00:00,1785533113677,62956.91,62966.91,1785533114201,63023.649999999994,63023.6,63023.7,3.68248641,0.45812279,4.872440269999999,0.56173447,349.8
2026-07-31T21:25:18.099+00:00,1785533115825,62956.73,62966.73,1785533116551,63023.649999999994,63023.6,63023.7,3.68248641,0.1583575,4.9080499699999995,0.26196916,346.5
2026-07-31T21:25:20.451+00:00,1785533118814,62958.17,62968.17,1785533118901,63023.649999999994,63023.6,63023.7,3.50337762,0.1583575,4.71454221,0.26196916,349.7
2026-07-31T21:25:22.798+00:00,1785533121010,62959.94,62969.94,1785533121251,63023.649999999994,63023.6,63023.7,3.50337762,0.15718652,4.389697,0.33318768,345.0
2026-07-31T21:25:25.152+00:00,1785533123095,62955.41,62965.41,1785533123601,63023.649999999994,63023.6,63023.7,3.50337762,0.14318652,3.8298376300000005,0.18964245000000002,350.9
2026-07-31T21:25:27.498+00:00,1785533125282,62955.98,62965.98,1785533125951,63023.649999999994,63023.6,63023.7,3.50337762,0.14189078,3.8298376300000005,0.31236283,344.2
2026-07-31T21:25:29.848+00:00,1785533127308,62957.34,62967.34,1785533128301,63023.649999999994,63023.6,63023.7,3.48202102,0.14189078,3.81986392,0.18834671,346.9
2026-07-31T21:25:32.201+00:00,1785533130529,62955.1,62965.1,1785533130651,63023.649999999994,63023.6,63023.7,3.48202102,0.13873007,3.76081456,0.18518600000000002,350.0
2026-07-31T21:25:34.552+00:00,1785533132563,62952.32,62962.32,1785533133001,63023.649999999994,63023.6,63023.7,3.48270575,0.13873007,3.7614992900000006,0.7419225299999999,348.9
2026-07-31T21:25:36.901+00:00,1785533134666,62952.44,62962.44,1785533135351,63023.649999999994,63023.6,63023.7,3.4847364,0.13514224,3.7635299400000006,0.83809999,346.8
2026-07-31T21:25:39.254+00:00,1785533136925,62952.53,62962.53,1785533137701,63023.649999999994,63023.6,63023.7,3.4847364,0.13173084,3.7635299400000006,0.7349233,350.4
2026-07-31T21:25:41.604+00:00,1785533139325,62952.63,62962.63,1785533140051,63023.649999999994,63023.6,63023.7,3.48334485,0.43149613,3.7621383900000005,1.03468859,348.3
2026-07-31T21:25:43.950+00:00,1785533141695,62957.22,62967.22,1785533142401,63023.649999999994,63023.6,63023.7,3.64781735,0.30525843,3.92661089,1.0847960700000001,344.9
2026-07-31T21:25:46.293+00:00,1785533143825,62958.68,62968.68,1785533144751,63023.649999999994,63023.6,63023.7,4.13149884,0.20549314,4.41029238,0.98503078,341.0
2026-07-31T21:25:48.651+00:00,1785533146966,62961.34,62971.34,1785533147101,63023.649999999994,63023.6,63023.7,3.64796568,0.30525843,4.480685659999999,1.08449917,347.8
2026-07-31T21:25:51.001+00:00,1785533149123,62961.19,62971.19,1785533149451,63023.649999999994,63023.6,63023.7,3.64050908,0.20549314,4.05381117,1.0390320100000001,347.5
2026-07-31T21:25:53.345+00:00,1785533151422,62960.98,62970.98,1785533151801,63023.649999999994,63023.6,63023.7,4.12434508,0.20532924,4.5376471700000005,1.1386334,342.0
2026-07-31T21:25:55.703+00:00,1785533153463,62961.43,62971.43,1785533154151,63023.649999999994,63023.6,63023.7,4.12366035,0.20532924,4.32824699,1.0388681100000001,351.4
2026-07-31T21:25:58.055+00:00,1785533155769,62960.22,62970.22,1785533156501,63023.649999999994,63023.6,63023.7,4.11956246,0.30509453,4.38140734,1.1386333999999998,350.9
2026-07-31T21:26:00.390+00:00,1785533158777,62962.64,62972.64,1785533158851,63023.649999999994,63023.6,63023.7,4.11956246,0.30509231,4.38140734,1.13863118,332.1
2026-07-31T21:26:02.753+00:00,1785533161151,62964.26,62974.26,1785533161201,63029.95,63029.9,63030.0,3.28716624,0.22514691,4.26610023,0.22641816,351.8
2026-07-31T21:26:05.095+00:00,1785533163343,62965.58,62975.58,1785533163551,63029.95,63029.9,63030.0,3.07824293,0.22514691,3.51188206,0.22639115,339.8
2026-07-31T21:26:07.440+00:00,1785533164695,62966.19,62976.19,1785533165901,63029.95,63029.9,63030.0,3.07824293,0.22514691,3.51188206,0.22650396000000003,336.2
2026-07-31T21:26:09.851+00:00,1785533168014,62967.78,62977.78,1785533168301,63029.95,63029.9,63030.0,3.54108151,0.22430576,4.511349780000001,0.28220048,396.9
2026-07-31T21:26:12.198+00:00,1785533170567,62970.51,62980.51,1785533170651,63034.75,63034.7,63034.8,2.64307008,0.41210748,3.3996741200000002,0.64323741,345.8
2026-07-31T21:26:14.553+00:00,1785533170567,62970.51,62980.51,1785533173001,63034.75,63034.7,63034.8,2.59207023,0.41173548,3.3115939300000004,1.37333146,352.6
2026-07-31T21:26:16.903+00:00,1785533173831,62970.52,62980.52,1785533175351,63034.75,63034.7,63034.8,2.63199741,0.41140999,3.37220919,1.31332189,346.8
2026-07-31T21:26:19.251+00:00,1785533173831,62970.52,62980.52,1785533177701,63034.75,63034.7,63034.8,2.69545447,0.35407365,3.43566625,1.2559855500000001,334.2
2026-07-31T21:26:21.597+00:00,1785533179025,62969.92,62979.92,1785533180051,63034.75,63034.7,63034.8,2.69503836,0.35407365,3.43525014,1.31314733,344.8
2026-07-31T21:26:23.953+00:00,1785533182307,62969.08,62979.08,1785533182401,63034.75,63034.7,63034.8,2.69503836,0.35112608,3.43525014,1.31019976,350.8
2026-07-31T21:26:26.302+00:00,1785533184445,62969.27,62979.27,1785533184751,63034.75,63034.7,63034.8,2.69503836,0.35112608,3.43525014,1.31019976,346.8
2026-07-31T21:26:28.653+00:00,1785533186995,62967.49,62977.49,1785533187101,63034.75,63034.7,63034.8,2.69503836,0.34573489,3.43525014,1.30480857,349.6
2026-07-31T21:26:31.453+00:00,1785533189295,62967.38,62977.38,1785533189901,63037.850000000006,63037.8,63037.9,1.52705126,0.34371139,2.08651184,0.41428455999999997,358.2
2026-07-31T21:26:33.801+00:00,1785533192140,62969.05,62979.05,1785533192251,63037.850000000006,63037.8,63037.9,0.01888324,2.23764064,0.29034319,2.38411003,346.3
2026-07-31T21:26:36.146+00:00,1785533194189,62968.9,62978.9,1785533194601,63037.850000000006,63037.8,63037.9,0.68559037,1.78715074,0.8886222199999999,1.93362013,342.8
2026-07-31T21:26:38.503+00:00,1785533196338,62959.42,62969.42,1785533196951,63032.05,63032.0,63032.1,0.05394329,2.90227073,0.11615934,3.12075487,351.7
2026-07-31T21:26:40.846+00:00,1785533198494,62958.1,62968.1,1785533199301,63032.05,63032.0,63032.1,0.05511294,2.90875452,0.11732899,3.10743019,340.0
2026-07-31T21:26:54.350+00:00,1785533212224,62957.57,62967.57,1785533212801,63032.05,63032.0,63032.1,0.56464768,1.91413245,0.77793036,2.026775,313.0
2026-07-31T21:26:56.701+00:00,1785533214465,62957.27,62967.27,1785533215151,63032.05,63032.0,63032.1,0.53060118,1.91308514,0.6413022,2.02572769,348.1
2026-07-31T21:26:59.040+00:00,1785533216558,62944.35,62954.35,1785533217501,63015.25,63015.2,63015.3,0.57903731,2.65052369,0.6682496499999999,3.15127845,333.0
2026-07-31T21:27:01.403+00:00,1785533219646,62941.51,62951.51,1785533219851,63015.25,63015.2,63015.3,0.63133661,2.45313904,0.7205489499999999,2.9538938,347.5
2026-07-31T21:27:03.754+00:00,1785533221715,62947.76,62957.76,1785533222201,63015.25,63015.2,63015.3,0.57241838,2.45590221,0.6616307199999999,3.0400290900000004,349.8
2026-07-31T21:27:06.104+00:00,1785533223738,62947.41,62957.41,1785533224551,63015.25,63015.2,63015.3,0.62361838,2.45577526,0.7128307199999999,2.96050171,349.2
2026-07-31T21:27:08.454+00:00,1785533226783,62944.21,62954.21,1785533226901,63015.25,63015.2,63015.3,0.62320462,2.45577526,0.7124169599999999,2.96050171,347.4
2026-07-31T21:27:10.802+00:00,1785533228790,62943.73,62953.73,1785533229251,63015.25,63015.2,63015.3,0.62313151,2.45818201,0.7123438499999999,2.96290846,346.0
2026-07-31T21:27:13.161+00:00,1785533230797,62943.85,62953.85,1785533231601,63015.25,63015.2,63015.3,0.62313151,2.45818201,0.7123438499999999,2.96290846,355.7
2026-07-31T21:27:15.554+00:00,1785533232985,62944.56,62954.56,1785533234001,63017.850000000006,63017.8,63017.9,3.06500842,0.12084776,3.69616386,0.92850344,388.9
2026-07-31T21:27:17.905+00:00,1785533236236,62951.45,62961.45,1785533236351,63019.45,63019.4,63019.5,3.04145751,0.45436186,3.85798761,1.01567278,350.5
2026-07-31T21:27:20.251+00:00,1785533238508,62954.46,62964.46,1785533238701,63019.45,63019.4,63019.5,3.04145751,0.45436186,3.3934821399999997,1.01567278,344.3
2026-07-31T21:27:22.599+00:00,1785533240856,62952.78,62962.78,1785533241051,63019.45,63019.4,63019.5,3.04088784,0.45436186,3.17911388,1.15637652,344.1
2026-07-31T21:27:24.942+00:00,1785533243195,62951.9,62961.9,1785533243401,63019.45,63019.4,63019.5,3.04088784,0.51096186,3.17911388,1.1589621700000001,335.8
2026-07-31T21:27:27.301+00:00,1785533245288,62951.6,62961.6,1785533245751,63019.45,63019.4,63019.5,3.04088784,0.45435328,3.17911388,1.10235359,347.3
2026-07-31T21:27:29.657+00:00,1785533247448,62938.64,62948.64,1785533248101,63014.350000000006,63014.3,63014.4,0.10004085,1.67810152,0.30821953,2.71059243,353.8
2026-07-31T21:27:32.060+00:00,1785533250166,62935.7,62945.7,1785533250501,63009.649999999994,63009.6,63009.7,0.02782949,2.27926984,0.02974715,2.6696351700000003,400.7
2026-07-31T21:27:34.395+00:00,1785533252198,62935.71,62945.71,1785533252851,63009.649999999994,63009.6,63009.7,0.01820099,2.27903655,0.020118650000000002,2.69047644,332.3
2026-07-31T21:27:36.754+00:00,1785533254540,62936.8,62946.8,1785533255201,63009.649999999994,63009.6,63009.7,0.01622522,2.27903655,0.01814288,2.69051218,346.0
2026-07-31T21:27:39.105+00:00,1785533256523,62930.31,62940.31,1785533257551,63000.05,63000.0,63000.1,1.50534962,1.3276051,1.5958243400000003,2.21144683,346.9
2026-07-31T21:27:41.446+00:00,1785533259122,62927.71,62937.71,1785533259901,63000.05,63000.0,63000.1,1.50534962,1.29418522,1.5958243400000003,2.1782594299999998,340.9
2026-07-31T21:27:43.804+00:00,1785533261206,62930.67,62940.67,1785533262251,63000.05,63000.0,63000.1,1.66621901,1.29327068,1.7640164800000002,2.17738004,348.2
2026-07-31T21:27:46.139+00:00,1785533264535,62929.34,62939.34,1785533264601,63000.05,63000.0,63000.1,1.50421901,1.29572597,1.60201648,2.52294816,332.6
2026-07-31T21:27:48.505+00:00,1785533266630,62928.18,62938.18,1785533266951,63000.05,63000.0,63000.1,1.66621901,1.2941374,1.7566937300000003,2.18172621,350.3
2026-07-31T21:27:50.845+00:00,1785533268797,62927.71,62937.71,1785533269301,63000.05,63000.0,63000.1,1.50116254,1.2941374,1.5916372600000002,2.18183374,337.0
2026-07-31T21:27:53.204+00:00,1785533270867,62931.43,62941.43,1785533271651,63000.05,63000.0,63000.1,1.46929428,1.2941374,1.5597690000000002,2.5239712300000003,348.9
2026-07-31T21:27:55.606+00:00,1785533273588,62929.66,62939.66,1785533274051,63000.05,63000.0,63000.1,1.46163875,1.29470439,1.5521134700000003,2.18240289,384.9
2026-07-31T21:27:57.955+00:00,1785533275686,62932.04,62942.04,1785533276401,63000.05,63000.0,63000.1,1.44602088,1.29470439,1.5364956000000003,2.52454985,347.7
2026-07-31T21:28:00.314+00:00,1785533277738,62935.33,62945.33,1785533278751,63000.05,63000.0,63000.1,1.44602088,1.29443509,1.5364956000000003,2.52428523,356.1
2026-07-31T21:28:02.654+00:00,1785533280782,62933.94,62943.94,1785533281101,63000.05,63000.0,63000.1,1.45078497,1.29443509,1.5412596900000002,2.18269505,335.9
2026-07-31T21:28:05.546+00:00,1785533283795,62932.2,62942.2,1785533284001,63000.05,63000.0,63000.1,1.45078497,1.29427637,1.5412596900000002,2.18253634,360.6
2026-07-31T21:28:07.906+00:00,1785533285985,62932.69,62942.69,1785533286351,63000.05,63000.0,63000.1,1.44791623,1.29427637,1.5383909500000001,2.18253634,348.0
2026-07-31T21:28:10.256+00:00,1785533288248,62931.95,62941.95,1785533288701,63000.05,63000.0,63000.1,1.44791623,1.29424463,1.5383909500000001,2.1825045999999997,349.4
2026-07-31T21:28:12.606+00:00,1785533290839,62933.57,62943.57,1785533291051,63000.05,63000.0,63000.1,1.44791623,1.28314624,1.5383850200000002,2.17141621,345.9
2026-07-31T21:28:14.959+00:00,1785533293216,62930.94,62940.94,1785533293401,63000.05,63000.0,63000.1,1.4399694,1.02685781,1.5304381900000004,1.9772431500000003,351.3
2026-07-31T21:28:17.357+00:00,1785533295306,62931.82,62941.82,1785533295801,63000.05,63000.0,63000.1,1.4399694,1.02668322,1.5304381900000004,1.97706856,389.3
2026-07-31T21:28:19.706+00:00,1785533297509,62935.58,62945.58,1785533298151,63000.05,63000.0,63000.1,1.4399694,1.00877864,1.5304381900000004,1.9591639800000002,347.6
2026-07-31T21:28:22.057+00:00,1785533299736,62935.76,62945.76,1785533300501,63000.05,63000.0,63000.1,1.4399694,1.00877864,1.5304381900000004,1.9591639800000002,348.8
2026-07-31T21:28:24.397+00:00,1785533301796,62936.38,62946.38,1785533302851,63000.05,63000.0,63000.1,1.4399694,1.01195677,1.5304381900000004,1.9591640099999998,337.7
2026-07-31T21:28:26.751+00:00,1785533304015,62940.0,62950.0,1785533305201,63000.05,63000.0,63000.1,1.4399694,1.00317309,1.6705023500000002,1.9503803299999998,342.9
2026-07-31T21:28:29.111+00:00,1785533306550,62937.44,62947.44,1785533307551,63000.05,63000.0,63000.1,1.40420207,0.16403928,1.7750001000000002,0.7672429900000001,350.8
2026-07-31T21:28:31.445+00:00,1785533309650,62936.27,62946.27,1785533309901,63000.05,63000.0,63000.1,1.39878746,0.16403928,1.5455159500000004,0.7672429900000001,331.4
2026-07-31T21:28:33.808+00:00,1785533311704,62936.6,62946.6,1785533312251,63000.05,63000.0,63000.1,1.39852586,0.16403928,1.5452543500000002,0.7672429900000001,348.1
2026-07-31T21:28:36.205+00:00,1785533313722,62932.16,62942.16,1785533314651,63000.05,63000.0,63000.1,1.39575217,0.16381865,1.5424806600000003,0.76702236,395.2
2026-07-31T21:28:38.562+00:00,1785533316899,62932.79,62942.79,1785533317001,63000.05,63000.0,63000.1,1.39572837,0.16481866,1.5424568600000004,0.7680223700000001,353.5
2026-07-31T21:28:40.907+00:00,1785533318065,62932.21,62942.21,1785533319351,63000.05,63000.0,63000.1,1.45922038,0.16348692,1.6059488700000004,0.96667463,343.2
2026-07-31T21:28:43.258+00:00,1785533320505,62932.26,62942.26,1785533321701,63000.05,63000.0,63000.1,1.45901884,0.16348692,1.6057473300000003,0.8238748699999999,348.5
2026-07-31T21:28:45.608+00:00,1785533323925,62934.07,62944.07,1785533324051,63000.05,63000.0,63000.1,1.45901884,0.16322313,1.6057473300000003,0.8236110899999999,347.5
2026-07-31T21:28:47.951+00:00,1785533326278,62940.33,62950.33,1785533326401,63000.05,63000.0,63000.1,1.45901884,0.16322313,1.6057473300000003,0.8236110899999999,340.2
2026-07-31T21:28:50.310+00:00,1785533328313,62940.36,62950.36,1785533328751,63000.05,63000.0,63000.1,1.47017788,0.16135656,1.6169063700000004,0.8217445199999999,349.8
2026-07-31T21:28:52.664+00:00,1785533330427,62940.38,62950.38,1785533331101,63000.05,63000.0,63000.1,1.46897008,0.16135656,1.6156985700000004,0.8217445199999999,351.0
2026-07-31T21:28:55.004+00:00,1785533332568,62940.41,62950.41,1785533333451,63000.05,63000.0,63000.1,1.46822008,0.16135656,1.6149485700000004,0.8217445199999999,339.6
2026-07-31T21:28:57.355+00:00,1785533335675,62940.44,62950.44,1785533335801,63000.05,63000.0,63000.1,1.54569977,0.16135656,1.6924282600000002,0.8217445199999999,344.0
2026-07-31T21:28:59.704+00:00,1785533337827,62932.45,62942.45,1785533338151,63000.05,63000.0,63000.1,1.59333761,0.16135656,1.7400661000000004,0.8217445199999999,346.7
2026-07-31T21:29:02.054+00:00,1785533340006,62938.15,62948.15,1785533340501,63000.05,63000.0,63000.1,1.65659618,0.16135656,1.8033246700000003,0.9645443299999998,346.3
2026-07-31T21:29:04.409+00:00,1785533342326,62939.36,62949.36,1785533342851,63000.05,63000.0,63000.1,1.74644279,0.16089656,1.8931712800000002,0.96408429,352.7
2026-07-31T21:29:06.751+00:00,1785533344362,62932.53,62942.53,1785533345201,63000.05,63000.0,63000.1,1.76232207,0.16050841,1.9090505600000003,0.9636961399999999,339.2
2026-07-31T21:29:11.047+00:00,1785533348638,62933.31,62943.31,1785533349501,63000.05,63000.0,63000.1,1.73930073,0.36050841,1.8860292200000004,1.02089634,322.4
2026-07-31T21:29:13.404+00:00,1785533350906,62934.6,62944.6,1785533351851,63000.05,63000.0,63000.1,1.73930073,0.34256254,1.8860292200000004,1.00295047,345.7
2026-07-31T21:29:16.001+00:00,1785533354185,62937.35,62947.35,1785533354451,63000.05,63000.0,63000.1,1.73930073,0.34256254,1.8860292200000004,1.00295047,303.1
2026-07-31T21:29:18.356+00:00,1785533356587,62938.03,62948.03,1785533356801,63000.05,63000.0,63000.1,1.75518001,0.34256254,1.9019085000000002,1.00295047,346.3
2026-07-31T21:29:20.709+00:00,1785533358685,62940.71,62950.71,1785533359151,63000.05,63000.0,63000.1,1.73930073,0.34234032,1.8860292200000004,0.94554402,348.9
2026-07-31T21:29:23.056+00:00,1785533361346,62940.81,62950.81,1785533361501,63000.05,63000.0,63000.1,1.74359544,0.3423227,1.8903239300000003,1.00271069,345.7
2026-07-31T21:29:25.409+00:00,1785533363430,62940.85,62950.85,1785533363851,63000.05,63000.0,63000.1,1.75853009,0.3414227,2.02034392,0.9446263500000001,350.2
2026-07-31T21:29:27.756+00:00,1785533365476,62940.91,62950.91,1785533366201,63000.05,63000.0,63000.1,1.72677153,0.3414227,1.8735000200000003,0.9446263500000001,344.5
2026-07-31T21:29:30.105+00:00,1785533367507,62940.98,62950.98,1785533368551,63000.05,63000.0,63000.1,1.74265081,0.1427227,1.9731837600000002,0.9430410399999999,346.1
2026-07-31T21:29:32.461+00:00,1785533369955,62941.02,62951.02,1785533370901,63000.05,63000.0,63000.1,1.75853009,0.1427227,1.9890630400000002,0.9970634599999999,352.5
2026-07-31T21:29:34.798+00:00,1785533372300,62939.51,62949.51,1785533373251,63000.05,63000.0,63000.1,1.72296834,0.14095705,2.1439609400000004,0.8013448700000001,335.8
2026-07-31T21:29:37.158+00:00,1785533375537,62933.11,62943.11,1785533375601,63000.05,63000.0,63000.1,1.7631452,0.14225705,1.9936781500000003,0.74546083,350.7
2026-07-31T21:29:39.501+00:00,1785533377554,62933.75,62943.75,1785533377951,63000.05,63000.0,63000.1,1.69971329,0.14095705,1.9133256700000003,0.7441607600000001,342.3
2026-07-31T21:29:41.849+00:00,1785533379652,62933.82,62943.82,1785533380301,63000.05,63000.0,63000.1,1.75691337,0.13676705,2.60910296,0.73997076,340.8
2026-07-31T21:29:44.208+00:00,1785533382155,62942.49,62952.49,1785533382651,63000.45,63000.4,63000.5,3.55702009,0.44704347,4.62403494,0.7502530599999999,348.5
2026-07-31T21:29:46.556+00:00,1785533384351,62943.87,62953.87,1785533385001,63000.45,63000.4,63000.5,3.72941715,0.44704347,4.796431999999999,0.7502530099999999,345.6
2026-07-31T21:29:48.908+00:00,1785533385401,62943.85,62953.85,1785533387351,63000.45,63000.4,63000.5,3.17485301,0.44704347,3.3519237900000003,0.7502530099999999,350.5
2026-07-31T21:29:51.255+00:00,1785533389231,62942.93,62952.93,1785533389701,63000.45,63000.4,63000.5,3.27012869,0.44703676,3.70766566,0.8074304499999999,345.7
2026-07-31T21:29:53.610+00:00,1785533391535,62942.58,62952.58,1785533392051,63005.649999999994,63005.6,63005.7,2.53076457,0.40850863,4.27360539,0.41571366,350.6
2026-07-31T21:29:55.953+00:00,1785533394235,62950.66,62960.66,1785533394401,63009.55,63009.5,63009.6,3.3207598,0.13915129,5.2115081199999995,0.31768903000000004,342.0
2026-07-31T21:29:58.294+00:00,1785533396677,62954.54,62964.54,1785533396751,63013.55,63013.5,63013.6,3.34037125,0.05233428,3.63947771,0.38830832,333.1
2026-07-31T21:30:00.661+00:00,1785533398876,62954.51,62964.51,1785533399101,63013.55,63013.5,63013.6,3.3397708,0.05233428,4.36732068,0.38830832,351.3
2026-07-31T21:30:03.011+00:00,1785533400308,62957.05,62967.05,1785533401451,63017.850000000006,63017.8,63017.9,1.52559286,0.86203742,1.9470888199999998,0.9508876900000001,349.0
2026-07-31T21:30:05.362+00:00,1785533403546,62956.08,62966.08,1785533403801,63017.850000000006,63017.8,63017.9,1.52623351,0.85815934,1.70936464,0.8876103500000001,350.0
2026-07-31T21:30:07.709+00:00,1785533405656,62957.0,62967.0,1785533406151,63017.95,63017.9,63018.0,5.23479219,0.86068251,5.4755189500000006,0.90214302,345.7
2026-07-31T21:30:10.056+00:00,1785533407908,62961.4,62971.4,1785533408501,63018.149999999994,63018.1,63018.2,4.00427638,0.06048987,11.57982649,0.25450044,344.7
2026-07-31T21:30:12.408+00:00,1785533409945,62960.35,62970.35,1785533410851,63018.649999999994,63018.6,63018.7,3.59756778,0.17850216,11.35800025,0.20289949,345.6
2026-07-31T21:30:14.751+00:00,1785533412418,62961.39,62971.39,1785533413201,63021.05,63021.0,63021.1,3.43190562,0.19051997,6.09933862,0.2857861,341.2
2026-07-31T21:30:17.108+00:00,1785533415461,62964.21,62974.21,1785533415551,63021.05,63021.0,63021.1,3.56802362,0.19051997,6.4587359399999995,0.28283665999999996,346.6
2026-07-31T21:30:19.459+00:00,1785533417836,62966.4,62976.4,1785533417901,63024.149999999994,63024.1,63024.2,3.23342855,0.09745899,4.857638509999999,0.24343993,346.9
2026-07-31T21:30:21.808+00:00,1785533419975,62966.63,62976.63,1785533420251,63024.149999999994,63024.1,63024.2,3.50851658,0.09745749,5.1479325099999995,0.2593502,347.7
2026-07-31T21:30:24.163+00:00,1785533421818,62957.95,62967.95,1785533422601,63024.149999999994,63024.1,63024.2,2.54308775,0.09314173,2.8213926799999998,0.3148358,350.3
2026-07-31T21:30:26.508+00:00,1785533424467,62965.19,62975.19,1785533424951,63024.149999999994,63024.1,63024.2,3.26257705,0.09314173,3.5249227299999997,0.23858013000000003,344.2
2026-07-31T21:30:28.857+00:00,1785533426539,62965.21,62975.21,1785533427301,63031.55,63031.5,63031.6,1.71477419,0.03353876,4.27906439,0.21339715,348.0
2026-07-31T21:30:31.207+00:00,1785533429089,62968.73,62978.73,1785533429651,63031.850000000006,63031.8,63031.9,2.916295,0.16038402,4.26145165,0.17031940999999998,347.2
2026-07-31T21:30:33.558+00:00,1785533431705,62959.48,62969.48,1785533432001,63031.850000000006,63031.8,63031.9,2.35001757,0.16036816,3.03443373,0.20070792,348.1
2026-07-31T21:30:35.909+00:00,1785533433407,62974.47,62984.47,1785533434351,63034.95,63034.9,63035.0,3.56813593,0.18253285,4.418471519999999,0.1997447,348.3
2026-07-31T21:30:38.261+00:00,1785533436596,62961.61,62971.61,1785533436701,63034.95,63034.9,63035.0,1.73196835,1.37370655,1.7841952600000002,1.6869386000000002,351.3
2026-07-31T21:30:40.611+00:00,1785533438937,62972.75,62982.75,1785533439051,63034.95,63034.9,63035.0,1.74603583,0.18373285,2.48602694,0.28667474,347.0
2026-07-31T21:30:42.955+00:00,1785533440704,62967.6,62977.6,1785533441401,63034.95,63034.9,63035.0,1.59976392,0.89655035,2.02264979,1.06998984,342.7
2026-07-31T21:30:45.309+00:00,1785533443103,62964.7,62974.7,1785533443751,63034.95,63034.9,63035.0,0.77246683,1.45940022,0.79310967,1.5162004799999997,347.0
2026-07-31T21:30:47.659+00:00,1785533445126,62961.4,62971.4,1785533446101,63031.55,63031.5,63031.6,0.01886408,2.60537969,0.55389542,3.86507065,347.7
2026-07-31T21:30:50.008+00:00,1785533448288,62956.16,62966.16,1785533448451,63031.55,63031.5,63031.6,1.37391543,2.16648426,1.6451164800000002,2.3755944099999997,347.4
2026-07-31T21:30:52.359+00:00,1785533450679,62965.09,62975.09,1785533450801,63031.55,63031.5,63031.6,1.45392017,0.33175644,1.9889515100000001,0.69346828,349.4
2026-07-31T21:30:54.707+00:00,1785533452067,62967.25,62977.25,1785533453151,63031.55,63031.5,63031.6,1.51741217,1.13290253,1.7321292600000002,1.4743724,346.7
2026-07-31T21:30:57.057+00:00,1785533455235,62965.59,62975.59,1785533455501,63034.75,63034.7,63034.8,0.62325509,0.89392785,0.8683421499999999,1.07501382,345.6
2026-07-31T21:30:59.412+00:00,1785533457179,62954.43,62964.43,1785533457851,63028.350000000006,63028.3,63028.4,0.26554935,2.03630714,0.28206665,2.1478261999999995,352.2
2026-07-31T21:31:01.809+00:00,1785533459769,62942.39,62952.39,1785533460251,63022.75,63022.7,63022.8,0.27873619,2.23419579,0.31087936999999993,2.3799031299999998,395.1
2026-07-31T21:31:04.163+00:00,1785533462174,62942.84,62952.84,1785533462601,63017.95,63017.9,63018.0,1.40625817,1.29727754,1.4230320100000002,1.9686203700000005,353.1
2026-07-31T21:31:06.517+00:00,1785533464576,62937.9,62947.9,1785533464951,63017.95,63017.9,63018.0,0.76655817,2.00050707,0.7833320100000001,2.57633612,352.5
2026-07-31T21:31:08.855+00:00,1785533466707,62939.42,62949.42,1785533467301,63017.95,63017.9,63018.0,1.41235817,2.00250707,1.4291320100000002,2.5663136000000004,334.8
2026-07-31T21:31:11.213+00:00,1785533468552,62934.36,62944.36,1785533469651,63010.45,63010.4,63010.5,0.22381978,2.18348697,0.25545070999999997,2.34595616,349.3
2026-07-31T21:31:13.553+00:00,1785533471714,62927.15,62937.15,1785533472001,63003.45,63003.4,63003.5,0.83555968,0.81605295,0.8681175900000001,1.7195921100000002,338.7
2026-07-31T21:31:15.907+00:00,1785533473536,62931.6,62941.6,1785533474351,63003.45,63003.4,63003.5,1.85663374,0.08283491,2.1170202399999996,0.33087547,344.5
2026-07-31T21:31:18.261+00:00,1785533475708,62934.44,62944.44,1785533476701,63003.45,63003.4,63003.5,1.85663374,0.08383541,2.1170202399999996,0.33187597,349.5
2026-07-31T21:31:20.602+00:00,1785533478557,62944.81,62954.81,1785533479051,63011.45,63011.4,63011.5,2.53569194,0.02472713,2.92525574,0.21621425000000002,338.1
2026-07-31T21:31:22.958+00:00,1785533481172,62947.16,62957.16,1785533481401,63015.149999999994,63015.1,63015.2,2.00401674,0.18537961,2.2299913300000003,0.20900839000000002,342.7
2026-07-31T21:31:25.298+00:00,1785533482926,62943.31,62953.31,1785533483751,63015.149999999994,63015.1,63015.2,1.32762639,0.92426882,1.3592582500000001,1.85355254,336.2
2026-07-31T21:31:27.658+00:00,1785533485066,62944.79,62954.79,1785533486101,63015.149999999994,63015.1,63015.2,1.34414543,1.01710888,1.37577729,1.6366844300000003,343.1
2026-07-31T21:31:30.010+00:00,1785533488365,62945.3,62955.3,1785533488451,63015.149999999994,63015.1,63015.2,1.35914543,0.92526931,1.59955716,0.9541557800000001,348.5
2026-07-31T21:31:32.364+00:00,1785533490706,62944.93,62954.93,1785533490801,63015.149999999994,63015.1,63015.2,1.3432686,0.92120963,1.58368033,0.9500961000000001,350.2
2026-07-31T21:31:34.707+00:00,1785533492816,62946.01,62956.01,1785533493151,63015.149999999994,63015.1,63015.2,1.3432686,0.92061091,1.58368033,0.96959615,342.4
2026-07-31T21:31:37.059+00:00,1785533495025,62946.82,62956.82,1785533495501,63015.149999999994,63015.1,63015.2,1.3582694,0.92031717,1.70315034,0.9693025500000001,346.8
2026-07-31T21:31:39.412+00:00,1785533497126,62946.89,62956.89,1785533497851,63015.149999999994,63015.1,63015.2,0.14395179,2.44748077,0.39259102999999995,2.6934221199999993,351.6
2026-07-31T21:31:41.767+00:00,1785533499552,62946.28,62956.28,1785533500201,63015.149999999994,63015.1,63015.2,0.61852919,1.45869015,0.9968577000000001,1.48824618,353.4
2026-07-31T21:31:44.110+00:00,1785533501624,62945.64,62955.64,1785533502551,63015.149999999994,63015.1,63015.2,0.61874635,1.45869015,0.9970748600000001,1.48824618,341.3
2026-07-31T21:31:46.462+00:00,1785533503700,62945.68,62955.68,1785533504901,63015.149999999994,63015.1,63015.2,0.52783584,1.50736897,0.90527237,1.5607487299999998,349.6
2026-07-31T21:31:48.819+00:00,1785533507185,62947.44,62957.44,1785533507251,63015.149999999994,63015.1,63015.2,0.52575766,1.54066175,0.9650426299999999,1.57021778,354.7
2026-07-31T21:31:51.162+00:00,1785533509454,62948.51,62958.51,1785533509601,63015.149999999994,63015.1,63015.2,0.5199087,1.54066175,0.8897772199999999,1.57021778,342.0
2026-07-31T21:31:53.512+00:00,1785533511901,62947.02,62957.02,1785533511951,63015.149999999994,63015.1,63015.2,0.5199087,1.54066175,0.9591936699999999,1.57021778,346.2
2026-07-31T21:31:55.857+00:00,1785533513945,62947.48,62957.48,1785533514301,63015.149999999994,63015.1,63015.2,0.5199087,1.61295515,0.95237758,1.6425111799999998,343.5
2026-07-31T21:31:58.203+00:00,1785533516198,62944.19,62954.19,1785533516651,63015.149999999994,63015.1,63015.2,0.5199087,1.61295515,0.9625558299999999,1.6425111799999998,339.0
2026-07-31T21:32:00.564+00:00,1785533518225,62945.71,62955.71,1785533519001,63015.149999999994,63015.1,63015.2,0.72201014,1.61259633,1.16465727,1.6421523599999999,348.7
2026-07-31T21:32:02.916+00:00,1785533521299,62941.96,62951.96,1785533521351,63007.95,63007.9,63008.0,0.88127103,1.0666318,1.24841176,1.9206824999999998,349.9
2026-07-31T21:32:05.264+00:00,1785533523348,62938.75,62948.75,1785533523701,63007.95,63007.9,63008.0,0.86468772,0.73338237,1.23182845,0.9414034299999999,346.6
2026-07-31T21:32:07.657+00:00,1785533525449,62938.93,62948.93,1785533526101,63008.75,63008.7,63008.8,2.21191001,0.87114049,2.40730218,1.02699711,392.3
2026-07-31T21:32:10.025+00:00,1785533527602,62938.85,62948.85,1785533528451,63008.75,63008.7,63008.8,2.19771187,0.87114049,2.39310404,0.9367452700000001,362.1
2026-07-31T21:32:12.353+00:00,1785533530664,62938.36,62948.36,1785533530801,63008.75,63008.7,63008.8,2.18183373,0.22571504,2.5815046500000003,0.8804262700000001,326.9
2026-07-31T21:32:14.705+00:00,1785533532788,62938.47,62948.47,1785533533151,63008.75,63008.7,63008.8,2.00717419,0.22564882,2.40685763,0.88036005,341.5
2026-07-31T21:32:17.066+00:00,1785533534896,62938.44,62948.44,1785533535501,63008.75,63008.7,63008.8,2.19611529,0.22560485,2.59579873,0.88032084,350.8
2026-07-31T21:32:19.412+00:00,1785533537213,62937.98,62947.98,1785533537851,63008.75,63008.7,63008.8,2.19611529,0.16837164,2.59579873,0.8230876300000001,332.4
2026-07-31T21:32:21.764+00:00,1785533539458,62936.99,62946.99,1785533540201,63008.75,63008.7,63008.8,2.18023715,0.22475399,2.61992059,0.87946998,350.9
2026-07-31T21:32:24.112+00:00,1785533541565,62937.29,62947.29,1785533542551,63008.75,63008.7,63008.8,1.9027693,0.86755399,2.1061448900000004,1.0754456000000001,345.7
2026-07-31T21:32:26.463+00:00,1785533542684,62934.4,62944.4,1785533544901,63008.75,63008.7,63008.8,2.09321277,0.86755399,2.29180852,0.9420685200000001,348.1
2026-07-31T21:32:28.814+00:00,1785533546938,62934.4,62944.4,1785533547251,63008.75,63008.7,63008.8,0.66915996,1.83426589,0.66980364,2.21882075,348.4
2026-07-31T21:32:31.161+00:00,1785533549054,62926.08,62936.08,1785533549601,63000.850000000006,63000.8,63000.9,0.79382951,2.00940125,0.87531995,2.8692596999999997,345.5
2026-07-31T21:32:33.513+00:00,1785533551074,62925.87,62935.87,1785533551951,63000.850000000006,63000.8,63000.9,0.6402172,2.00940125,0.75076549,2.8692596999999997,348.9
2026-07-31T21:32:35.862+00:00,1785533554167,62928.08,62938.08,1785533554301,63000.850000000006,63000.8,63000.9,0.78006954,2.00910126,0.8906178299999998,2.13478783,346.0
2026-07-31T21:32:38.216+00:00,1785533556193,62932.87,62942.87,1785533556651,63000.850000000006,63000.8,63000.9,0.78206508,2.0101017,0.8929308299999998,2.12007574,351.7
2026-07-31T21:32:40.562+00:00,1785533558501,62932.91,62942.91,1785533559001,63000.850000000006,63000.8,63000.9,0.79830706,2.0101017,0.9091728099999998,2.91954642,336.2
2026-07-31T21:32:42.914+00:00,1785533560617,62932.95,62942.95,1785533561351,63000.850000000006,63000.8,63000.9,0.76654592,2.0101017,0.8774116699999999,2.15073561,350.4
2026-07-31T21:32:45.262+00:00,1785533562831,62932.99,62942.99,1785533563701,63000.850000000006,63000.8,63000.9,0.79061125,2.0101017,0.89342125,2.15073561,346.1
2026-07-31T21:32:47.611+00:00,1785533565267,62932.19,62942.19,1785533566051,63000.850000000006,63000.8,63000.9,0.79061125,2.01110215,0.89342125,2.08141289,346.3
2026-07-31T21:32:49.962+00:00,1785533567420,62931.27,62941.27,1785533568401,63000.850000000006,63000.8,63000.9,0.64670603,2.01110215,0.74951603,2.08141289,346.0
2026-07-31T21:32:52.317+00:00,1785533570578,62933.7,62943.7,1785533570751,63000.850000000006,63000.8,63000.9,0.75787002,2.01110215,0.8606800200000001,2.4744062600000003,350.6
2026-07-31T21:32:54.665+00:00,1785533572605,62933.56,62943.56,1785533573101,63000.850000000006,63000.8,63000.9,0.68556468,2.01063215,0.7883746800000001,2.07171209,345.6
2026-07-31T21:32:57.019+00:00,1785533574700,62932.54,62942.54,1785533575451,63000.850000000006,63000.8,63000.9,0.59028126,2.01046215,0.69309126,2.47362627,345.4
2026-07-31T21:32:59.358+00:00,1785533577731,62932.49,62942.49,1785533577801,63000.850000000006,63000.8,63000.9,0.68556468,2.01046215,0.7883746800000001,2.08059111,336.2
2026-07-31T21:33:01.714+00:00,1785533579747,62934.88,62944.88,1785533580151,63000.850000000006,63000.8,63000.9,0.91560425,2.00608444,1.0184142500000002,2.11626813,346.8
2026-07-31T21:33:04.061+00:00,1785533581884,62936.67,62946.67,1785533582501,63000.850000000006,63000.8,63000.9,0.99380658,0.45330507,1.09661658,0.52324066,345.9
2026-07-31T21:33:06.413+00:00,1785533584268,62935.74,62945.74,1785533584851,63000.850000000006,63000.8,63000.9,0.99380658,0.21584538,1.09661658,0.31548,349.4
2026-07-31T21:33:08.758+00:00,1785533586325,62935.83,62945.83,1785533587201,63000.850000000006,63000.8,63000.9,1.28000658,0.21584538,1.38281658,0.31613166,343.4
2026-07-31T21:33:11.115+00:00,1785533588691,62936.83,62946.83,1785533589551,63000.850000000006,63000.8,63000.9,1.28000658,0.30784538,1.38281658,0.40817616,346.3
2026-07-31T21:33:13.462+00:00,1785533590929,62937.76,62947.76,1785533591901,63000.850000000006,63000.8,63000.9,1.23236487,0.2169305,1.3351748700000001,0.32711431,344.5
2026-07-31T21:33:15.818+00:00,1785533593109,62935.4,62945.4,1785533594251,63000.850000000006,63000.8,63000.9,1.10151261,0.2181305,1.18825113,0.36081145,351.2
2026-07-31T21:33:18.267+00:00,1785533596266,62935.01,62945.01,1785533596701,63000.850000000006,63000.8,63000.9,1.10151261,0.21913094,1.18825113,0.35058074999999994,447.5
2026-07-31T21:33:20.618+00:00,1785533598299,62929.85,62939.85,1785533599051,63000.850000000006,63000.8,63000.9,1.02979961,0.30993094,1.20378454,0.39361561,349.8
2026-07-31T21:33:22.952+00:00,1785533600503,62929.88,62939.88,1785533601401,63000.850000000006,63000.8,63000.9,1.22036645,0.21993658,1.39435138,0.27452921,330.9
2026-07-31T21:33:25.324+00:00,1785533603683,62929.91,62939.91,1785533603751,63000.850000000006,63000.8,63000.9,1.21269436,0.32262379,1.38667929,1.0031724499999999,355.9
2026-07-31T21:33:27.667+00:00,1785533605734,62936.35,62946.35,1785533606101,63000.850000000006,63000.8,63000.9,1.12619397,0.32362423,1.3001789000000001,1.00417289,342.2
2026-07-31T21:33:30.014+00:00,1785533607850,62934.88,62944.88,1785533608451,63000.850000000006,63000.8,63000.9,1.20559682,0.23106519,1.37958175,0.9116138500000001,345.1
2026-07-31T21:33:32.364+00:00,1785533610038,62935.55,62945.55,1785533610801,63000.850000000006,63000.8,63000.9,1.20559682,0.22897669,1.37958175,0.9156433300000001,345.9
2026-07-31T21:33:34.717+00:00,1785533612251,62933.28,62943.28,1785533613151,63000.850000000006,63000.8,63000.9,1.03091055,0.22897669,1.20489548,0.9156433300000001,351.3
2026-07-31T21:33:37.068+00:00,1785533614481,62935.48,62945.48,1785533615501,63000.850000000006,63000.8,63000.9,1.15647446,0.22752625,1.3304593900000001,0.9372584100000001,348.7
2026-07-31T21:33:39.416+00:00,1785533616904,62935.3,62945.3,1785533617851,63000.850000000006,63000.8,63000.9,1.12453054,0.22752625,1.2985154700000001,0.8842631599999999,346.2
2026-07-31T21:33:41.769+00:00,1785533620157,62939.65,62949.65,1785533620201,63006.350000000006,63006.3,63006.4,4.16668291,0.22717424,4.47832835,0.27615345,351.3
2026-07-31T21:33:44.114+00:00,1785533622171,62940.22,62950.22,1785533622551,63006.350000000006,63006.3,63006.4,4.13491495,0.22717424,4.44656039,0.2760462,344.0
2026-07-31T21:33:46.467+00:00,1785533624235,62938.9,62948.9,1785533624901,63006.350000000006,63006.3,63006.4,4.19503655,0.22717424,4.80370916,0.43776343,351.5
2026-07-31T21:33:48.819+00:00,1785533626377,62943.61,62953.61,1785533627251,63009.95,63009.9,63010.0,2.59179488,0.31001268,3.1817522300000003,1.13957608,349.5
2026-07-31T21:33:51.164+00:00,1785533629488,62942.02,62952.02,1785533629601,63009.95,63009.9,63010.0,2.58917723,0.30881268,3.1791345800000004,0.6218196,342.8
2026-07-31T21:33:53.517+00:00,1785533631665,62940.19,62950.19,1785533631951,63009.95,63009.9,63010.0,2.55742043,0.31207068,3.1473777800000002,0.6250776,350.8
2026-07-31T21:33:55.870+00:00,1785533633806,62940.34,62950.34,1785533634301,63009.95,63009.9,63010.0,2.54090203,0.31112003,3.13085938,0.5339755899999999,351.8
2026-07-31T21:33:58.220+00:00,1785533636106,62940.19,62950.19,1785533636651,63009.95,63009.9,63010.0,2.55673043,0.30947003,3.14668778,0.5410822,345.9
2026-07-31T21:34:00.569+00:00,1785533638252,62940.51,62950.51,1785533639001,63009.95,63009.9,63010.0,2.50909523,0.30947003,3.09905258,0.54123633,343.6
2026-07-31T21:34:02.914+00:00,1785533640392,62940.81,62950.81,1785533641351,63009.95,63009.9,63010.0,2.95186549,0.19032563,3.46839788,0.34720019,340.8
2026-07-31T21:34:05.266+00:00,1785533643552,62943.32,62953.32,1785533643701,63009.95,63009.9,63010.0,2.7131257,0.19152563,3.31149891,0.34829427999999996,350.1
2026-07-31T21:34:07.617+00:00,1785533645607,62946.48,62956.48,1785533646051,63009.95,63009.9,63010.0,2.74488042,0.19036104,3.34325363,0.3471128,348.1
2026-07-31T21:34:09.969+00:00,1785533647655,62946.72,62956.72,1785533648401,63009.95,63009.9,63010.0,2.75085592,0.19156104,3.29970056,0.34826521,350.7
2026-07-31T21:34:12.318+00:00,1785533649731,62945.87,62955.87,1785533650751,63009.95,63009.9,63010.0,2.57552079,0.28281104,3.2119975400000005,0.9504325,347.6
2026-07-31T21:34:14.657+00:00,1785533653051,62947.26,62957.26,1785533653101,63009.95,63009.9,63010.0,2.46437927,0.19201104,3.10085602,0.8596325,337.9
2026-07-31T21:34:17.020+00:00,1785533655385,62947.27,62957.27,1785533655451,63009.95,63009.9,63010.0,2.57430701,0.19141104,3.3019338,0.28512582,348.1
2026-07-31T21:34:19.419+00:00,1785533655385,62947.27,62957.27,1785533657851,63009.95,63009.9,63010.0,2.55839303,0.19141104,3.28601982,0.28512582,397.3
2026-07-31T21:34:21.767+00:00,1785533660078,62947.29,62957.29,1785533660201,63009.95,63009.9,63010.0,2.52663831,0.10100571,3.2542651,0.19472049,344.7
2026-07-31T21:34:24.113+00:00,1785533660078,62947.29,62957.29,1785533662551,63009.95,63009.9,63010.0,2.48960952,0.10087875,3.21723631,0.19459353,344.4
2026-07-31T21:34:26.465+00:00,1785533664747,62945.72,62955.72,1785533664901,63009.95,63009.9,63010.0,2.52914056,0.10087875,3.22159055,0.19459353,345.8
2026-07-31T21:34:28.817+00:00,1785533667175,62947.21,62957.21,1785533667251,63009.95,63009.9,63010.0,2.38624432,0.10087875,3.07869431,0.19425134,348.5
2026-07-31T21:34:31.168+00:00,1785533668196,62947.32,62957.32,1785533669601,63009.95,63009.9,63010.0,2.3544896,0.10072005,3.04693959,0.19409263999999998,348.0
2026-07-31T21:34:33.508+00:00,1785533670453,62947.33,62957.33,1785533671951,63009.95,63009.9,63010.0,2.54501792,0.10072005,3.23746791,0.19409263999999998,338.6
2026-07-31T21:34:35.866+00:00,1785533673726,62947.34,62957.34,1785533674301,63010.149999999994,63010.1,63010.2,3.14323462,0.30905052,3.46082899,0.46521763,345.8
2026-07-31T21:34:38.218+00:00,1785533676050,62947.35,62957.35,1785533676651,63010.149999999994,63010.1,63010.2,3.14323462,0.25184504,3.46082899,0.40801215,350.7
2026-07-31T21:34:40.575+00:00,1785533677372,62951.35,62961.35,1785533679001,63010.149999999994,63010.1,63010.2,3.62717362,0.18388899,4.04942731,0.24161535,354.1
2026-07-31T21:34:42.918+00:00,1785533680553,62951.25,62961.25,1785533681351,63010.149999999994,63010.1,63010.2,3.62717362,0.15338525,3.9922350200000003,0.15390521000000001,341.1
2026-07-31T21:34:45.266+00:00,1785533682606,62951.05,62961.05,1785533683701,63010.149999999994,63010.1,63010.2,3.62659196,0.10610281,3.99165336,0.10639182,345.9
2026-07-31T21:34:47.620+00:00,1785533685805,62946.94,62956.94,1785533686051,63012.350000000006,63012.3,63012.4,3.66720063,0.29597771,4.0114491,0.30215232,352.0
2026-07-31T21:34:49.969+00:00,1785533687956,62946.87,62956.87,1785533688401,63016.05,63016.0,63016.1,2.25696447,0.23645489,3.21926418,0.6773324900000001,348.0
2026-07-31T21:34:52.316+00:00,1785533690280,62949.44,62959.44,1785533690751,63016.05,63016.0,63016.1,2.32397213,0.23565716,3.0681477100000007,0.59717745,345.9
2026-07-31T21:34:54.668+00:00,1785533692375,62948.63,62958.63,1785533693101,63016.05,63016.0,63016.1,2.31062683,0.235435,3.0548024100000006,0.59695529,347.1
2026-07-31T21:34:57.020+00:00,1785533694615,62948.56,62958.56,1785533695451,63016.05,63016.0,63016.1,2.15063931,0.235435,2.6646575700000006,0.5229295700000001,349.9
2026-07-31T21:34:59.362+00:00,1785533697755,62951.63,62961.63,1785533697801,63016.05,63016.0,63016.1,2.15063931,0.234235,2.6646575700000006,0.33298091999999996,305.5
2026-07-31T21:35:01.720+00:00,1785533699866,62949.59,62959.59,1785533700154,63016.05,63016.0,63016.1,2.30940991,0.234235,2.8234281700000006,0.39021408999999996,351.6
2026-07-31T21:35:04.122+00:00,1785533702076,62949.79,62959.79,1785533702554,63016.05,63016.0,63016.1,2.34114867,0.09410361,3.0030523100000006,0.39433207,396.9
2026-07-31T21:35:06.470+00:00,1785533704145,62949.72,62959.72,1785533704904,63016.05,63016.0,63016.1,2.34114867,0.08122595,3.0030523100000006,0.38145440999999997,345.1
2026-07-31T21:35:08.820+00:00,1785533706208,62952.19,62962.19,1785533707254,63016.05,63016.0,63016.1,2.35722015,0.19076595,2.8712384100000006,0.6077171100000001,349.0
2026-07-31T21:35:11.171+00:00,1785533708436,62951.51,62961.51,1785533709604,63016.05,63016.0,63016.1,2.35722015,0.06312458,2.8712384100000006,0.3633897,348.0
2026-07-31T21:35:13.524+00:00,1785533711855,62949.28,62959.28,1785533711954,63016.05,63016.0,63016.1,2.34589114,0.15425458,2.8546730300000007,0.53845577,351.0
2026-07-31T21:35:15.875+00:00,1785533713750,62954.77,62964.77,1785533714304,63016.05,63016.0,63016.1,2.9650291,0.06143242,3.188855550000001,0.21526452000000001,349.7
2026-07-31T21:35:18.220+00:00,1785533716410,62948.82,62958.82,1785533716654,63016.05,63016.0,63016.1,2.58927192,0.06143242,3.01526745,0.4626334,343.5
2026-07-31T21:35:20.577+00:00,1785533717779,62952.34,62962.34,1785533719004,63016.45,63016.4,63016.5,1.82134364,0.09730141,1.97654803,0.39875511999999996,353.3
2026-07-31T21:35:22.975+00:00,1785533721220,62947.6,62957.6,1785533721404,63016.45,63016.4,63016.5,2.052853,0.09850141,2.2080573900000005,0.3650417899999999,396.0
2026-07-31T21:35:25.319+00:00,1785533723286,62947.81,62957.81,1785533723754,63016.45,63016.4,63016.5,2.03697722,0.09562291,2.1921816100000004,0.3621632899999999,333.0
2026-07-31T21:35:27.674+00:00,1785533725075,62948.17,62958.17,1785533726104,63016.45,63016.4,63016.5,1.99808407,0.09562291,2.1532884600000006,0.3621632899999999,348.9
2026-07-31T21:35:30.020+00:00,1785533727298,62948.19,62958.19,1785533728454,63016.45,63016.4,63016.5,1.88695361,0.08880034,2.042158,0.31138434,343.3
2026-07-31T21:35:32.371+00:00,1785533730507,62946.24,62956.24,1785533730804,63016.45,63016.4,63016.5,2.04571141,0.08930513,2.2009158000000006,0.23596239000000002,348.8
2026-07-31T21:35:34.726+00:00,1785533732627,62946.16,62956.16,1785533733154,63016.45,63016.4,63016.5,2.04571141,0.08870513,2.2009158000000006,0.31128912999999997,353.4
2026-07-31T21:35:37.077+00:00,1785533734940,62940.03,62950.03,1785533735504,63016.45,63016.4,63016.5,0.60264822,0.70095493,0.68609099,1.12026092,349.2
2026-07-31T21:35:39.416+00:00,1785533737026,62938.92,62948.92,1785533737854,63016.45,63016.4,63016.5,0.5567554,0.6769541,0.64019817,0.90377394,337.0
2026-07-31T21:35:41.760+00:00,1785533740116,62939.66,62949.66,1785533740204,63016.45,63016.4,63016.5,0.56413538,0.6769541,0.7005243,0.87649458,334.7
2026-07-31T21:35:44.158+00:00,1785533742431,62938.61,62948.61,1785533742604,63016.45,63016.4,63016.5,0.23058148,0.6769541,0.46685888999999997,0.87649458,385.9
2026-07-31T21:35:46.523+00:00,1785533744536,62935.45,62945.45,1785533744954,63016.45,63016.4,63016.5,0.11079947,1.7933441,0.13829607,2.00663673,352.1
2026-07-31T21:35:48.873+00:00,1785533746693,62937.55,62947.55,1785533747304,63016.05,63016.0,63016.1,0.02808967,2.1298166,0.03466197,3.21628529,347.5
2026-07-31T21:35:51.225+00:00,1785533748713,62937.6,62947.6,1785533749654,63016.05,63016.0,63016.1,0.02808967,2.12941988,0.03466197,3.21588857,349.2
2026-07-31T21:35:53.570+00:00,1785533751871,62939.35,62949.35,1785533752004,63016.05,63016.0,63016.1,0.02808967,2.11686105,0.03466197,3.20332974,337.9
2026-07-31T21:35:55.928+00:00,1785533754145,62938.61,62948.61,1785533754354,63016.05,63016.0,63016.1,0.02688967,2.1156194,0.03834665,3.20208809,348.3
2026-07-31T21:35:58.262+00:00,1785533756329,62938.61,62948.61,1785533756704,63016.05,63016.0,63016.1,0.02688967,2.1156194,0.22993513999999998,3.20208809,332.9
2026-07-31T21:36:00.621+00:00,1785533758553,62938.04,62948.04,1785533759054,63016.05,63016.0,63016.1,0.02571329,2.11524735,0.22875876,3.2017160400000004,348.6
2026-07-31T21:36:02.972+00:00,1785533760694,62938.7,62948.7,1785533761404,63016.05,63016.0,63016.1,0.02451329,2.11524735,0.22755876,3.2017160400000004,346.3
2026-07-31T21:36:05.322+00:00,1785533762712,62943.74,62953.74,1785533763754,63016.05,63016.0,63016.1,0.02451329,2.11482829,0.22755876,3.2012969800000004,348.4
2026-07-31T21:36:07.671+00:00,1785533765907,62942.95,62952.95,1785533766104,63006.350000000006,63006.3,63006.4,0.74530075,0.44278883,1.12939704,0.99224425,344.0
2026-07-31T21:36:10.024+00:00,1785533768357,62937.44,62947.44,1785533768454,63006.350000000006,63006.3,63006.4,1.41767234,0.24573217,1.6460618800000002,0.40777551,352.1
2026-07-31T21:36:12.376+00:00,1785533769359,62940.28,62950.28,1785533770804,63006.350000000006,63006.3,63006.4,1.14910483,0.26309436,1.5756877200000001,0.59515309,349.2
2026-07-31T21:36:14.724+00:00,1785533772575,62940.4,62950.4,1785533773154,63006.350000000006,63006.3,63006.4,1.19787366,0.24479436,1.5930658800000002,0.28921831000000003,345.4
2026-07-31T21:36:17.068+00:00,1785533774596,62939.0,62949.0,1785533775504,63006.350000000006,63006.3,63006.4,1.11794741,0.26445963,1.51313963,0.30888358000000005,342.3
2026-07-31T21:36:19.424+00:00,1785533777707,62940.05,62950.05,1785533777854,63006.350000000006,63006.3,63006.4,1.0699946,0.27976735,1.4424595,0.40319191000000004,340.2
2026-07-31T21:36:21.775+00:00,1785533779794,62939.47,62949.47,1785533780204,63006.350000000006,63006.3,63006.4,1.05296782,0.29806735,1.4254327200000003,0.55608367,348.6
2026-07-31T21:36:24.124+00:00,1785533781840,62940.69,62950.69,1785533782554,63006.350000000006,63006.3,63006.4,1.0834557,0.29771912,1.4559206000000002,0.5223699199999999,346.6
2026-07-31T21:36:26.482+00:00,1785533784229,62945.05,62955.05,1785533784904,63006.350000000006,63006.3,63006.4,1.21757985,0.3543114,1.36259055,0.5789624200000001,355.3
2026-07-31T21:36:28.825+00:00,1785533786431,62944.04,62954.04,1785533787254,63006.350000000006,63006.3,63006.4,1.2128763,0.35531191,1.357887,0.58536374,341.7
2026-07-31T21:36:31.172+00:00,1785533789549,62944.4,62954.4,1785533789604,63006.350000000006,63006.3,63006.4,1.28668553,0.35531191,1.43169623,0.58536374,343.9
2026-07-31T21:36:33.524+00:00,1785533791650,62942.91,62952.91,1785533791954,63006.350000000006,63006.3,63006.4,0.94258483,0.37598181,1.0875955300000002,0.6006328900000001,347.6
2026-07-31T21:36:35.878+00:00,1785533793711,62942.39,62952.39,1785533794304,63006.350000000006,63006.3,63006.4,0.81581347,0.37360587,0.96082417,0.59825695,349.1
2026-07-31T21:36:38.220+00:00,1785533795835,62942.1,62952.1,1785533796654,63006.350000000006,63006.3,63006.4,0.81607699,0.37871854,1.17167889,0.60336962,340.8
2026-07-31T21:36:40.583+00:00,1785533798506,62945.42,62955.42,1785533799004,63006.350000000006,63006.3,63006.4,0.00934187,0.76890711,0.09799579,2.1908389,358.1
2026-07-31T21:36:42.923+00:00,1785533800376,62935.38,62945.38,1785533801354,63006.350000000006,63006.3,63006.4,0.01018406,1.11757419,0.22025376,2.2610218,337.9
2026-07-31T21:36:45.263+00:00,1785533803315,62935.18,62945.18,1785533803704,63006.350000000006,63006.3,63006.4,0.00968338,1.09541658,0.23191496,2.23814945,337.5
2026-07-31T21:36:47.628+00:00,1785533805347,62935.51,62945.51,1785533806054,63006.350000000006,63006.3,63006.4,0.00894082,1.024037,0.2311724,1.3795421300000001,352.2
2026-07-31T21:36:49.975+00:00,1785533807440,62935.69,62945.69,1785533808404,63000.75,63000.7,63000.8,0.84072788,0.9048141,1.43385551,1.27169657,343.5
2026-07-31T21:36:52.324+00:00,1785533810530,62934.11,62944.11,1785533810754,63000.75,63000.7,63000.8,0.45519767,0.9048141,1.0483253000000001,1.24376883,347.5
2026-07-31T21:36:54.678+00:00,1785533812589,62931.34,62941.34,1785533813104,63000.75,63000.7,63000.8,0.29653371,0.90432746,0.8896613400000001,1.77120305,350.9
2026-07-31T21:36:57.024+00:00,1785533814864,62926.94,62936.94,1785533815454,62999.05,62999.0,62999.1,0.40872296,1.08741709,0.41749846,1.4221972600000001,345.2
2026-07-31T21:36:59.368+00:00,1785533817507,62928.58,62938.58,1785533817804,62999.05,62999.0,62999.1,0.45960427,1.08741709,0.46837977,1.4221972600000001,341.1
2026-07-31T21:37:01.726+00:00,1785533819873,62929.55,62939.55,1785533820154,62999.05,62999.0,62999.1,0.4597338,1.08741709,0.4685093,1.4221972600000001,351.8
2026-07-31T21:37:04.077+00:00,1785533821906,62929.4,62939.4,1785533822504,62999.05,62999.0,62999.1,0.46143109,0.85429342,0.47020659,1.18907359,348.7
2026-07-31T21:37:06.419+00:00,1785533824048,62930.65,62940.65,1785533824854,62999.05,62999.0,62999.1,0.46331776,0.85327342,0.47209326,1.18805359,338.8
2026-07-31T21:37:08.766+00:00,1785533826265,62930.68,62940.68,1785533827204,62999.05,62999.0,62999.1,1.76895689,0.00731101,2.0787269900000003,0.36909607,339.2
2026-07-31T21:37:11.129+00:00,1785533828515,62938.03,62948.03,1785533829554,63003.350000000006,63003.3,63003.4,1.28056421,0.14615456,2.00781684,0.45937509,349.7
2026-07-31T21:37:13.472+00:00,1785533831633,62933.31,62943.31,1785533831904,63003.350000000006,63003.3,63003.4,1.28056421,0.2329458,2.00781684,0.60799032,340.7
2026-07-31T21:37:15.831+00:00,1785533833703,62935.41,62945.41,1785533834254,63003.350000000006,63003.3,63003.4,1.28056421,0.2329458,2.00781684,0.5783291700000001,351.7
2026-07-31T21:37:18.176+00:00,1785533835887,62939.5,62949.5,1785533836604,63003.350000000006,63003.3,63003.4,1.27906556,0.2329458,2.00631819,0.5776381500000001,341.4
2026-07-31T21:37:20.518+00:00,1785533837976,62939.09,62949.09,1785533838954,63003.350000000006,63003.3,63003.4,1.27192327,0.2329458,1.5640320300000001,0.57750269,340.3
2026-07-31T21:37:22.873+00:00,1785533840131,62939.61,62949.61,1785533841304,63003.350000000006,63003.3,63003.4,1.27176226,0.2290141,1.5638710200000001,1.08970765,345.9
2026-07-31T21:37:25.225+00:00,1785533843543,62937.25,62947.25,1785533843654,63003.350000000006,63003.3,63003.4,0.42973012,0.54577377,0.92032566,1.54877991,350.0
2026-07-31T21:37:27.574+00:00,1785533845663,62936.09,62946.09,1785533846004,63003.350000000006,63003.3,63003.4,0.74898551,0.27246972,1.2395810500000002,0.7995655100000001,346.6
2026-07-31T21:37:29.925+00:00,1785533847733,62934.54,62944.54,1785533848354,63003.350000000006,63003.3,63003.4,1.19468551,0.23616962,1.4812853600000002,0.60178086,342.3
2026-07-31T21:37:32.265+00:00,1785533849794,62934.6,62944.6,1785533850704,63003.350000000006,63003.3,63003.4,1.25529376,0.11034756,1.5998771900000002,0.3285341,337.4
2026-07-31T21:37:34.626+00:00,1785533852913,62932.8,62942.8,1785533853054,63003.350000000006,63003.3,63003.4,1.25529376,0.20975391,1.5998771900000002,0.42783853,348.4
2026-07-31T21:37:36.976+00:00,1785533854982,62932.64,62942.64,1785533855404,63003.350000000006,63003.3,63003.4,1.17301407,0.23796724,1.5394163500000002,0.45667700999999994,346.6
2026-07-31T21:37:39.332+00:00,1785533857033,62932.06,62942.06,1785533857754,63003.350000000006,63003.3,63003.4,1.1717728,0.23923378,1.5981750800000003,0.45667609,353.8
2026-07-31T21:37:41.679+00:00,1785533859140,62932.1,62942.1,1785533860104,63003.350000000006,63003.3,63003.4,1.07555079,0.29371235,1.5019530700000003,0.5045689700000001,344.2
2026-07-31T21:37:44.029+00:00,1785533861406,62932.13,62942.13,1785533862454,63003.350000000006,63003.3,63003.4,0.76447259,0.33661235,1.04941439,0.61521667,347.5
2026-07-31T21:37:46.370+00:00,1785533864442,62932.2,62942.2,1785533864804,63003.350000000006,63003.3,63003.4,0.87567259,0.33664031,1.1606143899999999,0.54749693,339.5
2026-07-31T21:37:48.726+00:00,1785533866477,62932.22,62942.22,1785533867154,63003.350000000006,63003.3,63003.4,0.87467213,0.41110521,1.30814376,0.62196183,349.4
2026-07-31T21:37:51.076+00:00,1785533868695,62932.25,62942.25,1785533869504,63003.350000000006,63003.3,63003.4,0.81467213,0.41110521,1.24814376,0.62196183,345.1
2026-07-31T21:37:53.422+00:00,1785533869745,62932.26,62942.26,1785533871854,63003.350000000006,63003.3,63003.4,1.01693947,0.36797189,1.6756314600000002,0.57882851,342.7
2026-07-31T21:37:55.762+00:00,1785533871886,62932.27,62942.27,1785533874204,63003.350000000006,63003.3,63003.4,0.81545864,0.52367966,1.47415063,0.7345362799999999,335.7
2026-07-31T21:37:58.124+00:00,1785533876245,62932.59,62942.59,1785533876554,63003.350000000006,63003.3,63003.4,1.19146116,0.52367966,1.6249327900000001,0.7345362799999999,345.4
2026-07-31T21:38:00.480+00:00,1785533878477,62932.28,62942.28,1785533878904,63003.350000000006,63003.3,63003.4,1.19098857,0.52367966,1.60339575,0.7345362799999999,353.0
2026-07-31T21:38:02.814+00:00,1785533881141,62943.14,62953.14,1785533881254,63016.55,63016.5,63016.6,0.57463778,0.56848615,1.13868088,0.78213281,331.9
2026-07-31T21:38:05.166+00:00,1785533883216,62944.44,62954.44,1785533883604,63008.649999999994,63008.6,63008.7,0.64109749,0.43502738,1.21794354,0.95223005,337.5
2026-07-31T21:38:07.524+00:00,1785533885238,62944.7,62954.7,1785533885954,63008.649999999994,63008.6,63008.7,0.63363749,0.43502738,1.21048354,0.7119592800000001,346.5
2026-07-31T21:38:09.876+00:00,1785533887286,62946.4,62956.4,1785533888304,63008.649999999994,63008.6,63008.7,0.63631349,0.43502738,1.2131595400000001,0.7119592800000001,348.7
2026-07-31T21:38:12.228+00:00,1785533890466,62946.28,62956.28,1785533890654,63008.649999999994,63008.6,63008.7,0.64415582,0.43502989,0.9021122699999999,0.7269972499999999,348.9
2026-07-31T21:38:14.577+00:00,1785533892516,62946.22,62956.22,1785533893004,63008.649999999994,63008.6,63008.7,0.77673082,0.16084492,1.41386766,0.33825378,342.3
2026-07-31T21:38:16.936+00:00,1785533894907,62958.33,62968.33,1785533895354,63017.649999999994,63017.6,63017.7,0.69243915,0.28618984,1.54476675,0.53357146,354.9
2026-07-31T21:38:19.293+00:00,1785533897026,62954.99,62964.99,1785533897704,63017.649999999994,63017.6,63017.7,0.63243915,0.30033504,0.90300555,0.6887864399999999,354.9
2026-07-31T21:38:21.683+00:00,1785533899106,62956.4,62966.4,1785533900104,63017.649999999994,63017.6,63017.7,0.63243915,0.30033504,0.90300555,0.6887864399999999,387.6
2026-07-31T21:38:24.029+00:00,1785533901307,62956.88,62966.88,1785533902454,63017.649999999994,63017.6,63017.7,0.38345405,0.50931324,0.8187834,0.8977646399999999,344.2
2026-07-31T21:38:26.377+00:00,1785533904744,62949.92,62959.92,1785533904804,63017.649999999994,63017.6,63017.7,0.5911717,0.30102632,1.01290235,0.6988549299999999,346.6
2026-07-31T21:38:28.725+00:00,1785533906903,62953.89,62963.89,1785533907154,63017.649999999994,63017.6,63017.7,0.5911717,0.30102632,1.01290235,0.76244483,343.9
2026-07-31T21:38:31.079+00:00,1785533908977,62954.6,62964.6,1785533909504,63017.649999999994,63017.6,63017.7,0.29265405,0.5476735,0.5224237,0.94516694,351.9
2026-07-31T21:38:33.430+00:00,1785533911072,62954.88,62964.88,1785533911854,63017.649999999994,63017.6,63017.7,0.29265405,0.53638075,0.70681327,0.8683739099999999,348.2
2026-07-31T21:38:35.777+00:00,1785533913241,62951.1,62961.1,1785533914204,63017.649999999994,63017.6,63017.7,0.29265405,0.30102632,0.70681327,0.8068204400000001,345.5
2026-07-31T21:38:38.130+00:00,1785533916346,62945.14,62955.14,1785533916554,63015.75,63015.7,63015.8,0.45807547,0.89679295,0.8009553,1.15338937,348.2
2026-07-31T21:38:40.475+00:00,1785533917506,62945.1,62955.1,1785533918904,63015.75,63015.7,63015.8,0.45807547,0.89679295,0.82401767,1.02306855,343.8
2026-07-31T21:38:42.828+00:00,1785533920572,62944.99,62954.99,1785533921254,63015.75,63015.7,63015.8,0.45807547,0.89679295,0.82401767,1.0682857700000001,345.4
2026-07-31T21:38:45.180+00:00,1785533922749,62945.91,62955.91,1785533923604,63015.75,63015.7,63015.8,0.25449073,0.89679295,0.62043293,1.29762511,349.6
2026-07-31T21:38:47.528+00:00,1785533925891,62947.99,62957.99,1785533925954,63015.75,63015.7,63015.8,0.45696656,0.88767525,1.05033168,1.09836668,347.8
2026-07-31T21:38:49.881+00:00,1785533927907,62949.55,62959.55,1785533928304,63015.75,63015.7,63015.8,0.51561956,0.79567525,0.7575286600000001,0.9507888499999999,349.9
2026-07-31T21:38:52.221+00:00,1785533930020,62949.37,62959.37,1785533930654,63015.75,63015.7,63015.8,0.24481522,0.79567525,0.61455376,1.19628833,338.6
2026-07-31T21:38:54.580+00:00,1785533932086,62951.51,62961.51,1785533933004,63015.75,63015.7,63015.8,0.24456708,0.79567525,0.67149607,1.19628833,351.5
2026-07-31T21:38:56.928+00:00,1785533935180,62951.52,62961.52,1785533935354,63015.75,63015.7,63015.8,0.46614153,0.79567525,0.87759922,0.9775834299999999,340.4
2026-07-31T21:38:59.277+00:00,1785533937225,62950.43,62960.43,1785533937704,63015.75,63015.7,63015.8,0.24456708,0.79525776,0.65600884,1.00593898,346.1
2026-07-31T21:39:01.631+00:00,1785533939304,62951.37,62961.37,1785533940054,63015.75,63015.7,63015.8,0.5254888,0.88746502,0.9369305600000001,1.09814624,351.5
2026-07-31T21:39:03.972+00:00,1785533942368,62952.4,62962.4,1785533942404,63015.75,63015.7,63015.8,0.75037578,0.81443014,1.19985355,0.92206412,340.2
2026-07-31T21:39:06.327+00:00,1785533944470,62952.35,62962.35,1785533944754,63015.75,63015.7,63015.8,0.6842587,0.81444464,1.1451593,0.9962799600000001,344.2
2026-07-31T21:39:08.673+00:00,1785533946534,62952.31,62962.31,1785533947104,63015.75,63015.7,63015.8,0.6842587,0.88659606,0.93075478,1.06843138,343.7
2026-07-31T21:39:11.028+00:00,1785533948595,62952.28,62962.28,1785533949454,63015.75,63015.7,63015.8,0.6591688,0.88613059,1.55091094,1.06796591,346.1
2026-07-31T21:39:13.380+00:00,1785533951732,62951.53,62961.53,1785533951804,63015.75,63015.7,63015.8,0.66245466,0.88613059,1.5541968,0.9891969700000002,350.3
2026-07-31T21:39:15.730+00:00,1785533952735,62952.23,62962.23,1785533954154,63015.75,63015.7,63015.8,0.66318266,0.92036917,1.5549248,1.1022044899999999,347.7
2026-07-31T21:39:18.086+00:00,1785533956022,62952.2,62962.2,1785533956504,63015.75,63015.7,63015.8,0.64808303,0.9605459,1.0574363299999998,1.07224774,352.5
2026-07-31T21:39:20.427+00:00,1785533958746,62957.34,62967.34,1785533958854,63015.75,63015.7,63015.8,1.53002529,0.24844173,2.75197247,0.45832142,338.3
2026-07-31T21:39:22.780+00:00,1785533961025,62958.18,62968.18,1785533961204,63015.75,63015.7,63015.8,2.04559629,0.24667821,3.0317892200000003,0.4565579,346.6
2026-07-31T21:39:25.128+00:00,1785533963192,62963.54,62973.54,1785533963554,63031.649999999994,63031.6,63031.7,0.50584251,0.63665482,0.8708081400000001,0.7952120199999999,342.9
2026-07-31T21:39:27.480+00:00,1785533965232,62961.13,62971.13,1785533965904,63031.649999999994,63031.6,63031.7,0.44953879,0.63684207,0.76451539,0.7349182000000001,350.1
2026-07-31T21:39:29.830+00:00,1785533967406,62961.96,62971.96,1785533968254,63031.649999999994,63031.6,63031.7,0.71921454,0.63681279,1.03419114,0.7111113,348.5
2026-07-31T21:39:32.188+00:00,1785533970506,62963.64,62973.64,1785533970604,63031.649999999994,63031.6,63031.7,0.64487682,0.62663782,1.18042146,0.74737193,357.6
2026-07-31T21:39:34.528+00:00,1785533972107,62965.95,62975.95,1785533972954,63031.649999999994,63031.6,63031.7,0.56551092,0.63583782,0.9915716900000002,1.08106764,338.2
2026-07-31T21:39:36.876+00:00,1785533974308,62966.81,62976.81,1785533975304,63031.649999999994,63031.6,63031.7,0.70836954,0.63583782,1.3029823,1.08106764,345.8
2026-07-31T21:39:39.220+00:00,1785533977445,62965.14,62975.14,1785533977654,63031.649999999994,63031.6,63031.7,0.72424272,0.63561641,1.1503034900000002,1.1293480200000001,339.6
2026-07-31T21:39:41.630+00:00,1785533979715,62964.93,62974.93,1785533980054,63031.649999999994,63031.6,63031.7,0.72424272,0.63561641,1.1503034900000002,1.1293480200000001,396.0
2026-07-31T21:39:43.984+00:00,1785533981729,62965.59,62975.59,1785533982404,63031.649999999994,63031.6,63031.7,0.72424272,0.63561641,1.0902710300000003,0.8305518800000001,351.9
2026-07-31T21:39:46.337+00:00,1785533983833,62963.6,62973.6,1785533984754,63031.649999999994,63031.6,63031.7,0.72424272,0.63278118,1.3816650300000002,1.0645118800000002,351.7
2026-07-31T21:39:48.685+00:00,1785533987055,62970.5,62980.5,1785533987104,63031.649999999994,63031.6,63031.7,0.72424272,0.63029931,1.24233432,0.8252347800000001,347.3
2026-07-31T21:39:51.030+00:00,1785533988082,62970.49,62980.49,1785533989454,63031.649999999994,63031.6,63031.7,0.71709876,0.63029931,1.04869287,1.20489751,343.9
2026-07-31T21:39:53.384+00:00,1785533991636,62964.07,62974.07,1785533991804,63031.649999999994,63031.6,63031.7,0.84642269,0.63021999,1.0864226900000002,1.1563164000000001,352.3
2026-07-31T21:39:55.733+00:00,1785533993743,62965.52,62975.52,1785533994154,63031.649999999994,63031.6,63031.7,0.8485044,0.63021999,1.0885044000000001,1.1563164000000001,346.7
2026-07-31T21:39:58.083+00:00,1785533995837,62965.3,62975.3,1785533996504,63031.649999999994,63031.6,63031.7,0.71680244,0.63021999,1.0477489400000002,1.0991424799999998,347.6
2026-07-31T21:40:00.429+00:00,1785533998096,62962.48,62972.48,1785533998854,63031.649999999994,63031.6,63031.7,0.71649857,0.63021999,1.0525849200000001,0.70449126,345.2
2026-07-31T21:40:02.779+00:00,1785534000234,62961.83,62971.83,1785534001204,63031.649999999994,63031.6,63031.7,0.50322644,0.56689077,0.7432264400000002,0.64116204,347.0
2026-07-31T21:40:05.126+00:00,1785534003370,62958.84,62968.84,1785534003554,63031.649999999994,63031.6,63031.7,0.42471464,0.56689077,0.63894924,0.64116204,344.6
2026-07-31T21:40:07.488+00:00,1785534005424,62959.14,62969.14,1785534005904,63031.649999999994,63031.6,63031.7,0.42198056,0.56569077,0.87642495,0.63996204,356.5
2026-07-31T21:40:09.832+00:00,1785534007465,62960.43,62970.43,1785534008254,63031.649999999994,63031.6,63031.7,0.77054406,0.19305956,1.41671961,0.60272053,343.4
2026-07-31T21:40:12.172+00:00,1785534009710,62960.62,62970.62,1785534010604,63031.649999999994,63031.6,63031.7,0.77053569,0.19302783,0.9973193499999999,0.29631196000000004,336.5
2026-07-31T21:40:14.534+00:00,1785534012792,62963.31,62973.31,1785534012954,63034.55,63034.5,63034.6,1.32301345,0.68810606,1.9458370100000002,1.65600273,349.8
2026-07-31T21:40:16.876+00:00,1785534015023,62964.22,62974.22,1785534015304,63034.55,63034.5,63034.6,1.26301345,0.68901522,2.0802926000000004,1.37389201,340.0
2026-07-31T21:40:33.483+00:00,1785534031186,62957.65,62967.65,1785534031904,63034.55,63034.5,63034.6,0.06741553,0.92992635,0.42114166999999997,1.1869955399999998,412.3
2026-07-31T21:40:35.833+00:00,1785534033256,62958.0,62968.0,1785534034254,63034.55,63034.5,63034.6,0.04052819,0.92992635,0.39492433000000005,1.1869955399999998,348.7
2026-07-31T21:41:01.431+00:00,1785534059416,62943.74,62953.74,1785534059854,63010.05,63010.0,63010.1,1.00606478,0.01235512,1.5124978000000002,0.25795378,324.0
2026-07-31T21:41:03.780+00:00,1785534061495,62945.14,62955.14,1785534062204,63010.05,63010.0,63010.1,0.99612722,0.01152699,1.50258383,0.25712565000000004,346.9
2026-07-31T21:41:07.225+00:00,1785534064596,62948.3,62958.3,1785534065654,63010.350000000006,63010.3,63010.4,0.30991614,0.6807686,0.43927689000000003,0.8074161999999999,378.7
2026-07-31T21:41:15.086+00:00,1785534072768,62942.5,62952.5,1785534073504,63010.350000000006,63010.3,63010.4,0.44353191,0.67200535,0.5728926599999999,0.8236278499999999,347.2
2026-07-31T21:41:18.036+00:00,1785534075935,62940.03,62950.03,1785534076454,63010.350000000006,63010.3,63010.4,0.57827242,0.6717673,0.81353292,0.8128535199999999,355.2
2026-07-31T21:41:20.384+00:00,1785534078025,62939.29,62949.29,1785534078804,63010.350000000006,63010.3,63010.4,0.91815091,0.14689513,1.20874908,0.19656618,346.4
2026-07-31T21:41:22.731+00:00,1785534081086,62939.33,62949.33,1785534081154,63010.350000000006,63010.3,63010.4,0.92021966,0.14689513,1.21081783,0.41837327,343.1
2026-07-31T21:41:25.079+00:00,1785534083139,62939.77,62949.77,1785534083504,63010.350000000006,63010.3,63010.4,0.9307349,0.14809513,1.13947504,0.27427019999999996,345.5
2026-07-31T21:41:27.434+00:00,1785534085266,62940.62,62950.62,1785534085854,63010.350000000006,63010.3,63010.4,0.92661544,0.14657868,1.13535543,0.24840777999999997,341.1
2026-07-31T21:41:29.782+00:00,1785534087412,62941.2,62951.2,1785534088204,63010.350000000006,63010.3,63010.4,0.92661544,0.1465152,1.13535543,0.2483443,346.1
2026-07-31T21:41:32.128+00:00,1785534089524,62941.46,62951.46,1785534090554,63010.350000000006,63010.3,63010.4,0.92560102,0.1477152,1.13434101,0.24944072999999997,344.8
2026-07-31T21:41:34.479+00:00,1785534092571,62952.55,62962.55,1785534092904,63014.55,63014.5,63014.6,1.92340227,0.1542349,2.5187060399999996,0.30520321,344.1
2026-07-31T21:41:36.835+00:00,1785534094636,62955.19,62965.19,1785534095254,63014.55,63014.5,63014.6,1.79238664,0.15428875,2.38769041,0.30525705999999997,351.1
2026-07-31T21:41:39.182+00:00,1785534096788,62954.74,62964.74,1785534097604,63014.55,63014.5,63014.6,1.95886349,0.16338875,2.55416725,0.31435705999999997,345.4
2026-07-31T21:41:41.536+00:00,1785534098947,62955.53,62965.53,1785534099954,63014.55,63014.5,63014.6,1.95886349,0.02709625,2.58162632,0.17806455999999998,351.0
2026-07-31T21:41:43.881+00:00,1785534102085,62952.94,62962.94,1785534102304,63014.55,63014.5,63014.6,1.95864162,0.02709625,2.58140445,0.28028264999999997,343.9
2026-07-31T21:41:46.233+00:00,1785534104186,62952.0,62962.0,1785534104654,63014.55,63014.5,63014.6,2.1299616,0.02709625,2.3459780800000005,0.22658915000000002,347.6
2026-07-31T21:41:48.587+00:00,1785534106476,62951.89,62961.89,1785534107004,63014.55,63014.5,63014.6,2.1299616,0.02709625,2.3459780800000005,0.17805134,352.8
2026-07-31T21:41:50.924+00:00,1785534108566,62952.38,62962.38,1785534109354,63014.55,63014.5,63014.6,2.1299616,0.02709625,2.3459780700000006,0.16940768,336.4
2026-07-31T21:41:53.287+00:00,1785534110714,62950.97,62960.97,1785534111704,63014.55,63014.5,63014.6,2.08233261,0.01759625,2.2983490800000004,0.11606986999999999,352.4
2026-07-31T21:41:55.635+00:00,1785534113728,62954.02,62964.02,1785534114054,63014.55,63014.5,63014.6,2.12964731,0.01759625,2.3456637800000006,0.17323541,346.1
2026-07-31T21:41:57.983+00:00,1785534115801,62949.31,62959.31,1785534116404,63014.55,63014.5,63014.6,2.21351262,0.01624814,2.4295290900000004,0.12668335,346.0
2026-07-31T21:42:00.333+00:00,1785534117878,62947.21,62957.21,1785534118754,63017.149999999994,63017.1,63017.2,1.93161721,0.0750641,2.6193064099999996,0.34939801000000004,348.5
2026-07-31T21:42:02.686+00:00,1785534119982,62945.84,62955.84,1785534121104,63017.149999999994,63017.1,63017.2,1.47032535,0.2875713,1.74918217,0.5237497999999999,348.8
2026-07-31T21:42:05.041+00:00,1785534123397,62946.13,62956.13,1785534123454,63017.149999999994,63017.1,63017.2,1.47016902,0.4329817,1.74902584,0.71425103,353.7
2026-07-31T21:42:07.385+00:00,1785534125440,62937.1,62947.1,1785534125804,63014.55,63014.5,63014.6,0.09398286,2.21187522,0.31256693,2.5308904400000003,342.3
2026-07-31T21:42:09.735+00:00,1785534127576,62937.52,62947.52,1785534128154,63014.55,63014.5,63014.6,0.09398286,2.21187522,0.31256693,2.5331995700000003,348.0
2026-07-31T21:42:12.089+00:00,1785534129638,62938.81,62948.81,1785534130504,63014.55,63014.5,63014.6,0.09398286,2.8368434,0.31256693,3.2463409199999997,343.3
2026-07-31T21:42:14.427+00:00,1785534132755,62940.48,62950.48,1785534132854,63014.55,63014.5,63014.6,0.09398286,2.8455344,0.31256693,3.3220687700000004,336.9
2026-07-31T21:42:16.782+00:00,1785534134814,62940.45,62950.45,1785534135204,63014.55,63014.5,63014.6,0.09375023,2.2999744,0.3123343,2.7765087700000004,348.1
2026-07-31T21:42:19.134+00:00,1785534136815,62940.43,62950.43,1785534137554,63014.55,63014.5,63014.6,0.09375023,2.8368434,0.3123343,3.31337777,345.8
2026-07-31T21:42:21.484+00:00,1785534139191,62936.0,62946.0,1785534139904,63010.350000000006,63010.3,63010.4,0.2200159,2.30705308,0.22893216,2.90981595,348.0
2026-07-31T21:42:23.835+00:00,1785534141333,62936.07,62946.07,1785534142254,63010.350000000006,63010.3,63010.4,0.21287196,2.38222574,0.22178822,2.98498861,349.0
2026-07-31T21:42:26.188+00:00,1785534144352,62936.16,62946.16,1785534144604,63010.350000000006,63010.3,63010.4,0.21287196,2.39548603,0.22178822,3.28669787,350.2
2026-07-31T21:42:28.535+00:00,1785534146488,62936.22,62946.22,1785534146954,63010.350000000006,63010.3,63010.4,0.35617196,2.38482963,0.36508822,3.27604147,346.9
2026-07-31T21:42:30.889+00:00,1785534148506,62935.95,62945.95,1785534149304,63010.350000000006,63010.3,63010.4,0.25692521,2.15485428,0.26584163000000005,3.04606612,350.7
2026-07-31T21:42:33.231+00:00,1785534151577,62935.8,62945.8,1785534151654,63010.350000000006,63010.3,63010.4,0.20929292,2.12522798,0.21820934,2.96709916,340.2
2026-07-31T21:42:35.591+00:00,1785534153586,62936.2,62946.2,1785534154004,63010.350000000006,63010.3,63010.4,0.15094933,2.16582798,0.15986667,2.27984662,355.5
2026-07-31T21:42:37.929+00:00,1785534155656,62933.93,62943.93,1785534156354,63010.350000000006,63010.3,63010.4,0.14984928,2.16582798,0.36588338,2.27984662,337.0
2026-07-31T21:42:40.236+00:00,1785534157704,62935.85,62945.85,1785534158654,63010.350000000006,63010.3,63010.4,0.14984928,2.16479092,0.36588338,2.22870144,299.8
2026-07-31T21:42:42.592+00:00,1785534160838,62941.04,62951.04,1785534161004,63010.350000000006,63010.3,63010.4,0.11578284,2.20284201,0.35693166,2.3168606499999997,354.4
2026-07-31T21:42:44.935+00:00,1785534161891,62941.06,62951.06,1785534163354,63010.350000000006,63010.3,63010.4,0.1086391,2.17236707,0.33347966,2.2371562,340.4
2026-07-31T21:42:47.285+00:00,1785534165415,62940.41,62950.41,1785534165704,63010.350000000006,63010.3,63010.4,0.03384697,2.17236707,0.27730736,2.28638571,349.0
2026-07-31T21:42:49.635+00:00,1785534167435,62938.37,62948.37,1785534168054,63010.350000000006,63010.3,63010.4,0.08669725,2.17220996,0.33015764000000003,2.2862286,339.5
2026-07-31T21:42:51.985+00:00,1785534169666,62938.57,62948.57,1785534170404,63010.350000000006,63010.3,63010.4,0.08669725,2.17220996,0.33015764000000003,2.2862286,347.9
2026-07-31T21:42:54.336+00:00,1785534171755,62937.46,62947.46,1785534172754,63004.75,63004.7,63004.8,0.8296171,1.31987538,0.88906245,1.36970465,348.4
2026-07-31T21:42:56.673+00:00,1785534173933,62938.73,62948.73,1785534175104,63004.75,63004.7,63004.8,0.82246999,1.31987538,0.8819153399999999,1.39417852,332.3
2026-07-31T21:42:59.034+00:00,1785534177303,62938.62,62948.62,1785534177454,63004.75,63004.7,63004.8,0.82246999,1.31987538,0.8819153399999999,1.39417852,343.5
2026-07-31T21:43:01.383+00:00,1785534179710,62938.52,62948.52,1785534179804,63004.75,63004.7,63004.8,0.6232496,1.31987538,0.79131243,1.39417852,346.7
2026-07-31T21:43:03.738+00:00,1785534182106,62939.42,62949.42,1785534182154,63004.75,63004.7,63004.8,0.54972016,1.31830594,0.77494166,1.39260974,352.7
2026-07-31T21:43:06.084+00:00,1785534183115,62940.1,62950.1,1785534184504,63004.75,63004.7,63004.8,0.60207819,1.3183313,0.8272996899999999,1.3926351000000001,342.7
2026-07-31T21:43:08.439+00:00,1785534186606,62941.5,62951.5,1785534186854,63004.75,63004.7,63004.8,0.5853388,0.38873817,0.8105603,0.46304197,352.3
2026-07-31T21:43:10.782+00:00,1785534188705,62941.58,62951.58,1785534189204,63004.75,63004.7,63004.8,0.6453388,0.38730228,0.8705603,0.46160608000000003,342.1
2026-07-31T21:43:13.135+00:00,1785534190845,62941.45,62951.45,1785534191554,63004.75,63004.7,63004.8,0.6453388,0.38717578,0.8705603,0.46147958,346.1
2026-07-31T21:43:15.532+00:00,1785534193516,62933.57,62943.57,1785534193954,63004.75,63004.7,63004.8,0.86114348,0.40377985,1.0126439900000002,0.5377156599999999,396.4
2026-07-31T21:43:17.892+00:00,1785534195526,62933.7,62943.7,1785534196304,63004.75,63004.7,63004.8,0.84526385,0.40478032,0.99676436,0.53871613,347.2
2026-07-31T21:43:20.225+00:00,1785534198218,62952.75,62962.75,1785534198654,63014.45,63014.4,63014.5,0.62257475,0.4084094,1.4942123600000001,0.48786261,331.0
2026-07-31T21:43:22.595+00:00,1785534200746,62964.02,62974.02,1785534201004,63025.95,63025.9,63026.0,1.369061,0.01296424,1.7737330900000001,0.018011990000000002,355.0
2026-07-31T21:43:24.929+00:00,1785534203156,62936.53,62946.53,1785534203354,63018.25,63018.2,63018.3,0.0430336,1.81867401,0.10400744,2.2823201400000004,332.7
2026-07-31T21:43:27.286+00:00,1785534205295,62939.55,62949.55,1785534205704,63014.95,63014.9,63015.0,0.03813947,1.71896908,0.1590983,2.21694503,347.4
2026-07-31T21:43:29.629+00:00,1785534207266,62941.81,62951.81,1785534208054,63014.95,63014.9,63015.0,0.03813947,1.71896908,0.09911423,2.12208581,341.0
2026-07-31T21:43:31.978+00:00,1785534210320,62943.42,62953.42,1785534210404,63014.95,63014.9,63015.0,0.03813947,1.90800834,0.040057129999999996,2.08898507,338.4
2026-07-31T21:43:34.338+00:00,1785534211920,62942.31,62952.31,1785534212754,63007.649999999994,63007.6,63007.7,0.50587008,1.3708649,0.72230904,1.76915306,347.9
2026-07-31T21:43:36.687+00:00,1785534214996,62942.37,62952.37,1785534215104,63007.649999999994,63007.6,63007.7,0.28976072,1.27053798,0.6211677,1.5379127700000002,343.0
2026-07-31T21:43:39.032+00:00,1785534217032,62942.39,62952.39,1785534217454,63007.649999999994,63007.6,63007.7,0.44290729,1.26452588,0.77431427,1.47950658,342.9
2026-07-31T21:43:41.376+00:00,1785534219272,62941.63,62951.63,1785534219804,63007.649999999994,63007.6,63007.7,0.43331275,1.36852581,0.7268338400000001,1.6248377699999998,338.6
2026-07-31T21:43:43.734+00:00,1785534221871,62955.93,62965.93,1785534222154,63021.55,63021.5,63021.6,2.27004303,0.0080865,2.74848564,0.22950313,347.4
2026-07-31T21:43:46.094+00:00,1785534224263,62944.34,62954.34,1785534224504,63016.05,63016.0,63016.1,0.04232403,1.28675455,0.29191492,1.55767327,354.1
2026-07-31T21:43:48.440+00:00,1785534225965,62959.02,62969.02,1785534226854,63020.25,63020.2,63020.3,1.22323132,0.01322366,1.55627813,0.31790535999999997,344.5
2026-07-31T21:43:50.782+00:00,1785534228545,62957.46,62967.46,1785534229204,63021.95,63021.9,63022.0,1.45688753,0.0072634,1.89159923,0.33967327,340.8
2026-07-31T21:43:53.135+00:00,1785534230663,62953.41,62963.41,1785534231554,63021.95,63021.9,63022.0,1.45748545,0.0072634,1.89219715,0.33967327,344.5
2026-07-31T21:43:55.486+00:00,1785534233815,62926.74,62936.74,1785534233904,63002.75,63002.7,63002.8,0.13559653,1.45149231,0.14563096999999997,2.11631704,343.7
2026-07-31T21:43:57.881+00:00,1785534235620,62933.64,62943.64,1785534236304,63000.05,63000.0,63000.1,0.03453595,1.24242339,0.26367446,1.92572949,392.3
2026-07-31T21:44:00.242+00:00,1785534237707,62930.68,62940.68,1785534238654,63000.05,63000.0,63000.1,0.01756795,1.44333774,0.29287844,2.2155684000000004,352.8
2026-07-31T21:44:02.593+00:00,1785534240775,62952.66,62962.66,1785534241004,63017.55,63017.5,63017.6,1.36587943,0.00699536,2.59022485,0.07584575,350.3
2026-07-31T21:44:04.940+00:00,1785534242562,62934.02,62944.02,1785534243354,63000.05,63000.0,63000.1,0.03735464,1.72938884,0.30178885,1.9103592499999997,343.4
2026-07-31T21:44:07.289+00:00,1785534244950,62933.47,62943.47,1785534245704,63000.05,63000.0,63000.1,0.02742964,1.72938884,0.2935126,1.97080297,347.6
2026-07-31T21:44:09.632+00:00,1785534247807,62932.78,62942.78,1785534248054,63000.05,63000.0,63000.1,0.94964433,0.23198948,1.4332094899999999,0.49222189999999993,340.8
2026-07-31T21:44:11.987+00:00,1785534250055,62933.57,62943.57,1785534250404,63000.05,63000.0,63000.1,0.01453721,1.3689141,0.06065461,1.76543883,342.4
2026-07-31T21:44:14.328+00:00,1785534252706,62947.19,62957.19,1785534252754,63007.649999999994,63007.6,63007.7,1.68981164,0.06679809,3.43451732,0.16684745,338.2
2026-07-31T21:44:16.689+00:00,1785534255015,62949.52,62959.52,1785534255104,63003.95,63003.9,63004.0,0.00888001,1.76563959,0.20889479,2.1004688799999998,344.3
2026-07-31T21:44:19.036+00:00,1785534256656,62929.13,62939.13,1785534257454,62999.05,62999.0,62999.1,0.09637196,1.72752021,0.24982888999999997,2.3493814,344.3
2026-07-31T21:44:21.376+00:00,1785534258901,62929.22,62939.22,1785534259804,62999.05,62999.0,62999.1,0.08922961,1.71166443,0.24268653999999998,2.8824257,337.7
2026-07-31T21:44:23.738+00:00,1785534261672,62935.55,62945.55,1785534262154,63000.149999999994,63000.1,63000.2,0.01615531,0.99509018,0.20561163,1.53772567,346.6
2026-07-31T21:44:26.087+00:00,1785534264338,62958.34,62968.34,1785534264504,63018.95,63018.9,63019.0,0.00973469,1.00010566,0.74521268,1.28984239,343.8
2026-07-31T21:44:28.439+00:00,1785534266385,62950.72,62960.72,1785534266854,63014.649999999994,63014.6,63014.7,0.23500162,1.06210151,1.47573056,1.5193200999999998,349.1
2026-07-31T21:44:30.787+00:00,1785534268476,62950.19,62960.19,1785534269204,63014.649999999994,63014.6,63014.7,0.53647952,0.8692002,1.30540902,1.45031663,346.4
2026-07-31T21:44:33.137+00:00,1785534270515,62950.16,62960.16,1785534271554,63014.649999999994,63014.6,63014.7,0.31050462,0.94200829,1.0794341200000002,1.5295774500000001,346.3
2026-07-31T21:44:35.494+00:00,1785534273676,62950.06,62960.06,1785534273904,63014.649999999994,63014.6,63014.7,0.02266134,1.54640223,0.14269220999999999,2.19259328,353.8
2026-07-31T21:44:37.891+00:00,1785534276241,62934.03,62944.03,1785534276304,63003.25,63003.2,63003.3,0.14994583,1.73522066,0.15000688,2.16964412,395.0
2026-07-31T21:44:40.241+00:00,1785534278307,62955.8,62965.8,1785534278654,63014.649999999994,63014.6,63014.7,1.63450885,0.08090629,2.47709498,0.11197277000000001,348.3
2026-07-31T21:44:42.595+00:00,1785534280873,62956.53,62966.53,1785534281004,63014.649999999994,63014.6,63014.7,2.41956671,0.07946704,2.94966256,0.09654945000000001,351.3
2026-07-31T21:44:44.938+00:00,1785534282542,62957.42,62967.42,1785534283354,63014.649999999994,63014.6,63014.7,1.37956397,0.07948384,1.6765343,0.3321138,338.1
2026-07-31T21:44:47.295+00:00,1785534283583,62952.84,62962.84,1785534285704,63014.649999999994,63014.6,63014.7,1.41729288,0.07948384,1.71426304,0.19854221,355.2
2026-07-31T21:44:49.641+00:00,1785534286806,62956.48,62966.48,1785534288054,63014.649999999994,63014.6,63014.7,1.4773104,0.07422389,1.77428059,0.35907913,344.5
2026-07-31T21:44:51.987+00:00,1785534290106,62954.1,62964.1,1785534290404,63026.850000000006,63026.8,63026.9,0.71364386,0.40108395,1.4197108100000002,0.55621208,345.0
2026-07-31T21:44:54.339+00:00,1785534292575,62948.04,62958.04,1785534292754,63014.350000000006,63014.3,63014.4,0.19300597,0.78051959,0.5784178600000001,1.29294695,347.2
2026-07-31T21:44:56.688+00:00,1785534294895,62944.99,62954.99,1785534295104,63014.350000000006,63014.3,63014.4,0.35175194,0.64584554,0.69697478,1.22262131,347.7
2026-07-31T21:44:59.038+00:00,1785534297361,62950.59,62960.59,1785534297454,63026.850000000006,63026.8,63026.9,0.01013173,2.00548527,0.13016359,3.3161185499999997,346.7
2026-07-31T21:45:01.376+00:00,1785534298806,62966.91,62976.91,1785534299804,63033.05,63033.0,63033.1,1.5259795,0.23542919,1.9739806500000001,0.42304942,335.2
2026-07-31T21:45:03.724+00:00,1785534301307,62954.65,62964.65,1785534302154,63032.850000000006,63032.8,63032.9,0.11496977,1.46982616,0.46735108000000003,1.9079649,334.8
2026-07-31T21:45:06.094+00:00,1785534304357,62955.2,62965.2,1785534304504,63030.05,63030.0,63030.1,0.06958865,2.0595958,0.23180534,2.2699944,353.3
2026-07-31T21:45:08.439+00:00,1785534306375,62957.54,62967.54,1785534306854,63030.05,63030.0,63030.1,0.06958865,2.0595958,0.44074117999999995,2.2071907,343.9
2026-07-31T21:45:10.782+00:00,1785534308022,62952.48,62962.48,1785534309204,63024.05,63024.0,63024.1,0.06902237,2.11167928,0.29220719,3.3168195000000003,342.1
2026-07-31T21:45:13.126+00:00,1785534310795,62950.79,62960.79,1785534311554,63022.95,63022.9,63023.0,0.06882464,2.13749333,0.45607234,2.3992415400000002,332.7
2026-07-31T21:45:15.478+00:00,1785534312900,62947.36,62957.36,1785534313904,63018.850000000006,63018.8,63018.9,0.22835557,2.00944573,0.84851166,2.0332947499999996,337.0
2026-07-31T21:45:17.887+00:00,1785534315985,62946.73,62956.73,1785534316304,63016.95,63016.9,63017.0,0.3769818,2.1486789,0.6919247000000002,2.2424745500000003,394.8
2026-07-31T21:45:20.238+00:00,1785534318051,62946.69,62956.69,1785534318654,63016.95,63016.9,63017.0,0.43817945,2.14873523,0.7531223500000002,2.2513708300000004,345.9
2026-07-31T21:45:22.595+00:00,1785534320788,62946.17,62956.17,1785534321004,63016.95,63016.9,63017.0,0.07065726,2.15785187,0.33918902,2.5513913699999997,354.4
2026-07-31T21:45:24.948+00:00,1785534322991,62946.09,62956.09,1785534323354,63016.95,63016.9,63017.0,0.26834826,2.15560187,0.53688002,2.6374016399999998,350.7
2026-07-31T21:45:27.342+00:00,1785534325097,62946.22,62956.22,1785534325754,63016.75,63016.7,63016.8,0.35575224,1.99493453,0.60144683,2.7043268499999997,391.2
2026-07-31T21:45:29.689+00:00,1785534327195,62973.3,62983.3,1785534328104,63032.850000000006,63032.8,63032.9,1.19588053,0.54162373,1.91692177,0.68494037,345.6
2026-07-31T21:45:32.040+00:00,1785534330293,62965.2,62975.2,1785534330454,63032.850000000006,63032.8,63032.9,1.1800076,0.54162373,2.03598312,0.57030442,349.7
2026-07-31T21:45:34.392+00:00,1785534332364,62967.79,62977.79,1785534332804,63032.850000000006,63032.8,63032.9,0.78431255,0.54672373,1.63805661,0.55767281,348.6
2026-07-31T21:45:36.738+00:00,1785534334812,62969.48,62979.48,1785534335154,63032.850000000006,63032.8,63032.9,1.20542266,0.01639602,1.90011864,0.02773009,343.2
2026-07-31T21:45:39.079+00:00,1785534336581,62976.71,62986.71,1785534337504,63043.149999999994,63043.1,63043.2,0.17036649,1.15667511,0.36436649000000004,1.1966686599999998,337.7
2026-07-31T21:45:41.439+00:00,1785534339022,62967.9,62977.9,1785534339854,63043.149999999994,63043.1,63043.2,0.07995269,0.86191704,0.34645854000000004,1.0152751,347.2
2026-07-31T21:45:43.793+00:00,1785534341764,62974.42,62984.42,1785534342204,63043.149999999994,63043.1,63043.2,0.67239289,0.50005052,1.3933310200000002,0.5175093900000001,349.2
2026-07-31T21:45:46.143+00:00,1785534343925,62976.69,62986.69,1785534344554,63043.149999999994,63043.1,63043.2,0.78778471,0.00638524,1.47869484,0.22188008,346.7
2026-07-31T21:45:48.477+00:00,1785534346024,62976.5,62986.5,1785534346904,63043.149999999994,63043.1,63043.2,0.73379174,0.00638524,1.42577931,0.22188008,332.9
2026-07-31T21:45:50.838+00:00,1785534348193,62974.39,62984.39,1785534349254,63043.149999999994,63043.1,63043.2,0.75907013,0.12661472,1.4510577,0.45916649,345.0
2026-07-31T21:45:53.189+00:00,1785534351453,62975.92,62985.92,1785534351604,63043.149999999994,63043.1,63043.2,0.81269227,0.20661472,1.31759373,0.5391664899999999,344.0
2026-07-31T21:45:55.541+00:00,1785534353525,62974.43,62984.43,1785534353954,63043.149999999994,63043.1,63043.2,0.85559097,0.20661472,1.36049243,0.5391664899999999,348.0
2026-07-31T21:45:57.889+00:00,1785534355544,62974.45,62984.45,1785534356304,63043.149999999994,63043.1,63043.2,0.84159097,0.20661472,1.5330940999999998,0.33338565,344.6
2026-07-31T21:46:00.246+00:00,1785534357626,62974.46,62984.46,1785534358654,63043.149999999994,63043.1,63043.2,0.6130694,0.60216426,1.0399658,0.82420927,354.6
2026-07-31T21:46:02.605+00:00,1785534360780,62974.48,62984.48,1785534361004,63043.149999999994,63043.1,63043.2,0.4658086,0.65483696,0.8751626300000002,1.13085081,356.4
2026-07-31T21:46:04.947+00:00,1785534363209,62968.19,62978.19,1785534363354,63043.149999999994,63043.1,63043.2,0.0265456,1.35283581,0.19576699,2.27878517,339.4
2026-07-31T21:46:07.292+00:00,1785534365223,62968.18,62978.18,1785534365704,63043.149999999994,63043.1,63043.2,0.0230446,1.34966339,0.15453630999999998,2.2540171,343.5
2026-07-31T21:46:09.641+00:00,1785534367359,62970.99,62980.99,1785534368054,63043.149999999994,63043.1,63043.2,0.0230446,1.3496294,0.35463712999999997,2.2539831099999996,347.4
2026-07-31T21:46:11.989+00:00,1785534369511,62971.32,62981.32,1785534370404,63043.149999999994,63043.1,63043.2,0.0230446,1.34956898,0.17292057,2.25392269,344.9
2026-07-31T21:46:14.341+00:00,1785534372449,62957.51,62967.51,1785534372754,63032.149999999994,63032.1,63032.2,0.18116284,0.61205982,0.3746868,1.34364705,347.4
2026-07-31T21:46:16.695+00:00,1785534374603,62958.5,62968.5,1785534375104,63032.149999999994,63032.1,63032.2,0.18482994,0.61059867,0.39233797,1.30495595,351.9
2026-07-31T21:46:19.039+00:00,1785534377193,62957.99,62967.99,1785534377454,63032.149999999994,63032.1,63032.2,0.05808417,1.12377705,0.19482316999999996,1.8553689000000002,342.9
2026-07-31T21:46:21.392+00:00,1785534379730,62981.58,62991.58,1785534379804,63043.149999999994,63043.1,63043.2,1.62687998,0.05899336,3.1822561200000004,0.07594266,349.9
2026-07-31T21:46:23.740+00:00,1785534381953,62976.32,62986.32,1785534382154,63043.149999999994,63043.1,63043.2,1.93611787,0.0482571,2.68561316,0.0657137,346.8
2026-07-31T21:46:26.081+00:00,1785534384294,62976.61,62986.61,1785534384504,63043.149999999994,63043.1,63043.2,1.92199209,0.0482571,2.5406741699999995,0.0657137,338.6
2026-07-31T21:46:28.445+00:00,1785534386505,62986.03,62996.03,1785534386854,63046.25,63046.2,63046.3,0.41760065,0.80508717,0.7832201,0.81458299,350.4
2026-07-31T21:46:30.794+00:00,1785534389003,62982.53,62992.53,1785534389204,63046.25,63046.2,63046.3,1.4395479,0.19241895,1.72345911,0.34496947,348.2
2026-07-31T21:46:33.140+00:00,1785534391054,62969.42,62979.42,1785534391554,63033.45,63033.4,63033.5,0.29812769,0.39854615,0.5239963400000001,1.14967175,343.8
2026-07-31T21:46:35.481+00:00,1785534393661,62981.75,62991.75,1785534393904,63046.25,63046.2,63046.3,1.22111127,0.75362496,1.9327051800000001,1.32647878,338.7
2026-07-31T21:46:37.841+00:00,1785534394843,62982.44,62992.44,1785534396254,63046.25,63046.2,63046.3,1.34809122,0.193626,2.05968513,0.6215884100000001,344.1
2026-07-31T21:46:40.193+00:00,1785534398313,62966.67,62976.67,1785534398604,63046.25,63046.2,63046.3,0.02288809,1.90767749,0.18401151000000002,2.0435659999999998,348.8
2026-07-31T21:46:42.532+00:00,1785534399816,62968.36,62978.36,1785534400954,63046.25,63046.2,63046.3,0.01156632,1.73937419,0.17268974,1.92188439,335.6
2026-07-31T21:46:44.940+00:00,1785534403045,62993.78,63003.78,1785534403354,63047.149999999994,63047.1,63047.2,1.38626308,0.01520329,3.12143921,0.6144723200000001,396.6
2026-07-31T21:46:47.292+00:00,1785534405096,62985.67,62995.67,1785534405704,63047.149999999994,63047.1,63047.2,1.48777533,0.01699562,2.34593272,0.80256348,349.3
2026-07-31T21:46:49.645+00:00,1785534406950,62968.49,62978.49,1785534408054,63041.350000000006,63041.3,63041.4,0.01884318,1.49605515,0.39223983,2.2137148499999997,349.7
2026-07-31T21:46:51.992+00:00,1785534410276,62973.64,62983.64,1785534410404,63041.350000000006,63041.3,63041.4,0.42809281,0.647427,0.8863396400000001,1.1786132900000001,345.3
2026-07-31T21:46:54.354+00:00,1785534410575,62980.96,62990.96,1785534412754,63041.350000000006,63041.3,63041.4,0.4272878,0.83710987,0.73767386,1.5775924900000002,359.7
2026-07-31T21:46:56.745+00:00,1785534414956,62977.39,62987.39,1785534415154,63041.350000000006,63041.3,63041.4,0.4272878,0.83710987,0.73767386,1.2914292200000002,387.0
2026-07-31T21:46:59.095+00:00,1785534417095,62979.64,62989.64,1785534417504,63041.350000000006,63041.3,63041.4,0.4272878,0.83710987,0.73767386,1.2914292200000002,347.5
2026-07-31T21:47:01.446+00:00,1785534419021,62981.13,62991.13,1785534419854,63041.350000000006,63041.3,63041.4,1.0044882,0.03807353,2.5386019,0.6392089400000001,348.7
2026-07-31T21:47:03.804+00:00,1785534422105,62983.23,62993.23,1785534422204,63041.350000000006,63041.3,63041.4,1.25337693,0.03832097,1.90262295,0.31419699,355.6
2026-07-31T21:47:06.133+00:00,1785534424234,62981.33,62991.33,1785534424554,63041.350000000006,63041.3,63041.4,1.27644093,0.03832097,1.72859539,0.34945918000000004,326.9
2026-07-31T21:47:08.498+00:00,1785534426307,62981.28,62991.28,1785534426904,63041.350000000006,63041.3,63041.4,1.26507393,0.03830511,1.9143199499999999,0.57362407,349.7
2026-07-31T21:47:10.833+00:00,1785534428471,62981.21,62991.21,1785534429254,63043.649999999994,63043.6,63043.7,0.9056291,0.06565956,2.50299083,0.72236192,332.8
2026-07-31T21:47:13.196+00:00,1785534430615,62981.16,62991.16,1785534431604,63043.649999999994,63043.6,63043.7,0.90199001,0.06565956,2.4243392100000003,0.73428329,343.3
2026-07-31T21:47:15.545+00:00,1785534433715,62981.1,62991.1,1785534433954,63043.649999999994,63043.6,63043.7,0.90197801,0.06565956,2.4534614,0.9349709700000001,343.8
2026-07-31T21:47:17.893+00:00,1785534435717,62981.06,62991.06,1785534436304,63043.649999999994,63043.6,63043.7,1.01639801,0.06565956,2.22574125,0.6485353199999999,345.7
2026-07-31T21:47:20.236+00:00,1785534437760,62981.04,62991.04,1785534438654,63043.649999999994,63043.6,63043.7,0.8755885,0.06565956,2.0283541999999994,0.68396658,340.4
2026-07-31T21:47:22.599+00:00,1785534440908,62978.33,62988.33,1785534441004,63043.649999999994,63043.6,63043.7,1.05326942,0.24592529,2.20603488,0.90492904,353.4
2026-07-31T21:47:24.944+00:00,1785534443241,62978.56,62988.56,1785534443354,63043.649999999994,63043.6,63043.7,1.02615459,0.06592529,2.17892005,0.32377674,341.8
2026-07-31T21:47:27.291+00:00,1785534445475,62976.59,62986.59,1785534445704,63043.649999999994,63043.6,63043.7,1.02615459,0.16592529,2.17892008,0.57451551,345.2
2026-07-31T21:47:29.643+00:00,1785534447606,62976.31,62986.31,1785534448054,63043.649999999994,63043.6,63043.7,1.01900144,0.16592529,2.17176696,0.57451551,347.5
2026-07-31T21:47:31.993+00:00,1785534449766,62976.3,62986.3,1785534450404,63043.649999999994,63043.6,63043.7,1.01622816,0.06592529,2.13985941,0.49839551,348.3
2026-07-31T21:47:34.341+00:00,1785534451855,62978.45,62988.45,1785534452754,63043.649999999994,63043.6,63043.7,1.00348066,0.06592529,2.4513019,0.35451551,346.3
2026-07-31T21:47:36.638+00:00,1785534453985,62976.23,62986.23,1785534455054,63043.649999999994,63043.6,63043.7,1.00035841,0.06592529,2.47050347,0.47451551,295.6
2026-07-31T21:47:38.995+00:00,1785534457365,62981.05,62991.05,1785534457404,63043.649999999994,63043.6,63043.7,0.84166091,0.00592529,1.41438619,0.93084537,347.9
2026-07-31T21:47:41.345+00:00,1785534459425,62983.73,62993.73,1785534459754,63043.649999999994,63043.6,63043.7,0.84147468,0.60130143,1.70001698,1.34623743,347.1
2026-07-31T21:47:43.691+00:00,1785534460425,62984.21,62994.21,1785534462104,63043.649999999994,63043.6,63043.7,0.81375822,0.66470214,1.6723005199999998,1.50962222,345.0
2026-07-31T21:47:46.043+00:00,1785534460425,62984.21,62994.21,1785534464454,63043.649999999994,63043.6,63043.7,0.6709266,0.66462283,1.73591317,1.5931469799999998,349.1
2026-07-31T21:47:48.389+00:00,1785534466706,62984.89,62994.89,1785534466804,63046.75,63046.7,63046.8,2.62186357,0.68073442,3.04538408,0.6924588,343.3
2026-07-31T21:47:50.745+00:00,1785534468905,62993.44,63003.44,1785534469154,63046.75,63046.7,63046.8,1.60717026,0.66490208,1.9903219,0.67662646,346.9
2026-07-31T21:47:53.095+00:00,1785534470955,62987.3,62997.3,1785534471504,63049.850000000006,63049.8,63049.9,1.68129731,0.65141054,3.5579467999999994,0.74959064,348.4
2026-07-31T21:47:55.446+00:00,1785534473267,62990.27,63000.27,1785534473854,63049.850000000006,63049.8,63049.9,1.82129731,0.65141054,3.98149761,0.74959064,350.2
2026-07-31T21:47:57.791+00:00,1785534475354,62990.36,63000.36,1785534476204,63049.850000000006,63049.8,63049.9,1.49796363,0.65141054,1.7249746300000002,0.74959064,342.6
2026-07-31T21:48:00.137+00:00,1785534478500,62985.64,62995.64,1785534478554,63049.850000000006,63049.8,63049.9,1.49796363,0.65141054,1.7169123200000003,0.66079402,340.3
2026-07-31T21:48:02.498+00:00,1785534480592,62985.6,62995.6,1785534480904,63049.850000000006,63049.8,63049.9,1.69711044,0.63785978,1.9160591300000003,0.64724326,348.7
2026-07-31T21:48:04.845+00:00,1785534483127,62995.6,63005.6,1785534483254,63052.95,63052.9,63053.0,2.54676941,0.66188596,4.0628847100000005,0.66272398,344.8
2026-07-31T21:48:07.189+00:00,1785534485101,62984.59,62994.59,1785534485604,63055.45,63055.4,63055.5,0.01389173,1.82309581,0.24219725,3.11428376,338.6
2026-07-31T21:48:09.539+00:00,1785534487185,62988.03,62998.03,1785534487954,63055.45,63055.4,63055.5,0.01389173,1.82309581,0.22364329,2.5189790000000003,339.4
2026-07-31T21:48:11.900+00:00,1785534488196,62989.02,62999.02,1785534490304,63055.45,63055.4,63055.5,0.01389173,1.82300383,0.04221317,2.51888702,353.9
2026-07-31T21:48:14.251+00:00,1785534491513,62989.03,62999.03,1785534492654,63055.45,63055.4,63055.5,0.01389173,1.82300383,0.20294028,2.51888702,347.5
2026-07-31T21:48:16.595+00:00,1785534494616,62989.04,62999.04,1785534495004,63055.45,63055.4,63055.5,0.01389173,1.76583569,0.20293735999999998,2.4617188800000003,342.5
2026-07-31T21:48:18.947+00:00,1785534494616,62989.04,62999.04,1785534497354,63053.25,63053.2,63053.3,0.12560727,2.29546989,0.36946375,2.6888661000000003,339.4
2026-07-31T21:48:21.296+00:00,1785534494616,62989.04,62999.04,1785534499704,63053.25,63053.2,63053.3,0.1256451,2.29442397,0.34064962,2.68782018,347.6
2026-07-31T21:48:23.642+00:00,1785534494616,62989.04,62999.04,1785534502054,63053.25,63053.2,63053.3,0.12392549,2.29562151,0.29075944,2.9249776200000004,345.1
2026-07-31T21:48:25.997+00:00,1785534504228,62988.97,62998.97,1785534504404,63053.25,63053.2,63053.3,0.12360549,2.29621635,0.15285482,2.92557246,347.3
2026-07-31T21:48:28.345+00:00,1785534506032,62987.53,62997.53,1785534506754,63053.25,63053.2,63053.3,0.0114091,2.35337163,0.73184616,2.98272774,345.5
2026-07-31T21:48:30.689+00:00,1785534508306,62983.59,62993.59,1785534509104,63049.649999999994,63049.6,63049.7,0.48766761,0.46548308,0.7620262,1.1769527,339.1
2026-07-31T21:48:33.047+00:00,1785534510525,62980.84,62990.84,1785534511454,63049.649999999994,63049.6,63049.7,0.02350202,0.93157128,0.20404441,1.6991030400000002,349.6
2026-07-31T21:48:35.396+00:00,1785534513625,62982.27,62992.27,1785534513804,63049.649999999994,63049.6,63049.7,0.24276519,0.48470193,0.42308758,1.2522336900000002,347.5
2026-07-31T21:48:37.749+00:00,1785534515655,62982.98,62992.98,1785534516154,63049.649999999994,63049.6,63049.7,0.23058819,0.75339083,0.23326093,1.6981529100000001,350.0
2026-07-31T21:48:40.096+00:00,1785534518140,62979.5,62989.5,1785534518504,63049.649999999994,63049.6,63049.7,0.22485019,0.54835512,0.43909233000000003,1.4931172,342.2
2026-07-31T21:48:42.448+00:00,1785534520587,62979.51,62989.51,1785534520854,63049.649999999994,63049.6,63049.7,0.21728219,0.54835512,0.3633935,1.53600272,349.2
2026-07-31T21:48:44.795+00:00,1785534520587,62979.51,62989.51,1785534523204,63049.649999999994,63049.6,63049.7,0.02308102,0.51994144,0.23299836000000002,1.46470352,344.4
2026-07-31T21:48:47.145+00:00,1785534523736,62979.52,62989.52,1785534525554,63046.649999999994,63046.6,63046.7,0.28881382,0.51313015,1.01212849,0.85509737,347.7
2026-07-31T21:48:49.490+00:00,1785534526905,62979.53,62989.53,1785534527904,63046.649999999994,63046.6,63046.7,0.29143582,0.41018174,1.01475049,0.75214896,342.8
2026-07-31T21:48:51.847+00:00,1785534529972,62985.88,62995.88,1785534530254,63046.649999999994,63046.6,63046.7,0.53459323,0.00790526,2.40798939,0.37226786,348.7
2026-07-31T21:48:54.197+00:00,1785534532056,62987.33,62997.33,1785534532604,63046.649999999994,63046.6,63046.7,0.63797899,0.00790526,2.51137515,0.36629786,347.9
2026-07-31T21:48:56.547+00:00,1785534534442,62984.08,62994.08,1785534534954,63046.649999999994,63046.6,63046.7,0.58881899,0.00790526,0.92489336,0.29652561,347.8
2026-07-31T21:48:58.897+00:00,1785534536527,62983.22,62993.22,1785534537304,63046.649999999994,63046.6,63046.7,0.58902099,0.00790526,0.9250953599999999,0.37652561,348.6
2026-07-31T21:49:01.236+00:00,1785534538705,62983.37,62993.37,1785534539654,63046.649999999994,63046.6,63046.7,0.56082499,0.00790526,0.8968993599999999,0.31054869,336.3
2026-07-31T21:49:03.602+00:00,1785534541804,62983.11,62993.11,1785534542004,63046.649999999994,63046.6,63046.7,0.28858861,0.20608697,0.9669757000000001,0.67280831,352.4
2026-07-31T21:49:05.947+00:00,1785534543875,62980.96,62990.96,1785534544354,63046.649999999994,63046.6,63046.7,0.27576161,0.20608697,1.59265562,0.67280831,343.6
2026-07-31T21:49:08.294+00:00,1785534546269,62979.52,62989.52,1785534546704,63046.649999999994,63046.6,63046.7,0.27599161,0.19613514,1.5928856200000001,0.6631739400000001,344.4
2026-07-31T21:49:10.645+00:00,1785534548401,62979.49,62989.49,1785534549054,63046.649999999994,63046.6,63046.7,0.68931826,0.06602275,1.5456504699999998,0.52303653,343.4
2026-07-31T21:49:13.002+00:00,1785534548401,62979.49,62989.49,1785534551404,63046.649999999994,63046.6,63046.7,0.69031737,0.06586462,1.33669143,0.5228784000000001,349.4
2026-07-31T21:49:15.400+00:00,1785534548401,62979.49,62989.49,1785534553804,63046.649999999994,63046.6,63046.7,0.69556014,0.05082166,1.3367880799999998,0.50899033,396.1
2026-07-31T21:49:17.751+00:00,1785534555848,62979.61,62989.61,1785534556154,63046.649999999994,63046.6,63046.7,0.70069029,0.03538649,1.3414917499999999,0.41502194000000003,349.6
2026-07-31T21:49:20.146+00:00,1785534558016,62980.17,62990.17,1785534558554,63046.649999999994,63046.6,63046.7,0.65004411,0.00522377,1.7552214499999998,0.27556496,385.7
2026-07-31T21:49:22.486+00:00,1785534560069,62984.02,62994.02,1785534560904,63046.649999999994,63046.6,63046.7,0.6633642,0.00522377,0.9228798099999999,0.37679192,337.8
2026-07-31T21:49:24.850+00:00,1785534563195,62985.87,62995.87,1785534563254,63046.649999999994,63046.6,63046.7,0.64144066,0.00484377,1.04935019,0.37641192,350.7
2026-07-31T21:49:27.193+00:00,1785534565266,62984.59,62994.59,1785534565604,63046.649999999994,63046.6,63046.7,0.64780841,0.00584425,1.26024135,0.3774124,341.9
2026-07-31T21:49:29.551+00:00,1785534567307,62984.26,62994.26,1785534567954,63046.649999999994,63046.6,63046.7,0.63078129,0.00427182,1.2542215700000001,0.37583997,352.0
2026-07-31T21:49:31.900+00:00,1785534569830,62974.13,62984.13,1785534570304,63046.75,63046.7,63046.8,0.035871,1.03328961,0.04474742,1.66178738,347.6
2026-07-31T21:49:34.248+00:00,1785534571907,62972.64,62982.64,1785534572654,63046.75,63046.7,63046.8,0.014573,1.03328961,0.02344942,1.4177346300000002,346.2
2026-07-31T21:49:36.602+00:00,1785534574675,62969.5,62979.5,1785534575004,63033.05,63033.0,63033.1,0.29142206,0.57950057,1.0059317700000001,0.7495377299999999,352.5
2026-07-31T21:49:38.944+00:00,1785534576829,62965.33,62975.33,1785534577354,63032.149999999994,63032.1,63032.2,0.21053177,1.12097386,0.21152653,1.6326327800000002,340.7
2026-07-31T21:49:41.296+00:00,1785534578887,62965.74,62975.74,1785534579704,63032.149999999994,63032.1,63032.2,0.20048977,1.06381779,0.20148453,1.6326327800000002,346.3
2026-07-31T21:49:43.646+00:00,1785534581921,62967.25,62977.25,1785534582054,63032.149999999994,63032.1,63032.2,0.22138077,1.70867352,0.22237553,2.2774885100000004,347.8
2026-07-31T21:49:45.988+00:00,1785534584044,62967.22,62977.22,1785534584404,63032.149999999994,63032.1,63032.2,0.21749877,1.70867352,0.21849353,2.2774885100000004,339.6
2026-07-31T21:49:48.349+00:00,1785534586078,62963.14,62973.14,1785534586754,63032.149999999994,63032.1,63032.2,0.22114855,1.70867352,0.22214330999999998,2.4297752200000002,349.7
2026-07-31T21:49:50.698+00:00,1785534588337,62962.98,62972.98,1785534589104,63032.149999999994,63032.1,63032.2,0.22101855,1.73918651,0.22201331,2.4602882100000003,348.0
2026-07-31T21:49:53.043+00:00,1785534590430,62965.13,62975.13,1785534591454,63032.149999999994,63032.1,63032.2,0.21755565,1.70777659,0.21855040999999997,2.41887829,342.8
2026-07-31T21:49:55.392+00:00,1785534593623,62967.63,62977.63,1785534593804,63032.149999999994,63032.1,63032.2,0.21779265,1.70777659,0.21878741,2.44854279,342.4
2026-07-31T21:49:57.751+00:00,1785534595678,62969.73,62979.73,1785534596154,63032.149999999994,63032.1,63032.2,0.21805892,1.70769092,0.21905367999999997,2.21934984,349.5
2026-07-31T21:50:00.107+00:00,1785534598015,62990.85,63000.85,1785534598504,63049.55,63049.5,63049.6,0.22028282,1.02120725,0.46028282,1.49540746,354.6
2026-07-31T21:50:02.450+00:00,1785534600585,62992.3,63002.3,1785534600854,63049.55,63049.5,63049.6,0.67326315,0.71543127,1.7103552800000001,0.8382945599999999,339.4
2026-07-31T21:50:04.801+00:00,1785534603131,62969.38,62979.38,1785534603204,63036.45,63036.4,63036.5,0.62769369,0.43681967,1.3655882499999998,0.84064438,349.1
2026-07-31T21:50:07.152+00:00,1785534605235,62977.94,62987.94,1785534605554,63024.05,63024.0,63024.1,0.095208,0.84398581,0.18840685,2.46535009,350.0
2026-07-31T21:50:09.499+00:00,1785534606992,62950.72,62960.72,1785534607904,63024.05,63024.0,63024.1,0.01027532,2.18148932,0.01183136,2.67249478,345.3
2026-07-31T21:50:11.848+00:00,1785534609531,62950.83,62960.83,1785534610254,63016.95,63016.9,63017.0,0.03084803,1.22020533,0.16905651,1.8082185400000002,346.5
2026-07-31T21:50:14.207+00:00,1785534612445,62950.6,62960.6,1785534612604,63016.95,63016.9,63017.0,0.22561947,0.47667895,0.42659329999999995,1.3806524900000001,354.3
2026-07-31T21:50:16.547+00:00,1785534614509,62950.69,62960.69,1785534614954,63016.95,63016.9,63017.0,0.22631847,0.48682108,0.6411522000000001,1.3907946199999999,338.0
2026-07-31T21:50:18.902+00:00,1785534617173,62950.73,62960.73,1785534617304,63016.95,63016.9,63017.0,0.44098265,1.05253255,0.58410583,1.3004887100000002,351.3
2026-07-31T21:50:21.251+00:00,1785534618219,62950.78,62960.78,1785534619654,63016.95,63016.9,63017.0,0.25390534,1.14941135,0.25582208,1.80199638,346.9
2026-07-31T21:50:23.610+00:00,1785534621901,62974.01,62984.01,1785534622004,63027.55,63027.5,63027.6,0.05556495,1.14844988,0.23558087,1.29331455,357.0
2026-07-31T21:50:25.952+00:00,1785534623391,62969.1,62979.1,1785534624354,63025.05,63025.0,63025.1,0.13745745,1.18972303,0.5372742899999999,1.4486561699999998,340.7
2026-07-31T21:50:28.298+00:00,1785534625653,62970.8,62980.8,1785534626704,63028.45,63028.4,63028.5,0.98717892,0.18565526,1.55903124,0.57614978,342.8
2026-07-31T21:50:30.650+00:00,1785534628996,62963.68,62973.68,1785534629054,63025.149999999994,63025.1,63025.2,0.03179577,1.12919158,0.60843408,1.64379723,349.5
2026-07-31T21:50:33.002+00:00,1785534631226,62964.22,62974.22,1785534631404,63020.149999999994,63020.1,63020.2,1.12525469,0.64432213,1.9227515400000001,0.87111848,349.7
2026-07-31T21:50:35.345+00:00,1785534633661,62957.54,62967.54,1785534633754,63020.149999999994,63020.1,63020.2,0.01716435,1.80517812,0.34706305,2.10735542,341.6
2026-07-31T21:50:37.698+00:00,1785534635818,62951.06,62961.06,1785534636104,63020.149999999994,63020.1,63020.2,0.01059774,1.09656385,0.45546617999999994,1.4144896900000001,346.9
2026-07-31T21:50:40.052+00:00,1785534638030,62971.61,62981.61,1785534638454,63025.55,63025.5,63025.6,1.33414876,0.00604793,2.45612201,0.18826743,352.3
2026-07-31T21:50:42.400+00:00,1785534640724,62965.97,62975.97,1785534640804,63025.55,63025.5,63025.6,0.05159611,0.46647327,0.65045592,1.00209279,346.7
2026-07-31T21:50:44.761+00:00,1785534642536,62957.94,62967.94,1785534643154,63025.55,63025.5,63025.6,0.23167959,1.12659024,0.96754831,1.8342632500000002,357.2
2026-07-31T21:50:47.153+00:00,1785534644725,62964.49,62974.49,1785534645554,63021.45,63021.4,63021.5,0.60119286,0.89286366,1.14573626,1.0564520099999999,378.8
2026-07-31T21:50:49.501+00:00,1785534647832,62951.12,62961.12,1785534647904,63021.45,63021.4,63021.5,0.20284388,1.01163926,0.55025479,1.41252751,346.6
2026-07-31T21:50:51.852+00:00,1785534649677,62951.47,62961.47,1785534650254,63021.45,63021.4,63021.5,0.01153815,2.2324488,0.012528840000000003,3.1412871099999995,348.4
2026-07-31T21:50:54.201+00:00,1785534651775,62951.68,62961.68,1785534652604,63014.45,63014.4,63014.5,0.46015542,0.34496999,0.82178319,0.9008732100000001,345.9
2026-07-31T21:50:56.559+00:00,1785534653916,62951.78,62961.78,1785534654954,63014.45,63014.4,63014.5,0.47587891,0.29414019,0.8375066799999998,0.85035126,356.5
2026-07-31T21:50:58.902+00:00,1785534656636,62963.48,62973.48,1785534657304,63021.45,63021.4,63021.5,1.93296769,0.06728263,2.1026102799999995,0.33098076,340.5
2026-07-31T21:51:01.309+00:00,1785534659630,62959.67,62969.67,1785534659704,63020.149999999994,63020.1,63020.2,0.19005268,1.77525402,0.36512778999999995,2.46742597,404.4
2026-07-31T21:51:03.653+00:00,1785534661685,62949.13,62959.13,1785534662054,63014.350000000006,63014.3,63014.4,0.28672594,0.70799756,0.66866053,0.9539612700000002,342.9
2026-07-31T21:51:06.001+00:00,1785534662715,62951.99,62961.99,1785534664404,63014.350000000006,63014.3,63014.4,0.09118416,0.76150474,0.48502194,1.0074684500000002,346.9
2026-07-31T21:51:08.355+00:00,1785534665872,62952.01,62962.01,1785534666754,63014.350000000006,63014.3,63014.4,0.0305192,1.0358753,0.22479435,1.31765901,347.2
2026-07-31T21:51:10.703+00:00,1785534668405,62946.86,62956.86,1785534669104,63011.05,63011.0,63011.1,0.11688412,2.04613626,0.11880177999999998,2.58024905,347.9
2026-07-31T21:51:13.050+00:00,1785534671110,62946.89,62956.89,1785534671454,63011.05,63011.0,63011.1,0.10264856,2.04613626,0.10456621999999999,2.56774493,343.7
2026-07-31T21:51:15.399+00:00,1785534673608,62946.36,62956.36,1785534673804,63011.05,63011.0,63011.1,0.10316812,2.04646575,0.10508577999999999,2.55256963,343.7
2026-07-31T21:51:17.751+00:00,1785534675612,62946.41,62956.41,1785534676154,63004.25,63004.2,63004.3,0.23650295,0.59554994,0.71686797,1.27369518,345.0
2026-07-31T21:51:20.099+00:00,1785534678250,62946.26,62956.26,1785534678504,63004.25,63004.2,63004.3,0.02557456,1.66570998,0.12001406999999999,1.97886515,344.5
2026-07-31T21:51:22.454+00:00,1785534680685,62942.12,62952.12,1785534680854,63004.25,63004.2,63004.3,0.01060627,1.6651259,0.31627733999999996,1.9180219500000002,352.2
2026-07-31T21:51:24.802+00:00,1785534682306,62942.16,62952.16,1785534683204,63004.25,63004.2,63004.3,0.01060627,1.6651259,0.31627733999999996,2.0495571800000003,346.8
2026-07-31T21:51:27.142+00:00,1785534685450,62939.03,62949.03,1785534685554,63004.25,63004.2,63004.3,0.01060627,1.722324,0.11903077,1.9642454,338.6
2026-07-31T21:51:29.500+00:00,1785534687672,62942.36,62952.36,1785534687904,63004.25,63004.2,63004.3,0.00945725,1.72167902,0.11558985,1.9636004200000001,348.3
2026-07-31T21:51:31.845+00:00,1785534688704,62942.39,62952.39,1785534690254,63004.25,63004.2,63004.3,0.00945725,1.71221546,0.25194812,1.95413686,343.7
2026-07-31T21:51:34.204+00:00,1785534692156,62942.49,62952.49,1785534692604,63004.25,63004.2,63004.3,0.00945725,1.71221546,0.25194812,1.98024111,348.6
2026-07-31T21:51:36.543+00:00,1785534693259,62942.51,62952.51,1785534694954,63004.25,63004.2,63004.3,0.00945725,1.71221546,0.25194812,2.2039550099999996,337.3
2026-07-31T21:51:38.905+00:00,1785534696590,62942.59,62952.59,1785534697304,63004.25,63004.2,63004.3,0.00935015,1.71375161,0.25184101999999997,2.2068225100000003,353.9
2026-07-31T21:51:41.251+00:00,1785534699268,62942.54,62952.54,1785534699654,63004.25,63004.2,63004.3,0.00935015,1.71369609,0.11548275,2.20657041,338.5
2026-07-31T21:51:43.613+00:00,1785534701324,62942.57,62952.57,1785534702004,63004.25,63004.2,63004.3,0.00929972,1.18396695,0.29543951,1.7065687200000001,358.6
2026-07-31T21:51:45.942+00:00,1785534703091,62935.83,62945.83,1785534704354,63004.25,63004.2,63004.3,0.00929972,1.96069924,0.11543231999999999,2.50844592,327.3
2026-07-31T21:51:48.298+00:00,1785534705665,62935.93,62945.93,1785534706704,63004.25,63004.2,63004.3,0.00868205,1.8317811,0.30627691,2.43952778,343.4
2026-07-31T21:51:50.653+00:00,1785534708161,62946.57,62956.57,1785534709054,63004.25,63004.2,63004.3,0.27524574,0.70681549,0.7678999200000001,1.13682311,349.1
2026-07-31T21:51:53.001+00:00,1785534711337,62945.43,62955.43,1785534711404,63004.25,63004.2,63004.3,0.27524574,0.64681358,0.49909499,0.9732732999999999,346.9
2026-07-31T21:51:55.349+00:00,1785534713495,62945.4,62955.4,1785534713754,63004.25,63004.2,63004.3,0.27524574,0.64780202,0.61385145,1.1361753399999999,345.4
2026-07-31T21:51:57.704+00:00,1785534715272,62944.69,62954.69,1785534716104,63004.25,63004.2,63004.3,0.27524574,0.6477798,0.61384776,1.12851192,350.0
2026-07-31T21:52:00.053+00:00,1785534717606,62945.5,62955.5,1785534718454,63004.25,63004.2,63004.3,0.27524574,0.64774806,0.69608955,1.11264206,347.2
2026-07-31T21:52:02.401+00:00,1785534720485,62947.98,62957.98,1785534720804,63004.25,63004.2,63004.3,0.30571667,0.64774806,0.72656048,1.0109253999999999,345.0
2026-07-31T21:52:04.751+00:00,1785534722826,62948.55,62958.55,1785534723154,63004.25,63004.2,63004.3,0.30798743,0.64332033,0.86816232,0.97721678,347.4
2026-07-31T21:52:07.102+00:00,1785534724895,62947.9,62957.9,1785534725504,63004.25,63004.2,63004.3,0.48859157,0.62483868,1.3904067599999999,0.86185936,349.0
2026-07-31T21:52:09.453+00:00,1785534727310,62952.81,62962.81,1785534727854,63004.25,63004.2,63004.3,0.48859157,0.62372085,1.7468384399999999,0.88972285,348.2
2026-07-31T21:52:11.802+00:00,1785534729468,62952.78,62962.78,1785534730204,63004.25,63004.2,63004.3,1.12709849,0.62372085,2.16416914,0.91687293,347.2
2026-07-31T21:52:14.152+00:00,1785534732071,62955.6,62965.6,1785534732554,63010.55,63010.5,63010.6,1.90464681,0.10306255,2.70856588,0.24019731,348.2
2026-07-31T21:52:16.504+00:00,1785534734625,62953.21,62963.21,1785534734904,63010.55,63010.5,63010.6,1.79215093,0.10305255,2.59796022,0.40017231,348.9
2026-07-31T21:52:18.856+00:00,1785534736635,62951.18,62961.18,1785534737254,63010.55,63010.5,63010.6,1.8321927,0.10146552,2.99442696,0.47563833,341.9
2026-07-31T21:52:21.197+00:00,1785534739507,62955.89,62965.89,1785534739604,63010.55,63010.5,63010.6,1.9308772,0.10128137,2.0207398199999997,0.23857987999999997,340.2
2026-07-31T21:52:23.556+00:00,1785534741011,62959.63,62969.63,1785534741954,63010.55,63010.5,63010.6,1.58615062,0.10018632,1.8686050200000002,0.48055254999999997,348.6
2026-07-31T21:52:25.900+00:00,1785534743226,62956.02,62966.02,1785534744304,63010.55,63010.5,63010.6,1.1432922,0.10018632,1.4154855800000001,0.5572519899999999,342.1
2026-07-31T21:52:28.255+00:00,1785534746417,62957.26,62967.26,1785534746654,63010.55,63010.5,63010.6,1.13980018,0.28018632,1.41199356,0.82222079,349.3
2026-07-31T21:52:30.605+00:00,1785534748825,62951.76,62961.76,1785534749004,63010.55,63010.5,63010.6,0.3499957,0.55751299,0.7549551500000001,0.9415556699999998,348.2
2026-07-31T21:52:32.956+00:00,1785534750582,62946.93,62956.93,1785534751354,63010.55,63010.5,63010.6,0.13553031,0.98479741,0.7306040299999998,1.55859934,348.5
2026-07-31T21:52:35.300+00:00,1785534752653,62947.38,62957.38,1785534753704,63010.55,63010.5,63010.6,0.54090055,0.5384734,1.15662779,1.3326954899999999,343.0
2026-07-31T21:52:37.656+00:00,1785534755845,62946.24,62956.24,1785534756054,63010.55,63010.5,63010.6,0.54090055,0.5384734,0.99293483,1.15184365,350.4
2026-07-31T21:52:40.003+00:00,1785534758010,62945.13,62955.13,1785534758404,63010.55,63010.5,63010.6,0.54090055,0.54191543,1.00429717,1.15528568,345.7
2026-07-31T21:52:42.352+00:00,1785534760156,62945.49,62955.49,1785534760754,63010.55,63010.5,63010.6,0.54090055,0.54173318,1.0042918900000002,1.04723179,347.1
2026-07-31T21:52:44.703+00:00,1785534762232,62944.41,62954.41,1785534763104,63010.55,63010.5,63010.6,0.24854658,0.68496601,0.97333304,1.3761213300000001,346.5
2026-07-31T21:52:47.052+00:00,1785534765395,62944.71,62954.71,1785534765454,63010.55,63010.5,63010.6,0.24854658,0.68437525,0.97333304,1.29553057,347.4
2026-07-31T21:52:49.407+00:00,1785534767431,62943.53,62953.53,1785534767804,63010.55,63010.5,63010.6,0.24854658,0.67519745,0.9846426899999999,1.31565929,352.8
2026-07-31T21:52:51.758+00:00,1785534769826,62944.28,62954.28,1785534770154,63005.350000000006,63005.3,63005.4,0.2709431,1.00981803,1.7307093400000002,1.53331051,349.1
2026-07-31T21:52:54.106+00:00,1785534772039,62946.25,62956.25,1785534772504,63005.350000000006,63005.3,63005.4,0.27808068,1.01033791,0.49462532,1.20590586,346.2
2026-07-31T21:52:56.455+00:00,1785534774106,62947.08,62957.08,1785534774854,63005.350000000006,63005.3,63005.4,0.27771849,1.01033791,0.45908208999999994,1.20590586,345.4
2026-07-31T21:52:58.806+00:00,1785534777112,62945.54,62955.54,1785534777204,63005.350000000006,63005.3,63005.4,0.27637449,0.44612735,0.45773808999999993,1.0372952899999999,348.1
2026-07-31T21:53:01.156+00:00,1785534778365,62944.66,62954.66,1785534779554,63005.350000000006,63005.3,63005.4,0.53226769,0.23317166,0.7136312899999999,0.8662110599999999,347.6
2026-07-31T21:53:03.507+00:00,1785534781675,62944.15,62954.15,1785534781904,63005.350000000006,63005.3,63005.4,0.52782269,0.37300201,1.65591666,0.7891157099999999,349.4
2026-07-31T21:53:05.855+00:00,1785534783895,62943.05,62953.05,1785534784254,63005.350000000006,63005.3,63005.4,0.52144986,0.20744787,1.6236499100000001,0.7548982899999999,344.9
2026-07-31T21:53:08.207+00:00,1785534785974,62941.32,62951.32,1785534786604,63005.350000000006,63005.3,63005.4,0.51875016,0.38744787,1.4614361299999998,0.8035615700000001,349.7
2026-07-31T21:53:10.565+00:00,1785534788035,62941.66,62951.66,1785534788954,63005.350000000006,63005.3,63005.4,0.52850316,0.20744787,2.24853282,0.6605032,355.9
2026-07-31T21:53:12.951+00:00,1785534790252,62941.6,62951.6,1785534791354,63005.350000000006,63005.3,63005.4,0.48248112,0.20586865,2.20251078,0.65892398,382.9
2026-07-31T21:53:15.314+00:00,1785534792535,62948.85,62958.85,1785534793704,63005.350000000006,63005.3,63005.4,0.52450512,0.20398271,2.24453478,0.65703804,358.6
2026-07-31T21:53:17.710+00:00,1785534795855,62947.94,62957.94,1785534796104,63005.350000000006,63005.3,63005.4,0.50236512,0.20304629,2.22239478,0.6561016199999999,393.4
2026-07-31T21:53:20.053+00:00,1785534797965,62945.45,62955.45,1785534798454,63005.350000000006,63005.3,63005.4,0.50415112,0.20304629,1.23757896,0.6561016199999999,342.3
2026-07-31T21:53:22.405+00:00,1785534800105,62942.63,62952.63,1785534800804,63005.350000000006,63005.3,63005.4,0.2134816,0.20302935,1.06601948,0.65608468,344.5
2026-07-31T21:53:24.755+00:00,1785534802296,62944.2,62954.2,1785534803154,63005.350000000006,63005.3,63005.4,0.42660503,0.20302935,1.2927689199999999,0.65539434,347.5
2026-07-31T21:53:27.103+00:00,1785534804628,62946.55,62956.55,1785534805504,63005.350000000006,63005.3,63005.4,0.57903223,0.20389646,1.32582168,0.65561158,345.2
2026-07-31T21:53:29.460+00:00,1785534807015,62945.31,62955.31,1785534807854,63005.350000000006,63005.3,63005.4,0.38847871,0.20389646,1.25480854,0.65561158,353.6
2026-07-31T21:53:31.804+00:00,1785534809125,62943.55,62953.55,1785534810204,63005.350000000006,63005.3,63005.4,0.40681575,0.18490125,1.27314558,0.64500744,342.9
2026-07-31T21:53:34.158+00:00,1785534812466,62941.95,62951.95,1785534812554,63005.350000000006,63005.3,63005.4,0.56221575,0.18473244,1.47930871,0.45040281,351.3
2026-07-31T21:53:36.503+00:00,1785534814536,62941.23,62951.23,1785534814904,63005.350000000006,63005.3,63005.4,0.59736927,0.18473244,1.40135239,0.6673285099999999,339.9
2026-07-31T21:53:38.855+00:00,1785534816625,62942.26,62952.26,1785534817254,63005.350000000006,63005.3,63005.4,0.55640872,0.23194392,1.36039184,0.7150046299999999,349.4
2026-07-31T21:53:41.207+00:00,1785534818725,62947.22,62957.22,1785534819604,63005.350000000006,63005.3,63005.4,0.71944272,0.23194392,1.61138813,0.7150046299999999,349.4
2026-07-31T21:53:43.554+00:00,1785534820916,62946.84,62956.84,1785534821954,63005.350000000006,63005.3,63005.4,0.69780136,0.23031549,1.58974677,0.7133762,345.1
2026-07-31T21:53:45.907+00:00,1785534823272,62946.01,62956.01,1785534824304,63005.350000000006,63005.3,63005.4,0.67943655,0.22949092,1.57138196,0.68570752,350.4
2026-07-31T21:53:48.255+00:00,1785534826476,62945.18,62955.18,1785534826654,63005.350000000006,63005.3,63005.4,0.70441955,0.22947981,1.59636496,0.68569641,346.9
2026-07-31T21:53:50.601+00:00,1785534828566,62946.34,62956.34,1785534829004,63005.45,63005.4,63005.5,1.37024576,0.00823635,3.25543172,0.20354271999999998,341.9
2026-07-31T21:53:52.967+00:00,1785534830835,62945.69,62955.69,1785534831354,63005.45,63005.4,63005.5,1.41294635,0.00821499,3.2981323099999997,0.28181722,359.1
2026-07-31T21:53:55.297+00:00,1785534832956,62947.0,62957.0,1785534833704,63009.95,63009.9,63010.0,1.02192702,0.41256185,1.88623988,0.6422756300000001,327.0
2026-07-31T21:53:57.660+00:00,1785534835025,62945.45,62955.45,1785534836054,63009.95,63009.9,63010.0,0.96192702,0.47256185,1.78277313,0.7022756300000002,352.3
2026-07-31T21:54:00.009+00:00,1785534838220,62942.77,62952.77,1785534838404,63009.95,63009.9,63010.0,0.22044797,0.47256185,0.79591725,1.06813858,346.3
2026-07-31T21:54:02.358+00:00,1785534840508,62941.32,62951.32,1785534840754,63009.95,63009.9,63010.0,0.22044797,0.47160963,0.79591725,1.06718636,347.7
2026-07-31T21:54:04.706+00:00,1785534842626,62943.79,62953.79,1785534843104,63007.850000000006,63007.8,63007.9,0.08879915,1.34967807,0.20375079999999998,2.0322582099999997,344.5
2026-07-31T21:54:07.058+00:00,1785534844784,62944.4,62954.4,1785534845454,63005.350000000006,63005.3,63005.4,0.03243654,1.43663491,0.1265372,1.98529412,349.7
2026-07-31T21:54:09.412+00:00,1785534846865,62942.06,62952.06,1785534847804,63005.350000000006,63005.3,63005.4,0.02958654,1.43649207,0.1236872,2.0645701400000003,353.2
2026-07-31T21:54:11.752+00:00,1785534850107,62940.26,62950.26,1785534850154,63005.350000000006,63005.3,63005.4,0.02958654,1.43469757,0.1236872,2.0627756400000004,337.9
2026-07-31T21:54:14.102+00:00,1785534851620,62933.82,62943.82,1785534852504,63000.05,63000.0,63000.1,0.01937951,1.75667899,0.06433852999999999,3.01205579,345.3
2026-07-31T21:54:16.459+00:00,1785534853665,62930.55,62940.55,1785534854854,63000.05,63000.0,63000.1,0.01937951,1.67692614,0.06433852999999999,2.7000023900000003,352.6
2026-07-31T21:54:18.810+00:00,1785534857056,62932.99,62942.99,1785534857204,63000.05,63000.0,63000.1,0.01842812,1.24169339,0.28019965999999996,2.18932904,348.8
2026-07-31T21:54:21.154+00:00,1785534859140,62935.82,62945.82,1785534859554,63000.05,63000.0,63000.1,0.01842812,1.18882613,0.26501399000000003,2.13646178,342.9
2026-07-31T21:54:23.510+00:00,1785534861335,62929.48,62939.48,1785534861904,63000.05,63000.0,63000.1,0.22939281,0.84037003,0.40253716000000006,1.43526792,351.7
2026-07-31T21:54:25.865+00:00,1785534862417,62929.5,62939.5,1785534864254,63000.05,63000.0,63000.1,0.03283329,0.93170399,0.07779230999999999,1.6466018800000002,353.6
2026-07-31T21:54:28.208+00:00,1785534866526,62934.34,62944.34,1785534866604,63000.05,63000.0,63000.1,0.03350822,0.93168812,0.07846724,1.64658601,340.4
2026-07-31T21:54:30.548+00:00,1785534868634,62936.89,62946.89,1785534868954,63000.05,63000.0,63000.1,0.03350822,0.93211453,0.27531659999999997,1.64701242,337.8
2026-07-31T21:54:32.910+00:00,1785534870695,62936.76,62946.76,1785534871304,63000.05,63000.0,63000.1,0.25104705,0.96784311,0.49285543,1.682741,351.6
2026-07-31T21:54:35.257+00:00,1785534872834,62939.83,62949.83,1785534873654,63000.05,63000.0,63000.1,0.25104705,0.96784311,0.49285543,1.682741,343.9
2026-07-31T21:54:37.614+00:00,1785534874866,62937.69,62947.69,1785534876004,63000.05,63000.0,63000.1,0.02577812,1.04288393,0.2675865,1.4777818200000001,354.2
2026-07-31T21:54:39.950+00:00,1785534878251,62940.13,62950.13,1785534878354,63000.05,63000.0,63000.1,0.02577812,1.03452879,0.2675865,1.4694266800000002,334.5
2026-07-31T21:54:42.307+00:00,1785534880384,62941.07,62951.07,1785534880704,63000.05,63000.0,63000.1,0.02577812,1.03421171,0.2675865,1.4691096000000001,345.7
2026-07-31T21:54:44.659+00:00,1785534882625,62941.54,62951.54,1785534883054,62999.350000000006,62999.3,62999.4,0.23457735,1.50362546,0.56853621,2.24537012,349.6
2026-07-31T21:54:47.015+00:00,1785534884707,62941.81,62951.81,1785534885404,62999.350000000006,62999.3,62999.4,0.0136547,1.3369788,0.15076420000000001,1.9465474999999999,354.8
2026-07-31T21:54:49.349+00:00,1785534886868,62941.23,62951.23,1785534887754,62999.05,62999.0,62999.1,0.03985197,1.25666636,0.14122217,1.9740971200000001,331.4
2026-07-31T21:54:51.704+00:00,1785534889065,62940.92,62950.92,1785534890104,62997.05,62997.0,62997.1,0.09979051,1.65832624,0.20392837,2.09876364,345.9
2026-07-31T21:54:54.057+00:00,1785534892186,62939.75,62949.75,1785534892454,62997.05,62997.0,62997.1,0.03072226,1.28043559,0.33499303,1.75730398,348.0
2026-07-31T21:54:56.407+00:00,1785534894250,62937.03,62947.03,1785534894804,62997.05,62997.0,62997.1,0.03019987,1.2504356,0.33447064,1.7273039900000002,348.8
2026-07-31T21:54:58.758+00:00,1785534896325,62936.66,62946.66,1785534897154,62997.05,62997.0,62997.1,0.03019987,1.2504356,0.33447064,1.7273039900000002,348.7
2026-07-31T21:55:01.105+00:00,1785534899395,62934.68,62944.68,1785534899504,62997.05,62997.0,62997.1,0.03019987,1.2504356,0.33447064,1.7273039900000002,345.8
2026-07-31T21:55:03.459+00:00,1785534901064,62903.39,62913.39,1785534901854,62967.05,62967.0,62967.1,0.22921214,0.95183553,0.23056903,1.14840067,346.7
2026-07-31T21:55:05.809+00:00,1785534903980,62900.42,62910.42,1785534904204,62964.149999999994,62964.1,62964.2,0.01687559,1.44182207,0.026240390000000002,1.68909364,348.7
2026-07-31T21:55:08.161+00:00,1785534905460,62897.39,62907.39,1785534906554,62960.75,62960.7,62960.8,0.23349661,1.280976,0.41639966,2.1173193799999996,347.1
2026-07-31T21:55:10.560+00:00,1785534908747,62898.21,62908.21,1785534908954,62960.75,62960.7,62960.8,0.01517127,1.69934442,0.19658933,2.6742588499999997,398.4
2026-07-31T21:55:12.913+00:00,1785534910796,62898.23,62908.23,1785534911304,62960.75,62960.7,62960.8,0.01517127,1.280976,0.19658933,1.9750555999999997,350.3
2026-07-31T21:55:15.257+00:00,1785534912874,62898.26,62908.26,1785534913654,62960.75,62960.7,62960.8,0.01517127,1.70875758,0.01660025,2.31521973,342.7
2026-07-31T21:55:17.618+00:00,1785534914942,62893.96,62903.96,1785534916004,62952.45,62952.4,62952.5,0.06538653,0.98268607,0.36665979000000004,1.5910317699999998,358.3
2026-07-31T21:55:19.955+00:00,1785534917378,62914.57,62924.57,1785534918354,62970.45,62970.4,62970.5,1.25563885,0.19233378,1.84245204,0.38935023,334.8
2026-07-31T21:55:22.311+00:00,1785534919507,62915.32,62925.32,1785534920704,62970.45,62970.4,62970.5,1.21780478,0.00999949,1.7288364699999998,0.20701594,350.5
2026-07-31T21:55:24.662+00:00,1785534922401,62921.12,62931.12,1785534923054,62970.45,62970.4,62970.5,1.51279405,0.00854346,3.01523465,0.20924599000000002,350.3
2026-07-31T21:55:27.010+00:00,1785534924557,62912.94,62922.94,1785534925404,62970.45,62970.4,62970.5,1.16597513,0.24766931,1.3856615300000001,0.43778152,344.7
2026-07-31T21:55:29.361+00:00,1785534927678,62910.45,62920.45,1785534927754,62970.45,62970.4,62970.5,1.23630456,0.19105514,2.0114916,0.38116735,348.7
2026-07-31T21:55:31.710+00:00,1785534929755,62908.78,62918.78,1785534930104,62970.45,62970.4,62970.5,1.25219216,0.24828137,2.23400254,0.43839358,347.2
2026-07-31T21:55:34.056+00:00,1785534932250,62904.44,62914.44,1785534932454,62970.45,62970.4,62970.5,1.24753987,0.18607727,2.22935025,0.37618947999999997,343.8
2026-07-31T21:55:36.411+00:00,1785534934424,62907.38,62917.38,1785534934804,62970.45,62970.4,62970.5,1.30278447,0.06631727,2.28459485,0.25642948,347.0
2026-07-31T21:55:38.765+00:00,1785534936543,62904.36,62914.36,1785534937154,62970.45,62970.4,62970.5,1.26783025,0.24631727,2.24964063,0.54601439,352.3
2026-07-31T21:55:41.108+00:00,1785534938782,62907.25,62917.25,1785534939504,62970.45,62970.4,62970.5,1.28689688,0.06631727,2.2687072600000002,0.25642948,342.4
2026-07-31T21:55:43.448+00:00,1785534941076,62908.53,62918.53,1785534941854,62970.45,62970.4,62970.5,1.0155188,0.33247164,1.21855695,0.6480446100000001,335.3
2026-07-31T21:55:45.810+00:00,1785534943762,62908.91,62918.91,1785534944204,62970.45,62970.4,62970.5,0.01507304,0.91273203,0.37378722,1.283074,347.4
2026-07-31T21:55:48.163+00:00,1785534945818,62905.85,62915.85,1785534946554,62964.45,62964.4,62964.5,0.06483236,0.99670878,0.30483236,1.24798686,351.8
2026-07-31T21:55:50.501+00:00,1785534947867,62906.67,62916.67,1785534948904,62964.45,62964.4,62964.5,0.55390237,0.18773564,0.8845608500000001,0.64140893,336.5
2026-07-31T21:55:52.858+00:00,1785534950265,62903.48,62913.48,1785534951254,62964.45,62964.4,62964.5,0.23602012,0.37219908,0.58955037,0.76807411,348.3
2026-07-31T21:55:55.202+00:00,1785534952507,62906.71,62916.71,1785534953604,62964.45,62964.4,62964.5,0.487928,0.24463427,0.8414582500000001,0.6003946600000001,341.6
2026-07-31T21:55:57.562+00:00,1785534952507,62906.71,62916.71,1785534955954,62964.45,62964.4,62964.5,0.63069821,0.23343659,0.8470383400000001,0.5966008800000001,347.3
2026-07-31T21:55:59.907+00:00,1785534957885,62905.18,62915.18,1785534958304,62964.45,62964.4,62964.5,0.79539467,0.0102096,1.12299302,0.23340097999999995,343.4
2026-07-31T21:56:02.271+00:00,1785534960076,62906.07,62916.07,1785534960654,62964.45,62964.4,62964.5,0.70394661,0.0109696,0.99520483,0.30590794,361.3
2026-07-31T21:56:04.615+00:00,1785534962156,62905.95,62915.95,1785534963004,62964.45,62964.4,62964.5,0.7496886,0.19780043,1.04094682,0.52758273,342.3
2026-07-31T21:56:06.962+00:00,1785534964307,62906.22,62916.22,1785534965354,62964.45,62964.4,62964.5,0.75952897,0.19780043,1.05078719,0.70989549,345.7
2026-07-31T21:56:09.303+00:00,1785534967516,62906.85,62916.85,1785534967704,62964.45,62964.4,62964.5,0.71185963,0.19780043,1.00311785,0.70745817,337.9
2026-07-31T21:56:11.658+00:00,1785534969665,62904.04,62914.04,1785534970054,62964.45,62964.4,62964.5,0.77541875,0.19780043,1.06667697,0.71954843,344.7
2026-07-31T21:56:14.007+00:00,1785534971845,62910.97,62920.97,1785534972404,62964.45,62964.4,62964.5,0.75952897,0.19778455,1.1145161000000001,0.72379275,343.5
2026-07-31T21:56:16.349+00:00,1785534973876,62911.43,62921.43,1785534974754,62964.45,62964.4,62964.5,0.77541875,0.19778455,1.13040588,0.52020104,337.7
2026-07-31T21:56:18.709+00:00,1785534976331,62911.47,62921.47,1785534977104,62964.45,62964.4,62964.5,0.77541875,0.19878335,1.13040588,0.71897414,344.3
2026-07-31T21:56:21.057+00:00,1785534979366,62910.74,62920.74,1785534979454,62964.45,62964.4,62964.5,0.77541875,0.19878335,1.0813757000000002,0.71014288,346.0
2026-07-31T21:56:23.413+00:00,1785534981496,62910.83,62920.83,1785534981804,62964.45,62964.4,62964.5,0.56398943,0.20998335,0.77180327,0.58027411,349.9
2026-07-31T21:56:25.774+00:00,1785534983705,62911.24,62921.24,1785534984154,62964.45,62964.4,62964.5,0.19771732,0.83079244,0.5745388100000001,1.10565095,359.9
2026-07-31T21:56:28.111+00:00,1785534985632,62904.36,62914.36,1785534986504,62964.45,62964.4,62964.5,0.08938658,0.83519671,0.32170355999999994,1.21464859,335.3
2026-07-31T21:56:30.460+00:00,1785534988703,62904.31,62914.31,1785534988854,62964.45,62964.4,62964.5,0.2983208,0.83837599,0.5284835700000001,1.16457027,347.4
2026-07-31T21:56:32.802+00:00,1785534990910,62904.28,62914.28,1785534991204,62964.45,62964.4,62964.5,0.29800554,0.83519671,0.5281683100000001,1.21464859,339.0
2026-07-31T21:56:35.161+00:00,1785534992076,62904.26,62914.26,1785534993554,62964.45,62964.4,62964.5,0.29800554,0.83457752,0.5281683100000001,1.2140294,350.1
2026-07-31T21:56:37.511+00:00,1785534995185,62903.86,62913.86,1785534995904,62964.45,62964.4,62964.5,0.29540746,0.8360471,0.5255702300000001,1.21549898,347.7
2026-07-31T21:56:39.862+00:00,1785534997493,62902.45,62912.45,1785534998254,62964.45,62964.4,62964.5,0.29540746,0.834007,0.5255702300000001,1.2134588800000001,349.0
2026-07-31T21:56:42.214+00:00,1785534999551,62904.13,62914.13,1785535000604,62964.45,62964.4,62964.5,0.26099059,0.834007,0.5077750000000001,1.2134588800000001,346.3
2026-07-31T21:56:44.561+00:00,1785535002742,62904.07,62914.07,1785535002954,62964.45,62964.4,62964.5,0.26099059,0.83395936,0.6535096400000001,1.2134112400000001,342.7
2026-07-31T21:56:46.914+00:00,1785535004782,62901.87,62911.87,1785535005304,62955.149999999994,62955.1,62955.2,0.39789367,0.34966785,0.81948491,0.86276965,352.4
2026-07-31T21:56:49.264+00:00,1785535006587,62893.2,62903.2,1785535007654,62955.149999999994,62955.1,62955.2,0.39878306,0.32852825,0.8754792100000001,0.57771043,343.3
2026-07-31T21:56:51.603+00:00,1785535009435,62898.07,62908.07,1785535010004,62955.149999999994,62955.1,62955.2,0.40979,0.32770049,0.68226025,0.63956372,337.6
2026-07-31T21:56:53.963+00:00,1785535011709,62897.09,62907.09,1785535012354,62955.149999999994,62955.1,62955.2,0.39706389,0.30864973,0.85816224,0.5742804699999999,345.9
2026-07-31T21:56:56.314+00:00,1785535013975,62896.76,62906.76,1785535014704,62955.149999999994,62955.1,62955.2,0.40441589,0.28153113,0.83575698,0.5473446,348.7
2026-07-31T21:56:58.663+00:00,1785535016107,62898.47,62908.47,1785535017054,62955.149999999994,62955.1,62955.2,0.40779762,0.28153113,0.83914022,0.60035962,345.2
2026-07-31T21:57:01.010+00:00,1785535019346,62899.44,62909.44,1785535019404,62955.149999999994,62955.1,62955.2,0.40801762,0.28153113,1.85339256,0.7663117600000001,346.0
2026-07-31T21:57:03.365+00:00,1785535021331,62894.33,62904.33,1785535021754,62955.149999999994,62955.1,62955.2,0.11311635,0.74325002,0.12199182000000001,1.12797854,350.8
2026-07-31T21:57:05.712+00:00,1785535023514,62893.19,62903.19,1785535024104,62955.149999999994,62955.1,62955.2,0.06352035,0.7285981,0.07239582000000001,1.05930939,345.2
2026-07-31T21:57:08.060+00:00,1785535026252,62891.67,62901.67,1785535026454,62955.149999999994,62955.1,62955.2,0.01209541,1.03134087,0.02097182,1.44026796,345.7
2026-07-31T21:57:10.419+00:00,1785535028494,62892.03,62902.03,1785535028804,62952.55,62952.5,62952.6,0.02058768,1.63951913,0.12140692,2.01659532,356.6
2026-07-31T21:57:12.763+00:00,1785535030575,62892.22,62902.22,1785535031154,62952.55,62952.5,62952.6,0.44684379,1.47366714,0.54766303,1.6695114300000002,341.5
2026-07-31T21:57:15.115+00:00,1785535032785,62891.42,62901.42,1785535033504,62952.55,62952.5,62952.6,0.42416022,1.47366714,0.5249794600000001,1.6695114300000002,349.9
2026-07-31T21:57:17.466+00:00,1785535034894,62884.52,62894.52,1785535035854,62951.649999999994,62951.6,62951.7,0.06876597,1.61720383,0.08017331999999998,2.54318899,350.4
2026-07-31T21:57:19.825+00:00,1785535038025,62877.83,62887.83,1785535038204,62951.649999999994,62951.6,62951.7,0.03619044,1.58461883,0.04759779,2.92181332,345.9
2026-07-31T21:57:22.162+00:00,1785535040133,62881.42,62891.42,1785535040554,62951.649999999994,62951.6,62951.7,0.12919044,1.58414228,0.34234096,2.92133677,335.3
2026-07-31T21:57:24.512+00:00,1785535042493,62881.05,62891.05,1785535042904,62951.649999999994,62951.6,62951.7,0.03529044,1.61178849,0.24322370000000001,2.9489829800000003,346.1
2026-07-31T21:57:26.856+00:00,1785535044611,62883.26,62893.26,1785535045254,62951.649999999994,62951.6,62951.7,0.09029044,1.58085724,0.30561333,2.50923169,343.0
2026-07-31T21:57:29.214+00:00,1785535046764,62883.22,62893.22,1785535047604,62951.649999999994,62951.6,62951.7,0.31135908,1.32014184,0.66050239,2.0285720400000002,344.8
2026-07-31T21:57:31.611+00:00,1785535049838,62884.62,62894.62,1785535050004,62951.649999999994,62951.6,62951.7,0.05421364,1.88156409,0.26953654,2.53431952,393.4
2026-07-31T21:57:33.961+00:00,1785535051030,62884.6,62894.6,1785535052354,62951.649999999994,62951.6,62951.7,0.01441364,1.879947,0.22973654000000002,2.53270243,343.7
2026-07-31T21:57:36.314+00:00,1785535053891,62874.27,62884.27,1785535054704,62943.45,62943.4,62943.5,0.08954783,1.62279883,0.09159410999999999,2.6593932099999997,351.0
2026-07-31T21:57:38.660+00:00,1785535056350,62873.81,62883.81,1785535057054,62933.45,62933.4,62933.5,1.00884729,1.06743537,1.22737723,1.0684048900000005,343.8
2026-07-31T21:57:41.012+00:00,1785535058838,62866.24,62876.24,1785535059404,62933.45,62933.4,62933.5,0.75641752,0.60957416,0.9078128099999999,0.6170730700000001,346.5
2026-07-31T21:57:43.363+00:00,1785535060955,62870.22,62880.22,1785535061754,62933.45,62933.4,62933.5,1.02928897,0.37095873,1.2252110100000002,0.37858737,347.0
2026-07-31T21:57:45.713+00:00,1785535062005,62870.23,62880.23,1785535064104,62933.45,62933.4,62933.5,0.84322601,0.31685873,1.0391480499999999,0.32508844,348.2
2026-07-31T21:57:48.064+00:00,1785535065865,62865.94,62875.94,1785535066454,62933.45,62933.4,62933.5,1.07297045,0.37195927,1.22436207,0.38175551,344.4
2026-07-31T21:57:50.408+00:00,1785535067907,62867.0,62877.0,1785535068804,62933.45,62933.4,62933.5,1.04458767,0.37167279,1.1959792900000001,0.38146903,341.1
2026-07-31T21:57:52.755+00:00,1785535070493,62862.45,62872.45,1785535071154,62927.850000000006,62927.8,62927.9,0.29635141,1.06822895,0.30108318999999995,1.33987847,340.7
2026-07-31T21:57:55.111+00:00,1785535072575,62866.2,62876.2,1785535073504,62927.850000000006,62927.8,62927.9,0.46944981,0.47750041,0.84073313,0.6349079799999999,345.8
2026-07-31T21:57:57.464+00:00,1785535073600,62866.18,62876.18,1785535075854,62927.850000000006,62927.8,62927.9,0.30990841,0.51370564,0.5636688200000001,0.7451123399999998,350.7
2026-07-31T21:57:59.814+00:00,1785535077713,62866.17,62876.17,1785535078204,62927.850000000006,62927.8,62927.9,0.30941611,0.51938429,0.5631765200000001,0.7507909899999998,347.1
2026-07-31T21:58:02.167+00:00,1785535077713,62866.17,62876.17,1785535080554,62927.850000000006,62927.8,62927.9,0.72754073,0.23967685,1.0424076199999999,0.31142012,351.6
2026-07-31T21:58:04.510+00:00,1785535082681,62879.59,62889.59,1785535082904,62930.45,62930.4,62930.5,2.36869065,0.02333838,2.92738712,0.32894947999999996,340.0
2026-07-31T21:58:06.860+00:00,1785535084251,62871.26,62881.26,1785535085254,62930.45,62930.4,62930.5,1.38024418,0.14491514,1.7340891500000002,0.40825429,337.8
2026-07-31T21:58:09.211+00:00,1785535087480,62871.26,62881.26,1785535087604,62930.45,62930.4,62930.5,1.3496945,0.12961514,1.74916219,0.47379488,338.0
2026-07-31T21:58:11.565+00:00,1785535089496,62871.25,62881.25,1785535089954,62930.45,62930.4,62930.5,1.29519112,0.1238191,1.69465881,0.54798828,345.9
2026-07-31T21:58:13.912+00:00,1785535091907,62877.59,62887.59,1785535092304,62930.45,62930.4,62930.5,1.05418591,0.0686393,1.2879159100000002,0.4548077,345.2
2026-07-31T21:58:16.268+00:00,1785535094435,62877.47,62887.47,1785535094654,62930.45,62930.4,62930.5,1.05418591,0.1227393,1.31748499,0.5089077,352.8
2026-07-31T21:58:18.619+00:00,1785535096496,62880.07,62890.07,1785535097004,62933.45,62933.4,62933.5,1.65475801,0.109226,2.0629966,0.32550176999999997,347.7
2026-07-31T21:58:20.963+00:00,1785535097727,62879.33,62889.33,1785535099354,62933.45,62933.4,62933.5,1.65842,0.08277401,2.1787067700000002,0.30364484999999997,341.6
2026-07-31T21:58:23.315+00:00,1785535101605,62876.48,62886.48,1785535101704,62933.45,62933.4,62933.5,1.56936663,0.13777401,2.05887063,0.30140186999999996,348.3
2026-07-31T21:58:25.666+00:00,1785535103627,62878.38,62888.38,1785535104054,62933.45,62933.4,62933.5,1.41541221,0.10455199,1.7180202000000002,0.46506026,348.5
2026-07-31T21:58:28.015+00:00,1785535105714,62880.02,62890.02,1785535106404,62933.45,62933.4,62933.5,1.44677723,0.1045751,1.6898220000000002,0.46508337000000005,346.9
2026-07-31T21:58:30.365+00:00,1785535106781,62880.01,62890.01,1785535108754,62933.45,62933.4,62933.5,1.40782993,0.1045751,1.71043792,0.4635337600000001,346.6
2026-07-31T21:58:32.707+00:00,1785535110633,62879.95,62889.95,1785535111104,62933.45,62933.4,62933.5,0.73545059,0.10374566,1.04953088,0.46270432,341.1
2026-07-31T21:58:35.065+00:00,1785535112834,62879.96,62889.96,1785535113454,62933.45,62933.4,62933.5,0.71887089,0.10374566,1.0329511800000002,0.46270432,347.2
2026-07-31T21:58:37.407+00:00,1785535115051,62879.95,62889.95,1785535115804,62933.45,62933.4,62933.5,0.74702744,0.10486186,1.0938970000000001,0.46382052,339.5
2026-07-31T21:58:39.769+00:00,1785535116826,62884.02,62894.02,1785535118154,62940.05,62940.0,62940.1,0.52212101,0.7100257,0.89301365,1.07913065,348.0
2026-07-31T21:58:42.115+00:00,1785535119794,62880.12,62890.12,1785535120504,62940.05,62940.0,62940.1,0.52212101,0.7100257,1.06960363,1.07913065,343.7
2026-07-31T21:58:44.461+00:00,1785535121875,62880.61,62890.61,1785535122854,62940.05,62940.0,62940.1,0.50612101,0.72520339,0.8763338500000001,1.09431656,343.8
2026-07-31T21:58:46.818+00:00,1785535124925,62881.72,62891.72,1785535125204,62940.05,62940.0,62940.1,0.50612101,0.71014322,1.30625121,0.9137439300000001,351.0
2026-07-31T21:58:49.169+00:00,1785535126945,62883.2,62893.2,1785535127554,62940.05,62940.0,62940.1,0.50612101,0.71014322,1.1302106200000002,0.9137439300000001,348.8
2026-07-31T21:58:51.519+00:00,1785535129140,62883.46,62893.46,1785535129904,62940.05,62940.0,62940.1,0.86449798,0.29481561,1.6258454000000002,0.48952462999999996,347.6
2026-07-31T21:58:53.867+00:00,1785535131451,62883.37,62893.37,1785535132254,62940.05,62940.0,62940.1,1.03934947,0.29481561,1.3328588000000001,0.51802463,346.9
2026-07-31T21:58:56.212+00:00,1785535132605,62883.33,62893.33,1785535134604,62940.05,62940.0,62940.1,0.99152269,0.27963072,1.28492745,0.62417199,338.1
2026-07-31T21:58:58.564+00:00,1785535136805,62878.81,62888.81,1785535136954,62940.05,62940.0,62940.1,1.03920946,0.27809159,1.33191954,0.45972149,345.6
2026-07-31T21:59:00.913+00:00,1785535139045,62878.53,62888.53,1785535139304,62940.05,62940.0,62940.1,1.03604059,0.27809159,1.32875067,0.4739347,343.3
2026-07-31T21:59:03.267+00:00,1785535141096,62878.68,62888.68,1785535141654,62940.05,62940.0,62940.1,1.00106887,0.27809159,1.2869204400000003,0.47460594999999994,348.5
2026-07-31T21:59:05.628+00:00,1785535143308,62878.62,62888.62,1785535144004,62940.05,62940.0,62940.1,0.9860805,0.27899159,1.2719320700000003,0.53857924,359.1
2026-07-31T21:59:08.021+00:00,1785535145538,62878.54,62888.54,1785535146404,62940.05,62940.0,62940.1,1.00198135,0.27809159,1.2878329200000003,0.45169607,391.8
2026-07-31T21:59:10.361+00:00,1785535148577,62876.95,62886.95,1785535148754,62940.05,62940.0,62940.1,1.0042162,0.27809159,1.29006777,0.45169607,338.2
2026-07-31T21:59:12.716+00:00,1785535150905,62888.76,62898.76,1785535151104,62947.55,62947.5,62947.6,1.64445959,0.00986215,2.6279019900000002,0.19857898,347.6
2026-07-31T21:59:15.072+00:00,1785535152830,62893.48,62903.48,1785535153454,62947.55,62947.5,62947.6,5.53084987,0.00945629,6.3147160200000005,0.06741832,352.2
2026-07-31T21:59:17.409+00:00,1785535154965,62893.37,62903.37,1785535155804,62953.75,62953.7,62953.8,0.46386492,0.570243,1.03155114,0.8634399400000001,336.2
2026-07-31T21:59:19.766+00:00,1785535157661,62896.69,62906.69,1785535158154,62953.75,62953.7,62953.8,0.41637371,0.91971267,0.9556214199999999,1.2218769600000001,346.9
2026-07-31T21:59:22.127+00:00,1785535160107,62895.63,62905.63,1785535160504,62953.75,62953.7,62953.8,0.06944759,0.91971267,1.08529089,1.2218769600000001,358.9
2026-07-31T21:59:24.465+00:00,1785535162306,62894.91,62904.91,1785535162854,62953.75,62953.7,62953.8,0.27888684,0.70752238,0.64354597,1.00968667,336.2
2026-07-31T21:59:26.818+00:00,1785535164525,62894.18,62904.18,1785535165204,62953.75,62953.7,62953.8,0.25598684,0.70728412,0.62064597,1.00944841,350.4
2026-07-31T21:59:29.158+00:00,1785535166610,62895.44,62905.44,1785535167554,62950.149999999994,62950.1,62950.2,0.43605931,0.31847552,1.52775374,0.54279888,338.5
2026-07-31T21:59:31.512+00:00,1785535167796,62895.37,62905.37,1785535169904,62950.149999999994,62950.1,62950.2,0.61088264,0.27957552,1.70256537,0.6939017300000001,341.4
2026-07-31T21:59:33.866+00:00,1785535172150,62885.65,62895.65,1785535172254,62950.149999999994,62950.1,62950.2,0.61311716,0.17566189,1.70479989,0.46299639000000004,346.1
2026-07-31T21:59:36.224+00:00,1785535174198,62888.23,62898.23,1785535174604,62950.149999999994,62950.1,62950.2,0.61311716,0.22976189,1.69678974,0.6150157300000001,353.2
2026-07-31T21:59:38.570+00:00,1785535176366,62889.78,62899.78,1785535176954,62950.149999999994,62950.1,62950.2,0.57888089,0.22940062,1.2072481000000002,0.6146544599999999,344.9
2026-07-31T21:59:40.912+00:00,1785535178506,62890.61,62900.61,1785535179304,62950.149999999994,62950.1,62950.2,0.61361227,0.22923062,1.24197948,0.6256705300000001,340.3
2026-07-31T21:59:43.264+00:00,1785535180865,62890.54,62900.54,1785535181654,62950.149999999994,62950.1,62950.2,0.65613845,0.22923062,1.28450566,0.61357382,345.5
2026-07-31T21:59:45.625+00:00,1785535183005,62890.46,62900.46,1785535184004,62950.149999999994,62950.1,62950.2,0.5766733,0.22923062,1.1940757200000003,0.61357382,347.8
2026-07-31T21:59:47.973+00:00,1785535186095,62890.35,62900.35,1785535186354,62950.149999999994,62950.1,62950.2,0.59256633,0.22881129,1.2099687500000003,0.6235574399999999,346.8
2026-07-31T21:59:50.316+00:00,1785535188165,62890.27,62900.27,1785535188704,62950.149999999994,62950.1,62950.2,0.62435239,0.22881129,1.24175481,0.6431374999999999,340.6
2026-07-31T21:59:52.661+00:00,1785535190704,62888.3,62898.3,1785535191054,62950.149999999994,62950.1,62950.2,0.5766733,0.22881129,1.1940757200000003,0.61152399,343.0
2026-07-31T21:59:55.004+00:00,1785535192766,62888.24,62898.24,1785535193404,62950.149999999994,62950.1,62950.2,0.63709788,0.02945421,1.43956118,0.20914314999999997,332.2
2026-07-31T21:59:57.368+00:00,1785535195026,62888.86,62898.86,1785535195754,62950.149999999994,62950.1,62950.2,0.50038807,0.0294431,1.9404004400000001,0.20913203999999996,348.3
2026-07-31T21:59:59.713+00:00,1785535197216,62889.44,62899.44,1785535198104,62950.149999999994,62950.1,62950.2,0.55395465,0.0294431,1.3848111900000002,0.26636076,342.8
2026-07-31T22:00:02.066+00:00,1785535200388,62893.21,62903.21,1785535200454,62950.149999999994,62950.1,62950.2,1.04856424,0.02628129,1.93733925,0.188763,347.2
2026-07-31T22:00:04.416+00:00,1785535202503,62891.66,62901.66,1785535202804,62950.149999999994,62950.1,62950.2,1.0366189,0.11596122,2.26668813,0.5916256900000001,346.7
2026-07-31T22:00:06.777+00:00,1785535204465,62878.95,62888.95,1785535205154,62943.95,62943.9,62944.0,0.74553793,1.24106082,0.97026843,1.64492177,358.3
2026-07-31T22:00:09.103+00:00,1785535207427,62875.88,62885.88,1785535207504,62943.95,62943.9,62944.0,0.13082534,1.30591574,0.44791164,1.7362030400000001,324.7
2026-07-31T22:00:11.473+00:00,1785535209535,62866.19,62876.19,1785535209854,62932.350000000006,62932.3,62932.4,0.77127673,0.41966767,1.07852912,0.57938342,353.2
2026-07-31T22:00:13.819+00:00,1785535211827,62858.63,62868.63,1785535212204,62928.75,62928.7,62928.8,0.00943912,1.83793532,0.013679370000000003,2.42387683,343.4
2026-07-31T22:00:16.160+00:00,1785535213791,62850.49,62860.49,1785535214554,62913.850000000006,62913.8,62913.9,0.30508552,1.47505952,0.76567259,1.9372192500000003,337.9
2026-07-31T22:00:18.517+00:00,1785535215950,62843.68,62853.68,1785535216904,62921.649999999994,62921.6,62921.7,0.55797548,0.41173781,0.9128110599999999,0.73113577,344.9
2026-07-31T22:00:20.868+00:00,1785535218026,62851.61,62861.61,1785535219254,62921.649999999994,62921.6,62921.7,0.68896222,0.38528439,0.9517332999999999,0.6264515999999999,347.8
2026-07-31T22:00:23.222+00:00,1785535221013,62864.01,62874.01,1785535221604,62921.649999999994,62921.6,62921.7,0.69214377,0.22284767,1.2792048900000001,0.49596796,350.2
2026-07-31T22:00:25.566+00:00,1785535223901,62864.76,62874.76,1785535223954,62927.95,62927.9,62928.0,1.76846838,0.05251224,2.81682318,0.25488172,342.7
2026-07-31T22:00:27.924+00:00,1785535225707,62868.45,62878.45,1785535226304,62927.95,62927.9,62928.0,1.81581051,0.11146105,2.6581022,0.49225341999999994,355.6
2026-07-31T22:00:30.269+00:00,1785535227955,62869.26,62879.26,1785535228654,62927.95,62927.9,62928.0,1.79991146,0.13847311,2.64220315,0.5351555,343.2
2026-07-31T22:00:32.626+00:00,1785535230027,62866.68,62876.68,1785535231004,62927.95,62927.9,62928.0,0.12135756,0.64612543,0.58327106,0.7643569899999999,354.5
2026-07-31T22:00:34.970+00:00,1785535232297,62865.16,62875.16,1785535233354,62927.95,62927.9,62928.0,0.05468256,0.64612543,0.51633715,0.7644613899999999,343.6
2026-07-31T22:00:37.318+00:00,1785535235411,62864.06,62874.06,1785535235704,62927.95,62927.9,62928.0,0.03644594,0.80031857,0.60679304,1.03075857,345.6
2026-07-31T22:00:39.668+00:00,1785535237575,62865.11,62875.11,1785535238054,62927.95,62927.9,62928.0,0.03088694,0.79766567,0.58114923,1.03074867,346.8
2026-07-31T22:00:42.019+00:00,1785535239931,62866.02,62876.02,1785535240404,62927.95,62927.9,62928.0,0.29024438,0.79765362,0.8742608999999999,1.0349662099999999,348.8
2026-07-31T22:00:44.370+00:00,1785535241968,62860.39,62870.39,1785535242754,62927.95,62927.9,62928.0,0.48106224,0.84057618,0.92957959,1.01796634,348.3
2026-07-31T22:00:46.720+00:00,1785535244225,62861.06,62871.06,1785535245104,62927.95,62927.9,62928.0,0.48106224,0.83965107,0.96831802,1.0170184500000001,347.4
2026-07-31T22:00:49.071+00:00,1785535246405,62864.95,62874.95,1785535247454,62927.95,62927.9,62928.0,0.48106224,0.83413238,1.2585200099999998,1.02940399,348.7
2026-07-31T22:00:51.408+00:00,1785535248926,62863.39,62873.39,1785535249804,62927.95,62927.9,62928.0,0.57365362,0.79242865,1.36320292,0.89976797,334.9
2026-07-31T22:00:53.768+00:00,1785535251575,62866.18,62876.18,1785535252154,62927.95,62927.9,62928.0,0.30131993,0.84972788,1.23205675,0.9570671999999999,348.2
2026-07-31T22:00:56.119+00:00,1785535254362,62853.54,62863.54,1785535254504,62927.95,62927.9,62928.0,0.2737882,0.84882487,1.1622690199999999,0.95783501,349.0
2026-07-31T22:00:58.471+00:00,1785535256687,62862.11,62872.11,1785535256854,62927.95,62927.9,62928.0,0.08582732,0.91026728,0.99487165,1.1288332100000003,343.1
2026-07-31T22:01:00.819+00:00,1785535258907,62862.12,62872.12,1785535259204,62927.95,62927.9,62928.0,0.29951571,0.84631889,1.09313971,0.9551511300000001,345.8
2026-07-31T22:01:03.170+00:00,1785535261267,62859.36,62869.36,1785535261554,62927.95,62927.9,62928.0,0.29831571,0.84608244,0.66686846,0.95496163,345.2
2026-07-31T22:01:05.518+00:00,1785535263556,62862.28,62872.28,1785535263904,62927.95,62927.9,62928.0,0.29831571,0.77915263,0.93354278,0.8880044399999999,344.7
2026-07-31T22:01:07.869+00:00,1785535265366,62876.53,62886.53,1785535266254,62937.45,62937.4,62937.5,1.54241294,0.26667286,2.0360068200000003,0.26999148999999995,345.3
2026-07-31T22:01:10.225+00:00,1785535268442,62878.19,62888.19,1785535268604,62937.45,62937.4,62937.5,1.46924949,0.34288286,2.66589512,0.41978075,350.4
2026-07-31T22:01:12.572+00:00,1785535270540,62875.74,62885.74,1785535270954,62937.45,62937.4,62937.5,0.143344,0.74141657,0.95180415,0.8164109700000001,344.0
2026-07-31T22:01:14.925+00:00,1785535272260,62865.05,62875.05,1785535273304,62934.350000000006,62934.3,62934.4,0.55131342,1.4515446,0.9655893000000002,1.69805076,351.6
2026-07-31T22:01:17.275+00:00,1785535274545,62867.51,62877.51,1785535275654,62934.350000000006,62934.3,62934.4,0.54840342,1.45248162,0.85885572,1.69899744,348.7
2026-07-31T22:01:19.670+00:00,1785535277965,62865.61,62875.61,1785535278054,62934.350000000006,62934.3,62934.4,0.54332079,1.55092037,0.97996369,2.1993532600000005,393.7
2026-07-31T22:01:22.023+00:00,1785535279255,62864.78,62874.78,1785535280404,62934.350000000006,62934.3,62934.4,0.54622079,1.5501259,1.04767187,2.19855879,351.5
2026-07-31T22:01:24.374+00:00,1785535282108,62874.27,62884.27,1785535282754,62934.350000000006,62934.3,62934.4,0.34315929,0.57359007,0.64090289,0.8702685499999999,348.4
2026-07-31T22:01:26.728+00:00,1785535284649,62861.45,62871.45,1785535285104,62927.95,62927.9,62928.0,0.02416249,2.054784,0.14109127,2.4568028600000007,352.8
2026-07-31T22:01:29.074+00:00,1785535286907,62854.98,62864.98,1785535287454,62915.149999999994,62915.1,62915.2,0.31272517,0.77022736,0.78380325,1.29860173,341.8
2026-07-31T22:01:31.410+00:00,1785535288894,62855.5,62865.5,1785535289804,62915.149999999994,62915.1,62915.2,0.3180272,0.8429103,1.0424212599999998,1.37124961,335.2
2026-07-31T22:01:33.769+00:00,1785535292009,62852.56,62862.56,1785535292154,62915.149999999994,62915.1,62915.2,0.01838339,1.0250856,0.21496366,1.79543662,344.0
2026-07-31T22:01:36.113+00:00,1785535293635,62850.57,62860.57,1785535294504,62913.850000000006,62913.8,62913.9,0.41063747,1.9089577,1.40007848,2.2482871700000002,338.5
2026-07-31T22:01:38.472+00:00,1785535296305,62850.1,62860.1,1785535296854,62913.850000000006,62913.8,62913.9,0.38214936,1.58871895,1.37154328,1.85013842,351.2
2026-07-31T22:01:40.825+00:00,1785535298394,62843.45,62853.45,1785535299204,62913.850000000006,62913.8,62913.9,0.64675818,1.58881948,1.62081275,1.8502389499999998,350.3
2026-07-31T22:01:43.170+00:00,1785535300915,62850.57,62860.57,1785535301554,62913.850000000006,62913.8,62913.9,0.70675818,1.58358966,1.90746705,1.76327548,342.6
2026-07-31T22:01:45.514+00:00,1785535303502,62854.44,62864.44,1785535303904,62913.850000000006,62913.8,62913.9,0.74173662,0.13675198,1.51409306,0.59802421,342.1
2026-07-31T22:01:47.868+00:00,1785535304507,62856.97,62866.97,1785535306254,62913.850000000006,62913.8,62913.9,0.74153353,0.13675198,1.39614907,0.44110767,344.9
2026-07-31T22:01:50.234+00:00,1785535306565,62856.98,62866.98,1785535308604,62913.850000000006,62913.8,62913.9,0.31008082,0.68497342,1.24616834,1.0223255000000002,358.3
2026-07-31T22:01:52.572+00:00,1785535309441,62849.75,62859.75,1785535310954,62913.850000000006,62913.8,62913.9,0.26613074,0.58318256,0.69804608,0.9227167000000001,336.1
2026-07-31T22:01:54.975+00:00,1785535311582,62849.76,62859.76,1785535313354,62913.850000000006,62913.8,62913.9,0.40536769,0.65035527,0.99889077,0.9900836500000001,400.0
2026-07-31T22:01:57.374+00:00,1785535315707,62835.56,62845.56,1785535315754,62897.649999999994,62897.6,62897.7,0.53301242,0.16764705,1.02043794,1.04814541,396.4
2026-07-31T22:01:59.726+00:00,1785535316966,62832.85,62842.85,1785535318104,62897.649999999994,62897.6,62897.7,1.32137553,1.09874705,1.7859452700000003,1.9682845500000001,349.5
2026-07-31T22:02:02.072+00:00,1785535320222,62834.26,62844.26,1785535320454,62897.649999999994,62897.6,62897.7,1.48858204,1.21323018,1.8261860300000001,2.0144689000000002,344.3
2026-07-31T22:02:04.424+00:00,1785535322251,62835.28,62845.28,1785535322804,62897.649999999994,62897.6,62897.7,1.74027204,1.21323018,2.2086563,1.4018142400000002,349.7
2026-07-31T22:02:06.775+00:00,1785535324466,62846.54,62856.54,1785535325154,62907.55,62907.5,62907.6,2.60248644,0.79377486,3.1107502499999997,1.0237242100000001,350.4
2026-07-31T22:02:25.853+00:00,1785535343815,62843.23,62853.23,1785535327504,62907.55,62907.5,62907.6,2.19042074,0.99882944,2.81868455,1.2616686299999997,17076.3
2026-07-31T22:03:39.414+00:00,1785535416868,62846.96,62856.96,1785535346604,62907.55,62907.5,62907.6,0.68822418,2.01059205,1.6866903999999998,2.14024954,71559.3
2026-07-31T22:05:04.609+00:00,1785535501935,62890.73,62900.73,1785535420154,62904.75,62904.7,62904.8,3.29708281,0.74995242,4.07282009,1.3716325299999998,83191.3
2026-07-31T22:05:16.372+00:00,1785535513610,62887.22,62897.22,1785535505354,62955.850000000006,62955.8,62955.9,2.66737537,0.60497431,3.33539343,0.9002842200000001,9760.0
2026-07-31T22:05:58.334+00:00,1785535555910,62921.99,62931.99,1785535517104,62954.75,62954.7,62954.8,2.49731647,1.21667826,3.13132947,1.88019157,39957.4
2026-07-31T22:07:27.041+00:00,1785535644576,62919.01,62929.01,1785535559054,62989.350000000006,62989.3,62989.4,3.50164168,0.67356109,4.07221381,0.8629561600000001,86704.1
2026-07-31T22:08:20.430+00:00,1785535698031,62932.67,62942.67,1785535647754,62986.25,62986.2,62986.3,0.83021503,1.5342549,1.61219027,1.7274079700000002,51387.9
2026-07-31T22:08:36.724+00:00,1785535714756,62927.05,62937.05,1785535701154,62991.55,62991.5,62991.6,0.82841886,3.4997075,1.68294876,4.06520655,14290.1
2026-07-31T22:09:04.436+00:00,1785535742274,62938.06,62948.06,1785535717454,62991.55,62991.5,62991.6,1.41141025,1.41022426,1.6973073,1.6027322,25709.9
2026-07-31T22:09:27.099+00:00,1785535765297,62947.59,62957.59,1785535745154,63011.149999999994,63011.1,63011.2,0.01229639,2.21760901,0.25397715,2.52220688,20661.1
2026-07-31T22:10:02.861+00:00,1785535800435,62961.09,62971.09,1785535767804,63013.350000000006,63013.3,63013.4,3.26149915,0.85641684,4.03957737,0.86268415,33758.2
2026-07-31T22:10:27.256+00:00,1785535824804,62959.45,62969.45,1785535803554,63012.95,63012.9,63013.0,0.3373961,2.0861401,0.33913947,2.53766382,22391.5
2026-07-31T22:10:49.168+00:00,1785535847465,62948.39,62958.39,1785535827954,63025.05,63025.0,63025.1,2.74604961,0.97130893,2.99620333,1.2961046499999997,19909.2
2026-07-31T22:11:14.243+00:00,1785535871893,62959.53,62969.53,1785535849904,63025.05,63025.0,63025.1,0.30682431,2.25502223,0.90615791,2.72023686,23072.7
2026-07-31T22:11:35.004+00:00,1785535892602,62952.11,62962.11,1785535874954,63025.05,63025.0,63025.1,0.32593903,2.25434023,1.11717147,2.71955486,18760.0
2026-07-31T22:12:23.105+00:00,1785535940392,62930.83,62940.83,1785535895704,63016.05,63016.0,63016.1,1.77204372,0.59428261,2.29657647,1.0344198900000001,46097.9
2026-07-31T22:13:02.179+00:00,1785535980478,62938.46,62948.46,1785535943804,63000.95,63000.9,63001.0,0.65946655,2.50819232,0.6625063299999999,2.77333551,37071.2
2026-07-31T22:13:36.686+00:00,1785536013907,62932.91,62942.91,1785535982904,63000.95,63000.9,63001.0,1.19467038,1.01000279,1.40823567,1.94118251,32505.3
2026-07-31T22:14:08.478+00:00,1785536045736,62941.99,62951.99,1785536017404,63007.25,63007.2,63007.3,3.82649228,0.61042858,4.495008230000001,0.96076144,29789.7
2026-07-31T22:14:48.247+00:00,1785536085907,62931.04,62941.04,1785536049204,63005.55,63005.5,63005.6,0.92017024,3.92440479,1.62197107,4.20494903,37767.5
2026-07-31T22:15:38.790+00:00,1785536136969,62935.72,62945.72,1785536088954,63002.45,63002.4,63002.5,1.03189835,1.82790331,1.14377452,2.13578294,48540.3
2026-07-31T22:16:18.556+00:00,1785536176759,62944.36,62954.36,1785536139504,63002.45,63002.4,63002.5,1.70196721,1.9225976,2.7324503200000003,2.17211996,37764.9
2026-07-31T22:16:53.262+00:00,1785536210538,62948.64,62958.64,1785536179254,63002.45,63002.4,63002.5,1.76598845,1.01552357,1.9984619200000002,2.19121971,32703.5
2026-07-31T22:17:18.798+00:00,1785536236320,62941.31,62951.31,1785536213954,63015.649999999994,63015.6,63015.7,1.50299803,1.89469869,2.39371123,2.0890001799999998,23533.4
2026-07-31T22:18:10.357+00:00,1785536288170,62932.0,62942.0,1785536239504,63003.05,63003.0,63003.1,1.35389612,1.17264643,1.47654824,1.4126464300000001,49556.0
2026-07-31T22:20:07.118+00:00,1785536404306,62943.74,62953.74,1785536291054,63003.05,63003.0,63003.1,1.77295475,1.95059675,1.92549923,2.84382753,114757.0
2026-07-31T22:20:34.215+00:00,1785536431560,62945.62,62955.62,1785536407854,63011.149999999994,63011.1,63011.2,2.32996737,1.80528989,3.8098816200000005,2.00902178,25094.3
2026-07-31T22:20:59.090+00:00,1785536456901,62943.68,62953.68,1785536434904,63011.149999999994,63011.1,63011.2,1.54306161,1.94623281,2.57716098,2.14408652,22871.9
2026-07-31T22:21:21.146+00:00,1785536479102,62946.02,62956.02,1785536459804,63009.850000000006,63009.8,63009.9,1.90771849,1.88680937,2.8732003,2.97596529,20052.8
2026-07-31T22:21:45.953+00:00,1785536503458,62950.58,62960.58,1785536481854,63010.55,63010.5,63010.6,4.76029314,0.16942058,5.21731444,0.46134795999999995,22804.6
2026-07-31T22:22:10.612+00:00,1785536527245,62950.49,62960.49,1785536506654,63013.05,63013.0,63013.1,4.45386129,0.69975285,5.3401673,1.19308655,22656.5
2026-07-31T22:22:31.422+00:00,1785536549610,62955.57,62965.57,1785536531304,63019.149999999994,63019.1,63019.2,0.9418046,3.28284925,2.06075378,3.9879335100000004,18808.2
2026-07-31T22:22:57.484+00:00,1785536575121,62964.32,62974.32,1785536552154,63016.149999999994,63016.1,63016.2,4.43246825,0.89556096,4.7486404,2.09774868,24056.7
2026-07-31T22:23:37.800+00:00,1785536615561,62949.37,62959.37,1785536578204,63021.55,63021.5,63021.6,2.63360781,1.23925305,3.0274898599999993,1.4914261400000002,38314.4
2026-07-31T22:23:40.157+00:00,1785536618145,62949.96,62959.96,1785536618504,63019.649999999994,63019.6,63019.7,0.70514734,4.4002847,0.80637068,4.717987609999999,354.4
2026-07-31T22:23:42.514+00:00,1785536620704,62949.27,62959.27,1785536620854,63019.649999999994,63019.6,63019.7,0.70514734,4.27839509,0.96193954,4.596097999999999,349.7
2026-07-31T22:23:44.862+00:00,1785536622822,62951.45,62961.45,1785536623204,63019.649999999994,63019.6,63019.7,0.79814734,4.27839509,1.05493954,4.596097999999999,345.5
2026-07-31T22:23:47.214+00:00,1785536625425,62950.94,62960.94,1785536625554,63019.649999999994,63019.6,63019.7,0.79814734,4.27939582,0.90492051,4.597098729999999,350.1
2026-07-31T22:23:49.548+00:00,1785536627632,62951.18,62961.18,1785536627904,63019.649999999994,63019.6,63019.7,1.45554438,3.61147291,1.4989191400000001,3.9291758199999998,332.0
2026-07-31T22:23:51.909+00:00,1785536629950,62953.33,62963.33,1785536630254,63019.649999999994,63019.6,63019.7,1.45554438,4.27147291,1.5203310200000002,4.589175819999999,346.7
2026-07-31T22:23:54.264+00:00,1785536632301,62955.67,62965.67,1785536632604,63019.649999999994,63019.6,63019.7,1.45554438,4.27147291,1.4989191400000001,4.589175819999999,351.9
2026-07-31T22:23:56.610+00:00,1785536634440,62956.98,62966.98,1785536634954,63019.649999999994,63019.6,63019.7,1.45554438,3.87147291,1.4989191400000001,4.189175819999999,345.0
2026-07-31T22:23:58.962+00:00,1785536636514,62955.84,62965.84,1785536637304,63019.649999999994,63019.6,63019.7,1.36254438,4.27147291,1.4059191400000002,4.589175819999999,349.5
2026-07-31T22:24:01.314+00:00,1785536638688,62956.26,62966.26,1785536639654,63019.649999999994,63019.6,63019.7,1.36254438,4.27147291,1.4273176900000002,4.589175819999999,346.3
2026-07-31T22:24:03.667+00:00,1785536640975,62955.62,62965.62,1785536642004,63019.649999999994,63019.6,63019.7,0.70254438,4.27147291,1.02199076,4.529227389999999,352.4
2026-07-31T22:24:06.014+00:00,1785536643170,62957.1,62967.1,1785536644354,63019.649999999994,63019.6,63019.7,0.70254438,4.27043837,1.01673701,4.528192849999999,344.1
2026-07-31T22:24:08.366+00:00,1785536646650,62954.32,62964.32,1785536646704,63019.649999999994,63019.6,63019.7,0.75664438,4.27043837,1.07083701,4.528192849999999,349.4
2026-07-31T22:24:38.793+00:00,1785536676637,62955.87,62965.87,1785536649054,63019.649999999994,63019.6,63019.7,0.79512438,4.25132213,1.10931701,4.509076609999999,28424.3
2026-07-31T22:25:14.444+00:00,1785536712575,62934.87,62944.87,1785536679504,63019.649999999994,63019.6,63019.7,0.72461277,4.33536478,1.0085831,4.593119329999999,33648.7
2026-07-31T22:25:36.884+00:00,1785536733461,62931.86,62941.86,1785536715154,63000.05,63000.0,63000.1,0.08855148,4.19771377,0.10487438,4.50741243,20438.1
2026-07-31T22:26:27.578+00:00,1785536785813,62933.18,62943.18,1785536737554,62998.75,62998.7,62998.8,0.06005327,2.47338081,0.38002400999999997,2.86482895,48692.7
2026-07-31T22:27:13.555+00:00,1785536831287,62938.86,62948.86,1785536788254,62998.75,62998.7,62998.8,0.71551433,2.43654455,0.9472355399999999,2.8281101299999998,43972.5
2026-07-31T22:27:56.114+00:00,1785536873600,62939.07,62949.07,1785536834254,63002.350000000006,63002.3,63002.4,4.10983341,0.24849494,4.9759759,0.26661736999999996,40556.6
2026-07-31T22:28:27.692+00:00,1785536905703,62933.32,62943.32,1785536876804,63002.350000000006,63002.3,63002.4,3.28313053,1.65536145,3.6417922400000005,2.14913224,29576.6
2026-07-31T22:29:19.780+00:00,1785536957330,62935.25,62945.25,1785536908354,63002.350000000006,63002.3,63002.4,3.53320477,1.44734691,3.8187796900000004,1.57881748,50084.0
2026-07-31T22:29:58.390+00:00,1785536996460,62943.62,62953.62,1785536964704,63003.25,63003.2,63003.3,5.0015939,0.88056087,5.308329769999999,1.4940359,32394.7
2026-07-31T22:30:50.037+00:00,1785537047893,62917.66,62927.66,1785536999054,62988.649999999994,62988.6,62988.7,1.00540589,2.15953328,1.02486998,2.9561863699999997,49645.0
2026-07-31T22:31:17.581+00:00,1785537048937,62917.6,62927.6,1785537050754,62987.75,62987.7,62987.8,0.81232715,2.45260671,1.74753336,2.78724185,25541.5
2026-07-31T22:31:49.418+00:00,1785537107279,62930.89,62940.89,1785537078304,62987.75,62987.7,62987.8,2.02448369,1.33860113,2.24974337,1.7635087600000001,29835.4
2026-07-31T22:32:17.392+00:00,1785537134690,62925.83,62935.83,1785537110104,62994.149999999994,62994.1,62994.2,4.69613361,0.62112252,5.29711485,0.8350879000000001,25972.8
2026-07-31T22:32:54.792+00:00,1785537172551,62927.48,62937.48,1785537138104,62996.850000000006,62996.8,62996.9,5.30254228,1.01750933,5.7190842,1.23125631,35396.3
2026-07-31T22:33:34.329+00:00,1785537212511,62920.8,62930.8,1785537175454,62989.05,62989.0,62989.1,0.02372056,3.51264321,0.0317539,3.8356690699999993,37530.4
2026-07-31T22:34:06.237+00:00,1785537244260,62915.93,62925.93,1785537215004,62987.05,62987.0,62987.1,1.08927553,2.85047345,1.1021340800000001,2.87780505,29906.2
2026-07-31T22:34:08.580+00:00,1785537245972,62925.95,62935.95,1785537246904,62991.75,62991.7,62991.8,4.90883953,0.64747662,5.74515743,0.86838187,334.3
2026-07-31T22:34:10.930+00:00,1785537249140,62925.92,62935.92,1785537249254,62991.75,62991.7,62991.8,4.99897055,0.10242941,5.95528845,0.32333466,347.9
2026-07-31T22:34:13.283+00:00,1785537250298,62930.8,62940.8,1785537251604,62991.75,62991.7,62991.8,5.48287279,0.09740569,5.726321470000001,0.26313429,348.9
2026-07-31T22:34:15.637+00:00,1785537252308,62930.79,62940.79,1785537253954,62991.75,62991.7,62991.8,4.99657055,0.09740569,5.292074540000001,0.27046686000000003,353.1
2026-07-31T22:34:17.981+00:00,1785537255707,62930.74,62940.74,1785537256304,62991.75,62991.7,62991.8,4.78617921,0.09740569,5.20962794,0.27046686000000003,339.3
2026-07-31T22:34:20.331+00:00,1785537257811,62935.96,62945.96,1785537258654,63002.45,63002.4,63002.5,3.24753806,1.48873195,3.7776609500000005,1.6352863,348.1
2026-07-31T22:34:22.684+00:00,1785537258828,62935.97,62945.97,1785537261004,63002.45,63002.4,63002.5,3.73458238,1.34034038,4.26472108,1.53951322,351.0
2026-07-31T22:34:25.034+00:00,1785537262689,62939.06,62949.06,1785537263354,63002.45,63002.4,63002.5,3.67204609,0.55826442,4.56163277,0.56729628,347.1
2026-07-31T22:34:27.387+00:00,1785537264765,62939.02,62949.02,1785537265704,63005.55,63005.5,63005.6,5.02746726,0.77782513,6.044317819999999,1.3556652999999999,350.6
2026-07-31T22:34:29.733+00:00,1785537264765,62939.02,62949.02,1785537268054,63005.55,63005.5,63005.6,5.18626256,0.67676745,6.0380056699999995,1.13703935,344.9
2026-07-31T22:34:32.074+00:00,1785537270320,62939.04,62949.04,1785537270404,63005.55,63005.5,63005.6,5.18626256,0.62576745,6.0380056699999995,1.08603935,339.6
2026-07-31T22:34:34.427+00:00,1785537272381,62939.06,62949.06,1785537272754,63005.55,63005.5,63005.6,5.18626256,0.67986745,5.917372680000001,1.1291024100000002,343.3
2026-07-31T22:34:36.780+00:00,1785537274450,62939.09,62949.09,1785537275104,63005.55,63005.5,63005.6,5.16976817,0.62753183,5.942597580000001,1.0767667900000002,346.6
2026-07-31T22:34:39.135+00:00,1785537276630,62939.45,62949.45,1785537277454,63005.55,63005.5,63005.6,5.0856288,0.68163183,5.8583063300000005,1.1368348,351.6
2026-07-31T22:34:41.477+00:00,1785537279072,62932.79,62942.79,1785537279804,63005.55,63005.5,63005.6,0.7118273,2.32709644,1.86570929,2.5943769,340.5
2026-07-31T22:34:43.834+00:00,1785537281272,62931.04,62941.04,1785537282154,63005.55,63005.5,63005.6,1.22739881,2.1588768,3.01823578,2.4261572599999996,351.0
2026-07-31T22:34:46.170+00:00,1785537283707,62932.52,62942.52,1785537284504,63002.649999999994,63002.6,63002.7,1.61658107,3.6683364,2.1041711800000003,4.06459911,333.6
2026-07-31T22:34:48.532+00:00,1785537286131,62933.09,62943.09,1785537286854,63002.649999999994,63002.6,63002.7,1.87194125,1.7150951,2.35953136,1.9109681,347.6
2026-07-31T22:34:50.882+00:00,1785537288301,62934.81,62944.81,1785537289204,63002.649999999994,63002.6,63002.7,1.87161007,1.7150951,2.35920018,1.79115441,349.0
2026-07-31T22:34:53.224+00:00,1785537290710,62935.24,62945.24,1785537291554,63002.649999999994,63002.6,63002.7,1.87161007,1.70301308,2.35920018,1.7796038200000002,338.6
2026-07-31T22:34:55.581+00:00,1785537292907,62933.38,62943.38,1785537293904,63002.649999999994,63002.6,63002.7,1.87161007,1.70301308,2.35920018,1.85955928,347.3
2026-07-31T22:34:57.936+00:00,1785537295106,62933.43,62943.43,1785537296254,63002.649999999994,63002.6,63002.7,1.85572998,1.70280204,2.34332009,1.8593482399999999,352.3
2026-07-31T22:35:00.284+00:00,1785537297808,62933.02,62943.02,1785537298604,63002.649999999994,63002.6,63002.7,1.87134556,1.70280204,2.35893567,1.8593482399999999,347.2
2026-07-31T22:35:02.631+00:00,1785537300441,62913.83,62923.83,1785537300956,62984.05,62984.0,62984.1,1.85211838,1.85339822,2.6172383800000003,2.13341557,344.7
2026-07-31T22:35:04.987+00:00,1785537302703,62902.61,62912.61,1785537303306,62971.850000000006,62971.8,62971.9,1.64242614,0.89306657,1.93893005,1.25135109,352.8
2026-07-31T22:35:07.337+00:00,1785537304839,62905.26,62915.26,1785537305656,62971.850000000006,62971.8,62971.9,0.61061478,2.0540947,0.6715895600000001,3.1957562799999994,348.5
2026-07-31T22:35:09.697+00:00,1785537307415,62898.99,62908.99,1785537308006,62971.850000000006,62971.8,62971.9,0.59371478,2.0540947,0.65468956,3.1957562799999994,359.3
2026-07-31T22:35:12.088+00:00,1785537309367,62905.46,62915.46,1785537310406,62971.850000000006,62971.8,62971.9,1.27676997,1.57473596,1.35592502,2.12788567,388.0
2026-07-31T22:35:14.435+00:00,1785537312468,62904.75,62914.75,1785537312756,62971.850000000006,62971.8,62971.9,1.32239249,0.89323384,1.6537271999999998,1.7660931,345.4
2026-07-31T22:35:16.788+00:00,1785537314667,62905.33,62915.33,1785537315106,62971.850000000006,62971.8,62971.9,1.98650436,1.57510214,2.27817516,1.97136243,348.3
2026-07-31T22:35:19.135+00:00,1785537317236,62905.6,62915.6,1785537317456,62971.850000000006,62971.8,62971.9,1.16666498,1.57351414,2.16647354,1.96977443,345.8
2026-07-31T22:35:21.479+00:00,1785537319599,62905.68,62915.68,1785537319806,62971.850000000006,62971.8,62971.9,1.14579437,1.57351414,1.63696189,1.96977443,340.9
2026-07-31T22:35:23.840+00:00,1785537321660,62905.73,62915.73,1785537322156,62971.850000000006,62971.8,62971.9,1.29058505,1.57049693,1.78175257,1.96675722,349.7
2026-07-31T22:35:26.189+00:00,1785537323068,62899.39,62909.39,1785537324506,62964.05,62964.0,62964.1,0.0088049,2.17760885,0.00979469,2.39450247,346.1
2026-07-31T22:35:28.546+00:00,1785537326381,62887.22,62897.22,1785537326856,62958.649999999994,62958.6,62958.7,0.78766167,3.07758054,1.83582843,3.5187377300000002,342.6
2026-07-31T22:35:30.887+00:00,1785537328117,62892.66,62902.66,1785537329206,62958.649999999994,62958.6,62958.7,1.08881215,3.07758054,1.26295967,3.5187377300000002,340.4
2026-07-31T22:35:33.239+00:00,1785537331185,62893.15,62903.15,1785537331556,62958.649999999994,62958.6,62958.7,1.52840938,3.07799357,1.67016175,3.51915076,349.0
2026-07-31T22:35:35.590+00:00,1785537333269,62893.2,62903.2,1785537333906,62958.649999999994,62958.6,62958.7,1.05950938,3.07816084,1.2413082999999998,3.51931803,350.2
2026-07-31T22:35:37.935+00:00,1785537335449,62893.2,62903.2,1785537336256,62958.649999999994,62958.6,62958.7,1.49856792,3.07833135,1.6403202899999998,3.51948854,344.0
2026-07-31T22:35:40.289+00:00,1785537338506,62876.56,62886.56,1785537338606,62946.350000000006,62946.3,62946.4,0.0947585,3.78474089,0.25536838,4.10767194,351.3
2026-07-31T22:35:42.636+00:00,1785537340252,62877.74,62887.74,1785537340956,62936.45,62936.4,62936.5,0.86050326,1.85948148,0.90673324,3.4737548499999997,344.6
2026-07-31T22:35:44.995+00:00,1785537342901,62862.44,62872.44,1785537343306,62936.45,62936.4,62936.5,1.53429453,1.98878032,1.7700917699999998,3.0447594099999997,356.7
2026-07-31T22:35:47.325+00:00,1785537345039,62870.48,62880.48,1785537345656,62936.45,62936.4,62936.5,1.99508126,1.23840601,2.2308784999999998,2.2944010500000003,328.3
2026-07-31T22:35:49.693+00:00,1785537347627,62866.82,62876.82,1785537348006,62936.45,62936.4,62936.5,1.25392037,1.12146532,1.4486420399999997,1.5140273300000002,355.2
2026-07-31T22:35:52.037+00:00,1785537349690,62865.56,62875.56,1785537350356,62936.45,62936.4,62936.5,1.59392037,1.80464655,1.7886420399999998,2.19720856,336.0
2026-07-31T22:35:54.389+00:00,1785537351741,62864.44,62874.44,1785537352706,62936.45,62936.4,62936.5,0.48968135,1.80447928,0.67258545,2.1970412899999996,350.8
2026-07-31T22:35:56.741+00:00,1785537353923,62868.35,62878.35,1785537355056,62936.45,62936.4,62936.5,1.23152887,1.7654998,1.46234839,2.13533851,349.2
2026-07-31T22:35:59.080+00:00,1785537357337,62868.5,62878.5,1785537357406,62936.45,62936.4,62936.5,1.08927115,1.7654998,1.3351271700000003,2.13533851,338.5
2026-07-31T22:36:01.439+00:00,1785537359234,62865.4,62875.4,1785537359756,62932.149999999994,62932.1,62932.2,0.45124555,3.09177191,0.72082029,3.5490614099999997,347.1
2026-07-31T22:36:03.787+00:00,1785537361568,62864.4,62874.4,1785537362106,62932.149999999994,62932.1,62932.2,0.41144555,3.09177191,0.41486322000000003,5.0818306699999996,345.9
2026-07-31T22:36:06.138+00:00,1785537364223,62853.47,62863.47,1785537364456,62932.149999999994,62932.1,62932.2,0.45124555,3.16017917,0.45466322000000003,5.150237929999999,349.0
2026-07-31T22:36:08.487+00:00,1785537365990,62859.01,62869.01,1785537366806,62932.149999999994,62932.1,62932.2,0.18883312,3.61996267,0.4477181,5.16486029,346.9
2026-07-31T22:36:10.838+00:00,1785537368201,62856.09,62866.09,1785537369156,62920.75,62920.7,62920.8,1.97783354,0.54686025,2.14497124,0.57335928,349.6
2026-07-31T22:36:13.189+00:00,1785537370500,62848.12,62858.12,1785537371506,62920.75,62920.7,62920.8,2.08954253,1.69686787,2.2566802299999997,2.0503106499999997,347.5
2026-07-31T22:36:15.534+00:00,1785537373752,62854.82,62864.82,1785537373856,62920.75,62920.7,62920.8,1.46946315,1.67975149,1.67693898,2.0331942699999996,343.9
2026-07-31T22:36:17.877+00:00,1785537376123,62868.91,62878.91,1785537376206,62931.149999999994,62931.1,62931.2,3.91430478,0.71689943,4.572944019999999,1.0250387600000002,338.2
2026-07-31T22:36:20.224+00:00,1785537378253,62870.76,62880.76,1785537378556,62931.149999999994,62931.1,62931.2,3.36169909,1.68364616,4.06992625,2.84004586,331.7
2026-07-31T22:36:22.590+00:00,1785537378253,62870.76,62880.76,1785537380906,62931.149999999994,62931.1,62931.2,3.54154482,1.00364616,4.319962309999999,1.31178549,349.5
2026-07-31T22:36:24.939+00:00,1785537382752,62870.77,62880.77,1785537383256,62931.149999999994,62931.1,62931.2,3.39976616,1.72254616,3.93830196,2.1226455900000003,345.3
2026-07-31T22:36:27.291+00:00,1785537384100,62865.15,62875.15,1785537385606,62931.149999999994,62931.1,62931.2,0.03639817,2.40585025,0.9917911100000001,2.80594968,348.8
2026-07-31T22:36:29.639+00:00,1785537387492,62865.07,62875.07,1785537387956,62931.149999999994,62931.1,62931.2,0.57281279,2.40939649,1.75339052,2.80949592,347.0
2026-07-31T22:36:31.990+00:00,1785537387492,62865.07,62875.07,1785537390306,62931.149999999994,62931.1,62931.2,1.10377911,2.18418292,2.36615404,2.49232225,348.9
2026-07-31T22:36:34.341+00:00,1785537391680,62863.06,62873.06,1785537392656,62931.149999999994,62931.1,62931.2,1.94737911,1.7240558,3.1054380100000003,2.03220682,347.5
2026-07-31T22:36:36.689+00:00,1785537392867,62865.07,62875.07,1785537395006,62931.149999999994,62931.1,62931.2,1.94737911,1.76349973,3.1054380100000003,2.07165075,346.6
2026-07-31T22:36:39.040+00:00,1785537392867,62865.07,62875.07,1785537397356,62931.149999999994,62931.1,62931.2,2.00907579,1.42387068,2.32910849,1.7320217000000002,343.1
2026-07-31T22:36:41.382+00:00,1785537398470,62866.53,62876.53,1785537399706,62931.149999999994,62931.1,62931.2,2.00907579,2.10387068,2.26071579,2.50397011,337.9
2026-07-31T22:36:43.736+00:00,1785537401801,62873.14,62883.14,1785537402056,62931.149999999994,62931.1,62931.2,1.32907579,1.42387068,1.5807157900000002,1.7320217000000002,345.7
2026-07-31T22:36:46.089+00:00,1785537403930,62873.05,62883.05,1785537404406,62931.149999999994,62931.1,62931.2,1.45515213,1.42387068,1.7067921300000002,1.82397011,349.9
2026-07-31T22:36:48.439+00:00,1785537406320,62872.96,62882.96,1785537406756,62931.149999999994,62931.1,62931.2,1.39419795,1.98660593,1.64583795,2.38670536,346.3
2026-07-31T22:36:50.791+00:00,1785537408650,62872.88,62882.88,1785537409106,62931.149999999994,62931.1,62931.2,2.01419795,1.42069048,2.26583795,1.82078991,349.3
2026-07-31T22:36:53.128+00:00,1785537410760,62871.3,62881.3,1785537411456,62931.149999999994,62931.1,62931.2,2.01419795,1.34504431,2.2349779499999998,1.7451437399999998,334.3
2026-07-31T22:36:55.485+00:00,1785537413691,62872.93,62882.93,1785537413806,62931.149999999994,62931.1,62931.2,2.14217379,0.02279314,2.5438234600000005,0.28086334,342.5
2026-07-31T22:36:57.834+00:00,1785537415777,62875.54,62885.54,1785537416156,62931.149999999994,62931.1,62931.2,2.14242587,0.02279314,2.45339707,0.28086334,340.9
2026-07-31T22:37:00.190+00:00,1785537417786,62875.51,62885.51,1785537418506,62931.149999999994,62931.1,62931.2,2.14242587,0.02279314,2.58568885,0.28086334,348.6
2026-07-31T22:37:02.573+00:00,1785537419830,62875.5,62885.5,1785537420856,62931.149999999994,62931.1,62931.2,2.1713066,0.572716,2.59309402,0.8307595,381.2
2026-07-31T22:37:04.892+00:00,1785537422877,62875.46,62885.46,1785537423206,62931.149999999994,62931.1,62931.2,2.1713066,0.67351884,2.4166151300000003,0.8206880899999999,315.5
2026-07-31T22:37:07.239+00:00,1785537424886,62875.44,62885.44,1785537425556,62931.149999999994,62931.1,62931.2,1.62312986,0.06586903,1.8770893100000001,0.23676071999999998,345.4
2026-07-31T22:37:09.595+00:00,1785537427108,62875.36,62885.36,1785537427906,62931.149999999994,62931.1,62931.2,2.0935103,0.61633315,2.3451551700000004,0.96646645,354.3
2026-07-31T22:37:11.949+00:00,1785537429520,62873.01,62883.01,1785537430256,62931.350000000006,62931.3,62931.4,4.02034192,0.19419661,4.40947735,0.35756818999999995,352.6
2026-07-31T22:37:14.290+00:00,1785537431934,62870.84,62880.84,1785537432606,62931.350000000006,62931.3,62931.4,4.02034192,0.19329661,4.409552140000001,0.35426279,338.5
2026-07-31T22:37:16.639+00:00,1785537434314,62868.33,62878.33,1785537434956,62931.350000000006,62931.3,62931.4,4.02034192,0.19419661,4.40959225,0.35516278999999995,346.1
2026-07-31T22:37:18.991+00:00,1785537437064,62873.15,62883.15,1785537437306,62936.95,62936.9,62937.0,2.82725971,1.86631113,3.09395057,2.05259864,350.6
2026-07-31T22:37:21.339+00:00,1785537439119,62873.56,62883.56,1785537439656,62936.95,62936.9,62937.0,1.66115339,1.86631113,1.80499549,2.10347634,343.7
2026-07-31T22:37:23.743+00:00,1785537441633,62875.93,62885.93,1785537442056,62936.95,62936.9,62937.0,1.44777073,2.09208989,1.6634246000000001,2.3292550999999997,378.0
2026-07-31T22:37:26.095+00:00,1785537443659,62875.87,62885.87,1785537444406,62936.95,62936.9,62937.0,1.41564581,2.09208989,1.6312996800000001,2.3292550999999997,349.6
2026-07-31T22:37:28.439+00:00,1785537445960,62875.83,62885.83,1785537446756,62936.95,62936.9,62937.0,1.41608979,2.05318989,1.80343898,2.2903550999999998,341.7
2026-07-31T22:37:30.782+00:00,1785537448548,62871.4,62881.4,1785537449106,62936.95,62936.9,62937.0,1.44261709,1.91318989,1.69309424,2.14688258,340.2
2026-07-31T22:37:33.189+00:00,1785537450692,62870.79,62880.79,1785537451506,62936.95,62936.9,62937.0,1.57021599,1.95172657,2.5212883899999996,2.1242191,339.1
2026-07-31T22:37:35.541+00:00,1785537452907,62869.54,62879.54,1785537453856,62936.95,62936.9,62937.0,1.57072444,1.3641159,2.5217968399999995,1.5366084300000002,349.9
2026-07-31T22:37:37.892+00:00,1785537455029,62863.28,62873.28,1785537456206,62936.95,62936.9,62937.0,1.56982444,2.0417564,2.5215669,2.21424893,349.4
2026-07-31T22:37:40.244+00:00,1785537458443,62869.19,62879.19,1785537458556,62936.95,62936.9,62937.0,0.88982444,1.36548429,1.8415669,1.5379768200000001,350.9
2026-07-31T22:37:42.587+00:00,1785537460772,62871.16,62881.16,1785537460906,62936.95,62936.9,62937.0,1.73400964,1.30192646,2.6857520999999998,1.4744189900000002,341.8
2026-07-31T22:37:44.940+00:00,1785537462393,62882.44,62892.44,1785537463256,62943.25,62943.2,62943.3,3.31219115,1.87348366,3.83489481,2.32122455,351.1
2026-07-31T22:37:47.293+00:00,1785537465014,62884.68,62894.68,1785537465606,62943.25,62943.2,62943.3,3.37219115,1.23435333,4.02377389,1.4674873300000002,349.4
2026-07-31T22:37:49.643+00:00,1785537467129,62880.52,62890.52,1785537467956,62943.25,62943.2,62943.3,3.99219115,0.68434571,4.617678879999999,0.7638856500000001,348.3
2026-07-31T22:37:51.996+00:00,1785537470199,62879.33,62889.33,1785537470306,62943.25,62943.2,62943.3,3.37219115,1.21660923,3.99603588,1.29614917,348.7
2026-07-31T22:37:54.337+00:00,1785537472430,62882.28,62892.28,1785537472656,62943.25,62943.2,62943.3,3.87219115,1.21660923,4.497850819999999,1.29614917,339.4
2026-07-31T22:37:56.688+00:00,1785537474631,62885.1,62895.1,1785537475006,62943.25,62943.2,62943.3,3.99219115,1.21660923,4.616035879999999,1.29614917,346.0
2026-07-31T22:37:59.043+00:00,1785537476712,62885.05,62895.05,1785537477356,62943.25,62943.2,62943.3,3.99219115,0.66660161,4.618225699999999,0.74614155,347.2
2026-07-31T22:38:01.388+00:00,1785537478965,62885.01,62895.01,1785537479706,62943.25,62943.2,62943.3,3.99219115,1.21660923,4.5191395199999995,1.29614917,343.5
2026-07-31T22:38:03.744+00:00,1785537481007,62882.1,62892.1,1785537482056,62943.25,62943.2,62943.3,3.86047164,1.21551171,4.38742001,1.86894817,349.0
2026-07-31T22:38:06.089+00:00,1785537484234,62884.91,62894.91,1785537484406,62943.25,62943.2,62943.3,3.97900561,1.21370141,4.50597607,1.6641419300000002,342.5
2026-07-31T22:38:08.443+00:00,1785537486278,62882.57,62892.57,1785537486756,62943.25,62943.2,62943.3,3.97229417,1.21370141,4.62593412,1.6641411400000001,350.0
2026-07-31T22:38:10.844+00:00,1785537488341,62879.32,62889.32,1785537489156,62943.25,62943.2,62943.3,3.27804132,0.66232379,3.97981098,1.421847,400.3
2026-07-31T22:38:13.192+00:00,1785537490921,62888.34,62898.34,1785537491506,62943.25,62943.2,62943.3,3.95804132,1.21233141,4.65978889,1.29187056,346.2
2026-07-31T22:38:15.542+00:00,1785537492948,62884.26,62894.26,1785537493856,62943.25,62943.2,62943.3,3.95643832,1.21233141,4.6581858899999995,1.29187056,348.5
2026-07-31T22:38:17.896+00:00,1785537495143,62880.78,62890.78,1785537496206,62943.25,62943.2,62943.3,3.27643832,1.21233141,3.9781858900000002,1.29187135,352.3
2026-07-31T22:38:20.289+00:00,1785537498446,62879.97,62889.97,1785537498606,62943.25,62943.2,62943.3,3.95643832,1.21233141,4.6581858899999995,1.29187135,391.6
2026-07-31T22:38:22.642+00:00,1785537500470,62883.33,62893.33,1785537500956,62943.25,62943.2,62943.3,3.95643832,1.21223903,4.6581858899999995,1.9717789700000004,349.3
2026-07-31T22:38:24.994+00:00,1785537502499,62883.12,62893.12,1785537503306,62943.25,62943.2,62943.3,3.95643832,1.21233141,4.6581858899999995,1.9718705600000002,350.1
2026-07-31T22:38:27.345+00:00,1785537505501,62887.52,62897.52,1785537505656,62950.55,62950.5,62950.6,3.01951692,1.47674999,3.7017415300000005,1.87073544,349.7
2026-07-31T22:38:29.700+00:00,1785537507520,62889.6,62899.6,1785537508006,62950.55,62950.5,62950.6,2.83568375,1.48122999,3.52982502,1.87521544,353.0
2026-07-31T22:38:32.033+00:00,1785537509567,62889.14,62899.14,1785537510356,62950.55,62950.5,62950.6,2.83568375,1.47171142,3.52982502,1.86569687,329.5
2026-07-31T22:38:34.394+00:00,1785537512519,62881.48,62891.48,1785537512706,62950.55,62950.5,62950.6,0.25457736,1.90871153,0.6756746499999999,2.3026969799999994,348.2
2026-07-31T22:38:36.795+00:00,1785537514649,62881.4,62891.4,1785537515106,62950.55,62950.5,62950.6,1.38564754,1.89118155,1.4457618900000002,2.2851669999999995,399.0
2026-07-31T22:38:39.140+00:00,1785537516931,62882.96,62892.96,1785537517456,62950.55,62950.5,62950.6,0.83496302,1.89118155,0.89507737,2.2851669999999995,344.4
2026-07-31T22:38:41.491+00:00,1785537519210,62878.98,62888.98,1785537519806,62950.55,62950.5,62950.6,1.38497064,1.89118155,1.4578049300000002,2.2851669999999995,348.3
2026-07-31T22:38:43.882+00:00,1785537521339,62881.63,62891.63,1785537522206,62950.55,62950.5,62950.6,1.38497064,1.83118155,1.4494832600000003,2.225167,389.1
2026-07-31T22:38:46.244+00:00,1785537523599,62883.35,62893.35,1785537524556,62950.55,62950.5,62950.6,1.42738534,1.83118155,1.4916409800000003,2.225167,348.4
2026-07-31T22:38:48.592+00:00,1785537526710,62885.58,62895.58,1785537526906,62950.55,62950.5,62950.6,1.58562656,1.83118155,1.6498822000000002,2.225167,346.5
2026-07-31T22:38:50.951+00:00,1785537528769,62884.61,62894.61,1785537529256,62950.55,62950.5,62950.6,0.87201894,1.89118155,0.87370633,2.3623369999999997,356.0
2026-07-31T22:38:53.296+00:00,1785537531142,62883.16,62893.16,1785537531606,62950.55,62950.5,62950.6,0.81791894,1.89118155,0.8196063299999999,2.3623369999999997,343.0
2026-07-31T22:38:55.648+00:00,1785537533491,62884.14,62894.14,1785537533956,62950.55,62950.5,62950.6,1.36792656,1.83118155,1.3696139500000002,2.302337,349.7
2026-07-31T22:38:58.045+00:00,1785537535707,62882.88,62892.88,1785537536356,62950.55,62950.5,62950.6,1.36792656,1.83118155,1.3696139500000002,2.302337,395.5
2026-07-31T22:39:00.391+00:00,1785537537907,62883.24,62893.24,1785537538706,62950.55,62950.5,62950.6,1.36792656,1.83118155,1.3696139500000002,2.225167,343.9
2026-07-31T22:39:02.744+00:00,1785537540214,62883.15,62893.15,1785537541056,62950.55,62950.5,62950.6,1.36792656,1.83118155,1.3695909800000001,2.1488034000000003,351.0
2026-07-31T22:39:05.092+00:00,1785537543337,62881.51,62891.51,1785537543406,62950.55,62950.5,62950.6,1.33402656,1.83118155,1.5038461200000002,2.1488034000000003,344.6
2026-07-31T22:39:07.445+00:00,1785537545371,62883.29,62893.29,1785537545756,62950.55,62950.5,62950.6,1.33281398,1.83118155,1.5026335400000002,2.1488034000000003,351.5
2026-07-31T22:39:09.804+00:00,1785537547543,62884.98,62894.98,1785537548106,62950.55,62950.5,62950.6,1.33281398,1.83118155,1.4661035100000002,2.1488034000000003,356.9
2026-07-31T22:39:12.143+00:00,1785537549970,62884.74,62894.74,1785537550456,62950.55,62950.5,62950.6,1.25469572,1.83118155,1.38798525,2.1488034000000003,336.8
2026-07-31T22:39:14.498+00:00,1785537552245,62884.98,62894.98,1785537552806,62950.55,62950.5,62950.6,1.25469572,1.89118155,1.38798525,2.2088034,353.0
2026-07-31T22:39:16.846+00:00,1785537554308,62884.48,62894.48,1785537555156,62950.55,62950.5,62950.6,0.4547881,1.92866189,0.72729464,2.24628374,346.1
2026-07-31T22:39:19.196+00:00,1785537556559,62884.89,62894.89,1785537557506,62950.55,62950.5,62950.6,0.4547881,1.92866189,0.72729464,2.24628374,347.6
2026-07-31T22:39:21.544+00:00,1785537559619,62884.85,62894.85,1785537559856,62950.55,62950.5,62950.6,1.82225572,1.86866189,2.13572681,2.0128606500000004,346.8
2026-07-31T22:39:23.947+00:00,1785537561709,62884.83,62894.83,1785537562256,62950.55,62950.5,62950.6,1.65865572,1.86866189,1.9315922200000002,2.1237441,401.0
2026-07-31T22:39:26.296+00:00,1785537563993,62884.81,62894.81,1785537564606,62950.55,62950.5,62950.6,1.82349545,1.86866162,2.09643195,2.12374383,347.6
2026-07-31T22:39:28.646+00:00,1785537566050,62884.79,62894.79,1785537566956,62950.55,62950.5,62950.6,1.82341915,1.86769481,2.09635565,2.12277702,348.1
2026-07-31T22:39:30.997+00:00,1785537569151,62880.41,62890.41,1785537569306,62950.55,62950.5,62950.6,2.16482542,0.59703373,2.4116277,0.6471260600000001,350.4
2026-07-31T22:39:33.399+00:00,1785537571470,62886.98,62896.98,1785537571706,62950.55,62950.5,62950.6,2.16482518,0.59703373,2.4116274599999996,0.6471329200000001,401.3
2026-07-31T22:39:35.745+00:00,1785537573560,62887.06,62897.06,1785537574056,62950.55,62950.5,62950.6,2.16482518,0.59703373,2.4116274599999996,0.6471329200000001,343.5
2026-07-31T22:39:38.095+00:00,1785537575706,62889.24,62899.24,1785537576406,62950.55,62950.5,62950.6,2.84376504,0.5960332,3.19551176,0.6461323900000001,346.8
2026-07-31T22:39:40.444+00:00,1785537578223,62889.3,62899.3,1785537578756,62950.55,62950.5,62950.6,2.84376504,0.04602558,3.19786962,0.09612477,345.5
2026-07-31T22:39:42.795+00:00,1785537580320,62889.34,62899.34,1785537581106,62950.55,62950.5,62950.6,2.82787211,0.91594352,3.12180686,0.9660427100000001,348.6
2026-07-31T22:39:45.145+00:00,1785537581462,62889.36,62899.36,1785537583456,62950.55,62950.5,62950.6,2.82787211,1.07594352,3.12180686,1.12604271,346.9
2026-07-31T22:39:47.495+00:00,1785537584710,62889.41,62899.41,1785537585806,62950.55,62950.5,62950.6,2.84376504,0.91594352,3.13769979,0.9660427100000001,348.1
2026-07-31T22:39:49.845+00:00,1785537587143,62888.22,62898.22,1785537588156,62950.55,62950.5,62950.6,2.82787211,0.91594352,3.12180686,0.9660427100000001,347.8
2026-07-31T22:39:52.196+00:00,1785537589260,62888.29,62898.29,1785537590506,62950.55,62950.5,62950.6,2.82787211,0.91428508,3.12180686,0.96438427,348.7
2026-07-31T22:39:54.539+00:00,1785537592620,62889.25,62899.25,1785537592856,62950.55,62950.5,62950.6,2.81197918,0.89692902,3.10591393,1.0846507799999998,341.8
2026-07-31T22:39:56.886+00:00,1785537594689,62886.45,62896.45,1785537595206,62950.55,62950.5,62950.6,2.83747666,0.89692902,3.13141141,1.0846507799999998,340.4
2026-07-31T22:39:59.249+00:00,1785537596840,62887.98,62897.98,1785537597556,62950.55,62950.5,62950.6,2.83604708,0.57692902,3.12998183,0.7646507800000001,353.6
2026-07-31T22:40:01.596+00:00,1785537599019,62889.63,62899.63,1785537599906,62950.55,62950.5,62950.6,2.83633795,0.57692902,3.13527418,0.58525667,345.8
2026-07-31T22:40:03.944+00:00,1785537602120,62887.61,62897.61,1785537602256,62950.55,62950.5,62950.6,2.88213531,0.5766541,3.18107154,0.63069585,347.1
2026-07-31T22:40:06.296+00:00,1785537604369,62889.13,62899.13,1785537604606,62950.55,62950.5,62950.6,2.88213531,0.57634892,3.18107154,0.63039067,349.5
2026-07-31T22:40:08.642+00:00,1785537606489,62889.5,62899.5,1785537606956,62950.55,62950.5,62950.6,2.91260568,0.57491999,3.21154191,0.77034734,343.9
2026-07-31T22:40:10.998+00:00,1785537608579,62889.62,62899.62,1785537609306,62950.55,62950.5,62950.6,2.91260568,0.57491999,3.21154191,0.77034734,349.9
2026-07-31T22:40:13.350+00:00,1785537610720,62889.07,62899.07,1785537611656,62950.55,62950.5,62950.6,2.91260568,0.6291977,3.21154191,0.82462505,350.6
2026-07-31T22:40:15.701+00:00,1785537613836,62888.32,62898.32,1785537614006,62950.55,62950.5,62950.6,2.91260568,0.57331556,3.21154191,0.76874291,349.3
2026-07-31T22:40:18.045+00:00,1785537616108,62888.0,62898.0,1785537616356,62950.55,62950.5,62950.6,2.91311696,0.61335367,3.2120531900000002,0.80878102,342.6
2026-07-31T22:40:20.397+00:00,1785537618290,62887.79,62897.79,1785537618706,62950.55,62950.5,62950.6,2.91183184,0.61327425,3.2107680700000003,0.8087016,350.4
2026-07-31T22:40:22.747+00:00,1785537620620,62889.64,62899.64,1785537621056,62950.55,62950.5,62950.6,2.91167456,0.61197712,3.21061079,0.80740447,346.6
2026-07-31T22:40:25.095+00:00,1785537621635,62889.65,62899.65,1785537623406,62950.55,62950.5,62950.6,2.91167456,0.61197712,3.21061079,0.80740447,345.0
2026-07-31T22:40:27.443+00:00,1785537624799,62889.67,62899.67,1785537625756,62950.55,62950.5,62950.6,2.90930979,0.55887767,3.2082460200000003,0.75430502,344.8
2026-07-31T22:40:29.800+00:00,1785537627235,62889.68,62899.68,1785537628106,62950.55,62950.5,62950.6,2.90930979,0.55887767,3.2082460200000003,0.75430502,354.6
2026-07-31T22:40:32.144+00:00,1785537629373,62889.71,62899.71,1785537630456,62950.55,62950.5,62950.6,2.78228887,0.85358171,3.0812251,1.05964394,342.6
2026-07-31T22:40:34.488+00:00,1785537632570,62889.73,62899.73,1785537632806,62950.55,62950.5,62950.6,2.83184909,0.61268171,3.1609933700000004,0.8187439400000001,342.0
2026-07-31T22:40:36.848+00:00,1785537634630,62885.04,62895.04,1785537635156,62950.55,62950.5,62950.6,2.83263658,0.612504,3.1617808600000004,0.8185662300000001,351.3
2026-07-31T22:40:39.198+00:00,1785537636722,62887.03,62897.03,1785537637506,62950.55,62950.5,62950.6,2.81674365,0.61259638,3.14588793,0.8186586100000001,347.2
2026-07-31T22:40:41.548+00:00,1785537638897,62888.97,62898.97,1785537639856,62951.75,62951.7,62951.8,3.69373854,0.64069834,4.277324749999999,0.8453138099999999,348.5
2026-07-31T22:40:43.902+00:00,1785537642003,62884.44,62894.44,1785537642206,62951.75,62951.7,62951.8,3.39470796,0.87659834,3.97829417,1.13809153,351.3
2026-07-31T22:40:46.298+00:00,1785537644131,62885.53,62895.53,1785537644606,62951.75,62951.7,62951.8,3.37881503,0.87659834,3.96240124,1.13809153,395.4
2026-07-31T22:40:48.649+00:00,1785537646234,62886.22,62896.22,1785537646956,62951.75,62951.7,62951.8,3.39470796,0.87807909,3.97829417,1.1395722799999999,348.3
2026-07-31T22:40:50.987+00:00,1785537648495,62880.25,62890.25,1785537649306,62951.75,62951.7,62951.8,3.39470796,0.87807909,3.97829417,1.1395722799999999,336.8
2026-07-31T22:40:53.399+00:00,1785537650704,62881.73,62891.73,1785537651706,62951.75,62951.7,62951.8,2.3253577,1.30292599,2.5648852900000003,1.6055654600000002,399.7
2026-07-31T22:40:55.750+00:00,1785537653889,62883.46,62893.46,1785537654056,62951.75,62951.7,62951.8,2.32211377,1.19932599,2.5616413600000003,1.4608191799999999,348.5
2026-07-31T22:40:58.101+00:00,1785537656089,62884.02,62894.02,1785537656406,62951.75,62951.7,62951.8,2.30089971,1.19932599,2.5404273,1.50437719,349.3
2026-07-31T22:41:00.443+00:00,1785537657124,62885.25,62895.25,1785537658756,62951.75,62951.7,62951.8,2.28231336,1.19932599,2.4521138000000002,1.4608191799999999,337.0
2026-07-31T22:41:02.850+00:00,1785537660427,62885.23,62895.23,1785537661156,62951.75,62951.7,62951.8,2.39210629,0.88048662,2.62279264,1.16122715,403.3
2026-07-31T22:41:05.196+00:00,1785537662539,62885.23,62895.23,1785537663506,62951.75,62951.7,62951.8,3.06389215,0.87958662,3.2945785,1.1603271499999999,344.7
2026-07-31T22:41:07.547+00:00,1785537665092,62895.37,62905.37,1785537665856,62957.75,62957.7,62957.8,1.9993575,0.67700058,2.44368885,0.8806230099999999,349.4
2026-07-31T22:41:09.896+00:00,1785537666104,62898.13,62908.13,1785537668206,62957.75,62957.7,62957.8,2.18715496,0.61610058,2.6015393700000002,0.78484708,348.2
2026-07-31T22:41:12.246+00:00,1785537670400,62898.17,62908.17,1785537670556,62957.75,62957.7,62957.8,2.36715496,0.61610058,2.7815393700000004,0.83442627,342.1
2026-07-31T22:41:14.644+00:00,1785537672450,62898.17,62908.17,1785537672956,62957.75,62957.7,62957.8,1.41272396,1.11030114,1.80910775,1.42190276,393.3
2026-07-31T22:41:16.998+00:00,1785537674757,62898.16,62908.16,1785537675306,62957.75,62957.7,62957.8,1.57632396,0.90638395,1.94441627,1.0099547300000002,348.7
2026-07-31T22:41:19.345+00:00,1785537676907,62890.15,62900.15,1785537677656,62957.75,62957.7,62957.8,1.63632396,0.84638395,2.00441627,0.94995473,343.9
2026-07-31T22:41:21.701+00:00,1785537679132,62893.36,62903.36,1785537680006,62957.75,62957.7,62957.8,1.74939671,0.84638395,2.1174890200000003,1.0335223199999999,354.3
2026-07-31T22:41:24.052+00:00,1785537681398,62894.19,62904.19,1785537682356,62957.75,62957.7,62957.8,1.92939671,0.84638395,2.2974890200000004,1.0335223199999999,348.6
2026-07-31T22:41:26.389+00:00,1785537684488,62892.78,62902.78,1785537684706,62957.75,62957.7,62957.8,2.04939671,0.84638395,2.41748902,1.07509444,335.9
2026-07-31T22:41:28.744+00:00,1785537685866,62890.11,62900.11,1785537687056,62957.75,62957.7,62957.8,2.10701086,0.84517422,2.4442498,1.07388471,345.4
2026-07-31T22:41:31.096+00:00,1785537689270,62890.08,62900.08,1785537689406,62957.75,62957.7,62957.8,2.22701086,0.84601069,2.5642498000000002,1.0977948499999999,348.4
2026-07-31T22:41:33.451+00:00,1785537691519,62896.76,62906.76,1785537691756,62957.75,62957.7,62957.8,2.30701086,0.84601069,2.6442498000000003,1.0977948499999999,353.2
2026-07-31T22:41:35.796+00:00,1785537693662,62896.76,62906.76,1785537694106,62957.75,62957.7,62957.8,2.30701086,0.84601069,2.6447862900000003,1.5764707599999999,343.3
2026-07-31T22:41:38.152+00:00,1785537695758,62894.39,62904.39,1785537696456,62957.75,62957.7,62957.8,2.30701086,1.04601069,2.6447862900000003,1.29945076,354.0
2026-07-31T22:41:40.488+00:00,1785537696822,62893.73,62903.73,1785537698806,62957.75,62957.7,62957.8,2.30701086,1.04532719,2.64485186,1.2987672600000002,334.3
2026-07-31T22:41:42.847+00:00,1785537699954,62893.71,62903.71,1785537701156,62957.75,62957.7,62957.8,2.30701086,0.84685327,2.58564606,1.10029334,345.4
2026-07-31T22:41:45.199+00:00,1785537699954,62893.71,62903.71,1785537703506,62957.75,62957.7,62957.8,2.29111917,0.84678975,2.56975437,1.10022982,347.3
2026-07-31T22:41:47.545+00:00,1785537705271,62893.83,62903.83,1785537705856,62957.75,62957.7,62957.8,2.29964679,0.56013787,2.7609102500000002,1.24481396,343.5
2026-07-31T22:41:49.888+00:00,1785537707321,62895.73,62905.73,1785537708206,62957.75,62957.7,62957.8,2.28951654,1.25513787,2.7184030500000005,1.9855979400000001,340.4
2026-07-31T22:41:52.239+00:00,1785537710380,62898.02,62908.02,1785537710556,62957.75,62957.7,62957.8,2.28951654,1.1146098,2.7473843800000006,1.8450698700000003,338.8
2026-07-31T22:41:54.601+00:00,1785537711438,62898.03,62908.03,1785537712906,62957.75,62957.7,62957.8,2.01911872,0.7005098,2.47627421,1.562193,350.8
2026-07-31T22:41:56.948+00:00,1785537714532,62898.05,62908.05,1785537715256,62962.649999999994,62962.6,62962.7,3.40648453,1.10502449,4.30304009,2.3254353799999996,344.6
2026-07-31T22:41:59.303+00:00,1785537716707,62898.07,62908.07,1785537717606,62962.649999999994,62962.6,62962.7,3.40636765,1.70776313,4.369726880000001,2.9915377100000002,349.1
2026-07-31T22:42:01.658+00:00,1785537719889,62898.11,62908.11,1785537719956,62962.649999999994,62962.6,62962.7,3.40605471,1.72086313,4.36941394,3.00463847,353.1
2026-07-31T22:42:04.001+00:00,1785537722039,62897.13,62907.13,1785537722306,62962.649999999994,62962.6,62962.7,3.40605471,1.72086313,4.36941394,3.0204617,333.4
2026-07-31T22:42:06.354+00:00,1785537724307,62898.15,62908.15,1785537724656,62962.649999999994,62962.6,62962.7,3.40605471,1.04086313,4.36941394,1.22802856,351.9
2026-07-31T22:42:08.707+00:00,1785537726418,62898.18,62908.18,1785537727006,62962.649999999994,62962.6,62962.7,3.40605471,1.04086313,4.36941394,1.2280131800000003,351.1
2026-07-31T22:42:11.099+00:00,1785537727431,62898.19,62908.19,1785537729406,62962.649999999994,62962.6,62962.7,3.50139819,1.02701775,4.542112540000001,1.5103941900000002,388.9
2026-07-31T22:42:13.452+00:00,1785537731549,62898.17,62908.17,1785537731756,62962.649999999994,62962.6,62962.7,3.45690293,1.03458258,4.259316299999999,1.5179590200000002,351.0
2026-07-31T22:42:15.802+00:00,1785537733619,62892.94,62902.94,1785537734106,62962.649999999994,62962.6,62962.7,1.399017,1.94958258,1.81526933,2.5610828799999994,349.4
2026-07-31T22:42:18.146+00:00,1785537735852,62891.35,62901.35,1785537736456,62962.649999999994,62962.6,62962.7,1.30607421,1.43404065,1.73491659,2.4201314199999997,342.6
2026-07-31T22:42:20.495+00:00,1785537737966,62890.5,62900.5,1785537738806,62962.649999999994,62962.6,62962.7,1.33656025,2.11404065,1.76540263,3.2578721,346.9
2026-07-31T22:42:22.855+00:00,1785537740033,62890.52,62900.52,1785537741156,62962.649999999994,62962.6,62962.7,1.35245083,2.11404065,1.7812932100000003,3.00858612,353.0
2026-07-31T22:42:25.200+00:00,1785537743358,62890.55,62900.55,1785537743506,62962.649999999994,62962.6,62962.7,0.17071853,2.11404065,0.53284553,3.2081277200000002,343.0
2026-07-31T22:42:27.560+00:00,1785537745431,62890.57,62900.57,1785537745856,62962.649999999994,62962.6,62962.7,0.17191853,2.17485776,0.8489660399999999,3.2689448299999997,358.3
2026-07-31T22:42:31.648+00:00,1785537749908,62892.56,62902.56,1785537749956,62961.05,62961.0,62961.1,0.63803538,3.7287274,1.0447537300000003,4.49801378,330.0
2026-07-31T22:42:33.999+00:00,1785537751370,62894.19,62904.19,1785537752306,62961.05,62961.0,62961.1,1.47307761,1.98430572,1.78689928,2.12793515,350.3
2026-07-31T22:42:36.350+00:00,1785537754529,62893.22,62903.22,1785537754656,62961.05,62961.0,62961.1,2.15307761,1.73521572,2.4668992800000002,1.8788451499999999,348.2
2026-07-31T22:42:38.845+00:00,1785537756560,62893.15,62903.15,1785537757156,62961.05,62961.0,62961.1,2.1319309,1.73401572,2.4457525700000002,1.9481529899999999,322.0
2026-07-31T22:42:41.201+00:00,1785537756560,62893.15,62903.15,1785537759506,62961.05,62961.0,62961.1,2.1319309,1.73417543,2.4457525700000002,1.9482941100000002,351.0
2026-07-31T22:42:43.540+00:00,1785537760994,62892.89,62902.89,1785537761856,62961.05,62961.0,62961.1,2.1319309,1.73417543,2.4457525700000002,1.9482941100000002,335.3
2026-07-31T22:42:47.952+00:00,1785537765707,62893.79,62903.79,1785537766256,62961.05,62961.0,62961.1,2.13176993,1.73343602,2.4455916,1.94754873,338.8
2026-07-31T22:42:50.297+00:00,1785537767720,62895.02,62905.02,1785537768606,62961.05,62961.0,62961.1,2.13176993,1.73343602,2.4455916,1.94751121,343.5
2026-07-31T22:42:52.650+00:00,1785537770911,62898.44,62908.44,1785537770956,62961.05,62961.0,62961.1,2.13176993,1.73200414,2.4455916,1.94607308,347.6
2026-07-31T22:42:55.003+00:00,1785537772987,62898.65,62908.65,1785537773306,62961.05,62961.0,62961.1,1.34045617,1.79119094,1.6103515000000002,2.11032246,350.2
2026-07-31T22:42:59.149+00:00,1785537776844,62900.62,62910.62,1785537777456,62961.05,62961.0,62961.1,1.98999023,1.72414951,2.3692942400000003,1.91509296,368.4
2026-07-31T22:43:01.503+00:00,1785537777864,62901.5,62911.5,1785537779806,62961.05,62961.0,62961.1,2.15359023,0.81266487,2.5186858,1.3237928799999998,352.3
2026-07-31T22:43:16.852+00:00,1785537789580,62898.32,62908.32,1785537795156,62961.05,62961.0,62961.1,1.74444748,1.61326235,1.90028818,2.1376287,330.1
2026-07-31T22:43:25.257+00:00,1785537789580,62898.32,62908.32,1785537803556,62947.350000000006,62947.3,62947.4,1.29442901,2.15158644,2.01704459,2.23705109,371.2
2026-07-31T22:43:27.608+00:00,1785537789580,62898.32,62908.32,1785537805906,62947.350000000006,62947.3,62947.4,1.30812246,2.03443997,1.46397816,2.06176203,349.5
2026-07-31T22:43:30.010+00:00,1785537805310,62879.68,62889.68,1785537808306,62947.350000000006,62947.3,62947.4,1.30812246,2.03443997,1.46397816,2.1203900900000003,400.7
2026-07-31T22:43:32.351+00:00,1785537809613,62885.77,62895.77,1785537810656,62947.350000000006,62947.3,62947.4,1.45058265,0.84075527,1.60643835,0.98460799,334.6
2026-07-31T22:43:34.704+00:00,1785537811707,62887.01,62897.01,1785537813006,62947.350000000006,62947.3,62947.4,1.45058265,0.84075527,1.7374901100000002,1.02965128,348.7
2026-07-31T22:43:37.050+00:00,1785537815020,62885.51,62895.51,1785537815356,62947.350000000006,62947.3,62947.4,1.45058265,0.84075527,1.79606517,1.02965128,335.6
2026-07-31T22:43:39.403+00:00,1785537817180,62887.04,62897.04,1785537817706,62947.350000000006,62947.3,62947.4,1.64135194,0.78595843,1.97835479,0.9748544399999999,351.8
2026-07-31T22:43:41.753+00:00,1785537819450,62887.05,62897.05,1785537820056,62948.649999999994,62948.6,62948.7,4.46348633,0.43722332,4.992060179999999,0.6216116100000001,348.5
2026-07-31T22:43:44.101+00:00,1785537821508,62887.07,62897.07,1785537822406,62949.05,62949.0,62949.1,4.90673664,0.75616331,5.392667269999999,0.81024083,344.1
2026-07-31T22:43:46.453+00:00,1785537824705,62890.73,62900.73,1785537824756,62951.75,62951.7,62951.8,5.20470277,0.01537863,5.460259979999999,0.26779784,345.0
2026-07-31T22:43:48.804+00:00,1785537827029,62893.6,62903.6,1785537827106,62951.75,62951.7,62951.8,4.13359515,0.66696372,4.379120279999999,0.91355075,349.0
2026-07-31T22:43:51.141+00:00,1785537829170,62892.11,62902.11,1785537829456,62951.75,62951.7,62951.8,4.15558423,0.66696372,4.401109359999999,0.91355075,334.7
2026-07-31T22:43:53.512+00:00,1785537831269,62892.01,62902.01,1785537831806,62951.75,62951.7,62951.8,4.15291172,0.66696372,4.367595179999999,1.5935507500000001,359.2
2026-07-31T22:43:55.857+00:00,1785537833309,62892.24,62902.24,1785537834156,62951.75,62951.7,62951.8,4.86548362,0.56633248,5.080167079999999,0.84533021,341.3
2026-07-31T22:43:58.203+00:00,1785537836440,62892.33,62902.33,1785537836506,62951.75,62951.7,62951.8,4.86228442,0.01631476,5.21178651,0.19329134,341.5
2026-07-31T22:44:00.551+00:00,1785537838630,62892.39,62902.39,1785537838856,62951.75,62951.7,62951.8,4.16639225,0.56617282,4.462495419999999,0.7431494,345.4
2026-07-31T22:44:02.897+00:00,1785537840740,62889.57,62899.57,1785537841206,62951.75,62951.7,62951.8,4.18147204,0.56615518,4.417588939999999,0.74312334,344.4
2026-07-31T22:44:05.254+00:00,1785537842833,62888.68,62898.68,1785537843556,62951.75,62951.7,62951.8,4.22769392,0.62115518,4.463810819999999,0.7981233400000001,351.2
2026-07-31T22:44:07.604+00:00,1785537845351,62890.0,62900.0,1785537845906,62958.05,62958.0,62958.1,1.80503459,2.50913869,2.34203558,2.6351917199999995,347.9
2026-07-31T22:44:09.954+00:00,1785537847356,62889.36,62899.36,1785537848256,62955.25,62955.2,62955.3,1.01278469,1.85777877,1.4547558799999998,3.46349951,348.2
2026-07-31T22:44:12.348+00:00,1785537850384,62889.2,62899.2,1785537850656,62955.25,62955.2,62955.3,1.35406108,2.20443506,1.81527746,2.5180572099999994,391.9
2026-07-31T22:44:14.706+00:00,1785537852519,62889.56,62899.56,1785537853006,62955.25,62955.2,62955.3,1.36995325,2.20304021,1.83116963,2.5163174,350.8
2026-07-31T22:44:17.055+00:00,1785537854567,62890.95,62900.95,1785537855356,62955.25,62955.2,62955.3,1.60995325,2.20375336,2.07116963,2.5172241599999996,346.2
2026-07-31T22:44:19.447+00:00,1785537857614,62888.83,62898.83,1785537857756,62955.25,62955.2,62955.3,2.06995325,1.82209346,2.53116963,2.13553239,388.4
2026-07-31T22:44:21.802+00:00,1785537859642,62888.01,62898.01,1785537860106,62955.25,62955.2,62955.3,1.42995325,2.20209346,1.89116963,2.5157036799999997,346.8
2026-07-31T22:44:26.956+00:00,1785537864707,62884.9,62894.9,1785537865256,62955.25,62955.2,62955.3,2.29671339,1.41353431,2.5164231299999997,1.6194207599999997,335.8
2026-07-31T22:44:29.303+00:00,1785537866890,62885.32,62895.32,1785537867606,62955.25,62955.2,62955.3,1.30273361,1.90242514,1.60990383,2.14178047,344.8
2026-07-31T22:44:31.647+00:00,1785537869251,62887.29,62897.29,1785537869956,62955.25,62955.2,62955.3,1.42984693,1.89729967,1.5774791900000003,2.13666754,342.6
2026-07-31T22:44:34.014+00:00,1785537871274,62889.88,62899.88,1785537872306,62955.25,62955.2,62955.3,2.04984693,1.89729967,2.29825611,2.0637680699999996,351.2
2026-07-31T22:44:36.402+00:00,1785537874333,62886.33,62896.33,1785537874706,62955.25,62955.2,62955.3,1.41395476,1.89729967,1.66236394,2.0637680699999996,327.8
2026-07-31T22:44:38.803+00:00,1785537876370,62885.47,62895.47,1785537877106,62955.25,62955.2,62955.3,1.66982511,1.89829758,1.91823429,2.06476598,399.4
2026-07-31T22:44:41.149+00:00,1785537878401,62885.0,62895.0,1785537879456,62955.25,62955.2,62955.3,1.42982511,1.89829758,1.68263125,1.96827666,342.4
2026-07-31T22:44:43.506+00:00,1785537881440,62889.3,62899.3,1785537881806,62955.25,62955.2,62955.3,1.3821486,1.89829758,1.6349547400000002,1.96829557,351.0
2026-07-31T22:44:45.848+00:00,1785537883463,62887.92,62897.92,1785537884156,62955.25,62955.2,62955.3,1.39790943,1.89829758,1.65071557,2.04296,339.0
2026-07-31T22:44:48.202+00:00,1785537885489,62888.34,62898.34,1785537886506,62955.25,62955.2,62955.3,1.39790943,1.94409264,1.7304157599999999,2.08875506,345.3
2026-07-31T22:44:50.549+00:00,1785537888529,62886.94,62896.94,1785537888856,62955.25,62955.2,62955.3,1.39790943,1.94399734,1.7304157599999999,2.0886597599999996,342.7
2026-07-31T22:44:53.001+00:00,1785537890559,62886.65,62896.65,1785537891306,62955.25,62955.2,62955.3,1.39790943,1.94399734,1.7304157599999999,2.0886597599999996,394.5
2026-07-31T22:44:55.355+00:00,1785537893597,62888.07,62898.07,1785537893656,62955.25,62955.2,62955.3,2.00959721,1.25408213,2.47450293,1.42349975,351.3
2026-07-31T22:44:57.707+00:00,1785537895633,62891.26,62901.26,1785537896006,62955.25,62955.2,62955.3,1.42959721,1.67242891,1.5632878500000003,1.84140128,341.6
2026-07-31T22:45:00.057+00:00,1785537896757,62884.67,62894.67,1785537898356,62949.05,62949.0,62949.1,0.00837619,3.8064865,0.03586019,5.47049276,347.7
2026-07-31T22:45:02.403+00:00,1785537898622,62882.19,62892.19,1785537900706,62949.05,62949.0,62949.1,0.02518887,4.18786315,0.14358496,4.427044219999999,344.2
2026-07-31T22:45:13.480+00:00,1785537911440,62886.42,62896.42,1785537903056,62949.05,62949.0,62949.1,0.02028687,4.19196315,0.13868296000000002,4.431144219999999,9073.9
2026-07-31T22:45:15.926+00:00,1785537913705,62886.2,62896.2,1785537914206,62953.25,62953.2,62953.3,1.95869798,1.43725272,2.80276027,1.74056112,437.5
2026-07-31T22:45:18.308+00:00,1785537916090,62889.62,62899.62,1785537916606,62953.25,62953.2,62953.3,1.95595484,0.73558483,2.8000171299999996,1.1862542399999998,379.4
2026-07-31T22:45:20.653+00:00,1785537918001,62895.17,62905.17,1785537918956,62953.25,62953.2,62953.3,2.25617831,0.94516874,3.1002406,1.59413699,342.7
2026-07-31T22:45:23.057+00:00,1785537920244,62895.14,62905.14,1785537921356,62953.25,62953.2,62953.3,1.86059966,1.48966874,2.7046619499999998,2.13798466,401.0
2026-07-31T22:45:25.412+00:00,1785537923402,62895.09,62905.09,1785537923706,62953.25,62953.2,62953.3,1.3526236,1.48966874,2.1845551000000003,2.13798466,350.2
2026-07-31T22:45:27.753+00:00,1785537925550,62890.27,62900.27,1785537926056,62953.25,62953.2,62953.3,1.66652083,1.53494571,2.49845233,2.18326163,340.0
2026-07-31T22:45:30.098+00:00,1785537927629,62890.28,62900.28,1785537928406,62953.25,62953.2,62953.3,1.66652083,1.53515142,2.4028228,2.18346734,342.8
2026-07-31T22:45:32.454+00:00,1785537929981,62890.08,62900.08,1785537930756,62953.25,62953.2,62953.3,1.66652083,1.33515142,2.4028228,1.5048053200000002,345.7
2026-07-31T22:45:34.807+00:00,1785537932297,62891.67,62901.67,1785537933106,62953.25,62953.2,62953.3,1.50292083,1.53515142,2.22322822,1.7048053200000002,351.0
2026-07-31T22:45:37.203+00:00,1785537934440,62894.87,62904.87,1785537935506,62953.25,62953.2,62953.3,1.55647363,1.53515142,2.28428797,1.7037581700000002,330.8
2026-07-31T22:45:39.554+00:00,1785537937730,62891.82,62901.82,1785537937856,62953.25,62953.2,62953.3,1.61988559,1.53201015,2.34769993,1.7006169000000002,347.8
2026-07-31T22:45:41.904+00:00,1785537939790,62890.45,62900.45,1785537940206,62953.25,62953.2,62953.3,1.61988559,1.53201015,2.3284407299999996,1.7006169000000002,347.3
2026-07-31T22:45:44.259+00:00,1785537941960,62890.39,62900.39,1785537942556,62953.25,62953.2,62953.3,1.50863788,1.53482185,2.21719302,1.7034286,354.3
2026-07-31T22:45:46.603+00:00,1785537943030,62890.36,62900.36,1785537944906,62953.25,62953.2,62953.3,1.60399306,1.53482185,2.47415752,1.72698477,336.9
2026-07-31T22:45:49.009+00:00,1785537946250,62890.28,62900.28,1785537947306,62953.25,62953.2,62953.3,1.78253174,1.03482185,2.6526962,1.4831377700000001,402.1
2026-07-31T22:45:51.355+00:00,1785537949601,62890.21,62900.21,1785537949656,62953.25,62953.2,62953.3,1.78253174,0.83466301,2.6526962,1.2629789300000003,344.2
2026-07-31T22:45:53.712+00:00,1785537951709,62889.18,62899.18,1785537952006,62953.25,62953.2,62953.3,1.78253174,0.83466301,2.6526962,1.7029789300000002,355.2
2026-07-31T22:45:56.059+00:00,1785537953790,62888.86,62898.86,1785537954356,62953.25,62953.2,62953.3,1.78253174,0.78877518,2.6526962,1.1970911000000002,345.0
2026-07-31T22:45:58.406+00:00,1785537955994,62885.85,62895.85,1785537956706,62953.25,62953.2,62953.3,1.78253174,0.78877518,2.6526962,1.3970911000000001,345.8
2026-07-31T22:46:00.756+00:00,1785537958060,62885.06,62895.06,1785537959056,62953.25,62953.2,62953.3,1.74533454,1.24877518,2.615499,1.7770911,348.1
2026-07-31T22:46:03.105+00:00,1785537961144,62887.1,62897.1,1785537961406,62953.25,62953.2,62953.3,1.74533454,1.3285528,2.615499,1.8368687200000002,346.7
2026-07-31T22:46:05.458+00:00,1785537963391,62883.53,62893.53,1785537963756,62953.25,62953.2,62953.3,1.74533454,1.4088528,2.615499,1.6010152800000002,346.6
2026-07-31T22:46:07.808+00:00,1785537965560,62885.18,62895.18,1785537966106,62953.25,62953.2,62953.3,1.71224112,1.40887832,2.58240558,1.6010408,348.3
2026-07-31T22:46:10.159+00:00,1785537967620,62884.63,62894.63,1785537968456,62953.25,62953.2,62953.3,2.76424965,0.61297832,3.63441411,0.8328863799999999,348.6
2026-07-31T22:46:12.508+00:00,1785537970190,62885.92,62895.92,1785537970806,62953.25,62953.2,62953.3,1.44486872,0.83467317,1.75377332,1.0087800699999998,347.5
2026-07-31T22:46:14.925+00:00,1785537972230,62889.3,62899.3,1785537973206,62953.25,62953.2,62953.3,2.17751671,0.93886079,2.4406440199999997,1.1129676899999998,415.7
2026-07-31T22:46:17.308+00:00,1785537972230,62889.3,62899.3,1785537975606,62953.25,62953.2,62953.3,2.49363271,0.55886079,2.80258247,0.73296769,380.5
2026-07-31T22:46:19.660+00:00,1785537977780,62896.3,62906.3,1785537977956,62958.649999999994,62958.6,62958.7,2.8309498,0.72166612,4.03599828,1.00723647,350.5
2026-07-31T22:46:22.003+00:00,1785537979940,62899.29,62909.29,1785537980306,62958.649999999994,62958.6,62958.7,1.70465747,0.64986826,2.69220692,1.08186171,342.1
2026-07-31T22:46:24.357+00:00,1785537981949,62899.47,62909.47,1785537982656,62958.649999999994,62958.6,62958.7,2.42465747,1.330429,3.42705507,1.95955935,337.8
2026-07-31T22:46:26.717+00:00,1785537984241,62899.41,62909.41,1785537985006,62958.649999999994,62958.6,62958.7,2.74074647,0.556329,3.74314407,1.28545935,357.6
2026-07-31T22:46:29.058+00:00,1785537986429,62899.38,62909.38,1785537987356,62958.649999999994,62958.6,62958.7,2.42465747,0.618629,3.42705507,1.00580145,339.3
2026-07-31T22:46:31.407+00:00,1785537989548,62899.29,62909.29,1785537989706,62958.649999999994,62958.6,62958.7,2.42465747,0.62083943,3.42705507,1.40996978,347.1
2026-07-31T22:46:33.758+00:00,1785537991826,62899.23,62909.23,1785537992056,62958.649999999994,62958.6,62958.7,2.43272471,0.62083943,3.43512231,1.40996978,349.5
2026-07-31T22:46:36.106+00:00,1785537993517,62898.58,62908.58,1785537994406,62958.649999999994,62958.6,62958.7,2.43272471,0.62071619,3.43512231,1.40984654,345.6
2026-07-31T22:46:38.457+00:00,1785537996689,62898.23,62908.23,1785537996756,62958.649999999994,62958.6,62958.7,2.43272471,1.1417234,3.3432746700000004,1.87085375,348.7
2026-07-31T22:46:40.810+00:00,1785537998908,62895.58,62905.58,1785537999106,62958.649999999994,62958.6,62958.7,2.42960235,1.14170752,3.3259471600000006,1.5737009599999998,350.8
2026-07-31T22:46:43.158+00:00,1785538001032,62891.37,62901.37,1785538001456,62958.649999999994,62958.6,62958.7,2.42960235,0.62670752,3.3259471600000006,0.9859919600000001,346.2
2026-07-31T22:46:45.507+00:00,1785538003429,62890.07,62900.07,1785538003806,62958.649999999994,62958.6,62958.7,2.42960235,1.10661593,3.3259471600000006,1.5386093699999999,343.4
2026-07-31T22:46:47.847+00:00,1785538005789,62888.9,62898.9,1785538006156,62958.649999999994,62958.6,62958.7,2.41371141,0.62261645,3.3100562200000003,0.98190089,337.4
2026-07-31T22:46:50.209+00:00,1785538008135,62888.63,62898.63,1785538008506,62958.649999999994,62958.6,62958.7,0.06896715,1.5153972,0.39515453,1.93708635,349.9
2026-07-31T22:46:52.557+00:00,1785538010403,62887.43,62897.43,1785538010856,62958.649999999994,62958.6,62958.7,1.07528743,1.93528589,1.42141851,2.20683689,346.5
2026-07-31T22:46:54.909+00:00,1785538012453,62890.66,62900.66,1785538013206,62958.649999999994,62958.6,62958.7,1.35429607,1.77158981,1.9452833,2.0431408099999997,350.7
2026-07-31T22:46:57.260+00:00,1785538015482,62890.71,62900.71,1785538015556,62958.649999999994,62958.6,62958.7,1.09514875,2.09504299,2.346786,2.36659399,348.2
2026-07-31T22:46:59.609+00:00,1785538017484,62890.75,62900.75,1785538017906,62958.649999999994,62958.6,62958.7,1.06124875,2.09504299,2.312886,2.36659399,347.4
2026-07-31T22:47:02.069+00:00,1785538019485,62890.78,62900.78,1785538020356,62958.649999999994,62958.6,62958.7,0.82124875,2.09504299,2.072886,2.36659399,446.4
2026-07-31T22:47:04.409+00:00,1785538022488,62890.34,62900.34,1785538022706,62958.649999999994,62958.6,62958.7,1.08124875,1.93144299,2.34818994,2.20299399,339.1
2026-07-31T22:47:06.751+00:00,1785538023490,62890.45,62900.45,1785538025056,62958.649999999994,62958.6,62958.7,0.88124875,2.09504299,2.14818994,2.36659399,339.8
2026-07-31T22:47:09.095+00:00,1785538026496,62889.96,62899.96,1785538027406,62958.649999999994,62958.6,62958.7,0.61877321,2.03504299,1.8596022300000001,2.30659399,335.3
2026-07-31T22:47:11.450+00:00,1785538029499,62893.68,62903.68,1785538029756,62958.649999999994,62958.6,62958.7,0.9186645,1.87144299,2.18560569,2.14299399,341.0
2026-07-31T22:47:13.804+00:00,1785538031501,62893.68,62903.68,1785538032106,62958.649999999994,62958.6,62958.7,1.34734004,1.87144299,2.61428123,2.14299399,345.8
2026-07-31T22:47:16.163+00:00,1785538033508,62893.9,62903.9,1785538034456,62958.649999999994,62958.6,62958.7,1.3386645,1.87144299,2.60560569,2.14299399,355.3
2026-07-31T22:47:18.511+00:00,1785538036527,62894.4,62904.4,1785538036806,62958.649999999994,62958.6,62958.7,1.51224004,1.87144299,2.77918123,2.14299399,346.1
2026-07-31T22:47:20.859+00:00,1785538038618,62894.88,62904.88,1785538039156,62958.649999999994,62958.6,62958.7,0.88864004,1.89350137,2.1590532700000002,2.16505237,345.0
2026-07-31T22:47:23.205+00:00,1785538040802,62893.08,62903.08,1785538041506,62958.649999999994,62958.6,62958.7,0.6172645,1.89350137,0.97688891,2.16505237,343.3
2026-07-31T22:47:25.558+00:00,1785538043809,62892.52,62902.52,1785538043856,62957.05,62957.0,62957.1,0.66210153,3.01807483,1.1789859000000003,3.4515765600000003,348.7
2026-07-31T22:47:27.908+00:00,1785538046025,62894.09,62904.09,1785538046206,62957.05,62957.0,62957.1,1.11485907,2.81807483,2.36208528,3.18494653,347.7
2026-07-31T22:47:30.257+00:00,1785538048072,62895.07,62905.07,1785538048556,62957.05,62957.0,62957.1,1.04863283,2.43703483,2.2958590400000003,2.80390653,341.2
2026-07-31T22:47:32.610+00:00,1785538050141,62894.28,62904.28,1785538050906,62957.05,62957.0,62957.1,1.04863283,2.43395655,2.2958590400000003,2.80082825,351.6
2026-07-31T22:47:34.962+00:00,1785538052310,62894.57,62904.57,1785538053256,62957.05,62957.0,62957.1,1.04863283,2.43387714,1.3882910800000001,2.80074884,349.7
2026-07-31T22:47:37.309+00:00,1785538055400,62895.1,62905.1,1785538055606,62957.05,62957.0,62957.1,1.0476256,2.4336164,1.38728385,2.8004881,346.3
2026-07-31T22:47:39.671+00:00,1785538057600,62893.54,62903.54,1785538057956,62957.05,62957.0,62957.1,1.0484236,2.4336426,1.38808185,2.8005143,359.0
2026-07-31T22:47:42.013+00:00,1785538059739,62891.53,62901.53,1785538060306,62957.05,62957.0,62957.1,1.04833339,2.4336426,1.38799164,2.8005143,340.4
2026-07-31T22:47:44.352+00:00,1785538061905,62891.1,62901.1,1785538062656,62957.05,62957.0,62957.1,1.04833339,2.4336426,1.38799164,2.8005143,337.6
2026-07-31T22:47:46.713+00:00,1785538064063,62891.09,62901.09,1785538065006,62957.05,62957.0,62957.1,1.21187421,2.42890722,1.55153246,2.79577892,351.0
2026-07-31T22:47:49.057+00:00,1785538066070,62891.08,62901.08,1785538067356,62957.05,62957.0,62957.1,1.0481347,2.42890722,1.3877929500000001,2.79577892,342.2
2026-07-31T22:47:51.411+00:00,1785538068470,62891.07,62901.07,1785538069706,62957.05,62957.0,62957.1,1.04862428,1.53299716,1.4144866200000001,1.8686238600000002,351.4
2026-07-31T22:47:53.760+00:00,1785538071770,62888.32,62898.32,1785538072056,62957.05,62957.0,62957.1,1.27862428,1.65299716,1.43895272,2.05685299,345.7
2026-07-31T22:47:56.111+00:00,1785538074029,62883.44,62893.44,1785538074406,62957.05,62957.0,62957.1,1.27235475,1.65299716,1.59926564,2.05685299,346.9
2026-07-31T22:47:58.514+00:00,1785538076415,62884.5,62894.5,1785538076806,62957.05,62957.0,62957.1,1.27238647,1.63709716,1.59929736,2.04095299,401.6
2026-07-31T22:48:00.865+00:00,1785538078461,62888.07,62898.07,1785538079156,62957.05,62957.0,62957.1,1.41448207,1.63709716,1.74139296,1.97261792,349.0
2026-07-31T22:48:03.208+00:00,1785538081038,62893.96,62903.96,1785538081506,62957.05,62957.0,62957.1,1.60631095,0.80318779,1.76663939,1.6706005499999999,338.0
2026-07-31T22:48:05.562+00:00,1785538083370,62895.47,62905.47,1785538083856,62958.649999999994,62958.6,62958.7,4.59680149,0.89328404,5.010033689999999,1.0783316299999999,351.3
2026-07-31T22:48:07.912+00:00,1785538085529,62895.48,62905.48,1785538086206,62958.649999999994,62958.6,62958.7,4.74730657,0.87648404,5.220538769999999,1.06726662,346.8
2026-07-31T22:48:10.251+00:00,1785538088151,62897.25,62907.25,1785538088556,62962.95,62962.9,62963.0,3.34434112,0.96890161,3.80432867,1.19266827,338.0
2026-07-31T22:48:12.609+00:00,1785538090240,62898.99,62908.99,1785538090906,62962.95,62962.9,62963.0,2.62994111,1.0619629,2.89174969,1.28595261,349.0
2026-07-31T22:48:14.961+00:00,1785538092450,62898.95,62908.95,1785538093256,62962.95,62962.9,62963.0,2.53459835,0.9696229,2.79640693,1.1934979399999999,348.7
2026-07-31T22:48:17.313+00:00,1785538094530,62898.94,62908.94,1785538095606,62962.95,62962.9,62963.0,2.86581627,0.10593851,3.12762485,0.28381549,348.7
2026-07-31T22:48:19.660+00:00,1785538096799,62898.95,62908.95,1785538097956,62962.95,62962.9,62963.0,2.66722357,0.65587056,2.9290321500000003,0.8337475400000001,345.5
2026-07-31T22:48:22.016+00:00,1785538098110,62899.56,62909.56,1785538100306,62962.95,62962.9,62963.0,1.72897113,0.87793835,2.0833091,0.9240507500000001,354.6
2026-07-31T22:48:24.361+00:00,1785538098110,62899.56,62909.56,1785538102656,62962.95,62962.9,62963.0,1.72897113,0.87793835,2.19333646,0.8782740500000001,343.2
2026-07-31T22:48:26.720+00:00,1785538098110,62899.56,62909.56,1785538105006,62962.95,62962.9,62963.0,1.74486055,1.53784661,2.0950413500000002,1.5381823099999998,357.8
2026-07-31T22:48:29.059+00:00,1785538098110,62899.56,62909.56,1785538107356,62962.95,62962.9,62963.0,2.48074997,0.9239142,2.83093077,0.9242499000000002,336.5
2026-07-31T22:48:31.417+00:00,1785538108707,62899.36,62909.36,1785538109706,62962.95,62962.9,62963.0,2.44897113,1.3839142,2.79915193,1.40807742,353.6
2026-07-31T22:48:33.757+00:00,1785538111318,62904.37,62914.37,1785538112056,62967.649999999994,62967.6,62967.7,3.04416918,0.88118768,4.1370057099999995,1.16001771,337.5
2026-07-31T22:48:36.097+00:00,1785538114121,62900.64,62910.64,1785538114406,62967.649999999994,62967.6,62967.7,1.19165197,1.7918164,1.7542147399999999,2.07809983,337.0
2026-07-31T22:48:38.458+00:00,1785538116250,62896.23,62906.23,1785538116756,62967.649999999994,62967.6,62967.7,1.19165197,1.7918164,1.7542147399999999,2.07809983,346.8
2026-07-31T22:48:40.814+00:00,1785538118213,62891.37,62901.37,1785538119106,62964.75,62964.7,62964.8,1.46638624,2.35020104,1.9321807100000001,3.02269809,344.8
2026-07-31T22:48:43.161+00:00,1785538120553,62892.12,62902.12,1785538121456,62964.75,62964.7,62964.8,0.81642825,2.66664912,1.17414737,3.3716664699999996,345.8
2026-07-31T22:48:45.515+00:00,1785538123263,62894.1,62904.1,1785538123806,62964.75,62964.7,62964.8,0.74581773,2.66664912,1.11586649,3.3716664699999996,349.8
2026-07-31T22:48:47.864+00:00,1785538125296,62894.09,62904.09,1785538126156,62964.75,62964.7,62964.8,0.74364973,2.66650641,1.20731923,3.37152376,345.9
2026-07-31T22:48:50.214+00:00,1785538127467,62893.66,62903.66,1785538128506,62964.75,62964.7,62964.8,0.74302773,2.66650641,1.20669723,3.37152376,346.2
2026-07-31T22:48:52.554+00:00,1785538129872,62896.67,62906.67,1785538130856,62964.75,62964.7,62964.8,1.08604625,2.53143741,1.5497157500000003,3.02402016,338.2
2026-07-31T22:48:54.913+00:00,1785538131920,62894.8,62904.8,1785538133206,62964.75,62964.7,62964.8,0.61268573,2.5316543,0.74648007,3.02423705,351.7
2026-07-31T22:48:57.264+00:00,1785538135417,62894.57,62904.57,1785538135556,62964.75,62964.7,62964.8,0.62216473,2.5316543,0.7559590700000001,3.02423705,341.8
2026-07-31T22:48:59.611+00:00,1785538137579,62892.52,62902.52,1785538137906,62964.75,62964.7,62964.8,0.56635013,2.5316543,0.7001444699999999,3.02423705,347.1
2026-07-31T22:49:02.015+00:00,1785538139708,62890.68,62900.68,1785538140306,62964.75,62964.7,62964.8,0.58736996,2.5316543,0.7211642999999999,3.19627629,400.3
2026-07-31T22:49:04.358+00:00,1785538142093,62894.69,62904.69,1785538142656,62964.75,62964.7,62964.8,0.61879313,2.52501296,0.7525874699999999,3.1896349500000003,342.0
2026-07-31T22:49:06.715+00:00,1785538144544,62894.83,62904.83,1785538145006,62964.75,62964.7,62964.8,0.63836439,2.52284552,0.7721587299999999,3.1874675100000003,345.1
2026-07-31T22:49:09.064+00:00,1785538146723,62895.56,62905.56,1785538147356,62964.75,62964.7,62964.8,0.63059273,2.52284552,0.76438707,3.1874675100000003,340.8
2026-07-31T22:49:11.407+00:00,1785538148811,62899.15,62909.15,1785538149706,62964.75,62964.7,62964.8,0.64961256,2.52268671,0.7834068999999999,3.1873087,340.8
2026-07-31T22:49:13.754+00:00,1785538151423,62899.2,62909.2,1785538152056,62964.75,62964.7,62964.8,0.64038839,2.52233414,0.7741827299999999,3.18695613,340.3
2026-07-31T22:49:16.125+00:00,1785538153593,62896.79,62906.79,1785538154406,62964.75,62964.7,62964.8,0.08104273,2.89590814,0.11904802,3.39422364,361.7
2026-07-31T22:49:18.465+00:00,1785538155989,62888.11,62898.11,1785538156756,62962.95,62962.9,62963.0,0.035181,4.78194733,0.42730464,5.784979310000001,339.1
2026-07-31T22:49:20.798+00:00,1785538158301,62889.76,62899.76,1785538159106,62957.25,62957.2,62957.3,0.7643249,2.37527168,0.98418896,3.2088746099999996,331.5
2026-07-31T22:49:23.165+00:00,1785538160616,62889.38,62899.38,1785538161456,62957.25,62957.2,62957.3,0.99441698,2.42106332,1.21428104,3.2546662499999996,352.0
2026-07-31T22:49:25.511+00:00,1785538162713,62889.13,62899.13,1785538163806,62957.25,62957.2,62957.3,1.53389925,2.42025572,1.76596805,3.09025865,344.2
2026-07-31T22:49:27.860+00:00,1785538165357,62884.59,62894.59,1785538166156,62957.25,62957.2,62957.3,0.96163939,2.45239587,0.9651583200000001,3.1223988,347.0
2026-07-31T22:49:30.220+00:00,1785538167489,62888.61,62898.61,1785538168506,62957.25,62957.2,62957.3,0.92924695,2.45239587,1.16513982,3.1223988,357.4
2026-07-31T22:49:32.565+00:00,1785538170811,62887.4,62897.4,1785538170856,62957.25,62957.2,62957.3,1.28274673,2.45239587,1.3546397099999998,3.1223988,343.3
2026-07-31T22:49:34.911+00:00,1785538173071,62887.89,62897.89,1785538173206,62957.25,62957.2,62957.3,1.21603691,2.45247399,1.2879298899999998,3.12247692,343.6
2026-07-31T22:49:37.251+00:00,1785538174703,62890.0,62900.0,1785538175556,62957.25,62957.2,62957.3,1.36331863,2.45352119,1.4352116099999999,3.12352412,335.5
2026-07-31T22:49:39.616+00:00,1785538176879,62890.07,62900.07,1785538177906,62957.25,62957.2,62957.3,0.93949337,2.45514941,1.01138635,3.12515234,349.6
2026-07-31T22:49:41.964+00:00,1785538180020,62894.46,62904.46,1785538180256,62957.25,62957.2,62957.3,1.39992691,2.45424941,1.47181989,3.12425234,337.6
2026-07-31T22:49:44.354+00:00,1785538182429,62894.58,62904.58,1785538182656,62957.25,62957.2,62957.3,1.0829779,2.45424941,1.0864968299999997,3.12425234,387.2
2026-07-31T22:49:46.723+00:00,1785538184557,62894.72,62904.72,1785538185006,62957.25,62957.2,62957.3,1.21832048,2.45424941,1.2218394099999998,3.12425234,357.7
2026-07-31T22:49:49.065+00:00,1785538186628,62894.8,62904.8,1785538187356,62957.25,62957.2,62957.3,1.50905344,2.45127941,1.57702737,3.12469111,340.6
2026-07-31T22:49:51.411+00:00,1785538188719,62894.86,62904.86,1785538189706,62957.25,62957.2,62957.3,1.89468619,1.95678112,2.14447741,2.36984705,343.2
2026-07-31T22:49:53.764+00:00,1785538191560,62865.04,62875.04,1785538192056,62937.75,62937.7,62937.8,1.08409211,2.24646822,1.5952925400000002,2.57663684,348.5
2026-07-31T22:49:56.104+00:00,1785538193620,62866.93,62876.93,1785538194406,62937.75,62937.7,62937.8,1.32055043,2.24693727,2.2648460000000004,2.28035558,338.1
2026-07-31T22:49:58.470+00:00,1785538196689,62871.34,62881.34,1785538196756,62937.75,62937.7,62937.8,0.60055043,2.25488997,1.7151533399999999,2.3927568299999997,355.7
2026-07-31T22:50:00.815+00:00,1785538197710,62871.35,62881.35,1785538199106,62937.75,62937.7,62937.8,0.99423459,2.14117766,1.38694213,2.17459595,343.0
2026-07-31T22:50:03.163+00:00,1785538200760,62871.36,62881.36,1785538201456,62937.75,62937.7,62937.8,1.77168567,1.46789834,2.0156444700000002,1.79684582,344.6
2026-07-31T22:50:05.507+00:00,1785538202802,62871.41,62881.41,1785538203806,62937.75,62937.7,62937.8,1.35168567,1.4678189,1.6450474500000003,1.7889044299999999,339.5
2026-07-31T22:50:07.864+00:00,1785538206107,62867.34,62877.34,1785538206156,62937.75,62937.7,62937.8,0.59871883,2.22933643,1.10397107,2.5653334600000006,346.7
2026-07-31T22:50:10.215+00:00,1785538207229,62863.45,62873.45,1785538208506,62937.75,62937.7,62937.8,0.59871883,2.12917755,0.99439016,2.4651745800000007,348.6
2026-07-31T22:50:12.571+00:00,1785538210330,62863.47,62873.47,1785538210856,62937.75,62937.7,62937.8,1.31407221,1.42941315,1.76459609,1.82908483,351.6
2026-07-31T22:50:14.912+00:00,1785538212660,62865.66,62875.66,1785538213206,62937.75,62937.7,62937.8,1.44124619,1.47505382,1.85030552,1.79590772,338.9
2026-07-31T22:50:17.264+00:00,1785538214689,62866.07,62876.07,1785538215556,62937.75,62937.7,62937.8,1.40845107,1.47403118,1.83435248,1.7951682100000002,349.6
2026-07-31T22:50:19.613+00:00,1785538217470,62879.03,62889.03,1785538217906,62939.55,62939.5,62939.6,3.52427476,0.70482508,3.96628369,1.0220803299999999,346.5
2026-07-31T22:50:21.966+00:00,1785538219568,62879.03,62889.03,1785538220256,62939.55,62939.5,62939.6,3.52427476,0.70442788,3.96628369,1.0132846799999997,345.1
2026-07-31T22:50:24.314+00:00,1785538221614,62878.68,62888.68,1785538222606,62939.55,62939.5,62939.6,3.52427476,0.70442788,3.96628369,1.0574969299999997,345.2
2026-07-31T22:50:26.664+00:00,1785538224603,62866.52,62876.52,1785538224956,62939.55,62939.5,62939.6,0.08671639,3.11440382,0.08876615,3.60433044,346.6
2026-07-31T22:50:29.021+00:00,1785538226658,62872.5,62882.5,1785538227306,62936.45,62936.4,62936.5,0.76591147,3.59399925,1.0157885100000001,4.03546766,355.3
2026-07-31T22:50:31.356+00:00,1785538228704,62872.45,62882.45,1785538229656,62936.45,62936.4,62936.5,0.88389432,3.59398654,1.13377136,4.03545494,333.4
2026-07-31T22:50:33.722+00:00,1785538231799,62869.87,62879.87,1785538232006,62936.45,62936.4,62936.5,1.38036792,3.59398654,1.63024496,4.03545494,351.2
2026-07-31T22:50:36.063+00:00,1785538234030,62865.79,62875.79,1785538234356,62936.45,62936.4,62936.5,1.34308502,3.59398654,1.5929620599999998,4.03545494,339.8
2026-07-31T22:50:38.417+00:00,1785538236599,62864.3,62874.3,1785538236706,62936.45,62936.4,62936.5,0.71846792,3.43635466,0.8714969200000001,3.87782306,352.8
2026-07-31T22:50:40.763+00:00,1785538238669,62868.33,62878.33,1785538239056,62936.45,62936.4,62936.5,0.71236792,3.44334997,1.2220994100000002,3.8848182599999994,345.1
2026-07-31T22:50:43.117+00:00,1785538240869,62872.25,62882.25,1785538241406,62936.45,62936.4,62936.5,0.71236792,3.44327051,1.22402033,3.88473881,352.4
2026-07-31T22:50:45.516+00:00,1785538242750,62868.82,62878.82,1785538243806,62936.45,62936.4,62936.5,0.65826792,3.45104326,1.16992033,4.361154559999999,398.2
2026-07-31T22:50:47.868+00:00,1785538245821,62864.38,62874.38,1785538246156,62936.45,62936.4,62936.5,2.18018607,0.79949567,2.62899893,1.00632112,349.3
2026-07-31T22:50:50.217+00:00,1785538247949,62865.69,62875.69,1785538248506,62936.45,62936.4,62936.5,2.21002518,0.80048769,2.5793285,1.00677767,346.5
2026-07-31T22:50:52.568+00:00,1785538250261,62870.94,62880.94,1785538250856,62936.45,62936.4,62936.5,2.18478806,0.57090511,2.6370569499999994,0.77745668,347.6
2026-07-31T22:50:54.920+00:00,1785538252490,62869.86,62879.86,1785538253206,62937.149999999994,62937.1,62937.2,2.71893842,1.65045131,2.8927693400000005,2.35411983,348.9
2026-07-31T22:50:57.266+00:00,1785538254629,62870.92,62880.92,1785538255556,62937.149999999994,62937.1,62937.2,0.74847308,2.26534049,1.0401357100000002,2.6283562999999996,343.4
2026-07-31T22:50:59.614+00:00,1785538257719,62872.3,62882.3,1785538257906,62937.149999999994,62937.1,62937.2,0.93226297,2.26534049,1.2239256,2.6283562999999996,346.3
2026-07-31T22:51:02.018+00:00,1785538259749,62872.62,62882.62,1785538260306,62937.149999999994,62937.1,62937.2,1.11176007,2.26534049,1.4034227000000001,2.6283562999999996,394.1
2026-07-31T22:51:04.368+00:00,1785538261930,62872.17,62882.17,1785538262656,62937.149999999994,62937.1,62937.2,1.79004555,2.26232049,2.0817081799999997,2.4340915799999996,348.9
2026-07-31T22:51:06.719+00:00,1785538264688,62874.7,62884.7,1785538265006,62937.149999999994,62937.1,62937.2,2.3648734,0.71601214,2.68897923,0.76340324,349.8
2026-07-31T22:51:09.068+00:00,1785538266739,62876.74,62886.74,1785538267356,62937.350000000006,62937.3,62937.4,4.41461326,0.11758224,4.9927161,0.17135528999999997,347.6
2026-07-31T22:51:11.417+00:00,1785538268750,62878.23,62888.23,1785538269706,62937.350000000006,62937.3,62937.4,3.48613326,0.55863576,3.8615089700000005,0.61240653,347.5
2026-07-31T22:51:13.765+00:00,1785538271830,62873.76,62883.76,1785538272056,62937.350000000006,62937.3,62937.4,2.62074478,1.11953957,2.9176183900000003,1.1805797599999999,345.9
2026-07-31T22:51:16.158+00:00,1785538273880,62875.85,62885.85,1785538274456,62937.350000000006,62937.3,62937.4,2.05004557,1.74678088,2.4045850300000002,1.80782085,390.0
2026-07-31T22:51:18.569+00:00,1785538276010,62874.88,62884.88,1785538276856,62937.350000000006,62937.3,62937.4,1.83251405,1.86865709,2.17709361,1.88456871,390.7
2026-07-31T22:51:20.918+00:00,1785538278860,62869.79,62879.79,1785538279206,62937.350000000006,62937.3,62937.4,0.56721743,2.48179943,0.7555133500000002,2.60508411,346.3
2026-07-31T22:51:23.267+00:00,1785538280980,62869.56,62879.56,1785538281556,62937.350000000006,62937.3,62937.4,0.56414643,2.4817284,0.75324132,2.61164117,347.2
2026-07-31T22:51:25.614+00:00,1785538283108,62858.5,62868.5,1785538283906,62934.05,62934.0,62934.1,0.0313267,5.03161551,0.03324439999999999,5.45515191,345.3
2026-07-31T22:51:27.970+00:00,1785538285869,62859.56,62869.56,1785538286256,62925.05,62925.0,62925.1,0.83109031,1.75440955,1.09194095,2.5837240100000005,349.0
2026-07-31T22:51:30.364+00:00,1785538287571,62856.72,62866.72,1785538288656,62925.05,62925.0,62925.1,0.59607359,3.16069096,1.03948185,3.48801638,385.9
2026-07-31T22:51:32.728+00:00,1785538290707,62857.79,62867.79,1785538291006,62925.05,62925.0,62925.1,0.6187544,2.85086183,0.82192122,3.17818715,361.1
2026-07-31T22:51:35.121+00:00,1785538292861,62854.79,62864.79,1785538293406,62925.05,62925.0,62925.1,0.6187544,2.29044865,0.82192122,2.61777398,390.3
2026-07-31T22:51:37.466+00:00,1785538295570,62854.12,62864.12,1785538295756,62925.05,62925.0,62925.1,0.6187544,2.99044865,0.82192122,3.3177739799999997,341.3
2026-07-31T22:51:39.818+00:00,1785538297514,62856.95,62866.95,1785538298106,62920.75,62920.7,62920.8,0.6520771,3.65450908,0.7419906199999999,4.507166999999999,348.9
2026-07-31T22:51:42.168+00:00,1785538300230,62847.77,62857.77,1785538300456,62920.75,62920.7,62920.8,0.7415163,3.60888804,0.83142982,4.041241149999999,346.2
2026-07-31T22:51:44.516+00:00,1785538302435,62847.34,62857.34,1785538302806,62920.75,62920.7,62920.8,1.39531824,3.08403493,1.55388347,3.4760912599999996,346.1
2026-07-31T22:51:46.871+00:00,1785538304571,62851.82,62861.82,1785538305156,62920.75,62920.7,62920.8,1.39531824,3.04509521,1.55388347,3.4451062599999993,352.9
2026-07-31T22:51:49.220+00:00,1785538306610,62852.86,62862.86,1785538307506,62920.75,62920.7,62920.8,1.39531824,3.04509521,1.55388347,3.4371515399999995,346.9
2026-07-31T22:51:51.567+00:00,1785538309659,62853.28,62863.28,1785538309856,62920.75,62920.7,62920.8,0.80400473,3.04989521,0.92037598,3.2110001099999996,340.5
2026-07-31T22:51:53.916+00:00,1785538311780,62852.6,62862.6,1785538312206,62920.75,62920.7,62920.8,0.69410353,3.04957736,0.78401705,3.2106822599999996,346.0
2026-07-31T22:51:56.264+00:00,1785538313839,62849.83,62859.83,1785538314556,62920.75,62920.7,62920.8,0.690766,3.04284806,0.78067952,3.1166139699999995,346.5
2026-07-31T22:51:58.623+00:00,1785538316605,62853.76,62863.76,1785538316906,62920.75,62920.7,62920.8,1.0617511,3.03804806,1.22914322,3.119691859999999,352.1
2026-07-31T22:52:00.976+00:00,1785538318704,62855.43,62865.43,1785538319256,62920.75,62920.7,62920.8,1.0458499,3.03804806,1.2132420200000003,3.119691859999999,350.0
2026-07-31T22:52:03.315+00:00,1785538320772,62863.29,62873.29,1785538321606,62922.649999999994,62922.6,62922.7,4.01002769,1.05563324,4.4424415,1.36885192,336.5
2026-07-31T22:52:05.677+00:00,1785538322830,62863.55,62873.55,1785538323956,62922.649999999994,62922.6,62922.7,3.69375769,1.60569483,4.0766917,1.80553416,355.6
2026-07-31T22:52:08.014+00:00,1785538326227,62861.37,62871.37,1785538326306,62922.649999999994,62922.6,62922.7,3.67785692,1.60577467,4.06079093,1.805614,335.4
2026-07-31T22:52:10.368+00:00,1785538328271,62861.62,62871.62,1785538328656,62922.649999999994,62922.6,62922.7,3.59835307,1.6057603,3.98128708,1.88202368,351.0
2026-07-31T22:52:12.724+00:00,1785538330491,62859.67,62869.67,1785538331006,62922.649999999994,62922.6,62922.7,3.29197692,1.6057603,3.6749109300000002,1.88202368,354.3
2026-07-31T22:52:15.064+00:00,1785538332570,62861.9,62871.9,1785538333356,62922.649999999994,62922.6,62922.7,3.2999312,1.57883362,3.71650771,1.855097,336.3
2026-07-31T22:52:17.422+00:00,1785538334642,62862.13,62872.13,1785538335706,62922.649999999994,62922.6,62922.7,3.29914867,1.57979064,3.71572518,1.85605402,355.0
2026-07-31T22:52:19.767+00:00,1785538337731,62862.63,62872.63,1785538338056,62922.649999999994,62922.6,62922.7,3.28010697,1.02818123,3.69668348,1.30444461,341.9
2026-07-31T22:52:22.122+00:00,1785538339900,62862.46,62872.46,1785538340406,62922.649999999994,62922.6,62922.7,3.28010697,1.57820139,3.69668348,1.85446477,353.7
2026-07-31T22:52:34.132+00:00,1785538351519,62857.53,62867.53,1785538342756,62922.649999999994,62922.6,62922.7,3.28010697,1.57820139,3.69668348,1.85446477,10008.5
2026-07-31T22:52:46.657+00:00,1785538364640,62869.34,62879.34,1785538364956,62929.75,62929.7,62929.8,3.88467844,1.28771216,4.4862369,1.6828381100000003,347.9
2026-07-31T22:52:49.023+00:00,1785538366750,62862.54,62872.54,1785538367306,62929.75,62929.7,62929.8,3.94479867,1.05681216,4.54635713,1.21308948,353.5
2026-07-31T22:53:12.218+00:00,1785538390052,62865.6,62875.6,1785538390506,62929.75,62929.7,62929.8,1.73035784,1.79071055,2.06762816,1.94598168,320.0
2026-07-31T22:53:19.731+00:00,1785538397529,62866.01,62876.01,1785538398006,62929.75,62929.7,62929.8,1.34386014,1.4094393,1.69808584,1.4119922100000002,368.0
2026-07-31T22:53:22.074+00:00,1785538397529,62866.01,62876.01,1785538400356,62929.75,62929.7,62929.8,1.50071218,1.4094393,1.85493788,1.4119094800000003,340.8
2026-07-31T22:53:24.421+00:00,1785538397529,62866.01,62876.01,1785538402706,62929.75,62929.7,62929.8,1.57095496,1.7890886,1.9251806599999999,1.79157579,346.2
2026-07-31T22:53:26.782+00:00,1785538397529,62866.01,62876.01,1785538405056,62929.75,62929.7,62929.8,1.51950619,1.79011589,1.87373189,1.7998625000000004,358.8
2026-07-31T22:53:29.170+00:00,1785538407329,62866.36,62876.36,1785538407456,62929.75,62929.7,62929.8,1.22495527,1.79011589,1.57918097,1.7999258700000003,385.5
2026-07-31T22:53:31.521+00:00,1785538409389,62868.59,62878.59,1785538409806,62929.75,62929.7,62929.8,1.24930201,1.78597477,1.60352771,1.7958170800000002,349.8
2026-07-31T22:53:33.861+00:00,1785538411508,62868.64,62878.64,1785538412156,62929.75,62929.7,62929.8,1.22868097,1.81430196,1.56923133,1.8240406800000002,337.1
2026-07-31T22:53:36.219+00:00,1785538413707,62865.24,62875.24,1785538414506,62929.75,62929.7,62929.8,1.38937559,1.80630196,1.72992595,1.8081981700000003,343.4
2026-07-31T22:53:38.623+00:00,1785538416860,62865.81,62875.81,1785538416906,62929.75,62929.7,62929.8,1.39495023,1.44718241,1.73550059,1.44907862,402.8
2026-07-31T22:53:40.972+00:00,1785538418921,62865.37,62875.37,1785538419256,62929.75,62929.7,62929.8,1.37905141,1.81518241,1.68418546,1.82488909,346.9
2026-07-31T22:53:43.324+00:00,1785538421049,62864.68,62874.68,1785538421606,62929.75,62929.7,62929.8,0.59717818,2.02377352,1.61198487,2.03177407,350.1
2026-07-31T22:53:45.670+00:00,1785538423490,62865.91,62875.91,1785538423956,62929.75,62929.7,62929.8,0.58412566,2.02377352,1.3202620600000001,2.03177415,344.1
2026-07-31T22:53:48.024+00:00,1785538426094,62853.17,62863.17,1785538426306,62920.25,62920.2,62920.3,0.67800416,2.81102288,0.76699073,3.6557616299999998,352.5
2026-07-31T22:53:50.373+00:00,1785538428593,62852.14,62862.14,1785538428656,62920.25,62920.2,62920.3,0.71263616,3.43029339,0.80162273,4.27503214,347.7
2026-07-31T22:53:52.727+00:00,1785538430803,62850.86,62860.86,1785538431006,62920.25,62920.2,62920.3,0.70975116,3.40877339,0.79873773,4.25351214,353.4
2026-07-31T22:53:55.073+00:00,1785538433225,62853.31,62863.31,1785538433356,62920.25,62920.2,62920.3,0.75702016,3.14517339,0.84600673,3.44174627,343.8
2026-07-31T22:53:57.424+00:00,1785538433225,62853.31,62863.31,1785538435706,62920.25,62920.2,62920.3,0.75797816,3.14517339,0.8469647299999999,3.44174627,349.3
2026-07-31T22:53:59.775+00:00,1785538437605,62852.9,62862.9,1785538438056,62920.25,62920.2,62920.3,1.26550669,2.11710507,1.4203272900000001,2.3864859800000002,349.3
2026-07-31T22:54:02.120+00:00,1785538439699,62851.15,62861.15,1785538440406,62920.25,62920.2,62920.3,1.72984029,0.39959751,2.04229239,0.66808976,342.8
2026-07-31T22:54:04.470+00:00,1785538442107,62863.52,62873.52,1785538442756,62925.25,62925.2,62925.3,2.04216197,1.58109108,2.9904498499999996,1.76734462,344.6
2026-07-31T22:54:06.815+00:00,1785538444279,62862.69,62872.69,1785538445106,62925.25,62925.2,62925.3,0.60195048,1.73995111,0.97087254,1.87415894,340.1
2026-07-31T22:54:09.183+00:00,1785538446390,62858.77,62868.77,1785538447456,62925.25,62925.2,62925.3,0.56679824,2.10288094,1.01556604,2.3833300099999994,358.1
2026-07-31T22:54:11.524+00:00,1785538448630,62864.32,62874.32,1785538449806,62925.25,62925.2,62925.3,0.5588967,2.10288094,1.0076645,2.3833300099999994,339.1
2026-07-31T22:54:13.871+00:00,1785538451953,62863.15,62873.15,1785538452156,62925.25,62925.2,62925.3,1.05230781,1.93132666,1.5042946500000003,2.0734109999999997,346.2
2026-07-31T22:54:16.227+00:00,1785538453407,62853.36,62863.36,1785538454506,62921.45,62921.4,62921.5,0.55967709,2.99098217,0.67512615,3.49080408,354.1
2026-07-31T22:54:18.623+00:00,1785538456856,62850.93,62860.93,1785538456906,62916.25,62916.2,62916.3,0.67225591,1.78081768,0.9719049699999999,2.4664227599999995,389.9
2026-07-31T22:54:20.970+00:00,1785538458962,62848.79,62858.79,1785538459256,62916.25,62916.2,62916.3,1.4237807,1.51126485,1.5950133400000002,1.6992199600000002,344.8
2026-07-31T22:54:23.314+00:00,1785538461044,62852.5,62862.5,1785538461606,62916.25,62916.2,62916.3,1.16475673,2.22594033,1.3635945200000001,2.4334264,339.5
2026-07-31T22:54:25.673+00:00,1785538463207,62850.18,62860.18,1785538463956,62916.25,62916.2,62916.3,1.16475673,2.28594033,1.3969099000000003,2.4934264,348.3
2026-07-31T22:54:28.018+00:00,1785538465461,62852.57,62862.57,1785538466306,62916.25,62916.2,62916.3,1.32732922,2.1869091,1.5594823900000003,2.39439517,341.6
2026-07-31T22:54:30.373+00:00,1785538468517,62852.59,62862.59,1785538468656,62916.25,62916.2,62916.3,1.32732922,2.1269091,1.5594823900000003,2.3343951700000005,348.6
2026-07-31T22:54:32.729+00:00,1785538470633,62852.58,62862.58,1785538471006,62916.25,62916.2,62916.3,0.84717814,2.24665321,0.8580290399999999,2.6885184200000003,353.6
2026-07-31T22:54:35.073+00:00,1785538472723,62852.59,62862.59,1785538473356,62916.25,62916.2,62916.3,0.84717814,2.12561692,0.8580290399999999,2.5313437400000005,342.5
2026-07-31T22:54:37.426+00:00,1785538474772,62852.63,62862.63,1785538475706,62916.25,62916.2,62916.3,0.61621651,2.24661747,0.6270674099999999,2.6523442900000003,350.0
2026-07-31T22:54:39.774+00:00,1785538477899,62852.67,62862.67,1785538478056,62916.25,62916.2,62916.3,0.84623657,2.24751747,0.8570874699999999,2.6532442900000004,346.0
2026-07-31T22:54:42.123+00:00,1785538480180,62852.1,62862.1,1785538480406,62916.25,62916.2,62916.3,0.61621651,2.24668747,0.6270674099999999,2.96959764,347.6
2026-07-31T22:54:44.476+00:00,1785538482228,62852.12,62862.12,1785538482756,62916.25,62916.2,62916.3,0.61621651,2.24668747,0.8393853099999999,2.96959764,350.2
2026-07-31T22:54:46.868+00:00,1785538484516,62852.16,62862.16,1785538485156,62916.25,62916.2,62916.3,0.61590341,2.24663343,1.3065322099999999,2.9695436,389.5
2026-07-31T22:54:49.220+00:00,1785538487077,62867.4,62877.4,1785538487506,62929.05,62929.0,62929.1,2.53581066,1.83183923,2.8947925299999997,2.13519011,344.0
2026-07-31T22:54:51.573+00:00,1785538489654,62875.43,62885.43,1785538489856,62937.149999999994,62937.1,62937.2,2.41962035,1.08655885,3.10378395,1.19985454,347.6
2026-07-31T22:54:53.925+00:00,1785538491749,62870.82,62880.82,1785538492206,62937.149999999994,62937.1,62937.2,2.70117369,0.43149717,3.38533729,0.71486333,343.4
2026-07-31T22:54:56.274+00:00,1785538493871,62867.52,62877.52,1785538494556,62937.149999999994,62937.1,62937.2,3.12046625,0.00804593,3.80462985,0.29141209,348.2
2026-07-31T22:54:58.610+00:00,1785538496053,62870.81,62880.81,1785538496906,62937.149999999994,62937.1,62937.2,0.79717702,1.33961296,1.03992106,1.51960743,334.0
2026-07-31T22:55:00.976+00:00,1785538498290,62869.07,62879.07,1785538499256,62937.149999999994,62937.1,62937.2,1.99167714,1.11601296,2.2423734699999995,1.3566451000000002,350.1
2026-07-31T22:55:03.330+00:00,1785538501452,62872.89,62882.89,1785538501606,62937.149999999994,62937.1,62937.2,1.0550835,1.12103508,1.29782754,1.3851983800000003,351.7
2026-07-31T22:55:05.674+00:00,1785538502900,62865.95,62875.95,1785538503956,62937.149999999994,62937.1,62937.2,0.60550504,1.8152201,1.8585822500000002,2.05192647,343.1
2026-07-31T22:55:08.024+00:00,1785538506030,62866.08,62876.08,1785538506306,62937.149999999994,62937.1,62937.2,0.5606018,1.8146101,1.7401988800000001,2.05131647,348.2
2026-07-31T22:55:10.380+00:00,1785538508110,62868.42,62878.42,1785538508656,62937.149999999994,62937.1,62937.2,0.5597018,1.8146101,1.85532184,2.05131647,354.1
2026-07-31T22:55:12.728+00:00,1785538510240,62868.43,62878.43,1785538511006,62937.149999999994,62937.1,62937.2,0.68119842,1.65109384,1.28262818,1.8878002099999998,343.8
2026-07-31T22:55:15.075+00:00,1785538512530,62863.04,62873.04,1785538513356,62937.149999999994,62937.1,62937.2,0.56029842,1.79829973,1.32721039,2.0350061,342.0
2026-07-31T22:55:17.474+00:00,1785538514783,62864.33,62874.33,1785538515756,62934.55,62934.5,62934.6,0.6110543,2.68801623,0.8043321900000001,2.8408887199999997,397.2
2026-07-31T22:55:19.829+00:00,1785538518031,62863.82,62873.82,1785538518106,62934.55,62934.5,62934.6,0.6285503,2.68801623,0.9407488,2.8408887199999997,351.7
2026-07-31T22:55:22.177+00:00,1785538520218,62865.17,62875.17,1785538520456,62934.55,62934.5,62934.6,0.6607323,2.71728384,0.9729308,2.8701563299999995,346.0
2026-07-31T22:55:24.528+00:00,1785538522313,62867.03,62877.03,1785538522806,62934.55,62934.5,62934.6,0.71973122,2.10446229,1.21592315,2.28508036,346.8
2026-07-31T22:55:26.930+00:00,1785538525083,62868.04,62878.04,1785538525206,62934.55,62934.5,62934.6,1.2975503,2.10446229,1.84204934,2.2547641499999997,399.7
2026-07-31T22:55:29.277+00:00,1785538527375,62871.67,62881.67,1785538527556,62934.55,62934.5,62934.6,1.36344295,2.10446229,1.90794199,2.2547641499999997,345.5
2026-07-31T22:55:31.636+00:00,1785538529490,62871.57,62881.57,1785538529906,62934.55,62934.5,62934.6,1.18458149,1.8495388,1.6183449500000002,1.99984066,357.5
2026-07-31T22:55:34.128+00:00,1785538531580,62872.63,62882.63,1785538532406,62934.55,62934.5,62934.6,1.48934068,1.8495388,1.9231041400000002,1.99984066,465.0
2026-07-31T22:55:36.477+00:00,1785538533720,62872.72,62882.72,1785538534756,62934.55,62934.5,62934.6,1.02954384,1.8495388,1.4633073000000003,2.02994813,346.1
2026-07-31T22:55:38.824+00:00,1785538536390,62870.87,62880.87,1785538537106,62934.55,62934.5,62934.6,1.17724611,1.85049925,1.3769168,1.9507470400000002,345.5
2026-07-31T22:55:41.174+00:00,1785538538581,62871.49,62881.49,1785538539456,62934.55,62934.5,62934.6,1.02954384,1.85049925,1.2524973700000004,1.9507470400000002,346.3
2026-07-31T22:55:43.525+00:00,1785538541476,62870.37,62880.37,1785538541806,62934.55,62934.5,62934.6,0.94546346,1.85049925,1.2840303400000002,1.9649353200000002,349.5
2026-07-31T22:55:45.874+00:00,1785538543704,62869.81,62879.81,1785538544156,62934.55,62934.5,62934.6,0.84215746,2.07394036,1.1316466699999999,2.2697028699999997,346.8
2026-07-31T22:55:48.226+00:00,1785538545869,62869.46,62879.46,1785538546506,62934.55,62934.5,62934.6,0.90863346,1.91134083,1.19812267,2.10710334,349.8
2026-07-31T22:55:50.576+00:00,1785538548070,62872.26,62882.26,1785538548856,62934.55,62934.5,62934.6,0.90958146,1.89269291,1.1990706699999998,2.0884554200000003,340.1
2026-07-31T22:55:52.976+00:00,1785538551190,62872.9,62882.9,1785538551256,62934.55,62934.5,62934.6,0.94875746,1.89179291,1.18522257,2.117432,398.0
2026-07-31T22:55:55.323+00:00,1785538553439,62872.93,62882.93,1785538553606,62934.55,62934.5,62934.6,2.01780664,1.56942588,2.21304965,1.8092532500000003,345.2
2026-07-31T22:55:57.674+00:00,1785538555729,62872.96,62882.96,1785538555956,62934.55,62934.5,62934.6,2.01780664,1.56942588,2.21304965,1.8092532500000003,348.3
2026-07-31T22:56:00.023+00:00,1785538557829,62872.99,62882.99,1785538558306,62934.55,62934.5,62934.6,2.01780664,1.56942588,2.21304965,1.8092532500000003,338.2
2026-07-31T22:56:02.375+00:00,1785538559910,62871.94,62881.94,1785538560656,62934.55,62934.5,62934.6,0.84179153,2.09722588,0.9816330099999999,2.3265693599999997,343.2
2026-07-31T22:56:04.738+00:00,1785538562209,62872.01,62882.01,1785538563006,62934.55,62934.5,62934.6,0.79355522,2.15999914,0.98879823,2.33962367,361.1
2026-07-31T22:56:07.074+00:00,1785538564479,62869.99,62879.99,1785538565356,62934.55,62934.5,62934.6,0.79355522,2.15999914,0.98879823,2.33962367,333.7
2026-07-31T22:56:09.428+00:00,1785538567609,62872.37,62882.37,1785538567706,62934.55,62934.5,62934.6,0.88175941,2.15365287,1.0747422100000001,2.2776223200000003,352.0
2026-07-31T22:56:11.777+00:00,1785538569660,62872.91,62882.91,1785538570056,62929.75,62929.7,62929.8,0.96909631,2.18556574,1.42777387,2.29241628,347.0
2026-07-31T22:56:14.127+00:00,1785538572122,62868.82,62878.82,1785538572406,62929.75,62929.7,62929.8,0.9690291,2.18556574,1.4277066600000001,2.29241628,348.5
2026-07-31T22:56:16.525+00:00,1785538574701,62867.33,62877.33,1785538574806,62929.75,62929.7,62929.8,0.9674171,2.19376574,1.4260946600000002,2.33058956,396.9
2026-07-31T22:56:18.933+00:00,1785538576820,62863.97,62873.97,1785538577206,62929.75,62929.7,62929.8,0.96803684,2.19476625,1.4267144,2.3016167899999997,404.6
2026-07-31T22:56:21.276+00:00,1785538578964,62862.17,62872.17,1785538579556,62929.75,62929.7,62929.8,1.90414684,0.44900912,2.3628244,0.9025620000000001,341.0
2026-07-31T22:56:23.628+00:00,1785538581015,62860.63,62870.63,1785538581906,62929.75,62929.7,62929.8,1.90414684,0.35272871,2.3628244,0.78381389,349.8
2026-07-31T22:56:25.980+00:00,1785538584215,62864.69,62874.69,1785538584256,62934.55,62934.5,62934.6,4.25750001,0.39743681,4.735371239999999,0.57451092,350.9
2026-07-31T22:56:28.378+00:00,1785538586285,62868.82,62878.82,1785538586656,62934.55,62934.5,62934.6,4.21168607,0.39069142,4.9067547,0.57166599,396.6
2026-07-31T22:56:30.726+00:00,1785538588383,62867.62,62877.62,1785538589006,62934.55,62934.5,62934.6,3.512987,0.42959142,4.20896796,0.61056599,345.8
2026-07-31T22:56:33.070+00:00,1785538590480,62867.01,62877.01,1785538591356,62934.55,62934.5,62934.6,3.512987,0.42959142,4.20896796,0.66619315,336.2
2026-07-31T22:56:35.428+00:00,1785538593565,62865.13,62875.13,1785538593706,62934.55,62934.5,62934.6,3.512987,0.42953581,4.20896796,0.66613754,347.6
2026-07-31T22:56:37.779+00:00,1785538595647,62866.79,62876.79,1785538596056,62934.55,62934.5,62934.6,3.512987,0.42953581,4.20896796,0.66613754,349.6
2026-07-31T22:56:40.128+00:00,1785538597723,62867.13,62877.13,1785538598406,62934.55,62934.5,62934.6,3.504987,0.42953581,4.20096796,0.66613754,347.6
2026-07-31T22:56:42.477+00:00,1785538599852,62868.37,62878.37,1785538600756,62934.55,62934.5,62934.6,3.504987,0.39054387,4.174039329999999,0.6271456,346.7
2026-07-31T22:56:44.817+00:00,1785538602962,62869.93,62879.93,1785538603106,62934.55,62934.5,62934.6,1.04243054,1.41817396,1.2800281599999999,1.7790576000000002,338.3
2026-07-31T22:56:47.176+00:00,1785538605091,62871.81,62881.81,1785538605456,62934.55,62934.5,62934.6,1.24493054,1.25298373,1.54218254,1.4881712100000002,345.8
2026-07-31T22:56:49.527+00:00,1785538607181,62873.35,62883.35,1785538607806,62934.55,62934.5,62934.6,1.47304664,1.23086763,1.75394779,1.4337764700000002,349.1
2026-07-31T22:56:51.880+00:00,1785538609368,62872.57,62882.57,1785538610156,62934.55,62934.5,62934.6,1.44104664,1.23086763,1.72194779,1.4726103800000003,349.1
2026-07-31T22:56:54.229+00:00,1785538611389,62869.63,62879.63,1785538612506,62934.55,62934.5,62934.6,1.88104664,1.17676763,2.16194779,1.4488549400000001,348.3
2026-07-31T22:56:56.575+00:00,1785538613850,62868.01,62878.01,1785538614856,62934.55,62934.5,62934.6,2.18104664,1.17676763,2.46194779,1.4488549400000001,345.1
2026-07-31T22:56:58.928+00:00,1785538617110,62870.32,62880.32,1785538617206,62934.55,62934.5,62934.6,1.33427933,1.17676763,1.61518048,1.4423483100000003,350.7
2026-07-31T22:57:01.269+00:00,1785538619212,62871.27,62881.27,1785538619556,62934.55,62934.5,62934.6,1.79427933,1.17676763,2.09153133,1.3947775900000001,338.3
2026-07-31T22:57:03.626+00:00,1785538621279,62871.32,62881.32,1785538621906,62934.55,62934.5,62934.6,1.39427933,1.17607347,1.69153133,1.39408343,344.2
2026-07-31T22:57:05.972+00:00,1785538623479,62870.08,62880.08,1785538624256,62934.55,62934.5,62934.6,1.39427933,1.17607347,1.69153133,1.4398814199999999,340.8
2026-07-31T22:57:08.316+00:00,1785538625559,62866.42,62876.42,1785538626606,62934.55,62934.5,62934.6,1.78627933,1.17607347,2.08353133,1.4398814199999999,338.9
2026-07-31T22:57:10.677+00:00,1785538628730,62869.22,62879.22,1785538628956,62934.55,62934.5,62934.6,1.94619219,1.17528281,2.2434441900000004,1.4390907599999998,346.4
2026-07-31T22:57:13.017+00:00,1785538629750,62869.08,62879.08,1785538631306,62934.55,62934.5,62934.6,1.71419219,1.17528281,2.0114441899999997,1.4390907599999998,338.7
2026-07-31T22:57:15.377+00:00,1785538632889,62870.55,62880.55,1785538633656,62934.55,62934.5,62934.6,1.42619219,1.17420301,1.7234441900000002,1.43801096,345.9
2026-07-31T22:57:17.738+00:00,1785538635120,62871.61,62881.61,1785538636006,62934.55,62934.5,62934.6,1.72605972,1.17420301,2.02331172,1.43801096,360.1
2026-07-31T22:57:20.076+00:00,1785538637399,62872.11,62882.11,1785538638356,62934.55,62934.5,62934.6,1.69405972,1.16917179,1.9913117200000001,1.43297974,336.3
2026-07-31T22:57:22.424+00:00,1785538639436,62873.54,62883.54,1785538640706,62934.55,62934.5,62934.6,1.69405972,1.16869511,1.99147789,1.4572258,345.9
2026-07-31T22:57:24.829+00:00,1785538642121,62874.31,62884.31,1785538643106,62934.55,62934.5,62934.6,2.15766508,0.38156503,2.4252141799999998,1.09080009,395.4
2026-07-31T22:57:27.189+00:00,1785538645236,62873.69,62883.69,1785538645456,62934.55,62934.5,62934.6,2.15140794,0.37363299,2.5989570399999997,1.08286805,358.1
2026-07-31T22:57:29.530+00:00,1785538647492,62875.04,62885.04,1785538647806,62934.55,62934.5,62934.6,2.15140794,0.37363299,2.57200719,1.08286805,339.6
2026-07-31T22:57:31.879+00:00,1785538649500,62874.73,62884.73,1785538650156,62934.55,62934.5,62934.6,2.15140794,0.41253299,2.59893319,0.72504877,347.5
2026-07-31T22:57:34.226+00:00,1785538651581,62874.37,62884.37,1785538652506,62934.55,62934.5,62934.6,1.67942382,0.96344698,2.15684199,1.19597257,345.5
2026-07-31T22:57:36.580+00:00,1785538654700,62871.33,62881.33,1785538654856,62935.45,62935.4,62935.5,3.78549553,0.01269644,4.13090432,0.24061463,349.0
2026-07-31T22:57:38.925+00:00,1785538656779,62871.39,62881.39,1785538657206,62935.45,62935.4,62935.5,3.34464965,0.65781043,3.69005844,0.96245291,343.2
2026-07-31T22:57:41.271+00:00,1785538658922,62871.87,62881.87,1785538659556,62935.45,62935.4,62935.5,3.46483162,0.65781043,3.81024041,0.96245291,344.1
2026-07-31T22:57:43.633+00:00,1785538661138,62868.82,62878.82,1785538661906,62935.45,62935.4,62935.5,3.47160162,0.65781043,3.81701041,0.96245291,352.2
2026-07-31T22:57:45.978+00:00,1785538663202,62868.61,62878.61,1785538664256,62935.45,62935.4,62935.5,3.47140162,0.65622151,3.81681041,0.96086399,342.7
2026-07-31T22:57:48.330+00:00,1785538666308,62871.44,62881.44,1785538666606,62935.45,62935.4,62935.5,2.48763064,1.14867259,2.83303943,1.4533150700000002,351.0
2026-07-31T22:57:50.680+00:00,1785538668373,62869.86,62879.86,1785538668956,62935.45,62935.4,62935.5,2.36697845,1.14867259,2.63871686,1.4533150700000002,348.6
2026-07-31T22:57:53.030+00:00,1785538670425,62870.49,62880.49,1785538671306,62935.45,62935.4,62935.5,2.30663487,1.14867259,2.62548538,1.4533150700000002,346.9
2026-07-31T22:57:55.381+00:00,1785538673501,62869.79,62879.79,1785538673656,62935.45,62935.4,62935.5,2.28156487,1.14867259,2.6004153800000003,1.4533150700000002,349.4
2026-07-31T22:57:57.745+00:00,1785538675600,62869.16,62879.16,1785538676006,62935.45,62935.4,62935.5,1.94334736,1.31227259,2.26219787,1.6169150700000001,362.3
2026-07-31T22:58:00.081+00:00,1785538677655,62867.09,62877.09,1785538678356,62935.45,62935.4,62935.5,1.93142536,1.14876875,2.2502758700000003,1.45341123,334.8
2026-07-31T22:58:02.424+00:00,1785538679770,62865.04,62875.04,1785538680706,62935.45,62935.4,62935.5,2.05427836,1.14876875,2.3731288700000004,1.45341123,341.0
2026-07-31T22:58:04.768+00:00,1785538682066,62863.54,62873.54,1785538683056,62935.45,62935.4,62935.5,1.97892344,1.14876875,2.2980917300000003,1.45341123,335.8
2026-07-31T22:58:07.126+00:00,1785538685183,62868.69,62878.69,1785538685406,62935.45,62935.4,62935.5,2.0016688,1.31213008,2.3208370900000004,1.61677256,346.8
2026-07-31T22:58:09.433+00:00,1785538687310,62868.82,62878.82,1785538687706,62935.45,62935.4,62935.5,2.02227836,1.14763008,2.3414466500000004,1.4522725600000002,305.0
2026-07-31T22:58:11.782+00:00,1785538689427,62869.17,62879.17,1785538690056,62935.45,62935.4,62935.5,2.00638154,1.14763008,2.3255498300000004,1.4522725600000002,347.4
2026-07-31T22:58:14.126+00:00,1785538691590,62865.39,62875.39,1785538692406,62935.45,62935.4,62935.5,1.92689744,1.14558022,2.24606573,1.4502227,341.7
2026-07-31T22:58:16.477+00:00,1785538694237,62872.51,62882.51,1785538694756,62937.95,62937.9,62938.0,4.76815302,0.34101183,5.034320669999999,1.01359152,343.8
2026-07-31T22:58:18.827+00:00,1785538696302,62871.54,62881.54,1785538697106,62937.95,62937.9,62938.0,4.83166553,0.33842717,5.0553067,1.0110068600000002,347.7
2026-07-31T22:58:21.182+00:00,1785538699329,62875.94,62885.94,1785538699456,62937.95,62937.9,62938.0,1.07422847,2.00596853,1.31920402,2.71916579,352.0
2026-07-31T22:58:23.517+00:00,1785538701460,62875.98,62885.98,1785538701806,62937.95,62937.9,62938.0,1.29205034,2.00575853,1.35971646,2.71895579,333.6
2026-07-31T22:58:25.888+00:00,1785538703622,62875.04,62885.04,1785538704156,62937.95,62937.9,62938.0,1.25315034,2.01575853,1.3208164599999999,2.7289557899999997,354.9
2026-07-31T22:58:28.283+00:00,1785538705779,62875.79,62885.79,1785538706556,62937.95,62937.9,62938.0,1.19785034,2.01575853,1.3254731599999998,2.7289557899999997,393.1
2026-07-31T22:58:30.631+00:00,1785538708028,62874.34,62884.34,1785538708906,62937.95,62937.9,62938.0,1.17425034,2.01253085,1.3018731599999998,2.72572811,341.4
2026-07-31T22:58:32.982+00:00,1785538710377,62872.73,62882.73,1785538711256,62937.95,62937.9,62938.0,1.20625034,2.29253085,1.3338731599999998,2.3171264499999995,349.7
2026-07-31T22:58:35.335+00:00,1785538712480,62874.94,62884.94,1785538713606,62937.95,62937.9,62938.0,1.26625034,1.69383611,1.3938731599999998,1.71843171,351.5
2026-07-31T22:58:37.683+00:00,1785538715720,62872.62,62882.62,1785538715956,62937.95,62937.9,62938.0,1.42985034,1.89383611,1.5574731599999998,1.9184317100000001,346.1
2026-07-31T22:58:40.031+00:00,1785538717810,62872.16,62882.16,1785538718306,62937.95,62937.9,62938.0,1.26625034,1.89677566,1.43052319,1.9213712600000001,346.4
2026-07-31T22:58:42.386+00:00,1785538719911,62871.54,62881.54,1785538720656,62937.95,62937.9,62938.0,1.26609547,1.89630671,1.4761777,1.92090231,352.5
2026-07-31T22:58:44.734+00:00,1785538722161,62872.25,62882.25,1785538723006,62937.95,62937.9,62938.0,1.23409547,1.96919547,1.4441777,1.99379107,343.9
2026-07-31T22:58:47.081+00:00,1785538725290,62872.61,62882.61,1785538725356,62937.95,62937.9,62938.0,1.23385548,1.92898421,1.44393771,1.9535798100000001,344.9
2026-07-31T22:58:49.433+00:00,1785538727630,62872.75,62882.75,1785538727706,62937.95,62937.9,62938.0,1.23385548,2.18898421,1.44393771,2.2135798099999997,349.9
2026-07-31T22:58:51.786+00:00,1785538729780,62872.31,62882.31,1785538730056,62937.95,62937.9,62938.0,1.23385548,2.18898421,1.44393771,2.2135798099999997,348.5
2026-07-31T22:58:54.130+00:00,1785538731839,62868.88,62878.88,1785538732406,62937.95,62937.9,62938.0,1.23385548,2.28898421,1.44393771,2.31357981,341.4
2026-07-31T22:58:56.482+00:00,1785538733959,62869.79,62879.79,1785538734756,62937.95,62937.9,62938.0,1.26585548,2.28898421,1.47593771,2.31357981,350.8
2026-07-31T22:58:58.834+00:00,1785538736130,62870.16,62880.16,1785538737106,62937.95,62937.9,62938.0,1.26379363,2.28898421,1.47387586,2.31357981,350.6
2026-07-31T22:59:01.254+00:00,1785538738442,62868.37,62878.37,1785538739506,62937.95,62937.9,62938.0,1.26379363,2.28898421,1.47387586,2.31357981,417.6
2026-07-31T22:59:03.634+00:00,1785538741635,62870.47,62880.47,1785538741906,62937.95,62937.9,62938.0,1.26379363,2.28898421,1.47387586,2.31357981,378.0
2026-07-31T22:59:05.983+00:00,1785538743749,62872.39,62882.39,1785538744256,62937.95,62937.9,62938.0,1.42708062,1.70898421,1.63716285,1.73357981,347.4
2026-07-31T22:59:08.335+00:00,1785538745869,62868.25,62878.25,1785538746606,62937.95,62937.9,62938.0,1.26294323,2.22898421,1.4730254600000001,2.2535798099999997,350.4
2026-07-31T22:59:10.740+00:00,1785538747910,62867.39,62877.39,1785538749006,62937.95,62937.9,62938.0,1.26294323,2.0883777,1.4730254600000001,2.1218490599999997,401.4
2026-07-31T22:59:13.079+00:00,1785538750250,62870.18,62880.18,1785538751356,62937.95,62937.9,62938.0,1.42654323,1.70652668,1.63662546,1.7399980400000001,336.9
2026-07-31T22:59:15.434+00:00,1785538753627,62871.52,62881.52,1785538753706,62937.95,62937.9,62938.0,1.22161545,2.04512848,1.51621696,2.0785998399999994,353.1
2026-07-31T22:59:17.787+00:00,1785538755829,62871.89,62881.89,1785538756056,62937.95,62937.9,62938.0,1.22161545,2.28408153,1.51621696,2.3175528899999995,351.3
2026-07-31T22:59:20.133+00:00,1785538758200,62872.79,62882.79,1785538758406,62937.95,62937.9,62938.0,1.22161545,2.09871062,1.51621696,2.1321819799999995,344.2
2026-07-31T22:59:22.483+00:00,1785538760319,62872.31,62882.31,1785538760756,62937.95,62937.9,62938.0,1.22161545,1.75871062,1.51116237,1.7832146000000002,346.7
2026-07-31T22:59:24.831+00:00,1785538762569,62872.23,62882.23,1785538763106,62937.95,62937.9,62938.0,1.22161545,1.7584723,1.50812182,1.7829762800000002,346.7
2026-07-31T22:59:27.187+00:00,1785538764669,62872.27,62882.27,1785538765456,62937.95,62937.9,62938.0,1.38521545,1.7584723,1.63745248,1.7829762800000002,346.5
2026-07-31T22:59:29.533+00:00,1785538765731,62872.74,62882.74,1785538767806,62937.95,62937.9,62938.0,1.22161545,2.0784723,1.4738524800000001,2.1029762799999996,344.7
2026-07-31T22:59:31.886+00:00,1785538769206,62872.72,62882.72,1785538770156,62937.95,62937.9,62938.0,1.22161545,1.7584723,1.51116237,1.7829762800000002,351.0
2026-07-31T22:59:34.241+00:00,1785538769206,62872.72,62882.72,1785538772506,62937.95,62937.9,62938.0,1.38521545,2.17832613,1.63745248,2.2028301099999994,352.8
2026-07-31T22:59:36.587+00:00,1785538773509,62872.71,62882.71,1785538774856,62937.95,62937.9,62938.0,1.38520402,1.75832613,1.63744105,1.7828301100000001,345.5
2026-07-31T22:59:38.934+00:00,1785538776629,62870.62,62880.62,1785538777206,62937.95,62937.9,62938.0,1.385058,2.19203754,1.63729503,2.2165415199999994,343.3
2026-07-31T22:59:41.285+00:00,1785538778641,62868.77,62878.77,1785538779556,62937.95,62937.9,62938.0,2.21683268,0.37719092,2.50493311,0.54621058,349.7
2026-07-31T22:59:43.633+00:00,1785538781740,62870.92,62880.92,1785538781906,62937.95,62937.9,62938.0,2.17942963,0.79723546,2.47315963,0.88864512,346.8
2026-07-31T22:59:45.973+00:00,1785538783881,62870.91,62880.91,1785538784256,62937.95,62937.9,62938.0,1.13489275,1.80798864,1.4286227500000002,1.8583993000000003,339.1
2026-07-31T22:59:48.382+00:00,1785538786240,62872.87,62882.87,1785538786656,62937.95,62937.9,62938.0,1.23438475,1.6230434,1.5281147500000003,1.92465259,387.7
2026-07-31T22:59:50.748+00:00,1785538788349,62876.09,62886.09,1785538789006,62937.95,62937.9,62938.0,1.44379287,1.65142129,1.69543287,1.8992749400000002,364.2
2026-07-31T22:59:53.084+00:00,1785538790833,62887.61,62897.61,1785538791356,62951.149999999994,62951.1,62951.2,1.35402286,1.36069367,1.7554002,1.47182321,334.3
2026-07-31T22:59:55.435+00:00,1785538793124,62887.67,62897.67,1785538793706,62951.149999999994,62951.1,62951.2,1.35402286,1.36069367,1.7554002,1.47995597,348.1
2026-07-31T22:59:57.783+00:00,1785538795202,62883.04,62893.04,1785538796056,62951.149999999994,62951.1,62951.2,0.66902761,1.52429367,1.2753044500000001,1.68698486,346.9
2026-07-31T23:00:00.165+00:00,1785538798364,62884.73,62894.73,1785538798406,62951.149999999994,62951.1,62951.2,0.56111661,1.55379183,0.9115180300000001,1.81179123,379.3
2026-07-31T23:00:02.483+00:00,1785538800374,62884.3,62894.3,1785538800756,62951.149999999994,62951.1,62951.2,0.99102415,1.3879747,1.3482118799999998,1.5971700100000001,316.4
2026-07-31T23:00:04.834+00:00,1785538802436,62883.41,62893.41,1785538803106,62951.149999999994,62951.1,62951.2,0.97445414,1.51426065,1.33867266,1.70638957,348.7
2026-07-31T23:00:07.179+00:00,1785538804622,62882.12,62892.12,1785538805456,62951.149999999994,62951.1,62951.2,0.97533669,1.34439872,1.5282461600000001,1.53921155,343.1
2026-07-31T23:00:09.532+00:00,1785538807739,62886.28,62896.28,1785538807806,62951.149999999994,62951.1,62951.2,0.97533669,1.65475343,1.5282461600000001,1.84956626,346.6
2026-07-31T23:00:11.876+00:00,1785538809750,62887.65,62897.65,1785538810156,62951.149999999994,62951.1,62951.2,0.96879969,1.48883741,1.5217091600000001,1.72942561,340.6
2026-07-31T23:00:14.231+00:00,1785538809750,62887.65,62897.65,1785538812506,62951.149999999994,62951.1,62951.2,0.96879969,1.64766552,1.52094416,1.88825372,346.6
2026-07-31T23:00:16.593+00:00,1785538809750,62887.65,62897.65,1785538814856,62951.149999999994,62951.1,62951.2,1.90306015,0.28474398,2.46035273,0.40846832,357.3
2026-07-31T23:00:18.936+00:00,1785538817125,62883.13,62893.13,1785538817206,62951.149999999994,62951.1,62951.2,1.92086215,0.27634262,2.47815473,0.55647844,340.8
2026-07-31T23:00:21.282+00:00,1785538818765,62887.71,62897.71,1785538819556,62957.149999999994,62957.1,62957.2,2.20443938,0.84904831,3.0971330800000003,0.89787123,343.2
2026-07-31T23:00:23.631+00:00,1785538820927,62890.23,62900.23,1785538821906,62957.149999999994,62957.1,62957.2,2.69979138,0.59555309,3.5924850800000003,0.78325295,348.5
2026-07-31T23:00:25.983+00:00,1785538823015,62889.24,62899.24,1785538824256,62957.149999999994,62957.1,62957.2,3.15725471,0.48827948,3.7126464500000003,0.51730493,349.0
2026-07-31T23:00:28.330+00:00,1785538826087,62891.26,62901.26,1785538826606,62957.149999999994,62957.1,62957.2,2.89611078,0.45454721,3.37623549,0.6412108,345.9
2026-07-31T23:00:31.132+00:00,1785538829170,62895.72,62905.72,1785538829406,62957.149999999994,62957.1,62957.2,2.84410784,0.44585423,3.32447535,0.6792595300000001,797.2
2026-07-31T23:00:33.481+00:00,1785538831280,62893.35,62903.35,1785538831756,62957.149999999994,62957.1,62957.2,2.69047684,0.43347166,3.1698549,0.71195435,345.0
2026-07-31T23:00:35.837+00:00,1785538833371,62890.04,62900.04,1785538834106,62957.149999999994,62957.1,62957.2,2.83047684,0.43347166,3.3098549,0.66992902,353.6
2026-07-31T23:00:38.183+00:00,1785538835418,62897.08,62907.08,1785538836456,62957.149999999994,62957.1,62957.2,2.83047684,0.43495247,3.3098549,0.67140983,343.4
2026-07-31T23:00:40.578+00:00,1785538838518,62889.35,62899.35,1785538838856,62957.149999999994,62957.1,62957.2,2.65853742,0.43487306,3.1379154799999998,0.67133042,390.1
2026-07-31T23:00:42.919+00:00,1785538840607,62889.37,62899.37,1785538841206,62957.149999999994,62957.1,62957.2,2.56319106,0.4339755,3.0425691199999996,0.67043286,332.5
2026-07-31T23:00:45.284+00:00,1785538842680,62890.92,62900.92,1785538843556,62957.149999999994,62957.1,62957.2,2.83031954,0.43361177,3.30997642,0.67006913,349.8
2026-07-31T23:00:47.634+00:00,1785538845712,62891.24,62901.24,1785538845906,62957.149999999994,62957.1,62957.2,2.70319106,0.43461232,3.18284794,0.67106968,345.8
2026-07-31T23:00:50.034+00:00,1785538847774,62889.42,62899.42,1785538848306,62957.149999999994,62957.1,62957.2,2.83031954,0.43461232,3.30997642,0.67106968,397.6
2026-07-31T23:00:52.382+00:00,1785538849823,62889.43,62899.43,1785538850656,62957.149999999994,62957.1,62957.2,2.83031954,0.43461232,3.3098983399999997,0.67106968,345.2
2026-07-31T23:00:54.742+00:00,1785538852946,62889.45,62899.45,1785538853006,62957.149999999994,62957.1,62957.2,2.69031954,0.43461232,3.1698983399999996,0.67106968,349.0
2026-07-31T23:00:57.085+00:00,1785538855107,62891.86,62901.86,1785538855356,62957.149999999994,62957.1,62957.2,2.79853742,0.43461232,3.2781174699999998,0.67106968,340.9
2026-07-31T23:00:59.486+00:00,1785538857240,62893.52,62903.52,1785538857756,62957.149999999994,62957.1,62957.2,2.83031954,0.43461232,3.3098995899999997,0.67106968,398.3
2026-07-31T23:01:01.835+00:00,1785538859516,62894.56,62904.56,1785538860106,62957.149999999994,62957.1,62957.2,2.65834555,0.43435501,3.1379255999999995,0.67081237,346.3
2026-07-31T23:01:04.184+00:00,1785538861541,62893.36,62903.36,1785538862456,62957.149999999994,62957.1,62957.2,2.83012767,0.43435501,3.3097077199999996,0.67081237,347.4
2026-07-31T23:01:06.594+00:00,1785538864725,62889.52,62899.52,1785538864856,62957.149999999994,62957.1,62957.2,2.83012767,0.43435501,3.3097077199999996,0.67081237,408.6
2026-07-31T23:01:08.935+00:00,1785538866849,62889.53,62899.53,1785538867206,62957.149999999994,62957.1,62957.2,2.79834555,0.43435501,3.2779255999999997,0.67081237,338.7
2026-07-31T23:01:11.286+00:00,1785538868929,62889.54,62899.54,1785538869556,62957.149999999994,62957.1,62957.2,2.41423661,0.43435501,2.8938166599999997,0.67081237,348.8
2026-07-31T23:01:13.634+00:00,1785538871579,62896.64,62906.64,1785538871906,62957.149999999994,62957.1,62957.2,2.86226999,0.42652674,3.3690840099999995,0.45555219,344.9
2026-07-31T23:01:15.987+00:00,1785538873789,62898.13,62908.13,1785538874256,62957.149999999994,62957.1,62957.2,3.11870786,0.42483831,3.61552188,1.25187955,350.5
2026-07-31T23:01:18.386+00:00,1785538875885,62895.49,62905.49,1785538876656,62957.149999999994,62957.1,62957.2,3.11252038,0.42580717,3.6093344,1.2528484100000001,397.6
2026-07-31T23:01:20.739+00:00,1785538876897,62893.29,62903.29,1785538879006,62957.149999999994,62957.1,62957.2,3.12648459,0.10431126,3.5925725199999996,0.28949958,348.7
2026-07-31T23:01:23.088+00:00,1785538881156,62895.69,62905.69,1785538881356,62957.149999999994,62957.1,62957.2,3.14237565,0.03489072,3.6084635799999996,0.86193196,341.5
2026-07-31T23:01:25.439+00:00,1785538883171,62898.0,62908.0,1785538883706,62957.149999999994,62957.1,62957.2,2.48261509,0.03869072,2.9387188999999996,0.22157146,348.9
2026-07-31T23:01:27.786+00:00,1785538885108,62889.42,62899.42,1785538886056,62957.149999999994,62957.1,62957.2,0.86906987,1.48602112,1.4668746900000003,1.66258941,342.9
2026-07-31T23:01:30.136+00:00,1785538888180,62892.22,62902.22,1785538888406,62957.149999999994,62957.1,62957.2,0.87139587,1.48602112,1.46920069,1.66258941,348.0
2026-07-31T23:01:32.491+00:00,1785538890320,62892.21,62902.21,1785538890756,62957.149999999994,62957.1,62957.2,0.91529663,1.48602112,1.19112625,1.66258941,352.5
2026-07-31T23:01:34.835+00:00,1785538891504,62899.43,62909.43,1785538893106,62957.149999999994,62957.1,62957.2,1.76587439,0.9734122,2.13044677,1.14211722,342.6
2026-07-31T23:01:37.185+00:00,1785538894631,62896.54,62906.54,1785538895456,62957.149999999994,62957.1,62957.2,1.36477439,1.17383139,1.57884911,1.6012980099999998,347.3
2026-07-31T23:01:39.546+00:00,1785538897750,62894.82,62904.82,1785538897806,62957.149999999994,62957.1,62957.2,1.86888247,0.94763139,2.08295719,1.3750980099999999,360.1
2026-07-31T23:01:41.884+00:00,1785538899868,62895.16,62905.16,1785538900156,62957.149999999994,62957.1,62957.2,1.92761042,0.13354737,2.3037274599999997,0.33252259,335.9
2026-07-31T23:01:44.233+00:00,1785538901979,62897.74,62907.74,1785538902506,62957.149999999994,62957.1,62957.2,1.94350234,0.19074737,2.2264469399999998,0.4255585,346.8
2026-07-31T23:01:46.584+00:00,1785538904170,62896.0,62906.0,1785538904856,62957.149999999994,62957.1,62957.2,1.92761042,0.87645326,2.2105550199999997,1.88926682,347.0
2026-07-31T23:01:48.938+00:00,1785538906280,62896.57,62906.57,1785538907206,62957.149999999994,62957.1,62957.2,1.89582658,0.87545271,2.10922907,1.8882662700000001,353.0
2026-07-31T23:01:51.288+00:00,1785538909380,62892.02,62902.02,1785538909556,62957.149999999994,62957.1,62957.2,1.9117185,0.87545271,2.12512099,1.8882662700000001,348.0
2026-07-31T23:01:53.638+00:00,1785538911542,62891.43,62901.43,1785538911906,62957.149999999994,62957.1,62957.2,1.94331047,0.87545271,2.1568505699999996,1.8882662700000001,348.0
2026-07-31T23:01:55.986+00:00,1785538913648,62892.47,62902.47,1785538914256,62957.149999999994,62957.1,62957.2,1.94331047,0.87545271,2.15686843,1.8882662700000001,346.9
2026-07-31T23:01:58.335+00:00,1785538915929,62894.84,62904.84,1785538916606,62957.149999999994,62957.1,62957.2,1.94331047,0.98603313,2.15695071,1.9988466900000001,347.1
2026-07-31T23:02:00.686+00:00,1785538918019,62894.8,62904.8,1785538918956,62957.149999999994,62957.1,62957.2,1.94313552,0.98603313,2.15677576,1.9988466900000001,339.7
2026-07-31T23:02:03.033+00:00,1785538921144,62894.47,62904.47,1785538921306,62957.149999999994,62957.1,62957.2,1.94313552,0.98603313,2.15677576,1.9988466900000001,343.8
2026-07-31T23:02:05.390+00:00,1785538923310,62894.0,62904.0,1785538923656,62957.149999999994,62957.1,62957.2,1.94313552,0.98758049,2.1567242999999996,0.99129155,352.0
2026-07-31T23:02:07.747+00:00,1785538925421,62894.29,62904.29,1785538926006,62957.149999999994,62957.1,62957.2,2.20322652,0.79460258,2.41673803,0.98659636,355.8
2026-07-31T23:02:10.078+00:00,1785538927530,62895.57,62905.57,1785538928356,62957.149999999994,62957.1,62957.2,1.94101576,0.79460258,2.15452727,2.0678381399999997,329.3
2026-07-31T23:02:12.433+00:00,1785538930640,62898.97,62908.97,1785538930706,62957.149999999994,62957.1,62957.2,1.92512384,0.2446746,2.13873085,1.51791016,344.6
2026-07-31T23:02:14.784+00:00,1785538932712,62898.98,62908.98,1785538933056,62957.149999999994,62957.1,62957.2,2.20185489,0.79451228,2.80650321,0.82163773,345.6
2026-07-31T23:02:17.135+00:00,1785538935030,62899.0,62909.0,1785538935406,62957.149999999994,62957.1,62957.2,1.36697197,1.02441166,1.6377111100000001,1.27374436,348.6
2026-07-31T23:02:19.483+00:00,1785538937419,62899.03,62909.03,1785538937756,62957.149999999994,62957.1,62957.2,1.88697197,0.23841848,2.12797096,1.06355972,345.3
2026-07-31T23:02:21.840+00:00,1785538939559,62899.05,62909.05,1785538940106,62957.149999999994,62957.1,62957.2,2.18656446,0.24175615,2.4568803799999994,1.20832552,352.1
2026-07-31T23:02:24.186+00:00,1785538941960,62899.08,62909.08,1785538942456,62957.149999999994,62957.1,62957.2,2.09438123,0.24175615,2.38852502,1.20832552,344.3
2026-07-31T23:02:26.538+00:00,1785538944106,62898.31,62908.31,1785538944806,62957.149999999994,62957.1,62957.2,2.07848931,0.41738966,2.38914612,1.38395903,350.0
2026-07-31T23:02:28.884+00:00,1785538946380,62895.72,62905.72,1785538947156,62957.149999999994,62957.1,62957.2,2.17284034,0.41741526,2.4768809,1.2425565,343.5
2026-07-31T23:02:31.236+00:00,1785538948506,62897.09,62907.09,1785538949506,62957.149999999994,62957.1,62957.2,2.17284034,0.41733585,2.4827728999999996,1.24247709,348.8
2026-07-31T23:02:33.592+00:00,1785538951533,62895.23,62905.23,1785538951856,62957.149999999994,62957.1,62957.2,2.20794034,0.41733585,2.5119807299999994,1.24247709,353.8
2026-07-31T23:02:35.939+00:00,1785538953600,62896.68,62906.68,1785538954206,62957.149999999994,62957.1,62957.2,2.47904034,0.41733585,2.77431314,1.24247709,344.2
2026-07-31T23:02:38.289+00:00,1785538955639,62897.98,62907.98,1785538956556,62957.149999999994,62957.1,62957.2,2.52399397,0.206066,2.83295928,1.03120724,348.8
2026-07-31T23:02:40.635+00:00,1785538958824,62892.55,62902.55,1785538958906,62957.149999999994,62957.1,62957.2,2.56372754,0.19786146,2.868211,1.0230027,344.6
2026-07-31T23:02:43.042+00:00,1785538960507,62899.88,62909.88,1785538961306,62958.75,62958.7,62958.8,4.42652934,0.80747101,4.840006499999999,0.83166304,346.5
2026-07-31T23:02:56.586+00:00,1785538974037,62901.73,62911.73,1785538974856,62958.75,62958.7,62958.8,5.14017462,0.42593142,5.40328804,0.42710905,314.3
2026-07-31T23:03:26.040+00:00,1785539003950,62904.44,62914.44,1785539004306,62965.05,62965.0,62965.1,4.6200034,0.06791889,5.19434841,0.26861101,344.2
2026-07-31T23:03:28.397+00:00,1785539006060,62900.81,62910.81,1785539006656,62965.05,62965.0,62965.1,4.6200034,0.06756849,4.87647912,0.26826061,354.9
2026-07-31T23:03:30.736+00:00,1785539008037,62905.1,62915.1,1785539009006,62965.05,62965.0,62965.1,3.71772304,0.06756849,4.51642995,0.21984070999999997,338.3
2026-07-31T23:03:33.092+00:00,1785539011236,62903.56,62913.56,1785539011356,62965.05,62965.0,62965.1,3.76315618,0.06756849,4.56186309,0.22466959999999997,350.9
2026-07-31T23:03:35.638+00:00,1785539013360,62902.79,62912.79,1785539013906,62965.05,62965.0,62965.1,3.76275851,0.06756849,4.56146542,0.22466959999999997,344.2
2026-07-31T23:03:37.989+00:00,1785539013360,62902.79,62912.79,1785539016256,62965.05,62965.0,62965.1,3.73098203,0.06756849,4.52971858,0.23203261999999997,346.4
2026-07-31T23:03:41.251+00:00,1785539013360,62902.79,62912.79,1785539018606,62965.05,62965.0,62965.1,3.76275851,0.06756849,4.56146542,0.23203261999999997,1259.9
2026-07-31T23:03:44.104+00:00,1785539016431,62901.39,62911.39,1785539021856,62965.05,62965.0,62965.1,3.68331731,0.06454619,4.487944580000001,0.22901032,840.9
2026-07-31T23:03:46.439+00:00,1785539023775,62898.5,62908.5,1785539024706,62970.75,62970.7,62970.8,1.65326158,1.40553388,2.15285103,1.5226540799999997,333.1
2026-07-31T23:03:50.536+00:00,1785539027880,62899.9,62909.9,1785539028806,62970.75,62970.7,62970.8,1.72058526,1.36977578,2.22017471,1.4624635199999998,336.0
2026-07-31T23:03:53.989+00:00,1785539031340,62897.94,62907.94,1785539032256,62970.75,62970.7,62970.8,0.93144848,1.53364242,1.2248360299999999,1.6263301599999997,346.8
2026-07-31T23:03:57.744+00:00,1785539035907,62899.16,62909.16,1785539036006,62970.75,62970.7,62970.8,0.8670658,1.53364242,1.11789669,1.6263301599999997,364.0
2026-07-31T23:04:01.038+00:00,1785539038235,62898.96,62908.96,1785539039306,62970.75,62970.7,62970.8,1.4770641,1.12875537,1.6860574599999998,1.3337669999999997,308.6
2026-07-31T23:04:03.640+00:00,1785539041767,62897.63,62907.63,1785539041906,62970.75,62970.7,62970.8,1.46117589,0.96425537,1.6700679499999997,1.1692669999999998,368.0
2026-07-31T23:04:05.994+00:00,1785539042827,62896.71,62906.71,1785539044256,62970.75,62970.7,62970.8,1.52034713,0.93245769,1.7291826299999997,1.13746932,352.4
2026-07-31T23:04:08.342+00:00,1785539046119,62897.33,62907.33,1785539046606,62970.75,62970.7,62970.8,1.53622391,0.93245769,1.7450433599999997,1.13746932,344.1
2026-07-31T23:04:10.693+00:00,1785539048176,62899.24,62909.24,1785539048956,62970.75,62970.7,62970.8,1.73590626,0.93152593,1.9446445599999997,1.1365375599999998,349.1
2026-07-31T23:04:13.043+00:00,1785539050307,62896.88,62906.88,1785539051306,62970.75,62970.7,62970.8,1.28025518,1.35847701,1.8816752299999997,1.5634886399999999,349.6
2026-07-31T23:04:15.394+00:00,1785539053503,62896.59,62906.59,1785539053656,62970.75,62970.7,62970.8,1.46025518,1.19487701,1.6695959699999998,1.3998886399999997,333.3
2026-07-31T23:04:17.743+00:00,1785539055601,62896.57,62906.57,1785539056006,62970.75,62970.7,62970.8,1.46025518,1.1957981,1.6695959699999998,1.4008097299999998,348.5
2026-07-31T23:04:20.088+00:00,1785539056705,62896.56,62906.56,1785539058356,62970.75,62970.7,62970.8,1.68708973,1.1957981,1.8964305199999998,1.4008097299999998,343.1
2026-07-31T23:04:22.440+00:00,1785539060099,62896.54,62906.54,1785539060706,62970.75,62970.7,62970.8,1.48297794,1.1957981,1.69250887,1.4008097299999998,348.9
2026-07-31T23:04:24.793+00:00,1785539062351,62896.51,62906.51,1785539063056,62970.75,62970.7,62970.8,1.33208468,1.4193981,1.5414254699999996,1.6244097299999998,352.2
2026-07-31T23:04:27.189+00:00,1785539064395,62896.5,62906.5,1785539065456,62970.75,62970.7,62970.8,1.52708973,1.25679859,1.7364305199999996,1.4618102199999998,394.1
2026-07-31T23:04:29.535+00:00,1785539067506,62896.49,62906.49,1785539067806,62970.75,62970.7,62970.8,1.74297794,0.94367049,1.97456316,1.1623484,344.3
2026-07-31T23:04:31.892+00:00,1785539069679,62896.48,62906.48,1785539070156,62970.75,62970.7,62970.8,2.00301294,1.17367049,2.2345883100000004,1.3923483999999997,348.0
2026-07-31T23:04:34.243+00:00,1785539069679,62896.48,62906.48,1785539072506,62970.75,62970.7,62970.8,1.98712473,1.17367049,2.21870818,1.3773370999999996,347.7
2026-07-31T23:04:36.594+00:00,1785539069679,62896.48,62906.48,1785539074856,62970.75,62970.7,62970.8,1.98712473,0.67741941,2.22368416,0.88108602,349.8
2026-07-31T23:04:38.948+00:00,1785539077110,62900.65,62910.65,1785539077206,62970.75,62970.7,62970.8,2.06282693,0.12740542,2.3396705,0.33927791,352.3
2026-07-31T23:04:41.291+00:00,1785539079230,62907.56,62917.56,1785539079556,62972.45,62972.4,62972.5,4.37071336,0.08414827,4.99373266,0.29923521,340.3
2026-07-31T23:04:43.642+00:00,1785539081225,62907.43,62917.43,1785539081906,62972.45,62972.4,62972.5,4.36774324,0.08414827,4.570250679999999,0.29924066,349.8
2026-07-31T23:04:45.990+00:00,1785539083330,62907.87,62917.87,1785539084256,62972.45,62972.4,62972.5,4.39951764,0.08359248,4.659416909999999,0.29868486999999994,344.8
2026-07-31T23:04:48.345+00:00,1785539085838,62910.85,62920.85,1785539086606,62974.05,62974.0,62974.1,4.5414598,0.02273377,5.1392650600000005,0.15884813,352.1
2026-07-31T23:04:50.692+00:00,1785539087874,62917.23,62927.23,1785539088956,62974.05,62974.0,62974.1,4.5411469,0.02273377,4.9356705199999995,0.1645592,345.2
2026-07-31T23:04:53.032+00:00,1785539090942,62910.57,62920.57,1785539091306,62974.05,62974.0,62974.1,4.52517881,0.02273377,5.3935745399999995,0.1645592,338.0
2026-07-31T23:04:55.390+00:00,1785539092963,62910.47,62920.47,1785539093656,62977.850000000006,62977.8,62977.9,4.10826108,0.16551191,5.02795478,0.35429327,345.3
2026-07-31T23:04:57.791+00:00,1785539096012,62913.17,62923.17,1785539096056,62977.95,62977.9,62978.0,4.99432881,0.13563215,5.679548130000001,0.34362254999999997,396.7
2026-07-31T23:05:00.141+00:00,1785539098041,62912.36,62922.36,1785539098406,62977.95,62977.9,62978.0,4.99410881,0.68564613,5.67932813,0.89363653,339.9
2026-07-31T23:05:02.491+00:00,1785539100069,62912.21,62922.21,1785539100756,62977.95,62977.9,62978.0,3.80630581,1.29317103,4.19566194,1.5011614300000002,347.6
2026-07-31T23:05:04.844+00:00,1785539102096,62912.13,62922.13,1785539103106,62977.95,62977.9,62978.0,3.07835864,1.48167103,3.25113508,1.68632617,350.8
2026-07-31T23:05:07.193+00:00,1785539105140,62912.6,62922.6,1785539105456,62977.95,62977.9,62978.0,2.71778231,1.30870249,2.8905587500000003,1.5133576299999998,347.9
2026-07-31T23:05:09.543+00:00,1785539107166,62907.46,62917.46,1785539107806,62977.95,62977.9,62978.0,2.76936873,1.07780249,2.95766415,1.2824576300000001,347.7
2026-07-31T23:05:11.906+00:00,1785539109189,62905.31,62915.31,1785539110156,62977.95,62977.9,62978.0,2.76037678,0.77580656,2.9486722,0.9804617000000001,362.2
2026-07-31T23:05:14.292+00:00,1785539111270,62904.81,62914.81,1785539112556,62977.95,62977.9,62978.0,2.76037678,0.70902277,2.9486722,0.91701317,382.1
2026-07-31T23:05:16.646+00:00,1785539114791,62916.76,62926.76,1785539114906,62987.45,62987.4,62987.5,3.56474209,0.80375144,7.33621097,0.80535296,352.3
2026-07-31T23:05:18.994+00:00,1785539116899,62918.31,62928.31,1785539117256,62987.45,62987.4,62987.5,3.78319113,0.99115853,4.10336188,1.0164652200000002,346.5
2026-07-31T23:05:21.335+00:00,1785539119297,62918.05,62928.05,1785539119606,62987.45,62987.4,62987.5,3.54370693,1.03095853,3.8638776799999994,1.05626522,339.1
2026-07-31T23:05:23.691+00:00,1785539121888,62927.14,62937.14,1785539121956,62995.350000000006,62995.3,62995.4,1.36184034,0.92192893,1.7116573700000002,1.23401712,346.4
2026-07-31T23:05:26.095+00:00,1785539122928,62923.73,62933.73,1785539124356,62995.350000000006,62995.3,62995.4,1.06660393,1.3160419,1.46258587,1.6281300900000002,401.5
2026-07-31T23:05:28.442+00:00,1785539126337,62923.71,62933.71,1785539126706,62995.350000000006,62995.3,62995.4,1.66660393,1.3160419,1.94185339,1.6281300900000002,344.5
2026-07-31T23:05:30.794+00:00,1785539128718,62928.09,62938.09,1785539129056,62995.350000000006,62995.3,62995.4,1.66660393,1.3160419,1.94185339,1.6281300900000002,349.2
2026-07-31T23:05:33.145+00:00,1785539130838,62926.85,62936.85,1785539131406,62995.350000000006,62995.3,62995.4,0.78934884,1.40093687,1.10241272,1.7130250599999999,348.8
2026-07-31T23:05:35.496+00:00,1785539132950,62923.83,62933.83,1785539133756,62995.350000000006,62995.3,62995.4,1.10898238,1.38560257,1.38423184,1.6976907600000002,349.6
2026-07-31T23:05:37.897+00:00,1785539136036,62924.85,62934.85,1785539136156,62995.350000000006,62995.3,62995.4,1.34882592,1.38730467,1.6240753799999998,1.69939286,399.3
2026-07-31T23:05:40.248+00:00,1785539138208,62923.57,62933.57,1785539138506,62995.350000000006,62995.3,62995.4,0.78882592,1.37470375,1.06407538,1.6867919399999998,349.3
2026-07-31T23:05:42.646+00:00,1785539139239,62923.56,62933.56,1785539140906,62995.350000000006,62995.3,62995.4,1.50851268,1.37470375,1.7837621399999999,1.6867919399999998,396.5
2026-07-31T23:05:44.987+00:00,1785539142274,62923.54,62933.54,1785539143256,62995.350000000006,62995.3,62995.4,1.12851268,1.37470375,1.3738849000000002,1.6867919399999998,340.2
2026-07-31T23:05:47.339+00:00,1785539145327,62924.95,62934.95,1785539145606,62995.350000000006,62995.3,62995.4,0.78851268,1.48324417,1.0124985,1.79533236,346.1
2026-07-31T23:05:49.695+00:00,1785539147363,62922.8,62932.8,1785539147956,62995.350000000006,62995.3,62995.4,0.90851268,1.48324417,1.2582878599999998,1.79533236,350.5
2026-07-31T23:05:52.043+00:00,1785539149394,62922.25,62932.25,1785539150306,62995.350000000006,62995.3,62995.4,0.78851268,1.48324417,1.31949754,1.5263786000000001,346.8
2026-07-31T23:05:54.396+00:00,1785539152430,62919.31,62929.31,1785539152656,62995.350000000006,62995.3,62995.4,0.78851268,1.48324417,1.26900247,1.5263786000000001,350.3
2026-07-31T23:05:56.749+00:00,1785539154471,62919.29,62929.29,1785539155006,62995.350000000006,62995.3,62995.4,1.36548827,1.31964417,1.5908336799999998,1.3627786,350.2
2026-07-31T23:05:59.099+00:00,1785539156502,62921.17,62931.17,1785539157356,62995.350000000006,62995.3,62995.4,1.04548827,1.46737,1.27083368,1.5105044300000001,332.5
2026-07-31T23:06:01.446+00:00,1785539159545,62919.26,62929.26,1785539159706,62995.350000000006,62995.3,62995.4,1.04558637,1.30377,1.277572,1.3469044300000002,343.6
2026-07-31T23:06:03.791+00:00,1785539161571,62921.44,62931.44,1785539162056,62995.350000000006,62995.3,62995.4,1.04468637,1.46737,1.2766657199999998,1.8105822800000002,343.1
2026-07-31T23:06:06.149+00:00,1785539163592,62923.37,62933.37,1785539164406,62995.350000000006,62995.3,62995.4,0.02199757,2.11319844,0.34818362999999997,2.64569505,353.8
2026-07-31T23:06:08.496+00:00,1785539166648,62923.04,62933.04,1785539166756,62995.350000000006,62995.3,62995.4,0.02199757,1.94787195,0.23424056,2.48036856,345.9
2026-07-31T23:06:10.845+00:00,1785539168675,62923.47,62933.47,1785539169106,62995.350000000006,62995.3,62995.4,0.57200539,1.47052834,0.9908930899999999,1.8137406200000001,347.8
2026-07-31T23:06:13.196+00:00,1785539170703,62923.59,62933.59,1785539171456,62995.350000000006,62995.3,62995.4,0.71680706,1.47032833,1.16030775,1.8135406100000002,347.6
2026-07-31T23:06:15.545+00:00,1785539173759,62919.69,62929.69,1785539173806,62995.350000000006,62995.3,62995.4,0.75572003,1.46962543,1.2083065,1.8128377100000002,343.0
2026-07-31T23:06:17.893+00:00,1785539175787,62919.16,62929.16,1785539176156,62995.350000000006,62995.3,62995.4,0.75505185,1.47065533,1.23133617,1.8138676100000002,346.7
2026-07-31T23:06:20.231+00:00,1785539177244,62914.74,62924.74,1785539178506,62983.350000000006,62983.3,62983.4,3.49794601,0.0358249,4.42985191,0.29139798,334.6
2026-07-31T23:06:22.593+00:00,1785539179464,62914.72,62924.72,1785539180856,62983.350000000006,62983.3,62983.4,3.49748128,0.03354614,4.13783307,0.25997595,346.1
2026-07-31T23:06:24.940+00:00,1785539182603,62914.74,62924.74,1785539183206,62983.350000000006,62983.3,62983.4,3.44876416,0.03189174,4.11736558,0.50061657,344.4
2026-07-31T23:06:27.297+00:00,1785539182603,62914.74,62924.74,1785539185556,62983.350000000006,62983.3,62983.4,3.44936236,0.02863693,4.08971415,0.49736176000000004,350.8
2026-07-31T23:06:29.693+00:00,1785539187726,62914.76,62924.76,1785539187956,62983.350000000006,62983.3,62983.4,3.48113076,0.02873786,4.20960706,0.49746269000000004,389.0
2026-07-31T23:06:32.095+00:00,1785539189760,62915.28,62925.28,1785539190356,62984.45,62984.4,62984.5,3.26239539,0.77950597,4.179984329999999,1.17657761,399.4
2026-07-31T23:06:34.445+00:00,1785539192180,62916.06,62926.06,1785539192706,62984.45,62984.4,62984.5,3.35776093,0.75475233,3.61686577,1.15182397,346.8
2026-07-31T23:06:36.794+00:00,1785539194460,62915.4,62925.4,1785539195056,62984.45,62984.4,62984.5,3.35628,0.78059988,3.61538484,1.17767152,347.3
2026-07-31T23:06:39.146+00:00,1785539196500,62916.89,62926.89,1785539197406,62984.45,62984.4,62984.5,3.35596727,0.78059988,3.5811858599999997,1.17767152,346.5
2026-07-31T23:06:41.494+00:00,1785539199020,62914.77,62924.77,1785539199756,62984.45,62984.4,62984.5,3.35116083,0.05800337,3.69637942,0.5878377100000001,345.8
2026-07-31T23:06:43.845+00:00,1785539201343,62914.78,62924.78,1785539202106,62984.45,62984.4,62984.5,3.35116083,0.05800337,3.69637942,0.5878377100000001,347.3
2026-07-31T23:06:46.189+00:00,1785539203919,62915.51,62925.51,1785539204456,62984.45,62984.4,62984.5,3.35116083,0.05779539,3.69637942,0.5548237199999999,340.7
2026-07-31T23:06:48.542+00:00,1785539206450,62916.28,62926.28,1785539206806,62984.45,62984.4,62984.5,3.35095306,0.05159285,3.66546248,0.54862118,346.2
2026-07-31T23:06:50.899+00:00,1785539208713,62917.32,62927.32,1785539209156,62984.45,62984.4,62984.5,3.35095306,0.05159285,3.72546248,0.44844138,350.1
2026-07-31T23:06:53.246+00:00,1785539210940,62920.03,62930.03,1785539211506,62984.45,62984.4,62984.5,3.35095306,0.25159285,3.72546248,0.5857947699999999,344.6
2026-07-31T23:06:55.595+00:00,1785539212992,62920.53,62930.53,1785539213856,62984.45,62984.4,62984.5,3.39672968,0.2513547,3.68210763,0.48075218,346.7
2026-07-31T23:06:57.948+00:00,1785539215249,62920.34,62930.34,1785539216206,62984.45,62984.4,62984.5,3.39671773,0.2513547,3.6559819300000003,0.6027591800000001,351.5
2026-07-31T23:07:00.295+00:00,1785539218305,62921.42,62931.42,1785539218556,62984.45,62984.4,62984.5,3.38083353,0.20652337,3.64080574,0.23234087,346.3
2026-07-31T23:07:02.647+00:00,1785539220419,62922.68,62932.68,1785539220906,62984.45,62984.4,62984.5,3.39671773,0.20652337,3.65668994,0.23234087,349.5
2026-07-31T23:07:04.987+00:00,1785539222498,62921.68,62931.68,1785539223256,62984.45,62984.4,62984.5,3.39268,0.20531259,3.71885059,0.4901244699999999,337.6
2026-07-31T23:07:07.397+00:00,1785539224641,62924.76,62934.76,1785539225656,62984.45,62984.4,62984.5,3.39375315,0.20531264,3.7199237400000005,0.38286554,400.6
2026-07-31T23:07:09.797+00:00,1785539227992,62923.72,62933.72,1785539228056,62984.45,62984.4,62984.5,3.24360142,0.20531264,3.5697720100000003,0.52021893,389.7
2026-07-31T23:07:12.151+00:00,1785539230337,62923.07,62933.07,1785539230406,62984.45,62984.4,62984.5,3.24252827,0.20531191,3.5686988600000005,0.38286481,351.4
2026-07-31T23:07:14.499+00:00,1785539232432,62922.69,62932.69,1785539232756,62984.45,62984.4,62984.5,3.19909388,0.20531191,3.46624757,0.38286481,346.1
2026-07-31T23:07:16.864+00:00,1785539234449,62921.88,62931.88,1785539235106,62984.45,62984.4,62984.5,3.34861361,0.20531191,3.6156740800000002,0.23112940999999998,356.8
2026-07-31T23:07:19.250+00:00,1785539236489,62920.05,62930.05,1785539237506,62984.45,62984.4,62984.5,3.47334498,0.20531191,3.74072265,0.23112940999999998,382.1
2026-07-31T23:07:21.648+00:00,1785539239709,62919.34,62929.34,1785539239906,62988.850000000006,62988.8,62988.9,3.79566349,0.24268456,4.12037491,0.52078058,397.3
2026-07-31T23:07:24.002+00:00,1785539241749,62923.86,62933.86,1785539242256,62988.850000000006,62988.8,62988.9,3.84144338,0.24218122,4.19574449,0.270617,352.0
2026-07-31T23:07:26.396+00:00,1785539244610,62929.59,62939.59,1785539244656,62990.75,62990.7,62990.8,4.12908976,0.09543722,5.38150743,0.49635739,389.5
2026-07-31T23:07:28.735+00:00,1785539246834,62927.26,62937.26,1785539247006,62990.75,62990.7,62990.8,4.12924344,0.09535785,5.38166111,0.5220925000000001,337.9
2026-07-31T23:07:31.095+00:00,1785539248980,62925.44,62935.44,1785539249356,62990.75,62990.7,62990.8,4.08159462,0.0940672,5.3340122899999995,0.46081779,348.3
2026-07-31T23:07:33.439+00:00,1785539251380,62928.09,62938.09,1785539251706,62990.75,62990.7,62990.8,4.1133591,0.0940672,5.36577677,0.48167145,336.4
2026-07-31T23:07:36.252+00:00,1785539254439,62928.82,62938.82,1785539254506,62990.75,62990.7,62990.8,4.11335854,0.0940672,5.36577621,0.33517419,802.7
2026-07-31T23:07:38.598+00:00,1785539256622,62927.42,62937.42,1785539256856,62990.75,62990.7,62990.8,3.58344048,0.0951449,4.147015099999999,0.46617923,343.7
2026-07-31T23:07:40.955+00:00,1785539258729,62929.43,62939.43,1785539259206,62990.75,62990.7,62990.8,3.629053,0.0951449,4.192627619999999,0.46617923,350.5
2026-07-31T23:07:43.301+00:00,1785539260897,62932.45,62942.45,1785539261556,62990.75,62990.7,62990.8,3.629053,0.08742776,4.192627619999999,0.48845910000000003,344.5
2026-07-31T23:07:45.700+00:00,1785539263114,62924.46,62934.46,1785539263956,62990.75,62990.7,62990.8,3.62837015,0.08742776,4.192687739999999,0.49101478,397.3
2026-07-31T23:07:48.040+00:00,1785539263114,62924.46,62934.46,1785539266306,62990.75,62990.7,62990.8,3.62900625,0.0850163,4.252580869999999,0.48860332000000006,338.0
2026-07-31T23:07:50.390+00:00,1785539268478,62925.35,62935.35,1785539268656,62990.75,62990.7,62990.8,3.61316855,0.0850163,4.23674317,0.48860332000000006,340.4
2026-07-31T23:07:52.753+00:00,1785539270516,62925.14,62935.14,1785539271006,62990.75,62990.7,62990.8,3.62837015,0.0850163,4.252646539999999,0.30891227,351.1
2026-07-31T23:07:55.098+00:00,1785539272569,62927.5,62937.5,1785539273356,62990.75,62990.7,62990.8,3.62823611,0.07867411,4.21403825,0.25767049999999997,343.3
2026-07-31T23:07:57.450+00:00,1785539274670,62928.58,62938.58,1785539275706,62990.75,62990.7,62990.8,3.61235345,0.07867411,4.19815559,0.25767049999999997,349.9
2026-07-31T23:07:59.798+00:00,1785539277825,62928.49,62938.49,1785539278056,62990.75,62990.7,62990.8,3.62823611,0.07867411,4.21403825,0.25767049999999997,345.9
2026-07-31T23:08:02.148+00:00,1785539280000,62928.56,62938.56,1785539280406,62990.75,62990.7,62990.8,3.629065,0.07867411,4.192725899999999,0.25767049999999997,347.6
2026-07-31T23:08:04.497+00:00,1785539282113,62928.71,62938.71,1785539282756,62990.75,62990.7,62990.8,3.66798929,0.07867411,4.231650189999999,0.25767049999999997,346.9
2026-07-31T23:08:06.855+00:00,1785539284507,62925.88,62935.88,1785539285106,62990.75,62990.7,62990.8,3.63622397,0.07629239,4.199884869999999,0.25528878,356.5
2026-07-31T23:08:09.198+00:00,1785539286770,62926.54,62936.54,1785539287456,62990.75,62990.7,62990.8,3.62034131,0.07626064,4.184002209999999,0.25525703,341.1
2026-07-31T23:08:11.549+00:00,1785539289467,62930.3,62940.3,1785539289806,62990.75,62990.7,62990.8,3.65210663,0.07602252,4.5123807099999995,0.1171544,348.8
2026-07-31T23:08:13.898+00:00,1785539291136,62932.33,62942.33,1785539292156,62990.75,62990.7,62990.8,3.66798521,0.06014703,4.528259289999999,0.28937453,347.1
2026-07-31T23:08:16.298+00:00,1785539294255,62927.45,62937.45,1785539294556,62993.05,62993.0,62993.1,3.5297681,0.47485553,4.15099744,0.68563192,398.0
2026-07-31T23:08:18.653+00:00,1785539296289,62929.59,62939.59,1785539296906,62993.05,62993.0,62993.1,3.5932967,0.02562757,4.21452604,0.23640396000000002,352.0
2026-07-31T23:08:20.999+00:00,1785539298369,62927.6,62937.6,1785539299256,62993.05,62993.0,62993.1,3.5932967,0.46264155,4.2749612,0.67341794,343.7
2026-07-31T23:08:23.394+00:00,1785539301436,62929.75,62939.75,1785539301656,62993.05,62993.0,62993.1,3.57741455,0.46285553,4.7654957,0.6736319199999999,393.3
2026-07-31T23:08:25.751+00:00,1785539303517,62930.3,62940.3,1785539304006,62993.05,62993.0,62993.1,3.5932967,0.02562757,4.2738670999999995,0.23640396000000002,351.6
2026-07-31T23:08:28.103+00:00,1785539305631,62931.11,62941.11,1785539306356,62993.05,62993.0,62993.1,3.57350064,0.02007141,4.31409944,0.23084780000000002,347.2
2026-07-31T23:08:30.449+00:00,1785539307906,62927.88,62937.88,1785539308706,62993.05,62993.0,62993.1,3.55761849,0.44678539,4.2520941500000005,0.65756178,343.4
2026-07-31T23:08:32.796+00:00,1785539310041,62925.69,62935.69,1785539311056,62993.05,62993.0,62993.1,3.35103563,0.00465399,3.50235626,0.21543038000000003,346.2
2026-07-31T23:08:35.152+00:00,1785539313330,62925.74,62935.74,1785539313406,62993.05,62993.0,62993.1,3.27243851,0.00465399,3.42375408,0.23319994000000002,350.8
2026-07-31T23:08:37.497+00:00,1785539315414,62926.02,62936.02,1785539315756,62994.649999999994,62994.6,62994.7,4.55585226,0.54887132,4.79182187,0.71473839,342.8
2026-07-31T23:08:39.892+00:00,1785539317569,62928.05,62938.05,1785539318156,62994.649999999994,62994.6,62994.7,4.55466076,0.58879675,4.79063037,0.75466382,393.5
2026-07-31T23:08:42.251+00:00,1785539319623,62928.88,62938.88,1785539320506,62994.649999999994,62994.6,62994.7,4.55494391,0.43028643,4.85091352,0.6087131299999999,349.5
2026-07-31T23:08:44.595+00:00,1785539322770,62930.11,62940.11,1785539322856,62994.649999999994,62994.6,62994.7,4.13169298,0.4311426,4.42766259,0.6095693,341.6
2026-07-31T23:08:46.951+00:00,1785539324839,62930.1,62940.1,1785539325206,62994.649999999994,62994.6,62994.7,3.99726426,0.754524,4.29323387,0.9329506999999999,348.0
2026-07-31T23:08:49.296+00:00,1785539326987,62928.3,62938.3,1785539327556,62994.649999999994,62994.6,62994.7,0.88784363,1.78090326,1.18682047,2.0935972300000003,342.3
2026-07-31T23:08:51.649+00:00,1785539329250,62927.43,62937.43,1785539329906,62994.649999999994,62994.6,62994.7,1.05333612,1.07077655,1.1907692800000003,1.66982571,347.6
2026-07-31T23:08:53.998+00:00,1785539331427,62929.94,62939.94,1785539332256,62994.649999999994,62994.6,62994.7,0.8719618,1.23377834,1.13347313,1.8328275,346.5
2026-07-31T23:08:56.345+00:00,1785539333633,62928.2,62938.2,1785539334606,62994.649999999994,62994.6,62994.7,0.88784363,1.19487834,1.3294736700000003,1.74816336,342.8
2026-07-31T23:08:58.698+00:00,1785539336708,62925.86,62935.86,1785539336956,62994.649999999994,62994.6,62994.7,0.98768725,1.19397834,1.42931729,1.7472633599999998,349.1
2026-07-31T23:09:01.047+00:00,1785539338750,62924.37,62934.37,1785539339306,62994.649999999994,62994.6,62994.7,1.32768725,1.19397834,1.7693172900000003,1.7472633599999998,347.2
2026-07-31T23:09:03.397+00:00,1785539340916,62921.6,62931.6,1785539341656,62994.649999999994,62994.6,62994.7,1.58768725,1.03012641,2.5058219200000003,1.58341143,342.8
2026-07-31T23:09:05.756+00:00,1785539343027,62921.55,62931.55,1785539344006,62994.649999999994,62994.6,62994.7,1.31180542,1.16737884,2.22994009,1.7206638600000002,352.4
2026-07-31T23:09:08.103+00:00,1785539346237,62921.46,62931.46,1785539346356,62994.649999999994,62994.6,62994.7,0.85401644,1.16737884,1.7154213900000002,1.7206638600000002,343.2
2026-07-31T23:09:10.450+00:00,1785539348350,62921.43,62931.43,1785539348706,62994.649999999994,62994.6,62994.7,1.35401644,1.0028471,1.7395114700000003,1.55613212,344.5
2026-07-31T23:09:12.800+00:00,1785539350546,62921.35,62931.35,1785539351056,62994.649999999994,62994.6,62994.7,1.35401644,1.0242471,1.7395114700000003,1.5775321199999999,347.8
2026-07-31T23:09:15.151+00:00,1785539352706,62921.32,62931.32,1785539353406,62994.649999999994,62994.6,62994.7,0.8857801,1.02421536,1.3297071100000002,1.57750038,349.0
2026-07-31T23:09:17.501+00:00,1785539354769,62921.26,62931.26,1785539355756,62994.649999999994,62994.6,62994.7,0.95623353,1.28452496,1.26419688,1.8378099799999998,347.3
2026-07-31T23:09:19.851+00:00,1785539358071,62921.16,62931.16,1785539358106,62994.649999999994,62994.6,62994.7,0.90419706,1.3302891,1.2205481999999999,1.94357412,348.6
2026-07-31T23:09:22.253+00:00,1785539360250,62921.09,62931.09,1785539360506,62994.649999999994,62994.6,62994.7,0.90419706,1.32235193,1.52716627,1.7956459000000002,400.1
2026-07-31T23:09:24.600+00:00,1785539362447,62921.07,62931.07,1785539362856,62994.649999999994,62994.6,62994.7,0.90419706,1.15867257,1.6609971000000001,1.63196654,346.1
2026-07-31T23:09:26.951+00:00,1785539364709,62920.99,62930.99,1785539365206,62994.649999999994,62994.6,62994.7,0.90419706,1.11311908,1.9603332800000002,1.58641305,348.9
2026-07-31T23:09:29.294+00:00,1785539366759,62920.94,62930.94,1785539367556,62994.649999999994,62994.6,62994.7,1.29647237,1.15888554,1.7813242,1.6321795100000003,341.7
2026-07-31T23:09:31.653+00:00,1785539368987,62920.87,62930.87,1785539369906,62994.649999999994,62994.6,62994.7,0.88823603,1.15888554,1.53527171,1.6321795100000003,347.5
2026-07-31T23:09:34.049+00:00,1785539372041,62920.81,62930.81,1785539372306,62994.649999999994,62994.6,62994.7,1.37183603,1.15888554,2.4003267000000004,1.6012436,394.2
2026-07-31T23:09:36.403+00:00,1785539373094,62920.79,62930.79,1785539374656,62994.649999999994,62994.6,62994.7,1.48771786,1.15978554,2.51620853,1.6021436,352.5
2026-07-31T23:09:38.753+00:00,1785539376279,62921.35,62931.35,1785539377006,62994.649999999994,62994.6,62994.7,1.33911867,1.16038525,2.36760934,1.6394644900000002,347.5
2026-07-31T23:09:41.103+00:00,1785539378507,62921.74,62931.74,1785539379356,62994.649999999994,62994.6,62994.7,1.38676416,1.15948525,2.4152548300000003,1.63856449,346.1
2026-07-31T23:09:43.454+00:00,1785539380629,62920.71,62930.71,1785539381706,62994.649999999994,62994.6,62994.7,1.44676416,1.15948525,2.48124739,1.63856449,347.8
2026-07-31T23:09:45.801+00:00,1785539383829,62920.67,62930.67,1785539384056,62994.649999999994,62994.6,62994.7,1.82676416,1.09948525,2.8612473900000004,1.4368815100000003,343.8
2026-07-31T23:09:48.152+00:00,1785539384987,62920.65,62930.65,1785539386406,62994.649999999994,62994.6,62994.7,2.03905467,0.78293417,3.04793671,0.9613608699999999,347.2
2026-07-31T23:09:50.502+00:00,1785539384987,62920.65,62930.65,1785539388756,62994.649999999994,62994.6,62994.7,2.07081833,0.40693816,3.07970037,0.58536486,347.3
2026-07-31T23:09:52.901+00:00,1785539390343,62921.76,62931.76,1785539391156,62994.649999999994,62994.6,62994.7,2.0549365,0.40693816,3.06381854,0.58536486,397.2
2026-07-31T23:09:55.253+00:00,1785539391357,62920.65,62930.65,1785539393506,62994.649999999994,62994.6,62994.7,2.14070589,0.61542195,3.14958793,0.7938486499999999,349.1
2026-07-31T23:09:57.604+00:00,1785539395409,62927.8,62937.8,1785539395856,62994.649999999994,62994.6,62994.7,0.18478305,1.56859323,0.68767715,1.9254050600000001,350.1
2026-07-31T23:09:59.956+00:00,1785539396880,62925.17,62935.17,1785539398206,62990.75,62990.7,62990.8,1.36629316,3.39278207,1.5431190599999998,3.90287228,350.2
2026-07-31T23:10:02.304+00:00,1785539399390,62922.1,62932.1,1785539400556,62990.75,62990.7,62990.8,0.62759481,3.39903588,1.17378177,3.99919877,345.3
2026-07-31T23:10:04.697+00:00,1785539401869,62920.17,62930.17,1785539402956,62990.75,62990.7,62990.8,0.05569225,3.23404537,0.33643277,3.77365417,389.8
2026-07-31T23:10:07.052+00:00,1785539404429,62918.52,62928.52,1785539405306,62990.75,62990.7,62990.8,0.61026628,3.23404537,0.88538706,3.77365417,347.3
2026-07-31T23:10:09.401+00:00,1785539406604,62914.79,62924.79,1785539407656,62990.75,62990.7,62990.8,0.13322719,3.23404537,0.39244054,3.83335925,346.7
2026-07-31T23:10:11.764+00:00,1785539409714,62914.8,62924.8,1785539410006,62990.75,62990.7,62990.8,0.7049331,3.30400537,0.9776941600000001,3.90331925,360.3
2026-07-31T23:10:14.103+00:00,1785539409714,62914.8,62924.8,1785539412356,62990.75,62990.7,62990.8,0.13322737,3.30400537,0.44373046,3.90331925,336.9
2026-07-31T23:10:16.452+00:00,1785539413007,62914.81,62924.81,1785539414706,62990.75,62990.7,62990.8,0.55962028,3.30400537,0.6904931200000001,3.90331925,347.2
2026-07-31T23:10:18.805+00:00,1785539413007,62914.81,62924.81,1785539417056,62990.75,62990.7,62990.8,0.03960126,3.30505315,0.34679376999999995,3.90436703,350.3
2026-07-31T23:10:21.201+00:00,1785539418589,62916.11,62926.11,1785539419456,62990.75,62990.7,62990.8,0.64727899,3.30176961,0.90538888,3.87185982,394.4
2026-07-31T23:10:23.552+00:00,1785539421712,62915.06,62925.06,1785539421806,62990.75,62990.7,62990.8,0.70350241,3.30176961,0.97920714,3.87185982,349.4
2026-07-31T23:10:25.901+00:00,1785539422712,62914.83,62924.83,1785539424156,62990.75,62990.7,62990.8,0.11417221,3.30176961,0.42335739,3.90124733,346.2
2026-07-31T23:10:28.251+00:00,1785539422712,62914.83,62924.83,1785539426506,62990.75,62990.7,62990.8,0.67949721,3.3027701,0.99252857,3.7728603099999996,349.1
2026-07-31T23:10:30.595+00:00,1785539428340,62914.84,62924.84,1785539428856,62990.75,62990.7,62990.8,1.15418777,2.86308018,1.4688791700000001,3.1553015699999993,341.3
2026-07-31T23:10:32.960+00:00,1785539430607,62916.73,62926.73,1785539431206,62990.75,62990.7,62990.8,1.21418777,2.8604792,1.5288791700000002,3.0934767999999995,355.3
2026-07-31T23:10:35.303+00:00,1785539432711,62917.88,62927.88,1785539433556,62990.75,62990.7,62990.8,1.45720547,2.8604792,1.68087911,3.0934665899999993,340.7
2026-07-31T23:10:37.653+00:00,1785539434849,62918.11,62928.11,1785539435906,62990.75,62990.7,62990.8,1.46026054,2.6604792,1.68393418,2.8934665899999996,348.5
2026-07-31T23:10:40.005+00:00,1785539438150,62927.69,62937.69,1785539438256,62990.75,62990.7,62990.8,1.64735996,0.14544879,1.8625288099999997,0.42842196999999993,348.6
2026-07-31T23:10:42.354+00:00,1785539440269,62925.25,62935.25,1785539440606,62990.75,62990.7,62990.8,2.09952351,0.20733642,2.22683279,0.41985934999999996,347.6
2026-07-31T23:10:44.705+00:00,1785539442417,62925.59,62935.59,1785539442956,62990.75,62990.7,62990.8,1.9390708,0.20733642,2.06638008,0.40854759999999996,349.2
2026-07-31T23:10:47.047+00:00,1785539444450,62929.39,62939.39,1785539445306,62990.75,62990.7,62990.8,1.9390708,0.20733642,2.06638008,0.40854759999999996,340.1
2026-07-31T23:10:49.404+00:00,1785539446548,62927.02,62937.02,1785539447656,62990.75,62990.7,62990.8,1.9390708,0.74645959,2.06638008,0.9476707699999999,347.2
2026-07-31T23:10:51.760+00:00,1785539449090,62925.58,62935.58,1785539450006,62990.75,62990.7,62990.8,2.09221694,0.20715386,2.21952622,0.40836503999999996,351.9
2026-07-31T23:10:54.101+00:00,1785539451307,62928.23,62938.23,1785539452356,62990.75,62990.7,62990.8,2.24150359,0.20539277,2.53493131,0.40660394999999994,339.1
2026-07-31T23:10:56.451+00:00,1785539454560,62930.54,62940.54,1785539454706,62990.75,62990.7,62990.8,1.98280337,0.20539277,2.27623109,0.40660394999999994,348.6
2026-07-31T23:10:58.805+00:00,1785539456907,62927.24,62937.24,1785539457056,62990.75,62990.7,62990.8,2.10986345,0.20539277,2.40329117,0.40660394999999994,351.4
2026-07-31T23:11:01.156+00:00,1785539458457,62927.74,62937.74,1785539459406,62990.75,62990.7,62990.8,1.93970517,0.20726106,2.2331328900000003,0.40847223999999993,348.8
2026-07-31T23:11:03.504+00:00,1785539461509,62927.43,62937.43,1785539461756,62990.75,62990.7,62990.8,1.93991364,0.20726106,2.2333413600000003,0.40847223999999993,345.8
2026-07-31T23:11:05.855+00:00,1785539463550,62928.74,62938.74,1785539464106,62990.75,62990.7,62990.8,1.93991364,0.19933074,2.2333413600000003,0.40054192,348.6
2026-07-31T23:11:08.205+00:00,1785539465659,62928.69,62938.69,1785539466456,62990.75,62990.7,62990.8,1.93991364,0.20401074,2.2333413600000003,0.40522191999999996,347.8
2026-07-31T23:11:10.557+00:00,1785539467870,62927.28,62937.28,1785539468806,62990.75,62990.7,62990.8,1.93991364,0.20401074,2.2333413600000003,0.40522191999999996,349.7
2026-07-31T23:11:12.909+00:00,1785539469910,62930.76,62940.76,1785539471156,62990.75,62990.7,62990.8,2.09125642,0.19998645,2.38468414,0.40119762999999997,349.7
2026-07-31T23:11:15.257+00:00,1785539473409,62926.64,62936.64,1785539473506,62990.75,62990.7,62990.8,1.97737221,0.20401645,2.27079993,0.40522762999999995,345.9
2026-07-31T23:11:17.655+00:00,1785539475469,62927.52,62937.52,1785539475906,62990.75,62990.7,62990.8,2.66424847,0.19669058,2.95767619,0.5492506500000001,395.9
2026-07-31T23:11:20.005+00:00,1785539477921,62943.02,62953.02,1785539478256,63002.55,63002.5,63002.6,3.56108304,0.04153255,4.17605916,0.22137199999999999,349.4
2026-07-31T23:11:22.406+00:00,1785539480187,62935.06,62945.06,1785539480656,63003.350000000006,63003.3,63003.4,3.9949332,0.24934146,5.195969959999999,0.30000533,397.5
2026-07-31T23:11:24.759+00:00,1785539482423,62935.11,62945.11,1785539483006,63003.350000000006,63003.3,63003.4,4.12197264,0.24934146,5.3830094,0.30000533,351.0
2026-07-31T23:11:27.110+00:00,1785539484443,62935.61,62945.61,1785539485356,63003.350000000006,63003.3,63003.4,3.94936025,0.98655841,4.2193687299999985,1.03720771,344.1
2026-07-31T23:11:29.457+00:00,1785539487221,62942.76,62952.76,1785539487706,63003.350000000006,63003.3,63003.4,3.93560324,0.99693549,4.178407059999999,1.00872941,344.1
2026-07-31T23:11:31.805+00:00,1785539489998,62941.8,62951.8,1785539490056,63003.350000000006,63003.3,63003.4,3.95144554,0.58078962,4.258833519999999,0.7700513999999999,346.7
2026-07-31T23:11:34.157+00:00,1785539491041,62939.42,62949.42,1785539492406,63003.350000000006,63003.3,63003.4,3.87204589,0.63619535,4.179433869999999,0.87121251,348.9
2026-07-31T23:11:36.506+00:00,1785539494170,62940.1,62950.1,1785539494756,63003.350000000006,63003.3,63003.4,3.95144554,0.57548614,4.258833519999999,0.8105032999999999,346.7
2026-07-31T23:11:38.859+00:00,1785539496402,62942.49,62952.49,1785539497106,63003.350000000006,63003.3,63003.4,3.95144554,0.59750169,4.258833519999999,0.8325188499999999,352.2
2026-07-31T23:11:41.206+00:00,1785539498635,62939.93,62949.93,1785539499456,63003.350000000006,63003.3,63003.4,3.95144554,0.59651598,4.258833519999999,0.8315331399999999,341.9
2026-07-31T23:11:43.555+00:00,1785539501686,62937.61,62947.61,1785539501806,63003.350000000006,63003.3,63003.4,1.71846009,1.19726503,1.9280433999999997,1.39281086,347.0
2026-07-31T23:11:45.954+00:00,1785539504062,62935.05,62945.05,1785539504206,63003.350000000006,63003.3,63003.4,0.14309741,1.73517919,0.85630682,2.2287935099999996,397.6
2026-07-31T23:11:48.307+00:00,1785539506301,62925.92,62935.92,1785539506556,63003.350000000006,63003.3,63003.4,0.61590878,1.44246031,1.07893412,1.88410052,349.3
2026-07-31T23:11:50.656+00:00,1785539508306,62913.03,62923.03,1785539508906,62983.850000000006,62983.8,62983.9,0.56707666,2.03771513,0.7923750500000001,2.12391482,347.9
2026-07-31T23:11:53.008+00:00,1785539510363,62916.34,62926.34,1785539511256,62983.850000000006,62983.8,62983.9,0.55622666,1.99006084,0.8289960800000001,2.07626053,349.9
2026-07-31T23:11:55.361+00:00,1785539513531,62912.03,62922.03,1785539513606,62983.850000000006,62983.8,62983.9,1.44294884,0.83465242,2.0190641599999997,0.91620913,347.5
2026-07-31T23:11:57.705+00:00,1785539515707,62912.15,62922.15,1785539515956,62983.850000000006,62983.8,62983.9,0.73095063,0.83537803,1.5307325,0.9215777199999999,341.8
2026-07-31T23:12:00.055+00:00,1785539517799,62910.12,62920.12,1785539518306,62983.850000000006,62983.8,62983.9,0.73039019,1.32702911,1.32846727,1.4132288,348.6
2026-07-31T23:12:02.392+00:00,1785539519885,62909.58,62919.58,1785539520656,62983.850000000006,62983.8,62983.9,1.16963081,1.16342911,1.57734982,1.2496288,332.9
2026-07-31T23:12:04.764+00:00,1785539522071,62909.3,62919.3,1785539523006,62983.850000000006,62983.8,62983.9,1.16963081,1.1620528,1.57734982,1.24825249,358.1
2026-07-31T23:12:07.105+00:00,1785539525190,62909.38,62919.38,1785539525356,62983.850000000006,62983.8,62983.9,1.36034543,0.85872744,1.7724883399999998,0.94492713,339.1
2026-07-31T23:12:09.456+00:00,1785539527240,62913.21,62923.21,1785539527706,62983.850000000006,62983.8,62983.9,1.42686807,0.37487341,1.8390109799999999,0.4518074000000001,350.2
2026-07-31T23:12:11.805+00:00,1785539529506,62913.7,62923.7,1785539530056,62983.850000000006,62983.8,62983.9,1.26326807,0.38287868,1.67634558,0.4690783700000001,346.4
2026-07-31T23:12:14.163+00:00,1785539531755,62913.78,62923.78,1785539532406,62983.850000000006,62983.8,62983.9,1.26326807,0.38375932,1.67634558,0.46995901000000007,355.5
2026-07-31T23:12:16.554+00:00,1785539533929,62913.83,62923.83,1785539534806,62983.850000000006,62983.8,62983.9,1.42686807,0.38212649,2.00530166,0.40746673,388.5
2026-07-31T23:12:18.904+00:00,1785539537017,62913.9,62923.9,1785539537156,62983.850000000006,62983.8,62983.9,0.76402745,1.23902061,1.19897714,1.26781253,341.4
2026-07-31T23:12:21.258+00:00,1785539538792,62906.75,62916.75,1785539539506,62983.850000000006,62983.8,62983.9,0.03038397,2.16821937,0.03181796,2.24149419,344.4
2026-07-31T23:12:23.608+00:00,1785539541313,62904.58,62914.58,1785539541856,62976.55,62976.5,62976.6,1.0501217,1.59605251,1.97669066,2.04512277,349.6
2026-07-31T23:12:25.955+00:00,1785539543379,62904.6,62914.6,1785539544206,62976.55,62976.5,62976.6,1.35282604,0.9201082,2.279395,1.1199349200000002,345.7
2026-07-31T23:12:28.303+00:00,1785539546499,62905.76,62915.76,1785539546556,62976.55,62976.5,62976.6,1.31072202,0.91964525,2.23729098,0.93196037,346.4
2026-07-31T23:12:30.608+00:00,1785539548591,62907.4,62917.4,1785539548856,62976.55,62976.5,62976.6,1.34219885,0.92820809,2.26876781,0.9928248500000001,302.5
2026-07-31T23:12:32.953+00:00,1785539550729,62904.65,62914.65,1785539551206,62976.55,62976.5,62976.6,1.31566232,0.92731815,2.24223128,0.99333721,343.5
2026-07-31T23:12:35.306+00:00,1785539552825,62904.67,62914.67,1785539553556,62976.55,62976.5,62976.6,1.35753936,0.92729782,2.28410832,0.98756202,350.8
2026-07-31T23:12:37.659+00:00,1785539553953,62904.68,62914.68,1785539555906,62976.55,62976.5,62976.6,1.33893534,0.92704503,1.58636701,0.9868410200000001,349.9
2026-07-31T23:12:40.007+00:00,1785539556171,62904.69,62914.69,1785539558256,62976.55,62976.5,62976.6,1.32250281,0.92703427,1.5699344800000001,0.9880100800000001,345.7
2026-07-31T23:12:42.354+00:00,1785539560438,62909.94,62919.94,1785539560606,62976.55,62976.5,62976.6,1.1135709,0.92793427,1.43000383,0.98399226,342.9
2026-07-31T23:12:44.700+00:00,1785539562479,62911.99,62921.99,1785539562956,62976.55,62976.5,62976.6,1.13989482,0.9262091,1.45632775,0.9385706800000001,340.9
2026-07-31T23:12:47.056+00:00,1785539564707,62911.12,62921.12,1785539565306,62976.55,62976.5,62976.6,1.35223655,0.9262091,1.5774912799999998,0.93940244,348.0
2026-07-31T23:12:49.407+00:00,1785539566830,62911.72,62921.72,1785539567656,62976.55,62976.5,62976.6,1.29872971,0.9262091,1.52398444,0.95371303,347.8
2026-07-31T23:12:51.761+00:00,1785539568906,62908.07,62918.07,1785539570006,62976.55,62976.5,62976.6,1.13512971,0.92612971,1.3603844399999998,0.95363985,351.7
2026-07-31T23:12:54.107+00:00,1785539571301,62902.34,62912.34,1785539572356,62976.55,62976.5,62976.6,0.81755162,1.46004886,0.93839236,1.4870344699999998,343.3
2026-07-31T23:12:56.509+00:00,1785539574490,62906.72,62916.72,1785539574756,62976.55,62976.5,62976.6,0.82352255,1.46004886,0.94436329,1.4870344699999998,398.7
2026-07-31T23:12:58.859+00:00,1785539576762,62904.53,62914.53,1785539577106,62976.55,62976.5,62976.6,0.82345355,1.28992263,0.94429429,1.3169082399999998,346.9
2026-07-31T23:13:01.207+00:00,1785539578838,62902.87,62912.87,1785539579456,62976.55,62976.5,62976.6,0.82331255,1.28992263,0.94415329,1.3169082399999998,346.7
2026-07-31T23:13:03.560+00:00,1785539580925,62904.95,62914.95,1785539581806,62976.55,62976.5,62976.6,1.10881382,1.22992263,1.22965456,1.2569082399999998,349.8
2026-07-31T23:13:05.908+00:00,1785539583106,62905.85,62915.85,1785539584156,62976.55,62976.5,62976.6,0.8229336,1.22992263,0.94377434,1.2569082399999998,345.1
2026-07-31T23:13:08.260+00:00,1785539585285,62904.64,62914.64,1785539586506,62976.55,62976.5,62976.6,0.09050852,2.12626124,0.21134925999999998,2.157888469999999,350.5
2026-07-31T23:13:10.605+00:00,1785539588681,62902.34,62912.34,1785539588856,62976.55,62976.5,62976.6,0.60655094,2.18626124,0.69987593,2.2295433099999995,342.5
2026-07-31T23:13:12.955+00:00,1785539591098,62899.57,62909.57,1785539591206,62976.55,62976.5,62976.6,0.02530952,2.19379516,0.11863544,2.24376317,348.3
2026-07-31T23:13:15.309+00:00,1785539593444,62898.54,62908.54,1785539593556,62976.55,62976.5,62976.6,0.02530952,2.19379516,0.11863544,2.2673278299999997,352.0
2026-07-31T23:13:17.707+00:00,1785539595752,62897.74,62907.74,1785539595956,62973.45,62973.4,62973.5,0.70174469,3.30902922,1.073517,3.52192237,384.9
2026-07-31T23:13:20.060+00:00,1785539597550,62898.8,62908.8,1785539598306,62973.45,62973.4,62973.5,0.72012775,3.20184535,1.09190006,3.41899097,351.1
2026-07-31T23:13:22.400+00:00,1785539599703,62900.68,62910.68,1785539600656,62973.45,62973.4,62973.5,0.74778375,3.14184535,0.8665575200000001,3.3590093299999997,336.5
2026-07-31T23:13:24.763+00:00,1785539601982,62904.85,62914.85,1785539603006,62973.45,62973.4,62973.5,0.67532095,3.14502452,0.91276626,3.1653373800000004,354.9
2026-07-31T23:13:27.107+00:00,1785539605184,62910.02,62920.02,1785539605356,62973.45,62973.4,62973.5,0.69964691,3.20256318,1.05067581,3.2228654,339.4
2026-07-31T23:13:29.460+00:00,1785539607293,62909.01,62919.01,1785539607706,62973.45,62973.4,62973.5,0.63609651,3.20256318,0.89070115,3.22313093,351.0
2026-07-31T23:13:31.807+00:00,1785539609359,62907.79,62917.79,1785539610056,62973.45,62973.4,62973.5,0.70608411,3.16656318,1.03285865,3.18713945,345.5
2026-07-31T23:13:34.157+00:00,1785539611447,62909.88,62919.88,1785539612406,62973.45,62973.4,62973.5,0.76677171,3.1643817,0.8855454800000001,3.18493701,346.9
2026-07-31T23:13:36.509+00:00,1785539614491,62909.43,62919.43,1785539614756,62973.45,62973.4,62973.5,0.62570055,3.16328601,0.87949728,3.1838312500000003,351.4
2026-07-31T23:13:38.860+00:00,1785539616516,62909.28,62919.28,1785539617106,62973.45,62973.4,62973.5,0.72227473,3.16328601,0.97687937,3.1838312500000003,348.4
2026-07-31T23:13:41.205+00:00,1785539617527,62910.39,62920.39,1785539619456,62973.45,62973.4,62973.5,0.78920613,3.16328601,1.03750184,3.1839455800000005,342.2
2026-07-31T23:13:43.556+00:00,1785539620849,62910.49,62920.49,1785539621806,62973.45,62973.4,62973.5,0.80385362,3.16328601,0.9226273900000002,3.17986854,349.2
2026-07-31T23:13:45.916+00:00,1785539623292,62910.55,62920.55,1785539624156,62973.45,62973.4,62973.5,0.77207842,3.00914228,0.8908521900000002,3.02571938,358.0
2026-07-31T23:13:48.261+00:00,1785539625464,62910.61,62920.61,1785539626506,62973.45,62973.4,62973.5,0.79371679,3.21241417,0.9124905600000001,3.22901643,343.7
2026-07-31T23:13:50.611+00:00,1785539628626,62910.7,62920.7,1785539628856,62973.45,62973.4,62973.5,0.77782919,3.21615026,1.09736305,3.2327721,348.0
2026-07-31T23:13:52.961+00:00,1785539630808,62910.75,62920.75,1785539631206,62973.45,62973.4,62973.5,0.4458636,3.21615026,0.77296105,3.23274888,346.2
2026-07-31T23:13:55.309+00:00,1785539632866,62910.8,62920.8,1785539633556,62973.45,62973.4,62973.5,0.6111768,3.21615026,1.25570639,3.23274406,343.9
2026-07-31T23:13:57.658+00:00,1785539635240,62909.89,62919.89,1785539635906,62973.45,62973.4,62973.5,0.59187705,3.22556541,1.0742148800000002,3.2461099300000003,346.6
2026-07-31T23:14:00.010+00:00,1785539637349,62906.47,62916.47,1785539638256,62973.45,62973.4,62973.5,0.49655145,3.22548284,1.1410810400000002,3.2460273600000003,348.8
2026-07-31T23:14:02.362+00:00,1785539639508,62917.5,62927.5,1785539640606,62973.45,62973.4,62973.5,2.60721969,0.2052374,3.67922963,0.39741033000000003,350.3
2026-07-31T23:14:04.709+00:00,1785539642638,62920.66,62930.66,1785539642956,62973.45,62973.4,62973.5,2.60681469,0.2049226,3.6788246300000003,0.39709553000000003,345.9
2026-07-31T23:14:07.063+00:00,1785539644703,62920.04,62930.04,1785539645306,62973.45,62973.4,62973.5,2.43748461,0.351349,2.8505023299999994,0.3665102800000001,352.5
2026-07-31T23:14:09.416+00:00,1785539647340,62919.53,62929.53,1785539647656,62973.45,62973.4,62973.5,1.59162017,0.2601825,1.80250294,0.6437757700000001,349.7
2026-07-31T23:14:11.774+00:00,1785539649796,62908.89,62918.89,1785539650006,62973.45,62973.4,62973.5,1.85522017,0.26018075,2.2014743099999996,0.63870654,357.3
2026-07-31T23:14:14.157+00:00,1785539651924,62911.76,62921.76,1785539652406,62973.45,62973.4,62973.5,2.57852333,0.30596402,2.6972970999999997,0.4855013700000001,381.7
2026-07-31T23:14:16.507+00:00,1785539654249,62909.55,62919.55,1785539654756,62973.45,62973.4,62973.5,2.57852333,0.30496348,2.6972970999999997,0.48430281000000003,344.0
2026-07-31T23:14:18.861+00:00,1785539656503,62908.08,62918.08,1785539657106,62973.45,62973.4,62973.5,2.57852333,0.10596753,2.73622531,0.44101694,351.6
2026-07-31T23:14:21.204+00:00,1785539658794,62908.24,62918.24,1785539659456,62973.45,62973.4,62973.5,2.4376371,0.10496753,2.59533908,0.3148319,339.8
2026-07-31T23:14:23.558+00:00,1785539660900,62908.12,62918.12,1785539661806,62973.45,62973.4,62973.5,2.5685374,0.10560545,2.72623938,0.32437689000000003,345.2
2026-07-31T23:14:25.910+00:00,1785539663989,62911.24,62921.24,1785539664156,62973.45,62973.4,62973.5,2.6485374,0.10452764,2.7673111699999997,0.32329908,349.2
2026-07-31T23:14:28.257+00:00,1785539666209,62911.09,62921.09,1785539666506,62973.45,62973.4,62973.5,2.49558148,0.10452764,2.6143552499999996,0.32329908,345.8
2026-07-31T23:14:30.608+00:00,1785539668353,62911.57,62921.57,1785539668856,62973.45,62973.4,62973.5,2.51117321,0.10452764,2.6299469799999997,0.32329908,345.4
2026-07-31T23:14:32.958+00:00,1785539670631,62914.46,62924.46,1785539671206,62973.45,62973.4,62973.5,2.51117321,0.05042764,2.6299469799999997,0.26919908000000004,342.8
2026-07-31T23:14:35.313+00:00,1785539672749,62913.75,62923.75,1785539673556,62973.45,62973.4,62973.5,2.61528755,0.05042764,2.73406132,0.26919908000000004,352.3
2026-07-31T23:14:37.664+00:00,1785539675849,62910.94,62920.94,1785539675906,62976.75,62976.7,62976.8,4.42901609,0.69203273,5.77417756,0.9291823099999998,348.6
2026-07-31T23:14:40.013+00:00,1785539678199,62912.54,62922.54,1785539678256,62976.75,62976.7,62976.8,3.96786367,0.79299156,5.31302514,0.98441306,346.5
2026-07-31T23:14:42.360+00:00,1785539680259,62915.5,62925.5,1785539680606,62976.75,62976.7,62976.8,4.14416993,0.22864006,4.91560336,0.52950431,345.7
2026-07-31T23:14:44.709+00:00,1785539682480,62915.42,62925.42,1785539682956,62976.75,62976.7,62976.8,4.14416993,0.05606944,4.91560336,0.31200321,344.8
2026-07-31T23:14:47.064+00:00,1785539684739,62916.08,62926.08,1785539685306,62979.75,62979.7,62979.8,3.67997199,0.81258809,4.14104749,0.98411822,349.6
2026-07-31T23:14:49.411+00:00,1785539686827,62916.66,62926.66,1785539687656,62979.75,62979.7,62979.8,2.98704199,0.99415871,3.33334055,1.21345802,345.9
2026-07-31T23:14:51.758+00:00,1785539688950,62915.37,62925.37,1785539690006,62979.75,62979.7,62979.8,2.99655289,1.00394781,3.34285145,1.2232296700000003,344.8
2026-07-31T23:14:54.108+00:00,1785539691290,62914.88,62924.88,1785539692356,62979.75,62979.7,62979.8,2.99655289,1.00394781,3.34285145,1.2232296700000003,338.1
2026-07-31T23:14:56.511+00:00,1785539694410,62913.7,62923.7,1785539694756,62979.75,62979.7,62979.8,2.99655289,1.00394781,3.34285145,1.22312602,397.0
2026-07-31T23:14:58.861+00:00,1785539696439,62914.75,62924.75,1785539697106,62979.75,62979.7,62979.8,2.99655289,0.96758043,3.34285145,1.2132616,348.3
2026-07-31T23:15:01.212+00:00,1785539698492,62915.51,62925.51,1785539699456,62979.75,62979.7,62979.8,2.99655289,0.96758043,3.34285145,1.2132616,348.1
2026-07-31T23:15:03.558+00:00,1785539701740,62915.75,62925.75,1785539701806,62979.75,62979.7,62979.8,2.96478157,0.96658043,3.31108013,1.2122616,344.1
2026-07-31T23:15:05.913+00:00,1785539703799,62916.26,62926.26,1785539704156,62979.75,62979.7,62979.8,2.98035439,0.95035991,3.32665295,1.1358632899999999,352.8
2026-07-31T23:15:08.267+00:00,1785539706350,62913.26,62923.26,1785539706506,62979.75,62979.7,62979.8,2.99624005,0.95035991,3.1842849099999997,0.99511984,351.9
2026-07-31T23:15:10.614+00:00,1785539708440,62909.8,62919.8,1785539708856,62979.75,62979.7,62979.8,3.02561035,0.43128961,3.21314274,0.6033984,344.1
2026-07-31T23:15:12.963+00:00,1785539710589,62909.84,62919.84,1785539711206,62979.75,62979.7,62979.8,3.02529751,0.42871736,3.2128299,0.47350734999999994,347.2
2026-07-31T23:15:15.313+00:00,1785539712650,62910.7,62920.7,1785539713556,62979.75,62979.7,62979.8,3.02529751,0.50665463,3.2125855800000003,0.61071337,349.7
2026-07-31T23:15:17.715+00:00,1785539714850,62911.49,62921.49,1785539715956,62979.75,62979.7,62979.8,3.02429795,0.45355517,3.21158602,0.5576139099999999,397.9
2026-07-31T23:15:20.120+00:00,1785539716990,62910.38,62920.38,1785539718356,62979.75,62979.7,62979.8,2.99252663,0.453317,3.1798147,0.55737574,393.6
2026-07-31T23:15:22.461+00:00,1785539719089,62909.99,62919.99,1785539720706,62979.75,62979.7,62979.8,0.94446297,1.06207131,1.2920757100000002,1.2526655500000001,340.6
2026-07-31T23:15:24.812+00:00,1785539722492,62909.96,62919.96,1785539723056,62979.75,62979.7,62979.8,1.01513429,1.06175375,1.34681574,1.25234799,348.5
2026-07-31T23:15:27.163+00:00,1785539724700,62907.85,62917.85,1785539725406,62979.75,62979.7,62979.8,1.03191995,0.89389157,1.3997497700000001,1.20039254,348.9
2026-07-31T23:15:29.513+00:00,1785539726708,62907.09,62917.09,1785539727756,62979.75,62979.7,62979.8,1.0915877,0.89389157,1.41395782,1.20042739,348.4
2026-07-31T23:15:31.862+00:00,1785539729029,62906.88,62916.88,1785539730106,62979.75,62979.7,62979.8,1.0915877,0.89389157,1.41395782,1.19591361,347.5
2026-07-31T23:15:34.216+00:00,1785539732261,62906.72,62916.72,1785539732456,62979.75,62979.7,62979.8,1.0915877,0.89357401,1.41395782,1.19559605,350.6
2026-07-31T23:15:36.573+00:00,1785539734450,62906.68,62916.68,1785539734806,62979.75,62979.7,62979.8,1.0904877,0.89357401,1.41248895,1.19559605,353.9
2026-07-31T23:15:38.915+00:00,1785539736543,62906.65,62916.65,1785539737156,62979.75,62979.7,62979.8,1.0904877,1.05817448,1.41248895,1.3646173599999998,341.0
2026-07-31T23:15:41.264+00:00,1785539738630,62911.67,62921.67,1785539739506,62979.75,62979.7,62979.8,1.0904877,0.89457448,1.41248895,1.19659652,346.8
2026-07-31T23:15:43.615+00:00,1785539740779,62911.38,62921.38,1785539741856,62979.75,62979.7,62979.8,1.0901677,0.89457448,1.43553105,1.19659652,349.2
2026-07-31T23:15:45.964+00:00,1785539743001,62909.5,62919.5,1785539744206,62979.75,62979.7,62979.8,1.0900377,0.89457448,1.43540105,1.19659652,347.9
2026-07-31T23:15:48.317+00:00,1785539746389,62909.59,62919.59,1785539746556,62979.75,62979.7,62979.8,1.08903612,0.87997224,1.43439947,1.18199428,349.9
2026-07-31T23:15:50.667+00:00,1785539748520,62908.65,62918.65,1785539748906,62979.75,62979.7,62979.8,1.08863612,0.87997224,1.43399947,1.18199428,348.5
2026-07-31T23:15:53.013+00:00,1785539750650,62910.21,62920.21,1785539751256,62979.75,62979.7,62979.8,1.0568648,0.87997224,1.40222815,1.18199428,344.2
2026-07-31T23:15:55.361+00:00,1785539752751,62912.95,62922.95,1785539753606,62979.75,62979.7,62979.8,1.02509348,0.87997224,1.37045683,1.18199428,346.1
2026-07-31T23:15:57.721+00:00,1785539755880,62912.11,62922.11,1785539755956,62979.75,62979.7,62979.8,0.96921562,0.87997224,1.3145789700000001,1.1864035,358.3
2026-07-31T23:16:00.067+00:00,1785539758107,62911.78,62921.78,1785539758306,62979.75,62979.7,62979.8,1.06452958,0.87997224,1.40989293,1.18199428,345.2
2026-07-31T23:16:02.415+00:00,1785539760200,62911.04,62921.04,1785539760656,62979.75,62979.7,62979.8,1.06452958,0.87997224,1.40989293,1.18199428,345.6
2026-07-31T23:16:04.774+00:00,1785539762289,62911.89,62921.89,1785539763006,62979.75,62979.7,62979.8,1.06452958,0.87997224,1.37908322,1.18199428,356.7
2026-07-31T23:16:07.113+00:00,1785539764459,62912.9,62922.9,1785539765356,62979.75,62979.7,62979.8,1.06452958,0.87997224,1.37908322,1.18199428,338.0
2026-07-31T23:16:09.463+00:00,1785539767589,62910.2,62920.2,1785539767706,62979.75,62979.7,62979.8,1.22812958,0.87997224,1.53432741,1.18199428,347.3
2026-07-31T23:16:11.821+00:00,1785539769719,62911.28,62921.28,1785539770056,62979.75,62979.7,62979.8,1.03184333,0.87989444,1.36885087,1.1819164800000002,348.5
2026-07-31T23:16:14.163+00:00,1785539771755,62907.92,62917.92,1785539772406,62973.95,62973.9,62974.0,0.88147422,3.3120434,0.9983849800000001,3.62733855,341.1
2026-07-31T23:16:16.571+00:00,1785539774537,62907.84,62917.84,1785539774806,62973.95,62973.9,62974.0,0.09165684,3.09016063,0.28763871,3.3352163800000003,404.4
2026-07-31T23:16:18.964+00:00,1785539776571,62906.41,62916.41,1785539777206,62973.95,62973.9,62974.0,0.09034375,3.09134464,0.28632562,3.33640039,390.8
2026-07-31T23:16:21.314+00:00,1785539778770,62906.58,62916.58,1785539779556,62973.95,62973.9,62974.0,0.73990873,3.09134464,0.8706035300000001,3.33640039,347.8
2026-07-31T23:16:23.664+00:00,1785539781219,62906.62,62916.62,1785539781906,62973.95,62973.9,62974.0,0.09956813,3.09134464,0.23026293,3.33640039,347.8
2026-07-31T23:16:26.014+00:00,1785539783709,62906.34,62916.34,1785539784256,62973.95,62973.9,62974.0,0.14654375,3.09134464,0.27723855000000003,3.33640039,349.4
2026-07-31T23:16:28.413+00:00,1785539785840,62907.42,62917.42,1785539786656,62973.95,62973.9,62974.0,0.76681474,3.09155116,0.8742378400000002,3.31022365,396.9
2026-07-31T23:16:30.768+00:00,1785539788907,62904.95,62914.95,1785539789006,62973.95,62973.9,62974.0,0.76681474,3.07484956,0.8742378400000002,3.2935220500000004,352.8
2026-07-31T23:16:33.163+00:00,1785539791079,62903.94,62913.94,1785539791406,62973.95,62973.9,62974.0,0.81092693,2.91105421,0.9183500300000002,2.94616057,393.4
2026-07-31T23:16:35.513+00:00,1785539793370,62901.27,62911.27,1785539793756,62973.95,62973.9,62974.0,1.49206477,2.12125623,1.81449749,2.3247759600000006,347.4
2026-07-31T23:16:37.864+00:00,1785539795517,62900.24,62910.24,1785539796106,62973.95,62973.9,62974.0,0.98352532,2.1222568,1.30595804,2.3257765300000006,349.9
2026-07-31T23:16:40.212+00:00,1785539797576,62904.22,62914.22,1785539798456,62973.95,62973.9,62974.0,0.98352532,2.12130404,1.36611304,2.3248237700000005,334.9
2026-07-31T23:16:42.613+00:00,1785539799840,62906.62,62916.62,1785539800856,62973.95,62973.9,62974.0,0.99941313,2.12130404,1.3213780099999999,2.3486627800000006,399.2
2026-07-31T23:16:44.963+00:00,1785539803040,62908.45,62918.45,1785539803206,62973.95,62973.9,62974.0,1.16301313,2.12130404,1.4849780099999998,2.3486627800000006,347.9
2026-07-31T23:16:47.324+00:00,1785539805071,62907.1,62917.1,1785539805556,62973.95,62973.9,62974.0,1.29612619,1.2831024,1.78805185,1.63601199,359.5
2026-07-31T23:16:49.672+00:00,1785539807099,62905.54,62915.54,1785539807906,62973.95,62973.9,62974.0,1.02392403,1.49248732,1.48596139,1.85708547,345.6
2026-07-31T23:16:52.016+00:00,1785539810155,62906.16,62916.16,1785539810256,62973.95,62973.9,62974.0,1.02392403,1.49248732,1.48596139,1.85708547,341.7
2026-07-31T23:16:54.371+00:00,1785539812185,62907.5,62917.5,1785539812606,62973.95,62973.9,62974.0,1.02392403,1.49248732,1.48596139,1.85708547,353.4
2026-07-31T23:16:56.721+00:00,1785539813201,62908.21,62918.21,1785539814956,62973.95,62973.9,62974.0,1.02392403,1.32888732,1.48596139,1.69348547,347.0
2026-07-31T23:16:59.112+00:00,1785539816249,62909.12,62919.12,1785539817356,62973.95,62973.9,62974.0,1.00803622,1.32888732,1.4700735799999998,1.69348547,387.3
2026-07-31T23:17:01.467+00:00,1785539818640,62909.82,62919.82,1785539819706,62973.95,62973.9,62974.0,1.21823606,1.32888732,1.6802734199999998,1.69348547,352.0
2026-07-31T23:17:03.818+00:00,1785539821908,62908.42,62918.42,1785539822056,62973.95,62973.9,62974.0,1.46127511,1.17653071,1.92331247,1.54112886,349.7
2026-07-31T23:17:06.215+00:00,1785539824107,62906.83,62916.83,1785539824456,62973.95,62973.9,62974.0,1.44306733,1.18063466,1.90510469,1.54523281,395.7
2026-07-31T23:17:08.614+00:00,1785539826210,62906.84,62916.84,1785539826856,62973.95,62973.9,62974.0,1.44306733,1.18401701,1.90510469,1.52790405,396.3
2026-07-31T23:17:11.012+00:00,1785539828421,62905.74,62915.74,1785539829256,62973.95,62973.9,62974.0,1.44306733,1.1925385,1.69830527,1.53642554,396.4
2026-07-31T23:17:13.363+00:00,1785539831421,62911.31,62921.31,1785539831606,62973.95,62973.9,62974.0,1.93486082,0.21538549,2.5114208199999997,0.38227434,348.4
2026-07-31T23:17:15.717+00:00,1785539833243,62914.46,62924.46,1785539833956,62979.75,62979.7,62979.8,3.61682351,0.85610602,3.99847198,1.0712652999999999,350.8
2026-07-31T23:17:18.064+00:00,1785539834257,62914.45,62924.45,1785539836306,62979.75,62979.7,62979.8,3.64649338,0.22846542,4.0881418499999995,0.4436247,346.1
2026-07-31T23:17:20.415+00:00,1785539837454,62914.42,62924.42,1785539838656,62979.75,62979.7,62979.8,3.7742939,0.224066,4.36467141,0.40558886,347.7
2026-07-31T23:17:22.771+00:00,1785539840595,62915.0,62925.0,1785539841006,62979.75,62979.7,62979.8,3.75831777,0.05147241,4.348695279999999,0.23299526999999998,353.8
2026-07-31T23:17:25.163+00:00,1785539842892,62920.55,62930.55,1785539843406,62979.75,62979.7,62979.8,3.77393112,0.02832944,4.30208313,0.1896402,389.9
2026-07-31T23:17:27.520+00:00,1785539845229,62919.71,62929.71,1785539845756,62979.75,62979.7,62979.8,3.77472492,0.02676894,4.3023823199999995,0.20993552000000001,353.9
2026-07-31T23:17:29.867+00:00,1785539847321,62918.18,62928.18,1785539848106,62979.75,62979.7,62979.8,3.79061056,0.02676894,4.37826796,0.20100238,345.6
2026-07-31T23:17:32.269+00:00,1785539849727,62916.85,62926.85,1785539850506,62979.75,62979.7,62979.8,3.79061056,0.62562888,4.37826796,0.7998623200000002,394.2
2026-07-31T23:17:34.615+00:00,1785539851894,62916.6,62926.6,1785539852856,62979.75,62979.7,62979.8,3.6469242,0.78168213,4.08857267,0.85061349,344.1
2026-07-31T23:17:36.965+00:00,1785539854233,62916.23,62926.23,1785539855206,62982.149999999994,62982.1,62982.2,3.41853635,0.93781996,4.00915313,1.0377553800000001,347.7
2026-07-31T23:17:39.318+00:00,1785539857415,62916.21,62926.21,1785539857556,62982.149999999994,62982.1,62982.2,3.39141131,0.16761289,3.9388654400000003,0.42318107,349.5
2026-07-31T23:17:41.667+00:00,1785539859690,62916.19,62926.19,1785539859906,62982.149999999994,62982.1,62982.2,3.27358632,0.72644353,3.7427729400000005,0.95100672,347.3
2026-07-31T23:17:44.017+00:00,1785539861822,62916.16,62926.16,1785539862256,62982.149999999994,62982.1,62982.2,3.38737731,0.72756613,3.8543638100000006,0.9521293200000001,348.2
2026-07-31T23:17:46.364+00:00,1785539862847,62916.14,62926.14,1785539864606,62982.149999999994,62982.1,62982.2,2.60352664,1.02585828,3.04634018,1.2971763500000002,345.1
2026-07-31T23:17:48.721+00:00,1785539865930,62915.28,62925.28,1785539866956,62982.149999999994,62982.1,62982.2,2.60964234,0.97085828,3.05245588,1.24217635,354.2
2026-07-31T23:17:51.063+00:00,1785539869111,62912.31,62922.31,1785539869306,62982.149999999994,62982.1,62982.2,2.62552798,0.97085828,3.06834152,1.19640134,340.9
2026-07-31T23:17:53.417+00:00,1785539870999,62923.0,62933.0,1785539871656,62982.149999999994,62982.1,62982.2,3.78339735,0.03664255,4.26494038,0.21776023,350.7
2026-07-31T23:17:55.774+00:00,1785539873070,62930.18,62940.18,1785539874006,62982.149999999994,62982.1,62982.2,4.43543799,0.03662144,4.999515559999999,0.21773912,354.3
2026-07-31T23:17:58.121+00:00,1785539876200,62923.36,62933.36,1785539876356,62984.149999999994,62984.1,62984.2,3.71130832,0.18214223,4.46999625,0.18596164999999998,345.3
2026-07-31T23:18:00.518+00:00,1785539878289,62922.97,62932.97,1785539878756,62984.149999999994,62984.1,62984.2,3.78648139,0.18188745,4.03442716,0.18570686999999997,395.8
2026-07-31T23:18:02.868+00:00,1785539880480,62922.18,62932.18,1785539881106,62984.149999999994,62984.1,62984.2,3.8341336,0.14282048,4.0741336,0.1466399,348.3
2026-07-31T23:18:05.219+00:00,1785539882559,62922.41,62932.41,1785539883456,62984.149999999994,62984.1,62984.2,3.85001767,0.72034873,4.09001767,0.7241681500000001,346.3
2026-07-31T23:18:07.570+00:00,1785539885760,62924.44,62934.44,1785539885806,62984.149999999994,62984.1,62984.2,3.85001767,0.72018855,4.09001767,0.7240079700000002,349.9
2026-07-31T23:18:09.970+00:00,1785539887960,62923.05,62933.05,1785539888206,62984.149999999994,62984.1,62984.2,3.81824953,0.72154335,4.05824953,0.7253627700000002,395.9
2026-07-31T23:18:12.323+00:00,1785539889980,62922.22,62932.22,1785539890556,62987.75,62987.7,62987.8,3.13346899,0.7946572,3.82337513,1.04046316,348.8
2026-07-31T23:18:14.668+00:00,1785539891230,62922.18,62932.18,1785539892906,62987.75,62987.7,62987.8,3.179244,0.75800771,4.01834133,0.8324798200000001,343.7
2026-07-31T23:18:17.070+00:00,1785539894769,62925.16,62935.16,1785539895306,62987.75,62987.7,62987.8,3.15782159,0.78437229,3.82911743,0.8289139900000001,399.2
2026-07-31T23:18:19.418+00:00,1785539896970,62929.2,62939.2,1785539897656,62987.75,62987.7,62987.8,2.89652422,0.83936118,3.59712949,0.8632409400000002,345.5
2026-07-31T23:18:21.775+00:00,1785539899289,62927.43,62937.43,1785539900006,62987.75,62987.7,62987.8,3.42214493,0.19944423,4.2555206299999995,0.30974392,355.5
2026-07-31T23:18:24.117+00:00,1785539901440,62931.31,62941.31,1785539902356,62987.75,62987.7,62987.8,3.34254625,0.19929341,4.175921949999999,0.40693792,339.7
2026-07-31T23:18:26.469+00:00,1785539904649,62926.18,62936.18,1785539904706,62987.75,62987.7,62987.8,3.42196362,0.19929341,4.255339319999999,0.27593086,348.4
2026-07-31T23:18:28.816+00:00,1785539906706,62927.24,62937.24,1785539907056,62987.75,62987.7,62987.8,2.41881703,0.7829125,2.7007187200000002,0.8950377200000001,345.0
2026-07-31T23:18:31.165+00:00,1785539908963,62929.91,62939.91,1785539909406,62987.75,62987.7,62987.8,3.31104629,0.1788679,3.5838836800000005,0.24850613,347.3
2026-07-31T23:18:33.521+00:00,1785539911108,62938.08,62948.08,1785539911756,62994.95,62994.9,62995.0,4.73496232,0.2186515,5.8180165100000005,0.29858223,352.7
2026-07-31T23:18:35.918+00:00,1785539913170,62936.67,62946.67,1785539914156,62994.95,62994.9,62995.0,4.5699879,0.83916845,5.04224477,0.9862461299999999,396.5
2026-07-31T23:18:38.269+00:00,1785539916251,62934.46,62944.46,1785539916506,62994.95,62994.9,62995.0,4.58586995,0.78237366,5.178126819999999,0.92945134,346.7
2026-07-31T23:18:40.618+00:00,1785539918510,62931.42,62941.42,1785539918856,62994.95,62994.9,62995.0,4.62351353,0.21769918,5.156304169999999,0.2853486,348.9
2026-07-31T23:18:42.967+00:00,1785539919677,62930.81,62940.81,1785539921206,62994.95,62994.9,62995.0,4.59194538,0.21800533,5.06239313,0.2185078,345.4
2026-07-31T23:18:45.317+00:00,1785539923344,62933.17,62943.17,1785539923556,62994.95,62994.9,62995.0,4.60797177,0.17992652,5.07841952,0.20424471,348.4
2026-07-31T23:18:47.670+00:00,1785539925310,62935.17,62945.17,1785539925906,62994.95,62994.9,62995.0,4.62385319,0.18091597,5.09430094,0.26095345,352.1
2026-07-31T23:18:50.068+00:00,1785539927335,62939.46,62949.46,1785539928306,62999.45,62999.4,62999.5,2.7256069,0.92780497,3.3386034,0.98374638,396.1
2026-07-31T23:18:52.420+00:00,1785539929669,62938.34,62948.34,1785539930656,62999.45,62999.4,62999.5,2.77985591,0.93050161,3.60490851,1.01798803,349.2
2026-07-31T23:18:54.773+00:00,1785539932220,62938.92,62948.92,1785539933006,63003.25,63003.2,63003.3,3.24624906,0.97558278,4.13200672,1.07880521,351.9
2026-07-31T23:18:57.170+00:00,1785539934386,62938.89,62948.89,1785539935406,63003.25,63003.2,63003.3,3.292011,0.97448278,4.17776866,1.07782492,395.0
2026-07-31T23:18:59.520+00:00,1785539937628,62938.86,62948.86,1785539937756,63003.25,63003.2,63003.3,3.451524,1.04933935,4.3372816599999995,1.15268149,348.0
2026-07-31T23:19:01.867+00:00,1785539939694,62938.84,62948.84,1785539940106,63003.25,63003.2,63003.3,3.5385176,1.04581662,4.42427526,1.19489039,344.1
2026-07-31T23:19:04.271+00:00,1785539941780,62945.23,62955.23,1785539942506,63003.25,63003.2,63003.3,3.36554892,0.88723266,3.82623593,0.98323301,402.2
2026-07-31T23:19:06.617+00:00,1785539943827,62941.9,62951.9,1785539944856,63003.25,63003.2,63003.3,3.43323087,0.88633266,3.89391788,0.98233237,343.2
2026-07-31T23:19:08.967+00:00,1785539947029,62941.73,62951.73,1785539947206,63003.25,63003.2,63003.3,2.67586434,0.88723266,3.13655135,0.98323283,348.3
2026-07-31T23:19:11.320+00:00,1785539949248,62940.57,62950.57,1785539949556,63003.25,63003.2,63003.3,2.69149433,0.88373266,3.15218134,0.9797322299999999,346.7
2026-07-31T23:19:13.671+00:00,1785539951817,62952.99,62962.99,1785539951906,63009.25,63009.2,63009.3,0.07737905,1.8454749,0.4187768,1.9824629,347.3
2026-07-31T23:19:16.067+00:00,1785539953966,62938.15,62948.15,1785539954306,63009.25,63009.2,63009.3,0.22065866,1.63636463,1.0737117900000002,1.6870231800000002,394.9
2026-07-31T23:19:18.425+00:00,1785539955701,62932.5,62942.5,1785539956656,63003.25,63003.2,63003.3,0.6551793,2.55982184,1.1154634300000001,2.85935001,356.3
2026-07-31T23:19:20.775+00:00,1785539958813,62934.6,62944.6,1785539959006,63003.25,63003.2,63003.3,0.71534087,2.55705871,1.6169724,2.85658688,346.6
2026-07-31T23:19:23.127+00:00,1785539961043,62934.73,62944.73,1785539961356,63003.25,63003.2,63003.3,0.7996978,2.55705871,1.70132933,2.85658688,350.8
2026-07-31T23:19:25.521+00:00,1785539963178,62935.26,62945.26,1785539963756,63003.25,63003.2,63003.3,0.7996978,2.55626966,1.70132933,2.87557855,390.8
2026-07-31T23:19:27.873+00:00,1785539965219,62935.91,62945.91,1785539966106,63003.25,63003.2,63003.3,0.7607978,2.56086966,1.70817533,2.88645011,348.5
2026-07-31T23:19:30.222+00:00,1785539967557,62936.35,62946.35,1785539968456,63003.25,63003.2,63003.3,0.92464031,2.50086966,1.87201784,2.8423603800000006,347.5
2026-07-31T23:19:32.571+00:00,1785539969610,62935.47,62945.47,1785539970806,63003.25,63003.2,63003.3,0.95608752,1.93405734,1.9034650499999999,2.27554806,347.2
2026-07-31T23:19:34.917+00:00,1785539972500,62944.78,62954.78,1785539973156,63009.25,63009.2,63009.3,4.51046952,0.13143315,4.976410899999999,0.39717974,344.6
2026-07-31T23:19:37.273+00:00,1785539974642,62944.41,62954.41,1785539975506,63009.25,63009.2,63009.3,4.63106752,0.13023315,4.794829849999999,0.36009762999999995,353.3
2026-07-31T23:19:39.625+00:00,1785539976630,62948.64,62958.64,1785539977856,63009.55,63009.5,63009.6,4.00214929,0.21457682,5.244335629999999,0.43800541,349.6
2026-07-31T23:19:41.970+00:00,1785539979809,62948.56,62958.56,1785539980206,63009.55,63009.5,63009.6,3.95420166,0.75930018,5.196387999999999,0.98272429,335.5
2026-07-31T23:19:44.370+00:00,1785539981996,62948.51,62958.51,1785539982606,63009.55,63009.5,63009.6,3.7117882,0.97907629,4.09977808,1.1428078999999998,397.9
2026-07-31T23:19:46.720+00:00,1785539984239,62948.36,62958.36,1785539984956,63009.55,63009.5,63009.6,3.7117882,0.97907629,4.1357449399999995,1.1428078999999998,347.7
2026-07-31T23:19:49.071+00:00,1785539986390,62948.33,62958.33,1785539987306,63009.55,63009.5,63009.6,3.7117882,0.97907629,4.1357449399999995,1.1428078999999998,349.0
2026-07-31T23:19:51.471+00:00,1785539988740,62938.16,62948.16,1785539989706,63009.55,63009.5,63009.6,0.86407533,1.22451058,1.0972114700000002,1.43631718,395.0
2026-07-31T23:19:53.820+00:00,1785539991996,62938.93,62948.93,1785539992056,63009.55,63009.5,63009.6,1.05764313,1.2244601,1.29871607,1.44991593,345.3
2026-07-31T23:19:56.173+00:00,1785539994110,62940.91,62950.91,1785539994406,63009.55,63009.5,63009.6,1.01826713,1.3880601,1.25195375,1.5466215099999998,351.0
2026-07-31T23:19:58.521+00:00,1785539996393,62941.94,62951.94,1785539996756,63009.55,63009.5,63009.6,1.61404987,1.2244601,1.8477364900000002,1.3830215099999996,346.5
2026-07-31T23:20:00.869+00:00,1785539998510,62940.91,62950.91,1785539999106,63009.55,63009.5,63009.6,0.94828207,1.2244601,1.17806782,1.4432086699999997,346.2
2026-07-31T23:20:03.226+00:00,1785540000582,62941.43,62951.43,1785540001456,63009.55,63009.5,63009.6,1.45000347,1.2243014,1.67978922,1.4430499700000001,355.0
2026-07-31T23:20:05.569+00:00,1785540003744,62940.85,62950.85,1785540003806,63009.55,63009.5,63009.6,1.62131813,1.21636619,1.85110388,1.4351147599999998,339.6
2026-07-31T23:20:07.936+00:00,1785540005852,62941.04,62951.04,1785540006156,63009.55,63009.5,63009.6,1.23719643,1.21658932,1.46698218,1.42128418,365.0
2026-07-31T23:20:10.270+00:00,1785540007934,62939.07,62949.07,1785540008506,63009.55,63009.5,63009.6,1.22792333,1.20580432,1.45770908,1.3869027499999997,333.3
2026-07-31T23:20:12.623+00:00,1785540010109,62938.3,62948.3,1785540010856,63009.55,63009.5,63009.6,1.55719643,1.19446193,1.78698218,1.37556036,349.4
2026-07-31T23:20:14.970+00:00,1785540012223,62939.57,62949.57,1785540013206,63009.55,63009.5,63009.6,1.86918021,0.87166625,2.264831,1.06026916,345.3
2026-07-31T23:20:17.322+00:00,1785540015283,62940.25,62950.25,1785540015556,63009.55,63009.5,63009.6,1.25854751,0.87240755,1.6541983,1.06101046,351.0
2026-07-31T23:20:19.675+00:00,1785540017443,62941.42,62951.42,1785540017906,63009.55,63009.5,63009.6,2.02716446,0.31530584,2.44700804,0.46047305,351.0
2026-07-31T23:20:22.022+00:00,1785540019501,62942.6,62952.6,1785540020256,63009.55,63009.5,63009.6,2.02716446,0.31530584,2.50066936,0.45979252,344.8
2026-07-31T23:20:24.369+00:00,1785540021757,62942.69,62952.69,1785540022606,63009.55,63009.5,63009.6,2.01128616,0.31371879,2.48479106,0.45821593000000005,345.6
2026-07-31T23:20:26.780+00:00,1785540024969,62942.77,62952.77,1785540025006,63009.55,63009.5,63009.6,2.01128616,0.31371879,2.48479106,0.45821588,408.7
2026-07-31T23:20:29.118+00:00,1785540026994,62942.82,62952.82,1785540027356,63009.55,63009.5,63009.6,2.02716446,0.31371879,2.50066936,0.45815293,336.2
2026-07-31T23:20:31.470+00:00,1785540029130,62942.96,62952.96,1785540029706,63009.55,63009.5,63009.6,1.99421547,0.31089287,2.4677203700000003,0.31849143999999996,349.2
2026-07-31T23:20:33.814+00:00,1785540031585,62942.95,62952.95,1785540032056,63009.55,63009.5,63009.6,1.99009377,0.31089287,2.46359867,0.31849143999999996,342.1
2026-07-31T23:20:36.172+00:00,1785540033906,62945.03,62955.03,1785540034406,63009.55,63009.5,63009.6,2.00676491,0.30963216,2.66026981,0.31723072999999996,346.0
2026-07-31T23:20:38.522+00:00,1785540036149,62947.88,62957.88,1785540036756,63009.55,63009.5,63009.6,2.45579573,0.1324672,3.30096665,0.16031197,347.5
2026-07-31T23:20:40.923+00:00,1785540038936,62948.93,62958.93,1785540039156,63014.850000000006,63014.8,63014.9,3.3771009,0.89719318,4.639461819999999,0.93382617,397.9
2026-07-31T23:20:43.272+00:00,1785540040956,62952.43,62962.43,1785540041506,63014.850000000006,63014.8,63014.9,3.48824053,0.89691713,4.75060145,0.9335501199999999,346.8
2026-07-31T23:20:45.624+00:00,1785540043065,62950.5,62960.5,1785540043856,63014.850000000006,63014.8,63014.9,2.11523256,0.95673468,2.72826089,1.00159123,350.4
2026-07-31T23:20:47.970+00:00,1785540045261,62948.78,62958.78,1785540046206,63014.850000000006,63014.8,63014.9,2.06948051,0.95673468,2.68250884,1.00159123,344.4
2026-07-31T23:20:50.319+00:00,1785540047345,62948.7,62958.7,1785540048556,63014.850000000006,63014.8,63014.9,1.01802253,1.41781782,1.2517525300000003,1.4823604400000001,346.2
2026-07-31T23:20:52.680+00:00,1785540050399,62948.62,62958.62,1785540050906,63014.850000000006,63014.8,63014.9,0.99714892,1.41700979,1.3838438100000001,1.47665247,358.9
2026-07-31T23:20:55.014+00:00,1785540052576,62948.56,62958.56,1785540053256,63014.850000000006,63014.8,63014.9,0.98663583,1.41776192,1.37333072,1.48454696,332.0
2026-07-31T23:20:57.374+00:00,1785540054659,62948.51,62958.51,1785540055606,63014.850000000006,63014.8,63014.9,0.82847401,1.41778161,1.24513621,1.48456665,347.7
2026-07-31T23:20:59.726+00:00,1785540056907,62944.65,62954.65,1785540057956,63014.850000000006,63014.8,63014.9,0.83611101,1.41700979,1.2368121,1.47664535,350.2
2026-07-31T23:21:02.073+00:00,1785540060188,62947.64,62957.64,1785540060306,63014.850000000006,63014.8,63014.9,0.83486701,1.41700979,1.2355681,1.4766778900000002,342.3
2026-07-31T23:21:04.421+00:00,1785540062225,62945.29,62955.29,1785540062656,63014.850000000006,63014.8,63014.9,0.64032104,1.41778511,0.99723154,1.5435365100000003,345.2
2026-07-31T23:21:06.780+00:00,1785540064249,62943.23,62953.23,1785540065006,63014.850000000006,63014.8,63014.9,0.60593274,1.68064914,0.96284324,1.9209132600000003,357.3
2026-07-31T23:21:09.117+00:00,1785540065336,62940.84,62950.84,1785540067356,63014.850000000006,63014.8,63014.9,0.60593274,1.68049045,0.96284324,1.9207545700000002,332.1
2026-07-31T23:21:11.480+00:00,1785540069550,62942.33,62952.33,1785540069706,63014.850000000006,63014.8,63014.9,0.59810537,1.68049045,0.9118473900000001,1.9207545700000002,357.6
2026-07-31T23:21:13.832+00:00,1785540071826,62943.39,62953.39,1785540072056,63014.850000000006,63014.8,63014.9,0.59794667,1.67922091,1.01286892,1.9194850300000001,349.2
2026-07-31T23:21:16.168+00:00,1785540073880,62944.24,62954.24,1785540074406,63014.850000000006,63014.8,63014.9,0.59763401,1.65464536,0.9113760300000002,1.8949094800000001,335.0
2026-07-31T23:21:18.520+00:00,1785540076106,62944.49,62954.49,1785540076756,63014.850000000006,63014.8,63014.9,0.59783648,1.71432798,0.9115785000000001,1.9545921000000002,346.6
2026-07-31T23:21:20.874+00:00,1785540078661,62935.21,62945.21,1785540079106,63007.149999999994,63007.1,63007.2,0.86751277,3.81873116,0.9133116900000001,4.451870759999999,350.7
2026-07-31T23:21:23.220+00:00,1785540081242,62937.19,62947.19,1785540081456,63002.75,63002.7,63002.8,0.89768375,2.3182507,1.02561725,3.34194591,343.8
2026-07-31T23:21:25.576+00:00,1785540083522,62935.22,62945.22,1785540083806,63002.75,63002.7,63002.8,1.02254349,1.94552074,1.26134363,3.24708651,351.1
2026-07-31T23:21:27.925+00:00,1785540085658,62935.17,62945.17,1785540086156,63002.75,63002.7,63002.8,1.17909439,1.2070847,1.4178945299999999,1.93172276,348.5
2026-07-31T23:21:30.274+00:00,1785540087820,62937.07,62947.07,1785540088506,63002.75,63002.7,63002.8,1.16277521,1.2070847,1.4459464299999998,1.93172276,345.7
2026-07-31T23:21:32.621+00:00,1785540089989,62935.62,62945.62,1785540090856,63002.75,63002.7,63002.8,1.66225522,1.2070847,1.90105536,1.93172276,345.8
2026-07-31T23:21:34.974+00:00,1785540092402,62935.35,62945.35,1785540093206,63002.75,63002.7,63002.8,1.55813523,1.20608475,1.79693537,1.93072281,351.3
2026-07-31T23:21:37.322+00:00,1785540094481,62932.96,62942.96,1785540095556,63002.75,63002.7,63002.8,1.22629525,1.21204971,1.50454071,1.93668777,345.4
2026-07-31T23:21:39.673+00:00,1785540097711,62931.5,62941.5,1785540097906,63002.75,63002.7,63002.8,1.35182653,1.21204971,1.59062667,1.93668777,347.8
2026-07-31T23:21:42.022+00:00,1785540099800,62934.95,62944.95,1785540100256,63002.75,63002.7,63002.8,1.38718655,1.21153384,1.62598669,1.9361719,345.7
2026-07-31T23:21:44.376+00:00,1785540101860,62935.68,62945.68,1785540102606,63002.75,63002.7,63002.8,1.11242648,1.21242872,1.35122662,1.62516571,345.4
2026-07-31T23:21:46.724+00:00,1785540103967,62937.19,62947.19,1785540104956,63002.75,63002.7,63002.8,1.16089037,1.23014476,1.3996905099999999,1.6428817500000001,340.2
2026-07-31T23:21:49.071+00:00,1785540107109,62933.59,62943.59,1785540107306,63002.75,63002.7,63002.8,1.16360141,1.39490264,1.40240155,1.9756133900000001,343.8
2026-07-31T23:21:51.424+00:00,1785540109208,62934.13,62944.13,1785540109656,63002.75,63002.7,63002.8,0.87885211,1.58771528,1.15708309,2.3574829299999998,347.7
2026-07-31T23:21:53.780+00:00,1785540111249,62933.3,62943.3,1785540112006,63002.75,63002.7,63002.8,1.31627226,1.43109348,1.7925662800000002,1.94470807,338.6
2026-07-31T23:21:56.117+00:00,1785540113307,62934.48,62944.48,1785540114356,63002.75,63002.7,63002.8,1.74574985,1.43019348,2.28204387,1.94380807,336.0
2026-07-31T23:21:58.526+00:00,1785540116559,62941.21,62951.21,1785540116756,63002.75,63002.7,63002.8,1.86752353,1.41617551,2.40381755,1.77575047,401.8
2026-07-31T23:22:00.925+00:00,1785540118637,62942.76,62952.76,1785540119156,63002.75,63002.7,63002.8,2.24752353,1.41707551,2.78381755,1.8426111200000002,398.2
2026-07-31T23:22:03.274+00:00,1785540120657,62941.65,62951.65,1785540121506,63002.75,63002.7,63002.8,1.05587245,1.43357551,1.3592972,2.15914265,346.3
2026-07-31T23:22:05.626+00:00,1785540123769,62938.55,62948.55,1785540123856,63002.75,63002.7,63002.8,1.08143741,1.43357551,1.3848621599999997,2.20492381,351.1
2026-07-31T23:22:07.977+00:00,1785540126108,62938.1,62948.1,1785540126206,63002.75,63002.7,63002.8,1.04963437,1.4342888,1.30730707,2.1599126699999998,349.2
2026-07-31T23:22:10.327+00:00,1785540128258,62938.12,62948.12,1785540128556,63002.75,63002.7,63002.8,1.85323437,1.4333888,2.1747217100000005,1.9475243599999998,348.7
2026-07-31T23:22:12.677+00:00,1785540130307,62938.67,62948.67,1785540130906,63002.75,63002.7,63002.8,1.85323437,1.43323008,2.1449976000000004,1.9473737599999998,348.4
2026-07-31T23:22:15.020+00:00,1785540132681,62939.27,62949.27,1785540133256,63002.75,63002.7,63002.8,1.88499439,1.43323008,2.17675762,1.9473728999999997,340.8
2026-07-31T23:22:17.376+00:00,1785540135458,62945.2,62955.2,1785540135606,63007.149999999994,63007.1,63007.2,3.57663795,0.2451757,4.48634887,0.5781399899999999,351.3
2026-07-31T23:22:19.784+00:00,1785540137263,62946.59,62956.59,1785540138006,63007.149999999994,63007.1,63007.2,4.10144515,0.01581368,4.592912419999999,0.03146146999999999,406.0
2026-07-31T23:22:22.123+00:00,1785540139362,62948.22,62958.22,1785540140356,63007.149999999994,63007.1,63007.2,4.34058578,0.01581368,5.654314749999999,0.20461068,337.5
2026-07-31T23:22:24.476+00:00,1785540142507,62946.77,62956.77,1785540142706,63007.149999999994,63007.1,63007.2,4.30879972,0.01578194,5.622528689999999,0.20457894,351.6
2026-07-31T23:22:26.814+00:00,1785540144455,62947.03,62957.03,1785540145056,63010.95,63010.9,63011.0,3.65918899,0.21236443,4.517329070000001,0.46722532,336.2
2026-07-31T23:22:29.176+00:00,1785540146472,62947.65,62957.65,1785540147406,63013.149999999994,63013.1,63013.2,3.47626015,0.91460552,3.8203215200000002,1.3088584300000001,349.3
2026-07-31T23:22:31.529+00:00,1785540149628,62950.03,62960.03,1785540149756,63013.149999999994,63013.1,63013.2,3.4930916,0.91565171,4.02663533,1.3099046200000002,351.5
2026-07-31T23:22:33.880+00:00,1785540151939,62947.17,62957.17,1785540152106,63013.149999999994,63013.1,63013.2,3.4930916,0.90923261,4.02663533,1.3034855200000002,350.2
2026-07-31T23:22:36.227+00:00,1785540154107,62947.64,62957.64,1785540154456,63013.149999999994,63013.1,63013.2,3.4930916,0.90833261,4.05628704,1.30258552,343.9
2026-07-31T23:22:38.574+00:00,1785540156239,62950.15,62960.15,1785540156806,63013.149999999994,63013.1,63013.2,3.4930916,0.90938064,4.05628704,1.30363355,344.6
2026-07-31T23:22:40.925+00:00,1785540158490,62951.77,62961.77,1785540159156,63013.149999999994,63013.1,63013.2,3.47721396,0.90938064,4.01075769,1.30363355,347.3
2026-07-31T23:22:43.277+00:00,1785540160679,62950.95,62960.95,1785540161506,63013.149999999994,63013.1,63013.2,3.47721396,0.90934131,4.01075769,1.3035942200000001,349.9
2026-07-31T23:22:45.623+00:00,1785540162849,62948.96,62958.96,1785540163856,63013.149999999994,63013.1,63013.2,3.4930916,0.90984969,4.02663533,1.3041026000000002,343.6
2026-07-31T23:22:47.975+00:00,1785540165213,62946.8,62956.8,1785540166206,63013.149999999994,63013.1,63013.2,3.4930916,0.90997895,4.02663533,1.30423186,350.6
2026-07-31T23:22:50.326+00:00,1785540168302,62947.23,62957.23,1785540168556,63013.149999999994,63013.1,63013.2,3.49276953,0.90997895,4.02631326,1.30423186,349.1
2026-07-31T23:22:52.662+00:00,1785540170460,62948.57,62958.57,1785540170906,63013.149999999994,63013.1,63013.2,3.4934208,0.88232768,4.02696453,1.27658059,333.8
2026-07-31T23:22:55.023+00:00,1785540173109,62957.57,62967.57,1785540173256,63015.55,63015.5,63015.6,4.00340784,0.0177511,6.2761724800000005,0.16450144,345.1
2026-07-31T23:22:57.375+00:00,1785540175234,62953.53,62963.53,1785540175606,63015.55,63015.5,63015.6,4.03543693,0.6996393,6.03911374,0.8844935599999999,346.5
2026-07-31T23:22:59.726+00:00,1785540176968,62944.29,62954.29,1785540177956,63015.55,63015.5,63015.6,1.69600644,1.71695119,1.94793265,1.9089963000000003,348.3
2026-07-31T23:23:02.124+00:00,1785540180306,62945.8,62955.8,1785540180356,63015.55,63015.5,63015.6,1.79207511,1.91931747,2.04400132,2.11227765,394.9
2026-07-31T23:23:04.480+00:00,1785540182451,62947.99,62957.99,1785540182706,63015.55,63015.5,63015.6,1.79207511,1.92026926,2.04400132,2.11231437,352.7
2026-07-31T23:23:06.825+00:00,1785540184633,62948.89,62958.89,1785540185056,63015.55,63015.5,63015.6,0.75211417,1.98423141,0.9030351900000001,2.17627652,343.5
2026-07-31T23:23:09.176+00:00,1785540186699,62950.72,62960.72,1785540187406,63015.55,63015.5,63015.6,0.7466757,1.98287529,0.89759672,2.17609394,345.7
2026-07-31T23:23:11.526+00:00,1785540188850,62950.71,62960.71,1785540189756,63015.55,63015.5,63015.6,0.98071465,1.75927529,1.34933711,1.9524969300000001,347.2
2026-07-31T23:23:13.877+00:00,1785540190970,62950.69,62960.69,1785540192106,63015.55,63015.5,63015.6,1.05503796,1.75927529,1.2210307800000002,1.9524969300000001,341.9
2026-07-31T23:23:16.240+00:00,1785540194122,62950.24,62960.24,1785540194456,63015.55,63015.5,63015.6,1.05503796,1.75927529,1.2210307800000002,1.9524969300000001,359.6
2026-07-31T23:23:18.579+00:00,1785540196326,62945.59,62955.59,1785540196806,63015.55,63015.5,63015.6,1.05503796,1.76027575,1.2210307800000002,1.9534973900000001,336.7
2026-07-31T23:23:20.974+00:00,1785540198439,62944.04,62954.04,1785540199206,63015.55,63015.5,63015.6,1.05503796,1.76027575,1.2210307800000002,1.9534973900000001,393.8
2026-07-31T23:23:23.326+00:00,1785540200719,62943.63,62953.63,1785540201556,63015.55,63015.5,63015.6,0.99742049,1.82027575,1.1634133100000001,2.01349739,348.2
2026-07-31T23:23:25.673+00:00,1785540202861,62942.61,62952.61,1785540203906,63015.55,63015.5,63015.6,0.99742049,1.82027575,1.1634133100000001,2.01349739,344.9
2026-07-31T23:23:28.026+00:00,1785540206169,62942.59,62952.59,1785540206256,63015.55,63015.5,63015.6,0.99733238,1.82127622,1.1633252000000003,2.0144978599999996,344.9
2026-07-31T23:23:30.376+00:00,1785540207371,62939.48,62949.48,1785540208606,63013.25,63013.2,63013.3,0.80330201,2.93071153,0.83424745,3.49282037,347.8
2026-07-31T23:23:32.724+00:00,1785540210463,62940.95,62950.95,1785540210956,63013.25,63013.2,63013.3,1.01470696,2.17924052,1.17746248,2.7981358500000004,344.0
2026-07-31T23:23:35.134+00:00,1785540212479,62944.1,62954.1,1785540213356,63013.25,63013.2,63013.3,2.16917671,0.71404233,2.27250492,1.37582101,407.9
2026-07-31T23:23:37.480+00:00,1785540214640,62952.69,62962.69,1785540215706,63015.55,63015.5,63015.6,3.39475046,0.35144148,4.51046141,0.5377766599999999,344.6
2026-07-31T23:23:39.827+00:00,1785540217812,62952.03,62962.03,1785540218056,63016.149999999994,63016.1,63016.2,3.27446428,0.34282903,3.7415250600000003,0.3903433,344.9
2026-07-31T23:23:42.178+00:00,1785540219931,62950.1,62960.1,1785540220406,63016.149999999994,63016.1,63016.2,2.58807875,1.48146001,2.8633072000000004,1.98513373,349.3
2026-07-31T23:23:44.525+00:00,1785540221677,62941.8,62951.8,1785540222756,63016.149999999994,63016.1,63016.2,0.93850132,2.50676704,0.98589487,3.1315436300000004,345.6
2026-07-31T23:23:46.923+00:00,1785540225022,62942.61,62952.61,1785540225156,63009.149999999994,63009.1,63009.2,1.48682655,2.92205874,1.90326797,3.39423198,391.9
2026-07-31T23:23:49.283+00:00,1785540227141,62944.46,62954.46,1785540227506,63009.149999999994,63009.1,63009.2,1.66729241,2.76143312,2.0259814599999997,3.1966802299999997,356.2
2026-07-31T23:23:51.626+00:00,1785540229302,62944.62,62954.62,1785540229856,63009.149999999994,63009.1,63009.2,1.80729241,2.76301849,2.13571852,3.1982655999999996,342.3
2026-07-31T23:23:53.975+00:00,1785540231348,62943.4,62953.4,1785540232206,63009.149999999994,63009.1,63009.2,1.66729241,2.76948472,1.9957185199999998,3.1447318299999996,345.9
2026-07-31T23:23:56.325+00:00,1785540234507,62940.18,62950.18,1785540234556,63009.149999999994,63009.1,63009.2,1.66729241,2.76932602,1.96552884,3.1445731299999995,348.1
2026-07-31T23:23:58.680+00:00,1785540236710,62936.72,62946.72,1785540236906,63009.149999999994,63009.1,63009.2,0.71494544,3.27840853,0.7934063600000001,4.07935401,352.3
2026-07-31T23:24:01.031+00:00,1785540239106,62937.75,62947.75,1785540239256,63009.149999999994,63009.1,63009.2,0.6980693,3.82401553,0.7765302199999999,4.59611469,350.0
2026-07-31T23:24:03.392+00:00,1785540240530,62937.08,62947.08,1785540241606,63002.75,63002.7,63002.8,0.79999915,1.90769327,1.03923634,2.47146793,358.4
2026-07-31T23:24:05.722+00:00,1785540243107,62936.22,62946.22,1785540243956,63002.75,63002.7,63002.8,1.02538335,2.01709327,1.16816289,2.50366639,328.1
2026-07-31T23:24:08.079+00:00,1785540245200,62935.51,62945.51,1785540246306,63002.75,63002.7,63002.8,1.0248954,1.71709327,1.0787209100000001,2.2036663899999995,346.6
2026-07-31T23:24:10.428+00:00,1785540248506,62936.26,62946.26,1785540248656,63002.75,63002.7,63002.8,1.0248954,1.74721751,1.38937095,2.2337906299999997,335.1
2026-07-31T23:24:12.785+00:00,1785540249994,62934.37,62944.37,1785540251006,63002.75,63002.7,63002.8,0.87028335,2.10765598,0.87931848,2.5773415900000005,356.1
2026-07-31T23:24:15.127+00:00,1785540253118,62934.54,62944.54,1785540253356,62996.350000000006,62996.3,62996.4,1.06161358,2.0570099,1.1076202199999998,2.399426,340.2
2026-07-31T23:24:17.477+00:00,1785540255323,62934.53,62944.53,1785540255706,62996.350000000006,62996.3,62996.4,1.02523358,2.06496814,1.0940944000000001,2.86213208,347.1
2026-07-31T23:24:19.836+00:00,1785540257372,62934.52,62944.52,1785540258056,62996.350000000006,62996.3,62996.4,1.01587009,2.09716814,1.08473091,2.89433208,354.7
2026-07-31T23:24:22.189+00:00,1785540259790,62930.72,62940.72,1785540260406,62996.350000000006,62996.3,62996.4,0.69762863,2.09766499,0.6988118600000001,2.4861141499999997,351.2
2026-07-31T23:24:24.526+00:00,1785540262170,62922.78,62932.78,1785540262756,62996.350000000006,62996.3,62996.4,0.73639805,2.09766499,0.7375812800000001,2.4861141499999997,334.6
2026-07-31T23:24:26.881+00:00,1785540264553,62918.48,62928.48,1785540265106,62988.05,62988.0,62988.1,0.82949281,4.19980747,0.8304826800000001,4.4075867,349.0
2026-07-31T23:24:29.220+00:00,1785540266810,62913.8,62923.8,1785540267456,62988.05,62988.0,62988.1,0.10301118,5.05997426,0.10492894,5.3052052100000004,338.1
2026-07-31T23:24:31.578+00:00,1785540268900,62919.74,62929.74,1785540269806,62988.05,62988.0,62988.1,0.10546918,5.08911881,0.11516799,5.324322440000001,350.4
2026-07-31T23:24:33.930+00:00,1785540268900,62919.74,62929.74,1785540272156,62988.05,62988.0,62988.1,1.21596348,3.95595389,1.36519612,4.10517168,349.0
2026-07-31T23:24:36.275+00:00,1785540273051,62919.77,62929.77,1785540274506,62988.05,62988.0,62988.1,1.21696134,3.71830307,1.36619522,3.87334907,339.9
2026-07-31T23:24:38.626+00:00,1785540276375,62918.6,62928.6,1785540276856,62988.05,62988.0,62988.1,1.2168545,3.71930349,1.34096432,3.87430303,348.9
2026-07-31T23:24:40.978+00:00,1785540278459,62915.38,62925.38,1785540279206,62988.05,62988.0,62988.1,1.21673859,3.71612535,1.3408484100000002,3.9632758599999995,348.7
2026-07-31T23:24:43.327+00:00,1785540280821,62911.94,62921.94,1785540281556,62988.05,62988.0,62988.1,1.38017256,1.92098903,1.6261074000000002,2.10684349,345.3
2026-07-31T23:24:45.673+00:00,1785540282940,62912.0,62922.0,1785540283906,62988.05,62988.0,62988.1,1.40472366,2.12098903,1.6506585,2.31137644,343.6
2026-07-31T23:24:48.131+00:00,1785540286125,62924.34,62934.34,1785540286356,62988.05,62988.0,62988.1,1.40457789,2.12067526,1.6505127300000002,2.31106267,321.7
2026-07-31T23:25:02.785+00:00,1785540300760,62919.63,62929.63,1785540301006,62988.05,62988.0,62988.1,0.03666258,2.33403092,0.046362060000000004,2.6489956100000005,326.6
2026-07-31T23:25:05.133+00:00,1785540303061,62922.59,62932.59,1785540303356,62988.05,62988.0,62988.1,0.75991592,2.67446855,0.76961575,2.99393807,347.3
2026-07-31T23:25:07.470+00:00,1785540305259,62924.39,62934.39,1785540305706,62985.149999999994,62985.1,62985.2,0.73577972,3.62310456,0.92580032,4.34500414,331.7
2026-07-31T23:25:09.825+00:00,1785540307340,62924.69,62934.69,1785540308056,62985.149999999994,62985.1,62985.2,0.73577972,3.42310456,0.92915665,3.95984135,342.2
2026-07-31T23:25:12.129+00:00,1785540309514,62922.34,62932.34,1785540310356,62985.149999999994,62985.1,62985.2,0.73577972,3.40576311,0.92580032,3.6438079,298.1
2026-07-31T23:25:14.479+00:00,1785540312590,62923.21,62933.21,1785540312706,62985.149999999994,62985.1,62985.2,1.47428512,1.4062293,1.80974315,1.5135934399999997,348.0
2026-07-31T23:25:16.821+00:00,1785540314702,62921.66,62931.66,1785540315056,62985.149999999994,62985.1,62985.2,1.51905768,1.4062293,1.8309838900000002,1.5135934399999997,337.8
2026-07-31T23:25:19.176+00:00,1785540316728,62924.19,62934.19,1785540317406,62985.149999999994,62985.1,62985.2,1.18213454,1.48564789,1.4940607500000003,1.5223377100000002,343.4
2026-07-31T23:25:21.528+00:00,1785540318791,62919.23,62929.23,1785540319756,62985.149999999994,62985.1,62985.2,1.26968562,1.74469349,1.5816118300000002,1.78137408,346.3
2026-07-31T23:25:23.877+00:00,1785540320991,62916.86,62926.86,1785540322106,62985.149999999994,62985.1,62985.2,1.26961024,1.40614586,1.5815364500000002,1.44268718,346.1
2026-07-31T23:25:26.226+00:00,1785540323565,62917.3,62927.3,1785540324456,62985.149999999994,62985.1,62985.2,1.26961024,1.68048284,1.5815364500000002,1.88861161,346.3
2026-07-31T23:25:28.568+00:00,1785540325810,62917.98,62927.98,1785540326806,62985.149999999994,62985.1,62985.2,1.59630515,1.66048284,1.8570937200000002,1.8707163,332.4
2026-07-31T23:25:30.923+00:00,1785540328969,62917.03,62927.03,1785540329156,62985.149999999994,62985.1,62985.2,1.26948432,1.66027248,1.5902728900000003,1.86836042,341.7
2026-07-31T23:25:33.280+00:00,1785540331159,62917.08,62927.08,1785540331506,62985.149999999994,62985.1,62985.2,1.26948432,1.56117248,1.5902728900000003,1.7732472000000001,350.7
2026-07-31T23:25:35.636+00:00,1785540333209,62917.11,62927.11,1785540333856,62985.149999999994,62985.1,62985.2,1.44574415,1.6795875,1.76653272,1.85726876,354.0
2026-07-31T23:25:37.976+00:00,1785540335284,62918.99,62928.99,1785540336206,62985.149999999994,62985.1,62985.2,1.44574415,1.3995875,1.76653272,1.50865384,338.6
2026-07-31T23:25:40.333+00:00,1785540338511,62919.41,62929.41,1785540338556,62985.149999999994,62985.1,62985.2,1.44574415,1.3986875,1.76653272,1.5077538400000001,348.3
2026-07-31T23:25:44.970+00:00,1785540342619,62919.12,62929.12,1785540343206,62985.149999999994,62985.1,62985.2,1.46473215,1.3986875,1.78552072,1.50761518,306.1
2026-07-31T23:25:47.329+00:00,1785540344660,62919.31,62929.31,1785540345556,62985.149999999994,62985.1,62985.2,1.25534309,1.3995875,1.5493593,1.5084364099999998,345.7
2026-07-31T23:25:49.680+00:00,1785540347780,62919.89,62929.89,1785540347906,62985.149999999994,62985.1,62985.2,1.25534309,1.3995875,1.50594793,1.5084364099999998,345.1
2026-07-31T23:25:52.033+00:00,1785540350158,62922.22,62932.22,1785540350256,62985.149999999994,62985.1,62985.2,1.41894309,1.39885353,1.6695479300000002,1.51738889,347.9
2026-07-31T23:25:54.382+00:00,1785540352249,62917.8,62927.8,1785540352606,62985.149999999994,62985.1,62985.2,1.41894309,1.39843756,1.6991786700000002,1.5169758200000003,347.9
2026-07-31T23:25:56.732+00:00,1785540354861,62911.65,62921.65,1785540354956,62985.149999999994,62985.1,62985.2,1.16786328,1.73916133,1.41978949,2.10842079,346.0
2026-07-31T23:25:59.074+00:00,1785540355916,62911.64,62921.64,1785540357306,62985.149999999994,62985.1,62985.2,1.16776571,1.74082226,1.4196919200000002,2.27074456,339.4
2026-07-31T23:26:01.431+00:00,1785540359080,62911.63,62921.63,1785540359656,62985.149999999994,62985.1,62985.2,1.33136571,1.39916133,1.5832919200000002,1.8023178300000002,346.7
2026-07-31T23:26:03.791+00:00,1785540361409,62914.9,62924.9,1785540362006,62985.149999999994,62985.1,62985.2,1.16759968,1.74055659,1.41952589,2.1461056299999997,358.9
2026-07-31T23:26:06.126+00:00,1785540363461,62918.38,62928.38,1785540364356,62985.149999999994,62985.1,62985.2,1.16759968,1.39983242,1.41952589,1.60310105,332.9
2026-07-31T23:26:08.483+00:00,1785540365593,62919.52,62929.52,1785540366706,62985.149999999994,62985.1,62985.2,1.16759968,1.73942245,1.41952589,2.11789857,348.4
2026-07-31T23:26:10.830+00:00,1785540368779,62914.53,62924.53,1785540369056,62985.149999999994,62985.1,62985.2,1.16759968,1.73846107,1.41952589,1.98833669,344.2
2026-07-31T23:26:13.172+00:00,1785540370890,62911.68,62921.68,1785540371406,62985.149999999994,62985.1,62985.2,1.16759968,1.73811127,1.41952589,2.13793692,340.5
2026-07-31T23:26:15.533+00:00,1785540370890,62911.68,62921.68,1785540373756,62985.149999999994,62985.1,62985.2,1.16759968,1.73795251,1.41952589,2.13777816,347.4
2026-07-31T23:26:17.876+00:00,1785540375081,62913.14,62923.14,1785540376106,62985.149999999994,62985.1,62985.2,0.82686252,2.051577,1.0668625200000001,2.3014526199999996,341.6
2026-07-31T23:26:20.224+00:00,1785540378299,62916.07,62926.07,1785540378456,62985.149999999994,62985.1,62985.2,0.82686252,2.0514028,1.0668916400000001,2.2482010999999993,340.1
2026-07-31T23:26:22.581+00:00,1785540380400,62914.39,62924.39,1785540380806,62985.149999999994,62985.1,62985.2,0.82686252,2.0514028,1.1857888600000002,2.2482010999999993,346.0
2026-07-31T23:26:24.923+00:00,1785540382530,62915.62,62925.62,1785540383156,62985.149999999994,62985.1,62985.2,0.82686252,2.0470128,1.1857888600000002,2.2438110999999994,340.3
2026-07-31T23:26:27.283+00:00,1785540384542,62916.14,62926.14,1785540385506,62985.149999999994,62985.1,62985.2,0.82686252,2.0466828,1.0668916400000001,2.2434810999999995,349.6
2026-07-31T23:26:29.626+00:00,1785540387706,62915.61,62925.61,1785540387856,62985.149999999994,62985.1,62985.2,0.9994004,1.53396587,1.36680841,1.95957216,340.7
2026-07-31T23:26:31.982+00:00,1785540389730,62915.65,62925.65,1785540390206,62985.149999999994,62985.1,62985.2,0.9994004,1.53196587,1.36680841,1.9575721600000002,348.7
2026-07-31T23:26:34.423+00:00,1785540392095,62916.6,62926.6,1785540392656,62985.149999999994,62985.1,62985.2,0.9994004,1.69196587,1.36680841,2.11757216,362.7
2026-07-31T23:26:36.782+00:00,1785540394288,62918.31,62928.31,1785540395006,62985.149999999994,62985.1,62985.2,0.9994004,1.73196587,1.36680841,2.07800341,346.6
2026-07-31T23:26:39.134+00:00,1785540396359,62919.55,62929.55,1785540397356,62985.149999999994,62985.1,62985.2,0.9994004,1.6918722,1.36680841,2.03790974,344.1
2026-07-31T23:26:41.472+00:00,1785540398896,62919.81,62929.81,1785540399706,62985.149999999994,62985.1,62985.2,0.9994004,1.76478216,1.36680841,2.1108197,335.3
2026-07-31T23:26:43.825+00:00,1785540401063,62920.14,62930.14,1785540402056,62985.149999999994,62985.1,62985.2,2.15227747,1.26293748,2.65745842,1.3797313000000002,338.8
2026-07-31T23:26:46.181+00:00,1785540404169,62922.14,62932.14,1785540404406,62985.149999999994,62985.1,62985.2,2.19805169,1.26156732,2.67290749,1.3783611400000002,348.3
2026-07-31T23:26:48.533+00:00,1785540406280,62921.27,62931.27,1785540406756,62985.149999999994,62985.1,62985.2,1.99260472,1.25734411,2.40582708,1.3662944800000003,348.5
2026-07-31T23:26:50.884+00:00,1785540408433,62921.1,62931.1,1785540409106,62985.149999999994,62985.1,62985.2,1.99260472,1.25625656,2.40582708,1.3651629699999999,348.4
2026-07-31T23:26:53.238+00:00,1785540410620,62919.65,62929.65,1785540411456,62985.149999999994,62985.1,62985.2,1.12900472,1.49905864,1.4664294199999999,1.8818238200000001,351.9
2026-07-31T23:26:55.582+00:00,1785540413759,62920.67,62930.67,1785540413806,62985.149999999994,62985.1,62985.2,0.9994004,1.61905864,1.3368251,1.9866211599999999,343.0
2026-07-31T23:26:57.925+00:00,1785540415895,62921.77,62931.77,1785540416156,62985.149999999994,62985.1,62985.2,0.9994004,1.61905864,1.3665088900000002,1.96675942,340.3
2026-07-31T23:27:00.285+00:00,1785540418038,62923.2,62933.2,1785540418506,62985.149999999994,62985.1,62985.2,1.0994004,1.49318147,1.40339921,1.8408822499999997,348.4
2026-07-31T23:27:02.634+00:00,1785540420063,62924.34,62934.34,1785540420856,62985.149999999994,62985.1,62985.2,1.33933386,1.27756199,1.64333267,1.6226705,346.5
2026-07-31T23:27:04.977+00:00,1785540423121,62924.42,62934.42,1785540423206,62985.149999999994,62985.1,62985.2,0.99933386,1.54225283,1.2401932800000002,1.8899536099999998,340.6
2026-07-31T23:27:07.336+00:00,1785540425242,62923.68,62933.68,1785540425556,62985.149999999994,62985.1,62985.2,0.99933386,1.78209407,1.2401932800000002,2.1297948499999997,348.9
2026-07-31T23:27:09.687+00:00,1785540427280,62922.45,62932.45,1785540427906,62985.149999999994,62985.1,62985.2,1.46232005,1.27606984,1.8024505,1.5201385900000002,348.0
2026-07-31T23:27:12.080+00:00,1785540429296,62920.8,62930.8,1785540430306,62985.149999999994,62985.1,62985.2,1.46232005,1.27722377,1.8024505,1.5306331700000002,385.9
2026-07-31T23:27:14.435+00:00,1785540432307,62920.91,62930.91,1785540432656,62985.149999999994,62985.1,62985.2,1.46232005,1.27695377,1.8024505,1.7448049200000002,349.1
2026-07-31T23:27:16.786+00:00,1785540434570,62923.35,62933.35,1785540435006,62985.149999999994,62985.1,62985.2,1.46232005,1.46332105,1.8024505,1.7730017500000002,342.8
2026-07-31T23:27:19.133+00:00,1785540436755,62920.39,62930.39,1785540437356,62985.149999999994,62985.1,62985.2,1.46232005,1.46332105,1.8024505,1.84068122,344.6
2026-07-31T23:27:21.485+00:00,1785540438846,62919.99,62929.99,1785540439706,62985.149999999994,62985.1,62985.2,1.46232005,1.54339256,1.8024505,1.9208401700000002,348.9
2026-07-31T23:27:23.824+00:00,1785540440988,62922.22,62932.22,1785540442056,62985.149999999994,62985.1,62985.2,1.46232005,1.44339256,1.8024505,1.82091319,332.4
2026-07-31T23:27:26.171+00:00,1785540444222,62924.81,62934.81,1785540444406,62985.149999999994,62985.1,62985.2,1.46232005,1.44315441,1.8316039499999999,1.82067504,337.8
2026-07-31T23:27:28.534+00:00,1785540445256,62924.83,62934.83,1785540446756,62985.149999999994,62985.1,62985.2,0.99926897,1.78299565,1.3685528700000003,2.1603690899999997,349.5
2026-07-31T23:27:30.886+00:00,1785540448453,62924.9,62934.9,1785540449106,62985.149999999994,62985.1,62985.2,0.99926897,1.78299565,1.33238654,1.9781420799999998,350.9
2026-07-31T23:27:33.231+00:00,1785540450640,62924.93,62934.93,1785540451456,62985.149999999994,62985.1,62985.2,1.07754897,1.78291468,1.34756184,1.9780948,343.3
2026-07-31T23:27:35.582+00:00,1785540453207,62924.44,62934.44,1785540453806,62985.149999999994,62985.1,62985.2,1.05756497,1.44291468,1.39056159,1.6380948,347.3
2026-07-31T23:27:37.938+00:00,1785540455229,62923.14,62933.14,1785540456156,62985.149999999994,62985.1,62985.2,1.17748409,1.44291468,1.51048071,1.6381760799999998,355.0
2026-07-31T23:27:40.285+00:00,1785540457480,62921.82,62931.82,1785540458506,62985.149999999994,62985.1,62985.2,1.18643517,1.46754202,1.51943179,1.84504021,342.7
2026-07-31T23:27:42.626+00:00,1785540460663,62922.43,62932.43,1785540460856,62985.149999999994,62985.1,62985.2,1.18643517,1.68754202,1.4902783400000001,1.92020129,337.9
2026-07-31T23:27:44.983+00:00,1785540462676,62923.18,62933.18,1785540463206,62985.149999999994,62985.1,62985.2,1.18619916,1.58754202,1.49004233,1.8202012900000002,347.1
2026-07-31T23:27:47.334+00:00,1785540464821,62923.1,62933.1,1785540465556,62985.149999999994,62985.1,62985.2,1.18619916,1.56718088,1.49004233,1.79984015,349.1
2026-07-31T23:27:49.685+00:00,1785540467057,62923.43,62933.43,1785540467906,62985.149999999994,62985.1,62985.2,1.18619916,1.58718088,1.49004233,1.81984015,350.0
2026-07-31T23:27:52.084+00:00,1785540469239,62922.59,62932.59,1785540470306,62985.149999999994,62985.1,62985.2,1.18619916,1.52718088,1.49004233,1.75984015,397.1
2026-07-31T23:27:54.438+00:00,1785540472529,62924.24,62934.24,1785540472656,62985.149999999994,62985.1,62985.2,1.18471756,1.6491465,1.48856073,1.8818057700000002,350.2
2026-07-31T23:27:56.782+00:00,1785540474569,62924.19,62934.19,1785540475006,62985.149999999994,62985.1,62985.2,1.18471756,1.6491465,1.48856073,1.88180419,340.2
2026-07-31T23:27:59.135+00:00,1785540476662,62924.89,62934.89,1785540477356,62985.149999999994,62985.1,62985.2,1.18471756,1.6491465,1.48856073,1.88180419,346.0
2026-07-31T23:28:01.483+00:00,1785540479032,62921.23,62931.23,1785540479706,62985.149999999994,62985.1,62985.2,1.10643756,1.81533612,1.3472969800000003,2.27420036,345.2
2026-07-31T23:28:03.835+00:00,1785540481290,62920.98,62930.98,1785540482056,62985.149999999994,62985.1,62985.2,1.18168864,1.92039844,1.42254806,2.1758478900000005,342.1
2026-07-31T23:28:06.187+00:00,1785540483392,62921.97,62931.97,1785540484406,62985.149999999994,62985.1,62985.2,0.92758861,1.92018914,1.16844803,2.17563859,351.1
2026-07-31T23:28:10.382+00:00,1785540487737,62923.66,62933.66,1785540488606,62985.149999999994,62985.1,62985.2,0.9248074,1.92018639,1.1656668200000002,2.1756358400000004,370.1
2026-07-31T23:28:12.732+00:00,1785540490000,62922.28,62932.28,1785540490956,62985.149999999994,62985.1,62985.2,0.52636952,1.81669212,0.7672289400000001,2.0721415700000003,343.0
2026-07-31T23:28:15.086+00:00,1785540492201,62921.58,62931.58,1785540493306,62985.149999999994,62985.1,62985.2,0.76758734,1.7548715,1.00844676,2.01251527,337.7
2026-07-31T23:28:17.436+00:00,1785540495506,62920.55,62930.55,1785540495656,62985.149999999994,62985.1,62985.2,0.92758734,1.7548715,1.1684467600000001,2.01251527,347.6
2026-07-31T23:28:20.391+00:00,1785540497680,62920.0,62930.0,1785540498606,62985.149999999994,62985.1,62985.2,1.40007217,1.39911767,1.717842,1.65684154,327.1
2026-07-31T23:28:22.782+00:00,1785540500436,62931.37,62941.37,1785540501006,62984.95,62984.9,62985.0,3.23428295,0.74215876,3.7992285999999997,0.9436592899999999,390.0
2026-07-31T23:28:25.138+00:00,1785540502471,62932.56,62942.56,1785540503356,62986.649999999994,62986.6,62986.7,3.86840314,0.20898148,5.25981496,0.24269852,346.9
2026-07-31T23:28:27.486+00:00,1785540505606,62928.56,62938.56,1785540505706,62986.649999999994,62986.6,62986.7,3.99816569,0.20903319,4.50239459,0.24275023,345.7
2026-07-31T23:28:29.833+00:00,1785540507630,62928.6,62938.6,1785540508056,62986.649999999994,62986.6,62986.7,3.99738209,0.20903319,4.236382089999999,0.24275023,342.8
2026-07-31T23:28:32.189+00:00,1785540509799,62928.54,62938.54,1785540510406,62989.95,62989.9,62990.0,4.65572011,0.73022968,5.38553883,1.51565861,348.7
2026-07-31T23:28:34.535+00:00,1785540511963,62930.84,62940.84,1785540512756,62989.95,62989.9,62990.0,4.75101835,0.72915031,5.48083707,1.53709602,345.6
2026-07-31T23:28:36.884+00:00,1785540514244,62932.15,62942.15,1785540515106,62989.95,62989.9,62990.0,4.78084321,0.72915031,5.358928409999999,1.53709602,346.6
2026-07-31T23:28:39.234+00:00,1785540517324,62923.2,62933.2,1785540517456,62989.95,62989.9,62990.0,0.53744675,2.19912464,0.7698782499999999,3.23569796,346.1
2026-07-31T23:28:41.586+00:00,1785540519410,62919.87,62929.87,1785540519806,62989.95,62989.9,62990.0,0.4979293,2.19459263,0.7303607999999999,2.7580158999999997,347.0
2026-07-31T23:28:43.936+00:00,1785540521584,62923.63,62933.63,1785540522156,62989.95,62989.9,62990.0,0.5368293,2.19111707,1.20197969,2.5525739599999997,347.3
2026-07-31T23:28:46.286+00:00,1785540523602,62923.64,62933.64,1785540524506,62989.95,62989.9,62990.0,1.22192017,2.02749083,1.50435167,2.54485913,346.9
2026-07-31T23:28:48.629+00:00,1785540525708,62923.76,62933.76,1785540526856,62989.95,62989.9,62990.0,0.22345005,2.02715659,0.50588155,2.54452489,335.2
2026-07-31T23:28:50.988+00:00,1785540528470,62918.47,62928.47,1785540529206,62983.649999999994,62983.6,62983.7,1.10287241,3.35544032,1.3068043200000004,3.87654205,351.1
2026-07-31T23:28:53.336+00:00,1785540530544,62919.0,62929.0,1785540531556,62983.649999999994,62983.6,62983.7,1.10287241,3.13184032,1.3068043200000004,3.6169030499999995,345.0
2026-07-31T23:28:55.684+00:00,1785540533729,62920.82,62930.82,1785540533906,62983.649999999994,62983.6,62983.7,1.27541591,3.09294032,1.4793478200000003,3.5780030499999995,345.3
2026-07-31T23:28:58.032+00:00,1785540535756,62920.05,62930.05,1785540536256,62983.649999999994,62983.6,62983.7,0.8010667,3.08689161,1.04982836,3.5719543399999996,346.4
2026-07-31T23:29:00.387+00:00,1785540537808,62919.59,62929.59,1785540538606,62983.649999999994,62983.6,62983.7,0.82877311,3.16634192,0.90538486,3.5766556099999995,349.9
2026-07-31T23:29:02.725+00:00,1785540539967,62919.86,62929.86,1785540540956,62983.649999999994,62983.6,62983.7,0.82877311,3.16634192,1.13666744,3.5766556099999995,335.2
2026-07-31T23:29:05.080+00:00,1785540543130,62918.06,62928.06,1785540543306,62981.05,62981.0,62981.1,0.28607042,2.28411815,0.36977868,3.7617078599999996,339.4
2026-07-31T23:29:07.439+00:00,1785540545236,62918.76,62928.76,1785540545656,62981.05,62981.0,62981.1,0.31234477,2.22411815,0.43597832000000003,3.7017015099999995,348.7
2026-07-31T23:29:09.799+00:00,1785540547452,62917.66,62927.66,1785540548006,62981.05,62981.0,62981.1,1.00316233,2.20905452,1.0867618700000001,3.20637733,357.7
2026-07-31T23:29:12.140+00:00,1785540549518,62919.46,62929.46,1785540550356,62981.05,62981.0,62981.1,1.65970342,1.20905452,1.74330296,1.6710470800000001,338.9
2026-07-31T23:29:14.476+00:00,1785540552633,62919.09,62929.09,1785540552706,62989.850000000006,62989.8,62989.9,2.13743832,2.14446108,2.66474095,2.5867426,333.6
2026-07-31T23:29:16.841+00:00,1785540554691,62918.85,62928.85,1785540555056,62989.850000000006,62989.8,62989.9,0.21470064,2.2053748,0.68865741,2.67719849,352.6
2026-07-31T23:29:19.189+00:00,1785540556770,62918.83,62928.83,1785540557406,62989.850000000006,62989.8,62989.9,1.05229886,2.0417748,1.3276610600000003,2.5135984899999997,346.2
2026-07-31T23:29:21.540+00:00,1785540559670,62926.54,62936.54,1785540559756,62985.149999999994,62985.1,62985.2,0.38241194,1.56862455,0.6136069,2.03674369,349.2
2026-07-31T23:29:23.887+00:00,1785540561710,62928.46,62938.46,1785540562106,62979.649999999994,62979.6,62979.7,2.14581809,0.89720746,2.38654711,1.13319577,344.8
2026-07-31T23:29:26.237+00:00,1785540563750,62925.71,62935.71,1785540564456,62979.649999999994,62979.6,62979.7,2.18268209,0.89717571,2.42341111,1.1678745000000001,347.5
2026-07-31T23:29:28.579+00:00,1785540565869,62924.54,62934.54,1785540566806,62979.649999999994,62979.6,62979.7,2.53437809,0.84302808,2.77510711,1.0700897,340.0
2026-07-31T23:29:30.942+00:00,1785540569028,62923.85,62933.85,1785540569156,62979.649999999994,62979.6,62979.7,2.38684009,0.69688825,2.58474456,0.9104035699999999,355.3
2026-07-31T23:29:33.283+00:00,1785540571394,62925.45,62935.45,1785540571506,62979.649999999994,62979.6,62979.7,2.57075209,0.69688825,2.7686565599999997,0.9104035699999999,337.2
2026-07-31T23:29:35.628+00:00,1785540573532,62927.1,62937.1,1785540573856,62986.45,62986.4,62986.5,2.92468441,1.56571247,3.7569443099999997,1.6210622399999999,339.6
2026-07-31T23:29:37.986+00:00,1785540575890,62926.85,62936.85,1785540576206,62986.45,62986.4,62986.5,3.60632213,1.51699597,4.05154975,1.5721837099999998,347.6
2026-07-31T23:29:40.328+00:00,1785540578030,62927.65,62937.65,1785540578556,62986.45,62986.4,62986.5,0.97569839,1.94083016,1.00706233,2.09581176,339.7
2026-07-31T23:29:42.683+00:00,1785540580290,62928.34,62938.34,1785540580906,62986.45,62986.4,62986.5,1.86397744,1.60173016,1.89534138,1.92031682,345.0
2026-07-31T23:29:45.037+00:00,1785540582440,62928.35,62938.35,1785540583256,62986.45,62986.4,62986.5,0.79036606,2.14173016,0.9972462999999999,2.3683471499999995,350.4
2026-07-31T23:29:47.389+00:00,1785540585531,62925.36,62935.36,1785540585606,62986.45,62986.4,62986.5,0.79036606,2.20429699,0.94063413,2.4309139799999997,350.2
2026-07-31T23:29:49.732+00:00,1785540587610,62923.68,62933.68,1785540587956,62986.45,62986.4,62986.5,0.79036606,2.20429699,0.94063413,2.4309139799999997,341.2
2026-07-31T23:29:52.089+00:00,1785540589690,62923.86,62933.86,1785540590306,62986.45,62986.4,62986.5,1.22428062,1.66429699,1.25553635,1.8909139799999999,345.1
2026-07-31T23:29:54.441+00:00,1785540591740,62924.47,62934.47,1785540592656,62986.45,62986.4,62986.5,1.04428062,1.66339699,1.0916970600000002,1.89001398,349.1
2026-07-31T23:29:56.793+00:00,1785540594890,62924.38,62934.38,1785540595006,62986.45,62986.4,62986.5,2.08231548,1.66339699,2.1297319200000002,1.89001398,351.2
2026-07-31T23:29:59.131+00:00,1785540597250,62923.82,62933.82,1785540597356,62986.45,62986.4,62986.5,2.08231548,1.74834508,2.15255504,1.97496207,336.1
2026-07-31T23:30:01.486+00:00,1785540599369,62924.04,62934.04,1785540599706,62986.45,62986.4,62986.5,2.08231548,1.68834508,2.15255504,1.9149620699999998,348.7
2026-07-31T23:30:03.838+00:00,1785540601549,62923.44,62933.44,1785540602056,62986.45,62986.4,62986.5,1.22159524,1.6882657,1.2918348000000002,1.91488269,348.3
2026-07-31T23:30:06.189+00:00,1785540604025,62925.5,62935.5,1785540604406,62986.45,62986.4,62986.5,1.44159524,1.68747347,1.5118348000000001,1.91409046,346.0
2026-07-31T23:30:08.539+00:00,1785540606107,62926.06,62936.06,1785540606756,62986.45,62986.4,62986.5,1.38519524,1.68747347,1.4326116800000002,1.91409046,346.8
2026-07-31T23:30:10.889+00:00,1785540608280,62926.69,62936.69,1785540609106,62986.45,62986.4,62986.5,2.12226186,1.68627347,2.1926766200000003,1.9128904599999998,348.0
2026-07-31T23:30:13.226+00:00,1785540610881,62941.85,62951.85,1785540611456,62992.75,62992.7,62992.8,3.87281521,0.70710581,4.45819063,0.88966625,334.0
2026-07-31T23:30:15.581+00:00,1785540612993,62936.24,62946.24,1785540613806,62996.95,62996.9,62997.0,4.32759349,1.0085051,4.81765064,1.49561932,342.4
2026-07-31T23:30:17.944+00:00,1785540615130,62938.67,62948.67,1785540616156,62996.95,62996.9,62997.0,4.32759349,0.76710902,4.81765064,1.2235579500000002,352.0
2026-07-31T23:30:20.291+00:00,1785540618179,62938.61,62948.61,1785540618506,62996.95,62996.9,62997.0,4.32759349,0.76710902,4.84706069,1.0143625699999999,345.0
2026-07-31T23:30:22.631+00:00,1785540620381,62941.75,62951.75,1785540620856,62996.95,62996.9,62997.0,4.28869349,0.78220902,4.80816069,1.07505348,338.7
2026-07-31T23:30:24.992+00:00,1785540622460,62939.65,62949.65,1785540623206,62996.95,62996.9,62997.0,3.5999734,1.18885252,4.1194406,1.55543322,352.2
2026-07-31T23:30:27.340+00:00,1785540624601,62940.94,62950.94,1785540625556,62996.95,62996.9,62997.0,3.5999734,1.2698531,4.1194406,1.7364647,346.0
2026-07-31T23:30:29.690+00:00,1785540626730,62941.67,62951.67,1785540627906,62996.95,62996.9,62997.0,4.28743064,1.1098531,4.362960920000001,1.5764647,347.4
2026-07-31T23:30:32.039+00:00,1785540630181,62936.93,62946.93,1785540630256,62996.95,62996.9,62997.0,4.28743064,1.2293531,4.362960920000001,1.5507767000000001,347.7
2026-07-31T23:30:34.397+00:00,1785540632450,62938.03,62948.03,1785540632606,62996.95,62996.9,62997.0,3.5999734,1.1293531,3.6755036800000003,1.6203676900000001,356.2
2026-07-31T23:30:36.737+00:00,1785540634482,62934.3,62944.3,1785540634956,62996.95,62996.9,62997.0,1.3400975,1.39415134,1.56940511,1.75286637,338.2
2026-07-31T23:30:39.092+00:00,1785540636559,62933.33,62943.33,1785540637306,62996.95,62996.9,62997.0,1.3400975,1.33415134,1.6536856899999999,1.7167507,352.5
2026-07-31T23:30:41.442+00:00,1785540638633,62934.16,62944.16,1785540639656,62996.95,62996.9,62997.0,1.3400975,1.49415134,1.65429334,1.8430785399999998,348.9
2026-07-31T23:30:43.837+00:00,1785540640970,62934.48,62944.48,1785540642056,62996.95,62996.9,62997.0,1.32421565,1.71846365,1.63841149,2.06739085,382.7
2026-07-31T23:30:46.189+00:00,1785540643230,62935.08,62945.08,1785540644406,62996.95,62996.9,62997.0,1.28611565,1.61846365,1.60038572,1.9689428599999999,349.3
2026-07-31T23:30:48.533+00:00,1785540646580,62936.05,62946.05,1785540646756,62996.95,62996.9,62997.0,1.25435195,1.77519926,1.56862202,2.0547163599999996,339.4
2026-07-31T23:30:50.891+00:00,1785540648720,62935.22,62945.22,1785540649106,62996.95,62996.9,62997.0,0.9345276,1.97500878,1.24879767,2.25452588,348.2
2026-07-31T23:30:53.243+00:00,1785540650840,62933.78,62943.78,1785540651456,62996.95,62996.9,62997.0,1.1072326,1.95249878,1.42150267,2.23201588,349.1
2026-07-31T23:30:55.585+00:00,1785540653232,62933.29,62943.29,1785540653806,62996.95,62996.9,62997.0,1.3071476,1.49137268,1.62141767,1.7708897799999999,341.2
2026-07-31T23:30:57.938+00:00,1785540655869,62936.63,62946.63,1785540656156,62996.95,62996.9,62997.0,1.2488376,1.49137268,1.5631076700000002,1.7708897799999999,343.2
2026-07-31T23:31:00.290+00:00,1785540657979,62935.99,62945.99,1785540658506,62996.95,62996.9,62997.0,1.1508346,1.63229052,1.46510467,1.9118076199999998,349.0
2026-07-31T23:31:02.643+00:00,1785540660345,62934.81,62944.81,1785540660856,62996.95,62996.9,62997.0,1.1071916,1.70749052,1.42146167,1.95285164,349.7
2026-07-31T23:31:04.980+00:00,1785540662381,62935.84,62945.84,1785540663206,62996.95,62996.9,62997.0,0.9312486,2.02486001,1.24551867,2.3939745699999997,335.4
2026-07-31T23:31:07.332+00:00,1785540664558,62936.19,62946.19,1785540665556,62996.95,62996.9,62997.0,2.02762612,1.35772137,2.3425842500000003,1.5611001999999998,339.8
2026-07-31T23:31:09.691+00:00,1785540667705,62936.91,62946.91,1785540667906,62996.95,62996.9,62997.0,2.02762612,1.69136137,2.3425842500000003,1.93632284,351.8
2026-07-31T23:31:12.041+00:00,1785540669914,62936.88,62946.88,1785540670256,62996.95,62996.9,62997.0,1.98702498,0.99136137,2.30198311,1.23632331,347.3
2026-07-31T23:31:14.390+00:00,1785540672164,62934.95,62944.95,1785540672606,62996.95,62996.9,62997.0,1.13589636,1.84783826,1.42024671,2.2487954,346.9
2026-07-31T23:31:16.794+00:00,1785540674713,62922.31,62932.31,1785540675006,62988.149999999994,62988.1,62988.2,0.19687433,5.13372981,0.35307374999999996,5.8161635700000005,401.0
2026-07-31T23:31:19.143+00:00,1785540676373,62919.88,62929.88,1785540677356,62987.55,62987.5,62987.6,0.28714554,4.68888503,0.29602101,5.51456285,342.2
2026-07-31T23:31:21.479+00:00,1785540679510,62916.27,62926.27,1785540679706,62987.55,62987.5,62987.6,0.2862958,4.68850503,0.29517127,5.51418285,333.5
2026-07-31T23:31:23.842+00:00,1785540681979,62914.05,62924.05,1785540682056,62977.55,62977.5,62977.6,1.12953729,1.73193979,1.3555253600000001,2.07028521,350.7
2026-07-31T23:31:26.191+00:00,1785540684029,62913.92,62923.92,1785540684406,62977.55,62977.5,62977.6,1.14158551,1.87180385,1.3675735800000002,2.0683462900000005,346.6
2026-07-31T23:31:28.537+00:00,1785540686279,62909.98,62919.98,1785540686756,62975.25,62975.2,62975.3,0.20430067,4.41762915,0.36889782,5.120066359999999,342.9
2026-07-31T23:31:30.893+00:00,1785540688400,62911.56,62921.56,1785540689106,62975.25,62975.2,62975.3,0.90520067,4.21810634,0.9337530700000001,4.80854159,346.8
2026-07-31T23:31:33.235+00:00,1785540691389,62905.37,62915.37,1785540691456,62973.95,62973.9,62974.0,0.4616355,4.73460689,1.1630941700000001,5.27321645,339.6
2026-07-31T23:31:35.588+00:00,1785540693429,62903.86,62913.86,1785540693806,62973.95,62973.9,62974.0,1.4091751,4.5698715,1.43793756,5.108481059999999,342.8
2026-07-31T23:31:37.946+00:00,1785540695472,62925.39,62935.39,1785540696156,62983.350000000006,62983.3,62983.4,3.45443805,1.2609326,3.92780046,1.3971650100000002,350.5
2026-07-31T23:31:40.292+00:00,1785540697559,62922.18,62932.18,1785540698506,62983.350000000006,62983.3,62983.4,3.45443805,1.7009326,4.19201127,1.83716501,344.7
2026-07-31T23:31:42.642+00:00,1785540700613,62918.84,62928.84,1785540700856,62983.350000000006,62983.3,62983.4,2.76686825,1.86464489,3.1390397699999997,1.95824411,346.4
2026-07-31T23:31:44.995+00:00,1785540702659,62919.61,62929.61,1785540703206,62983.350000000006,62983.3,62983.4,2.76436563,1.71654489,3.05751681,1.9948928900000003,351.1
2026-07-31T23:31:47.342+00:00,1785540704730,62921.96,62931.96,1785540705556,62983.350000000006,62983.3,62983.4,3.45085706,1.47742652,3.66602247,1.7557695100000004,345.9
2026-07-31T23:31:49.690+00:00,1785540706825,62923.46,62933.46,1785540707906,62983.350000000006,62983.3,62983.4,3.45085706,1.91742652,3.66602247,2.1957695100000003,345.4
2026-07-31T23:31:52.044+00:00,1785540709921,62923.53,62933.53,1785540710256,62983.350000000006,62983.3,62983.4,3.45085706,1.91583881,3.66602247,2.1941818,350.8
2026-07-31T23:31:54.390+00:00,1785540712069,62923.19,62933.19,1785540712606,62983.350000000006,62983.3,62983.4,3.2765318,1.27583881,3.52152501,1.5541818000000003,343.2
2026-07-31T23:31:56.741+00:00,1785540714121,62924.92,62934.92,1785540714956,62983.350000000006,62983.3,62983.4,3.2765318,1.27535932,3.52152501,1.5537023100000003,346.3
2026-07-31T23:31:59.093+00:00,1785540716211,62920.58,62930.58,1785540717306,62983.350000000006,62983.3,62983.4,3.2765318,1.53535932,3.52152501,1.81370231,350.4
2026-07-31T23:32:01.442+00:00,1785540719442,62920.49,62930.49,1785540719656,62983.350000000006,62983.3,62983.4,3.2765318,1.27218389,3.55098119,1.55052688,346.8
2026-07-31T23:32:03.792+00:00,1785540721570,62920.44,62930.44,1785540722006,62983.350000000006,62983.3,62983.4,3.2765318,1.75218389,3.55098119,2.03052688,348.1
2026-07-31T23:32:06.134+00:00,1785540723721,62920.36,62930.36,1785540724356,62983.350000000006,62983.3,62983.4,3.2765318,1.69218389,3.4913515999999998,1.97052688,338.3
2026-07-31T23:32:08.495+00:00,1785540725906,62920.32,62930.32,1785540726706,62983.350000000006,62983.3,62983.4,3.23076768,1.57215214,3.44558748,1.85049513,352.5
2026-07-31T23:32:10.845+00:00,1785540728532,62920.25,62930.25,1785540729056,62983.350000000006,62983.3,62983.4,3.23076768,1.81215214,3.3284842699999997,2.0904951300000003,334.0
2026-07-31T23:32:13.189+00:00,1785540730655,62917.18,62927.18,1785540731406,62983.350000000006,62983.3,62983.4,3.23076768,1.71174569,3.46188898,1.9900886800000004,342.8
2026-07-31T23:32:15.539+00:00,1785540732730,62916.36,62926.36,1785540733756,62983.350000000006,62983.3,62983.4,3.23076768,1.71126938,3.32947081,1.9896123700000001,343.2
2026-07-31T23:32:17.894+00:00,1785540735144,62917.75,62927.75,1785540736106,62983.350000000006,62983.3,62983.4,0.9363498,2.10969285,1.2620691099999999,2.40959526,350.4
2026-07-31T23:32:20.240+00:00,1785540738204,62920.03,62930.03,1785540738456,62983.350000000006,62983.3,62983.4,0.05318471,2.51177573,0.31752189,2.81167814,342.9
2026-07-31T23:32:22.595+00:00,1785540740232,62919.88,62929.88,1785540740806,62983.350000000006,62983.3,62983.4,0.10938471,2.50913322,0.45334721,2.6330503,349.9
2026-07-31T23:32:24.941+00:00,1785540741232,62919.96,62929.96,1785540743156,62983.350000000006,62983.3,62983.4,0.10938471,2.50913322,0.51388871,2.63310078,344.6
2026-07-31T23:32:27.294+00:00,1785540744513,62915.69,62925.69,1785540745506,62983.350000000006,62983.3,62983.4,1.11525283,2.19013368,1.3538656700000002,2.4900360900000003,351.6
2026-07-31T23:32:29.644+00:00,1785540745529,62915.3,62925.3,1785540747856,62983.350000000006,62983.3,62983.4,1.18869029,2.44851104,1.4637398900000003,2.74841345,347.6
2026-07-31T23:32:31.995+00:00,1785540749750,62915.32,62925.32,1785540750206,62983.350000000006,62983.3,62983.4,0.50022049,2.47991923,0.7709265099999999,2.77982164,347.3
2026-07-31T23:32:34.335+00:00,1785540751900,62915.34,62925.34,1785540752556,62983.350000000006,62983.3,62983.4,0.54655951,2.25403022,0.81173701,2.5539326300000003,337.4
2026-07-31T23:32:36.694+00:00,1785540754307,62915.36,62925.36,1785540754906,62983.350000000006,62983.3,62983.4,0.52914059,2.50434726,0.79431809,2.80424967,348.0
2026-07-31T23:32:39.043+00:00,1785540755383,62915.39,62925.39,1785540757256,62983.350000000006,62983.3,62983.4,0.45121174,2.50534773,0.7161917899999999,2.80792481,346.3
2026-07-31T23:32:41.392+00:00,1785540758553,62915.45,62925.45,1785540759606,62983.350000000006,62983.3,62983.4,0.52621174,2.50534773,0.79119179,2.80525014,348.1
2026-07-31T23:32:43.745+00:00,1785540761744,62915.51,62925.51,1785540761956,62983.350000000006,62983.3,62983.4,0.52459073,2.37133542,0.7895707799999999,2.67123783,351.3
2026-07-31T23:32:46.095+00:00,1785540764214,62915.55,62925.55,1785540764306,62983.350000000006,62983.3,62983.4,0.52459073,2.37030044,0.74538489,2.67295151,346.9
2026-07-31T23:32:48.444+00:00,1785540766307,62917.28,62927.28,1785540766656,62983.350000000006,62983.3,62983.4,0.52459073,2.38422496,0.74538489,2.6868702900000003,346.7
2026-07-31T23:32:50.797+00:00,1785540767562,62919.89,62929.89,1785540769006,62983.350000000006,62983.3,62983.4,0.60884994,2.38422496,0.8296441,2.68412737,349.5
2026-07-31T23:32:53.145+00:00,1785540770718,62919.93,62929.93,1785540771356,62983.350000000006,62983.3,62983.4,0.30511295,2.58086698,0.5188593,2.88076939,345.4
2026-07-31T23:32:55.489+00:00,1785540772840,62919.95,62929.95,1785540773706,62980.55,62980.5,62980.6,1.00953539,3.1043764,1.20324573,3.4517300800000004,343.2
2026-07-31T23:32:57.845+00:00,1785540775030,62919.99,62929.99,1785540776056,62980.55,62980.5,62980.6,0.99339239,3.1043764,1.0732402300000001,3.4517300800000004,347.6
2026-07-31T23:33:00.190+00:00,1785540778307,62918.64,62928.64,1785540778406,62980.55,62980.5,62980.6,0.49330982,3.1043764,0.6707767600000001,3.4823076200000003,344.0
2026-07-31T23:33:02.541+00:00,1785540780390,62916.16,62926.16,1785540780756,62980.55,62980.5,62980.6,0.04351625,3.24661241,0.09000488000000001,3.6245436300000002,346.5
2026-07-31T23:33:04.897+00:00,1785540782869,62919.11,62929.11,1785540783106,62980.55,62980.5,62980.6,0.80356134,3.05122221,0.85004997,3.2375279200000002,351.1
2026-07-31T23:33:07.243+00:00,1785540784940,62919.27,62929.27,1785540785456,62980.55,62980.5,62980.6,0.63996134,3.00544465,0.6864499700000001,3.3048850300000003,344.1
2026-07-31T23:33:09.597+00:00,1785540787219,62918.35,62928.35,1785540787806,62980.55,62980.5,62980.6,0.63996134,3.00544465,0.6864499700000001,3.3048850300000003,350.3
2026-07-31T23:33:11.947+00:00,1785540789511,62918.42,62928.42,1785540790156,62980.55,62980.5,62980.6,0.63996134,3.05745517,0.7012435600000001,3.4532908200000003,340.9
2026-07-31T23:33:14.295+00:00,1785540791718,62918.17,62928.17,1785540792506,62980.55,62980.5,62980.6,0.63996134,2.83783256,0.7027050100000001,3.2133370500000003,346.8
2026-07-31T23:33:16.645+00:00,1785540793900,62916.26,62926.26,1785540794856,62980.55,62980.5,62980.6,1.66374186,2.55663169,1.71023049,2.83578914,347.9
2026-07-31T23:33:18.990+00:00,1785540796100,62919.59,62929.59,1785540797206,62980.55,62980.5,62980.6,1.50001835,2.22742953,1.54650698,2.51188817,342.4
2026-07-31T23:33:21.345+00:00,1785540799409,62917.97,62927.97,1785540799556,62980.55,62980.5,62980.6,0.81244855,2.22742953,0.8589371800000001,2.5357035800000003,347.0
2026-07-31T23:33:23.693+00:00,1785540801479,62917.01,62927.01,1785540801906,62980.55,62980.5,62980.6,0.81282499,2.22727076,0.9178720699999999,2.39854332,345.9
2026-07-31T23:33:26.045+00:00,1785540803600,62918.16,62928.16,1785540804256,62980.55,62980.5,62980.6,1.50039479,2.22595687,1.6054418700000002,2.53165372,349.8
2026-07-31T23:33:28.397+00:00,1785540805699,62919.57,62929.57,1785540806606,62980.55,62980.5,62980.6,1.66229177,2.20355473,1.76733885,2.50925158,349.1
2026-07-31T23:33:30.731+00:00,1785540808820,62919.09,62929.09,1785540808956,62980.55,62980.5,62980.6,1.48608652,2.20423348,1.5911336,2.51255132,331.6
2026-07-31T23:33:33.098+00:00,1785540810940,62918.97,62928.97,1785540811306,62980.55,62980.5,62980.6,1.60326907,2.20423348,1.7017577400000001,2.50356446,350.1
2026-07-31T23:33:35.444+00:00,1785540813240,62919.03,62929.03,1785540813656,62980.55,62980.5,62980.6,1.60326907,2.20423348,1.7017577400000001,2.46922649,344.7
2026-07-31T23:33:37.845+00:00,1785540815706,62919.52,62929.52,1785540816056,62980.55,62980.5,62980.6,1.60226858,2.20423348,1.70075725,2.46922827,398.4
2026-07-31T23:33:40.191+00:00,1785540817890,62920.43,62930.43,1785540818406,62980.55,62980.5,62980.6,1.60226858,1.03350037,1.70075725,1.3268618,345.0
2026-07-31T23:33:42.544+00:00,1785540820088,62919.68,62929.68,1785540820756,62980.55,62980.5,62980.6,1.60226858,1.60807013,1.8590045099999999,1.84150254,349.9
2026-07-31T23:33:44.896+00:00,1785540822249,62918.4,62928.4,1785540823106,62980.55,62980.5,62980.6,1.60226858,1.60807013,1.8590045099999999,1.8414961699999999,348.2
2026-07-31T23:33:47.236+00:00,1785540824359,62920.04,62930.04,1785540825456,62980.55,62980.5,62980.6,1.60226858,1.32807013,1.8590045099999999,1.58534672,337.1
2026-07-31T23:33:49.595+00:00,1785540827630,62920.48,62930.48,1785540827806,62980.55,62980.5,62980.6,1.60226858,1.58632833,1.8590045099999999,1.7870317699999998,345.5
2026-07-31T23:33:51.948+00:00,1785540829808,62919.89,62929.89,1785540830156,62980.55,62980.5,62980.6,1.60226858,1.58032018,1.84465791,1.7810236199999998,349.4
2026-07-31T23:33:55.547+00:00,1785540832929,62920.52,62930.52,1785540833756,62980.55,62980.5,62980.6,1.60226858,1.44122018,1.84465791,1.64189331,351.4
2026-07-31T23:33:57.899+00:00,1785540835171,62920.24,62930.24,1785540836106,62980.55,62980.5,62980.6,0.93993565,1.76122018,1.15412136,2.0158448599999996,345.2
2026-07-31T23:34:00.297+00:00,1785540838279,62918.25,62928.25,1785540838506,62980.55,62980.5,62980.6,0.93987239,1.50101377,1.1540581,1.7556384499999997,397.5
2026-07-31T23:34:02.650+00:00,1785540840639,62917.72,62927.72,1785540840856,62980.55,62980.5,62980.6,1.27597239,1.44008202,1.4727448,1.6947066999999998,350.2
2026-07-31T23:34:05.001+00:00,1785540842700,62917.57,62927.57,1785540843206,62980.55,62980.5,62980.6,1.25104239,1.31988202,1.4935771400000002,1.7005531999999999,350.4
2026-07-31T23:34:07.346+00:00,1785540844800,62916.85,62926.85,1785540845556,62980.55,62980.5,62980.6,1.26843839,1.31982804,1.5109731400000002,1.7004913199999998,343.5
2026-07-31T23:34:09.696+00:00,1785540846831,62916.57,62926.57,1785540847906,62980.55,62980.5,62980.6,1.52777808,1.39906157,1.7703128300000002,1.7797394299999998,347.3
2026-07-31T23:34:12.043+00:00,1785540849376,62915.33,62925.33,1785540850256,62980.55,62980.5,62980.6,1.26828881,1.39906157,1.5108235600000002,1.6409199399999999,344.1
2026-07-31T23:34:14.395+00:00,1785540851562,62913.79,62923.79,1785540852606,62980.55,62980.5,62980.6,1.25089281,1.59906157,1.5146201400000001,1.8409199399999998,348.2
2026-07-31T23:34:16.751+00:00,1785540854750,62915.48,62925.48,1785540854956,62980.55,62980.5,62980.6,1.31524181,1.71906157,1.57896914,1.96091994,336.0
2026-07-31T23:34:19.101+00:00,1785540856906,62915.98,62925.98,1785540857306,62980.55,62980.5,62980.6,1.31524181,1.46017472,1.57896914,1.6928515899999999,348.9
2026-07-31T23:34:21.445+00:00,1785540858960,62914.6,62924.6,1785540859656,62980.55,62980.5,62980.6,1.58710281,1.42848066,1.85083014,1.6010303599999998,342.5
2026-07-31T23:34:23.803+00:00,1785540861761,62926.37,62936.37,1785540862006,62996.55,62996.5,62996.6,0.09770533,3.08824448,0.7180989999999999,3.4501622899999997,355.0
2026-07-31T23:34:26.139+00:00,1785540863860,62926.01,62936.01,1785540864356,62996.55,62996.5,62996.6,0.09770533,3.12905772,0.27405418,3.4909755299999996,333.7
2026-07-31T23:34:28.497+00:00,1785540866091,62915.62,62925.62,1785540866706,62985.95,62985.9,62986.0,0.30366176,2.19536373,0.5752056799999999,2.57281197,351.2
2026-07-31T23:34:30.845+00:00,1785540868107,62919.86,62929.86,1785540869056,62985.95,62985.9,62986.0,0.64792325,2.20228725,0.9194079699999999,2.51113494,345.2
2026-07-31T23:34:33.200+00:00,1785540870349,62922.39,62932.39,1785540871406,62985.95,62985.9,62986.0,0.65111225,2.00414795,0.9427665499999999,2.3129956400000005,351.9
2026-07-31T23:34:35.544+00:00,1785540873620,62918.74,62928.74,1785540873756,62985.95,62985.9,62986.0,0.67537925,2.00414795,0.92542145,2.3129956400000005,341.6
2026-07-31T23:34:37.892+00:00,1785540875910,62920.91,62930.91,1785540876106,62985.95,62985.9,62986.0,0.65832325,2.00414795,0.90836545,2.3129956400000005,344.7
2026-07-31T23:34:40.246+00:00,1785540878409,62921.38,62931.38,1785540878456,62985.95,62985.9,62986.0,1.38760356,1.97532565,1.6384884700000002,2.2841733399999997,347.0
2026-07-31T23:34:42.649+00:00,1785540880744,62921.2,62931.2,1785540880856,62985.95,62985.9,62986.0,0.70009925,1.97513196,0.95098416,2.28397965,400.2
2026-07-31T23:34:44.997+00:00,1785540883038,62922.99,62932.99,1785540883206,62985.95,62985.9,62986.0,0.48549161,2.02751067,0.6983927200000001,2.33635836,345.2
2026-07-31T23:34:47.345+00:00,1785540885179,62923.44,62933.44,1785540885556,62985.95,62985.9,62986.0,0.64707661,2.02518056,0.8599777200000001,2.3340282500000002,344.0
2026-07-31T23:34:49.700+00:00,1785540887622,62922.53,62932.53,1785540887906,62985.95,62985.9,62986.0,0.63616254,2.02348056,0.8490636500000001,2.3323282499999998,351.2
2026-07-31T23:34:52.038+00:00,1785540889840,62921.49,62931.49,1785540890256,62985.95,62985.9,62986.0,0.64071915,3.51432913,0.85362026,3.8231768200000005,335.7
2026-07-31T23:34:54.398+00:00,1785540892530,62923.42,62933.42,1785540892606,62985.95,62985.9,62986.0,0.64308706,3.51432913,0.85598817,3.8231768200000005,347.4
2026-07-31T23:34:56.736+00:00,1785540892530,62923.42,62933.42,1785540894956,62985.95,62985.9,62986.0,0.63597906,3.51432913,0.84888017,3.8231768200000005,335.1
2026-07-31T23:34:59.097+00:00,1785540894969,62923.41,62933.41,1785540897306,62985.95,62985.9,62986.0,0.64778306,3.49842913,0.86068417,3.67687922,346.9
2026-07-31T23:35:01.774+00:00,1785540898739,62923.4,62933.4,1785540899980,62985.95,62985.9,62986.0,0.67191306,3.4402403,0.88481417,3.61870927,674.7
2026-07-31T23:35:04.147+00:00,1785540902020,62897.9,62907.9,1785540902352,62971.95,62971.9,62972.0,0.96889547,3.31381238,1.08976552,3.37314651,370.7
2026-07-31T23:35:06.497+00:00,1785540904191,62903.82,62913.82,1785540904702,62971.95,62971.9,62972.0,0.27923275,1.76904671,0.39765654,2.3800151800000005,348.3
2026-07-31T23:35:08.846+00:00,1785540906388,62903.84,62913.84,1785540907052,62971.95,62971.9,62972.0,0.96769547,1.76664671,1.04256515,2.2291335500000002,342.8
2026-07-31T23:35:11.193+00:00,1785540908542,62903.86,62913.86,1785540909402,62971.95,62971.9,62972.0,0.96769547,2.01670421,1.08832286,2.4791910500000003,345.1
2026-07-31T23:35:13.545+00:00,1785540911630,62903.87,62913.87,1785540911752,62971.95,62971.9,62972.0,0.27923275,1.87670421,0.56939813,2.34306947,349.8
2026-07-31T23:35:15.895+00:00,1785540913769,62903.89,62913.89,1785540914102,62971.95,62971.9,62972.0,0.96672091,1.7790287,1.10305374,2.27627031,346.9
2026-07-31T23:35:18.238+00:00,1785540915907,62903.91,62913.91,1785540916452,62971.95,62971.9,62972.0,0.96672091,2.0390287,1.10305374,2.53627031,337.0
2026-07-31T23:35:20.595+00:00,1785540918240,62903.94,62913.94,1785540918802,62971.95,62971.9,62972.0,0.27923275,2.0386387,0.56734538,2.5050039600000003,347.8
2026-07-31T23:35:22.951+00:00,1785540919308,62903.95,62913.95,1785540921152,62971.95,62971.9,62972.0,0.27938501,1.87487859,0.56531731,2.34124385,352.9
2026-07-31T23:35:25.345+00:00,1785540922530,62903.97,62913.97,1785540923552,62971.95,62971.9,62972.0,1.96502653,1.40327512,2.1861301,1.86964038,392.1
2026-07-31T23:35:27.695+00:00,1785540925705,62907.66,62917.66,1785540925902,62971.95,62971.9,62972.0,1.55650653,1.7643225,1.7776101,2.2306877600000004,347.8
2026-07-31T23:35:30.034+00:00,1785540927741,62908.33,62918.33,1785540928252,62971.95,62971.9,62972.0,0.9676789,1.6149694,1.18878247,2.0813346600000004,336.1
2026-07-31T23:35:32.391+00:00,1785540930210,62908.37,62918.37,1785540930602,62971.95,62971.9,62972.0,0.9676789,1.6149694,1.18878247,2.0813346600000004,340.5
2026-07-31T23:35:34.746+00:00,1785540932327,62908.39,62918.39,1785540932952,62971.95,62971.9,62972.0,1.2276789,1.6149694,1.4487824699999998,2.0813346600000004,349.9
2026-07-31T23:35:37.097+00:00,1785540934603,62908.43,62918.43,1785540935302,62971.95,62971.9,62972.0,0.9676789,1.61596988,1.18878247,2.08233514,349.2
2026-07-31T23:35:39.446+00:00,1785540936675,62908.45,62918.45,1785540937652,62971.95,62971.9,62972.0,1.38064746,1.61596988,1.60175103,2.08233514,347.2
2026-07-31T23:35:41.792+00:00,1785540939735,62908.49,62918.49,1785540940002,62969.95,62969.9,62970.0,1.13961698,2.83049607,1.6460056299999999,3.2894131700000004,343.8
2026-07-31T23:35:44.140+00:00,1785540942002,62908.52,62918.52,1785540942352,62969.95,62969.9,62970.0,1.91152565,2.83049607,2.26983976,3.1717423300000003,343.1
2026-07-31T23:35:46.495+00:00,1785540944090,62908.56,62918.56,1785540944702,62969.95,62969.9,62970.0,1.91152565,2.82959607,2.26983976,3.17084233,348.0
2026-07-31T23:35:48.845+00:00,1785540946306,62908.57,62918.57,1785540947052,62969.95,62969.9,62970.0,1.91152565,1.75426674,2.26983976,2.035513,348.7
2026-07-31T23:35:51.193+00:00,1785540948440,62908.61,62918.61,1785540949402,62969.95,62969.9,62970.0,1.91152565,1.75744612,2.26983976,1.9968929499999997,345.2
2026-07-31T23:35:53.542+00:00,1785540951700,62907.42,62917.42,1785540951752,62969.95,62969.9,62970.0,1.81619561,1.75744612,2.17450972,1.9968929499999997,347.1
2026-07-31T23:35:55.895+00:00,1785540953109,62905.78,62915.78,1785540954102,62969.95,62969.9,62970.0,1.91152565,1.75744612,2.26983976,1.9968929499999997,345.7
2026-07-31T23:35:58.247+00:00,1785540956224,62900.73,62910.73,1785540956452,62969.95,62969.9,62970.0,1.91152565,1.75744612,2.26983976,1.9968929499999997,349.4
2026-07-31T23:36:00.604+00:00,1785540958270,62900.76,62910.76,1785540958802,62969.95,62969.9,62970.0,1.89563731,1.73360425,2.25395142,1.9730510799999996,354.6
2026-07-31T23:36:02.941+00:00,1785540960570,62902.55,62912.55,1785540961152,62969.95,62969.9,62970.0,2.05291211,1.20122858,2.34543216,1.3710197299999998,335.0
2026-07-31T23:36:05.298+00:00,1785540962680,62906.3,62916.3,1785540963502,62969.95,62969.9,62970.0,2.05291211,1.1980492,2.34543216,1.36784035,349.4
2026-07-31T23:36:07.647+00:00,1785540964980,62919.31,62929.31,1785540965852,62979.649999999994,62979.6,62979.7,2.16004226,1.62154075,2.65315748,1.8488564,347.9
2026-07-31T23:36:09.998+00:00,1785540967027,62919.77,62929.77,1785540968202,62979.649999999994,62979.6,62979.7,0.57058559,2.38154075,1.23783388,2.68780626,349.3
2026-07-31T23:36:12.347+00:00,1785540970506,62917.7,62927.7,1785540970552,62979.649999999994,62979.6,62979.7,0.57058559,2.38154075,1.01243618,2.68462692,346.1
2026-07-31T23:36:14.693+00:00,1785540972638,62911.65,62921.65,1785540972902,62979.649999999994,62979.6,62979.7,0.56967442,2.38154075,0.98025567,2.68462692,344.4
2026-07-31T23:36:17.048+00:00,1785540974870,62911.62,62921.62,1785540975252,62979.649999999994,62979.6,62979.7,0.56971589,2.37223632,0.98029714,2.6753224899999997,351.1
2026-07-31T23:36:19.385+00:00,1785540976980,62912.13,62922.13,1785540977602,62979.649999999994,62979.6,62979.7,0.19366517,2.79383247,0.66647435,3.27691864,336.5
2026-07-31T23:36:21.751+00:00,1785540979199,62913.45,62923.45,1785540979952,62979.649999999994,62979.6,62979.7,0.03643863,2.79383247,0.49607377999999996,3.27691864,354.9
2026-07-31T23:36:24.097+00:00,1785540981731,62906.7,62916.7,1785540982302,62974.95,62974.9,62975.0,3.23924454,0.9079703,4.133541210000001,1.81812635,344.4
2026-07-31T23:36:26.497+00:00,1785540983793,62906.64,62916.64,1785540984702,62974.95,62974.9,62975.0,3.25249854,0.90001806,4.1467952100000005,1.81017411,397.2
2026-07-31T23:36:28.847+00:00,1785540986931,62903.35,62913.35,1785540987052,62974.95,62974.9,62975.0,3.15717576,1.23306455,4.0514724300000005,1.4432205999999999,347.7
2026-07-31T23:36:31.199+00:00,1785540989180,62906.17,62916.17,1785540989402,62974.95,62974.9,62975.0,3.15717576,1.23306455,4.0514724300000005,1.4100350999999998,349.8
2026-07-31T23:36:33.546+00:00,1785540991482,62908.16,62918.16,1785540991752,62974.95,62974.9,62975.0,3.25249854,0.87306455,4.1467952100000005,1.0500350999999999,346.3
2026-07-31T23:36:35.901+00:00,1785540993637,62911.27,62921.27,1785540994102,62974.95,62974.9,62975.0,3.18802127,0.87306455,4.08231794,1.0500350999999999,353.1
2026-07-31T23:36:38.245+00:00,1785540995907,62911.53,62921.53,1785540996452,62974.95,62974.9,62975.0,3.21979553,0.86989504,4.1140922,1.0468655900000001,341.3
2026-07-31T23:36:40.598+00:00,1785540998059,62910.52,62920.52,1785540998802,62974.95,62974.9,62975.0,3.20311505,0.86989504,4.09741172,1.0468655900000001,350.6
2026-07-31T23:36:42.948+00:00,1785541000170,62911.3,62921.3,1785541001152,62974.95,62974.9,62975.0,3.25077644,0.86989504,4.14507311,1.0468655900000001,348.2
2026-07-31T23:36:45.298+00:00,1785541003369,62914.31,62924.31,1785541003502,62974.95,62974.9,62975.0,3.25077644,1.34879504,4.14507311,1.52576559,347.4
2026-07-31T23:36:47.645+00:00,1785541005510,62914.29,62924.29,1785541005852,62974.95,62974.9,62975.0,2.97113582,1.60879504,3.54812819,1.7857655899999998,343.7
2026-07-31T23:36:49.998+00:00,1785541007689,62915.91,62925.91,1785541008202,62974.95,62974.9,62975.0,2.97113582,1.30989504,3.54812819,1.48686559,347.9
2026-07-31T23:36:52.345+00:00,1785541010273,62916.1,62926.1,1785541010552,62974.95,62974.9,62975.0,2.97113582,1.00989504,3.54812819,1.1868655899999998,344.8
2026-07-31T23:36:54.697+00:00,1785541011313,62916.12,62926.12,1785541012902,62974.95,62974.9,62975.0,2.93936156,0.86859016,3.51635393,1.04556071,349.1
2026-07-31T23:36:57.049+00:00,1785541014809,62915.74,62925.74,1785541015252,62974.95,62974.9,62975.0,2.93849585,0.8655706,3.54428834,1.0425411500000001,350.3
2026-07-31T23:36:59.388+00:00,1785541017449,62914.48,62924.48,1785541017602,62974.95,62974.9,62975.0,2.95438298,1.2255706,3.5313753500000002,1.40254115,336.3
2026-07-31T23:37:01.751+00:00,1785541019829,62913.62,62923.62,1785541019952,62974.95,62974.9,62975.0,2.97004781,1.0855706,3.57559893,1.26254115,350.2
2026-07-31T23:37:04.095+00:00,1785541022160,62912.69,62922.69,1785541022302,62974.95,62974.9,62975.0,2.97004781,1.20383976,3.5470401799999998,1.38081031,337.9
2026-07-31T23:37:06.446+00:00,1785541024229,62910.1,62920.1,1785541024652,62974.95,62974.9,62975.0,2.96863259,1.02436563,3.5456249599999996,1.20133618,346.7
2026-07-31T23:37:08.806+00:00,1785541026359,62913.2,62923.2,1785541027002,62974.95,62974.9,62975.0,2.95274546,1.16108135,3.52973783,1.3380518999999997,356.0
2026-07-31T23:37:11.152+00:00,1785541028433,62913.11,62923.11,1785541029352,62974.95,62974.9,62975.0,2.95274546,1.25998135,3.5762107100000002,1.4607746900000003,341.4
2026-07-31T23:37:13.491+00:00,1785541031508,62914.42,62924.42,1785541031702,62974.95,62974.9,62975.0,2.95274546,0.95990196,3.6213059600000004,1.1368725100000001,338.3
2026-07-31T23:37:15.850+00:00,1785541033608,62913.45,62923.45,1785541034052,62974.95,62974.9,62975.0,3.07654097,0.86100196,3.7451014700000003,1.0379725100000001,348.7
2026-07-31T23:37:18.249+00:00,1785541035837,62911.7,62921.7,1785541036452,62974.95,62974.9,62975.0,3.07654097,0.86100196,3.7451014700000003,1.0379725100000001,397.0
2026-07-31T23:37:20.595+00:00,1785541038141,62908.5,62918.5,1785541038802,62974.95,62974.9,62975.0,3.06156195,0.86100196,3.73012245,1.0379725100000001,344.4
2026-07-31T23:37:22.951+00:00,1785541040250,62910.07,62920.07,1785541041152,62974.95,62974.9,62975.0,3.01390056,0.86068438,3.68246106,1.0376549300000002,348.6
2026-07-31T23:37:25.300+00:00,1785541043441,62915.98,62925.98,1785541043502,62974.95,62974.9,62975.0,3.02978769,1.25999438,3.6983481900000004,1.4608032,348.0
2026-07-31T23:37:27.647+00:00,1785541045761,62916.0,62926.0,1785541045852,62974.95,62974.9,62975.0,3.07744908,1.53999438,3.7460095800000004,1.7408032,345.4
2026-07-31T23:37:30.001+00:00,1785541047831,62913.91,62923.91,1785541048202,62974.95,62974.9,62975.0,3.07744908,1.29889438,3.7460095800000004,1.4997032,348.2
2026-07-31T23:37:32.349+00:00,1785541049999,62911.85,62921.85,1785541050552,62974.95,62974.9,62975.0,3.02978769,1.01827013,3.6983481900000004,1.21907895,347.0
2026-07-31T23:37:34.702+00:00,1785541052110,62913.23,62923.23,1785541052902,62974.95,62974.9,62975.0,3.07744908,1.33717013,3.7460095800000004,1.53797895,350.4
2026-07-31T23:37:37.033+00:00,1785541054151,62912.64,62922.64,1785541055252,62974.95,62974.9,62975.0,3.07744908,1.29782013,3.7460095800000004,1.49862895,329.0
2026-07-31T23:37:39.395+00:00,1785541057301,62912.07,62922.07,1785541057602,62974.95,62974.9,62975.0,3.06039663,0.85750013,3.72895713,1.05830895,346.8
2026-07-31T23:37:41.746+00:00,1785541059459,62913.35,62923.35,1785541059952,62974.95,62974.9,62975.0,3.07596376,0.85718013,3.74452426,1.0579730100000002,346.6
2026-07-31T23:37:44.095+00:00,1785541061599,62914.35,62924.35,1785541062302,62974.95,62974.9,62975.0,3.06007663,1.21411013,3.7286371300000005,1.41490301,346.2
2026-07-31T23:37:46.443+00:00,1785541063759,62911.4,62921.4,1785541064652,62974.95,62974.9,62975.0,2.98064098,1.21347013,3.64920148,1.4142630099999998,341.5
2026-07-31T23:37:48.803+00:00,1785541065849,62911.8,62921.8,1785541067002,62974.95,62974.9,62975.0,3.07596376,0.85242286,3.74452426,1.0532155900000002,351.7
2026-07-31T23:37:51.153+00:00,1785541069269,62912.94,62922.94,1785541069352,62974.95,62974.9,62975.0,3.07596376,0.97195407,3.74452426,1.1727468,346.3
2026-07-31T23:37:53.501+00:00,1785541071639,62913.44,62923.44,1785541071702,62974.95,62974.9,62975.0,3.07596376,0.85195407,3.74452426,1.0527468,346.6
2026-07-31T23:37:55.848+00:00,1785541073217,62922.87,62932.87,1785541074052,62981.25,62981.2,62981.3,3.79830565,0.78319148,3.95521286,1.19075339,345.0
2026-07-31T23:37:58.189+00:00,1785541075411,62922.75,62932.75,1785541076402,62981.25,62981.2,62981.3,3.87707201,0.78319148,4.23790556,0.9940027100000002,338.0
2026-07-31T23:38:00.555+00:00,1785541078645,62918.26,62928.26,1785541078752,62981.25,62981.2,62981.3,3.82941509,0.78272386,4.190248639999999,0.9676388200000001,351.5
2026-07-31T23:38:02.891+00:00,1785541080738,62917.97,62927.97,1785541081102,62981.25,62981.2,62981.3,3.89295765,0.81921386,4.25380726,0.9905453,333.5
2026-07-31T23:38:05.248+00:00,1785541082884,62920.34,62930.34,1785541083452,62981.25,62981.2,62981.3,2.99655493,1.04590564,3.0675569399999993,1.25379469,344.1
2026-07-31T23:38:07.598+00:00,1785541084941,62920.94,62930.94,1785541085802,62981.25,62981.2,62981.3,2.85506568,1.74569564,2.94851597,1.9535846900000002,347.7
2026-07-31T23:38:09.946+00:00,1785541087084,62921.03,62931.03,1785541088152,62981.25,62981.2,62981.3,2.85506568,1.04479564,2.94851597,1.29844332,345.1
2026-07-31T23:38:12.300+00:00,1785541089510,62919.75,62929.75,1785541090502,62981.25,62981.2,62981.3,2.8232944,1.04479564,2.9174138299999997,1.29844332,345.3
2026-07-31T23:38:14.651+00:00,1785541092809,62921.43,62931.43,1785541092852,62981.25,62981.2,62981.3,3.54257331,1.04479564,3.6459701899999994,1.29844332,346.3
2026-07-31T23:38:17.051+00:00,1785541094899,62922.76,62932.76,1785541095252,62981.25,62981.2,62981.3,3.52668767,1.04479564,3.6300845499999994,1.29844332,397.7
2026-07-31T23:38:19.447+00:00,1785541097131,62921.32,62931.32,1785541097652,62981.25,62981.2,62981.3,2.8232944,1.04003233,2.9266912799999996,1.29368001,393.0
2026-07-31T23:38:21.806+00:00,1785541099168,62917.43,62927.43,1785541100002,62981.25,62981.2,62981.3,2.8232944,1.04089264,2.8786595099999994,1.29454032,351.8
2026-07-31T23:38:24.147+00:00,1785541101410,62917.65,62927.65,1785541102352,62981.25,62981.2,62981.3,2.85475285,1.20089264,2.9553945999999995,1.45454032,338.9
2026-07-31T23:38:26.497+00:00,1785541104650,62918.99,62928.99,1785541104702,62981.25,62981.2,62981.3,2.83886721,1.20073387,2.9395089599999995,1.4324439400000002,343.1
2026-07-31T23:38:28.858+00:00,1785541106830,62919.36,62929.36,1785541107052,62981.25,62981.2,62981.3,3.44674835,1.03983387,3.54915105,1.29348155,357.2
2026-07-31T23:38:31.248+00:00,1785541108919,62920.55,62930.55,1785541109452,62981.25,62981.2,62981.3,3.54206219,0.98573387,3.645134,1.23938155,387.2
2026-07-31T23:38:34.046+00:00,1785541112109,62920.68,62930.68,1785541112252,62981.25,62981.2,62981.3,3.54206219,0.98573387,3.645134,1.2195125,794.6
2026-07-31T23:38:36.399+00:00,1785541114439,62920.17,62930.17,1785541114602,62981.25,62981.2,62981.3,3.54206219,0.99513387,3.645134,1.23899656,349.3
2026-07-31T23:38:38.752+00:00,1785541116700,62918.97,62928.97,1785541116952,62981.25,62981.2,62981.3,3.54206219,0.99513387,3.645134,1.23899656,349.6
2026-07-31T23:38:41.098+00:00,1785541118149,62918.31,62928.31,1785541119302,62981.25,62981.2,62981.3,3.54206219,0.99486812,3.63608815,1.26256619,344.9
2026-07-31T23:38:43.449+00:00,1785541120771,62918.3,62928.3,1785541121652,62981.25,62981.2,62981.3,3.54025102,0.99482049,3.6432609699999996,1.26251856,348.3
2026-07-31T23:38:45.797+00:00,1785541122970,62917.58,62927.58,1785541124002,62981.25,62981.2,62981.3,2.85274339,0.99572049,2.9557532699999998,1.40062012,345.7
2026-07-31T23:38:48.149+00:00,1785541126260,62917.0,62927.0,1785541126352,62981.25,62981.2,62981.3,2.84646483,0.99572049,2.9018298199999997,1.2634185599999999,344.1
2026-07-31T23:38:50.502+00:00,1785541128506,62919.19,62929.19,1785541128702,62981.25,62981.2,62981.3,2.85184339,0.99572049,2.9512006199999994,1.2634036999999998,350.4
2026-07-31T23:38:52.852+00:00,1785541130709,62919.7,62929.7,1785541131052,62981.25,62981.2,62981.3,0.71882976,2.38444307,0.9653173699999998,2.76790343,343.3
2026-07-31T23:38:55.201+00:00,1785541132879,62917.96,62927.96,1785541133402,62981.25,62981.2,62981.3,0.67012384,2.44662404,0.9166114499999999,2.8300844,347.3
2026-07-31T23:38:57.539+00:00,1785541135060,62918.18,62928.18,1785541135752,62981.25,62981.2,62981.3,0.66544184,2.44662404,0.9114974599999999,2.88380568,335.7
2026-07-31T23:38:59.895+00:00,1785541137179,62918.26,62928.26,1785541138102,62981.25,62981.2,62981.3,0.67492984,2.44662404,0.9209854599999999,2.88380568,343.8
2026-07-31T23:39:02.244+00:00,1785541140306,62917.27,62927.27,1785541140452,62981.25,62981.2,62981.3,0.93501384,2.44980258,1.1810694599999998,2.9007203,343.0
2026-07-31T23:39:04.595+00:00,1785541142369,62916.96,62926.96,1785541142802,62981.25,62981.2,62981.3,0.64770384,2.09978432,0.89375946,2.55070204,344.0
2026-07-31T23:39:06.955+00:00,1785541144459,62915.49,62925.49,1785541145152,62981.25,62981.2,62981.3,0.7109336,2.09978432,0.95698922,2.55070204,353.5
2026-07-31T23:39:09.301+00:00,1785541146781,62916.15,62926.15,1785541147502,62981.25,62981.2,62981.3,0.7198116,2.09946965,0.9658672199999999,2.55038737,344.0
2026-07-31T23:39:11.651+00:00,1785541148817,62917.3,62927.3,1785541149852,62981.25,62981.2,62981.3,0.70585032,2.09946965,0.95182115,2.55038737,347.9
2026-07-31T23:39:14.001+00:00,1785541151945,62918.68,62928.68,1785541152202,62981.25,62981.2,62981.3,0.9909336,2.09946965,1.2369044299999998,2.55038737,348.4
2026-07-31T23:39:16.352+00:00,1785541154016,62919.82,62929.82,1785541154552,62981.25,62981.2,62981.3,1.36739104,2.09150045,1.6133618699999999,2.52255526,349.8
2026-07-31T23:39:18.698+00:00,1785541156244,62919.16,62929.16,1785541156902,62981.25,62981.2,62981.3,1.46270488,1.35777126,1.7086757099999998,1.8086886899999999,344.5
2026-07-31T23:39:21.056+00:00,1785541158326,62919.67,62929.67,1785541159252,62981.25,62981.2,62981.3,1.44681924,1.35777126,1.6927900699999998,1.8086886899999999,351.2
2026-07-31T23:39:23.401+00:00,1785541161404,62917.87,62927.87,1785541161602,62981.25,62981.2,62981.3,1.62630488,0.96924613,1.8722757099999998,1.14168002,342.8
2026-07-31T23:39:25.754+00:00,1785541163417,62919.62,62929.62,1785541163952,62981.25,62981.2,62981.3,1.46270488,1.28924613,1.7086757099999998,1.46168002,344.3
2026-07-31T23:39:28.104+00:00,1785541165449,62919.59,62929.59,1785541166302,62981.25,62981.2,62981.3,1.46270488,1.31524613,1.7534430200000002,1.52345569,348.8
2026-07-31T23:39:30.464+00:00,1785541168519,62919.25,62929.25,1785541168652,62981.25,62981.2,62981.3,1.77419902,0.97434613,2.06618252,1.18255569,355.4
2026-07-31T23:39:32.851+00:00,1785541170660,62919.28,62929.28,1785541171052,62981.25,62981.2,62981.3,1.74628538,1.15524613,2.03826888,1.36345569,385.1
2026-07-31T23:39:35.203+00:00,1785541172710,62918.96,62928.96,1785541173402,62981.25,62981.2,62981.3,1.77805666,1.15434613,2.07004016,1.36255569,349.6
2026-07-31T23:39:37.562+00:00,1785541174812,62918.73,62928.73,1785541175752,62981.25,62981.2,62981.3,1.76217102,1.35524613,2.05415452,1.56345569,357.7
2026-07-31T23:39:39.903+00:00,1785541177999,62919.47,62929.47,1785541178102,62981.25,62981.2,62981.3,1.71601168,1.07524613,2.00799518,1.28345569,338.9
2026-07-31T23:39:42.253+00:00,1785541180170,62918.64,62928.64,1785541180452,62981.25,62981.2,62981.3,1.7636686,0.97434613,2.0556521,1.1467797700000002,347.9
2026-07-31T23:39:44.604+00:00,1785541182229,62916.66,62926.66,1785541182802,62981.25,62981.2,62981.3,1.7636686,1.51524613,2.0556521,1.7234554400000002,349.4
2026-07-31T23:39:46.953+00:00,1785541184399,62911.4,62921.4,1785541185152,62981.25,62981.2,62981.3,1.64885505,1.50840077,1.9408385500000003,1.7166100800000001,347.2
2026-07-31T23:39:49.299+00:00,1785541186519,62911.38,62921.38,1785541187502,62981.25,62981.2,62981.3,1.74416889,1.50840077,2.0361523900000003,1.7166100800000001,344.0
2026-07-31T23:39:51.654+00:00,1785541188750,62912.62,62922.62,1785541189852,62981.25,62981.2,62981.3,1.74416889,1.50840077,2.0361523900000003,1.7166100800000001,351.5
2026-07-31T23:39:54.001+00:00,1785541192060,62917.65,62927.65,1785541192202,62981.25,62981.2,62981.3,1.71239761,1.19663379,2.00438111,1.4048431000000001,345.7
2026-07-31T23:39:56.354+00:00,1785541194180,62918.93,62928.93,1785541194552,62981.25,62981.2,62981.3,1.74416889,1.35663379,2.0361523900000003,1.5648431000000003,347.8
2026-07-31T23:39:58.710+00:00,1785541195245,62919.29,62929.29,1785541196902,62981.25,62981.2,62981.3,1.46132067,1.83663379,1.72345867,2.04484329,354.8
2026-07-31T23:40:01.056+00:00,1785541198396,62919.13,62929.13,1785541199252,62981.25,62981.2,62981.3,1.34543503,1.83663379,1.60757303,2.04484329,337.3
2026-07-31T23:40:03.402+00:00,1785541201522,62917.13,62927.13,1785541201602,62981.25,62981.2,62981.3,1.76492067,1.11663379,2.05636192,1.3248432900000002,344.9
2026-07-31T23:40:05.752+00:00,1785541203622,62917.39,62927.39,1785541203952,62981.25,62981.2,62981.3,1.52492067,1.03074318,1.78705867,1.2389526800000001,346.9
2026-07-31T23:40:08.101+00:00,1785541205757,62917.13,62927.13,1785541206302,62981.25,62981.2,62981.3,1.47726375,1.03074318,1.73940175,1.2389526800000001,348.2
2026-07-31T23:40:10.456+00:00,1785541208110,62912.55,62922.55,1785541208652,62981.25,62981.2,62981.3,1.74378882,1.01630024,2.00592682,1.2245097400000002,352.1
2026-07-31T23:40:12.817+00:00,1785541210130,62913.45,62923.45,1785541211002,62981.25,62981.2,62981.3,1.30205826,1.63700121,1.5483895699999999,1.85796377,358.2
2026-07-31T23:40:15.142+00:00,1785541212368,62916.44,62926.44,1785541213352,62981.25,62981.2,62981.3,1.11911762,1.80121587,1.36544893,2.02381693,324.1
2026-07-31T23:40:17.503+00:00,1785541215039,62906.3,62916.3,1785541215702,62972.55,62972.5,62972.6,0.05959234,4.99500149,0.38778896,5.457448159999999,347.3
2026-07-31T23:40:19.845+00:00,1785541217200,62904.44,62914.44,1785541218052,62972.55,62972.5,62972.6,0.05322771,5.1921821,0.22281483,5.6546287699999995,340.5
2026-07-31T23:40:22.201+00:00,1785541220308,62905.64,62915.64,1785541220402,62972.55,62972.5,62972.6,0.05322771,4.64661604,0.20471295,5.103410069999999,341.8
2026-07-31T23:40:24.556+00:00,1785541222637,62904.96,62914.96,1785541222752,62972.55,62972.5,62972.6,0.23931671,5.20231344,0.5675133299999999,5.6592535,352.3
2026-07-31T23:40:26.907+00:00,1785541223867,62902.04,62912.04,1785541225102,62972.55,62972.5,62972.6,0.24582071,5.20231344,0.57401733,5.65867236,350.1
2026-07-31T23:40:29.268+00:00,1785541227410,62905.6,62915.6,1785541227452,62972.55,62972.5,62972.6,0.24557625,5.16610135,0.57377287,5.659074449999999,359.3
2026-07-31T23:40:31.608+00:00,1785541229523,62905.58,62915.58,1785541229802,62972.55,62972.5,62972.6,0.05083492,5.16610135,0.20196792,5.628548019999999,338.4
2026-07-31T23:40:33.955+00:00,1785541231602,62904.99,62914.99,1785541232152,62972.55,62972.5,62972.6,0.25055192,4.62017735,0.55669623,5.076124999999999,346.4
2026-07-31T23:40:36.303+00:00,1785541233715,62904.77,62914.77,1785541234502,62972.55,62972.5,62972.6,0.23332592,4.61917735,0.46887184,5.07505943,346.8
2026-07-31T23:40:38.650+00:00,1785541236769,62904.18,62914.18,1785541236852,62972.55,62972.5,62972.6,0.2307661,4.59542375,0.9019045,5.0513058299999996,345.2
2026-07-31T23:40:41.001+00:00,1785541238909,62903.09,62913.09,1785541239202,62972.55,62972.5,62972.6,0.2307661,4.5955791,0.46631202,5.0580257699999995,347.2
2026-07-31T23:40:43.353+00:00,1785541240940,62905.01,62915.01,1785541241552,62972.55,62972.5,62972.6,0.2307661,4.5955791,0.5785155200000001,5.05233737,349.3
2026-07-31T23:40:45.707+00:00,1785541243053,62903.82,62913.82,1785541243902,62972.55,62972.5,62972.6,0.2307661,4.62526809,0.48146216,5.087714759999999,352.2
2026-07-31T23:40:48.057+00:00,1785541246147,62905.31,62915.31,1785541246252,62972.55,62972.5,62972.6,0.22962449,4.5955791,0.32684767,5.08777436,348.0
2026-07-31T23:40:50.405+00:00,1785541248251,62904.31,62914.31,1785541248602,62972.55,62972.5,62972.6,0.18962449,5.1415031,0.67893005,5.63369836,346.2
2026-07-31T23:40:52.755+00:00,1785541250760,62904.83,62914.83,1785541250952,62972.55,62972.5,62972.6,0.18962449,4.5955791,0.5032170300000001,5.08777436,349.1
2026-07-31T23:40:55.110+00:00,1785541253019,62899.87,62909.87,1785541253302,62972.55,62972.5,62972.6,0.18962449,4.59333237,0.42430974,5.08552763,352.9
2026-07-31T23:40:57.504+00:00,1785541255450,62901.41,62911.41,1785541255702,62972.55,62972.5,62972.6,0.18962449,4.59333237,0.42430974,5.050260509999999,387.1
2026-07-31T23:40:59.905+00:00,1785541257640,62902.39,62912.39,1785541258102,62972.55,62972.5,62972.6,1.02342615,4.27307766,1.1944345799999998,4.78525916,398.1
2026-07-31T23:41:02.251+00:00,1785541259820,62905.26,62915.26,1785541260452,62972.55,62972.5,62972.6,1.02342615,4.27307766,1.2508830999999998,4.78525916,343.7
2026-07-31T23:41:04.598+00:00,1785541262130,62902.81,62912.81,1785541262802,62972.55,62972.5,62972.6,0.19082449,4.27307766,0.46669908,4.78525916,341.2
2026-07-31T23:41:06.956+00:00,1785541264269,62900.08,62910.08,1785541265152,62972.55,62972.5,62972.6,0.93242209,4.27307766,1.21135623,4.78525916,349.1
2026-07-31T23:41:09.305+00:00,1785541266410,62899.78,62909.78,1785541267502,62972.55,62972.5,62972.6,0.93242209,4.26676339,1.21135623,4.77894489,347.2
2026-07-31T23:41:11.659+00:00,1785541269719,62903.79,62913.79,1785541269852,62972.55,62972.5,62972.6,1.04567599,4.26676339,1.32987213,4.8389448900000005,350.3
2026-07-31T23:41:14.005+00:00,1785541271793,62903.54,62913.54,1785541272202,62972.55,62972.5,62972.6,1.04310229,4.2659694,1.32729843,4.7799746700000005,344.5
2026-07-31T23:41:16.359+00:00,1785541273912,62902.71,62912.71,1785541274552,62972.55,62972.5,62972.6,0.69071162,4.1543631,0.95898994,4.7265446,353.0
2026-07-31T23:41:18.701+00:00,1785541276060,62903.2,62913.2,1785541276902,62972.55,62972.5,62972.6,0.84503015,4.15528411,1.12922629,4.668150590000001,341.6
2026-07-31T23:41:21.054+00:00,1785541278270,62901.72,62911.72,1785541279252,62972.55,62972.5,62972.6,0.93629958,4.15528411,1.15853009,4.668150590000001,348.9
2026-07-31T23:41:23.408+00:00,1785541280511,62900.78,62910.78,1785541281602,62972.55,62972.5,62972.6,0.1947768,4.15528411,0.43230826999999994,4.668150590000001,352.5
2026-07-31T23:41:25.763+00:00,1785541283000,62905.61,62915.61,1785541283952,62972.55,62972.5,62972.6,0.19718399,4.15528411,0.43681369999999997,4.668150590000001,353.8
2026-07-31T23:41:28.105+00:00,1785541286229,62906.27,62916.27,1785541286302,62972.55,62972.5,62972.6,1.03261857,4.15628453,1.1902924599999998,4.66915101,339.3
2026-07-31T23:41:30.464+00:00,1785541288320,62906.39,62916.39,1785541288652,62972.55,62972.5,62972.6,1.02629581,4.15622102,1.3695214199999999,4.669087500000001,356.7
2026-07-31T23:41:32.794+00:00,1785541290423,62906.27,62916.27,1785541291002,62972.55,62972.5,62972.6,0.35491005,4.15622102,0.7208112199999999,4.669087500000001,327.5
2026-07-31T23:41:35.153+00:00,1785541292481,62905.87,62915.87,1785541293352,62972.55,62972.5,62972.6,1.09652144,4.15622102,1.43974705,4.669087500000001,344.8
2026-07-31T23:41:37.512+00:00,1785541295529,62906.73,62916.73,1785541295702,62972.55,62972.5,62972.6,1.04219934,4.15313022,1.1961067699999999,4.665996700000001,356.7
2026-07-31T23:41:39.856+00:00,1785541297575,62906.71,62916.71,1785541298052,62972.55,62972.5,62972.6,1.04277712,3.92313022,1.22300068,4.4359967000000005,342.3
2026-07-31T23:41:42.209+00:00,1785541299600,62906.76,62916.76,1785541300402,62972.55,62972.5,62972.6,1.04277712,3.92313022,1.22300068,4.4359967000000005,349.0
2026-07-31T23:41:44.607+00:00,1785541301718,62906.79,62916.79,1785541302802,62972.55,62972.5,62972.6,1.04240499,3.92313022,1.22262855,4.435996810000001,394.1
2026-07-31T23:41:46.959+00:00,1785541302772,62906.87,62916.87,1785541305152,62972.55,62972.5,62972.6,1.04265922,3.92313102,1.2290105,4.43599761,347.9
2026-07-31T23:41:49.307+00:00,1785541306536,62905.84,62915.84,1785541307502,62972.55,62972.5,62972.6,1.04265922,3.86289102,1.2290093500000001,4.375757610000001,345.0
2026-07-31T23:41:51.653+00:00,1785541309297,62904.99,62914.99,1785541309852,62972.55,62972.5,62972.6,1.04265922,3.79871301,1.2290093500000001,4.311579600000001,341.1
2026-07-31T23:41:54.009+00:00,1785541311342,62905.15,62915.15,1785541312202,62972.55,62972.5,62972.6,1.04186603,3.79871301,1.2282161600000001,4.311579600000001,350.1
2026-07-31T23:41:56.407+00:00,1785541313582,62906.82,62916.82,1785541314602,62972.55,62972.5,62972.6,1.04186603,3.79871301,1.2282161600000001,4.311579600000001,396.3
2026-07-31T23:41:58.757+00:00,1785541316714,62906.88,62916.88,1785541316952,62972.55,62972.5,62972.6,1.04164711,3.79871301,1.22799724,4.311579600000001,346.7
2026-07-31T23:42:01.109+00:00,1785541318798,62906.91,62916.91,1785541319302,62972.55,62972.5,62972.6,1.04074711,3.79871301,1.22709724,4.311579600000001,348.4
2026-07-31T23:42:03.459+00:00,1785541320813,62903.77,62913.77,1785541321652,62972.55,62972.5,62972.6,1.04071407,3.79871301,1.2270642,4.259617520000001,348.4
2026-07-31T23:42:05.814+00:00,1785541322915,62902.16,62912.16,1785541324002,62972.55,62972.5,62972.6,1.04071407,3.79871301,1.2270642,4.311579600000001,354.0
2026-07-31T23:42:08.210+00:00,1785541326149,62902.26,62912.26,1785541326402,62972.55,62972.5,62972.6,1.04161407,3.73871301,1.2392207100000001,4.20021655,394.6
2026-07-31T23:42:10.553+00:00,1785541328277,62905.11,62915.11,1785541328752,62972.55,62972.5,62972.6,1.04161407,3.73871301,1.2392207100000001,4.20021655,342.3
2026-07-31T23:42:12.908+00:00,1785541330502,62906.98,62916.98,1785541331102,62972.55,62972.5,62972.6,1.04161407,3.73871301,1.2392207100000001,4.20021655,349.1
2026-07-31T23:42:15.260+00:00,1785541332529,62904.55,62914.55,1785541333452,62967.45,62967.4,62967.5,1.18402013,2.1708078,1.36352693,3.1926652599999996,348.9
2026-07-31T23:42:17.616+00:00,1785541335675,62900.08,62910.08,1785541335802,62967.45,62967.4,62967.5,1.53490123,1.34561176,1.71440803,2.36756847,353.7
2026-07-31T23:42:19.957+00:00,1785541337710,62900.37,62910.37,1785541338152,62967.45,62967.4,62967.5,1.57781358,1.68561176,1.75732038,2.32676002,338.3
2026-07-31T23:42:22.296+00:00,1785541339861,62902.12,62912.12,1785541340502,62967.45,62967.4,62967.5,1.57781358,1.69481176,1.75732038,2.33596002,334.3
2026-07-31T23:42:24.659+00:00,1785541341929,62900.42,62910.42,1785541342852,62967.45,62967.4,62967.5,1.44781358,1.69481176,1.62732038,2.33596002,347.8
2026-07-31T23:42:27.001+00:00,1785541344059,62902.87,62912.87,1785541345202,62967.45,62967.4,62967.5,1.44676627,1.67808166,1.6262730699999999,2.31922992,339.2
2026-07-31T23:42:29.359+00:00,1785541347359,62902.81,62912.81,1785541347552,62967.45,62967.4,62967.5,1.34633947,1.3264783,1.52584627,1.9677430500000002,347.8
2026-07-31T23:42:31.708+00:00,1785541349469,62902.35,62912.35,1785541349902,62967.45,62967.4,62967.5,1.79236992,1.3264783,1.97187672,1.9677430500000002,347.1
2026-07-31T23:42:34.060+00:00,1785541351551,62901.51,62911.51,1785541352252,62967.45,62967.4,62967.5,2.00542302,1.28092858,2.18492982,1.9221933300000003,347.4
2026-07-31T23:42:36.409+00:00,1785541353659,62901.36,62911.36,1785541354602,62967.45,62967.4,62967.5,1.80542302,1.28066878,1.98492982,1.92193353,344.7
2026-07-31T23:42:38.756+00:00,1785541356859,62902.25,62912.25,1785541356952,62967.45,62967.4,62967.5,1.74962922,1.51414188,1.92913602,2.15540663,346.2
2026-07-31T23:42:41.109+00:00,1785541358910,62903.6,62913.6,1785541359302,62967.45,62967.4,62967.5,1.46542302,1.45324188,1.64492982,2.09450663,350.3
2026-07-31T23:42:43.459+00:00,1785541360940,62900.97,62910.97,1785541361652,62967.45,62967.4,62967.5,1.45094522,1.45324188,1.63045202,2.09451589,349.0
2026-07-31T23:42:45.817+00:00,1785541363343,62902.05,62912.05,1785541364002,62967.45,62967.4,62967.5,1.40186522,1.45324188,1.5813720199999999,2.09453463,355.8
2026-07-31T23:42:48.158+00:00,1785541365427,62903.4,62913.4,1785541366352,62967.45,62967.4,62967.5,1.45094922,1.45324188,1.63045602,2.0945105600000002,339.5
2026-07-31T23:42:50.557+00:00,1785541368513,62905.31,62915.31,1785541368752,62967.45,62967.4,62967.5,1.44953357,1.45324188,1.62904037,2.09319209,397.3
2026-07-31T23:42:52.908+00:00,1785541370590,62905.1,62915.1,1785541371102,62967.95,62967.9,62968.0,3.23902493,1.06977439,3.82318985,1.23692491,347.2
2026-07-31T23:42:55.256+00:00,1785541372654,62902.99,62912.99,1785541373452,62967.95,62967.9,62968.0,3.36393685,1.10872847,3.46130127,1.2758789899999998,345.9
2026-07-31T23:42:57.610+00:00,1785541375750,62905.78,62915.78,1785541375802,62967.95,62967.9,62968.0,3.36393685,1.10872847,3.4315707099999995,1.3106774299999997,351.1
2026-07-31T23:42:59.960+00:00,1785541377817,62905.98,62915.98,1785541378152,62967.95,62967.9,62968.0,3.39220243,1.15812203,3.4598362899999997,1.3600709899999996,347.4
2026-07-31T23:43:02.332+00:00,1785541379902,62905.76,62915.76,1785541380502,62967.95,62967.9,62968.0,3.39220243,1.15811982,3.4598362899999997,1.38939314,369.4
2026-07-31T23:43:04.660+00:00,1785541381965,62901.15,62911.15,1785541382852,62967.95,62967.9,62968.0,3.0670284,1.19823706,3.32527919,1.40252669,326.6
2026-07-31T23:43:07.001+00:00,1785541385033,62901.7,62911.7,1785541385202,62967.95,62967.9,62968.0,1.50151265,2.06560042,1.5691215600000001,2.33634657,339.8
2026-07-31T23:43:09.360+00:00,1785541387097,62901.6,62911.6,1785541387552,62967.95,62967.9,62968.0,1.50151265,2.05720042,1.5691215600000001,2.32794657,346.8
2026-07-31T23:43:11.710+00:00,1785541389197,62901.66,62911.66,1785541389902,62967.95,62967.9,62968.0,1.50151265,2.05720042,1.57071387,2.32794657,347.6
2026-07-31T23:43:14.059+00:00,1785541391232,62900.18,62910.18,1785541392252,62967.95,62967.9,62968.0,1.78608031,1.33722349,2.0303606199999997,1.60865455,347.6
2026-07-31T23:43:16.410+00:00,1785541394359,62905.24,62915.24,1785541394602,62967.95,62967.9,62968.0,1.06516262,2.06556575,1.3094429300000001,2.2935244200000002,348.9
2026-07-31T23:43:18.762+00:00,1785541395369,62905.05,62915.05,1785541396952,62967.95,62967.9,62968.0,1.46516262,1.68466575,1.7094429300000002,1.9125762,345.5
2026-07-31T23:43:21.111+00:00,1785541398769,62904.67,62914.67,1785541399302,62967.95,62967.9,62968.0,1.06286789,3.61222105,1.31005551,3.91065666,347.6
2026-07-31T23:43:23.461+00:00,1785541401255,62900.07,62910.07,1785541401652,62962.649999999994,62962.6,62962.7,0.88649834,3.02362173,1.07541836,3.7516939700000003,348.3
2026-07-31T23:43:25.814+00:00,1785541403241,62908.98,62918.98,1785541404002,62966.05,62966.0,62966.1,1.9952388,1.55061301,2.19481265,1.80516488,352.5
2026-07-31T23:43:28.161+00:00,1785541405429,62908.89,62918.89,1785541406352,62966.05,62966.0,62966.1,1.9952388,1.55061301,2.19481265,1.7328484499999999,343.5
2026-07-31T23:43:30.564+00:00,1785541408520,62907.09,62917.09,1785541408752,62966.05,62966.0,62966.1,1.9952388,1.85784949,2.07108031,2.0400849300000004,401.9
2026-07-31T23:43:32.911+00:00,1785541410549,62906.01,62916.01,1785541411102,62966.05,62966.0,62966.1,1.9952388,1.55784949,2.07108031,1.7400849299999999,345.8
2026-07-31T23:43:35.261+00:00,1785541412640,62905.42,62915.42,1785541413452,62966.05,62966.0,62966.1,1.9952388,1.07672715,2.07108031,1.29819198,348.1
2026-07-31T23:43:37.612+00:00,1785541414709,62908.02,62918.02,1785541415802,62966.05,62966.0,62966.1,1.9952388,0.91375877,2.12304536,1.28597337,349.5
2026-07-31T23:43:39.963+00:00,1785541417952,62908.31,62918.31,1785541418152,62967.95,62967.9,62968.0,2.68322137,0.97041801,3.19126216,1.12609188,348.2
2026-07-31T23:43:42.310+00:00,1785541420030,62905.75,62915.75,1785541420502,62967.95,62967.9,62968.0,2.72900704,0.97041801,2.91023137,1.16563799,346.2
2026-07-31T23:43:44.666+00:00,1785541422201,62905.04,62915.04,1785541422852,62967.95,62967.9,62968.0,1.62825647,1.42303363,1.8094902799999997,1.63935896,354.5
2026-07-31T23:43:47.013+00:00,1785541424488,62904.18,62914.18,1785541425202,62967.95,62967.9,62968.0,1.67404214,1.88663363,1.8552759499999998,2.10295896,345.8
2026-07-31T23:43:49.361+00:00,1785541426956,62898.53,62908.53,1785541427552,62962.25,62962.2,62962.3,0.74817584,3.12044541,1.2882252200000002,3.5678018600000003,345.4
2026-07-31T23:43:51.710+00:00,1785541429214,62895.75,62905.75,1785541429902,62962.25,62962.2,62962.3,1.5974965,2.28691782,1.6955659600000001,2.6686262600000004,347.9
2026-07-31T23:43:54.056+00:00,1785541431494,62892.55,62902.55,1785541432252,62962.25,62962.2,62962.3,1.1567362,3.06691782,1.2488669500000003,3.6562941199999996,341.2
2026-07-31T23:43:56.409+00:00,1785541433695,62896.16,62906.16,1785541434602,62962.25,62962.2,62962.3,1.11961589,3.07009751,1.3945317199999998,3.6594738099999997,345.2
2026-07-31T23:43:58.760+00:00,1785541436919,62895.1,62905.1,1785541436952,62962.25,62962.2,62962.3,0.45371589,3.07878895,2.29455249,3.6681652499999995,344.3
2026-07-31T23:44:01.107+00:00,1785541437938,62896.15,62906.15,1785541439302,62962.25,62962.2,62962.3,2.02432448,2.1457882,2.250569,2.7351644999999998,345.6
2026-07-31T23:44:03.462+00:00,1785541441468,62891.23,62901.23,1785541441652,62962.25,62962.2,62962.3,1.86072448,2.17309376,2.1172233400000002,2.7624700599999996,351.4
2026-07-31T23:44:05.817+00:00,1785541443564,62892.5,62902.5,1785541444002,62962.25,62962.2,62962.3,2.02432448,2.17309376,2.27965199,2.7624700599999996,352.9
2026-07-31T23:44:08.163+00:00,1785541445728,62893.83,62903.83,1785541446352,62962.25,62962.2,62962.3,2.047735,1.67309376,2.3043352,2.2624700599999996,343.6
2026-07-31T23:44:10.502+00:00,1785541448088,62890.68,62900.68,1785541448702,62962.25,62962.2,62962.3,2.047735,2.08985054,2.2739795199999997,2.6792268399999997,331.5
2026-07-31T23:44:12.865+00:00,1785541450198,62902.05,62912.05,1785541451052,62962.25,62962.2,62962.3,2.047735,2.11303837,2.30376293,2.70309966,349.6
2026-07-31T23:44:15.212+00:00,1785541452528,62901.84,62911.84,1785541453402,62962.25,62962.2,62962.3,2.047735,2.11013211,2.14786623,2.7001934,343.6
2026-07-31T23:44:17.562+00:00,1785541454919,62894.54,62904.54,1785541455752,62962.25,62962.2,62962.3,0.25432923,2.11117956,1.1737896700000001,2.53564568,347.5
2026-07-31T23:44:19.963+00:00,1785541457989,62897.0,62907.0,1785541458152,62962.25,62962.2,62962.3,0.22723612,2.17117956,0.6184073000000001,2.59564568,398.9
2026-07-31T23:44:22.314+00:00,1785541460333,62897.03,62907.03,1785541460502,62962.25,62962.2,62962.3,0.39869895,2.17117956,1.6949225700000001,2.43724355,349.1
2026-07-31T23:44:24.663+00:00,1785541462539,62896.63,62906.63,1785541462852,62962.25,62962.2,62962.3,0.39741747,2.17313016,1.5168076300000002,2.59825908,347.3
2026-07-31T23:44:27.016+00:00,1785541464706,62895.91,62905.91,1785541465202,62962.25,62962.2,62962.3,0.22595464,3.67533864,1.50508745,4.10031284,351.5
2026-07-31T23:44:29.366+00:00,1785541467317,62891.6,62901.6,1785541467552,62962.25,62962.2,62962.3,0.22595464,3.67533864,1.50508745,4.09962785,348.3
2026-07-31T23:44:31.765+00:00,1785541469865,62894.41,62904.41,1785541469952,62962.25,62962.2,62962.3,0.22595464,3.67524859,1.4008527000000002,3.9419698699999994,396.9
2026-07-31T23:44:34.111+00:00,1785541472097,62891.94,62901.94,1785541472302,62962.25,62962.2,62962.3,0.22595464,3.67526759,1.39339046,3.9419888699999994,343.7
2026-07-31T23:44:36.471+00:00,1785541474258,62895.24,62905.24,1785541474652,62962.25,62962.2,62962.3,0.22595464,3.67520295,0.7141506000000001,3.9746464599999998,358.1
2026-07-31T23:44:38.811+00:00,1785541476765,62892.63,62902.63,1785541477002,62954.05,62954.0,62954.1,0.19534835,3.13661024,0.47370183,4.27637792,338.4
2026-07-31T23:44:41.164+00:00,1785541479010,62892.49,62902.49,1785541479352,62954.05,62954.0,62954.1,0.71747835,2.97303574,0.9958318300000001,3.44554718,351.2
2026-07-31T23:44:43.516+00:00,1785541481647,62890.26,62900.26,1785541481702,62954.05,62954.0,62954.1,0.57114251,2.94494186,0.87242151,3.0753252700000004,350.2
2026-07-31T23:44:45.868+00:00,1785541482699,62892.5,62902.5,1785541484052,62954.05,62954.0,62954.1,0.54944003,4.48864175,0.79793855,4.59525326,349.1
2026-07-31T23:44:48.269+00:00,1785541485767,62892.55,62902.55,1785541486452,62954.05,62954.0,62954.1,0.54944003,4.48855072,0.82699758,4.59516223,398.9
2026-07-31T23:44:50.665+00:00,1785541488715,62891.75,62901.75,1785541488852,62954.05,62954.0,62954.1,0.54944003,4.48855072,0.82699758,4.595549,395.1
2026-07-31T23:44:53.016+00:00,1785541489735,62891.79,62901.79,1785541491202,62954.05,62954.0,62954.1,0.49624003,4.48855072,0.7737975800000001,4.5955724700000005,349.3
2026-07-31T23:44:55.365+00:00,1785541492790,62891.86,62901.86,1785541493552,62954.05,62954.0,62954.1,0.55034003,4.33062678,0.82789758,4.43762139,348.0
2026-07-31T23:44:57.713+00:00,1785541495679,62887.35,62897.35,1785541495902,62954.05,62954.0,62954.1,0.32281487,4.53862375,0.5155738200000001,4.869507940000001,345.2
2026-07-31T23:45:00.067+00:00,1785541497779,62887.37,62897.37,1785541498252,62954.05,62954.0,62954.1,0.28281487,4.61722144,0.49324911,5.09058715,352.3
2026-07-31T23:45:02.463+00:00,1785541499869,62887.39,62897.39,1785541500652,62952.05,62952.0,62952.1,2.49852977,2.77157955,3.32493732,3.07380198,394.2
2026-07-31T23:45:04.814+00:00,1785541501950,62883.37,62893.37,1785541503002,62952.05,62952.0,62952.1,2.68591837,3.13839685,2.89472622,3.44061928,348.3
2026-07-31T23:45:07.168+00:00,1785541505190,62881.17,62891.17,1785541505352,62952.05,62952.0,62952.1,2.01015721,2.7782953,2.24781658,3.0180407,352.1
2026-07-31T23:45:09.516+00:00,1785541507330,62884.98,62894.98,1785541507702,62940.850000000006,62940.8,62940.9,0.9121827,1.44728482,1.1660096800000002,2.45754075,345.9
2026-07-31T23:45:11.864+00:00,1785541509254,62872.98,62882.98,1785541510052,62940.850000000006,62940.8,62940.9,1.26276351,1.43941535,1.5110038700000004,2.28211073,347.0
2026-07-31T23:45:14.217+00:00,1785541512034,62888.51,62898.51,1785541512402,62945.45,62945.4,62945.5,4.42829077,0.7019379,4.64304326,1.61631027,351.0
2026-07-31T23:45:16.617+00:00,1785541514092,62883.27,62893.27,1785541514802,62945.45,62945.4,62945.5,4.49818929,0.91336418,4.581980649999999,1.18948636,397.4
2026-07-31T23:45:19.016+00:00,1785541516333,62887.08,62897.08,1785541517202,62945.45,62945.4,62945.5,4.49818929,0.91423023,4.53652638,1.18809893,395.4
2026-07-31T23:45:21.368+00:00,1785541518429,62888.55,62898.55,1785541519552,62945.45,62945.4,62945.5,4.49818929,0.91275277,4.67314558,1.32571947,350.7
2026-07-31T23:45:23.712+00:00,1785541521670,62888.56,62898.56,1785541521902,62945.45,62945.4,62945.5,4.49818929,0.96685277,4.58089548,1.63782073,341.1
2026-07-31T23:45:26.067+00:00,1785541522681,62888.57,62898.57,1785541524252,62945.45,62945.4,62945.5,4.50179573,0.70134248,4.59953672,0.80938441,353.5
2026-07-31T23:45:28.461+00:00,1785541526506,62882.02,62892.02,1785541526652,62945.45,62945.4,62945.5,2.56491062,1.98859299,2.7758264700000006,2.3440986200000005,393.0
2026-07-31T23:45:30.819+00:00,1785541528664,62878.31,62888.31,1785541529002,62945.45,62945.4,62945.5,1.7001927,1.98859299,1.9111085499999998,2.11094443,355.0
2026-07-31T23:45:33.162+00:00,1785541530818,62875.12,62885.12,1785541531352,62945.45,62945.4,62945.5,1.86384911,1.98859299,2.0771896000000005,2.11094443,342.2
2026-07-31T23:45:35.515+00:00,1785541533393,62879.95,62889.95,1785541533702,62945.45,62945.4,62945.5,1.0124055,1.98859299,1.2547813499999998,2.4562647699999998,351.1
2026-07-31T23:45:37.871+00:00,1785541535628,62881.9,62891.9,1785541536052,62945.45,62945.4,62945.5,1.69994909,1.98859299,1.94232494,2.4562647699999998,352.5
2026-07-31T23:45:40.221+00:00,1785541537882,62882.17,62892.17,1785541538402,62945.45,62945.4,62945.5,2.58354909,1.98752351,2.8259249400000006,2.45519529,349.0
2026-07-31T23:45:42.566+00:00,1785541540202,62882.2,62892.2,1785541540752,62945.45,62945.4,62945.5,2.58339265,1.14368191,2.8319660200000003,1.61135369,344.0
2026-07-31T23:45:44.965+00:00,1785541543057,62880.04,62890.04,1785541543152,62945.45,62945.4,62945.5,1.84138968,2.05009275,2.08315304,2.6826147,396.3
2026-07-31T23:45:47.316+00:00,1785541545370,62880.06,62890.06,1785541545502,62945.45,62945.4,62945.5,1.15360805,2.05009275,1.39529466,2.44496443,340.9
2026-07-31T23:45:49.715+00:00,1785541547483,62874.8,62884.8,1785541547902,62945.45,62945.4,62945.5,0.20609776,2.0748549,0.6776213799999999,2.20350739,394.5
2026-07-31T23:45:52.074+00:00,1785541549551,62877.49,62887.49,1785541550252,62945.45,62945.4,62945.5,0.20609776,2.0748549,0.43418099,2.20350744,356.5
2026-07-31T23:45:54.418+00:00,1785541551714,62877.56,62887.56,1785541552602,62945.45,62945.4,62945.5,0.20609776,2.0748549,0.65187075,2.20350744,341.5
2026-07-31T23:45:56.765+00:00,1785541553820,62877.63,62887.63,1785541554952,62945.45,62945.4,62945.5,0.20609776,2.0748549,0.6665951999999999,2.20350748,344.0
2026-07-31T23:45:59.119+00:00,1785541557190,62877.71,62887.71,1785541557302,62945.45,62945.4,62945.5,0.26019776,2.0748549,0.7250189600000001,2.20350743,350.8
2026-07-31T23:46:01.515+00:00,1785541559350,62877.79,62887.79,1785541559702,62945.45,62945.4,62945.5,1.11218494,2.07394353,1.3402682000000001,2.19587465,394.0
2026-07-31T23:46:03.866+00:00,1785541561016,62889.16,62899.16,1785541562052,62945.45,62945.4,62945.5,1.52286394,0.73456986,1.5610486000000001,0.93587087,349.5
2026-07-31T23:46:06.218+00:00,1785541564259,62889.5,62899.5,1785541564402,62945.45,62945.4,62945.5,1.52286394,0.73446156,1.55338831,0.93576257,349.5
2026-07-31T23:46:08.565+00:00,1785541566442,62892.4,62902.4,1785541566752,62945.45,62945.4,62945.5,1.52286394,0.7351011,1.56104865,0.98130693,345.1
2026-07-31T23:46:10.914+00:00,1785541568473,62892.35,62902.35,1785541569102,62945.45,62945.4,62945.5,1.52286394,0.7351011,1.61481228,0.98631075,345.5
2026-07-31T23:46:13.319+00:00,1785541570548,62892.31,62902.31,1785541571502,62945.45,62945.4,62945.5,1.50247206,1.2567098,1.5107449400000001,1.45801081,402.9
2026-07-31T23:46:15.689+00:00,1785541572713,62892.26,62902.26,1785541573852,62945.45,62945.4,62945.5,1.50247206,1.42922009,1.5043825700000002,1.6305211,367.1
2026-07-31T23:46:18.016+00:00,1785541575971,62891.72,62901.72,1785541576202,62945.45,62945.4,62945.5,1.50247206,1.23566681,1.5043825700000002,1.4369678199999998,324.7
2026-07-31T23:46:20.367+00:00,1785541578489,62880.36,62890.36,1785541578552,62945.45,62945.4,62945.5,1.12115409,1.9792836,1.34676476,2.24180274,348.4
2026-07-31T23:46:22.715+00:00,1785541580504,62876.76,62886.76,1785541580902,62945.45,62945.4,62945.5,0.37749641,2.04071894,0.57347034,2.30300233,347.0
2026-07-31T23:46:25.065+00:00,1785541582633,62880.02,62890.02,1785541583252,62945.45,62945.4,62945.5,0.37264413,1.96981906,0.7528619599999999,2.23210245,348.6
2026-07-31T23:46:27.416+00:00,1785541584758,62880.46,62890.46,1785541585602,62945.45,62945.4,62945.5,1.14578613,3.6037602,1.3162141,3.86629282,347.3
2026-07-31T23:46:29.770+00:00,1785541587151,62880.43,62890.43,1785541587952,62945.45,62945.4,62945.5,1.14769145,3.54849888,1.31811912,3.8110315,352.8
2026-07-31T23:46:32.116+00:00,1785541589536,62880.4,62890.4,1785541590302,62945.45,62945.4,62945.5,0.20108116,3.54976417,1.13680159,3.8099621200000002,344.1
2026-07-31T23:46:34.468+00:00,1785541592565,62879.44,62889.44,1785541592652,62945.45,62945.4,62945.5,0.20108116,3.54976417,1.30776967,3.80996215,348.4
2026-07-31T23:46:36.822+00:00,1785541594308,62877.26,62887.26,1785541595002,62945.45,62945.4,62945.5,0.20108116,3.58232123,0.9214025699999999,3.89656539,352.7
2026-07-31T23:46:39.169+00:00,1785541596355,62877.25,62887.25,1785541597352,62945.45,62945.4,62945.5,0.19678538,3.58232123,0.91710679,3.94677823,343.6
2026-07-31T23:46:41.521+00:00,1785541599261,62876.82,62886.82,1785541599702,62945.45,62945.4,62945.5,0.19678538,3.85553418,0.19869559,4.190391379999999,341.9
2026-07-31T23:46:43.871+00:00,1785541599853,62875.92,62885.92,1785541602052,62936.95,62936.9,62937.0,2.22335513,3.76930081,3.34273371,3.7785191599999997,347.8
2026-07-31T23:46:46.215+00:00,1785541604275,62871.23,62881.23,1785541604402,62936.95,62936.9,62937.0,0.52845715,3.76712256,0.5833695400000001,3.9094824,342.5
2026-07-31T23:46:48.568+00:00,1785541605778,62869.47,62879.47,1785541606752,62936.95,62936.9,62937.0,0.17016613,5.63403701,0.17179613999999999,5.885912150000001,349.4
2026-07-31T23:46:50.920+00:00,1785541608885,62867.37,62877.37,1785541609102,62936.95,62936.9,62937.0,0.12839062,5.63403701,0.12946353,5.819903410000001,350.7
2026-07-31T23:46:53.318+00:00,1785541611359,62859.04,62869.04,1785541611502,62923.95,62923.9,62924.0,0.96676204,1.92147006,1.97340023,2.6643435600000003,395.7
2026-07-31T23:46:55.668+00:00,1785541613500,62858.14,62868.14,1785541613852,62923.95,62923.9,62924.0,0.29324845,2.76639639,1.01470705,3.41509537,347.5
2026-07-31T23:46:58.016+00:00,1785541615539,62858.33,62868.33,1785541616202,62923.95,62923.9,62924.0,0.28869075,4.25139347,1.0101493499999998,4.3910326500000005,347.1
2026-07-31T23:47:00.420+00:00,1785541618449,62854.97,62864.97,1785541618602,62923.95,62923.9,62924.0,0.09378145,4.47327223,0.09674005,4.66855913,402.6
2026-07-31T23:47:02.766+00:00,1785541620645,62855.03,62865.03,1785541620952,62920.350000000006,62920.3,62920.4,0.9280638,2.63288356,1.3705474,2.67416989,342.6
2026-07-31T23:47:05.121+00:00,1785541622935,62854.49,62864.49,1785541623302,62920.350000000006,62920.3,62920.4,0.9331924,2.91292592,1.11309405,3.0079541,351.4
2026-07-31T23:47:07.467+00:00,1785541625018,62855.15,62865.15,1785541625652,62920.350000000006,62920.3,62920.4,0.27508792,4.43273606,0.9965069099999999,4.52776424,344.6
2026-07-31T23:47:09.870+00:00,1785541627339,62851.15,62861.15,1785541628052,62913.649999999994,62913.6,62913.7,0.70176981,3.98734232,0.7155243600000001,6.88032151,401.2
2026-07-31T23:47:12.218+00:00,1785541629834,62838.6,62848.6,1785541630402,62903.75,62903.7,62903.8,0.95012107,3.57629973,1.88870146,3.9210924900000004,346.9
2026-07-31T23:47:14.618+00:00,1785541631507,62832.53,62842.53,1785541632802,62900.05,62900.0,62900.1,1.33292787,4.58605195,1.3352897600000002,5.93210397,396.8
2026-07-31T23:47:17.021+00:00,1785541635017,62837.04,62847.04,1785541635202,62902.850000000006,62902.8,62902.9,2.40885722,1.56338768,2.52990703,1.84749148,399.3
2026-07-31T23:47:19.418+00:00,1785541636151,62851.9,62861.9,1785541637602,62903.149999999994,62903.1,62903.2,5.04326613,0.83536198,5.41539705,1.2547588499999998,392.5
2026-07-31T23:47:21.823+00:00,1785541639895,62842.99,62852.99,1785541640002,62903.149999999994,62903.1,62903.2,4.08569803,1.74403136,4.33874393,2.02999471,403.5
2026-07-31T23:47:24.215+00:00,1785541641209,62842.96,62852.96,1785541642402,62903.149999999994,62903.1,62903.2,4.76441726,1.02403136,5.01746316,1.3099947099999998,390.4
2026-07-31T23:47:26.571+00:00,1785541643694,62842.9,62852.9,1785541644752,62905.95,62905.9,62906.0,4.14100474,0.86263206,4.5033455,1.8110608799999999,353.0
2026-07-31T23:47:28.917+00:00,1785541645907,62842.9,62852.9,1785541647102,62905.95,62905.9,62906.0,4.12510015,0.83969915,4.452450289999999,1.20087609,336.7
2026-07-31T23:47:31.279+00:00,1785541648508,62854.27,62864.27,1785541649452,62905.95,62905.9,62906.0,4.2632673,0.15102546,4.609978839999999,0.39071963,360.5
2026-07-31T23:47:33.622+00:00,1785541650729,62853.1,62863.1,1785541651802,62910.649999999994,62910.6,62910.7,4.4824182,0.0809077,5.002912579999999,0.47236090000000003,339.5
2026-07-31T23:47:35.968+00:00,1785541654100,62851.87,62861.87,1785541654152,62910.649999999994,62910.6,62910.7,3.5988182,1.03464536,4.1188006999999995,1.25205761,344.6
2026-07-31T23:47:38.372+00:00,1785541656390,62854.06,62864.06,1785541656552,62910.649999999994,62910.6,62910.7,2.36669967,1.91824536,3.11883852,2.15150592,402.0
2026-07-31T23:47:40.781+00:00,1785541658517,62853.98,62863.98,1785541658952,62910.649999999994,62910.6,62910.7,2.38260274,1.75464536,3.01321922,1.98790592,406.0
2026-07-31T23:47:43.170+00:00,1785541659538,62853.94,62863.94,1785541661352,62910.649999999994,62910.6,62910.7,2.38140963,1.75464536,3.01312092,1.98790592,386.8
2026-07-31T23:47:45.567+00:00,1785541662994,62853.81,62863.81,1785541663752,62910.649999999994,62910.6,62910.7,2.94140963,1.75464536,3.57312092,1.98790592,396.5
2026-07-31T23:47:47.922+00:00,1785541665111,62853.74,62863.74,1785541666102,62910.649999999994,62910.6,62910.7,3.10036222,1.75543229,3.73207351,1.9886928499999998,352.2
2026-07-31T23:47:50.270+00:00,1785541666159,62853.7,62863.7,1785541668452,62910.649999999994,62910.6,62910.7,3.10036222,1.73855917,3.77351069,1.97181973,347.3
2026-07-31T23:47:52.617+00:00,1785541670580,62849.27,62859.27,1785541670802,62910.649999999994,62910.6,62910.7,2.86445915,1.73825302,3.53760762,1.9715135799999999,345.4
2026-07-31T23:47:55.021+00:00,1785541672704,62849.21,62859.21,1785541673202,62910.649999999994,62910.6,62910.7,3.08409678,1.73429097,3.75724525,1.96755153,402.5
2026-07-31T23:47:57.372+00:00,1785541673755,62849.18,62859.18,1785541675552,62910.649999999994,62910.6,62910.7,3.08409678,1.73429097,3.75724525,1.96755153,349.3
2026-07-31T23:47:59.717+00:00,1785541676907,62849.13,62859.13,1785541677902,62910.649999999994,62910.6,62910.7,3.06819371,1.73429097,3.74134218,1.96755153,344.4
2026-07-31T23:48:02.120+00:00,1785541679995,62842.96,62852.96,1785541680302,62907.55,62907.5,62907.6,0.14732075,6.43032533,0.14749709000000003,7.303917909999999,388.3
2026-07-31T23:48:04.470+00:00,1785541682235,62841.91,62851.91,1785541682652,62907.55,62907.5,62907.6,0.14734499,7.49206444,0.14752228000000003,8.27674776,348.4
2026-07-31T23:48:06.831+00:00,1785541684529,62839.14,62849.14,1785541685002,62901.350000000006,62901.3,62901.4,0.90123251,3.17505082,0.94546372,3.84592391,360.3
2026-07-31T23:48:09.222+00:00,1785541686890,62838.58,62848.58,1785541687402,62897.850000000006,62897.8,62897.9,0.9509974,3.66788887,1.12951256,3.91729164,384.9
2026-07-31T23:48:11.571+00:00,1785541688581,62838.11,62848.11,1785541689752,62897.850000000006,62897.8,62897.9,0.9510074,1.97040498,1.1295225599999998,2.04944145,346.8
2026-07-31T23:48:13.924+00:00,1785541691090,62834.61,62844.61,1785541692102,62897.850000000006,62897.8,62897.9,0.91403069,2.7508761,0.92000453,2.8266808600000006,351.5
2026-07-31T23:48:16.271+00:00,1785541694260,62832.24,62842.24,1785541694452,62897.850000000006,62897.8,62897.9,0.91283122,2.74769366,0.9188050600000001,2.8522612800000005,342.9
2026-07-31T23:48:18.673+00:00,1785541696224,62832.64,62842.64,1785541696852,62897.850000000006,62897.8,62897.9,0.24115041,2.74737575,0.42643759999999997,2.84121485,399.5
2026-07-31T23:48:21.020+00:00,1785541698254,62832.62,62842.62,1785541699202,62896.55,62896.5,62896.6,0.75975447,4.5599671,1.48485702,4.70029392,345.4
2026-07-31T23:48:23.372+00:00,1785541701080,62830.7,62840.7,1785541701552,62890.75,62890.7,62890.8,0.91335281,3.83511641,1.07564235,4.29469624,348.7
2026-07-31T23:48:25.771+00:00,1785541702089,62830.68,62840.68,1785541703952,62890.75,62890.7,62890.8,1.36350579,1.54917843,1.6163146400000001,1.56911163,398.3
2026-07-31T23:48:28.168+00:00,1785541705191,62830.64,62840.64,1785541706352,62890.75,62890.7,62890.8,1.19912287,2.30117843,1.4523592100000002,2.32111163,394.4
2026-07-31T23:48:30.521+00:00,1785541708522,62829.73,62839.73,1785541708702,62890.75,62890.7,62890.8,1.42617829,2.27007843,1.69664386,2.2904096599999995,349.7
2026-07-31T23:48:32.871+00:00,1785541710619,62830.53,62840.53,1785541711052,62890.75,62890.7,62890.8,1.22568367,2.30117843,1.49614924,2.3515771300000003,343.5
2026-07-31T23:48:35.226+00:00,1785541712680,62830.48,62840.48,1785541713402,62890.75,62890.7,62890.8,1.32642569,1.53581048,1.43856676,2.501142,353.0
2026-07-31T23:48:37.621+00:00,1785541714259,62833.65,62843.65,1785541715802,62890.75,62890.7,62890.8,1.35757944,1.60984985,1.7188208600000001,1.86801975,392.8
2026-07-31T23:48:39.972+00:00,1785541717601,62831.93,62841.93,1785541718152,62890.75,62890.7,62890.8,1.35509207,1.08592322,1.71633349,1.3645321799999999,347.3
2026-07-31T23:48:42.318+00:00,1785541719706,62833.6,62843.6,1785541720502,62890.75,62890.7,62890.8,0.94834872,2.25893278,0.9493422100000001,2.40865908,344.7
2026-07-31T23:48:44.669+00:00,1785541721740,62829.55,62839.55,1785541722852,62890.75,62890.7,62890.8,0.96125044,2.09374591,1.09677661,2.24347221,349.2
2026-07-31T23:48:47.020+00:00,1785541725150,62829.11,62839.11,1785541725202,62890.75,62890.7,62890.8,1.50043676,1.79716049,1.82499665,1.94688679,348.7
2026-07-31T23:48:49.374+00:00,1785541727507,62829.07,62839.07,1785541727552,62890.75,62890.7,62890.8,1.13468134,1.81716049,1.2607027800000001,1.96688679,352.0
2026-07-31T23:48:51.772+00:00,1785541729630,62829.03,62839.03,1785541729952,62890.75,62890.7,62890.8,1.15696462,3.59946341,1.2829860600000003,3.69322733,397.4
2026-07-31T23:48:54.122+00:00,1785541730820,62828.64,62838.64,1785541732302,62890.75,62890.7,62890.8,1.08625686,3.37586341,1.19639047,3.52558971,348.5
2026-07-31T23:48:56.474+00:00,1785541733979,62837.88,62847.88,1785541734652,62893.850000000006,62893.8,62893.9,4.08346937,2.26738557,5.4866635299999995,2.56590955,350.5
2026-07-31T23:48:58.872+00:00,1785541736059,62837.96,62847.96,1785541737052,62893.850000000006,62893.8,62893.9,4.08736573,2.26738557,5.468604119999999,2.56590955,393.4
2026-07-31T23:49:01.270+00:00,1785541739150,62839.2,62849.2,1785541739452,62893.850000000006,62893.8,62893.9,4.08736573,2.26738557,5.46860405,2.5698573700000003,397.3
2026-07-31T23:49:03.622+00:00,1785541741739,62839.13,62849.13,1785541741802,62893.850000000006,62893.8,62893.9,4.08736573,2.26738557,4.48553494,2.5698573700000003,349.9
2026-07-31T23:49:05.968+00:00,1785541743790,62839.06,62849.06,1785541744152,62893.850000000006,62893.8,62893.9,4.08736573,2.26573064,4.43972397,2.5682024400000003,340.2
2026-07-31T23:49:08.322+00:00,1785541745820,62839.0,62849.0,1785541746502,62893.850000000006,62893.8,62893.9,4.08001138,2.26329064,4.43236962,2.5657624400000003,352.8
2026-07-31T23:49:10.675+00:00,1785541748283,62838.94,62848.94,1785541748852,62893.850000000006,62893.8,62893.9,3.91641138,2.28464114,4.2679568,2.6082619599999997,351.7
2026-07-31T23:49:13.022+00:00,1785541750649,62838.87,62848.87,1785541751202,62893.850000000006,62893.8,62893.9,3.91641138,2.28464114,3.9728969800000002,2.5256327,343.6
2026-07-31T23:49:15.369+00:00,1785541752998,62834.43,62844.43,1785541753552,62893.850000000006,62893.8,62893.9,3.91625476,2.28464114,3.9727403600000004,2.5256327,345.6
2026-07-31T23:49:17.717+00:00,1785541754056,62834.41,62844.41,1785541755902,62893.850000000006,62893.8,62893.9,3.79473476,2.28556346,3.8970584,2.52655502,346.7
2026-07-31T23:49:20.073+00:00,1785541757199,62834.35,62844.35,1785541758252,62893.850000000006,62893.8,62893.9,3.79473476,2.47036667,3.84074209,2.6557746800000004,352.8
2026-07-31T23:49:22.422+00:00,1785541760508,62834.26,62844.26,1785541760602,62893.850000000006,62893.8,62893.9,4.17460079,2.28556346,4.19277556,2.4947676100000002,346.2
2026-07-31T23:49:24.827+00:00,1785541762658,62834.18,62844.18,1785541763002,62893.850000000006,62893.8,62893.9,3.79471777,1.58862559,3.85861779,1.7740335999999999,403.3
2026-07-31T23:49:27.175+00:00,1785541764740,62834.14,62844.14,1785541765352,62893.850000000006,62893.8,62893.9,3.79471777,2.30817923,3.85861779,2.49358673,345.1
2026-07-31T23:49:29.525+00:00,1785541766754,62833.25,62843.25,1785541767702,62893.850000000006,62893.8,62893.9,1.94468725,1.4155499,2.15700884,1.60379272,348.6
2026-07-31T23:49:31.918+00:00,1785541768798,62835.52,62845.52,1785541770102,62893.850000000006,62893.8,62893.9,1.78108725,1.1880413,2.02295492,1.3762841199999998,390.8
2026-07-31T23:49:34.325+00:00,1785541772041,62831.08,62841.08,1785541772502,62893.850000000006,62893.8,62893.9,1.62997245,2.0716413,1.9245934499999997,2.25988412,402.5
2026-07-31T23:49:36.671+00:00,1785541774109,62830.97,62840.97,1785541774852,62893.850000000006,62893.8,62893.9,1.63006733,1.9080413,1.9994153099999998,2.1414374,344.7
2026-07-31T23:49:39.027+00:00,1785541776967,62830.81,62840.81,1785541777202,62893.850000000006,62893.8,62893.9,1.63006733,1.90791566,1.9994153099999998,2.14131176,354.1
2026-07-31T23:49:41.470+00:00,1785541779307,62830.7,62840.7,1785541779652,62893.850000000006,62893.8,62893.9,0.86694738,2.04482723,1.0097962800000002,2.1534789500000007,440.6
2026-07-31T23:49:43.827+00:00,1785541781865,62826.67,62836.67,1785541782002,62893.850000000006,62893.8,62893.9,1.52694738,2.06615506,1.9147663,2.20245254,353.6
2026-07-31T23:49:46.223+00:00,1785541783981,62827.44,62837.44,1785541784402,62893.850000000006,62893.8,62893.9,1.52694738,2.06596522,1.8236861599999998,2.12503679,393.6
2026-07-31T23:49:48.574+00:00,1785541786080,62827.44,62837.44,1785541786752,62893.850000000006,62893.8,62893.9,0.21166057,2.06727933,1.21135486,2.12633646,349.5
2026-07-31T23:49:50.920+00:00,1785541788389,62827.43,62837.43,1785541789102,62893.850000000006,62893.8,62893.9,0.3900023,2.06727933,1.38969659,2.12633646,343.4
2026-07-31T23:49:53.274+00:00,1785541790749,62825.54,62835.54,1785541791452,62893.850000000006,62893.8,62893.9,0.17886632,2.06939835,0.43486059999999993,2.4161057500000003,352.0
2026-07-31T23:49:55.628+00:00,1785541793369,62827.36,62837.36,1785541793802,62893.850000000006,62893.8,62893.9,0.17894621,2.06939835,0.57858703,2.14239681,350.5
2026-07-31T23:49:58.023+00:00,1785541795660,62827.32,62837.32,1785541796202,62893.850000000006,62893.8,62893.9,0.17894621,2.06939835,0.60132896,2.14239681,388.6
2026-07-31T23:50:00.372+00:00,1785541798034,62827.28,62837.28,1785541798552,62892.05,62892.0,62892.1,0.28632227,3.51004769,0.5724684500000001,3.83987278,346.1
2026-07-31T23:50:02.730+00:00,1785541800321,62827.23,62837.23,1785541800902,62892.05,62892.0,62892.1,0.23013159,3.51236062,0.38430267,3.84019992,355.9
2026-07-31T23:50:05.073+00:00,1785541802947,62824.55,62834.55,1785541803252,62892.05,62892.0,62892.1,0.22992665,3.51096826,1.0786556,3.8388392299999996,340.9
2026-07-31T23:50:07.421+00:00,1785541804034,62825.39,62835.39,1785541805602,62892.05,62892.0,62892.1,0.22992665,3.51049926,0.98108476,3.8065934199999996,346.1
2026-07-31T23:50:09.772+00:00,1785541804034,62825.39,62835.39,1785541807952,62892.05,62892.0,62892.1,0.28522665,3.46239879,1.03638476,3.7312542499999997,350.1
2026-07-31T23:50:12.128+00:00,1785541804034,62825.39,62835.39,1785541810302,62892.05,62892.0,62892.1,0.23112665,3.50823771,0.98228476,3.7772957499999995,354.2
2026-07-31T23:50:14.474+00:00,1785541811830,62825.32,62835.32,1785541812652,62892.05,62892.0,62892.1,0.28522665,3.49867487,1.00622984,3.7677329099999994,343.8
2026-07-31T23:50:16.830+00:00,1785541813083,62825.4,62835.4,1785541815002,62892.05,62892.0,62892.1,0.2845001,3.49867487,1.00550329,3.7677329099999994,354.1
2026-07-31T23:50:19.176+00:00,1785541813083,62825.4,62835.4,1785541817352,62892.05,62892.0,62892.1,0.2845001,3.49974467,1.00550329,3.76876576,344.6
2026-07-31T23:50:21.579+00:00,1785541813083,62825.4,62835.4,1785541819752,62892.05,62892.0,62892.1,0.2845001,3.4973734,1.00550329,3.7663944899999997,402.2
2026-07-31T23:50:23.977+00:00,1785541813083,62825.4,62835.4,1785541822152,62892.05,62892.0,62892.1,0.22888687,3.5112434,0.94989006,3.69689098,396.3
2026-07-31T23:50:26.325+00:00,1785541823649,62825.37,62835.37,1785541824502,62892.05,62892.0,62892.1,0.22888687,3.5112434,0.94989006,3.6969338,346.5
2026-07-31T23:50:28.672+00:00,1785541826779,62825.27,62835.27,1785541826852,62892.05,62892.0,62892.1,0.21659596,3.5117335,0.93759915,3.61803467,335.6
2026-07-31T23:50:31.071+00:00,1785541828906,62822.87,62832.87,1785541829252,62892.05,62892.0,62892.1,0.27189596,3.46589458,0.99289915,3.57239194,395.9
2026-07-31T23:50:33.475+00:00,1785541831503,62819.91,62829.91,1785541831652,62892.05,62892.0,62892.1,0.57189596,3.51114356,1.29289915,3.61772397,400.8
2026-07-31T23:50:35.884+00:00,1785541832706,62823.13,62833.13,1785541834052,62892.05,62892.0,62892.1,0.93659596,3.51114356,1.65759915,3.61768318,408.1
2026-07-31T23:50:38.273+00:00,1785541836306,62823.93,62833.93,1785541836452,62892.05,62892.0,62892.1,0.21659596,3.51114356,0.93759915,3.61770896,387.9
2026-07-31T23:50:40.626+00:00,1785541838489,62825.03,62835.03,1785541838802,62892.05,62892.0,62892.1,0.27189596,3.51114356,0.99289915,3.61770896,351.0
2026-07-31T23:50:42.974+00:00,1785541841079,62822.76,62832.76,1785541841152,62892.05,62892.0,62892.1,0.21659596,3.51114356,0.93759915,3.61770896,346.4
2026-07-31T23:50:45.326+00:00,1785541843178,62820.79,62830.79,1785541843502,62892.05,62892.0,62892.1,0.9209291,3.51114356,1.64193229,3.61763412,349.7
2026-07-31T23:50:47.675+00:00,1785541845268,62824.91,62834.91,1785541845852,62892.05,62892.0,62892.1,0.2009291,3.51114356,0.92193229,3.6177160600000002,348.4
2026-07-31T23:50:50.082+00:00,1785541847729,62824.87,62834.87,1785541848252,62892.05,62892.0,62892.1,0.1929973,3.51114356,0.91400049,3.61763294,404.8
2026-07-31T23:50:52.424+00:00,1785541850010,62824.85,62834.85,1785541850602,62892.05,62892.0,62892.1,0.19280037,3.51114356,0.91380356,3.61762879,340.1
2026-07-31T23:50:54.826+00:00,1785541852270,62824.18,62834.18,1785541853002,62889.05,62889.0,62889.1,0.77525871,5.18386589,0.9167021799999999,6.25682394,394.0
2026-07-31T23:50:57.173+00:00,1785541854485,62823.39,62833.39,1785541855352,62889.05,62889.0,62889.1,0.77405871,5.18386589,0.9155021799999999,6.25682394,346.2
2026-07-31T23:51:00.028+00:00,1785541858106,62816.67,62826.67,1785541858202,62878.05,62878.0,62878.1,2.37486714,0.70051768,2.88607832,1.90194674,852.6
2026-07-31T23:51:02.377+00:00,1785541860378,62808.01,62818.01,1785541860552,62874.95,62874.9,62875.0,1.0054806,5.1282127,1.11506189,7.5007077299999985,348.2
2026-07-31T23:51:04.733+00:00,1785541861640,62806.76,62816.76,1785541862902,62874.95,62874.9,62875.0,1.00671957,5.89406621,1.1370021200000002,6.64204639,354.7
2026-07-31T23:51:07.076+00:00,1785541865041,62791.71,62801.71,1785541865252,62863.45,62863.4,62863.5,0.11199621,2.95296711,1.02683071,3.2166239399999994,340.7
2026-07-31T23:51:09.477+00:00,1785541866835,62810.48,62820.48,1785541867652,62868.45,62868.4,62868.5,4.29604703,0.75477273,5.31522702,1.84218789,398.5
2026-07-31T23:51:11.832+00:00,1785541868950,62810.43,62820.43,1785541870002,62868.45,62868.4,62868.5,5.04598656,0.69927118,6.06516655,1.82279389,354.3
2026-07-31T23:51:14.169+00:00,1785541872047,62817.55,62827.55,1785541872352,62874.25,62874.2,62874.3,3.54427809,1.0208819,3.7023022200000004,1.23048401,334.3
2026-07-31T23:51:16.520+00:00,1785541874048,62817.53,62827.53,1785541874702,62874.25,62874.2,62874.3,3.79201931,0.9436454,4.13886439,1.15324751,345.0
2026-07-31T23:51:18.924+00:00,1785541876339,62817.52,62827.52,1785541877102,62874.25,62874.2,62874.3,3.79201931,0.93077497,3.9499150400000005,1.1395570800000001,395.5
2026-07-31T23:51:21.271+00:00,1785541877459,62817.51,62827.51,1785541879452,62874.25,62874.2,62874.3,3.79201931,0.87301317,3.88534455,1.0817952800000001,345.2
2026-07-31T23:51:23.627+00:00,1785541881689,62817.48,62827.48,1785541881802,62874.25,62874.2,62874.3,3.79201931,0.87391317,3.8853449600000003,1.08269528,349.2
2026-07-31T23:51:25.972+00:00,1785541883909,62817.46,62827.46,1785541884152,62874.25,62874.2,62874.3,3.87201931,0.87391317,3.9653449700000003,1.08269528,338.7
2026-07-31T23:51:28.329+00:00,1785541886199,62817.43,62827.43,1785541886502,62874.25,62874.2,62874.3,3.77509394,0.92604512,4.44581125,1.1348272300000002,353.4
2026-07-31T23:51:30.735+00:00,1785541888517,62817.39,62827.39,1785541888902,62874.25,62874.2,62874.3,3.77509394,0.92604512,4.47125037,1.1348272300000002,405.2
2026-07-31T23:51:33.075+00:00,1785541890617,62817.36,62827.36,1785541891252,62874.25,62874.2,62874.3,3.0401583,1.12596602,3.7142217699999995,1.4635467099999997,337.0
2026-07-31T23:51:35.473+00:00,1785541891675,62817.34,62827.34,1785541893652,62874.25,62874.2,62874.3,3.29487841,0.92596602,3.9689418799999996,1.26354671,396.9
2026-07-31T23:51:37.832+00:00,1785541895861,62809.12,62819.12,1785541896002,62874.25,62874.2,62874.3,3.29487841,0.92602602,3.9689418799999996,1.26360671,356.0
2026-07-31T23:51:40.168+00:00,1785541897900,62807.94,62817.94,1785541898352,62874.25,62874.2,62874.3,3.29487841,0.92486678,3.9689418799999996,1.26244747,334.5
2026-07-31T23:51:42.526+00:00,1785541900267,62812.72,62822.72,1785541900702,62874.25,62874.2,62874.3,3.29204161,1.20576678,3.37253409,1.54334747,346.8
2026-07-31T23:51:44.876+00:00,1785541902998,62804.54,62814.54,1785541903052,62874.25,62874.2,62874.3,1.42892455,2.30641187,1.70767905,2.4846354600000002,348.4
2026-07-31T23:51:47.226+00:00,1785541905235,62806.84,62816.84,1785541905402,62874.25,62874.2,62874.3,2.07278055,2.30641187,2.4588214600000002,2.4846354600000002,348.4
2026-07-31T23:51:49.575+00:00,1785541907308,62806.56,62816.56,1785541907752,62874.25,62874.2,62874.3,1.61651825,1.25534782,2.03053831,1.67620033,347.4
2026-07-31T23:51:51.930+00:00,1785541909423,62805.86,62815.86,1785541910102,62874.25,62874.2,62874.3,2.32313845,1.97521413,2.73715851,2.39606664,352.2
2026-07-31T23:51:54.276+00:00,1785541911699,62807.56,62817.56,1785541912452,62874.25,62874.2,62874.3,2.28033862,1.97503932,2.69435868,2.39589183,344.5
2026-07-31T23:51:56.613+00:00,1785541914714,62807.62,62817.62,1785541914802,62874.25,62874.2,62874.3,1.42859538,1.97503932,1.83674859,2.3823822600000004,334.7
2026-07-31T23:51:58.979+00:00,1785541917051,62807.66,62817.66,1785541917152,62874.25,62874.2,62874.3,2.10133113,1.97501992,2.5399155500000004,2.3691877600000004,353.0
2026-07-31T23:52:01.327+00:00,1785541919081,62807.69,62817.69,1785541919502,62874.25,62874.2,62874.3,1.42465415,2.13861992,1.7227600900000002,2.55965036,340.5
2026-07-31T23:52:03.678+00:00,1785541921283,62807.73,62817.73,1785541921852,62874.25,62874.2,62874.3,2.15721491,1.97489201,2.75398972,2.22017699,350.4
2026-07-31T23:52:06.022+00:00,1785541923850,62828.74,62838.74,1785541924202,62891.149999999994,62891.1,62891.2,3.70758342,0.00951667,4.01320038,0.49873938000000007,342.2
2026-07-31T23:52:08.377+00:00,1785541926360,62837.09,62847.09,1785541926552,62901.05,62901.0,62901.1,3.59332993,0.08805297,4.41020844,0.33315385000000003,348.5
2026-07-31T23:52:10.720+00:00,1785541928611,62838.73,62848.73,1785541928902,62901.05,62901.0,62901.1,4.35916125,0.07698321,5.495390939999999,0.1054179,339.6
2026-07-31T23:52:13.081+00:00,1785541930678,62834.72,62844.72,1785541931252,62901.05,62901.0,62901.1,4.35319355,0.76448321,5.12325565,0.7906961,350.9
2026-07-31T23:52:15.428+00:00,1785541933398,62837.84,62847.84,1785541933602,62901.05,62901.0,62901.1,3.69501223,0.07677226,4.481167950000001,0.87544924,345.5
2026-07-31T23:52:17.780+00:00,1785541935060,62842.76,62852.76,1785541935952,62901.05,62901.0,62901.1,4.39910735,0.06821137,4.949688640000001,0.11968752999999999,349.9
2026-07-31T23:52:20.124+00:00,1785541937286,62842.76,62852.76,1785541938302,62901.05,62901.0,62901.1,4.39114992,0.06720136,4.461169000000001,0.24323615999999998,342.2
2026-07-31T23:52:22.478+00:00,1785541937286,62842.76,62852.76,1785541940652,62901.05,62901.0,62901.1,4.42092288,0.06720136,4.5110851,0.24323615999999998,351.3
2026-07-31T23:52:24.878+00:00,1785541937286,62842.76,62852.76,1785541943052,62901.05,62901.0,62901.1,4.44478402,0.0094714,5.01550841,0.1855062,398.6
2026-07-31T23:52:27.224+00:00,1785541944428,62842.46,62852.46,1785541945402,62901.05,62901.0,62901.1,2.66181666,0.01071056,2.73679732,0.06575655999999999,339.6
2026-07-31T23:52:29.581+00:00,1785541947486,62841.89,62851.89,1785541947752,62901.05,62901.0,62901.1,2.72145322,0.68771056,3.3762684899999997,0.92226883,351.4
2026-07-31T23:52:31.926+00:00,1785541949537,62845.61,62855.61,1785541950102,62901.05,62901.0,62901.1,2.72145322,0.01071056,3.0493938000000003,0.11159736,343.1
2026-07-31T23:52:34.329+00:00,1785541951692,62844.78,62854.78,1785541952502,62901.05,62901.0,62901.1,3.3562597,0.01071056,3.43479328,0.27612112,400.5
2026-07-31T23:52:36.678+00:00,1785541953770,62845.42,62855.42,1785541954852,62901.05,62901.0,62901.1,3.16128804,0.67322057,3.73126156,1.58701156,343.2
2026-07-31T23:52:39.024+00:00,1785541955914,62845.35,62855.35,1785541957202,62901.05,62901.0,62901.1,3.26119751,0.00861011,3.82987225,0.20241706,344.5
2026-07-31T23:52:41.376+00:00,1785541959030,62842.39,62852.39,1785541959552,62907.649999999994,62907.6,62907.7,2.10796853,0.68720565,3.13987516,1.46626851,349.9
2026-07-31T23:52:43.730+00:00,1785541961304,62840.63,62850.63,1785541961902,62907.649999999994,62907.6,62907.7,1.01454902,1.56555721,1.8525366799999998,1.69298635,349.1
2026-07-31T23:52:46.086+00:00,1785541963373,62838.09,62848.09,1785541964252,62907.649999999994,62907.6,62907.7,1.44559443,1.42442925,1.6006082400000001,1.50051962,354.0
2026-07-31T23:52:48.428+00:00,1785541966550,62838.9,62848.9,1785541966602,62907.649999999994,62907.6,62907.7,1.59329035,1.42442925,1.74830416,1.5004252299999998,340.7
2026-07-31T23:52:50.779+00:00,1785541968783,62839.0,62849.0,1785541968952,62907.649999999994,62907.6,62907.7,1.93738627,1.42442925,2.09240008,1.4950037699999998,348.6
2026-07-31T23:52:53.129+00:00,1785541970830,62839.71,62849.71,1785541971302,62907.649999999994,62907.6,62907.7,1.96764996,1.42311508,2.12266377,1.44363194,348.4
2026-07-31T23:52:55.517+00:00,1785541973435,62843.39,62853.39,1785541973702,62907.649999999994,62907.6,62907.7,2.00595404,0.69638765,2.18510725,1.6313395700000002,385.0
2026-07-31T23:52:57.876+00:00,1785541975507,62847.08,62857.08,1785541976052,62907.649999999994,62907.6,62907.7,1.64595404,0.69638765,1.82510725,0.9350745800000001,347.4
2026-07-31T23:53:00.232+00:00,1785541977891,62845.87,62855.87,1785541978402,62907.649999999994,62907.6,62907.7,1.49127056,0.69642749,1.67834583,0.9480699000000001,351.6
2026-07-31T23:53:02.631+00:00,1785541980437,62847.48,62857.48,1785541980802,62907.649999999994,62907.6,62907.7,1.32730946,0.69640558,1.56656986,0.9480479900000001,394.2
2026-07-31T23:53:04.981+00:00,1785541982688,62847.64,62857.64,1785541983152,62907.649999999994,62907.6,62907.7,1.50064893,0.69707558,1.6791335300000003,0.7708483,348.2
2026-07-31T23:53:07.330+00:00,1785541984815,62840.57,62850.57,1785541985502,62907.649999999994,62907.6,62907.7,1.32752318,0.69696878,1.55800982,0.8220718300000001,347.8
2026-07-31T23:53:09.676+00:00,1785541987137,62842.87,62852.87,1785541987852,62907.649999999994,62907.6,62907.7,1.31072842,0.69691476,1.5336176799999999,0.82123099,344.5
2026-07-31T23:53:12.030+00:00,1785541989275,62840.65,62850.65,1785541990202,62907.649999999994,62907.6,62907.7,1.3266325,0.69668074,1.55858311,0.82226299,351.5
2026-07-31T23:53:14.379+00:00,1785541992330,62839.48,62849.48,1785541992552,62907.649999999994,62907.6,62907.7,1.50363074,0.69559489,1.7468626600000001,0.76936761,345.8
2026-07-31T23:53:16.830+00:00,1785541994439,62839.37,62849.37,1785541995002,62907.649999999994,62907.6,62907.7,1.71164229,0.00721761,1.9454197299999998,0.06504206,448.9
2026-07-31T23:53:19.236+00:00,1785541996648,62838.48,62848.48,1785541997402,62907.649999999994,62907.6,62907.7,1.35607901,0.69706373,1.5865656499999998,0.8240323900000001,402.0
2026-07-31T23:53:21.631+00:00,1785541998759,62838.15,62848.15,1785541999802,62907.649999999994,62907.6,62907.7,1.5309169,0.69558539,1.7614035399999999,0.69663657,392.5
2026-07-31T23:53:23.976+00:00,1785542001909,62840.37,62850.37,1785542002152,62907.649999999994,62907.6,62907.7,1.27163786,1.15572124,1.4214197699999997,1.4058550600000002,344.0
2026-07-31T23:53:26.330+00:00,1785542004039,62841.07,62851.07,1785542004502,62907.649999999994,62907.6,62907.7,1.33336925,1.15572124,1.48315116,1.2330476400000003,351.8
2026-07-31T23:53:28.681+00:00,1785542006362,62841.89,62851.89,1785542006852,62907.649999999994,62907.6,62907.7,1.31746603,1.15801806,1.4672479399999998,1.3241707200000001,348.5
2026-07-31T23:53:31.081+00:00,1785542008407,62842.9,62852.9,1785542009252,62907.649999999994,62907.6,62907.7,1.33336925,1.15795119,1.48315116,1.27169157,396.4
2026-07-31T23:53:33.431+00:00,1785542011538,62843.15,62853.15,1785542011602,62907.649999999994,62907.6,62907.7,1.33336925,1.15795119,1.48209224,1.2855159200000001,349.7
2026-07-31T23:53:35.834+00:00,1785542013598,62843.13,62853.13,1785542014002,62907.649999999994,62907.6,62907.7,1.33336925,1.15795119,1.48209224,1.2855159200000001,396.7
2026-07-31T23:53:38.180+00:00,1785542015841,62843.1,62853.1,1785542016352,62907.649999999994,62907.6,62907.7,1.33336925,0.87131297,1.48209224,1.1203949100000001,343.4
2026-07-31T23:53:40.528+00:00,1785542015841,62843.1,62853.1,1785542018702,62907.649999999994,62907.6,62907.7,1.33039872,0.87041297,1.73734349,0.9967586900000001,344.5
2026-07-31T23:53:42.882+00:00,1785542015841,62843.1,62853.1,1785542021052,62907.649999999994,62907.6,62907.7,1.28865298,0.87131297,1.48445693,1.18612235,351.8
2026-07-31T23:53:45.280+00:00,1785542023280,62843.07,62853.07,1785542023452,62907.649999999994,62907.6,62907.7,1.29224551,0.87119546,1.67127406,1.0942304600000001,396.0
2026-07-31T23:53:47.626+00:00,1785542024481,62843.04,62853.04,1785542025802,62907.649999999994,62907.6,62907.7,1.33010093,0.87029546,1.58349238,1.02245742,343.4
2026-07-31T23:53:49.977+00:00,1785542027630,62842.05,62852.05,1785542028152,62907.649999999994,62907.6,62907.7,1.33040595,0.87029546,1.7437690300000002,1.0405384400000002,347.7
2026-07-31T23:53:52.331+00:00,1785542028660,62843.04,62853.04,1785542030502,62910.75,62910.7,62910.8,2.75625323,0.8025045,3.10104243,1.0428656699999999,351.4
2026-07-31T23:53:54.683+00:00,1785542031876,62837.47,62847.47,1785542032852,62910.75,62910.7,62910.8,0.77749334,2.18695074,1.1757236000000002,3.754374,348.9
2026-07-31T23:53:57.041+00:00,1785542034199,62836.29,62846.29,1785542035202,62910.75,62910.7,62910.8,0.77486676,2.18695074,1.1730970200000002,3.8124239399999995,356.1
2026-07-31T23:53:59.429+00:00,1785542036594,62836.79,62846.79,1785542037602,62910.75,62910.7,62910.8,0.77486676,2.90695074,1.1730970200000002,4.53242394,385.3
2026-07-31T23:54:01.803+00:00,1785542039733,62836.64,62846.64,1785542039952,62910.75,62910.7,62910.8,0.77486676,2.90695074,1.1730970200000002,4.53242394,371.9
2026-07-31T23:54:04.181+00:00,1785542042181,62803.33,62813.33,1785542042352,62880.350000000006,62880.3,62880.4,0.72740547,3.02287164,1.20532824,3.2566695400000003,375.4
2026-07-31T23:54:06.588+00:00,1785542044214,62803.71,62813.71,1785542044752,62880.350000000006,62880.3,62880.4,0.97279579,3.02289496,1.1641602700000002,3.28129265,405.4
2026-07-31T23:54:08.934+00:00,1785542046260,62809.51,62819.51,1785542047102,62880.350000000006,62880.3,62880.4,0.72975479,3.84685084,1.25434697,4.176869129999999,339.2
2026-07-31T23:54:11.285+00:00,1785542048753,62809.65,62819.65,1785542049452,62880.350000000006,62880.3,62880.4,0.72257479,3.84685084,1.24716697,4.10524858,349.4
2026-07-31T23:54:13.681+00:00,1785542051495,62809.71,62819.71,1785542051852,62880.350000000006,62880.3,62880.4,0.72237696,3.78685084,1.24696914,4.1168691299999995,393.5
2026-07-31T23:54:16.027+00:00,1785542053576,62807.97,62817.97,1785542054202,62878.75,62878.7,62878.8,0.03510463,4.82473145,0.20848554,7.527780669999999,336.9
2026-07-31T23:54:18.435+00:00,1785542055647,62809.78,62819.78,1785542056602,62875.05,62875.0,62875.1,1.32381464,3.40010583,1.5969720499999998,4.00290752,404.0
2026-07-31T23:54:20.786+00:00,1785542055647,62809.78,62819.78,1785542058952,62875.05,62875.0,62875.1,1.55016436,3.21325389,1.8233217699999997,3.6754045799999995,348.5
2026-07-31T23:54:23.135+00:00,1785542060859,62809.79,62819.79,1785542061302,62875.05,62875.0,62875.1,1.60007695,3.20827389,1.87323436,3.6704245799999997,348.2
2026-07-31T23:54:25.536+00:00,1785542060859,62809.79,62819.79,1785542063702,62875.05,62875.0,62875.1,1.58416452,3.20827389,1.85732193,3.6704245799999997,399.0
2026-07-31T23:54:27.928+00:00,1785542060859,62809.79,62819.79,1785542066102,62875.05,62875.0,62875.1,1.58259308,3.20529496,1.8557504900000001,3.6674456499999994,390.7
2026-07-31T23:54:30.285+00:00,1785542060859,62809.79,62819.79,1785542068452,62875.05,62875.0,62875.1,1.58259308,3.20099063,1.8557504900000001,3.4813613000000005,354.4
2026-07-31T23:54:32.635+00:00,1785542069569,62809.8,62819.8,1785542070802,62875.05,62875.0,62875.1,1.58132171,3.19874063,1.8544791200000001,3.4791113000000005,348.5
2026-07-31T23:54:35.038+00:00,1785542072710,62810.86,62820.86,1785542073202,62875.05,62875.0,62875.1,1.33332171,3.19874063,1.60647912,3.51335524,401.0
2026-07-31T23:54:37.440+00:00,1785542074771,62814.32,62824.32,1785542075602,62875.05,62875.0,62875.1,1.40146071,3.19874063,1.6746181199999999,3.4546164800000003,401.1
2026-07-31T23:54:39.784+00:00,1785542077906,62814.36,62824.36,1785542077952,62875.05,62875.0,62875.1,2.05626071,2.35337063,2.33633392,2.59079118,342.0
2026-07-31T23:54:42.135+00:00,1785542080039,62814.4,62824.4,1785542080302,62875.05,62875.0,62875.1,1.80595192,2.11337063,2.08602513,2.35063432,349.2
2026-07-31T23:54:44.492+00:00,1785542082250,62814.42,62824.42,1785542082652,62875.05,62875.0,62875.1,1.84595192,2.10669428,2.12602513,2.34390615,355.1
2026-07-31T23:54:46.891+00:00,1785542084760,62814.44,62824.44,1785542085052,62875.05,62875.0,62875.1,2.24902705,2.40766306,2.52910026,2.64487879,394.3
2026-07-31T23:54:49.231+00:00,1785542085969,62814.45,62824.45,1785542087402,62875.05,62875.0,62875.1,0.96372391,2.44051456,1.2396179900000002,2.63672491,338.2
2026-07-31T23:54:51.580+00:00,1785542089589,62814.43,62824.43,1785542089752,62875.05,62875.0,62875.1,1.24372391,2.44000457,1.51961799,2.63621492,346.8
2026-07-31T23:54:53.937+00:00,1785542091685,62810.72,62820.72,1785542092102,62875.05,62875.0,62875.1,0.96372391,2.44000457,1.2396179900000002,2.63621492,354.6
2026-07-31T23:54:56.284+00:00,1785542093720,62809.93,62819.93,1785542094452,62875.05,62875.0,62875.1,1.79079405,2.43535342,2.0666881299999997,2.6318602,345.9
2026-07-31T23:54:58.679+00:00,1785542095939,62800.76,62810.76,1785542096852,62871.95,62871.9,62872.0,4.94260255,0.06460962,5.82616228,0.8770278499999999,393.8
2026-07-31T23:55:01.032+00:00,1785542098388,62806.29,62816.29,1785542099202,62871.95,62871.9,62872.0,3.90443995,1.47372846,4.634634640000001,2.73885587,351.5
2026-07-31T23:55:03.380+00:00,1785542101498,62802.05,62812.05,1785542101552,62871.95,62871.9,62872.0,3.31997983,1.47372846,4.04793015,2.90922275,346.3
2026-07-31T23:55:05.730+00:00,1785542103658,62804.05,62814.05,1785542103902,62871.95,62871.9,62872.0,2.87422741,0.06426001,3.06896893,2.1961211,343.0
2026-07-31T23:55:08.085+00:00,1785542103658,62804.05,62814.05,1785542106252,62871.95,62871.9,62872.0,3.58830509,0.00983675,3.81251936,1.5223977699999998,351.3
2026-07-31T23:55:10.480+00:00,1785542107746,62807.43,62817.43,1785542108652,62871.95,62871.9,62872.0,3.19453266,0.00983675,3.3892739900000004,0.41654700999999994,393.9
2026-07-31T23:55:12.843+00:00,1785542110870,62812.11,62822.11,1785542111002,62875.05,62875.0,62875.1,3.73508584,1.34458387,3.97862663,1.78238451,356.6
2026-07-31T23:55:15.285+00:00,1785542112985,62812.15,62822.15,1785542113452,62875.05,62875.0,62875.1,3.77886819,1.2295029,3.97806565,1.4080424900000001,436.7
2026-07-31T23:55:17.683+00:00,1785542115310,62812.18,62822.18,1785542115852,62875.05,62875.0,62875.1,3.77886819,0.93992168,3.85523183,1.11846127,388.9
2026-07-31T23:55:20.037+00:00,1785542117589,62812.21,62822.21,1785542118202,62875.05,62875.0,62875.1,3.77935391,0.93992168,3.8557175500000005,1.11846127,350.1
2026-07-31T23:55:22.381+00:00,1785542119617,62812.24,62822.24,1785542120552,62875.05,62875.0,62875.1,3.76344148,0.93992168,3.96263894,1.14611229,341.0
2026-07-31T23:55:24.780+00:00,1785542122707,62812.26,62822.26,1785542122952,62875.05,62875.0,62875.1,3.77185268,1.62749568,4.09244344,1.8336862900000002,397.5
2026-07-31T23:55:27.185+00:00,1785542124709,62812.3,62822.3,1785542125352,62875.05,62875.0,62875.1,3.77185268,0.99402168,4.06244829,1.1962040900000002,396.6
2026-07-31T23:55:29.583+00:00,1785542126869,62812.32,62822.32,1785542127752,62875.05,62875.0,62875.1,3.77145645,1.68080205,4.06205206,1.8829844600000003,397.1
2026-07-31T23:55:31.946+00:00,1785542129040,62812.35,62822.35,1785542130102,62875.05,62875.0,62875.1,3.72371916,0.99322805,3.842997,1.1954104600000002,359.7
2026-07-31T23:55:34.331+00:00,1785542132201,62812.37,62822.37,1785542132502,62875.05,62875.0,62875.1,3.77145645,0.93912805,3.8873235600000005,1.05322388,381.7
2026-07-31T23:55:36.687+00:00,1785542133315,62812.4,62822.4,1785542134852,62875.05,62875.0,62875.1,3.77145645,0.93915976,3.91700111,1.05325559,354.9
2026-07-31T23:55:39.036+00:00,1785542136460,62812.43,62822.43,1785542137202,62875.05,62875.0,62875.1,3.77145645,0.93915976,3.91699851,1.03122705,346.5
2026-07-31T23:55:41.386+00:00,1785542138832,62812.46,62822.46,1785542139552,62875.05,62875.0,62875.1,3.77145645,0.93915976,3.91699851,1.03054989,348.5
2026-07-31T23:55:43.731+00:00,1785542141439,62812.49,62822.49,1785542141902,62875.05,62875.0,62875.1,3.76901188,0.93915976,3.91455394,1.03054989,343.7
2026-07-31T23:55:46.081+00:00,1785542143906,62812.53,62822.53,1785542144252,62875.05,62875.0,62875.1,3.76901188,1.68083376,4.10624731,1.7722238900000002,347.7
2026-07-31T23:55:48.435+00:00,1785542146106,62812.55,62822.55,1785542146602,62875.05,62875.0,62875.1,3.76901188,0.99305281,4.13548426,1.1999301999999998,351.0
2026-07-31T23:55:50.782+00:00,1785542148211,62812.58,62822.58,1785542148952,62875.05,62875.0,62875.1,3.73438666,1.18828781,4.1008590400000005,1.2727408100000002,344.9
2026-07-31T23:55:53.183+00:00,1785542150358,62812.61,62822.61,1785542151352,62875.05,62875.0,62875.1,3.76621152,1.13418781,4.1326839,1.3174529400000001,398.4
2026-07-31T23:55:55.539+00:00,1785542153469,62805.51,62815.51,1785542153702,62875.05,62875.0,62875.1,3.7657691,0.22181765,3.91198568,0.7855468,354.8
2026-07-31T23:55:57.885+00:00,1785542155609,62810.66,62820.66,1785542156052,62875.05,62875.0,62875.1,3.76576824,0.20959529,4.10300405,0.53855331,344.0
2026-07-31T23:56:00.231+00:00,1785542157730,62812.68,62822.68,1785542158402,62877.95,62877.9,62878.0,3.96696812,0.86215763,4.13683623,1.59478737,344.6
2026-07-31T23:56:02.582+00:00,1785542160241,62812.71,62822.71,1785542160752,62877.95,62877.9,62878.0,3.96699845,0.86182206,4.07874081,1.5944517999999999,347.3
2026-07-31T23:56:04.936+00:00,1785542162650,62815.29,62825.29,1785542163102,62881.149999999994,62881.1,62881.2,3.10679467,1.72309041,3.2481695100000003,2.4432134800000003,352.1
2026-07-31T23:56:07.284+00:00,1785542164719,62814.93,62824.93,1785542165452,62881.149999999994,62881.1,62881.2,3.10669467,1.71057191,3.24806951,2.19804049,347.3
2026-07-31T23:56:09.635+00:00,1785542166833,62815.27,62825.27,1785542167802,62881.149999999994,62881.1,62881.2,2.75791857,2.42793214,2.8992934100000003,2.7264064099999996,349.9
2026-07-31T23:56:12.035+00:00,1785542169032,62815.26,62825.26,1785542170202,62881.149999999994,62881.1,62881.2,2.75702789,1.70584214,2.89840273,2.00431641,396.9
2026-07-31T23:56:14.384+00:00,1785542171265,62813.54,62823.54,1785542172552,62881.149999999994,62881.1,62881.2,1.12658029,2.44953889,1.34702817,2.70978435,347.0
2026-07-31T23:56:16.736+00:00,1785542174820,62813.07,62823.07,1785542174902,62881.149999999994,62881.1,62881.2,0.9125846,2.45131436,1.1202477899999999,2.74978863,349.3
2026-07-31T23:56:19.084+00:00,1785542175934,62815.23,62825.23,1785542177252,62881.149999999994,62881.1,62881.2,0.9114036,2.51305026,1.13341261,2.77946963,345.0
2026-07-31T23:56:21.435+00:00,1785542179110,62815.16,62825.16,1785542179602,62881.149999999994,62881.1,62881.2,0.9100746,2.51305026,1.13208361,2.77946963,349.1
2026-07-31T23:56:23.785+00:00,1785542180911,62800.71,62810.71,1785542181952,62868.05,62868.0,62868.1,0.8795764,4.22075539,0.9906562400000001,6.1697809999999995,348.1
2026-07-31T23:56:26.192+00:00,1785542183124,62800.66,62810.66,1785542184352,62874.649999999994,62874.6,62874.7,3.37740228,1.41735514,3.86201852,1.62980177,406.1
2026-07-31T23:56:28.540+00:00,1785542185638,62808.68,62818.68,1785542186702,62874.649999999994,62874.6,62874.7,3.30965502,1.42299787,3.68778046,1.64811981,347.1
2026-07-31T23:56:30.936+00:00,1785542188722,62808.74,62818.74,1785542189102,62874.649999999994,62874.6,62874.7,3.30965502,1.42299787,3.7336411099999998,1.66836303,392.4
2026-07-31T23:56:33.335+00:00,1785542191336,62802.26,62812.26,1785542191502,62874.649999999994,62874.6,62874.7,3.55783158,0.78950934,3.98181767,1.04648521,396.4
2026-07-31T23:56:35.732+00:00,1785542193204,62808.13,62818.13,1785542193902,62874.649999999994,62874.6,62874.7,1.45298373,1.52294399,1.9348251899999998,1.7101948599999999,394.8
2026-07-31T23:56:38.085+00:00,1785542195823,62812.45,62822.45,1785542196252,62874.649999999994,62874.6,62874.7,2.01329462,1.4739839,2.49513608,1.7018798899999998,350.9
2026-07-31T23:56:40.484+00:00,1785542198239,62810.84,62820.84,1785542198652,62874.649999999994,62874.6,62874.7,2.04151856,1.4739839,2.52336002,1.7018798899999998,392.6
2026-07-31T23:56:42.845+00:00,1785542200259,62810.97,62820.97,1785542201002,62874.649999999994,62874.6,62874.7,1.60151856,1.4739839,1.8804117299999998,1.6372327899999999,359.2
2026-07-31T23:56:45.233+00:00,1785542202609,62810.33,62820.33,1785542203402,62874.649999999994,62874.6,62874.7,2.04001006,1.5339839,2.2655610200000003,1.69723279,387.0
2026-07-31T23:56:47.585+00:00,1785542204820,62808.4,62818.4,1785542205752,62874.649999999994,62874.6,62874.7,2.04001006,1.5339839,2.2655610200000003,1.74307844,350.1
2026-07-31T23:56:49.985+00:00,1785542207231,62807.21,62817.21,1785542208152,62874.649999999994,62874.6,62874.7,2.18777761,1.4739839,2.41332857,1.6830784399999998,394.3
2026-07-31T23:56:52.341+00:00,1785542209580,62807.98,62817.98,1785542210502,62874.649999999994,62874.6,62874.7,2.20368958,1.4781839,2.42924054,1.68727844,351.6
2026-07-31T23:56:54.684+00:00,1785542212550,62799.44,62809.44,1785542212852,62874.649999999994,62874.6,62874.7,1.24805788,1.54732276,1.54341114,1.7120717499999998,341.1
2026-07-31T23:56:57.037+00:00,1785542214820,62802.51,62812.51,1785542215202,62874.649999999994,62874.6,62874.7,1.56755788,1.52404455,1.94526163,1.6891556799999998,351.8
2026-07-31T23:56:59.394+00:00,1785542217025,62800.93,62810.93,1785542217552,62874.649999999994,62874.6,62874.7,1.56755788,1.4781839,1.9911222800000001,1.66088287,355.9
2026-07-31T23:57:01.797+00:00,1785542219030,62802.48,62812.48,1785542219952,62874.649999999994,62874.6,62874.7,1.73270614,1.47738867,2.05599572,1.66008764,401.8
2026-07-31T23:57:04.188+00:00,1785542221250,62803.42,62813.42,1785542222352,62874.649999999994,62874.6,62874.7,1.66804868,1.57065675,2.02860279,1.7339230599999997,385.7
2026-07-31T23:57:06.537+00:00,1785542223590,62802.64,62812.64,1785542224702,62874.649999999994,62874.6,62874.7,1.66804868,1.55711895,2.02860279,1.76514908,346.0
2026-07-31T23:57:08.886+00:00,1785542226431,62799.42,62809.42,1785542227052,62874.649999999994,62874.6,62874.7,1.66796916,1.55711895,1.9682475899999998,1.76514908,347.3
2026-07-31T23:57:11.236+00:00,1785542228494,62801.71,62811.71,1785542229402,62874.649999999994,62874.6,62874.7,1.66796916,1.46249234,1.9044832399999998,1.67052247,347.9
2026-07-31T23:57:13.591+00:00,1785542231701,62800.29,62810.29,1785542231752,62874.649999999994,62874.6,62874.7,1.66796916,1.46207304,1.99519893,1.67010317,347.8
2026-07-31T23:57:15.985+00:00,1785542233769,62800.31,62810.31,1785542234152,62874.649999999994,62874.6,62874.7,1.66741452,1.59019899,1.9946442899999999,1.79822912,393.3
2026-07-31T23:57:18.334+00:00,1785542235947,62804.25,62814.25,1785542236502,62874.649999999994,62874.6,62874.7,1.70741453,1.58932947,2.02257775,1.7973596,346.6
2026-07-31T23:57:20.689+00:00,1785542238201,62808.86,62818.86,1785542238852,62874.649999999994,62874.6,62874.7,1.64831453,1.58860422,1.9634777499999998,1.79663435,352.8
2026-07-31T23:57:23.036+00:00,1785542241040,62804.01,62814.01,1785542241202,62868.05,62868.0,62868.1,2.20484711,1.84339551,2.4559963700000003,2.14865833,344.6
2026-07-31T23:57:25.440+00:00,1785542243203,62804.06,62814.06,1785542243602,62868.05,62868.0,62868.1,2.20484711,0.41333565,2.4559963700000003,2.29702938,401.1
2026-07-31T23:57:27.786+00:00,1785542245370,62804.1,62814.1,1785542245952,62868.05,62868.0,62868.1,2.20484711,1.15333565,2.4559963700000003,2.1253338299999998,343.8
2026-07-31T23:57:30.135+00:00,1785542247529,62804.15,62814.15,1785542248302,62868.05,62868.0,62868.1,2.2079099,0.97470807,2.4590591600000002,2.08245632,346.1
2026-07-31T23:57:32.488+00:00,1785542249777,62813.34,62823.34,1785542250652,62877.25,62877.2,62877.3,2.68618405,1.94653922,2.89488733,2.3531959700000002,351.4
2026-07-31T23:57:34.835+00:00,1785542252911,62810.95,62820.95,1785542253002,62877.25,62877.2,62877.3,3.40618405,1.94653922,3.6148873299999997,2.26224485,341.8
2026-07-31T23:57:37.235+00:00,1785542255309,62810.26,62820.26,1785542255402,62877.25,62877.2,62877.3,3.40618405,1.94754748,3.6148873299999997,2.2632531100000004,398.0
2026-07-31T23:57:39.580+00:00,1785542257358,62810.4,62820.4,1785542257752,62877.25,62877.2,62877.3,3.40618405,1.94277629,3.6148873299999997,2.2584819200000004,343.2
2026-07-31T23:57:41.937+00:00,1785542259434,62810.66,62820.66,1785542260102,62877.25,62877.2,62877.3,3.02618405,1.94277629,3.23488733,2.2584819200000004,351.6
2026-07-31T23:57:44.287+00:00,1785542261540,62812.78,62822.78,1785542262452,62877.25,62877.2,62877.3,3.36618405,1.94104435,3.57488733,2.2567499800000004,347.7
2026-07-31T23:57:46.637+00:00,1785542263707,62808.34,62818.34,1785542264802,62877.25,62877.2,62877.3,3.42618405,1.94104435,3.55922661,2.2567499800000004,348.5
2026-07-31T23:57:48.988+00:00,1785542266969,62808.44,62818.44,1785542267152,62877.25,62877.2,62877.3,2.292539,1.8620449,2.4255815600000004,2.13406821,348.9
2026-07-31T23:57:51.340+00:00,1785542269059,62811.34,62821.34,1785542269502,62877.25,62877.2,62877.3,2.552539,1.8620449,2.77524056,2.1777505300000004,349.7
2026-07-31T23:57:53.738+00:00,1785542271249,62810.54,62820.54,1785542271902,62877.25,62877.2,62877.3,2.632539,1.6811449,2.85524056,1.9968505300000001,396.3
2026-07-31T23:57:56.088+00:00,1785542273329,62810.51,62820.51,1785542274252,62877.25,62877.2,62877.3,3.032539,1.67885615,3.25524056,1.9945617800000002,347.0
2026-07-31T23:57:58.438+00:00,1785542276510,62811.59,62821.59,1785542276602,62877.25,62877.2,62877.3,3.032539,1.93795615,3.25524056,2.52955673,346.5
2026-07-31T23:58:00.785+00:00,1785542278589,62811.64,62821.64,1785542278952,62877.25,62877.2,62877.3,2.7108088,1.93795615,2.93351036,2.2536617800000003,344.7
2026-07-31T23:58:03.134+00:00,1785542280640,62810.52,62820.52,1785542281302,62877.25,62877.2,62877.3,2.0745218,2.13885615,2.29722305,2.45456178,346.6
2026-07-31T23:58:05.986+00:00,1785542283090,62809.58,62819.58,1785542284152,62877.25,62877.2,62877.3,2.73193278,1.6456817,2.9546340300000002,1.96138733,850.2
2026-07-31T23:58:08.337+00:00,1785542286280,62808.69,62818.69,1785542286502,62877.25,62877.2,62877.3,2.73193278,1.8448217,2.9546340300000002,2.1605273300000003,348.5
2026-07-31T23:58:10.694+00:00,1785542288604,62808.58,62818.58,1785542288852,62877.25,62877.2,62877.3,2.73193278,1.8448217,2.9546340300000002,2.1605273300000003,355.4
2026-07-31T23:58:13.039+00:00,1785542290665,62808.57,62818.57,1785542291202,62877.25,62877.2,62877.3,2.73193278,1.9057217,2.9546340300000002,2.1994442700000003,343.3
2026-07-31T23:58:15.441+00:00,1785542292713,62808.56,62818.56,1785542293602,62877.25,62877.2,62877.3,2.59193278,1.64474219,2.81463403,1.9384647600000002,399.8
2026-07-31T23:58:17.845+00:00,1785542295934,62808.54,62818.54,1785542296002,62877.25,62877.2,62877.3,2.59193278,1.64474219,2.81463403,1.9384647600000002,400.3
2026-07-31T23:58:20.191+00:00,1785542298108,62808.53,62818.53,1785542298352,62877.25,62877.2,62877.3,2.79193278,1.90514322,3.01463403,2.19886579,344.2
2026-07-31T23:58:22.538+00:00,1785542300141,62808.52,62818.52,1785542300702,62877.25,62877.2,62877.3,2.79193278,1.90106243,3.01463403,2.1947850000000004,342.5
2026-07-31T23:58:24.890+00:00,1785542302169,62807.34,62817.34,1785542303052,62877.25,62877.2,62877.3,2.79193278,1.74699982,3.01463403,2.04072239,350.5
2026-07-31T23:58:28.340+00:00,1785542306309,62807.32,62817.32,1785542306502,62877.25,62877.2,62877.3,2.39252404,1.7877384,2.6152241800000002,2.08146063,1448.8
2026-07-31T23:58:30.699+00:00,1785542308789,62807.52,62817.52,1785542308852,62877.25,62877.2,62877.3,2.39252404,1.70675513,2.6152241800000002,2.00047736,358.1
2026-07-31T23:58:33.092+00:00,1785542310870,62806.98,62816.98,1785542311252,62877.25,62877.2,62877.3,2.08039569,1.70675513,2.30549814,2.00254865,385.7
2026-07-31T23:58:35.436+00:00,1785542312951,62805.72,62815.72,1785542313602,62877.25,62877.2,62877.3,2.08039569,1.64612513,2.30309027,1.98570714,342.2
2026-07-31T23:58:37.789+00:00,1785542315159,62803.36,62813.36,1785542315952,62877.25,62877.2,62877.3,2.11115406,2.02456875,2.3338486400000003,2.3203785499999996,351.4
2026-07-31T23:58:40.140+00:00,1785542317279,62806.73,62816.73,1785542318302,62877.25,62877.2,62877.3,2.11115406,2.02366875,2.3338486400000003,2.36325076,347.8
2026-07-31T23:58:42.546+00:00,1785542320419,62808.17,62818.17,1785542320702,62877.25,62877.2,62877.3,1.77115406,1.44456875,1.9938486400000002,1.78415076,404.0
2026-07-31T23:58:44.894+00:00,1785542322532,62804.94,62814.94,1785542323052,62877.25,62877.2,62877.3,1.57247604,2.02454134,1.77881415,2.32022053,346.0
2026-07-31T23:58:47.238+00:00,1785542324709,62804.44,62814.44,1785542325402,62877.25,62877.2,62877.3,2.23896296,2.02348271,2.46165754,2.31914526,339.9
2026-07-31T23:58:49.645+00:00,1785542326820,62804.54,62814.54,1785542327802,62877.25,62877.2,62877.3,2.23896296,2.02341271,2.46165754,2.36299472,405.9
2026-07-31T23:58:52.037+00:00,1785542328869,62808.37,62818.37,1785542330202,62877.25,62877.2,62877.3,2.22000832,2.02341271,2.4427029,2.5743961800000004,390.0
2026-07-31T23:58:54.387+00:00,1785542331743,62817.51,62827.51,1785542332552,62877.25,62877.2,62877.3,2.28094029,0.44185773,2.5036348700000004,1.51843164,348.3
2026-07-31T23:58:56.739+00:00,1785542333898,62817.48,62827.48,1785542334902,62877.25,62877.2,62877.3,1.90596094,1.12858777,2.12865552,2.28970311,351.3
2026-07-31T23:58:59.095+00:00,1785542337033,62810.47,62820.47,1785542337252,62877.25,62877.2,62877.3,1.56596094,1.12858777,1.7886555200000003,2.28970311,352.1
2026-07-31T23:59:01.488+00:00,1785542339129,62817.1,62827.1,1785542339652,62877.25,62877.2,62877.3,1.40979706,1.12858777,1.6324916400000002,2.0529659299999996,389.5
2026-07-31T23:59:03.842+00:00,1785542341239,62817.39,62827.39,1785542342002,62877.25,62877.2,62877.3,1.40979706,1.12799174,1.6325403000000003,2.0523698999999995,349.8
2026-07-31T23:59:06.239+00:00,1785542343631,62817.37,62827.37,1785542344402,62877.25,62877.2,62877.3,1.81499469,1.13070538,2.03773793,2.0550835399999996,394.0
2026-07-31T23:59:08.593+00:00,1785542345729,62813.7,62823.7,1785542346752,62877.25,62877.2,62877.3,2.07524498,0.79181873,2.17648418,2.7169067,350.5
2026-07-31T23:59:10.938+00:00,1785542348954,62813.21,62823.21,1785542349102,62877.25,62877.2,62877.3,2.07524498,0.05155873,2.17648418,2.01909629,343.6
2026-07-31T23:59:13.342+00:00,1785542351109,62809.38,62819.38,1785542351502,62877.25,62877.2,62877.3,2.07524498,0.05013742,2.17648418,1.59543807,402.7
2026-07-31T23:59:15.741+00:00,1785542352299,62809.35,62819.35,1785542353902,62877.25,62877.2,62877.3,2.04144703,0.79103742,2.1426862300000002,2.3357723000000004,397.3
2026-07-31T23:59:18.138+00:00,1785542355520,62807.6,62817.6,1785542356302,62877.25,62877.2,62877.3,2.04055635,0.79103742,2.1417955500000003,2.3385097100000003,395.9
2026-07-31T23:59:20.489+00:00,1785542358535,62811.4,62821.4,1785542358652,62877.25,62877.2,62877.3,2.04055635,0.79009742,2.1417955500000003,2.3375697100000004,348.5
2026-07-31T23:59:22.844+00:00,1785542360578,62812.77,62822.77,1785542361002,62877.25,62877.2,62877.3,2.04055635,0.79009742,2.1418006000000003,2.3375697100000004,350.9
2026-07-31T23:59:25.189+00:00,1785542362621,62812.72,62822.72,1785542363352,62877.25,62877.2,62877.3,1.84564838,1.36643472,1.9468926300000002,2.86461846,342.7
2026-07-31T23:59:27.538+00:00,1785542364689,62812.3,62822.3,1785542365702,62877.25,62877.2,62877.3,2.00924838,1.26627409,2.11049263,2.76445783,345.8
2026-07-31T23:59:29.898+00:00,1785542367886,62812.45,62822.45,1785542368052,62877.25,62877.2,62877.3,2.0410702,1.48037409,2.14231445,2.97182484,356.4
2026-07-31T23:59:32.242+00:00,1785542369981,62811.32,62821.32,1785542370402,62877.25,62877.2,62877.3,2.00924838,1.48037409,2.11049263,2.97182484,342.7
2026-07-31T23:59:34.590+00:00,1785542372021,62812.53,62822.53,1785542372752,62877.25,62877.2,62877.3,2.0410702,1.48037409,2.14231445,2.97182484,346.0
2026-07-31T23:59:36.942+00:00,1785542374157,62812.52,62822.52,1785542375102,62877.25,62877.2,62877.3,2.04075688,1.32037409,2.14200113,2.8118248400000003,350.8
2026-07-31T23:59:39.292+00:00,1785542375222,62812.53,62822.53,1785542377452,62877.25,62877.2,62877.3,2.02484597,1.32037409,2.12609022,2.8118248400000003,348.6
2026-07-31T23:59:41.793+00:00,1785542379625,62812.51,62822.51,1785542379952,62877.25,62877.2,62877.3,2.00893506,1.25912213,2.1101793100000004,2.75057288,347.0
2026-07-31T23:59:44.144+00:00,1785542380691,62812.5,62822.5,1785542382302,62877.25,62877.2,62877.3,2.04127073,0.2280311,2.14251498,1.53756794,349.5
2026-07-31T23:59:46.541+00:00,1785542383725,62812.64,62822.64,1785542384702,62877.25,62877.2,62877.3,2.04127073,0.22454016,2.14251498,1.53269148,395.8
2026-07-31T23:59:48.890+00:00,1785542386828,62816.88,62826.88,1785542387052,62877.25,62877.2,62877.3,2.04178458,0.69628506,2.16804584,1.23464711,345.7
2026-07-31T23:59:51.242+00:00,1785542387465,62827.81,62837.81,1785542389402,62891.05,62891.0,62891.1,1.84959989,1.44056065,1.91543723,1.72871217,350.7
2026-07-31T23:59:53.600+00:00,1785542390530,62827.77,62837.77,1785542391752,62891.05,62891.0,62891.1,1.10898287,1.43914457,1.2668611,1.8472960900000002,357.3
2026-07-31T23:59:55.941+00:00,1785542393919,62827.09,62837.09,1785542394102,62891.05,62891.0,62891.1,1.10898287,1.43904599,1.2668611,1.8471975100000002,337.6
2026-07-31T23:59:58.290+00:00,1785542396170,62826.47,62836.47,1785542396452,62891.05,62891.0,62891.1,1.44468287,1.43904599,1.61156421,1.8471975100000002,345.9
