time_msc,time,bid,ask,last,volume,flags
1785628765057,1785628765,62754.83,62764.83,0.0,0,6
1785628766089,1785628766,62755.55,62765.55,0.0,0,6
1785628767132,1785628767,62755.96,62765.96,0.0,0,6
1785628768151,1785628768,62755.77,62765.77,0.0,0,6
1785628769196,1785628769,62753.22,62763.22,0.0,0,6
1785628770227,1785628770,62753.55,62763.55,0.0,0,6
1785628771260,1785628771,62753.51,62763.51,0.0,0,6
1785628772294,1785628772,62756.22,62766.22,0.0,0,6
1785628773327,1785628773,62754.7,62764.7,0.0,0,6
1785628774353,1785628774,62754.76,62764.76,0.0,0,6
1785628775379,1785628775,62754.4,62764.4,0.0,0,6
1785628776429,1785628776,62755.08,62765.08,0.0,0,6
1785628777463,1785628777,62755.58,62765.58,0.0,0,6
1785628778468,1785628778,62756.19,62766.19,0.0,0,6
1785628779489,1785628779,62753.77,62763.77,0.0,0,6
1785628780558,1785628780,62754.34,62764.34,0.0,0,6
1785628781591,1785628781,62753.53,62763.53,0.0,0,6
1785628782621,1785628782,62753.6,62763.6,0.0,0,6
1785628783656,1785628783,62754.75,62764.75,0.0,0,6
1785628784689,1785628784,62754.2,62764.2,0.0,0,6
1785628785710,1785628785,62755.59,62765.59,0.0,0,6
1785628786753,1785628786,62756.75,62766.75,0.0,0,6
1785628787784,1785628787,62757.79,62767.79,0.0,0,6
1785628788815,1785628788,62759.04,62769.04,0.0,0,6
1785628789850,1785628789,62757.73,62767.73,0.0,0,6
1785628790884,1785628790,62759.78,62769.78,0.0,0,6
1785628791898,1785628791,62758.67,62768.67,0.0,0,6
1785628792944,1785628792,62755.39,62765.39,0.0,0,6
1785628794001,1785628794,62753.92,62763.92,0.0,0,6
1785628795008,1785628795,62754.6,62764.6,0.0,0,6
1785628796069,1785628796,62755.82,62765.82,0.0,0,6
1785628797092,1785628797,62757.15,62767.15,0.0,0,6
1785628798123,1785628798,62757.56,62767.56,0.0,0,6
1785628799159,1785628799,62756.83,62766.83,0.0,0,6
1785628800215,1785628800,62757.25,62767.25,0.0,0,6
1785628801295,1785628801,62759.05,62769.05,0.0,0,6
1785628802309,1785628802,62757.38,62767.38,0.0,0,6
1785628803338,1785628803,62757.99,62767.99,0.0,0,6
1785628804322,1785628804,62758.41,62768.41,0.0,0,6
1785628805326,1785628805,62759.68,62769.68,0.0,0,6
1785628806382,1785628806,62759.22,62769.22,0.0,0,6
1785628806461,1785628806,62763.54,62773.54,0.0,0,6
1785628806474,1785628806,62765.61,62775.61,0.0,0,6
1785628806501,1785628806,62767.48,62777.48,0.0,0,6
1785628806746,1785628806,62768.81,62778.81,0.0,0,6
1785628806759,1785628806,62770.59,62780.59,0.0,0,6
1785628806901,1785628806,62773.72,62783.72,0.0,0,6
1785628807152,1785628807,62776.74,62786.74,0.0,0,6
1785628807219,1785628807,62778.91,62788.91,0.0,0,6
1785628808196,1785628808,62775.9,62785.9,0.0,0,6
1785628809211,1785628809,62773.81,62783.81,0.0,0,6
1785628810220,1785628810,62770.8,62780.8,0.0,0,6
1785628811277,1785628811,62770.77,62780.77,0.0,0,6
1785628812379,1785628812,62770.74,62780.74,0.0,0,6
1785628814501,1785628814,62770.67,62780.67,0.0,0,6
1785628815549,1785628815,62770.64,62780.64,0.0,0,6
1785628816601,1785628816,62770.62,62780.62,0.0,0,6
1785628817656,1785628817,62770.59,62780.59,0.0,0,6
1785628818696,1785628818,62770.56,62780.56,0.0,0,6
1785628819701,1785628819,62773.57,62783.57,0.0,0,6
1785628820806,1785628820,62770.5,62780.5,0.0,0,6
1785628821835,1785628821,62770.95,62780.95,0.0,0,6
1785628822848,1785628822,62772.59,62782.59,0.0,0,6
1785628823889,1785628823,62772.78,62782.78,0.0,0,6
1785628825047,1785628825,62770.39,62780.39,0.0,0,6
1785628826166,1785628826,62771.58,62781.58,0.0,0,6
1785628827201,1785628827,62772.01,62782.01,0.0,0,6
1785628828226,1785628828,62773.24,62783.24,0.0,0,6
1785628829259,1785628829,62772.65,62782.65,0.0,0,6
1785628830278,1785628830,62770.68,62780.68,0.0,0,6
1785628831307,1785628831,62768.41,62778.41,0.0,0,6
1785628832332,1785628832,62767.2,62777.2,0.0,0,6
1785628833345,1785628833,62768.28,62778.28,0.0,0,6
1785628834388,1785628834,62766.4,62776.4,0.0,0,6
1785628835391,1785628835,62768.65,62778.65,0.0,0,6
1785628836407,1785628836,62766.91,62776.91,0.0,0,6
1785628837521,1785628837,62766.93,62776.93,0.0,0,6
1785628838530,1785628838,62770.38,62780.38,0.0,0,6
1785628839536,1785628839,62769.73,62779.73,0.0,0,6
1785628840545,1785628840,62770.44,62780.44,0.0,0,6
1785628841552,1785628841,62769.3,62779.3,0.0,0,6
1785628842552,1785628842,62767.15,62777.15,0.0,0,6
1785628843644,1785628843,62767.41,62777.41,0.0,0,6
1785628844680,1785628844,62768.53,62778.53,0.0,0,6
1785628845998,1785628845,62769.32,62779.32,0.0,0,6
1785628847318,1785628847,62773.7,62783.7,0.0,0,6
1785628848528,1785628848,62772.5,62782.5,0.0,0,6
1785628849558,1785628849,62768.91,62778.91,0.0,0,6
1785628850163,1785628850,62772.45,62782.45,0.0,0,6
1785628850191,1785628850,62775.38,62785.38,0.0,0,6
1785628850218,1785628850,62777.64,62787.64,0.0,0,6
1785628850240,1785628850,62780.01,62790.01,0.0,0,6
1785628851299,1785628851,62779.22,62789.22,0.0,0,6
1785628852379,1785628852,62776.53,62786.53,0.0,0,6
1785628853479,1785628853,62776.5,62786.5,0.0,0,6
1785628854518,1785628854,62776.46,62786.46,0.0,0,6
1785628856133,1785628856,62775.94,62785.94,0.0,0,6
1785628857149,1785628857,62775.88,62785.88,0.0,0,6
1785628858259,1785628858,62775.83,62785.83,0.0,0,6
1785628859314,1785628859,62775.73,62785.73,0.0,0,6
1785628860323,1785628860,62775.69,62785.69,0.0,0,6
1785628861326,1785628861,62775.64,62785.64,0.0,0,6
1785628862331,1785628862,62775.6,62785.6,0.0,0,6
1785628862524,1785628862,62777.2,62787.2,0.0,0,6
1785628862570,1785628862,62779.71,62789.71,0.0,0,6
1785628862603,1785628862,62783.65,62793.65,0.0,0,6
1785628862624,1785628862,62785.24,62795.24,0.0,0,6
1785628862642,1785628862,62787.99,62797.99,0.0,0,6
1785628863728,1785628863,62791.24,62801.24,0.0,0,6
1785628864949,1785628864,62787.98,62797.98,0.0,0,6
1785628866438,1785628866,62795.35,62805.35,0.0,0,6
1785628867511,1785628867,62789.76,62799.76,0.0,0,6
1785628868638,1785628868,62788.88,62798.88,0.0,0,6
1785628869689,1785628869,62790.58,62800.58,0.0,0,6
1785628870701,1785628870,62795.84,62805.84,0.0,0,6
1785628871709,1785628871,62795.96,62805.96,0.0,0,6
1785628872748,1785628872,62789.91,62799.91,0.0,0,6
1785628873769,1785628873,62789.26,62799.26,0.0,0,6
1785628874799,1785628874,62793.25,62803.25,0.0,0,6
1785628875848,1785628875,62790.66,62800.66,0.0,0,6
1785628876878,1785628876,62788.13,62798.13,0.0,0,6
1785628877979,1785628877,62795.96,62805.96,0.0,0,6
1785628879038,1785628879,62792.74,62802.74,0.0,0,6
1785628880188,1785628880,62787.96,62797.96,0.0,0,6
1785628881208,1785628881,62792.63,62802.63,0.0,0,6
1785628882238,1785628882,62795.62,62805.62,0.0,0,6
1785628883369,1785628883,62791.42,62801.42,0.0,0,6
1785628884419,1785628884,62789.5,62799.5,0.0,0,6
1785628885009,1785628885,62791.46,62801.46,0.0,0,6
1785628885026,1785628885,62794.9,62804.9,0.0,0,6
1785628885037,1785628885,62797.76,62807.76,0.0,0,6
1785628886069,1785628886,62798.13,62808.13,0.0,0,6
1785628887098,1785628887,62794.13,62804.13,0.0,0,6
1785628888125,1785628888,62794.04,62804.04,0.0,0,6
1785628890312,1785628890,62796.95,62806.95,0.0,0,6
1785628891321,1785628891,62794.01,62804.01,0.0,0,6
1785628892348,1785628892,62796.54,62806.54,0.0,0,6
1785628893447,1785628893,62793.98,62803.98,0.0,0,6
1785628894488,1785628894,62794.96,62804.96,0.0,0,6
1785628895530,1785628895,62799.78,62809.78,0.0,0,6
1785628896778,1785628896,62800.66,62810.66,0.0,0,6
1785628897828,1785628897,62798.53,62808.53,0.0,0,6
1785628898922,1785628898,62793.92,62803.92,0.0,0,6
1785628899959,1785628899,62800.01,62810.01,0.0,0,6
1785628901078,1785628901,62801.07,62811.07,0.0,0,6
1785628902168,1785628902,62799.47,62809.47,0.0,0,6
1785628903208,1785628903,62798.95,62808.95,0.0,0,6
1785628904248,1785628904,62801.2,62811.2,0.0,0,6
1785628905329,1785628905,62799.64,62809.64,0.0,0,6
1785628906459,1785628906,62801.84,62811.84,0.0,0,6
1785628907505,1785628907,62799.51,62809.51,0.0,0,6
1785628908534,1785628908,62795.98,62805.98,0.0,0,6
1785628909619,1785628909,62796.72,62806.72,0.0,0,6
1785628910644,1785628910,62790.11,62800.11,0.0,0,6
1785628911656,1785628911,62789.57,62799.57,0.0,0,6
1785628913690,1785628913,62793.31,62803.31,0.0,0,6
1785628914738,1785628914,62789.57,62799.57,0.0,0,6
1785628915799,1785628915,62794.19,62804.19,0.0,0,6
1785628916848,1785628916,62796.94,62806.94,0.0,0,6
1785628917900,1785628917,62798.92,62808.92,0.0,0,6
1785628918939,1785628918,62801.8,62811.8,0.0,0,6
1785628919950,1785628919,62801.06,62811.06,0.0,0,6
1785628921148,1785628921,62795.13,62805.13,0.0,0,6
1785628922216,1785628922,62796.64,62806.64,0.0,0,6
1785628923271,1785628923,62797.65,62807.65,0.0,0,6
1785628924343,1785628924,62797.37,62807.37,0.0,0,6
1785628925372,1785628925,62800.12,62810.12,0.0,0,6
1785628926393,1785628926,62801.28,62811.28,0.0,0,6
1785628927409,1785628927,62793.88,62803.88,0.0,0,6
1785628928447,1785628928,62795.3,62805.3,0.0,0,6
1785628929632,1785628929,62794.96,62804.96,0.0,0,6
1785628930695,1785628930,62795.97,62805.97,0.0,0,6
1785628931709,1785628931,62793.92,62803.92,0.0,0,6
1785628932758,1785628932,62793.93,62803.93,0.0,0,6
1785628933789,1785628933,62793.94,62803.94,0.0,0,6
1785628934940,1785628934,62793.95,62803.95,0.0,0,6
1785628937004,1785628937,62793.97,62803.97,0.0,0,6
1785628938013,1785628938,62793.98,62803.98,0.0,0,6
1785628939156,1785628939,62795.87,62805.87,0.0,0,6
1785628940220,1785628940,62798.37,62808.37,0.0,0,6
1785628941290,1785628941,62799.87,62809.87,0.0,0,6
1785628942307,1785628942,62799.96,62809.96,0.0,0,6
1785628943335,1785628943,62796.05,62806.05,0.0,0,6
1785628944408,1785628944,62794.15,62804.15,0.0,0,6
1785628945440,1785628945,62796.66,62806.66,0.0,0,6
1785628946449,1785628946,62796.98,62806.98,0.0,0,6
1785628947493,1785628947,62796.05,62806.05,0.0,0,6
1785628948528,1785628948,62794.06,62804.06,0.0,0,6
1785628952752,1785628952,62796.38,62806.38,0.0,0,6
1785628953768,1785628953,62795.42,62805.42,0.0,0,6
1785628954805,1785628954,62796.58,62806.58,0.0,0,6
1785628955859,1785628955,62794.92,62804.92,0.0,0,6
1785628956888,1785628956,62795.44,62805.44,0.0,0,6
1785628957966,1785628957,62795.9,62805.9,0.0,0,6
1785628958979,1785628958,62795.84,62805.84,0.0,0,6
1785628960012,1785628960,62795.21,62805.21,0.0,0,6
1785628961052,1785628961,62793.36,62803.36,0.0,0,6
1785628962044,1785628962,62789.55,62799.55,0.0,0,6
1785628962058,1785628962,62787.0,62797.0,0.0,0,6
1785628962103,1785628962,62785.38,62795.38,0.0,0,6
1785628962109,1785628962,62783.32,62793.32,0.0,0,6
1785628962204,1785628962,62782.02,62792.02,0.0,0,6
1785628962205,1785628962,62780.4,62790.4,0.0,0,6
1785628962205,1785628962,62778.81,62788.81,0.0,0,6
1785628962221,1785628962,62777.24,62787.24,0.0,0,6
1785628963274,1785628963,62778.6,62788.6,0.0,0,6
1785628964362,1785628964,62781.72,62791.72,0.0,0,6
1785628965375,1785628965,62781.31,62791.31,0.0,0,6
1785628966564,1785628966,62779.83,62789.83,0.0,0,6
1785628967568,1785628967,62780.5,62790.5,0.0,0,6
1785628968598,1785628968,62779.51,62789.51,0.0,0,6
1785628969607,1785628969,62779.64,62789.64,0.0,0,6
1785628970710,1785628970,62778.58,62788.58,0.0,0,6
1785628971779,1785628971,62784.99,62794.99,0.0,0,6
1785628972816,1785628972,62784.7,62794.7,0.0,0,6
1785628973827,1785628973,62779.26,62789.26,0.0,0,6
1785628974989,1785628974,62782.18,62792.18,0.0,0,6
1785628976038,1785628976,62785.0,62795.0,0.0,0,6
1785628977069,1785628977,62785.01,62795.01,0.0,0,6
1785628979102,1785628979,62784.81,62794.81,0.0,0,6
1785628980102,1785628980,62783.02,62793.02,0.0,0,6
1785628981205,1785628981,62783.04,62793.04,0.0,0,6
1785628982233,1785628982,62785.41,62795.41,0.0,0,6
1785628983301,1785628983,62786.33,62796.33,0.0,0,6
1785628984301,1785628984,62783.75,62793.75,0.0,0,6
1785628985363,1785628985,62784.34,62794.34,0.0,0,6
1785628986128,1785628986,62783.01,62793.01,0.0,0,6
1785628986144,1785628986,62786.11,62796.11,0.0,0,6
1785628986212,1785628986,62788.5,62798.5,0.0,0,6
1785628986294,1785628986,62789.79,62799.79,0.0,0,6
1785628986709,1785628986,62791.87,62801.87,0.0,0,6
1785628987734,1785628987,62791.8,62801.8,0.0,0,6
1785628988738,1785628988,62792.54,62802.54,0.0,0,6
1785628989755,1785628989,62791.7,62801.7,0.0,0,6
1785628990771,1785628990,62791.66,62801.66,0.0,0,6
1785628990966,1785628990,62793.55,62803.55,0.0,0,6
1785628992031,1785628992,62794.25,62804.25,0.0,0,6
1785628993103,1785628993,62794.23,62804.23,0.0,0,6
1785628995159,1785628995,62794.72,62804.72,0.0,0,6
1785628996319,1785628996,62795.6,62805.6,0.0,0,6
1785628997432,1785628997,62795.58,62805.58,0.0,0,6
1785628998918,1785628998,62797.61,62807.61,0.0,0,6
1785628999938,1785628999,62797.35,62807.35,0.0,0,6
1785629001029,1785629001,62796.87,62806.87,0.0,0,6
1785629002048,1785629002,62795.5,62805.5,0.0,0,6
1785629003591,1785629003,62798.43,62808.43,0.0,0,6
1785629004657,1785629004,62796.44,62806.44,0.0,0,6
1785629005697,1785629005,62795.41,62805.41,0.0,0,6
1785629006709,1785629006,62796.46,62806.46,0.0,0,6
1785629007818,1785629007,62803.36,62813.36,0.0,0,6
1785629010068,1785629010,62795.34,62805.34,0.0,0,6
1785629010382,1785629010,62798.8,62808.8,0.0,0,6
1785629011417,1785629011,62800.22,62810.22,0.0,0,6
1785629012429,1785629012,62798.75,62808.75,0.0,0,6
1785629013502,1785629013,62798.69,62808.69,0.0,0,6
1785629014632,1785629014,62798.65,62808.65,0.0,0,6
1785629015868,1785629015,62804.25,62814.25,0.0,0,6
1785629017069,1785629017,62804.37,62814.37,0.0,0,6
1785629018386,1785629018,62798.45,62808.45,0.0,0,6
1785629019004,1785629019,62801.71,62811.71,0.0,0,6
1785629019032,1785629019,62805.22,62815.22,0.0,0,6
1785629020007,1785629020,62806.04,62816.04,0.0,0,6
1785629021052,1785629021,62805.91,62815.91,0.0,0,6
1785629021816,1785629021,62811.91,62821.91,0.0,0,6
1785629021826,1785629021,62813.95,62823.95,0.0,0,6
1785629021900,1785629021,62821.86,62831.86,0.0,0,6
1785629021972,1785629021,62827.79,62837.79,0.0,0,6
1785629022032,1785629022,62826.41,62836.41,0.0,0,6
1785629022062,1785629022,62822.58,62832.58,0.0,0,6
1785629023079,1785629023,62817.81,62827.81,0.0,0,6
1785629024101,1785629024,62822.13,62832.13,0.0,0,6
1785629025102,1785629025,62815.31,62825.31,0.0,0,6
1785629026159,1785629026,62814.53,62824.53,0.0,0,6
1785629027214,1785629027,62814.51,62824.51,0.0,0,6
1785629028404,1785629028,62814.56,62824.56,0.0,0,6
1785629029520,1785629029,62818.14,62828.14,0.0,0,6
1785629030617,1785629030,62817.78,62827.78,0.0,0,6
1785629031643,1785629031,62819.23,62829.23,0.0,0,6
1785629032701,1785629032,62820.22,62830.22,0.0,0,6
1785629034101,1785629034,62822.36,62832.36,0.0,0,6
1785629034251,1785629034,62825.51,62835.51,0.0,0,6
1785629034265,1785629034,62828.32,62838.32,0.0,0,6
1785629035263,1785629035,62824.75,62834.75,0.0,0,6
1785629036265,1785629036,62820.39,62830.39,0.0,0,6
1785629037271,1785629037,62823.03,62833.03,0.0,0,6
1785629037370,1785629037,62826.67,62836.67,0.0,0,6
1785629037382,1785629037,62829.56,62839.56,0.0,0,6
1785629037629,1785629037,62836.53,62846.53,0.0,0,6
1785629038658,1785629038,62834.68,62844.68,0.0,0,6
1785629039719,1785629039,62832.51,62842.51,0.0,0,6
1785629039948,1785629039,62829.83,62839.83,0.0,0,6
1785629041098,1785629041,62833.39,62843.39,0.0,0,6
1785629042148,1785629042,62834.18,62844.18,0.0,0,6
1785629043369,1785629043,62835.75,62845.75,0.0,0,6
1785629044588,1785629044,62837.15,62847.15,0.0,0,6
1785629045600,1785629045,62835.56,62845.56,0.0,0,6
1785629046778,1785629046,62837.07,62847.07,0.0,0,6
1785629046943,1785629046,62828.85,62838.85,0.0,0,6
1785629046956,1785629046,62827.28,62837.28,0.0,0,6
1785629047012,1785629047,62825.18,62835.18,0.0,0,6
1785629047042,1785629047,62823.78,62833.78,0.0,0,6
1785629048062,1785629048,62823.8,62833.8,0.0,0,6
1785629049072,1785629049,62823.35,62833.35,0.0,0,6
1785629050152,1785629050,62817.44,62827.44,0.0,0,6
1785629051154,1785629051,62817.91,62827.91,0.0,0,6
1785629051627,1785629051,62825.67,62835.67,0.0,0,6
1785629052690,1785629052,62825.62,62835.62,0.0,0,6
1785629053918,1785629053,62825.13,62835.13,0.0,0,6
1785629054991,1785629054,62825.58,62835.58,0.0,0,6
1785629055151,1785629055,62828.27,62838.27,0.0,0,6
1785629056238,1785629056,62829.9,62839.9,0.0,0,6
1785629057247,1785629057,62831.9,62841.9,0.0,0,6
1785629058253,1785629058,62832.7,62842.7,0.0,0,6
1785629058696,1785629058,62835.21,62845.21,0.0,0,6
1785629059049,1785629059,62830.41,62840.41,0.0,0,6
1785629059089,1785629059,62832.0,62842.0,0.0,0,6
1785629060123,1785629060,62831.94,62841.94,0.0,0,6
1785629061180,1785629061,62831.88,62841.88,0.0,0,6
1785629062215,1785629062,62832.04,62842.04,0.0,0,6
1785629063256,1785629063,62833.25,62843.25,0.0,0,6
1785629064306,1785629064,62833.78,62843.78,0.0,0,6
1785629065328,1785629065,62831.64,62841.64,0.0,0,6
1785629066400,1785629066,62831.92,62841.92,0.0,0,6
1785629067494,1785629067,62832.35,62842.35,0.0,0,6
1785629068515,1785629068,62834.79,62844.79,0.0,0,6
1785629069523,1785629069,62832.9,62842.9,0.0,0,6
1785629070541,1785629070,62831.34,62841.34,0.0,0,6
1785629071611,1785629071,62833.84,62843.84,0.0,0,6
1785629072615,1785629072,62826.94,62836.94,0.0,0,6
1785629073220,1785629073,62826.31,62836.31,0.0,0,6
1785629074224,1785629074,62826.26,62836.26,0.0,0,6
1785629075244,1785629075,62826.21,62836.21,0.0,0,6
1785629076274,1785629076,62826.16,62836.16,0.0,0,6
1785629077334,1785629077,62826.11,62836.11,0.0,0,6
1785629078402,1785629078,62827.08,62837.08,0.0,0,6
1785629079401,1785629079,62826.8,62836.8,0.0,0,6
1785629080479,1785629080,62829.35,62839.35,0.0,0,6
1785629081497,1785629081,62830.48,62840.48,0.0,0,6
1785629082498,1785629082,62831.56,62841.56,0.0,0,6
1785629083500,1785629083,62831.51,62841.51,0.0,0,6
1785629084538,1785629084,62829.44,62839.44,0.0,0,6
1785629085545,1785629085,62828.25,62838.25,0.0,0,6
1785629086580,1785629086,62830.23,62840.23,0.0,0,6
1785629087664,1785629087,62829.0,62839.0,0.0,0,6
1785629088712,1785629088,62831.94,62841.94,0.0,0,6
1785629089728,1785629089,62832.44,62842.44,0.0,0,6
1785629090792,1785629090,62833.84,62843.84,0.0,0,6
1785629091796,1785629091,62832.49,62842.49,0.0,0,6
1785629092818,1785629092,62833.44,62843.44,0.0,0,6
1785629093848,1785629093,62831.73,62841.73,0.0,0,6
1785629095141,1785629095,62831.28,62841.28,0.0,0,6
1785629096228,1785629096,62830.7,62840.7,0.0,0,6
1785629097249,1785629097,62830.35,62840.35,0.0,0,6
1785629098256,1785629098,62831.12,62841.12,0.0,0,6
1785629099257,1785629099,62829.71,62839.71,0.0,0,6
1785629100358,1785629100,62825.75,62835.75,0.0,0,6
1785629101520,1785629101,62826.29,62836.29,0.0,0,6
1785629102528,1785629102,62826.38,62836.38,0.0,0,6
1785629103549,1785629103,62833.26,62843.26,0.0,0,6
1785629104593,1785629104,62826.5,62836.5,0.0,0,6
1785629105706,1785629105,62826.21,62836.21,0.0,0,6
1785629106724,1785629106,62827.47,62837.47,0.0,0,6
1785629107812,1785629107,62830.49,62840.49,0.0,0,6
1785629108815,1785629108,62829.44,62839.44,0.0,0,6
1785629109820,1785629109,62825.66,62835.66,0.0,0,6
1785629111896,1785629111,62825.65,62835.65,0.0,0,6
1785629112587,1785629112,62830.5,62840.5,0.0,0,6
1785629112617,1785629112,62833.42,62843.42,0.0,0,6
1785629112674,1785629112,62835.09,62845.09,0.0,0,6
1785629112683,1785629112,62837.3,62847.3,0.0,0,6
1785629113694,1785629113,62839.39,62849.39,0.0,0,6
1785629114738,1785629114,62840.3,62850.3,0.0,0,6
1785629115864,1785629115,62837.3,62847.3,0.0,0,6
1785629116021,1785629116,62838.63,62848.63,0.0,0,6
1785629117236,1785629117,62839.6,62849.6,0.0,0,6
1785629118239,1785629118,62843.72,62853.72,0.0,0,6
1785629119266,1785629119,62842.48,62852.48,0.0,0,6
1785629120274,1785629120,62842.93,62852.93,0.0,0,6
1785629121292,1785629121,62840.32,62850.32,0.0,0,6
1785629122374,1785629122,62841.11,62851.11,0.0,0,6
1785629123428,1785629123,62839.2,62849.2,0.0,0,6
1785629124487,1785629124,62841.21,62851.21,0.0,0,6
1785629125653,1785629125,62844.41,62854.41,0.0,0,6
1785629126719,1785629126,62847.14,62857.14,0.0,0,6
1785629127721,1785629127,62842.88,62852.88,0.0,0,6
1785629128734,1785629128,62845.15,62855.15,0.0,0,6
1785629129843,1785629129,62841.2,62851.2,0.0,0,6
1785629130863,1785629130,62840.9,62850.9,0.0,0,6
1785629131884,1785629131,62843.06,62853.06,0.0,0,6
1785629133116,1785629133,62843.19,62853.19,0.0,0,6
1785629134046,1785629134,62842.21,62852.21,0.0,0,6
1785629134071,1785629134,62835.3,62845.3,0.0,0,6
1785629134108,1785629134,62833.26,62843.26,0.0,0,6
1785629134118,1785629134,62831.68,62841.68,0.0,0,6
1785629134144,1785629134,62829.19,62839.19,0.0,0,6
1785629134199,1785629134,62827.88,62837.88,0.0,0,6
1785629135298,1785629135,62828.09,62838.09,0.0,0,6
1785629136339,1785629136,62831.54,62841.54,0.0,0,6
1785629137342,1785629137,62829.39,62839.39,0.0,0,6
1785629137473,1785629137,62836.49,62846.49,0.0,0,6
1785629138563,1785629138,62837.75,62847.75,0.0,0,6
1785629139578,1785629139,62837.88,62847.88,0.0,0,6
1785629140603,1785629140,62833.91,62843.91,0.0,0,6
1785629144719,1785629144,62833.97,62843.97,0.0,0,6
1785629145780,1785629145,62841.65,62851.65,0.0,0,6
1785629146792,1785629146,62839.55,62849.55,0.0,0,6
1785629147803,1785629147,62837.47,62847.47,0.0,0,6
1785629148830,1785629148,62839.27,62849.27,0.0,0,6
1785629149897,1785629149,62838.95,62848.95,0.0,0,6
1785629151005,1785629151,62838.2,62848.2,0.0,0,6
1785629152009,1785629152,62840.2,62850.2,0.0,0,6
1785629153095,1785629153,62841.88,62851.88,0.0,0,6
1785629154130,1785629154,62837.76,62847.76,0.0,0,6
1785629155289,1785629155,62838.7,62848.7,0.0,0,6
1785629156303,1785629156,62835.0,62845.0,0.0,0,6
1785629157418,1785629157,62835.31,62845.31,0.0,0,6
1785629158481,1785629158,62836.37,62846.37,0.0,0,6
1785629159488,1785629159,62835.96,62845.96,0.0,0,6
1785629160509,1785629160,62838.34,62848.34,0.0,0,6
1785629161510,1785629161,62838.29,62848.29,0.0,0,6
1785629162515,1785629162,62836.71,62846.71,0.0,0,6
1785629163534,1785629163,62837.26,62847.26,0.0,0,6
1785629164535,1785629164,62834.59,62844.59,0.0,0,6
1785629165553,1785629165,62839.11,62849.11,0.0,0,6
1785629166563,1785629166,62838.49,62848.49,0.0,0,6
1785629167685,1785629167,62842.16,62852.16,0.0,0,6
1785629168704,1785629168,62840.1,62850.1,0.0,0,6
1785629170213,1785629170,62838.08,62848.08,0.0,0,6
1785629170815,1785629170,62840.35,62850.35,0.0,0,6
1785629172067,1785629172,62842.98,62852.98,0.0,0,6
1785629173093,1785629173,62843.35,62853.35,0.0,0,6
1785629174026,1785629174,62844.19,62854.19,0.0,0,6
1785629174037,1785629174,62847.94,62857.94,0.0,0,6
1785629175063,1785629175,62849.71,62859.71,0.0,0,6
1785629176097,1785629176,62848.11,62858.11,0.0,0,6
1785629177203,1785629177,62849.77,62859.77,0.0,0,6
1785629178300,1785629178,62842.77,62852.77,0.0,0,6
1785629179333,1785629179,62842.75,62852.75,0.0,0,6
1785629180493,1785629180,62843.99,62853.99,0.0,0,6
1785629181498,1785629181,62844.34,62854.34,0.0,0,6
1785629181879,1785629181,62838.46,62848.46,0.0,0,6
1785629181897,1785629181,62836.86,62846.86,0.0,0,6
1785629182923,1785629182,62835.53,62845.53,0.0,0,6
1785629184013,1785629184,62840.88,62850.88,0.0,0,6
1785629185096,1785629185,62836.92,62846.92,0.0,0,6
1785629186099,1785629186,62837.89,62847.89,0.0,0,6
1785629187154,1785629187,62838.45,62848.45,0.0,0,6
1785629188273,1785629188,62834.55,62844.55,0.0,0,6
1785629189393,1785629189,62836.07,62846.07,0.0,0,6
1785629190392,1785629190,62834.55,62844.55,0.0,0,6
1785629191394,1785629191,62839.18,62849.18,0.0,0,6
1785629192413,1785629192,62839.97,62849.97,0.0,0,6
1785629193497,1785629193,62834.56,62844.56,0.0,0,6
1785629195603,1785629195,62836.28,62846.28,0.0,0,6
1785629196623,1785629196,62840.53,62850.53,0.0,0,6
1785629197704,1785629197,62839.32,62849.32,0.0,0,6
1785629198086,1785629198,62837.83,62847.83,0.0,0,6
1785629198097,1785629198,62835.16,62845.16,0.0,0,6
1785629198352,1785629198,62833.72,62843.72,0.0,0,6
1785629198395,1785629198,62831.25,62841.25,0.0,0,6
1785629199357,1785629199,62826.95,62836.95,0.0,0,6
1785629200433,1785629200,62833.06,62843.06,0.0,0,6
1785629201704,1785629201,62832.88,62842.88,0.0,0,6
1785629202733,1785629202,62827.1,62837.1,0.0,0,6
1785629203763,1785629203,62828.65,62838.65,0.0,0,6
1785629204863,1785629204,62828.62,62838.62,0.0,0,6
1785629205933,1785629205,62827.52,62837.52,0.0,0,6
1785629207033,1785629207,62829.18,62839.18,0.0,0,6
1785629208213,1785629208,62828.24,62838.24,0.0,0,6
1785629209221,1785629209,62830.98,62840.98,0.0,0,6
1785629210416,1785629210,62827.19,62837.19,0.0,0,6
1785629211462,1785629211,62825.61,62835.61,0.0,0,6
1785629214695,1785629214,62825.62,62835.62,0.0,0,6
1785629215833,1785629215,62825.63,62835.63,0.0,0,6
1785629217851,1785629217,62825.9,62835.9,0.0,0,6
1785629218944,1785629218,62827.21,62837.21,0.0,0,6
1785629219974,1785629219,62830.79,62840.79,0.0,0,6
1785629221040,1785629221,62828.62,62838.62,0.0,0,6
1785629221783,1785629221,62829.0,62839.0,0.0,0,6
1785629221895,1785629221,62827.54,62837.54,0.0,0,6
1785629223063,1785629223,62828.28,62838.28,0.0,0,6
1785629224243,1785629224,62831.23,62841.23,0.0,0,6
1785629224310,1785629224,62827.66,62837.66,0.0,0,6
1785629225433,1785629225,62825.9,62835.9,0.0,0,6
1785629226433,1785629226,62827.02,62837.02,0.0,0,6
1785629227493,1785629227,62821.97,62831.97,0.0,0,6
1785629228524,1785629228,62822.0,62832.0,0.0,0,6
1785629229622,1785629229,62820.67,62830.67,0.0,0,6
1785629230623,1785629230,62822.18,62832.18,0.0,0,6
1785629231634,1785629231,62824.33,62834.33,0.0,0,6
1785629232723,1785629232,62821.04,62831.04,0.0,0,6
1785629233823,1785629233,62821.05,62831.05,0.0,0,6
1785629234868,1785629234,62824.09,62834.09,0.0,0,6
1785629235945,1785629235,62823.07,62833.07,0.0,0,6
1785629237094,1785629237,62821.14,62831.14,0.0,0,6
1785629238120,1785629238,62823.88,62833.88,0.0,0,6
1785629239134,1785629239,62824.32,62834.32,0.0,0,6
1785629240219,1785629240,62824.85,62834.85,0.0,0,6
1785629241220,1785629241,62829.63,62839.63,0.0,0,6
1785629242239,1785629242,62828.99,62838.99,0.0,0,6
1785629243275,1785629243,62828.2,62838.2,0.0,0,6
1785629244424,1785629244,62826.09,62836.09,0.0,0,6
1785629245695,1785629245,62825.87,62835.87,0.0,0,6
1785629246695,1785629246,62826.89,62836.89,0.0,0,6
1785629247895,1785629247,62826.87,62836.87,0.0,0,6
1785629248896,1785629248,62826.29,62836.29,0.0,0,6
1785629250140,1785629250,62826.52,62836.52,0.0,0,6
1785629251183,1785629251,62827.57,62837.57,0.0,0,6
1785629252253,1785629252,62828.08,62838.08,0.0,0,6
1785629253432,1785629253,62828.84,62838.84,0.0,0,6
1785629254465,1785629254,62828.69,62838.69,0.0,0,6
1785629255492,1785629255,62830.03,62840.03,0.0,0,6
1785629256556,1785629256,62830.44,62840.44,0.0,0,6
1785629257674,1785629257,62829.3,62839.3,0.0,0,6
1785629258754,1785629258,62829.42,62839.42,0.0,0,6
1785629259759,1785629259,62829.66,62839.66,0.0,0,6
1785629260817,1785629260,62829.14,62839.14,0.0,0,6
1785629261819,1785629261,62828.78,62838.78,0.0,0,6
1785629262824,1785629262,62829.4,62839.4,0.0,0,6
1785629264024,1785629264,62829.95,62839.95,0.0,0,6
1785629265110,1785629265,62827.18,62837.18,0.0,0,6
1785629266114,1785629266,62829.45,62839.45,0.0,0,6
1785629267118,1785629267,62829.9,62839.9,0.0,0,6
1785629268297,1785629268,62829.74,62839.74,0.0,0,6
1785629269315,1785629269,62826.13,62836.13,0.0,0,6
1785629270492,1785629270,62826.18,62836.18,0.0,0,6
1785629271495,1785629271,62827.97,62837.97,0.0,0,6
1785629272554,1785629272,62826.63,62836.63,0.0,0,6
1785629273568,1785629273,62828.58,62838.58,0.0,0,6
1785629274578,1785629274,62829.79,62839.79,0.0,0,6
1785629275584,1785629275,62830.32,62840.32,0.0,0,6
1785629276600,1785629276,62829.54,62839.54,0.0,0,6
1785629277653,1785629277,62830.43,62840.43,0.0,0,6
1785629278671,1785629278,62828.51,62838.51,0.0,0,6
1785629279682,1785629279,62828.81,62838.81,0.0,0,6
1785629280684,1785629280,62826.45,62836.45,0.0,0,6
1785629281716,1785629281,62826.5,62836.5,0.0,0,6
1785629282784,1785629282,62826.53,62836.53,0.0,0,6
1785629283858,1785629283,62826.56,62836.56,0.0,0,6
1785629284942,1785629284,62826.59,62836.59,0.0,0,6
1785629285946,1785629285,62827.05,62837.05,0.0,0,6
1785629286958,1785629286,62828.97,62838.97,0.0,0,6
1785629288013,1785629288,62827.71,62837.71,0.0,0,6
1785629289081,1785629289,62829.61,62839.61,0.0,0,6
1785629290213,1785629290,62828.18,62838.18,0.0,0,6
1785629291293,1785629291,62828.97,62838.97,0.0,0,6
1785629292315,1785629292,62827.19,62837.19,0.0,0,6
1785629293474,1785629293,62826.77,62836.77,0.0,0,6
1785629294503,1785629294,62826.8,62836.8,0.0,0,6
1785629294794,1785629294,62829.22,62839.22,0.0,0,6
1785629295557,1785629295,62830.35,62840.35,0.0,0,6
1785629296696,1785629296,62830.3,62840.3,0.0,0,6
1785629297804,1785629297,62830.29,62840.29,0.0,0,6
1785629298994,1785629298,62830.28,62840.28,0.0,0,6
1785629300096,1785629300,62830.27,62840.27,0.0,0,6
1785629301215,1785629301,62830.26,62840.26,0.0,0,6
1785629302296,1785629302,62830.25,62840.25,0.0,0,6
1785629303417,1785629303,62830.24,62840.24,0.0,0,6
1785629304513,1785629304,62830.23,62840.23,0.0,0,6
1785629305753,1785629305,62830.22,62840.22,0.0,0,6
1785629307063,1785629307,62830.21,62840.21,0.0,0,6
1785629308233,1785629308,62830.19,62840.19,0.0,0,6
1785629309253,1785629309,62830.18,62840.18,0.0,0,6
1785629310263,1785629310,62830.17,62840.17,0.0,0,6
1785629311269,1785629311,62830.16,62840.16,0.0,0,6
1785629313396,1785629313,62830.54,62840.54,0.0,0,6
1785629314691,1785629314,62830.13,62840.13,0.0,0,6
1785629316963,1785629316,62830.12,62840.12,0.0,0,6
1785629318155,1785629318,62829.58,62839.58,0.0,0,6
1785629319247,1785629319,62828.59,62838.59,0.0,0,6
1785629320295,1785629320,62827.64,62837.64,0.0,0,6
1785629321380,1785629321,62825.85,62835.85,0.0,0,6
1785629322410,1785629322,62825.84,62835.84,0.0,0,6
1785629323690,1785629323,62828.2,62838.2,0.0,0,6
1785629324814,1785629324,62829.05,62839.05,0.0,0,6
1785629325895,1785629325,62828.71,62838.71,0.0,0,6
1785629327008,1785629327,62828.58,62838.58,0.0,0,6
1785629328316,1785629328,62833.31,62843.31,0.0,0,6
1785629329324,1785629329,62832.29,62842.29,0.0,0,6
1785629330335,1785629330,62828.6,62838.6,0.0,0,6
1785629331344,1785629331,62827.6,62837.6,0.0,0,6
1785629332350,1785629332,62827.65,62837.65,0.0,0,6
1785629332467,1785629332,62832.81,62842.81,0.0,0,6
1785629332507,1785629332,62834.15,62844.15,0.0,0,6
1785629332563,1785629332,62837.73,62847.73,0.0,0,6
1785629333565,1785629333,62837.77,62847.77,0.0,0,6
1785629334092,1785629334,62844.36,62854.36,0.0,0,6
1785629335123,1785629335,62843.33,62853.33,0.0,0,6
1785629336257,1785629336,62848.33,62858.33,0.0,0,6
1785629337266,1785629337,62843.01,62853.01,0.0,0,6
1785629338394,1785629338,62841.41,62851.41,0.0,0,6
1785629339456,1785629339,62840.17,62850.17,0.0,0,6
1785629340590,1785629340,62840.12,62850.12,0.0,0,6
1785629341145,1785629341,62833.73,62843.73,0.0,0,6
1785629341213,1785629341,62831.58,62841.58,0.0,0,6
1785629342426,1785629342,62836.03,62846.03,0.0,0,6
1785629343494,1785629343,62833.2,62843.2,0.0,0,6
1785629344796,1785629344,62837.49,62847.49,0.0,0,6
1785629344898,1785629344,62845.94,62855.94,0.0,0,6
1785629345966,1785629345,62846.27,62856.27,0.0,0,6
1785629347024,1785629347,62845.06,62855.06,0.0,0,6
1785629348058,1785629348,62843.21,62853.21,0.0,0,6
1785629349296,1785629349,62843.12,62853.12,0.0,0,6
1785629350313,1785629350,62843.77,62853.77,0.0,0,6
1785629351385,1785629351,62841.83,62851.83,0.0,0,6
1785629352404,1785629352,62842.37,62852.37,0.0,0,6
1785629353544,1785629353,62842.65,62852.65,0.0,0,6
1785629354554,1785629354,62839.5,62849.5,0.0,0,6
1785629355575,1785629355,62842.51,62852.51,0.0,0,6
1785629356604,1785629356,62839.47,62849.47,0.0,0,6
1785629357626,1785629357,62842.38,62852.38,0.0,0,6
1785629358784,1785629358,62840.4,62850.4,0.0,0,6
1785629359932,1785629359,62840.94,62850.94,0.0,0,6
1785629361017,1785629361,62839.47,62849.47,0.0,0,6
1785629362024,1785629362,62839.75,62849.75,0.0,0,6
1785629363073,1785629363,62839.47,62849.47,0.0,0,6
1785629365223,1785629365,62840.82,62850.82,0.0,0,6
1785629366300,1785629366,62839.47,62849.47,0.0,0,6
1785629368905,1785629368,62830.95,62840.95,0.0,0,6
1785629369931,1785629369,62837.81,62847.81,0.0,0,6
1785629370934,1785629370,62838.96,62848.96,0.0,0,6
1785629372160,1785629372,62838.99,62848.99,0.0,0,6
1785629373274,1785629373,62837.18,62847.18,0.0,0,6
1785629374411,1785629374,62839.02,62849.02,0.0,0,6
1785629375418,1785629375,62839.03,62849.03,0.0,0,6
1785629376427,1785629376,62836.67,62846.67,0.0,0,6
1785629377449,1785629377,62834.8,62844.8,0.0,0,6
1785629378467,1785629378,62834.55,62844.55,0.0,0,6
1785629379496,1785629379,62836.24,62846.24,0.0,0,6
1785629380531,1785629380,62837.05,62847.05,0.0,0,6
1785629381559,1785629381,62838.36,62848.36,0.0,0,6
1785629382574,1785629382,62838.53,62848.53,0.0,0,6
1785629383693,1785629383,62839.23,62849.23,0.0,0,6
1785629383735,1785629383,62846.15,62856.15,0.0,0,6
1785629384783,1785629384,62846.26,62856.26,0.0,0,6
1785629385826,1785629385,62843.67,62853.67,0.0,0,6
1785629386843,1785629386,62844.83,62854.83,0.0,0,6
1785629388143,1785629388,62846.12,62856.12,0.0,0,6
1785629389213,1785629389,62843.76,62853.76,0.0,0,6
1785629390538,1785629390,62842.36,62852.36,0.0,0,6
1785629391595,1785629391,62844.13,62854.13,0.0,0,6
1785629392691,1785629392,62844.74,62854.74,0.0,0,6
1785629393695,1785629393,62846.33,62856.33,0.0,0,6
1785629394498,1785629394,62855.37,62865.37,0.0,0,6
1785629395505,1785629395,62851.29,62861.29,0.0,0,6
1785629396613,1785629396,62851.47,62861.47,0.0,0,6
1785629397846,1785629397,62848.09,62858.09,0.0,0,6
1785629398846,1785629398,62848.07,62858.07,0.0,0,6
1785629399848,1785629399,62848.04,62858.04,0.0,0,6
1785629400867,1785629400,62848.01,62858.01,0.0,0,6
1785629401552,1785629401,62849.81,62859.81,0.0,0,6
1785629402684,1785629402,62849.48,62859.48,0.0,0,6
1785629403816,1785629403,62851.61,62861.61,0.0,0,6
1785629404925,1785629404,62847.22,62857.22,0.0,0,6
1785629406285,1785629406,62847.37,62857.37,0.0,0,6
1785629406326,1785629406,62850.26,62860.26,0.0,0,6
1785629406337,1785629406,62856.52,62866.52,0.0,0,6
1785629407354,1785629407,62860.6,62870.6,0.0,0,6
1785629408395,1785629408,62856.31,62866.31,0.0,0,6
1785629409394,1785629409,62858.94,62868.94,0.0,0,6
1785629409406,1785629409,62856.36,62866.36,0.0,0,6
1785629409454,1785629409,62851.01,62861.01,0.0,0,6
1785629409476,1785629409,62848.22,62858.22,0.0,0,6
1785629409564,1785629409,62845.0,62855.0,0.0,0,6
1785629410604,1785629410,62848.58,62858.58,0.0,0,6
1785629411764,1785629411,62848.07,62858.07,0.0,0,6
1785629412874,1785629412,62852.31,62862.31,0.0,0,6
1785629413614,1785629413,62851.6,62861.6,0.0,0,6
1785629414673,1785629414,62850.92,62860.92,0.0,0,6
1785629415218,1785629415,62850.4,62860.4,0.0,0,6
1785629416251,1785629416,62849.22,62859.22,0.0,0,6
1785629417277,1785629417,62852.37,62862.37,0.0,0,6
1785629418296,1785629418,62850.25,62860.25,0.0,0,6
1785629419313,1785629419,62849.71,62859.71,0.0,0,6
1785629420445,1785629420,62847.93,62857.93,0.0,0,6
1785629421494,1785629421,62848.69,62858.69,0.0,0,6
1785629422494,1785629422,62849.56,62859.56,0.0,0,6
1785629423089,1785629423,62854.19,62864.19,0.0,0,6
1785629424096,1785629424,62856.5,62866.5,0.0,0,6
1785629425099,1785629425,62856.91,62866.91,0.0,0,6
1785629426224,1785629426,62852.61,62862.61,0.0,0,6
1785629427393,1785629427,62853.26,62863.26,0.0,0,6
1785629428418,1785629428,62853.42,62863.42,0.0,0,6
1785629429433,1785629429,62852.54,62862.54,0.0,0,6
1785629430463,1785629430,62852.53,62862.53,0.0,0,6
1785629431480,1785629431,62852.51,62862.51,0.0,0,6
1785629432511,1785629432,62852.5,62862.5,0.0,0,6
1785629433528,1785629433,62852.49,62862.49,0.0,0,6
1785629434356,1785629434,62852.97,62862.97,0.0,0,6
1785629434384,1785629434,62855.87,62865.87,0.0,0,6
1785629435076,1785629435,62857.76,62867.76,0.0,0,6
1785629435139,1785629435,62860.48,62870.48,0.0,0,6
1785629436144,1785629436,62862.65,62872.65,0.0,0,6
1785629437408,1785629437,62860.45,62870.45,0.0,0,6
1785629438123,1785629438,62858.99,62868.99,0.0,0,6
1785629438135,1785629438,62857.14,62867.14,0.0,0,6
1785629438177,1785629438,62851.61,62861.61,0.0,0,6
1785629439264,1785629439,62850.71,62860.71,0.0,0,6
1785629440348,1785629440,62853.36,62863.36,0.0,0,6
1785629440558,1785629440,62849.53,62859.53,0.0,0,6
1785629440836,1785629440,62848.09,62858.09,0.0,0,6
1785629440934,1785629440,62846.56,62856.56,0.0,0,6
1785629441953,1785629441,62848.98,62858.98,0.0,0,6
1785629442992,1785629442,62844.56,62854.56,0.0,0,6
1785629444049,1785629444,62850.96,62860.96,0.0,0,6
1785629445072,1785629445,62847.09,62857.09,0.0,0,6
1785629446204,1785629446,62847.3,62857.3,0.0,0,6
1785629447454,1785629447,62844.65,62854.65,0.0,0,6
1785629448543,1785629448,62846.58,62856.58,0.0,0,6
1785629449621,1785629449,62845.95,62855.95,0.0,0,6
1785629450637,1785629450,62843.11,62853.11,0.0,0,6
1785629452667,1785629452,62843.13,62853.13,0.0,0,6
1785629452715,1785629452,62852.67,62862.67,0.0,0,6
1785629452725,1785629452,62856.06,62866.06,0.0,0,6
1785629452737,1785629452,62858.94,62868.94,0.0,0,6
1785629453827,1785629453,62865.0,62875.0,0.0,0,6
1785629454831,1785629454,62863.12,62873.12,0.0,0,6
1785629455933,1785629455,62862.48,62872.48,0.0,0,6
1785629456823,1785629456,62860.31,62870.31,0.0,0,6
1785629456835,1785629456,62863.43,62873.43,0.0,0,6
1785629456847,1785629456,62867.6,62877.6,0.0,0,6
1785629456870,1785629456,62871.23,62881.23,0.0,0,6
1785629456885,1785629456,62883.85,62893.85,0.0,0,6
1785629456908,1785629456,62887.07,62897.07,0.0,0,6
1785629456918,1785629456,62889.42,62899.42,0.0,0,6
1785629457233,1785629457,62891.23,62901.23,0.0,0,6
1785629457246,1785629457,62892.53,62902.53,0.0,0,6
1785629457587,1785629457,62890.61,62900.61,0.0,0,6
1785629457616,1785629457,62888.4,62898.4,0.0,0,6
1785629457636,1785629457,62885.01,62895.01,0.0,0,6
1785629457647,1785629457,62877.42,62887.42,0.0,0,6
1785629457697,1785629457,62872.58,62882.58,0.0,0,6
1785629458555,1785629458,62874.38,62884.38,0.0,0,6
1785629459576,1785629459,62875.3,62885.3,0.0,0,6
1785629460619,1785629460,62874.35,62884.35,0.0,0,6
1785629461643,1785629461,62877.06,62887.06,0.0,0,6
1785629462704,1785629462,62875.02,62885.02,0.0,0,6
1785629463741,1785629463,62878.02,62888.02,0.0,0,6
1785629464447,1785629464,62876.94,62886.94,0.0,0,6
1785629464458,1785629464,62875.23,62885.23,0.0,0,6
1785629464469,1785629464,62873.74,62883.74,0.0,0,6
1785629464497,1785629464,62871.77,62881.77,0.0,0,6
1785629464508,1785629464,62870.08,62880.08,0.0,0,6
1785629465290,1785629465,62872.93,62882.93,0.0,0,6
1785629466340,1785629466,62865.05,62875.05,0.0,0,6
1785629467354,1785629467,62867.72,62877.72,0.0,0,6
1785629468424,1785629468,62865.21,62875.21,0.0,0,6
1785629469453,1785629469,62867.31,62877.31,0.0,0,6
1785629470554,1785629470,62866.1,62876.1,0.0,0,6
1785629471583,1785629471,62870.25,62880.25,0.0,0,6
1785629472673,1785629472,62866.86,62876.86,0.0,0,6
1785629473704,1785629473,62866.34,62876.34,0.0,0,6
1785629474765,1785629474,62868.7,62878.7,0.0,0,6
1785629475774,1785629475,62866.88,62876.88,0.0,0,6
1785629476920,1785629476,62867.25,62877.25,0.0,0,6
1785629478014,1785629478,62867.58,62877.58,0.0,0,6
1785629479124,1785629479,62865.1,62875.1,0.0,0,6
1785629481166,1785629481,62865.11,62875.11,0.0,0,6
1785629483087,1785629483,62865.02,62875.02,0.0,0,6
1785629483106,1785629483,62862.32,62872.32,0.0,0,6
1785629484119,1785629484,62862.71,62872.71,0.0,0,6
1785629485134,1785629485,62863.69,62873.69,0.0,0,6
1785629486173,1785629486,62867.13,62877.13,0.0,0,6
1785629487344,1785629487,62865.71,62875.71,0.0,0,6
1785629488426,1785629488,62865.3,62875.3,0.0,0,6
1785629489426,1785629489,62866.1,62876.1,0.0,0,6
1785629489436,1785629489,62875.11,62885.11,0.0,0,6
1785629489446,1785629489,62877.56,62887.56,0.0,0,6
1785629489459,1785629489,62882.63,62892.63,0.0,0,6
1785629489483,1785629489,62886.88,62896.88,0.0,0,6
1785629489579,1785629489,62888.39,62898.39,0.0,0,6
1785629489580,1785629489,62892.84,62902.84,0.0,0,6
1785629489851,1785629489,62894.31,62904.31,0.0,0,6
1785629490510,1785629490,62890.82,62900.82,0.0,0,6
1785629490545,1785629490,62889.0,62899.0,0.0,0,6
1785629491553,1785629491,62884.88,62894.88,0.0,0,6
1785629492877,1785629492,62887.48,62897.48,0.0,0,6
1785629492888,1785629492,62892.22,62902.22,0.0,0,6
1785629492904,1785629492,62898.53,62908.53,0.0,0,6
1785629492925,1785629492,62902.62,62912.62,0.0,0,6
1785629492974,1785629492,62913.57,62923.57,0.0,0,6
1785629492995,1785629492,62917.02,62927.02,0.0,0,6
1785629493783,1785629493,62908.93,62918.93,0.0,0,6
1785629493796,1785629493,62906.49,62916.49,0.0,0,6
1785629493893,1785629493,62904.89,62914.89,0.0,0,6
1785629494895,1785629494,62904.69,62914.69,0.0,0,6
1785629495897,1785629495,62904.41,62914.41,0.0,0,6
1785629496973,1785629496,62909.63,62919.63,0.0,0,6
1785629498074,1785629498,62909.4,62919.4,0.0,0,6
1785629499080,1785629499,62904.53,62914.53,0.0,0,6
1785629500085,1785629500,62905.59,62915.59,0.0,0,6
1785629501086,1785629501,62906.42,62916.42,0.0,0,6
1785629501238,1785629501,62907.67,62917.67,0.0,0,6
1785629501250,1785629501,62909.07,62919.07,0.0,0,6
1785629501298,1785629501,62911.48,62921.48,0.0,0,6
1785629501379,1785629501,62907.49,62917.49,0.0,0,6
1785629501428,1785629501,62901.99,62911.99,0.0,0,6
1785629501581,1785629501,62899.82,62909.82,0.0,0,6
1785629502605,1785629502,62899.81,62909.81,0.0,0,6
1785629503614,1785629503,62897.23,62907.23,0.0,0,6
1785629505682,1785629505,62897.25,62907.25,0.0,0,6
1785629506691,1785629506,62899.41,62909.41,0.0,0,6
1785629507699,1785629507,62900.01,62910.01,0.0,0,6
1785629508723,1785629508,62897.32,62907.32,0.0,0,6
1785629509765,1785629509,62897.35,62907.35,0.0,0,6
1785629511800,1785629511,62897.4,62907.4,0.0,0,6
1785629512768,1785629512,62896.83,62906.83,0.0,0,6
1785629512846,1785629512,62893.84,62903.84,0.0,0,6
1785629512860,1785629512,62892.25,62902.25,0.0,0,6
1785629512891,1785629512,62890.55,62900.55,0.0,0,6
1785629512916,1785629512,62887.86,62897.86,0.0,0,6
1785629514225,1785629514,62887.81,62897.81,0.0,0,6
1785629515273,1785629515,62890.75,62900.75,0.0,0,6
1785629516464,1785629516,62887.99,62897.99,0.0,0,6
1785629517474,1785629517,62891.08,62901.08,0.0,0,6
1785629518506,1785629518,62891.59,62901.59,0.0,0,6
1785629519519,1785629519,62889.75,62899.75,0.0,0,6
1785629520533,1785629520,62890.95,62900.95,0.0,0,6
1785629520627,1785629520,62888.44,62898.44,0.0,0,6
1785629521754,1785629521,62886.11,62896.11,0.0,0,6
1785629522776,1785629522,62888.99,62898.99,0.0,0,6
1785629524020,1785629524,62887.6,62897.6,0.0,0,6
1785629525485,1785629525,62888.08,62898.08,0.0,0,6
1785629526497,1785629526,62886.98,62896.98,0.0,0,6
1785629527564,1785629527,62892.46,62902.46,0.0,0,6
1785629528358,1785629528,62890.77,62900.77,0.0,0,6
1785629528380,1785629528,62892.61,62902.61,0.0,0,6
1785629529436,1785629529,62892.96,62902.96,0.0,0,6
1785629530464,1785629530,62899.2,62909.2,0.0,0,6
1785629531297,1785629531,62904.65,62914.65,0.0,0,6
1785629532614,1785629532,62901.88,62911.88,0.0,0,6
1785629533644,1785629533,62898.84,62908.84,0.0,0,6
1785629535369,1785629535,62897.34,62907.34,0.0,0,6
1785629535402,1785629535,62890.55,62900.55,0.0,0,6
1785629535428,1785629535,62888.15,62898.15,0.0,0,6
1785629536660,1785629536,62888.2,62898.2,0.0,0,6
1785629537674,1785629537,62888.25,62898.25,0.0,0,6
1785629538695,1785629538,62888.3,62898.3,0.0,0,6
1785629539897,1785629539,62888.49,62898.49,0.0,0,6
1785629540934,1785629540,62888.35,62898.35,0.0,0,6
1785629541947,1785629541,62888.37,62898.37,0.0,0,6
1785629543019,1785629543,62887.9,62897.9,0.0,0,6
1785629544029,1785629544,62887.92,62897.92,0.0,0,6
1785629544550,1785629544,62883.34,62893.34,0.0,0,6
1785629544820,1785629544,62881.46,62891.46,0.0,0,6
1785629544836,1785629544,62879.42,62889.42,0.0,0,6
1785629545835,1785629545,62881.31,62891.31,0.0,0,6
1785629546853,1785629546,62879.39,62889.39,0.0,0,6
1785629547887,1785629547,62883.49,62893.49,0.0,0,6
1785629547948,1785629547,62880.78,62890.78,0.0,0,6
1785629547958,1785629547,62879.38,62889.38,0.0,0,6
1785629548986,1785629548,62876.9,62886.9,0.0,0,6
1785629549986,1785629549,62874.8,62884.8,0.0,0,6
1785629550994,1785629550,62874.84,62884.84,0.0,0,6
1785629552083,1785629552,62882.88,62892.88,0.0,0,6
1785629553101,1785629553,62878.93,62888.93,0.0,0,6
1785629554096,1785629554,62877.07,62887.07,0.0,0,6
1785629555227,1785629555,62876.49,62886.49,0.0,0,6
1785629556229,1785629556,62877.71,62887.71,0.0,0,6
1785629556558,1785629556,62872.58,62882.58,0.0,0,6
1785629556593,1785629556,62870.92,62880.92,0.0,0,6
1785629556650,1785629556,62869.64,62879.64,0.0,0,6
1785629556736,1785629556,62867.52,62877.52,0.0,0,6
1785629557756,1785629557,62869.22,62879.22,0.0,0,6
1785629558778,1785629558,62871.15,62881.15,0.0,0,6
1785629559383,1785629559,62871.09,62881.09,0.0,0,6
1785629559398,1785629559,62879.46,62889.46,0.0,0,6
1785629559409,1785629559,62883.45,62893.45,0.0,0,6
1785629559425,1785629559,62884.83,62894.83,0.0,0,6
1785629559467,1785629559,62891.28,62901.28,0.0,0,6
1785629559468,1785629559,62898.91,62908.91,0.0,0,6
1785629559494,1785629559,62902.52,62912.52,0.0,0,6
1785629559522,1785629559,62905.16,62915.16,0.0,0,6
1785629559586,1785629559,62906.88,62916.88,0.0,0,6
1785629559976,1785629559,62905.35,62915.35,0.0,0,6
1785629559998,1785629559,62903.34,62913.34,0.0,0,6
1785629560031,1785629560,62902.01,62912.01,0.0,0,6
1785629561097,1785629561,62900.21,62910.21,0.0,0,6
1785629562160,1785629562,62900.06,62910.06,0.0,0,6
1785629563184,1785629563,62900.09,62910.09,0.0,0,6
1785629564222,1785629564,62900.13,62910.13,0.0,0,6
1785629565239,1785629565,62900.17,62910.17,0.0,0,6
1785629566097,1785629566,62893.94,62903.94,0.0,0,6
1785629567136,1785629567,62893.95,62903.95,0.0,0,6
1785629568159,1785629568,62893.97,62903.97,0.0,0,6
1785629569233,1785629569,62893.98,62903.98,0.0,0,6
1785629570270,1785629570,62894.0,62904.0,0.0,0,6
1785629571384,1785629571,62894.33,62904.33,0.0,0,6
1785629572654,1785629572,62896.49,62906.49,0.0,0,6
1785629573693,1785629573,62894.74,62904.74,0.0,0,6
1785629574774,1785629574,62896.28,62906.28,0.0,0,6
1785629575865,1785629575,62898.4,62908.4,0.0,0,6
1785629576865,1785629576,62898.81,62908.81,0.0,0,6
1785629577894,1785629577,62902.02,62912.02,0.0,0,6
1785629578972,1785629578,62902.98,62912.98,0.0,0,6
1785629580372,1785629580,62900.57,62910.57,0.0,0,6
1785629581603,1785629581,62898.63,62908.63,0.0,0,6
1785629582693,1785629582,62901.77,62911.77,0.0,0,6
1785629583797,1785629583,62900.75,62910.75,0.0,0,6
1785629584875,1785629584,62898.67,62908.67,0.0,0,6
1785629585963,1785629585,62898.69,62908.69,0.0,0,6
1785629587014,1785629587,62898.7,62908.7,0.0,0,6
1785629588261,1785629588,62898.73,62908.73,0.0,0,6
1785629589332,1785629589,62899.88,62909.88,0.0,0,6
1785629590339,1785629590,62900.82,62910.82,0.0,0,6
1785629591374,1785629591,62898.77,62908.77,0.0,0,6
1785629592410,1785629592,62901.0,62911.0,0.0,0,6
1785629593414,1785629593,62904.67,62914.67,0.0,0,6
1785629594504,1785629594,62899.14,62909.14,0.0,0,6
1785629595586,1785629595,62901.3,62911.3,0.0,0,6
1785629596593,1785629596,62898.84,62908.84,0.0,0,6
1785629598654,1785629598,62899.89,62909.89,0.0,0,6
1785629599675,1785629599,62900.8,62910.8,0.0,0,6
1785629600683,1785629600,62898.88,62908.88,0.0,0,6
1785629601695,1785629601,62900.09,62910.09,0.0,0,6
1785629602794,1785629602,62899.32,62909.32,0.0,0,6
1785629603823,1785629603,62899.56,62909.56,0.0,0,6
1785629604824,1785629604,62898.93,62908.93,0.0,0,6
1785629605853,1785629605,62898.94,62908.94,0.0,0,6
1785629607352,1785629607,62900.97,62910.97,0.0,0,6
1785629608444,1785629608,62899.75,62909.75,0.0,0,6
1785629609492,1785629609,62898.99,62908.99,0.0,0,6
1785629610497,1785629610,62899.0,62909.0,0.0,0,6
1785629611532,1785629611,62900.24,62910.24,0.0,0,6
1785629612545,1785629612,62901.73,62911.73,0.0,0,6
1785629613552,1785629613,62899.03,62909.03,0.0,0,6
1785629614559,1785629614,62899.04,62909.04,0.0,0,6
1785629615610,1785629615,62902.13,62912.13,0.0,0,6
1785629616632,1785629616,62901.04,62911.04,0.0,0,6
1785629617690,1785629617,62900.92,62910.92,0.0,0,6
1785629618694,1785629618,62899.08,62909.08,0.0,0,6
1785629619737,1785629619,62905.25,62915.25,0.0,0,6
1785629620803,1785629620,62899.97,62909.97,0.0,0,6
1785629621822,1785629621,62899.1,62909.1,0.0,0,6
1785629623002,1785629623,62900.64,62910.64,0.0,0,6
1785629624026,1785629624,62900.85,62910.85,0.0,0,6
1785629625033,1785629625,62899.7,62909.7,0.0,0,6
1785629626136,1785629626,62899.15,62909.15,0.0,0,6
1785629627160,1785629627,62899.16,62909.16,0.0,0,6
1785629629495,1785629629,62900.55,62910.55,0.0,0,6
1785629630553,1785629630,62900.85,62910.85,0.0,0,6
1785629631563,1785629631,62900.9,62910.9,0.0,0,6
1785629632689,1785629632,62899.66,62909.66,0.0,0,6
1785629633703,1785629633,62901.55,62911.55,0.0,0,6
1785629634706,1785629634,62903.23,62913.23,0.0,0,6
1785629635712,1785629635,62900.86,62910.86,0.0,0,6
1785629636765,1785629636,62901.79,62911.79,0.0,0,6
1785629637813,1785629637,62901.03,62911.03,0.0,0,6
1785629638828,1785629638,62900.76,62910.76,0.0,0,6
1785629639831,1785629639,62901.01,62911.01,0.0,0,6
1785629640839,1785629640,62899.95,62909.95,0.0,0,6
1785629641841,1785629641,62903.27,62913.27,0.0,0,6
1785629642844,1785629642,62899.35,62909.35,0.0,0,6
1785629643844,1785629643,62900.4,62910.4,0.0,0,6
1785629644845,1785629644,62901.46,62911.46,0.0,0,6
1785629645958,1785629645,62899.37,62909.37,0.0,0,6
1785629647010,1785629647,62899.38,62909.38,0.0,0,6
1785629648018,1785629648,62899.39,62909.39,0.0,0,6
1785629650252,1785629650,62899.83,62909.83,0.0,0,6
1785629651264,1785629651,62899.43,62909.43,0.0,0,6
1785629652274,1785629652,62899.44,62909.44,0.0,0,6
1785629652687,1785629652,62894.17,62904.17,0.0,0,6
1785629652697,1785629652,62892.13,62902.13,0.0,0,6
1785629652731,1785629652,62890.54,62900.54,0.0,0,6
1785629652773,1785629652,62888.74,62898.74,0.0,0,6
1785629654857,1785629654,62889.99,62899.99,0.0,0,6
1785629655866,1785629655,62892.26,62902.26,0.0,0,6
1785629656786,1785629656,62890.8,62900.8,0.0,0,6
1785629656797,1785629656,62889.44,62899.44,0.0,0,6
1785629657812,1785629657,62889.51,62899.51,0.0,0,6
1785629658116,1785629658,62887.38,62897.38,0.0,0,6
1785629659243,1785629659,62884.31,62894.31,0.0,0,6
1785629660381,1785629660,62884.53,62894.53,0.0,0,6
1785629661402,1785629661,62884.41,62894.41,0.0,0,6
1785629662413,1785629662,62884.92,62894.92,0.0,0,6
1785629662858,1785629662,62882.55,62892.55,0.0,0,6
1785629662873,1785629662,62879.74,62889.74,0.0,0,6
1785629663958,1785629663,62878.35,62888.35,0.0,0,6
1785629664086,1785629664,62876.35,62886.35,0.0,0,6
1785629664696,1785629664,62874.91,62884.91,0.0,0,6
1785629665233,1785629665,62875.05,62885.05,0.0,0,6
1785629665333,1785629665,62873.78,62883.78,0.0,0,6
1785629666623,1785629666,62873.79,62883.79,0.0,0,6
1785629667666,1785629667,62871.63,62881.63,0.0,0,6
1785629668774,1785629668,62874.39,62884.39,0.0,0,6
1785629670043,1785629670,62873.98,62883.98,0.0,0,6
1785629671224,1785629671,62875.91,62885.91,0.0,0,6
1785629672326,1785629672,62876.26,62886.26,0.0,0,6
1785629672621,1785629672,62878.7,62888.7,0.0,0,6
1785629673626,1785629673,62879.49,62889.49,0.0,0,6
1785629674644,1785629674,62873.77,62883.77,0.0,0,6
1785629675675,1785629675,62874.76,62884.76,0.0,0,6
1785629676720,1785629676,62877.41,62887.41,0.0,0,6
1785629677296,1785629677,62876.24,62886.24,0.0,0,6
1785629677921,1785629677,62876.86,62886.86,0.0,0,6
1785629678476,1785629678,62874.72,62884.72,0.0,0,6
1785629678498,1785629678,62868.16,62878.16,0.0,0,6
1785629678747,1785629678,62866.6,62876.6,0.0,0,6
1785629678757,1785629678,62864.66,62874.66,0.0,0,6
1785629678772,1785629678,62861.93,62871.93,0.0,0,6
1785629678805,1785629678,62859.4,62869.4,0.0,0,6
1785629679146,1785629679,62858.07,62868.07,0.0,0,6
1785629680314,1785629680,62861.53,62871.53,0.0,0,6
1785629681496,1785629681,62864.86,62874.86,0.0,0,6
1785629682626,1785629682,62863.96,62873.96,0.0,0,6
1785629683895,1785629683,62863.42,62873.42,0.0,0,6
1785629684982,1785629684,62862.95,62872.95,0.0,0,6
1785629686197,1785629686,62860.1,62870.1,0.0,0,6
1785629687463,1785629687,62861.87,62871.87,0.0,0,6
1785629688718,1785629688,62863.69,62873.69,0.0,0,6
1785629689790,1785629689,62865.22,62875.22,0.0,0,6
1785629691973,1785629691,62862.68,62872.68,0.0,0,6
1785629693023,1785629693,62859.6,62869.6,0.0,0,6
1785629694215,1785629694,62863.37,62873.37,0.0,0,6
1785629695218,1785629695,62865.38,62875.38,0.0,0,6
1785629696283,1785629696,62866.21,62876.21,0.0,0,6
1785629697339,1785629697,62868.58,62878.58,0.0,0,6
1785629698348,1785629698,62866.54,62876.54,0.0,0,6
1785629699424,1785629699,62869.87,62879.87,0.0,0,6
1785629700427,1785629700,62867.32,62877.32,0.0,0,6
1785629701479,1785629701,62865.38,62875.38,0.0,0,6
1785629702489,1785629702,62864.84,62874.84,0.0,0,6
1785629703573,1785629703,62863.41,62873.41,0.0,0,6
1785629704606,1785629704,62865.38,62875.38,0.0,0,6
1785629705636,1785629705,62862.49,62872.49,0.0,0,6
1785629706650,1785629706,62863.55,62873.55,0.0,0,6
1785629707658,1785629707,62862.63,62872.63,0.0,0,6
1785629708731,1785629708,62863.13,62873.13,0.0,0,6
1785629709754,1785629709,62866.18,62876.18,0.0,0,6
1785629710881,1785629710,62867.02,62877.02,0.0,0,6
1785629712196,1785629712,62868.13,62878.13,0.0,0,6
1785629713273,1785629713,62866.38,62876.38,0.0,0,6
1785629714695,1785629714,62870.0,62880.0,0.0,0,6
1785629715734,1785629715,62869.51,62879.51,0.0,0,6
1785629716964,1785629716,62866.04,62876.04,0.0,0,6
1785629718131,1785629718,62866.41,62876.41,0.0,0,6
1785629719130,1785629719,62868.0,62878.0,0.0,0,6
1785629720176,1785629720,62870.47,62880.47,0.0,0,6
1785629721184,1785629721,62869.74,62879.74,0.0,0,6
1785629722323,1785629722,62867.57,62877.57,0.0,0,6
1785629723423,1785629723,62870.4,62880.4,0.0,0,6
1785629724488,1785629724,62870.55,62880.55,0.0,0,6
1785629725580,1785629725,62870.58,62880.58,0.0,0,6
1785629726679,1785629726,62870.55,62880.55,0.0,0,6
1785629727688,1785629727,62868.95,62878.95,0.0,0,6
1785629728833,1785629728,62864.12,62874.12,0.0,0,6
1785629729999,1785629729,62865.96,62875.96,0.0,0,6
1785629731083,1785629731,62867.49,62877.49,0.0,0,6
1785629732123,1785629732,62867.1,62877.1,0.0,0,6
1785629733286,1785629733,62864.98,62874.98,0.0,0,6
1785629734432,1785629734,62862.72,62872.72,0.0,0,6
1785629735483,1785629735,62863.57,62873.57,0.0,0,6
1785629735625,1785629735,62867.15,62877.15,0.0,0,6
1785629736675,1785629736,62867.14,62877.14,0.0,0,6
1785629738776,1785629738,62868.69,62878.69,0.0,0,6
1785629739930,1785629739,62869.83,62879.83,0.0,0,6
1785629741024,1785629741,62868.96,62878.96,0.0,0,6
1785629742062,1785629742,62867.84,62877.84,0.0,0,6
1785629743094,1785629743,62867.11,62877.11,0.0,0,6
1785629745989,1785629745,62861.81,62871.81,0.0,0,6
1785629746038,1785629746,62858.37,62868.37,0.0,0,6
1785629747040,1785629747,62858.38,62868.38,0.0,0,6
1785629748146,1785629748,62859.11,62869.11,0.0,0,6
1785629749216,1785629749,62859.57,62869.57,0.0,0,6
1785629750278,1785629750,62861.09,62871.09,0.0,0,6
1785629751310,1785629751,62859.09,62869.09,0.0,0,6
1785629752321,1785629752,62864.13,62874.13,0.0,0,6
1785629753352,1785629753,62864.06,62874.06,0.0,0,6
1785629754355,1785629754,62860.23,62870.23,0.0,0,6
1785629755555,1785629755,62859.92,62869.92,0.0,0,6
1785629756784,1785629756,62861.53,62871.53,0.0,0,6
1785629757813,1785629757,62858.74,62868.74,0.0,0,6
1785629758813,1785629758,62862.15,62872.15,0.0,0,6
1785629759864,1785629759,62858.32,62868.32,0.0,0,6
1785629761053,1785629761,62858.32,62868.32,0.0,0,2
1785629762364,1785629762,62860.58,62870.58,0.0,0,6
1785629763363,1785629763,62859.24,62869.24,0.0,0,6
1785629764364,1785629764,62858.74,62868.74,0.0,0,6
1785629765364,1785629765,62858.3,62868.3,0.0,0,6
1785629766366,1785629766,62858.58,62868.58,0.0,0,6
1785629767370,1785629767,62859.13,62869.13,0.0,0,6
1785629768387,1785629768,62858.29,62868.29,0.0,0,6
1785629769396,1785629769,62859.38,62869.38,0.0,0,6
1785629770396,1785629770,62858.29,62868.29,0.0,0,6
1785629773614,1785629773,62858.97,62868.97,0.0,0,6
1785629774752,1785629774,62864.44,62874.44,0.0,0,6
1785629775896,1785629775,62866.28,62876.28,0.0,0,6
1785629776915,1785629776,62863.1,62873.1,0.0,0,6
1785629777954,1785629777,62863.19,62873.19,0.0,0,6
1785629779033,1785629779,62865.13,62875.13,0.0,0,6
1785629780170,1785629780,62863.16,62873.16,0.0,0,6
1785629781376,1785629781,62860.93,62870.93,0.0,0,6
1785629782423,1785629782,62861.35,62871.35,0.0,0,6
1785629783498,1785629783,62858.26,62868.26,0.0,0,6
1785629784503,1785629784,62858.33,62868.33,0.0,0,6
1785629785520,1785629785,62860.01,62870.01,0.0,0,6
1785629786543,1785629786,62862.56,62872.56,0.0,0,6
1785629787573,1785629787,62860.68,62870.68,0.0,0,6
1785629788614,1785629788,62860.86,62870.86,0.0,0,6
1785629789633,1785629789,62859.91,62869.91,0.0,0,6
1785629790782,1785629790,62860.7,62870.7,0.0,0,6
1785629791895,1785629791,62861.71,62871.71,0.0,0,6
1785629792973,1785629792,62862.67,62872.67,0.0,0,6
1785629794236,1785629794,62865.09,62875.09,0.0,0,6
1785629795295,1785629795,62861.45,62871.45,0.0,0,6
1785629796296,1785629796,62865.17,62875.17,0.0,0,6
1785629797303,1785629797,62862.58,62872.58,0.0,0,6
1785629798313,1785629798,62858.63,62868.63,0.0,0,6
1785629800433,1785629800,62860.24,62870.24,0.0,0,6
1785629801514,1785629801,62862.28,62872.28,0.0,0,6
1785629802543,1785629802,62862.1,62872.1,0.0,0,6
1785629803593,1785629803,62860.5,62870.5,0.0,0,6
1785629804695,1785629804,62859.42,62869.42,0.0,0,6
1785629805791,1785629805,62863.57,62873.57,0.0,0,6
1785629806882,1785629806,62863.85,62873.85,0.0,0,6
1785629807972,1785629807,62862.84,62872.84,0.0,0,6
1785629809015,1785629809,62863.73,62873.73,0.0,0,6
1785629810302,1785629810,62864.99,62874.99,0.0,0,6
1785629811155,1785629811,62867.52,62877.52,0.0,0,6
1785629812293,1785629812,62868.41,62878.41,0.0,0,6
1785629813428,1785629813,62867.76,62877.76,0.0,0,6
1785629814495,1785629814,62866.25,62876.25,0.0,0,6
1785629815564,1785629815,62867.96,62877.96,0.0,0,6
1785629816657,1785629816,62867.2,62877.2,0.0,0,6
1785629817673,1785629817,62873.73,62883.73,0.0,0,6
1785629818833,1785629818,62869.41,62879.41,0.0,0,6
1785629819893,1785629819,62873.38,62883.38,0.0,0,6
1785629820895,1785629820,62872.97,62882.97,0.0,0,6
1785629821913,1785629821,62870.3,62880.3,0.0,0,6
1785629823353,1785629823,62869.24,62879.24,0.0,0,6
1785629824653,1785629824,62870.69,62880.69,0.0,0,6
1785629825673,1785629825,62870.79,62880.79,0.0,0,6
1785629826954,1785629826,62870.26,62880.26,0.0,0,6
1785629828371,1785629828,62870.36,62880.36,0.0,0,6
1785629829396,1785629829,62868.16,62878.16,0.0,0,6
1785629830599,1785629830,62867.69,62877.69,0.0,0,6
1785629831654,1785629831,62864.11,62874.11,0.0,0,6
1785629832653,1785629832,62862.51,62872.51,0.0,0,6
1785629833674,1785629833,62864.8,62874.8,0.0,0,6
1785629834864,1785629834,62862.63,62872.63,0.0,0,6
1785629835953,1785629835,62862.07,62872.07,0.0,0,6
1785629836960,1785629836,62861.46,62871.46,0.0,0,6
1785629838029,1785629838,62862.44,62872.44,0.0,0,6
1785629839094,1785629839,62863.04,62873.04,0.0,0,6
1785629840097,1785629840,62862.31,62872.31,0.0,0,6
1785629841354,1785629841,62861.65,62871.65,0.0,0,6
1785629842554,1785629842,62861.39,62871.39,0.0,0,6
1785629843839,1785629843,62861.83,62871.83,0.0,0,6
1785629844847,1785629844,62861.35,62871.35,0.0,0,6
1785629845932,1785629845,62861.61,62871.61,0.0,0,6
1785629847012,1785629847,62862.66,62872.66,0.0,0,6
1785629848019,1785629848,62861.32,62871.32,0.0,0,6
1785629849103,1785629849,62861.29,62871.29,0.0,0,6
1785629851267,1785629851,62861.38,62871.38,0.0,0,6
1785629852388,1785629852,62861.68,62871.68,0.0,0,6
1785629853564,1785629853,62861.24,62871.24,0.0,0,6
1785629854609,1785629854,62863.38,62873.38,0.0,0,6
1785629855617,1785629855,62864.75,62874.75,0.0,0,6
1785629856657,1785629856,62864.17,62874.17,0.0,0,6
1785629857691,1785629857,62864.31,62874.31,0.0,0,6
1785629858696,1785629858,62865.4,62875.4,0.0,0,6
1785629859800,1785629859,62863.3,62873.3,0.0,0,6
1785629860965,1785629860,62865.51,62875.51,0.0,0,6
1785629862038,1785629862,62864.45,62874.45,0.0,0,6
1785629863143,1785629863,62864.15,62874.15,0.0,0,6
1785629864295,1785629864,62864.84,62874.84,0.0,0,6
1785629865453,1785629865,62867.06,62877.06,0.0,0,6
1785629866495,1785629866,62865.67,62875.67,0.0,0,6
1785629867523,1785629867,62866.07,62876.07,0.0,0,6
1785629868613,1785629868,62864.05,62874.05,0.0,0,6
1785629869695,1785629869,62865.7,62875.7,0.0,0,6
1785629870823,1785629870,62866.91,62876.91,0.0,0,6
1785629871897,1785629871,62866.32,62876.32,0.0,0,6
1785629873017,1785629873,62867.17,62877.17,0.0,0,6
1785629874026,1785629874,62867.49,62877.49,0.0,0,6
1785629875113,1785629875,62867.75,62877.75,0.0,0,6
1785629876422,1785629876,62868.5,62878.5,0.0,0,6
1785629877476,1785629877,62866.46,62876.46,0.0,0,6
1785629878506,1785629878,62864.04,62874.04,0.0,0,6
1785629879513,1785629879,62865.9,62875.9,0.0,0,6
1785629880514,1785629880,62865.86,62875.86,0.0,0,6
1785629881529,1785629881,62864.88,62874.88,0.0,0,6
1785629882538,1785629882,62864.75,62874.75,0.0,0,6
1785629883635,1785629883,62864.19,62874.19,0.0,0,6
1785629884691,1785629884,62864.46,62874.46,0.0,0,6
1785629885712,1785629885,62863.27,62873.27,0.0,0,6
1785629886715,1785629886,62863.31,62873.31,0.0,0,6
1785629887721,1785629887,62863.52,62873.52,0.0,0,6
1785629888762,1785629888,62863.19,62873.19,0.0,0,6
1785629889895,1785629889,62863.49,62873.49,0.0,0,6
1785629890932,1785629890,62865.88,62875.88,0.0,0,6
1785629891935,1785629891,62865.14,62875.14,0.0,0,6
1785629893022,1785629893,62864.69,62874.69,0.0,0,6
1785629894160,1785629894,62864.62,62874.62,0.0,0,6
1785629895196,1785629895,62868.48,62878.48,0.0,0,6
1785629896253,1785629896,62868.76,62878.76,0.0,0,6
1785629897304,1785629897,62865.29,62875.29,0.0,0,6
1785629898319,1785629898,62863.88,62873.88,0.0,0,6
1785629899333,1785629899,62864.85,62874.85,0.0,0,6
1785629900349,1785629900,62864.15,62874.15,0.0,0,6
1785629901364,1785629901,62862.72,62872.72,0.0,0,6
1785629902434,1785629902,62862.61,62872.61,0.0,0,6
1785629903496,1785629903,62865.63,62875.63,0.0,0,6
1785629904512,1785629904,62863.99,62873.99,0.0,0,6
1785629905523,1785629905,62862.57,62872.57,0.0,0,6
1785629906594,1785629906,62861.25,62871.25,0.0,0,6
1785629907792,1785629907,62860.78,62870.78,0.0,0,6
1785629908793,1785629908,62863.46,62873.46,0.0,0,6
1785629909816,1785629909,62864.31,62874.31,0.0,0,6
1785629910873,1785629910,62860.74,62870.74,0.0,0,6
1785629911897,1785629911,62860.73,62870.73,0.0,0,6
1785629914024,1785629914,62860.72,62870.72,0.0,0,6
1785629915096,1785629915,62863.83,62873.83,0.0,0,6
1785629916211,1785629916,62863.93,62873.93,0.0,0,6
1785629917296,1785629917,62864.22,62874.22,0.0,0,6
1785629918318,1785629918,62862.49,62872.49,0.0,0,6
1785629919550,1785629919,62863.34,62873.34,0.0,0,6
1785629920630,1785629920,62861.87,62871.87,0.0,0,6
1785629921676,1785629921,62861.84,62871.84,0.0,0,6
1785629922708,1785629922,62863.9,62873.9,0.0,0,6
1785629923895,1785629923,62863.38,62873.38,0.0,0,6
1785629924919,1785629924,62864.67,62874.67,0.0,0,6
1785629925970,1785629925,62866.24,62876.24,0.0,0,6
1785629927087,1785629927,62866.52,62876.52,0.0,0,6
1785629928106,1785629928,62865.23,62875.23,0.0,0,6
1785629928932,1785629928,62865.75,62875.75,0.0,0,6
1785629928979,1785629928,62862.31,62872.31,0.0,0,6
1785629930198,1785629930,62860.66,62870.66,0.0,0,6
1785629931228,1785629931,62860.2,62870.2,0.0,0,6
1785629931846,1785629931,62858.72,62868.72,0.0,0,6
1785629933218,1785629933,62858.25,62868.25,0.0,0,6
1785629934418,1785629934,62862.44,62872.44,0.0,0,6
1785629935859,1785629935,62859.94,62869.94,0.0,0,6
1785629937029,1785629937,62859.42,62869.42,0.0,0,6
1785629938177,1785629938,62859.65,62869.65,0.0,0,6
1785629939007,1785629939,62856.6,62866.6,0.0,0,6
1785629939017,1785629939,62854.71,62864.71,0.0,0,6
1785629940133,1785629940,62853.02,62863.02,0.0,0,6
1785629941152,1785629941,62856.58,62866.58,0.0,0,6
1785629942301,1785629942,62854.66,62864.66,0.0,0,6
1785629943509,1785629943,62855.11,62865.11,0.0,0,6
1785629944509,1785629944,62856.21,62866.21,0.0,0,6
1785629945510,1785629945,62853.84,62863.84,0.0,0,6
1785629946548,1785629946,62853.82,62863.82,0.0,0,6
1785629947673,1785629947,62856.75,62866.75,0.0,0,6
1785629948700,1785629948,62850.94,62860.94,0.0,0,6
1785629949860,1785629949,62850.96,62860.96,0.0,0,6
1785629950886,1785629950,62850.98,62860.98,0.0,0,6
1785629951888,1785629951,62853.4,62863.4,0.0,0,6
1785629952958,1785629952,62854.12,62864.12,0.0,0,6
1785629954088,1785629954,62854.94,62864.94,0.0,0,6
1785629955128,1785629955,62854.91,62864.91,0.0,0,6
1785629956133,1785629956,62855.8,62865.8,0.0,0,6
1785629957166,1785629957,62855.75,62865.75,0.0,0,6
1785629958194,1785629958,62855.64,62865.64,0.0,0,6
1785629959241,1785629959,62855.52,62865.52,0.0,0,6
1785629960294,1785629960,62858.72,62868.72,0.0,0,6
1785629961422,1785629961,62857.02,62867.02,0.0,0,6
1785629962696,1785629962,62856.66,62866.66,0.0,0,6
1785629963871,1785629963,62855.47,62865.47,0.0,0,6
1785629964986,1785629964,62855.49,62865.49,0.0,0,6
1785629965992,1785629965,62855.51,62865.51,0.0,0,6
1785629967007,1785629967,62855.53,62865.53,0.0,0,6
1785629969230,1785629969,62855.57,62865.57,0.0,0,6
1785629970278,1785629970,62855.58,62865.58,0.0,0,6
1785629971306,1785629971,62857.12,62867.12,0.0,0,6
1785629971826,1785629971,62857.37,62867.37,0.0,0,6
1785629971871,1785629971,62859.59,62869.59,0.0,0,6
1785629972920,1785629972,62864.21,62874.21,0.0,0,6
1785629973919,1785629973,62865.16,62875.16,0.0,0,6
1785629974960,1785629974,62865.49,62875.49,0.0,0,6
1785629976359,1785629976,62865.5,62875.5,0.0,0,6
1785629977399,1785629977,62866.06,62876.06,0.0,0,6
1785629978400,1785629978,62865.17,62875.17,0.0,0,6
1785629979400,1785629979,62862.57,62872.57,0.0,0,6
1785629980452,1785629980,62861.47,62871.47,0.0,0,6
1785629980551,1785629980,62865.57,62875.57,0.0,0,6
1785629981736,1785629981,62866.16,62876.16,0.0,0,6
1785629982806,1785629982,62868.0,62878.0,0.0,0,6
1785629983829,1785629983,62869.12,62879.12,0.0,0,6
1785629984960,1785629984,62866.03,62876.03,0.0,0,6
1785629985972,1785629985,62865.89,62875.89,0.0,0,6
1785629987039,1785629987,62864.66,62874.66,0.0,0,6
1785629988058,1785629988,62865.8,62875.8,0.0,0,6
1785629989242,1785629989,62864.61,62874.61,0.0,0,6
1785629990269,1785629990,62864.98,62874.98,0.0,0,6
1785629991355,1785629991,62868.7,62878.7,0.0,0,6
1785629992400,1785629992,62868.66,62878.66,0.0,0,6
1785629993431,1785629993,62864.29,62874.29,0.0,0,6
1785629994456,1785629994,62865.03,62875.03,0.0,0,6
1785629995502,1785629995,62865.55,62875.55,0.0,0,6
1785629996539,1785629996,62865.29,62875.29,0.0,0,6
1785629997610,1785629997,62862.77,62872.77,0.0,0,6
1785629998699,1785629998,62863.52,62873.52,0.0,0,6
1785629999917,1785629999,62862.74,62872.74,0.0,0,6
1785630001069,1785630001,62862.72,62872.72,0.0,0,6
1785630002460,1785630002,62862.19,62872.19,0.0,0,6
1785630003510,1785630003,62860.05,62870.05,0.0,0,6
1785630004549,1785630004,62858.42,62868.42,0.0,0,6
1785630005579,1785630005,62859.02,62869.02,0.0,0,6
1785630006638,1785630006,62858.4,62868.4,0.0,0,6
1785630007652,1785630007,62858.38,62868.38,0.0,0,6
1785630008681,1785630008,62858.37,62868.37,0.0,0,6
1785630009708,1785630009,62858.36,62868.36,0.0,0,6
1785630010710,1785630010,62858.35,62868.35,0.0,0,6
1785630011738,1785630011,62858.33,62868.33,0.0,0,6
1785630012737,1785630012,62858.32,62868.32,0.0,0,6
1785630014968,1785630014,62859.32,62869.32,0.0,0,6
1785630016069,1785630016,62860.36,62870.36,0.0,0,6
1785630017236,1785630017,62862.29,62872.29,0.0,0,6
1785630018269,1785630018,62863.08,62873.08,0.0,0,6
1785630019331,1785630019,62863.36,62873.36,0.0,0,6
1785630020339,1785630020,62863.34,62873.34,0.0,0,6
1785630021351,1785630021,62865.7,62875.7,0.0,0,6
1785630022361,1785630022,62866.21,62876.21,0.0,0,6
1785630023469,1785630023,62866.2,62876.2,0.0,0,6
1785630024484,1785630024,62866.19,62876.19,0.0,0,6
1785630025491,1785630025,62866.18,62876.18,0.0,0,6
1785630025902,1785630025,62873.1,62883.1,0.0,0,6
1785630028049,1785630028,62870.9,62880.9,0.0,0,6
1785630029138,1785630029,62867.97,62877.97,0.0,0,6
1785630030334,1785630030,62864.94,62874.94,0.0,0,6
1785630031404,1785630031,62864.9,62874.9,0.0,0,6
1785630032424,1785630032,62864.87,62874.87,0.0,0,6
1785630034508,1785630034,62864.81,62874.81,0.0,0,6
1785630035619,1785630035,62866.74,62876.74,0.0,0,6
1785630036729,1785630036,62868.49,62878.49,0.0,0,6
1785630037880,1785630037,62868.03,62878.03,0.0,0,6
1785630038978,1785630038,62867.71,62877.71,0.0,0,6
1785630040118,1785630040,62866.99,62876.99,0.0,0,6
1785630041449,1785630041,62865.02,62875.02,0.0,0,6
1785630042489,1785630042,62861.17,62871.17,0.0,0,6
1785630043509,1785630043,62862.98,62872.98,0.0,0,6
1785630044618,1785630044,62861.04,62871.04,0.0,0,6
1785630045738,1785630045,62860.57,62870.57,0.0,0,6
1785630047222,1785630047,62862.78,62872.78,0.0,0,6
1785630048370,1785630048,62860.16,62870.16,0.0,0,6
1785630049371,1785630049,62860.12,62870.12,0.0,0,6
1785630050398,1785630050,62864.36,62874.36,0.0,0,6
1785630051408,1785630051,62862.33,62872.33,0.0,0,6
1785630052429,1785630052,62863.65,62873.65,0.0,0,6
1785630053438,1785630053,62864.33,62874.33,0.0,0,6
1785630054509,1785630054,62863.14,62873.14,0.0,0,6
1785630055608,1785630055,62863.06,62873.06,0.0,0,6
1785630056618,1785630056,62863.48,62873.48,0.0,0,6
1785630057680,1785630057,62862.78,62872.78,0.0,0,6
1785630058770,1785630058,62862.38,62872.38,0.0,0,6
1785630059791,1785630059,62861.78,62871.78,0.0,0,6
1785630060819,1785630060,62860.98,62870.98,0.0,0,6
1785630062028,1785630062,62860.88,62870.88,0.0,0,6
1785630063239,1785630063,62862.69,62872.69,0.0,0,6
1785630064326,1785630064,62865.23,62875.23,0.0,0,6
1785630065330,1785630065,62864.69,62874.69,0.0,0,6
1785630066439,1785630066,62861.33,62871.33,0.0,0,6
1785630067477,1785630067,62859.75,62869.75,0.0,0,6
1785630068717,1785630068,62859.83,62869.83,0.0,0,6
1785630069772,1785630069,62859.69,62869.69,0.0,0,6
1785630071918,1785630071,62859.67,62869.67,0.0,0,6
1785630072938,1785630072,62861.45,62871.45,0.0,0,6
1785630074301,1785630074,62860.95,62870.95,0.0,0,6
1785630075337,1785630075,62860.87,62870.87,0.0,0,6
1785630076458,1785630076,62861.33,62871.33,0.0,0,6
1785630077509,1785630077,62861.88,62871.88,0.0,0,6
1785630078519,1785630078,62862.23,62872.23,0.0,0,6
1785630079548,1785630079,62862.04,62872.04,0.0,0,6
1785630080578,1785630080,62861.94,62871.94,0.0,0,6
1785630081788,1785630081,62863.41,62873.41,0.0,0,6
1785630082964,1785630082,62862.92,62872.92,0.0,0,6
1785630084040,1785630084,62860.1,62870.1,0.0,0,6
1785630085158,1785630085,62859.41,62869.41,0.0,0,6
1785630086389,1785630086,62859.36,62869.36,0.0,0,6
1785630088506,1785630088,62859.3,62869.3,0.0,0,6
1785630089622,1785630089,62856.09,62866.09,0.0,0,6
1785630094289,1785630094,62856.1,62866.1,0.0,0,6
1785630096434,1785630096,62856.11,62866.11,0.0,0,6
1785630099852,1785630099,62852.83,62862.83,0.0,0,6
1785630100870,1785630100,62852.86,62862.86,0.0,0,6
1785630101891,1785630101,62854.49,62864.49,0.0,0,6
1785630102911,1785630102,62854.68,62864.68,0.0,0,6
1785630104060,1785630104,62855.49,62865.49,0.0,0,6
1785630105139,1785630105,62854.4,62864.4,0.0,0,6
1785630106222,1785630106,62854.25,62864.25,0.0,0,6
1785630107229,1785630107,62854.08,62864.08,0.0,0,6
1785630108118,1785630108,62852.92,62862.92,0.0,0,6
1785630108193,1785630108,62851.17,62861.17,0.0,0,6
1785630108301,1785630108,62849.53,62859.53,0.0,0,6
1785630109359,1785630109,62850.02,62860.02,0.0,0,6
1785630110399,1785630110,62856.5,62866.5,0.0,0,6
1785630111421,1785630111,62857.34,62867.34,0.0,0,6
1785630112426,1785630112,62852.72,62862.72,0.0,0,6
1785630113432,1785630113,62851.9,62861.9,0.0,0,6
1785630113730,1785630113,62848.65,62858.65,0.0,0,6
1785630114881,1785630114,62852.85,62862.85,0.0,0,6
1785630115928,1785630115,62851.04,62861.04,0.0,0,6
1785630116939,1785630116,62849.03,62859.03,0.0,0,6
1785630117965,1785630117,62847.82,62857.82,0.0,0,6
1785630118550,1785630118,62845.95,62855.95,0.0,0,6
1785630119619,1785630119,62845.94,62855.94,0.0,0,6
1785630120701,1785630120,62845.93,62855.93,0.0,0,6
1785630121839,1785630121,62851.98,62861.98,0.0,0,6
1785630122989,1785630122,62851.1,62861.1,0.0,0,6
1785630124101,1785630124,62853.95,62863.95,0.0,0,6
1785630125301,1785630125,62853.81,62863.81,0.0,0,6
1785630126426,1785630126,62852.68,62862.68,0.0,0,6
1785630127429,1785630127,62851.36,62861.36,0.0,0,6
1785630128501,1785630128,62850.53,62860.53,0.0,0,6
1785630130901,1785630130,62848.5,62858.5,0.0,0,6
1785630131976,1785630131,62846.51,62856.51,0.0,0,6
1785630133038,1785630133,62848.22,62858.22,0.0,0,6
1785630134099,1785630134,62848.81,62858.81,0.0,0,6
1785630135101,1785630135,62850.92,62860.92,0.0,0,6
1785630136129,1785630136,62851.72,62861.72,0.0,0,6
1785630137299,1785630137,62851.59,62861.59,0.0,0,6
1785630138528,1785630138,62849.15,62859.15,0.0,0,6
1785630139659,1785630139,62848.72,62858.72,0.0,0,6
1785630140899,1785630140,62848.65,62858.65,0.0,0,6
1785630141901,1785630141,62849.24,62859.24,0.0,0,6
1785630142986,1785630142,62850.25,62860.25,0.0,0,6
1785630144069,1785630144,62853.02,62863.02,0.0,0,6
1785630145104,1785630145,62854.23,62864.23,0.0,0,6
1785630146132,1785630146,62849.02,62859.02,0.0,0,6
1785630147182,1785630147,62848.69,62858.69,0.0,0,6
1785630148218,1785630148,62849.04,62859.04,0.0,0,6
1785630149219,1785630149,62848.89,62858.89,0.0,0,6
1785630150466,1785630150,62849.47,62859.47,0.0,0,6
1785630151469,1785630151,62849.77,62859.77,0.0,0,6
1785630152487,1785630152,62853.38,62863.38,0.0,0,6
1785630153531,1785630153,62850.24,62860.24,0.0,0,6
1785630154575,1785630154,62849.71,62859.71,0.0,0,6
1785630155580,1785630155,62849.45,62859.45,0.0,0,6
1785630156619,1785630156,62849.5,62859.5,0.0,0,6
1785630157697,1785630157,62849.81,62859.81,0.0,0,6
1785630158821,1785630158,62853.45,62863.45,0.0,0,6
1785630159840,1785630159,62852.22,62862.22,0.0,0,6
1785630160961,1785630160,62851.47,62861.47,0.0,0,6
1785630162002,1785630162,62849.8,62859.8,0.0,0,6
1785630163032,1785630163,62849.77,62859.77,0.0,0,6
1785630164048,1785630164,62849.73,62859.73,0.0,0,6
1785630165099,1785630165,62849.71,62859.71,0.0,0,6
1785630166129,1785630166,62849.69,62859.69,0.0,0,6
1785630167161,1785630167,62849.66,62859.66,0.0,0,6
1785630168191,1785630168,62849.64,62859.64,0.0,0,6
1785630169221,1785630169,62849.62,62859.62,0.0,0,6
1785630170252,1785630170,62849.6,62859.6,0.0,0,6
1785630171286,1785630171,62850.56,62860.56,0.0,0,6
1785630172319,1785630172,62854.04,62864.04,0.0,0,6
1785630173351,1785630173,62853.1,62863.1,0.0,0,6
1785630174351,1785630174,62850.86,62860.86,0.0,0,6
1785630175376,1785630175,62849.99,62859.99,0.0,0,6
1785630176390,1785630176,62853.11,62863.11,0.0,0,6
1785630177433,1785630177,62853.67,62863.67,0.0,0,6
1785630178455,1785630178,62853.32,62863.32,0.0,0,6
1785630179501,1785630179,62852.97,62862.97,0.0,0,6
1785630180501,1785630180,62851.84,62861.84,0.0,0,6
1785630181610,1785630181,62850.84,62860.84,0.0,0,6
1785630182614,1785630182,62850.69,62860.69,0.0,0,6
1785630183658,1785630183,62850.21,62860.21,0.0,0,6
1785630184698,1785630184,62850.41,62860.41,0.0,0,6
1785630185746,1785630185,62849.39,62859.39,0.0,0,6
1785630186776,1785630186,62849.36,62859.36,0.0,0,6
1785630187807,1785630187,62851.23,62861.23,0.0,0,6
1785630188809,1785630188,62849.31,62859.31,0.0,0,6
1785630189872,1785630189,62851.53,62861.53,0.0,0,6
1785630190903,1785630190,62851.22,62861.22,0.0,0,6
1785630191935,1785630191,62851.25,62861.25,0.0,0,6
1785630193021,1785630193,62852.17,62862.17,0.0,0,6
1785630194034,1785630194,62854.57,62864.57,0.0,0,6
1785630195036,1785630195,62853.38,62863.38,0.0,0,6
1785630196065,1785630196,62850.94,62860.94,0.0,0,6
1785630197156,1785630197,62850.03,62860.03,0.0,0,6
1785630198252,1785630198,62849.2,62859.2,0.0,0,6
1785630199276,1785630199,62849.18,62859.18,0.0,0,6
1785630200427,1785630200,62849.57,62859.57,0.0,0,6
1785630200651,1785630200,62842.15,62852.15,0.0,0,6
1785630201810,1785630201,62846.65,62856.65,0.0,0,6
1785630202898,1785630202,62847.14,62857.14,0.0,0,6
1785630203937,1785630203,62847.74,62857.74,0.0,0,6
1785630204960,1785630204,62847.73,62857.73,0.0,0,6
1785630205985,1785630205,62845.78,62855.78,0.0,0,6
1785630207008,1785630207,62845.13,62855.13,0.0,0,6
1785630208027,1785630208,62844.98,62854.98,0.0,0,6
1785630208631,1785630208,62854.54,62864.54,0.0,0,6
1785630209641,1785630209,62855.42,62865.42,0.0,0,6
1785630210688,1785630210,62854.65,62864.65,0.0,0,6
1785630211696,1785630211,62855.31,62865.31,0.0,0,6
1785630213168,1785630213,62853.73,62863.73,0.0,0,6
1785630214272,1785630214,62854.0,62864.0,0.0,0,6
1785630215287,1785630215,62854.97,62864.97,0.0,0,6
1785630216428,1785630216,62857.06,62867.06,0.0,0,6
1785630217652,1785630217,62857.41,62867.41,0.0,0,6
1785630218679,1785630218,62857.2,62867.2,0.0,0,6
1785630219701,1785630219,62857.98,62867.98,0.0,0,6
1785630220747,1785630220,62858.85,62868.85,0.0,0,6
1785630221784,1785630221,62857.89,62867.89,0.0,0,6
1785630222808,1785630222,62854.71,62864.71,0.0,0,6
1785630223933,1785630223,62852.99,62862.99,0.0,0,6
1785630225129,1785630225,62853.09,62863.09,0.0,0,6
1785630226224,1785630226,62854.0,62864.0,0.0,0,6
1785630227231,1785630227,62854.66,62864.66,0.0,0,6
1785630228311,1785630228,62853.35,62863.35,0.0,0,6
1785630229542,1785630229,62853.21,62863.21,0.0,0,6
1785630230545,1785630230,62852.37,62862.37,0.0,0,6
1785630231578,1785630231,62853.23,62863.23,0.0,0,6
1785630232668,1785630232,62851.78,62861.78,0.0,0,6
1785630233843,1785630233,62854.28,62864.28,0.0,0,6
1785630234858,1785630234,62853.97,62863.97,0.0,0,6
1785630235963,1785630235,62853.22,62863.22,0.0,0,6
1785630237089,1785630237,62852.5,62862.5,0.0,0,6
1785630238101,1785630238,62852.66,62862.66,0.0,0,6
1785630239102,1785630239,62853.9,62863.9,0.0,0,6
1785630240134,1785630240,62854.12,62864.12,0.0,0,6
1785630241339,1785630241,62851.46,62861.46,0.0,0,6
1785630242388,1785630242,62850.94,62860.94,0.0,0,6
1785630243388,1785630243,62852.55,62862.55,0.0,0,6
1785630244425,1785630244,62853.46,62863.46,0.0,0,6
1785630245502,1785630245,62849.57,62859.57,0.0,0,6
1785630246516,1785630246,62849.34,62859.34,0.0,0,6
1785630247647,1785630247,62849.17,62859.17,0.0,0,6
1785630248833,1785630248,62852.1,62862.1,0.0,0,6
1785630249839,1785630249,62852.08,62862.08,0.0,0,6
1785630250851,1785630250,62851.75,62861.75,0.0,0,6
1785630251896,1785630251,62850.39,62860.39,0.0,0,6
1785630253096,1785630253,62851.91,62861.91,0.0,0,6
1785630254098,1785630254,62851.86,62861.86,0.0,0,6
1785630255103,1785630255,62850.67,62860.67,0.0,0,6
1785630256301,1785630256,62850.78,62860.78,0.0,0,6
1785630257565,1785630257,62849.41,62859.41,0.0,0,6
1785630258579,1785630258,62849.04,62859.04,0.0,0,6
1785630259696,1785630259,62848.42,62858.42,0.0,0,6
1785630260980,1785630260,62854.73,62864.73,0.0,0,6
1785630261999,1785630261,62854.53,62864.53,0.0,0,6
1785630263069,1785630263,62854.17,62864.17,0.0,0,6
1785630264109,1785630264,62852.33,62862.33,0.0,0,6
1785630264341,1785630264,62855.34,62865.34,0.0,0,6
1785630265458,1785630265,62852.29,62862.29,0.0,0,6
1785630266469,1785630266,62853.63,62863.63,0.0,0,6
1785630267651,1785630267,62854.08,62864.08,0.0,0,6
1785630268697,1785630268,62854.27,62864.27,0.0,0,6
1785630269700,1785630269,62853.57,62863.57,0.0,0,6
1785630270787,1785630270,62853.7,62863.7,0.0,0,6
1785630271818,1785630271,62853.56,62863.56,0.0,0,6
1785630272358,1785630272,62854.21,62864.21,0.0,0,6
1785630272389,1785630272,62855.47,62865.47,0.0,0,6
1785630273598,1785630273,62855.92,62865.92,0.0,0,6
1785630274628,1785630274,62854.67,62864.67,0.0,0,6
1785630275648,1785630275,62854.74,62864.74,0.0,0,6
1785630276689,1785630276,62855.46,62865.46,0.0,0,6
1785630277701,1785630277,62855.31,62865.31,0.0,0,6
1785630278720,1785630278,62857.37,62867.37,0.0,0,6
1785630279758,1785630279,62858.85,62868.85,0.0,0,6
1785630280968,1785630280,62859.24,62869.24,0.0,0,6
1785630281968,1785630281,62858.92,62868.92,0.0,0,6
1785630282618,1785630282,62860.79,62870.79,0.0,0,6
1785630282751,1785630282,62864.29,62874.29,0.0,0,6
1785630282855,1785630282,62869.25,62879.25,0.0,0,6
1785630282865,1785630282,62870.72,62880.72,0.0,0,6
1785630282876,1785630282,62874.49,62884.49,0.0,0,6
1785630282925,1785630282,62872.5,62882.5,0.0,0,6
1785630282936,1785630282,62874.57,62884.57,0.0,0,6
1785630282951,1785630282,62877.92,62887.92,0.0,0,6
1785630283462,1785630283,62882.19,62892.19,0.0,0,6
1785630283472,1785630283,62878.48,62888.48,0.0,0,6
1785630284400,1785630284,62876.31,62886.31,0.0,0,6
1785630285438,1785630285,62873.0,62883.0,0.0,0,6
1785630286528,1785630286,62872.78,62882.78,0.0,0,6
1785630287623,1785630287,62878.41,62888.41,0.0,0,6
1785630287701,1785630287,62871.43,62881.43,0.0,0,6
1785630288702,1785630288,62865.95,62875.95,0.0,0,6
1785630288792,1785630288,62859.49,62869.49,0.0,0,6
1785630288820,1785630288,62856.25,62866.25,0.0,0,6
1785630288851,1785630288,62854.1,62864.1,0.0,0,6
1785630288862,1785630288,62850.88,62860.88,0.0,0,6
1785630289064,1785630289,62848.92,62858.92,0.0,0,6
1785630289122,1785630289,62847.14,62857.14,0.0,0,6
1785630289131,1785630289,62845.14,62855.14,0.0,0,6
1785630289211,1785630289,62843.85,62853.85,0.0,0,6
1785630290212,1785630290,62843.61,62853.61,0.0,0,6
1785630291215,1785630291,62847.2,62857.2,0.0,0,6
1785630292233,1785630292,62849.31,62859.31,0.0,0,6
1785630293264,1785630293,62849.5,62859.5,0.0,0,6
1785630293381,1785630293,62850.98,62860.98,0.0,0,6
1785630295419,1785630295,62850.99,62860.99,0.0,0,6
1785630296448,1785630296,62850.78,62860.78,0.0,0,6
1785630297450,1785630297,62848.19,62858.19,0.0,0,6
1785630298500,1785630298,62846.92,62856.92,0.0,0,6
1785630299549,1785630299,62848.5,62858.5,0.0,0,6
1785630300598,1785630300,62847.78,62857.78,0.0,0,6
1785630301638,1785630301,62845.28,62855.28,0.0,0,6
1785630302702,1785630302,62848.34,62858.34,0.0,0,6
1785630303726,1785630303,62848.19,62858.19,0.0,0,6
1785630304778,1785630304,62846.42,62856.42,0.0,0,6
1785630305828,1785630305,62848.84,62858.84,0.0,0,6
1785630306928,1785630306,62847.83,62857.83,0.0,0,6
1785630307978,1785630307,62845.46,62855.46,0.0,0,6
1785630309141,1785630309,62844.81,62854.81,0.0,0,6
1785630310230,1785630310,62845.3,62855.3,0.0,0,6
1785630311300,1785630311,62849.71,62859.71,0.0,0,6
1785630312425,1785630312,62846.64,62856.64,0.0,0,6
1785630313438,1785630313,62846.85,62856.85,0.0,0,6
1785630314501,1785630314,62846.38,62856.38,0.0,0,6
1785630316689,1785630316,62845.38,62855.38,0.0,0,6
1785630317718,1785630317,62843.64,62853.64,0.0,0,6
1785630318817,1785630318,62842.54,62852.54,0.0,0,6
1785630319968,1785630319,62843.78,62853.78,0.0,0,6
1785630321028,1785630321,62849.47,62859.47,0.0,0,6
1785630322028,1785630322,62847.38,62857.38,0.0,0,6
1785630323138,1785630323,62843.94,62853.94,0.0,0,6
1785630324300,1785630324,62842.45,62852.45,0.0,0,6
1785630325620,1785630325,62844.15,62854.15,0.0,0,6
1785630326658,1785630326,62847.39,62857.39,0.0,0,6
1785630327788,1785630327,62847.41,62857.41,0.0,0,6
1785630328829,1785630328,62845.79,62855.79,0.0,0,6
1785630329837,1785630329,62844.49,62854.49,0.0,0,6
1785630330848,1785630330,62843.91,62853.91,0.0,0,6
1785630331888,1785630331,62842.76,62852.76,0.0,0,6
1785630333388,1785630333,62843.0,62853.0,0.0,0,6
1785630334489,1785630334,62842.34,62852.34,0.0,0,6
1785630335500,1785630335,62844.55,62854.55,0.0,0,6
1785630336513,1785630336,62845.62,62855.62,0.0,0,6
1785630337525,1785630337,62845.8,62855.8,0.0,0,6
1785630338558,1785630338,62844.75,62854.75,0.0,0,6
1785630339698,1785630339,62842.82,62852.82,0.0,0,6
1785630340736,1785630340,62842.28,62852.28,0.0,0,6
1785630341259,1785630341,62839.19,62849.19,0.0,0,6
1785630342281,1785630342,62846.07,62856.07,0.0,0,6
1785630343301,1785630343,62839.67,62849.67,0.0,0,6
1785630344480,1785630344,62842.29,62852.29,0.0,0,6
1785630345501,1785630345,62845.44,62855.44,0.0,0,6
1785630346619,1785630346,62845.74,62855.74,0.0,0,6
1785630347878,1785630347,62844.55,62854.55,0.0,0,6
1785630349248,1785630349,62841.84,62851.84,0.0,0,6
1785630350297,1785630350,62841.68,62851.68,0.0,0,6
1785630351448,1785630351,62840.14,62850.14,0.0,0,6
1785630352758,1785630352,62838.87,62848.87,0.0,0,6
1785630353919,1785630353,62842.43,62852.43,0.0,0,6
1785630355028,1785630355,62844.53,62854.53,0.0,0,6
1785630356100,1785630356,62842.73,62852.73,0.0,0,6
1785630357368,1785630357,62842.07,62852.07,0.0,0,6
1785630358498,1785630358,62840.41,62850.41,0.0,0,6
1785630359635,1785630359,62838.86,62848.86,0.0,0,6
1785630360659,1785630360,62842.15,62852.15,0.0,0,6
1785630361677,1785630361,62843.15,62853.15,0.0,0,6
1785630362698,1785630362,62841.59,62851.59,0.0,0,6
1785630363876,1785630363,62841.87,62851.87,0.0,0,6
1785630364909,1785630364,62841.71,62851.71,0.0,0,6
1785630365492,1785630365,62839.83,62849.83,0.0,0,6
1785630366501,1785630366,62839.6,62849.6,0.0,0,6
1785630367598,1785630367,62839.16,62849.16,0.0,0,6
1785630368599,1785630368,62839.77,62849.77,0.0,0,6
1785630369719,1785630369,62839.08,62849.08,0.0,0,6
1785630370748,1785630370,62843.32,62853.32,0.0,0,6
1785630371789,1785630371,62842.76,62852.76,0.0,0,6
1785630372959,1785630372,62843.73,62853.73,0.0,0,6
1785630373977,1785630373,62837.19,62847.19,0.0,0,6
1785630375035,1785630375,62841.12,62851.12,0.0,0,6
1785630376110,1785630376,62844.72,62854.72,0.0,0,6
1785630377169,1785630377,62845.24,62855.24,0.0,0,6
1785630378178,1785630378,62843.0,62853.0,0.0,0,6
1785630379328,1785630379,62842.65,62852.65,0.0,0,6
1785630379432,1785630379,62840.85,62850.85,0.0,0,6
1785630379479,1785630379,62839.03,62849.03,0.0,0,6
1785630379613,1785630379,62837.61,62847.61,0.0,0,6
1785630380668,1785630380,62836.95,62846.95,0.0,0,6
1785630381694,1785630381,62840.31,62850.31,0.0,0,6
1785630382696,1785630382,62840.33,62850.33,0.0,0,6
1785630383697,1785630383,62839.98,62849.98,0.0,0,6
1785630383901,1785630383,62838.39,62848.39,0.0,0,6
1785630384977,1785630384,62837.83,62847.83,0.0,0,6
1785630386028,1785630386,62836.46,62846.46,0.0,0,6
1785630387050,1785630387,62836.52,62846.52,0.0,0,6
1785630388068,1785630388,62834.84,62844.84,0.0,0,6
1785630389101,1785630389,62835.71,62845.71,0.0,0,6
1785630390162,1785630390,62838.03,62848.03,0.0,0,6
1785630391236,1785630391,62838.04,62848.04,0.0,0,6
1785630392247,1785630392,62837.77,62847.77,0.0,0,6
1785630393363,1785630393,62835.75,62845.75,0.0,0,6
1785630394032,1785630394,62829.23,62839.23,0.0,0,6
1785630395080,1785630395,62830.56,62840.56,0.0,0,6
1785630396124,1785630396,62832.69,62842.69,0.0,0,6
1785630397182,1785630397,62829.87,62839.87,0.0,0,6
1785630398329,1785630398,62834.7,62844.7,0.0,0,6
1785630399382,1785630399,62834.79,62844.79,0.0,0,6
1785630400436,1785630400,62834.83,62844.83,0.0,0,6
1785630401501,1785630401,62834.87,62844.87,0.0,0,6
1785630402535,1785630402,62834.91,62844.91,0.0,0,6
1785630403661,1785630403,62834.96,62844.96,0.0,0,6
1785630404673,1785630404,62834.99,62844.99,0.0,0,6
1785630405673,1785630405,62834.57,62844.57,0.0,0,6
1785630406697,1785630406,62831.9,62841.9,0.0,0,6
1785630407702,1785630407,62830.77,62840.77,0.0,0,6
1785630407747,1785630407,62829.46,62839.46,0.0,0,6
1785630407789,1785630407,62827.82,62837.82,0.0,0,6
1785630407804,1785630407,62826.42,62836.42,0.0,0,6
1785630408809,1785630408,62822.42,62832.42,0.0,0,6
1785630409634,1785630409,62827.07,62837.07,0.0,0,6
1785630409792,1785630409,62825.21,62835.21,0.0,0,6
1785630410832,1785630410,62828.05,62838.05,0.0,0,6
1785630411859,1785630411,62828.03,62838.03,0.0,0,6
1785630412924,1785630412,62825.23,62835.23,0.0,0,6
1785630413977,1785630413,62822.77,62832.77,0.0,0,6
1785630415009,1785630415,62824.61,62834.61,0.0,0,6
1785630416101,1785630416,62827.98,62837.98,0.0,0,6
1785630417101,1785630417,62823.51,62833.51,0.0,0,6
1785630418182,1785630418,62826.95,62836.95,0.0,0,6
1785630419281,1785630419,62824.94,62834.94,0.0,0,6
1785630420345,1785630420,62823.2,62833.2,0.0,0,6
1785630421356,1785630421,62822.87,62832.87,0.0,0,6
1785630422365,1785630422,62823.38,62833.38,0.0,0,6
1785630423392,1785630423,62827.68,62837.68,0.0,0,6
1785630424422,1785630424,62824.4,62834.4,0.0,0,6
1785630425435,1785630425,62823.0,62833.0,0.0,0,6
1785630426538,1785630426,62826.98,62836.98,0.0,0,6
1785630427732,1785630427,62827.97,62837.97,0.0,0,6
1785630430899,1785630430,62827.54,62837.54,0.0,0,6
1785630431911,1785630431,62827.58,62837.58,0.0,0,6
1785630433110,1785630433,62827.98,62837.98,0.0,0,6
1785630436189,1785630436,62826.19,62836.19,0.0,0,6
1785630437301,1785630437,62826.21,62836.21,0.0,0,6
1785630438500,1785630438,62826.23,62836.23,0.0,0,6
1785630439622,1785630439,62826.24,62836.24,0.0,0,6
1785630441293,1785630441,62826.09,62836.09,0.0,0,6
1785630441303,1785630441,62824.59,62834.59,0.0,0,6
1785630441336,1785630441,62823.2,62833.2,0.0,0,6
1785630442446,1785630442,62822.73,62832.73,0.0,0,6
1785630443469,1785630443,62822.71,62832.71,0.0,0,6
1785630444504,1785630444,62822.69,62832.69,0.0,0,6
1785630445549,1785630445,62822.67,62832.67,0.0,0,6
1785630446558,1785630446,62822.65,62832.65,0.0,0,6
1785630447596,1785630447,62821.46,62831.46,0.0,0,6
1785630448596,1785630448,62822.61,62832.61,0.0,0,6
1785630449842,1785630449,62822.58,62832.58,0.0,0,6
1785630450952,1785630450,62822.57,62832.57,0.0,0,6
1785630453061,1785630453,62822.58,62832.58,0.0,0,6
1785630454090,1785630454,62822.59,62832.59,0.0,0,6
1785630454852,1785630454,62829.75,62839.75,0.0,0,6
1785630455859,1785630455,62829.8,62839.8,0.0,0,6
1785630456889,1785630456,62828.07,62838.07,0.0,0,6
1785630458385,1785630458,62825.47,62835.47,0.0,0,6
1785630459388,1785630459,62826.36,62836.36,0.0,0,6
1785630460409,1785630460,62825.31,62835.31,0.0,0,6
1785630461508,1785630461,62825.2,62835.2,0.0,0,6
1785630462898,1785630462,62829.95,62839.95,0.0,0,6
1785630464023,1785630464,62829.98,62839.98,0.0,0,6
1785630465100,1785630465,62830.0,62840.0,0.0,0,6
1785630466101,1785630466,62830.02,62840.02,0.0,0,6
1785630467189,1785630467,62830.04,62840.04,0.0,0,6
1785630468491,1785630468,62829.06,62839.06,0.0,0,6
1785630469524,1785630469,62827.58,62837.58,0.0,0,6
1785630470578,1785630470,62828.88,62838.88,0.0,0,6
1785630471625,1785630471,62827.04,62837.04,0.0,0,6
1785630472626,1785630472,62827.89,62837.89,0.0,0,6
1785630473700,1785630473,62830.15,62840.15,0.0,0,6
1785630474858,1785630474,62830.16,62840.16,0.0,0,6
1785630476198,1785630476,62829.21,62839.21,0.0,0,6
1785630477218,1785630477,62830.16,62840.16,0.0,0,6
1785630480327,1785630480,62830.17,62840.17,0.0,0,6
1785630481387,1785630481,62826.57,62836.57,0.0,0,6
1785630482438,1785630482,62827.7,62837.7,0.0,0,6
1785630483450,1785630483,62828.1,62838.1,0.0,0,6
1785630484501,1785630484,62827.55,62837.55,0.0,0,6
1785630485539,1785630485,62827.81,62837.81,0.0,0,6
1785630486668,1785630486,62827.91,62837.91,0.0,0,6
1785630487728,1785630487,62825.78,62835.78,0.0,0,6
1785630488949,1785630488,62824.02,62834.02,0.0,0,6
1785630490119,1785630490,62824.39,62834.39,0.0,0,6
1785630491170,1785630491,62825.6,62835.6,0.0,0,6
1785630492188,1785630492,62826.26,62836.26,0.0,0,6
1785630493219,1785630493,62827.27,62837.27,0.0,0,6
1785630494308,1785630494,62830.32,62840.32,0.0,0,6
1785630495418,1785630495,62830.33,62840.33,0.0,0,6
1785630496431,1785630496,62830.34,62840.34,0.0,0,6
1785630497556,1785630497,62830.35,62840.35,0.0,0,6
1785630498565,1785630498,62830.36,62840.36,0.0,0,6
1785630500598,1785630500,62830.35,62840.35,0.0,0,6
1785630501318,1785630501,62823.94,62833.94,0.0,0,6
1785630502323,1785630502,62822.03,62832.03,0.0,0,6
1785630503338,1785630503,62820.24,62830.24,0.0,0,6
1785630504445,1785630504,62821.38,62831.38,0.0,0,6
1785630505360,1785630505,62829.28,62839.28,0.0,0,6
1785630505566,1785630505,62831.03,62841.03,0.0,0,6
1785630506589,1785630506,62831.13,62841.13,0.0,0,6
1785630507630,1785630507,62828.8,62838.8,0.0,0,6
1785630508631,1785630508,62828.04,62838.04,0.0,0,6
1785630509901,1785630509,62824.48,62834.48,0.0,0,6
1785630511027,1785630511,62827.59,62837.59,0.0,0,6
1785630512028,1785630512,62827.92,62837.92,0.0,0,6
1785630512552,1785630512,62825.88,62835.88,0.0,0,6
1785630512572,1785630512,62821.69,62831.69,0.0,0,6
1785630513476,1785630513,62822.12,62832.12,0.0,0,6
1785630514486,1785630514,62824.79,62834.79,0.0,0,6
1785630515402,1785630515,62820.07,62830.07,0.0,0,6
1785630516442,1785630516,62820.06,62830.06,0.0,0,6
1785630517458,1785630517,62819.43,62829.43,0.0,0,6
1785630518704,1785630518,62817.69,62827.69,0.0,0,6
1785630519823,1785630519,62817.76,62827.76,0.0,0,6
1785630520948,1785630520,62819.77,62829.77,0.0,0,6
1785630522134,1785630522,62820.03,62830.03,0.0,0,6
1785630523302,1785630523,62818.86,62828.86,0.0,0,6
1785630524449,1785630524,62816.99,62826.99,0.0,0,6
1785630525714,1785630525,62817.13,62827.13,0.0,0,6
1785630526738,1785630526,62820.02,62830.02,0.0,0,6
1785630527947,1785630527,62819.6,62829.6,0.0,0,6
1785630529208,1785630529,62816.28,62826.28,0.0,0,6
1785630530288,1785630530,62816.3,62826.3,0.0,0,6
1785630531317,1785630531,62820.01,62830.01,0.0,0,6
1785630532657,1785630532,62813.9,62823.9,0.0,0,6
1785630533819,1785630533,62812.01,62822.01,0.0,0,6
1785630535070,1785630535,62818.38,62828.38,0.0,0,6
1785630536080,1785630536,62818.7,62828.7,0.0,0,6
1785630537098,1785630537,62813.31,62823.31,0.0,0,6
1785630538182,1785630538,62816.38,62826.38,0.0,0,6
1785630539284,1785630539,62815.83,62825.83,0.0,0,6
1785630540309,1785630540,62816.49,62826.49,0.0,0,6
1785630541388,1785630541,62816.06,62826.06,0.0,0,6
1785630542468,1785630542,62816.88,62826.88,0.0,0,6
1785630543672,1785630543,62817.97,62827.97,0.0,0,6
1785630544698,1785630544,62814.36,62824.36,0.0,0,6
1785630545730,1785630545,62815.58,62825.58,0.0,0,6
1785630546918,1785630546,62817.99,62827.99,0.0,0,6
1785630547958,1785630547,62818.67,62828.67,0.0,0,6
1785630549240,1785630549,62818.68,62828.68,0.0,0,6
1785630549951,1785630549,62818.32,62828.32,0.0,0,6
1785630551171,1785630551,62818.3,62828.3,0.0,0,6
1785630554211,1785630554,62818.31,62828.31,0.0,0,6
1785630557567,1785630557,62818.32,62828.32,0.0,0,6
1785630560692,1785630560,62818.33,62828.33,0.0,0,6
1785630565117,1785630565,62818.34,62828.34,0.0,0,6
1785630567511,1785630567,62818.86,62828.86,0.0,0,6
1785630568526,1785630568,62819.42,62829.42,0.0,0,6
1785630569442,1785630569,62822.78,62832.78,0.0,0,6
1785630569701,1785630569,62824.28,62834.28,0.0,0,6
1785630570718,1785630570,62824.29,62834.29,0.0,0,6
1785630572813,1785630572,62824.31,62834.31,0.0,0,6
1785630574878,1785630574,62824.33,62834.33,0.0,0,6
1785630575901,1785630575,62823.07,62833.07,0.0,0,6
1785630577013,1785630577,62824.35,62834.35,0.0,0,6
1785630578028,1785630578,62824.37,62834.37,0.0,0,6
1785630579144,1785630579,62824.38,62834.38,0.0,0,6
1785630580146,1785630580,62821.23,62831.23,0.0,0,6
1785630581190,1785630581,62821.18,62831.18,0.0,0,6
1785630582429,1785630582,62821.5,62831.5,0.0,0,6
1785630583632,1785630583,62821.65,62831.65,0.0,0,6
1785630584648,1785630584,62821.19,62831.19,0.0,0,6
1785630585669,1785630585,62820.54,62830.54,0.0,0,6
1785630586678,1785630586,62821.65,62831.65,0.0,0,6
1785630587709,1785630587,62822.34,62832.34,0.0,0,6
1785630588779,1785630588,62821.84,62831.84,0.0,0,6
1785630589868,1785630589,62821.46,62831.46,0.0,0,6
1785630590939,1785630590,62823.02,62833.02,0.0,0,6
1785630591959,1785630591,62823.9,62833.9,0.0,0,6
1785630593218,1785630593,62821.68,62831.68,0.0,0,6
1785630594451,1785630594,62824.52,62834.52,0.0,0,6
1785630597679,1785630597,62824.53,62834.53,0.0,0,6
1785630600701,1785630600,62824.53,62834.53,0.0,0,2
1785630601712,1785630601,62822.58,62832.58,0.0,0,6
1785630602778,1785630602,62824.54,62834.54,0.0,0,6
1785630603860,1785630603,62822.98,62832.98,0.0,0,6
1785630604480,1785630604,62821.8,62831.8,0.0,0,6
1785630604492,1785630604,62823.32,62833.32,0.0,0,6
1785630604559,1785630604,62824.73,62834.73,0.0,0,6
1785630605620,1785630605,62822.83,62832.83,0.0,0,6
1785630605701,1785630605,62821.1,62831.1,0.0,0,6
1785630605722,1785630605,62813.39,62823.39,0.0,0,6
1785630606739,1785630606,62813.55,62823.55,0.0,0,6
1785630607774,1785630607,62813.82,62823.82,0.0,0,6
1785630608798,1785630608,62813.96,62823.96,0.0,0,6
1785630609809,1785630609,62816.39,62826.39,0.0,0,6
1785630610419,1785630610,62825.78,62835.78,0.0,0,6
1785630611430,1785630611,62825.93,62835.93,0.0,0,6
1785630612501,1785630612,62824.32,62834.32,0.0,0,6
1785630613527,1785630613,62820.03,62830.03,0.0,0,6
1785630614161,1785630614,62820.89,62830.89,0.0,0,6
1785630614171,1785630614,62822.54,62832.54,0.0,0,6
1785630615177,1785630615,62824.55,62834.55,0.0,0,6
1785630616267,1785630616,62824.02,62834.02,0.0,0,6
1785630617360,1785630617,62828.25,62838.25,0.0,0,6
1785630618549,1785630618,62827.04,62837.04,0.0,0,6
1785630619568,1785630619,62828.64,62838.64,0.0,0,6
1785630620599,1785630620,62825.85,62835.85,0.0,0,6
1785630621660,1785630621,62826.02,62836.02,0.0,0,6
1785630622698,1785630622,62826.41,62836.41,0.0,0,6
1785630623769,1785630623,62827.19,62837.19,0.0,0,6
1785630624772,1785630624,62828.67,62838.67,0.0,0,6
1785630625778,1785630625,62827.87,62837.87,0.0,0,6
1785630626819,1785630626,62829.48,62839.48,0.0,0,6
1785630628079,1785630628,62825.14,62835.14,0.0,0,6
1785630629253,1785630629,62829.6,62839.6,0.0,0,6
1785630630259,1785630630,62830.28,62840.28,0.0,0,6
1785630631358,1785630631,62830.25,62840.25,0.0,0,6
1785630632450,1785630632,62830.23,62840.23,0.0,0,6
1785630633688,1785630633,62830.21,62840.21,0.0,0,6
1785630634878,1785630634,62825.97,62835.97,0.0,0,6
1785630637015,1785630637,62825.93,62835.93,0.0,0,6
1785630638113,1785630638,62823.56,62833.56,0.0,0,6
1785630639128,1785630639,62822.87,62832.87,0.0,0,6
1785630640145,1785630640,62819.06,62829.06,0.0,0,6
1785630641149,1785630641,62820.13,62830.13,0.0,0,6
1785630642222,1785630642,62819.88,62829.88,0.0,0,6
1785630643302,1785630643,62821.45,62831.45,0.0,0,6
1785630644486,1785630644,62822.69,62832.69,0.0,0,6
1785630645640,1785630645,62824.29,62834.29,0.0,0,6
1785630646649,1785630646,62822.94,62832.94,0.0,0,6
1785630647679,1785630647,62821.93,62831.93,0.0,0,6
1785630648760,1785630648,62821.91,62831.91,0.0,0,6
1785630649806,1785630649,62822.77,62832.77,0.0,0,6
1785630650858,1785630650,62820.64,62830.64,0.0,0,6
1785630651920,1785630651,62819.69,62829.69,0.0,0,6
1785630653027,1785630653,62820.41,62830.41,0.0,0,6
1785630654108,1785630654,62818.39,62828.39,0.0,0,6
1785630655270,1785630655,62818.62,62828.62,0.0,0,6
1785630656398,1785630656,62820.46,62830.46,0.0,0,6
1785630657400,1785630657,62820.61,62830.61,0.0,0,6
1785630658421,1785630658,62825.61,62835.61,0.0,0,6
1785630659545,1785630659,62824.36,62834.36,0.0,0,6
1785630660563,1785630660,62822.64,62832.64,0.0,0,6
1785630660804,1785630660,62827.11,62837.11,0.0,0,6
1785630660828,1785630660,62828.6,62838.6,0.0,0,6
1785630661884,1785630661,62829.29,62839.29,0.0,0,6
1785630663049,1785630663,62830.9,62840.9,0.0,0,6
1785630664049,1785630664,62831.71,62841.71,0.0,0,6
1785630665089,1785630665,62831.67,62841.67,0.0,0,6
1785630666169,1785630666,62831.64,62841.64,0.0,0,6
1785630667211,1785630667,62829.96,62839.96,0.0,0,6
1785630668268,1785630668,62831.58,62841.58,0.0,0,6
1785630669402,1785630669,62831.52,62841.52,0.0,0,6
1785630671731,1785630671,62831.46,62841.46,0.0,0,6
1785630672738,1785630672,62831.43,62841.43,0.0,0,6
1785630673943,1785630673,62831.22,62841.22,0.0,0,6
1785630674966,1785630674,62827.04,62837.04,0.0,0,6
1785630676320,1785630676,62823.43,62833.43,0.0,0,6
1785630677506,1785630677,62823.69,62833.69,0.0,0,6
1785630678639,1785630678,62827.07,62837.07,0.0,0,6
1785630679640,1785630679,62827.02,62837.02,0.0,0,6
1785630680653,1785630680,62826.97,62836.97,0.0,0,6
1785630681917,1785630681,62826.09,62836.09,0.0,0,6
1785630683008,1785630683,62826.9,62836.9,0.0,0,6
1785630684019,1785630684,62826.87,62836.87,0.0,0,6
1785630685089,1785630685,62826.83,62836.83,0.0,0,6
1785630686100,1785630686,62825.55,62835.55,0.0,0,6
1785630687148,1785630687,62824.24,62834.24,0.0,0,6
1785630688408,1785630688,62823.41,62833.41,0.0,0,6
1785630689648,1785630689,62822.8,62832.8,0.0,0,6
1785630690759,1785630690,62824.28,62834.28,0.0,0,6
1785630690882,1785630690,62822.51,62832.51,0.0,0,6
1785630691959,1785630691,62822.72,62832.72,0.0,0,6
1785630692981,1785630692,62822.44,62832.44,0.0,0,6
1785630694278,1785630694,62824.61,62834.61,0.0,0,6
1785630695399,1785630695,62823.97,62833.97,0.0,0,6
1785630696499,1785630696,62824.81,62834.81,0.0,0,6
1785630697523,1785630697,62824.8,62834.8,0.0,0,6
1785630698735,1785630698,62824.79,62834.79,0.0,0,6
1785630699737,1785630699,62824.04,62834.04,0.0,0,6
1785630700261,1785630700,62824.53,62834.53,0.0,0,6
1785630700280,1785630700,62829.42,62839.42,0.0,0,6
1785630701396,1785630701,62829.38,62839.38,0.0,0,6
1785630702400,1785630702,62829.72,62839.72,0.0,0,6
1785630703595,1785630703,62826.41,62836.41,0.0,0,6
1785630704711,1785630704,62825.51,62835.51,0.0,0,6
1785630705759,1785630705,62825.85,62835.85,0.0,0,6
1785630706919,1785630706,62829.92,62839.92,0.0,0,6
1785630708101,1785630708,62829.41,62839.41,0.0,0,6
1785630709302,1785630709,62830.52,62840.52,0.0,0,6
1785630710349,1785630710,62830.83,62840.83,0.0,0,6
1785630711455,1785630711,62830.79,62840.79,0.0,0,6
1785630712503,1785630712,62830.23,62840.23,0.0,0,6
1785630713558,1785630713,62830.53,62840.53,0.0,0,6
1785630714559,1785630714,62827.94,62837.94,0.0,0,6
1785630715608,1785630715,62829.81,62839.81,0.0,0,6
1785630716629,1785630716,62830.82,62840.82,0.0,0,6
1785630718748,1785630718,62830.81,62840.81,0.0,0,6
1785630720869,1785630720,62830.81,62840.81,0.0,0,2
1785630722301,1785630722,62829.11,62839.11,0.0,0,6
1785630723396,1785630723,62829.94,62839.94,0.0,0,6
1785630724399,1785630724,62830.79,62840.79,0.0,0,6
1785630725499,1785630725,62830.45,62840.45,0.0,0,6
1785630726529,1785630726,62829.65,62839.65,0.0,0,6
1785630727579,1785630727,62829.5,62839.5,0.0,0,6
1785630728599,1785630728,62829.09,62839.09,0.0,0,6
1785630729699,1785630729,62828.8,62838.8,0.0,0,6
1785630730859,1785630730,62828.54,62838.54,0.0,0,6
1785630731908,1785630731,62827.93,62837.93,0.0,0,6
1785630733027,1785630733,62828.06,62838.06,0.0,0,6
1785630734401,1785630734,62827.33,62837.33,0.0,0,6
1785630735499,1785630735,62825.26,62835.26,0.0,0,6
1785630736592,1785630736,62821.21,62831.21,0.0,0,6
1785630737701,1785630737,62820.5,62830.5,0.0,0,6
1785630738708,1785630738,62822.89,62832.89,0.0,0,6
1785630738929,1785630738,62826.39,62836.39,0.0,0,6
1785630739123,1785630739,62830.59,62840.59,0.0,0,6
1785630740123,1785630740,62831.28,62841.28,0.0,0,6
1785630741296,1785630741,62830.55,62840.55,0.0,0,6
1785630742370,1785630742,62830.04,62840.04,0.0,0,6
1785630743388,1785630743,62828.3,62838.3,0.0,0,6
1785630744400,1785630744,62826.42,62836.42,0.0,0,6
1785630745433,1785630745,62826.39,62836.39,0.0,0,6
1785630746469,1785630746,62826.56,62836.56,0.0,0,6
1785630747509,1785630747,62828.03,62838.03,0.0,0,6
1785630748697,1785630748,62829.25,62839.25,0.0,0,6
1785630749702,1785630749,62830.74,62840.74,0.0,0,6
1785630750728,1785630750,62833.08,62843.08,0.0,0,6
1785630751770,1785630751,62834.27,62844.27,0.0,0,6
1785630752902,1785630752,62833.84,62843.84,0.0,0,6
1785630753949,1785630753,62834.22,62844.22,0.0,0,6
1785630754989,1785630754,62834.2,62844.2,0.0,0,6
1785630756009,1785630756,62834.18,62844.18,0.0,0,6
1785630757228,1785630757,62834.16,62844.16,0.0,0,6
1785630758302,1785630758,62833.17,62843.17,0.0,0,6
1785630759440,1785630759,62830.16,62840.16,0.0,0,6
1785630760501,1785630760,62829.92,62839.92,0.0,0,6
1785630761502,1785630761,62829.9,62839.9,0.0,0,6
1785630762529,1785630762,62828.75,62838.75,0.0,0,6
1785630763559,1785630763,62829.19,62839.19,0.0,0,6
1785630764670,1785630764,62829.82,62839.82,0.0,0,6
1785630765699,1785630765,62829.78,62839.78,0.0,0,6
1785630766758,1785630766,62829.75,62839.75,0.0,0,6
1785630767769,1785630767,62829.7,62839.7,0.0,0,6
1785630768812,1785630768,62829.67,62839.67,0.0,0,6
1785630769856,1785630769,62829.64,62839.64,0.0,0,6
1785630771901,1785630771,62829.61,62839.61,0.0,0,6
1785630772929,1785630772,62829.58,62839.58,0.0,0,6
1785630774216,1785630774,62829.55,62839.55,0.0,0,6
1785630775268,1785630775,62827.29,62837.29,0.0,0,6
1785630776701,1785630776,62827.23,62837.23,0.0,0,6
1785630777809,1785630777,62826.12,62836.12,0.0,0,6
1785630778832,1785630778,62826.3,62836.3,0.0,0,6
1785630779898,1785630779,62825.2,62835.2,0.0,0,6
1785630780901,1785630780,62826.31,62836.31,0.0,0,6
1785630781989,1785630781,62825.71,62835.71,0.0,0,6
1785630783104,1785630783,62825.46,62835.46,0.0,0,6
1785630784133,1785630784,62826.01,62836.01,0.0,0,6
1785630785203,1785630785,62825.1,62835.1,0.0,0,6
1785630786215,1785630786,62825.74,62835.74,0.0,0,6
1785630787218,1785630787,62825.09,62835.09,0.0,0,6
1785630788226,1785630788,62825.36,62835.36,0.0,0,6
1785630789398,1785630789,62823.98,62833.98,0.0,0,6
1785630790405,1785630790,62823.27,62833.27,0.0,0,6
1785630791420,1785630791,62822.55,62832.55,0.0,0,6
1785630792575,1785630792,62822.69,62832.69,0.0,0,6
1785630793697,1785630793,62821.75,62831.75,0.0,0,6
1785630794771,1785630794,62821.29,62831.29,0.0,0,6
1785630795869,1785630795,62821.28,62831.28,0.0,0,6
1785630798143,1785630798,62821.26,62831.26,0.0,0,6
1785630800178,1785630800,62821.24,62831.24,0.0,0,6
1785630801230,1785630801,62821.22,62831.22,0.0,0,6
1785630802254,1785630802,62821.18,62831.18,0.0,0,6
1785630803350,1785630803,62821.16,62831.16,0.0,0,6
1785630805433,1785630805,62821.12,62831.12,0.0,0,6
1785630806471,1785630806,62821.1,62831.1,0.0,0,6
1785630807476,1785630807,62821.08,62831.08,0.0,0,6
1785630808589,1785630808,62821.88,62831.88,0.0,0,6
1785630809629,1785630809,62823.03,62833.03,0.0,0,6
1785630810659,1785630810,62823.13,62833.13,0.0,0,6
1785630811668,1785630811,62825.17,62835.17,0.0,0,6
1785630812714,1785630812,62824.65,62834.65,0.0,0,6
1785630813798,1785630813,62823.53,62833.53,0.0,0,6
1785630814828,1785630814,62823.12,62833.12,0.0,0,6
1785630816037,1785630816,62822.75,62832.75,0.0,0,6
1785630817068,1785630817,62822.19,62832.19,0.0,0,6
1785630818148,1785630818,62822.86,62832.86,0.0,0,6
1785630819328,1785630819,62823.37,62833.37,0.0,0,6
1785630820399,1785630820,62823.54,62833.54,0.0,0,6
1785630821432,1785630821,62822.8,62832.8,0.0,0,6
1785630822458,1785630822,62828.97,62838.97,0.0,0,6
1785630822955,1785630822,62834.63,62844.63,0.0,0,6
1785630822965,1785630822,62836.63,62846.63,0.0,0,6
1785630824021,1785630824,62835.47,62845.47,0.0,0,6
1785630825119,1785630825,62835.49,62845.49,0.0,0,6
1785630826301,1785630826,62834.41,62844.41,0.0,0,6
1785630827352,1785630827,62834.68,62844.68,0.0,0,6
1785630828401,1785630828,62836.91,62846.91,0.0,0,6
1785630830438,1785630830,62836.9,62846.9,0.0,0,6
1785630831750,1785630831,62840.3,62850.3,0.0,0,6
1785630832769,1785630832,62835.77,62845.77,0.0,0,6
1785630833829,1785630833,62832.25,62842.25,0.0,0,6
1785630834929,1785630834,62832.23,62842.23,0.0,0,6
1785630835960,1785630835,62833.91,62843.91,0.0,0,6
1785630836963,1785630836,62834.45,62844.45,0.0,0,6
1785630838208,1785630838,62836.66,62846.66,0.0,0,6
1785630839225,1785630839,62838.4,62848.4,0.0,0,6
1785630840334,1785630840,62836.6,62846.6,0.0,0,6
1785630841350,1785630841,62835.75,62845.75,0.0,0,6
1785630842399,1785630842,62833.36,62843.36,0.0,0,6
1785630843471,1785630843,62836.69,62846.69,0.0,0,6
1785630844517,1785630844,62836.33,62846.33,0.0,0,6
1785630845550,1785630845,62835.52,62845.52,0.0,0,6
1785630846581,1785630846,62837.71,62847.71,0.0,0,6
1785630847654,1785630847,62835.33,62845.33,0.0,0,6
1785630848691,1785630848,62837.57,62847.57,0.0,0,6
1785630849771,1785630849,62838.65,62848.65,0.0,0,6
1785630850848,1785630850,62835.56,62845.56,0.0,0,6
1785630851661,1785630851,62836.1,62846.1,0.0,0,6
1785630851671,1785630851,62837.43,62847.43,0.0,0,6
1785630852701,1785630852,62841.45,62851.45,0.0,0,6
1785630853860,1785630853,62842.53,62852.53,0.0,0,6
1785630855039,1785630855,62840.37,62850.37,0.0,0,6
1785630856458,1785630856,62838.61,62848.61,0.0,0,6
1785630857558,1785630857,62842.73,62852.73,0.0,0,6
1785630858490,1785630858,62843.33,62853.33,0.0,0,6
1785630858501,1785630858,62847.52,62857.52,0.0,0,6
1785630858527,1785630858,62852.02,62862.02,0.0,0,6
1785630859598,1785630859,62853.26,62863.26,0.0,0,6
1785630860689,1785630860,62851.27,62861.27,0.0,0,6
1785630860701,1785630860,62849.27,62859.27,0.0,0,6
1785630861721,1785630861,62849.2,62859.2,0.0,0,6
1785630862839,1785630862,62845.09,62855.09,0.0,0,6
1785630863889,1785630863,62845.39,62855.39,0.0,0,6
1785630864968,1785630864,62846.28,62856.28,0.0,0,6
1785630866034,1785630866,62844.3,62854.3,0.0,0,6
1785630867306,1785630867,62843.84,62853.84,0.0,0,6
1785630868491,1785630868,62845.87,62855.87,0.0,0,6
1785630869530,1785630869,62847.67,62857.67,0.0,0,6
1785630870538,1785630870,62848.43,62858.43,0.0,0,6
1785630871612,1785630871,62849.3,62859.3,0.0,0,6
1785630873738,1785630873,62847.48,62857.48,0.0,0,6
1785630874789,1785630874,62849.3,62859.3,0.0,0,6
1785630875824,1785630875,62848.83,62858.83,0.0,0,6
1785630876979,1785630876,62849.31,62859.31,0.0,0,6
1785630877988,1785630877,62847.9,62857.9,0.0,0,6
1785630879102,1785630879,62847.48,62857.48,0.0,0,6
1785630880301,1785630880,62846.52,62856.52,0.0,0,6
1785630881448,1785630881,62845.17,62855.17,0.0,0,6
1785630882502,1785630882,62843.53,62853.53,0.0,0,6
1785630883509,1785630883,62846.21,62856.21,0.0,0,6
1785630884719,1785630884,62847.55,62857.55,0.0,0,6
1785630885869,1785630885,62846.39,62856.39,0.0,0,6
1785630887019,1785630887,62846.05,62856.05,0.0,0,6
1785630888026,1785630888,62845.77,62855.77,0.0,0,6
1785630889025,1785630889,62846.41,62856.41,0.0,0,6
1785630890042,1785630890,62847.39,62857.39,0.0,0,6
1785630891188,1785630891,62848.52,62858.52,0.0,0,6
1785630892528,1785630892,62847.95,62857.95,0.0,0,6
1785630892849,1785630892,62825.76,62835.76,0.0,0,6
1785630892876,1785630892,62821.25,62831.25,0.0,0,6
1785630892892,1785630892,62819.7,62829.7,0.0,0,6
1785630893000,1785630893,62816.79,62826.79,0.0,0,6
1785630893040,1785630893,62814.81,62824.81,0.0,0,6
1785630894223,1785630894,62814.86,62824.86,0.0,0,6
1785630895284,1785630895,62815.38,62825.38,0.0,0,6
1785630898568,1785630898,62815.39,62825.39,0.0,0,6
1785630900673,1785630900,62814.6,62824.6,0.0,0,6
1785630901710,1785630901,62813.9,62823.9,0.0,0,6
1785630902900,1785630902,62815.41,62825.41,0.0,0,6
1785630903970,1785630903,62815.43,62825.43,0.0,0,6
1785630905090,1785630905,62815.45,62825.45,0.0,0,6
1785630906171,1785630906,62814.93,62824.93,0.0,0,6
1785630907364,1785630907,62814.1,62824.1,0.0,0,6
1785630908400,1785630908,62814.83,62824.83,0.0,0,6
1785630909539,1785630909,62811.28,62821.28,0.0,0,6
1785630910561,1785630910,62814.33,62824.33,0.0,0,6
1785630911482,1785630911,62808.8,62818.8,0.0,0,6
1785630912560,1785630912,62806.23,62816.23,0.0,0,6
1785630913608,1785630913,62811.5,62821.5,0.0,0,6
1785630914604,1785630914,62811.71,62821.71,0.0,0,6
1785630915633,1785630915,62811.72,62821.72,0.0,0,6
1785630916646,1785630916,62807.71,62817.71,0.0,0,6
1785630917584,1785630917,62803.82,62813.82,0.0,0,6
1785630918585,1785630918,62801.76,62811.76,0.0,0,6
1785630919590,1785630919,62808.61,62818.61,0.0,0,6
1785630920645,1785630920,62808.64,62818.64,0.0,0,6
1785630921829,1785630921,62804.18,62814.18,0.0,0,6
1785630922952,1785630922,62802.93,62812.93,0.0,0,6
1785630923969,1785630923,62808.07,62818.07,0.0,0,6
1785630925013,1785630925,62807.3,62817.3,0.0,0,6
1785630926089,1785630926,62805.84,62815.84,0.0,0,6
1785630927123,1785630927,62806.19,62816.19,0.0,0,6
1785630928194,1785630928,62804.42,62814.42,0.0,0,6
1785630929400,1785630929,62802.83,62812.83,0.0,0,6
1785630930484,1785630930,62802.63,62812.63,0.0,0,6
1785630931507,1785630931,62809.04,62819.04,0.0,0,6
1785630932607,1785630932,62809.06,62819.06,0.0,0,6
1785630934686,1785630934,62806.62,62816.62,0.0,0,6
1785630935287,1785630935,62806.73,62816.73,0.0,0,6
1785630936504,1785630936,62799.51,62809.51,0.0,0,6
1785630937045,1785630937,62797.61,62807.61,0.0,0,6
1785630938064,1785630938,62800.48,62810.48,0.0,0,6
1785630939230,1785630939,62800.52,62810.52,0.0,0,6
1785630940238,1785630940,62803.1,62813.1,0.0,0,6
1785630941434,1785630941,62801.85,62811.85,0.0,0,6
1785630942684,1785630942,62803.0,62813.0,0.0,0,6
1785630942813,1785630942,62799.6,62809.6,0.0,0,6
1785630943094,1785630943,62797.96,62807.96,0.0,0,6
1785630943107,1785630943,62796.15,62806.15,0.0,0,6
1785630943144,1785630943,62794.49,62804.49,0.0,0,6
1785630944162,1785630944,62791.66,62801.66,0.0,0,6
1785630945243,1785630945,62795.31,62805.31,0.0,0,6
1785630946297,1785630946,62790.79,62800.79,0.0,0,6
1785630947297,1785630947,62793.92,62803.92,0.0,0,6
1785630948354,1785630948,62797.15,62807.15,0.0,0,6
1785630948404,1785630948,62793.69,62803.69,0.0,0,6
1785630949497,1785630949,62793.73,62803.73,0.0,0,6
1785630950619,1785630950,62792.1,62802.1,0.0,0,6
1785630951696,1785630951,62791.51,62801.51,0.0,0,6
1785630952744,1785630952,62792.46,62802.46,0.0,0,6
1785630954423,1785630954,62792.21,62802.21,0.0,0,6
1785630955434,1785630955,62793.97,62803.97,0.0,0,6
1785630956744,1785630956,62790.48,62800.48,0.0,0,6
1785630957844,1785630957,62794.06,62804.06,0.0,0,6
1785630959007,1785630959,62794.14,62804.14,0.0,0,6
1785630960141,1785630960,62794.19,62804.19,0.0,0,6
1785630960840,1785630960,62794.26,62804.26,0.0,0,6
1785630960855,1785630960,62801.09,62811.09,0.0,0,6
1785630961934,1785630961,62799.87,62809.87,0.0,0,6
1785630963029,1785630963,62800.49,62810.49,0.0,0,6
1785630964151,1785630964,62801.16,62811.16,0.0,0,6
1785630965208,1785630965,62801.18,62811.18,0.0,0,6
1785630966344,1785630966,62801.2,62811.2,0.0,0,6
1785630967457,1785630967,62800.76,62810.76,0.0,0,6
1785630968509,1785630968,62800.3,62810.3,0.0,0,6
1785630969517,1785630969,62800.02,62810.02,0.0,0,6
1785630970534,1785630970,62801.27,62811.27,0.0,0,6
1785630971627,1785630971,62798.94,62808.94,0.0,0,6
1785630972640,1785630972,62798.72,62808.72,0.0,0,6
1785630973656,1785630973,62798.49,62808.49,0.0,0,6
1785630974677,1785630974,62797.26,62807.26,0.0,0,6
1785630975691,1785630975,62796.57,62806.57,0.0,0,6
1785630976692,1785630976,62796.4,62806.4,0.0,0,6
1785630977720,1785630977,62795.13,62805.13,0.0,0,6
1785630978737,1785630978,62796.58,62806.58,0.0,0,6
1785630979743,1785630979,62793.82,62803.82,0.0,0,6
1785630980767,1785630980,62793.47,62803.47,0.0,0,6
1785630981776,1785630981,62793.48,62803.48,0.0,0,6
1785630982878,1785630982,62796.52,62806.52,0.0,0,6
1785630983973,1785630983,62798.63,62808.63,0.0,0,6
1785630984983,1785630984,62799.39,62809.39,0.0,0,6
1785630986054,1785630986,62801.54,62811.54,0.0,0,6
1785630987371,1785630987,62801.57,62811.57,0.0,0,6
1785630988382,1785630988,62801.59,62811.59,0.0,0,6
1785630990574,1785630990,62801.61,62811.61,0.0,0,6
1785630991692,1785630991,62801.64,62811.64,0.0,0,6
1785630992728,1785630992,62801.17,62811.17,0.0,0,6
1785630993806,1785630993,62798.93,62808.93,0.0,0,6
1785630994820,1785630994,62800.0,62810.0,0.0,0,6
1785630995826,1785630995,62801.7,62811.7,0.0,0,6
1785630996898,1785630996,62801.72,62811.72,0.0,0,6
1785630997985,1785630997,62801.71,62811.71,0.0,0,6
1785630999004,1785630999,62793.98,62803.98,0.0,0,6
1785631000023,1785631000,62793.75,62803.75,0.0,0,6
1785631001064,1785631001,62794.73,62804.73,0.0,0,6
1785631002144,1785631002,62800.71,62810.71,0.0,0,6
1785631003224,1785631003,62801.79,62811.79,0.0,0,6
1785631004363,1785631004,62801.8,62811.8,0.0,0,6
1785631005364,1785631005,62800.07,62810.07,0.0,0,6
1785631006428,1785631006,62798.54,62808.54,0.0,0,6
1785631007473,1785631007,62797.39,62807.39,0.0,0,6
1785631008492,1785631008,62797.8,62807.8,0.0,0,6
1785631009623,1785631009,62797.22,62807.22,0.0,0,6
1785631010693,1785631010,62798.55,62808.55,0.0,0,6
1785631011763,1785631011,62800.56,62810.56,0.0,0,6
1785631012905,1785631012,62799.47,62809.47,0.0,0,6
1785631014031,1785631014,62801.89,62811.89,0.0,0,6
1785631018389,1785631018,62801.9,62811.9,0.0,0,6
1785631020446,1785631020,62801.91,62811.91,0.0,0,6
1785631021450,1785631021,62800.9,62810.9,0.0,0,6
1785631022465,1785631022,62799.72,62809.72,0.0,0,6
1785631023466,1785631023,62799.49,62809.49,0.0,0,6
1785631024518,1785631024,62799.87,62809.87,0.0,0,6
1785631025572,1785631025,62798.88,62808.88,0.0,0,6
1785631026612,1785631026,62798.72,62808.72,0.0,0,6
1785631027634,1785631027,62800.54,62810.54,0.0,0,6
1785631028664,1785631028,62801.38,62811.38,0.0,0,6
1785631029738,1785631029,62800.8,62810.8,0.0,0,6
1785631030779,1785631030,62799.96,62809.96,0.0,0,6
1785631032128,1785631032,62800.7,62810.7,0.0,0,6
1785631033187,1785631033,62800.44,62810.44,0.0,0,6
1785631034319,1785631034,62801.94,62811.94,0.0,0,6
1785631036482,1785631036,62801.95,62811.95,0.0,0,6
1785631039521,1785631039,62801.72,62811.72,0.0,0,6
1785631040714,1785631040,62801.21,62811.21,0.0,0,6
1785631041763,1785631041,62801.94,62811.94,0.0,0,6
1785631042962,1785631042,62801.96,62811.96,0.0,0,6
1785631045176,1785631045,62801.97,62811.97,0.0,0,6
1785631048205,1785631048,62801.79,62811.79,0.0,0,6
1785631049284,1785631049,62801.84,62811.84,0.0,0,6
1785631050362,1785631050,62800.21,62810.21,0.0,0,6
1785631051368,1785631051,62798.2,62808.2,0.0,0,6
1785631052490,1785631052,62797.7,62807.7,0.0,0,6
1785631053063,1785631053,62796.45,62806.45,0.0,0,6
1785631054104,1785631054,62794.78,62804.78,0.0,0,6
1785631055279,1785631055,62793.45,62803.45,0.0,0,6
1785631056456,1785631056,62791.85,62801.85,0.0,0,6
1785631057691,1785631057,62791.53,62801.53,0.0,0,6
1785631058738,1785631058,62792.92,62802.92,0.0,0,6
1785631059770,1785631059,62792.56,62802.56,0.0,0,6
1785631060773,1785631060,62793.71,62803.71,0.0,0,6
1785631061972,1785631061,62794.7,62804.7,0.0,0,6
1785631062997,1785631062,62792.92,62802.92,0.0,0,6
1785631064047,1785631064,62795.22,62805.22,0.0,0,6
1785631065057,1785631065,62791.75,62801.75,0.0,0,6
1785631066116,1785631066,62787.48,62797.48,0.0,0,6
1785631067123,1785631067,62787.5,62797.5,0.0,0,6
1785631068169,1785631068,62795.22,62805.22,0.0,0,6
1785631071282,1785631071,62790.51,62800.51,0.0,0,6
1785631072295,1785631072,62789.53,62799.53,0.0,0,6
1785631073496,1785631073,62794.69,62804.69,0.0,0,6
1785631074664,1785631074,62795.23,62805.23,0.0,0,6
1785631075696,1785631075,62793.95,62803.95,0.0,0,6
1785631076696,1785631076,62795.23,62805.23,0.0,0,6
1785631078093,1785631078,62793.08,62803.08,0.0,0,6
1785631079111,1785631079,62794.8,62804.8,0.0,0,6
1785631080171,1785631080,62794.98,62804.98,0.0,0,6
1785631081206,1785631081,62792.66,62802.66,0.0,0,6
1785631082214,1785631082,62793.0,62803.0,0.0,0,6
1785631083258,1785631083,62794.67,62804.67,0.0,0,6
1785631084301,1785631084,62794.29,62804.29,0.0,0,6
1785631085535,1785631085,62794.48,62804.48,0.0,0,6
1785631086570,1785631086,62795.34,62805.34,0.0,0,6
1785631087691,1785631087,62793.25,62803.25,0.0,0,6
1785631088877,1785631088,62792.56,62802.56,0.0,0,6
1785631089906,1785631089,62797.37,62807.37,0.0,0,6
1785631090930,1785631090,62797.45,62807.45,0.0,0,6
1785631092015,1785631092,62796.23,62806.23,0.0,0,6
1785631093095,1785631093,62795.14,62805.14,0.0,0,6
1785631094222,1785631094,62793.54,62803.54,0.0,0,6
1785631095295,1785631095,62796.09,62806.09,0.0,0,6
1785631096420,1785631096,62795.86,62805.86,0.0,0,6
1785631097425,1785631097,62796.56,62806.56,0.0,0,6
1785631098433,1785631098,62796.6,62806.6,0.0,0,6
1785631098615,1785631098,62794.23,62804.23,0.0,0,6
1785631099021,1785631099,62792.81,62802.81,0.0,0,6
1785631100126,1785631100,62790.99,62800.99,0.0,0,6
1785631101424,1785631101,62791.8,62801.8,0.0,0,6
1785631102443,1785631102,62790.94,62800.94,0.0,0,6
1785631103774,1785631103,62792.63,62802.63,0.0,0,6
1785631105373,1785631105,62789.64,62799.64,0.0,0,6
1785631106394,1785631106,62789.67,62799.67,0.0,0,6
1785631107451,1785631107,62790.05,62800.05,0.0,0,6
1785631108554,1785631108,62790.96,62800.96,0.0,0,6
1785631109675,1785631109,62791.18,62801.18,0.0,0,6
1785631110705,1785631110,62792.72,62802.72,0.0,0,6
1785631111708,1785631111,62793.48,62803.48,0.0,0,6
1785631112844,1785631112,62793.85,62803.85,0.0,0,6
1785631114024,1785631114,62793.36,62803.36,0.0,0,6
1785631115030,1785631115,62793.15,62803.15,0.0,0,6
1785631116191,1785631116,62790.37,62800.37,0.0,0,6
1785631117226,1785631117,62788.43,62798.43,0.0,0,6
1785631118283,1785631118,62789.56,62799.56,0.0,0,6
1785631119303,1785631119,62791.77,62801.77,0.0,0,6
1785631120684,1785631120,62794.86,62804.86,0.0,0,6
1785631122415,1785631122,62794.77,62804.77,0.0,0,6
1785631123430,1785631123,62792.7,62802.7,0.0,0,6
1785631124534,1785631124,62793.75,62803.75,0.0,0,6
1785631125696,1785631125,62794.9,62804.9,0.0,0,6
1785631126696,1785631126,62793.53,62803.53,0.0,0,6
1785631127753,1785631127,62791.73,62801.73,0.0,0,6
1785631128625,1785631128,62787.52,62797.52,0.0,0,6
1785631128724,1785631128,62785.4,62795.4,0.0,0,6
1785631129901,1785631129,62785.72,62795.72,0.0,0,6
1785631130923,1785631130,62787.03,62797.03,0.0,0,6
1785631132032,1785631132,62789.06,62799.06,0.0,0,6
1785631132375,1785631132,62794.57,62804.57,0.0,0,6
1785631133389,1785631133,62791.71,62801.71,0.0,0,6
1785631134404,1785631134,62790.41,62800.41,0.0,0,6
1785631135443,1785631135,62789.77,62799.77,0.0,0,6
1785631136525,1785631136,62791.72,62801.72,0.0,0,6
1785631137534,1785631137,62790.75,62800.75,0.0,0,6
1785631138584,1785631138,62790.7,62800.7,0.0,0,6
1785631139652,1785631139,62790.75,62800.75,0.0,0,6
1785631140692,1785631140,62790.44,62800.44,0.0,0,6
1785631141693,1785631141,62791.48,62801.48,0.0,0,6
1785631142696,1785631142,62794.3,62804.3,0.0,0,6
1785631143751,1785631143,62794.83,62804.83,0.0,0,6
1785631144854,1785631144,62794.84,62804.84,0.0,0,6
1785631146228,1785631146,62790.48,62800.48,0.0,0,6
1785631147296,1785631147,62792.54,62802.54,0.0,0,6
1785631148398,1785631148,62790.89,62800.89,0.0,0,6
1785631149408,1785631149,62790.12,62800.12,0.0,0,6
1785631150464,1785631150,62789.66,62799.66,0.0,0,6
1785631151534,1785631151,62791.29,62801.29,0.0,0,6
1785631152575,1785631152,62794.54,62804.54,0.0,0,6
1785631153577,1785631153,62793.74,62803.74,0.0,0,6
1785631154594,1785631154,62788.84,62798.84,0.0,0,6
1785631155843,1785631155,62791.58,62801.58,0.0,0,6
1785631156937,1785631156,62793.83,62803.83,0.0,0,6
1785631157983,1785631157,62792.21,62802.21,0.0,0,6
1785631159261,1785631159,62788.85,62798.85,0.0,0,6
1785631160341,1785631160,62791.62,62801.62,0.0,0,6
1785631161362,1785631161,62794.55,62804.55,0.0,0,6
1785631162419,1785631162,62793.25,62803.25,0.0,0,6
1785631163449,1785631163,62794.13,62804.13,0.0,0,6
1785631164476,1785631164,62795.26,62805.26,0.0,0,6
1785631165521,1785631165,62795.28,62805.28,0.0,0,6
1785631166598,1785631166,62794.63,62804.63,0.0,0,6
1785631167615,1785631167,62794.88,62804.88,0.0,0,6
1785631168691,1785631168,62788.38,62798.38,0.0,0,6
1785631169695,1785631169,62788.9,62798.9,0.0,0,6
1785631170770,1785631170,62791.77,62801.77,0.0,0,6
1785631171866,1785631171,62789.01,62799.01,0.0,0,6
1785631172952,1785631172,62790.39,62800.39,0.0,0,6
1785631173996,1785631173,62791.31,62801.31,0.0,0,6
1785631175184,1785631175,62794.42,62804.42,0.0,0,6
1785631176245,1785631176,62794.92,62804.92,0.0,0,6
1785631177304,1785631177,62794.65,62804.65,0.0,0,6
1785631178429,1785631178,62792.23,62802.23,0.0,0,6
1785631179519,1785631179,62792.42,62802.42,0.0,0,6
1785631180609,1785631180,62792.77,62802.77,0.0,0,6
1785631181697,1785631181,62794.24,62804.24,0.0,0,6
1785631182824,1785631182,62794.41,62804.41,0.0,0,6
1785631184283,1785631184,62795.15,62805.15,0.0,0,6
1785631185492,1785631185,62793.88,62803.88,0.0,0,6
1785631186519,1785631186,62793.12,62803.12,0.0,0,6
1785631187531,1785631187,62792.24,62802.24,0.0,0,6
1785631188553,1785631188,62792.3,62802.3,0.0,0,6
1785631189574,1785631189,62793.52,62803.52,0.0,0,6
1785631190706,1785631190,62793.28,62803.28,0.0,0,6
1785631192002,1785631192,62790.57,62800.57,0.0,0,6
1785631193124,1785631193,62791.8,62801.8,0.0,0,6
1785631194234,1785631194,62794.28,62804.28,0.0,0,6
1785631195296,1785631195,62794.52,62804.52,0.0,0,6
1785631196396,1785631196,62792.81,62802.81,0.0,0,6
1785631197456,1785631197,62791.02,62801.02,0.0,0,6
1785631198475,1785631198,62791.68,62801.68,0.0,0,6
1785631199484,1785631199,62792.15,62802.15,0.0,0,6
1785631200504,1785631200,62792.7,62802.7,0.0,0,6
1785631201534,1785631201,62793.7,62803.7,0.0,0,6
1785631202050,1785631202,62794.51,62804.51,0.0,0,6
1785631202080,1785631202,62796.04,62806.04,0.0,0,6
1785631203115,1785631203,62797.94,62807.94,0.0,0,6
1785631204211,1785631204,62798.92,62808.92,0.0,0,6
1785631207473,1785631207,62799.42,62809.42,0.0,0,6
1785631207523,1785631207,62801.42,62811.42,0.0,0,6
1785631208643,1785631208,62802.01,62812.01,0.0,0,6
1785631209725,1785631209,62801.98,62811.98,0.0,0,6
1785631210754,1785631210,62800.1,62810.1,0.0,0,6
1785631211834,1785631211,62799.66,62809.66,0.0,0,6
1785631212984,1785631212,62798.49,62808.49,0.0,0,6
1785631214154,1785631214,62799.75,62809.75,0.0,0,6
1785631215236,1785631215,62801.81,62811.81,0.0,0,6
1785631216259,1785631216,62801.78,62811.78,0.0,0,6
1785631217266,1785631217,62801.75,62811.75,0.0,0,6
1785631218184,1785631218,62799.29,62809.29,0.0,0,6
1785631219415,1785631219,62800.01,62810.01,0.0,0,6
1785631220453,1785631220,62798.98,62808.98,0.0,0,6
1785631221513,1785631221,62799.25,62809.25,0.0,0,6
1785631222594,1785631222,62799.15,62809.15,0.0,0,6
1785631223621,1785631223,62799.27,62809.27,0.0,0,6
1785631224631,1785631224,62797.32,62807.32,0.0,0,6
1785631225645,1785631225,62798.99,62808.99,0.0,0,6
1785631226695,1785631226,62800.11,62810.11,0.0,0,6
1785631227765,1785631227,62800.78,62810.78,0.0,0,6
1785631228817,1785631228,62800.21,62810.21,0.0,0,6
1785631229926,1785631229,62796.62,62806.62,0.0,0,6
1785631230926,1785631230,62794.75,62804.75,0.0,0,6
1785631232214,1785631232,62793.63,62803.63,0.0,0,6
1785631233350,1785631233,62792.58,62802.58,0.0,0,6
1785631234372,1785631234,62793.45,62803.45,0.0,0,6
1785631235373,1785631235,62792.58,62802.58,0.0,0,6
1785631236563,1785631236,62793.74,62803.74,0.0,0,6
1785631237671,1785631237,62793.43,62803.43,0.0,0,6
1785631238679,1785631238,62793.97,62803.97,0.0,0,6
1785631239695,1785631239,62795.6,62805.6,0.0,0,6
1785631240718,1785631240,62796.22,62806.22,0.0,0,6
1785631241720,1785631241,62797.47,62807.47,0.0,0,6
1785631242793,1785631242,62794.75,62804.75,0.0,0,6
1785631243904,1785631243,62794.57,62804.57,0.0,0,6
1785631244957,1785631244,62795.32,62805.32,0.0,0,6
1785631245958,1785631245,62795.62,62805.62,0.0,0,6
1785631246984,1785631246,62794.68,62804.68,0.0,0,6
1785631248096,1785631248,62797.7,62807.7,0.0,0,6
1785631249250,1785631249,62797.65,62807.65,0.0,0,6
1785631250296,1785631250,62795.72,62805.72,0.0,0,6
1785631251565,1785631251,62795.31,62805.31,0.0,0,6
1785631252691,1785631252,62794.92,62804.92,0.0,0,6
1785631253744,1785631253,62793.99,62803.99,0.0,0,6
1785631254765,1785631254,62792.01,62802.01,0.0,0,6
1785631255803,1785631255,62792.64,62802.64,0.0,0,6
1785631256811,1785631256,62796.88,62806.88,0.0,0,6
1785631257094,1785631257,62801.45,62811.45,0.0,0,6
1785631258100,1785631258,62801.91,62811.91,0.0,0,6
1785631259105,1785631259,62804.61,62814.61,0.0,0,6
1785631260190,1785631260,62803.91,62813.91,0.0,0,6
1785631261192,1785631261,62803.78,62813.78,0.0,0,6
1785631262238,1785631262,62803.92,62813.92,0.0,0,6
1785631263281,1785631263,62803.77,62813.77,0.0,0,6
1785631264310,1785631264,62802.68,62812.68,0.0,0,6
1785631265392,1785631265,62802.82,62812.82,0.0,0,6
1785631266401,1785631266,62804.05,62814.05,0.0,0,6
1785631267407,1785631267,62805.59,62815.59,0.0,0,6
1785631268422,1785631268,62805.13,62815.13,0.0,0,6
1785631269434,1785631269,62804.99,62814.99,0.0,0,6
1785631270532,1785631270,62804.43,62814.43,0.0,0,6
1785631271533,1785631271,62802.71,62812.71,0.0,0,6
1785631272575,1785631272,62806.13,62816.13,0.0,0,6
1785631273704,1785631273,62805.76,62815.76,0.0,0,6
1785631274895,1785631274,62800.46,62810.46,0.0,0,6
1785631275988,1785631275,62798.83,62808.83,0.0,0,6
1785631277100,1785631277,62799.84,62809.84,0.0,0,6
1785631278254,1785631278,62800.87,62810.87,0.0,0,6
1785631279325,1785631279,62801.69,62811.69,0.0,0,6
1785631280347,1785631280,62801.61,62811.61,0.0,0,6
1785631281432,1785631281,62801.57,62811.57,0.0,0,6
1785631281681,1785631281,62797.77,62807.77,0.0,0,6
1785631282692,1785631282,62797.75,62807.75,0.0,0,6
1785631283748,1785631283,62796.96,62806.96,0.0,0,6
1785631284763,1785631284,62797.72,62807.72,0.0,0,6
1785631285794,1785631285,62797.06,62807.06,0.0,0,6
1785631287096,1785631287,62796.06,62806.06,0.0,0,6
1785631288222,1785631288,62797.22,62807.22,0.0,0,6
1785631289314,1785631289,62795.68,62805.68,0.0,0,6
1785631290325,1785631290,62794.16,62804.16,0.0,0,6
1785631291417,1785631291,62795.09,62805.09,0.0,0,6
1785631292554,1785631292,62793.15,62803.15,0.0,0,6
1785631293714,1785631293,62792.58,62802.58,0.0,0,6
1785631294986,1785631294,62794.16,62804.16,0.0,0,6
1785631296384,1785631296,62797.36,62807.36,0.0,0,6
1785631297506,1785631297,62797.27,62807.27,0.0,0,6
1785631298553,1785631298,62796.56,62806.56,0.0,0,6
1785631299576,1785631299,62796.87,62806.87,0.0,0,6
1785631300693,1785631300,62796.37,62806.37,0.0,0,6
1785631302330,1785631302,62796.74,62806.74,0.0,0,6
1785631303429,1785631303,62797.12,62807.12,0.0,0,6
1785631304490,1785631304,62795.91,62805.91,0.0,0,6
1785631305508,1785631305,62794.68,62804.68,0.0,0,6
1785631306604,1785631306,62795.35,62805.35,0.0,0,6
1785631307655,1785631307,62796.96,62806.96,0.0,0,6
1785631308773,1785631308,62796.51,62806.51,0.0,0,6
1785631309819,1785631309,62795.47,62805.47,0.0,0,6
1785631310821,1785631310,62795.64,62805.64,0.0,0,6
1785631311838,1785631311,62796.33,62806.33,0.0,0,6
1785631312901,1785631312,62796.03,62806.03,0.0,0,6
1785631314083,1785631314,62796.45,62806.45,0.0,0,6
1785631315124,1785631315,62796.83,62806.83,0.0,0,6
1785631317201,1785631317,62796.8,62806.8,0.0,0,6
1785631318229,1785631318,62796.78,62806.78,0.0,0,6
1785631319245,1785631319,62796.77,62806.77,0.0,0,6
1785631320256,1785631320,62796.75,62806.75,0.0,0,6
1785631320848,1785631320,62796.64,62806.64,0.0,0,6
1785631321928,1785631321,62796.61,62806.61,0.0,0,6
1785631322940,1785631322,62796.59,62806.59,0.0,0,6
1785631323701,1785631323,62794.94,62804.94,0.0,0,6
1785631323713,1785631323,62793.5,62803.5,0.0,0,6
1785631324785,1785631324,62793.07,62803.07,0.0,0,6
1785631325860,1785631325,62793.06,62803.06,0.0,0,6
1785631326950,1785631326,62793.05,62803.05,0.0,0,6
1785631329052,1785631329,62793.04,62803.04,0.0,0,6
1785631330055,1785631330,62793.03,62803.03,0.0,0,6
1785631331068,1785631331,62791.35,62801.35,0.0,0,6
1785631332102,1785631332,62791.55,62801.55,0.0,0,6
1785631333300,1785631333,62790.25,62800.25,0.0,0,6
1785631334381,1785631334,62790.94,62800.94,0.0,0,6
1785631335392,1785631335,62789.23,62799.23,0.0,0,6
1785631336446,1785631336,62789.44,62799.44,0.0,0,6
1785631337559,1785631337,62789.87,62799.87,0.0,0,6
1785631338759,1785631338,62789.08,62799.08,0.0,0,6
1785631339816,1785631339,62790.65,62800.65,0.0,0,6
1785631340901,1785631340,62788.31,62798.31,0.0,0,6
1785631342024,1785631342,62788.78,62798.78,0.0,0,6
1785631343148,1785631343,62789.5,62799.5,0.0,0,6
1785631344302,1785631344,62789.71,62799.71,0.0,0,6
1785631345520,1785631345,62790.05,62800.05,0.0,0,6
1785631346589,1785631346,62791.41,62801.41,0.0,0,6
1785631347600,1785631347,62790.86,62800.86,0.0,0,6
1785631348660,1785631348,62793.12,62803.12,0.0,0,6
1785631349791,1785631349,62795.06,62805.06,0.0,0,6
1785631350902,1785631350,62795.94,62805.94,0.0,0,6
1785631351979,1785631351,62795.81,62805.81,0.0,0,6
1785631353628,1785631353,62794.3,62804.3,0.0,0,6
1785631355019,1785631355,62793.19,62803.19,0.0,0,6
1785631356126,1785631356,62791.95,62801.95,0.0,0,6
1785631357358,1785631357,62791.79,62801.79,0.0,0,6
1785631358372,1785631358,62793.76,62803.76,0.0,0,6
1785631359440,1785631359,62792.41,62802.41,0.0,0,6
1785631360476,1785631360,62792.01,62802.01,0.0,0,6
1785631361497,1785631361,62792.13,62802.13,0.0,0,6
1785631362558,1785631362,62791.39,62801.39,0.0,0,6
1785631363597,1785631363,62792.5,62802.5,0.0,0,6
1785631364280,1785631364,62795.32,62805.32,0.0,0,6
1785631365499,1785631365,62794.35,62804.35,0.0,0,6
1785631366901,1785631366,62794.78,62804.78,0.0,0,6
1785631368022,1785631368,62796.09,62806.09,0.0,0,6
1785631369420,1785631369,62797.78,62807.78,0.0,0,6
1785631370473,1785631370,62797.79,62807.79,0.0,0,6
1785631372820,1785631372,62797.8,62807.8,0.0,0,6
1785631373169,1785631373,62799.31,62809.31,0.0,0,6
1785631374226,1785631374,62799.3,62809.3,0.0,0,6
1785631377479,1785631377,62799.29,62809.29,0.0,0,6
1785631378567,1785631378,62799.28,62809.28,0.0,0,6
1785631379568,1785631379,62799.27,62809.27,0.0,0,6
1785631380599,1785631380,62799.27,62809.27,0.0,0,2
1785631382789,1785631382,62799.26,62809.26,0.0,0,6
1785631383892,1785631383,62799.25,62809.25,0.0,0,6
1785631386123,1785631386,62799.24,62809.24,0.0,0,6
1785631389498,1785631389,62799.23,62809.23,0.0,0,6
1785631391528,1785631391,62799.22,62809.22,0.0,0,6
1785631393238,1785631393,62799.33,62809.33,0.0,0,6
1785631393478,1785631393,62800.8,62810.8,0.0,0,6
1785631394597,1785631394,62801.0,62811.0,0.0,0,6
1785631395605,1785631395,62800.99,62810.99,0.0,0,6
1785631396606,1785631396,62800.98,62810.98,0.0,0,6
1785631398779,1785631398,62800.39,62810.39,0.0,0,6
1785631399818,1785631399,62800.21,62810.21,0.0,0,6
1785631400848,1785631400,62799.3,62809.3,0.0,0,6
1785631401849,1785631401,62798.85,62808.85,0.0,0,6
1785631402988,1785631402,62798.18,62808.18,0.0,0,6
1785631403995,1785631403,62798.25,62808.25,0.0,0,6
1785631405089,1785631405,62797.59,62807.59,0.0,0,6
1785631405714,1785631405,62798.74,62808.74,0.0,0,6
1785631406085,1785631406,62800.72,62810.72,0.0,0,6
1785631407090,1785631407,62800.07,62810.07,0.0,0,6
1785631408178,1785631408,62801.53,62811.53,0.0,0,6
1785631409242,1785631409,62803.1,62813.1,0.0,0,6
1785631410252,1785631410,62801.56,62811.56,0.0,0,6
1785631411408,1785631411,62802.2,62812.2,0.0,0,6
1785631412415,1785631412,62797.9,62807.9,0.0,0,6
1785631413316,1785631413,62797.63,62807.63,0.0,0,6
1785631414500,1785631414,62800.86,62810.86,0.0,0,6
1785631415869,1785631415,62799.46,62809.46,0.0,0,6
1785631417409,1785631417,62801.24,62811.24,0.0,0,6
1785631418485,1785631418,62801.4,62811.4,0.0,0,6
1785631419494,1785631419,62800.2,62810.2,0.0,0,6
1785631420597,1785631420,62800.95,62810.95,0.0,0,6
1785631420702,1785631420,62802.44,62812.44,0.0,0,6
1785631422301,1785631422,62801.77,62811.77,0.0,0,6
1785631423428,1785631423,62801.25,62811.25,0.0,0,6
1785631424597,1785631424,62801.88,62811.88,0.0,0,6
1785631425603,1785631425,62801.54,62811.54,0.0,0,6
1785631426696,1785631426,62800.96,62810.96,0.0,0,6
1785631427791,1785631427,62801.6,62811.6,0.0,0,6
1785631428950,1785631428,62800.88,62810.88,0.0,0,6
1785631429978,1785631429,62803.52,62813.52,0.0,0,6
1785631431233,1785631431,62805.74,62815.74,0.0,0,6
1785631432301,1785631432,62801.19,62811.19,0.0,0,6
1785631433320,1785631433,62799.92,62809.92,0.0,0,6
1785631434391,1785631434,62797.67,62807.67,0.0,0,6
1785631436646,1785631436,62797.01,62807.01,0.0,0,6
1785631437677,1785631437,62799.07,62809.07,0.0,0,6
1785631438697,1785631438,62799.92,62809.92,0.0,0,6
1785631438769,1785631438,62805.27,62815.27,0.0,0,6
1785631439809,1785631439,62805.42,62815.42,0.0,0,6
1785631440810,1785631440,62805.44,62815.44,0.0,0,6
1785631441934,1785631441,62804.0,62814.0,0.0,0,6
1785631442973,1785631442,62802.99,62812.99,0.0,0,6
1785631444129,1785631444,62804.4,62814.4,0.0,0,6
1785631445129,1785631445,62805.48,62815.48,0.0,0,6
1785631446130,1785631446,62806.3,62816.3,0.0,0,6
1785631447138,1785631447,62805.39,62815.39,0.0,0,6
1785631448189,1785631448,62805.3,62815.3,0.0,0,6
1785631449808,1785631449,62803.13,62813.13,0.0,0,6
1785631450828,1785631450,62802.0,62812.0,0.0,0,6
1785631451462,1785631451,62805.96,62815.96,0.0,0,6
1785631452478,1785631452,62805.11,62815.11,0.0,0,6
1785631453493,1785631453,62805.63,62815.63,0.0,0,6
1785631454493,1785631454,62806.96,62816.96,0.0,0,6
1785631455531,1785631455,62807.26,62817.26,0.0,0,6
1785631456582,1785631456,62808.24,62818.24,0.0,0,6
1785631457596,1785631457,62803.94,62813.94,0.0,0,6
1785631458598,1785631458,62803.6,62813.6,0.0,0,6
1785631459608,1785631459,62808.27,62818.27,0.0,0,6
1785631460659,1785631460,62808.26,62818.26,0.0,0,6
1785631462008,1785631462,62805.62,62815.62,0.0,0,6
1785631463058,1785631463,62802.12,62812.12,0.0,0,6
1785631464144,1785631464,62802.28,62812.28,0.0,0,6
1785631465150,1785631465,62804.49,62814.49,0.0,0,6
1785631466179,1785631466,62804.87,62814.87,0.0,0,6
1785631467355,1785631467,62808.36,62818.36,0.0,0,6
1785631468397,1785631468,62809.07,62819.07,0.0,0,6
1785631469491,1785631469,62809.04,62819.04,0.0,0,6
1785631470513,1785631470,62806.11,62816.11,0.0,0,6
1785631471724,1785631471,62803.04,62813.04,0.0,0,6
1785631472878,1785631472,62803.0,62813.0,0.0,0,6
1785631473916,1785631473,62804.65,62814.65,0.0,0,6
1785631474935,1785631474,62806.89,62816.89,0.0,0,6
1785631475947,1785631475,62805.86,62815.86,0.0,0,6
1785631477059,1785631477,62802.23,62812.23,0.0,0,6
1785631478059,1785631478,62802.36,62812.36,0.0,0,6
1785631479181,1785631479,62802.9,62812.9,0.0,0,6
1785631480244,1785631480,62802.09,62812.09,0.0,0,6
1785631481269,1785631481,62801.37,62811.37,0.0,0,6
1785631482299,1785631482,62801.5,62811.5,0.0,0,6
1785631483381,1785631483,62799.69,62809.69,0.0,0,6
1785631484399,1785631484,62799.09,62809.09,0.0,0,6
1785631485498,1785631485,62798.1,62808.1,0.0,0,6
1785631486130,1785631486,62791.94,62801.94,0.0,0,6
1785631486142,1785631486,62787.81,62797.81,0.0,0,6
1785631486182,1785631486,62782.97,62792.97,0.0,0,6
1785631486297,1785631486,62780.92,62790.92,0.0,0,6
1785631487318,1785631487,62781.51,62791.51,0.0,0,6
1785631488518,1785631488,62784.41,62794.41,0.0,0,6
1785631489087,1785631489,62784.65,62794.65,0.0,0,6
1785631490099,1785631490,62784.66,62794.66,0.0,0,6
1785631492169,1785631492,62784.67,62794.67,0.0,0,6
1785631493245,1785631493,62783.0,62793.0,0.0,0,6
1785631494298,1785631494,62783.43,62793.43,0.0,0,6
1785631495509,1785631495,62784.7,62794.7,0.0,0,6
1785631496545,1785631496,62784.71,62794.71,0.0,0,6
1785631498922,1785631498,62784.43,62794.43,0.0,0,6
1785631499959,1785631499,62781.42,62791.42,0.0,0,6
1785631500426,1785631500,62786.79,62796.79,0.0,0,6
1785631501318,1785631501,62787.72,62797.72,0.0,0,6
1785631501629,1785631501,62789.76,62799.76,0.0,0,6
1785631502672,1785631502,62788.97,62798.97,0.0,0,6
1785631503701,1785631503,62789.31,62799.31,0.0,0,6
1785631504759,1785631504,62788.92,62798.92,0.0,0,6
1785631506158,1785631506,62790.27,62800.27,0.0,0,6
1785631507229,1785631507,62788.11,62798.11,0.0,0,6
1785631508313,1785631508,62789.06,62799.06,0.0,0,6
1785631509323,1785631509,62791.11,62801.11,0.0,0,6
1785631510359,1785631510,62792.62,62802.62,0.0,0,6
1785631510429,1785631510,62794.2,62804.2,0.0,0,6
1785631510803,1785631510,62798.78,62808.78,0.0,0,6
1785631511804,1785631511,62797.85,62807.85,0.0,0,6
1785631512879,1785631512,62795.94,62805.94,0.0,0,6
1785631513970,1785631513,62799.43,62809.43,0.0,0,6
1785631514760,1785631514,62797.48,62807.48,0.0,0,6
1785631515900,1785631515,62798.95,62808.95,0.0,0,6
1785631516941,1785631516,62800.95,62810.95,0.0,0,6
1785631517988,1785631517,62798.49,62808.49,0.0,0,6
1785631519016,1785631519,62799.86,62809.86,0.0,0,6
1785631520049,1785631520,62799.76,62809.76,0.0,0,6
1785631521301,1785631521,62798.1,62808.1,0.0,0,6
1785631522360,1785631522,62801.13,62811.13,0.0,0,6
1785631523397,1785631523,62800.2,62810.2,0.0,0,6
1785631524405,1785631524,62801.13,62811.13,0.0,0,6
1785631525412,1785631525,62798.67,62808.67,0.0,0,6
1785631526373,1785631526,62799.44,62809.44,0.0,0,6
1785631527469,1785631527,62800.51,62810.51,0.0,0,6
1785631528701,1785631528,62799.9,62809.9,0.0,0,6
1785631529828,1785631529,62799.11,62809.11,0.0,0,6
1785631530902,1785631530,62797.1,62807.1,0.0,0,6
1785631531969,1785631531,62798.7,62808.7,0.0,0,6
1785631533009,1785631533,62797.34,62807.34,0.0,0,6
1785631534036,1785631534,62796.34,62806.34,0.0,0,6
1785631535109,1785631535,62794.56,62804.56,0.0,0,6
1785631536138,1785631536,62794.22,62804.22,0.0,0,6
1785631537167,1785631537,62794.19,62804.19,0.0,0,6
1785631538199,1785631538,62796.15,62806.15,0.0,0,6
1785631539220,1785631539,62798.84,62808.84,0.0,0,6
1785631540231,1785631540,62797.86,62807.86,0.0,0,6
1785631541447,1785631541,62795.09,62805.09,0.0,0,6
1785631542582,1785631542,62795.47,62805.47,0.0,0,6
1785631543696,1785631543,62796.02,62806.02,0.0,0,6
1785631544709,1785631544,62795.42,62805.42,0.0,0,6
1785631545741,1785631545,62796.38,62806.38,0.0,0,6
1785631546795,1785631546,62797.69,62807.69,0.0,0,6
1785631547796,1785631547,62795.61,62805.61,0.0,0,6
1785631548816,1785631548,62796.29,62806.29,0.0,0,6
1785631549913,1785631549,62797.61,62807.61,0.0,0,6
1785631550942,1785631550,62797.58,62807.58,0.0,0,6
1785631551957,1785631551,62797.55,62807.55,0.0,0,6
1785631552966,1785631552,62797.53,62807.53,0.0,0,6
1785631553979,1785631553,62797.5,62807.5,0.0,0,6
1785631555245,1785631555,62797.48,62807.48,0.0,0,6
1785631556254,1785631556,62797.46,62807.46,0.0,0,6
1785631558505,1785631558,62797.41,62807.41,0.0,0,6
1785631559529,1785631559,62797.39,62807.39,0.0,0,6
1785631560549,1785631560,62797.31,62807.31,0.0,0,6
1785631561561,1785631561,62797.05,62807.05,0.0,0,6
1785631562618,1785631562,62789.36,62799.36,0.0,0,6
1785631563648,1785631563,62790.95,62800.95,0.0,0,6
1785631564658,1785631564,62790.96,62800.96,0.0,0,6
1785631565730,1785631565,62790.5,62800.5,0.0,0,6
1785631566731,1785631566,62789.33,62799.33,0.0,0,6
1785631567902,1785631567,62789.77,62799.77,0.0,0,6
1785631569217,1785631569,62790.24,62800.24,0.0,0,6
1785631570238,1785631570,62790.27,62800.27,0.0,0,6
1785631571349,1785631571,62791.86,62801.86,0.0,0,6
1785631572396,1785631572,62792.96,62802.96,0.0,0,6
1785631573400,1785631573,62792.98,62802.98,0.0,0,6
1785631574404,1785631574,62793.21,62803.21,0.0,0,6
1785631575425,1785631575,62796.15,62806.15,0.0,0,6
1785631576455,1785631576,62799.02,62809.02,0.0,0,6
1785631577499,1785631577,62799.31,62809.31,0.0,0,6
1785631578540,1785631578,62799.78,62809.78,0.0,0,6
1785631579679,1785631579,62800.72,62810.72,0.0,0,6
1785631580707,1785631580,62800.55,62810.55,0.0,0,6
1785631581745,1785631581,62798.59,62808.59,0.0,0,6
1785631582776,1785631582,62798.45,62808.45,0.0,0,6
1785631583815,1785631583,62798.1,62808.1,0.0,0,6
1785631584873,1785631584,62796.02,62806.02,0.0,0,6
1785631585899,1785631585,62797.85,62807.85,0.0,0,6
1785631586924,1785631586,62797.09,62807.09,0.0,0,6
1785631587974,1785631587,62797.04,62807.04,0.0,0,6
1785631588260,1785631588,62801.89,62811.89,0.0,0,6
1785631589559,1785631589,62802.68,62812.68,0.0,0,6
1785631590579,1785631590,62801.81,62811.81,0.0,0,6
1785631592110,1785631592,62800.96,62810.96,0.0,0,6
1785631593179,1785631593,62800.64,62810.64,0.0,0,6
1785631594259,1785631594,62799.87,62809.87,0.0,0,6
1785631595279,1785631595,62799.38,62809.38,0.0,0,6
1785631596290,1785631596,62798.92,62808.92,0.0,0,6
1785631597539,1785631597,62798.65,62808.65,0.0,0,6
1785631599103,1785631599,62800.15,62810.15,0.0,0,6
1785631600288,1785631600,62800.57,62810.57,0.0,0,6
1785631601411,1785631601,62801.39,62811.39,0.0,0,6
1785631602468,1785631602,62800.74,62810.74,0.0,0,6
1785631603496,1785631603,62804.16,62814.16,0.0,0,6
1785631604628,1785631604,62803.17,62813.17,0.0,0,6
1785631605658,1785631605,62801.34,62811.34,0.0,0,6
1785631606698,1785631606,62794.16,62804.16,0.0,0,6
1785631607812,1785631607,62792.97,62802.97,0.0,0,6
1785631608837,1785631608,62795.57,62805.57,0.0,0,6
1785631610049,1785631610,62796.58,62806.58,0.0,0,6
1785631611099,1785631611,62798.18,62808.18,0.0,0,6
1785631612119,1785631612,62796.66,62806.66,0.0,0,6
1785631613249,1785631613,62796.47,62806.47,0.0,0,6
1785631614389,1785631614,62797.82,62807.82,0.0,0,6
1785631615530,1785631615,62795.99,62805.99,0.0,0,6
1785631616548,1785631616,62795.45,62805.45,0.0,0,6
1785631617648,1785631617,62795.84,62805.84,0.0,0,6
1785631618678,1785631618,62794.12,62804.12,0.0,0,6
1785631620228,1785631620,62795.58,62805.58,0.0,0,6
1785631621350,1785631621,62795.86,62805.86,0.0,0,6
1785631622385,1785631622,62795.34,62805.34,0.0,0,6
1785631623500,1785631623,62795.54,62805.54,0.0,0,6
1785631624664,1785631624,62795.08,62805.08,0.0,0,6
1785631625681,1785631625,62795.57,62805.57,0.0,0,6
1785631626684,1785631626,62795.1,62805.1,0.0,0,6
1785631627697,1785631627,62794.75,62804.75,0.0,0,6
1785631628818,1785631628,62794.71,62804.71,0.0,0,6
1785631630008,1785631630,62795.48,62805.48,0.0,0,6
1785631631079,1785631631,62794.57,62804.57,0.0,0,6
1785631632326,1785631632,62794.86,62804.86,0.0,0,6
1785631633339,1785631633,62794.04,62804.04,0.0,0,6
1785631634368,1785631634,62795.06,62805.06,0.0,0,6
1785631635418,1785631635,62796.77,62806.77,0.0,0,6
1785631636498,1785631636,62799.01,62809.01,0.0,0,6
1785631637638,1785631637,62799.24,62809.24,0.0,0,6
1785631638738,1785631638,62799.22,62809.22,0.0,0,6
1785631640178,1785631640,62799.03,62809.03,0.0,0,6
1785631641379,1785631641,62798.79,62808.79,0.0,0,6
1785631642701,1785631642,62799.18,62809.18,0.0,0,6
1785631643731,1785631643,62799.15,62809.15,0.0,0,6
1785631644743,1785631644,62799.14,62809.14,0.0,0,6
1785631645818,1785631645,62799.12,62809.12,0.0,0,6
1785631646928,1785631646,62798.24,62808.24,0.0,0,6
1785631648028,1785631648,62798.36,62808.36,0.0,0,6
1785631649332,1785631649,62797.52,62807.52,0.0,0,6
1785631650706,1785631650,62797.58,62807.58,0.0,0,6
1785631651792,1785631651,62798.1,62808.1,0.0,0,6
1785631652889,1785631652,62796.69,62806.69,0.0,0,6
1785631653992,1785631653,62796.91,62806.91,0.0,0,6
1785631655005,1785631655,62797.6,62807.6,0.0,0,6
1785631657034,1785631657,62798.98,62808.98,0.0,0,6
1785631658053,1785631658,62798.96,62808.96,0.0,0,6
1785631659066,1785631659,62798.95,62808.95,0.0,0,6
1785631661100,1785631661,62798.89,62808.89,0.0,0,6
1785631662103,1785631662,62798.93,62808.93,0.0,0,6
1785631663130,1785631663,62798.91,62808.91,0.0,0,6
1785631664145,1785631664,62797.01,62807.01,0.0,0,6
1785631665159,1785631665,62795.89,62805.89,0.0,0,6
1785631666179,1785631666,62797.73,62807.73,0.0,0,6
1785631667179,1785631667,62797.26,62807.26,0.0,0,6
1785631668208,1785631668,62796.81,62806.81,0.0,0,6
1785631669222,1785631669,62797.11,62807.11,0.0,0,6
1785631670237,1785631670,62795.7,62805.7,0.0,0,6
1785631671252,1785631671,62797.17,62807.17,0.0,0,6
1785631672266,1785631672,62795.52,62805.52,0.0,0,6
1785631673285,1785631673,62795.18,62805.18,0.0,0,6
1785631674291,1785631674,62795.17,62805.17,0.0,0,6
1785631675305,1785631675,62794.43,62804.43,0.0,0,6
1785631676325,1785631676,62794.33,62804.33,0.0,0,6
1785631677346,1785631677,62794.42,62804.42,0.0,0,6
1785631678358,1785631678,62795.77,62805.77,0.0,0,6
1785631679450,1785631679,62795.15,62805.15,0.0,0,6
1785631680460,1785631680,62796.51,62806.51,0.0,0,6
1785631681653,1785631681,62796.6,62806.6,0.0,0,6
1785631682655,1785631682,62797.29,62807.29,0.0,0,6
1785631683752,1785631683,62796.69,62806.69,0.0,0,6
1785631684804,1785631684,62796.5,62806.5,0.0,0,6
1785631685843,1785631685,62797.12,62807.12,0.0,0,6
1785631686922,1785631686,62797.07,62807.07,0.0,0,6
1785631687987,1785631687,62797.1,62807.1,0.0,0,6
1785631689000,1785631689,62796.27,62806.27,0.0,0,6
1785631690058,1785631690,62796.44,62806.44,0.0,0,6
1785631691128,1785631691,62796.73,62806.73,0.0,0,6
1785631692216,1785631692,62793.75,62803.75,0.0,0,6
1785631693269,1785631693,62795.07,62805.07,0.0,0,6
1785631694337,1785631694,62793.76,62803.76,0.0,0,6
1785631695419,1785631695,62794.6,62804.6,0.0,0,6
1785631696427,1785631696,62796.6,62806.6,0.0,0,6
1785631697428,1785631697,62794.82,62804.82,0.0,0,6
1785631698437,1785631698,62795.87,62805.87,0.0,0,6
1785631699480,1785631699,62796.74,62806.74,0.0,0,6
1785631700491,1785631700,62794.6,62804.6,0.0,0,6
1785631701592,1785631701,62792.66,62802.66,0.0,0,6
1785631702616,1785631702,62793.83,62803.83,0.0,0,6
1785631703673,1785631703,62795.78,62805.78,0.0,0,6
1785631704685,1785631704,62796.45,62806.45,0.0,0,6
1785631705697,1785631705,62795.85,62805.85,0.0,0,6
1785631706930,1785631706,62796.1,62806.1,0.0,0,6
1785631708042,1785631708,62795.87,62805.87,0.0,0,6
1785631709132,1785631709,62796.15,62806.15,0.0,0,6
1785631710031,1785631710,62794.94,62804.94,0.0,0,6
1785631711137,1785631711,62794.81,62804.81,0.0,0,6
1785631711309,1785631711,62793.46,62803.46,0.0,0,6
1785631712368,1785631712,62789.11,62799.11,0.0,0,6
1785631713376,1785631713,62790.92,62800.92,0.0,0,6
1785631714401,1785631714,62791.6,62801.6,0.0,0,6
1785631716466,1785631716,62792.62,62802.62,0.0,0,6
1785631717492,1785631717,62790.47,62800.47,0.0,0,6
1785631718512,1785631718,62790.55,62800.55,0.0,0,6
1785631719518,1785631719,62788.94,62798.94,0.0,0,6
1785631720697,1785631720,62788.45,62798.45,0.0,0,6
1785631721743,1785631721,62789.23,62799.23,0.0,0,6
1785631722786,1785631722,62788.28,62798.28,0.0,0,6
1785631723791,1785631723,62788.21,62798.21,0.0,0,6
1785631724811,1785631724,62791.12,62801.12,0.0,0,6
1785631725824,1785631725,62790.09,62800.09,0.0,0,6
1785631727142,1785631727,62790.99,62800.99,0.0,0,6
1785631728163,1785631728,62788.63,62798.63,0.0,0,6
1785631729190,1785631729,62787.03,62797.03,0.0,0,6
1785631730192,1785631730,62786.36,62796.36,0.0,0,6
1785631731158,1785631731,62784.1,62794.1,0.0,0,6
1785631731202,1785631731,62782.73,62792.73,0.0,0,6
1785631732277,1785631732,62785.35,62795.35,0.0,0,6
1785631733284,1785631733,62783.86,62793.86,0.0,0,6
1785631734357,1785631734,62786.53,62796.53,0.0,0,6
1785631735370,1785631735,62787.07,62797.07,0.0,0,6
1785631736410,1785631736,62787.06,62797.06,0.0,0,6
1785631737449,1785631737,62787.08,62797.08,0.0,0,6
1785631738500,1785631738,62790.66,62800.66,0.0,0,6
1785631739593,1785631739,62790.65,62800.65,0.0,0,6
1785631740628,1785631740,62790.65,62800.65,0.0,0,2
1785631742670,1785631742,62789.62,62799.62,0.0,0,6
1785631743718,1785631743,62787.49,62797.49,0.0,0,6
1785631744771,1785631744,62784.54,62794.54,0.0,0,6
1785631745889,1785631745,62787.38,62797.38,0.0,0,6
1785631746904,1785631746,62786.73,62796.73,0.0,0,6
1785631747915,1785631747,62785.3,62795.3,0.0,0,6
1785631748986,1785631748,62786.14,62796.14,0.0,0,6
1785631749499,1785631749,62783.78,62793.78,0.0,0,6
1785631749701,1785631749,62782.23,62792.23,0.0,0,6
1785631749701,1785631749,62780.43,62790.43,0.0,0,6
1785631749729,1785631749,62778.52,62788.52,0.0,0,6
1785631749773,1785631749,62776.87,62786.87,0.0,0,6
1785631750794,1785631750,62776.28,62786.28,0.0,0,6
1785631751832,1785631751,62780.61,62790.61,0.0,0,6
1785631752838,1785631752,62779.64,62789.64,0.0,0,6
1785631753569,1785631753,62777.88,62787.88,0.0,0,6
1785631754700,1785631754,62777.28,62787.28,0.0,0,6
1785631755746,1785631755,62776.81,62786.81,0.0,0,6
1785631756749,1785631756,62778.2,62788.2,0.0,0,6
1785631757829,1785631757,62777.89,62787.89,0.0,0,6
1785631758847,1785631758,62778.65,62788.65,0.0,0,6
1785631759893,1785631759,62776.4,62786.4,0.0,0,6
1785631760896,1785631760,62777.41,62787.41,0.0,0,6
1785631761916,1785631761,62774.35,62784.35,0.0,0,6
1785631762928,1785631762,62776.56,62786.56,0.0,0,6
1785631764039,1785631764,62775.01,62785.01,0.0,0,6
1785631765161,1785631765,62772.65,62782.65,0.0,0,6
1785631766217,1785631766,62779.25,62789.25,0.0,0,6
1785631767298,1785631767,62773.14,62783.14,0.0,0,6
1785631768362,1785631768,62775.43,62785.43,0.0,0,6
1785631769372,1785631769,62780.72,62790.72,0.0,0,6
1785631769572,1785631769,62778.67,62788.67,0.0,0,6
1785631769585,1785631769,62776.07,62786.07,0.0,0,6
1785631769598,1785631769,62773.82,62783.82,0.0,0,6
1785631770620,1785631770,62773.84,62783.84,0.0,0,6
1785631771587,1785631771,62773.91,62783.91,0.0,0,6
1785631771618,1785631771,62775.76,62785.76,0.0,0,6
1785631771629,1785631771,62780.81,62790.81,0.0,0,6
1785631772640,1785631772,62780.89,62790.89,0.0,0,6
1785631773708,1785631773,62773.09,62783.09,0.0,0,6
1785631774751,1785631774,62777.89,62787.89,0.0,0,6
1785631775817,1785631775,62779.39,62789.39,0.0,0,6
1785631777008,1785631777,62778.22,62788.22,0.0,0,6
1785631778328,1785631778,62774.34,62784.34,0.0,0,6
1785631779506,1785631779,62776.36,62786.36,0.0,0,6
1785631780538,1785631780,62778.23,62788.23,0.0,0,6
1785631781626,1785631781,62777.65,62787.65,0.0,0,6
1785631782888,1785631782,62777.26,62787.26,0.0,0,6
1785631783911,1785631783,62777.17,62787.17,0.0,0,6
1785631784934,1785631784,62776.06,62786.06,0.0,0,6
1785631785948,1785631785,62777.46,62787.46,0.0,0,6
1785631787049,1785631787,62776.65,62786.65,0.0,0,6
1785631788049,1785631788,62779.22,62789.22,0.0,0,6
1785631788102,1785631788,62773.27,62783.27,0.0,0,6
1785631789128,1785631789,62774.59,62784.59,0.0,0,6
1785631790206,1785631790,62773.28,62783.28,0.0,0,6
1785631791319,1785631791,62771.58,62781.58,0.0,0,6
1785631792337,1785631792,62774.58,62784.58,0.0,0,6
1785631793344,1785631793,62774.57,62784.57,0.0,0,6
1785631794345,1785631794,62773.2,62783.2,0.0,0,6
1785631795373,1785631795,62772.02,62782.02,0.0,0,6
1785631796395,1785631796,62770.46,62780.46,0.0,0,6
1785631797399,1785631797,62772.12,62782.12,0.0,0,6
1785631798510,1785631798,62773.42,62783.42,0.0,0,6
1785631799509,1785631799,62772.94,62782.94,0.0,0,6
1785631800549,1785631800,62774.57,62784.57,0.0,0,6
1785631801566,1785631801,62766.87,62776.87,0.0,0,6
1785631802641,1785631802,62771.76,62781.76,0.0,0,6
1785631803693,1785631803,62772.87,62782.87,0.0,0,6
1785631804696,1785631804,62773.22,62783.22,0.0,0,6
1785631805718,1785631805,62773.55,62783.55,0.0,0,6
1785631806738,1785631806,62771.68,62781.68,0.0,0,6
1785631807768,1785631807,62769.02,62779.02,0.0,0,6
1785631809813,1785631809,62772.24,62782.24,0.0,0,6
1785631811119,1785631811,62773.87,62783.87,0.0,0,6
1785631812143,1785631812,62773.77,62783.77,0.0,0,6
1785631813168,1785631813,62771.44,62781.44,0.0,0,6
1785631814279,1785631814,62773.36,62783.36,0.0,0,6
1785631815299,1785631815,62774.38,62784.38,0.0,0,6
1785631816639,1785631816,62778.16,62788.16,0.0,0,6
1785631817701,1785631817,62778.94,62788.94,0.0,0,6
1785631819018,1785631819,62778.95,62788.95,0.0,0,6
1785631820508,1785631820,62778.96,62788.96,0.0,0,6
1785631821689,1785631821,62778.98,62788.98,0.0,0,6
1785631822928,1785631822,62778.99,62788.99,0.0,0,6
1785631824018,1785631824,62779.0,62789.0,0.0,0,6
1785631825029,1785631825,62779.01,62789.01,0.0,0,6
1785631826118,1785631826,62779.02,62789.02,0.0,0,6
1785631827409,1785631827,62779.03,62789.03,0.0,0,6
1785631829423,1785631829,62778.98,62788.98,0.0,0,6
1785631830596,1785631830,62779.05,62789.05,0.0,0,6
1785631832234,1785631832,62779.06,62789.06,0.0,0,6
1785631833373,1785631833,62779.08,62789.08,0.0,0,6
1785631836419,1785631836,62774.53,62784.53,0.0,0,6
1785631837420,1785631837,62773.23,62783.23,0.0,0,6
1785631838451,1785631838,62771.77,62781.77,0.0,0,6
1785631839468,1785631839,62771.12,62781.12,0.0,0,6
1785631840483,1785631840,62771.13,62781.13,0.0,0,6
1785631841496,1785631841,62774.56,62784.56,0.0,0,6
1785631842510,1785631842,62776.85,62786.85,0.0,0,6
1785631843526,1785631843,62778.01,62788.01,0.0,0,6
1785631844536,1785631844,62779.16,62789.16,0.0,0,6
1785631845558,1785631845,62779.17,62789.17,0.0,0,6
1785631846572,1785631846,62779.18,62789.18,0.0,0,6
1785631847579,1785631847,62778.9,62788.9,0.0,0,6
1785631848601,1785631848,62777.76,62787.76,0.0,0,6
1785631849617,1785631849,62779.2,62789.2,0.0,0,6
1785631850634,1785631850,62776.79,62786.79,0.0,0,6
1785631851645,1785631851,62778.31,62788.31,0.0,0,6
1785631852659,1785631852,62779.22,62789.22,0.0,0,6
1785631854691,1785631854,62778.88,62788.88,0.0,0,6
1785631855697,1785631855,62777.12,62787.12,0.0,0,6
1785631856709,1785631856,62777.06,62787.06,0.0,0,6
1785631857722,1785631857,62775.58,62785.58,0.0,0,6
1785631858726,1785631858,62775.71,62785.71,0.0,0,6
1785631859737,1785631859,62776.42,62786.42,0.0,0,6
1785631860790,1785631860,62778.45,62788.45,0.0,0,6
1785631861805,1785631861,62777.73,62787.73,0.0,0,6
1785631862822,1785631862,62778.96,62788.96,0.0,0,6
1785631863830,1785631863,62778.56,62788.56,0.0,0,6
1785631864852,1785631864,62779.29,62789.29,0.0,0,6
1785631865866,1785631865,62779.3,62789.3,0.0,0,6
1785631866881,1785631866,62779.31,62789.31,0.0,0,6
1785631868913,1785631868,62779.2,62789.2,0.0,0,6
1785631869929,1785631869,62776.09,62786.09,0.0,0,6
1785631870945,1785631870,62775.4,62785.4,0.0,0,6
1785631872009,1785631872,62774.41,62784.41,0.0,0,6
1785631873014,1785631873,62776.87,62786.87,0.0,0,6
1785631874039,1785631874,62776.34,62786.34,0.0,0,6
1785631875076,1785631875,62776.91,62786.91,0.0,0,6
1785631876093,1785631876,62776.14,62786.14,0.0,0,6
1785631877101,1785631877,62776.82,62786.82,0.0,0,6
1785631878207,1785631878,62775.86,62785.86,0.0,0,6
1785631878788,1785631878,62771.3,62781.3,0.0,0,6
1785631878899,1785631878,62769.97,62779.97,0.0,0,6
1785631879539,1785631879,62769.1,62779.1,0.0,0,6
1785631880639,1785631880,62766.71,62776.71,0.0,0,6
1785631881989,1785631881,62766.79,62776.79,0.0,0,6
1785631883089,1785631883,62771.29,62781.29,0.0,0,6
1785631884539,1785631884,62771.25,62781.25,0.0,0,6
1785631885538,1785631885,62771.27,62781.27,0.0,0,6
1785631887006,1785631887,62765.43,62775.43,0.0,0,6
1785631888048,1785631888,62765.19,62775.19,0.0,0,6
1785631889068,1785631889,62769.2,62779.2,0.0,0,6
1785631890089,1785631890,62771.33,62781.33,0.0,0,6
1785631891148,1785631891,62771.34,62781.34,0.0,0,6
1785631892177,1785631892,62771.36,62781.36,0.0,0,6
1785631893360,1785631893,62769.1,62779.1,0.0,0,6
1785631894388,1785631894,62766.46,62776.46,0.0,0,6
1785631895408,1785631895,62765.62,62775.62,0.0,0,6
1785631896499,1785631896,62768.81,62778.81,0.0,0,6
1785631897569,1785631897,62771.42,62781.42,0.0,0,6
1785631898700,1785631898,62771.43,62781.43,0.0,0,6
1785631899827,1785631899,62771.45,62781.45,0.0,0,6
1785631900989,1785631900,62771.46,62781.46,0.0,0,6
1785631902038,1785631902,62771.17,62781.17,0.0,0,6
1785631903161,1785631903,62775.06,62785.06,0.0,0,6
1785631904287,1785631904,62774.61,62784.61,0.0,0,6
1785631905415,1785631905,62769.78,62779.78,0.0,0,6
1785631906449,1785631906,62768.92,62778.92,0.0,0,6
1785631908518,1785631908,62771.02,62781.02,0.0,0,6
1785631909728,1785631909,62775.71,62785.71,0.0,0,6
1785631910818,1785631910,62775.72,62785.72,0.0,0,6
1785631911968,1785631911,62775.39,62785.39,0.0,0,6
1785631913433,1785631913,62771.32,62781.32,0.0,0,6
1785631914501,1785631914,62771.64,62781.64,0.0,0,6
1785631915696,1785631915,62770.16,62780.16,0.0,0,6
1785631916700,1785631916,62771.55,62781.55,0.0,0,6
1785631917870,1785631917,62771.8,62781.8,0.0,0,6
1785631918948,1785631918,62770.12,62780.12,0.0,0,6
1785631920205,1785631920,62772.16,62782.16,0.0,0,6
1785631921274,1785631921,62772.96,62782.96,0.0,0,6
1785631921472,1785631921,62765.59,62775.59,0.0,0,6
1785631922509,1785631922,62763.57,62773.57,0.0,0,6
1785631923612,1785631923,62764.08,62774.08,0.0,0,6
1785631924697,1785631924,62766.11,62776.11,0.0,0,6
1785631925700,1785631925,62765.54,62775.54,0.0,0,6
1785631926888,1785631926,62767.28,62777.28,0.0,0,6
1785631927976,1785631927,62759.35,62769.35,0.0,0,6
1785631928984,1785631928,62765.6,62775.6,0.0,0,6
1785631929990,1785631929,62767.41,62777.41,0.0,0,6
1785631931088,1785631931,62766.98,62776.98,0.0,0,6
1785631932155,1785631932,62764.08,62774.08,0.0,0,6
1785631933179,1785631933,62763.77,62773.77,0.0,0,6
1785631934408,1785631934,62763.32,62773.32,0.0,0,6
1785631934820,1785631934,62761.08,62771.08,0.0,0,6
1785631935507,1785631935,62762.57,62772.57,0.0,0,6
1785631935546,1785631935,62760.76,62770.76,0.0,0,6
1785631935816,1785631935,62757.7,62767.7,0.0,0,6
1785631935950,1785631935,62754.05,62764.05,0.0,0,6
1785631936931,1785631936,62753.65,62763.65,0.0,0,6
1785631937942,1785631937,62757.51,62767.51,0.0,0,6
1785631938991,1785631938,62757.52,62767.52,0.0,0,6
1785631941119,1785631941,62757.54,62767.54,0.0,0,6
1785631942302,1785631942,62756.63,62766.63,0.0,0,6
1785631943305,1785631943,62754.25,62764.25,0.0,0,6
1785631944488,1785631944,62752.5,62762.5,0.0,0,6
1785631945510,1785631945,62748.56,62758.56,0.0,0,6
1785631946559,1785631946,62754.91,62764.91,0.0,0,6
1785631947818,1785631947,62754.95,62764.95,0.0,0,6
1785631949119,1785631949,62748.67,62758.67,0.0,0,6
1785631950133,1785631950,62748.16,62758.16,0.0,0,6
1785631951231,1785631951,62755.08,62765.08,0.0,0,6
1785631952501,1785631952,62754.37,62764.37,0.0,0,6
1785631953638,1785631953,62755.08,62765.08,0.0,0,6
1785631954818,1785631954,62755.2,62765.2,0.0,0,6
1785631955825,1785631955,62755.24,62765.24,0.0,0,6
1785631956901,1785631956,62755.28,62765.28,0.0,0,6
1785631958023,1785631958,62755.32,62765.32,0.0,0,6
1785631959075,1785631959,62752.96,62762.96,0.0,0,6
1785631960171,1785631960,62756.83,62766.83,0.0,0,6
1785631961177,1785631961,62759.63,62769.63,0.0,0,6
1785631963317,1785631963,62759.71,62769.71,0.0,0,6
1785631964320,1785631964,62759.66,62769.66,0.0,0,6
1785631965355,1785631965,62759.78,62769.78,0.0,0,6
1785631966403,1785631966,62759.81,62769.81,0.0,0,6
1785631967407,1785631967,62759.85,62769.85,0.0,0,6
1785631968408,1785631968,62759.88,62769.88,0.0,0,6
1785631969519,1785631969,62759.92,62769.92,0.0,0,6
1785631971652,1785631971,62756.38,62766.38,0.0,0,6
1785631972678,1785631972,62759.55,62769.55,0.0,0,6
1785631973704,1785631973,62760.05,62770.05,0.0,0,6
1785631974706,1785631974,62758.71,62768.71,0.0,0,6
1785631975793,1785631975,62755.46,62765.46,0.0,0,6
1785631976794,1785631976,62754.2,62764.2,0.0,0,6
1785631977802,1785631977,62756.96,62766.96,0.0,0,6
1785631978837,1785631978,62758.51,62768.51,0.0,0,6
1785631979916,1785631979,62759.05,62769.05,0.0,0,6
1785631980990,1785631980,62756.33,62766.33,0.0,0,6
1785631981998,1785631981,62758.75,62768.75,0.0,0,6
1785631983023,1785631983,62756.43,62766.43,0.0,0,6
1785631984039,1785631984,62757.24,62767.24,0.0,0,6
1785631985223,1785631985,62755.97,62765.97,0.0,0,6
1785631986240,1785631986,62753.34,62763.34,0.0,0,6
1785631987344,1785631987,62754.0,62764.0,0.0,0,6
1785631988418,1785631988,62754.43,62764.43,0.0,0,6
1785631989459,1785631989,62754.09,62764.09,0.0,0,6
1785631990494,1785631990,62754.16,62764.16,0.0,0,6
1785631991540,1785631991,62756.92,62766.92,0.0,0,6
1785631992576,1785631992,62755.68,62765.68,0.0,0,6
1785631993586,1785631993,62756.04,62766.04,0.0,0,6
1785631994593,1785631994,62754.73,62764.73,0.0,0,6
1785631995682,1785631995,62755.47,62765.47,0.0,0,6
1785631996683,1785631996,62756.52,62766.52,0.0,0,6
1785631997697,1785631997,62760.66,62770.66,0.0,0,6
1785631998773,1785631998,62760.67,62770.67,0.0,0,6
1785631999892,1785631999,62760.68,62770.68,0.0,0,6
1785632000993,1785632000,62760.7,62770.7,0.0,0,6
1785632003028,1785632003,62760.71,62770.71,0.0,0,6
1785632004248,1785632004,62760.73,62770.73,0.0,0,6
1785632005337,1785632005,62760.75,62770.75,0.0,0,6
1785632006454,1785632006,62760.76,62770.76,0.0,0,6
1785632007597,1785632007,62760.77,62770.77,0.0,0,6
1785632008696,1785632008,62760.78,62770.78,0.0,0,6
1785632010729,1785632010,62758.09,62768.09,0.0,0,6
1785632011936,1785632011,62760.07,62770.07,0.0,0,6
1785632013017,1785632013,62760.38,62770.38,0.0,0,6
1785632014078,1785632014,62758.15,62768.15,0.0,0,6
1785632015251,1785632015,62758.33,62768.33,0.0,0,6
1785632016328,1785632016,62759.73,62769.73,0.0,0,6
1785632017350,1785632017,62760.14,62770.14,0.0,0,6
1785632018388,1785632018,62757.52,62767.52,0.0,0,6
1785632019597,1785632019,62756.08,62766.08,0.0,0,6
1785632020628,1785632020,62758.41,62768.41,0.0,0,6
1785632021647,1785632021,62760.57,62770.57,0.0,0,6
1785632022675,1785632022,62760.92,62770.92,0.0,0,6
1785632023695,1785632023,62759.12,62769.12,0.0,0,6
1785632024708,1785632024,62759.25,62769.25,0.0,0,6
1785632025716,1785632025,62758.92,62768.92,0.0,0,6
1785632026779,1785632026,62760.93,62770.93,0.0,0,6
1785632027809,1785632027,62760.96,62770.96,0.0,0,6
1785632028912,1785632028,62760.98,62770.98,0.0,0,6
1785632029941,1785632029,62760.99,62770.99,0.0,0,6
1785632030982,1785632030,62760.88,62770.88,0.0,0,6
1785632031988,1785632031,62760.0,62770.0,0.0,0,6
1785632033064,1785632033,62760.69,62770.69,0.0,0,6
1785632034169,1785632034,62756.14,62766.14,0.0,0,6
1785632035235,1785632035,62755.61,62765.61,0.0,0,6
1785632036240,1785632036,62755.57,62765.57,0.0,0,6
1785632037248,1785632037,62761.05,62771.05,0.0,0,6
1785632038268,1785632038,62759.65,62769.65,0.0,0,6
1785632039389,1785632039,62756.49,62766.49,0.0,0,6
1785632040489,1785632040,62756.2,62766.2,0.0,0,6
1785632041501,1785632041,62758.92,62768.92,0.0,0,6
1785632042650,1785632042,62754.76,62764.76,0.0,0,6
1785632043703,1785632043,62757.67,62767.67,0.0,0,6
1785632045421,1785632045,62756.38,62766.38,0.0,0,6
1785632046431,1785632046,62755.43,62765.43,0.0,0,6
1785632047501,1785632047,62756.86,62766.86,0.0,0,6
1785632048559,1785632048,62755.78,62765.78,0.0,0,6
1785632049902,1785632049,62756.7,62766.7,0.0,0,6
1785632050978,1785632050,62749.84,62759.84,0.0,0,6
1785632052032,1785632052,62753.96,62763.96,0.0,0,6
1785632053058,1785632053,62756.86,62766.86,0.0,0,6
1785632054750,1785632054,62751.89,62761.89,0.0,0,6
1785632055787,1785632055,62751.46,62761.46,0.0,0,6
1785632056892,1785632056,62752.7,62762.7,0.0,0,6
1785632057927,1785632057,62753.55,62763.55,0.0,0,6
1785632058969,1785632058,62753.95,62763.95,0.0,0,6
1785632060109,1785632060,62751.83,62761.83,0.0,0,6
1785632061407,1785632061,62750.9,62760.9,0.0,0,6
1785632062419,1785632062,62751.04,62761.04,0.0,0,6
1785632063642,1785632063,62753.96,62763.96,0.0,0,6
1785632066397,1785632066,62753.29,62763.29,0.0,0,6
1785632067449,1785632067,62745.95,62755.95,0.0,0,6
1785632068508,1785632068,62752.24,62762.24,0.0,0,6
1785632069542,1785632069,62753.95,62763.95,0.0,0,6
1785632070928,1785632070,62752.83,62762.83,0.0,0,6
1785632072016,1785632072,62747.03,62757.03,0.0,0,6
1785632073049,1785632073,62750.68,62760.68,0.0,0,6
1785632074371,1785632074,62753.94,62763.94,0.0,0,6
1785632074929,1785632074,62753.27,62763.27,0.0,0,6
1785632076028,1785632076,62752.07,62762.07,0.0,0,6
1785632077048,1785632077,62748.47,62758.47,0.0,0,6
1785632078098,1785632078,62750.52,62760.52,0.0,0,6
1785632079118,1785632079,62753.05,62763.05,0.0,0,6
1785632080199,1785632080,62749.63,62759.63,0.0,0,6
1785632081410,1785632081,62749.61,62759.61,0.0,0,6
1785632082416,1785632082,62751.14,62761.14,0.0,0,6
1785632083697,1785632083,62751.86,62761.86,0.0,0,6
1785632084805,1785632084,62751.42,62761.42,0.0,0,6
1785632085899,1785632085,62752.83,62762.83,0.0,0,6
1785632087100,1785632087,62752.95,62762.95,0.0,0,6
1785632088100,1785632088,62752.36,62762.36,0.0,0,6
1785632089102,1785632089,62752.9,62762.9,0.0,0,6
1785632089914,1785632089,62751.77,62761.77,0.0,0,6
1785632089929,1785632089,62748.7,62758.7,0.0,0,6
1785632091085,1785632091,62748.72,62758.72,0.0,0,6
1785632092169,1785632092,62745.93,62755.93,0.0,0,6
1785632093178,1785632093,62746.61,62756.61,0.0,0,6
1785632094199,1785632094,62748.76,62758.76,0.0,0,6
1785632095477,1785632095,62744.69,62754.69,0.0,0,6
1785632096500,1785632096,62744.28,62754.28,0.0,0,6
1785632097614,1785632097,62748.83,62758.83,0.0,0,6
1785632098655,1785632098,62746.9,62756.9,0.0,0,6
1785632099700,1785632099,62748.85,62758.85,0.0,0,6
1785632100832,1785632100,62745.83,62755.83,0.0,0,6
1785632101929,1785632101,62746.88,62756.88,0.0,0,6
1785632103036,1785632103,62748.62,62758.62,0.0,0,6
1785632104101,1785632104,62748.94,62758.94,0.0,0,6
1785632105251,1785632105,62748.96,62758.96,0.0,0,6
1785632106420,1785632106,62748.98,62758.98,0.0,0,6
1785632107427,1785632107,62747.63,62757.63,0.0,0,6
1785632108460,1785632108,62748.18,62758.18,0.0,0,6
1785632109499,1785632109,62749.02,62759.02,0.0,0,6
1785632110519,1785632110,62747.03,62757.03,0.0,0,6
1785632111587,1785632111,62747.71,62757.71,0.0,0,6
1785632112598,1785632112,62752.28,62762.28,0.0,0,6
1785632113605,1785632113,62753.2,62763.2,0.0,0,6
1785632114634,1785632114,62752.0,62762.0,0.0,0,6
1785632115713,1785632115,62747.43,62757.43,0.0,0,6
1785632116749,1785632116,62745.25,62755.25,0.0,0,6
1785632117750,1785632117,62747.86,62757.86,0.0,0,6
1785632118930,1785632118,62751.87,62761.87,0.0,0,6
1785632119974,1785632119,62753.25,62763.25,0.0,0,6
1785632121015,1785632121,62753.26,62763.26,0.0,0,6
1785632121913,1785632121,62748.99,62758.99,0.0,0,6
1785632123088,1785632123,62748.52,62758.52,0.0,0,6
1785632124302,1785632124,62748.51,62758.51,0.0,0,6
1785632125529,1785632125,62748.19,62758.19,0.0,0,6
1785632126650,1785632126,62748.27,62758.27,0.0,0,6
1785632128088,1785632128,62748.36,62758.36,0.0,0,6
1785632129135,1785632129,62748.46,62758.46,0.0,0,6
1785632130228,1785632130,62747.04,62757.04,0.0,0,6
1785632131318,1785632131,62746.55,62756.55,0.0,0,6
1785632132477,1785632132,62746.71,62756.71,0.0,0,6
1785632133508,1785632133,62748.41,62758.41,0.0,0,6
1785632134509,1785632134,62748.4,62758.4,0.0,0,6
1785632135509,1785632135,62747.36,62757.36,0.0,0,6
1785632136518,1785632136,62748.27,62758.27,0.0,0,6
1785632137696,1785632137,62744.69,62754.69,0.0,0,6
1785632138779,1785632138,62744.77,62754.77,0.0,0,6
1785632139801,1785632139,62748.42,62758.42,0.0,0,6
1785632141882,1785632141,62747.48,62757.48,0.0,0,6
1785632143019,1785632143,62747.54,62757.54,0.0,0,6
1785632144059,1785632144,62746.57,62756.57,0.0,0,6
1785632145099,1785632145,62750.71,62760.71,0.0,0,6
1785632146414,1785632146,62749.45,62759.45,0.0,0,6
1785632147493,1785632147,62748.78,62758.78,0.0,0,6
1785632148619,1785632148,62748.64,62758.64,0.0,0,6
1785632149619,1785632149,62750.08,62760.08,0.0,0,6
1785632150690,1785632150,62750.97,62760.97,0.0,0,6
1785632151787,1785632151,62751.15,62761.15,0.0,0,6
1785632152819,1785632152,62751.52,62761.52,0.0,0,6
1785632153146,1785632153,62746.76,62756.76,0.0,0,6
1785632154222,1785632154,62746.97,62756.97,0.0,0,6
1785632155232,1785632155,62747.41,62757.41,0.0,0,6
1785632156269,1785632156,62748.41,62758.41,0.0,0,6
1785632157137,1785632157,62747.52,62757.52,0.0,0,6
1785632158171,1785632158,62747.09,62757.09,0.0,0,6
1785632159691,1785632159,62743.53,62753.53,0.0,0,6
1785632160829,1785632160,62739.53,62749.53,0.0,0,6
1785632162019,1785632162,62746.92,62756.92,0.0,0,6
1785632163102,1785632163,62740.04,62750.04,0.0,0,6
1785632164204,1785632164,62745.75,62755.75,0.0,0,6
1785632165249,1785632165,62747.55,62757.55,0.0,0,6
1785632166301,1785632166,62742.75,62752.75,0.0,0,6
1785632167328,1785632167,62741.9,62751.9,0.0,0,6
1785632168799,1785632168,62739.58,62749.58,0.0,0,6
1785632169833,1785632169,62739.59,62749.59,0.0,0,6
1785632170967,1785632170,62746.06,62756.06,0.0,0,6
1785632172004,1785632172,62742.43,62752.43,0.0,0,6
1785632173083,1785632173,62739.61,62749.61,0.0,0,6
1785632174113,1785632174,62739.62,62749.62,0.0,0,6
1785632175137,1785632175,62743.19,62753.19,0.0,0,6
1785632176217,1785632176,62743.02,62753.02,0.0,0,6
1785632177220,1785632177,62743.21,62753.21,0.0,0,6
1785632178235,1785632178,62746.5,62756.5,0.0,0,6
1785632179257,1785632179,62748.1,62758.1,0.0,0,6
1785632180286,1785632180,62744.66,62754.66,0.0,0,6
1785632181396,1785632181,62745.02,62755.02,0.0,0,6
1785632182400,1785632182,62745.57,62755.57,0.0,0,6
1785632182487,1785632182,62746.89,62756.89,0.0,0,6
1785632182623,1785632182,62748.24,62758.24,0.0,0,6
1785632183226,1785632183,62749.78,62759.78,0.0,0,6
1785632183289,1785632183,62751.66,62761.66,0.0,0,6
1785632183303,1785632183,62755.13,62765.13,0.0,0,6
1785632184328,1785632184,62755.78,62765.78,0.0,0,6
1785632185344,1785632185,62755.99,62765.99,0.0,0,6
1785632185959,1785632185,62755.1,62765.1,0.0,0,6
1785632185970,1785632185,62750.04,62760.04,0.0,0,6
1785632187159,1785632187,62750.82,62760.82,0.0,0,6
1785632188278,1785632188,62749.86,62759.86,0.0,0,6
1785632189300,1785632189,62749.99,62759.99,0.0,0,6
1785632190419,1785632190,62747.93,62757.93,0.0,0,6
1785632190490,1785632190,62752.34,62762.34,0.0,0,6
1785632190501,1785632190,62755.37,62765.37,0.0,0,6
1785632191579,1785632191,62756.81,62766.81,0.0,0,6
1785632192658,1785632192,62755.3,62765.3,0.0,0,6
1785632193902,1785632193,62754.29,62764.29,0.0,0,6
1785632194976,1785632194,62755.06,62765.06,0.0,0,6
1785632196154,1785632196,62758.75,62768.75,0.0,0,6
1785632197214,1785632197,62756.44,62766.44,0.0,0,6
1785632198400,1785632198,62757.72,62767.72,0.0,0,6
1785632199468,1785632199,62759.7,62769.7,0.0,0,6
1785632200625,1785632200,62759.77,62769.77,0.0,0,6
1785632201701,1785632201,62759.73,62769.73,0.0,0,6
1785632202813,1785632202,62758.7,62768.7,0.0,0,6
1785632204349,1785632204,62756.43,62766.43,0.0,0,6
1785632205357,1785632205,62756.63,62766.63,0.0,0,6
1785632206459,1785632206,62759.27,62769.27,0.0,0,6
1785632207509,1785632207,62759.4,62769.4,0.0,0,6
1785632208510,1785632208,62759.6,62769.6,0.0,0,6
1785632209554,1785632209,62759.58,62769.58,0.0,0,6
1785632210608,1785632210,62757.69,62767.69,0.0,0,6
1785632211618,1785632211,62757.86,62767.86,0.0,0,6
1785632212650,1785632212,62755.41,62765.41,0.0,0,6
1785632212953,1785632212,62760.67,62770.67,0.0,0,6
1785632213109,1785632213,62765.66,62775.66,0.0,0,6
1785632213109,1785632213,62767.21,62777.21,0.0,0,6
1785632213110,1785632213,62768.81,62778.81,0.0,0,6
1785632213205,1785632213,62770.11,62780.11,0.0,0,6
1785632213349,1785632213,62772.9,62782.9,0.0,0,6
1785632213930,1785632213,62773.18,62783.18,0.0,0,6
1785632214949,1785632214,62772.97,62782.97,0.0,0,6
1785632216029,1785632216,62773.13,62783.13,0.0,0,6
1785632216536,1785632216,62772.67,62782.67,0.0,0,6
1785632217435,1785632217,62775.31,62785.31,0.0,0,6
1785632218669,1785632218,62768.28,62778.28,0.0,0,6
1785632219759,1785632219,62774.54,62784.54,0.0,0,6
1785632220798,1785632220,62768.23,62778.23,0.0,0,6
1785632221820,1785632221,62772.31,62782.31,0.0,0,6
1785632222858,1785632222,62771.01,62781.01,0.0,0,6
1785632223949,1785632223,62770.18,62780.18,0.0,0,6
1785632225265,1785632225,62770.48,62780.48,0.0,0,6
1785632226296,1785632226,62773.67,62783.67,0.0,0,6
1785632227345,1785632227,62775.89,62785.89,0.0,0,6
1785632228390,1785632228,62776.02,62786.02,0.0,0,6
1785632229460,1785632229,62775.99,62785.99,0.0,0,6
1785632230489,1785632230,62775.94,62785.94,0.0,0,6
1785632231510,1785632231,62775.91,62785.91,0.0,0,6
1785632232618,1785632232,62775.14,62785.14,0.0,0,6
1785632233689,1785632233,62768.37,62778.37,0.0,0,6
1785632234709,1785632234,62774.28,62784.28,0.0,0,6
1785632235730,1785632235,62769.08,62779.08,0.0,0,6
1785632236838,1785632236,62769.24,62779.24,0.0,0,6
1785632237968,1785632237,62771.14,62781.14,0.0,0,6
1785632238978,1785632238,62771.48,62781.48,0.0,0,6
1785632240118,1785632240,62769.77,62779.77,0.0,0,6
1785632241140,1785632241,62770.38,62780.38,0.0,0,6
1785632242549,1785632242,62770.53,62780.53,0.0,0,6
1785632243589,1785632243,62771.36,62781.36,0.0,0,6
1785632244678,1785632244,62770.92,62780.92,0.0,0,6
1785632245696,1785632245,62769.59,62779.59,0.0,0,6
1785632246718,1785632246,62766.3,62776.3,0.0,0,6
1785632247733,1785632247,62768.06,62778.06,0.0,0,6
1785632248746,1785632248,62771.06,62781.06,0.0,0,6
1785632249758,1785632249,62770.5,62780.5,0.0,0,6
1785632250779,1785632250,62771.12,62781.12,0.0,0,6
1785632251789,1785632251,62766.69,62776.69,0.0,0,6
1785632252803,1785632252,62767.19,62777.19,0.0,0,6
1785632253817,1785632253,62766.85,62776.85,0.0,0,6
1785632254829,1785632254,62765.98,62775.98,0.0,0,6
1785632255845,1785632255,62770.98,62780.98,0.0,0,6
1785632256859,1785632256,62768.88,62778.88,0.0,0,6
1785632257873,1785632257,62768.1,62778.1,0.0,0,6
1785632258887,1785632258,62768.63,62778.63,0.0,0,6
1785632259898,1785632259,62770.41,62780.41,0.0,0,6
1785632260624,1785632260,62770.35,62780.35,0.0,0,6
1785632260637,1785632260,62768.09,62778.09,0.0,0,6
1785632261679,1785632261,62764.08,62774.08,0.0,0,6
1785632262820,1785632262,62766.59,62776.59,0.0,0,6
1785632263827,1785632263,62768.36,62778.36,0.0,0,6
1785632265949,1785632265,62767.87,62777.87,0.0,0,6
1785632267104,1785632267,62767.19,62777.19,0.0,0,6
1785632268169,1785632268,62764.96,62774.96,0.0,0,6
1785632269291,1785632269,62763.74,62773.74,0.0,0,6
1785632270339,1785632270,62764.22,62774.22,0.0,0,6
1785632271430,1785632271,62764.81,62774.81,0.0,0,6
1785632272548,1785632272,62766.75,62776.75,0.0,0,6
1785632273605,1785632273,62766.12,62776.12,0.0,0,6
1785632274608,1785632274,62764.25,62774.25,0.0,0,6
1785632275668,1785632275,62766.82,62776.82,0.0,0,6
1785632276689,1785632276,62766.67,62776.67,0.0,0,6
1785632277989,1785632277,62766.02,62776.02,0.0,0,6
1785632279067,1785632279,62764.99,62774.99,0.0,0,6
1785632280133,1785632280,62766.82,62776.82,0.0,0,6
1785632281138,1785632281,62764.92,62774.92,0.0,0,6
1785632282198,1785632282,62767.15,62777.15,0.0,0,6
1785632283228,1785632283,62766.61,62776.61,0.0,0,6
1785632284259,1785632284,62766.63,62776.63,0.0,0,6
1785632285267,1785632285,62766.52,62776.52,0.0,0,6
1785632286680,1785632286,62768.08,62778.08,0.0,0,6
1785632287696,1785632287,62767.63,62777.63,0.0,0,6
1785632288778,1785632288,62768.35,62778.35,0.0,0,6
1785632292133,1785632292,62767.08,62777.08,0.0,0,6
1785632293159,1785632293,62767.94,62777.94,0.0,0,6
1785632294406,1785632294,62768.73,62778.73,0.0,0,6
1785632295440,1785632295,62769.02,62779.02,0.0,0,6
1785632296458,1785632296,62769.14,62779.14,0.0,0,6
1785632297469,1785632297,62769.36,62779.36,0.0,0,6
1785632298479,1785632298,62769.46,62779.46,0.0,0,6
1785632299561,1785632299,62771.32,62781.32,0.0,0,6
1785632300610,1785632300,62771.58,62781.58,0.0,0,6
1785632301629,1785632301,62771.34,62781.34,0.0,0,6
1785632302648,1785632302,62771.13,62781.13,0.0,0,6
1785632303729,1785632303,62769.6,62779.6,0.0,0,6
1785632304780,1785632304,62770.81,62780.81,0.0,0,6
1785632305798,1785632305,62770.7,62780.7,0.0,0,6
1785632306902,1785632306,62770.62,62780.62,0.0,0,6
1785632307988,1785632307,62770.55,62780.55,0.0,0,6
1785632309119,1785632309,62770.49,62780.49,0.0,0,6
1785632310329,1785632310,62769.99,62779.99,0.0,0,6
1785632311349,1785632311,62767.32,62777.32,0.0,0,6
1785632312388,1785632312,62767.19,62777.19,0.0,0,6
1785632313429,1785632313,62766.5,62776.5,0.0,0,6
1785632314449,1785632314,62765.93,62775.93,0.0,0,6
1785632315479,1785632315,62766.48,62776.48,0.0,0,6
1785632316687,1785632316,62765.48,62775.48,0.0,0,6
1785632317709,1785632317,62765.25,62775.25,0.0,0,6
1785632318862,1785632318,62766.2,62776.2,0.0,0,6
1785632319916,1785632319,62763.62,62773.62,0.0,0,6
1785632321031,1785632321,62763.4,62773.4,0.0,0,6
1785632322047,1785632322,62762.95,62772.95,0.0,0,6
1785632323060,1785632323,62760.85,62770.85,0.0,0,6
1785632324074,1785632324,62760.29,62770.29,0.0,0,6
1785632325088,1785632325,62760.41,62770.41,0.0,0,6
1785632326091,1785632326,62765.43,62775.43,0.0,0,6
1785632327099,1785632327,62766.21,62776.21,0.0,0,6
1785632328108,1785632328,62766.2,62776.2,0.0,0,6
1785632329238,1785632329,62764.51,62774.51,0.0,0,6
1785632330469,1785632330,62762.68,62772.68,0.0,0,6
1785632330999,1785632330,62762.69,62772.69,0.0,0,6
1785632332189,1785632332,62762.1,62772.1,0.0,0,6
1785632333328,1785632333,62759.52,62769.52,0.0,0,6
1785632333618,1785632333,62756.93,62766.93,0.0,0,6
1785632334769,1785632334,62756.58,62766.58,0.0,0,6
1785632335929,1785632335,62757.87,62767.87,0.0,0,6
1785632336438,1785632336,62759.04,62769.04,0.0,0,6
1785632336599,1785632336,62754.36,62764.36,0.0,0,6
1785632337669,1785632337,62750.17,62760.17,0.0,0,6
1785632338718,1785632338,62757.61,62767.61,0.0,0,6
1785632339833,1785632339,62757.04,62767.04,0.0,0,6
1785632341100,1785632341,62754.99,62764.99,0.0,0,6
1785632342700,1785632342,62753.39,62763.39,0.0,0,6
1785632343776,1785632343,62753.81,62763.81,0.0,0,6
1785632344820,1785632344,62752.18,62762.18,0.0,0,6
1785632345944,1785632345,62753.27,62763.27,0.0,0,6
1785632347036,1785632347,62756.52,62766.52,0.0,0,6
1785632348141,1785632348,62758.53,62768.53,0.0,0,6
1785632349227,1785632349,62758.58,62768.58,0.0,0,6
1785632350252,1785632350,62758.62,62768.62,0.0,0,6
1785632351256,1785632351,62758.66,62768.66,0.0,0,6
1785632352412,1785632352,62758.61,62768.61,0.0,0,6
1785632353422,1785632353,62760.26,62770.26,0.0,0,6
1785632354445,1785632354,62761.76,62771.76,0.0,0,6
1785632354949,1785632354,62762.72,62772.72,0.0,0,6
1785632355961,1785632355,62761.23,62771.23,0.0,0,6
1785632357138,1785632357,62759.88,62769.88,0.0,0,6
1785632358154,1785632358,62760.5,62770.5,0.0,0,6
1785632359187,1785632359,62758.38,62768.38,0.0,0,6
1785632360218,1785632360,62757.09,62767.09,0.0,0,6
1785632361599,1785632361,62757.82,62767.82,0.0,0,6
1785632362696,1785632362,62757.33,62767.33,0.0,0,6
1785632363228,1785632363,62758.2,62768.2,0.0,0,6
1785632364259,1785632364,62758.28,62768.28,0.0,0,6
1785632365291,1785632365,62760.53,62770.53,0.0,0,6
1785632366423,1785632366,62763.71,62773.71,0.0,0,6
1785632367602,1785632367,62763.75,62773.75,0.0,0,6
1785632368696,1785632368,62763.79,62773.79,0.0,0,6
1785632369845,1785632369,62763.83,62773.83,0.0,0,6
1785632370903,1785632370,62763.87,62773.87,0.0,0,6
1785632371939,1785632371,62761.84,62771.84,0.0,0,6
1785632373027,1785632373,62762.11,62772.11,0.0,0,6
1785632374135,1785632374,62760.35,62770.35,0.0,0,6
1785632375152,1785632375,62759.62,62769.62,0.0,0,6
1785632376198,1785632376,62759.27,62769.27,0.0,0,6
1785632376680,1785632376,62761.12,62771.12,0.0,0,6
1785632376702,1785632376,62762.62,62772.62,0.0,0,6
1785632377889,1785632377,62762.52,62772.52,0.0,0,6
1785632378920,1785632378,62761.92,62771.92,0.0,0,6
1785632379928,1785632379,62762.87,62772.87,0.0,0,6
1785632380328,1785632380,62764.46,62774.46,0.0,0,6
1785632380710,1785632380,62766.66,62776.66,0.0,0,6
1785632380726,1785632380,62769.18,62779.18,0.0,0,6
1785632381729,1785632381,62768.73,62778.73,0.0,0,6
1785632382735,1785632382,62769.71,62779.71,0.0,0,6
1785632383819,1785632383,62768.94,62778.94,0.0,0,6
1785632384976,1785632384,62769.27,62779.27,0.0,0,6
1785632385977,1785632385,62770.44,62780.44,0.0,0,6
1785632387069,1785632387,62773.32,62783.32,0.0,0,6
1785632388089,1785632388,62772.96,62782.96,0.0,0,6
1785632388529,1785632388,62776.31,62786.31,0.0,0,6
1785632389581,1785632389,62776.26,62786.26,0.0,0,6
1785632390596,1785632390,62776.22,62786.22,0.0,0,6
1785632391604,1785632391,62776.18,62786.18,0.0,0,6
1785632392619,1785632392,62771.91,62781.91,0.0,0,6
1785632393721,1785632393,62772.75,62782.75,0.0,0,6
1785632394767,1785632394,62770.29,62780.29,0.0,0,6
1785632395859,1785632395,62770.95,62780.95,0.0,0,6
1785632396898,1785632396,62771.11,62781.11,0.0,0,6
1785632397939,1785632397,62770.2,62780.2,0.0,0,6
1785632399048,1785632399,62768.29,62778.29,0.0,0,6
1785632400079,1785632400,62770.73,62780.73,0.0,0,6
1785632400698,1785632400,62772.47,62782.47,0.0,0,6
1785632400799,1785632400,62774.3,62784.3,0.0,0,6
1785632400826,1785632400,62777.11,62787.11,0.0,0,6
1785632400900,1785632400,62778.7,62788.7,0.0,0,6
1785632401077,1785632401,62784.16,62794.16,0.0,0,6
1785632402086,1785632402,62783.51,62793.51,0.0,0,6
1785632403094,1785632403,62779.61,62789.61,0.0,0,6
1785632404098,1785632404,62782.4,62792.4,0.0,0,6
1785632405099,1785632405,62779.64,62789.64,0.0,0,6
1785632406100,1785632406,62781.25,62791.25,0.0,0,6
1785632407102,1785632407,62784.1,62794.1,0.0,0,6
1785632408271,1785632408,62784.83,62794.83,0.0,0,6
1785632409279,1785632409,62786.36,62796.36,0.0,0,6
1785632410285,1785632410,62781.79,62791.79,0.0,0,6
1785632411302,1785632411,62786.32,62796.32,0.0,0,6
1785632412339,1785632412,62786.3,62796.3,0.0,0,6
1785632413399,1785632413,62784.55,62794.55,0.0,0,6
1785632414476,1785632414,62784.58,62794.58,0.0,0,6
1785632415523,1785632415,62783.55,62793.55,0.0,0,6
1785632416553,1785632416,62786.22,62796.22,0.0,0,6
1785632417566,1785632417,62783.63,62793.63,0.0,0,6
1785632418578,1785632418,62783.74,62793.74,0.0,0,6
1785632419588,1785632419,62782.18,62792.18,0.0,0,6
1785632420627,1785632420,62784.65,62794.65,0.0,0,6
1785632421746,1785632421,62786.12,62796.12,0.0,0,6
1785632422755,1785632422,62786.1,62796.1,0.0,0,6
1785632423851,1785632423,62786.08,62796.08,0.0,0,6
1785632424870,1785632424,62784.64,62794.64,0.0,0,6
1785632426018,1785632426,62784.53,62794.53,0.0,0,6
1785632427101,1785632427,62781.84,62791.84,0.0,0,6
1785632428193,1785632428,62781.8,62791.8,0.0,0,6
1785632430291,1785632430,62781.77,62791.77,0.0,0,6
1785632431313,1785632431,62781.75,62791.75,0.0,0,6
1785632432342,1785632432,62781.74,62791.74,0.0,0,6
1785632433398,1785632433,62781.65,62791.65,0.0,0,6
1785632434709,1785632434,62781.55,62791.55,0.0,0,6
1785632436022,1785632436,62780.5,62790.5,0.0,0,6
1785632437039,1785632437,62780.34,62790.34,0.0,0,6
1785632439500,1785632439,62781.64,62791.64,0.0,0,6
1785632440501,1785632440,62780.78,62790.78,0.0,0,6
1785632441956,1785632441,62781.59,62791.59,0.0,0,6
1785632442984,1785632442,62778.95,62788.95,0.0,0,6
1785632444064,1785632444,62779.63,62789.63,0.0,0,6
1785632445091,1785632445,62777.96,62787.96,0.0,0,6
1785632446092,1785632446,62779.86,62789.86,0.0,0,6
1785632447106,1785632447,62781.52,62791.52,0.0,0,6
1785632448188,1785632448,62781.51,62791.51,0.0,0,6
1785632449191,1785632449,62781.35,62791.35,0.0,0,6
1785632450276,1785632450,62781.48,62791.48,0.0,0,6
1785632452396,1785632452,62781.45,62791.45,0.0,0,6
1785632453399,1785632453,62781.44,62791.44,0.0,0,6
1785632454519,1785632454,62780.78,62790.78,0.0,0,6
1785632455568,1785632455,62778.02,62788.02,0.0,0,6
1785632456589,1785632456,62778.77,62788.77,0.0,0,6
1785632457662,1785632457,62778.21,62788.21,0.0,0,6
1785632458688,1785632458,62778.29,62788.29,0.0,0,6
1785632459694,1785632459,62779.82,62789.82,0.0,0,6
1785632460695,1785632460,62778.99,62788.99,0.0,0,6
1785632461748,1785632461,62779.47,62789.47,0.0,0,6
1785632462773,1785632462,62779.03,62789.03,0.0,0,6
1785632463853,1785632463,62778.3,62788.3,0.0,0,6
1785632464924,1785632464,62779.6,62789.6,0.0,0,6
1785632465960,1785632465,62778.41,62788.41,0.0,0,6
1785632467032,1785632467,62776.02,62786.02,0.0,0,6
1785632468070,1785632468,62775.96,62785.96,0.0,0,6
1785632469099,1785632469,62775.57,62785.57,0.0,0,6
1785632470110,1785632470,62773.31,62783.31,0.0,0,6
1785632471248,1785632471,62773.25,62783.25,0.0,0,6
1785632472396,1785632472,62773.22,62783.22,0.0,0,6
1785632473398,1785632473,62775.43,62785.43,0.0,0,6
1785632474409,1785632474,62774.56,62784.56,0.0,0,6
1785632475441,1785632475,62777.71,62787.71,0.0,0,6
1785632476447,1785632476,62778.71,62788.71,0.0,0,6
1785632477508,1785632477,62778.47,62788.47,0.0,0,6
1785632478596,1785632478,62779.24,62789.24,0.0,0,6
1785632479597,1785632479,62779.28,62789.28,0.0,0,6
1785632480642,1785632480,62778.68,62788.68,0.0,0,6
1785632481737,1785632481,62778.91,62788.91,0.0,0,6
1785632482763,1785632482,62780.58,62790.58,0.0,0,6
1785632483780,1785632483,62780.05,62790.05,0.0,0,6
1785632484826,1785632484,62779.15,62789.15,0.0,0,6
1785632485846,1785632485,62778.7,62788.7,0.0,0,6
1785632486881,1785632486,62778.8,62788.8,0.0,0,6
1785632487940,1785632487,62781.0,62791.0,0.0,0,6
1785632488956,1785632488,62781.06,62791.06,0.0,0,6
1785632489969,1785632489,62779.24,62789.24,0.0,0,6
1785632491022,1785632491,62778.53,62788.53,0.0,0,6
1785632492038,1785632492,62778.39,62788.39,0.0,0,6
1785632493088,1785632493,62781.03,62791.03,0.0,0,6
1785632494104,1785632494,62781.02,62791.02,0.0,0,6
1785632495202,1785632495,62779.62,62789.62,0.0,0,6
1785632496277,1785632496,62779.37,62789.37,0.0,0,6
1785632497286,1785632497,62779.89,62789.89,0.0,0,6
1785632498319,1785632498,62780.99,62790.99,0.0,0,6
1785632499321,1785632499,62780.34,62790.34,0.0,0,6
1785632501348,1785632501,62780.96,62790.96,0.0,0,6
1785632503400,1785632503,62780.95,62790.95,0.0,0,6
1785632504479,1785632504,62780.94,62790.94,0.0,0,6
1785632505494,1785632505,62780.54,62790.54,0.0,0,6
1785632506500,1785632506,62779.87,62789.87,0.0,0,6
1785632507505,1785632507,62780.08,62790.08,0.0,0,6
1785632508507,1785632508,62779.88,62789.88,0.0,0,6
1785632509515,1785632509,62780.91,62790.91,0.0,0,6
1785632510597,1785632510,62780.9,62790.9,0.0,0,6
1785632511638,1785632511,62780.81,62790.81,0.0,0,6
1785632512688,1785632512,62780.89,62790.89,0.0,0,6
1785632513821,1785632513,62780.88,62790.88,0.0,0,6
1785632514890,1785632514,62780.87,62790.87,0.0,0,6
1785632515900,1785632515,62780.77,62790.77,0.0,0,6
1785632517005,1785632517,62779.11,62789.11,0.0,0,6
1785632518026,1785632518,62778.74,62788.74,0.0,0,6
1785632519133,1785632519,62778.85,62788.85,0.0,0,6
1785632520188,1785632520,62778.74,62788.74,0.0,0,6
1785632521198,1785632521,62779.03,62789.03,0.0,0,6
1785632522239,1785632522,62777.89,62787.89,0.0,0,6
1785632523278,1785632523,62777.63,62787.63,0.0,0,6
1785632524298,1785632524,62777.66,62787.66,0.0,0,6
1785632525305,1785632525,62778.99,62788.99,0.0,0,6
1785632526307,1785632526,62776.45,62786.45,0.0,0,6
1785632527308,1785632527,62778.57,62788.57,0.0,0,6
1785632528344,1785632528,62778.98,62788.98,0.0,0,6
1785632529400,1785632529,62777.8,62787.8,0.0,0,6
1785632530488,1785632530,62780.82,62790.82,0.0,0,6
1785632531491,1785632531,62782.79,62792.79,0.0,0,6
1785632532902,1785632532,62783.6,62793.6,0.0,0,6
1785632534027,1785632534,62784.22,62794.22,0.0,0,6
1785632535189,1785632535,62782.36,62792.36,0.0,0,6
1785632536241,1785632536,62782.3,62792.3,0.0,0,6
1785632537279,1785632537,62784.45,62794.45,0.0,0,6
1785632538339,1785632538,62785.03,62795.03,0.0,0,6
1785632539361,1785632539,62782.27,62792.27,0.0,0,6
1785632540362,1785632540,62782.32,62792.32,0.0,0,6
1785632541370,1785632541,62783.94,62793.94,0.0,0,6
1785632542396,1785632542,62780.63,62790.63,0.0,0,6
1785632543396,1785632543,62781.73,62791.73,0.0,0,6
1785632544397,1785632544,62781.34,62791.34,0.0,0,6
1785632545399,1785632545,62784.11,62794.11,0.0,0,6
1785632546469,1785632546,62785.07,62795.07,0.0,0,6
1785632547490,1785632547,62783.55,62793.55,0.0,0,6
1785632548600,1785632548,62782.09,62792.09,0.0,0,6
1785632549688,1785632549,62783.87,62793.87,0.0,0,6
1785632550712,1785632550,62783.34,62793.34,0.0,0,6
1785632550832,1785632550,62786.98,62796.98,0.0,0,6
1785632551833,1785632551,62785.55,62795.55,0.0,0,6
1785632552858,1785632552,62786.31,62796.31,0.0,0,6
1785632553858,1785632553,62783.48,62793.48,0.0,0,6
1785632554940,1785632554,62785.71,62795.71,0.0,0,6
1785632555984,1785632555,62787.33,62797.33,0.0,0,6
1785632557071,1785632557,62786.68,62796.68,0.0,0,6
1785632557181,1785632557,62791.43,62801.43,0.0,0,6
1785632557283,1785632557,62793.91,62803.91,0.0,0,6
1785632557330,1785632557,62795.85,62805.85,0.0,0,6
1785632558386,1785632558,62791.46,62801.46,0.0,0,6
1785632559397,1785632559,62791.78,62801.78,0.0,0,6
1785632560400,1785632560,62791.15,62801.15,0.0,0,6
1785632561404,1785632561,62794.07,62804.07,0.0,0,6
1785632561729,1785632561,62797.77,62807.77,0.0,0,6
1785632562736,1785632562,62799.31,62809.31,0.0,0,6
1785632563948,1785632563,62801.95,62811.95,0.0,0,6
1785632565059,1785632565,62793.95,62803.95,0.0,0,6
1785632566218,1785632566,62794.1,62804.1,0.0,0,6
1785632567234,1785632567,62797.42,62807.42,0.0,0,6
1785632568278,1785632568,62797.7,62807.7,0.0,0,6
1785632569388,1785632569,62800.27,62810.27,0.0,0,6
1785632570399,1785632570,62801.93,62811.93,0.0,0,6
1785632571528,1785632571,62801.92,62811.92,0.0,0,6
1785632572538,1785632572,62793.92,62803.92,0.0,0,6
1785632573549,1785632573,62793.91,62803.91,0.0,0,6
1785632574571,1785632574,62796.78,62806.78,0.0,0,6
1785632575709,1785632575,62794.55,62804.55,0.0,0,6
1785632576768,1785632576,62793.9,62803.9,0.0,0,6
1785632577858,1785632577,62797.65,62807.65,0.0,0,6
1785632578879,1785632578,62801.89,62811.89,0.0,0,6
1785632580989,1785632580,62798.4,62808.4,0.0,0,6
1785632582134,1785632582,62798.5,62808.5,0.0,0,6
1785632583293,1785632583,62801.77,62811.77,0.0,0,6
1785632584335,1785632584,62800.94,62810.94,0.0,0,6
1785632585354,1785632585,62798.26,62808.26,0.0,0,6
1785632586398,1785632586,62799.05,62809.05,0.0,0,6
1785632587464,1785632587,62798.67,62808.67,0.0,0,6
1785632588496,1785632588,62801.65,62811.65,0.0,0,6
1785632589509,1785632589,62797.52,62807.52,0.0,0,6
1785632590513,1785632590,62794.45,62804.45,0.0,0,6
1785632591538,1785632591,62796.68,62806.68,0.0,0,6
1785632592600,1785632592,62797.73,62807.73,0.0,0,6
1785632593624,1785632593,62797.62,62807.62,0.0,0,6
1785632596817,1785632596,62797.08,62807.08,0.0,0,6
1785632597840,1785632597,62794.93,62804.93,0.0,0,6
1785632598909,1785632598,62792.97,62802.97,0.0,0,6
1785632599928,1785632599,62796.19,62806.19,0.0,0,6
1785632600969,1785632600,62795.37,62805.37,0.0,0,6
1785632602109,1785632602,62793.73,62803.73,0.0,0,6
1785632603143,1785632603,62793.74,62803.74,0.0,0,6
1785632604161,1785632604,62793.82,62803.82,0.0,0,6
1785632605165,1785632605,62790.77,62800.77,0.0,0,6
1785632606237,1785632606,62791.47,62801.47,0.0,0,6
1785632607240,1785632607,62793.63,62803.63,0.0,0,6
1785632608259,1785632608,62794.42,62804.42,0.0,0,6
1785632609309,1785632609,62795.32,62805.32,0.0,0,6
1785632610349,1785632610,62798.49,62808.49,0.0,0,6
1785632611389,1785632611,62798.54,62808.54,0.0,0,6
1785632613419,1785632613,62793.91,62803.91,0.0,0,6
1785632614463,1785632614,62796.7,62806.7,0.0,0,6
1785632615472,1785632615,62795.88,62805.88,0.0,0,6
1785632616501,1785632616,62796.61,62806.61,0.0,0,6
1785632617559,1785632617,62797.21,62807.21,0.0,0,6
1785632618689,1785632618,62794.4,62804.4,0.0,0,6
1785632619691,1785632619,62797.27,62807.27,0.0,0,6
1785632620570,1785632620,62797.26,62807.26,0.0,0,6
1785632622208,1785632622,62800.09,62810.09,0.0,0,6
1785632623546,1785632623,62800.69,62810.69,0.0,0,6
1785632624554,1785632624,62800.75,62810.75,0.0,0,6
1785632625585,1785632625,62802.43,62812.43,0.0,0,6
1785632627689,1785632627,62802.42,62812.42,0.0,0,6
1785632628691,1785632628,62801.29,62811.29,0.0,0,6
1785632629696,1785632629,62798.94,62808.94,0.0,0,6
1785632630708,1785632630,62800.11,62810.11,0.0,0,6
1785632631773,1785632631,62798.12,62808.12,0.0,0,6
1785632632789,1785632632,62801.0,62811.0,0.0,0,6
1785632633791,1785632633,62802.42,62812.42,0.0,0,6
1785632636901,1785632636,62800.91,62810.91,0.0,0,6
1785632637943,1785632637,62800.62,62810.62,0.0,0,6
1785632638947,1785632638,62799.38,62809.38,0.0,0,6
1785632639982,1785632639,62800.01,62810.01,0.0,0,6
1785632641019,1785632641,62802.05,62812.05,0.0,0,6
1785632642032,1785632642,62797.98,62807.98,0.0,0,6
1785632643095,1785632643,62794.48,62804.48,0.0,0,6
1785632644121,1785632644,62796.22,62806.22,0.0,0,6
1785632645178,1785632645,62796.85,62806.85,0.0,0,6
1785632646209,1785632646,62800.97,62810.97,0.0,0,6
1785632647269,1785632647,62800.99,62810.99,0.0,0,6
1785632648298,1785632648,62800.84,62810.84,0.0,0,6
1785632649319,1785632649,62800.72,62810.72,0.0,0,6
1785632649988,1785632649,62802.91,62812.91,0.0,0,6
1785632650991,1785632650,62800.28,62810.28,0.0,0,6
1785632652487,1785632652,62800.03,62810.03,0.0,0,6
1785632653501,1785632653,62795.11,62805.11,0.0,0,6
1785632654503,1785632654,62797.21,62807.21,0.0,0,6
1785632655440,1785632655,62799.05,62809.05,0.0,0,6
1785632656509,1785632656,62800.84,62810.84,0.0,0,6
1785632657589,1785632657,62800.1,62810.1,0.0,0,6
1785632659001,1785632659,62803.53,62813.53,0.0,0,6
1785632660019,1785632660,62801.92,62811.92,0.0,0,6
1785632661035,1785632661,62800.03,62810.03,0.0,0,6
1785632662088,1785632662,62802.8,62812.8,0.0,0,6
1785632663102,1785632663,62802.81,62812.81,0.0,0,6
1785632664125,1785632664,62800.32,62810.32,0.0,0,6
1785632665139,1785632665,62801.99,62811.99,0.0,0,6
1785632666238,1785632666,62802.16,62812.16,0.0,0,6
1785632667259,1785632667,62799.77,62809.77,0.0,0,6
1785632668418,1785632668,62799.51,62809.51,0.0,0,6
1785632669501,1785632669,62798.67,62808.67,0.0,0,6
1785632670315,1785632670,62800.61,62810.61,0.0,0,6
1785632670344,1785632670,62802.76,62812.76,0.0,0,6
1785632671396,1785632671,62804.14,62814.14,0.0,0,6
1785632672499,1785632672,62805.5,62815.5,0.0,0,6
1785632673502,1785632673,62803.45,62813.45,0.0,0,6
1785632674598,1785632674,62801.12,62811.12,0.0,0,6
1785632675930,1785632675,62801.11,62811.11,0.0,0,6
1785632677108,1785632677,62801.09,62811.09,0.0,0,6
1785632678328,1785632678,62801.08,62811.08,0.0,0,6
1785632679509,1785632679,62801.05,62811.05,0.0,0,6
1785632680697,1785632680,62800.99,62810.99,0.0,0,6
1785632681707,1785632681,62806.3,62816.3,0.0,0,6
1785632682749,1785632682,62801.0,62811.0,0.0,0,6
1785632683768,1785632683,62802.78,62812.78,0.0,0,6
1785632684821,1785632684,62800.9,62810.9,0.0,0,6
1785632685827,1785632685,62800.89,62810.89,0.0,0,6
1785632687955,1785632687,62800.86,62810.86,0.0,0,6
1785632690056,1785632690,62799.11,62809.11,0.0,0,6
1785632691081,1785632691,62797.42,62807.42,0.0,0,6
1785632692125,1785632692,62796.73,62806.73,0.0,0,6
1785632693188,1785632693,62797.85,62807.85,0.0,0,6
1785632694205,1785632694,62796.64,62806.64,0.0,0,6
1785632695234,1785632695,62796.7,62806.7,0.0,0,6
1785632696269,1785632696,62796.62,62806.62,0.0,0,6
1785632697276,1785632697,62796.61,62806.61,0.0,0,6
1785632698297,1785632698,62796.76,62806.76,0.0,0,6
1785632699406,1785632699,62798.27,62808.27,0.0,0,6
1785632700427,1785632700,62798.39,62808.39,0.0,0,6
1785632701452,1785632701,62802.52,62812.52,0.0,0,6
1785632702461,1785632702,62802.8,62812.8,0.0,0,6
1785632703499,1785632703,62802.11,62812.11,0.0,0,6
1785632704526,1785632704,62800.53,62810.53,0.0,0,6
1785632705568,1785632705,62804.41,62814.41,0.0,0,6
1785632706658,1785632706,62804.53,62814.53,0.0,0,6
1785632707701,1785632707,62802.93,62812.93,0.0,0,6
1785632708818,1785632708,62800.79,62810.79,0.0,0,6
1785632709878,1785632709,62802.95,62812.95,0.0,0,6
1785632710889,1785632710,62801.5,62811.5,0.0,0,6
1785632712058,1785632712,62801.97,62811.97,0.0,0,6
1785632713094,1785632713,62802.89,62812.89,0.0,0,6
1785632714141,1785632714,62804.46,62814.46,0.0,0,6
1785632715162,1785632715,62801.81,62811.81,0.0,0,6
1785632716231,1785632716,62801.01,62811.01,0.0,0,6
1785632717424,1785632717,62801.93,62811.93,0.0,0,6
1785632718425,1785632718,62801.81,62811.81,0.0,0,6
1785632719448,1785632719,62804.07,62814.07,0.0,0,6
1785632720553,1785632720,62801.92,62811.92,0.0,0,6
1785632721634,1785632721,62798.57,62808.57,0.0,0,6
1785632722668,1785632722,62797.46,62807.46,0.0,0,6
1785632723706,1785632723,62796.38,62806.38,0.0,0,6
1785632725939,1785632725,62796.57,62806.57,0.0,0,6
1785632726965,1785632726,62798.87,62808.87,0.0,0,6
1785632728017,1785632728,62799.76,62809.76,0.0,0,6
1785632729051,1785632729,62797.61,62807.61,0.0,0,6
1785632729609,1785632729,62802.25,62812.25,0.0,0,6
1785632729635,1785632729,62803.75,62813.75,0.0,0,6
1785632729869,1785632729,62805.88,62815.88,0.0,0,6
1785632730571,1785632730,62807.41,62817.41,0.0,0,6
1785632731570,1785632731,62808.74,62818.74,0.0,0,6
1785632732300,1785632732,62809.32,62819.32,0.0,0,6
1785632733421,1785632733,62810.66,62820.66,0.0,0,6
1785632734396,1785632734,62810.62,62820.62,0.0,0,6
1785632735399,1785632735,62814.36,62824.36,0.0,0,6
1785632735599,1785632735,62816.24,62826.24,0.0,0,6
1785632736618,1785632736,62812.48,62822.48,0.0,0,6
1785632737625,1785632737,62810.72,62820.72,0.0,0,6
1785632739669,1785632739,62818.72,62828.72,0.0,0,6
1785632740706,1785632740,62814.53,62824.53,0.0,0,6
1785632741778,1785632741,62810.73,62820.73,0.0,0,6
1785632746962,1785632746,62812.02,62822.02,0.0,0,6
1785632748004,1785632748,62814.54,62824.54,0.0,0,6
1785632749011,1785632749,62815.89,62825.89,0.0,0,6
1785632750017,1785632750,62818.34,62828.34,0.0,0,6
1785632751027,1785632751,62815.58,62825.58,0.0,0,6
1785632752031,1785632752,62813.15,62823.15,0.0,0,6
1785632754501,1785632754,62814.13,62824.13,0.0,0,6
1785632754912,1785632754,62816.76,62826.76,0.0,0,6
1785632755958,1785632755,62817.32,62827.32,0.0,0,6
1785632756997,1785632756,62820.92,62830.92,0.0,0,6
1785632758021,1785632758,62822.0,62832.0,0.0,0,6
1785632759047,1785632759,62817.17,62827.17,0.0,0,6
1785632760095,1785632760,62818.16,62828.16,0.0,0,6
1785632761129,1785632761,62819.49,62829.49,0.0,0,6
1785632762233,1785632762,62821.08,62831.08,0.0,0,6
1785632763254,1785632763,62825.08,62835.08,0.0,0,6
1785632763315,1785632763,62819.58,62829.58,0.0,0,6
1785632763424,1785632763,62813.85,62823.85,0.0,0,6
1785632764463,1785632764,62812.11,62822.11,0.0,0,6
1785632765469,1785632765,62813.59,62823.59,0.0,0,6
1785632766491,1785632766,62815.77,62825.77,0.0,0,6
1785632767543,1785632767,62815.54,62825.54,0.0,0,6
1785632768558,1785632768,62816.91,62826.91,0.0,0,6
1785632769576,1785632769,62813.67,62823.67,0.0,0,6
1785632770628,1785632770,62814.45,62824.45,0.0,0,6
1785632771528,1785632771,62820.4,62830.4,0.0,0,6
1785632772559,1785632772,62825.07,62835.07,0.0,0,6
1785632773599,1785632773,62822.36,62832.36,0.0,0,6
1785632774701,1785632774,62818.58,62828.58,0.0,0,6
1785632775788,1785632775,62821.43,62831.43,0.0,0,6
1785632776406,1785632776,62821.49,62831.49,0.0,0,6
1785632777429,1785632777,62824.83,62834.83,0.0,0,6
1785632777941,1785632777,62827.48,62837.48,0.0,0,6
1785632777999,1785632777,62829.12,62839.12,0.0,0,6
1785632779039,1785632779,62826.23,62836.23,0.0,0,6
1785632780038,1785632780,62824.87,62834.87,0.0,0,6
1785632781030,1785632781,62823.61,62833.61,0.0,0,6
1785632782048,1785632782,62829.69,62839.69,0.0,0,6
1785632783059,1785632783,62827.3,62837.3,0.0,0,6
1785632784070,1785632784,62827.05,62837.05,0.0,0,6
1785632785159,1785632785,62826.86,62836.86,0.0,0,6
1785632786219,1785632786,62824.65,62834.65,0.0,0,6
1785632787232,1785632787,62824.63,62834.63,0.0,0,6
1785632788259,1785632788,62825.46,62835.46,0.0,0,6
1785632789499,1785632789,62826.76,62836.76,0.0,0,6
1785632790609,1785632790,62824.55,62834.55,0.0,0,6
1785632791668,1785632791,62826.31,62836.31,0.0,0,6
1785632792761,1785632792,62827.59,62837.59,0.0,0,6
1785632793850,1785632793,62826.18,62836.18,0.0,0,6
1785632793950,1785632793,62828.93,62838.93,0.0,0,6
1785632793960,1785632793,62830.28,62840.28,0.0,0,6
1785632793991,1785632793,62832.42,62842.42,0.0,0,6
1785632794059,1785632794,62835.03,62845.03,0.0,0,6
1785632794119,1785632794,62836.87,62846.87,0.0,0,6
1785632794140,1785632794,62839.83,62849.83,0.0,0,6
1785632795161,1785632795,62840.85,62850.85,0.0,0,6
1785632796165,1785632796,62840.49,62850.49,0.0,0,6
1785632796221,1785632796,62838.58,62848.58,0.0,0,6
1785632796244,1785632796,62832.4,62842.4,0.0,0,6
1785632797280,1785632797,62832.39,62842.39,0.0,0,6
1785632799348,1785632799,62832.38,62842.38,0.0,0,6
1785632800431,1785632800,62835.18,62845.18,0.0,0,6
1785632801490,1785632801,62835.67,62845.67,0.0,0,6
1785632802501,1785632802,62836.14,62846.14,0.0,0,6
1785632803611,1785632803,62833.06,62843.06,0.0,0,6
1785632804639,1785632804,62835.19,62845.19,0.0,0,6
1785632804914,1785632804,62838.97,62848.97,0.0,0,6
1785632804924,1785632804,62840.57,62850.57,0.0,0,6
1785632804979,1785632804,62844.7,62854.7,0.0,0,6
1785632805991,1785632805,62848.59,62858.59,0.0,0,6
1785632807038,1785632807,62843.94,62853.94,0.0,0,6
1785632808039,1785632808,62841.99,62851.99,0.0,0,6
1785632809081,1785632809,62841.46,62851.46,0.0,0,6
1785632810157,1785632810,62842.94,62852.94,0.0,0,6
1785632811161,1785632811,62845.13,62855.13,0.0,0,6
1785632812208,1785632812,62842.17,62852.17,0.0,0,6
1785632812889,1785632812,62845.58,62855.58,0.0,0,6
1785632813901,1785632813,62845.44,62855.44,0.0,0,6
1785632814642,1785632814,62846.59,62856.59,0.0,0,6
1785632815709,1785632815,62847.73,62857.73,0.0,0,6
1785632816752,1785632816,62848.44,62858.44,0.0,0,6
1785632817799,1785632817,62847.73,62857.73,0.0,0,6
1785632818841,1785632818,62850.9,62860.9,0.0,0,6
1785632818850,1785632818,62853.4,62863.4,0.0,0,6
1785632819905,1785632819,62855.56,62865.56,0.0,0,6
1785632820772,1785632820,62854.14,62864.14,0.0,0,6
1785632822828,1785632822,62854.12,62864.12,0.0,0,6
1785632823921,1785632823,62855.42,62865.42,0.0,0,6
1785632824969,1785632824,62854.07,62864.07,0.0,0,6
1785632826015,1785632826,62854.06,62864.06,0.0,0,6
1785632827074,1785632827,62854.04,62864.04,0.0,0,6
1785632828096,1785632828,62854.02,62864.02,0.0,0,6
1785632829103,1785632829,62854.0,62864.0,0.0,0,6
1785632830126,1785632830,62853.99,62863.99,0.0,0,6
1785632831223,1785632831,62853.97,62863.97,0.0,0,6
1785632832306,1785632832,62853.95,62863.95,0.0,0,6
1785632833335,1785632833,62853.93,62863.93,0.0,0,6
1785632835428,1785632835,62854.57,62864.57,0.0,0,6
1785632836488,1785632836,62854.85,62864.85,0.0,0,6
1785632837530,1785632837,62853.86,62863.86,0.0,0,6
1785632839597,1785632839,62853.83,62863.83,0.0,0,6
1785632840599,1785632840,62853.81,62863.81,0.0,0,6
1785632842672,1785632842,62851.32,62861.32,0.0,0,6
1785632843699,1785632843,62851.38,62861.38,0.0,0,6
1785632844702,1785632844,62849.55,62859.55,0.0,0,6
1785632845900,1785632845,62849.54,62859.54,0.0,0,6
1785632846940,1785632846,62849.51,62859.51,0.0,0,6
1785632847966,1785632847,62849.49,62859.49,0.0,0,6
1785632850050,1785632850,62849.47,62859.47,0.0,0,6
1785632850499,1785632850,62848.12,62858.12,0.0,0,6
1785632850509,1785632850,62846.27,62856.27,0.0,0,6
1785632850548,1785632850,62842.97,62852.97,0.0,0,6
1785632851622,1785632851,62842.98,62852.98,0.0,0,6
1785632853788,1785632853,62843.02,62853.02,0.0,0,6
1785632855052,1785632855,62843.06,62853.06,0.0,0,6
1785632857250,1785632857,62843.07,62853.07,0.0,0,6
1785632860354,1785632860,62843.08,62853.08,0.0,0,6
1785632862416,1785632862,62843.09,62853.09,0.0,0,6
1785632866696,1785632866,62843.1,62853.1,0.0,0,6
1785632868883,1785632868,62843.11,62853.11,0.0,0,6
1785632869939,1785632869,62846.22,62856.22,0.0,0,6
1785632870969,1785632870,62843.12,62853.12,0.0,0,6
1785632873000,1785632873,62844.14,62854.14,0.0,0,6
1785632874041,1785632874,62844.7,62854.7,0.0,0,6
1785632875070,1785632875,62845.73,62855.73,0.0,0,6
1785632876071,1785632876,62846.04,62856.04,0.0,0,6
1785632877091,1785632877,62847.19,62857.19,0.0,0,6
1785632878204,1785632878,62849.47,62859.47,0.0,0,6
1785632879208,1785632879,62851.1,62861.1,0.0,0,6
1785632880225,1785632880,62852.38,62862.38,0.0,0,6
1785632881246,1785632881,62851.94,62861.94,0.0,0,6
1785632882328,1785632882,62847.98,62857.98,0.0,0,6
1785632883342,1785632883,62847.44,62857.44,0.0,0,6
1785632884400,1785632884,62847.45,62857.45,0.0,0,6
1785632885402,1785632885,62847.47,62857.47,0.0,0,6
1785632885683,1785632885,62843.06,62853.06,0.0,0,6
1785632885700,1785632885,62841.76,62851.76,0.0,0,6
1785632885816,1785632885,62840.26,62850.26,0.0,0,6
1785632885817,1785632885,62837.06,62847.06,0.0,0,6
1785632886949,1785632886,62837.07,62847.07,0.0,0,6
1785632890627,1785632890,62837.04,62847.04,0.0,0,6
1785632891709,1785632891,62837.02,62847.02,0.0,0,6
1785632892759,1785632892,62836.99,62846.99,0.0,0,6
1785632893798,1785632893,62836.97,62846.97,0.0,0,6
1785632894809,1785632894,62836.94,62846.94,0.0,0,6
1785632895848,1785632895,62836.92,62846.92,0.0,0,6
1785632896858,1785632896,62836.9,62846.9,0.0,0,6
1785632897908,1785632897,62836.88,62846.88,0.0,0,6
1785632899159,1785632899,62836.85,62846.85,0.0,0,6
1785632900179,1785632900,62836.83,62846.83,0.0,0,6
1785632901289,1785632901,62836.81,62846.81,0.0,0,6
1785632902299,1785632902,62836.79,62846.79,0.0,0,6
1785632904456,1785632904,62836.8,62846.8,0.0,0,6
1785632907549,1785632907,62836.81,62846.81,0.0,0,6
1785632911898,1785632911,62836.82,62846.82,0.0,0,6
1785632915998,1785632915,62839.22,62849.22,0.0,0,6
1785632917249,1785632917,62840.77,62850.77,0.0,0,6
1785632918278,1785632918,62840.01,62850.01,0.0,0,6
1785632919338,1785632919,62845.02,62855.02,0.0,0,6
1785632920498,1785632920,62845.62,62855.62,0.0,0,6
1785632921519,1785632921,62846.09,62856.09,0.0,0,6
1785632922549,1785632922,62846.49,62856.49,0.0,0,6
1785632923669,1785632923,62842.9,62852.9,0.0,0,6
1785632924889,1785632924,62839.06,62849.06,0.0,0,6
1785632926030,1785632926,62839.3,62849.3,0.0,0,6
1785632927101,1785632927,62839.5,62849.5,0.0,0,6
1785632928214,1785632928,62839.87,62849.87,0.0,0,6
1785632929243,1785632929,62846.19,62856.19,0.0,0,6
1785632930276,1785632930,62845.05,62855.05,0.0,0,6
1785632931377,1785632931,62843.99,62853.99,0.0,0,6
1785632932519,1785632932,62841.15,62851.15,0.0,0,6
1785632933520,1785632933,62842.21,62852.21,0.0,0,6
1785632934612,1785632934,62841.01,62851.01,0.0,0,6
1785632935639,1785632935,62840.67,62850.67,0.0,0,6
1785632936696,1785632936,62841.08,62851.08,0.0,0,6
1785632936996,1785632936,62842.73,62852.73,0.0,0,6
1785632938020,1785632938,62843.69,62853.69,0.0,0,6
1785632940302,1785632940,62845.19,62855.19,0.0,0,6
1785632941301,1785632941,62844.14,62854.14,0.0,0,6
1785632942339,1785632942,62844.22,62854.22,0.0,0,6
1785632943449,1785632943,62843.72,62853.72,0.0,0,6
1785632944478,1785632944,62844.69,62854.69,0.0,0,6
1785632945530,1785632945,62843.76,62853.76,0.0,0,6
1785632947579,1785632947,62843.77,62853.77,0.0,0,6
1785632949678,1785632949,62843.78,62853.78,0.0,0,6
1785632950683,1785632950,62843.79,62853.79,0.0,0,6
1785632952748,1785632952,62843.77,62853.77,0.0,0,6
1785632954803,1785632954,62843.76,62853.76,0.0,0,6
1785632956856,1785632956,62843.75,62853.75,0.0,0,6
1785632961101,1785632961,62843.74,62853.74,0.0,0,6
1785632962199,1785632962,62842.87,62852.87,0.0,0,6
1785632963212,1785632963,62842.0,62852.0,0.0,0,6
1785632963451,1785632963,62844.23,62854.23,0.0,0,6
1785632964499,1785632964,62845.14,62855.14,0.0,0,6
1785632965529,1785632965,62845.15,62855.15,0.0,0,6
1785632966534,1785632966,62845.17,62855.17,0.0,0,6
1785632967578,1785632967,62845.19,62855.19,0.0,0,6
1785632968235,1785632968,62846.29,62856.29,0.0,0,6
1785632969380,1785632969,62847.29,62857.29,0.0,0,6
1785632971490,1785632971,62847.3,62857.3,0.0,0,6
1785632973777,1785632973,62847.31,62857.31,0.0,0,6
1785632976901,1785632976,62847.32,62857.32,0.0,0,6
1785632980478,1785632980,62847.34,62857.34,0.0,0,6
1785632981200,1785632981,62848.44,62858.44,0.0,0,6
1785632981215,1785632981,62850.12,62860.12,0.0,0,6
1785632981709,1785632981,62851.56,62861.56,0.0,0,6
1785632982085,1785632982,62853.65,62863.65,0.0,0,6
1785632983096,1785632983,62854.23,62864.23,0.0,0,6
1785632984099,1785632984,62854.17,62864.17,0.0,0,6
1785632985108,1785632985,62854.39,62864.39,0.0,0,6
1785632986198,1785632986,62855.09,62865.09,0.0,0,6
1785632987276,1785632987,62853.56,62863.56,0.0,0,6
1785632988289,1785632988,62856.85,62866.85,0.0,0,6
1785632989328,1785632989,62857.77,62867.77,0.0,0,6
1785632990329,1785632990,62858.27,62868.27,0.0,0,6
1785632991528,1785632991,62859.43,62869.43,0.0,0,6
1785632992539,1785632992,62856.82,62866.82,0.0,0,6
1785632993569,1785632993,62860.45,62870.45,0.0,0,6
1785632994598,1785632994,62858.59,62868.59,0.0,0,6
1785632995648,1785632995,62855.31,62865.31,0.0,0,6
1785632996666,1785632996,62856.61,62866.61,0.0,0,6
1785632997668,1785632997,62858.3,62868.3,0.0,0,6
1785632998685,1785632998,62855.74,62865.74,0.0,0,6
1785632999698,1785632999,62856.96,62866.96,0.0,0,6
1785633000544,1785633000,62862.01,62872.01,0.0,0,6
1785633001549,1785633001,62861.23,62871.23,0.0,0,6
1785633002562,1785633002,62857.57,62867.57,0.0,0,6
1785633002682,1785633002,62860.07,62870.07,0.0,0,6
1785633002691,1785633002,62862.14,62872.14,0.0,0,6
1785633002739,1785633002,62855.03,62865.03,0.0,0,6
1785633003758,1785633003,62849.59,62859.59,0.0,0,6
1785633004800,1785633004,62848.99,62858.99,0.0,0,6
1785633006869,1785633006,62848.96,62858.96,0.0,0,6
1785633007888,1785633007,62848.92,62858.92,0.0,0,6
1785633009037,1785633009,62848.89,62858.89,0.0,0,6
1785633010168,1785633010,62850.99,62860.99,0.0,0,6
1785633011248,1785633011,62853.01,62863.01,0.0,0,6
1785633012333,1785633012,62852.94,62862.94,0.0,0,6
1785633013398,1785633013,62850.88,62860.88,0.0,0,6
1785633014499,1785633014,62851.03,62861.03,0.0,0,6
1785633015520,1785633015,62848.68,62858.68,0.0,0,6
1785633015540,1785633015,62854.63,62864.63,0.0,0,6
1785633015549,1785633015,62856.38,62866.38,0.0,0,6
1785633016629,1785633016,62857.65,62867.65,0.0,0,6
1785633017700,1785633017,62857.7,62867.7,0.0,0,6
1785633018809,1785633018,62857.67,62867.67,0.0,0,6
1785633019858,1785633019,62857.68,62867.68,0.0,0,6
1785633021998,1785633021,62857.69,62867.69,0.0,0,6
1785633024139,1785633024,62857.7,62867.7,0.0,0,6
1785633026319,1785633026,62857.71,62867.71,0.0,0,6
1785633028448,1785633028,62863.79,62873.79,0.0,0,6
1785633029509,1785633029,62861.89,62871.89,0.0,0,6
1785633030550,1785633030,62858.33,62868.33,0.0,0,6
1785633031558,1785633031,62858.09,62868.09,0.0,0,6
1785633032568,1785633032,62859.55,62869.55,0.0,0,6
1785633033608,1785633033,62859.17,62869.17,0.0,0,6
1785633034708,1785633034,62858.76,62868.76,0.0,0,6
1785633035788,1785633035,62859.58,62869.58,0.0,0,6
1785633036809,1785633036,62859.44,62869.44,0.0,0,6
1785633038218,1785633038,62859.99,62869.99,0.0,0,6
1785633039290,1785633039,62857.98,62867.98,0.0,0,6
1785633040354,1785633040,62857.77,62867.77,0.0,0,6
1785633041368,1785633041,62858.13,62868.13,0.0,0,6
1785633042448,1785633042,62857.87,62867.87,0.0,0,6
1785633043498,1785633043,62857.78,62867.78,0.0,0,6
1785633045528,1785633045,62858.04,62868.04,0.0,0,6
1785633045541,1785633045,62859.64,62869.64,0.0,0,6
1785633045553,1785633045,62861.59,62871.59,0.0,0,6
1785633045688,1785633045,62863.08,62873.08,0.0,0,6
1785633045689,1785633045,62865.18,62875.18,0.0,0,6
1785633045952,1785633045,62868.44,62878.44,0.0,0,6
1785633046789,1785633046,62869.99,62879.99,0.0,0,6
1785633047438,1785633047,62867.62,62877.62,0.0,0,6
1785633047463,1785633047,62869.1,62879.1,0.0,0,6
1785633047549,1785633047,62873.09,62883.09,0.0,0,6
1785633048263,1785633048,62874.2,62884.2,0.0,0,6
1785633049288,1785633049,62875.06,62885.06,0.0,0,6
1785633049638,1785633049,62880.79,62890.79,0.0,0,6
1785633049649,1785633049,62882.43,62892.43,0.0,0,6
1785633049688,1785633049,62883.81,62893.81,0.0,0,6
1785633050479,1785633050,62886.71,62896.71,0.0,0,6
1785633050888,1785633050,62889.88,62899.88,0.0,0,6
1785633051901,1785633051,62887.0,62897.0,0.0,0,6
1785633052928,1785633052,62885.4,62895.4,0.0,0,6
1785633053968,1785633053,62881.79,62891.79,0.0,0,6
1785633055011,1785633055,62881.74,62891.74,0.0,0,6
1785633056035,1785633056,62881.73,62891.73,0.0,0,6
1785633058058,1785633058,62883.71,62893.71,0.0,0,6
1785633059209,1785633059,62881.69,62891.69,0.0,0,6
1785633060228,1785633060,62881.68,62891.68,0.0,0,6
1785633061509,1785633061,62884.07,62894.07,0.0,0,6
1785633062527,1785633062,62882.81,62892.81,0.0,0,6
1785633063529,1785633063,62884.4,62894.4,0.0,0,6
1785633064539,1785633064,62881.79,62891.79,0.0,0,6
1785633065569,1785633065,62882.5,62892.5,0.0,0,6
1785633066429,1785633066,62882.3,62892.3,0.0,0,6
1785633066446,1785633066,62877.52,62887.52,0.0,0,6
1785633066458,1785633066,62875.08,62885.08,0.0,0,6
1785633066525,1785633066,62872.47,62882.47,0.0,0,6
1785633067584,1785633067,62877.92,62887.92,0.0,0,6
1785633068628,1785633068,62872.56,62882.56,0.0,0,6
1785633069688,1785633069,62875.09,62885.09,0.0,0,6
1785633070840,1785633070,62872.48,62882.48,0.0,0,6
1785633071858,1785633071,62870.35,62880.35,0.0,0,6
1785633072889,1785633072,62870.34,62880.34,0.0,0,6
1785633073910,1785633073,62870.35,62880.35,0.0,0,6
1785633075482,1785633075,62870.25,62880.25,0.0,0,6
1785633075571,1785633075,62867.76,62877.76,0.0,0,6
1785633075675,1785633075,62864.86,62874.86,0.0,0,6
1785633075754,1785633075,62862.07,62872.07,0.0,0,6
1785633076858,1785633076,62864.53,62874.53,0.0,0,6
1785633077822,1785633077,62866.9,62876.9,0.0,0,6
1785633078878,1785633078,62864.78,62874.78,0.0,0,6
1785633080899,1785633080,62864.8,62874.8,0.0,0,6
1785633081909,1785633081,62864.82,62874.82,0.0,0,6
1785633083958,1785633083,62864.83,62874.83,0.0,0,6
1785633084871,1785633084,62863.79,62873.79,0.0,0,6
1785633084881,1785633084,62862.34,62872.34,0.0,0,6
1785633087057,1785633087,62862.39,62872.39,0.0,0,6
1785633089152,1785633089,62862.43,62872.43,0.0,0,6
1785633090425,1785633090,62862.48,62872.48,0.0,0,6
1785633092488,1785633092,62862.53,62872.53,0.0,0,6
1785633093538,1785633093,62862.57,62872.57,0.0,0,6
1785633094537,1785633094,62862.61,62872.61,0.0,0,6
1785633095628,1785633095,62862.67,62872.67,0.0,0,6
1785633096699,1785633096,62862.71,62872.71,0.0,0,6
1785633097867,1785633097,62862.78,62872.78,0.0,0,6
1785633098981,1785633098,62866.51,62876.51,0.0,0,6
1785633100021,1785633100,62868.3,62878.3,0.0,0,6
1785633101203,1785633101,62867.96,62877.96,0.0,0,6
1785633102218,1785633102,62867.13,62877.13,0.0,0,6
1785633103237,1785633103,62867.15,62877.15,0.0,0,6
1785633103829,1785633103,62868.7,62878.7,0.0,0,6
1785633104848,1785633104,62869.57,62879.57,0.0,0,6
1785633105962,1785633105,62869.59,62879.59,0.0,0,6
1785633108009,1785633108,62869.6,62879.6,0.0,0,6
1785633109169,1785633109,62869.62,62879.62,0.0,0,6
1785633110382,1785633110,62869.65,62879.65,0.0,0,6
1785633111429,1785633111,62869.66,62879.66,0.0,0,6
1785633112477,1785633112,62869.67,62879.67,0.0,0,6
1785633113512,1785633113,62869.69,62879.69,0.0,0,6
1785633114546,1785633114,62869.7,62879.7,0.0,0,6
1785633115560,1785633115,62869.71,62879.71,0.0,0,6
1785633116563,1785633116,62869.72,62879.72,0.0,0,6
1785633117637,1785633117,62869.74,62879.74,0.0,0,6
1785633118646,1785633118,62869.75,62879.75,0.0,0,6
1785633119667,1785633119,62869.78,62879.78,0.0,0,6
1785633120669,1785633120,62869.78,62879.78,0.0,0,2
1785633122762,1785633122,62869.79,62879.79,0.0,0,6
1785633124822,1785633124,62869.81,62879.81,0.0,0,6
1785633125879,1785633125,62869.83,62879.83,0.0,0,6
1785633126919,1785633126,62869.86,62879.86,0.0,0,6
1785633127998,1785633127,62869.88,62879.88,0.0,0,6
1785633129049,1785633129,62869.9,62879.9,0.0,0,6
1785633130089,1785633130,62869.92,62879.92,0.0,0,6
1785633131222,1785633131,62869.94,62879.94,0.0,0,6
1785633132301,1785633132,62869.96,62879.96,0.0,0,6
1785633133427,1785633133,62872.4,62882.4,0.0,0,6
1785633134609,1785633134,62872.43,62882.43,0.0,0,6
1785633135699,1785633135,62872.84,62882.84,0.0,0,6
1785633136788,1785633136,62870.0,62880.0,0.0,0,6
1785633137855,1785633137,62870.02,62880.02,0.0,0,6
1785633140030,1785633140,62870.03,62880.03,0.0,0,6
1785633141167,1785633141,62870.05,62880.05,0.0,0,6
1785633143069,1785633143,62870.16,62880.16,0.0,0,6
1785633144080,1785633144,62870.18,62880.18,0.0,0,6
1785633146107,1785633146,62870.2,62880.2,0.0,0,6
1785633147248,1785633147,62870.23,62880.23,0.0,0,6
1785633148338,1785633148,62871.69,62881.69,0.0,0,6
1785633149381,1785633149,62872.78,62882.78,0.0,0,6
1785633150383,1785633150,62870.28,62880.28,0.0,0,6
1785633151395,1785633151,62870.29,62880.29,0.0,0,6
1785633152406,1785633152,62870.3,62880.3,0.0,0,6
1785633153411,1785633153,62870.32,62880.32,0.0,0,6
1785633154418,1785633154,62870.33,62880.33,0.0,0,6
1785633155428,1785633155,62870.91,62880.91,0.0,0,6
1785633156433,1785633156,62870.36,62880.36,0.0,0,6
1785633157455,1785633157,62870.39,62880.39,0.0,0,6
1785633158482,1785633158,62870.4,62880.4,0.0,0,6
1785633160509,1785633160,62870.77,62880.77,0.0,0,6
1785633161509,1785633161,62871.02,62881.02,0.0,0,6
1785633162537,1785633162,62870.55,62880.55,0.0,0,6
1785633163551,1785633163,62870.44,62880.44,0.0,0,6
1785633164564,1785633164,62870.45,62880.45,0.0,0,6
1785633165580,1785633165,62870.46,62880.46,0.0,0,6
1785633166593,1785633166,62870.47,62880.47,0.0,0,6
1785633167607,1785633167,62870.48,62880.48,0.0,0,6
1785633168622,1785633168,62870.49,62880.49,0.0,0,6
1785633170649,1785633170,62871.33,62881.33,0.0,0,6
1785633171661,1785633171,62870.51,62880.51,0.0,0,6
1785633172677,1785633172,62870.52,62880.52,0.0,0,6
1785633173692,1785633173,62870.53,62880.53,0.0,0,6
1785633175722,1785633175,62870.54,62880.54,0.0,0,6
1785633177742,1785633177,62870.55,62880.55,0.0,0,6
1785633179637,1785633179,62870.66,62880.66,0.0,0,6
1785633180901,1785633180,62871.15,62881.15,0.0,0,6
1785633181128,1785633181,62874.35,62884.35,0.0,0,6
1785633182140,1785633182,62874.33,62884.33,0.0,0,6
1785633182720,1785633182,62874.77,62884.77,0.0,0,6
1785633182738,1785633182,62876.12,62886.12,0.0,0,6
1785633182939,1785633182,62879.31,62889.31,0.0,0,6
1785633182972,1785633182,62880.71,62890.71,0.0,0,6
1785633182984,1785633182,62882.11,62892.11,0.0,0,6
1785633184051,1785633184,62882.5,62892.5,0.0,0,6
1785633186130,1785633186,62882.61,62892.61,0.0,0,6
1785633187219,1785633187,62882.48,62892.48,0.0,0,6
1785633189358,1785633189,62882.47,62892.47,0.0,0,6
1785633193510,1785633193,62882.48,62892.48,0.0,0,6
1785633194538,1785633194,62882.49,62892.49,0.0,0,6
1785633195553,1785633195,62882.51,62892.51,0.0,0,6
1785633196567,1785633196,62888.95,62898.95,0.0,0,6
1785633197578,1785633197,62884.46,62894.46,0.0,0,6
1785633197870,1785633197,62887.75,62897.75,0.0,0,6
1785633197888,1785633197,62891.2,62901.2,0.0,0,6
1785633198896,1785633198,62891.67,62901.67,0.0,0,6
1785633199905,1785633199,62893.83,62903.83,0.0,0,6
1785633200915,1785633200,62894.74,62904.74,0.0,0,6
1785633201971,1785633201,62889.7,62899.7,0.0,0,6
1785633202991,1785633202,62889.31,62899.31,0.0,0,6
1785633204015,1785633204,62890.76,62900.76,0.0,0,6
1785633204824,1785633204,62889.57,62899.57,0.0,0,6
1785633206888,1785633206,62889.54,62899.54,0.0,0,6
1785633207908,1785633207,62889.51,62899.51,0.0,0,6
1785633210043,1785633210,62889.46,62899.46,0.0,0,6
1785633211084,1785633211,62889.44,62899.44,0.0,0,6
1785633212091,1785633212,62889.41,62899.41,0.0,0,6
1785633212501,1785633212,62884.49,62894.49,0.0,0,6
1785633212539,1785633212,62880.87,62890.87,0.0,0,6
1785633213265,1785633213,62878.59,62888.59,0.0,0,6
1785633215231,1785633215,62878.31,62888.31,0.0,0,6
1785633215243,1785633215,62876.32,62886.32,0.0,0,6
1785633215256,1785633215,62874.92,62884.92,0.0,0,6
1785633216283,1785633216,62874.01,62884.01,0.0,0,6
1785633216814,1785633216,62873.29,62883.29,0.0,0,6
1785633216840,1785633216,62871.6,62881.6,0.0,0,6
1785633218909,1785633218,62871.59,62881.59,0.0,0,6
1785633219938,1785633219,62871.57,62881.57,0.0,0,6
1785633220979,1785633220,62871.58,62881.58,0.0,0,6
1785633223278,1785633223,62871.59,62881.59,0.0,0,6
1785633224300,1785633224,62871.62,62881.62,0.0,0,6
1785633225408,1785633225,62871.68,62881.68,0.0,0,6
1785633226431,1785633226,62871.69,62881.69,0.0,0,6
1785633227454,1785633227,62872.71,62882.71,0.0,0,6
1785633228465,1785633228,62871.78,62881.78,0.0,0,6
1785633228874,1785633228,62877.36,62887.36,0.0,0,6
1785633228996,1785633228,62878.68,62888.68,0.0,0,6
1785633228997,1785633228,62880.66,62890.66,0.0,0,6
1785633229028,1785633229,62883.38,62893.38,0.0,0,6
1785633230030,1785633230,62883.25,62893.25,0.0,0,6
1785633231059,1785633231,62882.97,62892.97,0.0,0,6
1785633231284,1785633231,62887.09,62897.09,0.0,0,6
1785633232295,1785633232,62887.07,62897.07,0.0,0,6
1785633233306,1785633233,62887.05,62897.05,0.0,0,6
1785633234168,1785633234,62887.14,62897.14,0.0,0,6
1785633234200,1785633234,62888.54,62898.54,0.0,0,6
1785633235065,1785633235,62889.15,62899.15,0.0,0,6
1785633235076,1785633235,62890.45,62900.45,0.0,0,6
1785633235085,1785633235,62891.94,62901.94,0.0,0,6
1785633235119,1785633235,62893.24,62903.24,0.0,0,6
1785633236173,1785633236,62894.27,62904.27,0.0,0,6
1785633237250,1785633237,62895.72,62905.72,0.0,0,6
1785633238389,1785633238,62894.94,62904.94,0.0,0,6
1785633239389,1785633239,62897.65,62907.65,0.0,0,6
1785633240522,1785633240,62894.11,62904.11,0.0,0,6
1785633241079,1785633241,62895.11,62905.11,0.0,0,6
1785633242232,1785633242,62897.97,62907.97,0.0,0,6
1785633243278,1785633243,62897.67,62907.67,0.0,0,6
1785633244309,1785633244,62895.96,62905.96,0.0,0,6
1785633245390,1785633245,62895.94,62905.94,0.0,0,6
1785633246429,1785633246,62895.93,62905.93,0.0,0,6
1785633249970,1785633249,62899.88,62909.88,0.0,0,6
1785633251501,1785633251,62899.89,62909.89,0.0,0,6
1785633252539,1785633252,62899.85,62909.85,0.0,0,6
1785633253749,1785633253,62901.56,62911.56,0.0,0,6
1785633254879,1785633254,62900.65,62910.65,0.0,0,6
1785633255902,1785633255,62899.75,62909.75,0.0,0,6
1785633256929,1785633256,62902.46,62912.46,0.0,0,6
1785633258008,1785633258,62899.68,62909.68,0.0,0,6
1785633259022,1785633259,62899.65,62909.65,0.0,0,6
1785633259424,1785633259,62894.36,62904.36,0.0,0,6
1785633259438,1785633259,62891.35,62901.35,0.0,0,6
1785633259449,1785633259,62888.6,62898.6,0.0,0,6
1785633260462,1785633260,62888.34,62898.34,0.0,0,6
1785633262645,1785633262,62888.28,62898.28,0.0,0,6
1785633263667,1785633263,62888.26,62898.26,0.0,0,6
1785633264752,1785633264,62888.24,62898.24,0.0,0,6
1785633265865,1785633265,62888.21,62898.21,0.0,0,6
1785633266977,1785633266,62888.19,62898.19,0.0,0,6
1785633268233,1785633268,62888.79,62898.79,0.0,0,6
1785633269335,1785633269,62888.16,62898.16,0.0,0,6
1785633270338,1785633270,62888.15,62898.15,0.0,0,6
1785633271513,1785633271,62888.13,62898.13,0.0,0,6
1785633272529,1785633272,62888.12,62898.12,0.0,0,6
1785633273609,1785633273,62888.1,62898.1,0.0,0,6
1785633274471,1785633274,62893.01,62903.01,0.0,0,6
1785633274484,1785633274,62900.69,62910.69,0.0,0,6
1785633274495,1785633274,62904.58,62914.58,0.0,0,6
1785633274509,1785633274,62911.07,62921.07,0.0,0,6
1785633274521,1785633274,62914.68,62924.68,0.0,0,6
1785633274532,1785633274,62919.47,62929.47,0.0,0,6
1785633274543,1785633274,62925.87,62935.87,0.0,0,6
1785633274580,1785633274,62935.48,62945.48,0.0,0,6
1785633274649,1785633274,62936.98,62946.98,0.0,0,6
1785633274650,1785633274,62938.98,62948.98,0.0,0,6
1785633274650,1785633274,62941.13,62951.13,0.0,0,6
1785633274650,1785633274,62938.96,62948.96,0.0,0,6
1785633274664,1785633274,62947.33,62957.33,0.0,0,6
1785633274676,1785633274,62949.63,62959.63,0.0,0,6
1785633274718,1785633274,62956.74,62966.74,0.0,0,6
1785633274845,1785633274,62959.5,62969.5,0.0,0,6
1785633274857,1785633274,62955.8,62965.8,0.0,0,6
1785633274950,1785633274,62961.21,62971.21,0.0,0,6
1785633275131,1785633275,62964.12,62974.12,0.0,0,6
1785633276211,1785633276,62962.19,62972.19,0.0,0,6
1785633277409,1785633277,62956.92,62966.92,0.0,0,6
1785633278439,1785633278,62959.86,62969.86,0.0,0,6
1785633279239,1785633279,62955.23,62965.23,0.0,0,6
1785633279301,1785633279,62949.29,62959.29,0.0,0,6
1785633279399,1785633279,62946.2,62956.2,0.0,0,6
1785633279559,1785633279,62944.81,62954.81,0.0,0,6
1785633280590,1785633280,62944.83,62954.83,0.0,0,6
1785633281741,1785633281,62944.85,62954.85,0.0,0,6
1785633282471,1785633282,62953.63,62963.63,0.0,0,6
1785633283489,1785633283,62953.39,62963.39,0.0,0,6
1785633284240,1785633284,62955.32,62965.32,0.0,0,6
1785633284257,1785633284,62956.88,62966.88,0.0,0,6
1785633284659,1785633284,62949.66,62959.66,0.0,0,6
1785633285455,1785633285,62948.43,62958.43,0.0,0,6
1785633285469,1785633285,62945.73,62955.73,0.0,0,6
1785633287520,1785633287,62945.74,62955.74,0.0,0,6
1785633288599,1785633288,62945.76,62955.76,0.0,0,6
1785633289601,1785633289,62945.77,62955.77,0.0,0,6
1785633290339,1785633290,62944.82,62954.82,0.0,0,6
1785633290419,1785633290,62942.51,62952.51,0.0,0,6
1785633291579,1785633291,62942.48,62952.48,0.0,0,6
1785633292579,1785633292,62941.88,62951.88,0.0,0,6
1785633293618,1785633293,62941.85,62951.85,0.0,0,6
1785633293789,1785633293,62940.12,62950.12,0.0,0,6
1785633294000,1785633294,62936.83,62946.83,0.0,0,6
1785633296098,1785633296,62936.84,62946.84,0.0,0,6
1785633297260,1785633297,62936.85,62946.85,0.0,0,6
1785633299399,1785633299,62942.48,62952.48,0.0,0,6
1785633300297,1785633300,62936.96,62946.96,0.0,0,6
1785633300312,1785633300,62943.31,62953.31,0.0,0,6
1785633300434,1785633300,62946.3,62956.3,0.0,0,6
1785633301346,1785633301,62951.92,62961.92,0.0,0,6
1785633302346,1785633302,62947.22,62957.22,0.0,0,6
1785633303346,1785633303,62948.49,62958.49,0.0,0,6
1785633303600,1785633303,62946.95,62956.95,0.0,0,6
1785633303618,1785633303,62949.71,62959.71,0.0,0,6
1785633303742,1785633303,62951.23,62961.23,0.0,0,6
1785633303829,1785633303,62952.6,62962.6,0.0,0,6
1785633304450,1785633304,62961.45,62971.45,0.0,0,6
1785633304460,1785633304,62965.49,62975.49,0.0,0,6
1785633305458,1785633305,62968.59,62978.59,0.0,0,6
1785633306485,1785633306,62973.89,62983.89,0.0,0,6
1785633307548,1785633307,62965.89,62975.89,0.0,0,6
1785633308548,1785633308,62966.14,62976.14,0.0,0,6
1785633309647,1785633309,62969.85,62979.85,0.0,0,6
1785633310650,1785633310,62969.06,62979.06,0.0,0,6
1785633311728,1785633311,62969.29,62979.29,0.0,0,6
1785633311923,1785633311,62974.26,62984.26,0.0,0,6
1785633311935,1785633311,62978.01,62988.01,0.0,0,6
1785633311952,1785633311,62981.71,62991.71,0.0,0,6
1785633311968,1785633311,62987.01,62997.01,0.0,0,6
1785633311988,1785633311,62990.44,63000.44,0.0,0,6
1785633312026,1785633312,62993.55,63003.55,0.0,0,6
1785633312048,1785633312,62999.3,63009.3,0.0,0,6
1785633312058,1785633312,63001.05,63011.05,0.0,0,6
1785633312069,1785633312,62997.23,63007.23,0.0,0,6
1785633312089,1785633312,63003.39,63013.39,0.0,0,6
1785633312108,1785633312,63009.11,63019.11,0.0,0,6
1785633312126,1785633312,63000.13,63010.13,0.0,0,6
1785633312152,1785633312,63005.61,63015.61,0.0,0,6
1785633312309,1785633312,63011.22,63021.22,0.0,0,6
1785633312609,1785633312,63009.39,63019.39,0.0,0,6
1785633312643,1785633312,63007.88,63017.88,0.0,0,6
1785633312660,1785633312,63005.83,63015.83,0.0,0,6
1785633312683,1785633312,63004.13,63014.13,0.0,0,6
1785633312701,1785633312,62998.53,63008.53,0.0,0,6
1785633312711,1785633312,62996.22,63006.22,0.0,0,6
1785633312949,1785633312,62993.89,63003.89,0.0,0,6
1785633313346,1785633313,62991.88,63001.88,0.0,0,6
1785633313488,1785633313,62987.03,62997.03,0.0,0,6
1785633313499,1785633313,62989.32,62999.32,0.0,0,6
1785633313509,1785633313,63000.74,63010.74,0.0,0,6
1785633313522,1785633313,63006.98,63016.98,0.0,0,6
1785633313619,1785633313,63004.53,63014.53,0.0,0,6
1785633313630,1785633313,63003.11,63013.11,0.0,0,6
1785633313658,1785633313,62996.41,63006.41,0.0,0,6
1785633314660,1785633314,62994.24,63004.24,0.0,0,6
1785633314699,1785633314,63000.37,63010.37,0.0,0,6
1785633314709,1785633314,63002.61,63012.61,0.0,0,6
1785633314720,1785633314,63007.68,63017.68,0.0,0,6
1785633314744,1785633314,63016.11,63026.11,0.0,0,6
1785633314760,1785633314,63021.6,63031.6,0.0,0,6
1785633314789,1785633314,63026.02,63036.02,0.0,0,6
1785633314800,1785633314,63027.87,63037.87,0.0,0,6
1785633314827,1785633314,63026.25,63036.25,0.0,0,6
1785633314843,1785633314,63024.85,63034.85,0.0,0,6
1785633315072,1785633315,63016.97,63026.97,0.0,0,6
1785633316067,1785633316,63015.45,63025.45,0.0,0,6
1785633316200,1785633316,63020.42,63030.42,0.0,0,6
1785633316211,1785633316,63023.66,63033.66,0.0,0,6
1785633316227,1785633316,63025.87,63035.87,0.0,0,6
1785633317449,1785633317,63023.66,63033.66,0.0,0,6
1785633318280,1785633318,63024.14,63034.14,0.0,0,6
1785633318316,1785633318,63015.89,63025.89,0.0,0,6
1785633318340,1785633318,63011.31,63021.31,0.0,0,6
1785633318388,1785633318,63010.01,63020.01,0.0,0,6
1785633318889,1785633318,63009.2,63019.2,0.0,0,6
1785633319899,1785633319,63009.56,63019.56,0.0,0,6
1785633320948,1785633320,63012.15,63022.15,0.0,0,6
1785633321890,1785633321,63008.64,63018.64,0.0,0,6
1785633321918,1785633321,63006.74,63016.74,0.0,0,6
1785633322263,1785633322,63008.44,63018.44,0.0,0,6
1785633322312,1785633322,63005.39,63015.39,0.0,0,6
1785633322935,1785633322,63003.21,63013.21,0.0,0,6
1785633323170,1785633323,63000.4,63010.4,0.0,0,6
1785633324618,1785633324,63000.25,63010.25,0.0,0,6
1785633325637,1785633325,63000.87,63010.87,0.0,0,6
1785633326167,1785633326,62999.58,63009.58,0.0,0,6
1785633326199,1785633326,62998.28,63008.28,0.0,0,6
1785633326741,1785633326,62995.08,63005.08,0.0,0,6
1785633327232,1785633327,62996.42,63006.42,0.0,0,6
1785633328315,1785633328,62993.96,63003.96,0.0,0,6
1785633328472,1785633328,63006.27,63016.27,0.0,0,6
1785633328748,1785633328,63004.86,63014.86,0.0,0,6
1785633328869,1785633328,62997.43,63007.43,0.0,0,6
1785633329886,1785633329,62997.4,63007.4,0.0,0,6
1785633330470,1785633330,62996.48,63006.48,0.0,0,6
1785633330543,1785633330,62994.38,63004.38,0.0,0,6
1785633334501,1785633334,62995.88,63005.88,0.0,0,6
1785633335979,1785633335,63003.01,63013.01,0.0,0,6
1785633336024,1785633336,63005.1,63015.1,0.0,0,6
1785633336194,1785633336,63007.09,63017.09,0.0,0,6
1785633337196,1785633337,63005.28,63015.28,0.0,0,6
1785633338222,1785633338,63005.27,63015.27,0.0,0,6
1785633339321,1785633339,63005.25,63015.25,0.0,0,6
1785633339481,1785633339,63008.94,63018.94,0.0,0,6
1785633340579,1785633340,63010.91,63020.91,0.0,0,6
1785633341733,1785633341,63008.83,63018.83,0.0,0,6
1785633342830,1785633342,63011.61,63021.61,0.0,0,6
1785633343844,1785633343,63008.86,63018.86,0.0,0,6
1785633344874,1785633344,63009.32,63019.32,0.0,0,6
1785633345884,1785633345,63008.82,63018.82,0.0,0,6
1785633346745,1785633346,63013.46,63023.46,0.0,0,6
1785633348196,1785633348,63011.04,63021.04,0.0,0,6
1785633349216,1785633349,63011.66,63021.66,0.0,0,6
1785633349267,1785633349,63013.35,63023.35,0.0,0,6
1785633349323,1785633349,63007.15,63017.15,0.0,0,6
1785633350395,1785633350,63004.12,63014.12,0.0,0,6
1785633351405,1785633351,63004.07,63014.07,0.0,0,6
1785633352416,1785633352,63004.02,63014.02,0.0,0,6
1785633352991,1785633352,63004.23,63014.23,0.0,0,6
1785633353151,1785633353,63002.43,63012.43,0.0,0,6
1785633353191,1785633353,62999.94,63009.94,0.0,0,6
1785633354230,1785633354,62999.7,63009.7,0.0,0,6
1785633355258,1785633355,62999.67,63009.67,0.0,0,6
1785633356357,1785633356,62999.66,63009.66,0.0,0,6
1785633357381,1785633357,62999.64,63009.64,0.0,0,6
1785633358381,1785633358,62999.63,63009.63,0.0,0,6
1785633359419,1785633359,62999.62,63009.62,0.0,0,6
1785633360227,1785633360,62999.41,63009.41,0.0,0,6
1785633360696,1785633360,62996.6,63006.6,0.0,0,6
1785633360735,1785633360,62993.1,63003.1,0.0,0,6
1785633361896,1785633361,62993.73,63003.73,0.0,0,6
1785633362944,1785633362,62993.1,63003.1,0.0,0,6
1785633363983,1785633363,62993.09,63003.09,0.0,0,6
1785633366083,1785633366,62993.08,63003.08,0.0,0,6
1785633368096,1785633368,62993.44,63003.44,0.0,0,6
1785633368343,1785633368,62992.08,63002.08,0.0,0,6
1785633368536,1785633368,62990.79,63000.79,0.0,0,6
1785633368594,1785633368,62989.18,62999.18,0.0,0,6
1785633368675,1785633368,62987.34,62997.34,0.0,0,6
1785633368695,1785633368,62985.7,62995.7,0.0,0,6
1785633369719,1785633369,62985.25,62995.25,0.0,0,6
1785633370393,1785633370,62982.64,62992.64,0.0,0,6
1785633370534,1785633370,62980.55,62990.55,0.0,0,6
1785633370573,1785633370,62978.75,62988.75,0.0,0,6
1785633371565,1785633371,62978.48,62988.48,0.0,0,6
1785633371842,1785633371,62976.49,62986.49,0.0,0,6
1785633372053,1785633372,62974.3,62984.3,0.0,0,6
1785633373097,1785633373,62974.34,62984.34,0.0,0,6
1785633374218,1785633374,62974.35,62984.35,0.0,0,6
1785633375109,1785633375,62975.24,62985.24,0.0,0,6
1785633375296,1785633375,62972.96,62982.96,0.0,0,6
1785633376313,1785633376,62972.28,62982.28,0.0,0,6
1785633376652,1785633376,62970.19,62980.19,0.0,0,6
1785633376939,1785633376,62968.85,62978.85,0.0,0,6
1785633378034,1785633378,62968.11,62978.11,0.0,0,6
1785633378535,1785633378,62966.03,62976.03,0.0,0,6
1785633379214,1785633379,62965.36,62975.36,0.0,0,6
1785633380219,1785633380,62967.57,62977.57,0.0,0,6
1785633380752,1785633380,62966.42,62976.42,0.0,0,6
1785633381790,1785633381,62965.3,62975.3,0.0,0,6
1785633382873,1785633382,62964.92,62974.92,0.0,0,6
1785633383989,1785633383,62963.96,62973.96,0.0,0,6
1785633385043,1785633385,62967.16,62977.16,0.0,0,6
1785633386093,1785633386,62963.96,62973.96,0.0,0,6
1785633387243,1785633387,62967.17,62977.17,0.0,0,6
1785633388250,1785633388,62971.96,62981.96,0.0,0,6
1785633389315,1785633389,62969.97,62979.97,0.0,0,6
1785633390334,1785633390,62968.37,62978.37,0.0,0,6
1785633391345,1785633391,62963.95,62973.95,0.0,0,6
1785633393467,1785633393,62966.64,62976.64,0.0,0,6
1785633394516,1785633394,62965.39,62975.39,0.0,0,6
1785633395530,1785633395,62967.7,62977.7,0.0,0,6
1785633396541,1785633396,62964.88,62974.88,0.0,0,6
1785633397543,1785633397,62969.72,62979.72,0.0,0,6
1785633398640,1785633398,62969.06,62979.06,0.0,0,6
1785633399644,1785633399,62970.6,62980.6,0.0,0,6
1785633400649,1785633400,62969.28,62979.28,0.0,0,6
1785633401651,1785633401,62968.5,62978.5,0.0,0,6
1785633402653,1785633402,62963.95,62973.95,0.0,0,6
1785633403125,1785633403,62968.91,62978.91,0.0,0,6
1785633403924,1785633403,62965.25,62975.25,0.0,0,6
1785633404020,1785633404,62962.93,62972.93,0.0,0,6
1785633405084,1785633405,62963.45,62973.45,0.0,0,6
1785633405912,1785633405,62963.62,62973.62,0.0,0,6
1785633406983,1785633406,62961.6,62971.6,0.0,0,6
1785633408033,1785633408,62961.04,62971.04,0.0,0,6
1785633409202,1785633409,62961.07,62971.07,0.0,0,6
1785633410368,1785633410,62961.12,62971.12,0.0,0,6
1785633411374,1785633411,62961.14,62971.14,0.0,0,6
1785633411754,1785633411,62959.85,62969.85,0.0,0,6
1785633412757,1785633412,62963.68,62973.68,0.0,0,6
1785633413758,1785633413,62959.89,62969.89,0.0,0,6
1785633414070,1785633414,62958.4,62968.4,0.0,0,6
1785633415154,1785633415,62956.35,62966.35,0.0,0,6
1785633416220,1785633416,62956.06,62966.06,0.0,0,6
1785633417034,1785633417,62956.34,62966.34,0.0,0,6
1785633418234,1785633418,62955.94,62965.94,0.0,0,6
1785633418840,1785633418,62955.29,62965.29,0.0,0,6
1785633418934,1785633418,62953.53,62963.53,0.0,0,6
1785633419961,1785633419,62952.99,62962.99,0.0,0,6
1785633420974,1785633420,62951.7,62961.7,0.0,0,6
1785633422054,1785633422,62953.21,62963.21,0.0,0,6
1785633423159,1785633423,62951.79,62961.79,0.0,0,6
1785633424001,1785633424,62950.23,62960.23,0.0,0,6
1785633424013,1785633424,62948.64,62958.64,0.0,0,6
1785633425155,1785633425,62952.02,62962.02,0.0,0,6
1785633426303,1785633426,62951.0,62961.0,0.0,0,6
1785633426638,1785633426,62949.17,62959.17,0.0,0,6
1785633426697,1785633426,62947.38,62957.38,0.0,0,6
1785633428033,1785633428,62949.88,62959.88,0.0,0,6
1785633429063,1785633429,62953.77,62963.77,0.0,0,6
1785633430080,1785633430,62953.83,62963.83,0.0,0,6
1785633431169,1785633431,62949.12,62959.12,0.0,0,6
1785633432178,1785633432,62952.43,62962.43,0.0,0,6
1785633433066,1785633433,62950.51,62960.51,0.0,0,6
1785633434324,1785633434,62949.05,62959.05,0.0,0,6
1785633435342,1785633435,62945.23,62955.23,0.0,0,6
1785633436355,1785633436,62948.02,62958.02,0.0,0,6
1785633437390,1785633437,62946.61,62956.61,0.0,0,6
1785633438397,1785633438,62942.8,62952.8,0.0,0,6
1785633439401,1785633439,62942.31,62952.31,0.0,0,6
1785633440413,1785633440,62944.88,62954.88,0.0,0,6
1785633441425,1785633441,62943.33,62953.33,0.0,0,6
1785633442396,1785633442,62950.96,62960.96,0.0,0,6
1785633442405,1785633442,62953.74,62963.74,0.0,0,6
1785633442417,1785633442,62956.54,62966.54,0.0,0,6
1785633443544,1785633443,62957.58,62967.58,0.0,0,6
1785633444695,1785633444,62956.66,62966.66,0.0,0,6
1785633445884,1785633445,62957.72,62967.72,0.0,0,6
1785633447096,1785633447,62956.59,62966.59,0.0,0,6
1785633448214,1785633448,62959.37,62969.37,0.0,0,6
1785633449418,1785633449,62959.2,62969.2,0.0,0,6
1785633450495,1785633450,62960.5,62970.5,0.0,0,6
1785633451593,1785633451,62961.28,62971.28,0.0,0,6
1785633452698,1785633452,62960.39,62970.39,0.0,0,6
1785633453903,1785633453,62957.82,62967.82,0.0,0,6
1785633455125,1785633455,62958.36,62968.36,0.0,0,6
1785633456189,1785633456,62956.29,62966.29,0.0,0,6
1785633457189,1785633457,62956.26,62966.26,0.0,0,6
1785633458260,1785633458,62956.23,62966.23,0.0,0,6
1785633459366,1785633459,62957.04,62967.04,0.0,0,6
1785633460416,1785633460,62957.82,62967.82,0.0,0,6
1785633461544,1785633461,62956.36,62966.36,0.0,0,6
1785633462585,1785633462,62957.53,62967.53,0.0,0,6
1785633463623,1785633463,62956.79,62966.79,0.0,0,6
1785633464659,1785633464,62952.62,62962.62,0.0,0,6
1785633465696,1785633465,62952.83,62962.83,0.0,0,6
1785633466760,1785633466,62951.54,62961.54,0.0,0,6
1785633467761,1785633467,62951.51,62961.51,0.0,0,6
1785633468774,1785633468,62951.49,62961.49,0.0,0,6
1785633469809,1785633469,62951.46,62961.46,0.0,0,6
1785633470876,1785633470,62951.44,62961.44,0.0,0,6
1785633471925,1785633471,62951.41,62961.41,0.0,0,6
1785633472953,1785633472,62953.2,62963.2,0.0,0,6
1785633474033,1785633474,62951.39,62961.39,0.0,0,6
1785633475055,1785633475,62952.25,62962.25,0.0,0,6
1785633476136,1785633476,62952.68,62962.68,0.0,0,6
1785633477145,1785633477,62955.86,62965.86,0.0,0,6
1785633478157,1785633478,62955.03,62965.03,0.0,0,6
1785633479194,1785633479,62955.74,62965.74,0.0,0,6
1785633480248,1785633480,62951.22,62961.22,0.0,0,6
1785633481262,1785633481,62951.35,62961.35,0.0,0,6
1785633482342,1785633482,62951.2,62961.2,0.0,0,6
1785633483485,1785633483,62951.18,62961.18,0.0,0,6
1785633484668,1785633484,62952.39,62962.39,0.0,0,6
1785633485670,1785633485,62952.63,62962.63,0.0,0,6
1785633486727,1785633486,62952.68,62962.68,0.0,0,6
1785633487753,1785633487,62954.28,62964.28,0.0,0,6
1785633488849,1785633488,62954.58,62964.58,0.0,0,6
1785633489858,1785633489,62955.19,62965.19,0.0,0,6
1785633490114,1785633490,62953.48,62963.48,0.0,0,6
1785633491131,1785633491,62953.09,62963.09,0.0,0,6
1785633492029,1785633492,62952.27,62962.27,0.0,0,6
1785633493496,1785633493,62950.15,62960.15,0.0,0,6
1785633494554,1785633494,62950.8,62960.8,0.0,0,6
1785633495490,1785633495,62951.48,62961.48,0.0,0,6
1785633496131,1785633496,62951.69,62961.69,0.0,0,6
1785633497133,1785633497,62954.16,62964.16,0.0,0,6
1785633498140,1785633498,62953.07,62963.07,0.0,0,6
1785633499142,1785633499,62952.33,62962.33,0.0,0,6
1785633499350,1785633499,62950.96,62960.96,0.0,0,6
1785633499384,1785633499,62949.16,62959.16,0.0,0,6
1785633500423,1785633500,62946.12,62956.12,0.0,0,6
1785633501443,1785633501,62951.71,62961.71,0.0,0,6
1785633502524,1785633502,62949.51,62959.51,0.0,0,6
1785633503568,1785633503,62946.47,62956.47,0.0,0,6
1785633504673,1785633504,62946.32,62956.32,0.0,0,6
1785633504843,1785633504,62944.18,62954.18,0.0,0,6
1785633506794,1785633506,62945.18,62955.18,0.0,0,6
1785633507923,1785633507,62943.0,62953.0,0.0,0,6
1785633508933,1785633508,62944.01,62954.01,0.0,0,6
1785633510396,1785633510,62943.03,62953.03,0.0,0,6
1785633511432,1785633511,62943.5,62953.5,0.0,0,6
1785633512128,1785633512,62942.69,62952.69,0.0,0,6
1785633513164,1785633513,62942.34,62952.34,0.0,0,6
1785633514194,1785633514,62945.1,62955.1,0.0,0,6
1785633515214,1785633515,62942.37,62952.37,0.0,0,6
1785633516294,1785633516,62942.39,62952.39,0.0,0,6
1785633517306,1785633517,62943.44,62953.44,0.0,0,6
1785633518324,1785633518,62942.39,62952.39,0.0,0,6
1785633521483,1785633521,62942.38,62952.38,0.0,0,6
1785633522573,1785633522,62942.37,62952.37,0.0,0,6
1785633523739,1785633523,62942.38,62952.38,0.0,0,6
1785633524534,1785633524,62941.98,62951.98,0.0,0,6
1785633525646,1785633525,62942.82,62952.82,0.0,0,6
1785633526650,1785633526,62941.93,62951.93,0.0,0,6
1785633527746,1785633527,62943.13,62953.13,0.0,0,6
1785633528749,1785633528,62941.19,62951.19,0.0,0,6
1785633530218,1785633530,62939.5,62949.5,0.0,0,6
1785633531298,1785633531,62941.91,62951.91,0.0,0,6
1785633532365,1785633532,62940.76,62950.76,0.0,0,6
1785633533228,1785633533,62941.32,62951.32,0.0,0,6
1785633533496,1785633533,62939.75,62949.75,0.0,0,6
1785633534530,1785633534,62940.31,62950.31,0.0,0,6
1785633535399,1785633535,62941.45,62951.45,0.0,0,6
1785633536463,1785633536,62939.5,62949.5,0.0,0,6
1785633537033,1785633537,62938.18,62948.18,0.0,0,6
1785633538393,1785633538,62936.36,62946.36,0.0,0,6
1785633539467,1785633539,62938.65,62948.65,0.0,0,6
1785633540476,1785633540,62937.96,62947.96,0.0,0,6
1785633541538,1785633541,62937.35,62947.35,0.0,0,6
1785633542645,1785633542,62937.62,62947.62,0.0,0,6
1785633543712,1785633543,62938.03,62948.03,0.0,0,6
1785633544715,1785633544,62936.23,62946.23,0.0,0,6
1785633545310,1785633545,62935.58,62945.58,0.0,0,6
1785633545344,1785633545,62933.7,62943.7,0.0,0,6
1785633546966,1785633546,62933.49,62943.49,0.0,0,6
1785633548178,1785633548,62932.76,62942.76,0.0,0,6
1785633549240,1785633549,62932.8,62942.8,0.0,0,6
1785633550296,1785633550,62934.73,62944.73,0.0,0,6
1785633551399,1785633551,62934.86,62944.86,0.0,0,6
1785633552419,1785633552,62933.59,62943.59,0.0,0,6
1785633553436,1785633553,62937.93,62947.93,0.0,0,6
1785633554465,1785633554,62935.25,62945.25,0.0,0,6
1785633554926,1785633554,62933.64,62943.64,0.0,0,6
1785633556294,1785633556,62935.57,62945.57,0.0,0,6
1785633557373,1785633557,62933.11,62943.11,0.0,0,6
1785633558393,1785633558,62933.19,62943.19,0.0,0,6
1785633558625,1785633558,62931.32,62941.32,0.0,0,6
1785633559693,1785633559,62930.81,62940.81,0.0,0,6
1785633560913,1785633560,62932.86,62942.86,0.0,0,6
1785633561291,1785633561,62929.97,62939.97,0.0,0,6
1785633562373,1785633562,62931.13,62941.13,0.0,0,6
1785633563355,1785633563,62928.94,62938.94,0.0,0,6
1785633564368,1785633564,62926.92,62936.92,0.0,0,6
1785633565410,1785633565,62926.97,62936.97,0.0,0,6
1785633566426,1785633566,62927.01,62937.01,0.0,0,6
1785633567503,1785633567,62932.79,62942.79,0.0,0,6
1785633568504,1785633568,62930.51,62940.51,0.0,0,6
1785633569524,1785633569,62929.32,62939.32,0.0,0,6
1785633570563,1785633570,62927.17,62937.17,0.0,0,6
1785633571565,1785633571,62927.21,62937.21,0.0,0,6
1785633572569,1785633572,62927.24,62937.24,0.0,0,6
1785633573583,1785633573,62933.09,62943.09,0.0,0,6
1785633574631,1785633574,62934.25,62944.25,0.0,0,6
1785633575636,1785633575,62935.35,62945.35,0.0,0,6
1785633576647,1785633576,62938.69,62948.69,0.0,0,6
1785633577655,1785633577,62934.78,62944.78,0.0,0,6
1785633578662,1785633578,62932.98,62942.98,0.0,0,6
1785633579687,1785633579,62935.91,62945.91,0.0,0,6
1785633580698,1785633580,62934.22,62944.22,0.0,0,6
1785633581716,1785633581,62934.06,62944.06,0.0,0,6
1785633582804,1785633582,62933.22,62943.22,0.0,0,6
1785633583002,1785633583,62929.15,62939.15,0.0,0,6
1785633584113,1785633584,62928.9,62938.9,0.0,0,6
1785633585114,1785633585,62927.41,62937.41,0.0,0,6
1785633585144,1785633585,62923.76,62933.76,0.0,0,6
1785633586204,1785633586,62930.75,62940.75,0.0,0,6
1785633587483,1785633587,62925.07,62935.07,0.0,0,6
1785633588529,1785633588,62925.83,62935.83,0.0,0,6
1785633589543,1785633589,62925.49,62935.49,0.0,0,6
1785633590550,1785633590,62924.48,62934.48,0.0,0,6
1785633591574,1785633591,62923.88,62933.88,0.0,0,6
1785633592598,1785633592,62928.07,62938.07,0.0,0,6
1785633593306,1785633593,62928.29,62938.29,0.0,0,6
1785633593324,1785633593,62933.64,62943.64,0.0,0,6
1785633594361,1785633594,62932.96,62942.96,0.0,0,6
1785633595406,1785633595,62934.51,62944.51,0.0,0,6
1785633596006,1785633596,62935.1,62945.1,0.0,0,6
1785633597012,1785633597,62937.42,62947.42,0.0,0,6
1785633598014,1785633598,62937.47,62947.47,0.0,0,6
1785633599033,1785633599,62940.1,62950.1,0.0,0,6
1785633600053,1785633600,62936.09,62946.09,0.0,0,6
1785633601063,1785633601,62937.77,62947.77,0.0,0,6
1785633601204,1785633601,62939.38,62949.38,0.0,0,6
1785633601215,1785633601,62941.7,62951.7,0.0,0,6
1785633601243,1785633601,62943.19,62953.19,0.0,0,6
1785633602353,1785633602,62942.56,62952.56,0.0,0,6
1785633603414,1785633603,62943.51,62953.51,0.0,0,6
1785633604420,1785633604,62946.48,62956.48,0.0,0,6
1785633605454,1785633605,62945.56,62955.56,0.0,0,6
1785633606494,1785633606,62946.4,62956.4,0.0,0,6
1785633607523,1785633607,62946.45,62956.45,0.0,0,6
1785633608534,1785633608,62940.23,62950.23,0.0,0,6
1785633609640,1785633609,62938.4,62948.4,0.0,0,6
1785633610683,1785633610,62938.43,62948.43,0.0,0,6
1785633611703,1785633611,62938.38,62948.38,0.0,0,6
1785633612713,1785633612,62938.35,62948.35,0.0,0,6
1785633613714,1785633613,62938.32,62948.32,0.0,0,6
1785633614770,1785633614,62938.48,62948.48,0.0,0,6
1785633615818,1785633615,62938.44,62948.44,0.0,0,6
1785633616824,1785633616,62938.39,62948.39,0.0,0,6
1785633617853,1785633617,62938.63,62948.63,0.0,0,6
1785633618893,1785633618,62939.69,62949.69,0.0,0,6
1785633619928,1785633619,62939.05,62949.05,0.0,0,6
1785633620993,1785633620,62939.52,62949.52,0.0,0,6
1785633621099,1785633621,62934.22,62944.22,0.0,0,6
1785633621164,1785633621,62932.78,62942.78,0.0,0,6
1785633621496,1785633621,62931.25,62941.25,0.0,0,6
1785633622573,1785633622,62930.53,62940.53,0.0,0,6
1785633623594,1785633623,62929.82,62939.82,0.0,0,6
1785633624823,1785633624,62930.42,62940.42,0.0,0,6
1785633625833,1785633625,62930.52,62940.52,0.0,0,6
1785633626853,1785633626,62930.63,62940.63,0.0,0,6
1785633627994,1785633627,62930.09,62940.09,0.0,0,6
1785633629096,1785633629,62929.84,62939.84,0.0,0,6
1785633630187,1785633630,62934.8,62944.8,0.0,0,6
1785633631199,1785633631,62930.91,62940.91,0.0,0,6
1785633632217,1785633632,62931.71,62941.71,0.0,0,6
1785633633247,1785633633,62931.7,62941.7,0.0,0,6
1785633634359,1785633634,62930.28,62940.28,0.0,0,6
1785633635367,1785633635,62931.9,62941.9,0.0,0,6
1785633636368,1785633636,62929.87,62939.87,0.0,0,6
1785633638608,1785633638,62930.9,62940.9,0.0,0,6
1785633639701,1785633639,62929.88,62939.88,0.0,0,6
1785633642896,1785633642,62929.89,62939.89,0.0,0,6
1785633645095,1785633645,62929.9,62939.9,0.0,0,6
1785633649433,1785633649,62930.2,62940.2,0.0,0,6
1785633650433,1785633650,62930.87,62940.87,0.0,0,6
1785633651445,1785633651,62931.44,62941.44,0.0,0,6
1785633652494,1785633652,62931.55,62941.55,0.0,0,6
1785633653504,1785633653,62932.44,62942.44,0.0,0,6
1785633654591,1785633654,62936.2,62946.2,0.0,0,6
1785633655620,1785633655,62936.07,62946.07,0.0,0,6
1785633656642,1785633656,62936.99,62946.99,0.0,0,6
1785633657648,1785633657,62936.24,62946.24,0.0,0,6
1785633658998,1785633658,62937.44,62947.44,0.0,0,6
1785633660193,1785633660,62937.45,62947.45,0.0,0,6
1785633661254,1785633661,62936.48,62946.48,0.0,0,6
1785633662309,1785633662,62932.0,62942.0,0.0,0,6
1785633663327,1785633663,62929.59,62939.59,0.0,0,6
1785633664358,1785633664,62929.48,62939.48,0.0,0,6
1785633665385,1785633665,62929.49,62939.49,0.0,0,6
1785633667418,1785633667,62929.5,62939.5,0.0,0,6
1785633668421,1785633668,62929.51,62939.51,0.0,0,6
1785633669477,1785633669,62929.52,62939.52,0.0,0,6
1785633670197,1785633670,62928.51,62938.51,0.0,0,6
1785633670214,1785633670,62926.32,62936.32,0.0,0,6
1785633671496,1785633671,62926.14,62936.14,0.0,0,6
1785633672695,1785633672,62928.02,62938.02,0.0,0,6
1785633673893,1785633673,62926.14,62936.14,0.0,0,6
1785633678520,1785633678,62926.13,62936.13,0.0,0,6
1785633682714,1785633682,62926.12,62936.12,0.0,0,6
1785633682904,1785633682,62924.13,62934.13,0.0,0,6
1785633684017,1785633684,62925.97,62935.97,0.0,0,6
1785633685823,1785633685,62924.3,62934.3,0.0,0,6
1785633686982,1785633686,62924.05,62934.05,0.0,0,6
1785633688171,1785633688,62923.72,62933.72,0.0,0,6
1785633689175,1785633689,62923.74,62933.74,0.0,0,6
1785633690224,1785633690,62923.76,62933.76,0.0,0,6
1785633691245,1785633691,62923.78,62933.78,0.0,0,6
1785633693384,1785633693,62923.8,62933.8,0.0,0,6
1785633693454,1785633693,62921.34,62931.34,0.0,0,6
1785633694493,1785633694,62922.65,62932.65,0.0,0,6
1785633695652,1785633695,62925.34,62935.34,0.0,0,6
1785633696374,1785633696,62924.0,62934.0,0.0,0,6
1785633696630,1785633696,62921.99,62931.99,0.0,0,6
1785633697143,1785633697,62921.21,62931.21,0.0,0,6
1785633697424,1785633697,62919.71,62929.71,0.0,0,6
1785633697793,1785633697,62922.91,62932.91,0.0,0,6
1785633698485,1785633698,62921.6,62931.6,0.0,0,6
1785633700012,1785633700,62918.02,62928.02,0.0,0,6
1785633701097,1785633701,62922.55,62932.55,0.0,0,6
1785633702183,1785633702,62924.37,62934.37,0.0,0,6
1785633703493,1785633703,62920.7,62930.7,0.0,0,6
1785633704632,1785633704,62918.13,62928.13,0.0,0,6
1785633705652,1785633705,62925.42,62935.42,0.0,0,6
1785633706696,1785633706,62923.65,62933.65,0.0,0,6
1785633707298,1785633707,62918.8,62928.8,0.0,0,6
1785633707688,1785633707,62916.49,62926.49,0.0,0,6
1785633708567,1785633708,62916.0,62926.0,0.0,0,6
1785633708674,1785633708,62914.31,62924.31,0.0,0,6
1785633709763,1785633709,62914.33,62924.33,0.0,0,6
1785633709926,1785633709,62913.04,62923.04,0.0,0,6
1785633710027,1785633710,62909.44,62919.44,0.0,0,6
1785633711324,1785633711,62914.76,62924.76,0.0,0,6
1785633712133,1785633712,62910.19,62920.19,0.0,0,6
1785633712144,1785633712,62908.89,62918.89,0.0,0,6
1785633713027,1785633713,62905.76,62915.76,0.0,0,6
1785633713487,1785633713,62904.35,62914.35,0.0,0,6
1785633714697,1785633714,62903.96,62913.96,0.0,0,6
1785633715292,1785633715,62905.5,62915.5,0.0,0,6
1785633716426,1785633716,62909.87,62919.87,0.0,0,6
1785633717496,1785633717,62905.87,62915.87,0.0,0,6
1785633718237,1785633718,62905.67,62915.67,0.0,0,6
1785633719374,1785633719,62900.78,62910.78,0.0,0,6
1785633720497,1785633720,62904.02,62914.02,0.0,0,6
1785633720954,1785633720,62910.75,62920.75,0.0,0,6
1785633722064,1785633722,62915.88,62925.88,0.0,0,6
1785633723394,1785633723,62908.09,62918.09,0.0,0,6
1785633724403,1785633724,62913.37,62923.37,0.0,0,6
1785633725583,1785633725,62912.88,62922.88,0.0,0,6
1785633726723,1785633726,62909.56,62919.56,0.0,0,6
1785633727803,1785633727,62911.8,62921.8,0.0,0,6
1785633728834,1785633728,62911.19,62921.19,0.0,0,6
1785633729934,1785633729,62907.95,62917.95,0.0,0,6
1785633731096,1785633731,62910.26,62920.26,0.0,0,6
1785633732174,1785633732,62907.94,62917.94,0.0,0,6
1785633733640,1785633733,62909.4,62919.4,0.0,0,6
1785633734903,1785633734,62908.98,62918.98,0.0,0,6
1785633736173,1785633736,62913.05,62923.05,0.0,0,6
1785633737183,1785633737,62915.93,62925.93,0.0,0,6
1785633738209,1785633738,62915.3,62925.3,0.0,0,6
1785633739210,1785633739,62913.24,62923.24,0.0,0,6
1785633740211,1785633740,62912.41,62922.41,0.0,0,6
1785633741235,1785633741,62912.02,62922.02,0.0,0,6
1785633742241,1785633742,62912.25,62922.25,0.0,0,6
1785633743281,1785633743,62912.74,62922.74,0.0,0,6
1785633744304,1785633744,62913.07,62923.07,0.0,0,6
1785633745360,1785633745,62909.35,62919.35,0.0,0,6
1785633746453,1785633746,62909.15,62919.15,0.0,0,6
1785633747503,1785633747,62907.93,62917.93,0.0,0,6
1785633748558,1785633748,62909.05,62919.05,0.0,0,6
1785633749623,1785633749,62909.41,62919.41,0.0,0,6
1785633750675,1785633750,62911.42,62921.42,0.0,0,6
1785633751676,1785633751,62909.94,62919.94,0.0,0,6
1785633752684,1785633752,62910.8,62920.8,0.0,0,6
1785633753684,1785633753,62908.07,62918.07,0.0,0,6
1785633754744,1785633754,62911.06,62921.06,0.0,0,6
1785633755748,1785633755,62909.17,62919.17,0.0,0,6
1785633756763,1785633756,62909.35,62919.35,0.0,0,6
1785633757765,1785633757,62909.86,62919.86,0.0,0,6
1785633758772,1785633758,62907.89,62917.89,0.0,0,6
1785633759775,1785633759,62910.78,62920.78,0.0,0,6
1785633760776,1785633760,62913.74,62923.74,0.0,0,6
1785633761804,1785633761,62913.64,62923.64,0.0,0,6
1785633762927,1785633762,62913.32,62923.32,0.0,0,6
1785633763943,1785633763,62910.95,62920.95,0.0,0,6
1785633765234,1785633765,62911.19,62921.19,0.0,0,6
1785633766446,1785633766,62905.31,62915.31,0.0,0,6
1785633767504,1785633767,62905.29,62915.29,0.0,0,6
1785633768260,1785633768,62911.72,62921.72,0.0,0,6
1785633768278,1785633768,62913.83,62923.83,0.0,0,6
1785633768290,1785633768,62915.15,62925.15,0.0,0,6
1785633768306,1785633768,62916.84,62926.84,0.0,0,6
1785633768345,1785633768,62918.93,62928.93,0.0,0,6
1785633768407,1785633768,62921.88,62931.88,0.0,0,6
1785633769615,1785633769,62924.65,62934.65,0.0,0,6
1785633770624,1785633770,62919.93,62929.93,0.0,0,6
1785633771643,1785633771,62919.4,62929.4,0.0,0,6
1785633772715,1785633772,62917.84,62927.84,0.0,0,6
1785633773829,1785633773,62917.83,62927.83,0.0,0,6
1785633776096,1785633776,62920.01,62930.01,0.0,0,6
1785633777113,1785633777,62921.31,62931.31,0.0,0,6
1785633778242,1785633778,62920.72,62930.72,0.0,0,6
1785633779413,1785633779,62921.67,62931.67,0.0,0,6
1785633780630,1785633780,62918.47,62928.47,0.0,0,6
1785633781678,1785633781,62920.17,62930.17,0.0,0,6
1785633782691,1785633782,62923.56,62933.56,0.0,0,6
1785633783695,1785633783,62921.0,62931.0,0.0,0,6
1785633784695,1785633784,62922.2,62932.2,0.0,0,6
1785633785800,1785633785,62921.85,62931.85,0.0,0,6
1785633786925,1785633786,62922.26,62932.26,0.0,0,6
1785633787933,1785633787,62921.64,62931.64,0.0,0,6
1785633788953,1785633788,62924.17,62934.17,0.0,0,6
1785633789963,1785633789,62922.03,62932.03,0.0,0,6
1785633789983,1785633789,62913.84,62923.84,0.0,0,6
1785633791068,1785633791,62913.25,62923.25,0.0,0,6
1785633792069,1785633792,62913.19,62923.19,0.0,0,6
1785633793523,1785633793,62913.64,62923.64,0.0,0,6
1785633794895,1785633794,62913.28,62923.28,0.0,0,6
1785633795896,1785633795,62911.77,62921.77,0.0,0,6
1785633796962,1785633796,62911.68,62921.68,0.0,0,6
1785633797934,1785633797,62910.88,62920.88,0.0,0,6
1785633798493,1785633798,62908.0,62918.0,0.0,0,6
1785633799548,1785633799,62908.23,62918.23,0.0,0,6
1785633800567,1785633800,62905.3,62915.3,0.0,0,6
1785633801604,1785633801,62908.32,62918.32,0.0,0,6
1785633802723,1785633802,62907.82,62917.82,0.0,0,6
1785633803779,1785633803,62908.03,62918.03,0.0,0,6
1785633804786,1785633804,62908.48,62918.48,0.0,0,6
1785633806029,1785633806,62907.63,62917.63,0.0,0,6
1785633807134,1785633807,62907.46,62917.46,0.0,0,6
1785633808204,1785633808,62907.84,62917.84,0.0,0,6
1785633809213,1785633809,62911.74,62921.74,0.0,0,6
1785633810464,1785633810,62910.37,62920.37,0.0,0,6
1785633811579,1785633811,62906.85,62916.85,0.0,0,6
1785633812594,1785633812,62905.4,62915.4,0.0,0,6
1785633813605,1785633813,62906.32,62916.32,0.0,0,6
1785633814622,1785633814,62905.87,62915.87,0.0,0,6
1785633815635,1785633815,62906.1,62916.1,0.0,0,6
1785633816649,1785633816,62906.23,62916.23,0.0,0,6
1785633817663,1785633817,62909.04,62919.04,0.0,0,6
1785633818675,1785633818,62910.52,62920.52,0.0,0,6
1785633819688,1785633819,62909.64,62919.64,0.0,0,6
1785633820691,1785633820,62907.36,62917.36,0.0,0,6
1785633821714,1785633821,62904.62,62914.62,0.0,0,6
1785633822724,1785633822,62905.25,62915.25,0.0,0,6
1785633823743,1785633823,62905.06,62915.06,0.0,0,6
1785633824757,1785633824,62908.6,62918.6,0.0,0,6
1785633825772,1785633825,62906.81,62916.81,0.0,0,6
1785633826787,1785633826,62906.93,62916.93,0.0,0,6
1785633827802,1785633827,62906.2,62916.2,0.0,0,6
1785633828816,1785633828,62908.45,62918.45,0.0,0,6
1785633829831,1785633829,62909.76,62919.76,0.0,0,6
1785633830846,1785633830,62910.02,62920.02,0.0,0,6
1785633831860,1785633831,62908.88,62918.88,0.0,0,6
1785633832874,1785633832,62910.61,62920.61,0.0,0,6
1785633833874,1785633833,62909.88,62919.88,0.0,0,6
1785633834900,1785633834,62911.56,62921.56,0.0,0,6
1785633835913,1785633835,62911.86,62921.86,0.0,0,6
1785633836928,1785633836,62913.18,62923.18,0.0,0,6
1785633837941,1785633837,62912.39,62922.39,0.0,0,6
1785633838948,1785633838,62912.88,62922.88,0.0,0,6
1785633839969,1785633839,62913.68,62923.68,0.0,0,6
1785633840969,1785633840,62911.91,62921.91,0.0,0,6
1785633841998,1785633841,62911.94,62921.94,0.0,0,6
1785633843012,1785633843,62913.61,62923.61,0.0,0,6
1785633844025,1785633844,62912.72,62922.72,0.0,0,6
1785633845028,1785633845,62914.27,62924.27,0.0,0,6
1785633846028,1785633846,62912.96,62922.96,0.0,0,6
1785633847070,1785633847,62914.64,62924.64,0.0,0,6
1785633848086,1785633848,62914.33,62924.33,0.0,0,6
1785633849100,1785633849,62915.34,62925.34,0.0,0,6
1785633850112,1785633850,62915.2,62925.2,0.0,0,6
1785633851116,1785633851,62916.85,62926.85,0.0,0,6
1785633852139,1785633852,62915.19,62925.19,0.0,0,6
1785633853154,1785633853,62914.62,62924.62,0.0,0,6
1785633854162,1785633854,62912.76,62922.76,0.0,0,6
1785633855163,1785633855,62913.01,62923.01,0.0,0,6
1785633856197,1785633856,62909.81,62919.81,0.0,0,6
1785633857214,1785633857,62911.5,62921.5,0.0,0,6
1785633858229,1785633858,62909.8,62919.8,0.0,0,6
1785633859244,1785633859,62911.83,62921.83,0.0,0,6
1785633860249,1785633860,62911.65,62921.65,0.0,0,6
1785633861268,1785633861,62908.88,62918.88,0.0,0,6
1785633863318,1785633863,62908.89,62918.89,0.0,0,6
1785633867509,1785633867,62908.9,62918.9,0.0,0,6
1785633871567,1785633871,62909.96,62919.96,0.0,0,6
1785633872570,1785633872,62912.5,62922.5,0.0,0,6
1785633873574,1785633873,62912.69,62922.69,0.0,0,6
1785633874574,1785633874,62912.08,62922.08,0.0,0,6
1785633875579,1785633875,62911.74,62921.74,0.0,0,6
1785633876599,1785633876,62910.78,62920.78,0.0,0,6
1785633877606,1785633877,62910.5,62920.5,0.0,0,6
1785633878753,1785633878,62909.32,62919.32,0.0,0,6
1785633879783,1785633879,62910.47,62920.47,0.0,0,6
1785633880874,1785633880,62909.42,62919.42,0.0,0,6
1785633882096,1785633882,62908.48,62918.48,0.0,0,6
1785633883423,1785633883,62906.59,62916.59,0.0,0,6
1785633884430,1785633884,62905.41,62915.41,0.0,0,6
1785633885474,1785633885,62907.08,62917.08,0.0,0,6
1785633886496,1785633886,62904.72,62914.72,0.0,0,6
1785633887901,1785633887,62907.07,62917.07,0.0,0,6
1785633889097,1785633889,62904.58,62914.58,0.0,0,6
1785633890243,1785633890,62904.55,62914.55,0.0,0,6
1785633891288,1785633891,62905.05,62915.05,0.0,0,6
1785633892296,1785633892,62910.06,62920.06,0.0,0,6
1785633893323,1785633893,62909.89,62919.89,0.0,0,6
1785633894394,1785633894,62908.12,62918.12,0.0,0,6
1785633895692,1785633895,62908.05,62918.05,0.0,0,6
1785633896709,1785633896,62905.37,62915.37,0.0,0,6
1785633897728,1785633897,62905.05,62915.05,0.0,0,6
1785633898748,1785633898,62905.61,62915.61,0.0,0,6
1785633899750,1785633899,62906.27,62916.27,0.0,0,6
1785633900763,1785633900,62906.66,62916.66,0.0,0,6
1785633901769,1785633901,62907.76,62917.76,0.0,0,6
1785633902775,1785633902,62904.44,62914.44,0.0,0,6
1785633903789,1785633903,62905.05,62915.05,0.0,0,6
1785633904792,1785633904,62906.96,62916.96,0.0,0,6
1785633905802,1785633905,62908.17,62918.17,0.0,0,6
1785633906809,1785633906,62909.5,62919.5,0.0,0,6
1785633907820,1785633907,62906.81,62916.81,0.0,0,6
1785633908830,1785633908,62907.74,62917.74,0.0,0,6
1785633909835,1785633909,62908.54,62918.54,0.0,0,6
1785633910854,1785633910,62906.63,62916.63,0.0,0,6
1785633911855,1785633911,62907.53,62917.53,0.0,0,6
1785633912870,1785633912,62907.26,62917.26,0.0,0,6
1785633913888,1785633913,62904.48,62914.48,0.0,0,6
1785633914898,1785633914,62907.63,62917.63,0.0,0,6
1785633915985,1785633915,62911.4,62921.4,0.0,0,6
1785633917026,1785633917,62909.9,62919.9,0.0,0,6
1785633918114,1785633918,62909.61,62919.61,0.0,0,6
1785633919143,1785633919,62909.85,62919.85,0.0,0,6
1785633920325,1785633920,62909.39,62919.39,0.0,0,6
1785633921387,1785633921,62908.32,62918.32,0.0,0,6
1785633922468,1785633922,62909.48,62919.48,0.0,0,6
1785633923517,1785633923,62910.02,62920.02,0.0,0,6
1785633924526,1785633924,62911.31,62921.31,0.0,0,6
1785633925545,1785633925,62909.5,62919.5,0.0,0,6
1785633926620,1785633926,62910.7,62920.7,0.0,0,6
1785633927638,1785633927,62912.01,62922.01,0.0,0,6
1785633928646,1785633928,62910.59,62920.59,0.0,0,6
1785633929723,1785633929,62909.87,62919.87,0.0,0,6
1785633930813,1785633930,62910.54,62920.54,0.0,0,6
1785633931904,1785633931,62908.48,62918.48,0.0,0,6
1785633932918,1785633932,62910.81,62920.81,0.0,0,6
1785633934044,1785633934,62913.7,62923.7,0.0,0,6
1785633935051,1785633935,62911.85,62921.85,0.0,0,6
1785633936070,1785633936,62914.06,62924.06,0.0,0,6
1785633937078,1785633937,62912.58,62922.58,0.0,0,6
1785633938084,1785633938,62912.11,62922.11,0.0,0,6
1785633939100,1785633939,62915.69,62925.69,0.0,0,6
1785633940108,1785633940,62915.67,62925.67,0.0,0,6
1785633941120,1785633941,62915.24,62925.24,0.0,0,6
1785633942126,1785633942,62913.56,62923.56,0.0,0,6
1785633943139,1785633943,62912.37,62922.37,0.0,0,6
1785633944150,1785633944,62913.09,62923.09,0.0,0,6
1785633945170,1785633945,62913.41,62923.41,0.0,0,6
1785633946177,1785633946,62914.09,62924.09,0.0,0,6
1785633947198,1785633947,62914.01,62924.01,0.0,0,6
1785633948201,1785633948,62915.55,62925.55,0.0,0,6
1785633949203,1785633949,62912.71,62922.71,0.0,0,6
1785633950209,1785633950,62912.8,62922.8,0.0,0,6
1785633951209,1785633951,62911.77,62921.77,0.0,0,6
1785633951934,1785633951,62913.68,62923.68,0.0,0,6
1785633951963,1785633951,62915.58,62925.58,0.0,0,6
1785633952974,1785633952,62915.59,62925.59,0.0,0,6
1785633953993,1785633953,62913.19,62923.19,0.0,0,6
1785633955207,1785633955,62912.93,62922.93,0.0,0,6
1785633956633,1785633956,62919.85,62929.85,0.0,0,6
1785633957684,1785633957,62919.59,62929.59,0.0,0,6
1785633958773,1785633958,62919.77,62929.77,0.0,0,6
1785633959854,1785633959,62919.92,62929.92,0.0,0,6
1785633960954,1785633960,62917.68,62927.68,0.0,0,6
1785633962085,1785633962,62916.94,62926.94,0.0,0,6
1785633963093,1785633963,62914.26,62924.26,0.0,0,6
1785633964154,1785633964,62917.55,62927.55,0.0,0,6
1785633965214,1785633965,62917.2,62927.2,0.0,0,6
1785633966233,1785633966,62916.74,62926.74,0.0,0,6
1785633967388,1785633967,62918.08,62928.08,0.0,0,6
1785633968441,1785633968,62919.58,62929.58,0.0,0,6
1785633969504,1785633969,62918.79,62928.79,0.0,0,6
1785633970545,1785633970,62918.22,62928.22,0.0,0,6
1785633971618,1785633971,62917.0,62927.0,0.0,0,6
1785633972635,1785633972,62917.37,62927.37,0.0,0,6
1785633973691,1785633973,62915.37,62925.37,0.0,0,6
1785633974717,1785633974,62917.07,62927.07,0.0,0,6
1785633975801,1785633975,62916.55,62926.55,0.0,0,6
1785633976880,1785633976,62916.11,62926.11,0.0,0,6
1785633977948,1785633977,62914.88,62924.88,0.0,0,6
1785633979119,1785633979,62917.57,62927.57,0.0,0,6
1785633980363,1785633980,62916.12,62926.12,0.0,0,6
1785633981454,1785633981,62920.12,62930.12,0.0,0,6
1785633982483,1785633982,62915.73,62925.73,0.0,0,6
1785633983528,1785633983,62916.22,62926.22,0.0,0,6
1785633984540,1785633984,62916.23,62926.23,0.0,0,6
1785633985539,1785633985,62915.31,62925.31,0.0,0,6
1785633986602,1785633986,62914.58,62924.58,0.0,0,6
1785633987813,1785633987,62914.05,62924.05,0.0,0,6
1785633988965,1785633988,62912.79,62922.79,0.0,0,6
1785633990238,1785633990,62912.3,62922.3,0.0,0,6
1785633991283,1785633991,62912.96,62922.96,0.0,0,6
1785633992284,1785633992,62912.43,62922.43,0.0,0,6
1785633993437,1785633993,62914.02,62924.02,0.0,0,6
1785633994523,1785633994,62912.23,62922.23,0.0,0,6
1785633996591,1785633996,62912.25,62922.25,0.0,0,6
1785633997607,1785633997,62912.26,62922.26,0.0,0,6
1785634000711,1785634000,62912.28,62922.28,0.0,0,6
1785634001838,1785634001,62913.07,62923.07,0.0,0,6
1785634002840,1785634002,62913.23,62923.23,0.0,0,6
1785634003943,1785634003,62913.6,62923.6,0.0,0,6
1785634004974,1785634004,62915.74,62925.74,0.0,0,6
1785634006024,1785634006,62914.26,62924.26,0.0,0,6
1785634007043,1785634007,62914.19,62924.19,0.0,0,6
1785634008093,1785634008,62916.58,62926.58,0.0,0,6
1785634009097,1785634009,62916.69,62926.69,0.0,0,6
1785634010448,1785634010,62915.99,62925.99,0.0,0,6
1785634011481,1785634011,62917.29,62927.29,0.0,0,6
1785634012482,1785634012,62914.11,62924.11,0.0,0,6
1785634013491,1785634013,62915.32,62925.32,0.0,0,6
1785634014562,1785634014,62916.39,62926.39,0.0,0,6
1785634015649,1785634015,62915.45,62925.45,0.0,0,6
1785634016748,1785634016,62914.46,62924.46,0.0,0,6
1785634017813,1785634017,62912.39,62922.39,0.0,0,6
1785634018017,1785634018,62913.77,62923.77,0.0,0,6
1785634018047,1785634018,62915.16,62925.16,0.0,0,6
1785634018084,1785634018,62916.9,62926.9,0.0,0,6
1785634018165,1785634018,62918.32,62928.32,0.0,0,6
1785634019218,1785634019,62919.03,62929.03,0.0,0,6
1785634020273,1785634020,62918.25,62928.25,0.0,0,6
1785634021297,1785634021,62918.6,62928.6,0.0,0,6
1785634022363,1785634022,62919.96,62929.96,0.0,0,6
1785634023424,1785634023,62921.53,62931.53,0.0,0,6
1785634024533,1785634024,62923.02,62933.02,0.0,0,6
1785634025617,1785634025,62926.14,62936.14,0.0,0,6
1785634026897,1785634026,62924.61,62934.61,0.0,0,6
1785634028033,1785634028,62926.09,62936.09,0.0,0,6
1785634029504,1785634029,62924.74,62934.74,0.0,0,6
1785634030504,1785634030,62923.54,62933.54,0.0,0,6
1785634031542,1785634031,62924.59,62934.59,0.0,0,6
1785634032654,1785634032,62925.99,62935.99,0.0,0,6
1785634033688,1785634033,62925.97,62935.97,0.0,0,6
1785634034723,1785634034,62923.74,62933.74,0.0,0,6
1785634035817,1785634035,62924.19,62934.19,0.0,0,6
1785634036965,1785634036,62922.07,62932.07,0.0,0,6
1785634037994,1785634037,62924.33,62934.33,0.0,0,6
1785634039223,1785634039,62922.98,62932.98,0.0,0,6
1785634040245,1785634040,62913.89,62923.89,0.0,0,6
1785634041313,1785634041,62916.28,62926.28,0.0,0,6
1785634042363,1785634042,62915.52,62925.52,0.0,0,6
1785634043505,1785634043,62918.29,62928.29,0.0,0,6
1785634044624,1785634044,62916.22,62926.22,0.0,0,6
1785634045691,1785634045,62915.76,62925.76,0.0,0,6
1785634046724,1785634046,62915.13,62925.13,0.0,0,6
1785634047751,1785634047,62914.84,62924.84,0.0,0,6
1785634048764,1785634048,62913.52,62923.52,0.0,0,6
1785634049929,1785634049,62916.93,62926.93,0.0,0,6
1785634051616,1785634051,62913.5,62923.5,0.0,0,6
1785634052774,1785634052,62913.46,62923.46,0.0,0,6
1785634053850,1785634053,62913.44,62923.44,0.0,0,6
1785634054854,1785634054,62915.08,62925.08,0.0,0,6
1785634055952,1785634055,62914.87,62924.87,0.0,0,6
1785634057097,1785634057,62914.7,62924.7,0.0,0,6
1785634058193,1785634058,62914.24,62924.24,0.0,0,6
1785634059443,1785634059,62917.27,62927.27,0.0,0,6
1785634060462,1785634060,62919.99,62929.99,0.0,0,6
1785634061506,1785634061,62918.44,62928.44,0.0,0,6
1785634062643,1785634062,62916.88,62926.88,0.0,0,6
1785634063683,1785634063,62917.48,62927.48,0.0,0,6
1785634064896,1785634064,62917.61,62927.61,0.0,0,6
1785634066021,1785634066,62917.26,62927.26,0.0,0,6
1785634067075,1785634067,62916.39,62926.39,0.0,0,6
1785634068235,1785634068,62916.68,62926.68,0.0,0,6
1785634069473,1785634069,62916.22,62926.22,0.0,0,6
1785634070793,1785634070,62915.8,62925.8,0.0,0,6
1785634071974,1785634071,62915.89,62925.89,0.0,0,6
1785634073003,1785634073,62915.36,62925.36,0.0,0,6
1785634074223,1785634074,62916.36,62926.36,0.0,0,6
1785634075283,1785634075,62916.39,62926.39,0.0,0,6
1785634076478,1785634076,62917.0,62927.0,0.0,0,6
1785634077481,1785634077,62917.12,62927.12,0.0,0,6
1785634078546,1785634078,62917.53,62927.53,0.0,0,6
1785634079677,1785634079,62918.18,62928.18,0.0,0,6
1785634080681,1785634080,62919.65,62929.65,0.0,0,6
1785634081692,1785634081,62919.6,62929.6,0.0,0,6
1785634082724,1785634082,62914.01,62924.01,0.0,0,6
1785634083785,1785634083,62914.92,62924.92,0.0,0,6
1785634084789,1785634084,62913.87,62923.87,0.0,0,6
1785634085860,1785634085,62915.0,62925.0,0.0,0,6
1785634086893,1785634086,62914.61,62924.61,0.0,0,6
1785634087967,1785634087,62913.72,62923.72,0.0,0,6
1785634089176,1785634089,62913.91,62923.91,0.0,0,6
1785634090189,1785634090,62913.3,62923.3,0.0,0,6
1785634091199,1785634091,62913.72,62923.72,0.0,0,6
1785634092201,1785634092,62914.07,62924.07,0.0,0,6
1785634093237,1785634093,62917.58,62927.58,0.0,0,6
1785634094299,1785634094,62916.17,62926.17,0.0,0,6
1785634095357,1785634095,62917.8,62927.8,0.0,0,6
1785634096422,1785634096,62916.64,62926.64,0.0,0,6
1785634097505,1785634097,62916.44,62926.44,0.0,0,6
1785634098505,1785634098,62917.1,62927.1,0.0,0,6
1785634099603,1785634099,62918.68,62928.68,0.0,0,6
1785634100653,1785634100,62918.48,62928.48,0.0,0,6
1785634101680,1785634101,62917.65,62927.65,0.0,0,6
1785634102691,1785634102,62918.58,62928.58,0.0,0,6
1785634103758,1785634103,62918.56,62928.56,0.0,0,6
1785634104823,1785634104,62918.51,62928.51,0.0,0,6
1785634105875,1785634105,62917.75,62927.75,0.0,0,6
1785634106945,1785634106,62918.69,62928.69,0.0,0,6
1785634107964,1785634107,62915.58,62925.58,0.0,0,6
1785634108993,1785634108,62915.6,62925.6,0.0,0,6
1785634110089,1785634110,62916.32,62926.32,0.0,0,6
1785634111306,1785634111,62915.74,62925.74,0.0,0,6
1785634112358,1785634112,62915.91,62925.91,0.0,0,6
1785634113422,1785634113,62917.01,62927.01,0.0,0,6
1785634114438,1785634114,62916.11,62926.11,0.0,0,6
1785634115441,1785634115,62916.39,62926.39,0.0,0,6
1785634116527,1785634116,62915.71,62925.71,0.0,0,6
1785634117607,1785634117,62916.33,62926.33,0.0,0,6
1785634118615,1785634118,62915.82,62925.82,0.0,0,6
1785634119689,1785634119,62916.34,62926.34,0.0,0,6
1785634120691,1785634120,62916.77,62926.77,0.0,0,6
1785634121795,1785634121,62917.31,62927.31,0.0,0,6
1785634122885,1785634122,62915.72,62925.72,0.0,0,6
1785634123925,1785634123,62915.66,62925.66,0.0,0,6
1785634125189,1785634125,62915.77,62925.77,0.0,0,6
1785634126345,1785634126,62916.66,62926.66,0.0,0,6
1785634127404,1785634127,62916.52,62926.52,0.0,0,6
1785634127803,1785634127,62918.28,62928.28,0.0,0,6
1785634128945,1785634128,62919.38,62929.38,0.0,0,6
1785634129984,1785634129,62920.11,62930.11,0.0,0,6
1785634131001,1785634131,62919.33,62929.33,0.0,0,6
1785634132014,1785634132,62919.32,62929.32,0.0,0,6
1785634134085,1785634134,62919.51,62929.51,0.0,0,6
1785634135216,1785634135,62921.45,62931.45,0.0,0,6
1785634136295,1785634136,62921.34,62931.34,0.0,0,6
1785634137370,1785634137,62922.14,62932.14,0.0,0,6
1785634138495,1785634138,62921.73,62931.73,0.0,0,6
1785634139504,1785634139,62920.86,62930.86,0.0,0,6
1785634140530,1785634140,62920.26,62930.26,0.0,0,6
1785634141536,1785634141,62920.58,62930.58,0.0,0,6
1785634142684,1785634142,62922.14,62932.14,0.0,0,6
1785634143772,1785634143,62922.77,62932.77,0.0,0,6
1785634144851,1785634144,62924.41,62934.41,0.0,0,6
1785634145872,1785634145,62918.59,62928.59,0.0,0,6
1785634146875,1785634146,62920.8,62930.8,0.0,0,6
1785634147899,1785634147,62916.1,62926.1,0.0,0,6
1785634149015,1785634149,62919.24,62929.24,0.0,0,6
1785634149865,1785634149,62920.83,62930.83,0.0,0,6
1785634150904,1785634150,62921.78,62931.78,0.0,0,6
1785634152150,1785634152,62921.69,62931.69,0.0,0,6
1785634153208,1785634153,62920.58,62930.58,0.0,0,6
1785634154219,1785634154,62921.65,62931.65,0.0,0,6
1785634155261,1785634155,62921.58,62931.58,0.0,0,6
1785634156494,1785634156,62920.12,62930.12,0.0,0,6
1785634157629,1785634157,62921.49,62931.49,0.0,0,6
1785634158665,1785634158,62920.6,62930.6,0.0,0,6
1785634159691,1785634159,62913.42,62923.42,0.0,0,6
1785634160716,1785634160,62913.39,62923.39,0.0,0,6
1785634161776,1785634161,62913.67,62923.67,0.0,0,6
1785634162848,1785634162,62914.23,62924.23,0.0,0,6
1785634163963,1785634163,62914.03,62924.03,0.0,0,6
1785634165289,1785634165,62913.57,62923.57,0.0,0,6
1785634166316,1785634166,62913.26,62923.26,0.0,0,6
1785634167337,1785634167,62913.24,62923.24,0.0,0,6
1785634168379,1785634168,62913.22,62923.22,0.0,0,6
1785634169400,1785634169,62913.2,62923.2,0.0,0,6
1785634171475,1785634171,62913.18,62923.18,0.0,0,6
1785634172760,1785634172,62913.15,62923.15,0.0,0,6
1785634174836,1785634174,62913.13,62923.13,0.0,0,6
1785634176106,1785634176,62913.1,62923.1,0.0,0,6
1785634177300,1785634177,62914.84,62924.84,0.0,0,6
1785634178314,1785634178,62913.06,62923.06,0.0,0,6
1785634179819,1785634179,62913.1,62923.1,0.0,0,6
1785634181260,1785634181,62913.02,62923.02,0.0,0,6
1785634182273,1785634182,62915.66,62925.66,0.0,0,6
1785634183504,1785634183,62914.72,62924.72,0.0,0,6
1785634184503,1785634184,62913.42,62923.42,0.0,0,6
1785634185518,1785634185,62914.52,62924.52,0.0,0,6
1785634186691,1785634186,62914.76,62924.76,0.0,0,6
1785634187713,1785634187,62915.81,62925.81,0.0,0,6
1785634188765,1785634188,62914.49,62924.49,0.0,0,6
1785634189800,1785634189,62912.9,62922.9,0.0,0,6
1785634190800,1785634190,62914.18,62924.18,0.0,0,6
1785634191841,1785634191,62917.3,62927.3,0.0,0,6
1785634192942,1785634192,62920.86,62930.86,0.0,0,6
1785634193683,1785634193,62920.75,62930.75,0.0,0,6
1785634194234,1785634194,62917.94,62927.94,0.0,0,6
1785634195250,1785634195,62915.4,62925.4,0.0,0,6
1785634196256,1785634196,62913.62,62923.62,0.0,0,6
1785634197264,1785634197,62910.96,62920.96,0.0,0,6
1785634198264,1785634198,62913.08,62923.08,0.0,0,6
1785634199309,1785634199,62912.01,62922.01,0.0,0,6
1785634200341,1785634200,62912.21,62922.21,0.0,0,6
1785634201384,1785634201,62912.26,62922.26,0.0,0,6
1785634202388,1785634202,62913.62,62923.62,0.0,0,6
1785634202533,1785634202,62910.14,62920.14,0.0,0,6
1785634202549,1785634202,62908.59,62918.59,0.0,0,6
1785634202559,1785634202,62906.92,62916.92,0.0,0,6
1785634202587,1785634202,62904.87,62914.87,0.0,0,6
1785634203630,1785634203,62903.42,62913.42,0.0,0,6
1785634204670,1785634204,62902.67,62912.67,0.0,0,6
1785634205684,1785634205,62901.92,62911.92,0.0,0,6
1785634207756,1785634207,62901.9,62911.9,0.0,0,6
1785634208982,1785634208,62908.81,62918.81,0.0,0,6
1785634210049,1785634210,62907.8,62917.8,0.0,0,6
1785634211084,1785634211,62907.99,62917.99,0.0,0,6
1785634212094,1785634212,62909.72,62919.72,0.0,0,6
1785634213104,1785634213,62906.02,62916.02,0.0,0,6
1785634214217,1785634214,62905.67,62915.67,0.0,0,6
1785634215218,1785634215,62901.65,62911.65,0.0,0,6
1785634216403,1785634216,62901.59,62911.59,0.0,0,6
1785634217454,1785634217,62902.96,62912.96,0.0,0,6
1785634218474,1785634218,62902.93,62912.93,0.0,0,6
1785634219691,1785634219,62901.5,62911.5,0.0,0,6
1785634220759,1785634220,62901.47,62911.47,0.0,0,6
1785634222778,1785634222,62901.53,62911.53,0.0,0,6
1785634223792,1785634223,62902.82,62912.82,0.0,0,6
1785634224848,1785634224,62903.0,62913.0,0.0,0,6
1785634225939,1785634225,62903.31,62913.31,0.0,0,6
1785634227033,1785634227,62901.56,62911.56,0.0,0,6
1785634229107,1785634229,62901.57,62911.57,0.0,0,6
1785634230643,1785634230,62905.94,62915.94,0.0,0,6
1785634231692,1785634231,62906.18,62916.18,0.0,0,6
1785634233804,1785634233,62906.2,62916.2,0.0,0,6
1785634234815,1785634234,62907.31,62917.31,0.0,0,6
1785634235885,1785634235,62906.31,62916.31,0.0,0,6
1785634237155,1785634237,62910.77,62920.77,0.0,0,6
1785634238184,1785634238,62914.15,62924.15,0.0,0,6
1785634239212,1785634239,62912.12,62922.12,0.0,0,6
1785634240244,1785634240,62914.26,62924.26,0.0,0,6
1785634241274,1785634241,62913.85,62923.85,0.0,0,6
1785634242344,1785634242,62906.27,62916.27,0.0,0,6
1785634243365,1785634243,62906.28,62916.28,0.0,0,6
1785634246029,1785634246,62908.91,62918.91,0.0,0,6
1785634247044,1785634247,62907.41,62917.41,0.0,0,6
1785634248171,1785634248,62908.41,62918.41,0.0,0,6
1785634249184,1785634249,62907.98,62917.98,0.0,0,6
1785634250448,1785634250,62906.34,62916.34,0.0,0,6
1785634252574,1785634252,62906.35,62916.35,0.0,0,6
1785634253631,1785634253,62906.36,62916.36,0.0,0,6
1785634254786,1785634254,62906.37,62916.37,0.0,0,6
1785634255845,1785634255,62906.38,62916.38,0.0,0,6
1785634256887,1785634256,62906.39,62916.39,0.0,0,6
1785634260134,1785634260,62906.9,62916.9,0.0,0,6
1785634261301,1785634261,62907.21,62917.21,0.0,0,6
1785634262514,1785634262,62907.94,62917.94,0.0,0,6
1785634263565,1785634263,62909.62,62919.62,0.0,0,6
1785634264691,1785634264,62910.93,62920.93,0.0,0,6
1785634265717,1785634265,62911.54,62921.54,0.0,0,6
1785634266746,1785634266,62909.82,62919.82,0.0,0,6
1785634267844,1785634267,62909.02,62919.02,0.0,0,6
1785634268959,1785634268,62908.64,62918.64,0.0,0,6
1785634270029,1785634270,62907.6,62917.6,0.0,0,6
1785634271096,1785634271,62906.75,62916.75,0.0,0,6
1785634272217,1785634272,62908.86,62918.86,0.0,0,6
1785634273218,1785634273,62907.31,62917.31,0.0,0,6
1785634274296,1785634274,62908.34,62918.34,0.0,0,6
1785634275413,1785634275,62910.18,62920.18,0.0,0,6
1785634276420,1785634276,62910.17,62920.17,0.0,0,6
1785634277434,1785634277,62908.75,62918.75,0.0,0,6
1785634278496,1785634278,62907.07,62917.07,0.0,0,6
1785634279525,1785634279,62906.92,62916.92,0.0,0,6
1785634280541,1785634280,62904.88,62914.88,0.0,0,6
1785634281577,1785634281,62903.92,62913.92,0.0,0,6
1785634282629,1785634282,62902.13,62912.13,0.0,0,6
1785634283895,1785634283,62903.02,62913.02,0.0,0,6
1785634285094,1785634285,62902.12,62912.12,0.0,0,6
1785634287394,1785634287,62902.54,62912.54,0.0,0,6
1785634288439,1785634288,62902.9,62912.9,0.0,0,6
1785634289567,1785634289,62903.46,62913.46,0.0,0,6
1785634290828,1785634290,62902.4,62912.4,0.0,0,6
1785634291844,1785634291,62902.09,62912.09,0.0,0,6
1785634292923,1785634292,62902.08,62912.08,0.0,0,6
1785634294971,1785634294,62902.09,62912.09,0.0,0,6
1785634296058,1785634296,62902.81,62912.81,0.0,0,6
1785634296453,1785634296,62907.53,62917.53,0.0,0,6
1785634296468,1785634296,62910.97,62920.97,0.0,0,6
1785634297633,1785634297,62910.13,62920.13,0.0,0,6
1785634299773,1785634299,62910.12,62920.12,0.0,0,6
1785634300964,1785634300,62910.11,62920.11,0.0,0,6
1785634302135,1785634302,62910.1,62920.1,0.0,0,6
1785634303232,1785634303,62910.09,62920.09,0.0,0,6
1785634304405,1785634304,62910.07,62920.07,0.0,0,6
1785634304496,1785634304,62912.07,62922.07,0.0,0,6
1785634305534,1785634305,62912.04,62922.04,0.0,0,6
1785634306562,1785634306,62912.01,62922.01,0.0,0,6
1785634307612,1785634307,62912.53,62922.53,0.0,0,6
1785634308627,1785634308,62911.98,62921.98,0.0,0,6
1785634309691,1785634309,62916.6,62926.6,0.0,0,6
1785634310722,1785634310,62919.92,62929.92,0.0,0,6
1785634312016,1785634312,62919.85,62929.85,0.0,0,6
1785634313125,1785634313,62919.82,62929.82,0.0,0,6
1785634314180,1785634314,62914.93,62924.93,0.0,0,6
1785634315195,1785634315,62917.26,62927.26,0.0,0,6
1785634316237,1785634316,62919.59,62929.59,0.0,0,6
1785634317287,1785634317,62919.71,62929.71,0.0,0,6
1785634318328,1785634318,62919.69,62929.69,0.0,0,6
1785634319374,1785634319,62919.66,62929.66,0.0,0,6
1785634320401,1785634320,62919.64,62929.64,0.0,0,6
1785634321565,1785634321,62915.78,62925.78,0.0,0,6
1785634322584,1785634322,62915.09,62925.09,0.0,0,6
1785634323665,1785634323,62915.42,62925.42,0.0,0,6
1785634324692,1785634324,62914.44,62924.44,0.0,0,6
1785634325696,1785634325,62914.06,62924.06,0.0,0,6
1785634326774,1785634326,62912.98,62922.98,0.0,0,6
1785634327882,1785634327,62915.32,62925.32,0.0,0,6
1785634328999,1785634328,62912.63,62922.63,0.0,0,6
1785634330113,1785634330,62912.04,62922.04,0.0,0,6
1785634331114,1785634331,62911.28,62921.28,0.0,0,6
1785634332234,1785634332,62912.83,62922.83,0.0,0,6
1785634333307,1785634333,62911.89,62921.89,0.0,0,6
1785634334412,1785634334,62912.3,62922.3,0.0,0,6
1785634335434,1785634335,62911.4,62921.4,0.0,0,6
1785634336629,1785634336,62910.02,62920.02,0.0,0,6
1785634337685,1785634337,62908.81,62918.81,0.0,0,6
1785634338741,1785634338,62907.84,62917.84,0.0,0,6
1785634339829,1785634339,62907.29,62917.29,0.0,0,6
1785634340895,1785634340,62907.49,62917.49,0.0,0,6
1785634341924,1785634341,62907.52,62917.52,0.0,0,6
1785634343300,1785634343,62909.85,62919.85,0.0,0,6
1785634344305,1785634344,62910.56,62920.56,0.0,0,6
1785634345529,1785634345,62910.75,62920.75,0.0,0,6
1785634346690,1785634346,62909.03,62919.03,0.0,0,6
1785634347936,1785634347,62909.91,62919.91,0.0,0,6
1785634349079,1785634349,62910.13,62920.13,0.0,0,6
1785634350097,1785634350,62911.57,62921.57,0.0,0,6
1785634351377,1785634351,62910.92,62920.92,0.0,0,6
1785634351895,1785634351,62915.1,62925.1,0.0,0,6
1785634352017,1785634352,62919.08,62929.08,0.0,0,6
1785634353069,1785634353,62917.29,62927.29,0.0,0,6
1785634354081,1785634354,62918.51,62928.51,0.0,0,6
1785634355160,1785634355,62919.34,62929.34,0.0,0,6
1785634356184,1785634356,62922.6,62932.6,0.0,0,6
1785634357208,1785634357,62924.56,62934.56,0.0,0,6
1785634358296,1785634358,62923.46,62933.46,0.0,0,6
1785634359304,1785634359,62920.43,62930.43,0.0,0,6
1785634360355,1785634360,62921.28,62931.28,0.0,0,6
1785634361394,1785634361,62922.36,62932.36,0.0,0,6
1785634362445,1785634362,62921.54,62931.54,0.0,0,6
1785634363581,1785634363,62921.12,62931.12,0.0,0,6
1785634364823,1785634364,62917.83,62927.83,0.0,0,6
1785634365426,1785634365,62919.56,62929.56,0.0,0,6
1785634366442,1785634366,62918.88,62928.88,0.0,0,6
1785634367487,1785634367,62920.58,62930.58,0.0,0,6
1785634368349,1785634368,62925.8,62935.8,0.0,0,6
1785634368414,1785634368,62927.24,62937.24,0.0,0,6
1785634368474,1785634368,62929.82,62939.82,0.0,0,6
1785634369480,1785634369,62933.07,62943.07,0.0,0,6
1785634370655,1785634370,62933.05,62943.05,0.0,0,6
1785634371704,1785634371,62931.22,62941.22,0.0,0,6
1785634372704,1785634372,62933.02,62943.02,0.0,0,6
1785634373713,1785634373,62932.27,62942.27,0.0,0,6
1785634374713,1785634374,62932.98,62942.98,0.0,0,6
1785634375754,1785634375,62930.43,62940.43,0.0,0,6
1785634376823,1785634376,62929.04,62939.04,0.0,0,6
1785634377823,1785634377,62927.87,62937.87,0.0,0,6
1785634378896,1785634378,62926.58,62936.58,0.0,0,6
1785634380004,1785634380,62927.17,62937.17,0.0,0,6
1785634381168,1785634381,62928.28,62938.28,0.0,0,6
1785634382210,1785634382,62928.24,62938.24,0.0,0,6
1785634383356,1785634383,62931.58,62941.58,0.0,0,6
1785634384165,1785634384,62931.63,62941.63,0.0,0,6
1785634385496,1785634385,62933.14,62943.14,0.0,0,6
1785634386536,1785634386,62935.28,62945.28,0.0,0,6
1785634387604,1785634387,62935.22,62945.22,0.0,0,6
1785634388634,1785634388,62933.1,62943.1,0.0,0,6
1785634389642,1785634389,62935.13,62945.13,0.0,0,6
1785634390678,1785634390,62935.08,62945.08,0.0,0,6
1785634391699,1785634391,62933.45,62943.45,0.0,0,6
1785634392710,1785634392,62928.15,62938.15,0.0,0,6
1785634393836,1785634393,62933.97,62943.97,0.0,0,6
1785634394845,1785634394,62934.55,62944.55,0.0,0,6
1785634395926,1785634395,62932.73,62942.73,0.0,0,6
1785634397414,1785634397,62933.82,62943.82,0.0,0,6
1785634398496,1785634398,62929.8,62939.8,0.0,0,6
1785634399503,1785634399,62926.17,62936.17,0.0,0,6
1785634400695,1785634400,62925.35,62935.35,0.0,0,6
1785634401773,1785634401,62922.46,62932.46,0.0,0,6
1785634402824,1785634402,62925.11,62935.11,0.0,0,6
1785634403854,1785634403,62924.27,62934.27,0.0,0,6
1785634404914,1785634404,62924.53,62934.53,0.0,0,6
1785634405984,1785634405,62924.13,62934.13,0.0,0,6
1785634407184,1785634407,62926.63,62936.63,0.0,0,6
1785634408453,1785634408,62926.31,62936.31,0.0,0,6
1785634409484,1785634409,62925.36,62935.36,0.0,0,6
1785634410504,1785634410,62925.69,62935.69,0.0,0,6
1785634411554,1785634411,62924.88,62934.88,0.0,0,6
1785634412645,1785634412,62924.3,62934.3,0.0,0,6
1785634413654,1785634413,62923.33,62933.33,0.0,0,6
1785634414744,1785634414,62924.12,62934.12,0.0,0,6
1785634415825,1785634415,62923.12,62933.12,0.0,0,6
1785634417039,1785634417,62922.12,62932.12,0.0,0,6
1785634418383,1785634418,62924.71,62934.71,0.0,0,6
1785634419412,1785634419,62923.59,62933.59,0.0,0,6
1785634420444,1785634420,62927.23,62937.23,0.0,0,6
1785634421454,1785634421,62924.18,62934.18,0.0,0,6
1785634422594,1785634422,62924.24,62934.24,0.0,0,6
1785634423604,1785634423,62924.33,62934.33,0.0,0,6
1785634424693,1785634424,62924.82,62934.82,0.0,0,6
1785634425705,1785634425,62924.66,62934.66,0.0,0,6
1785634426754,1785634426,62926.28,62936.28,0.0,0,6
1785634427825,1785634427,62925.24,62935.24,0.0,0,6
1785634428913,1785634428,62924.67,62934.67,0.0,0,6
1785634429954,1785634429,62924.84,62934.84,0.0,0,6
1785634431496,1785634431,62926.06,62936.06,0.0,0,6
1785634432534,1785634432,62924.56,62934.56,0.0,0,6
1785634433647,1785634433,62924.89,62934.89,0.0,0,6
1785634434653,1785634434,62924.0,62934.0,0.0,0,6
1785634435692,1785634435,62922.31,62932.31,0.0,0,6
1785634436725,1785634436,62923.1,62933.1,0.0,0,6
1785634437752,1785634437,62924.23,62934.23,0.0,0,6
1785634438876,1785634438,62924.78,62934.78,0.0,0,6
1785634439923,1785634439,62927.8,62937.8,0.0,0,6
1785634441025,1785634441,62929.27,62939.27,0.0,0,6
1785634442034,1785634442,62929.25,62939.25,0.0,0,6
1785634443045,1785634443,62927.84,62937.84,0.0,0,6
1785634443586,1785634443,62927.28,62937.28,0.0,0,6
1785634443601,1785634443,62925.93,62935.93,0.0,0,6
1785634443615,1785634443,62924.23,62934.23,0.0,0,6
1785634443744,1785634443,62919.66,62929.66,0.0,0,6
1785634444993,1785634444,62917.8,62927.8,0.0,0,6
1785634446042,1785634446,62917.66,62927.66,0.0,0,6
1785634447061,1785634447,62917.95,62927.95,0.0,0,6
1785634448169,1785634448,62921.68,62931.68,0.0,0,6
1785634449179,1785634449,62921.66,62931.66,0.0,0,6
1785634450180,1785634450,62921.65,62931.65,0.0,0,6
1785634451195,1785634451,62921.63,62931.63,0.0,0,6
1785634453218,1785634453,62921.44,62931.44,0.0,0,6
1785634454346,1785634454,62919.98,62929.98,0.0,0,6
1785634455362,1785634455,62916.81,62926.81,0.0,0,6
1785634456378,1785634456,62913.98,62923.98,0.0,0,6
1785634457391,1785634457,62913.62,62923.62,0.0,0,6
1785634459422,1785634459,62913.61,62923.61,0.0,0,6
1785634462472,1785634462,62913.6,62923.6,0.0,0,6
1785634463487,1785634463,62913.59,62923.59,0.0,0,6
1785634464502,1785634464,62917.28,62927.28,0.0,0,6
1785634465516,1785634465,62917.1,62927.1,0.0,0,6
1785634466528,1785634466,62914.74,62924.74,0.0,0,6
1785634467534,1785634467,62914.36,62924.36,0.0,0,6
1785634468561,1785634468,62913.54,62923.54,0.0,0,6
1785634469573,1785634469,62913.53,62923.53,0.0,0,6
1785634470582,1785634470,62913.52,62923.52,0.0,0,6
1785634471601,1785634471,62913.51,62923.51,0.0,0,6
1785634472615,1785634472,62913.5,62923.5,0.0,0,6
1785634473626,1785634473,62913.49,62923.49,0.0,0,6
1785634475653,1785634475,62913.48,62923.48,0.0,0,6
1785634476670,1785634476,62913.47,62923.47,0.0,0,6
1785634477682,1785634477,62913.46,62923.46,0.0,0,6
1785634478698,1785634478,62913.48,62923.48,0.0,0,6
1785634479710,1785634479,62916.29,62926.29,0.0,0,6
1785634480724,1785634480,62915.5,62925.5,0.0,0,6
1785634481726,1785634481,62916.23,62926.23,0.0,0,6
1785634482105,1785634482,62922.77,62932.77,0.0,0,6
1785634482116,1785634482,62924.07,62934.07,0.0,0,6
1785634482201,1785634482,62925.63,62935.63,0.0,0,6
1785634482224,1785634482,62926.98,62936.98,0.0,0,6
1785634483234,1785634483,62926.6,62936.6,0.0,0,6
1785634484286,1785634484,62926.24,62936.24,0.0,0,6
1785634484851,1785634484,62928.24,62938.24,0.0,0,6
1785634484896,1785634484,62930.28,62940.28,0.0,0,6
1785634485914,1785634485,62930.87,62940.87,0.0,0,6
1785634486954,1785634486,62933.4,62943.4,0.0,0,6
1785634487987,1785634487,62932.46,62942.46,0.0,0,6
1785634488177,1785634488,62934.15,62944.15,0.0,0,6
1785634488287,1785634488,62937.37,62947.37,0.0,0,6
1785634489288,1785634489,62940.7,62950.7,0.0,0,6
1785634490299,1785634490,62940.39,62950.39,0.0,0,6
1785634491307,1785634491,62937.08,62947.08,0.0,0,6
1785634491785,1785634491,62939.26,62949.26,0.0,0,6
1785634492747,1785634492,62936.74,62946.74,0.0,0,6
1785634494924,1785634494,62938.08,62948.08,0.0,0,6
1785634495926,1785634495,62938.87,62948.87,0.0,0,6
1785634496974,1785634496,62940.93,62950.93,0.0,0,6
1785634498313,1785634498,62940.36,62950.36,0.0,0,6
1785634499345,1785634499,62941.48,62951.48,0.0,0,6
1785634500378,1785634500,62944.72,62954.72,0.0,0,6
1785634501412,1785634501,62936.72,62946.72,0.0,0,6
1785634502454,1785634502,62937.62,62947.62,0.0,0,6
1785634502583,1785634502,62930.17,62940.17,0.0,0,6
1785634503594,1785634503,62930.63,62940.63,0.0,0,6
1785634504607,1785634504,62929.86,62939.86,0.0,0,6
1785634506244,1785634506,62930.33,62940.33,0.0,0,6
1785634507374,1785634507,62929.83,62939.83,0.0,0,6
1785634508382,1785634508,62933.22,62943.22,0.0,0,6
1785634509445,1785634509,62936.13,62946.13,0.0,0,6
1785634510475,1785634510,62937.33,62947.33,0.0,0,6
1785634511494,1785634511,62937.8,62947.8,0.0,0,6
1785634512584,1785634512,62937.79,62947.79,0.0,0,6
1785634513679,1785634513,62936.58,62946.58,0.0,0,6
1785634514724,1785634514,62930.82,62940.82,0.0,0,6
1785634514893,1785634514,62936.26,62946.26,0.0,0,6
1785634514913,1785634514,62938.18,62948.18,0.0,0,6
1785634514939,1785634514,62940.43,62950.43,0.0,0,6
1785634515017,1785634515,62942.53,62952.53,0.0,0,6
1785634515310,1785634515,62949.21,62959.21,0.0,0,6
1785634516384,1785634516,62949.45,62959.45,0.0,0,6
1785634517394,1785634517,62947.44,62957.44,0.0,0,6
1785634518414,1785634518,62943.26,62953.26,0.0,0,6
1785634519425,1785634519,62949.32,62959.32,0.0,0,6
1785634520428,1785634520,62949.56,62959.56,0.0,0,6
1785634521584,1785634521,62945.74,62955.74,0.0,0,6
1785634522665,1785634522,62947.06,62957.06,0.0,0,6
1785634523657,1785634523,62949.26,62959.26,0.0,0,6
1785634524676,1785634524,62950.73,62960.73,0.0,0,6
1785634525677,1785634525,62951.34,62961.34,0.0,0,6
1785634527794,1785634527,62950.65,62960.65,0.0,0,6
1785634528848,1785634528,62946.59,62956.59,0.0,0,6
1785634529854,1785634529,62948.58,62958.58,0.0,0,6
1785634530895,1785634530,62951.35,62961.35,0.0,0,6
1785634531934,1785634531,62949.36,62959.36,0.0,0,6
1785634532990,1785634532,62947.51,62957.51,0.0,0,6
1785634534003,1785634534,62951.19,62961.19,0.0,0,6
1785634535034,1785634535,62951.36,62961.36,0.0,0,6
1785634536393,1785634536,62943.93,62953.93,0.0,0,6
1785634537403,1785634537,62943.37,62953.37,0.0,0,6
1785634538420,1785634538,62948.03,62958.03,0.0,0,6
1785634539465,1785634539,62950.46,62960.46,0.0,0,6
1785634540584,1785634540,62947.26,62957.26,0.0,0,6
1785634541600,1785634541,62947.29,62957.29,0.0,0,6
1785634542612,1785634542,62946.8,62956.8,0.0,0,6
1785634543616,1785634543,62948.32,62958.32,0.0,0,6
1785634544643,1785634544,62949.03,62959.03,0.0,0,6
1785634545644,1785634545,62943.42,62953.42,0.0,0,6
1785634546651,1785634546,62946.98,62956.98,0.0,0,6
1785634547152,1785634547,62944.67,62954.67,0.0,0,6
1785634547308,1785634547,62948.08,62958.08,0.0,0,6
1785634547329,1785634547,62949.38,62959.38,0.0,0,6
1785634547619,1785634547,62950.69,62960.69,0.0,0,6
1785634548620,1785634548,62953.42,62963.42,0.0,0,6
1785634549691,1785634549,62950.63,62960.63,0.0,0,6
1785634554975,1785634554,62950.62,62960.62,0.0,0,6
1785634560326,1785634560,62950.52,62960.52,0.0,0,6
1785634560339,1785634560,62946.0,62956.0,0.0,0,6
1785634560349,1785634560,62944.36,62954.36,0.0,0,6
1785634561371,1785634561,62944.64,62954.64,0.0,0,6
1785634562436,1785634562,62944.09,62954.09,0.0,0,6
1785634563446,1785634563,62944.08,62954.08,0.0,0,6
1785634564492,1785634564,62944.11,62954.11,0.0,0,6
1785634565562,1785634565,62944.07,62954.07,0.0,0,6
1785634566585,1785634566,62945.11,62955.11,0.0,0,6
1785634567640,1785634567,62945.38,62955.38,0.0,0,6
1785634568664,1785634568,62946.7,62956.7,0.0,0,6
1785634569696,1785634569,62945.81,62955.81,0.0,0,6
1785634570706,1785634570,62947.55,62957.55,0.0,0,6
1785634571794,1785634571,62950.24,62960.24,0.0,0,6
1785634572910,1785634572,62949.37,62959.37,0.0,0,6
1785634574220,1785634574,62951.94,62961.94,0.0,0,6
1785634575314,1785634575,62949.0,62959.0,0.0,0,6
1785634576558,1785634576,62948.5,62958.5,0.0,0,6
1785634577571,1785634577,62949.4,62959.4,0.0,0,6
1785634578626,1785634578,62948.01,62958.01,0.0,0,6
1785634579666,1785634579,62952.25,62962.25,0.0,0,6
1785634580695,1785634580,62954.78,62964.78,0.0,0,6
1785634581700,1785634581,62956.51,62966.51,0.0,0,6
1785634582704,1785634582,62952.57,62962.57,0.0,0,6
1785634583765,1785634583,62952.14,62962.14,0.0,0,6
1785634584894,1785634584,62952.95,62962.95,0.0,0,6
1785634585964,1785634585,62955.27,62965.27,0.0,0,6
1785634587142,1785634587,62955.43,62965.43,0.0,0,6
1785634588207,1785634588,62950.59,62960.59,0.0,0,6
1785634589238,1785634589,62953.24,62963.24,0.0,0,6
1785634591383,1785634591,62948.86,62958.86,0.0,0,6
1785634592444,1785634592,62953.67,62963.67,0.0,0,6
1785634593483,1785634593,62951.82,62961.82,0.0,0,6
1785634594506,1785634594,62952.18,62962.18,0.0,0,6
1785634595604,1785634595,62950.83,62960.83,0.0,0,6
1785634596637,1785634596,62952.5,62962.5,0.0,0,6
1785634597994,1785634597,62952.68,62962.68,0.0,0,6
1785634599064,1785634599,62953.99,62963.99,0.0,0,6
1785634600097,1785634600,62953.92,62963.92,0.0,0,6
1785634601109,1785634601,62953.66,62963.66,0.0,0,6
1785634602160,1785634602,62952.2,62962.2,0.0,0,6
1785634603368,1785634603,62952.98,62962.98,0.0,0,6
1785634604434,1785634604,62954.54,62964.54,0.0,0,6
1785634605444,1785634605,62954.48,62964.48,0.0,0,6
1785634606574,1785634606,62950.03,62960.03,0.0,0,6
1785634607658,1785634607,62952.41,62962.41,0.0,0,6
1785634608714,1785634608,62950.72,62960.72,0.0,0,6
1785634609845,1785634609,62949.84,62959.84,0.0,0,6
1785634610915,1785634610,62949.42,62959.42,0.0,0,6
1785634613024,1785634613,62949.45,62959.45,0.0,0,6
1785634614080,1785634614,62949.46,62959.46,0.0,0,6
1785634615100,1785634615,62949.47,62959.47,0.0,0,6
1785634616136,1785634616,62949.48,62959.48,0.0,0,6
1785634617228,1785634617,62950.48,62960.48,0.0,0,6
1785634618366,1785634618,62950.82,62960.82,0.0,0,6
1785634619395,1785634619,62950.75,62960.75,0.0,0,6
1785634620406,1785634620,62950.26,62960.26,0.0,0,6
1785634621448,1785634621,62951.07,62961.07,0.0,0,6
1785634622492,1785634622,62953.64,62963.64,0.0,0,6
1785634623570,1785634623,62952.12,62962.12,0.0,0,6
1785634624637,1785634624,62950.56,62960.56,0.0,0,6
1785634625706,1785634625,62950.19,62960.19,0.0,0,6
1785634626724,1785634626,62951.55,62961.55,0.0,0,6
1785634627812,1785634627,62954.78,62964.78,0.0,0,6
1785634628817,1785634628,62951.69,62961.69,0.0,0,6
1785634629824,1785634629,62951.14,62961.14,0.0,0,6
1785634630836,1785634630,62950.7,62960.7,0.0,0,6
1785634632001,1785634632,62953.38,62963.38,0.0,0,6
1785634633008,1785634633,62952.49,62962.49,0.0,0,6
1785634634174,1785634634,62954.24,62964.24,0.0,0,6
1785634635246,1785634635,62955.14,62965.14,0.0,0,6
1785634635463,1785634635,62948.32,62958.32,0.0,0,6
1785634635497,1785634635,62945.73,62955.73,0.0,0,6
1785634635591,1785634635,62944.0,62954.0,0.0,0,6
1785634636642,1785634636,62941.93,62951.93,0.0,0,6
1785634637244,1785634637,62939.3,62949.3,0.0,0,6
1785634638304,1785634638,62937.14,62947.14,0.0,0,6
1785634642619,1785634642,62937.15,62947.15,0.0,0,6
1785634644753,1785634644,62940.14,62950.14,0.0,0,6
1785634645774,1785634645,62942.8,62952.8,0.0,0,6
1785634646847,1785634646,62940.59,62950.59,0.0,0,6
1785634647889,1785634647,62937.5,62947.5,0.0,0,6
1785634648957,1785634648,62937.15,62947.15,0.0,0,6
1785634650030,1785634650,62937.38,62947.38,0.0,0,6
1785634651103,1785634651,62937.92,62947.92,0.0,0,6
1785634652116,1785634652,62938.91,62948.91,0.0,0,6
1785634653167,1785634653,62938.66,62948.66,0.0,0,6
1785634654195,1785634654,62939.15,62949.15,0.0,0,6
1785634655205,1785634655,62939.22,62949.22,0.0,0,6
1785634656231,1785634656,62938.85,62948.85,0.0,0,6
1785634657238,1785634657,62938.65,62948.65,0.0,0,6
1785634658294,1785634658,62938.5,62948.5,0.0,0,6
1785634659294,1785634659,62939.81,62949.81,0.0,0,6
1785634660334,1785634660,62938.71,62948.71,0.0,0,6
1785634661413,1785634661,62939.16,62949.16,0.0,0,6
1785634662496,1785634662,62939.13,62949.13,0.0,0,6
1785634663497,1785634663,62938.66,62948.66,0.0,0,6
1785634664605,1785634664,62937.35,62947.35,0.0,0,6
1785634665760,1785634665,62937.99,62947.99,0.0,0,6
1785634666805,1785634666,62938.2,62948.2,0.0,0,6
1785634668212,1785634668,62940.57,62950.57,0.0,0,6
1785634669235,1785634669,62941.26,62951.26,0.0,0,6
1785634670251,1785634670,62941.36,62951.36,0.0,0,6
1785634671253,1785634671,62941.37,62951.37,0.0,0,6
1785634672298,1785634672,62941.38,62951.38,0.0,0,6
1785634673414,1785634673,62941.39,62951.39,0.0,0,6
1785634674615,1785634674,62941.41,62951.41,0.0,0,6
1785634675803,1785634675,62941.43,62951.43,0.0,0,6
1785634676914,1785634676,62941.45,62951.45,0.0,0,6
1785634678002,1785634678,62941.78,62951.78,0.0,0,6
1785634679010,1785634679,62941.49,62951.49,0.0,0,6
1785634680315,1785634680,62941.51,62951.51,0.0,0,6
1785634681495,1785634681,62941.53,62951.53,0.0,0,6
1785634682584,1785634682,62941.54,62951.54,0.0,0,6
1785634683613,1785634683,62941.56,62951.56,0.0,0,6
1785634684644,1785634684,62941.9,62951.9,0.0,0,6
1785634685745,1785634685,62943.26,62953.26,0.0,0,6
1785634686784,1785634686,62943.92,62953.92,0.0,0,6
1785634687804,1785634687,62943.34,62953.34,0.0,0,6
1785634688897,1785634688,62942.69,62952.69,0.0,0,6
1785634689907,1785634689,62943.52,62953.52,0.0,0,6
1785634691098,1785634691,62943.02,62953.02,0.0,0,6
1785634692144,1785634692,62946.82,62956.82,0.0,0,6
1785634693564,1785634693,62948.11,62958.11,0.0,0,6
1785634694674,1785634694,62947.04,62957.04,0.0,0,6
1785634695845,1785634695,62946.74,62956.74,0.0,0,6
1785634697014,1785634697,62948.74,62958.74,0.0,0,6
1785634698056,1785634698,62948.32,62958.32,0.0,0,6
1785634699115,1785634699,62947.3,62957.3,0.0,0,6
1785634700222,1785634700,62946.16,62956.16,0.0,0,6
1785634701304,1785634701,62946.22,62956.22,0.0,0,6
1785634702484,1785634702,62947.47,62957.47,0.0,0,6
1785634703634,1785634703,62945.75,62955.75,0.0,0,6
1785634704887,1785634704,62945.28,62955.28,0.0,0,6
1785634706069,1785634706,62944.76,62954.76,0.0,0,6
1785634707214,1785634707,62944.0,62954.0,0.0,0,6
1785634708289,1785634708,62943.42,62953.42,0.0,0,6
1785634709303,1785634709,62942.95,62952.95,0.0,0,6
1785634710330,1785634710,62942.13,62952.13,0.0,0,6
1785634712486,1785634712,62942.15,62952.15,0.0,0,6
1785634713494,1785634713,62942.17,62952.17,0.0,0,6
1785634714516,1785634714,62942.19,62952.19,0.0,0,6
1785634715869,1785634715,62942.23,62952.23,0.0,0,6
1785634716919,1785634716,62942.24,62952.24,0.0,0,6
1785634719123,1785634719,62942.28,62952.28,0.0,0,6
1785634720287,1785634720,62942.3,62952.3,0.0,0,6
1785634722393,1785634722,62942.32,62952.32,0.0,0,6
1785634723461,1785634723,62942.34,62952.34,0.0,0,6
1785634724503,1785634724,62942.36,62952.36,0.0,0,6
1785634725895,1785634725,62942.38,62952.38,0.0,0,6
1785634726896,1785634726,62942.4,62952.4,0.0,0,6
1785634728113,1785634728,62942.42,62952.42,0.0,0,6
1785634729274,1785634729,62942.43,62952.43,0.0,0,6
1785634730535,1785634730,62942.45,62952.45,0.0,0,6
1785634731563,1785634731,62942.47,62952.47,0.0,0,6
1785634732854,1785634732,62944.31,62954.31,0.0,0,6
1785634734095,1785634734,62944.39,62954.39,0.0,0,6
1785634735220,1785634735,62944.7,62954.7,0.0,0,6
1785634736386,1785634736,62945.76,62955.76,0.0,0,6
1785634737425,1785634737,62946.86,62956.86,0.0,0,6
1785634738525,1785634738,62946.19,62956.19,0.0,0,6
1785634739664,1785634739,62947.43,62957.43,0.0,0,6
1785634740697,1785634740,62947.06,62957.06,0.0,0,6
1785634741899,1785634741,62947.72,62957.72,0.0,0,6
1785634742925,1785634742,62946.94,62956.94,0.0,0,6
1785634744043,1785634744,62946.85,62956.85,0.0,0,6
1785634745151,1785634745,62948.14,62958.14,0.0,0,6
1785634746220,1785634746,62947.86,62957.86,0.0,0,6
1785634747278,1785634747,62947.6,62957.6,0.0,0,6
1785634748422,1785634748,62948.32,62958.32,0.0,0,6
1785634749456,1785634749,62946.27,62956.27,0.0,0,6
1785634750469,1785634750,62947.77,62957.77,0.0,0,6
1785634751474,1785634751,62947.86,62957.86,0.0,0,6
1785634752565,1785634752,62948.23,62958.23,0.0,0,6
1785634753573,1785634753,62949.57,62959.57,0.0,0,6
1785634754595,1785634754,62949.81,62959.81,0.0,0,6
1785634755602,1785634755,62949.63,62959.63,0.0,0,6
1785634756614,1785634756,62948.75,62958.75,0.0,0,6
1785634757647,1785634757,62944.08,62954.08,0.0,0,6
1785634758754,1785634758,62942.82,62952.82,0.0,0,6
1785634759784,1785634759,62943.65,62953.65,0.0,0,6
1785634760864,1785634760,62947.07,62957.07,0.0,0,6
1785634761934,1785634761,62945.53,62955.53,0.0,0,6
1785634763005,1785634763,62945.08,62955.08,0.0,0,6
1785634764364,1785634764,62944.02,62954.02,0.0,0,6
1785634765563,1785634765,62942.9,62952.9,0.0,0,6
1785634766764,1785634766,62942.91,62952.91,0.0,0,6
1785634767824,1785634767,62942.92,62952.92,0.0,0,6
1785634768854,1785634768,62942.94,62952.94,0.0,0,6
1785634770043,1785634770,62942.95,62952.95,0.0,0,6
1785634771225,1785634771,62942.97,62952.97,0.0,0,6
1785634772269,1785634772,62942.98,62952.98,0.0,0,6
1785634773356,1785634773,62942.99,62952.99,0.0,0,6
1785634774535,1785634774,62943.19,62953.19,0.0,0,6
1785634775699,1785634775,62944.11,62954.11,0.0,0,6
1785634776709,1785634776,62943.57,62953.57,0.0,0,6
1785634777800,1785634777,62943.89,62953.89,0.0,0,6
1785634778813,1785634778,62944.19,62954.19,0.0,0,6
1785634779823,1785634779,62943.5,62953.5,0.0,0,6
1785634780835,1785634780,62943.05,62953.05,0.0,0,6
1785634782214,1785634782,62943.07,62953.07,0.0,0,6
1785634783262,1785634783,62943.08,62953.08,0.0,0,6
1785634784333,1785634784,62943.09,62953.09,0.0,0,6
1785634785349,1785634785,62943.1,62953.1,0.0,0,6
1785634786409,1785634786,62943.11,62953.11,0.0,0,6
1785634787438,1785634787,62943.12,62953.12,0.0,0,6
1785634788477,1785634788,62943.13,62953.13,0.0,0,6
1785634791750,1785634791,62943.14,62953.14,0.0,0,6
1785634791765,1785634791,62945.03,62955.03,0.0,0,6
1785634792793,1785634792,62945.02,62955.02,0.0,0,6
1785634794945,1785634794,62945.01,62955.01,0.0,0,6
1785634796005,1785634796,62945.0,62955.0,0.0,0,6
1785634797079,1785634797,62944.99,62954.99,0.0,0,6
1785634800190,1785634800,62945.34,62955.34,0.0,0,6
1785634801204,1785634801,62946.12,62956.12,0.0,0,6
1785634802230,1785634802,62946.85,62956.85,0.0,0,6
1785634803305,1785634803,62947.34,62957.34,0.0,0,6
1785634804318,1785634804,62946.92,62956.92,0.0,0,6
1785634805321,1785634805,62947.77,62957.77,0.0,0,6
1785634806337,1785634806,62949.54,62959.54,0.0,0,6
1785634807427,1785634807,62947.18,62957.18,0.0,0,6
1785634808428,1785634808,62949.15,62959.15,0.0,0,6
1785634809496,1785634809,62950.34,62960.34,0.0,0,6
1785634810664,1785634810,62946.5,62956.5,0.0,0,6
1785634811706,1785634811,62948.98,62958.98,0.0,0,6
1785634812764,1785634812,62949.31,62959.31,0.0,0,6
1785634813811,1785634813,62949.36,62959.36,0.0,0,6
1785634814837,1785634814,62944.98,62954.98,0.0,0,6
1785634817966,1785634817,62946.79,62956.79,0.0,0,6
1785634819054,1785634819,62947.15,62957.15,0.0,0,6
1785634820153,1785634820,62944.98,62954.98,0.0,0,6
1785634821240,1785634821,62945.03,62955.03,0.0,0,6
1785634822317,1785634822,62944.75,62954.75,0.0,0,6
1785634823318,1785634823,62946.48,62956.48,0.0,0,6
1785634824319,1785634824,62944.01,62954.01,0.0,0,6
1785634825354,1785634825,62944.15,62954.15,0.0,0,6
1785634826410,1785634826,62944.08,62954.08,0.0,0,6
1785634827480,1785634827,62944.14,62954.14,0.0,0,6
1785634828493,1785634828,62943.54,62953.54,0.0,0,6
1785634829514,1785634829,62943.43,62953.43,0.0,0,6
1785634830627,1785634830,62943.41,62953.41,0.0,0,6
1785634831653,1785634831,62943.35,62953.35,0.0,0,6
1785634832677,1785634832,62943.31,62953.31,0.0,0,6
1785634833760,1785634833,62943.27,62953.27,0.0,0,6
1785634834818,1785634834,62943.24,62953.24,0.0,0,6
1785634835864,1785634835,62943.21,62953.21,0.0,0,6
1785634836877,1785634836,62943.19,62953.19,0.0,0,6
1785634837889,1785634837,62943.17,62953.17,0.0,0,6
1785634838891,1785634838,62943.15,62953.15,0.0,0,6
1785634839934,1785634839,62943.11,62953.11,0.0,0,6
1785634841032,1785634841,62943.1,62953.1,0.0,0,6
1785634842167,1785634842,62943.13,62953.13,0.0,0,6
1785634843185,1785634843,62943.11,62953.11,0.0,0,6
1785634844234,1785634844,62943.08,62953.08,0.0,0,6
1785634845372,1785634845,62943.11,62953.11,0.0,0,6
1785634846379,1785634846,62943.09,62953.09,0.0,0,6
1785634848394,1785634848,62943.08,62953.08,0.0,0,6
1785634849402,1785634849,62943.07,62953.07,0.0,0,6
1785634850411,1785634850,62943.06,62953.06,0.0,0,6
1785634853571,1785634853,62943.39,62953.39,0.0,0,6
1785634854599,1785634854,62943.05,62953.05,0.0,0,6
1785634855614,1785634855,62943.03,62953.03,0.0,0,6
1785634856618,1785634856,62945.09,62955.09,0.0,0,6
1785634857645,1785634857,62945.08,62955.08,0.0,0,6
1785634860788,1785634860,62945.81,62955.81,0.0,0,6
1785634861823,1785634861,62946.16,62956.16,0.0,0,6
1785634862844,1785634862,62945.79,62955.79,0.0,0,6
1785634863959,1785634863,62947.01,62957.01,0.0,0,6
1785634865043,1785634865,62946.13,62956.13,0.0,0,6
1785634866094,1785634866,62945.32,62955.32,0.0,0,6
1785634867234,1785634867,62945.03,62955.03,0.0,0,6
1785634868636,1785634868,62944.91,62954.91,0.0,0,6
1785634869716,1785634869,62944.51,62954.51,0.0,0,6
1785634870755,1785634870,62944.0,62954.0,0.0,0,6
1785634871802,1785634871,62944.01,62954.01,0.0,0,6
1785634872812,1785634872,62944.3,62954.3,0.0,0,6
1785634873945,1785634873,62943.67,62953.67,0.0,0,6
1785634875036,1785634875,62943.56,62953.56,0.0,0,6
1785634876171,1785634876,62943.47,62953.47,0.0,0,6
1785634877342,1785634877,62943.39,62953.39,0.0,0,6
1785634878579,1785634878,62943.31,62953.31,0.0,0,6
1785634879604,1785634879,62944.07,62954.07,0.0,0,6
1785634880696,1785634880,62945.34,62955.34,0.0,0,6
1785634881707,1785634881,62944.82,62954.82,0.0,0,6
1785634882718,1785634882,62944.92,62954.92,0.0,0,6
1785634883739,1785634883,62943.5,62953.5,0.0,0,6
1785634884754,1785634884,62943.09,62953.09,0.0,0,6
1785634885837,1785634885,62944.35,62954.35,0.0,0,6
1785634886869,1785634886,62944.65,62954.65,0.0,0,6
1785634887968,1785634887,62946.34,62956.34,0.0,0,6
1785634888982,1785634888,62945.6,62955.6,0.0,0,6
1785634890224,1785634890,62947.33,62957.33,0.0,0,6
1785634891384,1785634891,62946.13,62956.13,0.0,0,6
1785634892532,1785634892,62945.17,62955.17,0.0,0,6
1785634893536,1785634893,62945.4,62955.4,0.0,0,6
1785634894691,1785634894,62946.16,62956.16,0.0,0,6
1785634895730,1785634895,62946.51,62956.51,0.0,0,6
1785634896775,1785634896,62946.29,62956.29,0.0,0,6
1785634897795,1785634897,62945.54,62955.54,0.0,0,6
1785634898828,1785634898,62942.85,62952.85,0.0,0,6
1785634899896,1785634899,62941.02,62951.02,0.0,0,6
1785634901008,1785634901,62940.91,62950.91,0.0,0,6
1785634903064,1785634903,62940.9,62950.9,0.0,0,6
1785634904294,1785634904,62941.26,62951.26,0.0,0,6
1785634905363,1785634905,62941.84,62951.84,0.0,0,6
1785634906364,1785634906,62940.87,62950.87,0.0,0,6
1785634907454,1785634907,62940.86,62950.86,0.0,0,6
1785634908484,1785634908,62940.85,62950.85,0.0,0,6
1785634910815,1785634910,62940.84,62950.84,0.0,0,6
1785634912096,1785634912,62940.83,62950.83,0.0,0,6
1785634914425,1785634914,62940.82,62950.82,0.0,0,6
1785634915482,1785634915,62940.8,62950.8,0.0,0,6
1785634917813,1785634917,62940.79,62950.79,0.0,0,6
1785634918869,1785634918,62940.78,62950.78,0.0,0,6
1785634921103,1785634921,62940.77,62950.77,0.0,0,6
1785634923169,1785634923,62940.76,62950.76,0.0,0,6
1785634925403,1785634925,62940.75,62950.75,0.0,0,6
1785634926419,1785634926,62940.74,62950.74,0.0,0,6
1785634927441,1785634927,62941.2,62951.2,0.0,0,6
1785634928443,1785634928,62940.75,62950.75,0.0,0,6
1785634928453,1785634928,62945.07,62955.07,0.0,0,6
1785634929475,1785634929,62945.62,62955.62,0.0,0,6
1785634930509,1785634930,62947.55,62957.55,0.0,0,6
1785634931516,1785634931,62947.54,62957.54,0.0,0,6
1785634932520,1785634932,62948.12,62958.12,0.0,0,6
1785634933535,1785634933,62948.57,62958.57,0.0,0,6
1785634934548,1785634934,62948.12,62958.12,0.0,0,6
1785634935561,1785634935,62949.09,62959.09,0.0,0,6
1785634935644,1785634935,62950.82,62960.82,0.0,0,6
1785634937001,1785634937,62950.78,62960.78,0.0,0,6
1785634938037,1785634938,62946.8,62956.8,0.0,0,6
1785634939174,1785634939,62947.78,62957.78,0.0,0,6
1785634940291,1785634940,62949.96,62959.96,0.0,0,6
1785634941314,1785634941,62950.69,62960.69,0.0,0,6
1785634942338,1785634942,62953.52,62963.52,0.0,0,6
1785634943395,1785634943,62954.33,62964.33,0.0,0,6
1785634944422,1785634944,62954.71,62964.71,0.0,0,6
1785634944580,1785634944,62957.81,62967.81,0.0,0,6
1785634944610,1785634944,62959.73,62969.73,0.0,0,6
1785634945635,1785634945,62961.15,62971.15,0.0,0,6
1785634946785,1785634946,62957.79,62967.79,0.0,0,6
1785634947813,1785634947,62955.75,62965.75,0.0,0,6
1785634948875,1785634948,62955.79,62965.79,0.0,0,6
1785634949905,1785634949,62961.07,62971.07,0.0,0,6
1785634951097,1785634951,62957.73,62967.73,0.0,0,6
1785634952341,1785634952,62955.51,62965.51,0.0,0,6
1785634953359,1785634953,62957.78,62967.78,0.0,0,6
1785634954369,1785634954,62956.25,62966.25,0.0,0,6
1785634955419,1785634955,62953.19,62963.19,0.0,0,6
1785634956428,1785634956,62952.89,62962.89,0.0,0,6
1785634957451,1785634957,62953.49,62963.49,0.0,0,6
1785634958496,1785634958,62956.1,62966.1,0.0,0,6
1785634959505,1785634959,62956.15,62966.15,0.0,0,6
1785634960614,1785634960,62953.07,62963.07,0.0,0,6
1785634961685,1785634961,62952.78,62962.78,0.0,0,6
1785634962737,1785634962,62953.17,62963.17,0.0,0,6
1785634963895,1785634963,62954.77,62964.77,0.0,0,6
1785634965005,1785634965,62948.54,62958.54,0.0,0,6
1785634966084,1785634966,62948.51,62958.51,0.0,0,6
1785634967174,1785634967,62948.47,62958.47,0.0,0,6
1785634968345,1785634968,62949.35,62959.35,0.0,0,6
1785634968533,1785634968,62946.47,62956.47,0.0,0,6
1785634968572,1785634968,62944.85,62954.85,0.0,0,6
1785634968610,1785634968,62942.9,62952.9,0.0,0,6
1785634968961,1785634968,62940.21,62950.21,0.0,0,6
1785634970494,1785634970,62940.09,62950.09,0.0,0,6
1785634970631,1785634970,62937.3,62947.3,0.0,0,6
1785634970821,1785634970,62935.95,62945.95,0.0,0,6
1785634970874,1785634970,62931.83,62941.83,0.0,0,6
1785634971974,1785634971,62931.45,62941.45,0.0,0,6
1785634973085,1785634973,62931.59,62941.59,0.0,0,6
1785634974433,1785634974,62933.23,62943.23,0.0,0,6
1785634975176,1785634975,62941.01,62951.01,0.0,0,6
1785634975185,1785634975,62942.39,62952.39,0.0,0,6
1785634975200,1785634975,62944.79,62954.79,0.0,0,6
1785634976245,1785634976,62947.85,62957.85,0.0,0,6
1785634977396,1785634977,62946.01,62956.01,0.0,0,6
1785634978409,1785634978,62944.5,62954.5,0.0,0,6
1785634979414,1785634979,62943.47,62953.47,0.0,0,6
1785634980454,1785634980,62944.4,62954.4,0.0,0,6
1785634981508,1785634981,62947.44,62957.44,0.0,0,6
1785634982524,1785634982,62945.72,62955.72,0.0,0,6
1785634983713,1785634983,62946.34,62956.34,0.0,0,6
1785634984190,1785634984,62949.14,62959.14,0.0,0,6
1785634985275,1785634985,62950.33,62960.33,0.0,0,6
1785634986306,1785634986,62952.14,62962.14,0.0,0,6
1785634987354,1785634987,62947.66,62957.66,0.0,0,6
1785634988514,1785634988,62949.35,62959.35,0.0,0,6
1785634989553,1785634989,62948.55,62958.55,0.0,0,6
1785634990553,1785634990,62947.16,62957.16,0.0,0,6
1785634991644,1785634991,62947.18,62957.18,0.0,0,6
1785634992649,1785634992,62947.19,62957.19,0.0,0,6
1785634993692,1785634993,62947.21,62957.21,0.0,0,6
1785634994711,1785634994,62947.23,62957.23,0.0,0,6
1785634995740,1785634995,62947.24,62957.24,0.0,0,6
1785634996790,1785634996,62949.68,62959.68,0.0,0,6
1785634997824,1785634997,62953.26,62963.26,0.0,0,6
1785634998823,1785634998,62953.03,62963.03,0.0,0,6
1785635000214,1785635000,62954.23,62964.23,0.0,0,6
1785635001217,1785635001,62949.0,62959.0,0.0,0,6
1785635002219,1785635002,62947.54,62957.54,0.0,0,6
1785635003221,1785635003,62949.7,62959.7,0.0,0,6
1785635004415,1785635004,62948.62,62958.62,0.0,0,6
1785635005426,1785635005,62950.0,62960.0,0.0,0,6
1785635006433,1785635006,62948.3,62958.3,0.0,0,6
1785635007444,1785635007,62948.36,62958.36,0.0,0,6
1785635008449,1785635008,62949.9,62959.9,0.0,0,6
1785635010031,1785635010,62949.57,62959.57,0.0,0,6
1785635011254,1785635011,62951.05,62961.05,0.0,0,6
1785635012267,1785635012,62952.67,62962.67,0.0,0,6
1785635013267,1785635013,62953.12,62963.12,0.0,0,6
1785635014268,1785635014,62952.7,62962.7,0.0,0,6
1785635015268,1785635015,62950.1,62960.1,0.0,0,6
1785635016268,1785635016,62947.39,62957.39,0.0,0,6
1785635017275,1785635017,62947.4,62957.4,0.0,0,6
1785635018282,1785635018,62947.42,62957.42,0.0,0,6
1785635019283,1785635019,62947.44,62957.44,0.0,0,6
1785635021287,1785635021,62947.48,62957.48,0.0,0,6
1785635022300,1785635022,62947.5,62957.5,0.0,0,6
1785635023306,1785635023,62947.51,62957.51,0.0,0,6
1785635024311,1785635024,62947.52,62957.52,0.0,0,6
1785635026315,1785635026,62947.55,62957.55,0.0,0,6
1785635027316,1785635027,62947.56,62957.56,0.0,0,6
1785635028317,1785635028,62947.57,62957.57,0.0,0,6
1785635030396,1785635030,62947.58,62957.58,0.0,0,6
1785635032493,1785635032,62947.59,62957.59,0.0,0,6
1785635034647,1785635034,62947.6,62957.6,0.0,0,6
1785635038819,1785635038,62947.61,62957.61,0.0,0,6
1785635040065,1785635040,62947.62,62957.62,0.0,0,6
1785635041114,1785635041,62947.63,62957.63,0.0,0,6
1785635042153,1785635042,62947.62,62957.62,0.0,0,6
1785635043154,1785635043,62947.47,62957.47,0.0,0,6
1785635044302,1785635044,62947.01,62957.01,0.0,0,6
1785635045414,1785635045,62946.58,62956.58,0.0,0,6
1785635046435,1785635046,62946.33,62956.33,0.0,0,6
1785635047520,1785635047,62944.89,62954.89,0.0,0,6
1785635048578,1785635048,62945.36,62955.36,0.0,0,6
1785635049607,1785635049,62945.38,62955.38,0.0,0,6
1785635050632,1785635050,62945.25,62955.25,0.0,0,6
1785635051649,1785635051,62943.36,62953.36,0.0,0,6
1785635053690,1785635053,62943.35,62953.35,0.0,0,6
1785635054714,1785635054,62943.58,62953.58,0.0,0,6
1785635055724,1785635055,62943.34,62953.34,0.0,0,6
1785635059884,1785635059,62943.57,62953.57,0.0,0,6
1785635061246,1785635061,62944.42,62954.42,0.0,0,6
1785635062304,1785635062,62944.59,62954.59,0.0,0,6
1785635063384,1785635063,62945.19,62955.19,0.0,0,6
1785635064423,1785635064,62945.23,62955.23,0.0,0,6
1785635065470,1785635065,62945.7,62955.7,0.0,0,6
1785635066489,1785635066,62945.87,62955.87,0.0,0,6
1785635067533,1785635067,62947.28,62957.28,0.0,0,6
1785635068617,1785635068,62952.09,62962.09,0.0,0,6
1785635069646,1785635069,62955.58,62965.58,0.0,0,6
1785635071667,1785635071,62955.36,62965.36,0.0,0,6
1785635072674,1785635072,62949.27,62959.27,0.0,0,6
1785635073751,1785635073,62947.62,62957.62,0.0,0,6
1785635074795,1785635074,62947.61,62957.61,0.0,0,6
1785635076823,1785635076,62948.2,62958.2,0.0,0,6
1785635077831,1785635077,62950.19,62960.19,0.0,0,6
1785635078885,1785635078,62950.62,62960.62,0.0,0,6
1785635079986,1785635079,62949.42,62959.42,0.0,0,6
1785635081014,1785635081,62949.09,62959.09,0.0,0,6
1785635082039,1785635082,62949.14,62959.14,0.0,0,6
1785635083106,1785635083,62948.55,62958.55,0.0,0,6
1785635084106,1785635084,62947.03,62957.03,0.0,0,6
1785635085112,1785635085,62944.98,62954.98,0.0,0,6
1785635086149,1785635086,62946.87,62956.87,0.0,0,6
1785635087209,1785635087,62946.34,62956.34,0.0,0,6
1785635088210,1785635088,62945.23,62955.23,0.0,0,6
1785635089214,1785635089,62945.22,62955.22,0.0,0,6
1785635090239,1785635090,62944.89,62954.89,0.0,0,6
1785635091239,1785635091,62943.38,62953.38,0.0,0,6
1785635093528,1785635093,62943.37,62953.37,0.0,0,6
1785635095596,1785635095,62943.36,62953.36,0.0,0,6
1785635097628,1785635097,62943.35,62953.35,0.0,0,6
1785635099723,1785635099,62943.8,62953.8,0.0,0,6
1785635100755,1785635100,62946.44,62956.44,0.0,0,6
1785635101757,1785635101,62945.48,62955.48,0.0,0,6
1785635102758,1785635102,62943.66,62953.66,0.0,0,6
1785635103794,1785635103,62945.76,62955.76,0.0,0,6
1785635104835,1785635104,62944.87,62954.87,0.0,0,6
1785635105839,1785635105,62945.23,62955.23,0.0,0,6
1785635106897,1785635106,62943.91,62953.91,0.0,0,6
1785635107500,1785635107,62943.21,62953.21,0.0,0,6
1785635107530,1785635107,62940.09,62950.09,0.0,0,6
1785635107590,1785635107,62938.49,62948.49,0.0,0,6
1785635108410,1785635108,62936.86,62946.86,0.0,0,6
1785635108754,1785635108,62934.56,62944.56,0.0,0,6
1785635108797,1785635108,62932.99,62942.99,0.0,0,6
1785635109850,1785635109,62934.57,62944.57,0.0,0,6
1785635110851,1785635110,62936.15,62946.15,0.0,0,6
1785635111854,1785635111,62933.45,62943.45,0.0,0,6
1785635112857,1785635112,62934.28,62944.28,0.0,0,6
1785635113895,1785635113,62932.94,62942.94,0.0,0,6
1785635115061,1785635115,62935.39,62945.39,0.0,0,6
1785635116180,1785635116,62934.21,62944.21,0.0,0,6
1785635117229,1785635117,62932.83,62942.83,0.0,0,6
1785635118254,1785635118,62934.16,62944.16,0.0,0,6
1785635119286,1785635119,62936.71,62946.71,0.0,0,6
1785635120303,1785635120,62938.49,62948.49,0.0,0,6
1785635121304,1785635121,62937.21,62947.21,0.0,0,6
1785635122374,1785635122,62936.05,62946.05,0.0,0,6
1785635123415,1785635123,62935.8,62945.8,0.0,0,6
1785635124714,1785635124,62933.08,62943.08,0.0,0,6
1785635125734,1785635125,62935.28,62945.28,0.0,0,6
1785635126737,1785635126,62934.99,62944.99,0.0,0,6
1785635127740,1785635127,62938.91,62948.91,0.0,0,6
1785635128742,1785635128,62936.89,62946.89,0.0,0,6
1785635129750,1785635129,62936.82,62946.82,0.0,0,6
1785635130764,1785635130,62935.56,62945.56,0.0,0,6
1785635131766,1785635131,62934.28,62944.28,0.0,0,6
1785635132813,1785635132,62934.01,62944.01,0.0,0,6
1785635133815,1785635133,62932.37,62942.37,0.0,0,6
1785635134915,1785635134,62932.32,62942.32,0.0,0,6
1785635135935,1785635135,62939.24,62949.24,0.0,0,6
1785635136956,1785635136,62940.3,62950.3,0.0,0,6
1785635137974,1785635137,62940.28,62950.28,0.0,0,6
1785635138980,1785635138,62940.27,62950.27,0.0,0,6
1785635139981,1785635139,62939.24,62949.24,0.0,0,6
1785635140983,1785635140,62937.63,62947.63,0.0,0,6
1785635142020,1785635142,62937.08,62947.08,0.0,0,6
1785635143044,1785635143,62935.5,62945.5,0.0,0,6
1785635144222,1785635144,62933.62,62943.62,0.0,0,6
1785635145222,1785635145,62932.22,62942.22,0.0,0,6
1785635146229,1785635146,62932.21,62942.21,0.0,0,6
1785635147254,1785635147,62933.56,62943.56,0.0,0,6
1785635148254,1785635148,62934.77,62944.77,0.0,0,6
1785635149262,1785635149,62933.84,62943.84,0.0,0,6
1785635150714,1785635150,62934.57,62944.57,0.0,0,6
1785635151895,1785635151,62933.71,62943.71,0.0,0,6
1785635153268,1785635153,62932.24,62942.24,0.0,0,6
1785635154278,1785635154,62932.17,62942.17,0.0,0,6
1785635155279,1785635155,62932.16,62942.16,0.0,0,6
1785635156287,1785635156,62932.36,62942.36,0.0,0,6
1785635157292,1785635157,62932.15,62942.15,0.0,0,6
1785635158291,1785635158,62932.14,62942.14,0.0,0,6
1785635159292,1785635159,62934.38,62944.38,0.0,0,6
1785635160297,1785635160,62938.87,62948.87,0.0,0,6
1785635161654,1785635161,62937.41,62947.41,0.0,0,6
1785635163194,1785635163,62937.53,62947.53,0.0,0,6
1785635164314,1785635164,62935.96,62945.96,0.0,0,6
1785635165314,1785635165,62934.64,62944.64,0.0,0,6
1785635166329,1785635166,62934.35,62944.35,0.0,0,6
1785635167408,1785635167,62933.06,62943.06,0.0,0,6
1785635168415,1785635168,62932.26,62942.26,0.0,0,6
1785635169434,1785635169,62932.09,62942.09,0.0,0,6
1785635170524,1785635170,62932.61,62942.61,0.0,0,6
1785635171682,1785635171,62932.44,62942.44,0.0,0,6
1785635172734,1785635172,62932.95,62942.95,0.0,0,6
1785635173937,1785635173,62933.08,62943.08,0.0,0,6
1785635174938,1785635174,62934.28,62944.28,0.0,0,6
1785635176141,1785635176,62936.55,62946.55,0.0,0,6
1785635177153,1785635177,62937.04,62947.04,0.0,0,6
1785635178175,1785635178,62936.59,62946.59,0.0,0,6
1785635179216,1785635179,62938.63,62948.63,0.0,0,6
1785635180299,1785635180,62937.72,62947.72,0.0,0,6
1785635181399,1785635181,62935.42,62945.42,0.0,0,6
1785635182427,1785635182,62938.77,62948.77,0.0,0,6
1785635183433,1785635183,62937.22,62947.22,0.0,0,6
1785635184544,1785635184,62937.69,62947.69,0.0,0,6
1785635185644,1785635185,62936.21,62946.21,0.0,0,6
1785635186713,1785635186,62936.51,62946.51,0.0,0,6
1785635187838,1785635187,62935.14,62945.14,0.0,0,6
1785635188868,1785635188,62933.79,62943.79,0.0,0,6
1785635189913,1785635189,62933.91,62943.91,0.0,0,6
1785635190940,1785635190,62933.92,62943.92,0.0,0,6
1785635192022,1785635192,62935.28,62945.28,0.0,0,6
1785635193054,1785635193,62935.92,62945.92,0.0,0,6
1785635194172,1785635194,62936.2,62946.2,0.0,0,6
1785635195238,1785635195,62937.51,62947.51,0.0,0,6
1785635196241,1785635196,62939.69,62949.69,0.0,0,6
1785635197285,1785635197,62939.29,62949.29,0.0,0,6
1785635198297,1785635198,62936.73,62946.73,0.0,0,6
1785635199330,1785635199,62936.12,62946.12,0.0,0,6
1785635200353,1785635200,62936.54,62946.54,0.0,0,6
1785635201355,1785635201,62936.46,62946.46,0.0,0,6
1785635202359,1785635202,62935.19,62945.19,0.0,0,6
1785635203392,1785635203,62935.45,62945.45,0.0,0,6
1785635204394,1785635204,62935.8,62945.8,0.0,0,6
1785635205454,1785635205,62933.47,62943.47,0.0,0,6
1785635206558,1785635206,62932.66,62942.66,0.0,0,6
1785635207675,1785635207,62933.76,62943.76,0.0,0,6
1785635208716,1785635208,62933.25,62943.25,0.0,0,6
1785635209748,1785635209,62933.69,62943.69,0.0,0,6
1785635210780,1785635210,62932.68,62942.68,0.0,0,6
1785635211789,1785635211,62932.25,62942.25,0.0,0,6
1785635212796,1785635212,62931.86,62941.86,0.0,0,6
1785635215130,1785635215,62931.85,62941.85,0.0,0,6
1785635216169,1785635216,62931.84,62941.84,0.0,0,6
1785635219295,1785635219,62932.21,62942.21,0.0,0,6
1785635220296,1785635220,62933.28,62943.28,0.0,0,6
1785635221310,1785635221,62937.05,62947.05,0.0,0,6
1785635222350,1785635222,62938.7,62948.7,0.0,0,6
1785635223524,1785635223,62936.81,62946.81,0.0,0,6
1785635224565,1785635224,62937.13,62947.13,0.0,0,6
1785635225587,1785635225,62936.76,62946.76,0.0,0,6
1785635226594,1785635226,62938.95,62948.95,0.0,0,6
1785635227594,1785635227,62938.21,62948.21,0.0,0,6
1785635228610,1785635228,62936.73,62946.73,0.0,0,6
1785635229619,1785635229,62935.85,62945.85,0.0,0,6
1785635230692,1785635230,62933.99,62943.99,0.0,0,6
1785635231695,1785635231,62933.15,62943.15,0.0,0,6
1785635232775,1785635232,62932.92,62942.92,0.0,0,6
1785635233781,1785635233,62931.77,62941.77,0.0,0,6
1785635236819,1785635236,62931.76,62941.76,0.0,0,6
1785635238828,1785635238,62935.21,62945.21,0.0,0,6
1785635239829,1785635239,62931.75,62941.75,0.0,0,6
1785635240842,1785635240,62932.85,62942.85,0.0,0,6
1785635241846,1785635241,62933.23,62943.23,0.0,0,6
1785635242858,1785635242,62934.98,62944.98,0.0,0,6
1785635243868,1785635243,62934.49,62944.49,0.0,0,6
1785635244907,1785635244,62933.89,62943.89,0.0,0,6
1785635245959,1785635245,62931.73,62941.73,0.0,0,6
1785635246880,1785635246,62932.16,62942.16,0.0,0,6
1785635246961,1785635246,62928.7,62938.7,0.0,0,6
1785635247969,1785635247,62928.64,62938.64,0.0,0,6
1785635249002,1785635249,62926.85,62936.85,0.0,0,6
1785635250013,1785635250,62926.86,62936.86,0.0,0,6
1785635252055,1785635252,62926.87,62936.87,0.0,0,6
1785635253058,1785635253,62926.88,62936.88,0.0,0,6
1785635255094,1785635255,62926.89,62936.89,0.0,0,6
1785635257150,1785635257,62926.9,62936.9,0.0,0,6
1785635258156,1785635258,62926.91,62936.91,0.0,0,6
1785635259231,1785635259,62928.68,62938.68,0.0,0,6
1785635260309,1785635260,62928.53,62938.53,0.0,0,6
1785635261684,1785635261,62928.03,62938.03,0.0,0,6
1785635262811,1785635262,62928.93,62938.93,0.0,0,6
1785635264214,1785635264,62928.37,62938.37,0.0,0,6
1785635265311,1785635265,62928.34,62938.34,0.0,0,6
1785635266322,1785635266,62928.63,62938.63,0.0,0,6
1785635267332,1785635267,62926.96,62936.96,0.0,0,6
1785635269336,1785635269,62933.34,62943.34,0.0,0,6
1785635270347,1785635270,62927.91,62937.91,0.0,0,6
1785635271348,1785635271,62929.5,62939.5,0.0,0,6
1785635272349,1785635272,62928.29,62938.29,0.0,0,6
1785635273355,1785635273,62930.8,62940.8,0.0,0,6
1785635274356,1785635274,62929.74,62939.74,0.0,0,6
1785635275416,1785635275,62930.96,62940.96,0.0,0,6
1785635276493,1785635276,62931.46,62941.46,0.0,0,6
1785635277503,1785635277,62931.19,62941.19,0.0,0,6
1785635278583,1785635278,62931.27,62941.27,0.0,0,6
1785635279639,1785635279,62932.65,62942.65,0.0,0,6
1785635280661,1785635280,62933.57,62943.57,0.0,0,6
1785635281692,1785635281,62936.1,62946.1,0.0,0,6
1785635282712,1785635282,62937.03,62947.03,0.0,0,6
1785635283752,1785635283,62938.13,62948.13,0.0,0,6
1785635284781,1785635284,62937.72,62947.72,0.0,0,6
1785635285835,1785635285,62937.65,62947.65,0.0,0,6
1785635287204,1785635287,62934.07,62944.07,0.0,0,6
1785635288237,1785635288,62933.07,62943.07,0.0,0,6
1785635289260,1785635289,62932.12,62942.12,0.0,0,6
1785635290344,1785635290,62931.29,62941.29,0.0,0,6
1785635291366,1785635291,62931.3,62941.3,0.0,0,6
1785635292391,1785635292,62938.64,62948.64,0.0,0,6
1785635293417,1785635293,62936.9,62946.9,0.0,0,6
1785635294572,1785635294,62935.41,62945.41,0.0,0,6
1785635295592,1785635295,62934.05,62944.05,0.0,0,6
1785635296611,1785635296,62933.49,62943.49,0.0,0,6
1785635297794,1785635297,62935.21,62945.21,0.0,0,6
1785635298814,1785635298,62934.52,62944.52,0.0,0,6
1785635299830,1785635299,62934.18,62944.18,0.0,0,6
1785635300862,1785635300,62936.02,62946.02,0.0,0,6
1785635301894,1785635301,62935.7,62945.7,0.0,0,6
1785635302924,1785635302,62934.46,62944.46,0.0,0,6
1785635304064,1785635304,62933.52,62943.52,0.0,0,6
1785635305345,1785635305,62931.38,62941.38,0.0,0,6
1785635307631,1785635307,62931.43,62941.43,0.0,0,6
1785635308655,1785635308,62931.39,62941.39,0.0,0,6
1785635309674,1785635309,62932.06,62942.06,0.0,0,6
1785635310765,1785635310,62933.74,62943.74,0.0,0,6
1785635311814,1785635311,62933.98,62943.98,0.0,0,6
1785635312894,1785635312,62932.7,62942.7,0.0,0,6
1785635314012,1785635314,62931.75,62941.75,0.0,0,6
1785635315025,1785635315,62931.43,62941.43,0.0,0,6
1785635316025,1785635316,62931.44,62941.44,0.0,0,6
1785635317119,1785635317,62931.45,62941.45,0.0,0,6
1785635319172,1785635319,62933.1,62943.1,0.0,0,6
1785635320184,1785635320,62933.82,62943.82,0.0,0,6
1785635321205,1785635321,62934.01,62944.01,0.0,0,6
1785635322229,1785635322,62934.27,62944.27,0.0,0,6
1785635323242,1785635323,62933.44,62943.44,0.0,0,6
1785635324262,1785635324,62934.41,62944.41,0.0,0,6
1785635325348,1785635325,62934.38,62944.38,0.0,0,6
1785635326354,1785635326,62934.51,62944.51,0.0,0,6
1785635327384,1785635327,62933.97,62943.97,0.0,0,6
1785635328385,1785635328,62936.21,62946.21,0.0,0,6
1785635329391,1785635329,62935.97,62945.97,0.0,0,6
1785635330401,1785635330,62937.73,62947.73,0.0,0,6
1785635331402,1785635331,62937.8,62947.8,0.0,0,6
1785635332418,1785635332,62937.08,62947.08,0.0,0,6
1785635333425,1785635333,62938.15,62948.15,0.0,0,6
1785635334577,1785635334,62937.15,62947.15,0.0,0,6
1785635335585,1785635335,62938.35,62948.35,0.0,0,6
1785635336594,1785635336,62938.81,62948.81,0.0,0,6
1785635337611,1785635337,62936.14,62946.14,0.0,0,6
1785635338664,1785635338,62935.22,62945.22,0.0,0,6
1785635339895,1785635339,62935.28,62945.28,0.0,0,6
1785635340944,1785635340,62933.53,62943.53,0.0,0,6
1785635342085,1785635342,62934.43,62944.43,0.0,0,6
1785635343228,1785635343,62937.15,62947.15,0.0,0,6
1785635344733,1785635344,62936.18,62946.18,0.0,0,6
1785635345797,1785635345,62936.19,62946.19,0.0,0,6
1785635346896,1785635346,62934.07,62944.07,0.0,0,6
1785635347280,1785635347,62927.9,62937.9,0.0,0,6
1785635347297,1785635347,62923.4,62933.4,0.0,0,6
1785635348331,1785635348,62921.71,62931.71,0.0,0,6
1785635349332,1785635349,62921.7,62931.7,0.0,0,6
1785635350333,1785635350,62923.73,62933.73,0.0,0,6
1785635351334,1785635351,62926.91,62936.91,0.0,0,6
1785635352347,1785635352,62928.2,62938.2,0.0,0,6
1785635352963,1785635352,62928.75,62938.75,0.0,0,6
1785635353021,1785635353,62926.86,62936.86,0.0,0,6
1785635353087,1785635353,62925.44,62935.44,0.0,0,6
1785635353409,1785635353,62922.97,62932.97,0.0,0,6
1785635354402,1785635354,62923.93,62933.93,0.0,0,6
1785635355403,1785635355,62924.69,62934.69,0.0,0,6
1785635356403,1785635356,62923.96,62933.96,0.0,0,6
1785635356823,1785635356,62921.14,62931.14,0.0,0,6
1785635357866,1785635357,62918.86,62928.86,0.0,0,6
1785635358884,1785635358,62913.97,62923.97,0.0,0,6
1785635359928,1785635359,62918.58,62928.58,0.0,0,6
1785635360927,1785635360,62918.69,62928.69,0.0,0,6
1785635362036,1785635362,62919.06,62929.06,0.0,0,6
1785635363126,1785635363,62918.14,62928.14,0.0,0,6
1785635364169,1785635364,62916.26,62926.26,0.0,0,6
1785635365322,1785635365,62916.11,62926.11,0.0,0,6
1785635366366,1785635366,62921.35,62931.35,0.0,0,6
1785635367411,1785635367,62921.36,62931.36,0.0,0,6
1785635368428,1785635368,62921.1,62931.1,0.0,0,6
1785635369445,1785635369,62916.34,62926.34,0.0,0,6
1785635370946,1785635370,62916.87,62926.87,0.0,0,6
1785635372016,1785635372,62921.32,62931.32,0.0,0,6
1785635373044,1785635373,62921.35,62931.35,0.0,0,6
1785635374189,1785635374,62921.37,62931.37,0.0,0,6
1785635375214,1785635375,62918.37,62928.37,0.0,0,6
1785635376420,1785635376,62917.16,62927.16,0.0,0,6
1785635377423,1785635377,62914.82,62924.82,0.0,0,6
1785635378504,1785635378,62916.39,62926.39,0.0,0,6
1785635379558,1785635379,62918.93,62928.93,0.0,0,6
1785635380598,1785635380,62920.41,62930.41,0.0,0,6
1785635381666,1785635381,62924.06,62934.06,0.0,0,6
1785635382667,1785635382,62922.52,62932.52,0.0,0,6
1785635383691,1785635383,62923.37,62933.37,0.0,0,6
1785635384799,1785635384,62920.18,62930.18,0.0,0,6
1785635385814,1785635385,62917.78,62927.78,0.0,0,6
1785635386820,1785635386,62918.16,62928.16,0.0,0,6
1785635387839,1785635387,62921.45,62931.45,0.0,0,6
1785635388839,1785635388,62922.25,62932.25,0.0,0,6
1785635389840,1785635389,62922.63,62932.63,0.0,0,6
1785635390842,1785635390,62922.34,62932.34,0.0,0,6
1785635391849,1785635391,62922.58,62932.58,0.0,0,6
1785635392857,1785635392,62921.44,62931.44,0.0,0,6
1785635393857,1785635393,62921.95,62931.95,0.0,0,6
1785635394857,1785635394,62920.59,62930.59,0.0,0,6
1785635395863,1785635395,62920.52,62930.52,0.0,0,6
1785635396866,1785635396,62920.7,62930.7,0.0,0,6
1785635397874,1785635397,62919.82,62929.82,0.0,0,6
1785635398924,1785635398,62919.78,62929.78,0.0,0,6
1785635399994,1785635399,62918.29,62928.29,0.0,0,6
1785635401082,1785635401,62919.2,62929.2,0.0,0,6
1785635402096,1785635402,62920.91,62930.91,0.0,0,6
1785635403232,1785635403,62920.16,62930.16,0.0,0,6
1785635404334,1785635404,62918.47,62928.47,0.0,0,6
1785635405355,1785635405,62919.48,62929.48,0.0,0,6
1785635406379,1785635406,62919.65,62929.65,0.0,0,6
1785635407413,1785635407,62919.09,62929.09,0.0,0,6
1785635408419,1785635408,62920.67,62930.67,0.0,0,6
1785635409495,1785635409,62920.18,62930.18,0.0,0,6
1785635410615,1785635410,62920.31,62930.31,0.0,0,6
1785635411703,1785635411,62922.81,62932.81,0.0,0,6
1785635412726,1785635412,62920.58,62930.58,0.0,0,6
1785635413799,1785635413,62920.0,62930.0,0.0,0,6
1785635414861,1785635414,62918.87,62928.87,0.0,0,6
1785635415938,1785635415,62918.06,62928.06,0.0,0,6
1785635416963,1785635416,62919.02,62929.02,0.0,0,6
1785635417972,1785635417,62921.29,62931.29,0.0,0,6
1785635418980,1785635418,62921.94,62931.94,0.0,0,6
1785635420020,1785635420,62919.67,62929.67,0.0,0,6
1785635421216,1785635421,62920.59,62930.59,0.0,0,6
1785635422230,1785635422,62925.52,62935.52,0.0,0,6
1785635423249,1785635423,62924.62,62934.62,0.0,0,6
1785635424309,1785635424,62922.91,62932.91,0.0,0,6
1785635425339,1785635425,62918.95,62928.95,0.0,0,6
1785635426409,1785635426,62918.8,62928.8,0.0,0,6
1785635427659,1785635427,62919.93,62929.93,0.0,0,6
1785635428677,1785635428,62920.35,62930.35,0.0,0,6
1785635429719,1785635429,62919.81,62929.81,0.0,0,6
1785635430737,1785635430,62920.65,62930.65,0.0,0,6
1785635431738,1785635431,62923.39,62933.39,0.0,0,6
1785635432790,1785635432,62925.5,62935.5,0.0,0,6
1785635433797,1785635433,62925.94,62935.94,0.0,0,6
1785635434817,1785635434,62925.5,62935.5,0.0,0,6
1785635435829,1785635435,62921.99,62931.99,0.0,0,6
1785635436830,1785635436,62920.66,62930.66,0.0,0,6
1785635437830,1785635437,62922.2,62932.2,0.0,0,6
1785635438830,1785635438,62921.11,62931.11,0.0,0,6
1785635439848,1785635439,62923.25,62933.25,0.0,0,6
1785635440860,1785635440,62923.34,62933.34,0.0,0,6
1785635441863,1785635441,62926.11,62936.11,0.0,0,6
1785635442867,1785635442,62923.85,62933.85,0.0,0,6
1785635443879,1785635443,62924.72,62934.72,0.0,0,6
1785635445094,1785635445,62924.84,62934.84,0.0,0,6
1785635446190,1785635446,62923.2,62933.2,0.0,0,6
1785635447219,1785635447,62920.96,62930.96,0.0,0,6
1785635448226,1785635448,62919.58,62929.58,0.0,0,6
1785635449259,1785635449,62919.97,62929.97,0.0,0,6
1785635450319,1785635450,62925.07,62935.07,0.0,0,6
1785635451365,1785635451,62926.14,62936.14,0.0,0,6
1785635452375,1785635452,62926.62,62936.62,0.0,0,6
1785635453376,1785635453,62922.61,62932.61,0.0,0,6
1785635454383,1785635454,62921.28,62931.28,0.0,0,6
1785635455383,1785635455,62920.58,62930.58,0.0,0,6
1785635456387,1785635456,62919.68,62929.68,0.0,0,6
1785635457391,1785635457,62923.95,62933.95,0.0,0,6
1785635458420,1785635458,62920.12,62930.12,0.0,0,6
1785635459430,1785635459,62921.12,62931.12,0.0,0,6
1785635460437,1785635460,62921.52,62931.52,0.0,0,6
1785635461449,1785635461,62921.34,62931.34,0.0,0,6
1785635462504,1785635462,62925.13,62935.13,0.0,0,6
1785635463106,1785635463,62919.18,62929.18,0.0,0,6
1785635463150,1785635463,62917.92,62927.92,0.0,0,6
1785635464159,1785635464,62917.87,62927.87,0.0,0,6
1785635465250,1785635465,62917.01,62927.01,0.0,0,6
1785635466260,1785635466,62919.33,62929.33,0.0,0,6
1785635467317,1785635467,62920.21,62930.21,0.0,0,6
1785635468368,1785635468,62920.24,62930.24,0.0,0,6
1785635469385,1785635469,62920.27,62930.27,0.0,0,6
1785635470417,1785635470,62920.3,62930.3,0.0,0,6
1785635471418,1785635471,62920.32,62930.32,0.0,0,6
1785635472519,1785635472,62920.35,62930.35,0.0,0,6
1785635474103,1785635474,62920.38,62930.38,0.0,0,6
1785635475303,1785635475,62919.12,62929.12,0.0,0,6
1785635476429,1785635476,62918.12,62928.12,0.0,0,6
1785635477457,1785635477,62917.28,62927.28,0.0,0,6
1785635478465,1785635478,62917.6,62927.6,0.0,0,6
1785635479467,1785635479,62921.65,62931.65,0.0,0,6
1785635480468,1785635480,62920.67,62930.67,0.0,0,6
1785635481486,1785635481,62920.09,62930.09,0.0,0,6
1785635482487,1785635482,62919.98,62929.98,0.0,0,6
1785635483489,1785635483,62919.45,62929.45,0.0,0,6
1785635484489,1785635484,62924.09,62934.09,0.0,0,6
1785635485490,1785635485,62924.3,62934.3,0.0,0,6
1785635486493,1785635486,62923.42,62933.42,0.0,0,6
1785635487494,1785635487,62922.23,62932.23,0.0,0,6
1785635488495,1785635488,62923.4,62933.4,0.0,0,6
1785635490209,1785635490,62921.8,62931.8,0.0,0,6
1785635491504,1785635491,62920.92,62930.92,0.0,0,6
1785635492504,1785635492,62921.3,62931.3,0.0,0,6
1785635493505,1785635493,62922.52,62932.52,0.0,0,6
1785635494507,1785635494,62922.17,62932.17,0.0,0,6
1785635495508,1785635495,62922.65,62932.65,0.0,0,6
1785635496509,1785635496,62921.33,62931.33,0.0,0,6
1785635497509,1785635497,62919.07,62929.07,0.0,0,6
1785635498512,1785635498,62919.03,62929.03,0.0,0,6
1785635499511,1785635499,62918.47,62928.47,0.0,0,6
1785635500710,1785635500,62917.55,62927.55,0.0,0,6
1785635502303,1785635502,62918.47,62928.47,0.0,0,6
1785635503798,1785635503,62917.07,62927.07,0.0,0,6
1785635504799,1785635504,62917.94,62927.94,0.0,0,6
1785635505821,1785635505,62921.67,62931.67,0.0,0,6
1785635506827,1785635506,62922.8,62932.8,0.0,0,6
1785635507859,1785635507,62919.9,62929.9,0.0,0,6
1785635509035,1785635509,62922.69,62932.69,0.0,0,6
1785635510038,1785635510,62923.15,62933.15,0.0,0,6
1785635511044,1785635511,62922.74,62932.74,0.0,0,6
1785635512053,1785635512,62922.63,62932.63,0.0,0,6
1785635513098,1785635513,62922.65,62932.65,0.0,0,6
1785635514162,1785635514,62921.99,62931.99,0.0,0,6
1785635515220,1785635515,62922.95,62932.95,0.0,0,6
1785635516417,1785635516,62923.22,62933.22,0.0,0,6
1785635517418,1785635517,62923.3,62933.3,0.0,0,6
1785635518425,1785635518,62923.54,62933.54,0.0,0,6
1785635519454,1785635519,62922.12,62932.12,0.0,0,6
1785635520456,1785635520,62922.32,62932.32,0.0,0,6
1785635521456,1785635521,62923.42,62933.42,0.0,0,6
1785635522456,1785635522,62923.95,62933.95,0.0,0,6
1785635523458,1785635523,62923.79,62933.79,0.0,0,6
1785635524458,1785635524,62923.3,62933.3,0.0,0,6
1785635525464,1785635525,62924.44,62934.44,0.0,0,6
1785635525600,1785635525,62919.67,62929.67,0.0,0,6
1785635526701,1785635526,62920.29,62930.29,0.0,0,6
1785635529469,1785635529,62920.3,62930.3,0.0,0,6
1785635530700,1785635530,62919.77,62929.77,0.0,0,6
1785635531780,1785635531,62917.84,62927.84,0.0,0,6
1785635532789,1785635532,62918.42,62928.42,0.0,0,6
1785635533799,1785635533,62919.68,62929.68,0.0,0,6
1785635534890,1785635534,62918.62,62928.62,0.0,0,6
1785635536020,1785635536,62918.01,62928.01,0.0,0,6
1785635537021,1785635537,62917.08,62927.08,0.0,0,6
1785635538022,1785635538,62915.2,62925.2,0.0,0,6
1785635539088,1785635539,62914.18,62924.18,0.0,0,6
1785635540124,1785635540,62918.57,62928.57,0.0,0,6
1785635541151,1785635541,62920.36,62930.36,0.0,0,6
1785635542152,1785635542,62920.37,62930.37,0.0,0,6
1785635544271,1785635544,62921.24,62931.24,0.0,0,6
1785635545370,1785635545,62922.1,62932.1,0.0,0,6
1785635545568,1785635545,62920.28,62930.28,0.0,0,6
1785635546587,1785635546,62920.29,62930.29,0.0,0,6
1785635547937,1785635547,62917.6,62927.6,0.0,0,6
1785635548955,1785635548,62917.23,62927.23,0.0,0,6
1785635549959,1785635549,62916.77,62926.77,0.0,0,6
1785635551615,1785635551,62914.13,62924.13,0.0,0,6
1785635552701,1785635552,62914.69,62924.69,0.0,0,6
1785635553818,1785635553,62913.97,62923.97,0.0,0,6
1785635554900,1785635554,62913.23,62923.23,0.0,0,6
1785635555980,1785635555,62915.95,62925.95,0.0,0,6
1785635557030,1785635557,62916.43,62926.43,0.0,0,6
1785635558370,1785635558,62913.51,62923.51,0.0,0,6
1785635559418,1785635559,62914.69,62924.69,0.0,0,6
1785635560417,1785635560,62915.51,62925.51,0.0,0,6
1785635561420,1785635561,62915.2,62925.2,0.0,0,6
1785635562457,1785635562,62915.58,62925.58,0.0,0,6
1785635563461,1785635563,62914.36,62924.36,0.0,0,6
1785635564479,1785635564,62916.1,62926.1,0.0,0,6
1785635565485,1785635565,62917.92,62927.92,0.0,0,6
1785635566485,1785635566,62917.39,62927.39,0.0,0,6
1785635567494,1785635567,62918.12,62928.12,0.0,0,6
1785635568520,1785635568,62917.94,62927.94,0.0,0,6
1785635569530,1785635569,62918.38,62928.38,0.0,0,6
1785635570548,1785635570,62917.57,62927.57,0.0,0,6
1785635571597,1785635571,62913.99,62923.99,0.0,0,6
1785635572627,1785635572,62914.58,62924.58,0.0,0,6
1785635573638,1785635573,62915.95,62925.95,0.0,0,6
1785635574682,1785635574,62916.92,62926.92,0.0,0,6
1785635575695,1785635575,62913.55,62923.55,0.0,0,6
1785635576721,1785635576,62913.35,62923.35,0.0,0,6
1785635577735,1785635577,62913.38,62923.38,0.0,0,6
1785635578801,1785635578,62918.01,62928.01,0.0,0,6
1785635579865,1785635579,62919.31,62929.31,0.0,0,6
1785635580879,1785635580,62916.52,62926.52,0.0,0,6
1785635581899,1785635581,62913.51,62923.51,0.0,0,6
1785635582901,1785635582,62913.96,62923.96,0.0,0,6
1785635583963,1785635583,62913.58,62923.58,0.0,0,6
1785635584966,1785635584,62913.61,62923.61,0.0,0,6
1785635585967,1785635585,62913.64,62923.64,0.0,0,6
1785635587013,1785635587,62913.67,62923.67,0.0,0,6
1785635588061,1785635588,62913.7,62923.7,0.0,0,6
1785635589072,1785635589,62915.76,62925.76,0.0,0,6
1785635590369,1785635590,62914.35,62924.35,0.0,0,6
1785635591607,1785635591,62913.82,62923.82,0.0,0,6
1785635593060,1785635593,62913.81,62923.81,0.0,0,6
1785635594100,1785635594,62916.52,62926.52,0.0,0,6
1785635594912,1785635594,62916.77,62926.77,0.0,0,6
1785635595009,1785635595,62918.98,62928.98,0.0,0,6
1785635596033,1785635596,62918.37,62928.37,0.0,0,6
1785635597079,1785635597,62918.79,62928.79,0.0,0,6
1785635598089,1785635598,62921.11,62931.11,0.0,0,6
1785635599228,1785635599,62920.17,62930.17,0.0,0,6
1785635600259,1785635600,62920.07,62930.07,0.0,0,6
1785635601417,1785635601,62921.0,62931.0,0.0,0,6
1785635602418,1785635602,62918.46,62928.46,0.0,0,6
1785635603419,1785635603,62919.23,62929.23,0.0,0,6
1785635604425,1785635604,62919.51,62929.51,0.0,0,6
1785635605428,1785635605,62921.23,62931.23,0.0,0,6
1785635606431,1785635606,62922.95,62932.95,0.0,0,6
1785635607453,1785635607,62924.17,62934.17,0.0,0,6
1785635608459,1785635608,62925.29,62935.29,0.0,0,6
1785635609461,1785635609,62923.87,62933.87,0.0,0,6
1785635610461,1785635610,62923.42,62933.42,0.0,0,6
1785635611462,1785635611,62921.19,62931.19,0.0,0,6
1785635612467,1785635612,62920.26,62930.26,0.0,0,6
1785635613476,1785635613,62919.5,62929.5,0.0,0,6
1785635614484,1785635614,62918.4,62928.4,0.0,0,6
1785635615501,1785635615,62917.67,62927.67,0.0,0,6
1785635616501,1785635616,62917.68,62927.68,0.0,0,6
1785635617501,1785635617,62917.91,62927.91,0.0,0,6
1785635618530,1785635618,62918.56,62928.56,0.0,0,6
1785635619600,1785635619,62921.14,62931.14,0.0,0,6
1785635620613,1785635620,62923.83,62933.83,0.0,0,6
1785635621730,1785635621,62925.75,62935.75,0.0,0,6
1785635622769,1785635622,62925.67,62935.67,0.0,0,6
1785635623839,1785635623,62925.34,62935.34,0.0,0,6
1785635624945,1785635624,62925.8,62935.8,0.0,0,6
1785635626001,1785635626,62925.81,62935.81,0.0,0,6
1785635628021,1785635628,62925.82,62935.82,0.0,0,6
1785635630027,1785635630,62924.72,62934.72,0.0,0,6
1785635631027,1785635631,62923.9,62933.9,0.0,0,6
1785635632033,1785635632,62923.12,62933.12,0.0,0,6
1785635633083,1785635633,62922.07,62932.07,0.0,0,6
1785635634133,1785635634,62921.03,62931.03,0.0,0,6
1785635635173,1785635635,62923.05,62933.05,0.0,0,6
1785635635246,1785635635,62931.35,62941.35,0.0,0,6
1785635635269,1785635635,62933.24,62943.24,0.0,0,6
1785635636283,1785635636,62936.72,62946.72,0.0,0,6
1785635637286,1785635637,62936.7,62946.7,0.0,0,6
1785635638418,1785635638,62936.68,62946.68,0.0,0,6
1785635639417,1785635639,62936.63,62946.63,0.0,0,6
1785635640418,1785635640,62935.45,62945.45,0.0,0,6
1785635641418,1785635641,62933.38,62943.38,0.0,0,6
1785635641914,1785635641,62930.52,62940.52,0.0,0,6
1785635641980,1785635641,62924.3,62934.3,0.0,0,6
1785635643070,1785635643,62922.41,62932.41,0.0,0,6
1785635644568,1785635644,62922.69,62932.69,0.0,0,6
1785635645661,1785635645,62923.59,62933.59,0.0,0,6
1785635646804,1785635646,62925.71,62935.71,0.0,0,6
1785635648954,1785635648,62925.7,62935.7,0.0,0,6
1785635649823,1785635649,62924.31,62934.31,0.0,0,6
1785635650823,1785635650,62924.02,62934.02,0.0,0,6
1785635651860,1785635651,62923.49,62933.49,0.0,0,6
1785635652939,1785635652,62922.04,62932.04,0.0,0,6
1785635653955,1785635653,62922.69,62932.69,0.0,0,6
1785635654967,1785635654,62923.1,62933.1,0.0,0,6
1785635655981,1785635655,62922.46,62932.46,0.0,0,6
1785635657020,1785635657,62923.87,62933.87,0.0,0,6
1785635658015,1785635658,62922.33,62932.33,0.0,0,6
1785635659028,1785635659,62920.75,62930.75,0.0,0,6
1785635660096,1785635660,62920.98,62930.98,0.0,0,6
1785635661252,1785635661,62918.72,62928.72,0.0,0,6
1785635662272,1785635662,62920.11,62930.11,0.0,0,6
1785635663489,1785635663,62921.12,62931.12,0.0,0,6
1785635664503,1785635664,62921.2,62931.2,0.0,0,6
1785635665597,1785635665,62921.64,62931.64,0.0,0,6
1785635667017,1785635667,62918.62,62928.62,0.0,0,6
1785635668037,1785635668,62919.34,62929.34,0.0,0,6
1785635669054,1785635669,62920.9,62930.9,0.0,0,6
1785635670407,1785635670,62920.16,62930.16,0.0,0,6
1785635671584,1785635671,62921.48,62931.48,0.0,0,6
1785635672594,1785635672,62922.12,62932.12,0.0,0,6
1785635673644,1785635673,62920.67,62930.67,0.0,0,6
1785635674690,1785635674,62920.64,62930.64,0.0,0,6
1785635675725,1785635675,62920.65,62930.65,0.0,0,6
1785635676839,1785635676,62919.7,62929.7,0.0,0,6
1785635677922,1785635677,62919.93,62929.93,0.0,0,6
1785635679032,1785635679,62920.32,62930.32,0.0,0,6
1785635680046,1785635680,62919.94,62929.94,0.0,0,6
1785635681062,1785635681,62921.24,62931.24,0.0,0,6
1785635682095,1785635682,62919.02,62929.02,0.0,0,6
1785635683096,1785635683,62922.38,62932.38,0.0,0,6
1785635684135,1785635684,62923.59,62933.59,0.0,0,6
1785635685205,1785635685,62923.83,62933.83,0.0,0,6
1785635686284,1785635686,62922.43,62932.43,0.0,0,6
1785635687365,1785635687,62920.76,62930.76,0.0,0,6
1785635688394,1785635688,62920.3,62930.3,0.0,0,6
1785635689441,1785635689,62921.29,62931.29,0.0,0,6
1785635690481,1785635690,62921.07,62931.07,0.0,0,6
1785635691565,1785635691,62921.99,62931.99,0.0,0,6
1785635692750,1785635692,62922.45,62932.45,0.0,0,6
1785635693770,1785635693,62920.38,62930.38,0.0,0,6
1785635694788,1785635694,62921.37,62931.37,0.0,0,6
1785635695801,1785635695,62920.35,62930.35,0.0,0,6
1785635696818,1785635696,62922.22,62932.22,0.0,0,6
1785635697831,1785635697,62920.21,62930.21,0.0,0,6
1785635698835,1785635698,62917.89,62927.89,0.0,0,6
1785635699947,1785635699,62918.65,62928.65,0.0,0,6
1785635700623,1785635700,62922.16,62932.16,0.0,0,6
1785635700635,1785635700,62924.76,62934.76,0.0,0,6
1785635701375,1785635701,62927.57,62937.57,0.0,0,6
1785635701390,1785635701,62930.47,62940.47,0.0,0,6
1785635701448,1785635701,62932.41,62942.41,0.0,0,6
1785635702504,1785635702,62933.06,62943.06,0.0,0,6
1785635703521,1785635703,62934.12,62944.12,0.0,0,6
1785635704525,1785635704,62933.03,62943.03,0.0,0,6
1785635705544,1785635705,62931.69,62941.69,0.0,0,6
1785635706715,1785635706,62932.43,62942.43,0.0,0,6
1785635707758,1785635707,62928.15,62938.15,0.0,0,6
1785635708867,1785635708,62928.26,62938.26,0.0,0,6
1785635709885,1785635709,62928.12,62938.12,0.0,0,6
1785635711243,1785635711,62928.35,62938.35,0.0,0,6
1785635712307,1785635712,62930.75,62940.75,0.0,0,6
1785635713464,1785635713,62928.46,62938.46,0.0,0,6
1785635714605,1785635714,62929.12,62939.12,0.0,0,6
1785635715887,1785635715,62929.16,62939.16,0.0,0,6
1785635717010,1785635717,62928.7,62938.7,0.0,0,6
1785635718326,1785635718,62929.3,62939.3,0.0,0,6
1785635719344,1785635719,62930.48,62940.48,0.0,0,6
1785635720510,1785635720,62928.11,62938.11,0.0,0,6
1785635721582,1785635721,62925.36,62935.36,0.0,0,6
1785635722824,1785635722,62925.86,62935.86,0.0,0,6
1785635724051,1785635724,62927.18,62937.18,0.0,0,6
1785635725086,1785635725,62926.68,62936.68,0.0,0,6
1785635726294,1785635726,62927.03,62937.03,0.0,0,6
1785635727420,1785635727,62926.13,62936.13,0.0,0,6
1785635728621,1785635728,62926.47,62936.47,0.0,0,6
1785635729638,1785635729,62926.21,62936.21,0.0,0,6
1785635730648,1785635730,62927.51,62937.51,0.0,0,6
1785635731653,1785635731,62928.71,62938.71,0.0,0,6
1785635732684,1785635732,62928.48,62938.48,0.0,0,6
1785635733696,1785635733,62926.79,62936.79,0.0,0,6
1785635734710,1785635734,62925.72,62935.72,0.0,0,6
1785635735711,1785635735,62927.41,62937.41,0.0,0,6
1785635736739,1785635736,62928.47,62938.47,0.0,0,6
1785635737758,1785635737,62927.75,62937.75,0.0,0,6
1785635738772,1785635738,62928.19,62938.19,0.0,0,6
1785635739785,1785635739,62929.42,62939.42,0.0,0,6
1785635740801,1785635740,62930.58,62940.58,0.0,0,6
1785635741817,1785635741,62930.96,62940.96,0.0,0,6
1785635742871,1785635742,62929.51,62939.51,0.0,0,6
1785635743925,1785635743,62927.65,62937.65,0.0,0,6
1785635744951,1785635744,62926.31,62936.31,0.0,0,6
1785635745954,1785635745,62925.33,62935.33,0.0,0,6
1785635746965,1785635746,62924.57,62934.57,0.0,0,6
1785635747965,1785635747,62924.62,62934.62,0.0,0,6
1785635748966,1785635748,62926.16,62936.16,0.0,0,6
1785635749967,1785635749,62925.44,62935.44,0.0,0,6
1785635750979,1785635750,62925.45,62935.45,0.0,0,6
1785635751992,1785635751,62925.59,62935.59,0.0,0,6
1785635752998,1785635752,62925.74,62935.74,0.0,0,6
1785635753999,1785635753,62926.41,62936.41,0.0,0,6
1785635755000,1785635755,62926.68,62936.68,0.0,0,6
1785635756008,1785635756,62926.37,62936.37,0.0,0,6
1785635757491,1785635757,62923.27,62933.27,0.0,0,6
1785635758493,1785635758,62922.09,62932.09,0.0,0,6
1785635759500,1785635759,62922.88,62932.88,0.0,0,6
1785635760508,1785635760,62924.77,62934.77,0.0,0,6
1785635761513,1785635761,62924.07,62934.07,0.0,0,6
1785635762514,1785635762,62924.21,62934.21,0.0,0,6
1785635763637,1785635763,62926.35,62936.35,0.0,0,6
1785635764692,1785635764,62925.46,62935.46,0.0,0,6
1785635765819,1785635765,62926.37,62936.37,0.0,0,6
1785635767125,1785635767,62924.6,62934.6,0.0,0,6
1785635768295,1785635768,62926.45,62936.45,0.0,0,6
1785635769416,1785635769,62925.02,62935.02,0.0,0,6
1785635770475,1785635770,62925.22,62935.22,0.0,0,6
1785635771575,1785635771,62925.83,62935.83,0.0,0,6
1785635772793,1785635772,62924.6,62934.6,0.0,0,6
1785635773994,1785635773,62926.24,62936.24,0.0,0,6
1785635775134,1785635775,62925.29,62935.29,0.0,0,6
1785635776454,1785635776,62922.89,62932.89,0.0,0,6
1785635777535,1785635777,62922.17,62932.17,0.0,0,6
1785635778564,1785635778,62924.28,62934.28,0.0,0,6
1785635779644,1785635779,62922.02,62932.02,0.0,0,6
1785635780765,1785635780,62922.47,62932.47,0.0,0,6
1785635781854,1785635781,62923.01,62933.01,0.0,0,6
1785635782541,1785635782,62929.74,62939.74,0.0,0,6
1785635782591,1785635782,62932.04,62942.04,0.0,0,6
1785635782684,1785635782,62933.38,62943.38,0.0,0,6
1785635782980,1785635782,62938.91,62948.91,0.0,0,6
1785635783951,1785635783,62940.3,62950.3,0.0,0,6
1785635785122,1785635785,62943.82,62953.82,0.0,0,6
1785635786271,1785635786,62942.28,62952.28,0.0,0,6
1785635787291,1785635787,62943.45,62953.45,0.0,0,6
1785635788330,1785635788,62938.12,62948.12,0.0,0,6
1785635789356,1785635789,62938.73,62948.73,0.0,0,6
1785635790464,1785635790,62939.17,62949.17,0.0,0,6
1785635791637,1785635791,62942.51,62952.51,0.0,0,6
1785635792673,1785635792,62936.7,62946.7,0.0,0,6
1785635793768,1785635793,62937.83,62947.83,0.0,0,6
1785635794895,1785635794,62938.95,62948.95,0.0,0,6
1785635796001,1785635796,62940.37,62950.37,0.0,0,6
1785635797026,1785635797,62939.57,62949.57,0.0,0,6
1785635797410,1785635797,62941.74,62951.74,0.0,0,6
1785635798414,1785635798,62941.82,62951.82,0.0,0,6
1785635799494,1785635799,62942.45,62952.45,0.0,0,6
1785635800545,1785635800,62944.01,62954.01,0.0,0,6
1785635801608,1785635801,62941.76,62951.76,0.0,0,6
1785635802609,1785635802,62943.59,62953.59,0.0,0,6
1785635803610,1785635803,62942.83,62952.83,0.0,0,6
1785635804642,1785635804,62946.02,62956.02,0.0,0,6
1785635805746,1785635805,62945.51,62955.51,0.0,0,6
1785635806751,1785635806,62941.33,62951.33,0.0,0,6
1785635806810,1785635806,62943.9,62953.9,0.0,0,6
1785635807853,1785635807,62939.47,62949.47,0.0,0,6
1785635808912,1785635808,62942.56,62952.56,0.0,0,6
1785635809915,1785635809,62945.74,62955.74,0.0,0,6
1785635811003,1785635811,62945.35,62955.35,0.0,0,6
1785635812093,1785635812,62942.55,62952.55,0.0,0,6
1785635812711,1785635812,62945.72,62955.72,0.0,0,6
1785635813717,1785635813,62944.43,62954.43,0.0,0,6
1785635814774,1785635814,62943.6,62953.6,0.0,0,6
1785635815855,1785635815,62944.49,62954.49,0.0,0,6
1785635816358,1785635816,62945.0,62955.0,0.0,0,6
1785635817144,1785635817,62936.23,62946.23,0.0,0,6
1785635818174,1785635818,62936.28,62946.28,0.0,0,6
1785635819288,1785635819,62938.47,62948.47,0.0,0,6
1785635820357,1785635820,62936.93,62946.93,0.0,0,6
1785635821359,1785635821,62939.93,62949.93,0.0,0,6
1785635821612,1785635821,62935.7,62945.7,0.0,0,6
1785635822714,1785635822,62936.33,62946.33,0.0,0,6
1785635823716,1785635823,62936.71,62946.71,0.0,0,6
1785635825071,1785635825,62936.44,62946.44,0.0,0,6
1785635826147,1785635826,62936.19,62946.19,0.0,0,6
1785635827232,1785635827,62934.96,62944.96,0.0,0,6
1785635828296,1785635828,62934.29,62944.29,0.0,0,6
1785635829412,1785635829,62935.44,62945.44,0.0,0,6
1785635830496,1785635830,62936.49,62946.49,0.0,0,6
1785635831564,1785635831,62936.22,62946.22,0.0,0,6
1785635832745,1785635832,62937.46,62947.46,0.0,0,6
1785635833854,1785635833,62936.5,62946.5,0.0,0,6
1785635835202,1785635835,62935.08,62945.08,0.0,0,6
1785635836220,1785635836,62935.19,62945.19,0.0,0,6
1785635837282,1785635837,62935.1,62945.1,0.0,0,6
1785635838423,1785635838,62935.46,62945.46,0.0,0,6
1785635839454,1785635839,62934.52,62944.52,0.0,0,6
1785635840543,1785635840,62935.38,62945.38,0.0,0,6
1785635841623,1785635841,62934.25,62944.25,0.0,0,6
1785635842628,1785635842,62934.67,62944.67,0.0,0,6
1785635843739,1785635843,62937.03,62947.03,0.0,0,6
1785635844752,1785635844,62937.04,62947.04,0.0,0,6
1785635845769,1785635845,62935.6,62945.6,0.0,0,6
1785635846784,1785635846,62936.23,62946.23,0.0,0,6
1785635847800,1785635847,62936.17,62946.17,0.0,0,6
1785635848814,1785635848,62937.98,62947.98,0.0,0,6
1785635849831,1785635849,62936.46,62946.46,0.0,0,6
1785635850835,1785635850,62935.62,62945.62,0.0,0,6
1785635851862,1785635851,62936.07,62946.07,0.0,0,6
1785635852876,1785635852,62936.37,62946.37,0.0,0,6
1785635853889,1785635853,62936.3,62946.3,0.0,0,6
1785635854900,1785635854,62938.9,62948.9,0.0,0,6
1785635855915,1785635855,62939.15,62949.15,0.0,0,6
1785635856926,1785635856,62939.14,62949.14,0.0,0,6
1785635857944,1785635857,62939.13,62949.13,0.0,0,6
1785635858959,1785635858,62939.12,62949.12,0.0,0,6
1785635859959,1785635859,62938.37,62948.37,0.0,0,6
1785635860987,1785635860,62937.98,62947.98,0.0,0,6
1785635862001,1785635862,62937.4,62947.4,0.0,0,6
1785635863015,1785635863,62935.65,62945.65,0.0,0,6
1785635864028,1785635864,62938.02,62948.02,0.0,0,6
1785635865043,1785635865,62935.24,62945.24,0.0,0,6
1785635866057,1785635866,62934.82,62944.82,0.0,0,6
1785635867064,1785635867,62934.75,62944.75,0.0,0,6
1785635867379,1785635867,62940.57,62950.57,0.0,0,6
1785635867389,1785635867,62941.97,62951.97,0.0,0,6
1785635868414,1785635868,62944.69,62954.69,0.0,0,6
1785635869557,1785635869,62943.55,62953.55,0.0,0,6
1785635870628,1785635870,62942.37,62952.37,0.0,0,6
1785635871707,1785635871,62942.11,62952.11,0.0,0,6
1785635872717,1785635872,62940.88,62950.88,0.0,0,6
1785635873779,1785635873,62939.99,62949.99,0.0,0,6
1785635874814,1785635874,62940.56,62950.56,0.0,0,6
1785635875854,1785635875,62940.42,62950.42,0.0,0,6
1785635876964,1785635876,62944.76,62954.76,0.0,0,6
1785635878140,1785635878,62944.0,62954.0,0.0,0,6
1785635879159,1785635879,62944.44,62954.44,0.0,0,6
1785635880223,1785635880,62944.02,62954.02,0.0,0,6
1785635881273,1785635881,62943.07,62953.07,0.0,0,6
1785635882290,1785635882,62942.95,62952.95,0.0,0,6
1785635883296,1785635883,62942.68,62952.68,0.0,0,6
1785635884440,1785635884,62938.49,62948.49,0.0,0,6
1785635885443,1785635885,62938.02,62948.02,0.0,0,6
1785635886484,1785635886,62938.16,62948.16,0.0,0,6
1785635887538,1785635887,62938.48,62948.48,0.0,0,6
1785635888570,1785635888,62937.67,62947.67,0.0,0,6
1785635889601,1785635889,62938.73,62948.73,0.0,0,6
1785635890644,1785635890,62938.76,62948.76,0.0,0,6
1785635891676,1785635891,62937.94,62947.94,0.0,0,6
1785635892699,1785635892,62938.01,62948.01,0.0,0,6
1785635893704,1785635893,62939.63,62949.63,0.0,0,6
1785635894771,1785635894,62937.64,62947.64,0.0,0,6
1785635895804,1785635895,62938.24,62948.24,0.0,0,6
1785635896835,1785635896,62938.13,62948.13,0.0,0,6
1785635897866,1785635897,62939.21,62949.21,0.0,0,6
1785635898897,1785635898,62938.43,62948.43,0.0,0,6
1785635899930,1785635899,62937.17,62947.17,0.0,0,6
1785635900961,1785635900,62937.15,62947.15,0.0,0,6
1785635901991,1785635901,62936.99,62946.99,0.0,0,6
1785635903024,1785635903,62937.51,62947.51,0.0,0,6
1785635904053,1785635904,62937.06,62947.06,0.0,0,6
1785635905054,1785635905,62937.65,62947.65,0.0,0,6
1785635906119,1785635906,62936.27,62946.27,0.0,0,6
1785635907153,1785635907,62932.95,62942.95,0.0,0,6
1785635908184,1785635908,62932.86,62942.86,0.0,0,6
1785635909216,1785635909,62932.99,62942.99,0.0,0,6
1785635910221,1785635910,62932.82,62942.82,0.0,0,6
1785635911226,1785635911,62933.27,62943.27,0.0,0,6
1785635912271,1785635912,62932.78,62942.78,0.0,0,6
1785635913301,1785635913,62933.26,62943.26,0.0,0,6
1785635914318,1785635914,62933.19,62943.19,0.0,0,6
1785635915341,1785635915,62932.73,62942.73,0.0,0,6
1785635916356,1785635916,62932.71,62942.71,0.0,0,6
1785635917363,1785635917,62932.69,62942.69,0.0,0,6
1785635918387,1785635918,62932.67,62942.67,0.0,0,6
1785635919399,1785635919,62932.66,62942.66,0.0,0,6
1785635920415,1785635920,62932.64,62942.64,0.0,0,6
1785635921430,1785635921,62932.75,62942.75,0.0,0,6
1785635922446,1785635922,62933.94,62943.94,0.0,0,6
1785635923453,1785635923,62936.74,62946.74,0.0,0,6
1785635924467,1785635924,62937.13,62947.13,0.0,0,6
1785635925482,1785635925,62937.17,62947.17,0.0,0,6
1785635926496,1785635926,62937.23,62947.23,0.0,0,6
1785635927513,1785635927,62938.29,62948.29,0.0,0,6
1785635928527,1785635928,62937.99,62947.99,0.0,0,6
1785635929541,1785635929,62935.64,62945.64,0.0,0,6
1785635930548,1785635930,62934.91,62944.91,0.0,0,6
1785635931557,1785635931,62936.91,62946.91,0.0,0,6
1785635932618,1785635932,62936.15,62946.15,0.0,0,6
1785635933627,1785635933,62936.31,62946.31,0.0,0,6
1785635934633,1785635934,62935.43,62945.43,0.0,0,6
1785635935634,1785635935,62935.63,62945.63,0.0,0,6
1785635937050,1785635937,62935.68,62945.68,0.0,0,6
1785635938081,1785635938,62935.24,62945.24,0.0,0,6
1785635939144,1785635939,62934.91,62944.91,0.0,0,6
1785635940176,1785635940,62935.74,62945.74,0.0,0,6
1785635941213,1785635941,62936.35,62946.35,0.0,0,6
1785635942216,1785635942,62934.48,62944.48,0.0,0,6
1785635943251,1785635943,62934.62,62944.62,0.0,0,6
1785635944307,1785635944,62932.35,62942.35,0.0,0,6
1785635945335,1785635945,62932.16,62942.16,0.0,0,6
1785635946366,1785635946,62932.14,62942.14,0.0,0,6
1785635947393,1785635947,62932.12,62942.12,0.0,0,6
1785635948422,1785635948,62934.48,62944.48,0.0,0,6
1785635949453,1785635949,62935.33,62945.33,0.0,0,6
1785635950486,1785635950,62935.08,62945.08,0.0,0,6
1785635951518,1785635951,62936.12,62946.12,0.0,0,6
1785635952552,1785635952,62936.84,62946.84,0.0,0,6
1785635953583,1785635953,62935.73,62945.73,0.0,0,6
1785635953828,1785635953,62933.9,62943.9,0.0,0,6
1785635953850,1785635953,62931.88,62941.88,0.0,0,6
1785635953884,1785635953,62929.51,62939.51,0.0,0,6
1785635954010,1785635954,62927.37,62937.37,0.0,0,6
1785635955095,1785635955,62924.73,62934.73,0.0,0,6
1785635956164,1785635956,62924.77,62934.77,0.0,0,6
1785635957194,1785635957,62925.91,62935.91,0.0,0,6
1785635958227,1785635958,62927.45,62937.45,0.0,0,6
1785635959258,1785635959,62928.29,62938.29,0.0,0,6
1785635960272,1785635960,62928.86,62938.86,0.0,0,6
1785635961275,1785635961,62929.5,62939.5,0.0,0,6
1785635962342,1785635962,62928.4,62938.4,0.0,0,6
1785635963383,1785635963,62927.76,62937.76,0.0,0,6
1785635964415,1785635964,62927.38,62937.38,0.0,0,6
1785635965415,1785635965,62928.21,62938.21,0.0,0,6
1785635966427,1785635966,62927.74,62937.74,0.0,0,6
1785635967454,1785635967,62931.19,62941.19,0.0,0,6
1785635968512,1785635968,62930.57,62940.57,0.0,0,6
1785635969534,1785635969,62929.52,62939.52,0.0,0,6
1785635970602,1785635970,62929.76,62939.76,0.0,0,6
1785635971609,1785635971,62928.57,62938.57,0.0,0,6
1785635972665,1785635972,62927.99,62937.99,0.0,0,6
1785635973705,1785635973,62928.81,62938.81,0.0,0,6
1785635974707,1785635974,62927.72,62937.72,0.0,0,6
1785635975749,1785635975,62927.63,62937.63,0.0,0,6
1785635976787,1785635976,62927.75,62937.75,0.0,0,6
1785635977813,1785635977,62925.33,62935.33,0.0,0,6
1785635978820,1785635978,62926.0,62936.0,0.0,0,6
1785635979820,1785635979,62927.76,62937.76,0.0,0,6
1785635980898,1785635980,62927.28,62937.28,0.0,0,6
1785635981916,1785635981,62928.31,62938.31,0.0,0,6
1785635982941,1785635982,62928.57,62938.57,0.0,0,6
1785635983390,1785635983,62926.45,62936.45,0.0,0,6
1785635984257,1785635984,62923.4,62933.4,0.0,0,6
1785635985315,1785635985,62923.89,62933.89,0.0,0,6
1785635986322,1785635986,62925.21,62935.21,0.0,0,6
1785635987418,1785635987,62925.48,62935.48,0.0,0,6
1785635987830,1785635987,62923.55,62933.55,0.0,0,6
1785635987872,1785635987,62921.48,62931.48,0.0,0,6
1785635987894,1785635987,62917.69,62927.69,0.0,0,6
1785635987928,1785635987,62915.7,62925.7,0.0,0,6
1785635989053,1785635989,62911.67,62921.67,0.0,0,6
1785635990062,1785635990,62911.7,62921.7,0.0,0,6
1785635991065,1785635991,62911.72,62921.72,0.0,0,6
1785635992077,1785635992,62911.75,62921.75,0.0,0,6
1785635993079,1785635993,62916.0,62926.0,0.0,0,6
1785635993257,1785635993,62914.01,62924.01,0.0,0,6
1785635994275,1785635994,62917.71,62927.71,0.0,0,6
1785635995303,1785635995,62917.64,62927.64,0.0,0,6
1785635996385,1785635996,62917.12,62927.12,0.0,0,6
1785635997429,1785635997,62912.67,62922.67,0.0,0,6
1785635998431,1785635998,62915.3,62925.3,0.0,0,6
1785635999439,1785635999,62918.19,62928.19,0.0,0,6
1785636000440,1785636000,62915.81,62925.81,0.0,0,6
1785636001480,1785636001,62914.71,62924.71,0.0,0,6
1785636002494,1785636002,62915.07,62925.07,0.0,0,6
1785636003512,1785636003,62914.03,62924.03,0.0,0,6
1785636004515,1785636004,62913.68,62923.68,0.0,0,6
1785636005546,1785636005,62915.31,62925.31,0.0,0,6
1785636006618,1785636006,62914.8,62924.8,0.0,0,6
1785636007630,1785636007,62913.87,62923.87,0.0,0,6
1785636008817,1785636008,62910.7,62920.7,0.0,0,6
1785636009846,1785636009,62910.72,62920.72,0.0,0,6
1785636010881,1785636010,62911.83,62921.83,0.0,0,6
1785636011915,1785636011,62914.88,62924.88,0.0,0,6
1785636012915,1785636012,62916.46,62926.46,0.0,0,6
1785636013917,1785636013,62914.99,62924.99,0.0,0,6
1785636014948,1785636014,62915.01,62925.01,0.0,0,6
1785636015956,1785636015,62915.03,62925.03,0.0,0,6
1785636017073,1785636017,62915.05,62925.05,0.0,0,6
1785636018111,1785636018,62915.07,62925.07,0.0,0,6
1785636019143,1785636019,62915.09,62925.09,0.0,0,6
1785636020165,1785636020,62916.71,62926.71,0.0,0,6
1785636021207,1785636021,62917.56,62927.56,0.0,0,6
1785636022232,1785636022,62922.88,62932.88,0.0,0,6
1785636023267,1785636023,62923.16,62933.16,0.0,0,6
1785636024335,1785636024,62923.18,62933.18,0.0,0,6
1785636025336,1785636025,62923.19,62933.19,0.0,0,6
1785636026443,1785636026,62922.47,62932.47,0.0,0,6
1785636027447,1785636027,62923.23,62933.23,0.0,0,6
1785636028447,1785636028,62923.24,62933.24,0.0,0,6
1785636029450,1785636029,62923.26,62933.26,0.0,0,6
1785636030456,1785636030,62923.28,62933.28,0.0,0,6
1785636031493,1785636031,62923.16,62933.16,0.0,0,6
1785636032496,1785636032,62919.97,62929.97,0.0,0,6
1785636033537,1785636033,62918.43,62928.43,0.0,0,6
1785636034569,1785636034,62917.07,62927.07,0.0,0,6
1785636035630,1785636035,62915.36,62925.36,0.0,0,6
1785636036687,1785636036,62915.37,62925.37,0.0,0,6
1785636037692,1785636037,62916.01,62926.01,0.0,0,6
1785636038726,1785636038,62919.4,62929.4,0.0,0,6
1785636039729,1785636039,62922.5,62932.5,0.0,0,6
1785636040812,1785636040,62923.01,62933.01,0.0,0,6
1785636041895,1785636041,62922.87,62932.87,0.0,0,6
1785636042897,1785636042,62923.45,62933.45,0.0,0,6
1785636043999,1785636043,62920.78,62930.78,0.0,0,6
1785636045029,1785636045,62920.0,62930.0,0.0,0,6
1785636046278,1785636046,62922.16,62932.16,0.0,0,6
1785636047288,1785636047,62923.24,62933.24,0.0,0,6
1785636048335,1785636048,62920.9,62930.9,0.0,0,6
1785636049351,1785636049,62921.8,62931.8,0.0,0,6
1785636050140,1785636050,62915.98,62925.98,0.0,0,6
1785636050204,1785636050,62914.68,62924.68,0.0,0,6
1785636051222,1785636051,62914.7,62924.7,0.0,0,6
1785636052319,1785636052,62915.34,62925.34,0.0,0,6
1785636053381,1785636053,62914.58,62924.58,0.0,0,6
1785636054437,1785636054,62917.05,62927.05,0.0,0,6
1785636055480,1785636055,62917.1,62927.1,0.0,0,6
1785636057615,1785636057,62916.01,62926.01,0.0,0,6
1785636058665,1785636058,62913.15,62923.15,0.0,0,6
1785636059696,1785636059,62910.6,62920.6,0.0,0,6
1785636060427,1785636060,62909.15,62919.15,0.0,0,6
1785636060631,1785636060,62906.51,62916.51,0.0,0,6
1785636061820,1785636061,62908.98,62918.98,0.0,0,6
1785636063295,1785636063,62905.03,62915.03,0.0,0,6
1785636064295,1785636064,62905.06,62915.06,0.0,0,6
1785636065411,1785636065,62905.08,62915.08,0.0,0,6
1785636066799,1785636066,62905.14,62915.14,0.0,0,6
1785636067812,1785636067,62905.16,62915.16,0.0,0,6
1785636068815,1785636068,62908.98,62918.98,0.0,0,6
1785636069958,1785636069,62905.8,62915.8,0.0,0,6
1785636071017,1785636071,62906.9,62916.9,0.0,0,6
1785636072020,1785636072,62905.26,62915.26,0.0,0,6
1785636073057,1785636073,62905.29,62915.29,0.0,0,6
1785636074102,1785636074,62905.31,62915.31,0.0,0,6
1785636075157,1785636075,62906.98,62916.98,0.0,0,6
1785636076215,1785636076,62909.01,62919.01,0.0,0,6
1785636077254,1785636077,62909.98,62919.98,0.0,0,6
1785636078283,1785636078,62909.86,62919.86,0.0,0,6
1785636079297,1785636079,62911.02,62921.02,0.0,0,6
1785636080595,1785636080,62910.61,62920.61,0.0,0,6
1785636081604,1785636081,62909.58,62919.58,0.0,0,6
1785636082664,1785636082,62909.6,62919.6,0.0,0,6
1785636083793,1785636083,62909.61,62919.61,0.0,0,6
1785636084852,1785636084,62909.64,62919.64,0.0,0,6
1785636085883,1785636085,62909.66,62919.66,0.0,0,6
1785636086915,1785636086,62911.01,62921.01,0.0,0,6
1785636087924,1785636087,62909.69,62919.69,0.0,0,6
1785636088977,1785636088,62910.46,62920.46,0.0,0,6
1785636090001,1785636090,62909.72,62919.72,0.0,0,6
1785636091037,1785636091,62909.79,62919.79,0.0,0,6
1785636092072,1785636092,62909.75,62919.75,0.0,0,6
1785636092323,1785636092,62905.49,62915.49,0.0,0,6
1785636093322,1785636093,62906.79,62916.79,0.0,0,6
1785636094334,1785636094,62906.92,62916.92,0.0,0,6
1785636095366,1785636095,62909.55,62919.55,0.0,0,6
1785636096382,1785636096,62909.53,62919.53,0.0,0,6
1785636097393,1785636097,62909.49,62919.49,0.0,0,6
1785636098404,1785636098,62909.17,62919.17,0.0,0,6
1785636099430,1785636099,62909.63,62919.63,0.0,0,6
1785636100461,1785636100,62909.52,62919.52,0.0,0,6
1785636101476,1785636101,62909.43,62919.43,0.0,0,6
1785636102490,1785636102,62909.34,62919.34,0.0,0,6
1785636103510,1785636103,62909.27,62919.27,0.0,0,6
1785636104524,1785636104,62909.2,62919.2,0.0,0,6
1785636105540,1785636105,62909.84,62919.84,0.0,0,6
1785636106548,1785636106,62909.83,62919.83,0.0,0,6
1785636107574,1785636107,62909.4,62919.4,0.0,0,6
1785636108588,1785636108,62910.9,62920.9,0.0,0,6
1785636109601,1785636109,62910.33,62920.33,0.0,0,6
1785636110616,1785636110,62910.57,62920.57,0.0,0,6
1785636111631,1785636111,62911.43,62921.43,0.0,0,6
1785636112649,1785636112,62915.94,62925.94,0.0,0,6
1785636113657,1785636113,62915.26,62925.26,0.0,0,6
1785636114683,1785636114,62912.47,62922.47,0.0,0,6
1785636115688,1785636115,62914.54,62924.54,0.0,0,6
1785636116714,1785636116,62914.68,62924.68,0.0,0,6
1785636117730,1785636117,62915.55,62925.55,0.0,0,6
1785636118748,1785636118,62914.18,62924.18,0.0,0,6
1785636119097,1785636119,62911.63,62921.63,0.0,0,6
1785636120218,1785636120,62908.21,62918.21,0.0,0,6
1785636121888,1785636121,62913.47,62923.47,0.0,0,6
1785636122896,1785636122,62912.01,62922.01,0.0,0,6
1785636124030,1785636124,62911.36,62921.36,0.0,0,6
1785636125052,1785636125,62908.7,62918.7,0.0,0,6
1785636126163,1785636126,62910.13,62920.13,0.0,0,6
1785636127174,1785636127,62909.98,62919.98,0.0,0,6
1785636128392,1785636128,62911.14,62921.14,0.0,0,6
1785636129411,1785636129,62912.14,62922.14,0.0,0,6
1785636130424,1785636130,62913.95,62923.95,0.0,0,6
1785636131440,1785636131,62914.43,62924.43,0.0,0,6
1785636132455,1785636132,62914.12,62924.12,0.0,0,6
1785636134520,1785636134,62916.66,62926.66,0.0,0,6
1785636135546,1785636135,62911.82,62921.82,0.0,0,6
1785636136555,1785636136,62911.05,62921.05,0.0,0,6
1785636137575,1785636137,62913.77,62923.77,0.0,0,6
1785636138576,1785636138,62914.12,62924.12,0.0,0,6
1785636139586,1785636139,62913.98,62923.98,0.0,0,6
1785636140623,1785636140,62913.54,62923.54,0.0,0,6
1785636141627,1785636141,62915.07,62925.07,0.0,0,6
1785636142657,1785636142,62913.48,62923.48,0.0,0,6
1785636143662,1785636143,62912.86,62922.86,0.0,0,6
1785636144675,1785636144,62909.7,62919.7,0.0,0,6
1785636146699,1785636146,62909.71,62919.71,0.0,0,6
1785636147749,1785636147,62909.93,62919.93,0.0,0,6
1785636148767,1785636148,62910.73,62920.73,0.0,0,6
1785636149782,1785636149,62910.53,62920.53,0.0,0,6
1785636150783,1785636150,62910.72,62920.72,0.0,0,6
1785636151808,1785636151,62917.73,62927.73,0.0,0,6
1785636153839,1785636153,62917.55,62927.55,0.0,0,6
1785636154856,1785636154,62917.4,62927.4,0.0,0,6
1785636155869,1785636155,62917.34,62927.34,0.0,0,6
1785636156890,1785636156,62916.75,62926.75,0.0,0,6
1785636157904,1785636157,62914.66,62924.66,0.0,0,6
1785636158923,1785636158,62913.49,62923.49,0.0,0,6
1785636159930,1785636159,62912.79,62922.79,0.0,0,6
1785636160947,1785636160,62912.55,62922.55,0.0,0,6
1785636161964,1785636161,62912.19,62922.19,0.0,0,6
1785636163000,1785636163,62912.68,62922.68,0.0,0,6
1785636164032,1785636164,62913.97,62923.97,0.0,0,6
1785636164218,1785636164,62909.51,62919.51,0.0,0,6
1785636165222,1785636165,62911.7,62921.7,0.0,0,6
1785636166227,1785636166,62912.14,62922.14,0.0,0,6
1785636167235,1785636167,62912.6,62922.6,0.0,0,6
1785636168295,1785636168,62910.5,62920.5,0.0,0,6
1785636169358,1785636169,62911.59,62921.59,0.0,0,6
1785636170371,1785636170,62912.67,62922.67,0.0,0,6
1785636171417,1785636171,62914.9,62924.9,0.0,0,6
1785636172440,1785636172,62913.89,62923.89,0.0,0,6
1785636173509,1785636173,62914.47,62924.47,0.0,0,6
1785636173588,1785636173,62910.33,62920.33,0.0,0,6
1785636174591,1785636174,62910.96,62920.96,0.0,0,6
1785636175604,1785636175,62911.04,62921.04,0.0,0,6
1785636176696,1785636176,62910.18,62920.18,0.0,0,6
1785636177720,1785636177,62911.83,62921.83,0.0,0,6
1785636178780,1785636178,62912.69,62922.69,0.0,0,6
1785636179867,1785636179,62912.87,62922.87,0.0,0,6
1785636180878,1785636180,62912.88,62922.88,0.0,0,6
1785636181891,1785636181,62912.9,62922.9,0.0,0,6
1785636182892,1785636182,62912.91,62922.91,0.0,0,6
1785636183916,1785636183,62912.92,62922.92,0.0,0,6
1785636185088,1785636185,62912.93,62922.93,0.0,0,6
1785636186251,1785636186,62912.95,62922.95,0.0,0,6
1785636187366,1785636187,62914.16,62924.16,0.0,0,6
1785636188430,1785636188,62915.96,62925.96,0.0,0,6
1785636189431,1785636189,62917.1,62927.1,0.0,0,6
1785636189751,1785636189,62911.78,62921.78,0.0,0,6
1785636189823,1785636189,62910.09,62920.09,0.0,0,6
1785636190420,1785636190,62908.34,62918.34,0.0,0,6
1785636190454,1785636190,62905.59,62915.59,0.0,0,6
1785636190634,1785636190,62904.0,62914.0,0.0,0,6
1785636191645,1785636191,62902.08,62912.08,0.0,0,6
1785636192661,1785636192,62902.37,62912.37,0.0,0,6
1785636193692,1785636193,62903.55,62913.55,0.0,0,6
1785636193818,1785636193,62902.05,62912.05,0.0,0,6
1785636194893,1785636194,62902.1,62912.1,0.0,0,6
1785636195133,1785636195,62899.52,62909.52,0.0,0,6
1785636195398,1785636195,62889.33,62899.33,0.0,0,6
1785636195408,1785636195,62892.69,62902.69,0.0,0,6
1785636195420,1785636195,62888.65,62898.65,0.0,0,6
1785636196497,1785636196,62895.48,62905.48,0.0,0,6
1785636197497,1785636197,62895.51,62905.51,0.0,0,6
1785636198920,1785636198,62893.17,62903.17,0.0,0,6
1785636199295,1785636199,62891.11,62901.11,0.0,0,6
1785636200297,1785636200,62892.5,62902.5,0.0,0,6
1785636201421,1785636201,62891.34,62901.34,0.0,0,6
1785636202674,1785636202,62887.33,62897.33,0.0,0,6
1785636203676,1785636203,62891.46,62901.46,0.0,0,6
1785636204844,1785636204,62892.38,62902.38,0.0,0,6
1785636205996,1785636205,62890.19,62900.19,0.0,0,6
1785636207214,1785636207,62888.77,62898.77,0.0,0,6
1785636208238,1785636208,62889.77,62899.77,0.0,0,6
1785636208480,1785636208,62887.75,62897.75,0.0,0,6
1785636209918,1785636209,62891.0,62901.0,0.0,0,6
1785636210924,1785636210,62891.04,62901.04,0.0,0,6
1785636211939,1785636211,62886.08,62896.08,0.0,0,6
1785636212967,1785636212,62887.37,62897.37,0.0,0,6
1785636213995,1785636213,62890.3,62900.3,0.0,0,6
1785636214995,1785636214,62887.27,62897.27,0.0,0,6
1785636216090,1785636216,62889.26,62899.26,0.0,0,6
1785636217148,1785636217,62887.57,62897.57,0.0,0,6
1785636218292,1785636218,62886.38,62896.38,0.0,0,6
1785636219334,1785636219,62890.86,62900.86,0.0,0,6
1785636220405,1785636220,62889.38,62899.38,0.0,0,6
1785636221454,1785636221,62887.52,62897.52,0.0,0,6
1785636222396,1785636222,62880.97,62890.97,0.0,0,6
1785636222415,1785636222,62878.52,62888.52,0.0,0,6
1785636223110,1785636223,62883.56,62893.56,0.0,0,6
1785636223121,1785636223,62885.38,62895.38,0.0,0,6
1785636223147,1785636223,62891.02,62901.02,0.0,0,6
1785636223489,1785636223,62894.4,62904.4,0.0,0,6
1785636224664,1785636224,62897.14,62907.14,0.0,0,6
1785636225704,1785636225,62895.61,62905.61,0.0,0,6
1785636226807,1785636226,62897.18,62907.18,0.0,0,6
1785636227844,1785636227,62894.38,62904.38,0.0,0,6
1785636229034,1785636229,62891.01,62901.01,0.0,0,6
1785636230096,1785636230,62893.28,62903.28,0.0,0,6
1785636231495,1785636231,62889.32,62899.32,0.0,0,6
1785636232584,1785636232,62889.36,62899.36,0.0,0,6
1785636233695,1785636233,62892.32,62902.32,0.0,0,6
1785636234896,1785636234,62897.2,62907.2,0.0,0,6
1785636236095,1785636236,62893.94,62903.94,0.0,0,6
1785636237212,1785636237,62895.58,62905.58,0.0,0,6
1785636238327,1785636238,62892.92,62902.92,0.0,0,6
1785636239423,1785636239,62889.53,62899.53,0.0,0,6
1785636240441,1785636240,62889.91,62899.91,0.0,0,6
1785636240702,1785636240,62891.2,62901.2,0.0,0,6
1785636240714,1785636240,62893.09,62903.09,0.0,0,6
1785636240728,1785636240,62894.84,62904.84,0.0,0,6
1785636240773,1785636240,62897.25,62907.25,0.0,0,6
1785636241749,1785636241,62901.89,62911.89,0.0,0,6
1785636242777,1785636242,62904.72,62914.72,0.0,0,6
1785636243806,1785636243,62904.7,62914.7,0.0,0,6
1785636244815,1785636244,62904.67,62914.67,0.0,0,6
1785636245819,1785636245,62903.96,62913.96,0.0,0,6
1785636246837,1785636246,62896.63,62906.63,0.0,0,6
1785636247987,1785636247,62896.61,62906.61,0.0,0,6
1785636249074,1785636249,62897.12,62907.12,0.0,0,6
1785636250193,1785636250,62897.42,62907.42,0.0,0,6
1785636251270,1785636251,62900.14,62910.14,0.0,0,6
1785636252322,1785636252,62900.42,62910.42,0.0,0,6
1785636253347,1785636253,62898.61,62908.61,0.0,0,6
1785636254393,1785636254,62900.25,62910.25,0.0,0,6
1785636255464,1785636255,62899.75,62909.75,0.0,0,6
1785636256526,1785636256,62898.31,62908.31,0.0,0,6
1785636257534,1785636257,62898.62,62908.62,0.0,0,6
1785636258555,1785636258,62899.93,62909.93,0.0,0,6
1785636259574,1785636259,62901.12,62911.12,0.0,0,6
1785636260589,1785636260,62901.92,62911.92,0.0,0,6
1785636261701,1785636261,62903.61,62913.61,0.0,0,6
1785636262708,1785636262,62900.34,62910.34,0.0,0,6
1785636263753,1785636263,62899.24,62909.24,0.0,0,6
1785636264794,1785636264,62898.1,62908.1,0.0,0,6
1785636265806,1785636265,62898.82,62908.82,0.0,0,6
1785636266844,1785636266,62900.05,62910.05,0.0,0,6
1785636267878,1785636267,62900.03,62910.03,0.0,0,6
1785636270047,1785636270,62900.0,62910.0,0.0,0,6
1785636271097,1785636271,62899.98,62909.98,0.0,0,6
1785636272116,1785636272,62899.96,62909.96,0.0,0,6
1785636273270,1785636273,62899.95,62909.95,0.0,0,6
1785636274272,1785636274,62899.93,62909.93,0.0,0,6
1785636275275,1785636275,62899.91,62909.91,0.0,0,6
1785636276284,1785636276,62899.9,62909.9,0.0,0,6
1785636277342,1785636277,62899.88,62909.88,0.0,0,6
1785636278358,1785636278,62899.87,62909.87,0.0,0,6
1785636279375,1785636279,62899.85,62909.85,0.0,0,6
1785636280378,1785636280,62899.84,62909.84,0.0,0,6
1785636281391,1785636281,62899.83,62909.83,0.0,0,6
1785636282394,1785636282,62899.81,62909.81,0.0,0,6
1785636283439,1785636283,62898.6,62908.6,0.0,0,6
1785636284583,1785636284,62898.64,62908.64,0.0,0,6
1785636285583,1785636285,62898.34,62908.34,0.0,0,6
1785636286703,1785636286,62896.3,62906.3,0.0,0,6
1785636287916,1785636287,62895.45,62905.45,0.0,0,6
1785636288969,1785636288,62895.82,62905.82,0.0,0,6
1785636290016,1785636290,62895.46,62905.46,0.0,0,6
1785636291080,1785636291,62893.28,62903.28,0.0,0,6
1785636292209,1785636292,62893.39,62903.39,0.0,0,6
1785636293271,1785636293,62894.03,62904.03,0.0,0,6
1785636294375,1785636294,62894.72,62904.72,0.0,0,6
1785636295394,1785636295,62894.47,62904.47,0.0,0,6
1785636296439,1785636296,62894.08,62904.08,0.0,0,6
1785636297454,1785636297,62892.45,62902.45,0.0,0,6
1785636298481,1785636298,62891.52,62901.52,0.0,0,6
1785636300534,1785636300,62893.93,62903.93,0.0,0,6
1785636301621,1785636301,62896.26,62906.26,0.0,0,6
1785636302749,1785636302,62895.58,62905.58,0.0,0,6
1785636303819,1785636303,62895.61,62905.61,0.0,0,6
1785636304879,1785636304,62893.92,62903.92,0.0,0,6
1785636305882,1785636305,62895.0,62905.0,0.0,0,6
1785636306895,1785636306,62897.04,62907.04,0.0,0,6
1785636307969,1785636307,62899.37,62909.37,0.0,0,6
1785636308980,1785636308,62899.35,62909.35,0.0,0,6
1785636310028,1785636310,62899.34,62909.34,0.0,0,6
1785636311060,1785636311,62899.32,62909.32,0.0,0,6
1785636312122,1785636312,62898.85,62908.85,0.0,0,6
1785636313133,1785636313,62898.98,62908.98,0.0,0,6
1785636314154,1785636314,62897.15,62907.15,0.0,0,6
1785636315222,1785636315,62897.55,62907.55,0.0,0,6
1785636316254,1785636316,62897.07,62907.07,0.0,0,6
1785636316430,1785636316,62895.15,62905.15,0.0,0,6
1785636317481,1785636317,62897.34,62907.34,0.0,0,6
1785636319560,1785636319,62897.12,62907.12,0.0,0,6
1785636320568,1785636320,62895.79,62905.79,0.0,0,6
1785636321674,1785636321,62896.15,62906.15,0.0,0,6
1785636322749,1785636322,62893.81,62903.81,0.0,0,6
1785636323779,1785636323,62893.0,62903.0,0.0,0,6
1785636324795,1785636324,62889.76,62899.76,0.0,0,6
1785636325795,1785636325,62890.5,62900.5,0.0,0,6
1785636326825,1785636326,62893.25,62903.25,0.0,0,6
1785636327874,1785636327,62894.34,62904.34,0.0,0,6
1785636328995,1785636328,62895.6,62905.6,0.0,0,6
1785636330046,1785636330,62894.86,62904.86,0.0,0,6
1785636331084,1785636331,62894.67,62904.67,0.0,0,6
1785636331530,1785636331,62901.03,62911.03,0.0,0,6
1785636331561,1785636331,62902.68,62912.68,0.0,0,6
1785636331694,1785636331,62906.97,62916.97,0.0,0,6
1785636332697,1785636332,62908.49,62918.49,0.0,0,6
1785636333737,1785636333,62904.97,62914.97,0.0,0,6
1785636334738,1785636334,62900.45,62910.45,0.0,0,6
1785636335838,1785636335,62900.43,62910.43,0.0,0,6
1785636336878,1785636336,62900.41,62910.41,0.0,0,6
1785636337898,1785636337,62902.9,62912.9,0.0,0,6
1785636338926,1785636338,62907.37,62917.37,0.0,0,6
1785636339962,1785636339,62908.36,62918.36,0.0,0,6
1785636342163,1785636342,62908.09,62918.09,0.0,0,6
1785636343061,1785636343,62906.02,62916.02,0.0,0,6
1785636343073,1785636343,62907.87,62917.87,0.0,0,6
1785636343110,1785636343,62909.48,62919.48,0.0,0,6
1785636343139,1785636343,62910.92,62920.92,0.0,0,6
1785636343564,1785636343,62915.85,62925.85,0.0,0,6
1785636344571,1785636344,62914.86,62924.86,0.0,0,6
1785636344805,1785636344,62917.87,62927.87,0.0,0,6
1785636344818,1785636344,62920.91,62930.91,0.0,0,6
1785636345864,1785636345,62923.67,62933.67,0.0,0,6
1785636345890,1785636345,62926.39,62936.39,0.0,0,6
1785636346984,1785636346,62922.85,62932.85,0.0,0,6
1785636348024,1785636348,62923.26,62933.26,0.0,0,6
1785636349104,1785636349,62918.66,62928.66,0.0,0,6
1785636350144,1785636350,62922.61,62932.61,0.0,0,6
1785636351146,1785636351,62921.99,62931.99,0.0,0,6
1785636352273,1785636352,62926.08,62936.08,0.0,0,6
1785636353300,1785636353,62925.34,62935.34,0.0,0,6
1785636354404,1785636354,62926.54,62936.54,0.0,0,6
1785636355475,1785636355,62926.51,62936.51,0.0,0,6
1785636356525,1785636356,62926.48,62936.48,0.0,0,6
1785636357584,1785636357,62926.46,62936.46,0.0,0,6
1785636358614,1785636358,62926.43,62936.43,0.0,0,6
1785636359615,1785636359,62926.4,62936.4,0.0,0,6
1785636360674,1785636360,62924.05,62934.05,0.0,0,6
1785636361814,1785636361,62924.66,62934.66,0.0,0,6
1785636362499,1785636362,62924.85,62934.85,0.0,0,6
1785636362512,1785636362,62918.43,62928.43,0.0,0,6
1785636362604,1785636362,62916.22,62926.22,0.0,0,6
1785636363654,1785636363,62918.06,62928.06,0.0,0,6
1785636365025,1785636365,62918.05,62928.05,0.0,0,6
1785636366105,1785636366,62918.04,62928.04,0.0,0,6
1785636366510,1785636366,62925.74,62935.74,0.0,0,6
1785636367884,1785636367,62926.4,62936.4,0.0,0,6
1785636369096,1785636369,62926.35,62936.35,0.0,0,6
1785636370199,1785636370,62926.31,62936.31,0.0,0,6
1785636371695,1785636371,62926.27,62936.27,0.0,0,6
1785636372776,1785636372,62926.21,62936.21,0.0,0,6
1785636374915,1785636374,62924.18,62934.18,0.0,0,6
1785636375956,1785636375,62923.39,62933.39,0.0,0,6
1785636377096,1785636377,62922.37,62932.37,0.0,0,6
1785636378194,1785636378,62923.66,62933.66,0.0,0,6
1785636379295,1785636379,62918.03,62928.03,0.0,0,6
1785636380445,1785636380,62917.99,62927.99,0.0,0,6
1785636380752,1785636380,62924.88,62934.88,0.0,0,6
1785636380764,1785636380,62930.47,62940.47,0.0,0,6
1785636380830,1785636380,62933.79,62943.79,0.0,0,6
1785636380877,1785636380,62935.17,62945.17,0.0,0,6
1785636381880,1785636381,62936.87,62946.87,0.0,0,6
1785636382884,1785636382,62934.86,62944.86,0.0,0,6
1785636383935,1785636383,62936.46,62946.46,0.0,0,6
1785636384973,1785636384,62941.43,62951.43,0.0,0,6
1785636385994,1785636385,62942.81,62952.81,0.0,0,6
1785636387045,1785636387,62942.79,62952.79,0.0,0,6
1785636388074,1785636388,62942.42,62952.42,0.0,0,6
1785636389094,1785636389,62942.75,62952.75,0.0,0,6
1785636389875,1785636389,62940.25,62950.25,0.0,0,6
1785636389891,1785636389,62941.81,62951.81,0.0,0,6
1785636390009,1785636390,62944.42,62954.42,0.0,0,6
1785636390009,1785636390,62945.81,62955.81,0.0,0,6
1785636390056,1785636390,62947.39,62957.39,0.0,0,6
1785636391264,1785636391,62945.19,62955.19,0.0,0,6
1785636392276,1785636392,62951.49,62961.49,0.0,0,6
1785636393278,1785636393,62947.16,62957.16,0.0,0,6
1785636394419,1785636394,62943.86,62953.86,0.0,0,6
1785636395429,1785636395,62943.42,62953.42,0.0,0,6
1785636396822,1785636396,62937.33,62947.33,0.0,0,6
1785636397391,1785636397,62946.41,62956.41,0.0,0,6
1785636397497,1785636397,62947.95,62957.95,0.0,0,6
1785636398524,1785636398,62950.42,62960.42,0.0,0,6
1785636399623,1785636399,62948.26,62958.26,0.0,0,6
1785636399694,1785636399,62965.25,62975.25,0.0,0,6
1785636399707,1785636399,62961.89,62971.89,0.0,0,6
1785636399721,1785636399,62971.25,62981.25,0.0,0,6
1785636399736,1785636399,62973.85,62983.85,0.0,0,6
1785636399757,1785636399,62980.0,62990.0,0.0,0,6
1785636399787,1785636399,62986.67,62996.67,0.0,0,6
1785636399793,1785636399,62988.0,62998.0,0.0,0,6
1785636399842,1785636399,62990.02,63000.02,0.0,0,6
1785636399858,1785636399,62992.9,63002.9,0.0,0,6
1785636399870,1785636399,62989.55,62999.55,0.0,0,6
1785636399896,1785636399,62992.31,63002.31,0.0,0,6
1785636399910,1785636399,62994.67,63004.67,0.0,0,6
1785636399942,1785636399,62999.2,63009.2,0.0,0,6
1785636399979,1785636399,62996.24,63006.24,0.0,0,6
1785636400042,1785636400,63004.55,63014.55,0.0,0,6
1785636400064,1785636400,63007.58,63017.58,0.0,0,6
1785636400074,1785636400,63004.59,63014.59,0.0,0,6
1785636400105,1785636400,63007.8,63017.8,0.0,0,6
1785636400548,1785636400,62999.4,63009.4,0.0,0,6
1785636400559,1785636400,62996.95,63006.95,0.0,0,6
1785636400618,1785636400,62991.26,63001.26,0.0,0,6
1785636401704,1785636401,62990.62,63000.62,0.0,0,6
1785636401942,1785636401,62987.84,62997.84,0.0,0,6
1785636401967,1785636401,62985.52,62995.52,0.0,0,6
1785636402170,1785636402,62981.77,62991.77,0.0,0,6
1785636403344,1785636403,62984.29,62994.29,0.0,0,6
1785636404103,1785636404,63003.1,63013.1,0.0,0,6
1785636404119,1785636404,63007.68,63017.68,0.0,0,6
1785636404155,1785636404,63015.99,63025.99,0.0,0,6
1785636404922,1785636404,63018.17,63028.17,0.0,0,6
1785636404933,1785636404,63024.04,63034.04,0.0,0,6
1785636404954,1785636404,63026.58,63036.58,0.0,0,6
1785636404977,1785636404,63027.92,63037.92,0.0,0,6
1785636405009,1785636405,63041.91,63051.91,0.0,0,6
1785636405054,1785636405,63049.8,63059.8,0.0,0,6
1785636405080,1785636405,63046.55,63056.55,0.0,0,6
1785636405091,1785636405,63044.28,63054.28,0.0,0,6
1785636405139,1785636405,63040.55,63050.55,0.0,0,6
1785636405600,1785636405,63036.77,63046.77,0.0,0,6
1785636405610,1785636405,63034.0,63044.0,0.0,0,6
1785636406162,1785636406,63050.85,63060.85,0.0,0,6
1785636406178,1785636406,63052.4,63062.4,0.0,0,6
1785636406191,1785636406,63062.35,63072.35,0.0,0,6
1785636406203,1785636406,63069.23,63079.23,0.0,0,6
1785636406333,1785636406,63061.73,63071.73,0.0,0,6
1785636406370,1785636406,63070.88,63080.88,0.0,0,6
1785636406409,1785636406,63072.33,63082.33,0.0,0,6
1785636406421,1785636406,63076.38,63086.38,0.0,0,6
1785636406432,1785636406,63073.88,63083.88,0.0,0,6
1785636406454,1785636406,63078.28,63088.28,0.0,0,6
1785636406466,1785636406,63070.99,63080.99,0.0,0,6
1785636406526,1785636406,63083.12,63093.12,0.0,0,6
1785636406541,1785636406,63092.53,63102.53,0.0,0,6
1785636406782,1785636406,63091.17,63101.17,0.0,0,6
1785636406827,1785636406,63089.27,63099.27,0.0,0,6
1785636406836,1785636406,63081.16,63091.16,0.0,0,6
1785636406875,1785636406,63091.9,63101.9,0.0,0,6
1785636406885,1785636406,63081.13,63091.13,0.0,0,6
1785636406917,1785636406,63078.86,63088.86,0.0,0,6
1785636406929,1785636406,63077.27,63087.27,0.0,0,6
1785636407048,1785636407,63072.67,63082.67,0.0,0,6
1785636407068,1785636407,63069.46,63079.46,0.0,0,6
1785636407080,1785636407,63068.01,63078.01,0.0,0,6
1785636407251,1785636407,63064.32,63074.32,0.0,0,6
1785636407282,1785636407,63062.65,63072.65,0.0,0,6
1785636407584,1785636407,63064.61,63074.61,0.0,0,6
1785636407630,1785636407,63061.54,63071.54,0.0,0,6
1785636408560,1785636408,63066.22,63076.22,0.0,0,6
1785636409375,1785636409,63069.03,63079.03,0.0,0,6
1785636409387,1785636409,63072.53,63082.53,0.0,0,6
1785636409396,1785636409,63083.02,63093.02,0.0,0,6
1785636409410,1785636409,63091.4,63101.4,0.0,0,6
1785636409423,1785636409,63093.22,63103.22,0.0,0,6
1785636409548,1785636409,63095.71,63105.71,0.0,0,6
1785636409561,1785636409,63099.16,63109.16,0.0,0,6
1785636409688,1785636409,63091.75,63101.75,0.0,0,6
1785636409753,1785636409,63098.3,63108.3,0.0,0,6
1785636410110,1785636410,63091.52,63101.52,0.0,0,6
1785636410121,1785636410,63089.63,63099.63,0.0,0,6
1785636410131,1785636410,63083.18,63093.18,0.0,0,6
1785636410158,1785636410,63081.88,63091.88,0.0,0,6
1785636410573,1785636410,63091.08,63101.08,0.0,0,6
1785636410594,1785636410,63092.78,63102.78,0.0,0,6
1785636410814,1785636410,63094.98,63104.98,0.0,0,6
1785636410826,1785636410,63096.24,63106.24,0.0,0,6
1785636410839,1785636410,63097.74,63107.74,0.0,0,6
1785636410975,1785636410,63096.23,63106.23,0.0,0,6
1785636410986,1785636410,63092.27,63102.27,0.0,0,6
1785636411127,1785636411,63098.09,63108.09,0.0,0,6
1785636411219,1785636411,63101.24,63111.24,0.0,0,6
1785636412224,1785636412,63098.0,63108.0,0.0,0,6
1785636412662,1785636412,63099.31,63109.31,0.0,0,6
1785636412824,1785636412,63105.29,63115.29,0.0,0,6
1785636413061,1785636413,63120.19,63130.19,0.0,0,6
1785636413085,1785636413,63128.07,63138.07,0.0,0,6
1785636413094,1785636413,63129.91,63139.91,0.0,0,6
1785636413107,1785636413,63132.93,63142.93,0.0,0,6
1785636413125,1785636413,63139.33,63149.33,0.0,0,6
1785636413141,1785636413,63135.68,63145.68,0.0,0,6
1785636413155,1785636413,63159.85,63169.85,0.0,0,6
1785636413165,1785636413,63144.34,63154.34,0.0,0,6
1785636413190,1785636413,63142.54,63152.54,0.0,0,6
1785636413321,1785636413,63145.79,63155.79,0.0,0,6
1785636413332,1785636413,63147.24,63157.24,0.0,0,6
1785636413342,1785636413,63149.17,63159.17,0.0,0,6
1785636413364,1785636413,63160.14,63170.14,0.0,0,6
1785636413374,1785636413,63164.76,63174.76,0.0,0,6
1785636413391,1785636413,63159.99,63169.99,0.0,0,6
1785636413402,1785636413,63162.1,63172.1,0.0,0,6
1785636413413,1785636413,63174.85,63184.85,0.0,0,6
1785636413434,1785636413,63179.74,63189.74,0.0,0,6
1785636413455,1785636413,63177.41,63187.41,0.0,0,6
1785636413491,1785636413,63181.16,63191.16,0.0,0,6
1785636413639,1785636413,63179.42,63189.42,0.0,0,6
1785636413661,1785636413,63181.13,63191.13,0.0,0,6
1785636413710,1785636413,63182.63,63192.63,0.0,0,6
1785636413829,1785636413,63179.06,63189.06,0.0,0,6
1785636413843,1785636413,63180.72,63190.72,0.0,0,6
1785636413856,1785636413,63172.69,63182.69,0.0,0,6
1785636413878,1785636413,63167.33,63177.33,0.0,0,6
1785636413986,1785636413,63162.37,63172.37,0.0,0,6
1785636414026,1785636414,63165.82,63175.82,0.0,0,6
1785636414330,1785636414,63172.08,63182.08,0.0,0,6
1785636414414,1785636414,63161.61,63171.61,0.0,0,6
1785636414425,1785636414,63159.47,63169.47,0.0,0,6
1785636414437,1785636414,63155.98,63165.98,0.0,0,6
1785636414449,1785636414,63153.29,63163.29,0.0,0,6
1785636415453,1785636415,63153.24,63163.24,0.0,0,6
1785636415673,1785636415,63151.82,63161.82,0.0,0,6
1785636415683,1785636415,63150.1,63160.1,0.0,0,6
1785636416251,1785636416,63167.15,63177.15,0.0,0,6
1785636416358,1785636416,63169.27,63179.27,0.0,0,6
1785636416399,1785636416,63173.01,63183.01,0.0,0,6
1785636416427,1785636416,63174.3,63184.3,0.0,0,6
1785636416483,1785636416,63175.64,63185.64,0.0,0,6
1785636416503,1785636416,63180.26,63190.26,0.0,0,6
1785636416520,1785636416,63181.93,63191.93,0.0,0,6
1785636416573,1785636416,63188.5,63198.5,0.0,0,6
1785636416586,1785636416,63190.54,63200.54,0.0,0,6
1785636416603,1785636416,63197.34,63207.34,0.0,0,6
1785636416651,1785636416,63192.98,63202.98,0.0,0,6
1785636416662,1785636416,63191.49,63201.49,0.0,0,6
1785636416798,1785636416,63193.04,63203.04,0.0,0,6
1785636416817,1785636416,63197.32,63207.32,0.0,0,6
1785636417126,1785636417,63198.57,63208.57,0.0,0,6
1785636417173,1785636417,63200.51,63210.51,0.0,0,6
1785636417201,1785636417,63203.2,63213.2,0.0,0,6
1785636417276,1785636417,63204.61,63214.61,0.0,0,6
1785636417292,1785636417,63206.5,63216.5,0.0,0,6
1785636417309,1785636417,63208.85,63218.85,0.0,0,6
1785636417376,1785636417,63205.94,63215.94,0.0,0,6
1785636417420,1785636417,63199.71,63209.71,0.0,0,6
1785636417449,1785636417,63203.53,63213.53,0.0,0,6
1785636417604,1785636417,63196.48,63206.48,0.0,0,6
1785636418250,1785636418,63188.72,63198.72,0.0,0,6
1785636418273,1785636418,63186.11,63196.11,0.0,0,6
1785636418298,1785636418,63183.13,63193.13,0.0,0,6
1785636418381,1785636418,63181.31,63191.31,0.0,0,6
1785636418430,1785636418,63178.59,63188.59,0.0,0,6
1785636418454,1785636418,63176.27,63186.27,0.0,0,6
1785636418474,1785636418,63174.12,63184.12,0.0,0,6
1785636418601,1785636418,63180.88,63190.88,0.0,0,6
1785636418645,1785636418,63182.21,63192.21,0.0,0,6
1785636418663,1785636418,63189.54,63199.54,0.0,0,6
1785636418685,1785636418,63196.06,63206.06,0.0,0,6
1785636418909,1785636418,63199.47,63209.47,0.0,0,6
1785636418940,1785636418,63194.73,63204.73,0.0,0,6
1785636419115,1785636419,63196.04,63206.04,0.0,0,6
1785636419140,1785636419,63200.46,63210.46,0.0,0,6
1785636419286,1785636419,63204.48,63214.48,0.0,0,6
1785636419308,1785636419,63205.98,63215.98,0.0,0,6
1785636419435,1785636419,63203.85,63213.85,0.0,0,6
1785636419453,1785636419,63202.2,63212.2,0.0,0,6
1785636419464,1785636419,63200.65,63210.65,0.0,0,6
1785636419474,1785636419,63197.78,63207.78,0.0,0,6
1785636419485,1785636419,63193.4,63203.4,0.0,0,6
1785636419495,1785636419,63191.73,63201.73,0.0,0,6
1785636419517,1785636419,63189.2,63199.2,0.0,0,6
1785636419540,1785636419,63185.32,63195.32,0.0,0,6
1785636419708,1785636419,63182.24,63192.24,0.0,0,6
1785636419840,1785636419,63179.54,63189.54,0.0,0,6
1785636419863,1785636419,63177.04,63187.04,0.0,0,6
1785636419950,1785636419,63173.65,63183.65,0.0,0,6
1785636420135,1785636420,63187.45,63197.45,0.0,0,6
1785636420549,1785636420,63190.03,63200.03,0.0,0,6
1785636420569,1785636420,63184.07,63194.07,0.0,0,6
1785636420581,1785636420,63181.94,63191.94,0.0,0,6
1785636420603,1785636420,63178.07,63188.07,0.0,0,6
1785636421076,1785636421,63176.46,63186.46,0.0,0,6
1785636421612,1785636421,63177.73,63187.73,0.0,0,6
1785636421624,1785636421,63185.69,63195.69,0.0,0,6
1785636421642,1785636421,63190.38,63200.38,0.0,0,6
1785636421686,1785636421,63195.45,63205.45,0.0,0,6
1785636421709,1785636421,63201.84,63211.84,0.0,0,6
1785636421746,1785636421,63199.96,63209.96,0.0,0,6
1785636421759,1785636421,63205.85,63215.85,0.0,0,6
1785636421841,1785636421,63208.43,63218.43,0.0,0,6
1785636422075,1785636422,63205.39,63215.39,0.0,0,6
1785636422097,1785636422,63200.89,63210.89,0.0,0,6
1785636422108,1785636422,63193.98,63203.98,0.0,0,6
1785636422120,1785636422,63192.18,63202.18,0.0,0,6
1785636423116,1785636423,63191.61,63201.61,0.0,0,6
1785636423332,1785636423,63195.87,63205.87,0.0,0,6
1785636423347,1785636423,63198.49,63208.49,0.0,0,6
1785636423363,1785636423,63204.62,63214.62,0.0,0,6
1785636423418,1785636423,63207.35,63217.35,0.0,0,6
1785636424034,1785636424,63203.93,63213.93,0.0,0,6
1785636424144,1785636424,63195.42,63205.42,0.0,0,6
1785636424379,1785636424,63192.81,63202.81,0.0,0,6
1785636424463,1785636424,63190.74,63200.74,0.0,0,6
1785636424520,1785636424,63186.86,63196.86,0.0,0,6
1785636424553,1785636424,63184.71,63194.71,0.0,0,6
1785636424580,1785636424,63183.28,63193.28,0.0,0,6
1785636424601,1785636424,63179.68,63189.68,0.0,0,6
1785636424617,1785636424,63177.06,63187.06,0.0,0,6
1785636424650,1785636424,63179.63,63189.63,0.0,0,6
1785636424683,1785636424,63188.52,63198.52,0.0,0,6
1785636425324,1785636425,63194.58,63204.58,0.0,0,6
1785636425426,1785636425,63191.97,63201.97,0.0,0,6
1785636425464,1785636425,63183.96,63193.96,0.0,0,6
1785636425923,1785636425,63181.96,63191.96,0.0,0,6
1785636426040,1785636426,63179.56,63189.56,0.0,0,6
1785636426091,1785636426,63176.26,63186.26,0.0,0,6
1785636427031,1785636427,63175.15,63185.15,0.0,0,6
1785636427063,1785636427,63173.55,63183.55,0.0,0,6
1785636427096,1785636427,63172.26,63182.26,0.0,0,6
1785636427129,1785636427,63169.97,63179.97,0.0,0,6
1785636427206,1785636427,63167.47,63177.47,0.0,0,6
1785636427473,1785636427,63165.28,63175.28,0.0,0,6
1785636427509,1785636427,63163.66,63173.66,0.0,0,6
1785636427520,1785636427,63162.24,63172.24,0.0,0,6
1785636427679,1785636427,63160.59,63170.59,0.0,0,6
1785636427690,1785636427,63158.19,63168.19,0.0,0,6
1785636427787,1785636427,63156.3,63166.3,0.0,0,6
1785636427819,1785636427,63154.6,63164.6,0.0,0,6
1785636428555,1785636428,63154.4,63164.4,0.0,0,6
1785636428568,1785636428,63150.6,63160.6,0.0,0,6
1785636428725,1785636428,63149.2,63159.2,0.0,0,6
1785636428965,1785636428,63145.31,63155.31,0.0,0,6
1785636429140,1785636429,63147.26,63157.26,0.0,0,6
1785636429164,1785636429,63149.25,63159.25,0.0,0,6
1785636429334,1785636429,63147.56,63157.56,0.0,0,6
1785636429388,1785636429,63149.16,63159.16,0.0,0,6
1785636429432,1785636429,63157.75,63167.75,0.0,0,6
1785636429449,1785636429,63159.79,63169.79,0.0,0,6
1785636429461,1785636429,63162.1,63172.1,0.0,0,6
1785636429540,1785636429,63165.11,63175.11,0.0,0,6
1785636429948,1785636429,63166.65,63176.65,0.0,0,6
1785636429962,1785636429,63168.9,63178.9,0.0,0,6
1785636430015,1785636430,63171.45,63181.45,0.0,0,6
1785636430040,1785636430,63172.95,63182.95,0.0,0,6
1785636430095,1785636430,63174.54,63184.54,0.0,0,6
1785636430138,1785636430,63176.64,63186.64,0.0,0,6
1785636430174,1785636430,63177.94,63187.94,0.0,0,6
1785636430210,1785636430,63187.43,63197.43,0.0,0,6
1785636430479,1785636430,63188.82,63198.82,0.0,0,6
1785636430491,1785636430,63190.39,63200.39,0.0,0,6
1785636430508,1785636430,63191.92,63201.92,0.0,0,6
1785636430816,1785636430,63188.85,63198.85,0.0,0,6
1785636431044,1785636431,63191.05,63201.05,0.0,0,6
1785636431074,1785636431,63192.45,63202.45,0.0,0,6
1785636431320,1785636431,63196.81,63206.81,0.0,0,6
1785636431377,1785636431,63201.04,63211.04,0.0,0,6
1785636432271,1785636432,63203.36,63213.36,0.0,0,6
1785636432281,1785636432,63205.45,63215.45,0.0,0,6
1785636433286,1785636433,63205.95,63215.95,0.0,0,6
1785636433409,1785636433,63203.85,63213.85,0.0,0,6
1785636433420,1785636433,63200.75,63210.75,0.0,0,6
1785636433444,1785636433,63194.67,63204.67,0.0,0,6
1785636433583,1785636433,63203.82,63213.82,0.0,0,6
1785636433599,1785636433,63207.34,63217.34,0.0,0,6
1785636434490,1785636434,63196.77,63206.77,0.0,0,6
1785636434510,1785636434,63195.42,63205.42,0.0,0,6
1785636435109,1785636435,63208.6,63218.6,0.0,0,6
1785636435119,1785636435,63212.78,63222.78,0.0,0,6
1785636435129,1785636435,63216.79,63226.79,0.0,0,6
1785636435140,1785636435,63221.81,63231.81,0.0,0,6
1785636435163,1785636435,63223.86,63233.86,0.0,0,6
1785636435191,1785636435,63229.05,63239.05,0.0,0,6
1785636435202,1785636435,63233.34,63243.34,0.0,0,6
1785636435217,1785636435,63237.92,63247.92,0.0,0,6
1785636435226,1785636435,63248.76,63258.76,0.0,0,6
1785636435250,1785636435,63244.29,63254.29,0.0,0,6
1785636435262,1785636435,63247.29,63257.29,0.0,0,6
1785636435284,1785636435,63244.72,63254.72,0.0,0,6
1785636435295,1785636435,63249.33,63259.33,0.0,0,6
1785636435306,1785636435,63252.86,63262.86,0.0,0,6
1785636435318,1785636435,63250.48,63260.48,0.0,0,6
1785636435338,1785636435,63261.6,63271.6,0.0,0,6
1785636435350,1785636435,63259.57,63269.57,0.0,0,6
1785636435361,1785636435,63262.35,63272.35,0.0,0,6
1785636435374,1785636435,63263.86,63273.86,0.0,0,6
1785636435397,1785636435,63267.39,63277.39,0.0,0,6
1785636435424,1785636435,63272.39,63282.39,0.0,0,6
1785636435435,1785636435,63266.75,63276.75,0.0,0,6
1785636435445,1785636435,63275.03,63285.03,0.0,0,6
1785636435490,1785636435,63285.45,63295.45,0.0,0,6
1785636435504,1785636435,63291.44,63301.44,0.0,0,6
1785636435520,1785636435,63293.89,63303.89,0.0,0,6
1785636435576,1785636435,63296.17,63306.17,0.0,0,6
1785636435586,1785636435,63303.84,63313.84,0.0,0,6
1785636435596,1785636435,63293.85,63303.85,0.0,0,6
1785636435607,1785636435,63300.74,63310.74,0.0,0,6
1785636435641,1785636435,63302.34,63312.34,0.0,0,6
1785636435771,1785636435,63299.3,63309.3,0.0,0,6
1785636435784,1785636435,63301.8,63311.8,0.0,0,6
1785636435820,1785636435,63292.92,63302.92,0.0,0,6
1785636435842,1785636435,63286.48,63296.48,0.0,0,6
1785636435855,1785636435,63292.8,63302.8,0.0,0,6
1785636435888,1785636435,63299.11,63309.11,0.0,0,6
1785636435901,1785636435,63289.34,63299.34,0.0,0,6
1785636435935,1785636435,63297.84,63307.84,0.0,0,6
1785636435946,1785636435,63300.28,63310.28,0.0,0,6
1785636436042,1785636436,63298.09,63308.09,0.0,0,6
1785636436054,1785636436,63296.49,63306.49,0.0,0,6
1785636436083,1785636436,63288.08,63298.08,0.0,0,6
1785636436096,1785636436,63286.72,63296.72,0.0,0,6
1785636436210,1785636436,63285.02,63295.02,0.0,0,6
1785636436392,1785636436,63288.97,63298.97,0.0,0,6
1785636436615,1785636436,63287.19,63297.19,0.0,0,6
1785636436637,1785636436,63282.93,63292.93,0.0,0,6
1785636436649,1785636436,63280.64,63290.64,0.0,0,6
1785636436714,1785636436,63277.11,63287.11,0.0,0,6
1785636436811,1785636436,63291.3,63301.3,0.0,0,6
1785636436821,1785636436,63293.61,63303.61,0.0,0,6
1785636436954,1785636436,63290.48,63300.48,0.0,0,6
1785636437063,1785636437,63293.08,63303.08,0.0,0,6
1785636437110,1785636437,63297.95,63307.95,0.0,0,6
1785636437296,1785636437,63299.84,63309.84,0.0,0,6
1785636437575,1785636437,63301.09,63311.09,0.0,0,6
1785636437620,1785636437,63303.02,63313.02,0.0,0,6
1785636437752,1785636437,63304.41,63314.41,0.0,0,6
1785636437780,1785636437,63307.75,63317.75,0.0,0,6
1785636437865,1785636437,63309.48,63319.48,0.0,0,6
1785636437877,1785636437,63310.83,63320.83,0.0,0,6
1785636438116,1785636438,63316.01,63326.01,0.0,0,6
1785636438423,1785636438,63319.22,63329.22,0.0,0,6
1785636438435,1785636438,63321.37,63331.37,0.0,0,6
1785636438457,1785636438,63324.48,63334.48,0.0,0,6
1785636438632,1785636438,63315.06,63325.06,0.0,0,6
1785636438675,1785636438,63313.19,63323.19,0.0,0,6
1785636438731,1785636438,63315.79,63325.79,0.0,0,6
1785636438742,1785636438,63313.95,63323.95,0.0,0,6
1785636438756,1785636438,63312.65,63322.65,0.0,0,6
1785636438794,1785636438,63310.21,63320.21,0.0,0,6
1785636438809,1785636438,63308.41,63318.41,0.0,0,6
1785636438829,1785636438,63305.34,63315.34,0.0,0,6
1785636438845,1785636438,63304.06,63314.06,0.0,0,6
1785636438875,1785636438,63299.56,63309.56,0.0,0,6
1785636438890,1785636438,63298.28,63308.28,0.0,0,6
1785636438899,1785636438,63296.69,63306.69,0.0,0,6
1785636438966,1785636438,63292.05,63302.05,0.0,0,6
1785636438978,1785636438,63290.05,63300.05,0.0,0,6
1785636439025,1785636439,63288.2,63298.2,0.0,0,6
1785636439039,1785636439,63286.06,63296.06,0.0,0,6
1785636439130,1785636439,63283.47,63293.47,0.0,0,6
1785636439153,1785636439,63280.99,63290.99,0.0,0,6
1785636439178,1785636439,63278.18,63288.18,0.0,0,6
1785636439213,1785636439,63276.34,63286.34,0.0,0,6
1785636439543,1785636439,63280.21,63290.21,0.0,0,6
1785636439563,1785636439,63281.8,63291.8,0.0,0,6
1785636439700,1785636439,63279.24,63289.24,0.0,0,6
1785636439710,1785636439,63277.5,63287.5,0.0,0,6
1785636439725,1785636439,63275.12,63285.12,0.0,0,6
1785636439760,1785636439,63272.21,63282.21,0.0,0,6
1785636439785,1785636439,63270.57,63280.57,0.0,0,6
1785636439827,1785636439,63266.79,63276.79,0.0,0,6
1785636440229,1785636440,63264.33,63274.33,0.0,0,6
1785636440314,1785636440,63262.29,63272.29,0.0,0,6
1785636440380,1785636440,63260.76,63270.76,0.0,0,6
1785636440401,1785636440,63259.19,63269.19,0.0,0,6
1785636440415,1785636440,63257.9,63267.9,0.0,0,6
1785636440427,1785636440,63254.36,63264.36,0.0,0,6
1785636440468,1785636440,63252.91,63262.91,0.0,0,6
1785636440489,1785636440,63250.52,63260.52,0.0,0,6
1785636440553,1785636440,63249.02,63259.02,0.0,0,6
1785636440780,1785636440,63253.21,63263.21,0.0,0,6
1785636440792,1785636440,63262.26,63272.26,0.0,0,6
1785636440822,1785636440,63263.78,63273.78,0.0,0,6
1785636441057,1785636441,63255.61,63265.61,0.0,0,6
1785636441076,1785636441,63254.01,63264.01,0.0,0,6
1785636441275,1785636441,63252.66,63262.66,0.0,0,6
1785636441295,1785636441,63251.21,63261.21,0.0,0,6
1785636442027,1785636442,63253.57,63263.57,0.0,0,6
1785636442041,1785636442,63251.28,63261.28,0.0,0,6
1785636442529,1785636442,63248.58,63258.58,0.0,0,6
1785636442626,1785636442,63245.69,63255.69,0.0,0,6
1785636442849,1785636442,63243.89,63253.89,0.0,0,6
1785636442874,1785636442,63242.46,63252.46,0.0,0,6
1785636442894,1785636442,63239.81,63249.81,0.0,0,6
1785636443395,1785636443,63238.93,63248.93,0.0,0,6
1785636443411,1785636443,63237.54,63247.54,0.0,0,6
1785636443899,1785636443,63247.16,63257.16,0.0,0,6
1785636443949,1785636443,63250.8,63260.8,0.0,0,6
1785636443970,1785636443,63252.86,63262.86,0.0,0,6
1785636444074,1785636444,63255.73,63265.73,0.0,0,6
1785636444531,1785636444,63262.13,63272.13,0.0,0,6
1785636444547,1785636444,63266.33,63276.33,0.0,0,6
1785636444673,1785636444,63264.14,63274.14,0.0,0,6
1785636444690,1785636444,63261.89,63271.89,0.0,0,6
1785636444790,1785636444,63266.48,63276.48,0.0,0,6
1785636444800,1785636444,63268.48,63278.48,0.0,0,6
1785636445020,1785636445,63263.28,63273.28,0.0,0,6
1785636445050,1785636445,63261.61,63271.61,0.0,0,6
1785636445277,1785636445,63254.12,63264.12,0.0,0,6
1785636446321,1785636446,63254.01,63264.01,0.0,0,6
1785636446350,1785636446,63264.86,63274.86,0.0,0,6
1785636446406,1785636446,63266.86,63276.86,0.0,0,6
1785636446434,1785636446,63269.48,63279.48,0.0,0,6
1785636447001,1785636447,63270.6,63280.6,0.0,0,6
1785636447012,1785636447,63272.07,63282.07,0.0,0,6
1785636447031,1785636447,63275.65,63285.65,0.0,0,6
1785636447076,1785636447,63281.25,63291.25,0.0,0,6
1785636447095,1785636447,63283.27,63293.27,0.0,0,6
1785636447350,1785636447,63286.51,63296.51,0.0,0,6
1785636447368,1785636447,63288.94,63298.94,0.0,0,6
1785636447383,1785636447,63291.89,63301.89,0.0,0,6
1785636447832,1785636447,63288.82,63298.82,0.0,0,6
1785636447843,1785636447,63292.19,63302.19,0.0,0,6
1785636447867,1785636447,63294.99,63304.99,0.0,0,6
1785636447927,1785636447,63298.19,63308.19,0.0,0,6
1785636448072,1785636448,63301.66,63311.66,0.0,0,6
1785636448083,1785636448,63303.67,63313.67,0.0,0,6
1785636448110,1785636448,63308.35,63318.35,0.0,0,6
1785636448150,1785636448,63310.31,63320.31,0.0,0,6
1785636448179,1785636448,63311.7,63321.7,0.0,0,6
1785636448209,1785636448,63314.72,63324.72,0.0,0,6
1785636448301,1785636448,63316.87,63326.87,0.0,0,6
1785636448365,1785636448,63318.36,63328.36,0.0,0,6
1785636449309,1785636449,63314.8,63324.8,0.0,0,6
1785636449320,1785636449,63306.56,63316.56,0.0,0,6
1785636449572,1785636449,63304.42,63314.42,0.0,0,6
1785636450336,1785636450,63304.51,63314.51,0.0,0,6
1785636450347,1785636450,63306.48,63316.48,0.0,0,6
1785636450375,1785636450,63317.85,63327.85,0.0,0,6
1785636451391,1785636451,63317.29,63327.29,0.0,0,6
1785636451528,1785636451,63319.62,63329.62,0.0,0,6
1785636451549,1785636451,63321.01,63331.01,0.0,0,6
1785636452720,1785636452,63323.14,63333.14,0.0,0,6
1785636453190,1785636453,63325.32,63335.32,0.0,0,6
1785636453199,1785636453,63327.02,63337.02,0.0,0,6
1785636453243,1785636453,63329.16,63339.16,0.0,0,6
1785636454248,1785636454,63329.27,63339.27,0.0,0,6
1785636454264,1785636454,63320.3,63330.3,0.0,0,6
1785636454278,1785636454,63318.81,63328.81,0.0,0,6
1785636454434,1785636454,63313.86,63323.86,0.0,0,6
1785636454690,1785636454,63324.27,63334.27,0.0,0,6
1785636454706,1785636454,63318.77,63328.77,0.0,0,6
1785636454734,1785636454,63317.19,63327.19,0.0,0,6
1785636455744,1785636455,63317.16,63327.16,0.0,0,6
1785636456381,1785636456,63314.96,63324.96,0.0,0,6
1785636456430,1785636456,63313.55,63323.55,0.0,0,6
1785636457441,1785636457,63313.26,63323.26,0.0,0,6
1785636458162,1785636458,63325.85,63335.85,0.0,0,6
1785636458496,1785636458,63323.25,63333.25,0.0,0,6
1785636458800,1785636458,63314.15,63324.15,0.0,0,6
1785636459801,1785636459,63313.44,63323.44,0.0,0,6
1785636459813,1785636459,63320.54,63330.54,0.0,0,6
1785636459874,1785636459,63322.04,63332.04,0.0,0,6
1785636459921,1785636459,63325.84,63335.84,0.0,0,6
1785636461170,1785636461,63328.28,63338.28,0.0,0,6
1785636461220,1785636461,63330.72,63340.72,0.0,0,6
1785636461392,1785636461,63340.65,63350.65,0.0,0,6
1785636461422,1785636461,63344.15,63354.15,0.0,0,6
1785636461439,1785636461,63349.89,63359.89,0.0,0,6
1785636461458,1785636461,63346.48,63356.48,0.0,0,6
1785636461475,1785636461,63347.92,63357.92,0.0,0,6
1785636461660,1785636461,63356.36,63366.36,0.0,0,6
1785636461679,1785636461,63360.96,63370.96,0.0,0,6
1785636461976,1785636461,63359.34,63369.34,0.0,0,6
1785636461995,1785636461,63355.1,63365.1,0.0,0,6
1785636462038,1785636462,63352.51,63362.51,0.0,0,6
1785636462521,1785636462,63349.26,63359.26,0.0,0,6
1785636462587,1785636462,63351.82,63361.82,0.0,0,6
1785636462620,1785636462,63353.31,63363.31,0.0,0,6
1785636462674,1785636462,63354.95,63364.95,0.0,0,6
1785636462878,1785636462,63356.69,63366.69,0.0,0,6
1785636462891,1785636462,63358.79,63368.79,0.0,0,6
1785636462973,1785636462,63356.9,63366.9,0.0,0,6
1785636462989,1785636462,63346.84,63356.84,0.0,0,6
1785636463010,1785636463,63344.39,63354.39,0.0,0,6
1785636463020,1785636463,63342.25,63352.25,0.0,0,6
1785636463084,1785636463,63336.08,63346.08,0.0,0,6
1785636463324,1785636463,63332.69,63342.69,0.0,0,6
1785636463399,1785636463,63329.53,63339.53,0.0,0,6
1785636463973,1785636463,63332.34,63342.34,0.0,0,6
1785636464011,1785636464,63329.81,63339.81,0.0,0,6
1785636464263,1785636464,63328.11,63338.11,0.0,0,6
1785636464275,1785636464,63330.74,63340.74,0.0,0,6
1785636464296,1785636464,63333.76,63343.76,0.0,0,6
1785636464570,1785636464,63339.59,63349.59,0.0,0,6
1785636464628,1785636464,63344.44,63354.44,0.0,0,6
1785636464746,1785636464,63347.87,63357.87,0.0,0,6
1785636464771,1785636464,63349.56,63359.56,0.0,0,6
1785636464786,1785636464,63355.12,63365.12,0.0,0,6
1785636465477,1785636465,63354.8,63364.8,0.0,0,6
1785636465496,1785636465,63357.05,63367.05,0.0,0,6
1785636466501,1785636466,63357.09,63367.09,0.0,0,6
1785636467503,1785636467,63357.13,63367.13,0.0,0,6
1785636467514,1785636467,63358.57,63368.57,0.0,0,6
1785636467527,1785636467,63360.77,63370.77,0.0,0,6
1785636467569,1785636467,63364.61,63374.61,0.0,0,6
1785636467583,1785636467,63367.0,63377.0,0.0,0,6
1785636467605,1785636467,63375.71,63385.71,0.0,0,6
1785636467619,1785636467,63378.94,63388.94,0.0,0,6
1785636467698,1785636467,63381.94,63391.94,0.0,0,6
1785636467721,1785636467,63383.24,63393.24,0.0,0,6
1785636467738,1785636467,63381.85,63391.85,0.0,0,6
1785636467748,1785636467,63385.98,63395.98,0.0,0,6
1785636467789,1785636467,63388.48,63398.48,0.0,0,6
1785636467803,1785636467,63392.49,63402.49,0.0,0,6
1785636467821,1785636467,63387.74,63397.74,0.0,0,6
1785636467846,1785636467,63393.14,63403.14,0.0,0,6
1785636467876,1785636467,63394.99,63404.99,0.0,0,6
1785636467965,1785636467,63393.15,63403.15,0.0,0,6
1785636468021,1785636468,63386.34,63396.34,0.0,0,6
1785636468051,1785636468,63383.51,63393.51,0.0,0,6
1785636468137,1785636468,63381.51,63391.51,0.0,0,6
1785636468154,1785636468,63378.57,63388.57,0.0,0,6
1785636468166,1785636468,63377.24,63387.24,0.0,0,6
1785636468222,1785636468,63373.03,63383.03,0.0,0,6
1785636468366,1785636468,63369.89,63379.89,0.0,0,6
1785636468579,1785636468,63380.19,63390.19,0.0,0,6
1785636469102,1785636469,63393.55,63403.55,0.0,0,6
1785636469410,1785636469,63395.61,63405.61,0.0,0,6
1785636469428,1785636469,63388.97,63398.97,0.0,0,6
1785636469455,1785636469,63387.15,63397.15,0.0,0,6
1785636469467,1785636469,63379.09,63389.09,0.0,0,6
1785636469489,1785636469,63376.47,63386.47,0.0,0,6
1785636469531,1785636469,63374.9,63384.9,0.0,0,6
1785636469545,1785636469,63368.21,63378.21,0.0,0,6
1785636469562,1785636469,63365.31,63375.31,0.0,0,6
1785636469593,1785636469,63362.78,63372.78,0.0,0,6
1785636469749,1785636469,63361.43,63371.43,0.0,0,6
1785636470141,1785636470,63368.94,63378.94,0.0,0,6
1785636470949,1785636470,63365.7,63375.7,0.0,0,6
1785636471105,1785636471,63368.21,63378.21,0.0,0,6
1785636471159,1785636471,63366.57,63376.57,0.0,0,6
1785636471170,1785636471,63365.28,63375.28,0.0,0,6
1785636471219,1785636471,63363.43,63373.43,0.0,0,6
1785636471295,1785636471,63364.81,63374.81,0.0,0,6
1785636471319,1785636471,63361.27,63371.27,0.0,0,6
1785636471431,1785636471,63357.81,63367.81,0.0,0,6
1785636471719,1785636471,63352.44,63362.44,0.0,0,6
1785636471749,1785636471,63348.76,63358.76,0.0,0,6
1785636472044,1785636472,63345.72,63355.72,0.0,0,6
1785636472279,1785636472,63344.22,63354.22,0.0,0,6
1785636472312,1785636472,63342.8,63352.8,0.0,0,6
1785636472375,1785636472,63340.66,63350.66,0.0,0,6
1785636472389,1785636472,63337.02,63347.02,0.0,0,6
1785636472419,1785636472,63332.17,63342.17,0.0,0,6
1785636472475,1785636472,63330.71,63340.71,0.0,0,6
1785636472487,1785636472,63326.89,63336.89,0.0,0,6
1785636472503,1785636472,63323.95,63333.95,0.0,0,6
1785636473025,1785636473,63323.66,63333.66,0.0,0,6
1785636473059,1785636473,63326.95,63336.95,0.0,0,6
1785636473487,1785636473,63336.32,63346.32,0.0,0,6
1785636473499,1785636473,63338.01,63348.01,0.0,0,6
1785636473622,1785636473,63344.81,63354.81,0.0,0,6
1785636473800,1785636473,63349.33,63359.33,0.0,0,6
1785636473811,1785636473,63351.9,63361.9,0.0,0,6
1785636473978,1785636473,63353.5,63363.5,0.0,0,6
1785636474161,1785636474,63357.53,63367.53,0.0,0,6
1785636474182,1785636474,63361.92,63371.92,0.0,0,6
1785636474224,1785636474,63364.28,63374.28,0.0,0,6
1785636474286,1785636474,63368.19,63378.19,0.0,0,6
1785636474390,1785636474,63366.75,63376.75,0.0,0,6
1785636474440,1785636474,63368.25,63378.25,0.0,0,6
1785636474974,1785636474,63374.59,63384.59,0.0,0,6
1785636475096,1785636475,63375.86,63385.86,0.0,0,6
1785636475144,1785636475,63379.78,63389.78,0.0,0,6
1785636475218,1785636475,63383.19,63393.19,0.0,0,6
1785636475231,1785636475,63386.58,63396.58,0.0,0,6
