time_msc,time,bid,ask,last,volume,flags
1785542399249,1785542399,62826.55,62836.55,0.0,0,6
1785542400304,1785542400,62825.17,62835.17,0.0,0,6
1785542401315,1785542401,62822.71,62832.71,0.0,0,6
1785542401372,1785542401,62824.4,62834.4,0.0,0,6
1785542402394,1785542402,62823.05,62833.05,0.0,0,6
1785542402839,1785542402,62824.94,62834.94,0.0,0,6
1785542402884,1785542402,62827.99,62837.99,0.0,0,6
1785542402933,1785542402,62829.53,62839.53,0.0,0,6
1785542403000,1785542403,62831.02,62841.02,0.0,0,6
1785542403049,1785542403,62834.92,62844.92,0.0,0,6
1785542404410,1785542404,62837.31,62847.31,0.0,0,6
1785542405439,1785542405,62833.9,62843.9,0.0,0,6
1785542406507,1785542406,62832.72,62842.72,0.0,0,6
1785542407628,1785542407,62832.58,62842.58,0.0,0,6
1785542408700,1785542408,62835.0,62845.0,0.0,0,6
1785542409553,1785542409,62834.51,62844.51,0.0,0,6
1785542409573,1785542409,62826.2,62836.2,0.0,0,6
1785542410604,1785542410,62820.64,62830.64,0.0,0,6
1785542411605,1785542411,62823.2,62833.2,0.0,0,6
1785542413676,1785542413,62823.3,62833.3,0.0,0,6
1785542415740,1785542415,62823.36,62833.36,0.0,0,6
1785542416964,1785542416,62823.45,62833.45,0.0,0,6
1785542417410,1785542417,62831.65,62841.65,0.0,0,6
1785542418425,1785542418,62831.66,62841.66,0.0,0,6
1785542419425,1785542419,62831.69,62841.69,0.0,0,6
1785542420431,1785542420,62831.7,62841.7,0.0,0,6
1785542421451,1785542421,62831.72,62841.72,0.0,0,6
1785542422463,1785542422,62831.73,62841.73,0.0,0,6
1785542423495,1785542423,62831.74,62841.74,0.0,0,6
1785542424501,1785542424,62831.08,62841.08,0.0,0,6
1785542425506,1785542425,62825.89,62835.89,0.0,0,6
1785542426529,1785542426,62826.79,62836.79,0.0,0,6
1785542427533,1785542427,62829.0,62839.0,0.0,0,6
1785542428609,1785542428,62830.73,62840.73,0.0,0,6
1785542429627,1785542429,62830.43,62840.43,0.0,0,6
1785542430640,1785542430,62829.32,62839.32,0.0,0,6
1785542431670,1785542431,62827.71,62837.71,0.0,0,6
1785542432708,1785542432,62828.92,62838.92,0.0,0,6
1785542433810,1785542433,62830.19,62840.19,0.0,0,6
1785542434819,1785542434,62828.3,62838.3,0.0,0,6
1785542435862,1785542435,62828.88,62838.88,0.0,0,6
1785542436910,1785542436,62830.33,62840.33,0.0,0,6
1785542438020,1785542438,62829.11,62839.11,0.0,0,6
1785542439020,1785542439,62831.88,62841.88,0.0,0,6
1785542440040,1785542440,62831.54,62841.54,0.0,0,6
1785542441106,1785542441,62831.59,62841.59,0.0,0,6
1785542442214,1785542442,62829.98,62839.98,0.0,0,6
1785542443271,1785542443,62828.72,62838.72,0.0,0,6
1785542444365,1785542444,62830.13,62840.13,0.0,0,6
1785542445389,1785542445,62827.38,62837.38,0.0,0,6
1785542446399,1785542446,62829.7,62839.7,0.0,0,6
1785542447344,1785542447,62831.21,62841.21,0.0,0,6
1785542448354,1785542448,62832.19,62842.19,0.0,0,6
1785542449399,1785542449,62832.08,62842.08,0.0,0,6
1785542450429,1785542450,62832.22,62842.22,0.0,0,6
1785542451499,1785542451,62832.07,62842.07,0.0,0,6
1785542452550,1785542452,62832.27,62842.27,0.0,0,6
1785542453640,1785542453,62832.3,62842.3,0.0,0,6
1785542454650,1785542454,62830.74,62840.74,0.0,0,6
1785542455689,1785542455,62831.42,62841.42,0.0,0,6
1785542456780,1785542456,62829.03,62839.03,0.0,0,6
1785542457809,1785542457,62827.44,62837.44,0.0,0,6
1785542458837,1785542458,62827.98,62837.98,0.0,0,6
1785542459879,1785542459,62826.06,62836.06,0.0,0,6
1785542460929,1785542460,62827.13,62837.13,0.0,0,6
1785542461969,1785542461,62828.64,62838.64,0.0,0,6
1785542463190,1785542463,62832.4,62842.4,0.0,0,6
1785542464236,1785542464,62831.49,62841.49,0.0,0,6
1785542465244,1785542465,62831.84,62841.84,0.0,0,6
1785542466274,1785542466,62830.33,62840.33,0.0,0,6
1785542467283,1785542467,62827.7,62837.7,0.0,0,6
1785542468320,1785542468,62828.57,62838.57,0.0,0,6
1785542469374,1785542469,62827.49,62837.49,0.0,0,6
1785542470381,1785542470,62828.0,62838.0,0.0,0,6
1785542471392,1785542471,62827.76,62837.76,0.0,0,6
1785542472486,1785542472,62827.41,62837.41,0.0,0,6
1785542473504,1785542473,62824.45,62834.45,0.0,0,6
1785542474700,1785542474,62825.35,62835.35,0.0,0,6
1785542475730,1785542475,62826.21,62836.21,0.0,0,6
1785542476759,1785542476,62827.95,62837.95,0.0,0,6
1785542478148,1785542478,62827.94,62837.94,0.0,0,6
1785542481339,1785542481,62827.93,62837.93,0.0,0,6
1785542483529,1785542483,62827.91,62837.91,0.0,0,6
1785542484652,1785542484,62827.71,62837.71,0.0,0,6
1785542485668,1785542485,62825.75,62835.75,0.0,0,6
1785542486668,1785542486,62827.88,62837.88,0.0,0,6
1785542487687,1785542487,62826.67,62836.67,0.0,0,6
1785542488703,1785542488,62825.68,62835.68,0.0,0,6
1785542489715,1785542489,62822.37,62832.37,0.0,0,6
1785542490760,1785542490,62823.12,62833.12,0.0,0,6
1785542492019,1785542492,62823.43,62833.43,0.0,0,6
1785542493033,1785542493,62824.35,62834.35,0.0,0,6
1785542494069,1785542494,62824.83,62834.83,0.0,0,6
1785542495230,1785542495,62824.16,62834.16,0.0,0,6
1785542496234,1785542496,62824.25,62834.25,0.0,0,6
1785542497261,1785542497,62825.6,62835.6,0.0,0,6
1785542498285,1785542498,62825.13,62835.13,0.0,0,6
1785542499308,1785542499,62825.05,62835.05,0.0,0,6
1785542500390,1785542500,62824.12,62834.12,0.0,0,6
1785542501432,1785542501,62824.9,62834.9,0.0,0,6
1785542502520,1785542502,62823.89,62833.89,0.0,0,6
1785542503463,1785542503,62829.52,62839.52,0.0,0,6
1785542503506,1785542503,62831.77,62841.77,0.0,0,6
1785542503531,1785542503,62833.91,62843.91,0.0,0,6
1785542504101,1785542504,62835.53,62845.53,0.0,0,6
1785542504210,1785542504,62837.32,62847.32,0.0,0,6
1785542504335,1785542504,62839.8,62849.8,0.0,0,6
1785542504404,1785542504,62843.86,62853.86,0.0,0,6
1785542504453,1785542504,62847.35,62857.35,0.0,0,6
1785542504463,1785542504,62850.14,62860.14,0.0,0,6
1785542504508,1785542504,62845.1,62855.1,0.0,0,6
1785542505509,1785542505,62841.65,62851.65,0.0,0,6
1785542506517,1785542506,62842.63,62852.63,0.0,0,6
1785542507519,1785542507,62842.54,62852.54,0.0,0,6
1785542508652,1785542508,62841.47,62851.47,0.0,0,6
1785542509659,1785542509,62844.51,62854.51,0.0,0,6
1785542510204,1785542510,62835.3,62845.3,0.0,0,6
1785542510440,1785542510,62841.06,62851.06,0.0,0,6
1785542510677,1785542510,62845.42,62855.42,0.0,0,6
1785542510764,1785542510,62849.5,62859.5,0.0,0,6
1785542511831,1785542511,62852.09,62862.09,0.0,0,6
1785542512078,1785542512,62853.59,62863.59,0.0,0,6
1785542512157,1785542512,62857.02,62867.02,0.0,0,6
1785542512180,1785542512,62859.87,62869.87,0.0,0,6
1785542513190,1785542513,62856.53,62866.53,0.0,0,6
1785542513866,1785542513,62854.41,62864.41,0.0,0,6
1785542513902,1785542513,62855.81,62865.81,0.0,0,6
1785542514907,1785542514,62855.58,62865.58,0.0,0,6
1785542516150,1785542516,62856.81,62866.81,0.0,0,6
1785542516389,1785542516,62853.82,62863.82,0.0,0,6
1785542516403,1785542516,62855.52,62865.52,0.0,0,6
1785542516428,1785542516,62857.07,62867.07,0.0,0,6
1785542516548,1785542516,62858.6,62868.6,0.0,0,6
1785542516575,1785542516,62860.55,62870.55,0.0,0,6
1785542516975,1785542516,62863.17,62873.17,0.0,0,6
1785542517109,1785542517,62866.22,62876.22,0.0,0,6
1785542518131,1785542518,62869.54,62879.54,0.0,0,6
1785542519167,1785542519,62866.58,62876.58,0.0,0,6
1785542520201,1785542520,62863.12,62873.12,0.0,0,6
1785542521274,1785542521,62865.3,62875.3,0.0,0,6
1785542522308,1785542522,62862.51,62872.51,0.0,0,6
1785542523346,1785542523,62862.46,62872.46,0.0,0,6
1785542524356,1785542524,62862.43,62872.43,0.0,0,6
1785542525369,1785542525,62862.41,62872.41,0.0,0,6
1785542525814,1785542525,62863.87,62873.87,0.0,0,6
1785542525824,1785542525,62868.5,62878.5,0.0,0,6
1785542525899,1785542525,62871.0,62881.0,0.0,0,6
1785542526594,1785542526,62874.89,62884.89,0.0,0,6
1785542527642,1785542527,62873.42,62883.42,0.0,0,6
1785542528655,1785542528,62874.83,62884.83,0.0,0,6
1785542529654,1785542529,62873.33,62883.33,0.0,0,6
1785542530658,1785542530,62873.99,62883.99,0.0,0,6
1785542531085,1785542531,62876.39,62886.39,0.0,0,6
1785542531423,1785542531,62878.11,62888.11,0.0,0,6
1785542531490,1785542531,62880.95,62890.95,0.0,0,6
1785542532506,1785542532,62880.68,62890.68,0.0,0,6
1785542533561,1785542533,62878.94,62888.94,0.0,0,6
1785542534570,1785542534,62882.61,62892.61,0.0,0,6
1785542535606,1785542535,62877.76,62887.76,0.0,0,6
1785542539704,1785542539,62877.77,62887.77,0.0,0,6
1785542541734,1785542541,62878.5,62888.5,0.0,0,6
1785542542762,1785542542,62880.3,62890.3,0.0,0,6
1785542543814,1785542543,62877.77,62887.77,0.0,0,6
1785542544213,1785542544,62879.6,62889.6,0.0,0,6
1785542544223,1785542544,62880.85,62890.85,0.0,0,6
1785542544235,1785542544,62882.55,62892.55,0.0,0,6
1785542544253,1785542544,62884.49,62894.49,0.0,0,6
1785542544275,1785542544,62885.89,62895.89,0.0,0,6
1785542545286,1785542545,62889.47,62899.47,0.0,0,6
1785542546394,1785542546,62885.09,62895.09,0.0,0,6
1785542547439,1785542547,62886.48,62896.48,0.0,0,6
1785542548490,1785542548,62884.2,62894.2,0.0,0,6
1785542548709,1785542548,62886.59,62896.59,0.0,0,6
1785542549477,1785542549,62887.56,62897.56,0.0,0,6
1785542549527,1785542549,62889.97,62899.97,0.0,0,6
1785542550623,1785542550,62889.59,62899.59,0.0,0,6
1785542551660,1785542551,62888.35,62898.35,0.0,0,6
1785542554029,1785542554,62888.36,62898.36,0.0,0,6
1785542555045,1785542555,62888.87,62898.87,0.0,0,6
1785542555877,1785542555,62888.47,62898.47,0.0,0,6
1785542557003,1785542557,62892.61,62902.61,0.0,0,6
1785542558016,1785542558,62888.48,62898.48,0.0,0,6
1785542558121,1785542558,62895.32,62905.32,0.0,0,6
1785542559076,1785542559,62896.63,62906.63,0.0,0,6
1785542559087,1785542559,62894.79,62904.79,0.0,0,6
1785542559143,1785542559,62887.81,62897.81,0.0,0,6
1785542559248,1785542559,62885.73,62895.73,0.0,0,6
1785542560252,1785542560,62885.71,62895.71,0.0,0,6
1785542561265,1785542561,62886.18,62896.18,0.0,0,6
1785542562270,1785542562,62887.59,62897.59,0.0,0,6
1785542562696,1785542562,62893.67,62903.67,0.0,0,6
1785542563728,1785542563,62895.36,62905.36,0.0,0,6
1785542564817,1785542564,62891.5,62901.5,0.0,0,6
1785542565840,1785542565,62890.68,62900.68,0.0,0,6
1785542567786,1785542567,62892.05,62902.05,0.0,0,6
1785542567804,1785542567,62893.55,62903.55,0.0,0,6
1785542567844,1785542567,62897.3,62907.3,0.0,0,6
1785542567883,1785542567,62902.23,62912.23,0.0,0,6
1785542568907,1785542568,62903.96,62913.96,0.0,0,6
1785542569324,1785542569,62899.06,62909.06,0.0,0,6
1785542569380,1785542569,62889.67,62899.67,0.0,0,6
1785542570385,1785542570,62889.68,62899.68,0.0,0,6
1785542571416,1785542571,62892.81,62902.81,0.0,0,6
1785542571934,1785542571,62893.39,62903.39,0.0,0,6
1785542572463,1785542572,62902.35,62912.35,0.0,0,6
1785542572476,1785542572,62906.2,62916.2,0.0,0,6
1785542573499,1785542573,62901.95,62911.95,0.0,0,6
1785542574510,1785542574,62901.91,62911.91,0.0,0,6
1785542575520,1785542575,62901.86,62911.86,0.0,0,6
1785542576523,1785542576,62901.82,62911.82,0.0,0,6
1785542578830,1785542578,62903.21,62913.21,0.0,0,6
1785542579861,1785542579,62902.62,62912.62,0.0,0,6
1785542580899,1785542580,62902.61,62912.61,0.0,0,6
1785542582038,1785542582,62902.59,62912.59,0.0,0,6
1785542583053,1785542583,62902.57,62912.57,0.0,0,6
1785542584107,1785542584,62902.55,62912.55,0.0,0,6
1785542585181,1785542585,62902.54,62912.54,0.0,0,6
1785542586280,1785542586,62902.5,62912.5,0.0,0,6
1785542587634,1785542587,62902.95,62912.95,0.0,0,6
1785542589691,1785542589,62902.91,62912.91,0.0,0,6
1785542590849,1785542590,62902.87,62912.87,0.0,0,6
1785542590944,1785542590,62897.65,62907.65,0.0,0,6
1785542590964,1785542590,62895.26,62905.26,0.0,0,6
1785542590979,1785542590,62892.61,62902.61,0.0,0,6
1785542591012,1785542591,62890.9,62900.9,0.0,0,6
1785542591022,1785542591,62889.27,62899.27,0.0,0,6
1785542591051,1785542591,62887.28,62897.28,0.0,0,6
1785542591110,1785542591,62884.39,62894.39,0.0,0,6
1785542591185,1785542591,62885.9,62895.9,0.0,0,6
1785542591201,1785542591,62895.41,62905.41,0.0,0,6
1785542592236,1785542592,62895.51,62905.51,0.0,0,6
1785542593390,1785542593,62895.39,62905.39,0.0,0,6
1785542594407,1785542594,62895.35,62905.35,0.0,0,6
1785542595437,1785542595,62895.33,62905.33,0.0,0,6
1785542596506,1785542596,62895.31,62905.31,0.0,0,6
1785542597506,1785542597,62895.3,62905.3,0.0,0,6
1785542598508,1785542598,62895.28,62905.28,0.0,0,6
1785542600646,1785542600,62895.25,62905.25,0.0,0,6
1785542601661,1785542601,62895.24,62905.24,0.0,0,6
1785542602705,1785542602,62895.22,62905.22,0.0,0,6
1785542603751,1785542603,62895.21,62905.21,0.0,0,6
1785542606221,1785542606,62895.19,62905.19,0.0,0,6
1785542607279,1785542607,62895.18,62905.18,0.0,0,6
1785542608283,1785542608,62895.17,62905.17,0.0,0,6
1785542609530,1785542609,62895.16,62905.16,0.0,0,6
1785542610831,1785542610,62891.21,62901.21,0.0,0,6
1785542611879,1785542611,62891.49,62901.49,0.0,0,6
1785542612930,1785542612,62890.7,62900.7,0.0,0,6
1785542613970,1785542613,62891.03,62901.03,0.0,0,6
1785542615311,1785542615,62890.65,62900.65,0.0,0,6
1785542616391,1785542616,62890.63,62900.63,0.0,0,6
1785542617421,1785542617,62890.62,62900.62,0.0,0,6
1785542619440,1785542619,62890.61,62900.61,0.0,0,6
1785542621605,1785542621,62890.6,62900.6,0.0,0,6
1785542625664,1785542625,62896.26,62906.26,0.0,0,6
1785542626663,1785542626,62896.48,62906.48,0.0,0,6
1785542627699,1785542627,62895.69,62905.69,0.0,0,6
1785542629967,1785542629,62895.7,62905.7,0.0,0,6
1785542632009,1785542632,62895.71,62905.71,0.0,0,6
1785542633029,1785542633,62895.73,62905.73,0.0,0,6
1785542634180,1785542634,62895.75,62905.75,0.0,0,6
1785542634960,1785542634,62898.37,62908.37,0.0,0,6
1785542634976,1785542634,62899.67,62909.67,0.0,0,6
1785542635978,1785542635,62899.64,62909.64,0.0,0,6
1785542636665,1785542636,62898.62,62908.62,0.0,0,6
1785542636721,1785542636,62891.09,62901.09,0.0,0,6
1785542636802,1785542636,62888.2,62898.2,0.0,0,6
1785542637830,1785542637,62888.17,62898.17,0.0,0,6
1785542638888,1785542638,62889.66,62899.66,0.0,0,6
1785542639908,1785542639,62891.33,62901.33,0.0,0,6
1785542640561,1785542640,62887.63,62897.63,0.0,0,6
1785542640573,1785542640,62885.48,62895.48,0.0,0,6
1785542640617,1785542640,62883.82,62893.82,0.0,0,6
1785542640625,1785542640,62882.55,62892.55,0.0,0,6
1785542640741,1785542640,62880.34,62890.34,0.0,0,6
1785542641698,1785542641,62877.24,62887.24,0.0,0,6
1785542642708,1785542642,62878.65,62888.65,0.0,0,6
1785542643838,1785542643,62881.52,62891.52,0.0,0,6
1785542644954,1785542644,62875.89,62885.89,0.0,0,6
1785542646036,1785542646,62876.0,62886.0,0.0,0,6
1785542647039,1785542647,62875.85,62885.85,0.0,0,6
1785542648061,1785542648,62875.81,62885.81,0.0,0,6
1785542649094,1785542649,62875.8,62885.8,0.0,0,6
1785542650107,1785542650,62876.1,62886.1,0.0,0,6
1785542651142,1785542651,62877.86,62887.86,0.0,0,6
1785542652218,1785542652,62882.18,62892.18,0.0,0,6
1785542652368,1785542652,62888.86,62898.86,0.0,0,6
1785542652507,1785542652,62890.24,62900.24,0.0,0,6
1785542653609,1785542653,62891.58,62901.58,0.0,0,6
1785542654624,1785542654,62889.08,62899.08,0.0,0,6
1785542655629,1785542655,62888.33,62898.33,0.0,0,6
1785542656704,1785542656,62883.98,62893.98,0.0,0,6
1785542657717,1785542657,62883.99,62893.99,0.0,0,6
1785542658821,1785542658,62884.0,62894.0,0.0,0,6
1785542660271,1785542660,62887.79,62897.79,0.0,0,6
1785542661276,1785542661,62887.77,62897.77,0.0,0,6
1785542662297,1785542662,62889.56,62899.56,0.0,0,6
1785542663364,1785542663,62889.94,62899.94,0.0,0,6
1785542664399,1785542664,62888.1,62898.1,0.0,0,6
1785542665445,1785542665,62887.67,62897.67,0.0,0,6
1785542667599,1785542667,62887.64,62897.64,0.0,0,6
1785542668679,1785542668,62887.62,62897.62,0.0,0,6
1785542669933,1785542669,62887.58,62897.58,0.0,0,6
1785542670956,1785542670,62887.56,62897.56,0.0,0,6
1785542671967,1785542671,62887.53,62897.53,0.0,0,6
1785542672987,1785542672,62887.52,62897.52,0.0,0,6
1785542674004,1785542674,62888.02,62898.02,0.0,0,6
1785542675066,1785542675,62887.48,62897.48,0.0,0,6
1785542676101,1785542676,62888.65,62898.65,0.0,0,6
1785542677119,1785542677,62888.46,62898.46,0.0,0,6
1785542678173,1785542678,62888.58,62898.58,0.0,0,6
1785542679211,1785542679,62889.51,62899.51,0.0,0,6
1785542680222,1785542680,62889.24,62899.24,0.0,0,6
1785542681226,1785542681,62891.34,62901.34,0.0,0,6
1785542682255,1785542682,62887.67,62897.67,0.0,0,6
1785542683327,1785542683,62887.2,62897.2,0.0,0,6
1785542684393,1785542684,62888.49,62898.49,0.0,0,6
1785542685418,1785542685,62888.47,62898.47,0.0,0,6
1785542686421,1785542686,62889.35,62899.35,0.0,0,6
1785542687425,1785542687,62888.81,62898.81,0.0,0,6
1785542688430,1785542688,62888.25,62898.25,0.0,0,6
1785542689639,1785542689,62890.03,62900.03,0.0,0,6
1785542690649,1785542690,62888.99,62898.99,0.0,0,6
1785542691689,1785542691,62888.11,62898.11,0.0,0,6
1785542692707,1785542692,62888.41,62898.41,0.0,0,6
1785542693819,1785542693,62887.58,62897.58,0.0,0,6
1785542694909,1785542694,62886.72,62896.72,0.0,0,6
1785542696067,1785542696,62885.79,62895.79,0.0,0,6
1785542697129,1785542697,62884.19,62894.19,0.0,0,6
1785542698135,1785542698,62884.86,62894.86,0.0,0,6
1785542699314,1785542699,62884.94,62894.94,0.0,0,6
1785542700410,1785542700,62885.52,62895.52,0.0,0,6
1785542701471,1785542701,62886.62,62896.62,0.0,0,6
1785542702529,1785542702,62886.19,62896.19,0.0,0,6
1785542703567,1785542703,62887.08,62897.08,0.0,0,6
1785542704569,1785542704,62886.14,62896.14,0.0,0,6
1785542705586,1785542705,62885.04,62895.04,0.0,0,6
1785542706709,1785542706,62887.35,62897.35,0.0,0,6
1785542707710,1785542707,62887.17,62897.17,0.0,0,6
1785542708733,1785542708,62886.08,62896.08,0.0,0,6
1785542709879,1785542709,62886.68,62896.68,0.0,0,6
1785542710907,1785542710,62884.14,62894.14,0.0,0,6
1785542711907,1785542711,62883.71,62893.71,0.0,0,6
1785542713221,1785542713,62883.14,62893.14,0.0,0,6
1785542714239,1785542714,62882.55,62892.55,0.0,0,6
1785542715368,1785542715,62882.52,62892.52,0.0,0,6
1785542717014,1785542717,62881.75,62891.75,0.0,0,6
1785542717135,1785542717,62876.75,62886.75,0.0,0,6
1785542717183,1785542717,62870.91,62880.91,0.0,0,6
1785542717223,1785542717,62869.31,62879.31,0.0,0,6
1785542717234,1785542717,62867.51,62877.51,0.0,0,6
1785542717331,1785542717,62865.35,62875.35,0.0,0,6
1785542717354,1785542717,62863.68,62873.68,0.0,0,6
1785542717396,1785542717,62860.23,62870.23,0.0,0,6
1785542717601,1785542717,62857.75,62867.75,0.0,0,6
1785542718643,1785542718,62861.55,62871.55,0.0,0,6
1785542719758,1785542719,62865.87,62875.87,0.0,0,6
1785542721065,1785542721,62864.53,62874.53,0.0,0,6
1785542722111,1785542722,62862.13,62872.13,0.0,0,6
1785542723363,1785542723,62864.05,62874.05,0.0,0,6
1785542724367,1785542724,62858.07,62868.07,0.0,0,6
1785542725396,1785542725,62860.6,62870.6,0.0,0,6
1785542725949,1785542725,62859.02,62869.02,0.0,0,6
1785542725993,1785542725,62866.17,62876.17,0.0,0,6
1785542726121,1785542726,62872.93,62882.93,0.0,0,6
1785542727054,1785542727,62874.51,62884.51,0.0,0,6
1785542728092,1785542728,62874.95,62884.95,0.0,0,6
1785542729107,1785542729,62877.66,62887.66,0.0,0,6
1785542730119,1785542730,62875.1,62885.1,0.0,0,6
1785542731160,1785542731,62871.84,62881.84,0.0,0,6
1785542732265,1785542732,62871.83,62881.83,0.0,0,6
1785542733275,1785542733,62876.38,62886.38,0.0,0,6
1785542734307,1785542734,62878.86,62888.86,0.0,0,6
1785542735011,1785542735,62880.47,62890.47,0.0,0,6
1785542735025,1785542735,62882.32,62892.32,0.0,0,6
1785542736088,1785542736,62881.2,62891.2,0.0,0,6
1785542737088,1785542737,62880.94,62890.94,0.0,0,6
1785542738110,1785542738,62876.09,62886.09,0.0,0,6
1785542739116,1785542739,62874.94,62884.94,0.0,0,6
1785542740122,1785542740,62874.93,62884.93,0.0,0,6
1785542742187,1785542742,62874.95,62884.95,0.0,0,6
1785542743190,1785542743,62874.97,62884.97,0.0,0,6
1785542744208,1785542744,62875.1,62885.1,0.0,0,6
1785542745283,1785542745,62877.74,62887.74,0.0,0,6
1785542746339,1785542746,62878.42,62888.42,0.0,0,6
1785542747399,1785542747,62879.68,62889.68,0.0,0,6
1785542748438,1785542748,62879.65,62889.65,0.0,0,6
1785542749469,1785542749,62880.33,62890.33,0.0,0,6
1785542750489,1785542750,62875.7,62885.7,0.0,0,6
1785542751539,1785542751,62875.1,62885.1,0.0,0,6
1785542752580,1785542752,62878.09,62888.09,0.0,0,6
1785542753618,1785542753,62878.31,62888.31,0.0,0,6
1785542754701,1785542754,62878.81,62888.81,0.0,0,6
1785542755704,1785542755,62879.16,62889.16,0.0,0,6
1785542756740,1785542756,62877.83,62887.83,0.0,0,6
1785542757834,1785542757,62878.28,62888.28,0.0,0,6
1785542758906,1785542758,62875.21,62885.21,0.0,0,6
1785542758961,1785542758,62880.22,62890.22,0.0,0,6
1785542760007,1785542760,62880.19,62890.19,0.0,0,6
1785542761028,1785542761,62880.16,62890.16,0.0,0,6
1785542762050,1785542762,62880.13,62890.13,0.0,0,6
1785542763136,1785542763,62880.1,62890.1,0.0,0,6
1785542765272,1785542765,62880.03,62890.03,0.0,0,6
1785542766272,1785542766,62881.23,62891.23,0.0,0,6
1785542767293,1785542767,62881.25,62891.25,0.0,0,6
1785542768334,1785542768,62880.76,62890.76,0.0,0,6
1785542769354,1785542769,62880.91,62890.91,0.0,0,6
1785542770498,1785542770,62881.46,62891.46,0.0,0,6
1785542771520,1785542771,62879.84,62889.84,0.0,0,6
1785542772579,1785542772,62881.5,62891.5,0.0,0,6
1785542773623,1785542773,62881.42,62891.42,0.0,0,6
1785542774629,1785542774,62882.89,62892.89,0.0,0,6
1785542775707,1785542775,62881.36,62891.36,0.0,0,6
1785542776709,1785542776,62882.55,62892.55,0.0,0,6
1785542777735,1785542777,62880.51,62890.51,0.0,0,6
1785542778432,1785542778,62879.39,62889.39,0.0,0,6
1785542778451,1785542778,62876.44,62886.44,0.0,0,6
1785542778482,1785542778,62874.44,62884.44,0.0,0,6
1785542779491,1785542779,62875.08,62885.08,0.0,0,6
1785542780493,1785542780,62876.09,62886.09,0.0,0,6
1785542781493,1785542781,62875.27,62885.27,0.0,0,6
1785542782507,1785542782,62875.8,62885.8,0.0,0,6
1785542783549,1785542783,62877.07,62887.07,0.0,0,6
1785542784599,1785542784,62876.61,62886.61,0.0,0,6
1785542785719,1785542785,62875.83,62885.83,0.0,0,6
1785542786791,1785542786,62875.32,62885.32,0.0,0,6
1785542787810,1785542787,62875.08,62885.08,0.0,0,6
1785542788871,1785542788,62874.58,62884.58,0.0,0,6
1785542790000,1785542790,62873.96,62883.96,0.0,0,6
1785542791497,1785542791,62872.97,62882.97,0.0,0,6
1785542792563,1785542792,62871.35,62881.35,0.0,0,6
1785542793567,1785542793,62870.85,62880.85,0.0,0,6
1785542794703,1785542794,62871.27,62881.27,0.0,0,6
1785542795706,1785542795,62870.52,62880.52,0.0,0,6
1785542796949,1785542796,62870.39,62880.39,0.0,0,6
1785542798031,1785542798,62870.96,62880.96,0.0,0,6
1785542799095,1785542799,62870.51,62880.51,0.0,0,6
1785542800170,1785542800,62871.45,62881.45,0.0,0,6
1785542801329,1785542801,62872.72,62882.72,0.0,0,6
1785542802495,1785542802,62872.16,62882.16,0.0,0,6
1785542803509,1785542803,62871.91,62881.91,0.0,0,6
1785542804632,1785542804,62870.02,62880.02,0.0,0,6
1785542805640,1785542805,62870.29,62880.29,0.0,0,6
1785542806654,1785542806,62870.73,62880.73,0.0,0,6
1785542807669,1785542807,62870.23,62880.23,0.0,0,6
1785542808687,1785542808,62870.95,62880.95,0.0,0,6
1785542809703,1785542809,62871.56,62881.56,0.0,0,6
1785542810712,1785542810,62875.16,62885.16,0.0,0,6
1785542811735,1785542811,62874.74,62884.74,0.0,0,6
1785542812793,1785542812,62875.39,62885.39,0.0,0,6
1785542813833,1785542813,62875.48,62885.48,0.0,0,6
1785542814870,1785542814,62874.17,62884.17,0.0,0,6
1785542815883,1785542815,62873.87,62883.87,0.0,0,6
1785542816885,1785542816,62872.9,62882.9,0.0,0,6
1785542817907,1785542817,62873.67,62883.67,0.0,0,6
1785542818979,1785542818,62874.9,62884.9,0.0,0,6
1785542820031,1785542820,62876.49,62886.49,0.0,0,6
1785542821260,1785542821,62875.31,62885.31,0.0,0,6
1785542822513,1785542822,62875.61,62885.61,0.0,0,6
1785542823523,1785542823,62875.08,62885.08,0.0,0,6
1785542824589,1785542824,62874.45,62884.45,0.0,0,6
1785542825651,1785542825,62873.71,62883.71,0.0,0,6
1785542826664,1785542826,62875.68,62885.68,0.0,0,6
1785542827708,1785542827,62874.6,62884.6,0.0,0,6
1785542828723,1785542828,62873.65,62883.65,0.0,0,6
1785542829757,1785542829,62872.73,62882.73,0.0,0,6
1785542830859,1785542830,62871.48,62881.48,0.0,0,6
1785542831939,1785542831,62870.5,62880.5,0.0,0,6
1785542833000,1785542833,62871.4,62881.4,0.0,0,6
1785542834083,1785542834,62870.4,62880.4,0.0,0,6
1785542835121,1785542835,62871.42,62881.42,0.0,0,6
1785542836180,1785542836,62872.26,62882.26,0.0,0,6
1785542837190,1785542837,62872.97,62882.97,0.0,0,6
1785542838390,1785542838,62873.53,62883.53,0.0,0,6
1785542839531,1785542839,62874.05,62884.05,0.0,0,6
1785542840641,1785542840,62874.18,62884.18,0.0,0,6
1785542842843,1785542842,62874.19,62884.19,0.0,0,6
1785542845109,1785542845,62874.2,62884.2,0.0,0,6
1785542847226,1785542847,62874.21,62884.21,0.0,0,6
1785542849280,1785542849,62874.22,62884.22,0.0,0,6
1785542851549,1785542851,62874.23,62884.23,0.0,0,6
1785542853649,1785542853,62874.24,62884.24,0.0,0,6
1785542854729,1785542854,62874.26,62884.26,0.0,0,6
1785542855962,1785542855,62874.27,62884.27,0.0,0,6
1785542857320,1785542857,62874.29,62884.29,0.0,0,6
1785542858329,1785542858,62874.3,62884.3,0.0,0,6
1785542859409,1785542859,62874.32,62884.32,0.0,0,6
1785542860449,1785542860,62874.33,62884.33,0.0,0,6
1785542861689,1785542861,62874.35,62884.35,0.0,0,6
1785542862840,1785542862,62874.37,62884.37,0.0,0,6
1785542863889,1785542863,62874.38,62884.38,0.0,0,6
1785542864979,1785542864,62874.4,62884.4,0.0,0,6
1785542866034,1785542866,62875.0,62885.0,0.0,0,6
1785542868220,1785542868,62876.1,62886.1,0.0,0,6
1785542869414,1785542869,62874.45,62884.45,0.0,0,6
1785542870510,1785542870,62874.46,62884.46,0.0,0,6
1785542871700,1785542871,62875.52,62885.52,0.0,0,6
1785542872719,1785542872,62876.26,62886.26,0.0,0,6
1785542873810,1785542873,62878.75,62888.75,0.0,0,6
1785542874839,1785542874,62877.05,62887.05,0.0,0,6
1785542875862,1785542875,62878.24,62888.24,0.0,0,6
1785542876889,1785542876,62878.13,62888.13,0.0,0,6
1785542877959,1785542877,62878.65,62888.65,0.0,0,6
1785542879031,1785542879,62879.1,62889.1,0.0,0,6
1785542880106,1785542880,62879.76,62889.76,0.0,0,6
1785542881198,1785542881,62882.05,62892.05,0.0,0,6
1785542882229,1785542882,62880.08,62890.08,0.0,0,6
1785542882343,1785542882,62882.04,62892.04,0.0,0,6
1785542882365,1785542882,62883.4,62893.4,0.0,0,6
1785542882396,1785542882,62884.76,62894.76,0.0,0,6
1785542882455,1785542882,62886.08,62896.08,0.0,0,6
1785542882455,1785542882,62888.97,62898.97,0.0,0,6
1785542883520,1785542883,62891.7,62901.7,0.0,0,6
1785542884704,1785542884,62891.54,62901.54,0.0,0,6
1785542885729,1785542885,62891.72,62901.72,0.0,0,6
1785542886779,1785542886,62891.14,62901.14,0.0,0,6
1785542887880,1785542887,62892.17,62902.17,0.0,0,6
1785542888907,1785542888,62891.31,62901.31,0.0,0,6
1785542890036,1785542890,62894.07,62904.07,0.0,0,6
1785542891045,1785542891,62893.48,62903.48,0.0,0,6
1785542892099,1785542892,62893.57,62903.57,0.0,0,6
1785542893189,1785542893,62890.98,62900.98,0.0,0,6
1785542894298,1785542894,62889.85,62899.85,0.0,0,6
1785542895183,1785542895,62887.67,62897.67,0.0,0,6
1785542896369,1785542896,62889.63,62899.63,0.0,0,6
1785542897376,1785542897,62890.81,62900.81,0.0,0,6
1785542897426,1785542897,62893.63,62903.63,0.0,0,6
1785542898459,1785542898,62895.07,62905.07,0.0,0,6
1785542899503,1785542899,62896.89,62906.89,0.0,0,6
1785542900560,1785542900,62896.43,62906.43,0.0,0,6
1785542901558,1785542901,62899.2,62909.2,0.0,0,6
1785542902583,1785542902,62900.61,62910.61,0.0,0,6
1785542903593,1785542903,62898.53,62908.53,0.0,0,6
1785542904593,1785542904,62898.36,62908.36,0.0,0,6
1785542905611,1785542905,62898.2,62908.2,0.0,0,6
1785542906613,1785542906,62901.26,62911.26,0.0,0,6
1785542907690,1785542907,62899.11,62909.11,0.0,0,6
1785542908703,1785542908,62899.44,62909.44,0.0,0,6
1785542908845,1785542908,62902.54,62912.54,0.0,0,6
1785542909854,1785542909,62901.4,62911.4,0.0,0,6
1785542910900,1785542910,62900.7,62910.7,0.0,0,6
1785542911919,1785542911,62901.49,62911.49,0.0,0,6
1785542912989,1785542912,62903.02,62913.02,0.0,0,6
1785542914021,1785542914,62904.0,62914.0,0.0,0,6
1785542915026,1785542915,62899.93,62909.93,0.0,0,6
1785542915874,1785542915,62899.48,62909.48,0.0,0,6
1785542916890,1785542916,62899.72,62909.72,0.0,0,6
1785542917899,1785542917,62900.31,62910.31,0.0,0,6
1785542919127,1785542919,62899.48,62909.48,0.0,0,6
1785542919324,1785542919,62900.91,62910.91,0.0,0,6
1785542920396,1785542920,62902.51,62912.51,0.0,0,6
1785542921501,1785542921,62902.52,62912.52,0.0,0,6
1785542922589,1785542922,62903.85,62913.85,0.0,0,6
1785542923650,1785542923,62904.14,62914.14,0.0,0,6
1785542924677,1785542924,62901.66,62911.66,0.0,0,6
1785542925700,1785542925,62899.38,62909.38,0.0,0,6
1785542927809,1785542927,62902.43,62912.43,0.0,0,6
1785542929029,1785542929,62901.8,62911.8,0.0,0,6
1785542930049,1785542930,62899.95,62909.95,0.0,0,6
1785542931082,1785542931,62899.81,62909.81,0.0,0,6
1785542932189,1785542932,62899.99,62909.99,0.0,0,6
1785542933210,1785542933,62901.5,62911.5,0.0,0,6
1785542934241,1785542934,62900.93,62910.93,0.0,0,6
1785542935309,1785542935,62902.26,62912.26,0.0,0,6
1785542936369,1785542936,62900.24,62910.24,0.0,0,6
1785542937507,1785542937,62901.12,62911.12,0.0,0,6
1785542938561,1785542938,62901.81,62911.81,0.0,0,6
1785542939639,1785542939,62899.37,62909.37,0.0,0,6
1785542940420,1785542940,62893.11,62903.11,0.0,0,6
1785542940562,1785542940,62889.47,62899.47,0.0,0,6
1785542940563,1785542940,62886.52,62896.52,0.0,0,6
1785542940570,1785542940,62884.92,62894.92,0.0,0,6
1785542941646,1785542941,62886.63,62896.63,0.0,0,6
1785542942679,1785542942,62889.78,62899.78,0.0,0,6
1785542943870,1785542943,62890.18,62900.18,0.0,0,6
1785542945453,1785542945,62884.93,62894.93,0.0,0,6
1785542947847,1785542947,62886.42,62896.42,0.0,0,6
1785542948944,1785542948,62886.1,62896.1,0.0,0,6
1785542950084,1785542950,62888.52,62898.52,0.0,0,6
1785542951119,1785542951,62887.86,62897.86,0.0,0,6
1785542952140,1785542952,62888.52,62898.52,0.0,0,6
1785542953236,1785542953,62888.16,62898.16,0.0,0,6
1785542954306,1785542954,62888.76,62898.76,0.0,0,6
1785542955359,1785542955,62887.67,62897.67,0.0,0,6
1785542956429,1785542956,62889.36,62899.36,0.0,0,6
1785542957439,1785542957,62889.98,62899.98,0.0,0,6
1785542958499,1785542958,62884.93,62894.93,0.0,0,6
1785542959600,1785542959,62887.4,62897.4,0.0,0,6
1785542960700,1785542960,62886.36,62896.36,0.0,0,6
1785542962080,1785542962,62885.41,62895.41,0.0,0,6
1785542963307,1785542963,62885.72,62895.72,0.0,0,6
1785542964545,1785542964,62886.56,62896.56,0.0,0,6
1785542965659,1785542965,62887.17,62897.17,0.0,0,6
1785542966921,1785542966,62887.03,62897.03,0.0,0,6
1785542967974,1785542967,62889.69,62899.69,0.0,0,6
1785542968976,1785542968,62890.06,62900.06,0.0,0,6
1785542969164,1785542969,62895.88,62905.88,0.0,0,6
1785542969173,1785542969,62897.18,62907.18,0.0,0,6
1785542969203,1785542969,62898.48,62908.48,0.0,0,6
1785542970240,1785542970,62899.3,62909.3,0.0,0,6
1785542971373,1785542971,62900.42,62910.42,0.0,0,6
1785542972184,1785542972,62898.6,62908.6,0.0,0,6
1785542973250,1785542973,62892.68,62902.68,0.0,0,6
1785542974280,1785542974,62892.65,62902.65,0.0,0,6
1785542975290,1785542975,62893.55,62903.55,0.0,0,6
1785542976340,1785542976,62891.89,62901.89,0.0,0,6
1785542977428,1785542977,62888.24,62898.24,0.0,0,6
1785542978476,1785542978,62886.83,62896.83,0.0,0,6
1785542978507,1785542978,62884.73,62894.73,0.0,0,6
1785542978644,1785542978,62880.83,62890.83,0.0,0,6
1785542983952,1785542983,62882.47,62892.47,0.0,0,6
1785542985018,1785542985,62881.71,62891.71,0.0,0,6
1785542986079,1785542986,62882.75,62892.75,0.0,0,6
1785542987090,1785542987,62884.97,62894.97,0.0,0,6
1785542988131,1785542988,62885.22,62895.22,0.0,0,6
1785542989160,1785542989,62885.44,62895.44,0.0,0,6
1785542990189,1785542990,62885.99,62895.99,0.0,0,6
1785542991230,1785542991,62887.05,62897.05,0.0,0,6
1785542992289,1785542992,62887.64,62897.64,0.0,0,6
1785542993339,1785542993,62887.9,62897.9,0.0,0,6
1785542994350,1785542994,62884.64,62894.64,0.0,0,6
1785542995369,1785542995,62886.14,62896.14,0.0,0,6
1785542996439,1785542996,62885.77,62895.77,0.0,0,6
1785542997444,1785542997,62881.79,62891.79,0.0,0,6
1785542997455,1785542997,62879.49,62889.49,0.0,0,6
1785542998570,1785542998,62878.3,62888.3,0.0,0,6
1785542999641,1785542999,62882.27,62892.27,0.0,0,6
1785543000650,1785543000,62883.59,62893.59,0.0,0,6
1785543001669,1785543001,62883.6,62893.6,0.0,0,6
1785543001711,1785543001,62891.03,62901.03,0.0,0,6
1785543002729,1785543002,62891.81,62901.81,0.0,0,6
1785543003734,1785543003,62890.18,62900.18,0.0,0,6
1785543004774,1785543004,62890.13,62900.13,0.0,0,6
1785543005875,1785543005,62889.69,62899.69,0.0,0,6
1785543006634,1785543006,62889.56,62899.56,0.0,0,6
1785543007658,1785543007,62889.26,62899.26,0.0,0,6
1785543008719,1785543008,62889.35,62899.35,0.0,0,6
1785543009788,1785543009,62887.99,62897.99,0.0,0,6
1785543010810,1785543010,62885.92,62895.92,0.0,0,6
1785543011881,1785543011,62886.28,62896.28,0.0,0,6
1785543012634,1785543012,62887.02,62897.02,0.0,0,6
1785543012653,1785543012,62889.32,62899.32,0.0,0,6
1785543013680,1785543013,62889.2,62899.2,0.0,0,6
1785543014697,1785543014,62889.72,62899.72,0.0,0,6
1785543015741,1785543015,62890.66,62900.66,0.0,0,6
1785543016937,1785543016,62890.56,62900.56,0.0,0,6
1785543018010,1785543018,62890.15,62900.15,0.0,0,6
1785543019044,1785543019,62891.13,62901.13,0.0,0,6
1785543020146,1785543020,62891.19,62901.19,0.0,0,6
1785543021208,1785543021,62891.3,62901.3,0.0,0,6
1785543022227,1785543022,62891.15,62901.15,0.0,0,6
1785543023267,1785543023,62892.7,62902.7,0.0,0,6
1785543024416,1785543024,62891.47,62901.47,0.0,0,6
1785543025537,1785543025,62888.97,62898.97,0.0,0,6
1785543026558,1785543026,62888.5,62898.5,0.0,0,6
1785543027596,1785543027,62888.23,62898.23,0.0,0,6
1785543028608,1785543028,62888.5,62898.5,0.0,0,6
1785543029626,1785543029,62889.71,62899.71,0.0,0,6
1785543030727,1785543030,62889.57,62899.57,0.0,0,6
1785543031877,1785543031,62889.63,62899.63,0.0,0,6
1785543032946,1785543032,62888.24,62898.24,0.0,0,6
1785543034099,1785543034,62888.35,62898.35,0.0,0,6
1785543035177,1785543035,62888.57,62898.57,0.0,0,6
1785543036207,1785543036,62888.98,62898.98,0.0,0,6
1785543037247,1785543037,62890.2,62900.2,0.0,0,6
1785543038297,1785543038,62892.51,62902.51,0.0,0,6
1785543039437,1785543039,62893.36,62903.36,0.0,0,6
1785543040476,1785543040,62890.89,62900.89,0.0,0,6
1785543041537,1785543041,62892.13,62902.13,0.0,0,6
1785543042597,1785543042,62891.98,62901.98,0.0,0,6
1785543043637,1785543043,62889.27,62899.27,0.0,0,6
1785543044039,1785543044,62892.27,62902.27,0.0,0,6
1785543045060,1785543045,62893.9,62903.9,0.0,0,6
1785543045841,1785543045,62893.83,62903.83,0.0,0,6
1785543045901,1785543045,62895.18,62905.18,0.0,0,6
1785543046002,1785543046,62897.84,62907.84,0.0,0,6
1785543047029,1785543047,62898.78,62908.78,0.0,0,6
1785543048099,1785543048,62899.95,62909.95,0.0,0,6
1785543049168,1785543049,62900.98,62910.98,0.0,0,6
1785543050177,1785543050,62902.26,62912.26,0.0,0,6
1785543051278,1785543051,62900.88,62910.88,0.0,0,6
1785543052302,1785543052,62895.97,62905.97,0.0,0,6
1785543053347,1785543053,62895.95,62905.95,0.0,0,6
1785543054411,1785543054,62895.92,62905.92,0.0,0,6
1785543055618,1785543055,62895.9,62905.9,0.0,0,6
1785543056835,1785543056,62895.88,62905.88,0.0,0,6
1785543058087,1785543058,62895.86,62905.86,0.0,0,6
1785543059207,1785543059,62896.04,62906.04,0.0,0,6
1785543060003,1785543060,62898.33,62908.33,0.0,0,6
1785543060095,1785543060,62899.59,62909.59,0.0,0,6
1785543061135,1785543061,62900.72,62910.72,0.0,0,6
1785543062139,1785543062,62901.93,62911.93,0.0,0,6
1785543063176,1785543063,62902.82,62912.82,0.0,0,6
1785543064216,1785543064,62901.01,62911.01,0.0,0,6
1785543065245,1785543065,62900.56,62910.56,0.0,0,6
1785543066258,1785543066,62900.5,62910.5,0.0,0,6
1785543067289,1785543067,62900.52,62910.52,0.0,0,6
1785543068299,1785543068,62900.88,62910.88,0.0,0,6
1785543069355,1785543069,62898.66,62908.66,0.0,0,6
1785543070394,1785543070,62899.87,62909.87,0.0,0,6
1785543071025,1785543071,62893.69,62903.69,0.0,0,6
1785543072068,1785543072,62893.5,62903.5,0.0,0,6
1785543073097,1785543073,62895.17,62905.17,0.0,0,6
1785543074134,1785543074,62895.55,62905.55,0.0,0,6
1785543075178,1785543075,62893.9,62903.9,0.0,0,6
1785543076228,1785543076,62894.63,62904.63,0.0,0,6
1785543077297,1785543077,62892.52,62902.52,0.0,0,6
1785543078398,1785543078,62893.22,62903.22,0.0,0,6
1785543079437,1785543079,62892.35,62902.35,0.0,0,6
1785543080477,1785543080,62891.73,62901.73,0.0,0,6
1785543081508,1785543081,62891.63,62901.63,0.0,0,6
1785543082767,1785543082,62892.34,62902.34,0.0,0,6
1785543083634,1785543083,62891.53,62901.53,0.0,0,6
1785543083646,1785543083,62896.49,62906.49,0.0,0,6
1785543084705,1785543084,62897.63,62907.63,0.0,0,6
1785543085738,1785543085,62897.08,62907.08,0.0,0,6
1785543086785,1785543086,62898.5,62908.5,0.0,0,6
1785543087797,1785543087,62897.64,62907.64,0.0,0,6
1785543088868,1785543088,62897.73,62907.73,0.0,0,6
1785543090524,1785543090,62898.2,62908.2,0.0,0,6
1785543091677,1785543091,62897.06,62907.06,0.0,0,6
1785543092717,1785543092,62897.37,62907.37,0.0,0,6
1785543093748,1785543093,62897.21,62907.21,0.0,0,6
1785543094847,1785543094,62897.05,62907.05,0.0,0,6
1785543095963,1785543095,62897.04,62907.04,0.0,0,6
1785543097027,1785543097,62897.23,62907.23,0.0,0,6
1785543098037,1785543098,62897.17,62907.17,0.0,0,6
1785543099128,1785543099,62897.99,62907.99,0.0,0,6
1785543100149,1785543100,62897.76,62907.76,0.0,0,6
1785543101437,1785543101,62897.51,62907.51,0.0,0,6
1785543102487,1785543102,62897.71,62907.71,0.0,0,6
1785543103694,1785543103,62898.11,62908.11,0.0,0,6
1785543104894,1785543104,62897.65,62907.65,0.0,0,6
1785543106095,1785543106,62897.31,62907.31,0.0,0,6
1785543107489,1785543107,62897.4,62907.4,0.0,0,6
1785543108528,1785543108,62894.88,62904.88,0.0,0,6
1785543109538,1785543109,62895.42,62905.42,0.0,0,6
1785543110558,1785543110,62896.79,62906.79,0.0,0,6
1785543111663,1785543111,62896.39,62906.39,0.0,0,6
1785543112710,1785543112,62895.88,62905.88,0.0,0,6
1785543113748,1785543113,62895.94,62905.94,0.0,0,6
1785543114818,1785543114,62895.04,62905.04,0.0,0,6
1785543115867,1785543115,62896.09,62906.09,0.0,0,6
1785543117177,1785543117,62893.16,62903.16,0.0,0,6
1785543118248,1785543118,62893.69,62903.69,0.0,0,6
1785543119257,1785543119,62893.79,62903.79,0.0,0,6
1785543120578,1785543120,62895.8,62905.8,0.0,0,6
1785543121627,1785543121,62896.92,62906.92,0.0,0,6
1785543122658,1785543122,62894.86,62904.86,0.0,0,6
1785543123707,1785543123,62895.46,62905.46,0.0,0,6
1785543125797,1785543125,62893.78,62903.78,0.0,0,6
1785543126863,1785543126,62893.83,62903.83,0.0,0,6
1785543127897,1785543127,62893.9,62903.9,0.0,0,6
1785543128947,1785543128,62893.95,62903.95,0.0,0,6
1785543130049,1785543130,62894.59,62904.59,0.0,0,6
1785543131096,1785543131,62896.94,62906.94,0.0,0,6
1785543132127,1785543132,62898.17,62908.17,0.0,0,6
1785543133147,1785543133,62896.94,62906.94,0.0,0,6
1785543134237,1785543134,62897.68,62907.68,0.0,0,6
1785543135246,1785543135,62898.83,62908.83,0.0,0,6
1785543136278,1785543136,62898.97,62908.97,0.0,0,6
1785543137287,1785543137,62899.2,62909.2,0.0,0,6
1785543138377,1785543138,62899.36,62909.36,0.0,0,6
1785543139397,1785543139,62897.73,62907.73,0.0,0,6
1785543140469,1785543140,62898.34,62908.34,0.0,0,6
1785543141546,1785543141,62897.52,62907.52,0.0,0,6
1785543142657,1785543142,62897.74,62907.74,0.0,0,6
1785543143687,1785543143,62896.92,62906.92,0.0,0,6
1785543144747,1785543144,62896.79,62906.79,0.0,0,6
1785543145766,1785543145,62896.5,62906.5,0.0,0,6
1785543146807,1785543146,62897.1,62907.1,0.0,0,6
1785543148057,1785543148,62896.83,62906.83,0.0,0,6
1785543149222,1785543149,62895.76,62905.76,0.0,0,6
1785543150248,1785543150,62895.86,62905.86,0.0,0,6
1785543151377,1785543151,62894.95,62904.95,0.0,0,6
1785543152507,1785543152,62894.47,62904.47,0.0,0,6
1785543153694,1785543153,62894.45,62904.45,0.0,0,6
1785543154696,1785543154,62894.48,62904.48,0.0,0,6
1785543154933,1785543154,62897.49,62907.49,0.0,0,6
1785543156058,1785543156,62898.34,62908.34,0.0,0,6
1785543157559,1785543157,62903.13,62913.13,0.0,0,6
1785543158649,1785543158,62903.09,62913.09,0.0,0,6
1785543159699,1785543159,62903.04,62913.04,0.0,0,6
1785543160707,1785543160,62903.0,62913.0,0.0,0,6
1785543161863,1785543161,62902.95,62912.95,0.0,0,6
1785543162967,1785543162,62902.9,62912.9,0.0,0,6
1785543164998,1785543164,62902.82,62912.82,0.0,0,6
1785543166001,1785543166,62902.78,62912.78,0.0,0,6
1785543167140,1785543167,62902.73,62912.73,0.0,0,6
1785543169387,1785543169,62903.94,62913.94,0.0,0,6
1785543170302,1785543170,62905.38,62915.38,0.0,0,6
1785543170313,1785543170,62899.93,62909.93,0.0,0,6
1785543170327,1785543170,62897.45,62907.45,0.0,0,6
1785543170357,1785543170,62894.85,62904.85,0.0,0,6
1785543171365,1785543171,62895.13,62905.13,0.0,0,6
1785543172386,1785543172,62895.38,62905.38,0.0,0,6
1785543173405,1785543173,62896.25,62906.25,0.0,0,6
1785543174482,1785543174,62896.05,62906.05,0.0,0,6
1785543175578,1785543175,62897.3,62907.3,0.0,0,6
1785543176597,1785543176,62897.19,62907.19,0.0,0,6
1785543177937,1785543177,62896.6,62906.6,0.0,0,6
1785543179161,1785543179,62895.9,62905.9,0.0,0,6
1785543180187,1785543180,62896.58,62906.58,0.0,0,6
1785543181188,1785543181,62896.07,62906.07,0.0,0,6
1785543182210,1785543182,62895.54,62905.54,0.0,0,6
1785543183472,1785543183,62894.61,62904.61,0.0,0,6
1785543184477,1785543184,62892.97,62902.97,0.0,0,6
1785543185762,1785543185,62893.13,62903.13,0.0,0,6
1785543186888,1785543186,62892.21,62902.21,0.0,0,6
1785543206138,1785543206,62892.23,62902.23,0.0,0,6
1785543207507,1785543207,62892.87,62902.87,0.0,0,6
1785543208642,1785543208,62893.68,62903.68,0.0,0,6
1785543209945,1785543209,62894.17,62904.17,0.0,0,6
1785543211009,1785543211,62894.96,62904.96,0.0,0,6
1785543212065,1785543212,62895.04,62905.04,0.0,0,6
1785543213141,1785543213,62895.53,62905.53,0.0,0,6
1785543214221,1785543214,62895.34,62905.34,0.0,0,6
1785543215237,1785543215,62896.03,62906.03,0.0,0,6
1785543216423,1785543216,62896.42,62906.42,0.0,0,6
1785543217447,1785543217,62896.51,62906.51,0.0,0,6
1785543220770,1785543220,62896.52,62906.52,0.0,0,6
1785543222937,1785543222,62896.53,62906.53,0.0,0,6
1785543224037,1785543224,62896.66,62906.66,0.0,0,6
1785543225477,1785543225,62896.78,62906.78,0.0,0,6
1785543226488,1785543226,62897.42,62907.42,0.0,0,6
1785543227518,1785543227,62897.68,62907.68,0.0,0,6
1785543228587,1785543228,62897.15,62907.15,0.0,0,6
1785543229617,1785543229,62897.49,62907.49,0.0,0,6
1785543230647,1785543230,62897.5,62907.5,0.0,0,6
1785543231693,1785543231,62897.81,62907.81,0.0,0,6
1785543232707,1785543232,62896.99,62906.99,0.0,0,6
1785543233747,1785543233,62896.57,62906.57,0.0,0,6
1785543236047,1785543236,62896.79,62906.79,0.0,0,6
1785543237163,1785543237,62900.11,62910.11,0.0,0,6
1785543238692,1785543238,62899.16,62909.16,0.0,0,6
1785543239730,1785543239,62896.87,62906.87,0.0,0,6
1785543240121,1785543240,62898.63,62908.63,0.0,0,6
1785543240224,1785543240,62900.86,62910.86,0.0,0,6
1785543241294,1785543241,62902.81,62912.81,0.0,0,6
1785543242327,1785543242,62903.65,62913.65,0.0,0,6
1785543243467,1785543243,62904.12,62914.12,0.0,0,6
1785543244548,1785543244,62904.95,62914.95,0.0,0,6
1785543245569,1785543245,62905.1,62915.1,0.0,0,6
1785543246807,1785543246,62902.07,62912.07,0.0,0,6
1785543248244,1785543248,62906.33,62916.33,0.0,0,6
1785543249306,1785543249,62901.61,62911.61,0.0,0,6
1785543250490,1785543250,62901.58,62911.58,0.0,0,6
1785543251780,1785543251,62901.88,62911.88,0.0,0,6
1785543252969,1785543252,62901.87,62911.87,0.0,0,6
1785543254205,1785543254,62903.27,62913.27,0.0,0,6
1785543255214,1785543255,62902.09,62912.09,0.0,0,6
1785543256238,1785543256,62901.61,62911.61,0.0,0,6
1785543257308,1785543257,62901.35,62911.35,0.0,0,6
1785543259621,1785543259,62898.63,62908.63,0.0,0,6
1785543260719,1785543260,62899.23,62909.23,0.0,0,6
1785543261739,1785543261,62898.98,62908.98,0.0,0,6
1785543262759,1785543262,62899.87,62909.87,0.0,0,6
1785543263789,1785543263,62899.13,62909.13,0.0,0,6
1785543264507,1785543264,62904.79,62914.79,0.0,0,6
1785543265515,1785543265,62905.45,62915.45,0.0,0,6
1785543266550,1785543266,62906.75,62916.75,0.0,0,6
1785543267549,1785543267,62906.59,62916.59,0.0,0,6
1785543268600,1785543268,62906.75,62916.75,0.0,0,6
1785543269750,1785543269,62907.48,62917.48,0.0,0,6
1785543270789,1785543270,62904.07,62914.07,0.0,0,6
1785543271829,1785543271,62902.12,62912.12,0.0,0,6
1785543272859,1785543272,62902.15,62912.15,0.0,0,6
1785543273989,1785543273,62903.57,62913.57,0.0,0,6
1785543275096,1785543275,62903.8,62913.8,0.0,0,6
1785543276121,1785543276,62904.4,62914.4,0.0,0,6
1785543277210,1785543277,62906.25,62916.25,0.0,0,6
1785543278226,1785543278,62907.72,62917.72,0.0,0,6
1785543279268,1785543279,62906.18,62916.18,0.0,0,6
1785543280320,1785543280,62902.04,62912.04,0.0,0,6
1785543281329,1785543281,62900.61,62910.61,0.0,0,6
1785543282370,1785543282,62899.12,62909.12,0.0,0,6
1785543283390,1785543283,62898.38,62908.38,0.0,0,6
1785543284511,1785543284,62899.21,62909.21,0.0,0,6
1785543285335,1785543285,62896.16,62906.16,0.0,0,6
1785543285393,1785543285,62894.45,62904.45,0.0,0,6
1785543286399,1785543286,62895.09,62905.09,0.0,0,6
1785543287095,1785543287,62893.13,62903.13,0.0,0,6
1785543287104,1785543287,62888.6,62898.6,0.0,0,6
1785543287115,1785543287,62885.98,62895.98,0.0,0,6
1785543287164,1785543287,62884.34,62894.34,0.0,0,6
1785543288167,1785543288,62887.5,62897.5,0.0,0,6
1785543288970,1785543288,62887.27,62897.27,0.0,0,6
1785543290020,1785543290,62887.64,62897.64,0.0,0,6
1785543291019,1785543291,62887.91,62897.91,0.0,0,6
1785543292059,1785543292,62890.04,62900.04,0.0,0,6
1785543293090,1785543293,62886.59,62896.59,0.0,0,6
1785543294186,1785543294,62886.34,62896.34,0.0,0,6
1785543295193,1785543295,62886.76,62896.76,0.0,0,6
1785543296253,1785543296,62889.82,62899.82,0.0,0,6
1785543297277,1785543297,62888.26,62898.26,0.0,0,6
1785543298303,1785543298,62886.93,62896.93,0.0,0,6
1785543298934,1785543298,62885.83,62895.83,0.0,0,6
1785543298961,1785543298,62883.71,62893.71,0.0,0,6
1785543300080,1785543300,62884.16,62894.16,0.0,0,6
1785543301089,1785543301,62882.95,62892.95,0.0,0,6
1785543301672,1785543301,62882.87,62892.87,0.0,0,6
1785543301702,1785543301,62891.62,62901.62,0.0,0,6
1785543302709,1785543302,62891.63,62901.63,0.0,0,6
1785543303763,1785543303,62890.69,62900.69,0.0,0,6
1785543304771,1785543304,62891.62,62901.62,0.0,0,6
1785543305790,1785543305,62891.57,62901.57,0.0,0,6
1785543306893,1785543306,62888.27,62898.27,0.0,0,6
1785543307969,1785543307,62888.91,62898.91,0.0,0,6
1785543308970,1785543308,62886.93,62896.93,0.0,0,6
1785543309971,1785543309,62885.1,62895.1,0.0,0,6
1785543311036,1785543311,62884.12,62894.12,0.0,0,6
1785543312051,1785543312,62883.59,62893.59,0.0,0,6
1785543313076,1785543313,62883.58,62893.58,0.0,0,6
1785543314162,1785543314,62883.59,62893.59,0.0,0,6
1785543316190,1785543316,62884.48,62894.48,0.0,0,6
1785543317330,1785543317,62884.53,62894.53,0.0,0,6
1785543318317,1785543318,62888.89,62898.89,0.0,0,6
1785543319599,1785543319,62886.82,62896.82,0.0,0,6
1785543320651,1785543320,62886.84,62896.84,0.0,0,6
1785543321717,1785543321,62886.85,62896.85,0.0,0,6
1785543323852,1785543323,62886.86,62896.86,0.0,0,6
1785543324879,1785543324,62886.87,62896.87,0.0,0,6
1785543325909,1785543325,62886.88,62896.88,0.0,0,6
1785543326957,1785543326,62887.39,62897.39,0.0,0,6
1785543328050,1785543328,62887.89,62897.89,0.0,0,6
1785543329924,1785543329,62888.09,62898.09,0.0,0,6
1785543330083,1785543330,62889.55,62899.55,0.0,0,6
1785543330134,1785543330,62890.8,62900.8,0.0,0,6
1785543331149,1785543331,62890.79,62900.79,0.0,0,6
1785543332258,1785543332,62891.24,62901.24,0.0,0,6
1785543332293,1785543332,62893.56,62903.56,0.0,0,6
1785543333400,1785543333,62896.76,62906.76,0.0,0,6
1785543334500,1785543334,62895.56,62905.56,0.0,0,6
1785543335507,1785543335,62896.41,62906.41,0.0,0,6
1785543336480,1785543336,62897.25,62907.25,0.0,0,6
1785543337550,1785543337,62897.16,62907.16,0.0,0,6
1785543338590,1785543338,62896.73,62906.73,0.0,0,6
1785543339599,1785543339,62896.27,62906.27,0.0,0,6
1785543340691,1785543340,62896.4,62906.4,0.0,0,6
1785543341709,1785543341,62896.49,62906.49,0.0,0,6
1785543342829,1785543342,62897.16,62907.16,0.0,0,6
1785543343831,1785543343,62896.73,62906.73,0.0,0,6
1785543344906,1785543344,62897.75,62907.75,0.0,0,6
1785543345984,1785543345,62898.35,62908.35,0.0,0,6
1785543346039,1785543346,62900.54,62910.54,0.0,0,6
1785543347039,1785543347,62901.18,62911.18,0.0,0,6
1785543348040,1785543348,62900.24,62910.24,0.0,0,6
1785543349100,1785543349,62899.07,62909.07,0.0,0,6
1785543350129,1785543350,62898.75,62908.75,0.0,0,6
1785543351182,1785543351,62899.37,62909.37,0.0,0,6
1785543352194,1785543352,62899.63,62909.63,0.0,0,6
1785543353277,1785543353,62900.97,62910.97,0.0,0,6
1785543354287,1785543354,62901.78,62911.78,0.0,0,6
1785543355369,1785543355,62901.31,62911.31,0.0,0,6
1785543356400,1785543356,62899.46,62909.46,0.0,0,6
1785543357716,1785543357,62898.43,62908.43,0.0,0,6
1785543358807,1785543358,62897.98,62907.98,0.0,0,6
1785543359944,1785543359,62899.68,62909.68,0.0,0,6
1785543360975,1785543360,62895.63,62905.63,0.0,0,6
1785543362025,1785543362,62894.04,62904.04,0.0,0,6
1785543363032,1785543363,62895.14,62905.14,0.0,0,6
1785543364107,1785543364,62894.3,62904.3,0.0,0,6
1785543365163,1785543365,62892.42,62902.42,0.0,0,6
1785543366245,1785543366,62894.88,62904.88,0.0,0,6
1785543367261,1785543367,62894.43,62904.43,0.0,0,6
1785543368488,1785543368,62892.52,62902.52,0.0,0,6
1785543369506,1785543369,62892.13,62902.13,0.0,0,6
1785543370638,1785543370,62893.27,62903.27,0.0,0,6
1785543371710,1785543371,62893.95,62903.95,0.0,0,6
1785543372723,1785543372,62892.89,62902.89,0.0,0,6
1785543373795,1785543373,62891.44,62901.44,0.0,0,6
1785543374861,1785543374,62892.05,62902.05,0.0,0,6
1785543375887,1785543375,62892.8,62902.8,0.0,0,6
1785543376972,1785543376,62892.35,62902.35,0.0,0,6
1785543378443,1785543378,62891.08,62901.08,0.0,0,6
1785543379448,1785543379,62891.79,62901.79,0.0,0,6
1785543380519,1785543380,62891.88,62901.88,0.0,0,6
1785543381580,1785543381,62893.87,62903.87,0.0,0,6
1785543382704,1785543382,62893.61,62903.61,0.0,0,6
1785543383736,1785543383,62893.51,62903.51,0.0,0,6
1785543384737,1785543384,62893.29,62903.29,0.0,0,6
1785543385764,1785543385,62893.59,62903.59,0.0,0,6
1785543386780,1785543386,62893.72,62903.72,0.0,0,6
1785543387800,1785543387,62893.65,62903.65,0.0,0,6
1785543388876,1785543388,62892.19,62902.19,0.0,0,6
1785543390009,1785543390,62892.31,62902.31,0.0,0,6
1785543391059,1785543391,62892.12,62902.12,0.0,0,6
1785543392109,1785543392,62890.77,62900.77,0.0,0,6
1785543393151,1785543393,62891.34,62901.34,0.0,0,6
1785543394239,1785543394,62890.72,62900.72,0.0,0,6
1785543395506,1785543395,62890.7,62900.7,0.0,0,6
1785543396687,1785543396,62891.54,62901.54,0.0,0,6
1785543397703,1785543397,62891.87,62901.87,0.0,0,6
1785543398815,1785543398,62890.61,62900.61,0.0,0,6
1785543399832,1785543399,62890.7,62900.7,0.0,0,6
1785543400868,1785543400,62890.85,62900.85,0.0,0,6
1785543401949,1785543401,62890.9,62900.9,0.0,0,6
1785543402995,1785543402,62890.57,62900.57,0.0,0,6
1785543404151,1785543404,62891.64,62901.64,0.0,0,6
1785543405215,1785543405,62891.39,62901.39,0.0,0,6
1785543406277,1785543406,62891.99,62901.99,0.0,0,6
1785543407418,1785543407,62890.6,62900.6,0.0,0,6
1785543408477,1785543408,62890.53,62900.53,0.0,0,6
1785543409528,1785543409,62890.75,62900.75,0.0,0,6
1785543410547,1785543410,62891.19,62901.19,0.0,0,6
1785543411586,1785543411,62891.58,62901.58,0.0,0,6
1785543412588,1785543412,62892.0,62902.0,0.0,0,6
1785543413637,1785543413,62893.17,62903.17,0.0,0,6
1785543414720,1785543414,62894.78,62904.78,0.0,0,6
1785543415769,1785543415,62897.3,62907.3,0.0,0,6
1785543416800,1785543416,62899.51,62909.51,0.0,0,6
1785543417880,1785543417,62898.3,62908.3,0.0,0,6
1785543418949,1785543418,62898.27,62908.27,0.0,0,6
1785543420069,1785543420,62897.9,62907.9,0.0,0,6
1785543421106,1785543421,62898.65,62908.65,0.0,0,6
1785543422210,1785543422,62897.03,62907.03,0.0,0,6
1785543423319,1785543423,62896.07,62906.07,0.0,0,6
1785543424419,1785543424,62895.77,62905.77,0.0,0,6
1785543425470,1785543425,62895.2,62905.2,0.0,0,6
1785543426509,1785543426,62894.86,62904.86,0.0,0,6
1785543427591,1785543427,62896.22,62906.22,0.0,0,6
1785543428669,1785543428,62897.73,62907.73,0.0,0,6
1785543429699,1785543429,62898.13,62908.13,0.0,0,6
1785543430780,1785543430,62896.59,62906.59,0.0,0,6
1785543431970,1785543431,62897.73,62907.73,0.0,0,6
1785543433367,1785543433,62897.81,62907.81,0.0,0,6
1785543434469,1785543434,62899.34,62909.34,0.0,0,6
1785543435615,1785543435,62899.99,62909.99,0.0,0,6
1785543436682,1785543436,62899.95,62909.95,0.0,0,6
1785543437739,1785543437,62898.16,62908.16,0.0,0,6
1785543438759,1785543438,62898.4,62908.4,0.0,0,6
1785543440239,1785543440,62898.22,62908.22,0.0,0,6
1785543441309,1785543441,62899.26,62909.26,0.0,0,6
1785543442376,1785543442,62899.3,62909.3,0.0,0,6
1785543443386,1785543443,62899.62,62909.62,0.0,0,6
1785543444489,1785543444,62900.55,62910.55,0.0,0,6
1785543445504,1785543445,62900.68,62910.68,0.0,0,6
1785543446822,1785543446,62900.77,62910.77,0.0,0,6
1785543447859,1785543447,62901.71,62911.71,0.0,0,6
1785543449027,1785543449,62901.37,62911.37,0.0,0,6
1785543450080,1785543450,62898.35,62908.35,0.0,0,6
1785543451120,1785543451,62898.23,62908.23,0.0,0,6
1785543452219,1785543452,62899.0,62909.0,0.0,0,6
1785543453307,1785543453,62900.55,62910.55,0.0,0,6
1785543454499,1785543454,62900.69,62910.69,0.0,0,6
1785543455519,1785543455,62902.72,62912.72,0.0,0,6
1785543456599,1785543456,62900.9,62910.9,0.0,0,6
1785543457870,1785543457,62899.84,62909.84,0.0,0,6
1785543459029,1785543459,62899.83,62909.83,0.0,0,6
1785543460049,1785543460,62899.18,62909.18,0.0,0,6
1785543461129,1785543461,62896.75,62906.75,0.0,0,6
1785543462259,1785543462,62895.0,62905.0,0.0,0,6
1785543463491,1785543463,62894.85,62904.85,0.0,0,6
1785543464530,1785543464,62894.72,62904.72,0.0,0,6
1785543465641,1785543465,62894.79,62904.79,0.0,0,6
1785543466704,1785543466,62894.67,62904.67,0.0,0,6
1785543467706,1785543467,62894.55,62904.55,0.0,0,6
1785543468706,1785543468,62894.28,62904.28,0.0,0,6
1785543469759,1785543469,62894.23,62904.23,0.0,0,6
1785543470771,1785543470,62894.35,62904.35,0.0,0,6
1785543471843,1785543471,62894.12,62904.12,0.0,0,6
1785543472859,1785543472,62894.11,62904.11,0.0,0,6
1785543473880,1785543473,62894.09,62904.09,0.0,0,6
1785543475110,1785543475,62894.11,62904.11,0.0,0,6
1785543476190,1785543476,62894.07,62904.07,0.0,0,6
1785543477249,1785543477,62894.04,62904.04,0.0,0,6
1785543478251,1785543478,62894.02,62904.02,0.0,0,6
1785543479270,1785543479,62894.41,62904.41,0.0,0,6
1785543480369,1785543480,62893.97,62903.97,0.0,0,6
1785543481405,1785543481,62894.27,62904.27,0.0,0,6
1785543482440,1785543482,62894.56,62904.56,0.0,0,6
1785543483559,1785543483,62894.32,62904.32,0.0,0,6
1785543484332,1785543484,62890.64,62900.64,0.0,0,6
1785543484376,1785543484,62889.17,62899.17,0.0,0,6
1785543484410,1785543484,62887.88,62897.88,0.0,0,6
1785543484451,1785543484,62884.68,62894.68,0.0,0,6
1785543485509,1785543485,62883.95,62893.95,0.0,0,6
1785543486530,1785543486,62887.41,62897.41,0.0,0,6
1785543487569,1785543487,62886.23,62896.23,0.0,0,6
1785543488906,1785543488,62889.21,62899.21,0.0,0,6
1785543489909,1785543489,62887.76,62897.76,0.0,0,6
1785543491489,1785543491,62888.46,62898.46,0.0,0,6
1785543492227,1785543492,62884.27,62894.27,0.0,0,6
1785543493348,1785543493,62885.67,62895.67,0.0,0,6
1785543494356,1785543494,62885.75,62895.75,0.0,0,6
1785543495367,1785543495,62884.51,62894.51,0.0,0,6
1785543496435,1785543496,62884.09,62894.09,0.0,0,6
1785543497435,1785543497,62883.85,62893.85,0.0,0,6
1785543498533,1785543498,62884.46,62894.46,0.0,0,6
1785543499649,1785543499,62883.76,62893.76,0.0,0,6
1785543500689,1785543500,62881.27,62891.27,0.0,0,6
1785543501035,1785543501,62878.52,62888.52,0.0,0,6
1785543501149,1785543501,62877.08,62887.08,0.0,0,6
1785543501149,1785543501,62875.43,62885.43,0.0,0,6
1785543501701,1785543501,62874.7,62884.7,0.0,0,6
1785543502704,1785543502,62877.4,62887.4,0.0,0,6
1785543503428,1785543503,62872.84,62882.84,0.0,0,6
1785543503438,1785543503,62870.74,62880.74,0.0,0,6
1785543503459,1785543503,62869.24,62879.24,0.0,0,6
1785543503491,1785543503,62866.39,62876.39,0.0,0,6
1785543503516,1785543503,62864.85,62874.85,0.0,0,6
1785543503630,1785543503,62863.16,62873.16,0.0,0,6
1785543504656,1785543504,62863.92,62873.92,0.0,0,6
1785543505689,1785543505,62864.48,62874.48,0.0,0,6
1785543506724,1785543506,62867.35,62877.35,0.0,0,6
1785543507769,1785543507,62864.88,62874.88,0.0,0,6
1785543508770,1785543508,62868.18,62878.18,0.0,0,6
1785543509876,1785543509,62871.44,62881.44,0.0,0,6
1785543510897,1785543510,62871.49,62881.49,0.0,0,6
1785543511909,1785543511,62870.59,62880.59,0.0,0,6
1785543512419,1785543512,62879.75,62889.75,0.0,0,6
1785543513419,1785543513,62880.61,62890.61,0.0,0,6
1785543514484,1785543514,62877.18,62887.18,0.0,0,6
1785543515493,1785543515,62876.42,62886.42,0.0,0,6
1785543516498,1785543516,62874.4,62884.4,0.0,0,6
1785543517500,1785543517,62873.59,62883.59,0.0,0,6
1785543521839,1785543521,62873.66,62883.66,0.0,0,6
1785543522880,1785543522,62875.46,62885.46,0.0,0,6
1785543523929,1785543523,62874.6,62884.6,0.0,0,6
1785543524948,1785543524,62876.65,62886.65,0.0,0,6
1785543526030,1785543526,62877.38,62887.38,0.0,0,6
1785543527100,1785543527,62877.43,62887.43,0.0,0,6
1785543528249,1785543528,62878.05,62888.05,0.0,0,6
1785543529349,1785543529,62877.8,62887.8,0.0,0,6
1785543530678,1785543530,62874.69,62884.69,0.0,0,6
1785543531679,1785543531,62874.54,62884.54,0.0,0,6
1785543532719,1785543532,62873.61,62883.61,0.0,0,6
1785543533800,1785543533,62865.82,62875.82,0.0,0,6
1785543534840,1785543534,62865.85,62875.85,0.0,0,6
1785543535859,1785543535,62867.95,62877.95,0.0,0,6
1785543537058,1785543537,62869.98,62879.98,0.0,0,6
1785543538090,1785543538,62873.95,62883.95,0.0,0,6
1785543539170,1785543539,62870.78,62880.78,0.0,0,6
1785543540201,1785543540,62870.25,62880.25,0.0,0,6
1785543541300,1785543541,62866.73,62876.73,0.0,0,6
1785543542419,1785543542,62865.35,62875.35,0.0,0,6
1785543543462,1785543543,62867.57,62877.57,0.0,0,6
1785543544491,1785543544,62865.87,62875.87,0.0,0,6
1785543545739,1785543545,62867.07,62877.07,0.0,0,6
1785543546825,1785543546,62867.46,62877.46,0.0,0,6
1785543547853,1785543547,62869.33,62879.33,0.0,0,6
1785543549219,1785543549,62871.08,62881.08,0.0,0,6
1785543550339,1785543550,62870.36,62880.36,0.0,0,6
1785543551649,1785543551,62868.19,62878.19,0.0,0,6
1785543552649,1785543552,62865.32,62875.32,0.0,0,6
1785543553661,1785543553,62865.33,62875.33,0.0,0,6
1785543553993,1785543553,62862.38,62872.38,0.0,0,6
1785543555007,1785543555,62864.85,62874.85,0.0,0,6
1785543556023,1785543556,62863.74,62873.74,0.0,0,6
1785543557040,1785543557,62868.44,62878.44,0.0,0,6
1785543558375,1785543558,62868.56,62878.56,0.0,0,6
1785543559430,1785543559,62868.61,62878.61,0.0,0,6
1785543560449,1785543560,62868.43,62878.43,0.0,0,6
1785543560507,1785543560,62866.5,62876.5,0.0,0,6
1785543561508,1785543561,62866.33,62876.33,0.0,0,6
1785543562610,1785543562,62865.08,62875.08,0.0,0,6
1785543563634,1785543563,62865.87,62875.87,0.0,0,6
1785543564693,1785543564,62865.73,62875.73,0.0,0,6
1785543565704,1785543565,62863.79,62873.79,0.0,0,6
1785543566756,1785543566,62860.97,62870.97,0.0,0,6
1785543567947,1785543567,62862.75,62872.75,0.0,0,6
1785543568996,1785543568,62862.44,62872.44,0.0,0,6
1785543570023,1785543570,62864.13,62874.13,0.0,0,6
1785543571152,1785543571,62863.3,62873.3,0.0,0,6
1785543572289,1785543572,62861.64,62871.64,0.0,0,6
1785543572634,1785543572,62870.49,62880.49,0.0,0,6
1785543572644,1785543572,62872.29,62882.29,0.0,0,6
1785543573746,1785543573,62874.22,62884.22,0.0,0,6
1785543574799,1785543574,62873.33,62883.33,0.0,0,6
1785543575849,1785543575,62872.02,62882.02,0.0,0,6
1785543576885,1785543576,62870.9,62880.9,0.0,0,6
1785543577855,1785543577,62875.87,62885.87,0.0,0,6
1785543577871,1785543577,62877.42,62887.42,0.0,0,6
1785543577900,1785543577,62879.39,62889.39,0.0,0,6
1785543577928,1785543577,62880.87,62890.87,0.0,0,6
1785543578028,1785543578,62883.49,62893.49,0.0,0,6
1785543579069,1785543579,62882.27,62892.27,0.0,0,6
1785543579335,1785543579,62884.0,62894.0,0.0,0,6
1785543579370,1785543579,62888.15,62898.15,0.0,0,6
1785543579424,1785543579,62889.67,62899.67,0.0,0,6
1785543579508,1785543579,62892.07,62902.07,0.0,0,6
1785543579533,1785543579,62894.62,62904.62,0.0,0,6
1785543579545,1785543579,62898.43,62908.43,0.0,0,6
1785543579641,1785543579,62900.24,62910.24,0.0,0,6
1785543579745,1785543579,62901.52,62911.52,0.0,0,6
1785543579875,1785543579,62903.85,62913.85,0.0,0,6
1785543580886,1785543580,62901.02,62911.02,0.0,0,6
1785543581906,1785543581,62901.67,62911.67,0.0,0,6
1785543582907,1785543582,62899.04,62909.04,0.0,0,6
1785543583950,1785543583,62906.68,62916.68,0.0,0,6
1785543585107,1785543585,62904.63,62914.63,0.0,0,6
1785543586107,1785543586,62898.73,62908.73,0.0,0,6
1785543587308,1785543587,62898.76,62908.76,0.0,0,6
1785543588449,1785543588,62898.78,62908.78,0.0,0,6
1785543589620,1785543589,62898.81,62908.81,0.0,0,6
1785543590637,1785543590,62899.77,62909.77,0.0,0,6
1785543591641,1785543591,62902.38,62912.38,0.0,0,6
1785543592719,1785543592,62901.77,62911.77,0.0,0,6
1785543593821,1785543593,62901.62,62911.62,0.0,0,6
1785543594850,1785543594,62902.4,62912.4,0.0,0,6
1785543595848,1785543595,62896.63,62906.63,0.0,0,6
1785543595863,1785543595,62894.49,62904.49,0.0,0,6
1785543595940,1785543595,62892.74,62902.74,0.0,0,6
1785543596999,1785543596,62891.99,62901.99,0.0,0,6
1785543597454,1785543597,62888.84,62898.84,0.0,0,6
1785543598481,1785543598,62888.1,62898.1,0.0,0,6
1785543599490,1785543599,62889.2,62899.2,0.0,0,6
1785543600508,1785543600,62886.06,62896.06,0.0,0,6
1785543601545,1785543601,62886.1,62896.1,0.0,0,6
1785543602589,1785543602,62886.37,62896.37,0.0,0,6
1785543604107,1785543604,62886.19,62896.19,0.0,0,6
1785543605339,1785543605,62886.23,62896.23,0.0,0,6
1785543606379,1785543606,62886.27,62896.27,0.0,0,6
1785543607506,1785543607,62887.78,62897.78,0.0,0,6
1785543608568,1785543608,62887.29,62897.29,0.0,0,6
1785543609611,1785543609,62888.63,62898.63,0.0,0,6
1785543610645,1785543610,62886.65,62896.65,0.0,0,6
1785543611645,1785543611,62887.98,62897.98,0.0,0,6
1785543612704,1785543612,62888.45,62898.45,0.0,0,6
1785543613724,1785543613,62888.59,62898.59,0.0,0,6
1785543614733,1785543614,62890.06,62900.06,0.0,0,6
1785543615830,1785543615,62890.15,62900.15,0.0,0,6
1785543616454,1785543616,62887.37,62897.37,0.0,0,6
1785543617522,1785543617,62883.98,62893.98,0.0,0,6
1785543618578,1785543618,62883.78,62893.78,0.0,0,6
1785543619704,1785543619,62885.08,62895.08,0.0,0,6
1785543620714,1785543620,62885.34,62895.34,0.0,0,6
1785543621718,1785543621,62885.62,62895.62,0.0,0,6
1785543622732,1785543622,62884.47,62894.47,0.0,0,6
1785543623750,1785543623,62884.1,62894.1,0.0,0,6
1785543624909,1785543624,62885.34,62895.34,0.0,0,6
1785543625986,1785543625,62884.82,62894.82,0.0,0,6
1785543627013,1785543627,62886.22,62896.22,0.0,0,6
1785543628042,1785543628,62886.14,62896.14,0.0,0,6
1785543629244,1785543629,62882.09,62892.09,0.0,0,6
1785543630255,1785543630,62882.54,62892.54,0.0,0,6
1785543631259,1785543631,62882.69,62892.69,0.0,0,6
1785543632280,1785543632,62883.15,62893.15,0.0,0,6
1785543633294,1785543633,62885.09,62895.09,0.0,0,6
1785543634296,1785543634,62885.4,62895.4,0.0,0,6
1785543635363,1785543635,62886.34,62896.34,0.0,0,6
1785543636367,1785543636,62885.49,62895.49,0.0,0,6
1785543637414,1785543637,62884.86,62894.86,0.0,0,6
1785543638474,1785543638,62886.1,62896.1,0.0,0,6
1785543639534,1785543639,62886.49,62896.49,0.0,0,6
1785543640554,1785543640,62891.08,62901.08,0.0,0,6
1785543641839,1785543641,62892.02,62902.02,0.0,0,6
1785543644106,1785543644,62886.67,62896.67,0.0,0,6
1785543645308,1785543645,62886.65,62896.65,0.0,0,6
1785543646516,1785543646,62886.68,62896.68,0.0,0,6
1785543647693,1785543647,62887.21,62897.21,0.0,0,6
1785543648720,1785543648,62887.37,62897.37,0.0,0,6
1785543649349,1785543649,62889.91,62899.91,0.0,0,6
1785543649410,1785543649,62891.53,62901.53,0.0,0,6
1785543650449,1785543650,62890.59,62900.59,0.0,0,6
1785543651627,1785543651,62890.58,62900.58,0.0,0,6
1785543652704,1785543652,62892.15,62902.15,0.0,0,6
1785543653730,1785543653,62892.49,62902.49,0.0,0,6
1785543654870,1785543654,62893.51,62903.51,0.0,0,6
1785543655929,1785543655,62894.7,62904.7,0.0,0,6
1785543657130,1785543657,62898.01,62908.01,0.0,0,6
1785543658323,1785543658,62895.74,62905.74,0.0,0,6
1785543659318,1785543659,62895.02,62905.02,0.0,0,6
1785543660325,1785543660,62893.24,62903.24,0.0,0,6
1785543661468,1785543661,62892.43,62902.43,0.0,0,6
1785543662525,1785543662,62893.36,62903.36,0.0,0,6
1785543663537,1785543663,62894.26,62904.26,0.0,0,6
1785543664694,1785543664,62895.37,62905.37,0.0,0,6
1785543666024,1785543666,62893.43,62903.43,0.0,0,6
1785543667049,1785543667,62893.29,62903.29,0.0,0,6
1785543668081,1785543668,62893.58,62903.58,0.0,0,6
1785543669094,1785543669,62893.1,62903.1,0.0,0,6
1785543670098,1785543670,62893.58,62903.58,0.0,0,6
1785543671222,1785543671,62894.02,62904.02,0.0,0,6
1785543672230,1785543672,62895.04,62905.04,0.0,0,6
1785543674390,1785543674,62894.58,62904.58,0.0,0,6
1785543675453,1785543675,62893.21,62903.21,0.0,0,6
1785543676463,1785543676,62892.93,62902.93,0.0,0,6
1785543677520,1785543677,62891.66,62901.66,0.0,0,6
1785543678727,1785543678,62889.24,62899.24,0.0,0,6
1785543679807,1785543679,62888.68,62898.68,0.0,0,6
1785543680814,1785543680,62887.33,62897.33,0.0,0,6
1785543681906,1785543681,62887.35,62897.35,0.0,0,6
1785543683049,1785543683,62887.48,62897.48,0.0,0,6
1785543684120,1785543684,62887.76,62897.76,0.0,0,6
1785543685211,1785543685,62887.15,62897.15,0.0,0,6
1785543686306,1785543686,62888.8,62898.8,0.0,0,6
1785543687331,1785543687,62888.39,62898.39,0.0,0,6
1785543688357,1785543688,62888.21,62898.21,0.0,0,6
1785543689433,1785543689,62888.23,62898.23,0.0,0,6
1785543690481,1785543690,62887.22,62897.22,0.0,0,6
1785543691488,1785543691,62888.09,62898.09,0.0,0,6
1785543692489,1785543692,62887.66,62897.66,0.0,0,6
1785543693535,1785543693,62888.09,62898.09,0.0,0,6
1785543694553,1785543694,62888.79,62898.79,0.0,0,6
1785543695553,1785543695,62889.89,62899.89,0.0,0,6
1785543696600,1785543696,62890.27,62900.27,0.0,0,6
1785543697950,1785543697,62889.55,62899.55,0.0,0,6
1785543699160,1785543699,62889.21,62899.21,0.0,0,6
1785543700240,1785543700,62887.64,62897.64,0.0,0,6
1785543701329,1785543701,62888.38,62898.38,0.0,0,6
1785543702412,1785543702,62888.25,62898.25,0.0,0,6
1785543703473,1785543703,62884.46,62894.46,0.0,0,6
1785543704478,1785543704,62885.29,62895.29,0.0,0,6
1785543705478,1785543705,62885.74,62895.74,0.0,0,6
1785543706704,1785543706,62885.16,62895.16,0.0,0,6
1785543707721,1785543707,62885.02,62895.02,0.0,0,6
1785543708829,1785543708,62884.52,62894.52,0.0,0,6
1785543709879,1785543709,62884.69,62894.69,0.0,0,6
1785543710933,1785543710,62884.54,62894.54,0.0,0,6
1785543711970,1785543711,62884.55,62894.55,0.0,0,6
1785543712972,1785543712,62884.99,62894.99,0.0,0,6
1785543714043,1785543714,62887.16,62897.16,0.0,0,6
1785543715326,1785543715,62887.96,62897.96,0.0,0,6
1785543716353,1785543716,62890.86,62900.86,0.0,0,6
1785543717356,1785543717,62892.6,62902.6,0.0,0,6
1785543718400,1785543718,62894.32,62904.32,0.0,0,6
1785543719447,1785543719,62895.38,62905.38,0.0,0,6
1785543720590,1785543720,62895.15,62905.15,0.0,0,6
1785543721632,1785543721,62895.42,62905.42,0.0,0,6
1785543722725,1785543722,62895.56,62905.56,0.0,0,6
1785543723861,1785543723,62892.37,62902.37,0.0,0,6
1785543725117,1785543725,62891.62,62901.62,0.0,0,6
1785543726192,1785543726,62891.78,62901.78,0.0,0,6
1785543727089,1785543727,62890.37,62900.37,0.0,0,6
1785543727162,1785543727,62891.77,62901.77,0.0,0,6
1785543728270,1785543728,62890.67,62900.67,0.0,0,6
1785543729362,1785543729,62891.93,62901.93,0.0,0,6
1785543730430,1785543730,62890.7,62900.7,0.0,0,6
1785543731507,1785543731,62890.71,62900.71,0.0,0,6
1785543732517,1785543732,62891.97,62901.97,0.0,0,6
1785543733563,1785543733,62891.5,62901.5,0.0,0,6
1785543734632,1785543734,62891.66,62901.66,0.0,0,6
1785543735648,1785543735,62892.41,62902.41,0.0,0,6
1785543735694,1785543735,62887.51,62897.51,0.0,0,6
1785543735729,1785543735,62884.62,62894.62,0.0,0,6
1785543735783,1785543735,62882.73,62892.73,0.0,0,6
1785543735832,1785543735,62881.28,62891.28,0.0,0,6
1785543735923,1785543735,62877.29,62887.29,0.0,0,6
1785543736949,1785543736,62879.49,62889.49,0.0,0,6
1785543737970,1785543737,62879.59,62889.59,0.0,0,6
1785543738862,1785543738,62880.26,62890.26,0.0,0,6
1785543738964,1785543738,62886.23,62896.23,0.0,0,6
1785543739076,1785543739,62888.61,62898.61,0.0,0,6
1785543739098,1785543739,62890.61,62900.61,0.0,0,6
1785543739238,1785543739,62892.35,62902.35,0.0,0,6
1785543740301,1785543740,62895.55,62905.55,0.0,0,6
1785543741340,1785543741,62893.05,62903.05,0.0,0,6
1785543741568,1785543741,62895.54,62905.54,0.0,0,6
1785543742569,1785543742,62894.26,62904.26,0.0,0,6
1785543743620,1785543743,62894.39,62904.39,0.0,0,6
1785543744707,1785543744,62891.68,62901.68,0.0,0,6
1785543745708,1785543745,62892.27,62902.27,0.0,0,6
1785543745724,1785543745,62894.67,62904.67,0.0,0,6
1785543745785,1785543745,62896.28,62906.28,0.0,0,6
1785543745840,1785543745,62897.73,62907.73,0.0,0,6
1785543746924,1785543746,62897.14,62907.14,0.0,0,6
1785543747999,1785543747,62897.17,62907.17,0.0,0,6
1785543749113,1785543749,62897.54,62907.54,0.0,0,6
1785543750163,1785543750,62896.4,62906.4,0.0,0,6
1785543751238,1785543751,62896.39,62906.39,0.0,0,6
1785543752290,1785543752,62896.38,62906.38,0.0,0,6
1785543753428,1785543753,62896.37,62906.37,0.0,0,6
1785543757780,1785543757,62898.97,62908.97,0.0,0,6
1785543758784,1785543758,62898.95,62908.95,0.0,0,6
1785543759789,1785543759,62898.93,62908.93,0.0,0,6
1785543761364,1785543761,62901.69,62911.69,0.0,0,6
1785543762320,1785543762,62902.24,62912.24,0.0,0,6
1785543763399,1785543763,62902.19,62912.19,0.0,0,6
1785543764480,1785543764,62904.69,62914.69,0.0,0,6
1785543764568,1785543764,62906.9,62916.9,0.0,0,6
1785543764608,1785543764,62909.36,62919.36,0.0,0,6
1785543765571,1785543765,62910.79,62920.79,0.0,0,6
1785543766589,1785543766,62914.56,62924.56,0.0,0,6
1785543767631,1785543767,62906.5,62916.5,0.0,0,6
1785543769702,1785543769,62906.32,62916.32,0.0,0,6
1785543770674,1785543770,62906.17,62916.17,0.0,0,6
1785543770686,1785543770,62899.24,62909.24,0.0,0,6
1785543770754,1785543770,62895.64,62905.64,0.0,0,6
1785543770889,1785543770,62897.54,62907.54,0.0,0,6
1785543772000,1785543772,62899.13,62909.13,0.0,0,6
1785543773030,1785543773,62902.48,62912.48,0.0,0,6
1785543774100,1785543774,62904.76,62914.76,0.0,0,6
1785543774858,1785543774,62909.97,62919.97,0.0,0,6
1785543775886,1785543775,62910.91,62920.91,0.0,0,6
1785543776897,1785543776,62910.48,62920.48,0.0,0,6
1785543777988,1785543777,62907.28,62917.28,0.0,0,6
1785543778124,1785543778,62901.58,62911.58,0.0,0,6
1785543778240,1785543778,62899.29,62909.29,0.0,0,6
1785543778637,1785543778,62897.92,62907.92,0.0,0,6
1785543779649,1785543779,62896.27,62906.27,0.0,0,6
1785543780669,1785543780,62899.34,62909.34,0.0,0,6
1785543781704,1785543781,62899.08,62909.08,0.0,0,6
1785543782705,1785543782,62898.88,62908.88,0.0,0,6
1785543783737,1785543783,62898.21,62908.21,0.0,0,6
1785543784746,1785543784,62899.76,62909.76,0.0,0,6
1785543785757,1785543785,62900.25,62910.25,0.0,0,6
1785543786810,1785543786,62897.58,62907.58,0.0,0,6
1785543787859,1785543787,62899.89,62909.89,0.0,0,6
1785543789100,1785543789,62900.68,62910.68,0.0,0,6
1785543790129,1785543790,62899.23,62909.23,0.0,0,6
1785543791199,1785543791,62894.66,62904.66,0.0,0,6
1785543792400,1785543792,62896.84,62906.84,0.0,0,6
1785543793604,1785543793,62897.87,62907.87,0.0,0,6
1785543794710,1785543794,62898.58,62908.58,0.0,0,6
1785543795779,1785543795,62900.95,62910.95,0.0,0,6
1785543796906,1785543796,62900.32,62910.32,0.0,0,6
1785543797980,1785543797,62899.67,62909.67,0.0,0,6
1785543799130,1785543799,62899.96,62909.96,0.0,0,6
1785543800251,1785543800,62894.61,62904.61,0.0,0,6
1785543801486,1785543801,62896.93,62906.93,0.0,0,6
1785543802489,1785543802,62897.36,62907.36,0.0,0,6
1785543803620,1785543803,62900.99,62910.99,0.0,0,6
1785543804719,1785543804,62901.44,62911.44,0.0,0,6
1785543805721,1785543805,62900.52,62910.52,0.0,0,6
1785543806745,1785543806,62898.77,62908.77,0.0,0,6
1785543807907,1785543807,62898.69,62908.69,0.0,0,6
1785543809219,1785543809,62898.7,62908.7,0.0,0,6
1785543810261,1785543810,62900.09,62910.09,0.0,0,6
1785543811301,1785543811,62900.5,62910.5,0.0,0,6
1785543812319,1785543812,62898.89,62908.89,0.0,0,6
1785543813400,1785543813,62899.89,62909.89,0.0,0,6
1785543814430,1785543814,62902.8,62912.8,0.0,0,6
1785543815579,1785543815,62902.58,62912.58,0.0,0,6
1785543816707,1785543816,62906.77,62916.77,0.0,0,6
1785543817969,1785543817,62906.78,62916.78,0.0,0,6
1785543819028,1785543819,62906.79,62916.79,0.0,0,6
1785543820040,1785543820,62906.8,62916.8,0.0,0,6
1785543821079,1785543821,62906.81,62916.81,0.0,0,6
1785543822229,1785543822,62906.82,62916.82,0.0,0,6
1785543823259,1785543823,62905.95,62915.95,0.0,0,6
1785543824409,1785543824,62904.54,62914.54,0.0,0,6
1785543825479,1785543825,62901.89,62911.89,0.0,0,6
1785543826539,1785543826,62900.75,62910.75,0.0,0,6
1785543827560,1785543827,62902.25,62912.25,0.0,0,6
1785543828609,1785543828,62902.26,62912.26,0.0,0,6
1785543829706,1785543829,62902.66,62912.66,0.0,0,6
1785543830708,1785543830,62903.58,62913.58,0.0,0,6
1785543832050,1785543832,62904.99,62914.99,0.0,0,6
1785543833183,1785543833,62903.85,62913.85,0.0,0,6
1785543834359,1785543834,62905.39,62915.39,0.0,0,6
1785543835499,1785543835,62905.22,62915.22,0.0,0,6
1785543836539,1785543836,62905.27,62915.27,0.0,0,6
1785543837932,1785543837,62902.97,62912.97,0.0,0,6
1785543838980,1785543838,62903.12,62913.12,0.0,0,6
1785543839987,1785543839,62902.76,62912.76,0.0,0,6
1785543841044,1785543841,62903.22,62913.22,0.0,0,6
1785543842049,1785543842,62901.58,62911.58,0.0,0,6
1785543843113,1785543843,62902.85,62912.85,0.0,0,6
1785543844160,1785543844,62903.27,62913.27,0.0,0,6
1785543845179,1785543845,62902.7,62912.7,0.0,0,6
1785543846209,1785543846,62903.34,62913.34,0.0,0,6
1785543847239,1785543847,62902.28,62912.28,0.0,0,6
1785543848419,1785543848,62902.87,62912.87,0.0,0,6
1785543849459,1785543849,62901.12,62911.12,0.0,0,6
1785543850634,1785543850,62900.53,62910.53,0.0,0,6
1785543851900,1785543851,62901.27,62911.27,0.0,0,6
1785543853020,1785543853,62900.72,62910.72,0.0,0,6
1785543854069,1785543854,62902.04,62912.04,0.0,0,6
1785543855171,1785543855,62902.16,62912.16,0.0,0,6
1785543856188,1785543856,62900.37,62910.37,0.0,0,6
1785543857189,1785543857,62899.16,62909.16,0.0,0,6
1785543858261,1785543858,62899.71,62909.71,0.0,0,6
1785543859290,1785543859,62900.3,62910.3,0.0,0,6
1785543860307,1785543860,62899.12,62909.12,0.0,0,6
1785543861573,1785543861,62902.46,62912.46,0.0,0,6
1785543862630,1785543862,62900.06,62910.06,0.0,0,6
1785543863687,1785543863,62900.17,62910.17,0.0,0,6
1785543864702,1785543864,62900.68,62910.68,0.0,0,6
1785543865704,1785543865,62901.49,62911.49,0.0,0,6
1785543866740,1785543866,62901.23,62911.23,0.0,0,6
1785543867745,1785543867,62901.38,62911.38,0.0,0,6
1785543868774,1785543868,62900.99,62910.99,0.0,0,6
1785543869795,1785543869,62899.93,62909.93,0.0,0,6
1785543870883,1785543870,62901.81,62911.81,0.0,0,6
1785543871919,1785543871,62902.56,62912.56,0.0,0,6
1785543873080,1785543873,62904.3,62914.3,0.0,0,6
1785543874199,1785543874,62905.15,62915.15,0.0,0,6
1785543875212,1785543875,62904.23,62914.23,0.0,0,6
1785543876305,1785543876,62904.2,62914.2,0.0,0,6
1785543877312,1785543877,62904.55,62914.55,0.0,0,6
1785543878319,1785543878,62904.48,62914.48,0.0,0,6
1785543879397,1785543879,62903.57,62913.57,0.0,0,6
1785543880404,1785543880,62903.22,62913.22,0.0,0,6
1785543881450,1785543881,62904.76,62914.76,0.0,0,6
1785543882548,1785543882,62902.7,62912.7,0.0,0,6
1785543883575,1785543883,62904.15,62914.15,0.0,0,6
1785543884600,1785543884,62904.38,62914.38,0.0,0,6
1785543885629,1785543885,62904.4,62914.4,0.0,0,6
1785543886672,1785543886,62903.94,62913.94,0.0,0,6
1785543887679,1785543887,62903.74,62913.74,0.0,0,6
1785543888720,1785543888,62904.06,62914.06,0.0,0,6
1785543889859,1785543889,62904.17,62914.17,0.0,0,6
1785543890869,1785543890,62904.07,62914.07,0.0,0,6
1785543891409,1785543891,62905.02,62915.02,0.0,0,6
1785543891427,1785543891,62906.41,62916.41,0.0,0,6
1785543892513,1785543892,62905.85,62915.85,0.0,0,6
1785543893517,1785543893,62905.5,62915.5,0.0,0,6
1785543894650,1785543894,62907.07,62917.07,0.0,0,6
1785543895659,1785543895,62907.17,62917.17,0.0,0,6
1785543896669,1785543896,62906.45,62916.45,0.0,0,6
1785543897797,1785543897,62908.01,62918.01,0.0,0,6
1785543898839,1785543898,62908.06,62918.06,0.0,0,6
1785543899879,1785543899,62907.92,62917.92,0.0,0,6
1785543900709,1785543900,62909.53,62919.53,0.0,0,6
1785543901799,1785543901,62908.26,62918.26,0.0,0,6
1785543903038,1785543903,62907.41,62917.41,0.0,0,6
1785543904123,1785543904,62906.89,62916.89,0.0,0,6
1785543905220,1785543905,62907.38,62917.38,0.0,0,6
1785543906224,1785543906,62905.6,62915.6,0.0,0,6
1785543907242,1785543907,62904.97,62914.97,0.0,0,6
1785543908262,1785543908,62904.92,62914.92,0.0,0,6
1785543909154,1785543909,62907.86,62917.86,0.0,0,6
1785543909645,1785543909,62909.11,62919.11,0.0,0,6
1785543910703,1785543910,62909.49,62919.49,0.0,0,6
1785543911707,1785543911,62911.03,62921.03,0.0,0,6
1785543912869,1785543912,62912.68,62922.68,0.0,0,6
1785543913904,1785543913,62912.73,62922.73,0.0,0,6
1785543914907,1785543914,62911.68,62921.68,0.0,0,6
1785543915894,1785543915,62914.61,62924.61,0.0,0,6
1785543916446,1785543916,62913.68,62923.68,0.0,0,6
1785543916470,1785543916,62914.99,62924.99,0.0,0,6
1785543917394,1785543917,62915.12,62925.12,0.0,0,6
1785543918908,1785543918,62917.38,62927.38,0.0,0,6
1785543920204,1785543920,62914.4,62924.4,0.0,0,6
1785543920234,1785543920,62917.18,62927.18,0.0,0,6
1785543921429,1785543921,62917.55,62927.55,0.0,0,6
1785543922433,1785543922,62918.08,62928.08,0.0,0,6
1785543923434,1785543923,62915.75,62925.75,0.0,0,6
1785543924529,1785543924,62915.04,62925.04,0.0,0,6
1785543926307,1785543926,62915.4,62925.4,0.0,0,6
1785543927424,1785543927,62914.94,62924.94,0.0,0,6
1785543928428,1785543928,62914.88,62924.88,0.0,0,6
1785543929506,1785543929,62914.83,62924.83,0.0,0,6
1785543930711,1785543930,62915.83,62925.83,0.0,0,6
1785543931891,1785543931,62914.88,62924.88,0.0,0,6
1785543932907,1785543932,62914.68,62924.68,0.0,0,6
1785543933948,1785543933,62914.59,62924.59,0.0,0,6
1785543936106,1785543936,62916.74,62926.74,0.0,0,6
1785543936542,1785543936,62913.37,62923.37,0.0,0,6
1785543936712,1785543936,62907.18,62917.18,0.0,0,6
1785543936712,1785543936,62905.49,62915.49,0.0,0,6
1785543937645,1785543937,62905.23,62915.23,0.0,0,6
1785543938684,1785543938,62904.58,62914.58,0.0,0,6
1785543939744,1785543939,62904.93,62914.93,0.0,0,6
1785543940758,1785543940,62906.63,62916.63,0.0,0,6
1785543941799,1785543941,62906.06,62916.06,0.0,0,6
1785543942830,1785543942,62908.99,62918.99,0.0,0,6
1785543943859,1785543943,62907.51,62917.51,0.0,0,6
1785543944890,1785543944,62907.67,62917.67,0.0,0,6
1785543945949,1785543945,62907.96,62917.96,0.0,0,6
1785543946989,1785543946,62907.99,62917.99,0.0,0,6
1785543947988,1785543947,62909.58,62919.58,0.0,0,6
1785543949079,1785543949,62908.16,62918.16,0.0,0,6
1785543950429,1785543950,62905.75,62915.75,0.0,0,6
1785543951518,1785543951,62904.92,62914.92,0.0,0,6
1785543952800,1785543952,62905.13,62915.13,0.0,0,6
1785543953948,1785543953,62905.09,62915.09,0.0,0,6
1785543955169,1785543955,62903.66,62913.66,0.0,0,6
1785543956259,1785543956,62902.95,62912.95,0.0,0,6
1785543957265,1785543957,62903.15,62913.15,0.0,0,6
1785543958318,1785543958,62902.9,62912.9,0.0,0,6
1785543959396,1785543959,62903.39,62913.39,0.0,0,6
1785543960420,1785543960,62907.64,62917.64,0.0,0,6
1785543961508,1785543961,62909.94,62919.94,0.0,0,6
1785543962549,1785543962,62909.55,62919.55,0.0,0,6
1785543963633,1785543963,62911.18,62921.18,0.0,0,6
1785543964810,1785543964,62910.69,62920.69,0.0,0,6
1785543965829,1785543965,62909.01,62919.01,0.0,0,6
1785543966840,1785543966,62909.79,62919.79,0.0,0,6
1785543968371,1785543968,62908.89,62918.89,0.0,0,6
1785543969382,1785543969,62909.04,62919.04,0.0,0,6
1785543970399,1785543970,62910.01,62920.01,0.0,0,6
1785543971743,1785543971,62907.33,62917.33,0.0,0,6
1785543972750,1785543972,62907.35,62917.35,0.0,0,6
1785543973264,1785543973,62910.06,62920.06,0.0,0,6
1785543975294,1785543975,62911.36,62921.36,0.0,0,6
1785543977590,1785543977,62911.71,62921.71,0.0,0,6
1785543978619,1785543978,62914.61,62924.61,0.0,0,6
1785543979629,1785543979,62912.03,62922.03,0.0,0,6
1785543980707,1785543980,62911.4,62921.4,0.0,0,6
1785543981800,1785543981,62912.67,62922.67,0.0,0,6
1785543982799,1785543982,62911.38,62921.38,0.0,0,6
1785543983892,1785543983,62911.89,62921.89,0.0,0,6
1785543984969,1785543984,62911.63,62921.63,0.0,0,6
1785543986151,1785543986,62913.88,62923.88,0.0,0,6
1785543987269,1785543987,62913.49,62923.49,0.0,0,6
1785543988419,1785543988,62911.52,62921.52,0.0,0,6
1785543989703,1785543989,62911.53,62921.53,0.0,0,6
1785543990746,1785543990,62911.21,62921.21,0.0,0,6
1785543993130,1785543993,62911.58,62921.58,0.0,0,6
1785543994640,1785543994,62913.51,62923.51,0.0,0,6
1785543995332,1785543995,62916.21,62926.21,0.0,0,6
1785543996352,1785543996,62916.12,62926.12,0.0,0,6
1785543997436,1785543997,62918.44,62928.44,0.0,0,6
1785543998506,1785543998,62917.44,62927.44,0.0,0,6
1785543999509,1785543999,62917.89,62927.89,0.0,0,6
1785544000679,1785544000,62917.72,62927.72,0.0,0,6
1785544001713,1785544001,62917.69,62927.69,0.0,0,6
1785544001860,1785544001,62919.89,62929.89,0.0,0,6
1785544001926,1785544001,62921.16,62931.16,0.0,0,6
1785544002952,1785544002,62917.6,62927.6,0.0,0,6
1785544004025,1785544004,62920.0,62930.0,0.0,0,6
1785544004474,1785544004,62921.87,62931.87,0.0,0,6
1785544004640,1785544004,62923.19,62933.19,0.0,0,6
1785544005029,1785544005,62928.58,62938.58,0.0,0,6
1785544005118,1785544005,62929.96,62939.96,0.0,0,6
1785544006151,1785544006,62926.55,62936.55,0.0,0,6
1785544007246,1785544007,62925.2,62935.2,0.0,0,6
1785544008270,1785544008,62927.87,62937.87,0.0,0,6
1785544009390,1785544009,62925.82,62935.82,0.0,0,6
1785544010033,1785544010,62926.33,62936.33,0.0,0,6
1785544010093,1785544010,62928.18,62938.18,0.0,0,6
1785544010486,1785544010,62930.02,62940.02,0.0,0,6
1785544011600,1785544011,62930.82,62940.82,0.0,0,6
1785544012781,1785544012,62929.1,62939.1,0.0,0,6
1785544014825,1785544014,62929.09,62939.09,0.0,0,6
1785544016910,1785544016,62929.08,62939.08,0.0,0,6
1785544017168,1785544017,62922.18,62932.18,0.0,0,6
1785544017282,1785544017,62920.88,62930.88,0.0,0,6
1785544018300,1785544018,62921.39,62931.39,0.0,0,6
1785544019440,1785544019,62921.31,62931.31,0.0,0,6
1785544020440,1785544020,62924.74,62934.74,0.0,0,6
1785544021507,1785544021,62926.93,62936.93,0.0,0,6
1785544022520,1785544022,62926.35,62936.35,0.0,0,6
1785544023751,1785544023,62924.09,62934.09,0.0,0,6
1785544024829,1785544024,62923.54,62933.54,0.0,0,6
1785544025839,1785544025,62920.89,62930.89,0.0,0,6
1785544026863,1785544026,62920.88,62930.88,0.0,0,6
1785544027950,1785544027,62920.89,62930.89,0.0,0,6
1785544033123,1785544033,62921.75,62931.75,0.0,0,6
1785544034143,1785544034,62921.12,62931.12,0.0,0,6
1785544035200,1785544035,62920.94,62930.94,0.0,0,6
1785544036210,1785544036,62920.96,62930.96,0.0,0,6
1785544037300,1785544037,62923.09,62933.09,0.0,0,6
1785544038330,1785544038,62926.06,62936.06,0.0,0,6
1785544039333,1785544039,62925.37,62935.37,0.0,0,6
1785544040343,1785544040,62925.4,62935.4,0.0,0,6
1785544041348,1785544041,62926.46,62936.46,0.0,0,6
1785544042349,1785544042,62926.55,62936.55,0.0,0,6
1785544043402,1785544043,62926.76,62936.76,0.0,0,6
1785544044405,1785544044,62928.71,62938.71,0.0,0,6
1785544045560,1785544045,62928.09,62938.09,0.0,0,6
1785544046646,1785544046,62927.81,62937.81,0.0,0,6
1785544047696,1785544047,62931.13,62941.13,0.0,0,6
1785544048705,1785544048,62925.87,62935.87,0.0,0,6
1785544049769,1785544049,62925.62,62935.62,0.0,0,6
1785544050800,1785544050,62925.64,62935.64,0.0,0,6
1785544051833,1785544051,62926.74,62936.74,0.0,0,6
1785544052907,1785544052,62926.17,62936.17,0.0,0,6
1785544054039,1785544054,62926.59,62936.59,0.0,0,6
1785544054396,1785544054,62930.06,62940.06,0.0,0,6
1785544054423,1785544054,62931.6,62941.6,0.0,0,6
1785544055554,1785544055,62933.77,62943.77,0.0,0,6
1785544056702,1785544056,62932.1,62942.1,0.0,0,6
1785544057192,1785544057,62934.15,62944.15,0.0,0,6
1785544058593,1785544058,62935.14,62945.14,0.0,0,6
1785544059799,1785544059,62935.2,62945.2,0.0,0,6
1785544061467,1785544061,62932.47,62942.47,0.0,0,6
1785544062491,1785544062,62934.03,62944.03,0.0,0,6
1785544063677,1785544063,62932.41,62942.41,0.0,0,6
1785544064698,1785544064,62935.09,62945.09,0.0,0,6
1785544065737,1785544065,62932.35,62942.35,0.0,0,6
1785544066748,1785544066,62932.32,62942.32,0.0,0,6
1785544067797,1785544067,62932.3,62942.3,0.0,0,6
1785544068807,1785544068,62932.27,62942.27,0.0,0,6
1785544069932,1785544069,62932.24,62942.24,0.0,0,6
1785544071017,1785544071,62932.15,62942.15,0.0,0,6
1785544071031,1785544071,62926.87,62936.87,0.0,0,6
1785544071055,1785544071,62925.23,62935.23,0.0,0,6
1785544072109,1785544072,62925.1,62935.1,0.0,0,6
1785544073288,1785544073,62925.27,62935.27,0.0,0,6
1785544074506,1785544074,62925.02,62935.02,0.0,0,6
1785544075823,1785544075,62925.09,62935.09,0.0,0,6
1785544077233,1785544077,62924.94,62934.94,0.0,0,6
1785544078318,1785544078,62924.91,62934.91,0.0,0,6
1785544079384,1785544079,62924.83,62934.83,0.0,0,6
1785544080202,1785544080,62924.7,62934.7,0.0,0,6
1785544082207,1785544082,62924.04,62934.04,0.0,0,6
1785544083277,1785544083,62924.02,62934.02,0.0,0,6
1785544085473,1785544085,62923.96,62933.96,0.0,0,6
1785544086512,1785544086,62923.93,62933.93,0.0,0,6
1785544087548,1785544087,62923.9,62933.9,0.0,0,6
1785544088577,1785544088,62923.87,62933.87,0.0,0,6
1785544090758,1785544090,62923.85,62933.85,0.0,0,6
1785544092366,1785544092,62923.83,62933.83,0.0,0,6
1785544093411,1785544093,62923.82,62933.82,0.0,0,6
1785544094415,1785544094,62923.81,62933.81,0.0,0,6
1785544095417,1785544095,62923.8,62933.8,0.0,0,6
1785544097705,1785544097,62923.79,62933.79,0.0,0,6
1785544098832,1785544098,62923.77,62933.77,0.0,0,6
1785544099842,1785544099,62923.76,62933.76,0.0,0,6
1785544100879,1785544100,62923.75,62933.75,0.0,0,6
1785544101988,1785544101,62928.05,62938.05,0.0,0,6
1785544103238,1785544103,62927.96,62937.96,0.0,0,6
1785544104328,1785544104,62928.11,62938.11,0.0,0,6
1785544105368,1785544105,62928.0,62938.0,0.0,0,6
1785544106438,1785544106,62926.52,62936.52,0.0,0,6
1785544107469,1785544107,62923.69,62933.69,0.0,0,6
1785544108720,1785544108,62926.18,62936.18,0.0,0,6
1785544109819,1785544109,62925.91,62935.91,0.0,0,6
1785544110889,1785544110,62924.74,62934.74,0.0,0,6
1785544111969,1785544111,62923.8,62933.8,0.0,0,6
1785544113305,1785544113,62924.01,62934.01,0.0,0,6
1785544114338,1785544114,62923.81,62933.81,0.0,0,6
1785544115425,1785544115,62923.64,62933.64,0.0,0,6
1785544117548,1785544117,62923.65,62933.65,0.0,0,6
1785544118639,1785544118,62925.99,62935.99,0.0,0,6
1785544119719,1785544119,62928.43,62938.43,0.0,0,6
1785544120720,1785544120,62927.97,62937.97,0.0,0,6
1785544121988,1785544121,62929.5,62939.5,0.0,0,6
1785544123042,1785544123,62929.98,62939.98,0.0,0,6
1785544124043,1785544124,62930.22,62940.22,0.0,0,6
1785544125198,1785544125,62930.85,62940.85,0.0,0,6
1785544126408,1785544126,62928.06,62938.06,0.0,0,6
1785544127421,1785544127,62928.07,62938.07,0.0,0,6
1785544129551,1785544129,62928.08,62938.08,0.0,0,6
1785544130639,1785544130,62928.09,62938.09,0.0,0,6
1785544131747,1785544131,62928.11,62938.11,0.0,0,6
1785544133807,1785544133,62928.13,62938.13,0.0,0,6
1785544134888,1785544134,62928.14,62938.14,0.0,0,6
1785544135898,1785544135,62928.15,62938.15,0.0,0,6
1785544136939,1785544136,62928.17,62938.17,0.0,0,6
1785544137998,1785544137,62928.18,62938.18,0.0,0,6
1785544139091,1785544139,62928.19,62938.19,0.0,0,6
1785544140477,1785544140,62928.2,62938.2,0.0,0,6
1785544141564,1785544141,62928.21,62938.21,0.0,0,6
1785544142588,1785544142,62928.22,62938.22,0.0,0,6
1785544143608,1785544143,62928.23,62938.23,0.0,0,6
1785544144618,1785544144,62928.25,62938.25,0.0,0,6
1785544145738,1785544145,62928.26,62938.26,0.0,0,6
1785544146788,1785544146,62928.27,62938.27,0.0,0,6
1785544147848,1785544147,62928.28,62938.28,0.0,0,6
1785544148878,1785544148,62928.29,62938.29,0.0,0,6
1785544149908,1785544149,62929.04,62939.04,0.0,0,6
1785544151058,1785544151,62929.68,62939.68,0.0,0,6
1785544152141,1785544152,62931.54,62941.54,0.0,0,6
1785544153208,1785544153,62931.81,62941.81,0.0,0,6
1785544154408,1785544154,62931.51,62941.51,0.0,0,6
1785544155437,1785544155,62931.75,62941.75,0.0,0,6
1785544156437,1785544156,62930.71,62940.71,0.0,0,6
1785544157519,1785544157,62931.61,62941.61,0.0,0,6
1785544158608,1785544158,62932.13,62942.13,0.0,0,6
1785544159678,1785544159,62932.08,62942.08,0.0,0,6
1785544160918,1785544160,62931.15,62941.15,0.0,0,6
1785544162268,1785544162,62929.21,62939.21,0.0,0,6
1785544163301,1785544163,62928.7,62938.7,0.0,0,6
1785544164304,1785544164,62928.45,62938.45,0.0,0,6
1785544165348,1785544165,62929.09,62939.09,0.0,0,6
1785544166719,1785544166,62930.87,62940.87,0.0,0,6
1785544167757,1785544167,62932.49,62942.49,0.0,0,6
1785544169324,1785544169,62930.45,62940.45,0.0,0,6
1785544170393,1785544170,62928.65,62938.65,0.0,0,6
1785544172488,1785544172,62928.68,62938.68,0.0,0,6
1785544173669,1785544173,62928.71,62938.71,0.0,0,6
1785544174738,1785544174,62928.77,62938.77,0.0,0,6
1785544177079,1785544177,62928.79,62938.79,0.0,0,6
1785544178338,1785544178,62928.8,62938.8,0.0,0,6
1785544179389,1785544179,62928.82,62938.82,0.0,0,6
1785544180428,1785544180,62928.81,62938.81,0.0,0,6
1785544181592,1785544181,62930.57,62940.57,0.0,0,6
1785544182878,1785544182,62928.88,62938.88,0.0,0,6
1785544183927,1785544183,62930.58,62940.58,0.0,0,6
1785544184958,1785544184,62930.36,62940.36,0.0,0,6
1785544187268,1785544187,62928.19,62938.19,0.0,0,6
1785544187487,1785544187,62916.77,62926.77,0.0,0,6
1785544187510,1785544187,62915.03,62925.03,0.0,0,6
1785544187658,1785544187,62913.55,62923.55,0.0,0,6
1785544187658,1785544187,62910.56,62920.56,0.0,0,6
1785544187658,1785544187,62906.83,62916.83,0.0,0,6
1785544187659,1785544187,62905.19,62915.19,0.0,0,6
1785544187722,1785544187,62903.06,62913.06,0.0,0,6
1785544187845,1785544187,62899.07,62909.07,0.0,0,6
1785544188868,1785544188,62902.2,62912.2,0.0,0,6
1785544190048,1785544190,62903.17,62913.17,0.0,0,6
1785544191091,1785544191,62905.54,62915.54,0.0,0,6
1785544192253,1785544192,62906.54,62916.54,0.0,0,6
1785544196379,1785544196,62905.06,62915.06,0.0,0,6
1785544196474,1785544196,62903.36,62913.36,0.0,0,6
1785544197508,1785544197,62901.46,62911.46,0.0,0,6
1785544198622,1785544198,62902.1,62912.1,0.0,0,6
1785544199778,1785544199,62899.75,62909.75,0.0,0,6
1785544200899,1785544200,62903.76,62913.76,0.0,0,6
1785544202048,1785544202,62897.43,62907.43,0.0,0,6
1785544203058,1785544203,62895.78,62905.78,0.0,0,6
1785544204089,1785544204,62897.92,62907.92,0.0,0,6
1785544205152,1785544205,62900.75,62910.75,0.0,0,6
1785544205164,1785544205,62899.08,62909.08,0.0,0,6
1785544205174,1785544205,62905.4,62915.4,0.0,0,6
1785544205207,1785544205,62907.01,62917.01,0.0,0,6
1785544205229,1785544205,62908.81,62918.81,0.0,0,6
1785544205335,1785544205,62912.33,62922.33,0.0,0,6
1785544205347,1785544205,62914.96,62924.96,0.0,0,6
1785544205421,1785544205,62917.93,62927.93,0.0,0,6
1785544206471,1785544206,62919.06,62929.06,0.0,0,6
1785544207476,1785544207,62919.02,62929.02,0.0,0,6
1785544208558,1785544208,62916.23,62926.23,0.0,0,6
1785544209648,1785544209,62915.82,62925.82,0.0,0,6
1785544210709,1785544210,62915.06,62925.06,0.0,0,6
1785544211808,1785544211,62916.6,62926.6,0.0,0,6
1785544212828,1785544212,62914.37,62924.37,0.0,0,6
1785544213858,1785544213,62914.19,62924.19,0.0,0,6
1785544214888,1785544214,62914.21,62924.21,0.0,0,6
1785544215910,1785544215,62914.23,62924.23,0.0,0,6
1785544216948,1785544216,62914.33,62924.33,0.0,0,6
1785544217902,1785544217,62917.29,62927.29,0.0,0,6
1785544218039,1785544218,62919.19,62929.19,0.0,0,6
1785544219054,1785544219,62919.83,62929.83,0.0,0,6
1785544220078,1785544220,62920.74,62930.74,0.0,0,6
1785544221105,1785544221,62920.48,62930.48,0.0,0,6
1785544222152,1785544222,62918.63,62928.63,0.0,0,6
1785544223155,1785544223,62919.88,62929.88,0.0,0,6
1785544224291,1785544224,62920.31,62930.31,0.0,0,6
1785544225424,1785544225,62920.23,62930.23,0.0,0,6
1785544226426,1785544226,62919.1,62929.1,0.0,0,6
1785544227435,1785544227,62920.58,62930.58,0.0,0,6
1785544228660,1785544228,62919.22,62929.22,0.0,0,6
1785544229681,1785544229,62920.43,62930.43,0.0,0,6
1785544230768,1785544230,62919.85,62929.85,0.0,0,6
1785544231828,1785544231,62919.7,62929.7,0.0,0,6
1785544232870,1785544232,62920.06,62930.06,0.0,0,6
1785544233890,1785544233,62918.54,62928.54,0.0,0,6
1785544235105,1785544235,62918.56,62928.56,0.0,0,6
1785544236208,1785544236,62918.65,62928.65,0.0,0,6
1785544237298,1785544237,62921.5,62931.5,0.0,0,6
1785544238318,1785544238,62919.28,62929.28,0.0,0,6
1785544239399,1785544239,62918.08,62928.08,0.0,0,6
1785544240499,1785544240,62916.46,62926.46,0.0,0,6
1785544241588,1785544241,62914.55,62924.55,0.0,0,6
1785544242658,1785544242,62917.51,62927.51,0.0,0,6
1785544243719,1785544243,62914.31,62924.31,0.0,0,6
1785544244728,1785544244,62914.73,62924.73,0.0,0,6
1785544245768,1785544245,62913.73,62923.73,0.0,0,6
1785544246778,1785544246,62914.22,62924.22,0.0,0,6
1785544247908,1785544247,62915.11,62925.11,0.0,0,6
1785544249106,1785544249,62915.62,62925.62,0.0,0,6
1785544250231,1785544250,62914.38,62924.38,0.0,0,6
1785544251299,1785544251,62914.13,62924.13,0.0,0,6
1785544252309,1785544252,62914.08,62924.08,0.0,0,6
1785544253338,1785544253,62913.79,62923.79,0.0,0,6
1785544254489,1785544254,62914.25,62924.25,0.0,0,6
1785544255516,1785544255,62914.55,62924.55,0.0,0,6
1785544256668,1785544256,62917.21,62927.21,0.0,0,6
1785544257749,1785544257,62916.76,62926.76,0.0,0,6
1785544258879,1785544258,62917.31,62927.31,0.0,0,6
1785544260101,1785544260,62915.28,62925.28,0.0,0,6
1785544260213,1785544260,62914.02,62924.02,0.0,0,6
1785544260322,1785544260,62912.36,62922.36,0.0,0,6
1785544261401,1785544261,62913.81,62923.81,0.0,0,6
1785544262488,1785544262,62914.42,62924.42,0.0,0,6
1785544263499,1785544263,62914.23,62924.23,0.0,0,6
1785544264547,1785544264,62913.51,62923.51,0.0,0,6
1785544265627,1785544265,62914.26,62924.26,0.0,0,6
1785544266637,1785544266,62915.06,62925.06,0.0,0,6
1785544267808,1785544267,62914.73,62924.73,0.0,0,6
1785544269044,1785544269,62912.53,62922.53,0.0,0,6
1785544270082,1785544270,62912.69,62922.69,0.0,0,6
1785544271107,1785544271,62912.08,62922.08,0.0,0,6
1785544272268,1785544272,62912.05,62922.05,0.0,0,6
1785544273358,1785544273,62910.65,62920.65,0.0,0,6
1785544274387,1785544274,62910.66,62920.66,0.0,0,6
1785544275387,1785544275,62911.07,62921.07,0.0,0,6
1785544276515,1785544276,62911.12,62921.12,0.0,0,6
1785544277514,1785544277,62911.15,62921.15,0.0,0,6
1785544278597,1785544278,62911.47,62921.47,0.0,0,6
1785544279702,1785544279,62910.7,62920.7,0.0,0,6
1785544280908,1785544280,62910.98,62920.98,0.0,0,6
1785544281971,1785544281,62913.17,62923.17,0.0,0,6
1785544283042,1785544283,62913.47,62923.47,0.0,0,6
1785544284088,1785544284,62911.58,62921.58,0.0,0,6
1785544285316,1785544285,62912.01,62922.01,0.0,0,6
1785544286358,1785544286,62912.81,62922.81,0.0,0,6
1785544287594,1785544287,62916.84,62926.84,0.0,0,6
1785544288703,1785544288,62921.26,62931.26,0.0,0,6
1785544289770,1785544289,62920.89,62930.89,0.0,0,6
1785544290838,1785544290,62920.21,62930.21,0.0,0,6
1785544292148,1785544292,62918.79,62928.79,0.0,0,6
1785544293170,1785544293,62917.89,62927.89,0.0,0,6
1785544294552,1785544294,62916.86,62926.86,0.0,0,6
1785544295804,1785544295,62916.49,62926.49,0.0,0,6
1785544296888,1785544296,62916.19,62926.19,0.0,0,6
1785544298061,1785544298,62915.76,62925.76,0.0,0,6
1785544298107,1785544298,62906.31,62916.31,0.0,0,6
1785544298142,1785544298,62904.9,62914.9,0.0,0,6
1785544299176,1785544299,62905.02,62915.02,0.0,0,6
1785544300217,1785544300,62906.07,62916.07,0.0,0,6
1785544301339,1785544301,62907.08,62917.08,0.0,0,6
1785544302349,1785544302,62907.52,62917.52,0.0,0,6
1785544303427,1785544303,62907.77,62917.77,0.0,0,6
1785544304440,1785544304,62907.57,62917.57,0.0,0,6
1785544305480,1785544305,62907.31,62917.31,0.0,0,6
1785544306598,1785544306,62907.73,62917.73,0.0,0,6
1785544307618,1785544307,62907.62,62917.62,0.0,0,6
1785544307802,1785544307,62902.31,62912.31,0.0,0,6
1785544308798,1785544308,62902.73,62912.73,0.0,0,6
1785544309262,1785544309,62899.36,62909.36,0.0,0,6
1785544309400,1785544309,62896.68,62906.68,0.0,0,6
1785544309693,1785544309,62898.99,62908.99,0.0,0,6
1785544310769,1785544310,62893.67,62903.67,0.0,0,6
1785544311968,1785544311,62897.18,62907.18,0.0,0,6
1785544312988,1785544312,62898.13,62908.13,0.0,0,6
1785544314029,1785544314,62898.11,62908.11,0.0,0,6
1785544315088,1785544315,62898.18,62908.18,0.0,0,6
1785544316005,1785544316,62899.02,62909.02,0.0,0,6
1785544317008,1785544317,62896.68,62906.68,0.0,0,6
1785544318010,1785544318,62896.56,62906.56,0.0,0,6
1785544319034,1785544319,62896.59,62906.59,0.0,0,6
1785544320085,1785544320,62896.26,62906.26,0.0,0,6
1785544321239,1785544321,62894.94,62904.94,0.0,0,6
1785544322303,1785544322,62895.75,62905.75,0.0,0,6
1785544322742,1785544322,62898.71,62908.71,0.0,0,6
1785544322779,1785544322,62896.31,62906.31,0.0,0,6
1785544322830,1785544322,62894.82,62904.82,0.0,0,6
1785544322913,1785544322,62892.48,62902.48,0.0,0,6
1785544323002,1785544323,62890.57,62900.57,0.0,0,6
1785544323911,1785544323,62886.91,62896.91,0.0,0,6
1785544324914,1785544324,62888.02,62898.02,0.0,0,6
1785544325997,1785544325,62890.13,62900.13,0.0,0,6
1785544327059,1785544327,62890.59,62900.59,0.0,0,6
1785544328174,1785544328,62886.92,62896.92,0.0,0,6
1785544329245,1785544329,62886.3,62896.3,0.0,0,6
1785544330278,1785544330,62888.74,62898.74,0.0,0,6
1785544331317,1785544331,62886.51,62896.51,0.0,0,6
1785544332358,1785544332,62890.23,62900.23,0.0,0,6
1785544333498,1785544333,62890.32,62900.32,0.0,0,6
1785544334499,1785544334,62889.72,62899.72,0.0,0,6
1785544335518,1785544335,62888.11,62898.11,0.0,0,6
1785544336525,1785544336,62887.87,62897.87,0.0,0,6
1785544337528,1785544337,62887.32,62897.32,0.0,0,6
1785544338534,1785544338,62890.79,62900.79,0.0,0,6
1785544339537,1785544339,62891.53,62901.53,0.0,0,6
1785544339587,1785544339,62886.18,62896.18,0.0,0,6
1785544339602,1785544339,62884.46,62894.46,0.0,0,6
1785544339627,1785544339,62883.19,62893.19,0.0,0,6
1785544339644,1785544339,62881.22,62891.22,0.0,0,6
1785544339691,1785544339,62877.92,62887.92,0.0,0,6
1785544339778,1785544339,62875.38,62885.38,0.0,0,6
1785544340412,1785544340,62877.02,62887.02,0.0,0,6
1785544340423,1785544340,62874.54,62884.54,0.0,0,6
1785544340445,1785544340,62872.58,62882.58,0.0,0,6
1785544340507,1785544340,62870.28,62880.28,0.0,0,6
1785544341000,1785544341,62865.73,62875.73,0.0,0,6
1785544342002,1785544342,62869.65,62879.65,0.0,0,6
1785544343113,1785544343,62869.36,62879.36,0.0,0,6
1785544344210,1785544344,62870.51,62880.51,0.0,0,6
1785544345248,1785544345,62872.12,62882.12,0.0,0,6
1785544346268,1785544346,62872.18,62882.18,0.0,0,6
1785544347328,1785544347,62872.23,62882.23,0.0,0,6
1785544347799,1785544347,62869.75,62879.75,0.0,0,6
1785544347812,1785544347,62868.3,62878.3,0.0,0,6
1785544348800,1785544348,62868.37,62878.37,0.0,0,6
1785544349816,1785544349,62868.43,62878.43,0.0,0,6
1785544350818,1785544350,62868.07,62878.07,0.0,0,6
1785544351801,1785544351,62868.65,62878.65,0.0,0,6
1785544351831,1785544351,62875.85,62885.85,0.0,0,6
1785544353490,1785544353,62869.44,62879.44,0.0,0,6
1785544353624,1785544353,62875.83,62885.83,0.0,0,6
1785544354254,1785544354,62877.05,62887.05,0.0,0,6
1785544355269,1785544355,62877.09,62887.09,0.0,0,6
1785544357409,1785544357,62876.85,62886.85,0.0,0,6
1785544358488,1785544358,62877.19,62887.19,0.0,0,6
1785544359488,1785544359,62874.55,62884.55,0.0,0,6
1785544360517,1785544360,62875.19,62885.19,0.0,0,6
1785544361517,1785544361,62874.88,62884.88,0.0,0,6
1785544361541,1785544361,62876.59,62886.59,0.0,0,6
1785544361659,1785544361,62878.3,62888.3,0.0,0,6
1785544361794,1785544361,62879.65,62889.65,0.0,0,6
1785544362861,1785544362,62879.42,62889.42,0.0,0,6
1785544363976,1785544363,62881.46,62891.46,0.0,0,6
1785544364980,1785544364,62882.01,62892.01,0.0,0,6
1785544366012,1785544366,62881.02,62891.02,0.0,0,6
1785544367128,1785544367,62879.14,62889.14,0.0,0,6
1785544368279,1785544368,62877.84,62887.84,0.0,0,6
1785544369456,1785544369,62881.55,62891.55,0.0,0,6
1785544370618,1785544370,62878.47,62888.47,0.0,0,6
1785544371629,1785544371,62879.23,62889.23,0.0,0,6
1785544372650,1785544372,62882.81,62892.81,0.0,0,6
1785544373662,1785544373,62882.02,62892.02,0.0,0,6
1785544374664,1785544374,62880.98,62890.98,0.0,0,6
1785544375323,1785544375,62876.36,62886.36,0.0,0,6
1785544376366,1785544376,62874.05,62884.05,0.0,0,6
1785544377378,1785544377,62872.71,62882.71,0.0,0,6
1785544378398,1785544378,62876.78,62886.78,0.0,0,6
1785544379488,1785544379,62876.8,62886.8,0.0,0,6
1785544380507,1785544380,62876.83,62886.83,0.0,0,6
1785544381528,1785544381,62876.24,62886.24,0.0,0,6
1785544381601,1785544381,62881.19,62891.19,0.0,0,6
1785544381625,1785544381,62883.48,62893.48,0.0,0,6
1785544381643,1785544381,62885.39,62895.39,0.0,0,6
1785544381742,1785544381,62888.0,62898.0,0.0,0,6
1785544381767,1785544381,62889.59,62899.59,0.0,0,6
1785544381842,1785544381,62891.81,62901.81,0.0,0,6
1785544382851,1785544382,62891.58,62901.58,0.0,0,6
1785544383883,1785544383,62889.59,62899.59,0.0,0,6
1785544385036,1785544385,62888.29,62898.29,0.0,0,6
1785544386065,1785544386,62887.36,62897.36,0.0,0,6
1785544387212,1785544387,62884.52,62894.52,0.0,0,6
1785544388273,1785544388,62885.22,62895.22,0.0,0,6
1785544389331,1785544389,62886.48,62896.48,0.0,0,6
1785544390377,1785544390,62888.0,62898.0,0.0,0,6
1785544391417,1785544391,62886.9,62896.9,0.0,0,6
1785544392437,1785544392,62884.58,62894.58,0.0,0,6
1785544393438,1785544393,62884.03,62894.03,0.0,0,6
1785544396537,1785544396,62884.49,62894.49,0.0,0,6
1785544397538,1785544397,62885.1,62895.1,0.0,0,6
1785544398605,1785544398,62886.01,62896.01,0.0,0,6
1785544399608,1785544399,62886.53,62896.53,0.0,0,6
1785544400622,1785544400,62887.78,62897.78,0.0,0,6
1785544401645,1785544401,62888.02,62898.02,0.0,0,6
1785544402704,1785544402,62887.64,62897.64,0.0,0,6
1785544402774,1785544402,62880.26,62890.26,0.0,0,6
1785544402885,1785544402,62877.97,62887.97,0.0,0,6
1785544403905,1785544403,62876.86,62886.86,0.0,0,6
1785544404972,1785544404,62879.78,62889.78,0.0,0,6
1785544406094,1785544406,62878.57,62888.57,0.0,0,6
1785544407235,1785544407,62878.72,62888.72,0.0,0,6
1785544408328,1785544408,62878.98,62888.98,0.0,0,6
1785544409389,1785544409,62878.57,62888.57,0.0,0,6
1785544410418,1785544410,62877.12,62887.12,0.0,0,6
1785544411422,1785544411,62877.52,62887.52,0.0,0,6
1785544412436,1785544412,62874.53,62884.53,0.0,0,6
1785544413459,1785544413,62874.55,62884.55,0.0,0,6
1785544414648,1785544414,62874.57,62884.57,0.0,0,6
1785544415823,1785544415,62876.55,62886.55,0.0,0,6
1785544415921,1785544415,62874.56,62884.56,0.0,0,6
1785544416010,1785544416,62872.91,62882.91,0.0,0,6
1785544416029,1785544416,62871.51,62881.51,0.0,0,6
1785544417069,1785544417,62872.54,62882.54,0.0,0,6
1785544418107,1785544418,62872.1,62882.1,0.0,0,6
1785544419148,1785544419,62872.49,62882.49,0.0,0,6
1785544420164,1785544420,62877.09,62887.09,0.0,0,6
1785544421231,1785544421,62877.01,62887.01,0.0,0,6
1785544422264,1785544422,62877.44,62887.44,0.0,0,6
1785544424362,1785544424,62877.49,62887.49,0.0,0,6
1785544425375,1785544425,62877.51,62887.51,0.0,0,6
1785544426380,1785544426,62877.53,62887.53,0.0,0,6
1785544427389,1785544427,62876.8,62886.8,0.0,0,6
1785544428417,1785544428,62871.01,62881.01,0.0,0,6
1785544429430,1785544429,62869.57,62879.57,0.0,0,6
1785544430431,1785544430,62877.58,62887.58,0.0,0,6
1785544431459,1785544431,62877.05,62887.05,0.0,0,6
1785544432475,1785544432,62877.62,62887.62,0.0,0,6
1785544433490,1785544433,62875.85,62885.85,0.0,0,6
1785544434512,1785544434,62875.76,62885.76,0.0,0,6
1785544435526,1785544435,62877.66,62887.66,0.0,0,6
1785544436528,1785544436,62877.67,62887.67,0.0,0,6
1785544438542,1785544438,62879.38,62889.38,0.0,0,6
1785544439592,1785544439,62882.08,62892.08,0.0,0,6
1785544440607,1785544440,62882.09,62892.09,0.0,0,6
1785544441624,1785544441,62881.15,62891.15,0.0,0,6
1785544442639,1785544442,62882.11,62892.11,0.0,0,6
1785544443653,1785544443,62880.42,62890.42,0.0,0,6
1785544444661,1785544444,62879.75,62889.75,0.0,0,6
1785544445665,1785544445,62878.73,62888.73,0.0,0,6
1785544445905,1785544445,62883.58,62893.58,0.0,0,6
1785544445931,1785544445,62887.38,62897.38,0.0,0,6
1785544446937,1785544446,62886.54,62896.54,0.0,0,6
1785544448589,1785544448,62883.16,62893.16,0.0,0,6
1785544449668,1785544449,62883.19,62893.19,0.0,0,6
1785544450690,1785544450,62883.17,62893.17,0.0,0,6
1785544451778,1785544451,62883.37,62893.37,0.0,0,6
1785544452808,1785544452,62884.83,62894.83,0.0,0,6
1785544453839,1785544453,62885.64,62895.64,0.0,0,6
1785544454899,1785544454,62883.56,62893.56,0.0,0,6
1785544455928,1785544455,62883.76,62893.76,0.0,0,6
1785544457009,1785544457,62884.33,62894.33,0.0,0,6
1785544458098,1785544458,62885.46,62895.46,0.0,0,6
1785544459118,1785544459,62884.31,62894.31,0.0,0,6
1785544460170,1785544460,62884.61,62894.61,0.0,0,6
1785544461231,1785544461,62884.54,62894.54,0.0,0,6
1785544462234,1785544462,62886.73,62896.73,0.0,0,6
1785544463289,1785544463,62887.5,62897.5,0.0,0,6
1785544464448,1785544464,62886.47,62896.47,0.0,0,6
1785544465519,1785544465,62887.27,62897.27,0.0,0,6
1785544467052,1785544467,62885.97,62895.97,0.0,0,6
1785544468139,1785544468,62887.08,62897.08,0.0,0,6
1785544469139,1785544469,62886.64,62896.64,0.0,0,6
1785544470217,1785544470,62886.66,62896.66,0.0,0,6
1785544471238,1785544471,62888.95,62898.95,0.0,0,6
1785544472278,1785544472,62885.8,62895.8,0.0,0,6
1785544473339,1785544473,62883.41,62893.41,0.0,0,6
1785544474468,1785544474,62883.97,62893.97,0.0,0,6
1785544475539,1785544475,62884.32,62894.32,0.0,0,6
1785544476558,1785544476,62886.0,62896.0,0.0,0,6
1785544477658,1785544477,62884.53,62894.53,0.0,0,6
1785544478927,1785544478,62886.69,62896.69,0.0,0,6
1785544479937,1785544479,62887.14,62897.14,0.0,0,6
1785544480948,1785544480,62883.7,62893.7,0.0,0,6
1785544481965,1785544481,62882.72,62892.72,0.0,0,6
1785544482978,1785544482,62884.97,62894.97,0.0,0,6
1785544483991,1785544483,62884.32,62894.32,0.0,0,6
1785544485017,1785544485,62894.32,62904.32,0.0,0,6
1785544485037,1785544485,62898.12,62908.12,0.0,0,6
1785544485174,1785544485,62899.73,62909.73,0.0,0,6
1785544485174,1785544485,62904.19,62914.19,0.0,0,6
1785544485174,1785544485,62905.79,62915.79,0.0,0,6
1785544485178,1785544485,62908.15,62918.15,0.0,0,6
1785544485191,1785544485,62909.68,62919.68,0.0,0,6
1785544485217,1785544485,62911.93,62921.93,0.0,0,6
1785544485242,1785544485,62916.77,62926.77,0.0,0,6
1785544485397,1785544485,62918.85,62928.85,0.0,0,6
1785544486442,1785544486,62917.61,62927.61,0.0,0,6
1785544487527,1785544487,62912.0,62922.0,0.0,0,6
1785544488531,1785544488,62912.03,62922.03,0.0,0,6
1785544489613,1785544489,62912.05,62922.05,0.0,0,6
1785544490964,1785544490,62912.06,62922.06,0.0,0,6
1785544491977,1785544491,62912.08,62922.08,0.0,0,6
1785544493319,1785544493,62912.1,62922.1,0.0,0,6
1785544494388,1785544494,62912.11,62922.11,0.0,0,6
1785544495551,1785544495,62912.69,62922.69,0.0,0,6
1785544496553,1785544496,62912.45,62922.45,0.0,0,6
1785544497342,1785544497,62912.32,62922.32,0.0,0,6
1785544497481,1785544497,62914.09,62924.09,0.0,0,6
1785544497777,1785544497,62916.08,62926.08,0.0,0,6
1785544498504,1785544498,62923.4,62933.4,0.0,0,6
1785544498804,1785544498,62921.01,62931.01,0.0,0,6
1785544498848,1785544498,62919.26,62929.26,0.0,0,6
1785544499858,1785544499,62918.67,62928.67,0.0,0,6
1785544500913,1785544500,62916.94,62926.94,0.0,0,6
1785544501977,1785544501,62918.81,62928.81,0.0,0,6
1785544503145,1785544503,62919.25,62929.25,0.0,0,6
1785544504149,1785544504,62919.55,62929.55,0.0,0,6
1785544504865,1785544504,62913.81,62923.81,0.0,0,6
1785544504874,1785544504,62911.46,62921.46,0.0,0,6
1785544504895,1785544504,62909.81,62919.81,0.0,0,6
1785544505924,1785544505,62911.85,62921.85,0.0,0,6
1785544507040,1785544507,62907.82,62917.82,0.0,0,6
1785544508138,1785544508,62907.83,62917.83,0.0,0,6
1785544509138,1785544509,62907.85,62917.85,0.0,0,6
1785544511295,1785544511,62907.86,62917.86,0.0,0,6
1785544512388,1785544512,62909.31,62919.31,0.0,0,6
1785544513417,1785544513,62909.03,62919.03,0.0,0,6
1785544514489,1785544514,62911.24,62921.24,0.0,0,6
1785544515628,1785544515,62911.16,62921.16,0.0,0,6
1785544516694,1785544516,62911.53,62921.53,0.0,0,6
1785544517695,1785544517,62912.21,62922.21,0.0,0,6
1785544518739,1785544518,62910.9,62920.9,0.0,0,6
1785544519767,1785544519,62910.01,62920.01,0.0,0,6
1785544520828,1785544520,62911.8,62921.8,0.0,0,6
1785544521859,1785544521,62914.07,62924.07,0.0,0,6
1785544522908,1785544522,62912.96,62922.96,0.0,0,6
1785544523970,1785544523,62913.38,62923.38,0.0,0,6
1785544525067,1785544525,62912.57,62922.57,0.0,0,6
1785544526229,1785544526,62912.11,62922.11,0.0,0,6
1785544527309,1785544527,62913.93,62923.93,0.0,0,6
1785544528338,1785544528,62914.46,62924.46,0.0,0,6
1785544528704,1785544528,62919.44,62929.44,0.0,0,6
1785544529858,1785544529,62920.74,62930.74,0.0,0,6
1785544530879,1785544530,62919.79,62929.79,0.0,0,6
1785544531898,1785544531,62921.99,62931.99,0.0,0,6
1785544532908,1785544532,62925.07,62935.07,0.0,0,6
1785544534027,1785544534,62921.94,62931.94,0.0,0,6
1785544535157,1785544535,62922.09,62932.09,0.0,0,6
1785544536168,1785544536,62925.0,62935.0,0.0,0,6
1785544537224,1785544537,62920.51,62930.51,0.0,0,6
1785544538289,1785544538,62920.65,62930.65,0.0,0,6
1785544539298,1785544539,62921.61,62931.61,0.0,0,6
1785544540305,1785544540,62924.28,62934.28,0.0,0,6
1785544541357,1785544541,62922.79,62932.79,0.0,0,6
1785544542416,1785544542,62922.71,62932.71,0.0,0,6
1785544543505,1785544543,62923.54,62933.54,0.0,0,6
1785544544573,1785544544,62924.83,62934.83,0.0,0,6
1785544545634,1785544545,62924.15,62934.15,0.0,0,6
1785544546692,1785544546,62924.39,62934.39,0.0,0,6
1785544547744,1785544547,62924.46,62934.46,0.0,0,6
1785544548900,1785544548,62921.56,62931.56,0.0,0,6
1785544550096,1785544550,62920.49,62930.49,0.0,0,6
1785544551234,1785544551,62920.34,62930.34,0.0,0,6
1785544552380,1785544552,62920.32,62930.32,0.0,0,6
1785544552584,1785544552,62918.92,62928.92,0.0,0,6
1785544552630,1785544552,62915.73,62925.73,0.0,0,6
1785544552690,1785544552,62912.99,62922.99,0.0,0,6
1785544552705,1785544552,62911.45,62921.45,0.0,0,6
1785544552723,1785544552,62910.05,62920.05,0.0,0,6
1785544552753,1785544552,62908.35,62918.35,0.0,0,6
1785544553794,1785544553,62908.32,62918.32,0.0,0,6
1785544554797,1785544554,62907.64,62917.64,0.0,0,6
1785544555858,1785544555,62907.52,62917.52,0.0,0,6
1785544556898,1785544556,62907.58,62917.58,0.0,0,6
1785544557907,1785544557,62907.45,62917.45,0.0,0,6
1785544558959,1785544558,62907.88,62917.88,0.0,0,6
1785544560009,1785544560,62907.75,62917.75,0.0,0,6
1785544561028,1785544561,62906.28,62916.28,0.0,0,6
1785544562038,1785544562,62905.55,62915.55,0.0,0,6
1785544563450,1785544563,62904.71,62914.71,0.0,0,6
1785544564353,1785544564,62910.38,62920.38,0.0,0,6
1785544564364,1785544564,62913.27,62923.27,0.0,0,6
1785544565385,1785544565,62914.5,62924.5,0.0,0,6
1785544566408,1785544566,62915.76,62925.76,0.0,0,6
1785544567440,1785544567,62914.01,62924.01,0.0,0,6
1785544568469,1785544568,62913.29,62923.29,0.0,0,6
1785544569789,1785544569,62912.7,62922.7,0.0,0,6
1785544570829,1785544570,62913.19,62923.19,0.0,0,6
1785544571848,1785544571,62911.67,62921.67,0.0,0,6
1785544573008,1785544573,62911.23,62921.23,0.0,0,6
1785544574078,1785544574,62910.59,62920.59,0.0,0,6
1785544575238,1785544575,62912.11,62922.11,0.0,0,6
1785544576422,1785544576,62911.43,62921.43,0.0,0,6
1785544577426,1785544577,62910.98,62920.98,0.0,0,6
1785544578449,1785544578,62912.68,62922.68,0.0,0,6
1785544579506,1785544579,62911.35,62921.35,0.0,0,6
1785544580598,1785544580,62910.8,62920.8,0.0,0,6
1785544582611,1785544582,62910.82,62920.82,0.0,0,6
1785544583626,1785544583,62910.85,62920.85,0.0,0,6
1785544584628,1785544584,62910.88,62920.88,0.0,0,6
1785544585705,1785544585,62910.9,62920.9,0.0,0,6
1785544586705,1785544586,62910.93,62920.93,0.0,0,6
1785544587718,1785544587,62915.04,62925.04,0.0,0,6
1785544588748,1785544588,62916.05,62926.05,0.0,0,6
1785544589769,1785544589,62916.5,62926.5,0.0,0,6
1785544590838,1785544590,62915.59,62925.59,0.0,0,6
1785544591928,1785544591,62915.37,62925.37,0.0,0,6
1785544592948,1785544592,62915.88,62925.88,0.0,0,6
1785544594038,1785544594,62918.3,62928.3,0.0,0,6
1785544595079,1785544595,62916.8,62926.8,0.0,0,6
1785544596128,1785544596,62916.93,62926.93,0.0,0,6
1785544597140,1785544597,62916.56,62926.56,0.0,0,6
1785544598167,1785544598,62916.77,62926.77,0.0,0,6
1785544599199,1785544599,62921.23,62931.23,0.0,0,6
1785544600625,1785544600,62920.0,62930.0,0.0,0,6
1785544601705,1785544601,62915.87,62925.87,0.0,0,6
1785544602809,1785544602,62917.62,62927.62,0.0,0,6
1785544604217,1785544604,62917.8,62927.8,0.0,0,6
1785544605234,1785544605,62915.32,62925.32,0.0,0,6
1785544606379,1785544606,62915.3,62925.3,0.0,0,6
1785544607459,1785544607,62915.42,62925.42,0.0,0,6
1785544608469,1785544608,62916.75,62926.75,0.0,0,6
1785544609769,1785544609,62917.86,62927.86,0.0,0,6
1785544610827,1785544610,62917.56,62927.56,0.0,0,6
1785544611868,1785544611,62917.2,62927.2,0.0,0,6
1785544612958,1785544612,62917.03,62927.03,0.0,0,6
1785544614078,1785544614,62917.39,62927.39,0.0,0,6
1785544615170,1785544615,62917.88,62927.88,0.0,0,6
1785544615876,1785544615,62919.08,62929.08,0.0,0,6
1785544616078,1785544616,62910.73,62920.73,0.0,0,6
1785544618290,1785544618,62910.67,62920.67,0.0,0,6
1785544619382,1785544619,62910.63,62920.63,0.0,0,6
1785544620417,1785544620,62910.59,62920.59,0.0,0,6
1785544622568,1785544622,62911.21,62921.21,0.0,0,6
1785544623858,1785544623,62911.52,62921.52,0.0,0,6
1785544624939,1785544624,62912.37,62922.37,0.0,0,6
1785544625958,1785544625,62913.41,62923.41,0.0,0,6
1785544626988,1785544626,62914.45,62924.45,0.0,0,6
1785544628068,1785544628,62914.1,62924.1,0.0,0,6
1785544629219,1785544629,62913.48,62923.48,0.0,0,6
1785544630344,1785544630,62914.07,62924.07,0.0,0,6
1785544631408,1785544631,62914.13,62924.13,0.0,0,6
1785544632426,1785544632,62913.64,62923.64,0.0,0,6
1785544633703,1785544633,62913.81,62923.81,0.0,0,6
1785544634709,1785544634,62914.59,62924.59,0.0,0,6
1785544635729,1785544635,62914.02,62924.02,0.0,0,6
1785544636757,1785544636,62914.45,62924.45,0.0,0,6
1785544637758,1785544637,62914.9,62924.9,0.0,0,6
1785544638905,1785544638,62914.86,62924.86,0.0,0,6
1785544639906,1785544639,62914.9,62924.9,0.0,0,6
1785544640906,1785544640,62911.78,62921.78,0.0,0,6
1785544641948,1785544641,62912.51,62922.51,0.0,0,6
1785544643118,1785544643,62911.47,62921.47,0.0,0,6
1785544644318,1785544644,62912.63,62922.63,0.0,0,6
1785544645430,1785544645,62911.94,62921.94,0.0,0,6
1785544646460,1785544646,62912.02,62922.02,0.0,0,6
1785544647528,1785544647,62912.59,62922.59,0.0,0,6
1785544648618,1785544648,62912.84,62922.84,0.0,0,6
1785544649688,1785544649,62912.12,62922.12,0.0,0,6
1785544650728,1785544650,62913.32,62923.32,0.0,0,6
1785544651768,1785544651,62912.78,62922.78,0.0,0,6
1785544652905,1785544652,62914.79,62924.79,0.0,0,6
1785544653988,1785544653,62915.02,62925.02,0.0,0,6
1785544655058,1785544655,62914.45,62924.45,0.0,0,6
1785544656141,1785544656,62913.15,62923.15,0.0,0,6
1785544657213,1785544657,62913.59,62923.59,0.0,0,6
1785544658258,1785544658,62913.32,62923.32,0.0,0,6
1785544659305,1785544659,62913.19,62923.19,0.0,0,6
1785544660378,1785544660,62912.29,62922.29,0.0,0,6
1785544661379,1785544661,62911.37,62921.37,0.0,0,6
1785544662490,1785544662,62911.3,62921.3,0.0,0,6
1785544663518,1785544663,62911.88,62921.88,0.0,0,6
1785544664524,1785544664,62909.54,62919.54,0.0,0,6
1785544664555,1785544664,62908.14,62918.14,0.0,0,6
1785544664574,1785544664,62906.78,62916.78,0.0,0,6
1785544665796,1785544665,62907.76,62917.76,0.0,0,6
1785544666811,1785544666,62912.89,62922.89,0.0,0,6
1785544667827,1785544667,62912.47,62922.47,0.0,0,6
1785544668833,1785544668,62912.07,62922.07,0.0,0,6
1785544669906,1785544669,62913.38,62923.38,0.0,0,6
1785544670971,1785544670,62912.9,62922.9,0.0,0,6
1785544672067,1785544672,62911.33,62921.33,0.0,0,6
1785544673107,1785544673,62911.16,62921.16,0.0,0,6
1785544674141,1785544674,62911.47,62921.47,0.0,0,6
1785544675262,1785544675,62912.13,62922.13,0.0,0,6
1785544676300,1785544676,62912.11,62922.11,0.0,0,6
1785544677358,1785544677,62912.47,62922.47,0.0,0,6
1785544678523,1785544678,62911.11,62921.11,0.0,0,6
1785544679524,1785544679,62911.43,62921.43,0.0,0,6
1785544680549,1785544680,62911.61,62921.61,0.0,0,6
1785544681568,1785544681,62911.47,62921.47,0.0,0,6
1785544682593,1785544682,62911.84,62921.84,0.0,0,6
1785544683608,1785544683,62909.83,62919.83,0.0,0,6
1785544684729,1785544684,62909.12,62919.12,0.0,0,6
1785544685769,1785544685,62908.72,62918.72,0.0,0,6
1785544686788,1785544686,62908.78,62918.78,0.0,0,6
1785544687800,1785544687,62908.08,62918.08,0.0,0,6
1785544688829,1785544688,62911.14,62921.14,0.0,0,6
1785544689829,1785544689,62912.62,62922.62,0.0,0,6
1785544690878,1785544690,62912.38,62922.38,0.0,0,6
1785544691939,1785544691,62912.58,62922.58,0.0,0,6
1785544693028,1785544693,62911.18,62921.18,0.0,0,6
1785544694204,1785544694,62910.92,62920.92,0.0,0,6
1785544695469,1785544695,62911.52,62921.52,0.0,0,6
1785544696498,1785544696,62910.94,62920.94,0.0,0,6
1785544697509,1785544697,62910.95,62920.95,0.0,0,6
1785544698543,1785544698,62910.96,62920.96,0.0,0,6
1785544699588,1785544699,62910.97,62920.97,0.0,0,6
1785544701858,1785544701,62910.98,62920.98,0.0,0,6
1785544702879,1785544702,62912.69,62922.69,0.0,0,6
1785544704106,1785544704,62913.34,62923.34,0.0,0,6
1785544705225,1785544705,62913.64,62923.64,0.0,0,6
1785544706419,1785544706,62912.78,62922.78,0.0,0,6
1785544707558,1785544707,62914.5,62924.5,0.0,0,6
1785544708588,1785544708,62914.57,62924.57,0.0,0,6
1785544709628,1785544709,62915.12,62925.12,0.0,0,6
1785544710640,1785544710,62916.24,62926.24,0.0,0,6
1785544711698,1785544711,62915.83,62925.83,0.0,0,6
1785544712739,1785544712,62916.45,62926.45,0.0,0,6
1785544713808,1785544713,62916.03,62926.03,0.0,0,6
1785544714889,1785544714,62916.58,62926.58,0.0,0,6
1785544715919,1785544715,62918.06,62928.06,0.0,0,6
1785544717008,1785544717,62919.08,62929.08,0.0,0,6
1785544718287,1785544718,62918.56,62928.56,0.0,0,6
1785544719349,1785544719,62919.01,62929.01,0.0,0,6
1785544720144,1785544720,62914.15,62924.15,0.0,0,6
1785544720240,1785544720,62910.66,62920.66,0.0,0,6
1785544720306,1785544720,62908.16,62918.16,0.0,0,6
1785544721307,1785544721,62907.23,62917.23,0.0,0,6
1785544722408,1785544722,62906.01,62916.01,0.0,0,6
1785544723422,1785544723,62908.0,62918.0,0.0,0,6
1785544724427,1785544724,62908.26,62918.26,0.0,0,6
1785544725443,1785544725,62908.29,62918.29,0.0,0,6
1785544726524,1785544726,62908.31,62918.31,0.0,0,6
1785544727711,1785544727,62908.34,62918.34,0.0,0,6
1785544728726,1785544728,62908.36,62918.36,0.0,0,6
1785544729743,1785544729,62908.38,62918.38,0.0,0,6
1785544730322,1785544730,62908.0,62918.0,0.0,0,6
1785544730344,1785544730,62905.9,62915.9,0.0,0,6
1785544731378,1785544731,62905.95,62915.95,0.0,0,6
1785544732390,1785544732,62905.99,62915.99,0.0,0,6
1785544734478,1785544734,62906.05,62916.05,0.0,0,6
1785544735522,1785544735,62906.13,62916.13,0.0,0,6
1785544737558,1785544737,62906.18,62916.18,0.0,0,6
1785544738678,1785544738,62906.22,62916.22,0.0,0,6
1785544739708,1785544739,62902.8,62912.8,0.0,0,6
1785544740709,1785544740,62903.42,62913.42,0.0,0,6
1785544741838,1785544741,62903.62,62913.62,0.0,0,6
1785544742849,1785544742,62906.39,62916.39,0.0,0,6
1785544743897,1785544743,62906.43,62916.43,0.0,0,6
1785544744986,1785544744,62902.88,62912.88,0.0,0,6
1785544746109,1785544746,62905.21,62915.21,0.0,0,6
1785544747259,1785544747,62904.61,62914.61,0.0,0,6
1785544748640,1785544748,62904.58,62914.58,0.0,0,6
1785544749701,1785544749,62902.99,62912.99,0.0,0,6
1785544750703,1785544750,62903.02,62913.02,0.0,0,6
1785544752906,1785544752,62903.06,62913.06,0.0,0,6
1785544753941,1785544753,62903.12,62913.12,0.0,0,6
1785544755054,1785544755,62903.15,62913.15,0.0,0,6
1785544757238,1785544757,62903.22,62913.22,0.0,0,6
1785544758259,1785544758,62904.29,62914.29,0.0,0,6
1785544759305,1785544759,62904.6,62914.6,0.0,0,6
1785544760520,1785544760,62904.09,62914.09,0.0,0,6
1785544761549,1785544761,62903.54,62913.54,0.0,0,6
1785544762597,1785544762,62905.54,62915.54,0.0,0,6
1785544763628,1785544763,62908.55,62918.55,0.0,0,6
1785544764638,1785544764,62909.71,62919.71,0.0,0,6
1785544766229,1785544766,62911.42,62921.42,0.0,0,6
1785544767348,1785544767,62911.45,62921.45,0.0,0,6
1785544768404,1785544768,62911.5,62921.5,0.0,0,6
1785544769414,1785544769,62910.78,62920.78,0.0,0,6
1785544770489,1785544770,62910.49,62920.49,0.0,0,6
1785544771512,1785544771,62910.44,62920.44,0.0,0,6
1785544772527,1785544772,62908.36,62918.36,0.0,0,6
1785544773541,1785544773,62908.22,62918.22,0.0,0,6
1785544774549,1785544774,62907.78,62917.78,0.0,0,6
1785544775558,1785544775,62908.17,62918.17,0.0,0,6
1785544776720,1785544776,62907.45,62917.45,0.0,0,6
1785544777728,1785544777,62907.14,62917.14,0.0,0,6
1785544778819,1785544778,62905.75,62915.75,0.0,0,6
1785544779947,1785544779,62906.61,62916.61,0.0,0,6
1785544780998,1785544780,62906.51,62916.51,0.0,0,6
1785544782039,1785544782,62907.96,62917.96,0.0,0,6
1785544783077,1785544783,62907.78,62917.78,0.0,0,6
1785544784297,1785544784,62908.12,62918.12,0.0,0,6
1785544785306,1785544785,62910.17,62920.17,0.0,0,6
1785544786398,1785544786,62910.58,62920.58,0.0,0,6
1785544787698,1785544787,62911.36,62921.36,0.0,0,6
1785544788700,1785544788,62910.86,62920.86,0.0,0,6
1785544789703,1785544789,62911.83,62921.83,0.0,0,6
1785544790730,1785544790,62911.84,62921.84,0.0,0,6
1785544791737,1785544791,62910.04,62920.04,0.0,0,6
1785544792808,1785544792,62908.01,62918.01,0.0,0,6
1785544793907,1785544793,62906.62,62916.62,0.0,0,6
1785544794142,1785544794,62914.08,62924.08,0.0,0,6
1785544794163,1785544794,62918.33,62928.33,0.0,0,6
1785544794315,1785544794,62921.0,62931.0,0.0,0,6
1785544794316,1785544794,62922.48,62932.48,0.0,0,6
1785544794335,1785544794,62925.0,62935.0,0.0,0,6
1785544795409,1785544795,62923.47,62933.47,0.0,0,6
1785544796438,1785544796,62925.11,62935.11,0.0,0,6
1785544797498,1785544797,62931.45,62941.45,0.0,0,6
1785544798647,1785544798,62925.72,62935.72,0.0,0,6
1785544799698,1785544799,62924.17,62934.17,0.0,0,6
1785544800709,1785544800,62923.42,62933.42,0.0,0,6
1785544801728,1785544801,62923.41,62933.41,0.0,0,6
1785544802818,1785544802,62924.77,62934.77,0.0,0,6
1785544803838,1785544803,62925.11,62935.11,0.0,0,6
1785544804868,1785544804,62923.85,62933.85,0.0,0,6
1785544805968,1785544805,62927.08,62937.08,0.0,0,6
1785544807008,1785544807,62929.32,62939.32,0.0,0,6
1785544808143,1785544808,62927.29,62937.29,0.0,0,6
1785544809278,1785544809,62928.08,62938.08,0.0,0,6
1785544810317,1785544810,62924.12,62934.12,0.0,0,6
1785544811443,1785544811,62925.68,62935.68,0.0,0,6
1785544812446,1785544812,62926.81,62936.81,0.0,0,6
1785544813464,1785544813,62923.32,62933.32,0.0,0,6
1785544814487,1785544814,62923.31,62933.31,0.0,0,6
1785544815050,1785544815,62923.21,62933.21,0.0,0,6
1785544815064,1785544815,62916.97,62926.97,0.0,0,6
1785544815074,1785544815,62915.47,62925.47,0.0,0,6
1785544815156,1785544815,62913.45,62923.45,0.0,0,6
1785544815295,1785544815,62912.18,62922.18,0.0,0,6
1785544815333,1785544815,62909.34,62919.34,0.0,0,6
1785544816518,1785544816,62911.24,62921.24,0.0,0,6
1785544817548,1785544817,62911.84,62921.84,0.0,0,6
1785544818578,1785544818,62914.07,62924.07,0.0,0,6
1785544819670,1785544819,62912.65,62922.65,0.0,0,6
1785544820693,1785544820,62914.71,62924.71,0.0,0,6
1785544821799,1785544821,62914.68,62924.68,0.0,0,6
1785544822849,1785544822,62913.18,62923.18,0.0,0,6
1785544823888,1785544823,62912.36,62922.36,0.0,0,6
1785544824646,1785544824,62919.34,62929.34,0.0,0,6
1785544824692,1785544824,62920.74,62930.74,0.0,0,6
1785544825778,1785544825,62922.86,62932.86,0.0,0,6
1785544826869,1785544826,62921.63,62931.63,0.0,0,6
1785544827909,1785544827,62917.67,62927.67,0.0,0,6
1785544829108,1785544829,62917.66,62927.66,0.0,0,6
1785544830168,1785544830,62918.47,62928.47,0.0,0,6
1785544831287,1785544831,62918.25,62928.25,0.0,0,6
1785544832718,1785544832,62918.13,62928.13,0.0,0,6
1785544833729,1785544833,62917.64,62927.64,0.0,0,6
1785544834739,1785544834,62917.63,62927.63,0.0,0,6
1785544837819,1785544837,62917.62,62927.62,0.0,0,6
1785544838853,1785544838,62917.61,62927.61,0.0,0,6
1785544841078,1785544841,62917.6,62927.6,0.0,0,6
1785544842268,1785544842,62917.59,62927.59,0.0,0,6
1785544844558,1785544844,62917.58,62927.58,0.0,0,6
1785544846739,1785544846,62917.57,62927.57,0.0,0,6
1785544848768,1785544848,62917.98,62927.98,0.0,0,6
1785544849823,1785544849,62917.72,62927.72,0.0,0,6
1785544850930,1785544850,62917.26,62927.26,0.0,0,6
1785544851979,1785544851,62917.3,62927.3,0.0,0,6
1785544853000,1785544853,62916.29,62926.29,0.0,0,6
1785544854079,1785544854,62914.92,62924.92,0.0,0,6
1785544854330,1785544854,62920.11,62930.11,0.0,0,6
1785544854863,1785544854,62920.83,62930.83,0.0,0,6
1785544855925,1785544855,62920.78,62930.78,0.0,0,6
1785544856500,1785544856,62920.12,62930.12,0.0,0,6
1785544856515,1785544856,62913.99,62923.99,0.0,0,6
1785544857533,1785544857,62913.63,62923.63,0.0,0,6
1785544857625,1785544857,62919.16,62929.16,0.0,0,6
1785544858646,1785544858,62920.33,62930.33,0.0,0,6
1785544859545,1785544859,62922.89,62932.89,0.0,0,6
1785544860658,1785544860,62922.89,62932.89,0.0,0,2
1785544861688,1785544861,62923.05,62933.05,0.0,0,6
1785544862698,1785544862,62925.76,62935.76,0.0,0,6
1785544863748,1785544863,62923.97,62933.97,0.0,0,6
1785544864798,1785544864,62922.77,62932.77,0.0,0,6
1785544865818,1785544865,62925.06,62935.06,0.0,0,6
1785544866928,1785544866,62928.44,62938.44,0.0,0,6
1785544867978,1785544867,62923.39,62933.39,0.0,0,6
1785544869069,1785544869,62922.72,62932.72,0.0,0,6
1785544870079,1785544870,62922.71,62932.71,0.0,0,6
1785544871208,1785544871,62924.26,62934.26,0.0,0,6
1785544872307,1785544872,62927.03,62937.03,0.0,0,6
1785544873348,1785544873,62925.49,62935.49,0.0,0,6
1785544874445,1785544874,62925.19,62935.19,0.0,0,6
1785544875488,1785544875,62925.1,62935.1,0.0,0,6
1785544876988,1785544876,62925.08,62935.08,0.0,0,6
1785544878119,1785544878,62923.69,62933.69,0.0,0,6
1785544878985,1785544878,62924.81,62934.81,0.0,0,6
1785544880259,1785544880,62925.74,62935.74,0.0,0,6
1785544881141,1785544881,62928.86,62938.86,0.0,0,6
1785544882142,1785544882,62928.49,62938.49,0.0,0,6
1785544883305,1785544883,62928.64,62938.64,0.0,0,6
1785544884349,1785544884,62926.27,62936.27,0.0,0,6
1785544885359,1785544885,62926.03,62936.03,0.0,0,6
1785544886420,1785544886,62926.85,62936.85,0.0,0,6
1785544887505,1785544887,62929.46,62939.46,0.0,0,6
1785544888579,1785544888,62929.24,62939.24,0.0,0,6
1785544889618,1785544889,62925.78,62935.78,0.0,0,6
1785544890638,1785544890,62926.99,62936.99,0.0,0,6
1785544891728,1785544891,62926.11,62936.11,0.0,0,6
1785544892808,1785544892,62925.89,62935.89,0.0,0,6
1785544893827,1785544893,62926.35,62936.35,0.0,0,6
1785544894977,1785544894,62925.59,62935.59,0.0,0,6
1785544895999,1785544895,62923.52,62933.52,0.0,0,6
1785544897028,1785544897,62923.28,62933.28,0.0,0,6
1785544898078,1785544898,62922.57,62932.57,0.0,0,6
1785544899086,1785544899,62924.0,62934.0,0.0,0,6
1785544900141,1785544900,62924.39,62934.39,0.0,0,6
1785544901159,1785544901,62923.93,62933.93,0.0,0,6
1785544902268,1785544902,62924.75,62934.75,0.0,0,6
1785544903379,1785544903,62926.02,62936.02,0.0,0,6
1785544904718,1785544904,62925.31,62935.31,0.0,0,6
1785544905849,1785544905,62925.07,62935.07,0.0,0,6
1785544906890,1785544906,62924.68,62934.68,0.0,0,6
1785544907908,1785544907,62923.38,62933.38,0.0,0,6
1785544908928,1785544908,62924.6,62934.6,0.0,0,6
1785544909948,1785544909,62923.86,62933.86,0.0,0,6
1785544911018,1785544911,62923.36,62933.36,0.0,0,6
1785544912058,1785544912,62923.11,62933.11,0.0,0,6
1785544913088,1785544913,62922.36,62932.36,0.0,0,6
1785544914129,1785544914,62919.77,62929.77,0.0,0,6
1785544915458,1785544915,62919.72,62929.72,0.0,0,6
1785544916487,1785544916,62919.68,62929.68,0.0,0,6
1785544916745,1785544916,62933.68,62943.68,0.0,0,6
1785544917798,1785544917,62935.46,62945.46,0.0,0,6
1785544918832,1785544918,62934.78,62944.78,0.0,0,6
1785544919846,1785544919,62933.51,62943.51,0.0,0,6
1785544920860,1785544920,62933.51,62943.51,0.0,0,2
1785544921963,1785544921,62933.46,62943.46,0.0,0,6
1785544922904,1785544922,62934.13,62944.13,0.0,0,6
1785544922940,1785544922,62932.33,62942.33,0.0,0,6
1785544923350,1785544923,62928.44,62938.44,0.0,0,6
1785544924430,1785544924,62932.2,62942.2,0.0,0,6
1785544925448,1785544925,62932.51,62942.51,0.0,0,6
1785544926468,1785544926,62931.2,62941.2,0.0,0,6
1785544927476,1785544927,62929.63,62939.63,0.0,0,6
1785544927506,1785544927,62927.86,62937.86,0.0,0,6
1785544928598,1785544928,62926.56,62936.56,0.0,0,6
1785544930328,1785544930,62926.46,62936.46,0.0,0,6
1785544931504,1785544931,62924.92,62934.92,0.0,0,6
1785544932706,1785544932,62924.35,62934.35,0.0,0,6
1785544933758,1785544933,62923.76,62933.76,0.0,0,6
1785544934774,1785544934,62921.18,62931.18,0.0,0,6
1785544936026,1785544936,62921.16,62931.16,0.0,0,6
1785544937165,1785544937,62923.72,62933.72,0.0,0,6
1785544938217,1785544938,62926.77,62936.77,0.0,0,6
1785544939246,1785544939,62927.12,62937.12,0.0,0,6
1785544940246,1785544940,62927.19,62937.19,0.0,0,6
1785544941294,1785544941,62926.48,62936.48,0.0,0,6
1785544942364,1785544942,62924.96,62934.96,0.0,0,6
1785544943438,1785544943,62925.42,62935.42,0.0,0,6
1785544944518,1785544944,62925.23,62935.23,0.0,0,6
1785544945829,1785544945,62926.19,62936.19,0.0,0,6
1785544946899,1785544946,62926.92,62936.92,0.0,0,6
1785544947908,1785544947,62925.31,62935.31,0.0,0,6
1785544948928,1785544948,62924.26,62934.26,0.0,0,6
1785544950037,1785544950,62923.82,62933.82,0.0,0,6
1785544951088,1785544951,62924.8,62934.8,0.0,0,6
1785544952104,1785544952,62925.45,62935.45,0.0,0,6
1785544953144,1785544953,62924.98,62934.98,0.0,0,6
1785544954168,1785544954,62923.33,62933.33,0.0,0,6
1785544955247,1785544955,62923.61,62933.61,0.0,0,6
1785544956248,1785544956,62922.49,62932.49,0.0,0,6
1785544957305,1785544957,62923.2,62933.2,0.0,0,6
1785544958328,1785544958,62923.86,62933.86,0.0,0,6
1785544959359,1785544959,62922.11,62932.11,0.0,0,6
1785544960588,1785544960,62922.93,62932.93,0.0,0,6
1785544961609,1785544961,62923.72,62933.72,0.0,0,6
1785544962647,1785544962,62923.76,62933.76,0.0,0,6
1785544963653,1785544963,62925.13,62935.13,0.0,0,6
1785544964669,1785544964,62924.44,62934.44,0.0,0,6
1785544965086,1785544965,62931.33,62941.33,0.0,0,6
1785544966189,1785544966,62932.94,62942.94,0.0,0,6
1785544967318,1785544967,62932.7,62942.7,0.0,0,6
1785544968350,1785544968,62932.29,62942.29,0.0,0,6
1785544969389,1785544969,62931.68,62941.68,0.0,0,6
1785544970450,1785544970,62930.67,62940.67,0.0,0,6
1785544971706,1785544971,62929.34,62939.34,0.0,0,6
1785544972906,1785544972,62929.38,62939.38,0.0,0,6
1785544974078,1785544974,62929.5,62939.5,0.0,0,6
1785544975148,1785544975,62929.96,62939.96,0.0,0,6
1785544976188,1785544976,62929.15,62939.15,0.0,0,6
1785544977250,1785544977,62929.13,62939.13,0.0,0,6
1785544978515,1785544978,62930.71,62940.71,0.0,0,6
1785544979580,1785544979,62932.75,62942.75,0.0,0,6
1785544980658,1785544980,62934.68,62944.68,0.0,0,6
1785544981717,1785544981,62934.22,62944.22,0.0,0,6
1785544982760,1785544982,62933.59,62943.59,0.0,0,6
1785544983782,1785544983,62931.24,62941.24,0.0,0,6
1785544984798,1785544984,62930.12,62940.12,0.0,0,6
1785544985955,1785544985,62925.56,62935.56,0.0,0,6
1785544987035,1785544987,62924.65,62934.65,0.0,0,6
1785544987295,1785544987,62931.24,62941.24,0.0,0,6
1785544989309,1785544989,62932.89,62942.89,0.0,0,6
1785544990389,1785544990,62932.12,62942.12,0.0,0,6
1785544991428,1785544991,62932.55,62942.55,0.0,0,6
1785544992488,1785544992,62931.45,62941.45,0.0,0,6
1785544993538,1785544993,62932.23,62942.23,0.0,0,6
1785544994578,1785544994,62934.26,62944.26,0.0,0,6
1785544995598,1785544995,62932.98,62942.98,0.0,0,6
1785544996628,1785544996,62932.52,62942.52,0.0,0,6
1785544997705,1785544997,62933.25,62943.25,0.0,0,6
1785544999028,1785544999,62932.99,62942.99,0.0,0,6
1785545000306,1785545000,62931.55,62941.55,0.0,0,6
1785545001420,1785545001,62930.49,62940.49,0.0,0,6
1785545002658,1785545002,62928.14,62938.14,0.0,0,6
1785545003829,1785545003,62929.45,62939.45,0.0,0,6
1785545004978,1785545004,62929.06,62939.06,0.0,0,6
1785545006188,1785545006,62928.79,62938.79,0.0,0,6
1785545007199,1785545007,62928.85,62938.85,0.0,0,6
1785545008328,1785545008,62928.43,62938.43,0.0,0,6
1785545009506,1785545009,62928.47,62938.47,0.0,0,6
1785545010997,1785545010,62931.36,62941.36,0.0,0,6
1785545012058,1785545012,62929.99,62939.99,0.0,0,6
1785545013142,1785545013,62931.61,62941.61,0.0,0,6
1785545014149,1785545014,62931.96,62941.96,0.0,0,6
1785545015150,1785545015,62932.08,62942.08,0.0,0,6
1785545016199,1785545016,62931.55,62941.55,0.0,0,6
1785545017208,1785545017,62927.16,62937.16,0.0,0,6
1785545018308,1785545018,62926.77,62936.77,0.0,0,6
1785545019418,1785545019,62928.44,62938.44,0.0,0,6
1785545020517,1785545020,62928.83,62938.83,0.0,0,6
1785545021735,1785545021,62930.0,62940.0,0.0,0,6
1785545022808,1785545022,62929.05,62939.05,0.0,0,6
1785545023906,1785545023,62929.37,62939.37,0.0,0,6
1785545025229,1785545025,62931.23,62941.23,0.0,0,6
1785545026297,1785545026,62929.87,62939.87,0.0,0,6
1785545027319,1785545027,62929.86,62939.86,0.0,0,6
1785545028362,1785545028,62929.53,62939.53,0.0,0,6
1785545029400,1785545029,62930.22,62940.22,0.0,0,6
1785545030433,1785545030,62931.09,62941.09,0.0,0,6
1785545030524,1785545030,62929.11,62939.11,0.0,0,6
1785545031595,1785545031,62930.0,62940.0,0.0,0,6
1785545032608,1785545032,62928.78,62938.78,0.0,0,6
1785545033507,1785545033,62927.03,62937.03,0.0,0,6
1785545033581,1785545033,62925.33,62935.33,0.0,0,6
1785545035013,1785545035,62924.68,62934.68,0.0,0,6
1785545036398,1785545036,62925.49,62935.49,0.0,0,6
1785545037727,1785545037,62925.91,62935.91,0.0,0,6
1785545038896,1785545038,62925.38,62935.38,0.0,0,6
1785545039967,1785545039,62923.31,62933.31,0.0,0,6
1785545041095,1785545041,62920.16,62930.16,0.0,0,6
1785545042217,1785545042,62921.21,62931.21,0.0,0,6
1785545043250,1785545043,62920.14,62930.14,0.0,0,6
1785545045441,1785545045,62922.2,62932.2,0.0,0,6
1785545046445,1785545046,62923.51,62933.51,0.0,0,6
1785545047451,1785545047,62923.6,62933.6,0.0,0,6
1785545048474,1785545048,62923.91,62933.91,0.0,0,6
1785545049504,1785545049,62924.94,62934.94,0.0,0,6
1785545050504,1785545050,62924.84,62934.84,0.0,0,6
1785545051554,1785545051,62925.9,62935.9,0.0,0,6
1785545052678,1785545052,62926.84,62936.84,0.0,0,6
1785545053692,1785545053,62926.71,62936.71,0.0,0,6
1785545054695,1785545054,62928.07,62938.07,0.0,0,6
1785545055707,1785545055,62927.22,62937.22,0.0,0,6
1785545057086,1785545057,62927.33,62937.33,0.0,0,6
1785545058212,1785545058,62928.04,62938.04,0.0,0,6
1785545059251,1785545059,62927.85,62937.85,0.0,0,6
1785545060272,1785545060,62928.03,62938.03,0.0,0,6
1785545061390,1785545061,62926.93,62936.93,0.0,0,6
1785545062408,1785545062,62928.03,62938.03,0.0,0,6
1785545063495,1785545063,62928.02,62938.02,0.0,0,6
1785545064519,1785545064,62928.01,62938.01,0.0,0,6
1785545066782,1785545066,62925.8,62935.8,0.0,0,6
1785545067996,1785545067,62923.51,62933.51,0.0,0,6
1785545069295,1785545069,62921.95,62931.95,0.0,0,6
1785545070302,1785545070,62920.23,62930.23,0.0,0,6
1785545071313,1785545071,62919.97,62929.97,0.0,0,6
1785545072333,1785545072,62921.25,62931.25,0.0,0,6
1785545073425,1785545073,62921.05,62931.05,0.0,0,6
1785545074494,1785545074,62920.77,62930.77,0.0,0,6
1785545075508,1785545075,62920.47,62930.47,0.0,0,6
1785545076518,1785545076,62920.04,62930.04,0.0,0,6
1785545077580,1785545077,62922.12,62932.12,0.0,0,6
1785545078748,1785545078,62923.08,62933.08,0.0,0,6
1785545079778,1785545079,62922.94,62932.94,0.0,0,6
1785545080808,1785545080,62924.16,62934.16,0.0,0,6
1785545082110,1785545082,62925.22,62935.22,0.0,0,6
1785545083187,1785545083,62926.53,62936.53,0.0,0,6
1785545084191,1785545084,62930.41,62940.41,0.0,0,6
1785545085218,1785545085,62930.23,62940.23,0.0,0,6
1785545086301,1785545086,62929.31,62939.31,0.0,0,6
1785545087359,1785545087,62928.36,62938.36,0.0,0,6
1785545088505,1785545088,62928.72,62938.72,0.0,0,6
1785545089544,1785545089,62926.96,62936.96,0.0,0,6
1785545089554,1785545089,62931.68,62941.68,0.0,0,6
1785545090705,1785545090,62930.79,62940.79,0.0,0,6
1785545092106,1785545092,62928.64,62938.64,0.0,0,6
1785545093158,1785545093,62929.47,62939.47,0.0,0,6
1785545094258,1785545094,62931.25,62941.25,0.0,0,6
1785545095269,1785545095,62931.37,62941.37,0.0,0,6
1785545096498,1785545096,62931.92,62941.92,0.0,0,6
1785545097505,1785545097,62931.62,62941.62,0.0,0,6
1785545098632,1785545098,62930.07,62940.07,0.0,0,6
1785545099908,1785545099,62930.12,62940.12,0.0,0,6
1785545100920,1785545100,62930.79,62940.79,0.0,0,6
1785545102029,1785545102,62931.89,62941.89,0.0,0,6
1785545103282,1785545103,62931.31,62941.31,0.0,0,6
1785545104304,1785545104,62932.04,62942.04,0.0,0,6
1785545105190,1785545105,62933.68,62943.68,0.0,0,6
1785545105299,1785545105,62936.25,62946.25,0.0,0,6
1785545105299,1785545105,62937.64,62947.64,0.0,0,6
1785545105378,1785545105,62939.33,62949.33,0.0,0,6
1785545105397,1785545105,62941.59,62951.59,0.0,0,6
1785545105408,1785545105,62945.82,62955.82,0.0,0,6
1785545105438,1785545105,62947.64,62957.64,0.0,0,6
1785545105604,1785545105,62945.62,62955.62,0.0,0,6
1785545105648,1785545105,62952.43,62962.43,0.0,0,6
1785545105697,1785545105,62946.52,62956.52,0.0,0,6
1785545105992,1785545105,62945.02,62955.02,0.0,0,6
1785545106029,1785545106,62941.78,62951.78,0.0,0,6
1785545107063,1785545107,62937.04,62947.04,0.0,0,6
1785545108064,1785545108,62935.32,62945.32,0.0,0,6
1785545109078,1785545109,62936.81,62946.81,0.0,0,6
1785545110134,1785545110,62937.55,62947.55,0.0,0,6
1785545110191,1785545110,62934.95,62944.95,0.0,0,6
1785545110216,1785545110,62932.75,62942.75,0.0,0,6
1785545110239,1785545110,62930.28,62940.28,0.0,0,6
1785545111265,1785545111,62931.99,62941.99,0.0,0,6
1785545112278,1785545112,62932.64,62942.64,0.0,0,6
1785545113396,1785545113,62933.06,62943.06,0.0,0,6
1785545114422,1785545114,62933.03,62943.03,0.0,0,6
1785545115509,1785545115,62932.83,62942.83,0.0,0,6
1785545116538,1785545116,62932.26,62942.26,0.0,0,6
1785545117578,1785545117,62932.88,62942.88,0.0,0,6
1785545117965,1785545117,62929.29,62939.29,0.0,0,6
1785545118976,1785545118,62927.11,62937.11,0.0,0,6
1785545120178,1785545120,62923.78,62933.78,0.0,0,6
1785545121255,1785545121,62923.82,62933.82,0.0,0,6
1785545122439,1785545122,62923.62,62933.62,0.0,0,6
1785545123529,1785545123,62923.64,62933.64,0.0,0,6
1785545124849,1785545124,62923.66,62933.66,0.0,0,6
1785545126239,1785545126,62923.98,62933.98,0.0,0,6
1785545127315,1785545127,62924.33,62934.33,0.0,0,6
1785545128439,1785545128,62925.46,62935.46,0.0,0,6
1785545129557,1785545129,62925.25,62935.25,0.0,0,6
1785545130628,1785545130,62926.62,62936.62,0.0,0,6
1785545131670,1785545131,62925.45,62935.45,0.0,0,6
1785545132678,1785545132,62926.68,62936.68,0.0,0,6
1785545133781,1785545133,62926.05,62936.05,0.0,0,6
1785545134808,1785545134,62924.14,62934.14,0.0,0,6
1785545135538,1785545135,62931.74,62941.74,0.0,0,6
1785545135553,1785545135,62933.04,62943.04,0.0,0,6
1785545135567,1785545135,62934.44,62944.44,0.0,0,6
1785545135655,1785545135,62936.63,62946.63,0.0,0,6
1785545135655,1785545135,62938.72,62948.72,0.0,0,6
1785545135655,1785545135,62941.02,62951.02,0.0,0,6
1785545136657,1785545136,62940.52,62950.52,0.0,0,6
1785545137708,1785545137,62939.44,62949.44,0.0,0,6
1785545138851,1785545138,62937.7,62947.7,0.0,0,6
1785545139867,1785545139,62929.65,62939.65,0.0,0,6
1785545141009,1785545141,62928.94,62938.94,0.0,0,6
1785545141596,1785545141,62927.74,62937.74,0.0,0,6
1785545142598,1785545142,62928.52,62938.52,0.0,0,6
1785545143628,1785545143,62931.93,62941.93,0.0,0,6
1785545144728,1785545144,62929.44,62939.44,0.0,0,6
1785545145778,1785545145,62930.29,62940.29,0.0,0,6
1785545146906,1785545146,62931.31,62941.31,0.0,0,6
1785545148106,1785545148,62931.55,62941.55,0.0,0,6
1785545149188,1785545149,62934.55,62944.55,0.0,0,6
1785545150448,1785545150,62935.86,62945.86,0.0,0,6
1785545151478,1785545151,62935.9,62945.9,0.0,0,6
1785545152508,1785545152,62933.94,62943.94,0.0,0,6
1785545153754,1785545153,62934.82,62944.82,0.0,0,6
1785545153815,1785545153,62942.05,62952.05,0.0,0,6
1785545153838,1785545153,62943.69,62953.69,0.0,0,6
1785545154879,1785545154,62941.11,62951.11,0.0,0,6
1785545155993,1785545155,62939.91,62949.91,0.0,0,6
1785545157034,1785545157,62940.69,62950.69,0.0,0,6
1785545158059,1785545158,62940.13,62950.13,0.0,0,6
1785545159084,1785545159,62940.32,62950.32,0.0,0,6
1785545160199,1785545160,62938.07,62948.07,0.0,0,6
1785545162404,1785545162,62938.21,62948.21,0.0,0,6
1785545163436,1785545163,62938.23,62948.23,0.0,0,6
1785545164515,1785545164,62938.63,62948.63,0.0,0,6
1785545165548,1785545165,62940.73,62950.73,0.0,0,6
1785545166653,1785545166,62939.83,62949.83,0.0,0,6
1785545167696,1785545167,62938.31,62948.31,0.0,0,6
1785545168702,1785545168,62939.41,62949.41,0.0,0,6
1785545169733,1785545169,62939.67,62949.67,0.0,0,6
1785545170752,1785545170,62940.84,62950.84,0.0,0,6
1785545171788,1785545171,62942.75,62952.75,0.0,0,6
1785545172828,1785545172,62941.6,62951.6,0.0,0,6
1785545174032,1785545174,62938.4,62948.4,0.0,0,6
1785545175232,1785545175,62938.42,62948.42,0.0,0,6
1785545176376,1785545176,62938.87,62948.87,0.0,0,6
1785545177395,1785545177,62939.49,62949.49,0.0,0,6
1785545178410,1785545178,62940.85,62950.85,0.0,0,6
1785545179675,1785545179,62941.76,62951.76,0.0,0,6
1785545180685,1785545180,62942.35,62952.35,0.0,0,6
1785545181344,1785545181,62944.01,62954.01,0.0,0,6
1785545182459,1785545182,62944.38,62954.38,0.0,0,6
1785545183464,1785545183,62942.51,62952.51,0.0,0,6
1785545185639,1785545185,62943.3,62953.3,0.0,0,6
1785545186679,1785545186,62943.22,62953.22,0.0,0,6
1785545187698,1785545187,62943.9,62953.9,0.0,0,6
1785545188705,1785545188,62942.51,62952.51,0.0,0,6
1785545190748,1785545190,62942.5,62952.5,0.0,0,6
1785545192079,1785545192,62942.49,62952.49,0.0,0,6
1785545193169,1785545193,62942.7,62952.7,0.0,0,6
1785545193972,1785545193,62942.81,62952.81,0.0,0,6
1785545194975,1785545194,62942.82,62952.82,0.0,0,6
1785545196009,1785545196,62942.84,62952.84,0.0,0,6
1785545197195,1785545197,62942.85,62952.85,0.0,0,6
1785545198242,1785545198,62942.87,62952.87,0.0,0,6
1785545199244,1785545199,62942.88,62952.88,0.0,0,6
1785545200272,1785545200,62942.89,62952.89,0.0,0,6
1785545201331,1785545201,62942.91,62952.91,0.0,0,6
1785545203423,1785545203,62942.93,62952.93,0.0,0,6
1785545205506,1785545205,62942.95,62952.95,0.0,0,6
1785545206598,1785545206,62942.96,62952.96,0.0,0,6
1785545207791,1785545207,62942.99,62952.99,0.0,0,6
1785545208910,1785545208,62944.35,62954.35,0.0,0,6
1785545209909,1785545209,62945.57,62955.57,0.0,0,6
1785545210969,1785545210,62946.42,62956.42,0.0,0,6
1785545211978,1785545211,62943.56,62953.56,0.0,0,6
1785545212985,1785545212,62943.05,62953.05,0.0,0,6
1785545213985,1785545213,62943.06,62953.06,0.0,0,6
1785545214985,1785545214,62943.47,62953.47,0.0,0,6
1785545216029,1785545216,62943.38,62953.38,0.0,0,6
1785545217033,1785545217,62943.09,62953.09,0.0,0,6
1785545218036,1785545218,62943.1,62953.1,0.0,0,6
1785545219178,1785545219,62943.12,62953.12,0.0,0,6
1785545220198,1785545220,62943.13,62953.13,0.0,0,6
1785545221261,1785545221,62943.14,62953.14,0.0,0,6
1785545222277,1785545222,62943.15,62953.15,0.0,0,6
1785545223423,1785545223,62943.16,62953.16,0.0,0,6
1785545224426,1785545224,62943.17,62953.17,0.0,0,6
1785545225486,1785545225,62943.18,62953.18,0.0,0,6
1785545226505,1785545226,62945.16,62955.16,0.0,0,6
1785545227510,1785545227,62947.62,62957.62,0.0,0,6
1785545228688,1785545228,62948.91,62958.91,0.0,0,6
1785545229798,1785545229,62946.25,62956.25,0.0,0,6
1785545230818,1785545230,62948.17,62958.17,0.0,0,6
1785545231938,1785545231,62949.11,62959.11,0.0,0,6
1785545233144,1785545233,62950.02,62960.02,0.0,0,6
1785545234188,1785545234,62945.96,62955.96,0.0,0,6
1785545235288,1785545235,62946.15,62956.15,0.0,0,6
1785545236298,1785545236,62946.38,62956.38,0.0,0,6
1785545237305,1785545237,62947.43,62957.43,0.0,0,6
1785545238330,1785545238,62948.72,62958.72,0.0,0,6
1785545239052,1785545239,62952.8,62962.8,0.0,0,6
1785545239067,1785545239,62955.24,62965.24,0.0,0,6
1785545239079,1785545239,62959.68,62969.68,0.0,0,6
1785545239092,1785545239,62956.32,62966.32,0.0,0,6
1785545239108,1785545239,62957.77,62967.77,0.0,0,6
1785545240130,1785545240,62958.78,62968.78,0.0,0,6
1785545241159,1785545241,62960.97,62970.97,0.0,0,6
1785545242169,1785545242,62958.94,62968.94,0.0,0,6
1785545242337,1785545242,62952.5,62962.5,0.0,0,6
1785545242389,1785545242,62946.34,62956.34,0.0,0,6
1785545242460,1785545242,62948.23,62958.23,0.0,0,6
1785545242494,1785545242,62946.26,62956.26,0.0,0,6
1785545242589,1785545242,62943.86,62953.86,0.0,0,6
1785545243645,1785545243,62941.2,62951.2,0.0,0,6
1785545244693,1785545244,62947.07,62957.07,0.0,0,6
1785545245709,1785545245,62943.83,62953.83,0.0,0,6
1785545246719,1785545246,62941.27,62951.27,0.0,0,6
1785545247749,1785545247,62946.6,62956.6,0.0,0,6
1785545248788,1785545248,62945.19,62955.19,0.0,0,6
1785545249527,1785545249,62943.96,62953.96,0.0,0,6
1785545250646,1785545250,62940.18,62950.18,0.0,0,6
1785545251666,1785545251,62944.85,62954.85,0.0,0,6
1785545252704,1785545252,62942.1,62952.1,0.0,0,6
1785545253918,1785545253,62940.19,62950.19,0.0,0,6
1785545254918,1785545254,62942.74,62952.74,0.0,0,6
1785545255958,1785545255,62942.83,62952.83,0.0,0,6
1785545257105,1785545257,62941.65,62951.65,0.0,0,6
1785545258298,1785545258,62941.92,62951.92,0.0,0,6
1785545259435,1785545259,62937.41,62947.41,0.0,0,6
1785545260604,1785545260,62937.38,62947.38,0.0,0,6
1785545261654,1785545261,62937.37,62947.37,0.0,0,6
1785545263878,1785545263,62937.35,62947.35,0.0,0,6
1785545265198,1785545265,62937.33,62947.33,0.0,0,6
1785545266502,1785545266,62937.99,62947.99,0.0,0,6
1785545267553,1785545267,62945.26,62955.26,0.0,0,6
1785545269702,1785545269,62945.23,62955.23,0.0,0,6
1785545270611,1785545270,62945.01,62955.01,0.0,0,6
1785545270949,1785545270,62943.21,62953.21,0.0,0,6
1785545271966,1785545271,62943.2,62953.2,0.0,0,6
1785545272968,1785545272,62943.19,62953.19,0.0,0,6
1785545274090,1785545274,62943.11,62953.11,0.0,0,6
1785545275091,1785545275,62942.8,62952.8,0.0,0,6
1785545276123,1785545276,62940.41,62950.41,0.0,0,6
1785545277167,1785545277,62940.64,62950.64,0.0,0,6
1785545278259,1785545278,62940.38,62950.38,0.0,0,6
1785545279424,1785545279,62940.4,62950.4,0.0,0,6
1785545280206,1785545280,62941.17,62951.17,0.0,0,6
1785545281288,1785545281,62940.79,62950.79,0.0,0,6
1785545282294,1785545282,62940.0,62950.0,0.0,0,6
1785545283305,1785545283,62939.27,62949.27,0.0,0,6
1785545284426,1785545284,62939.23,62949.23,0.0,0,6
1785545285428,1785545285,62939.31,62949.31,0.0,0,6
1785545286498,1785545286,62939.95,62949.95,0.0,0,6
1785545287704,1785545287,62939.45,62949.45,0.0,0,6
1785545288733,1785545288,62939.6,62949.6,0.0,0,6
1785545289750,1785545289,62941.09,62951.09,0.0,0,6
1785545290834,1785545290,62940.23,62950.23,0.0,0,6
1785545291938,1785545291,62938.86,62948.86,0.0,0,6
1785545292958,1785545292,62939.11,62949.11,0.0,0,6
1785545294048,1785545294,62939.0,62949.0,0.0,0,6
1785545295068,1785545295,62939.75,62949.75,0.0,0,6
1785545296283,1785545296,62940.48,62950.48,0.0,0,6
1785545297442,1785545297,62938.04,62948.04,0.0,0,6
1785545298500,1785545298,62940.1,62950.1,0.0,0,6
1785545299537,1785545299,62937.98,62947.98,0.0,0,6
1785545300610,1785545300,62939.98,62949.98,0.0,0,6
1785545301662,1785545301,62940.96,62950.96,0.0,0,6
1785545302665,1785545302,62942.27,62952.27,0.0,0,6
1785545303677,1785545303,62943.22,62953.22,0.0,0,6
1785545304758,1785545304,62939.07,62949.07,0.0,0,6
1785545305884,1785545305,62939.08,62949.08,0.0,0,6
1785545307062,1785545307,62939.09,62949.09,0.0,0,6
1785545308235,1785545308,62940.86,62950.86,0.0,0,6
1785545309391,1785545309,62941.62,62951.62,0.0,0,6
1785545310662,1785545310,62941.42,62951.42,0.0,0,6
1785545311703,1785545311,62942.47,62952.47,0.0,0,6
1785545312818,1785545312,62942.96,62952.96,0.0,0,6
1785545313841,1785545313,62943.59,62953.59,0.0,0,6
1785545314864,1785545314,62943.32,62953.32,0.0,0,6
1785545315892,1785545315,62943.71,62953.71,0.0,0,6
1785545316926,1785545316,62942.48,62952.48,0.0,0,6
1785545317978,1785545317,62942.71,62952.71,0.0,0,6
1785545319481,1785545319,62941.17,62951.17,0.0,0,6
1785545320550,1785545320,62941.27,62951.27,0.0,0,6
1785545321597,1785545321,62941.96,62951.96,0.0,0,6
1785545322621,1785545322,62940.73,62950.73,0.0,0,6
1785545323643,1785545323,62940.47,62950.47,0.0,0,6
1785545324662,1785545324,62941.02,62951.02,0.0,0,6
1785545325872,1785545325,62942.15,62952.15,0.0,0,6
1785545326926,1785545326,62942.84,62952.84,0.0,0,6
1785545328049,1785545328,62943.56,62953.56,0.0,0,6
1785545329222,1785545329,62944.47,62954.47,0.0,0,6
1785545330226,1785545330,62943.24,62953.24,0.0,0,6
1785545331300,1785545331,62942.46,62952.46,0.0,0,6
1785545332307,1785545332,62941.6,62951.6,0.0,0,6
1785545333568,1785545333,62939.7,62949.7,0.0,0,6
1785545334588,1785545334,62939.35,62949.35,0.0,0,6
1785545335768,1785545335,62939.37,62949.37,0.0,0,6
1785545336808,1785545336,62939.39,62949.39,0.0,0,6
1785545337828,1785545337,62939.41,62949.41,0.0,0,6
1785545338848,1785545338,62940.11,62950.11,0.0,0,6
1785545339878,1785545339,62939.45,62949.45,0.0,0,6
1785545340978,1785545340,62939.54,62949.54,0.0,0,6
1785545342018,1785545342,62940.54,62950.54,0.0,0,6
1785545343099,1785545343,62940.95,62950.95,0.0,0,6
1785545344127,1785545344,62941.94,62951.94,0.0,0,6
1785545345148,1785545345,62943.62,62953.62,0.0,0,6
1785545346199,1785545346,62944.68,62954.68,0.0,0,6
1785545347238,1785545347,62946.4,62956.4,0.0,0,6
1785545348288,1785545348,62944.06,62954.06,0.0,0,6
1785545349320,1785545349,62943.32,62953.32,0.0,0,6
1785545350408,1785545350,62942.68,62952.68,0.0,0,6
1785545351451,1785545351,62943.49,62953.49,0.0,0,6
1785545352478,1785545352,62945.43,62955.43,0.0,0,6
1785545353509,1785545353,62945.88,62955.88,0.0,0,6
1785545354560,1785545354,62944.9,62954.9,0.0,0,6
1785545355589,1785545355,62943.46,62953.46,0.0,0,6
1785545356879,1785545356,62940.77,62950.77,0.0,0,6
1785545357909,1785545357,62939.12,62949.12,0.0,0,6
1785545358989,1785545358,62943.24,62953.24,0.0,0,6
1785545360167,1785545360,62942.01,62952.01,0.0,0,6
1785545360579,1785545360,62939.54,62949.54,0.0,0,6
1785545360638,1785545360,62938.09,62948.09,0.0,0,6
1785545360659,1785545360,62936.34,62946.34,0.0,0,6
1785545360701,1785545360,62934.71,62944.71,0.0,0,6
1785545361683,1785545361,62932.43,62942.43,0.0,0,6
1785545362698,1785545362,62933.32,62943.32,0.0,0,6
1785545363719,1785545363,62933.29,62943.29,0.0,0,6
1785545364733,1785545364,62929.21,62939.21,0.0,0,6
1785545365743,1785545365,62929.22,62939.22,0.0,0,6
1785545366770,1785545366,62929.24,62939.24,0.0,0,6
1785545367786,1785545367,62929.26,62939.26,0.0,0,6
1785545368798,1785545368,62929.28,62939.28,0.0,0,6
1785545369813,1785545369,62929.29,62939.29,0.0,0,6
1785545370819,1785545370,62929.31,62939.31,0.0,0,6
1785545371839,1785545371,62929.32,62939.32,0.0,0,6
1785545373855,1785545373,62929.36,62939.36,0.0,0,6
1785545374877,1785545374,62929.38,62939.38,0.0,0,6
1785545375895,1785545375,62929.4,62939.4,0.0,0,6
1785545376911,1785545376,62929.42,62939.42,0.0,0,6
1785545377927,1785545377,62929.44,62939.44,0.0,0,6
1785545378940,1785545378,62929.46,62939.46,0.0,0,6
1785545379946,1785545379,62929.48,62939.48,0.0,0,6
1785545380969,1785545380,62932.25,62942.25,0.0,0,6
1785545381973,1785545381,62933.78,62943.78,0.0,0,6
1785545382997,1785545382,62934.07,62944.07,0.0,0,6
1785545384011,1785545384,62933.82,62943.82,0.0,0,6
1785545385025,1785545385,62933.84,62943.84,0.0,0,6
1785545386040,1785545386,62933.86,62943.86,0.0,0,6
1785545387054,1785545387,62933.87,62943.87,0.0,0,6
1785545388069,1785545388,62933.89,62943.89,0.0,0,6
1785545389083,1785545389,62933.91,62943.91,0.0,0,6
1785545390097,1785545390,62933.93,62943.93,0.0,0,6
1785545392105,1785545392,62933.94,62943.94,0.0,0,6
1785545393128,1785545393,62933.96,62943.96,0.0,0,6
1785545394155,1785545394,62934.0,62944.0,0.0,0,6
1785545395169,1785545395,62934.01,62944.01,0.0,0,6
1785545396183,1785545396,62934.09,62944.09,0.0,0,6
1785545397196,1785545397,62934.95,62944.95,0.0,0,6
1785545398066,1785545398,62937.43,62947.43,0.0,0,6
1785545398078,1785545398,62938.73,62948.73,0.0,0,6
1785545398135,1785545398,62940.93,62950.93,0.0,0,6
1785545399152,1785545399,62942.51,62952.51,0.0,0,6
1785545400177,1785545400,62943.14,62953.14,0.0,0,6
1785545401185,1785545401,62943.0,62953.0,0.0,0,6
1785545402240,1785545402,62942.39,62952.39,0.0,0,6
1785545403241,1785545403,62943.54,62953.54,0.0,0,6
1785545404266,1785545404,62943.53,62953.53,0.0,0,6
1785545405277,1785545405,62943.28,62953.28,0.0,0,6
1785545406286,1785545406,62943.7,62953.7,0.0,0,6
1785545407292,1785545407,62941.89,62951.89,0.0,0,6
1785545408350,1785545408,62943.56,62953.56,0.0,0,6
1785545409353,1785545409,62944.08,62954.08,0.0,0,6
1785545409468,1785545409,62946.75,62956.75,0.0,0,6
1785545409680,1785545409,62948.61,62958.61,0.0,0,6
1785545410194,1785545410,62949.49,62959.49,0.0,0,6
1785545411224,1785545411,62950.14,62960.14,0.0,0,6
1785545412234,1785545412,62950.43,62960.43,0.0,0,6
1785545413247,1785545413,62950.53,62960.53,0.0,0,6
1785545414250,1785545414,62947.19,62957.19,0.0,0,6
1785545415255,1785545415,62950.03,62960.03,0.0,0,6
1785545416054,1785545416,62950.85,62960.85,0.0,0,6
1785545417073,1785545417,62950.79,62960.79,0.0,0,6
1785545418218,1785545418,62952.07,62962.07,0.0,0,6
1785545419240,1785545419,62949.9,62959.9,0.0,0,6
1785545420250,1785545420,62950.62,62960.62,0.0,0,6
1785545421269,1785545421,62947.73,62957.73,0.0,0,6
1785545422328,1785545422,62948.21,62958.21,0.0,0,6
1785545423409,1785545423,62948.56,62958.56,0.0,0,6
1785545424425,1785545424,62948.46,62958.46,0.0,0,6
1785545425431,1785545425,62950.02,62960.02,0.0,0,6
1785545426438,1785545426,62953.04,62963.04,0.0,0,6
1785545427064,1785545427,62947.86,62957.86,0.0,0,6
1785545427075,1785545427,62945.92,62955.92,0.0,0,6
1785545428111,1785545428,62946.31,62956.31,0.0,0,6
1785545429148,1785545429,62945.86,62955.86,0.0,0,6
1785545430318,1785545430,62946.5,62956.5,0.0,0,6
1785545431548,1785545431,62946.07,62956.07,0.0,0,6
1785545432588,1785545432,62945.38,62955.38,0.0,0,6
1785545433608,1785545433,62943.66,62953.66,0.0,0,6
1785545434628,1785545434,62944.48,62954.48,0.0,0,6
1785545435639,1785545435,62944.2,62954.2,0.0,0,6
1785545436680,1785545436,62944.07,62954.07,0.0,0,6
1785545437688,1785545437,62944.4,62954.4,0.0,0,6
1785545438717,1785545438,62944.02,62954.02,0.0,0,6
1785545439809,1785545439,62943.25,62953.25,0.0,0,6
1785545440829,1785545440,62942.89,62952.89,0.0,0,6
1785545441869,1785545441,62941.43,62951.43,0.0,0,6
1785545442949,1785545442,62942.86,62952.86,0.0,0,6
1785545444155,1785545444,62942.83,62952.83,0.0,0,6
1785545445194,1785545445,62941.92,62951.92,0.0,0,6
1785545446218,1785545446,62943.82,62953.82,0.0,0,6
1785545447311,1785545447,62942.99,62952.99,0.0,0,6
1785545448317,1785545448,62939.9,62949.9,0.0,0,6
1785545449325,1785545449,62939.89,62949.89,0.0,0,6
1785545450506,1785545450,62940.19,62950.19,0.0,0,6
1785545451611,1785545451,62944.49,62954.49,0.0,0,6
1785545452611,1785545452,62945.98,62955.98,0.0,0,6
1785545453626,1785545453,62943.87,62953.87,0.0,0,6
1785545454812,1785545454,62943.88,62953.88,0.0,0,6
1785545456998,1785545456,62943.89,62953.89,0.0,0,6
1785545457858,1785545457,62938.36,62948.36,0.0,0,6
1785545457925,1785545457,62936.62,62946.62,0.0,0,6
1785545458003,1785545458,62935.08,62945.08,0.0,0,6
1785545458025,1785545458,62933.09,62943.09,0.0,0,6
1785545458044,1785545458,62931.59,62941.59,0.0,0,6
1785545458694,1785545458,62930.11,62940.11,0.0,0,6
1785545459715,1785545459,62930.14,62940.14,0.0,0,6
1785545460439,1785545460,62929.86,62939.86,0.0,0,6
1785545461451,1785545461,62932.19,62942.19,0.0,0,6
1785545462568,1785545462,62932.33,62942.33,0.0,0,6
1785545463709,1785545463,62929.91,62939.91,0.0,0,6
1785545463945,1785545463,62927.88,62937.88,0.0,0,6
1785545464999,1785545464,62929.51,62939.51,0.0,0,6
1785545466028,1785545466,62929.68,62939.68,0.0,0,6
1785545467258,1785545467,62928.56,62938.56,0.0,0,6
1785545468289,1785545468,62928.27,62938.27,0.0,0,6
1785545469759,1785545469,62925.75,62935.75,0.0,0,6
1785545470009,1785545470,62924.47,62934.47,0.0,0,6
1785545470024,1785545470,62922.6,62932.6,0.0,0,6
1785545471033,1785545471,62924.37,62934.37,0.0,0,6
1785545472093,1785545472,62922.73,62932.73,0.0,0,6
1785545473152,1785545473,62922.71,62932.71,0.0,0,6
1785545474203,1785545474,62923.0,62933.0,0.0,0,6
1785545475242,1785545475,62923.43,62933.43,0.0,0,6
1785545475593,1785545475,62921.35,62931.35,0.0,0,6
1785545475663,1785545475,62919.21,62929.21,0.0,0,6
1785545476767,1785545476,62918.92,62928.92,0.0,0,6
1785545477798,1785545477,62919.41,62929.41,0.0,0,6
1785545478829,1785545478,62925.17,62935.17,0.0,0,6
1785545479849,1785545479,62922.59,62932.59,0.0,0,6
1785545480969,1785545480,62922.41,62932.41,0.0,0,6
1785545481476,1785545481,62918.35,62928.35,0.0,0,6
1785545482478,1785545482,62914.86,62924.86,0.0,0,6
1785545483501,1785545483,62915.78,62925.78,0.0,0,6
1785545484554,1785545484,62922.77,62932.77,0.0,0,6
1785545486694,1785545486,62920.29,62930.29,0.0,0,6
1785545487759,1785545487,62915.03,62925.03,0.0,0,6
1785545488079,1785545488,62913.06,62923.06,0.0,0,6
1785545489107,1785545489,62912.24,62922.24,0.0,0,6
1785545490349,1785545490,62913.03,62923.03,0.0,0,6
1785545492173,1785545492,62917.83,62927.83,0.0,0,6
1785545493258,1785545493,62917.0,62927.0,0.0,0,6
1785545494414,1785545494,62916.6,62926.6,0.0,0,6
1785545495480,1785545495,62917.55,62927.55,0.0,0,6
1785545496616,1785545496,62913.62,62923.62,0.0,0,6
1785545497702,1785545497,62916.12,62926.12,0.0,0,6
1785545498761,1785545498,62915.58,62925.58,0.0,0,6
1785545499778,1785545499,62920.8,62930.8,0.0,0,6
1785545500793,1785545500,62919.07,62929.07,0.0,0,6
1785545501567,1785545501,62918.58,62928.58,0.0,0,6
1785545501629,1785545501,62917.25,62927.25,0.0,0,6
1785545501738,1785545501,62914.75,62924.75,0.0,0,6
1785545502710,1785545502,62913.27,62923.27,0.0,0,6
1785545503753,1785545503,62916.36,62926.36,0.0,0,6
1785545504774,1785545504,62916.45,62926.45,0.0,0,6
1785545505815,1785545505,62916.49,62926.49,0.0,0,6
1785545507889,1785545507,62916.52,62926.52,0.0,0,6
1785545508959,1785545508,62916.59,62926.59,0.0,0,6
1785545509975,1785545509,62916.62,62926.62,0.0,0,6
1785545511057,1785545511,62916.65,62926.65,0.0,0,6
1785545512229,1785545512,62916.54,62926.54,0.0,0,6
1785545513252,1785545513,62915.5,62925.5,0.0,0,6
1785545514290,1785545514,62914.88,62924.88,0.0,0,6
1785545515319,1785545515,62916.1,62926.1,0.0,0,6
1785545516398,1785545516,62914.9,62924.9,0.0,0,6
1785545517449,1785545517,62913.11,62923.11,0.0,0,6
1785545518478,1785545518,62916.03,62926.03,0.0,0,6
1785545519544,1785545519,62918.34,62928.34,0.0,0,6
1785545520770,1785545520,62917.52,62927.52,0.0,0,6
1785545521853,1785545521,62919.39,62929.39,0.0,0,6
1785545522933,1785545522,62920.28,62930.28,0.0,0,6
1785545523948,1785545523,62919.25,62929.25,0.0,0,6
1785545525058,1785545525,62919.01,62929.01,0.0,0,6
1785545526078,1785545526,62918.44,62928.44,0.0,0,6
1785545527209,1785545527,62917.41,62927.41,0.0,0,6
1785545528229,1785545528,62918.34,62928.34,0.0,0,6
1785545529479,1785545529,62916.03,62926.03,0.0,0,6
1785545530647,1785545530,62916.44,62926.44,0.0,0,6
1785545531666,1785545531,62917.37,62927.37,0.0,0,6
1785545532687,1785545532,62917.9,62927.9,0.0,0,6
1785545533702,1785545533,62916.49,62926.49,0.0,0,6
1785545534947,1785545534,62916.61,62926.61,0.0,0,6
1785545535948,1785545535,62915.35,62925.35,0.0,0,6
1785545536969,1785545536,62914.31,62924.31,0.0,0,6
1785545538058,1785545538,62913.63,62923.63,0.0,0,6
1785545539072,1785545539,62913.66,62923.66,0.0,0,6
1785545540171,1785545540,62913.93,62923.93,0.0,0,6
1785545541178,1785545541,62914.59,62924.59,0.0,0,6
1785545542229,1785545542,62915.64,62925.64,0.0,0,6
1785545543395,1785545543,62914.6,62924.6,0.0,0,6
1785545544457,1785545544,62914.42,62924.42,0.0,0,6
1785545545558,1785545545,62916.25,62926.25,0.0,0,6
1785545546630,1785545546,62918.17,62928.17,0.0,0,6
1785545547632,1785545547,62918.48,62928.48,0.0,0,6
1785545548646,1785545548,62919.03,62929.03,0.0,0,6
1785545549787,1785545549,62918.48,62928.48,0.0,0,6
1785545550890,1785545550,62918.9,62928.9,0.0,0,6
1785545552716,1785545552,62914.01,62924.01,0.0,0,6
1785545552726,1785545552,62911.53,62921.53,0.0,0,6
1785545552780,1785545552,62908.66,62918.66,0.0,0,6
1785545552917,1785545552,62907.0,62917.0,0.0,0,6
1785545554027,1785545554,62907.28,62917.28,0.0,0,6
1785545555040,1785545555,62909.03,62919.03,0.0,0,6
1785545556078,1785545556,62909.88,62919.88,0.0,0,6
1785545557118,1785545557,62909.92,62919.92,0.0,0,6
1785545558183,1785545558,62909.98,62919.98,0.0,0,6
1785545560348,1785545560,62910.02,62920.02,0.0,0,6
1785545561371,1785545561,62910.38,62920.38,0.0,0,6
1785545562422,1785545562,62908.54,62918.54,0.0,0,6
1785545563424,1785545563,62906.58,62916.58,0.0,0,6
1785545564425,1785545564,62907.92,62917.92,0.0,0,6
1785545564894,1785545564,62911.95,62921.95,0.0,0,6
1785545565719,1785545565,62911.58,62921.58,0.0,0,6
1785545565732,1785545565,62913.63,62923.63,0.0,0,6
1785545565794,1785545565,62915.88,62925.88,0.0,0,6
1785545566868,1785545566,62920.73,62930.73,0.0,0,6
1785545567868,1785545567,62917.12,62927.12,0.0,0,6
1785545568899,1785545568,62916.99,62926.99,0.0,0,6
1785545570225,1785545570,62917.14,62927.14,0.0,0,6
1785545571307,1785545571,62916.47,62926.47,0.0,0,6
1785545572423,1785545572,62916.84,62926.84,0.0,0,6
1785545573426,1785545573,62916.15,62926.15,0.0,0,6
1785545574429,1785545574,62916.92,62926.92,0.0,0,6
1785545575482,1785545575,62915.66,62925.66,0.0,0,6
1785545576493,1785545576,62914.97,62924.97,0.0,0,6
1785545577644,1785545577,62915.42,62925.42,0.0,0,6
1785545578648,1785545578,62914.78,62924.78,0.0,0,6
1785545579698,1785545579,62916.09,62926.09,0.0,0,6
1785545580707,1785545580,62916.65,62926.65,0.0,0,6
1785545581738,1785545581,62920.22,62930.22,0.0,0,6
1785545582748,1785545582,62919.08,62929.08,0.0,0,6
1785545583767,1785545583,62919.35,62929.35,0.0,0,6
1785545584768,1785545584,62918.56,62928.56,0.0,0,6
1785545585798,1785545585,62918.43,62928.43,0.0,0,6
1785545586834,1785545586,62916.77,62926.77,0.0,0,6
1785545587868,1785545587,62916.8,62926.8,0.0,0,6
1785545589014,1785545589,62917.78,62927.78,0.0,0,6
1785545590172,1785545590,62916.87,62926.87,0.0,0,6
1785545591304,1785545591,62912.69,62922.69,0.0,0,6
1785545592371,1785545592,62911.92,62921.92,0.0,0,6
1785545593439,1785545593,62911.38,62921.38,0.0,0,6
1785545594448,1785545594,62908.45,62918.45,0.0,0,6
1785545595478,1785545595,62909.33,62919.33,0.0,0,6
1785545596529,1785545596,62909.56,62919.56,0.0,0,6
1785545597639,1785545597,62908.95,62918.95,0.0,0,6
1785545598786,1785545598,62910.21,62920.21,0.0,0,6
1785545599858,1785545599,62910.58,62920.58,0.0,0,6
1785545600889,1785545600,62909.6,62919.6,0.0,0,6
1785545601938,1785545601,62910.15,62920.15,0.0,0,6
