2026-07-30T13:40:43	START	watching BTCUSDm on 436771046, poll 30s - silent until something needs a decision
2026-07-30T14:03:44	OPENED	#3027083591 SELL 0.01 @ 64697.00 SL 64762.0 TP 64540.0 - now managing
2026-07-30T14:06:44	LEVEL	broke above 64715.00 (reached 64736.97, now 64741.97) - EARLY WARNING - 18:35 high. Taking it out leaves only 64757 between price and the stop; reassess the short before the SL does it for me
2026-07-30T14:07:14	CLOSED	#3027083591 (opened @ 64697.00) is gone - flat now, bid 64763.00. Look for the next setup.
2026-07-30T14:10:14	LEVEL	broke above 64757.00 (reached 64776.46, now 64776.11) - 18:30 swing high and the pre-committed invalidation. Reclaiming it kills the breakdown thesis - CLOSE the short rather than ride the remaining points to the 64762 stop
2026-07-30T14:18:44	SETUP	flat, price 64796.28 at M15 RESIST 64797.86 (2px away). Assess for a trade.
2026-07-30T14:24:29	SETUP	flat, price 64791.42 at M15 RESIST 64797.86 (6px away). Assess for a trade.
2026-07-30T14:27:29	LEVEL	broke above 64830.00 (reached 64832.36, now 64815.66) - top of the 18:00-18:05 supply shelf. Clearing it opens the 64,898-64,928 cluster - the rally is a real trend leg rather than a bounce
2026-07-30T14:45:40	SETUP	flat, price 64764.48 at M15 SUPPORT 64751.90 (13px away). Assess for a trade.
2026-07-30T14:48:10	PENDING	order #3027323289 placed
2026-07-30T14:48:40	LEVEL	broke below 64730.00 (reached 64722.72, now 64731.43) - 19:15 swing low. Losing it means the rally leg off 64614 is failing and the short side reopens - on a retest, not a chase
2026-07-30T14:51:10	OPENED	#3027323289 SELL 0.01 @ 64751.90 SL 64890.0 TP 64620.0 - now managing
2026-07-30T14:52:10	CLOSED	#3027323289 (opened @ 64751.90) is gone - flat now, bid 64771.81. Look for the next setup.
2026-07-30T14:56:10	LEVEL	broke below 64730.00 (reached 64726.92, now 64744.47) - 19:15 swing low. Losing it means the rally leg off 64614 is failing and the short side reopens - on a retest, not a chase
2026-07-30T14:57:40	PENDING	order #3027350848 placed
2026-07-30T14:59:40	OPENED	#3027350848 SELL 0.01 @ 64751.90 SL 64870.0 TP 64530.0 - now managing
2026-07-30T15:02:10	CLOSED	#3027350848 (opened @ 64751.90) is gone - flat now, bid 64864.83. Look for the next setup.
2026-07-30T15:04:10	PENDING	order #3027380511 placed
2026-07-30T15:07:10	LEVEL	broke below 64794.82 (reached 64793.15, now 64799.04) - Loss of the reclaimed M15 level; if this breaks before fill and cannot be reclaimed, momentum is slipping back into range — reassess the pending short.
2026-07-30T15:18:25	LEVEL	broke below 64700.58 (reached 64691.76, now 64713.34) - M15 support lost; if not reclaimed on the next M15 rotation, cancel the distant H4 sell limit and reassess from lower range.
2026-07-30T15:30:55	LEVEL	broke below 64700.58 (reached 64693.22, now 64724.54) - If the next M15 rotation fails to reclaim and price pushes back below here, cancel pending short #3027380511 and reassess from H4 support 64,614–64,620.
2026-07-30T15:58:01	START	watching BTCUSDm on 436771046, poll 30s - silent until something needs a decision
2026-07-30T15:58:40	START	watching BTCUSDm on 436771046, poll 30s - silent until something needs a decision
2026-07-30T16:00:08	START	watching BTCUSDm on 436771046, poll 30s - silent until something needs a decision
2026-07-30T16:02:17	START	watching BTCUSDm on 436771046, poll 30s - silent until something needs a decision
2026-07-30T16:06:47	LEVEL	broke below 64700.58 (reached 64693.59, now 64698.93) - If price pushes back below ~64,700 again, wake me to CANCEL pending short #3027380511 and reassess from H4 support 64,614–64,620.
2026-07-30T16:08:17	PENDING	order #3027541590 placed
2026-07-30T17:01:00	OPENED	#3027541590 BUY 0.01 @ 64625.00 SL 64545.0 TP 64820.0 - now managing
2026-07-30T17:03:32	AT_1R	#3027541590 is +128px = 1.60R (risk 80px). bid 64753.29. Consider moving stop to break-even 64625.00.
2026-07-30T17:08:02	CLOSED	#3027541590 (opened @ 64625.00) is gone - flat now, bid 64816.73. Look for the next setup.
2026-07-30T17:09:02	PENDING	order #3027600123 placed
2026-07-30T17:29:02	LEVEL	broke above 64927.74 (reached 64939.69, now 64933.30) - If H4 resistance 64,927.74 is accepted above, momentum may continue; reassess longs on higher pullback. Pending buy at 64,720.38 is still valid unless structure shifts materially.
2026-07-30T17:39:32	LEVEL	broke below 64828.03 (reached 64822.17, now 64840.78) - If bid breaks below the M15 support, momentum is shifting down; confirms approach toward our pending entry. Reassess premise only if the break accelerates abnormally.
2026-07-30T17:43:32	LEVEL	broke above 64860.00 (reached 64863.73, now 64867.61) - Reclaim and push away from the broken M15 64828. If market runs up without tagging our entry, reassess and likely cancel the pending rather than chase.
2026-07-30T17:55:26	LEVEL	broke below 64801.44 (reached 64799.07, now 64810.02) - M15 support. A clean break increases odds we trade down to the 64720 buy limit; watch for pace of the break when/if entry is tagged.
2026-07-30T18:12:26	LEVEL	broke above 64865.95 (reached 64870.81, now 64872.90) - M15 resistance. If price accepts above here before the BUY_LIMIT fills, the shallow-pullback buy premise weakens; reassess and likely cancel rather than chase.
2026-07-30T18:25:26	LEVEL	broke above 64865.95 (reached 64874.47, now 64879.47) - M15 resistance. If price accepts above here before the BUY_LIMIT fills, the shallow-pullback buy premise weakens; reassess and likely cancel rather than chase.
2026-07-30T18:30:26	LEVEL	broke above 64865.95 (reached 64873.59, now 64874.06) - M15 resistance. If price accepts above here before the BUY_LIMIT fills, the shallow-pullback buy premise weakens; reassess and likely cancel rather than chase.
2026-07-30T18:44:26	LEVEL	broke below 64771.60 (reached 64754.41, now 64779.04) - M15 support. A clean break increases odds we trade down to the 64720.38 BUY_LIMIT; watch the pace of the break into entry.
2026-07-30T18:49:57	LEVEL	broke above 64834.14 (reached 64835.32, now 64835.23) - Reclaim of broken M15 support. If price accepts back above, the premise for buying a shallow pullback at 64720.38 degrades; reassess pending.
2026-07-30T18:50:57	OPENED	#3027600123 BUY 0.01 @ 64720.38 SL 64600.0 TP 64920.0 - now managing
2026-07-30T19:05:32	LEVEL	broke above 64841.00 (reached 64841.29, now 64843.38) - Entry +1R. If we get a clean M5 close and hold above ~64841, consider moving the stop to breakeven (64720.38) on the next check; do not modify mid-candle.
2026-07-30T19:47:32	LEVEL	broke below 64671.02 (reached 64670.21, now 64719.68) - H1 support. If there is a decisive break-and-hold below while there is still meaningful distance (>~40) to the stop, consider an early exit; otherwise let the stop work.
2026-07-30T19:51:32	LEVEL	broke below 64671.02 (reached 64659.50, now 64664.50) - H1 support. If there is a decisive break-and-hold below while there is still meaningful distance (>~40) to the stop, consider an early exit; otherwise let the stop work.
2026-07-30T19:52:32	CLOSED	#3027600123 (opened @ 64720.38) is gone - flat now, bid 64641.37. Look for the next setup.
2026-07-30T19:53:32	PENDING	order #3027933248 placed
2026-07-30T20:00:02	LEVEL	broke above 64671.02 (reached 64672.31, now 64671.72) - H1 level just lost. If we get an M5 close and hold back above, it indicates a reclaim; reassess longs on a retest if R:R allows.
2026-07-30T20:02:02	PENDING	order #3027959212 placed
2026-07-30T20:03:02	LEVEL	broke above 64844.78 (reached 64878.49, now 64869.97) - H1 resistance/first target. Acceptance above opens room toward 65030; if rejected, manage targets tighter on any long.
2026-07-30T20:06:35	PENDING	order #3027973734 placed
2026-07-30T20:09:05	LEVEL	broke above 65030.19 (reached 65063.62, now 65039.79) - H4 resistance/next objective. If accepted above while pending is unfilled, cancel the pullback buy as premise has run; if filled and accepted above, consider managing target on strength.
2026-07-30T20:16:35	PENDING	order #3028006319 placed
2026-07-30T20:17:05	LEVEL	broke below 65030.19 (reached 65028.71, now 65054.19) - If price accepts back below the H4 breakout level, treat 65030 as resistance again and avoid longs; reassess for short-only setups on bounces.
2026-07-30T20:20:05	LEVEL	broke below 65030.19 (reached 64971.55, now 64976.55) - If price accepts back below the H4 breakout level, treat 65030 as resistance again and avoid longs; reassess for short-only setups on bounces.
2026-07-30T20:32:35	LEVEL	broke below 65030.19 (reached 65005.60, now 65010.60) - If price accepts back below the H4 breakout level, treat 65030 as resistance again and avoid longs; reassess for short-only setups on bounces.
2026-07-30T20:37:35	LEVEL	broke below 64844.78 (reached 64842.84, now 64850.14) - Deeper bearish flip on H1. If reclaimed below, intraday bias shifts down and we avoid buying dips.
2026-07-30T20:47:35	LEVEL	broke below 64658.09 (reached 64558.55, now 64632.74) - M15 support. A clean test or sweep-and-reclaim here could be a future long level; if accepted through, expect continuation lower and reframe levels.
2026-07-30T20:50:35	LEVEL	broke below 64589.93 (reached 64467.39, now 64498.54) - H4 support. If accepted below and held, expect continuation lower; reframe levels for short-only bias and be ready to cancel any bullish plans.
2026-07-30T22:06:14	LEVEL	broke below 64137.56 (reached 64125.28, now 64133.02) - M15 support/recent low. Acceptance below opens continuation risk lower; avoid fading until a sweep-and-reclaim is proven.
2026-07-30T22:12:14	LEVEL	broke below 64137.56 (reached 64135.25, now 64151.64) - M15 support/recent low. Acceptance below opens continuation risk lower; avoid fading until a sweep-and-reclaim is proven.
2026-07-30T22:54:15	LEVEL	broke above 64359.41 (reached 64360.48, now 64351.22) - Local M15 resistance from the latest bounce. A tag-and-reject could set intraday shorts; acceptance weakens the immediate downside.
2026-07-30T23:04:15	LEVEL	broke above 64359.41 (reached 64371.22, now 64372.48) - Local M15 resistance from the latest bounce. A tag-and-reject could set intraday shorts; acceptance weakens the immediate downside.
2026-07-31T01:29:02	PENDING	order #3028590824 placed
2026-07-31T01:30:02	OPENED	#3028590824 SELL 0.01 @ 64355.06 SL 64430.06 TP 64196.74 - now managing
2026-07-31T01:33:02	CLOSED	#3028590824 (opened @ 64355.06) is gone - flat now, bid 64414.21. Look for the next setup.
2026-07-31T01:33:32	PENDING	order #3028606410 placed
2026-07-31T01:36:07	ERROR	UnicodeEncodeError: 'charmap' codec can't encode character '\u2011' in position 127: character maps to <undefined>
2026-07-31T01:36:47	ERROR	UnicodeEncodeError: 'charmap' codec can't encode character '\u2011' in position 127: character maps to <undefined>
2026-07-31T01:37:27	ERROR	UnicodeEncodeError: 'charmap' codec can't encode character '\u2011' in position 127: character maps to <undefined>
2026-07-31T01:38:25	START	watching BTCUSDm on 436771046, poll 30s - silent until something needs a decision
2026-07-31T01:39:55	LEVEL	broke below 64287.36 (reached 64283.34, now 64292.27) - M15 support and our TP zone. If traded through, expect take-profit fill.
2026-07-31T01:45:25	LEVEL	broke below 64196.74 (reached 64181.23, now 64196.27) - Break of H1 support opens path toward 64,095 H4 support.
2026-07-31T02:03:55	LEVEL	broke below 64095.34 (reached 64052.22, now 64085.78) - Break of H4 support signals continuation lower; watch for acceleration/flush.
2026-07-31T03:09:30	LEVEL	broke below 63797.16 (reached 63795.99, now 63807.65) - Break of the nearby M15 support would signal continuation lower; watch for acceleration/flush.
2026-07-31T03:22:00	LEVEL	broke below 63797.16 (reached 63796.34, now 63813.39) - Break of the nearby M15 support would signal continuation lower; watch for acceleration/flush.
2026-07-31T03:40:58	LEVEL	broke below 63780.00 (reached 63733.62, now 63749.64) - Break of the 4H/session low would signal continuation lower; watch for acceleration/flush. Replaces the repeatedly-triggered 63,797 level.
2026-07-31T04:06:28	LEVEL	broke below 63733.00 (reached 63705.94, now 63721.34) - Break of the fresh 4H/session low opens continuation/flush lower; consider momentum only if geometry fits the hard rules.
2026-07-31T04:35:09	SETUP	flat, price 63605.24 at M15 SUPPORT 63618.91 (14px away). Assess for a trade.
2026-07-31T04:38:09	LEVEL	broke above 63618.91 (reached 63665.68, now 63664.68) - Reclaim of the broken M15 support. If accepted above, short squeeze risk back toward 63,734/63,964—reassess for possible fade lower if geometry fits.
2026-07-31T04:44:09	SETUP	flat, price 63635.52 at M15 SUPPORT 63618.91 (17px away). Assess for a trade.
2026-07-31T04:49:39	SETUP	flat, price 63655.68 at M15 RESIST 63665.68 (10px away). Assess for a trade.
2026-07-31T05:05:39	LEVEL	broke below 63561.65 (reached 63544.37, now 63577.55) - Break of the 4H range low opens continuation lower; consider momentum continuation ONLY if stop can sit outside noise and R:R≥1.5 within 120 min.
2026-07-31T05:06:39	PENDING	order #3029485049 placed
2026-07-31T05:08:39	LEVEL	broke above 63618.91 (reached 63632.85, now 63629.24) - Reclaim of the broken M15 support. If accepted above, short squeeze risk back toward 63,734/63,964—reassess for possible fade lower if geometry fits.
2026-07-31T05:26:09	LEVEL	broke above 63733.62 (reached 63741.60, now 63738.87) - Reclaim of the H1 support-turned-resistance reduces short bias; watch for push toward 63,964 and 64,095.
2026-07-31T05:31:09	SETUP	flat, price 63783.90 at H4 SUPPORT 63797.16 (13px away). Assess for a trade.
2026-07-31T05:33:09	PENDING	order #3029584729 placed
2026-07-31T05:34:09	OPENED	#3029584729 SELL 0.01 @ 63780.00 SL 63865.0 TP 63650.0 - now managing
2026-07-31T05:37:11	LEVEL	broke above 63797.16 (reached 63804.42, now 63796.96) - Reclaim of H4 support-turned-resistance increases squeeze risk; no change to plan but be prepared for noise near stop.
2026-07-31T05:52:17	CLOSED	#3029584729 (opened @ 63780.00) is gone - flat now, bid 63856.59. Look for the next setup.
2026-07-31T05:53:17	PENDING	order #3029651299 placed
2026-07-31T06:04:05	LEVEL	broke above 63914.00 (reached 63930.38, now 63928.16) - Acceptance above prior swing high reduces odds of a deep pullback; do NOT chase—keep pending only while entry remains within 1.5x ATR(M15) of price.
2026-07-31T06:07:05	SETUP	flat, price 63903.47 at H1 RESIST 63886.75 (17px away). Assess for a trade.
2026-07-31T06:16:22	SETUP	flat, price 63804.86 at H4 SUPPORT 63797.16 (8px away). Assess for a trade.
2026-07-31T06:17:22	PENDING	order #3029753881 placed
2026-07-31T06:33:52	OPENED	#3029753881 BUY 0.01 @ 63807.16 SL 63698.0 TP 63971.0 - now managing
2026-07-31T07:04:24	CLOSED	#3029753881 (opened @ 63807.16) is gone - flat now, bid 63697.51. Look for the next setup.
2026-07-31T07:10:24	SETUP	flat, price 63702.22 at H1 SUPPORT 63718.49 (16px away). Assess for a trade.
2026-07-31T07:13:28	PENDING	order #3029983005 placed
2026-07-31T07:30:28	SETUP	flat, price 63646.69 at M15 SUPPORT 63628.38 (18px away). Assess for a trade.
2026-07-31T07:35:58	SETUP	flat, price 63633.88 at M15 SUPPORT 63628.38 (6px away). Assess for a trade.
2026-07-31T07:43:58	SETUP	flat, price 63614.20 at M15 SUPPORT 63628.38 (14px away). Assess for a trade.
2026-07-31T07:53:07	SETUP	flat, price 63666.78 at M15 RESIST 63679.99 (13px away). Assess for a trade.
2026-07-31T08:00:16	SETUP	flat, price 63674.09 at M15 RESIST 63691.40 (17px away). Assess for a trade.
2026-07-31T08:14:46	SETUP	flat, price 63694.40 at M15 RESIST 63691.40 (3px away). Assess for a trade.
2026-07-31T08:17:48	LEVEL	broke above 63718.49 (reached 63730.44, now 63732.48) - H1 support reclaim. If price reclaims/holds above, look for a buy on a retest of 63,718 (+spread) with a stop below the swing; do not chase a runaway break.
2026-07-31T08:21:18	SETUP	flat, price 63709.38 at M15 RESIST 63709.62 (0px away). Assess for a trade.
2026-07-31T08:30:16	SETUP	flat, price 63679.02 at M15 SUPPORT 63671.42 (8px away). Assess for a trade.
2026-07-31T08:33:27	LEVEL	broke below 63531.45 (reached 63469.55, now 63565.05) - H4 support approach. Look for a BUY LIMIT at 63,531 (+spread) only if the level holds; stop outside noise and target a realistic bounce within 120 min.
2026-07-31T08:35:19	PENDING	order #3030511807 placed
2026-07-31T08:36:51	LEVEL	broke above 63671.42 (reached 63705.95, now 63578.19) - M15 support reclaim. If price reclaims/holds above, consider a BUY LIMIT on a retest of 63,671 (+spread) with a stop below the swing; only if R:R>=1.5 and target within 1.5x ATR.
2026-08-02T12:14:11	START	watching BTCUSDm on 436771046, poll 30s - silent until something needs a decision
2026-08-02T12:25:06	LEVEL	broke above 63175.03 (reached 63276.34, now 63261.27) - H4 resistance from briefing. If tagged while flat, consider SELL LIMIT fade with SL 20, TP 40; avoid buy continuation per Rule 9.
2026-08-02T12:45:12	SETUP	flat, price 63264.42 at M15 RESIST 63253.85 (11px away). Assess for a trade.
2026-08-02T13:06:22	SETUP	flat, price 63234.06 at M15 SUPPORT 63225.21 (9px away). Assess for a trade.
2026-08-02T13:25:37	PENDING	order #3033692029 placed
2026-08-02T13:35:52	OPENED	#3033692029 SELL 0.01 @ 63276.34 SL 63296.34 TP 63236.34 - now managing
2026-08-02T13:36:29	CLOSED	#3033692029 (opened @ 63276.34) is gone - flat now, bid 63292.75. Look for the next setup.
2026-08-02T13:38:52	PENDING	order #3033707895 placed
2026-08-02T13:46:39	LEVEL	broke below 63361.88 (reached 63334.87, now 63370.02) - First pullback low after the breakout (18:40 M1 low). Losing it says the 18:35-18:41 impulse is stalling rather than continuing.
2026-08-02T14:03:04	SETUP	flat, price 63285.20 at M15 SUPPORT 63295.11 (10px away). Assess for a trade.
2026-08-02T14:11:22	LEVEL	broke below 63276.34 (reached 63265.24, now 63296.21) - The H1 resistance that capped price all afternoon and was cleared at 18:35 - now the key support. This is the level whose loss means the breakout has failed outright. Also where short #3033692029 was stopped.
2026-08-02T14:11:52	PENDING	order #3033750760 placed
2026-08-02T14:13:37	OPENED	#3033750760 BUY 0.01 @ 63286.34 SL 63266.34 TP 63326.34 - now managing
2026-08-02T14:14:07	CLOSED	#3033750760 (opened @ 63286.34) is gone - flat now, bid 63292.28. Look for the next setup.
2026-08-02T14:25:08	LEVEL	broke below 63265.00 (reached 63263.60, now 63268.60) - THE SWEPT LOW. Probed twice, 63,265.24 at 19:11 and 63,265.39 at 19:13, and reclaimed both times. Replaces 63,276.34 as the level that matters: 63,276 is now noise price oscillates through, whereas a decisive break BELOW 63,265 is the first real evidence the breakout support has failed. Do not fade a long at 63,276 with a 20-point stop - the stop lands at bid 63,266, INSIDE this proven sweep range, which is exactly how #3033750760 was lost.
2026-08-02T14:35:14	LEVEL	broke above 63265.00 (reached 63276.68, now 63280.62) - FLIPPED to 'above'. This was the swept low; price broke 18 points through it to 63,246.92 at 19:25, so the breakout support has failed and the long premise from 63,276 is dead. A reclaim back ABOVE 63,265 would say the breakdown itself failed - that is now the bullish trigger, not the 63,276 retest.
2026-08-02T14:39:14	SETUP	flat, price 63293.10 at M15 RESIST 63301.91 (9px away). Assess for a trade.
2026-08-02T14:42:47	OPENED	#3033765694 SELL 0.01 @ 63301.91 SL 63321.91 TP 63261.91 - now managing
2026-08-02T14:45:13	CLOSED	#3033765694 (opened @ 63301.91) is gone - flat now, bid 63320.06. Look for the next setup.
2026-08-02T15:01:38	SETUP	flat, price 63400.17 at H1 RESIST 63405.09 (5px away). Assess for a trade.
2026-08-02T15:02:38	PENDING	order #3033782415 placed
2026-08-02T15:25:30	SETUP	flat, price 63341.52 at M15 SUPPORT 63334.06 (7px away). Assess for a trade.
2026-08-02T15:45:32	SETUP	flat, price 63343.10 at M15 SUPPORT 63332.28 (11px away). Assess for a trade.
2026-08-02T15:48:33	SETUP	flat, price 63402.06 at H1 RESIST 63405.09 (3px away). Assess for a trade.
2026-08-02T16:00:03	SETUP	flat, price 63428.75 at H1 RESIST 63431.55 (3px away). Assess for a trade.
2026-08-02T16:03:03	LEVEL	broke above 63437.94 (reached 63454.57, now 63459.57) - M15 resistance and the nearest genuine upside decision point. SELL LIMIT fade rests AT the level with no offset per Rule 3.
2026-08-02T16:08:07	LEVEL	broke below 63437.94 (reached 63437.09, now 63443.42) - Broken upward 21:03, was M15 resistance, now support. Losing it says the push toward the session high has failed.
2026-08-02T16:13:08	SETUP	flat, price 63441.52 at H1 RESIST 63431.55 (10px away). Assess for a trade.
2026-08-02T16:17:38	SETUP	flat, price 63434.75 at H1 RESIST 63431.55 (3px away). Assess for a trade.
2026-08-02T16:39:39	SETUP	flat, price 63443.39 at H1 RESIST 63431.55 (12px away). Assess for a trade.
2026-08-02T16:40:53	START	watching BTCUSDm on 436771046, poll 30s - silent until something needs a decision
2026-08-02T16:42:23	LEVEL	broke above 63535.83 (reached 63673.21, now 63665.72) - Session high, set 18:41. The next genuine upside decision point. A SELL LIMIT fade rests AT the level with no offset per Rule 3 - but note it is a FRESH EXTREME, so the sweep filter gives only the vacuous 10 points of clearance by construction. Do NOT chase a break per Rule 9.
2026-08-02T16:46:03	LEVEL	broke above 63717.16 (reached 63719.78, now 63674.24) - New session high, set by the 21:42 M1 bar which ran 225 points (open 63,491.92, high 63,717.16). FRESH EXTREME - the sweep filter is vacuous here (10 points of clearance by construction), so do not read a filter pass as quality. Do NOT chase a break per Rule 9. A fade is only worth assessing on a first retest after price has LEFT this level. CAUTION: the 'reached X' figure in a LEVEL event is the price at POLL TIME, not the bar's extreme - the watcher said 63,673.21 and the daemon said 63,687.35 for this same move, both understating the true 63,717.16. Always read the M1 bar before setting a level from an event.
2026-08-02T16:54:19	LEVEL	broke below 63535.83 (reached 63526.92, now 63546.26) - The old session high, cleared 21:42, now support. This is the breakout level - losing it means the 137-point impulse has failed. Note it was correctly NOT pre-shorted: a Rule 3 fade here would have put the stop at bid 63,545.83 and price ran straight to 63,673.
2026-08-02T17:12:19	LEVEL	broke above 63719.78 (reached 63727.27, now 63669.69) - New session high, set by the 21:42 M1 bar which ran 225 points (open 63,491.92, high 63,717.16). FRESH EXTREME - the sweep filter is vacuous here (10 points of clearance by construction), so do not read a filter pass as quality. Do NOT chase a break per Rule 9. A fade is only worth assessing on a first retest after price has LEFT this level. CAUTION: the 'reached X' figure in a LEVEL event is the price at POLL TIME, not the bar's extreme - the watcher said 63,673.21 and the daemon said 63,687.35 for this same move, both understating the true 63,717.16. Always read the M1 bar before setting a level from an event.
2026-08-02T17:26:50	LEVEL	broke below 63535.83 (reached 63531.32, now 63540.20) - The old session high, cleared 21:42, now support. This is the breakout level - losing it means the 137-point impulse has failed. Note it was correctly NOT pre-shorted: a Rule 3 fade here would have put the stop at bid 63,545.83 and price ran straight to 63,673.
2026-08-02T17:29:50	SETUP	flat, price 63528.84 at H4 RESIST 63535.83 (7px away). Assess for a trade.
2026-08-02T17:32:50	LEVEL	broke below 63474.40 (reached 63435.43, now 63447.97) - Replaces 63,535.83, which fired three times (21:54, 22:00, 22:26) with no actionable outcome - price oscillates across it and it is permanently un-fadeable long, since the probe to 63,474.40 sits 51 points beyond where a Rule 3 long's stop would rest. 63,474.40 IS that probe low: the deepest point of the pullback from the 63,727 high. Losing it is the first evidence the whole 21:42 impulse has failed, and it is far enough below to fire only on a real move.
2026-08-02T17:35:50	LEVEL	broke below 63405.09 (reached 63354.83, now 63359.83) - H1 resistance tested three times and cleared, now deeper support. Has a KNOWN probe to 63,429.67, so a short here stays vetoed by the sweep filter.
2026-08-02T17:39:23	LEVEL	broke below 63323.21 (reached 63291.25, now 63303.72) - Leg low from 20:26, where long #3033799553 was stopped. First structural support beneath the current decline - price has already proved it trades here.
2026-08-02T17:44:53	LEVEL	broke above 63405.09 (reached 63460.57, now 63443.21) - FLIPPED to 'above' at 22:35 - broke to 63,354.83. H1 resistance that was tested three times, cleared, and has now failed as support. Nearest reclaim marker. A short fade here stays vetoed while the 63,429.67 probe is recent.
2026-08-02T17:47:54	LEVEL	broke above 63474.40 (reached 63504.34, now 63422.35) - Reclaim trigger. Broke down through here at 22:32; recovering above it would say the breakdown failed. Also the ceiling of the current down-leg.
2026-08-02T18:06:54	PENDING	order #3034220207 placed
2026-08-02T18:06:54	LEVEL	broke below 63291.25 (reached 63283.42, now 63321.40) - LOWER BOUNDARY of the chop band - the floor of the 22:39/22:42 double probe. A decisive break here means the range has resolved downward.
2026-08-02T18:07:43	OPENED	#3034220207 BUY 0.01 @ 63301.25 SL 63281.25 TP 63341.25 - now managing
2026-08-02T18:08:43	CLOSED	#3034220207 (opened @ 63301.25) is gone - flat now, bid 63296.91. Look for the next setup.
2026-08-02T18:11:43	LEVEL	broke below 63279.39 (reached 63274.76, now 63295.05) - LOWER BOUNDARY, moved down from 63,291.25 which broke at 23:08. 63,279.39 is where long #3034220207 was stopped - the deepest print of the session's base. Three probes now cluster here: 63,291.25 (22:39), 63,283.42 (23:06), 63,279.39 (23:08), each slightly deeper. That descending sequence is why a long fade in this zone keeps failing: every stop placed 10 points under the last low is inside the next probe.
2026-08-02T18:30:16	SETUP	flat, price 63477.05 at M15 RESIST 63481.28 (4px away). Assess for a trade.
2026-08-02T18:31:46	OPENED	#3034294887 SELL 0.01 @ 63481.28 SL 63501.28 TP 63441.28 - now managing
2026-08-02T18:34:16	CLOSED	#3034294887 (opened @ 63481.28) is gone - flat now, bid 63500.21. Look for the next setup.
2026-08-02T18:45:16	SETUP	flat, price 63421.53 at M15 SUPPORT 63410.10 (11px away). Assess for a trade.
2026-08-02T19:28:51	LEVEL	broke below 63207.38 (reached 63166.14, now 63207.26) - SOLE DOWNSIDE MARKER. Stopped chasing the low with a level at 23:11 - the boundary had been moved three times in 30 minutes (63,323.21, 63,291.25, 63,279.39) and each move was immediately broken, because the base is stair-stepping DOWN: 63,291.25 at 22:39, 63,283.42 at 23:06, 63,279.39 at 23:08, 63,274.76 at 23:11, steps of 4-8 points. Re-anchoring on every new low is churn that generates a wake per step and tells me nothing I do not already know. H1 support 63,207.38 is structural, roughly 70 points below the leading edge, so it only fires if the decline becomes real rather than continuing to grind. WHILE THE STAIR-STEP CONTINUES, no long fade in the 63,27x-63,29x zone is worth taking: any stop 10 points under the latest low is inside the range the sequence is walking through.
2026-08-02T19:44:51	SETUP	flat, price 63256.89 at H4 SUPPORT 63251.06 (6px away). Assess for a trade.
2026-08-02T19:47:51	LEVEL	broke below 63207.38 (reached 63192.72, now 63207.83) - SOLE DOWNSIDE MARKER. Stopped chasing the low with a level at 23:11 - the boundary had been moved three times in 30 minutes (63,323.21, 63,291.25, 63,279.39) and each move was immediately broken, because the base is stair-stepping DOWN: 63,291.25 at 22:39, 63,283.42 at 23:06, 63,279.39 at 23:08, 63,274.76 at 23:11, steps of 4-8 points. Re-anchoring on every new low is churn that generates a wake per step and tells me nothing I do not already know. H1 support 63,207.38 is structural, roughly 70 points below the leading edge, so it only fires if the decline becomes real rather than continuing to grind. WHILE THE STAIR-STEP CONTINUES, no long fade in the 63,27x-63,29x zone is worth taking: any stop 10 points under the latest low is inside the range the sequence is walking through.
2026-08-02T19:52:51	SETUP	flat, price 63264.16 at H4 SUPPORT 63251.06 (13px away). Assess for a trade.
2026-08-02T20:00:21	LEVEL	broke below 63207.38 (reached 63189.21, now 63198.72) - SOLE DOWNSIDE MARKER. Stopped chasing the low with a level at 23:11 - the boundary had been moved three times in 30 minutes (63,323.21, 63,291.25, 63,279.39) and each move was immediately broken, because the base is stair-stepping DOWN: 63,291.25 at 22:39, 63,283.42 at 23:06, 63,279.39 at 23:08, 63,274.76 at 23:11, steps of 4-8 points. Re-anchoring on every new low is churn that generates a wake per step and tells me nothing I do not already know. H1 support 63,207.38 is structural, roughly 70 points below the leading edge, so it only fires if the decline becomes real rather than continuing to grind. WHILE THE STAIR-STEP CONTINUES, no long fade in the 63,27x-63,29x zone is worth taking: any stop 10 points under the latest low is inside the range the sequence is walking through.
2026-08-02T20:07:51	LEVEL	broke below 63207.38 (reached 63160.09, now 63165.65) - SOLE DOWNSIDE MARKER. Stopped chasing the low with a level at 23:11 - the boundary had been moved three times in 30 minutes (63,323.21, 63,291.25, 63,279.39) and each move was immediately broken, because the base is stair-stepping DOWN: 63,291.25 at 22:39, 63,283.42 at 23:06, 63,279.39 at 23:08, 63,274.76 at 23:11, steps of 4-8 points. Re-anchoring on every new low is churn that generates a wake per step and tells me nothing I do not already know. H1 support 63,207.38 is structural, roughly 70 points below the leading edge, so it only fires if the decline becomes real rather than continuing to grind. WHILE THE STAIR-STEP CONTINUES, no long fade in the 63,27x-63,29x zone is worth taking: any stop 10 points under the latest low is inside the range the sequence is walking through.
2026-08-02T20:18:26	SETUP	flat, price 63125.27 at H1 SUPPORT 63113.64 (12px away). Assess for a trade.
2026-08-02T20:30:59	SETUP	flat, price 63170.67 at M15 RESIST 63184.48 (14px away). Assess for a trade.
2026-08-02T20:37:59	SETUP	flat, price 63120.75 at H1 SUPPORT 63113.64 (7px away). Assess for a trade.
2026-08-02T20:55:29	SETUP	flat, price 63087.21 at M15 SUPPORT 63073.45 (14px away). Assess for a trade.
2026-08-02T21:04:07	SETUP	flat, price 63155.99 at M15 RESIST 63156.55 (1px away). Assess for a trade.
2026-08-02T21:19:07	SETUP	flat, price 63152.10 at M15 RESIST 63152.60 (0px away). Assess for a trade.
2026-08-02T21:31:38	SETUP	flat, price 63041.39 at H1 SUPPORT 63028.29 (13px away). Assess for a trade.
2026-08-02T21:58:11	SETUP	flat, price 63039.05 at H1 SUPPORT 63028.29 (11px away). Assess for a trade.
2026-08-02T22:16:35	SETUP	flat, price 63018.17 at H1 SUPPORT 63005.71 (12px away). Assess for a trade.
2026-08-02T23:18:04	SETUP	flat, price 62846.16 at M15 RESIST 62861.55 (15px away). Assess for a trade.
2026-08-02T23:30:04	SETUP	flat, price 62890.12 at M15 RESIST 62898.94 (9px away). Assess for a trade.
2026-08-02T23:47:04	SETUP	flat, price 62873.23 at M15 SUPPORT 62868.18 (5px away). Assess for a trade.
2026-08-03T00:07:35	SETUP	flat, price 62696.43 at H4 SUPPORT 62682.92 (14px away). Assess for a trade.
2026-08-03T00:20:05	SETUP	flat, price 62781.50 at M15 RESIST 62791.19 (10px away). Assess for a trade.
2026-08-03T00:27:05	SETUP	flat, price 62778.16 at M15 RESIST 62791.19 (13px away). Assess for a trade.
2026-08-03T00:35:35	SETUP	flat, price 62693.14 at H4 SUPPORT 62682.92 (10px away). Assess for a trade.
2026-08-03T00:48:05	SETUP	flat, price 62768.28 at M15 RESIST 62772.47 (4px away). Assess for a trade.
2026-08-03T01:06:35	SETUP	flat, price 62779.33 at H1 RESIST 62793.24 (14px away). Assess for a trade.
2026-08-03T01:16:35	SETUP	flat, price 62778.44 at H1 RESIST 62793.24 (15px away). Assess for a trade.
2026-08-03T01:20:05	SETUP	flat, price 62738.66 at M15 SUPPORT 62730.80 (8px away). Assess for a trade.
2026-08-03T01:36:05	SETUP	flat, price 62693.38 at H4 SUPPORT 62682.92 (10px away). Assess for a trade.
2026-08-03T01:47:06	SETUP	flat, price 62565.51 at M15 SUPPORT 62551.27 (14px away). Assess for a trade.
2026-08-03T01:56:06	SETUP	flat, price 62567.27 at M15 SUPPORT 62551.27 (16px away). Assess for a trade.
2026-08-03T02:01:36	SETUP	flat, price 62526.69 at H1 SUPPORT 62519.28 (7px away). Assess for a trade.
2026-08-03T02:10:06	SETUP	flat, price 62529.58 at H1 SUPPORT 62519.28 (10px away). Assess for a trade.
2026-08-03T02:16:36	SETUP	flat, price 62528.55 at H1 SUPPORT 62519.28 (9px away). Assess for a trade.
2026-08-03T02:27:06	SETUP	flat, price 62583.80 at M15 RESIST 62592.84 (9px away). Assess for a trade.
2026-08-03T02:30:36	SETUP	flat, price 62571.92 at M15 RESIST 62585.03 (13px away). Assess for a trade.
2026-08-03T02:41:36	SETUP	flat, price 62570.99 at M15 RESIST 62585.03 (14px away). Assess for a trade.
2026-08-03T02:52:06	SETUP	flat, price 62531.70 at H1 SUPPORT 62519.28 (12px away). Assess for a trade.
2026-08-03T03:08:37	SETUP	flat, price 62472.92 at H4 SUPPORT 62459.93 (13px away). Assess for a trade.
2026-08-03T03:17:07	SETUP	flat, price 62430.55 at M15 SUPPORT 62422.17 (8px away). Assess for a trade.
2026-08-03T03:35:07	SETUP	flat, price 62248.49 at M15 SUPPORT 62236.47 (12px away). Assess for a trade.
2026-08-03T03:45:04	SETUP	flat, price 62350.24 at M15 RESIST 62364.44 (14px away). Assess for a trade.
2026-08-03T04:05:39	SETUP	flat, price 62466.47 at H4 SUPPORT 62459.93 (7px away). Assess for a trade.
2026-08-03T04:16:09	SETUP	flat, price 62501.93 at M15 RESIST 62513.27 (11px away). Assess for a trade.
2026-08-03T04:30:39	SETUP	flat, price 62551.74 at H1 RESIST 62567.77 (16px away). Assess for a trade.
2026-08-03T05:00:40	SETUP	flat, price 62782.54 at H1 RESIST 62785.48 (3px away). Assess for a trade.
2026-08-03T05:28:40	SETUP	flat, price 62688.68 at M15 SUPPORT 62672.24 (16px away). Assess for a trade.
2026-08-03T05:47:40	SETUP	flat, price 62590.78 at M15 SUPPORT 62574.75 (16px away). Assess for a trade.
2026-08-03T05:56:40	SETUP	flat, price 62652.11 at M15 RESIST 62661.43 (9px away). Assess for a trade.
2026-08-03T06:08:10	SETUP	flat, price 62541.71 at H1 SUPPORT 62525.04 (17px away). Assess for a trade.
2026-08-03T06:20:10	SETUP	flat, price 62649.99 at M15 RESIST 62663.60 (14px away). Assess for a trade.
2026-08-03T06:34:41	SETUP	flat, price 62682.46 at M15 RESIST 62696.64 (14px away). Assess for a trade.
2026-08-03T06:55:41	SETUP	flat, price 62536.80 at H1 SUPPORT 62525.04 (12px away). Assess for a trade.
2026-08-03T07:12:12	SETUP	flat, price 62454.62 at H1 SUPPORT 62447.91 (7px away). Assess for a trade.
2026-08-03T07:23:12	SETUP	flat, price 62535.53 at M15 RESIST 62534.74 (1px away). Assess for a trade.
2026-08-03T07:45:12	SETUP	flat, price 62680.92 at H1 RESIST 62697.30 (16px away). Assess for a trade.
2026-08-03T08:04:42	SETUP	flat, price 62615.72 at M15 SUPPORT 62600.15 (16px away). Assess for a trade.
2026-08-03T08:13:12	SETUP	flat, price 62703.96 at H1 RESIST 62719.48 (16px away). Assess for a trade.
2026-08-03T08:26:07	SETUP	flat, price 62771.28 at H4 RESIST 62785.48 (14px away). Assess for a trade.
2026-08-03T08:34:07	SETUP	flat, price 62637.51 at M15 SUPPORT 62631.20 (6px away). Assess for a trade.
2026-08-03T08:38:37	SETUP	flat, price 62703.40 at H1 RESIST 62719.48 (16px away). Assess for a trade.
2026-08-03T08:46:37	SETUP	flat, price 62771.39 at H4 RESIST 62785.48 (14px away). Assess for a trade.
2026-08-03T08:49:37	SETUP	flat, price 62858.65 at M15 RESIST 62860.60 (2px away). Assess for a trade.
2026-08-03T09:00:07	SETUP	flat, price 63302.21 at H1 RESIST 63311.55 (9px away). Assess for a trade.
2026-08-03T09:10:37	SETUP	flat, price 63306.58 at H1 RESIST 63311.55 (5px away). Assess for a trade.
2026-08-03T09:14:37	LEVEL	broke below 63207.38 (reached 63203.08, now 63238.81) - SOLE DOWNSIDE MARKER. Stopped chasing the low with a level at 23:11 - the boundary had been moved three times in 30 minutes (63,323.21, 63,291.25, 63,279.39) and each move was immediately broken, because the base is stair-stepping DOWN: 63,291.25 at 22:39, 63,283.42 at 23:06, 63,279.39 at 23:08, 63,274.76 at 23:11, steps of 4-8 points. Re-anchoring on every new low is churn that generates a wake per step and tells me nothing I do not already know. H1 support 63,207.38 is structural, roughly 70 points below the leading edge, so it only fires if the decline becomes real rather than continuing to grind. WHILE THE STAIR-STEP CONTINUES, no long fade in the 63,27x-63,29x zone is worth taking: any stop 10 points under the latest low is inside the range the sequence is walking through.
2026-08-03T09:20:37	LEVEL	broke below 63207.38 (reached 63139.54, now 63144.54) - SOLE DOWNSIDE MARKER. Stopped chasing the low with a level at 23:11 - the boundary had been moved three times in 30 minutes (63,323.21, 63,291.25, 63,279.39) and each move was immediately broken, because the base is stair-stepping DOWN: 63,291.25 at 22:39, 63,283.42 at 23:06, 63,279.39 at 23:08, 63,274.76 at 23:11, steps of 4-8 points. Re-anchoring on every new low is churn that generates a wake per step and tells me nothing I do not already know. H1 support 63,207.38 is structural, roughly 70 points below the leading edge, so it only fires if the decline becomes real rather than continuing to grind. WHILE THE STAIR-STEP CONTINUES, no long fade in the 63,27x-63,29x zone is worth taking: any stop 10 points under the latest low is inside the range the sequence is walking through.
2026-08-03T09:30:07	LEVEL	broke above 63727.27 (reached 63727.59, now 63666.14) - Session high, 22:12. UPPER BOUNDARY of the chop band. Only a break here means price has left the range it has been thrashing inside since 22:12 - that is worth a wake; crossings inside the band are not.
2026-08-03T09:33:07	SETUP	flat, price 63709.04 at M15 RESIST 63723.17 (14px away). Assess for a trade.
2026-08-03T09:38:07	LEVEL	broke above 63727.27 (reached 63737.84, now 63716.66) - Session high, 22:12. UPPER BOUNDARY of the chop band. Only a break here means price has left the range it has been thrashing inside since 22:12 - that is worth a wake; crossings inside the band are not.
2026-08-03T09:44:37	SETUP	flat, price 63726.20 at M15 RESIST 63723.17 (3px away). Assess for a trade.
2026-08-03T09:47:37	LEVEL	broke above 63727.27 (reached 63735.47, now 63675.42) - Session high, 22:12. UPPER BOUNDARY of the chop band. Only a break here means price has left the range it has been thrashing inside since 22:12 - that is worth a wake; crossings inside the band are not.
2026-08-03T09:50:37	LEVEL	broke above 63727.27 (reached 63745.68, now 63734.48) - Session high, 22:12. UPPER BOUNDARY of the chop band. Only a break here means price has left the range it has been thrashing inside since 22:12 - that is worth a wake; crossings inside the band are not.
2026-08-03T09:55:08	SETUP	flat, price 63834.77 at M15 RESIST 63844.41 (10px away). Assess for a trade.
2026-08-03T10:00:08	SETUP	flat, price 63906.65 at H1 RESIST 63923.34 (17px away). Assess for a trade.
2026-08-03T10:22:07	SETUP	flat, price 63705.85 at M15 SUPPORT 63685.24 (21px away). Assess for a trade.
2026-08-03T10:32:37	LEVEL	broke above 63727.27 (reached 63729.75, now 63708.58) - Session high, 22:12. UPPER BOUNDARY of the chop band. Only a break here means price has left the range it has been thrashing inside since 22:12 - that is worth a wake; crossings inside the band are not.
2026-08-03T10:38:37	LEVEL	broke above 63727.27 (reached 63746.85, now 63748.00) - Session high, 22:12. UPPER BOUNDARY of the chop band. Only a break here means price has left the range it has been thrashing inside since 22:12 - that is worth a wake; crossings inside the band are not.
2026-08-03T10:56:37	SETUP	flat, price 63647.49 at M15 SUPPORT 63630.65 (17px away). Assess for a trade.
2026-08-03T11:02:37	LEVEL	broke above 63727.27 (reached 63737.08, now 63742.08) - Session high, 22:12. UPPER BOUNDARY of the chop band. Only a break here means price has left the range it has been thrashing inside since 22:12 - that is worth a wake; crossings inside the band are not.
2026-08-03T11:05:37	SETUP	flat, price 63780.37 at M15 RESIST 63777.29 (3px away). Assess for a trade.
2026-08-03T11:13:37	LEVEL	broke above 63727.27 (reached 63750.66, now 63742.81) - Session high, 22:12. UPPER BOUNDARY of the chop band. Only a break here means price has left the range it has been thrashing inside since 22:12 - that is worth a wake; crossings inside the band are not.
2026-08-03T11:16:37	SETUP	flat, price 63827.88 at M15 RESIST 63829.00 (1px away). Assess for a trade.
2026-08-03T11:23:07	SETUP	flat, price 63821.49 at M15 RESIST 63829.00 (8px away). Assess for a trade.
2026-08-03T11:38:07	SETUP	flat, price 63743.84 at M15 SUPPORT 63722.35 (21px away). Assess for a trade.
2026-08-03T11:45:31	LEVEL	broke above 63727.27 (reached 63734.66, now 63711.20) - Session high, 22:12. UPPER BOUNDARY of the chop band. Only a break here means price has left the range it has been thrashing inside since 22:12 - that is worth a wake; crossings inside the band are not.
2026-08-03T12:02:01	SETUP	flat, price 63683.20 at M15 SUPPORT 63672.14 (11px away). Assess for a trade.
2026-08-03T12:05:31	LEVEL	broke above 63727.27 (reached 63735.88, now 63714.84) - Session high, 22:12. UPPER BOUNDARY of the chop band. Only a break here means price has left the range it has been thrashing inside since 22:12 - that is worth a wake; crossings inside the band are not.
2026-08-03T12:15:01	SETUP	flat, price 63782.42 at M15 RESIST 63796.16 (14px away). Assess for a trade.
2026-08-03T12:24:31	SETUP	flat, price 63912.25 at H4 RESIST 63923.37 (11px away). Assess for a trade.
2026-08-03T12:28:01	SETUP	flat, price 63797.03 at M15 RESIST 63796.16 (1px away). Assess for a trade.
2026-08-03T12:32:02	SETUP	flat, price 63759.29 at M15 SUPPORT 63746.93 (12px away). Assess for a trade.
2026-08-03T12:40:32	SETUP	flat, price 63758.65 at M15 SUPPORT 63746.93 (12px away). Assess for a trade.
2026-08-03T13:02:03	SETUP	flat, price 63817.10 at M15 SUPPORT 63800.28 (17px away). Assess for a trade.
2026-08-03T13:13:33	SETUP	flat, price 63920.96 at H4 RESIST 63923.37 (2px away). Assess for a trade.
2026-08-03T13:26:03	SETUP	flat, price 63823.23 at M15 SUPPORT 63802.27 (21px away). Assess for a trade.
2026-08-03T13:41:03	SETUP	flat, price 63756.05 at M15 SUPPORT 63738.31 (18px away). Assess for a trade.
2026-08-03T13:47:03	SETUP	flat, price 63752.72 at M15 SUPPORT 63741.20 (12px away). Assess for a trade.
2026-08-03T13:54:33	SETUP	flat, price 63850.16 at M15 RESIST 63864.41 (14px away). Assess for a trade.
2026-08-03T14:01:08	SETUP	flat, price 63837.03 at M15 RESIST 63858.23 (21px away). Assess for a trade.
2026-08-03T14:09:38	SETUP	flat, price 63840.78 at M15 RESIST 63858.23 (17px away). Assess for a trade.
2026-08-03T14:15:12	SETUP	flat, price 63872.61 at M15 RESIST 63874.66 (2px away). Assess for a trade.
2026-08-03T14:30:12	SETUP	flat, price 63926.79 at H4 RESIST 63923.37 (3px away). Assess for a trade.
2026-08-03T14:36:42	SETUP	flat, price 63918.85 at H4 RESIST 63923.37 (5px away). Assess for a trade.
2026-08-03T14:37:12	PENDING	order #3038789789 placed
2026-08-03T14:39:42	LEVEL	broke below 63852.43 (reached 63837.84, now 63850.26) - M15 support. A decisive break-and-hold below weakens bounce odds; if filled short, it is on the path to TP.
2026-08-03T14:49:12	LEVEL	broke below 63852.43 (reached 63852.38, now 63862.92) - M15 support. A decisive break-and-hold below weakens bounce odds; if filled short, it is on the path to TP.
2026-08-03T15:20:13	LEVEL	broke above 63923.37 (reached 63933.70, now 63938.34) - H4 resistance tap to fill SELL_LIMIT 63,923.37. If traded, expect order fill.
2026-08-03T15:23:13	LEVEL	broke above 63943.37 (reached 63952.59, now 63910.77) - Invalidation for the short fade (20-point SL). If accepted above here, resistance has failed.
2026-08-03T15:26:13	SETUP	flat, price 63882.20 at M15 RESIST 63896.96 (15px away). Assess for a trade.
2026-08-03T15:45:13	SETUP	flat, price 63854.47 at M15 SUPPORT 63844.05 (10px away). Assess for a trade.
2026-08-03T15:49:43	LEVEL	broke below 63771.88 (reached 63741.38, now 63746.38) - H1 support, 124 points below. A BUY LIMIT fade rests at level + spread per Rule 3 so the fill lands here.
2026-08-03T16:01:13	SETUP	flat, price 63710.68 at H1 SUPPORT 63702.65 (8px away). Assess for a trade.
2026-08-03T16:02:13	OPENED	#3038999911 BUY 0.01 @ 63712.65 SL 63692.65 TP 63752.65 - now managing
2026-08-03T16:02:43	CLOSED	#3038999911 (opened @ 63712.65) is gone - flat now, bid 63684.93. Look for the next setup.
2026-08-03T16:37:53	PENDING	order #3039017931 placed
2026-08-03T16:49:23	LEVEL	broke below 63587.33 (reached 63573.88, now 63583.88) - H4 support. Deeper structure; fires only if the decline becomes real.
2026-08-03T16:52:23	SETUP	flat, price 63601.91 at H4 SUPPORT 63587.33 (15px away). Assess for a trade.
2026-08-03T17:02:23	SETUP	flat, price 63489.67 at H1 SUPPORT 63477.47 (12px away). Assess for a trade.
2026-08-03T17:15:53	SETUP	flat, price 63497.55 at H1 SUPPORT 63477.47 (20px away). Assess for a trade.
2026-08-03T17:18:54	SETUP	flat, price 63608.45 at H4 SUPPORT 63587.33 (21px away). Assess for a trade.
2026-08-03T17:22:24	SETUP	flat, price 63492.30 at H1 SUPPORT 63477.47 (15px away). Assess for a trade.
2026-08-03T17:45:24	SETUP	flat, price 63450.03 at M15 SUPPORT 63428.80 (21px away). Assess for a trade.
2026-08-03T17:46:24	PENDING	order #3039119876 placed
2026-08-03T17:48:24	LEVEL	broke above 63477.47 (reached 63487.64, now 63484.43) - H1 support that price has now broken BELOW - so this is a reclaim trigger, not a fade level. Getting back above it says the decline has stalled. A long fade here stays vetoed while the 63,320.41 run low stands, since a Rule 3 stop would sit at 63,467.47, well inside that.
2026-08-03T18:52:00	SETUP	flat, price 63419.57 at M15 SUPPORT 63400.13 (19px away). Assess for a trade.
2026-08-03T18:53:00	PENDING	order #3039221733 placed
2026-08-03T19:15:30	OPENED	#3039221733 BUY 0.01 @ 63410.13 SL 63390.13 TP 63450.13 - now managing
2026-08-03T19:16:00	CLOSED	#3039221733 (opened @ 63410.13) is gone - flat now, bid 63360.83. Look for the next setup.
2026-08-03T19:19:30	SETUP	flat, price 63340.10 at H4 SUPPORT 63320.41 (20px away). Assess for a trade.
2026-08-03T19:20:30	PENDING	order #3039297691 placed
2026-08-03T19:34:30	OPENED	#3039297691 BUY 0.01 @ 63330.41 SL 63310.41 TP 63370.41 - now managing
2026-08-03T19:35:30	CLOSED	#3039297691 (opened @ 63330.41) is gone - flat now, bid 63294.87. Look for the next setup.
2026-08-03T19:38:30	LEVEL	broke below 63320.41 (reached 63283.84, now 63291.26) - The run low, and the ONLY downside marker - every level the detector reports is now above price, so there is no structure beneath us. Superseded 63,430.00 within three minutes of setting it, which is the third time today a marker chasing a falling low was broken before it could be useful. Anchoring on the actual low instead of guessing below it: a break here means the decline extends past its own extreme, which is the only downside event worth a wake.
2026-08-03T19:42:31	LEVEL	broke below 63280.27 (reached 63278.92, now 63284.16) - THE RUN LOW, 00:35 UTC. Anchored ON the low rather than guessed below it: three markers today were placed just under a falling low and each was broken within minutes, which produced a wake per step and no information. A break of this one means the decline has extended past its own extreme, which is the only downside event worth waking for.
2026-08-03T19:50:31	LEVEL	broke above 63400.13 (reached 63416.00, now 63421.00) - H1 support that price has fallen BELOW, so it now acts as resistance 112 points overhead. A reclaim above it would say the decline has stalled.
2026-08-08T09:55:53	START	watching BTCUSDm on 436771046, poll 30s - silent until something needs a decision
2026-08-08T14:13:26	OPENED	#3060917103 SELL 0.01 @ 64971.50 SL NONE TP 64721.5 - now managing
2026-08-08T14:13:26	OPENED	#3060917114 SELL 0.01 @ 64965.30 SL 65121.5 TP 64721.5 - now managing
2026-08-08T14:13:26	OPENED	#3060917126 SELL 0.01 @ 64965.30 SL NONE TP 64715.3 - now managing
2026-08-08T14:17:26	OPENED	#3060919934 SELL 0.01 @ 64969.74 SL NONE TP 64726.93 - now managing
2026-08-08T17:51:57	CLOSED	#3060407417 (opened @ 64867.46) is gone - flat now, bid 64895.42. Look for the next setup.
2026-08-08T17:51:57	CLOSED	#3060407625 (opened @ 64861.19) is gone - flat now, bid 64895.42. Look for the next setup.
2026-08-08T17:51:57	CLOSED	#3060917103 (opened @ 64971.50) is gone - flat now, bid 64895.42. Look for the next setup.
2026-08-08T17:51:57	CLOSED	#3060917126 (opened @ 64965.30) is gone - flat now, bid 64895.42. Look for the next setup.
2026-08-08T17:54:57	LEVEL	broke below 64907.52 (reached 64898.40, now 64915.65) - H4 support, -118 from mid, 1.38x ATR-H1. Losing it says the pullback from the 65,146 high is deepening, with the 4h range low 64,875 next.
2026-08-08T20:25:30	LEVEL	broke below 64862.30 (reached 64844.83, now 64857.91) - 4h range low 64,875.09 MINUS 0.25x ATR(M15)=51, i.e. ~13 points of buffer - the standing convention for extension markers. Fires only on a genuine extension past the day's low, not on a retest.
2026-08-08T20:52:00	AT_1R	#3060917114 is +170px = 1.09R (risk 156px). bid 64785.06. Consider moving stop to break-even 64965.30.
2026-08-08T20:52:49	START	watching BTCUSDm on 436771046, poll 30s - silent until something needs a decision
2026-08-08T21:33:19	SETUP	flat, price 64785.98 at H1 SUPPORT 64780.70 (5px away). Assess for a trade.
2026-08-08T21:44:19	LEVEL	broke below 64738.00 (reached 64731.41, now 64741.73) - Run low 64,749.15 (held ~25 min) MINUS 0.25x ATR(M15)=45 = ~11 points of buffer, the standing convention. Anchored AFTER the low stabilised rather than chased bar-by-bar. Fires only on a genuine extension of tonight's decline.
2026-08-08T22:01:22	SETUP	flat, price 64770.56 at M15 RESIST 64775.56 (5px away). Assess for a trade.
2026-08-08T22:45:23	SETUP	flat, price 64752.85 at M15 RESIST 64752.37 (0px away). Assess for a trade.
2026-08-08T23:12:23	SETUP	flat, price 64768.72 at H1 RESIST 64766.40 (2px away). Assess for a trade.
2026-08-08T23:31:11	SETUP	flat, price 64769.77 at H1 RESIST 64766.40 (3px away). Assess for a trade.
2026-08-09T01:00:41	SETUP	flat, price 64752.46 at H1 RESIST 64751.79 (1px away). Assess for a trade.
2026-08-09T02:13:15	SETUP	flat, price 64805.53 at H1 RESIST 64806.50 (1px away). Assess for a trade.
2026-08-09T02:18:45	SETUP	flat, price 64803.18 at H1 RESIST 64806.50 (3px away). Assess for a trade.
2026-08-09T03:02:02	SETUP	flat, price 64809.46 at H4 RESIST 64806.50 (3px away). Assess for a trade.
2026-08-09T03:05:02	LEVEL	broke above 64875.09 (reached 64875.38, now 64866.97) - The old range low, now overhead after the 20:25 extension through 64,862. Reclaiming it says the breakdown failed - the one upside event with information down here.
2026-08-09T03:15:32	SETUP	flat, price 64872.48 at M15 RESIST 64875.38 (3px away). Assess for a trade.
2026-08-09T03:39:32	SETUP	flat, price 64802.74 at H4 RESIST 64806.50 (4px away). Assess for a trade.
2026-08-09T04:00:31	SETUP	flat, price 64770.69 at M15 RESIST 64773.53 (3px away). Assess for a trade.
2026-08-09T05:15:17	SETUP	flat, price 64893.30 at M15 RESIST 64897.50 (4px away). Assess for a trade.
2026-08-09T05:26:47	SETUP	flat, price 64894.03 at M15 RESIST 64897.50 (3px away). Assess for a trade.
2026-08-09T05:47:18	SETUP	flat, price 64917.83 at M15 RESIST 64919.04 (1px away). Assess for a trade.
2026-08-09T06:06:48	SETUP	flat, price 64931.02 at H1 RESIST 64927.45 (4px away). Assess for a trade.
2026-08-09T06:39:19	SETUP	flat, price 64929.63 at H1 RESIST 64927.45 (2px away). Assess for a trade.
2026-08-09T06:50:19	SETUP	flat, price 64930.85 at H1 RESIST 64927.45 (3px away). Assess for a trade.
2026-08-09T08:00:22	SETUP	flat, price 64911.84 at H1 RESIST 64908.79 (3px away). Assess for a trade.
2026-08-09T08:06:53	LEVEL	broke above 64979.00 (reached 64987.98, now 64984.87) - The pre-drop shelf (old H1 support band). Price reclaimed the range low at 03:16 and the brick series flipped up; clearing this shelf would fully unwind the breakdown. ~1.2x ATR-M15 overhead, real separation.
2026-08-09T08:17:53	SETUP	flat, price 64990.61 at M15 RESIST 64987.98 (3px away). Assess for a trade.
2026-08-09T08:22:23	SETUP	flat, price 64986.37 at M15 RESIST 64987.98 (2px away). Assess for a trade.
2026-08-09T08:31:23	SETUP	flat, price 65045.91 at M15 RESIST 65043.88 (2px away). Assess for a trade.
2026-08-09T08:40:23	LEVEL	broke above 65146.04 (reached 65199.17, now 65189.06) - H1 resistance = today's high (14:30). +120 from mid, 1.40x ATR-H1. A break says the range top gave way - the only genuine upside decision point with real separation.
2026-08-09T09:00:23	SETUP	flat, price 65185.63 at M15 RESIST 65181.84 (4px away). Assess for a trade.
2026-08-09T09:06:23	SETUP	flat, price 65178.99 at M15 RESIST 65181.84 (3px away). Assess for a trade.
2026-08-09T09:26:58	SETUP	flat, price 65139.15 at M15 SUPPORT 65133.28 (6px away). Assess for a trade.
2026-08-09T09:59:28	LEVEL	broke above 65250.00 (reached 65252.13, now 65220.23) - Extension past the breakout high 65,199 with ~50 pts of buffer. The range top 65,146 gave way at 08:40 - this fires only if the breakout keeps running, not on a retest of the high.
2026-08-09T10:36:59	SETUP	flat, price 65187.23 at M15 RESIST 65192.83 (6px away). Assess for a trade.
2026-08-09T11:07:01	SETUP	flat, price 65210.88 at H1 RESIST 65214.78 (4px away). Assess for a trade.
2026-08-09T11:38:34	SETUP	flat, price 65211.17 at H1 RESIST 65214.78 (4px away). Assess for a trade.
2026-08-09T13:17:05	SETUP	flat, price 65141.87 at H1 SUPPORT 65136.47 (5px away). Assess for a trade.
2026-08-09T15:10:53	LEVEL	broke below 65060.00 (reached 65045.09, now 65071.80) - Failed-breakout line: back under the old range top 65,146 with wide buffer (whipsaw regime). Losing it says the 08:40 breakout was a trap and the old range is back in charge.
2026-08-09T16:40:25	LEVEL	broke above 65199.00 (reached 65211.22, now 65182.97) - The breakout high. The 08:40 breakout failed at 15:10 (65,060 broke); reclaiming the high would say the failure itself was the trap. Wide, whipsaw regime.
2026-08-09T17:00:25	SETUP	flat, price 65182.28 at M15 RESIST 65177.32 (5px away). Assess for a trade.
2026-08-09T17:14:26	LEVEL	broke above 65300.00 (reached 65412.83, now 65417.83) - Extension past the reclaimed 65,199-65,252 zone with wide buffer. Price is holding above the old breakout high after two pokes - only a genuine new leg up fires this.
2026-08-09T17:22:56	SETUP	flat, price 65216.67 at H4 RESIST 65215.34 (1px away). Assess for a trade.
2026-08-09T17:31:56	LEVEL	broke below 65150.00 (reached 65146.21, now 65151.28) - Back under the old breakout high zone (65,199 now support, with buffer). Losing it says this new leg failed like the morning one did. Wide, whipsaw regime.
2026-08-09T18:05:26	SETUP	flat, price 65055.64 at M15 RESIST 65057.36 (2px away). Assess for a trade.
2026-08-09T18:26:56	SETUP	flat, price 64915.40 at H1 SUPPORT 64909.49 (6px away). Assess for a trade.
2026-08-09T18:29:56	LEVEL	broke below 64860.00 (reached 64844.34, now 64880.03) - Old range lower band. Losing it says the whole structure rolls over toward the 64,650-64,750 lows. Wide, whipsaw regime.
2026-08-09T18:44:26	SETUP	flat, price 64850.46 at M15 SUPPORT 64844.34 (6px away). Assess for a trade.
2026-08-09T18:55:26	SETUP	flat, price 64801.19 at M15 SUPPORT 64792.40 (9px away). Assess for a trade.
2026-08-09T19:03:57	SETUP	flat, price 64876.78 at M15 RESIST 64885.18 (8px away). Assess for a trade.
2026-08-09T19:08:57	LEVEL	broke above 64960.00 (reached 64986.19, now 64969.37) - Reclaim of the broken 64,860-64,950 band with buffer. Price ground through the rollover line after its sweep; getting back above here says the rollover failed.
2026-08-09T19:19:57	SETUP	flat, price 65043.73 at H1 RESIST 65052.89 (9px away). Assess for a trade.
2026-08-09T20:11:09	SETUP	flat, price 64980.44 at M15 RESIST 64990.84 (10px away). Assess for a trade.
2026-08-09T20:15:44	SETUP	flat, price 64981.57 at M15 RESIST 64980.86 (1px away). Assess for a trade.
2026-08-09T20:29:14	SETUP	flat, price 64980.40 at M15 RESIST 64980.86 (0px away). Assess for a trade.
2026-08-09T20:32:44	SETUP	flat, price 64946.98 at M15 SUPPORT 64941.77 (5px away). Assess for a trade.
2026-08-09T20:46:44	SETUP	flat, price 64955.65 at M15 RESIST 64962.16 (7px away). Assess for a trade.
2026-08-09T20:50:14	LEVEL	broke above 65150.00 (reached 65269.78, now 65259.45) - The failed-leg line from the afternoon, now the upper edge that matters. 64,960 fired twice and is spent - in this violence only the range edges carry information.
2026-08-09T21:00:44	LEVEL	broke below 65100.00 (reached 65099.55, now 65107.15) - This leg's failure line: back under the reclaimed 65,150 edge with buffer. Wide, whipsaw regime - four legs have already died today.
2026-08-09T21:15:44	SETUP	flat, price 65030.42 at M15 SUPPORT 65019.93 (10px away). Assess for a trade.
2026-08-09T22:01:15	SETUP	flat, price 65024.06 at M15 SUPPORT 65015.37 (9px away). Assess for a trade.
2026-08-09T22:09:45	SETUP	flat, price 65027.87 at M15 SUPPORT 65015.37 (12px away). Assess for a trade.
2026-08-09T22:14:16	LEVEL	broke below 64900.00 (reached 64898.85, now 64927.77) - Wide floor under tonight's snap low 65,019 and the whole evening chop. 65,100 fired twice (spent) - price is crossing it repeatedly. Only a real breakdown reaches this.
2026-08-09T22:24:16	SETUP	flat, price 65059.19 at M15 RESIST 65056.55 (3px away). Assess for a trade.
2026-08-09T22:52:53	SETUP	flat, price 64944.03 at M15 SUPPORT 64935.19 (9px away). Assess for a trade.
2026-08-09T23:08:53	SETUP	flat, price 64998.84 at M15 RESIST 65006.54 (8px away). Assess for a trade.
2026-08-09T23:15:23	SETUP	flat, price 65014.86 at M15 RESIST 65022.25 (7px away). Assess for a trade.
2026-08-09T23:30:24	SETUP	flat, price 64974.51 at M15 SUPPORT 64961.95 (13px away). Assess for a trade.
2026-08-09T23:45:25	SETUP	flat, price 64987.54 at M15 RESIST 64986.69 (1px away). Assess for a trade.
2026-08-10T00:05:55	SETUP	flat, price 65003.90 at M15 RESIST 65002.31 (2px away). Assess for a trade.
2026-08-10T00:23:55	SETUP	flat, price 64990.92 at M15 RESIST 65003.93 (13px away). Assess for a trade.
2026-08-10T00:34:55	SETUP	flat, price 65001.20 at M15 RESIST 65011.26 (10px away). Assess for a trade.
2026-08-10T00:53:31	SETUP	flat, price 65037.64 at H1 RESIST 65046.27 (9px away). Assess for a trade.
2026-08-10T01:01:01	SETUP	flat, price 65104.41 at H1 RESIST 65103.13 (1px away). Assess for a trade.
2026-08-10T01:28:02	SETUP	flat, price 65100.44 at H1 RESIST 65103.13 (3px away). Assess for a trade.
2026-08-10T01:42:02	SETUP	flat, price 65167.84 at M15 RESIST 65181.69 (14px away). Assess for a trade.
2026-08-10T01:45:32	SETUP	flat, price 65190.21 at M15 RESIST 65189.16 (1px away). Assess for a trade.
2026-08-10T02:19:02	SETUP	flat, price 65208.31 at M15 SUPPORT 65196.86 (11px away). Assess for a trade.
2026-08-10T02:29:32	SETUP	flat, price 65271.83 at H1 RESIST 65281.78 (10px away). Assess for a trade.
2026-08-10T02:39:32	SETUP	flat, price 65278.50 at H1 RESIST 65281.78 (3px away). Assess for a trade.
2026-08-10T02:47:03	SETUP	flat, price 65257.97 at M15 SUPPORT 65245.92 (12px away). Assess for a trade.
2026-08-10T03:24:03	SETUP	flat, price 65239.50 at M15 RESIST 65254.24 (15px away). Assess for a trade.
2026-08-10T03:42:33	SETUP	flat, price 65148.90 at H1 SUPPORT 65137.20 (12px away). Assess for a trade.
2026-08-10T04:03:12	SETUP	flat, price 65136.16 at H1 SUPPORT 65130.04 (6px away). Assess for a trade.
2026-08-10T04:15:12	SETUP	flat, price 65173.42 at M15 RESIST 65188.02 (15px away). Assess for a trade.
2026-08-10T04:21:42	SETUP	flat, price 65139.57 at H1 SUPPORT 65130.04 (10px away). Assess for a trade.
2026-08-10T05:03:43	SETUP	flat, price 64992.02 at M15 RESIST 64996.90 (5px away). Assess for a trade.
2026-08-10T05:22:43	SETUP	flat, price 65015.75 at M15 RESIST 65019.22 (3px away). Assess for a trade.
2026-08-10T05:36:13	SETUP	flat, price 64959.36 at M15 SUPPORT 64947.53 (12px away). Assess for a trade.
2026-08-10T05:47:43	SETUP	flat, price 64986.01 at M15 RESIST 64995.59 (10px away). Assess for a trade.
2026-08-10T05:58:43	SETUP	flat, price 64953.39 at M15 SUPPORT 64938.70 (15px away). Assess for a trade.
2026-08-10T06:03:13	SETUP	flat, price 64954.88 at M15 SUPPORT 64946.00 (9px away). Assess for a trade.
2026-08-10T06:15:13	SETUP	flat, price 64969.61 at M15 RESIST 64979.13 (10px away). Assess for a trade.
2026-08-10T06:30:43	SETUP	flat, price 65016.94 at H1 RESIST 65019.22 (2px away). Assess for a trade.
2026-08-10T07:13:34	SETUP	flat, price 65071.14 at H1 RESIST 65076.13 (5px away). Assess for a trade.
2026-08-10T07:17:04	SETUP	flat, price 65054.50 at M15 SUPPORT 65040.64 (14px away). Assess for a trade.
2026-08-10T07:30:34	SETUP	flat, price 64991.23 at M15 SUPPORT 64978.71 (13px away). Assess for a trade.
2026-08-10T07:38:04	SETUP	flat, price 64906.49 at H4 SUPPORT 64894.07 (12px away). Assess for a trade.
2026-08-10T07:52:04	SETUP	flat, price 64858.77 at M15 SUPPORT 64849.91 (9px away). Assess for a trade.
2026-08-10T08:16:45	SETUP	flat, price 64859.57 at M15 RESIST 64860.77 (1px away). Assess for a trade.
2026-08-10T08:25:15	SETUP	flat, price 64848.18 at M15 RESIST 64860.77 (13px away). Assess for a trade.
2026-08-10T08:35:15	LEVEL	broke below 64700.00 (reached 64584.20, now 64624.45) - Under tonight's flush low 64,849 and near yesterday's low shelf. 64,900 fired twice incl. a 150-pt flush-and-snap - spent. Only a genuine range breakdown reaches this.
2026-08-10T08:48:45	SETUP	flat, price 64548.59 at M15 SUPPORT 64539.50 (9px away). Assess for a trade.
2026-08-10T08:51:45	LEVEL	broke below 64500.00 (reached 64457.26, now 64547.86) - Extension marker under the breakdown low 64,584 with wide buffer. Fires only if the breakdown develops into a genuine trend leg down.
2026-08-10T09:01:15	SETUP	flat, price 64615.63 at M15 RESIST 64626.51 (11px away). Assess for a trade.
2026-08-10T09:12:15	SETUP	flat, price 64620.10 at M15 RESIST 64626.51 (6px away). Assess for a trade.
2026-08-10T09:15:15	SETUP	flat, price 64687.24 at M15 RESIST 64688.71 (1px away). Assess for a trade.
2026-08-10T09:35:15	SETUP	flat, price 64771.83 at M15 RESIST 64772.38 (1px away). Assess for a trade.
2026-08-10T09:41:16	SETUP	flat, price 64772.56 at M15 RESIST 64772.38 (0px away). Assess for a trade.
2026-08-10T10:20:16	SETUP	flat, price 64474.05 at H1 SUPPORT 64463.88 (10px away). Assess for a trade.
2026-08-10T10:24:46	LEVEL	broke below 64380.00 (reached 64319.33, now 64331.08) - Wide floor under the run low 64,457. 64,500 fired twice in 3 minutes (spent) - extreme-velocity regime, only a genuine further leg reaches this.
2026-08-10T10:39:46	SETUP	flat, price 64247.99 at M15 SUPPORT 64239.82 (8px away). Assess for a trade.
2026-08-10T10:50:16	SETUP	flat, price 64180.51 at M15 SUPPORT 64173.33 (7px away). Assess for a trade.
2026-08-10T10:53:46	LEVEL	broke below 64150.00 (reached 64127.58, now 64146.61) - Wide extension ~170 under the 64,319 low. Trend-day regime: no bar-by-bar chasing, only a genuine next leg fires this.
2026-08-10T10:56:46	SETUP	flat, price 64183.55 at M15 SUPPORT 64173.33 (10px away). Assess for a trade.
2026-08-10T11:00:16	LEVEL	broke below 64150.00 (reached 64115.08, now 64172.20) - Wide extension ~170 under the 64,319 low. Trend-day regime: no bar-by-bar chasing, only a genuine next leg fires this.
2026-08-10T11:05:46	SETUP	flat, price 64290.90 at M15 RESIST 64300.70 (10px away). Assess for a trade.
2026-08-10T11:16:16	SETUP	flat, price 64136.30 at H4 SUPPORT 64127.58 (9px away). Assess for a trade.
2026-08-10T11:22:16	LEVEL	broke below 63950.00 (reached 63912.74, now 63952.53) - Wide extension ~165 under the 64,115 low. 64,150 fired twice (spent) - trend-day regime, only a genuine next leg fires this.
2026-08-10T11:44:12	LEVEL	broke below 63950.00 (reached 63944.38, now 63951.70) - Wide extension ~165 under the 64,115 low. 64,150 fired twice (spent) - trend-day regime, only a genuine next leg fires this.
2026-08-10T11:49:13	SETUP	flat, price 63884.78 at M15 SUPPORT 63873.32 (11px away). Assess for a trade.
2026-08-10T12:05:08	SETUP	flat, price 63767.26 at H1 SUPPORT 63752.76 (14px away). Assess for a trade.
2026-08-10T12:10:38	SETUP	flat, price 63910.32 at M15 RESIST 63918.86 (9px away). Assess for a trade.
2026-08-10T12:27:09	SETUP	flat, price 63937.08 at M15 RESIST 63947.85 (11px away). Assess for a trade.
2026-08-10T12:31:09	SETUP	flat, price 63857.74 at M15 SUPPORT 63846.83 (11px away). Assess for a trade.
2026-08-10T12:34:09	SETUP	flat, price 63925.84 at M15 RESIST 63939.78 (14px away). Assess for a trade.
2026-08-10T12:40:39	SETUP	flat, price 63925.45 at M15 RESIST 63939.78 (14px away). Assess for a trade.
2026-08-10T12:48:09	SETUP	flat, price 63834.37 at M15 SUPPORT 63819.34 (15px away). Assess for a trade.
2026-08-10T12:54:39	SETUP	flat, price 63830.54 at M15 SUPPORT 63819.34 (11px away). Assess for a trade.
2026-08-10T13:01:39	SETUP	flat, price 63893.79 at M15 RESIST 63905.49 (12px away). Assess for a trade.
2026-08-10T13:08:09	SETUP	flat, price 63893.85 at M15 RESIST 63905.49 (12px away). Assess for a trade.
2026-08-10T13:14:09	SETUP	flat, price 63897.70 at M15 RESIST 63905.49 (8px away). Assess for a trade.
2026-08-10T13:30:20	SETUP	flat, price 63827.49 at M15 SUPPORT 63819.72 (8px away). Assess for a trade.
2026-08-10T13:36:51	LEVEL	broke below 63750.00 (reached 63731.60, now 63778.73) - Wide extension under the 63,913 low. 63,950 fired twice (spent). Note: this zone is also roughly where the live harvest bot's daily protection stop lands - if this fires, check the live channel.
2026-08-10T13:41:21	SETUP	flat, price 63761.64 at H1 SUPPORT 63754.44 (7px away). Assess for a trade.
2026-08-10T13:49:51	SETUP	flat, price 63843.39 at M15 RESIST 63859.22 (16px away). Assess for a trade.
2026-08-10T14:00:51	SETUP	flat, price 63863.84 at M15 RESIST 63861.14 (3px away). Assess for a trade.
2026-08-10T14:15:21	SETUP	flat, price 63863.68 at M15 RESIST 63865.78 (2px away). Assess for a trade.
2026-08-10T14:25:51	SETUP	flat, price 63934.81 at H1 RESIST 63951.13 (16px away). Assess for a trade.
2026-08-10T14:43:33	SETUP	flat, price 63939.56 at H1 RESIST 63951.13 (12px away). Assess for a trade.
2026-08-10T15:00:07	SETUP	flat, price 63969.60 at M15 RESIST 63981.66 (12px away). Assess for a trade.
2026-08-10T15:15:37	SETUP	flat, price 64016.26 at H1 RESIST 64032.68 (16px away). Assess for a trade.
2026-08-10T16:00:09	SETUP	flat, price 64077.41 at M15 SUPPORT 64066.06 (11px away). Assess for a trade.
2026-08-10T16:25:40	SETUP	flat, price 64022.33 at M15 SUPPORT 64012.86 (9px away). Assess for a trade.
2026-08-10T16:30:10	SETUP	flat, price 64058.10 at M15 RESIST 64061.50 (3px away). Assess for a trade.
2026-08-10T16:46:23	SETUP	flat, price 63949.10 at H1 SUPPORT 63940.54 (9px away). Assess for a trade.
2026-08-10T17:01:55	SETUP	flat, price 63919.21 at H1 SUPPORT 63902.95 (16px away). Assess for a trade.
2026-08-10T17:13:55	SETUP	flat, price 63979.87 at M15 RESIST 63987.52 (8px away). Assess for a trade.
2026-08-10T17:17:55	SETUP	flat, price 63986.53 at M15 RESIST 63984.34 (2px away). Assess for a trade.
2026-08-10T17:31:56	SETUP	flat, price 63918.60 at H1 SUPPORT 63902.95 (16px away). Assess for a trade.
2026-08-10T17:47:26	SETUP	flat, price 63934.74 at M15 RESIST 63951.91 (17px away). Assess for a trade.
2026-08-10T18:00:26	SETUP	flat, price 63956.73 at M15 RESIST 63959.65 (3px away). Assess for a trade.
2026-08-10T18:30:02	SETUP	flat, price 63927.80 at M15 RESIST 63942.46 (15px away). Assess for a trade.
2026-08-10T18:35:02	SETUP	flat, price 63879.84 at H1 SUPPORT 63865.99 (14px away). Assess for a trade.
2026-08-10T18:45:03	SETUP	flat, price 63910.39 at M15 RESIST 63924.05 (14px away). Assess for a trade.
2026-08-10T19:00:03	SETUP	flat, price 63909.92 at M15 RESIST 63923.27 (13px away). Assess for a trade.
2026-08-10T19:08:06	SETUP	flat, price 63853.70 at H4 SUPPORT 63839.94 (14px away). Assess for a trade.
2026-08-10T19:13:36	SETUP	flat, price 63917.76 at M15 RESIST 63923.27 (6px away). Assess for a trade.
2026-08-10T19:20:36	SETUP	flat, price 63851.89 at H4 SUPPORT 63839.94 (12px away). Assess for a trade.
2026-08-10T19:25:06	SETUP	flat, price 63905.27 at M15 RESIST 63921.15 (16px away). Assess for a trade.
2026-08-10T19:31:36	SETUP	flat, price 63948.39 at H1 RESIST 63959.66 (11px away). Assess for a trade.
2026-08-10T19:50:48	SETUP	flat, price 63943.76 at H1 RESIST 63959.66 (16px away). Assess for a trade.
2026-08-10T20:02:48	SETUP	flat, price 63927.80 at M15 SUPPORT 63911.97 (16px away). Assess for a trade.
2026-08-10T20:10:59	SETUP	flat, price 63996.54 at H1 RESIST 63998.10 (2px away). Assess for a trade.
2026-08-10T20:19:29	SETUP	flat, price 63919.69 at M15 SUPPORT 63912.45 (7px away). Assess for a trade.
2026-08-10T20:23:59	SETUP	flat, price 63991.96 at H1 RESIST 63998.10 (6px away). Assess for a trade.
2026-08-10T20:43:09	SETUP	flat, price 63921.22 at M15 SUPPORT 63907.60 (14px away). Assess for a trade.
2026-08-10T20:50:39	SETUP	flat, price 63992.89 at H1 RESIST 63998.10 (5px away). Assess for a trade.
2026-08-10T21:00:39	SETUP	flat, price 64000.22 at H1 RESIST 64015.20 (15px away). Assess for a trade.
2026-08-10T21:18:09	SETUP	flat, price 64011.54 at H1 RESIST 64015.20 (4px away). Assess for a trade.
2026-08-10T21:30:09	SETUP	flat, price 63989.23 at M15 SUPPORT 63976.52 (13px away). Assess for a trade.
2026-08-10T21:51:44	SETUP	flat, price 63965.90 at M15 SUPPORT 63954.69 (11px away). Assess for a trade.
2026-08-10T22:04:15	SETUP	flat, price 64014.08 at H1 RESIST 64023.95 (10px away). Assess for a trade.
2026-08-10T22:45:19	SETUP	flat, price 64067.77 at M15 SUPPORT 64060.50 (7px away). Assess for a trade.
2026-08-10T23:00:19	SETUP	flat, price 64079.00 at M15 RESIST 64078.06 (1px away). Assess for a trade.
2026-08-10T23:09:53	SETUP	flat, price 64055.68 at M15 SUPPORT 64045.34 (10px away). Assess for a trade.
2026-08-10T23:15:23	SETUP	flat, price 64060.96 at M15 SUPPORT 64048.48 (12px away). Assess for a trade.
2026-08-10T23:51:53	SETUP	flat, price 63988.69 at H1 SUPPORT 63976.21 (12px away). Assess for a trade.
2026-08-11T00:02:53	SETUP	flat, price 63965.98 at H1 SUPPORT 63957.46 (9px away). Assess for a trade.
2026-08-11T00:15:24	SETUP	flat, price 63997.30 at M15 RESIST 63992.50 (5px away). Assess for a trade.
2026-08-11T00:39:54	SETUP	flat, price 63968.48 at H1 SUPPORT 63957.46 (11px away). Assess for a trade.
2026-08-11T01:12:26	SETUP	flat, price 63985.30 at H1 RESIST 63992.50 (7px away). Assess for a trade.
2026-08-11T01:41:14	SETUP	flat, price 63895.81 at H1 SUPPORT 63887.31 (8px away). Assess for a trade.
2026-08-11T01:55:14	SETUP	flat, price 63827.43 at H4 SUPPORT 63821.90 (6px away). Assess for a trade.
2026-08-11T02:00:14	SETUP	flat, price 63908.36 at M15 RESIST 63905.18 (3px away). Assess for a trade.
2026-08-11T02:03:44	SETUP	flat, price 63907.27 at M15 RESIST 63905.18 (2px away). Assess for a trade.
2026-08-11T02:16:14	SETUP	flat, price 63898.51 at M15 SUPPORT 63889.45 (9px away). Assess for a trade.
2026-08-11T02:31:14	SETUP	flat, price 63904.84 at M15 RESIST 63907.30 (2px away). Assess for a trade.
2026-08-11T02:37:14	SETUP	flat, price 63985.34 at H1 RESIST 63987.13 (2px away). Assess for a trade.
2026-08-11T02:55:12	SETUP	flat, price 63982.81 at H1 RESIST 63987.13 (4px away). Assess for a trade.
2026-08-11T03:02:42	SETUP	flat, price 64039.14 at H1 RESIST 64041.87 (3px away). Assess for a trade.
2026-08-11T03:15:12	SETUP	flat, price 63976.64 at M15 SUPPORT 63970.72 (6px away). Assess for a trade.
2026-08-11T03:40:49	SETUP	flat, price 64035.01 at H1 RESIST 64041.87 (7px away). Assess for a trade.
2026-08-11T04:05:16	SETUP	flat, price 64091.19 at H4 RESIST 64093.43 (2px away). Assess for a trade.
2026-08-11T04:18:46	SETUP	flat, price 64094.74 at H4 RESIST 64093.43 (1px away). Assess for a trade.
2026-08-11T04:45:31	SETUP	flat, price 64189.76 at M15 RESIST 64191.61 (2px away). Assess for a trade.
2026-08-11T04:53:03	SETUP	flat, price 64191.27 at M15 RESIST 64191.61 (0px away). Assess for a trade.
2026-08-11T05:00:03	SETUP	flat, price 64236.61 at H1 RESIST 64243.35 (7px away). Assess for a trade.
2026-08-11T05:18:04	SETUP	flat, price 64174.01 at M15 SUPPORT 64168.48 (6px away). Assess for a trade.
2026-08-11T05:29:04	SETUP	flat, price 64237.65 at H1 RESIST 64243.35 (6px away). Assess for a trade.
2026-08-11T05:50:04	SETUP	flat, price 64190.29 at M15 SUPPORT 64182.71 (8px away). Assess for a trade.
2026-08-11T07:00:14	SETUP	flat, price 64348.21 at H4 RESIST 64352.19 (4px away). Assess for a trade.
2026-08-11T07:04:14	SETUP	flat, price 64345.71 at H4 RESIST 64352.19 (6px away). Assess for a trade.
2026-08-11T07:18:48	SETUP	flat, price 64354.61 at H4 RESIST 64352.19 (2px away). Assess for a trade.
2026-08-11T09:01:20	SETUP	flat, price 64150.24 at M15 RESIST 64159.43 (9px away). Assess for a trade.
2026-08-11T09:06:20	SETUP	flat, price 64164.01 at M15 RESIST 64159.43 (5px away). Assess for a trade.
2026-08-11T09:15:05	SETUP	flat, price 64174.92 at M15 RESIST 64172.28 (3px away). Assess for a trade.
2026-08-11T09:35:08	SETUP	flat, price 63974.59 at H4 SUPPORT 63965.39 (9px away). Assess for a trade.
2026-08-11T09:38:38	SETUP	flat, price 63857.25 at M15 SUPPORT 63850.11 (7px away). Assess for a trade.
2026-08-11T09:52:08	LEVEL	broke below 63750.00 (reached 63669.64, now 63691.50) - Wide extension under the 63,913 low. 63,950 fired twice (spent). Note: this zone is also roughly where the live harvest bot's daily protection stop lands - if this fires, check the live channel.
2026-08-11T10:27:39	SETUP	flat, price 63795.22 at M15 RESIST 63806.92 (12px away). Assess for a trade.
2026-08-11T10:37:09	LEVEL	broke below 63550.00 (reached 63543.76, now 63553.43) - Wide extension under the 63,670 low. Note stale from yesterday's price context is retired - the live harvest combo's BUY cycle is only -3.95 today, nowhere near its -20 daily stop at this price.
2026-08-11T10:42:09	LEVEL	broke below 63400.00 (reached 63393.80, now 63401.42) - Wide extension under the 63,544 low. Live combo BUY cycle is -6.47 today (day total), well inside the -20 daily budget. No re-anchor mid-run per the standing no-chasing rule.
2026-08-11T11:03:02	SETUP	flat, price 63562.69 at M15 RESIST 63575.05 (12px away). Assess for a trade.
2026-08-11T11:10:02	SETUP	flat, price 63577.77 at M15 RESIST 63575.05 (3px away). Assess for a trade.
2026-08-11T11:18:32	SETUP	flat, price 63586.23 at M15 RESIST 63598.16 (12px away). Assess for a trade.
2026-08-11T11:25:32	SETUP	flat, price 63589.94 at M15 RESIST 63598.16 (8px away). Assess for a trade.
2026-08-11T11:30:32	SETUP	flat, price 63512.41 at M15 SUPPORT 63507.02 (5px away). Assess for a trade.
2026-08-11T11:38:32	SETUP	flat, price 63512.51 at M15 SUPPORT 63507.02 (5px away). Assess for a trade.
2026-08-11T11:47:02	SETUP	flat, price 63396.14 at H4 SUPPORT 63388.07 (8px away). Assess for a trade.
2026-08-11T12:00:39	SETUP	flat, price 63476.57 at M15 RESIST 63482.83 (6px away). Assess for a trade.
2026-08-11T12:10:09	SETUP	flat, price 63396.13 at H4 SUPPORT 63388.07 (8px away). Assess for a trade.
2026-08-11T12:17:39	SETUP	flat, price 63463.37 at M15 RESIST 63473.11 (10px away). Assess for a trade.
2026-08-11T12:28:39	SETUP	flat, price 63476.33 at M15 RESIST 63473.11 (3px away). Assess for a trade.
2026-08-11T12:43:10	SETUP	flat, price 63517.15 at M15 RESIST 63529.02 (12px away). Assess for a trade.
2026-08-11T12:46:40	SETUP	flat, price 63519.39 at M15 RESIST 63531.87 (12px away). Assess for a trade.
2026-08-11T12:54:40	SETUP	flat, price 63524.22 at M15 RESIST 63531.87 (8px away). Assess for a trade.
2026-08-11T13:02:16	SETUP	flat, price 63563.39 at H1 RESIST 63565.57 (2px away). Assess for a trade.
2026-08-11T13:34:00	LEVEL	broke below 63250.00 (reached 63233.04, now 63322.33) - 63,400 fired twice (wick to 63,388, snapped back to 63,492) - spent. Wide floor under the 63,388 low. Live combo BUY still bounded, day total under -7.
2026-08-11T13:37:00	SETUP	flat, price 63393.81 at H4 SUPPORT 63388.07 (6px away). Assess for a trade.
2026-08-11T14:00:14	SETUP	flat, price 63307.32 at M15 RESIST 63321.16 (14px away). Assess for a trade.
2026-08-11T14:21:44	SETUP	flat, price 63311.25 at M15 RESIST 63314.10 (3px away). Assess for a trade.
2026-08-11T14:26:14	SETUP	flat, price 63308.15 at M15 RESIST 63314.10 (6px away). Assess for a trade.
2026-08-11T14:30:44	SETUP	flat, price 63316.45 at M15 RESIST 63321.85 (5px away). Assess for a trade.
2026-08-11T14:41:14	SETUP	flat, price 63313.39 at M15 RESIST 63321.85 (8px away). Assess for a trade.
2026-08-11T14:54:16	SETUP	flat, price 63401.32 at H4 SUPPORT 63388.07 (13px away). Assess for a trade.
2026-08-11T15:00:17	SETUP	flat, price 63465.28 at H1 RESIST 63472.81 (8px away). Assess for a trade.
2026-08-11T15:04:23	SETUP	flat, price 63595.64 at H4 RESIST 63598.16 (3px away). Assess for a trade.
2026-08-11T15:13:00	SETUP	flat, price 63600.26 at H4 RESIST 63598.16 (2px away). Assess for a trade.
2026-08-11T15:28:00	SETUP	flat, price 63588.12 at H4 RESIST 63598.16 (10px away). Assess for a trade.
2026-08-11T15:43:10	SETUP	flat, price 63590.11 at H4 RESIST 63598.16 (8px away). Assess for a trade.
2026-08-11T15:56:29	SETUP	flat, price 63691.78 at M15 RESIST 63694.62 (3px away). Assess for a trade.
2026-08-11T16:15:02	SETUP	flat, price 63672.24 at M15 SUPPORT 63662.25 (10px away). Assess for a trade.
2026-08-11T16:22:35	SETUP	flat, price 63589.20 at H4 RESIST 63598.16 (9px away). Assess for a trade.
2026-08-11T16:37:06	SETUP	flat, price 63590.56 at H4 RESIST 63598.16 (8px away). Assess for a trade.
2026-08-11T17:01:16	SETUP	flat, price 63706.34 at H1 RESIST 63718.00 (12px away). Assess for a trade.
2026-08-11T17:17:46	SETUP	flat, price 63702.53 at H1 RESIST 63718.00 (15px away). Assess for a trade.
2026-08-11T17:31:23	SETUP	flat, price 63649.39 at M15 SUPPORT 63636.17 (13px away). Assess for a trade.
2026-08-11T17:43:35	SETUP	flat, price 63602.17 at H4 RESIST 63598.16 (4px away). Assess for a trade.
2026-08-11T17:48:35	SETUP	flat, price 63562.71 at H1 SUPPORT 63548.15 (15px away). Assess for a trade.
2026-08-11T18:15:14	SETUP	flat, price 63506.59 at M15 SUPPORT 63491.35 (15px away). Assess for a trade.
2026-08-11T18:35:14	SETUP	flat, price 63561.39 at H1 SUPPORT 63554.41 (7px away). Assess for a trade.
2026-08-11T18:44:19	SETUP	flat, price 63584.77 at H4 RESIST 63598.16 (13px away). Assess for a trade.
2026-08-11T19:03:25	SETUP	flat, price 63536.92 at M15 SUPPORT 63530.56 (6px away). Assess for a trade.
2026-08-11T19:07:56	SETUP	flat, price 63469.93 at H4 SUPPORT 63460.21 (10px away). Assess for a trade.
2026-08-11T19:14:28	SETUP	flat, price 63542.25 at M15 SUPPORT 63530.56 (12px away). Assess for a trade.
2026-08-11T19:18:34	SETUP	flat, price 63540.20 at M15 RESIST 63551.80 (12px away). Assess for a trade.
2026-08-11T19:45:10	SETUP	flat, price 63659.01 at M15 RESIST 63665.09 (6px away). Assess for a trade.
2026-08-11T20:00:14	SETUP	flat, price 63685.63 at H1 RESIST 63684.87 (1px away). Assess for a trade.
2026-08-11T20:04:14	SETUP	flat, price 63661.41 at M15 SUPPORT 63647.03 (14px away). Assess for a trade.
2026-08-11T20:09:44	SETUP	flat, price 63662.02 at M15 SUPPORT 63647.03 (15px away). Assess for a trade.
2026-08-11T20:17:14	SETUP	flat, price 63688.09 at H1 RESIST 63684.87 (3px away). Assess for a trade.
2026-08-11T20:34:14	SETUP	flat, price 63676.17 at H1 RESIST 63684.87 (9px away). Assess for a trade.
2026-08-11T20:45:25	SETUP	flat, price 63747.52 at M15 RESIST 63761.88 (14px away). Assess for a trade.
2026-08-11T21:02:29	SETUP	flat, price 63784.36 at H1 RESIST 63796.72 (12px away). Assess for a trade.
2026-08-11T21:21:36	SETUP	flat, price 63764.88 at M15 SUPPORT 63751.02 (14px away). Assess for a trade.
2026-08-11T21:27:36	SETUP	flat, price 63781.85 at H1 RESIST 63796.72 (15px away). Assess for a trade.
2026-08-11T21:39:42	SETUP	flat, price 63722.73 at H4 RESIST 63718.00 (5px away). Assess for a trade.
2026-08-11T22:00:12	SETUP	flat, price 63712.01 at H4 RESIST 63718.00 (6px away). Assess for a trade.
2026-08-11T22:11:12	SETUP	flat, price 63667.28 at H1 SUPPORT 63660.60 (7px away). Assess for a trade.
2026-08-11T22:26:42	SETUP	flat, price 63715.83 at H4 RESIST 63718.00 (2px away). Assess for a trade.
2026-08-11T22:31:12	SETUP	flat, price 63706.37 at H4 RESIST 63718.00 (12px away). Assess for a trade.
2026-08-11T22:56:49	SETUP	flat, price 63722.23 at H4 RESIST 63718.00 (4px away). Assess for a trade.
2026-08-11T22:59:49	SETUP	flat, price 63769.39 at M15 RESIST 63784.25 (15px away). Assess for a trade.
2026-08-11T23:12:02	SETUP	flat, price 63716.26 at M15 SUPPORT 63705.83 (10px away). Assess for a trade.
2026-08-11T23:21:56	SETUP	flat, price 63784.17 at H1 RESIST 63784.25 (0px away). Assess for a trade.
2026-08-11T23:30:09	SETUP	flat, price 63721.56 at M15 SUPPORT 63713.85 (8px away). Assess for a trade.
2026-08-11T23:42:17	SETUP	flat, price 63720.53 at M15 SUPPORT 63713.85 (7px away). Assess for a trade.
2026-08-11T23:47:27	SETUP	flat, price 63727.91 at M15 RESIST 63731.71 (4px away). Assess for a trade.
2026-08-11T23:58:27	SETUP	flat, price 63724.94 at M15 RESIST 63731.71 (7px away). Assess for a trade.
2026-08-12T00:06:27	SETUP	flat, price 63673.34 at H1 SUPPORT 63667.71 (6px away). Assess for a trade.
2026-08-12T00:15:27	SETUP	flat, price 63758.33 at M15 RESIST 63762.47 (4px away). Assess for a trade.
2026-08-12T00:30:10	SETUP	flat, price 63776.22 at M15 RESIST 63778.90 (3px away). Assess for a trade.
2026-08-12T00:38:18	SETUP	flat, price 63782.20 at M15 RESIST 63778.90 (3px away). Assess for a trade.
2026-08-12T00:50:41	SETUP	flat, price 63765.12 at M15 SUPPORT 63755.03 (10px away). Assess for a trade.
2026-08-12T01:12:11	SETUP	flat, price 63667.16 at H1 SUPPORT 63657.13 (10px away). Assess for a trade.
2026-08-12T01:19:11	SETUP	flat, price 63663.55 at H1 SUPPORT 63657.13 (6px away). Assess for a trade.
2026-08-12T01:31:22	SETUP	flat, price 63549.48 at M15 SUPPORT 63543.41 (6px away). Assess for a trade.
2026-08-12T01:45:52	SETUP	flat, price 63614.77 at M15 RESIST 63615.90 (1px away). Assess for a trade.
2026-08-12T01:57:25	SETUP	flat, price 63606.38 at M15 RESIST 63615.90 (10px away). Assess for a trade.
2026-08-12T02:00:55	SETUP	flat, price 63640.86 at M15 RESIST 63646.07 (5px away). Assess for a trade.
2026-08-12T02:31:04	SETUP	flat, price 63683.42 at M15 RESIST 63695.23 (12px away). Assess for a trade.
2026-08-12T02:36:34	SETUP	flat, price 63660.26 at M15 SUPPORT 63651.84 (8px away). Assess for a trade.
2026-08-12T02:55:35	SETUP	flat, price 63711.68 at M15 RESIST 63711.56 (0px away). Assess for a trade.
2026-08-12T03:00:05	SETUP	flat, price 63764.64 at H1 RESIST 63774.62 (10px away). Assess for a trade.
2026-08-12T03:08:05	SETUP	flat, price 63776.45 at H1 RESIST 63774.62 (2px away). Assess for a trade.
2026-08-12T03:21:05	SETUP	flat, price 63765.66 at H1 RESIST 63774.62 (9px away). Assess for a trade.
2026-08-12T03:31:05	SETUP	flat, price 63728.83 at M15 SUPPORT 63719.47 (9px away). Assess for a trade.
2026-08-12T03:45:35	SETUP	flat, price 63709.43 at M15 SUPPORT 63703.23 (6px away). Assess for a trade.
2026-08-12T04:08:03	SETUP	flat, price 63757.28 at M15 RESIST 63761.07 (4px away). Assess for a trade.
2026-08-12T04:19:33	SETUP	flat, price 63826.39 at H4 RESIST 63831.56 (5px away). Assess for a trade.
2026-08-12T04:31:04	SETUP	flat, price 63949.96 at M15 RESIST 63950.20 (0px away). Assess for a trade.
2026-08-12T04:42:04	SETUP	flat, price 63951.71 at M15 RESIST 63950.20 (2px away). Assess for a trade.
2026-08-12T04:50:52	SETUP	flat, price 64022.63 at M15 RESIST 64024.71 (2px away). Assess for a trade.
2026-08-12T04:56:28	SETUP	flat, price 64021.35 at M15 RESIST 64024.71 (3px away). Assess for a trade.
2026-08-12T05:00:06	SETUP	flat, price 64049.45 at H1 RESIST 64046.64 (3px away). Assess for a trade.
2026-08-12T05:16:27	SETUP	flat, price 64048.16 at H1 RESIST 64046.64 (2px away). Assess for a trade.
2026-08-12T05:23:58	SETUP	flat, price 64043.48 at H1 RESIST 64046.64 (3px away). Assess for a trade.
2026-08-12T05:37:08	SETUP	flat, price 64050.70 at H1 RESIST 64046.64 (4px away). Assess for a trade.
2026-08-12T05:49:18	SETUP	flat, price 64042.85 at H1 RESIST 64046.64 (4px away). Assess for a trade.
2026-08-12T06:02:18	SETUP	flat, price 64102.38 at M15 RESIST 64104.53 (2px away). Assess for a trade.
2026-08-12T06:12:21	SETUP	flat, price 64097.25 at M15 RESIST 64104.53 (7px away). Assess for a trade.
2026-08-12T06:27:58	SETUP	flat, price 64148.85 at H1 RESIST 64157.99 (9px away). Assess for a trade.
2026-08-12T06:39:58	SETUP	flat, price 64149.93 at H1 RESIST 64157.99 (8px away). Assess for a trade.
2026-08-12T06:46:58	SETUP	flat, price 64151.50 at H1 RESIST 64157.99 (6px away). Assess for a trade.
2026-08-12T07:00:35	SETUP	flat, price 64190.49 at H4 RESIST 64193.24 (3px away). Assess for a trade.
2026-08-12T07:11:05	SETUP	flat, price 64197.62 at H4 RESIST 64193.24 (4px away). Assess for a trade.
2026-08-12T07:43:58	SETUP	flat, price 64055.26 at H1 SUPPORT 64047.18 (8px away). Assess for a trade.
2026-08-12T07:47:58	SETUP	flat, price 63961.76 at M15 SUPPORT 63952.45 (9px away). Assess for a trade.
2026-08-12T07:57:28	SETUP	flat, price 64055.08 at H1 SUPPORT 64047.18 (8px away). Assess for a trade.
2026-08-12T08:24:58	SETUP	flat, price 63912.85 at H1 SUPPORT 63902.27 (11px away). Assess for a trade.
2026-08-12T08:40:58	SETUP	flat, price 63849.43 at M15 SUPPORT 63839.66 (10px away). Assess for a trade.
2026-08-12T08:46:28	SETUP	flat, price 63944.33 at M15 RESIST 63952.11 (8px away). Assess for a trade.
2026-08-12T09:10:58	SETUP	flat, price 63770.04 at H1 SUPPORT 63761.40 (9px away). Assess for a trade.
2026-08-12T09:15:59	SETUP	flat, price 63770.02 at H1 SUPPORT 63761.40 (9px away). Assess for a trade.
2026-08-12T09:21:29	SETUP	flat, price 63702.89 at H4 SUPPORT 63692.31 (11px away). Assess for a trade.
2026-08-12T09:52:24	SETUP	flat, price 63466.03 at M15 SUPPORT 63454.46 (12px away). Assess for a trade.
2026-08-12T10:16:54	SETUP	flat, price 63454.04 at M15 RESIST 63464.39 (10px away). Assess for a trade.
2026-08-12T10:32:24	SETUP	flat, price 63364.30 at M15 SUPPORT 63356.71 (8px away). Assess for a trade.
2026-08-12T10:35:54	SETUP	flat, price 63469.77 at M15 RESIST 63475.02 (5px away). Assess for a trade.
2026-08-12T10:42:35	SETUP	flat, price 63468.96 at M15 RESIST 63475.02 (6px away). Assess for a trade.
2026-08-12T11:02:35	SETUP	flat, price 63361.40 at M15 SUPPORT 63346.78 (15px away). Assess for a trade.
2026-08-12T11:10:05	SETUP	flat, price 63355.39 at M15 SUPPORT 63346.78 (9px away). Assess for a trade.
2026-08-12T11:16:35	SETUP	flat, price 63429.94 at M15 RESIST 63429.85 (0px away). Assess for a trade.
2026-08-12T11:29:35	SETUP	flat, price 63488.92 at H1 RESIST 63501.45 (13px away). Assess for a trade.
2026-08-12T11:43:05	SETUP	flat, price 63489.91 at H1 RESIST 63501.45 (12px away). Assess for a trade.
2026-08-12T11:46:36	SETUP	flat, price 63439.87 at M15 SUPPORT 63433.91 (6px away). Assess for a trade.
2026-08-12T12:02:36	SETUP	flat, price 63440.50 at M15 RESIST 63455.36 (15px away). Assess for a trade.
2026-08-12T12:13:06	SETUP	flat, price 63445.77 at M15 RESIST 63455.36 (10px away). Assess for a trade.
2026-08-12T12:16:06	SETUP	flat, price 63471.97 at M15 RESIST 63477.00 (5px away). Assess for a trade.
2026-08-12T12:22:36	SETUP	flat, price 63402.03 at M15 SUPPORT 63396.63 (5px away). Assess for a trade.
2026-08-12T12:30:36	SETUP	flat, price 63356.75 at M15 SUPPORT 63341.60 (15px away). Assess for a trade.
2026-08-12T12:50:06	SETUP	flat, price 63420.94 at M15 RESIST 63435.06 (14px away). Assess for a trade.
2026-08-12T13:18:36	SETUP	flat, price 63348.94 at H1 SUPPORT 63335.79 (13px away). Assess for a trade.
2026-08-12T13:31:06	SETUP	flat, price 63393.07 at M15 RESIST 63396.86 (4px away). Assess for a trade.
2026-08-12T13:43:42	SETUP	flat, price 63342.49 at H1 SUPPORT 63335.79 (7px away). Assess for a trade.
2026-08-12T14:10:13	SETUP	flat, price 63359.38 at M15 RESIST 63373.64 (14px away). Assess for a trade.
2026-08-12T14:17:13	SETUP	flat, price 63349.47 at M15 RESIST 63357.52 (8px away). Assess for a trade.
2026-08-12T14:26:13	SETUP	flat, price 63250.05 at H4 SUPPORT 63241.40 (9px away). Assess for a trade.
2026-08-12T14:47:20	SETUP	flat, price 63256.03 at H4 SUPPORT 63241.40 (15px away). Assess for a trade.
2026-08-12T14:54:50	SETUP	flat, price 63324.87 at M15 RESIST 63333.74 (9px away). Assess for a trade.
2026-08-12T15:15:20	SETUP	flat, price 63378.56 at H1 RESIST 63390.33 (12px away). Assess for a trade.
2026-08-12T15:22:50	SETUP	flat, price 63393.95 at H1 RESIST 63390.33 (4px away). Assess for a trade.
2026-08-12T15:39:21	SETUP	flat, price 63504.34 at H4 RESIST 63508.87 (5px away). Assess for a trade.
2026-08-12T15:57:51	SETUP	flat, price 63494.96 at H4 RESIST 63508.87 (14px away). Assess for a trade.
2026-08-12T16:05:28	SETUP	flat, price 63508.92 at H4 RESIST 63508.87 (0px away). Assess for a trade.
2026-08-12T16:48:03	SETUP	flat, price 63494.43 at H4 RESIST 63508.87 (14px away). Assess for a trade.
2026-08-12T16:53:33	SETUP	flat, price 63497.88 at H4 RESIST 63508.87 (11px away). Assess for a trade.
2026-08-12T17:17:33	SETUP	flat, price 63466.23 at M15 RESIST 63470.15 (4px away). Assess for a trade.
2026-08-12T17:25:33	SETUP	flat, price 63456.59 at M15 RESIST 63470.15 (14px away). Assess for a trade.
2026-08-12T17:33:33	SETUP	flat, price 63359.12 at H1 SUPPORT 63352.33 (7px away). Assess for a trade.
2026-08-12T17:55:03	SETUP	flat, price 63362.28 at H1 SUPPORT 63352.33 (10px away). Assess for a trade.
2026-08-12T18:00:03	SETUP	flat, price 63361.88 at M15 RESIST 63364.87 (3px away). Assess for a trade.
2026-08-12T18:09:03	SETUP	flat, price 63355.30 at M15 RESIST 63364.87 (10px away). Assess for a trade.
2026-08-12T18:15:33	SETUP	flat, price 63366.60 at M15 RESIST 63375.82 (9px away). Assess for a trade.
2026-08-12T18:31:33	SETUP	flat, price 63372.86 at M15 RESIST 63377.59 (5px away). Assess for a trade.
2026-08-12T18:46:04	SETUP	flat, price 63334.62 at M15 SUPPORT 63327.80 (7px away). Assess for a trade.
2026-08-12T18:59:04	SETUP	flat, price 63403.63 at M15 RESIST 63412.76 (9px away). Assess for a trade.
2026-08-12T19:15:04	SETUP	flat, price 63538.14 at M15 RESIST 63536.19 (2px away). Assess for a trade.
2026-08-12T19:26:04	SETUP	flat, price 63534.59 at M15 RESIST 63536.19 (2px away). Assess for a trade.
2026-08-12T19:31:34	SETUP	flat, price 63512.41 at M15 SUPPORT 63501.34 (11px away). Assess for a trade.
2026-08-12T20:10:34	SETUP	flat, price 63527.68 at M15 RESIST 63535.69 (8px away). Assess for a trade.
2026-08-12T20:24:04	SETUP	flat, price 63397.87 at H1 SUPPORT 63384.99 (13px away). Assess for a trade.
2026-08-12T20:33:35	SETUP	flat, price 63399.03 at H1 SUPPORT 63384.99 (14px away). Assess for a trade.
2026-08-12T20:44:05	SETUP	flat, price 63391.37 at H1 SUPPORT 63384.99 (6px away). Assess for a trade.
2026-08-12T20:59:06	SETUP	flat, price 63393.41 at H1 SUPPORT 63384.99 (8px away). Assess for a trade.
2026-08-12T21:19:40	SETUP	flat, price 63400.73 at M15 RESIST 63414.04 (13px away). Assess for a trade.
2026-08-12T21:26:40	SETUP	flat, price 63403.35 at M15 RESIST 63414.04 (11px away). Assess for a trade.
2026-08-12T21:36:10	SETUP	flat, price 63361.68 at M15 SUPPORT 63355.48 (6px away). Assess for a trade.
2026-08-12T21:43:23	SETUP	flat, price 63407.34 at M15 RESIST 63415.78 (8px away). Assess for a trade.
2026-08-12T21:46:32	SETUP	flat, price 63422.40 at M15 RESIST 63423.79 (1px away). Assess for a trade.
2026-08-12T22:01:02	SETUP	flat, price 63498.52 at H1 RESIST 63505.83 (7px away). Assess for a trade.
2026-08-12T22:14:02	SETUP	flat, price 63506.85 at H1 RESIST 63505.83 (1px away). Assess for a trade.
2026-08-12T22:21:40	SETUP	flat, price 63497.42 at H1 RESIST 63505.83 (8px away). Assess for a trade.
2026-08-12T22:29:01	SETUP	flat, price 63504.88 at H1 RESIST 63505.83 (1px away). Assess for a trade.
2026-08-12T22:43:38	SETUP	flat, price 63508.08 at H1 RESIST 63505.83 (2px away). Assess for a trade.
2026-08-12T22:49:23	SETUP	flat, price 63587.39 at H4 RESIST 63590.53 (3px away). Assess for a trade.
2026-08-12T22:52:51	LEVEL	broke above 63590.53 (reached 63612.77, now 63597.94) - H4 resistance breaks. Do NOT buy the breakout per rule 9; stand down on fresh shorts until a clean retest rejects.
2026-08-12T23:14:22	LEVEL	broke above 63590.53 (reached 63600.47, now 63601.70) - H4 resistance breaks. Do NOT buy the breakout per rule 9; stand down on fresh shorts until a clean retest rejects.
2026-08-12T23:18:52	SETUP	flat, price 63554.06 at M15 SUPPORT 63542.91 (11px away). Assess for a trade.
2026-08-12T23:38:22	SETUP	flat, price 63641.76 at H4 RESIST 63646.51 (5px away). Assess for a trade.
2026-08-12T23:43:52	SETUP	flat, price 63636.96 at H4 RESIST 63646.51 (10px away). Assess for a trade.
2026-08-12T23:46:52	LEVEL	broke above 63646.51 (reached 63699.02, now 63675.83) - Current H4 resistance. Per rule 9 do NOT buy the breakout; only reassess after a pullback and acceptance above on retest.
2026-08-12T23:52:52	SETUP	flat, price 63649.46 at H4 RESIST 63646.51 (3px away). Assess for a trade.
2026-08-13T00:00:22	SETUP	flat, price 63623.08 at M15 SUPPORT 63613.46 (10px away). Assess for a trade.
2026-08-13T00:04:22	LEVEL	broke above 63646.51 (reached 63672.36, now 63677.36) - Current H4 resistance. Per rule 9 do NOT buy the breakout; only reassess after a pullback and acceptance above on retest.
2026-08-13T00:07:22	LEVEL	broke above 63716.70 (reached 63770.02, now 63753.89) - Approach to H1 resistance. Per rule 9 do NOT buy a breakout. If it rejects from below later, consider a SELL_LIMIT at 63716.70 (no offset) with SL 63736.70 and TP 63676.70. Fixed 20/40; 40 pts ≈ 0.43x ATR(M15).
2026-08-13T00:49:09	SETUP	flat, price 63834.80 at M15 SUPPORT 63826.20 (9px away). Assess for a trade.
2026-08-13T00:53:39	PENDING	order #3080522509 placed
2026-08-13T03:42:13	START	watching BTCUSDm on 436771046, poll 30s - silent until something needs a decision
2026-08-13T03:45:44	LEVEL	broke below 63716.70 (reached 63709.86, now 63717.20) - H1 level reclaimed from above and then lost again. If we get a retest from beneath, consider SELL_LIMIT at 63716.70, SL 63736.70, TP 63676.70 (20/40 = 0.43x ATR-M15). Per rule 9 avoid selling a breakout continuation; wait for the underside retest.
2026-08-13T03:49:14	SETUP	flat, price 63728.98 at M15 RESIST 63739.02 (10px away). Assess for a trade.
2026-08-13T03:52:44	SETUP	flat, price 63711.62 at M15 SUPPORT 63705.43 (6px away). Assess for a trade.
2026-08-13T04:03:57	SETUP	flat, price 63680.47 at H1 SUPPORT 63670.67 (10px away). Assess for a trade.
2026-08-13T04:12:18	LEVEL	broke below 63593.77 (reached 63587.08, now 63595.87) - H1 support. If swept and reclaimed back above, consider BUY_LIMIT at 63603.77 (L+spread), SL 63583.77, TP 63643.77 (20/40 = 0.43x ATR-M15). Per rule 9 do NOT buy the initial break; fade only on reclaim.
2026-08-13T04:21:45	LEVEL	broke below 63593.77 (reached 63593.72, now 63599.20) - H1 support. If swept and reclaimed back above, consider BUY_LIMIT at 63603.77 (L+spread), SL 63583.77, TP 63643.77 (20/40 = 0.43x ATR-M15). Per rule 9 do NOT buy the initial break; fade only on reclaim.
2026-08-13T04:28:35	LEVEL	broke below 63593.77 (reached 63591.96, now 63604.90) - H1 support. If swept and reclaimed back above, consider BUY_LIMIT at 63603.77 (L+spread), SL 63583.77, TP 63643.77 (20/40 = 0.43x ATR-M15). Per rule 9 do NOT buy the initial break; fade only on reclaim.
2026-08-13T05:00:49	PENDING	order #3081538355 placed
2026-08-13T05:05:19	LEVEL	broke below 63593.77 (reached 63547.34, now 63583.78) - H1 support sweep-and-reclaim idea. If swept and price reclaims above, consider BUY_LIMIT at 63603.77 (L+spread), SL 63583.77, TP 63643.77 (20/40). Per Rule 9 do NOT buy the initial break; fade only on reclaim.
2026-08-13T05:07:49	PENDING	order #3081568776 placed
2026-08-13T05:08:49	LEVEL	broke below 63593.77 (reached 63556.50, now 63575.49) - H1 support sweep-and-reclaim idea. If swept and price reclaims above, consider BUY_LIMIT at 63603.77 (L+spread), SL 63583.77, TP 63643.77 (20/40). Per Rule 9 do NOT buy the initial break; fade only on reclaim.
2026-08-13T05:09:19	PENDING	order #3081575091 placed
2026-08-13T05:45:44	SETUP	flat, price 63574.22 at M15 RESIST 63574.08 (0px away). Assess for a trade.
2026-08-13T06:20:23	PENDING	order #3081875306 placed
2026-08-13T06:21:56	LEVEL	broke below 63516.18 (reached 63478.88, now 63496.14) - H4 support. If price accepts below here after any fill, the structure is broken; do not add longs. If still flat and we drive below and hold, cancel the buy idea (Rule 9).
2026-08-13T06:31:13	SETUP	flat, price 63369.97 at M15 SUPPORT 63364.40 (6px away). Assess for a trade.
2026-08-13T06:37:35	SETUP	flat, price 63374.04 at M15 SUPPORT 63364.40 (10px away). Assess for a trade.
2026-08-13T06:45:11	SETUP	flat, price 63400.61 at M15 RESIST 63410.32 (10px away). Assess for a trade.
2026-08-13T06:48:11	PENDING	order #3082013403 placed
2026-08-13T06:50:41	OPENED	#3082013403 BUY 0.01 @ 63414.77 SL 63394.77 TP 63454.77 - now managing
2026-08-13T06:52:11	CLOSED	#3082013403 (opened @ 63414.77) is gone - flat now, bid 63396.18. Look for the next setup.
2026-08-13T07:00:41	SETUP	flat, price 63386.27 at M15 SUPPORT 63377.39 (9px away). Assess for a trade.
2026-08-13T07:06:11	SETUP	flat, price 63440.74 at M15 RESIST 63436.80 (4px away). Assess for a trade.
2026-08-13T07:15:11	SETUP	flat, price 63491.61 at M15 RESIST 63495.54 (4px away). Assess for a trade.
2026-08-13T07:30:11	LEVEL	broke above 63595.60 (reached 63618.40, now 63561.14) - M15 resistance. If tagged from below AND the H4 63516 has been reclaimed already, consider SELL_LIMIT at 63595.60 (no offset), SL 63615.60, TP 63555.60 (fixed 20/40). Do NOT place/keep this while H4 break is active (Rule 9).
2026-08-13T07:34:11	SETUP	flat, price 63516.33 at M15 RESIST 63516.17 (0px away). Assess for a trade.
2026-08-13T07:35:11	PENDING	order #3082350453 placed
2026-08-13T07:37:11	LEVEL	broke above 63516.18 (reached 63578.67, now 63538.51) - H4 support reclaim. If price reclaims above from below, prefer a buy on the first pullback: plan BUY_LIMIT at 63526.18 (level + $10 spread), SL 63506.18 (20 pts), TP 63566.18 (40 pts). 40 pts = 0.40x ATR(M15); within 120-min reach. Rule 9: avoid shorting the underside retest; only act long after reclaim + pullback.
2026-08-13T07:38:11	OPENED	#3082350453 BUY 0.01 @ 63526.18 SL 63506.18 TP 63566.18 - now managing
2026-08-13T07:40:11	CLOSED	#3082350453 (opened @ 63526.18) is gone - flat now, bid 63488.38. Look for the next setup.
2026-08-13T07:41:14	PENDING	order #3082425072 placed
2026-08-13T07:56:14	OPENED	#3082425072 SELL 0.01 @ 63595.60 SL 63615.6 TP 63555.6 - now managing
2026-08-13T07:56:44	CLOSED	#3082425072 (opened @ 63595.60) is gone - flat now, bid 63608.57. Look for the next setup.
2026-08-13T08:15:44	SETUP	flat, price 63640.41 at H1 RESIST 63644.56 (4px away). Assess for a trade.
2026-08-13T08:25:14	LEVEL	broke below 63516.17 (reached 63493.30, now 63503.20) - Former M15 resistance. Acceptance back below weakens structure; avoid new longs until a reclaim. If reclaimed and retested from above, room opens back toward 63,595.
2026-08-13T08:30:14	SETUP	flat, price 63499.48 at M15 SUPPORT 63492.49 (7px away). Assess for a trade.
2026-08-13T08:33:45	PENDING	order #3082872200 placed
2026-08-13T08:35:15	LEVEL	broke above 63644.56 (reached 63689.97, now 63694.97) - H1 resistance and our resting SELL_LIMIT entry. If price accepts above on H1 close, cancel the short idea per Rule 9. If filled, manage per plan (20-stop/40-target).
2026-08-13T08:35:45	PENDING	order #3082899490 placed
2026-08-13T08:46:45	SETUP	flat, price 63642.91 at H1 RESIST 63644.56 (2px away). Assess for a trade.
2026-08-13T09:16:46	SETUP	flat, price 63775.59 at H1 RESIST 63781.81 (6px away). Assess for a trade.
2026-08-13T09:17:16	PENDING	order #3083311572 placed
2026-08-13T09:31:17	SETUP	flat, price 63769.45 at H1 RESIST 63781.81 (12px away). Assess for a trade.
2026-08-13T09:34:17	LEVEL	broke above 63851.85 (reached 63894.69, now 63881.97) - H4 resistance. If tagged and M5 shows rejection while flat, consider discretionary fade via SELL_LIMIT only; do not chase continuation longs per Rule 9.
2026-08-13T09:46:47	PENDING	order #3083581080 placed
2026-08-13T09:46:47	LEVEL	broke below 63851.85 (reached 63836.01, now 63843.62) - H4 level reclaim. If M5 accepts back below and retests from underneath, consider tactical short via SELL_LIMIT at L (no offset), 20/40 geometry; avoid continuation longs per Rule 9.
2026-08-13T09:49:47	SETUP	flat, price 63847.75 at H4 RESIST 63851.85 (4px away). Assess for a trade.
2026-08-13T09:58:48	PENDING	order #3083655651 placed
2026-08-13T09:58:48	LEVEL	broke below 63781.81 (reached 63778.11, now 63820.55) - H1 level reclaim. Acceptance back below weakens structure; shorts only on retest from underneath. No continuation longs per Rule 9.
2026-08-13T10:03:18	SETUP	flat, price 63855.43 at H4 RESIST 63851.85 (4px away). Assess for a trade.
2026-08-13T10:06:31	LEVEL	broke below 63781.81 (reached 63766.23, now 63788.38) - H1 level reclaim. Acceptance back below weakens structure; shorts only on retest from underneath. No continuation longs per Rule 9.
2026-08-13T10:08:01	PENDING	order #3083725731 placed
2026-08-13T10:11:01	OPENED	#3083725731 SELL 0.01 @ 63781.81 SL 63801.81 TP 63741.81 - now managing
2026-08-13T10:12:01	CLOSED	#3083725731 (opened @ 63781.81) is gone - flat now, bid 63798.33. Look for the next setup.
2026-08-13T10:12:31	PENDING	order #3083762516 placed
2026-08-13T10:33:31	SETUP	flat, price 63615.70 at H1 SUPPORT 63605.22 (10px away). Assess for a trade.
2026-08-13T10:47:01	SETUP	flat, price 63617.13 at H1 SUPPORT 63605.22 (12px away). Assess for a trade.
2026-08-13T10:53:31	SETUP	flat, price 63539.83 at M15 SUPPORT 63532.62 (7px away). Assess for a trade.
2026-08-13T10:57:01	LEVEL	broke below 63516.17 (reached 63514.94, now 63519.94) - Former M15 resistance. Acceptance back below weakens structure; avoid new longs until a reclaim. If reclaimed and retested from above, room opens back toward 63,595.
2026-08-13T11:00:01	LEVEL	broke below 63390.08 (reached 63343.13, now 63354.63) - M15 support area. If swept and reclaimed from below, can base a rotation higher; if accepted below, bias shifts lower toward H4 support.
2026-08-13T11:11:02	PENDING	order #3084146808 placed
2026-08-13T11:29:32	LEVEL	broke below 63273.51 (reached 63241.57, now 63248.49) - Approach into deeper H4 support. Prefer waiting for a reclaim setup rather than selling a late breakdown (Rule 9).
2026-08-13T11:33:32	SETUP	flat, price 63348.52 at H4 SUPPORT 63343.13 (5px away). Assess for a trade.
2026-08-13T11:37:32	LEVEL	broke below 63273.51 (reached 63262.64, now 63269.22) - Approach into deeper H4 support. Prefer waiting for a reclaim setup rather than selling a late breakdown (Rule 9).
2026-08-13T12:18:00	SETUP	flat, price 63087.63 at M15 RESIST 63098.44 (11px away). Assess for a trade.
2026-08-13T12:33:00	SETUP	flat, price 63195.94 at M15 RESIST 63199.40 (3px away). Assess for a trade.
2026-08-13T12:45:30	SETUP	flat, price 63181.01 at M15 RESIST 63193.47 (12px away). Assess for a trade.
2026-08-13T13:01:30	SETUP	flat, price 63081.65 at M15 SUPPORT 63064.54 (17px away). Assess for a trade.
2026-08-13T13:45:31	SETUP	flat, price 63132.74 at M15 RESIST 63130.01 (3px away). Assess for a trade.
2026-08-13T13:53:31	LEVEL	broke above 63241.57 (reached 63268.91, now 63233.42) - M15 support reclaim from below. If reclaimed and retested from above, consider BUY_LIMIT at L + spread; 20/40 geometry.
2026-08-13T13:56:42	LEVEL	broke above 63273.51 (reached 63300.44, now 63264.68) - H4 level reclaim. If M5 closes back above and retests from above, consider BUY_LIMIT at L + spread with 20/40 geometry. Do not chase if price is far; cancel if entry drifts >1.5x ATR(M15).
2026-08-13T13:59:42	SETUP	flat, price 63234.27 at H1 RESIST 63231.52 (3px away). Assess for a trade.
2026-08-13T14:02:42	LEVEL	broke above 63273.51 (reached 63277.21, now 63282.21) - H4 level reclaim. If M5 closes back above and retests from above, consider BUY_LIMIT at L + spread with 20/40 geometry. Do not chase if price is far; cancel if entry drifts >1.5x ATR(M15).
2026-08-13T14:05:42	LEVEL	broke above 63273.51 (reached 63279.37, now 63281.51) - H4 level reclaim. If M5 closes back above and retests from above, consider BUY_LIMIT at L + spread with 20/40 geometry. Do not chase if price is far; cancel if entry drifts >1.5x ATR(M15).
2026-08-13T14:08:42	LEVEL	broke above 63343.13 (reached 63427.59, now 63422.50) - H4 support reclaim. If accepted back above and retested from above, consider BUY_LIMIT at L + spread; 20/40 geometry. Avoid selling continuation per Rule 9.
2026-08-13T14:13:12	SETUP	flat, price 63358.94 at H4 SUPPORT 63343.13 (16px away). Assess for a trade.
2026-08-13T14:17:42	LEVEL	broke above 63343.13 (reached 63349.73, now 63351.86) - H4 support reclaim. If accepted back above and retested from above, consider BUY_LIMIT at L + spread; 20/40 geometry. Avoid selling continuation per Rule 9.
2026-08-13T14:24:42	LEVEL	broke above 63343.13 (reached 63351.91, now 63350.63) - H4 support reclaim. If accepted back above and retested from above, consider BUY_LIMIT at L + spread; 20/40 geometry. Avoid selling continuation per Rule 9.
2026-08-13T14:47:02	SETUP	flat, price 63348.86 at H4 SUPPORT 63343.13 (6px away). Assess for a trade.
2026-08-13T14:56:32	LEVEL	broke above 63343.13 (reached 63343.45, now 63343.27) - H4 support reclaim. If accepted back above and retested from above, consider BUY_LIMIT at L + spread; 20/40 geometry. Avoid selling continuation per Rule 9.
2026-08-13T15:00:02	LEVEL	broke above 63343.13 (reached 63344.46, now 63346.94) - H4 support reclaim. If accepted back above and retested from above, consider BUY_LIMIT at L + spread; 20/40 geometry. Avoid selling continuation per Rule 9.
2026-08-13T15:04:02	SETUP	flat, price 63325.81 at M15 SUPPORT 63320.08 (6px away). Assess for a trade.
2026-08-13T15:07:02	LEVEL	broke above 63343.13 (reached 63375.36, now 63364.16) - H4 support reclaim. If accepted back above and retested from above, consider BUY_LIMIT at L + spread; 20/40 geometry. Avoid selling continuation per Rule 9.
2026-08-13T15:10:02	SETUP	flat, price 63383.66 at M15 RESIST 63394.42 (11px away). Assess for a trade.
2026-08-13T15:13:02	SETUP	flat, price 63334.41 at M15 SUPPORT 63320.08 (14px away). Assess for a trade.
2026-08-13T15:17:32	SETUP	flat, price 63383.75 at M15 RESIST 63396.39 (13px away). Assess for a trade.
2026-08-13T15:30:03	SETUP	flat, price 63380.57 at M15 RESIST 63391.69 (11px away). Assess for a trade.
2026-08-13T15:41:03	SETUP	flat, price 63354.70 at M15 SUPPORT 63347.87 (7px away). Assess for a trade.
2026-08-13T15:45:33	SETUP	flat, price 63346.84 at M15 SUPPORT 63330.05 (17px away). Assess for a trade.
2026-08-13T15:58:54	LEVEL	broke above 63343.13 (reached 63345.66, now 63350.66) - H4 support reclaim. If accepted back above and retested from above, consider BUY_LIMIT at L + spread; 20/40 geometry. Avoid selling continuation per Rule 9.
2026-08-13T16:01:54	SETUP	flat, price 63333.21 at M15 RESIST 63348.42 (15px away). Assess for a trade.
2026-08-13T16:24:55	SETUP	flat, price 63394.52 at H1 RESIST 63406.41 (12px away). Assess for a trade.
2026-08-13T16:45:55	SETUP	flat, price 63375.12 at M15 SUPPORT 63369.28 (6px away). Assess for a trade.
2026-08-13T17:00:55	SETUP	flat, price 63420.25 at H1 RESIST 63435.81 (16px away). Assess for a trade.
2026-08-13T17:07:55	SETUP	flat, price 63491.15 at H4 RESIST 63504.97 (14px away). Assess for a trade.
2026-08-13T17:20:58	SETUP	flat, price 63507.05 at H4 RESIST 63504.97 (2px away). Assess for a trade.
2026-08-13T17:39:02	SETUP	flat, price 63508.67 at H4 RESIST 63504.97 (4px away). Assess for a trade.
2026-08-13T18:06:34	SETUP	flat, price 63412.49 at H1 SUPPORT 63397.54 (15px away). Assess for a trade.
2026-08-13T18:13:34	SETUP	flat, price 63411.60 at H1 SUPPORT 63397.54 (14px away). Assess for a trade.
2026-08-13T18:30:04	SETUP	flat, price 63418.70 at M15 RESIST 63433.41 (15px away). Assess for a trade.
2026-08-13T18:58:19	SETUP	flat, price 63409.66 at H1 SUPPORT 63397.54 (12px away). Assess for a trade.
2026-08-13T19:01:49	SETUP	flat, price 63414.10 at M15 RESIST 63417.11 (3px away). Assess for a trade.
2026-08-13T19:21:19	SETUP	flat, price 63468.00 at H1 RESIST 63472.90 (5px away). Assess for a trade.
2026-08-13T19:27:49	SETUP	flat, price 63367.44 at M15 SUPPORT 63357.99 (9px away). Assess for a trade.
2026-08-13T19:43:27	SETUP	flat, price 63458.32 at H1 RESIST 63472.90 (15px away). Assess for a trade.
2026-08-13T19:50:58	SETUP	flat, price 63461.26 at H1 RESIST 63472.90 (12px away). Assess for a trade.
2026-08-13T20:02:10	SETUP	flat, price 63485.95 at H1 RESIST 63496.92 (11px away). Assess for a trade.
2026-08-13T20:17:12	SETUP	flat, price 63425.52 at M15 SUPPORT 63412.62 (13px away). Assess for a trade.
2026-08-13T20:24:12	SETUP	flat, price 63500.32 at H1 RESIST 63496.92 (3px away). Assess for a trade.
2026-08-13T20:29:42	SETUP	flat, price 63428.50 at M15 SUPPORT 63412.62 (16px away). Assess for a trade.
2026-08-13T20:42:12	SETUP	flat, price 63481.35 at H1 RESIST 63496.92 (16px away). Assess for a trade.
2026-08-13T21:07:13	SETUP	flat, price 63519.62 at H1 RESIST 63532.96 (13px away). Assess for a trade.
2026-08-13T21:18:43	SETUP	flat, price 63459.44 at M15 SUPPORT 63453.97 (5px away). Assess for a trade.
2026-08-13T21:50:17	SETUP	flat, price 63483.11 at M15 RESIST 63496.99 (14px away). Assess for a trade.
2026-08-13T22:15:18	SETUP	flat, price 63431.79 at M15 RESIST 63430.37 (1px away). Assess for a trade.
2026-08-13T22:27:25	SETUP	flat, price 63417.47 at M15 RESIST 63430.37 (13px away). Assess for a trade.
2026-08-13T22:39:25	SETUP	flat, price 63302.36 at H4 SUPPORT 63288.49 (14px away). Assess for a trade.
2026-08-13T22:46:27	SETUP	flat, price 63297.05 at H4 SUPPORT 63288.49 (9px away). Assess for a trade.
2026-08-13T23:00:27	SETUP	flat, price 63240.08 at H4 SUPPORT 63234.82 (5px away). Assess for a trade.
2026-08-13T23:03:27	LEVEL	broke above 63273.51 (reached 63290.76, now 63293.42) - H4 level reclaim. If M5 closes back above and retests from above, consider BUY_LIMIT at L + spread with 20/40 geometry. Do not chase if price is far; cancel if entry drifts >1.5x ATR(M15).
2026-08-13T23:09:27	LEVEL	broke above 63343.13 (reached 63346.41, now 63334.90) - H4 support reclaim. If accepted back above and retested from above, consider BUY_LIMIT at L + spread; 20/40 geometry. Avoid selling continuation per Rule 9.
2026-08-13T23:12:57	LEVEL	broke above 63343.13 (reached 63346.55, now 63335.90) - H4 support reclaim. If accepted back above and retested from above, consider BUY_LIMIT at L + spread; 20/40 geometry. Avoid selling continuation per Rule 9.
2026-08-13T23:15:57	SETUP	flat, price 63344.37 at M15 RESIST 63346.55 (2px away). Assess for a trade.
2026-08-13T23:18:57	LEVEL	broke above 63343.13 (reached 63403.40, now 63362.98) - H4 support reclaim. If accepted back above and retested from above, consider BUY_LIMIT at L + spread; 20/40 geometry. Avoid selling continuation per Rule 9.
2026-08-13T23:26:57	SETUP	flat, price 63340.04 at M15 RESIST 63346.55 (7px away). Assess for a trade.
2026-08-13T23:29:57	LEVEL	broke above 63343.13 (reached 63355.27, now 63350.73) - H4 support reclaim. If accepted back above and retested from above, consider BUY_LIMIT at L + spread; 20/40 geometry. Avoid selling continuation per Rule 9.
