position_id,instrumentation,opened,closed,duration_s,duration_min,side,volume,entry,exit,pnl,won,move_pts,move_pct,move_in_atr15,velocity_pts_min,mfe_pts,mae_pts,exit_reason,hour,weekday,spread_at_entry,M5_close,M5_atr,M5_vs_ema21,M5_ema_cross,M5_structure,M5_slope5,M5_donchian,M5_pct_of_range,M15_close,M15_atr,M15_vs_ema21,M15_ema_cross,M15_structure,M15_slope5,M15_donchian,M15_pct_of_range,H1_close,H1_atr,H1_vs_ema21,H1_ema_cross,H1_structure,H1_slope5,H1_donchian,H1_pct_of_range,H4_close,H4_atr,H4_vs_ema21,H4_ema_cross,H4_structure,H4_slope5,H4_donchian,H4_pct_of_range,M5_aligned,M15_aligned,H1_aligned,H4_aligned,entry_candle_dir,entry_candle_range,entry_body_pct,entry_upper_wick_pct,entry_lower_wick_pct,entry_tick_volume,entry_spread_pts
2949185835,False,2026-07-11T16:45:02,2026-07-11T16:50:21,319,5.3,BUY,0.01,64103.44,64131.43,0.28,True,28.0,0.0437,0.18,5.3,,,[tp 64131.43000],16,Saturday,10.0,64094.28,126.3,below,bear,LH_LL,-58.7,inside,48.6,64094.28,150.2,below,bear,mixed,-286.4,inside,46.6,64120.75,177.2,above,bull,LH_LL,-9.9,inside,60.2,64120.75,583.8,above,bull,mixed,234.3,inside,83.1,False,False,True,True,,,,,,,
2949192518,False,2026-07-11T16:50:22,2026-07-11T17:06:09,947,15.8,BUY,0.01,64125.19,64170.7,0.46,True,45.5,0.071,0.3,2.9,,,[tp 64170.70000],16,Saturday,10.0,64120.9,86.4,below,bear,mixed,-35.9,inside,52.5,64094.28,150.2,below,bear,mixed,-286.4,inside,46.6,64120.75,177.2,above,bull,LH_LL,-9.9,inside,60.2,64120.75,583.8,above,bull,mixed,234.3,inside,83.1,False,False,True,True,,,,,,,
2949204482,False,2026-07-11T17:06:09,2026-07-11T17:15:02,533,8.9,SELL,0.01,64169.8,64158.2,0.12,True,11.6,0.0181,0.08,1.3,,,[tp 64158.20000],17,Saturday,10.0,64142.42,69.2,below,bear,HH_HL,43.4,inside,57.3,64128.8,152.9,below,bear,LH_LL,72.8,inside,51.5,64128.8,177.2,above,bull,mixed,-10.4,inside,61.1,64120.75,583.8,above,bull,mixed,234.3,inside,83.1,True,True,False,False,,,,,,,
2949210883,False,2026-07-11T17:15:03,2026-07-11T19:28:18,7995,133.2,SELL,0.01,64151.71,64212.34,-0.6,False,-60.6,-0.0945,-0.38,-0.5,,,,17,Saturday,10.0,64160.28,62.7,above,bear,HH_HL,39.4,inside,61.3,64160.28,152.5,below,bear,HH_HL,39.5,inside,56.0,64128.8,177.2,above,bull,mixed,-10.4,inside,61.1,64120.75,583.8,above,bull,mixed,234.3,inside,83.1,False,True,False,False,,,,,,,
2949301230,False,2026-07-11T19:19:57,2026-07-11T19:28:17,500,8.3,SELL,0.03,64285.84,64208.36,2.33,True,77.5,0.1205,0.85,9.3,,,,19,Saturday,10.0,64269.93,41.2,above,bull,mixed,-13.7,inside,29.3,64269.93,97.6,above,bull,mixed,0.9,inside,71.5,64279.08,184.3,above,bull,mixed,87.4,inside,72.8,64120.75,583.8,above,bull,mixed,234.3,inside,83.1,False,False,False,False,,,,,,,
2949308393,False,2026-07-11T19:30:01,2026-07-11T19:36:55,414,6.9,BUY,0.01,64203.82,64232.89,0.29,True,29.1,0.0453,0.34,4.2,,,[tp 64232.89000],19,Saturday,10.0,64193.82,42.2,below,bear,LH_LL,-66.8,breakout_dn,-31.8,64193.82,91.4,below,bull,mixed,-67.6,inside,60.7,64279.08,184.3,above,bull,mixed,87.4,inside,72.8,64120.75,583.8,above,bull,mixed,234.3,inside,83.1,False,False,True,True,,,,,,,
2949313419,False,2026-07-11T19:36:56,2026-07-11T20:04:03,1627,27.1,BUY,0.01,64243.86,64272.93,0.29,True,29.1,0.0452,0.34,1.1,,,[tp 64272.93000],19,Saturday,10.0,64197.49,39.8,below,bear,LH_LL,-65.5,inside,5.9,64193.82,91.4,below,bull,mixed,-67.6,inside,60.7,64279.08,184.3,above,bull,mixed,87.4,inside,72.8,64120.75,583.8,above,bull,mixed,234.3,inside,83.1,False,False,True,True,,,,,,,
2949328654,False,2026-07-11T20:04:04,2026-07-11T20:13:39,575,9.6,BUY,0.01,64283.03,64299.2,0.16,True,16.2,0.0252,0.21,1.7,,,[tp 64299.20000],20,Saturday,10.0,64236.95,38.0,below,bear,HH_HL,39.5,inside,32.7,64236.95,82.5,above,bull,HH_HL,-64.1,inside,69.7,64236.95,184.6,above,bull,LH_LL,-61.7,inside,66.9,64236.95,571.1,above,bull,mixed,119.8,inside,86.8,False,True,True,True,,,,,,,
2949334386,False,2026-07-11T20:13:40,2026-07-11T20:33:19,1179,19.6,BUY,0.01,64305.04,64321.21,0.16,True,16.2,0.0251,0.21,0.8,,,[tp 64321.21000],20,Saturday,10.0,64265.19,37.0,above,bear,mixed,42.9,inside,61.4,64236.95,82.5,above,bull,HH_HL,-64.1,inside,69.7,64236.95,184.6,above,bull,LH_LL,-61.7,inside,66.9,64236.95,571.1,above,bull,mixed,119.8,inside,86.8,True,True,True,True,,,,,,,
2949344359,False,2026-07-11T20:33:21,2026-07-11T20:40:39,438,7.3,BUY,0.01,64327.66,64343.83,0.16,True,16.2,0.0251,0.21,2.2,,,[tp 64343.83000],20,Saturday,10.0,64300.86,38.6,above,bull,mixed,39.3,inside,87.0,64300.86,73.5,above,bull,HH_HL,30.9,inside,80.5,64236.95,184.6,above,bull,LH_LL,-61.7,inside,66.9,64236.95,571.1,above,bull,mixed,119.8,inside,86.8,True,True,True,True,,,,,,,
2949348300,False,2026-07-11T20:40:46,2026-07-11T20:42:13,87,1.4,BUY,0.01,64361.61,64377.78,0.16,True,16.2,0.0251,0.21,11.2,,,[tp 64377.78000],20,Saturday,10.0,64317.83,32.5,above,bull,LH_LL,36.2,inside,95.3,64300.86,73.5,above,bull,HH_HL,30.9,inside,80.5,64236.95,184.6,above,bull,LH_LL,-61.7,inside,66.9,64236.95,571.1,above,bull,mixed,119.8,inside,86.8,True,True,True,True,,,,,,,
2949352005,False,2026-07-11T20:42:14,2026-07-12T00:25:30,13396,223.3,BUY,0.01,64410.96,63790.74,-6.2,False,-620.2,-0.9629,-8.02,-2.8,,,,20,Saturday,10.0,64317.83,32.5,above,bull,LH_LL,36.2,inside,95.3,64300.86,73.5,above,bull,HH_HL,30.9,inside,80.5,64236.95,184.6,above,bull,LH_LL,-61.7,inside,66.9,64236.95,571.1,above,bull,mixed,119.8,inside,86.8,True,True,True,True,,,,,,,
2949579924,False,2026-07-12T01:14:10,2026-07-12T01:15:03,53,0.9,SELL,0.01,63884.95,63868.24,0.17,True,16.7,0.0262,0.11,18.9,,,[tp 63868.24000],1,Sunday,10.0,63906.56,97.8,above,bear,HH_HL,158.0,inside,78.1,63788.18,147.8,below,bear,HH_HL,-127.5,inside,18.6,63788.18,225.4,below,bear,LH_LL,-448.8,inside,3.2,63772.93,559.3,above,bull,mixed,-334.2,inside,72.2,False,True,True,False,,,,,,,
2949580251,False,2026-07-12T01:15:04,2026-07-12T01:42:39,1655,27.6,SELL,0.01,63852.95,64123.43,-2.7,False,-270.5,-0.4236,-1.67,-9.8,,,,1,Sunday,10.0,63877.06,93.2,above,bear,HH_HL,130.2,inside,69.4,63877.06,157.5,below,bear,HH_HL,104.1,inside,30.1,63788.18,225.4,below,bear,LH_LL,-448.8,inside,3.2,63772.93,559.3,above,bull,mixed,-334.2,inside,72.2,False,True,True,False,,,,,,,
2949595421,False,2026-07-12T01:42:39,2026-07-12T01:42:53,14,0.2,SELL,0.01,64113.45,64132.76,-0.2,False,-19.3,-0.0301,-0.11,-82.8,,,,1,Sunday,10.0,64030.37,87.0,above,bull,HH_HL,153.3,breakout_up,120.3,63908.49,161.5,below,bear,HH_HL,160.3,inside,34.1,63788.18,225.4,below,bear,LH_LL,-448.8,inside,3.2,63772.93,559.3,above,bull,mixed,-334.2,inside,72.2,False,True,True,False,,,,,,,
2949595519,False,2026-07-12T01:42:54,2026-07-12T01:43:23,29,0.5,SELL,0.01,64122.74,64114.37,0.09,True,8.4,0.0131,0.05,17.3,,,,1,Sunday,10.0,64030.37,87.0,above,bull,HH_HL,153.3,breakout_up,120.3,63908.49,161.5,below,bear,HH_HL,160.3,inside,34.1,63788.18,225.4,below,bear,LH_LL,-448.8,inside,3.2,63772.93,559.3,above,bull,mixed,-334.2,inside,72.2,False,True,True,False,,,,,,,
2949595691,False,2026-07-12T01:43:24,2026-07-12T01:44:53,89,1.5,SELL,0.01,64113.16,64113.23,0.0,False,-0.1,-0.0001,-0.0,-0.0,,,,1,Sunday,10.0,64030.37,87.0,above,bull,HH_HL,153.3,breakout_up,120.3,63908.49,161.5,below,bear,HH_HL,160.3,inside,34.1,63788.18,225.4,below,bear,LH_LL,-448.8,inside,3.2,63772.93,559.3,above,bull,mixed,-334.2,inside,72.2,False,True,True,False,,,,,,,
2949596425,False,2026-07-12T01:44:54,2026-07-12T01:45:22,28,0.5,SELL,0.01,64103.26,64130.65,-0.28,False,-27.4,-0.0427,-0.16,-58.7,,,,1,Sunday,10.0,64030.37,87.0,above,bull,HH_HL,153.3,breakout_up,120.3,63908.49,161.5,below,bear,HH_HL,160.3,inside,34.1,63788.18,225.4,below,bear,LH_LL,-448.8,inside,3.2,63772.93,559.3,above,bull,mixed,-334.2,inside,72.2,False,True,True,False,,,,,,,
2949596574,False,2026-07-12T01:45:23,2026-07-12T01:49:49,266,4.4,SELL,0.01,64120.68,64087.72,0.33,True,33.0,0.0514,0.2,7.4,,,,1,Sunday,10.0,64111.99,82.4,above,bull,HH_HL,166.2,breakout_up,118.3,64111.99,172.5,above,bear,HH_HL,326.4,inside,60.4,63788.18,225.4,below,bear,LH_LL,-448.8,inside,3.2,63772.93,559.3,above,bull,mixed,-334.2,inside,72.2,False,False,True,False,,,,,,,
2949598008,False,2026-07-12T01:49:50,2026-07-12T01:50:05,15,0.2,SELL,0.01,64077.34,64096.86,-0.2,False,-19.5,-0.0305,-0.12,-78.1,,,,1,Sunday,10.0,64111.99,82.4,above,bull,HH_HL,166.2,breakout_up,118.3,64111.99,172.5,above,bear,HH_HL,326.4,inside,60.4,63788.18,225.4,below,bear,LH_LL,-448.8,inside,3.2,63772.93,559.3,above,bull,mixed,-334.2,inside,72.2,False,False,True,False,,,,,,,
2949793698,False,2026-07-12T09:30:29,2026-07-12T09:32:18,109,1.8,BUY,0.01,63798.09,63820.63,0.23,True,22.5,0.0353,0.2,12.4,,,[tp 63820.63000],9,Sunday,10.0,63781.98,48.9,below,bear,HH_HL,-150.2,inside,19.6,63781.98,116.0,below,bear,LH_LL,-221.5,inside,33.3,63940.74,234.4,below,bear,HH_HL,-241.0,inside,40.1,63834.27,549.6,above,bull,mixed,-304.9,inside,72.8,False,False,False,True,,,,,,,
2949809927,False,2026-07-12T09:45:01,2026-07-12T10:03:38,1117,18.6,SELL,0.01,63958.05,63890.5,0.67,True,67.6,0.1056,0.62,3.6,,,[tp 63890.50000],9,Sunday,10.0,63958.03,61.0,above,bear,HH_HL,158.4,inside,69.2,63958.03,115.1,above,bear,HH_HL,10.8,inside,77.3,63940.74,234.4,below,bear,HH_HL,-241.0,inside,40.1,63834.27,549.6,above,bull,mixed,-304.9,inside,72.8,False,False,True,False,,,,,,,
2949834971,False,2026-07-12T10:15:01,2026-07-12T12:30:46,8145,135.8,BUY,0.02,63894.16,64004.67,2.21,True,110.5,0.173,1.09,0.8,,,,10,Sunday,10.0,63883.6,61.6,below,bull,mixed,-57.7,inside,58.8,63883.6,103.1,below,bear,LH_LL,-57.1,inside,61.8,63915.57,246.9,below,bear,LH_LL,-44.4,inside,37.3,63834.27,549.6,above,bull,mixed,-304.9,inside,72.8,False,False,False,True,,,,,,,
2950009995,False,2026-07-12T13:50:00,2026-07-12T13:51:24,84,1.4,BUY,0.02,63971.880000000005,63985.33,0.27,True,13.4,0.021,0.16,9.6,,,[tp 63985.33000],13,Sunday,10.0,63963.96,47.3,below,bull,LH_LL,-17.7,inside,25.1,63999.13,86.7,above,bull,mixed,-10.8,inside,74.7,63982.41,242.9,below,bear,HH_HL,148.1,inside,47.6,63962.32,493.5,above,bull,mixed,-158.4,inside,77.0,False,True,False,True,,,,,,,
2950015136,False,2026-07-12T14:00:01,2026-07-12T14:04:59,298,5.0,BUY,0.02,63981.97,63992.13,0.2,True,10.2,0.0159,0.12,2.0,,,[tp 63992.13000],14,Sunday,10.0,63972.57,47.4,below,bull,HH_HL,-40.3,inside,20.3,63972.57,86.3,above,bull,LH_LL,-16.0,inside,67.8,63972.57,220.1,below,bear,mixed,31.8,inside,46.4,63962.32,493.5,above,bull,mixed,-158.4,inside,77.0,False,True,False,True,,,,,,,
2950019658,False,2026-07-12T14:10:01,2026-07-12T14:32:18,1337,22.3,BUY,0.02,63966.58,63978.94,0.25,True,12.4,0.0193,0.14,0.6,,,[tp 63978.94000],14,Sunday,10.0,63957.39,49.0,below,bear,mixed,-41.7,inside,10.3,63972.57,86.3,above,bull,LH_LL,-16.0,inside,67.8,63972.57,220.1,below,bear,mixed,31.8,inside,46.4,63962.32,493.5,above,bull,mixed,-158.4,inside,77.0,False,True,False,True,,,,,,,
2950059187,False,2026-07-12T14:50:01,2026-07-12T15:20:45,1844,30.7,SELL,0.02,64133.58,64101.5,0.64,True,32.1,0.05,0.33,1.0,,,[tp 64101.50000],14,Sunday,10.0,64133.58,53.0,above,bull,HH_HL,181.1,breakout_up,147.1,64020.03,84.7,above,bull,HH_HL,17.4,inside,76.4,63972.57,220.1,below,bear,mixed,31.8,inside,46.4,63962.32,493.5,above,bull,mixed,-158.4,inside,77.0,False,False,True,False,,,,,,,
2950152984,False,2026-07-12T16:15:01,2026-07-12T16:21:04,363,6.0,BUY,0.01,64039.86,64079.29,0.39,True,39.4,0.0616,0.37,6.5,,,[tp 64079.29000],16,Sunday,10.0,64026.87,68.4,below,bull,mixed,-115.1,inside,25.0,64026.87,104.7,above,bull,LH_LL,-124.1,inside,52.1,64132.15,213.1,above,bull,mixed,310.4,inside,65.6,64132.15,488.5,above,bull,HH_HL,-104.8,inside,80.9,False,True,True,True,,,,,,,
2950218183,False,2026-07-12T17:55:00,2026-07-12T18:01:38,398,6.6,BUY,0.06,64030.6,64064.79,2.05,True,34.2,0.0534,0.31,5.2,,,[tp 64064.79000],17,Sunday,10.0,64018.52,45.6,below,bear,LH_LL,-67.0,inside,12.9,64111.22,103.2,above,bull,mixed,-24.3,inside,57.7,64123.39,217.5,above,bull,LH_LL,161.1,inside,64.5,64132.15,488.5,above,bull,HH_HL,-104.8,inside,80.9,False,True,True,True,,,,,,,
2950247040,False,2026-07-12T18:33:50,2026-07-12T21:32:26,10716,178.6,SELL,0.17,64043.92,64029.51,2.45,True,14.4,0.0225,0.15,0.1,,,[tp 64029.51000],18,Sunday,10.0,64032.37,46.0,below,bear,mixed,-7.7,inside,36.4,64032.37,100.0,below,bull,LH_LL,-64.6,inside,35.1,64036.79,213.6,above,bull,LH_LL,54.4,inside,56.2,64132.15,488.5,above,bull,HH_HL,-104.8,inside,80.9,True,True,False,False,,,,,,,
2950596853,False,2026-07-12T22:20:02,2026-07-12T22:20:48,46,0.8,BUY,0.01,63632.93,63682.2,0.49,True,49.3,0.0774,0.48,64.3,,,[tp 63682.20000],22,Sunday,10.0,63647.84,89.8,below,bear,LH_LL,-205.2,inside,0.7,63748.95,91.6,below,bear,LH_LL,-407.6,breakout_dn,-25.3,63883.53,195.6,below,bull,LH_LL,-239.9,inside,44.2,64191.25,469.3,above,bull,mixed,418.3,inside,79.4,False,False,False,True,,,,,,,
2950645296,False,2026-07-12T22:36:21,2026-07-12T22:36:27,6,0.1,SELL,0.01,63803.5,63791.96,0.12,True,11.5,0.0181,0.11,115.4,,,[tp 63791.96000],22,Sunday,10.0,63765.58,101.4,below,bear,mixed,-1.2,inside,25.0,63794.88,102.4,below,bear,LH_LL,-374.4,inside,25.3,63883.53,195.6,below,bull,LH_LL,-239.9,inside,44.2,64191.25,469.3,above,bull,mixed,418.3,inside,79.4,True,True,True,False,,,,,,,
2950671145,False,2026-07-12T22:46:40,2026-07-12T22:52:43,363,6.0,BUY,0.01,63719.64,63738.52,0.19,True,18.9,0.0296,0.16,3.1,,,[tp 63738.52000],22,Sunday,10.0,63736.34,102.0,below,bear,mixed,88.5,inside,19.9,63736.34,103.5,below,bear,HH_HL,-330.9,inside,18.4,63883.53,195.6,below,bull,LH_LL,-239.9,inside,44.2,64191.25,469.3,above,bull,mixed,418.3,inside,79.4,False,False,False,True,,,,,,,
2950723602,False,2026-07-12T22:59:57,2026-07-13T00:05:17,3920,65.3,BUY,0.01,63851.37,63888.22,0.37,True,36.8,0.0577,0.31,0.6,,,[tp 63888.22000],22,Sunday,10.0,63778.56,109.0,below,bear,HH_HL,-16.3,inside,27.6,63736.34,103.5,below,bear,HH_HL,-330.9,inside,18.4,63883.53,195.6,below,bull,LH_LL,-239.9,inside,44.2,64191.25,469.3,above,bull,mixed,418.3,inside,79.4,False,False,False,True,,,,,,,
2951243677,False,2026-07-13T01:35:01,2026-07-13T01:35:53,52,0.9,BUY,0.01,63573.67,63618.4,0.44,True,44.7,0.0704,0.16,51.6,,,[tp 63618.40000],1,Monday,10.0,63558.1,196.3,below,bear,LH_LL,-117.0,inside,3.3,63685.42,274.2,below,bear,mixed,-567.2,inside,18.0,64020.18,244.2,above,bear,mixed,-171.1,inside,64.5,63747.81,446.1,below,bull,LH_LL,-433.9,inside,59.8,False,False,True,False,,,,,,,
2955745099,False,2026-07-13T19:06:41,2026-07-13T19:35:59,1758,29.3,BUY,0.01,61957.18,62057.78,1.01,True,100.6,0.1624,0.58,3.4,,,,19,Monday,10.0,61944.37,103.4,below,bear,LH_LL,27.7,inside,42.8,61951.18,186.6,below,bear,HH_HL,-76.6,inside,17.2,61951.18,382.0,below,bear,LH_LL,-301.2,inside,4.9,62545.41,591.3,below,bear,LH_LL,-1645.8,inside,5.2,False,False,False,False,,,,,,,
2955868939,False,2026-07-13T19:45:02,2026-07-13T20:18:32,2010,33.5,SELL,0.01,62101.81,62053.67,0.48,True,48.1,0.0775,0.28,1.4,,,[tp 62053.67000],19,Monday,10.0,62099.38,76.8,above,bull,HH_HL,144.4,breakout_up,105.5,62099.38,177.6,below,bear,HH_HL,219.4,inside,30.0,61951.18,382.0,below,bear,LH_LL,-301.2,inside,4.9,62545.41,591.3,below,bear,LH_LL,-1645.8,inside,5.2,False,True,True,True,,,,,,,
2955982444,False,2026-07-13T20:18:33,2026-07-13T21:01:42,2589,43.1,BUY,0.01,62056.68,62149.73,0.93,True,93.1,0.1499,0.57,2.2,,,[tp 62149.73000],20,Monday,10.0,62148.03,72.3,above,bull,LH_LL,53.6,inside,75.0,62148.03,165.1,below,bear,HH_HL,196.8,inside,34.1,62203.16,373.2,below,bear,HH_HL,-518.3,inside,17.1,62203.16,636.1,below,bear,LH_LL,-1544.6,inside,6.8,True,False,False,False,,,,,,,
2956058278,False,2026-07-13T21:01:44,2026-07-13T21:25:45,1441,24.0,SELL,0.01,62152.61,61974.79,1.78,True,177.8,0.2861,1.14,7.4,,,[tp 61974.79000],21,Monday,10.0,62130.87,77.9,above,bull,HH_HL,-17.0,inside,63.3,62130.87,162.0,below,bear,LH_LL,31.5,inside,43.6,62130.87,380.8,below,bear,HH_HL,-414.5,inside,14.4,62203.16,636.1,below,bear,LH_LL,-1544.6,inside,6.8,False,True,True,True,,,,,,,
2956071210,False,2026-07-13T21:25:46,2026-07-13T22:01:40,2154,35.9,BUY,0.01,61940.32,62063.07,1.23,True,122.8,0.1982,0.83,3.4,,,[tp 62063.07000],21,Monday,10.0,62015.46,75.8,below,bear,mixed,-115.4,inside,14.6,62042.82,156.1,below,bear,HH_HL,-160.3,inside,35.8,62130.87,380.8,below,bear,HH_HL,-414.5,inside,14.4,62203.16,636.1,below,bear,LH_LL,-1544.6,inside,6.8,False,False,False,False,,,,,,,
2956102705,False,2026-07-13T22:01:43,2026-07-13T22:39:56,2293,38.2,SELL,0.01,62061.11,61986.05,0.75,True,75.1,0.1209,0.49,2.0,,,[tp 61986.05000],22,Monday,10.0,61998.25,88.6,below,bear,HH_HL,-0.1,inside,45.8,61998.25,148.3,below,bear,HH_HL,-113.5,inside,40.8,61998.25,381.8,below,bear,LH_LL,-218.8,inside,10.9,62203.16,636.1,below,bear,LH_LL,-1544.6,inside,6.8,True,True,True,True,,,,,,,
2956175699,False,2026-07-13T22:39:57,2026-07-13T23:16:02,2165,36.1,BUY,0.01,61994.76,62011.41,0.16,True,16.7,0.0269,0.11,0.5,,,[tp 62011.41000],22,Monday,10.0,62030.11,96.4,below,bull,mixed,-73.6,inside,60.0,62094.65,150.1,below,bear,HH_HL,51.8,inside,68.5,61998.25,381.8,below,bear,LH_LL,-218.8,inside,10.9,62203.16,636.1,below,bear,LH_LL,-1544.6,inside,6.8,False,False,False,False,,,,,,,
2956251632,False,2026-07-13T23:16:32,2026-07-14T19:17:41,72069,1201.2,SELL,0.01,61997.73,64559.060000000005,-25.61,False,-2561.3,-4.1313,-15.68,-2.1,,,,23,Monday,10.0,61972.07,77.7,below,bear,HH_HL,14.6,inside,47.3,61972.07,161.3,below,bear,LH_LL,-26.2,inside,44.1,61842.84,380.8,below,bear,mixed,13.7,inside,5.3,62203.16,636.1,below,bear,LH_LL,-1544.6,inside,6.8,True,True,True,True,,,,,,,
2961386938,False,2026-07-14T19:52:35,2026-07-14T20:06:30,835,13.9,SELL,0.01,64580.880000000005,64443.53,1.37,True,137.4,0.2127,0.81,9.9,,,[tp 64443.53000],19,Tuesday,10.0,64557.54,72.0,above,bear,HH_HL,-17.8,inside,52.6,64506.16,176.6,above,bull,LH_LL,31.0,inside,63.2,64529.18,422.0,above,bull,mixed,760.2,inside,87.3,64704.86,712.7,above,bear,HH_HL,2501.7,breakout_up,108.6,False,False,False,False,,,,,,,
2961428358,False,2026-07-14T20:06:31,2026-07-14T21:08:10,3699,61.6,BUY,0.01,64453.76,64557.64,1.04,True,103.9,0.1612,0.6,1.7,,,[tp 64557.64000],20,Tuesday,10.0,64475.74,77.3,below,bear,LH_LL,3.5,inside,19.1,64534.72,170.5,above,bull,HH_HL,-7.3,inside,63.4,64534.72,425.1,above,bull,HH_HL,296.0,inside,87.5,64534.72,735.3,above,bull,mixed,2268.9,inside,87.7,False,True,True,True,,,,,,,
2961537012,False,2026-07-14T21:08:11,2026-07-14T21:43:56,2145,35.8,SELL,0.01,64558.22,64704.2,-1.46,False,-146.0,-0.2261,-1.14,-4.1,,,,21,Tuesday,10.0,64510.6,66.9,above,bear,mixed,112.2,inside,46.1,64510.28,127.8,above,bull,HH_HL,4.1,inside,48.3,64510.28,422.4,above,bull,LH_LL,-194.6,inside,84.8,64534.72,735.3,above,bull,mixed,2268.9,inside,87.7,False,False,False,False,,,,,,,
2961559774,False,2026-07-14T21:42:05,2026-07-14T21:43:55,110,1.8,SELL,0.01,64834.15,64700.71,1.33,True,133.4,0.2058,1.09,72.8,,,,21,Tuesday,10.0,64690.54,62.0,above,bull,HH_HL,115.8,breakout_up,114.7,64616.99,115.8,above,bull,HH_HL,200.3,inside,64.8,64510.28,422.4,above,bull,LH_LL,-194.6,inside,84.8,64534.72,735.3,above,bull,mixed,2268.9,inside,87.7,False,False,False,False,,,,,,,
2961561414,False,2026-07-14T21:43:57,2026-07-14T21:51:17,440,7.3,SELL,0.01,64687.32,64610.68,0.76,True,76.6,0.1185,0.62,10.5,,,[tp 64610.68000],21,Tuesday,10.0,64690.54,62.0,above,bull,HH_HL,115.8,breakout_up,114.7,64616.99,115.8,above,bull,HH_HL,200.3,inside,64.8,64510.28,422.4,above,bull,LH_LL,-194.6,inside,84.8,64534.72,735.3,above,bull,mixed,2268.9,inside,87.7,False,False,False,False,,,,,,,
2961568854,False,2026-07-14T21:53:59,2026-07-14T22:20:00,1561,26.0,BUY,0.01,64620.810000000005,64727.95,1.07,True,107.1,0.1658,0.84,4.1,,,[tp 64727.95000],21,Tuesday,10.0,64658.92,77.2,above,bull,LH_LL,71.9,inside,58.9,64691.14,123.0,above,bull,HH_HL,284.5,inside,76.0,64510.28,422.4,above,bull,LH_LL,-194.6,inside,84.8,64534.72,735.3,above,bull,mixed,2268.9,inside,87.7,True,True,True,True,,,,,,,
2961614356,False,2026-07-14T22:20:01,2026-07-15T00:16:55,7014,116.9,SELL,0.01,64716.77,64852.19,-1.35,False,-135.4,-0.2093,-0.84,-1.2,,,,22,Tuesday,10.0,64720.0,90.5,above,bull,HH_HL,109.7,inside,71.4,64498.34,127.1,above,bull,LH_LL,-11.9,inside,46.4,64624.34,439.5,above,bull,HH_HL,-70.7,inside,88.8,64534.72,735.3,above,bull,mixed,2268.9,inside,87.7,False,False,False,False,,,,,,,
2961752873,False,2026-07-14T23:42:45,2026-07-15T00:16:53,2048,34.1,SELL,0.01,64964.89,64846.96,1.18,True,117.9,0.1815,0.68,3.5,,,,23,Tuesday,10.0,64935.28,89.4,above,bull,HH_HL,-24.0,inside,75.7,64867.39,175.2,above,bull,mixed,369.1,inside,69.3,64808.78,461.0,above,bull,mixed,228.1,inside,95.7,64534.72,735.3,above,bull,mixed,2268.9,inside,87.7,False,False,False,False,,,,,,,
2961814384,False,2026-07-15T00:16:57,2026-07-15T05:58:49,20512,341.9,BUY,0.01,64857.060000000005,64892.82,0.36,True,35.8,0.0551,0.2,0.1,,,[tp 64892.82000],0,Wednesday,10.0,64867.86,76.3,below,bull,LH_LL,-115.0,inside,48.3,64867.86,178.4,above,bull,mixed,59.1,inside,69.4,64982.9,466.1,above,bull,mixed,453.7,inside,96.4,64982.9,761.4,above,bull,HH_HL,2490.6,breakout_up,101.8,False,True,True,True,,,,,,,
2962485858,False,2026-07-15T05:58:51,2026-07-15T06:57:08,3497,58.3,SELL,0.01,64908.44,64815.04,0.93,True,93.4,0.1439,0.68,1.6,,,[tp 64815.04000],5,Wednesday,10.0,64726.83,68.4,above,bull,HH_HL,134.1,inside,60.8,64655.76,131.8,below,bear,HH_HL,-50.7,inside,54.5,64698.83,345.6,above,bull,HH_HL,-284.1,inside,85.6,64733.95,783.7,above,bull,mixed,2263.7,inside,89.4,False,True,False,False,,,,,,,
2962689356,False,2026-07-15T07:00:11,2026-07-15T09:17:56,8265,137.8,BUY,0.01,64757.04,64807.89,0.51,True,50.8,0.0785,0.3,0.4,,,[tp 64807.89000],7,Wednesday,10.0,64766.92,132.4,below,bull,LH_LL,-433.4,inside,29.8,64766.92,174.5,above,bull,LH_LL,111.2,inside,41.3,64766.92,327.3,above,bull,HH_HL,142.8,inside,87.5,64733.95,783.7,above,bull,mixed,2263.7,inside,89.4,False,True,True,True,,,,,,,
2963208475,False,2026-07-15T09:18:50,2026-07-15T09:41:00,1330,22.2,SELL,0.01,64868.92,64700.35,1.69,True,168.6,0.2599,1.03,7.6,,,[tp 64700.35000],9,Wednesday,10.0,64791.63,67.3,above,bull,HH_HL,108.6,inside,99.1,64791.63,175.9,above,bear,HH_HL,291.9,inside,44.7,64718.74,323.7,above,bull,mixed,-15.2,inside,79.4,64499.68,799.3,above,bull,mixed,1729.9,inside,82.4,False,False,False,False,,,,,,,
2963371195,False,2026-07-15T10:05:14,2026-07-15T10:28:18,1384,23.1,SELL,0.01,64743.83,64593.93,1.5,True,149.9,0.2315,0.99,6.5,,,[tp 64593.93000],10,Wednesday,10.0,64719.79,71.8,above,bear,mixed,-9.5,inside,56.7,64619.28,159.0,below,bear,LH_LL,-68.0,inside,23.5,64619.28,327.3,above,bull,HH_HL,-79.6,inside,64.0,64499.68,799.3,above,bull,mixed,1729.9,inside,82.4,False,True,False,False,,,,,,,
2963477586,False,2026-07-15T10:28:19,2026-07-15T11:03:01,2082,34.7,BUY,0.01,64579.93,64645.44,0.65,True,65.5,0.1014,0.45,1.9,,,[tp 64645.44000],10,Wednesday,10.0,64625.25,78.1,below,bear,LH_LL,6.0,inside,16.1,64741.53,151.3,above,bull,mixed,22.8,inside,38.5,64619.28,327.3,above,bull,HH_HL,-79.6,inside,64.0,64499.68,799.3,above,bull,mixed,1729.9,inside,82.4,False,True,True,True,,,,,,,
2963921135,False,2026-07-15T12:15:05,2026-07-15T16:12:19,14234,237.2,SELL,0.01,64710.92,65087.07,-3.76,False,-376.2,-0.5813,-3.0,-1.6,,,,12,Wednesday,10.0,64664.62,62.7,above,bull,HH_HL,30.6,inside,72.7,64664.62,117.6,above,bear,LH_LL,60.8,inside,53.1,64680.84,314.4,above,bull,LH_LL,-86.1,inside,49.4,64680.84,703.5,above,bull,mixed,-24.0,inside,83.9,False,False,False,False,,,,,,,
2965298225,False,2026-07-15T15:33:34,2026-07-15T16:12:18,2324,38.7,SELL,0.01,65453.65,65087.04,3.67,True,366.6,0.5601,1.28,9.5,,,,15,Wednesday,10.0,65336.04,159.3,above,bull,HH_HL,92.9,inside,80.2,65336.04,278.7,above,bull,mixed,106.8,inside,81.2,65335.23,359.3,above,bull,mixed,716.0,inside,83.8,64680.84,703.5,above,bull,mixed,-24.0,inside,83.9,False,False,False,False,,,,,,,
2965466689,False,2026-07-15T16:12:20,2026-07-15T17:46:29,5649,94.2,BUY,0.01,65076.73,65109.21,0.32,True,32.5,0.0499,0.11,0.3,,,[tp 65109.21000],16,Wednesday,10.0,65132.02,146.9,below,bear,LH_LL,-291.7,inside,22.6,65364.86,292.4,above,bull,HH_HL,48.3,inside,84.1,65364.86,369.0,above,bull,HH_HL,761.0,inside,86.4,65364.86,734.6,above,bull,HH_HL,830.1,breakout_up,103.5,False,True,True,True,,,,,,,
2965954979,False,2026-07-15T17:46:30,2026-07-15T18:51:40,3910,65.2,SELL,0.01,65114.76,64911.84,2.03,True,202.9,0.3116,0.93,3.1,,,[tp 64911.84000],17,Wednesday,10.0,64981.94,108.9,below,bear,HH_HL,23.7,inside,37.4,64981.94,227.8,below,bear,mixed,-131.4,inside,39.0,65063.26,398.5,above,bull,LH_LL,382.4,inside,58.5,65364.86,734.6,above,bull,HH_HL,830.1,breakout_up,103.5,True,True,False,False,,,,,,,
2966296232,False,2026-07-15T18:51:42,2026-07-15T19:55:08,3806,63.4,BUY,0.01,64913.85,64948.35,0.34,True,34.5,0.0531,0.17,0.5,,,[tp 64948.35000],18,Wednesday,10.0,64967.88,91.9,below,bear,LH_LL,-74.9,inside,27.3,64932.81,202.6,below,bear,LH_LL,-58.1,inside,25.1,65003.93,389.4,above,bull,mixed,-97.1,inside,51.2,65364.86,734.6,above,bull,HH_HL,830.1,breakout_up,103.5,False,False,True,True,,,,,,,
2966529371,False,2026-07-15T19:55:10,2026-07-15T21:04:59,4189,69.8,SELL,0.01,64951.86,64919.49,0.33,True,32.4,0.0498,0.19,0.5,,,[tp 64919.49000],19,Wednesday,10.0,64939.48,85.0,above,bear,mixed,133.1,inside,61.0,64942.24,174.2,below,bear,HH_HL,-72.6,inside,29.0,64820.67,398.2,above,bull,LH_LL,-234.0,inside,34.9,65364.86,734.6,above,bull,HH_HL,830.1,breakout_up,103.5,False,True,False,False,,,,,,,
2966670212,False,2026-07-15T21:10:43,2026-07-15T22:48:37,5874,97.9,BUY,0.01,64855.07,64913.52,0.59,True,58.4,0.0901,0.43,0.6,,,[tp 64913.52000],21,Wednesday,10.0,64901.6,55.8,below,bear,LH_LL,-57.1,inside,58.3,64925.45,133.8,below,bear,LH_LL,-16.8,inside,27.1,64925.45,369.8,above,bull,HH_HL,-439.4,inside,44.2,64938.16,754.9,above,bull,mixed,-44.7,inside,83.8,False,False,True,True,,,,,,,
2966875126,False,2026-07-15T23:41:21,2026-07-16T00:02:17,1256,20.9,BUY,0.01,64719.6,64776.31,0.56,True,56.7,0.0876,0.55,2.7,,,[tp 64776.31000],23,Wednesday,10.0,64762.67,60.0,below,bear,LH_LL,-110.6,inside,18.8,64811.8,98.6,below,bear,LH_LL,45.6,inside,31.0,64820.88,355.8,above,bull,LH_LL,-183.1,inside,34.9,64938.16,754.9,above,bull,mixed,-44.7,inside,83.8,False,False,True,True,,,,,,,
2966926695,False,2026-07-16T00:10:03,2026-07-16T00:20:32,629,10.5,SELL,0.01,64802.44,64644.36,1.58,True,158.1,0.2439,1.46,15.1,,,[tp 64644.36000],0,Thursday,10.0,64795.77,65.1,above,bear,HH_HL,100.5,inside,51.1,64715.48,105.7,below,bear,LH_LL,-123.8,inside,15.1,64715.48,354.2,below,bull,LH_LL,-105.2,inside,25.6,64715.48,716.6,above,bull,LH_LL,-18.5,inside,78.0,False,True,True,False,,,,,,,
2966946374,False,2026-07-16T00:20:45,2026-07-16T01:49:33,5328,88.8,BUY,0.01,64648.9,64727.47,0.78,True,78.6,0.1215,0.63,0.9,,,[tp 64693.28000],0,Thursday,10.0,64680.77,68.1,below,bear,LH_LL,-65.2,inside,12.3,64783.21,108.6,below,bear,HH_HL,-37.7,inside,37.6,64715.48,354.2,below,bull,LH_LL,-105.2,inside,25.6,64715.48,716.6,above,bull,LH_LL,-18.5,inside,78.0,False,False,False,True,,,,,,,
2967246359,False,2026-07-16T02:30:02,2026-07-16T03:36:04,3962,66.0,BUY,0.01,64631.98,64696.41,0.64,True,64.4,0.0997,0.42,1.0,,,[tp 64696.41000],2,Thursday,10.0,64624.35,88.1,above,bull,mixed,-19.6,inside,63.6,64624.35,149.7,below,bear,LH_LL,63.9,inside,47.2,64690.58,383.1,below,bull,LH_LL,-234.9,inside,23.3,64715.48,716.6,above,bull,LH_LL,-18.5,inside,78.0,True,False,False,True,,,,,,,
2967383781,False,2026-07-16T03:48:28,2026-07-16T04:31:52,2604,43.4,BUY,0.01,64542.65,64613.08,0.7,True,70.4,0.1091,0.52,1.6,,,[tp 64613.08000],3,Thursday,10.0,64611.47,67.5,above,bull,LH_LL,52.9,inside,49.0,64611.47,147.8,below,bear,HH_HL,-12.9,inside,45.1,64590.85,347.3,below,bear,mixed,-197.8,inside,20.6,64715.48,716.6,above,bull,LH_LL,-18.5,inside,78.0,True,False,False,True,,,,,,,
2967527231,False,2026-07-16T05:11:30,2026-07-16T07:15:11,7421,123.7,SELL,0.01,64628.57,64577.48,0.52,True,51.1,0.0791,0.42,0.4,,,[tp 64577.48000],5,Thursday,10.0,64624.95,60.9,above,bull,HH_HL,68.8,inside,65.6,64584.98,122.3,below,bear,LH_LL,-26.5,inside,52.5,64584.98,289.9,below,bear,LH_LL,-130.5,inside,20.1,64564.87,691.3,above,bull,LH_LL,65.2,inside,74.0,False,True,True,False,,,,,,,
2967905748,False,2026-07-16T07:15:12,2026-07-16T14:27:44,25952,432.5,BUY,0.01,64577.91,64661.46,0.83,True,83.5,0.1294,0.64,0.2,,,[tp 64661.46000],7,Thursday,10.0,64593.65,77.8,below,bear,LH_LL,-130.3,inside,4.3,64593.65,127.3,below,bull,LH_LL,-272.3,inside,24.1,64718.97,268.7,below,bear,mixed,28.4,inside,31.2,64564.87,691.3,above,bull,LH_LL,65.2,inside,74.0,False,False,False,True,,,,,,,
2970392422,False,2026-07-16T14:27:45,2026-07-16T14:51:02,1397,23.3,SELL,0.01,64706.880000000005,64601.58,1.05,True,105.3,0.1627,0.48,4.5,,,[tp 64601.58000],14,Thursday,10.0,64557.08,155.6,above,bull,LH_LL,229.2,inside,87.9,64577.17,202.5,above,bull,HH_HL,671.5,breakout_up,123.3,64327.84,341.8,below,bear,HH_HL,256.7,inside,39.4,64196.42,729.8,above,bull,LH_LL,-1168.4,inside,64.3,False,False,True,False,,,,,,,
2970528204,False,2026-07-16T14:51:03,2026-07-16T16:02:13,4270,71.2,SELL,0.01,64594.26,64567.27,0.27,True,27.0,0.0418,0.11,0.4,,,[tp 64567.27000],14,Thursday,10.0,64651.12,168.7,above,bull,HH_HL,94.0,inside,81.7,64692.31,224.0,above,bull,mixed,492.9,inside,88.1,64327.84,341.8,below,bear,HH_HL,256.7,inside,39.4,64196.42,729.8,above,bull,LH_LL,-1168.4,inside,64.3,False,False,True,False,,,,,,,
2970951744,False,2026-07-16T16:02:15,2026-07-18T18:25:02,181367,3022.8,BUY,0.01,64560.25,64615.21,0.55,True,55.0,0.0851,0.2,0.0,73.1,644.1,[tp 64615.21000],16,Thursday,10.0,64656.7,152.5,above,bull,LH_LL,-74.6,inside,67.5,64656.7,286.2,above,bull,mixed,-35.6,inside,81.6,64656.7,365.8,above,bear,mixed,498.7,inside,70.6,64656.7,777.4,above,bull,mixed,-281.5,inside,76.4,True,True,True,True,,,,,,,
2977725336,False,2026-07-18T18:25:03,2026-07-19T04:12:59,35276,587.9,SELL,0.01,64579.61,64568.74,0.11,True,10.9,0.0168,0.1,0.0,153.2,350.4,[tp 64568.74000],18,Saturday,10.0,64568.66,70.1,above,bull,HH_HL,133.8,breakout_up,122.3,64431.14,94.8,above,bull,mixed,178.7,inside,95.9,64434.84,126.7,above,bull,HH_HL,273.0,breakout_up,134.7,64070.71,591.5,above,bull,HH_HL,-40.3,inside,52.0,False,False,False,False,down,159.3,54.9,45.1,0.0,227.0,1000.0
2978086089,False,2026-07-19T04:38:17,2026-07-19T05:29:34,3077,51.3,SELL,0.01,64722.91,64674.98,0.48,True,47.9,0.0741,0.5,0.9,62.6,48.3,[tp 64674.98000],4,Sunday,10.0,64656.42,40.8,below,bear,mixed,58.0,inside,37.1,64662.16,89.4,below,bear,HH_HL,-28.8,inside,28.0,64665.72,183.3,above,bull,LH_LL,-93.5,inside,74.6,64665.72,523.7,above,bull,HH_HL,710.1,inside,74.7,True,True,False,False,up,50.1,93.3,6.7,0.0,66.0,1000.0
2978218745,False,2026-07-19T09:19:17,2026-07-19T10:42:39,5002,83.4,BUY,0.01,64518.24,64608.79,0.91,True,90.6,0.1403,1.37,1.1,98.5,93.3,[tp 64608.79000],9,Sunday,10.0,64608.79,39.8,below,bear,LH_LL,-43.1,inside,19.7,64608.79,62.4,below,bear,LH_LL,-60.0,inside,23.8,64660.12,161.8,above,bull,LH_LL,-5.6,inside,73.4,64668.8,500.2,above,bull,LH_LL,656.6,inside,86.5,False,False,True,True,down,71.8,53.5,0.0,46.5,92.0,1000.0
2978324346,False,2026-07-19T11:01:47,2026-07-19T11:20:25,1118,18.6,BUY,0.01,64494.04,64588.9,0.95,True,94.9,0.1471,1.04,5.1,100.2,16.3,[tp 64588.90000],11,Sunday,10.0,64550.77,46.8,below,bull,LH_LL,-26.3,inside,54.5,64550.77,89.0,below,bear,mixed,76.5,inside,40.6,64550.77,168.1,above,bull,LH_LL,-126.3,inside,59.9,64668.8,500.2,above,bull,LH_LL,656.6,inside,86.5,False,False,True,True,down,46.1,66.6,6.0,27.4,70.0,1000.0
2978397963,False,2026-07-19T12:09:18,2026-07-19T13:33:11,5033,83.9,BUY,0.01,64355.130000000005,64428.83,0.74,True,73.7,0.1145,0.74,0.9,75.4,116.8,[tp 64428.83000],12,Sunday,10.0,64384.13,52.0,below,bear,LH_LL,-98.8,breakout_dn,-3.0,64427.97,93.0,below,bear,LH_LL,-186.8,inside,1.0,64427.97,165.8,below,bull,LH_LL,-238.0,inside,47.0,64427.97,472.9,above,bull,LH_LL,357.3,inside,79.0,False,False,False,True,down,37.6,70.6,14.5,14.9,98.0,1000.0
2978566771,False,2026-07-19T14:47:34,2026-07-19T15:27:20,2386,39.8,SELL,0.01,64553.69,64481.54,0.72,True,72.2,0.1118,0.61,1.8,85.0,62.6,[tp 64481.54000],14,Sunday,10.0,64474.96,62.3,above,bull,mixed,27.8,inside,85.9,64474.96,114.9,above,bear,mixed,118.5,inside,56.6,64426.27,174.1,below,bull,HH_HL,-233.9,inside,28.8,64427.97,472.9,above,bull,LH_LL,357.3,inside,79.0,False,False,True,False,up,67.8,86.0,14.0,0.0,81.0,1000.0
2978637589,False,2026-07-19T16:05:52,2026-07-19T17:01:58,3366,56.1,SELL,0.01,64603.6,64452.47,1.52,True,151.1,0.2339,1.36,2.7,246.7,-21.8,[tp 64452.47000],16,Sunday,10.0,64557.14,52.1,above,bull,mixed,42.6,inside,76.8,64522.74,109.6,above,bull,mixed,47.8,inside,68.1,64522.74,188.5,above,bull,mixed,-28.0,inside,41.1,64522.74,437.1,above,bull,LH_LL,16.5,inside,82.8,False,False,False,False,up,48.9,35.5,64.5,0.0,79.0,1000.0
2978681695,False,2026-07-19T17:02:00,2026-07-19T17:06:22,262,4.4,BUY,0.01,64365.45,64565.4,2.0,True,199.9,0.3106,1.62,45.8,204.8,11.1,[tp 64565.40000],17,Sunday,10.0,64496.03,61.9,below,bull,LH_LL,2.3,inside,31.4,64496.03,107.9,above,bull,LH_LL,-16.5,inside,68.2,64496.03,178.9,below,bull,HH_HL,68.1,inside,37.3,64522.74,437.1,above,bull,LH_LL,16.5,inside,82.8,False,True,False,True,up,104.3,79.2,19.7,1.1,118.0,1000.0
2978700016,False,2026-07-19T17:11:28,2026-07-19T17:42:06,1838,30.6,SELL,0.01,64602.75,64576.33,0.27,True,26.4,0.0409,0.21,0.9,47.2,107.5,[tp 64576.33000],17,Sunday,10.0,64534.79,75.4,above,bull,HH_HL,-11.9,inside,71.3,64496.03,107.9,above,bull,LH_LL,-16.5,inside,68.2,64496.03,178.9,below,bull,HH_HL,68.1,inside,37.3,64522.74,437.1,above,bull,LH_LL,16.5,inside,82.8,False,False,True,False,up,94.5,90.7,9.3,0.1,115.0,1000.0
2978759994,False,2026-07-19T18:03:43,2026-07-19T20:00:26,7003,116.7,BUY,0.01,64421.97,64446.38,0.24,True,24.4,0.0379,0.18,0.2,47.8,184.7,[tp 64446.38000],18,Sunday,10.0,64506.0,78.0,below,bull,LH_LL,-116.3,inside,42.6,64506.0,123.4,below,bull,LH_LL,-40.7,inside,55.5,64506.0,187.9,above,bull,mixed,110.7,inside,38.7,64522.74,437.1,above,bull,LH_LL,16.5,inside,82.8,False,False,True,True,down,60.8,44.6,14.4,41.0,96.0,1000.0
2978854619,False,2026-07-19T20:15:02,2026-07-19T21:31:59,4617,77.0,SELL,0.01,64457.380000000005,64404.09,0.53,True,53.3,0.0827,0.43,0.7,64.4,58.4,[tp 64404.09000],20,Sunday,10.0,64453.46,45.7,above,bull,HH_HL,95.8,inside,73.5,64453.46,125.8,above,bear,HH_HL,79.8,inside,45.7,64404.1,192.3,below,bear,mixed,-139.5,inside,24.1,64404.1,419.6,above,bull,mixed,-390.5,inside,78.7,False,False,True,False,down,9.6,51.0,49.0,0.0,50.0,1000.0
2978907306,False,2026-07-19T21:40:35,2026-07-19T22:01:38,1263,21.1,BUY,0.01,64351.02,64511.6,1.61,True,160.6,0.2495,1.81,7.6,180.0,65.8,[tp 64511.60000],21,Sunday,10.0,64380.84,44.1,below,bear,LH_LL,-98.2,inside,19.3,64423.93,99.3,below,bear,LH_LL,-29.5,inside,39.5,64487.0,194.5,above,bear,HH_HL,-35.7,inside,36.0,64404.1,419.6,above,bull,mixed,-390.5,inside,78.7,False,False,True,True,down,76.4,80.0,0.1,19.9,88.0,1000.0
2978937091,False,2026-07-19T22:01:39,2026-07-20T05:01:23,25184,419.7,SELL,0.01,64511.89,64480.31,0.32,True,31.6,0.049,0.3,0.1,222.4,545.9,[tp 64480.31000],22,Sunday,10.0,64364.82,54.8,below,bear,LH_LL,-12.9,inside,32.7,64364.82,88.3,below,bear,LH_LL,-82.0,inside,27.0,64364.82,203.1,below,bear,mixed,-131.2,inside,18.4,64404.1,419.6,above,bull,mixed,-390.5,inside,78.7,True,True,True,False,up,150.3,64.3,26.1,9.6,150.0,1000.0
2982120823,False,2026-07-20T13:52:32,2026-07-20T14:27:53,2121,35.4,BUY,0.01,64517.93,64353.130000000005,-1.65,False,-164.8,-0.2554,-0.72,-4.7,-28.1,517.3,,13,Monday,10.0,64661.66,125.2,above,bull,mixed,90.2,inside,60.5,64590.32,201.9,above,bull,mixed,-45.9,inside,64.3,64588.25,435.0,above,bull,mixed,374.1,inside,65.4,64931.19,490.2,above,bull,HH_HL,408.5,inside,95.1,True,True,True,True,down,137.0,77.8,5.1,17.0,192.0,1000.0
2982318123,False,2026-07-20T14:16:53,2026-07-20T14:27:52,659,11.0,BUY,0.01,64201.44,64351.87,1.51,True,150.4,0.2343,0.57,13.7,155.4,200.8,,14,Monday,10.0,64261.31,175.5,below,bear,LH_LL,-400.4,inside,23.1,64261.31,239.5,below,bull,mixed,-326.9,inside,29.4,64278.52,460.8,below,bear,LH_LL,284.9,inside,42.6,64931.19,490.2,above,bull,HH_HL,408.5,inside,95.1,False,False,False,True,down,104.7,79.8,13.9,6.3,130.0,1000.0
2982403073,False,2026-07-20T14:30:01,2026-07-20T14:50:00,1199,20.0,SELL,0.01,64403.3,64275.62,1.27,True,127.7,0.1983,0.48,6.4,151.6,109.6,[tp 64275.62000],14,Monday,10.0,64403.0,207.2,below,bear,HH_HL,37.6,inside,57.3,64403.0,263.8,below,bull,LH_LL,-222.4,inside,38.4,64278.52,460.8,below,bear,LH_LL,284.9,inside,42.6,64931.19,490.2,above,bull,HH_HL,408.5,inside,95.1,True,True,True,False,up,94.0,42.5,30.5,27.1,147.0,1000.0
2982524484,False,2026-07-20T14:50:02,2026-07-20T15:03:02,780,13.0,BUY,0.01,64261.76,64482.51,2.21,True,220.8,0.3435,0.79,17.0,287.3,37.5,[tp 64482.51000],14,Monday,10.0,64274.9,208.3,below,bear,mixed,4.4,inside,39.1,64355.48,264.7,below,bull,HH_HL,-145.1,inside,34.9,64278.52,460.8,below,bear,LH_LL,284.9,inside,42.6,64931.19,490.2,above,bull,HH_HL,408.5,inside,95.1,False,False,False,True,up,67.2,22.7,44.9,32.4,132.0,1000.0
2982607776,False,2026-07-20T15:03:06,2026-07-21T19:57:18,104052,1734.2,SELL,0.01,64518.74,66431.58,-19.13,False,-1912.8,-2.9648,-6.87,-1.1,49.4,2400.7,,15,Monday,10.0,64346.55,186.7,below,bear,HH_HL,-37.8,inside,49.3,64346.55,279.1,below,bear,mixed,-243.8,inside,34.0,64346.55,447.7,below,bear,LH_LL,213.0,inside,47.6,64931.19,490.2,above,bull,HH_HL,408.5,inside,95.1,True,True,True,False,up,89.4,18.3,81.7,0.0,168.0,1000.0
2982718920,False,2026-07-20T15:19:54,2026-07-20T19:13:27,14013,233.6,SELL,0.01,64942.32,65086.36,-1.44,False,-144.0,-0.2218,-0.53,-0.6,192.3,817.8,,15,Monday,10.0,64909.83,175.1,above,bull,HH_HL,634.9,breakout_up,121.3,64909.83,278.4,above,bull,HH_HL,631.3,inside,89.4,64346.55,447.7,below,bear,LH_LL,213.0,inside,47.6,64931.19,490.2,above,bull,HH_HL,408.5,inside,95.1,False,False,True,False,up,61.0,51.5,8.5,40.0,105.0,1000.0
2982823882,False,2026-07-20T15:46:03,2026-07-20T19:13:27,12444,207.4,SELL,0.01,65257.61,65084.17,1.74,True,173.4,0.2658,0.56,0.8,187.5,502.5,,15,Monday,10.0,65184.27,169.8,above,bull,HH_HL,246.3,breakout_up,122.9,65184.27,285.0,above,bull,mixed,781.3,breakout_up,116.4,64346.55,447.7,below,bear,LH_LL,213.0,inside,47.6,64931.19,490.2,above,bull,HH_HL,408.5,inside,95.1,False,False,True,False,up,126.9,100.0,0.0,0.0,237.0,1000.0
2984240969,False,2026-07-21T00:32:32,2026-07-21T19:57:17,69885,1164.8,SELL,0.01,65407.92,66424.73,-10.17,False,-1016.8,-1.5546,-8.04,-0.9,282.8,1511.5,,0,Tuesday,10.0,65309.59,80.2,above,bull,HH_HL,121.7,inside,78.1,65309.59,119.0,above,bull,mixed,199.9,inside,77.5,65206.28,450.8,above,bull,mixed,8.3,inside,73.1,65206.28,649.3,above,bull,mixed,392.4,inside,83.2,False,False,False,False,down,80.8,36.8,38.3,24.9,102.0,1000.0
2988709898,False,2026-07-21T19:57:21,2026-07-21T20:04:11,410,6.8,SELL,0.01,66419.98,66398.39,0.22,True,21.6,0.0325,0.13,3.2,95.8,26.6,,19,Tuesday,10.0,66415.73,70.6,above,bull,mixed,45.4,inside,86.4,66425.91,168.4,above,bear,HH_HL,231.9,inside,50.5,66281.38,346.3,above,bull,mixed,-445.7,inside,66.1,66647.44,704.0,above,bull,HH_HL,1549.2,breakout_up,110.0,False,False,False,False,down,23.4,28.9,65.8,5.3,67.0,1000.0
3024562076,True,2026-07-30T12:16:07,2026-07-30T12:16:09,2,0.0,BUY,0.01,64923.39,64899.44,-0.24,False,-23.9,-0.0369,-0.18,-718.5,,,fee test close,12,Thursday,10.0,64898.87,86.2,above,bull,HH_HL,315.0,breakout_up,117.5,64898.87,128.8,above,bull,HH_HL,420.2,breakout_up,109.4,64711.57,294.8,above,bull,mixed,799.0,breakout_up,106.3,64711.57,730.0,above,bear,HH_HL,847.8,inside,67.9,True,True,True,True,down,78.0,64.3,16.2,19.5,91.0,1000.0
3024569407,True,2026-07-30T12:17:42,2026-07-30T12:17:43,1,0.0,BUY,0.01,64847.2,64837.2,-0.1,False,-10.0,-0.0154,-0.07,-600.0,,,feeN close,12,Thursday,10.0,64898.87,86.2,above,bull,HH_HL,315.0,breakout_up,117.5,64898.87,128.8,above,bull,HH_HL,420.2,breakout_up,109.4,64711.57,294.8,above,bull,mixed,799.0,breakout_up,106.3,64711.57,730.0,above,bear,HH_HL,847.8,inside,67.9,True,True,True,True,down,23.4,87.6,0.0,12.4,66.0,1000.0
3024569523,True,2026-07-30T12:17:45,2026-07-30T12:17:46,1,0.0,BUY,0.01,64845.05,64826.82,-0.18,False,-18.2,-0.0281,-0.13,-1093.8,,,feeN close,12,Thursday,10.0,64898.87,86.2,above,bull,HH_HL,315.0,breakout_up,117.5,64898.87,128.8,above,bull,HH_HL,420.2,breakout_up,109.4,64711.57,294.8,above,bull,mixed,799.0,breakout_up,106.3,64711.57,730.0,above,bear,HH_HL,847.8,inside,67.9,True,True,True,True,down,23.4,87.6,0.0,12.4,66.0,1000.0
3024569709,True,2026-07-30T12:17:48,2026-07-30T12:17:49,1,0.0,BUY,0.01,64836.4,64825.99,-0.1,False,-10.4,-0.0161,-0.08,-624.6,,,feeN close,12,Thursday,10.0,64898.87,86.2,above,bull,HH_HL,315.0,breakout_up,117.5,64898.87,128.8,above,bull,HH_HL,420.2,breakout_up,109.4,64711.57,294.8,above,bull,mixed,799.0,breakout_up,106.3,64711.57,730.0,above,bear,HH_HL,847.8,inside,67.9,True,True,True,True,down,23.4,87.6,0.0,12.4,66.0,1000.0
3024569879,True,2026-07-30T12:17:50,2026-07-30T12:17:51,1,0.0,BUY,0.01,64836.4,64827.2,-0.09,False,-9.2,-0.0142,-0.07,-552.0,,,feeN close,12,Thursday,10.0,64898.87,86.2,above,bull,HH_HL,315.0,breakout_up,117.5,64898.87,128.8,above,bull,HH_HL,420.2,breakout_up,109.4,64711.57,294.8,above,bull,mixed,799.0,breakout_up,106.3,64711.57,730.0,above,bear,HH_HL,847.8,inside,67.9,True,True,True,True,down,23.4,87.6,0.0,12.4,66.0,1000.0
3024570040,True,2026-07-30T12:17:52,2026-07-30T12:17:53,1,0.0,BUY,0.01,64836.77,64828.27,-0.09,False,-8.5,-0.0131,-0.06,-510.0,,,feeN close,12,Thursday,10.0,64898.87,86.2,above,bull,HH_HL,315.0,breakout_up,117.5,64898.87,128.8,above,bull,HH_HL,420.2,breakout_up,109.4,64711.57,294.8,above,bull,mixed,799.0,breakout_up,106.3,64711.57,730.0,above,bear,HH_HL,847.8,inside,67.9,True,True,True,True,down,23.4,87.6,0.0,12.4,66.0,1000.0
3024570494,True,2026-07-30T12:17:54,2026-07-30T12:17:55,1,0.0,BUY,0.01,64841.9,64832.630000000005,-0.09,False,-9.3,-0.0143,-0.07,-556.2,,,feeN close,12,Thursday,10.0,64898.87,86.2,above,bull,HH_HL,315.0,breakout_up,117.5,64898.87,128.8,above,bull,HH_HL,420.2,breakout_up,109.4,64711.57,294.8,above,bull,mixed,799.0,breakout_up,106.3,64711.57,730.0,above,bear,HH_HL,847.8,inside,67.9,True,True,True,True,down,23.4,87.6,0.0,12.4,66.0,1000.0
3024571248,True,2026-07-30T12:17:56,2026-07-30T12:17:57,1,0.0,BUY,0.01,64838.91,64828.91,-0.1,False,-10.0,-0.0154,-0.07,-600.0,,,feeN close,12,Thursday,10.0,64898.87,86.2,above,bull,HH_HL,315.0,breakout_up,117.5,64898.87,128.8,above,bull,HH_HL,420.2,breakout_up,109.4,64711.57,294.8,above,bull,mixed,799.0,breakout_up,106.3,64711.57,730.0,above,bear,HH_HL,847.8,inside,67.9,True,True,True,True,down,23.4,87.6,0.0,12.4,66.0,1000.0
3024571438,True,2026-07-30T12:17:58,2026-07-30T12:17:58,0,0.0,BUY,0.01,64838.9,64828.9,-0.1,False,-10.0,-0.0154,-0.07,,,,feeN close,12,Thursday,10.0,64898.87,86.2,above,bull,HH_HL,315.0,breakout_up,117.5,64898.87,128.8,above,bull,HH_HL,420.2,breakout_up,109.4,64711.57,294.8,above,bull,mixed,799.0,breakout_up,106.3,64711.57,730.0,above,bear,HH_HL,847.8,inside,67.9,True,True,True,True,down,23.4,87.6,0.0,12.4,66.0,1000.0
3024571633,True,2026-07-30T12:18:00,2026-07-30T12:18:00,0,0.0,BUY,0.01,64838.89,64828.9,-0.1,False,-10.0,-0.0154,-0.07,,13.0,35.5,feeN close,12,Thursday,10.0,64898.87,86.2,above,bull,HH_HL,315.0,breakout_up,117.5,64898.87,128.8,above,bull,HH_HL,420.2,breakout_up,109.4,64711.57,294.8,above,bull,mixed,799.0,breakout_up,106.3,64711.57,730.0,above,bear,HH_HL,847.8,inside,67.9,True,True,True,True,up,48.5,25.9,21.4,52.6,73.0,1000.0
3024571917,True,2026-07-30T12:18:02,2026-07-30T12:18:02,0,0.0,BUY,0.01,64836.09,64826.09,-0.1,False,-10.0,-0.0154,-0.07,,,,feeN close,12,Thursday,10.0,64898.87,86.2,above,bull,HH_HL,315.0,breakout_up,117.5,64898.87,128.8,above,bull,HH_HL,420.2,breakout_up,109.4,64711.57,294.8,above,bull,mixed,799.0,breakout_up,106.3,64711.57,730.0,above,bear,HH_HL,847.8,inside,67.9,True,True,True,True,up,48.5,25.9,21.4,52.6,73.0,1000.0
3024572054,True,2026-07-30T12:18:04,2026-07-30T12:18:05,1,0.0,BUY,0.01,64830.41,64820.41,-0.1,False,-10.0,-0.0154,-0.07,-600.0,,,feeN close,12,Thursday,10.0,64898.87,86.2,above,bull,HH_HL,315.0,breakout_up,117.5,64898.87,128.8,above,bull,HH_HL,420.2,breakout_up,109.4,64711.57,294.8,above,bull,mixed,799.0,breakout_up,106.3,64711.57,730.0,above,bear,HH_HL,847.8,inside,67.9,True,True,True,True,up,48.5,25.9,21.4,52.6,73.0,1000.0
3024572233,True,2026-07-30T12:18:06,2026-07-30T12:18:06,0,0.0,BUY,0.01,64828.1,64818.1,-0.1,False,-10.0,-0.0154,-0.07,,,,feeN close,12,Thursday,10.0,64898.87,86.2,above,bull,HH_HL,315.0,breakout_up,117.5,64898.87,128.8,above,bull,HH_HL,420.2,breakout_up,109.4,64711.57,294.8,above,bull,mixed,799.0,breakout_up,106.3,64711.57,730.0,above,bear,HH_HL,847.8,inside,67.9,True,True,True,True,up,48.5,25.9,21.4,52.6,73.0,1000.0
3026790764,False,2026-07-30T17:21:29,2026-07-30T18:16:19,3290,54.8,BUY,0.01,64847.28,64726.26,-1.21,False,-121.0,-0.1866,-0.66,-2.2,80.5,146.8,KL-close,17,Thursday,10.0,64825.13,75.0,above,bull,HH_HL,61.7,inside,74.9,64725.16,183.5,above,bull,HH_HL,75.0,inside,34.2,64743.49,281.6,above,bull,HH_HL,31.9,inside,81.1,64650.13,738.8,above,bull,HH_HL,1141.5,inside,65.9,True,True,True,True,down,32.0,52.7,6.2,41.2,67.0,1000.0
3027083591,False,2026-07-30T19:03:37,2026-07-30T19:06:55,198,3.3,SELL,0.01,64697.0,64763.15,-0.66,False,-66.2,-0.1022,-0.52,-20.0,4.9,69.4,[sl 64762.00],19,Thursday,10.0,64629.31,47.6,below,bear,LH_LL,-73.7,inside,4.3,64629.31,126.4,below,bull,LH_LL,-256.0,inside,17.8,64629.31,287.9,above,bull,LH_LL,-328.7,inside,70.1,64650.13,738.8,above,bull,HH_HL,1141.5,inside,65.9,True,True,False,False,up,39.6,68.5,31.5,0.0,62.0,1000.0
3027323289,False,2026-07-30T19:50:42,2026-07-30T19:51:40,58,1.0,SELL,0.01,64751.9,64802.72,-0.51,False,-50.8,-0.0785,-0.45,-52.6,-3.4,42.9,KL-close,19,Thursday,10.0,64717.48,57.0,below,bull,LH_LL,-53.7,inside,45.8,64766.21,113.8,above,bull,mixed,34.5,inside,59.8,64629.31,287.9,above,bull,LH_LL,-328.7,inside,70.1,64650.13,738.8,above,bull,HH_HL,1141.5,inside,65.9,True,False,False,False,up,60.9,84.0,2.3,13.7,89.0,1000.0
3027350848,False,2026-07-30T19:59:09,2026-07-30T20:01:54,165,2.8,SELL,0.01,64751.9,64870.0,-1.18,False,-118.1,-0.1824,-1.05,-42.9,41.9,112.2,[sl 64870.00000],19,Thursday,10.0,64751.46,60.9,above,bull,HH_HL,-58.6,inside,61.0,64766.21,113.8,above,bull,mixed,34.5,inside,59.8,64629.31,287.9,above,bull,LH_LL,-328.7,inside,70.1,64650.13,738.8,above,bull,HH_HL,1141.5,inside,65.9,False,False,False,False,down,44.6,7.4,50.5,42.1,97.0,1000.0
3027541590,False,2026-07-30T22:00:18,2026-07-30T22:07:46,448,7.5,BUY,0.01,64625.0,64820.0,1.95,True,195.0,0.3017,1.69,26.1,199.5,-25.1,[tp 64820.00000],22,Thursday,10.0,64667.65,39.6,below,bear,mixed,-10.0,inside,6.8,64667.65,100.5,below,bear,LH_LL,-139.2,inside,16.9,64667.65,279.7,above,bull,LH_LL,-75.8,inside,70.9,64733.05,738.9,above,bull,mixed,840.0,inside,69.5,False,False,True,True,down,77.7,22.3,0.0,77.7,106.0,1000.0
3027600123,False,2026-07-30T23:50:51,2026-07-31T00:52:05,3674,61.2,BUY,0.01,64720.38,64661.42,-0.59,False,-59.0,-0.0911,-0.44,-1.0,124.4,85.2,KL-close,23,Thursday,10.0,64829.14,77.2,below,bull,mixed,-33.9,inside,36.1,64763.34,129.6,below,bull,mixed,-178.1,inside,47.0,64789.68,278.8,above,bull,mixed,-19.1,inside,75.3,64733.05,738.9,above,bull,mixed,840.0,inside,69.5,False,False,True,True,down,149.5,97.1,1.1,1.7,98.0,1000.0
3028590824,False,2026-07-31T06:29:36,2026-07-31T06:32:41,185,3.1,SELL,0.01,64355.06,64434.78,-0.8,False,-79.7,-0.1239,-0.72,-25.9,-12.9,82.1,[sl 64430.06000],6,Friday,10.0,64307.62,49.4,above,bull,HH_HL,17.6,inside,70.0,64311.43,114.0,below,bear,HH_HL,74.1,inside,17.1,64290.05,297.3,below,bear,mixed,-365.9,inside,15.4,64299.36,720.8,above,bull,mixed,378.9,inside,67.4,False,True,True,False,up,86.6,80.7,6.3,13.0,90.0,1000.0
3029584729,False,2026-07-31T10:33:42,2026-07-31T10:52:12,1110,18.5,SELL,0.01,63780.0,63866.28,-0.86,False,-86.3,-0.1353,-0.72,-4.7,19.7,81.9,[sl 63865.00000],10,Friday,10.0,63752.67,58.1,above,bear,HH_HL,158.9,inside,71.2,63752.67,130.9,below,bear,HH_HL,15.2,inside,24.4,63649.38,309.7,below,bear,LH_LL,-588.0,breakout_dn,-5.2,63873.44,728.9,below,bull,LH_LL,-838.1,inside,45.7,False,True,True,True,up,36.9,39.9,60.1,0.0,70.0,1000.0
3029753881,False,2026-07-31T11:33:36,2026-07-31T12:04:17,1841,30.7,BUY,0.01,63807.16,63695.96,-1.11,False,-111.2,-0.1743,-0.99,-3.6,21.8,120.6,[sl 63698.00000],11,Friday,10.0,63833.9,61.3,above,bull,mixed,-97.7,inside,73.2,63833.9,115.9,below,bear,LH_LL,176.2,inside,33.4,63849.2,321.4,below,bear,mixed,-440.9,inside,16.0,63873.44,728.9,below,bull,LH_LL,-838.1,inside,45.7,True,False,False,False,down,33.9,55.7,7.6,36.6,69.0,1000.0
3030511807,False,2026-07-31T13:38:24,2026-07-31T13:41:56,212,3.5,BUY,0.01,63541.45,63430.52,-1.1,False,-110.9,-0.1746,-0.9,-31.4,40.3,148.2,[sl 63445.00000],13,Friday,10.0,63636.39,84.2,below,bear,LH_LL,-18.6,inside,37.8,63753.21,106.5,below,bear,HH_HL,100.1,inside,53.6,63675.61,319.5,below,bear,LH_LL,-197.8,inside,7.9,63736.79,719.0,below,bear,LH_LL,-913.3,inside,40.7,False,False,False,False,down,87.9,29.2,1.6,69.2,120.0,1000.0
3031306654,False,2026-07-31T15:37:48,2026-07-31T16:08:53,1865,31.1,SELL,0.01,62626.64,62770.0,-1.43,False,-143.4,-0.2289,-0.6,-4.6,89.4,162.6,[sl 62770.00000],15,Friday,10.0,62526.89,132.3,below,bear,HH_HL,-19.4,inside,16.8,62490.89,234.8,below,bear,LH_LL,-119.4,inside,8.3,62606.03,383.8,below,bear,LH_LL,-1043.3,breakout_dn,-25.3,63736.79,719.0,below,bear,LH_LL,-913.3,inside,40.7,True,True,True,True,up,88.8,57.6,42.4,0.0,104.0,1000.0
3031888392,False,2026-07-31T18:29:17,2026-07-31T18:38:20,543,9.1,BUY,0.01,62997.84,62928.69,-0.69,False,-69.1,-0.1098,-0.41,-7.6,32.5,69.1,[sl 62929.84000],18,Friday,10.0,63095.0,82.8,above,bull,HH_HL,-79.1,inside,72.1,63079.47,171.8,above,bear,HH_HL,286.7,inside,51.3,63174.07,341.9,below,bear,HH_HL,-501.5,inside,27.2,62629.28,748.8,below,bear,LH_LL,-2103.8,inside,0.1,True,True,False,False,down,33.8,85.1,0.0,14.9,74.0,1000.0
3031946049,False,2026-07-31T18:45:14,2026-07-31T18:49:04,230,3.8,SELL,0.01,62975.68,63051.02,-0.75,False,-75.3,-0.1196,-0.47,-19.7,22.6,72.9,[sl 63050.00],18,Friday,10.0,62960.49,81.4,below,bull,LH_LL,-143.1,inside,45.9,62960.49,164.4,below,bear,LH_LL,65.1,inside,43.1,63174.07,341.9,below,bear,HH_HL,-501.5,inside,27.2,62629.28,748.8,below,bear,LH_LL,-2103.8,inside,0.1,True,True,True,True,up,30.0,28.1,45.9,26.1,73.0,1000.0
3031966287,False,2026-07-31T18:50:55,2026-07-31T18:53:14,139,2.3,SELL,0.01,63030.35,63098.83,-0.69,False,-68.5,-0.1086,-0.43,-29.6,-0.5,80.0,[sl 63090.35],18,Friday,10.0,63006.24,83.2,above,bull,HH_HL,-88.8,inside,54.8,62960.49,164.4,below,bear,LH_LL,65.1,inside,43.1,63174.07,341.9,below,bear,HH_HL,-501.5,inside,27.2,62629.28,748.8,below,bear,LH_LL,-2103.8,inside,0.1,False,True,True,True,up,41.6,54.0,15.7,30.2,68.0,1000.0
3031975506,False,2026-07-31T18:57:40,2026-07-31T19:04:14,394,6.6,BUY,0.01,63040.35,62980.35,-0.6,False,-60.0,-0.0952,-0.38,-9.1,53.8,72.0,[sl 62980.35000],18,Friday,10.0,63062.05,88.9,above,bull,HH_HL,81.3,inside,63.2,62960.49,164.4,below,bear,LH_LL,65.1,inside,43.1,63174.07,341.9,below,bear,HH_HL,-501.5,inside,27.2,62629.28,748.8,below,bear,LH_LL,-2103.8,inside,0.1,True,False,False,False,down,45.5,58.3,33.7,8.0,74.0,1000.0
3031999878,False,2026-07-31T19:05:22,2026-07-31T19:36:10,1848,30.8,BUY,0.01,62963.12,62880.35,-0.83,False,-82.8,-0.1315,-0.54,-2.7,47.1,82.8,[sl 62888.75000],19,Friday,10.0,62968.37,86.1,below,bull,mixed,60.7,inside,38.9,63022.42,158.7,above,bear,HH_HL,27.3,inside,60.4,63022.42,352.1,below,bear,HH_HL,-170.2,inside,22.1,62629.28,748.8,below,bear,LH_LL,-2103.8,inside,0.1,False,True,False,False,up,35.8,52.0,1.4,46.7,70.0,1000.0
3032059833,False,2026-07-31T19:37:04,2026-07-31T19:47:01,597,9.9,BUY,0.01,62898.75,62982.15,0.83,True,83.4,0.1326,0.59,8.4,88.3,42.8,[tp 62982.15000],19,Friday,10.0,62933.04,78.7,below,bear,LH_LL,-49.8,inside,12.7,62943.49,148.6,below,bear,LH_LL,-136.0,inside,65.2,63022.42,352.1,below,bear,HH_HL,-170.2,inside,22.1,62629.28,748.8,below,bear,LH_LL,-2103.8,inside,0.1,False,False,False,False,up,34.2,10.0,7.1,83.0,80.0,1000.0
3032081330,False,2026-07-31T19:48:02,2026-07-31T19:59:08,666,11.1,BUY,0.01,62971.48,62904.0,-0.67,False,-67.5,-0.1072,-0.49,-6.1,-11.9,88.8,[sl 62904.00000],19,Friday,10.0,62925.59,77.1,below,bear,LH_LL,-45.9,inside,14.7,62925.59,140.9,below,bear,LH_LL,-55.1,inside,63.1,63022.42,352.1,below,bear,HH_HL,-170.2,inside,22.1,62629.28,748.8,below,bear,LH_LL,-2103.8,inside,0.1,False,False,False,False,down,31.4,91.1,0.0,8.9,71.0,1000.0
3032105672,False,2026-07-31T19:59:51,2026-07-31T21:02:20,3749,62.5,BUY,0.01,62898.75,62831.47,-0.68,False,-67.3,-0.107,-0.49,-1.1,67.4,124.5,[sl 62843.55000],19,Friday,10.0,62946.32,69.1,below,bear,LH_LL,2.8,inside,30.3,62925.59,140.9,below,bear,LH_LL,-55.1,inside,63.1,63022.42,352.1,below,bear,HH_HL,-170.2,inside,22.1,62629.28,748.8,below,bear,LH_LL,-2103.8,inside,0.1,False,False,False,False,down,40.9,28.5,0.0,71.5,102.0,1000.0
3032322328,False,2026-08-01T04:49:16,2026-08-01T05:09:24,1208,20.1,SELL,0.01,63005.0,63059.37,-0.54,False,-54.4,-0.0863,-0.97,-2.7,12.8,51.9,[sl 63058.00000],4,Saturday,10.0,62992.43,24.2,above,bull,HH_HL,30.0,inside,80.9,62992.43,57.8,above,bull,HH_HL,38.0,inside,79.1,62935.22,262.4,below,bear,mixed,51.9,inside,31.6,62935.22,645.8,below,bear,HH_HL,-938.2,inside,19.2,False,False,True,True,up,38.6,65.0,35.0,0.0,63.0,1000.0
3032554661,False,2026-08-01T14:59:49,2026-08-01T15:19:11,1162,19.4,SELL,0.01,63056.0,63017.0,0.39,True,39.0,0.0618,1.17,2.0,52.0,5.4,[tp 63017.00000],14,Saturday,10.0,63018.65,26.6,below,bull,LH_LL,-28.6,inside,42.8,63047.83,33.6,above,bull,mixed,21.7,inside,87.2,63004.35,102.6,below,bear,LH_LL,-52.0,inside,54.5,63010.32,548.6,below,bear,mixed,381.0,inside,21.7,True,False,True,True,up,25.7,75.7,21.5,2.8,61.0,1000.0
3032581047,False,2026-08-01T15:26:22,2026-08-01T15:48:59,1357,22.6,BUY,0.01,63006.0,62977.28,-0.29,False,-28.7,-0.0456,-0.82,-1.3,3.0,28.7,[sl 62978.00000],15,Saturday,10.0,63008.07,25.4,below,bear,LH_LL,-48.3,inside,30.4,63040.91,32.5,above,bull,mixed,36.6,inside,82.6,63056.4,97.7,below,bear,HH_HL,59.9,inside,60.9,63010.32,548.6,below,bear,mixed,381.0,inside,21.7,False,True,False,False,down,5.3,38.0,15.4,46.7,50.0,1000.0
3032610473,False,2026-08-01T16:04:50,2026-08-01T16:06:09,79,1.3,BUY,0.01,62925.63,62892.49,-0.34,False,-33.1,-0.0527,-0.81,-25.2,-7.9,33.1,[sl 62892.83000],16,Saturday,10.0,62936.85,23.8,below,bear,LH_LL,-60.4,breakout_dn,-22.5,62936.85,35.9,below,bear,LH_LL,-111.0,breakout_dn,-33.5,62936.85,101.4,below,bear,LH_LL,-59.9,inside,51.1,62936.85,538.0,below,bear,mixed,25.0,inside,19.3,False,False,False,False,up,14.6,11.5,86.4,2.1,56.0,1000.0
3032722239,False,2026-08-01T18:03:33,2026-08-01T18:03:52,19,0.3,BUY,0.05,62600.28,62549.32,-2.54,False,-51.0,-0.0814,-0.6,-160.9,,,[sl 62560.28],18,Saturday,10.0,62646.29,72.2,below,bear,mixed,-54.6,inside,15.2,62646.29,78.9,below,bear,LH_LL,-256.3,breakout_dn,-5.7,62646.29,118.6,below,bear,LH_LL,-386.3,breakout_dn,-39.9,62936.85,538.0,below,bear,mixed,25.0,inside,19.3,False,False,False,False,down,70.2,37.2,15.9,46.9,93.0,1000.0
3032829322,False,2026-08-01T19:19:33,2026-08-01T19:20:54,81,1.4,BUY,0.05,62537.33,62495.62,-2.09,False,-41.7,-0.0667,-0.29,-30.9,-5.9,41.7,[sl 62497.33],19,Saturday,10.0,62487.64,112.4,below,bear,LH_LL,180.3,inside,49.6,62487.64,143.0,below,bear,HH_HL,-158.7,inside,33.8,62520.43,144.9,below,bear,LH_LL,-483.9,breakout_dn,-14.0,62936.85,538.0,below,bear,mixed,25.0,inside,19.3,False,False,False,False,down,53.0,39.9,35.7,24.4,77.0,1000.0
3032830769,False,2026-08-01T19:22:06,2026-08-01T19:27:14,308,5.1,BUY,0.05,62463.63,62483.63,1.0,True,20.0,0.032,0.13,3.9,22.7,38.5,[tp 62483.63000],19,Saturday,10.0,62522.13,115.6,below,bear,mixed,123.4,inside,57.8,62487.64,143.0,below,bear,HH_HL,-158.7,inside,33.8,62520.43,144.9,below,bear,LH_LL,-483.9,breakout_dn,-14.0,62936.85,538.0,below,bear,mixed,25.0,inside,19.3,False,False,False,False,down,31.1,48.5,14.3,37.2,79.0,1000.0
3032838295,False,2026-08-01T19:33:43,2026-08-01T19:34:07,24,0.4,BUY,0.05,62463.63,62483.63,1.0,True,20.0,0.032,0.13,50.0,27.9,19.5,[tp 62483.63000],19,Saturday,10.0,62487.42,114.4,below,bear,mixed,-59.4,inside,52.1,62487.42,148.9,below,bear,LH_LL,-165.0,inside,33.9,62520.43,144.9,below,bear,LH_LL,-483.9,breakout_dn,-14.0,62936.85,538.0,below,bear,mixed,25.0,inside,19.3,False,False,False,False,down,63.0,55.0,26.5,18.5,82.0,1000.0
3032844367,False,2026-08-01T19:37:24,2026-08-01T19:38:57,93,1.6,BUY,0.05,62435.15,62395.07,-2.01,False,-40.1,-0.0642,-0.26,-25.9,-5.6,40.1,[sl 62395.15000],19,Saturday,10.0,62448.54,114.0,below,bear,mixed,-80.3,inside,46.7,62487.42,148.9,below,bear,LH_LL,-165.0,inside,33.9,62520.43,144.9,below,bear,LH_LL,-483.9,breakout_dn,-14.0,62936.85,538.0,below,bear,mixed,25.0,inside,19.3,False,False,False,False,down,45.2,67.4,9.9,22.7,76.0,1000.0
3032848479,False,2026-08-01T19:40:02,2026-08-01T19:49:40,578,9.6,SELL,0.05,62425.15,62469.19,-2.2,False,-44.0,-0.0705,-0.29,-4.6,28.7,38.6,[sl 62465.15],19,Saturday,10.0,62412.77,114.4,below,bear,LH_LL,-74.9,inside,45.6,62487.42,148.9,below,bear,LH_LL,-165.0,inside,33.9,62520.43,144.9,below,bear,LH_LL,-483.9,breakout_dn,-14.0,62936.85,538.0,below,bear,mixed,25.0,inside,19.3,True,True,True,True,down,16.4,3.2,93.4,3.3,62.0,1000.0
3032949438,False,2026-08-02T00:03:41,2026-08-02T00:09:54,373,6.2,SELL,0.05,62819.96,62865.37,-2.27,False,-45.4,-0.0723,-0.62,-7.3,2.5,35.4,[sl 62859.96000],0,Sunday,10.0,62756.83,31.4,above,bull,HH_HL,39.4,inside,51.2,62756.83,71.6,above,bull,HH_HL,-28.5,inside,89.6,62756.83,162.4,below,bear,LH_LL,236.4,inside,62.9,62756.83,513.5,below,bear,mixed,-178.4,inside,17.8,False,False,True,True,up,53.5,87.5,12.5,0.0,71.0,1000.0
3033020716,False,2026-08-02T00:34:52,2026-08-02T00:37:46,174,2.9,BUY,0.05,62829.96,62787.48,-2.13,False,-42.5,-0.0676,-0.61,-14.6,-14.5,42.5,[sl 62789.96],0,Sunday,10.0,62824.53,39.6,above,bull,LH_LL,-5.2,inside,57.6,62824.53,75.7,above,bull,mixed,77.8,inside,82.3,62756.83,162.4,below,bear,LH_LL,236.4,inside,62.9,62756.83,513.5,below,bear,mixed,-178.4,inside,17.8,True,True,False,False,down,38.5,55.2,43.3,1.5,60.0,1000.0
3033107491,False,2026-08-02T04:20:30,2026-08-02T04:56:31,2161,36.0,SELL,0.05,63488.13,63529.53,-2.07,False,-41.4,-0.0652,-0.28,-1.1,42.8,59.4,[sl 63508.13000],4,Sunday,10.0,63451.13,56.0,above,bull,LH_LL,80.0,inside,84.2,63464.74,147.6,above,bull,HH_HL,79.4,inside,96.7,63390.64,228.3,above,bull,mixed,620.4,inside,92.3,63390.64,544.8,below,bear,HH_HL,401.8,inside,37.9,False,False,False,True,up,42.3,73.1,26.9,0.0,70.0,1000.0
3033124262,False,2026-08-02T05:15:19,2026-08-02T05:15:31,12,0.2,BUY,0.05,63398.0,63376.14,-1.09,False,-21.9,-0.0345,-0.15,-109.3,,,[sl 63378.00],5,Sunday,10.0,63410.93,44.2,below,bull,LH_LL,-51.6,inside,25.4,63410.93,143.3,above,bull,mixed,20.3,inside,83.1,63506.84,234.6,above,bull,HH_HL,750.0,breakout_up,101.2,63390.64,544.8,below,bear,HH_HL,401.8,inside,37.9,False,True,True,False,down,36.5,74.3,2.4,23.3,67.0,1000.0
3033126564,False,2026-08-02T05:32:18,2026-08-02T05:35:18,180,3.0,BUY,0.05,63398.77,63365.2,-1.68,False,-33.6,-0.053,-0.32,-11.2,21.9,39.2,[sl 63378.77000],5,Sunday,10.0,63426.66,42.9,above,bull,LH_LL,-18.8,inside,32.5,63426.66,144.8,above,bull,LH_LL,-38.1,inside,82.2,63506.84,234.6,above,bull,HH_HL,750.0,breakout_up,101.2,63390.64,544.8,below,bear,HH_HL,401.8,inside,37.9,True,True,True,False,up,26.3,24.3,15.2,60.5,69.0,1000.0
3033132343,False,2026-08-02T06:31:03,2026-08-02T06:31:27,24,0.4,SELL,0.05,63432.12,63392.12,2.0,True,40.0,0.0631,0.48,100.0,,,[tp 63392.12],6,Sunday,10.0,63419.95,32.2,above,bear,HH_HL,26.5,inside,34.5,63419.95,86.2,above,bull,mixed,9.0,inside,77.7,63383.9,242.5,above,bull,mixed,615.6,inside,87.9,63390.64,544.8,below,bear,HH_HL,401.8,inside,37.9,False,False,False,True,down,43.1,36.7,43.5,19.8,69.0,1000.0
3033150722,False,2026-08-02T06:44:49,2026-08-02T07:37:50,3181,53.0,SELL,0.05,63427.38,63448.18,-1.04,False,-20.8,-0.0328,-0.25,-0.4,30.1,11.8,[sl 63447.38000],6,Sunday,10.0,63397.9,33.6,above,bear,LH_LL,28.0,inside,25.2,63419.95,86.2,above,bull,mixed,9.0,inside,77.7,63383.9,242.5,above,bull,mixed,615.6,inside,87.9,63390.64,544.8,below,bear,HH_HL,401.8,inside,37.9,False,False,False,True,up,27.2,49.1,19.1,31.8,58.0,1000.0
3033182063,False,2026-08-02T07:38:28,2026-08-02T07:38:35,7,0.1,SELL,0.05,63438.25,63458.27,-1.0,False,-20.0,-0.0316,-0.32,-171.6,,,[sl 63458.25],7,Sunday,10.0,63413.09,24.0,above,bull,HH_HL,2.6,inside,69.8,63409.8,66.0,above,bull,HH_HL,39.9,inside,48.5,63415.94,236.9,above,bull,mixed,497.8,inside,88.5,63390.64,544.8,below,bear,HH_HL,401.8,inside,37.9,False,False,False,True,up,17.0,11.3,43.5,45.2,64.0,1000.0
3033192995,False,2026-08-02T08:04:13,2026-08-02T08:04:24,11,0.2,SELL,0.05,63438.25,63458.74,-1.03,False,-20.5,-0.0323,-0.32,-111.8,,,[sl 63458.25000],8,Sunday,10.0,63426.32,23.9,above,bull,LH_LL,13.2,inside,62.6,63426.32,64.3,above,bull,LH_LL,-0.4,inside,51.3,63426.32,217.6,above,bull,HH_HL,41.0,inside,89.2,63426.32,530.3,above,bear,HH_HL,416.0,inside,39.0,False,False,False,False,down,38.6,32.1,60.8,7.0,82.0,1000.0
3033288081,False,2026-08-02T10:23:11,2026-08-02T10:23:11,0,0.0,BUY,0.05,63107.05,63081.36,-1.28,False,-25.7,-0.0407,-0.28,,,,[sl 63087.05000],10,Sunday,10.0,63203.75,50.3,below,bear,mixed,-6.7,inside,68.7,63137.62,82.5,below,bear,LH_LL,9.5,inside,21.4,63202.78,214.4,above,bull,LH_LL,-304.1,inside,73.1,63426.32,530.3,above,bear,HH_HL,416.0,inside,39.0,False,False,True,True,down,53.4,45.6,0.0,54.4,96.0,1000.0
3033398617,False,2026-08-02T12:22:37,2026-08-02T12:23:03,26,0.4,SELL,0.05,63141.56,63161.58,-1.0,False,-20.0,-0.0317,-0.19,-46.2,3.2,33.5,[sl 63161.56000],12,Sunday,10.0,63109.18,72.2,above,bear,HH_HL,121.7,inside,83.8,63100.87,104.7,below,bear,HH_HL,-37.5,inside,33.0,62969.56,213.1,below,bull,LH_LL,-446.4,inside,56.2,62969.56,479.3,below,bear,LH_LL,32.7,inside,24.6,False,True,True,True,up,36.4,62.7,34.6,2.7,70.0,1000.0
3033460510,False,2026-08-02T13:46:28,2026-08-02T13:46:57,29,0.5,SELL,0.05,63043.0,63063.03,-1.0,False,-20.0,-0.0318,-0.22,-41.4,,,[sl 63063.00000],13,Sunday,10.0,63025.75,50.6,below,bear,HH_HL,30.2,inside,39.0,63025.75,99.2,below,bear,LH_LL,-88.1,inside,26.1,63060.15,221.9,below,bull,HH_HL,-366.2,inside,62.8,62969.56,479.3,below,bear,LH_LL,32.7,inside,24.6,True,True,True,True,up,24.4,55.9,3.9,40.2,60.0,1000.0
3033477827,False,2026-08-02T13:47:45,2026-08-02T13:48:10,25,0.4,SELL,0.05,63043.0,63068.51,-1.28,False,-25.5,-0.0405,-0.28,-61.2,3.5,16.3,[sl 63063.00000],13,Sunday,10.0,63025.75,50.6,below,bear,HH_HL,30.2,inside,39.0,63025.75,99.2,below,bear,LH_LL,-88.1,inside,26.1,63060.15,221.9,below,bull,HH_HL,-366.2,inside,62.8,62969.56,479.3,below,bear,LH_LL,32.7,inside,24.6,True,True,True,True,up,21.5,20.6,16.8,62.6,62.0,1000.0
3033499880,False,2026-08-02T14:16:57,2026-08-02T14:16:58,1,0.0,SELL,0.05,63043.0,63064.44,-1.07,False,-21.4,-0.034,-0.23,-1286.4,,,[sl 63063.00],14,Sunday,10.0,63017.94,48.6,below,bear,mixed,-34.9,inside,40.3,63017.94,91.5,below,bear,LH_LL,-42.2,inside,28.6,63051.79,225.6,below,bull,LH_LL,-76.3,inside,62.2,62969.56,479.3,below,bear,LH_LL,32.7,inside,24.6,True,True,True,True,up,23.8,36.9,29.9,33.3,59.0,1000.0
3033583569,False,2026-08-02T16:12:06,2026-08-02T16:15:37,211,3.5,BUY,0.01,63039.68,63018.39,-0.22,False,-21.3,-0.0338,-0.28,-6.1,11.0,22.0,[sl 63019.68],16,Sunday,10.0,63047.08,40.8,above,bull,HH_HL,-28.4,inside,48.9,63047.76,77.4,below,bear,LH_LL,-29.4,inside,50.2,63047.76,214.8,below,bear,LH_LL,-90.6,inside,55.3,63047.76,451.1,below,bear,mixed,580.0,inside,27.0,True,False,False,False,down,15.6,22.9,12.3,64.7,59.0,1000.0
3033590006,False,2026-08-02T16:32:07,2026-08-02T16:32:16,9,0.1,SELL,0.01,63074.98,63095.94,-0.21,False,-21.0,-0.0332,-0.27,-139.7,,,[sl 63094.98],16,Sunday,10.0,63047.65,41.3,above,bear,HH_HL,24.8,inside,50.7,63047.65,76.3,below,bear,mixed,-7.2,inside,50.2,63047.76,214.8,below,bear,LH_LL,-90.6,inside,55.3,63047.76,451.1,below,bear,mixed,580.0,inside,27.0,False,True,True,True,up,34.7,47.7,52.2,0.1,73.0,1000.0
3033600251,False,2026-08-02T16:42:06,2026-08-02T16:42:06,0,0.0,SELL,0.01,63175.03,63196.54,-0.22,False,-21.5,-0.034,-0.25,,,,[sl 63195.03],16,Sunday,10.0,63136.7,49.5,above,bull,HH_HL,100.3,breakout_up,108.7,63047.65,76.3,below,bear,mixed,-7.2,inside,50.2,63047.76,214.8,below,bear,LH_LL,-90.6,inside,55.3,63047.76,451.1,below,bear,mixed,580.0,inside,27.0,False,True,True,True,up,65.7,41.8,53.1,5.0,91.0,1000.0
3033618550,False,2026-08-02T17:24:30,2026-08-02T17:24:46,16,0.3,SELL,0.01,63175.03,63195.65,-0.21,False,-20.6,-0.0326,-0.23,-77.3,,,[sl 63195.03],17,Sunday,10.0,63132.46,54.3,above,bull,mixed,17.9,inside,63.0,63138.55,82.0,above,bull,LH_LL,90.8,inside,72.7,63112.29,187.3,above,bull,HH_HL,142.7,inside,59.8,63047.76,451.1,below,bear,mixed,580.0,inside,27.0,False,False,False,True,up,124.0,90.9,1.3,7.9,112.0,1000.0
3033692029,False,2026-08-02T18:35:31,2026-08-02T18:36:03,32,0.5,SELL,0.01,63276.34,63307.71,-0.32,False,-31.4,-0.0496,-0.4,-58.8,-4.4,48.2,[sl 63296.34],18,Sunday,10.0,63234.82,38.0,above,bull,mixed,21.7,inside,79.5,63213.2,76.9,above,bull,LH_LL,74.6,inside,81.7,63229.78,188.4,above,bull,HH_HL,169.6,inside,64.7,63047.76,451.1,below,bear,mixed,580.0,inside,27.0,False,False,False,True,up,51.9,88.2,9.7,2.1,68.0,1000.0
3033750760,False,2026-08-02T19:13:04,2026-08-02T19:13:31,27,0.5,BUY,0.01,63286.34,63265.39,-0.21,False,-20.9,-0.0331,-0.21,-46.6,,,[sl 63266.34000],19,Sunday,10.0,63279.04,59.0,above,bull,mixed,-151.5,inside,28.4,63307.14,101.0,above,bull,mixed,60.0,inside,59.3,63307.14,200.6,above,bull,HH_HL,255.3,inside,69.4,63047.76,451.1,below,bear,mixed,580.0,inside,27.0,True,True,True,False,up,36.3,19.7,8.6,71.7,68.0,1000.0
3033765694,False,2026-08-02T19:42:11,2026-08-02T19:44:26,135,2.2,SELL,0.01,63301.91,63323.810000000005,-0.22,False,-21.9,-0.0346,-0.22,-9.7,4.1,23.7,[sl 63321.91000],19,Sunday,10.0,63293.24,57.7,above,bull,HH_HL,12.5,inside,26.1,63248.96,99.9,above,bull,LH_LL,19.2,inside,48.9,63307.14,200.6,above,bull,HH_HL,255.3,inside,69.4,63047.76,451.1,below,bear,mixed,580.0,inside,27.0,False,False,False,True,up,8.7,7.3,81.6,11.1,57.0,1000.0
3033782415,False,2026-08-02T20:16:38,2026-08-02T20:16:41,3,0.1,SELL,0.01,63405.09,63429.67,-0.25,False,-24.6,-0.0388,-0.26,-491.6,,,[sl 63425.09],20,Sunday,10.0,63384.97,39.9,above,bull,HH_HL,-10.6,inside,54.1,63384.97,92.5,above,bull,mixed,77.8,inside,73.1,63377.62,195.2,above,bull,mixed,376.2,inside,77.5,63377.62,460.6,above,bear,HH_HL,620.8,inside,37.5,False,False,False,False,up,57.8,72.5,27.5,0.0,67.0,1000.0
3033799553,False,2026-08-02T20:26:40,2026-08-02T20:26:57,17,0.3,BUY,0.01,63344.06,63323.21,-0.21,False,-20.8,-0.0329,-0.22,-73.6,,,[sl 63324.06000],20,Sunday,10.0,63344.42,42.8,above,bull,LH_LL,-33.2,inside,34.5,63384.97,92.5,above,bull,mixed,77.8,inside,73.1,63377.62,195.2,above,bull,mixed,376.2,inside,77.5,63377.62,460.6,above,bear,HH_HL,620.8,inside,37.5,True,True,True,True,down,28.6,52.6,19.4,28.0,54.0,1000.0
3034220207,False,2026-08-02T23:07:12,2026-08-02T23:08:19,67,1.1,BUY,0.01,63301.25,63279.39,-0.22,False,-21.9,-0.0345,-0.15,-19.6,-0.3,23.1,[sl 63281.25],23,Sunday,10.0,63320.75,104.4,below,bear,mixed,-13.4,inside,6.8,63348.61,144.5,below,bull,mixed,-266.8,inside,27.2,63348.61,219.5,above,bull,mixed,118.8,inside,55.9,63377.62,460.6,above,bear,HH_HL,620.8,inside,37.5,False,False,True,True,down,35.0,61.3,0.0,38.7,68.0,1000.0
3034294887,False,2026-08-02T23:31:39,2026-08-02T23:33:56,137,2.3,SELL,0.01,63481.28,63506.53,-0.26,False,-25.2,-0.0398,-0.16,-11.1,28.7,21.3,[sl 63501.28000],23,Sunday,10.0,63458.9,96.3,above,bear,HH_HL,138.2,inside,43.6,63458.9,157.9,above,bull,HH_HL,-165.7,inside,48.4,63348.61,219.5,above,bull,mixed,118.8,inside,55.9,63377.62,460.6,above,bear,HH_HL,620.8,inside,37.5,False,False,False,False,up,28.2,22.5,18.4,59.1,63.0,1000.0
3038789789,False,2026-08-03T20:20:09,2026-08-03T20:20:10,1,0.0,SELL,0.01,63923.37,63943.7,-0.21,False,-20.3,-0.0318,-0.13,-1219.8,,,[sl 63943.37],20,Monday,10.0,63919.74,84.4,above,bull,mixed,36.6,inside,65.8,63832.3,154.2,above,bull,LH_LL,25.4,inside,56.2,63808.24,377.2,above,bull,HH_HL,-76.1,inside,88.4,63808.24,571.5,above,bear,HH_HL,307.0,inside,92.2,False,False,False,False,up,62.7,20.7,68.3,11.0,99.0,1000.0
3038999911,False,2026-08-03T21:01:49,2026-08-03T21:02:35,46,0.8,BUY,0.01,63712.65,63688.65,-0.24,False,-24.0,-0.0377,-0.18,-31.3,-5.8,37.4,[sl 63692.65000],21,Monday,10.0,63722.99,63.2,below,bear,mixed,-152.4,inside,6.1,63722.99,139.1,below,bull,LH_LL,-166.4,inside,32.7,63722.99,376.6,above,bull,LH_LL,101.2,inside,82.9,63808.24,571.5,above,bear,HH_HL,307.0,inside,92.2,False,False,True,True,down,39.7,96.6,0.0,3.4,69.0,1000.0
3039017931,False,2026-08-03T21:49:13,2026-08-03T21:49:13,0,0.0,BUY,0.01,63597.33,63577.2,-0.2,False,-20.1,-0.0317,-0.16,,,,[sl 63577.33],21,Monday,10.0,63627.41,55.0,below,bear,LH_LL,-33.8,inside,7.3,63627.41,131.0,below,bull,LH_LL,-267.6,inside,2.8,63722.99,376.6,above,bull,LH_LL,101.2,inside,82.9,63808.24,571.5,above,bear,HH_HL,307.0,inside,92.2,False,False,True,True,down,35.6,39.9,11.4,48.7,78.0,1000.0
3039119876,False,2026-08-03T23:37:37,2026-08-03T23:37:37,0,0.0,BUY,0.01,63438.8,63418.12,-0.21,False,-20.7,-0.0326,-0.17,,,,[sl 63418.80000],23,Monday,10.0,63464.34,58.8,below,bear,LH_LL,-56.8,inside,48.9,63513.6,126.0,below,bear,HH_HL,76.1,inside,27.0,63546.48,379.5,above,bull,LH_LL,-298.4,inside,73.2,63808.24,571.5,above,bear,HH_HL,307.0,inside,92.2,False,False,True,True,down,59.7,94.4,0.1,5.5,68.0,1000.0
3039221733,False,2026-08-04T00:15:13,2026-08-04T00:15:43,30,0.5,BUY,0.01,63410.13,63387.5,-0.22,False,-22.6,-0.0357,-0.2,-45.3,,,[sl 63390.13],0,Tuesday,10.0,63407.04,62.6,below,bear,LH_LL,-22.6,inside,3.8,63407.04,122.0,below,bear,mixed,-139.4,inside,12.1,63457.94,365.3,above,bull,mixed,-349.0,inside,68.4,63457.94,608.7,above,bear,LH_LL,675.1,inside,68.7,False,False,True,True,down,56.6,74.2,19.4,6.4,75.0,1000.0
3039297691,False,2026-08-04T00:34:01,2026-08-04T00:35:03,62,1.0,BUY,0.01,63330.41,63305.51,-0.24,False,-24.9,-0.0393,-0.21,-24.1,-2.6,24.9,[sl 63310.41000],0,Tuesday,10.0,63383.56,64.8,below,bear,LH_LL,-140.0,inside,23.9,63383.56,118.6,below,bear,LH_LL,-99.0,inside,8.8,63457.94,365.3,above,bull,mixed,-349.0,inside,68.4,63457.94,608.7,above,bear,LH_LL,675.1,inside,68.7,False,False,True,True,up,45.3,10.8,78.9,10.2,80.0,1000.0
3042258173,False,2026-08-04T14:06:04,2026-08-04T14:09:26,202,3.4,BUY,0.01,63777.05,63627.59,-1.49,False,-149.5,-0.2343,-0.79,-44.4,-61.3,150.2,[sl 63628.45000],14,Tuesday,10.0,63707.32,134.3,below,bear,LH_LL,-249.9,inside,29.5,63621.59,181.9,below,bull,LH_LL,-270.5,inside,37.7,63621.59,309.6,above,bull,mixed,106.3,inside,39.4,63856.25,610.1,above,bull,LH_LL,234.5,inside,83.4,False,False,True,True,down,122.9,93.8,4.0,2.2,142.0,1000.0
3042279850,False,2026-08-04T14:09:46,2026-08-04T14:27:10,1044,17.4,SELL,0.01,63671.92,63827.0,-1.55,False,-155.1,-0.2436,-0.82,-8.9,131.9,145.9,[sl 63823.24000],14,Tuesday,10.0,63707.32,134.3,below,bear,LH_LL,-249.9,inside,29.5,63621.59,181.9,below,bull,LH_LL,-270.5,inside,37.7,63621.59,309.6,above,bull,mixed,106.3,inside,39.4,63856.25,610.1,above,bull,LH_LL,234.5,inside,83.4,True,True,False,False,down,54.1,36.5,19.3,44.1,121.0,1000.0
3042370357,False,2026-08-04T14:27:16,2026-08-04T14:40:18,782,13.0,BUY,0.01,63816.78,64067.87,2.51,True,251.1,0.3935,1.28,19.3,288.9,69.7,[tp 64067.87000],14,Tuesday,10.0,63656.63,166.5,below,bear,mixed,35.0,inside,25.0,63731.64,189.2,above,bull,LH_LL,-99.9,inside,54.4,63621.59,309.6,above,bull,mixed,106.3,inside,39.4,63856.25,610.1,above,bull,LH_LL,234.5,inside,83.4,False,True,True,True,down,61.3,27.0,73.0,0.0,129.0,1000.0
3042636772,False,2026-08-04T15:19:05,2026-08-04T15:46:03,1618,27.0,SELL,0.01,63951.07,64107.17,-1.56,False,-156.1,-0.2441,-0.72,-5.8,205.0,204.8,[sl 64101.77000],15,Tuesday,10.0,64010.72,151.7,above,bull,LH_LL,6.5,inside,75.7,64010.72,215.9,above,bull,mixed,389.1,inside,83.2,64063.52,333.4,above,bull,mixed,531.9,inside,86.8,63856.25,610.1,above,bull,LH_LL,234.5,inside,83.4,False,False,False,False,down,28.5,37.1,0.0,62.9,84.0,1000.0
3042767042,False,2026-08-04T15:46:13,2026-08-04T16:05:32,1159,19.3,BUY,0.01,64112.51,63953.76,-1.59,False,-158.8,-0.2476,-0.66,-8.2,58.2,173.3,[sl 63953.76000],15,Tuesday,10.0,64064.07,125.8,above,bull,HH_HL,107.0,inside,84.1,64064.07,232.4,above,bull,mixed,247.3,inside,87.2,64063.52,333.4,above,bull,mixed,531.9,inside,86.8,63856.25,610.1,above,bull,LH_LL,234.5,inside,83.4,True,True,True,True,up,94.6,48.6,51.4,0.0,155.0,1000.0
3042868780,False,2026-08-04T16:07:20,2026-08-04T17:08:35,3675,61.2,SELL,0.01,63973.37,64119.04,-1.46,False,-145.7,-0.2277,-0.62,-2.4,138.8,155.3,[sl 64119.04],16,Tuesday,10.0,63980.21,119.8,above,bull,LH_LL,121.6,inside,69.7,64058.82,239.3,above,bull,HH_HL,3.4,inside,83.3,64058.82,322.0,above,bull,HH_HL,366.6,inside,86.3,64058.82,638.8,above,bull,HH_HL,250.6,inside,93.6,False,False,False,False,up,42.5,52.4,47.6,0.0,89.0,1000.0
3043140945,False,2026-08-04T17:08:49,2026-08-04T17:49:31,2442,40.7,BUY,0.01,64097.04,63944.21,-1.53,False,-152.8,-0.2384,-0.68,-3.8,26.4,164.8,[sl 63947.04000],17,Tuesday,10.0,64006.94,91.0,above,bear,HH_HL,81.5,inside,61.4,63893.16,230.0,above,bull,mixed,-170.9,inside,56.5,63893.16,317.0,above,bull,mixed,36.9,inside,68.5,64058.82,638.8,above,bull,HH_HL,250.6,inside,93.6,True,True,True,True,up,81.4,45.0,37.4,17.6,130.0,1000.0
3043316806,False,2026-08-04T17:52:18,2026-08-04T18:02:09,591,9.8,SELL,0.01,63878.97,64019.32,-1.4,False,-140.3,-0.2197,-0.75,-14.2,6.0,135.1,[sl 64017.43000],17,Tuesday,10.0,63945.69,95.7,below,bull,LH_LL,-33.0,inside,37.8,64038.53,193.1,above,bull,mixed,67.0,inside,79.3,63893.16,317.0,above,bull,mixed,36.9,inside,68.5,64058.82,638.8,above,bull,HH_HL,250.6,inside,93.6,True,False,False,False,up,59.0,21.6,12.4,66.0,128.0,1000.0
3043371899,False,2026-08-04T18:04:01,2026-08-04T18:20:21,980,16.3,BUY,0.01,64034.7,64284.7,2.5,True,250.0,0.3904,1.37,15.3,276.1,26.8,[tp 64284.70000],18,Tuesday,10.0,63914.64,96.9,below,bear,HH_HL,-196.1,inside,28.6,63914.64,188.1,below,bull,LH_LL,28.3,inside,59.9,63914.64,322.3,above,bull,mixed,83.1,inside,70.8,64058.82,638.8,above,bull,HH_HL,250.6,inside,93.6,False,False,True,True,down,32.7,52.5,32.3,15.1,63.0,1000.0
3043773380,False,2026-08-04T20:01:06,2026-08-04T20:40:11,2345,39.1,SELL,0.01,64157.34,64305.42,-1.48,False,-148.1,-0.2308,-0.9,-3.8,221.5,187.1,[sl 64305.42000],20,Tuesday,10.0,64188.99,74.9,below,bull,LH_LL,-54.9,inside,20.9,64188.99,167.2,above,bull,LH_LL,-65.1,inside,70.8,64188.99,316.2,above,bull,HH_HL,125.5,inside,84.6,64188.99,638.5,above,bull,HH_HL,731.0,breakout_up,100.1,True,False,False,False,down,98.6,42.0,5.9,52.2,86.0,1000.0
3043874024,False,2026-08-04T20:40:27,2026-08-04T21:14:26,2039,34.0,BUY,0.01,64296.41,64147.62,-1.48,False,-148.8,-0.2314,-0.85,-4.4,84.9,155.7,[sl 64147.62],20,Tuesday,10.0,64205.92,96.2,above,bear,HH_HL,72.3,inside,62.0,64079.26,170.8,below,bull,LH_LL,-217.5,inside,53.3,64188.99,316.2,above,bull,HH_HL,125.5,inside,84.6,64188.99,638.5,above,bull,HH_HL,731.0,breakout_up,100.1,True,False,True,True,up,137.6,67.3,32.7,0.0,116.0,1000.0
3043922081,False,2026-08-04T21:16:06,2026-08-04T23:08:27,6741,112.3,SELL,0.01,64174.95,64325.34,-1.5,False,-150.4,-0.2343,-0.9,-1.3,99.7,252.6,[sl 64324.38000],21,Tuesday,10.0,64173.73,81.0,below,bull,LH_LL,-118.6,inside,53.4,64173.73,175.9,above,bull,LH_LL,-15.3,inside,62.4,64287.53,332.9,above,bull,mixed,228.7,inside,92.5,64188.99,638.5,above,bull,HH_HL,731.0,breakout_up,100.1,True,False,False,False,up,12.9,60.1,39.9,0.0,56.0,1000.0
3044110931,False,2026-08-04T23:08:10,2026-08-05T01:39:23,9073,151.2,BUY,0.01,64293.7,64147.0,-1.47,False,-146.7,-0.2282,-1.0,-1.0,199.4,402.6,KL-recov-close,23,Tuesday,10.0,64194.51,53.5,above,bull,mixed,16.6,inside,69.2,64214.12,139.2,above,bull,LH_LL,20.6,inside,69.7,64214.12,323.7,above,bull,LH_LL,299.5,inside,83.4,64188.99,638.5,above,bull,HH_HL,731.0,breakout_up,100.1,True,True,True,True,up,147.2,98.2,1.8,0.0,145.0,1000.0
3044114844,False,2026-08-04T23:09:10,2026-08-04T23:26:53,1063,17.7,BUY,0.01,64390.71,64240.71,-1.5,False,-150.0,-0.233,-1.02,-8.5,102.4,165.3,[sl 64240.71000],23,Tuesday,10.0,64194.51,53.5,above,bull,mixed,16.6,inside,69.2,64214.12,139.2,above,bull,LH_LL,20.6,inside,69.7,64214.12,323.7,above,bull,LH_LL,299.5,inside,83.4,64188.99,638.5,above,bull,HH_HL,731.0,breakout_up,100.1,True,True,True,True,down,94.6,91.0,9.0,0.0,90.0,1000.0
3044165050,False,2026-08-04T23:27:14,2026-08-05T00:05:46,2312,38.5,SELL,0.01,64231.87,63986.14,2.46,True,245.7,0.3826,1.55,6.4,273.5,-19.4,[tp 63986.14000],23,Tuesday,10.0,64275.56,84.7,above,bull,LH_LL,61.4,inside,47.9,64363.81,146.9,above,bull,HH_HL,220.0,inside,96.3,64214.12,323.7,above,bull,LH_LL,299.5,inside,83.4,64188.99,638.5,above,bull,HH_HL,731.0,breakout_up,100.1,False,False,False,False,down,74.3,39.4,34.1,26.4,89.0,1000.0
3044171323,False,2026-08-04T23:29:36,2026-08-05T01:39:23,7787,129.8,SELL,0.01,64140.5,64158.65,-0.18,False,-18.2,-0.0283,-0.11,-0.1,249.4,77.5,KL-recov-close,23,Tuesday,10.0,64275.56,84.7,above,bull,LH_LL,61.4,inside,47.9,64363.81,146.9,above,bull,HH_HL,220.0,inside,96.3,64214.12,323.7,above,bull,LH_LL,299.5,inside,83.4,64188.99,638.5,above,bull,HH_HL,731.0,breakout_up,100.1,False,False,False,False,down,44.8,100.0,0.0,0.0,74.0,1000.0
3044413122,False,2026-08-05T01:31:19,2026-08-05T02:03:23,1924,32.1,BUY,0.01,64094.74,64343.54,2.49,True,248.8,0.3882,1.62,7.8,312.2,11.3,[tp 64343.54000],1,Wednesday,10.0,64056.97,72.4,above,bear,mixed,125.1,inside,58.0,64056.97,147.5,below,bear,HH_HL,82.8,inside,27.6,63948.21,338.0,above,bull,LH_LL,-240.8,inside,51.3,64051.28,660.8,above,bull,HH_HL,327.0,inside,85.3,True,False,True,True,up,21.3,44.5,25.0,30.5,59.0,1000.0
3044413137,False,2026-08-05T01:31:20,2026-08-05T01:39:24,484,8.1,BUY,0.01,64094.74,64148.65,0.54,True,53.9,0.0841,0.35,6.7,123.2,11.3,KL-recov-close,1,Wednesday,10.0,64056.97,72.4,above,bear,mixed,125.1,inside,58.0,64056.97,147.5,below,bear,HH_HL,82.8,inside,27.6,63948.21,338.0,above,bull,LH_LL,-240.8,inside,51.3,64051.28,660.8,above,bull,HH_HL,327.0,inside,85.3,True,False,True,True,up,21.3,44.5,25.0,30.5,59.0,1000.0
3044680502,False,2026-08-05T03:18:16,2026-08-05T03:29:16,660,11.0,SELL,0.01,64270.21,64019.7,2.5,True,250.5,0.3898,1.73,22.8,264.4,-107.8,[tp 64019.70000],3,Wednesday,10.0,64307.61,82.5,above,bull,LH_LL,-67.5,inside,62.7,64307.61,134.2,above,bull,LH_LL,24.7,inside,69.2,64317.57,343.8,above,bull,HH_HL,173.8,inside,84.3,64051.28,660.8,above,bull,HH_HL,327.0,inside,85.3,False,False,False,False,down,117.0,90.1,9.9,0.0,76.0,1000.0
3044680504,False,2026-08-05T03:18:16,2026-08-05T03:29:16,660,11.0,SELL,0.01,64270.21,64020.21,2.5,True,250.0,0.389,1.73,22.7,264.4,-107.8,[tp 64020.21000],3,Wednesday,10.0,64307.61,82.5,above,bull,LH_LL,-67.5,inside,62.7,64307.61,134.2,above,bull,LH_LL,24.7,inside,69.2,64317.57,343.8,above,bull,HH_HL,173.8,inside,84.3,64051.28,660.8,above,bull,HH_HL,327.0,inside,85.3,False,False,False,False,down,117.0,90.1,9.9,0.0,76.0,1000.0
3044837712,False,2026-08-05T05:03:10,2026-08-05T05:26:14,1384,23.1,BUY,0.01,64192.87,64442.85,2.5,True,250.0,0.3894,1.89,10.8,272.1,-7.7,[tp 64442.85000],5,Wednesday,10.0,64110.65,51.1,below,bear,HH_HL,-34.6,inside,37.5,64110.65,133.2,below,bear,LH_LL,27.4,inside,38.8,64110.65,306.7,above,bull,mixed,59.4,inside,65.8,64119.94,662.2,above,bull,LH_LL,501.1,inside,83.8,False,False,True,True,up,18.2,39.6,4.3,56.1,60.0,1000.0
3044837732,False,2026-08-05T05:03:10,2026-08-05T05:26:14,1384,23.1,BUY,0.01,64192.87,64442.87,2.5,True,250.0,0.3895,1.89,10.8,272.1,-7.7,[tp 64442.87000],5,Wednesday,10.0,64110.65,51.1,below,bear,HH_HL,-34.6,inside,37.5,64110.65,133.2,below,bear,LH_LL,27.4,inside,38.8,64110.65,306.7,above,bull,mixed,59.4,inside,65.8,64119.94,662.2,above,bull,LH_LL,501.1,inside,83.8,False,False,True,True,up,18.2,39.6,4.3,56.1,60.0,1000.0
3044986758,False,2026-08-05T05:50:08,2026-08-05T07:21:32,5484,91.4,SELL,0.01,64259.77,64009.77,2.5,True,250.0,0.389,2.02,2.7,270.6,57.9,[tp 64009.77000],5,Wednesday,10.0,64259.02,60.6,above,bull,mixed,-75.2,inside,53.1,64299.94,130.5,above,bull,mixed,193.0,inside,71.2,64110.65,306.7,above,bull,mixed,59.4,inside,65.8,64119.94,662.2,above,bull,LH_LL,501.1,inside,83.8,False,False,False,False,down,15.6,46.1,0.0,53.9,59.0,1000.0
3044986803,False,2026-08-05T05:50:09,2026-08-05T07:21:32,5483,91.4,SELL,0.01,64261.57,64009.77,2.52,True,251.8,0.3918,2.04,2.8,272.4,56.1,[tp 64009.77000],5,Wednesday,10.0,64259.02,60.6,above,bull,mixed,-75.2,inside,53.1,64299.94,130.5,above,bull,mixed,193.0,inside,71.2,64110.65,306.7,above,bull,mixed,59.4,inside,65.8,64119.94,662.2,above,bull,LH_LL,501.1,inside,83.8,False,False,False,False,down,15.6,46.1,0.0,53.9,59.0,1000.0
3045458004,False,2026-08-05T08:01:11,2026-08-05T10:48:04,10013,166.9,BUY,0.01,64139.2,63989.75,-1.49,False,-149.5,-0.233,-1.28,-0.9,78.7,169.1,[sl 63989.75000],8,Wednesday,10.0,64106.19,64.3,above,bear,HH_HL,94.4,inside,44.5,64106.19,113.2,below,bear,HH_HL,-133.5,inside,32.1,64106.19,294.5,above,bull,LH_LL,-211.4,inside,59.7,64106.19,665.9,above,bull,HH_HL,249.9,inside,83.1,True,False,True,True,up,28.3,6.3,93.3,0.5,68.0,1000.0
3045458107,False,2026-08-05T08:01:12,2026-08-05T12:19:29,15497,258.3,BUY,0.01,64139.53,64378.85,2.39,True,239.3,0.3731,2.04,0.9,260.1,189.6,KL-recov-close,8,Wednesday,10.0,64106.19,64.3,above,bear,HH_HL,94.4,inside,44.5,64106.19,113.2,below,bear,HH_HL,-133.5,inside,32.1,64106.19,294.5,above,bull,LH_LL,-211.4,inside,59.7,64106.19,665.9,above,bull,HH_HL,249.9,inside,83.1,True,False,True,True,up,28.3,6.3,93.3,0.5,68.0,1000.0
3046049798,False,2026-08-05T10:48:08,2026-08-05T12:10:04,4916,81.9,SELL,0.01,63983.93,64133.93,-1.5,False,-150.0,-0.2344,-1.34,-1.8,34.0,193.3,[sl 64133.93000],10,Wednesday,10.0,64129.05,50.3,above,bull,HH_HL,38.0,inside,67.4,64129.05,107.5,above,bear,mixed,31.5,inside,43.1,64097.65,267.1,above,bull,mixed,-13.0,inside,58.9,64106.19,665.9,above,bull,HH_HL,249.9,inside,83.1,False,False,False,False,down,44.8,76.2,0.0,23.8,68.0,1000.0
3046050386,False,2026-08-05T10:48:14,2026-08-05T12:19:30,5476,91.3,SELL,0.01,63978.15,64388.85,-4.11,False,-410.7,-0.6419,-3.66,-4.5,28.2,421.4,KL-recov-close,10,Wednesday,10.0,64129.05,50.3,above,bull,HH_HL,38.0,inside,67.4,64129.05,107.5,above,bear,mixed,31.5,inside,43.1,64097.65,267.1,above,bull,mixed,-13.0,inside,58.9,64106.19,665.9,above,bull,HH_HL,249.9,inside,83.1,False,False,False,False,down,44.8,76.2,0.0,23.8,68.0,1000.0
3046558670,False,2026-08-05T12:17:08,2026-08-05T12:19:31,143,2.4,BUY,0.01,64182.37,64378.29,1.96,True,195.9,0.3053,1.61,82.2,217.2,0.4,KL-recov-close,12,Wednesday,10.0,64143.11,57.9,above,bull,HH_HL,107.6,inside,83.0,64143.11,97.6,above,bear,mixed,142.8,inside,71.9,64014.08,248.3,below,bull,mixed,-185.3,inside,35.9,64014.08,624.6,above,bull,mixed,-44.7,inside,79.0,True,True,False,True,up,33.2,27.8,55.7,16.5,85.0,1000.0
3046558753,False,2026-08-05T12:17:09,2026-08-05T12:20:39,210,3.5,BUY,0.01,64180.74,64432.37,2.51,True,251.6,0.3921,2.07,71.9,265.8,-1.2,[tp 64432.37000],12,Wednesday,10.0,64143.11,57.9,above,bull,HH_HL,107.6,inside,83.0,64143.11,97.6,above,bear,mixed,142.8,inside,71.9,64014.08,248.3,below,bull,mixed,-185.3,inside,35.9,64014.08,624.6,above,bull,mixed,-44.7,inside,79.0,True,True,False,True,up,33.2,27.8,55.7,16.5,85.0,1000.0
3046833825,False,2026-08-05T12:53:18,2026-08-05T13:13:32,1214,20.2,SELL,0.01,64310.91,64059.75,2.51,True,251.2,0.3905,1.9,12.4,269.4,16.5,[tp 64059.75000],12,Wednesday,10.0,64348.4,99.4,above,bull,LH_LL,-49.9,inside,66.2,64411.16,127.5,above,bull,mixed,394.6,inside,79.1,64014.08,248.3,below,bull,mixed,-185.3,inside,35.9,64014.08,624.6,above,bull,mixed,-44.7,inside,79.0,False,False,True,False,down,27.2,87.2,11.5,1.2,68.0,1000.0
3046834007,False,2026-08-05T12:53:19,2026-08-05T13:13:32,1213,20.2,SELL,0.01,64310.91,64060.91,2.5,True,250.0,0.3887,1.89,12.4,269.4,16.5,[tp 64060.91000],12,Wednesday,10.0,64348.4,99.4,above,bull,LH_LL,-49.9,inside,66.2,64411.16,127.5,above,bull,mixed,394.6,inside,79.1,64014.08,248.3,below,bull,mixed,-185.3,inside,35.9,64014.08,624.6,above,bull,mixed,-44.7,inside,79.0,False,False,True,False,down,27.2,87.2,11.5,1.2,68.0,1000.0
3047169102,False,2026-08-05T13:39:08,2026-08-05T14:05:07,1559,26.0,BUY,0.01,64097.67,64361.77,2.64,True,264.1,0.412,1.51,10.2,374.7,128.8,[tp 64361.77000],13,Wednesday,10.0,63873.98,104.4,below,bear,LH_LL,-295.7,breakout_dn,-19.3,64091.36,150.9,below,bull,mixed,-51.8,inside,24.1,64263.2,275.6,above,bull,HH_HL,157.0,inside,65.4,64014.08,624.6,above,bull,mixed,-44.7,inside,79.0,False,False,True,True,up,169.7,70.8,19.4,9.8,257.0,1000.0
3047169163,False,2026-08-05T13:39:09,2026-08-05T14:05:07,1558,26.0,BUY,0.01,64092.44,64361.77,2.7,True,269.3,0.4202,1.54,10.4,380.0,123.6,[tp 64361.77000],13,Wednesday,10.0,63873.98,104.4,below,bear,LH_LL,-295.7,breakout_dn,-19.3,64091.36,150.9,below,bull,mixed,-51.8,inside,24.1,64263.2,275.6,above,bull,HH_HL,157.0,inside,65.4,64014.08,624.6,above,bull,mixed,-44.7,inside,79.0,False,False,True,True,up,169.7,70.8,19.4,9.8,257.0,1000.0
3047535532,False,2026-08-05T14:25:03,2026-08-05T14:57:30,1947,32.5,SELL,0.01,64324.07,64474.8,-1.51,False,-150.7,-0.2343,-0.73,-4.6,87.9,170.9,[sl 64474.80000],14,Wednesday,10.0,64315.66,168.6,above,bull,LH_LL,-37.9,inside,70.6,64407.9,201.2,above,bull,HH_HL,144.7,inside,82.2,64353.58,280.7,above,bull,LH_LL,288.6,inside,74.1,64014.08,624.6,above,bull,mixed,-44.7,inside,79.0,False,False,False,False,up,64.0,21.2,75.6,3.2,111.0,1000.0
3047535623,False,2026-08-05T14:25:04,2026-08-05T15:57:22,5538,92.3,SELL,0.01,64327.05,64340.9,-0.14,False,-13.8,-0.0215,-0.07,-0.2,90.8,384.0,KL-recov-close,14,Wednesday,10.0,64315.66,168.6,above,bull,LH_LL,-37.9,inside,70.6,64407.9,201.2,above,bull,HH_HL,144.7,inside,82.2,64353.58,280.7,above,bull,LH_LL,288.6,inside,74.1,64014.08,624.6,above,bull,mixed,-44.7,inside,79.0,False,False,False,False,up,64.0,21.2,75.6,3.2,111.0,1000.0
3047915688,False,2026-08-05T15:16:04,2026-08-05T15:57:23,2479,41.3,SELL,0.01,64499.05,64340.9,1.58,True,158.2,0.2452,0.63,3.8,178.6,187.4,KL-recov-close,15,Wednesday,10.0,64574.71,146.9,above,bull,HH_HL,149.0,inside,88.1,64574.71,241.3,above,bull,HH_HL,221.1,breakout_up,105.3,64417.65,285.9,above,bull,HH_HL,320.0,inside,83.6,64014.08,624.6,above,bull,mixed,-44.7,inside,79.0,False,False,False,False,down,104.6,32.2,0.4,67.4,175.0,1000.0
3047916017,False,2026-08-05T15:16:05,2026-08-05T15:39:15,1390,23.2,SELL,0.01,64497.15,64649.98,-1.53,False,-152.8,-0.237,-0.61,-6.6,96.6,189.3,[sl 64649.98000],15,Wednesday,10.0,64574.71,146.9,above,bull,HH_HL,149.0,inside,88.1,64574.71,241.3,above,bull,HH_HL,221.1,breakout_up,105.3,64417.65,285.9,above,bull,HH_HL,320.0,inside,83.6,64014.08,624.6,above,bull,mixed,-44.7,inside,79.0,False,False,False,False,down,104.6,32.2,0.4,67.4,175.0,1000.0
3048077717,False,2026-08-05T15:40:39,2026-08-05T15:57:23,1004,16.7,BUY,0.01,64589.7,64330.72,-2.59,False,-259.0,-0.401,-1.02,-15.5,2.9,269.3,KL-recov-close,15,Wednesday,10.0,64621.33,150.8,above,bull,HH_HL,46.6,inside,82.7,64448.58,250.7,above,bull,mixed,40.7,inside,70.8,64417.65,285.9,above,bull,HH_HL,320.0,inside,83.6,64014.08,624.6,above,bull,mixed,-44.7,inside,79.0,True,True,True,True,down,53.5,59.8,4.2,36.0,97.0,1000.0
3048078845,False,2026-08-05T15:41:06,2026-08-05T15:45:18,252,4.2,BUY,0.01,64586.01,64441.14,-1.45,False,-144.9,-0.2243,-0.57,-34.5,-6.8,151.0,[sl 64448.38000],15,Wednesday,10.0,64621.33,150.8,above,bull,HH_HL,46.6,inside,82.7,64448.58,250.7,above,bull,mixed,40.7,inside,70.8,64417.65,285.9,above,bull,HH_HL,320.0,inside,83.6,64014.08,624.6,above,bull,mixed,-44.7,inside,79.0,True,True,True,True,down,47.8,36.3,7.1,56.6,88.0,1000.0
3048116892,False,2026-08-05T15:48:10,2026-08-05T16:21:49,2019,33.6,SELL,0.01,64483.85,64642.55,-1.59,False,-158.7,-0.2461,-0.67,-4.7,166.2,171.9,[sl 64640.12000],15,Wednesday,10.0,64502.57,147.9,above,bull,mixed,-18.4,inside,56.1,64502.57,253.9,above,bull,HH_HL,199.7,inside,76.8,64417.65,285.9,above,bull,HH_HL,320.0,inside,83.6,64014.08,624.6,above,bull,mixed,-44.7,inside,79.0,False,False,False,False,up,24.8,39.5,20.1,40.4,78.0,1000.0
3048117010,False,2026-08-05T15:48:11,2026-08-05T15:57:24,553,9.2,SELL,0.01,64482.68,64339.59,1.43,True,143.1,0.2219,0.6,15.5,162.2,8.6,KL-recov-close,15,Wednesday,10.0,64502.57,147.9,above,bull,mixed,-18.4,inside,56.1,64502.57,253.9,above,bull,HH_HL,199.7,inside,76.8,64417.65,285.9,above,bull,HH_HL,320.0,inside,83.6,64014.08,624.6,above,bull,mixed,-44.7,inside,79.0,False,False,False,False,up,24.8,39.5,20.1,40.4,78.0,1000.0
3048307416,False,2026-08-05T16:15:10,2026-08-05T19:04:16,10146,169.1,BUY,0.01,64548.98,64798.98,2.5,True,250.0,0.3873,1.01,1.5,318.3,76.2,[tp 64798.98000],16,Wednesday,10.0,64562.98,127.8,above,bull,HH_HL,103.1,inside,68.8,64562.98,243.9,above,bull,HH_HL,145.3,inside,83.5,64331.14,284.9,above,bull,HH_HL,330.8,inside,71.7,64331.14,656.1,above,bull,mixed,142.2,inside,92.9,True,True,True,True,down,53.3,100.0,0.0,0.0,89.0,1000.0
3048590342,False,2026-08-05T17:16:11,2026-08-05T17:38:25,1334,22.2,SELL,0.01,64510.6,64669.98,-1.59,False,-159.4,-0.2471,-0.83,-7.2,37.8,174.8,[sl 64661.31000],17,Wednesday,10.0,64526.81,88.3,below,bull,LH_LL,-65.8,inside,52.7,64526.81,213.9,above,bull,mixed,195.7,inside,79.2,64604.21,299.0,above,bull,HH_HL,590.1,inside,88.1,64331.14,656.1,above,bull,mixed,142.2,inside,92.9,True,False,False,False,down,34.3,43.0,4.6,52.4,70.0,1000.0
3048727493,False,2026-08-05T17:43:08,2026-08-05T20:20:59,9471,157.8,BUY,0.01,64682.92,64958.130000000005,2.75,True,275.2,0.4255,1.46,1.7,310.1,86.0,[tp 64933.64000],17,Wednesday,10.0,64660.59,73.4,above,bull,HH_HL,133.8,inside,86.4,64540.11,192.3,above,bull,LH_LL,-22.9,inside,80.7,64604.21,299.0,above,bull,HH_HL,590.1,inside,88.1,64331.14,656.1,above,bull,mixed,142.2,inside,92.9,True,True,True,True,down,46.6,32.5,0.0,67.5,104.0,1000.0
3049439400,False,2026-08-05T20:59:24,2026-08-05T23:00:20,7256,120.9,SELL,0.01,64780.12,64530.62,2.49,True,249.5,0.3851,1.94,2.1,268.6,1.8,[tp 64530.62000],20,Wednesday,10.0,64842.22,68.4,above,bull,LH_LL,-77.0,inside,38.6,64919.74,122.1,above,bull,mixed,59.7,inside,89.0,64796.77,279.0,above,bull,HH_HL,379.1,breakout_up,100.7,64796.77,654.8,above,bull,HH_HL,745.5,breakout_up,103.4,False,False,False,False,down,14.5,68.9,31.1,0.0,59.0,1000.0
3049439410,False,2026-08-05T20:59:26,2026-08-05T23:00:20,7254,120.9,SELL,0.01,64779.12,64530.12,2.49,True,249.0,0.3844,1.94,2.1,267.6,2.8,[tp 64530.12000],20,Wednesday,10.0,64842.22,68.4,above,bull,LH_LL,-77.0,inside,38.6,64919.74,122.1,above,bull,mixed,59.7,inside,89.0,64796.77,279.0,above,bull,HH_HL,379.1,breakout_up,100.7,64796.77,654.8,above,bull,HH_HL,745.5,breakout_up,103.4,False,False,False,False,down,14.5,68.9,31.1,0.0,59.0,1000.0
3050417721,False,2026-08-06T04:21:15,2026-08-06T05:05:49,2674,44.6,BUY,0.01,64592.03,64842.03,2.5,True,250.0,0.387,2.53,5.6,264.1,29.7,[tp 64842.03000],4,Thursday,10.0,64558.35,48.1,above,bull,HH_HL,122.1,breakout_up,118.0,64519.72,96.2,below,bear,HH_HL,5.2,inside,50.6,64466.84,228.0,above,bull,mixed,-101.7,inside,55.4,64466.84,568.8,above,bull,LH_LL,360.6,inside,81.1,True,False,True,True,up,36.0,82.6,17.4,0.0,71.0,1000.0
3050417732,False,2026-08-06T04:21:16,2026-08-06T05:05:49,2673,44.5,BUY,0.01,64592.07,64842.03,2.5,True,250.0,0.387,2.53,5.6,264.1,29.7,[tp 64842.03000],4,Thursday,10.0,64558.35,48.1,above,bull,HH_HL,122.1,breakout_up,118.0,64519.72,96.2,below,bear,HH_HL,5.2,inside,50.6,64466.84,228.0,above,bull,mixed,-101.7,inside,55.4,64466.84,568.8,above,bull,LH_LL,360.6,inside,81.1,True,False,True,True,up,36.0,82.6,17.4,0.0,71.0,1000.0
3050677066,False,2026-08-06T06:14:15,2026-08-06T09:13:28,10753,179.2,SELL,0.01,64717.25,64732.36,-0.15,False,-15.1,-0.0233,-0.15,-0.1,43.3,210.3,KL-recov-close,6,Thursday,10.0,64781.76,77.2,above,bull,LH_LL,-57.6,inside,58.6,64850.53,99.4,above,bull,mixed,254.1,inside,85.4,64850.53,216.9,above,bull,HH_HL,272.9,inside,87.8,64466.84,568.8,above,bull,LH_LL,360.6,inside,81.1,False,False,False,False,up,12.8,95.9,0.0,4.1,59.0,1000.0
3050677099,False,2026-08-06T06:14:16,2026-08-06T07:14:43,3627,60.5,SELL,0.01,64717.49,64867.49,-1.5,False,-150.0,-0.2318,-1.48,-2.5,43.6,162.4,[sl 64867.49],6,Thursday,10.0,64781.76,77.2,above,bull,LH_LL,-57.6,inside,58.6,64850.53,99.4,above,bull,mixed,254.1,inside,85.4,64850.53,216.9,above,bull,HH_HL,272.9,inside,87.8,64466.84,568.8,above,bull,LH_LL,360.6,inside,81.1,False,False,False,False,up,12.8,95.9,0.0,4.1,59.0,1000.0
3050882519,False,2026-08-06T07:15:13,2026-08-06T07:42:03,1610,26.8,BUY,0.01,64878.65,64730.25,-1.49,False,-148.4,-0.2287,-1.37,-5.5,22.9,174.7,[sl 64730.25000],7,Thursday,10.0,64871.39,52.4,above,bull,HH_HL,102.3,breakout_up,109.6,64871.39,105.9,above,bull,HH_HL,20.9,inside,89.0,64793.43,201.6,above,bull,mixed,273.4,inside,83.0,64466.84,568.8,above,bull,LH_LL,360.6,inside,81.1,True,True,True,True,down,38.0,43.0,0.0,57.0,76.0,1000.0
3050882555,False,2026-08-06T07:15:14,2026-08-06T09:13:28,7094,118.2,BUY,0.01,64878.65,64720.33,-1.59,False,-158.3,-0.244,-1.46,-1.3,48.9,197.2,KL-recov-close,7,Thursday,10.0,64871.39,52.4,above,bull,HH_HL,102.3,breakout_up,109.6,64871.39,105.9,above,bull,HH_HL,20.9,inside,89.0,64793.43,201.6,above,bull,mixed,273.4,inside,83.0,64466.84,568.8,above,bull,LH_LL,360.6,inside,81.1,True,True,True,True,down,38.0,43.0,0.0,57.0,76.0,1000.0
3051000994,False,2026-08-06T07:53:11,2026-08-06T09:13:29,4818,80.3,SELL,0.01,64721.72,64730.33,-0.08,False,-8.6,-0.0133,-0.08,-0.1,40.3,205.9,KL-recov-close,7,Thursday,10.0,64769.22,52.0,below,bull,mixed,-100.5,inside,41.9,64747.94,110.7,above,bull,LH_LL,-11.7,inside,64.5,64793.43,201.6,above,bull,mixed,273.4,inside,83.0,64466.84,568.8,above,bull,LH_LL,360.6,inside,81.1,True,False,False,False,up,27.2,80.8,15.3,3.9,66.0,1000.0
3051001062,False,2026-08-06T07:53:12,2026-08-06T08:52:08,3536,58.9,SELL,0.01,64721.72,64871.74,-1.5,False,-150.0,-0.2318,-1.4,-2.5,40.3,185.4,[sl 64871.72000],7,Thursday,10.0,64769.22,52.0,below,bull,mixed,-100.5,inside,41.9,64747.94,110.7,above,bull,LH_LL,-11.7,inside,64.5,64793.43,201.6,above,bull,mixed,273.4,inside,83.0,64466.84,568.8,above,bull,LH_LL,360.6,inside,81.1,True,False,False,False,up,27.2,80.8,15.3,3.9,66.0,1000.0
3051246734,False,2026-08-06T08:53:17,2026-08-06T09:06:32,795,13.2,BUY,0.01,64932.23,64782.23,-1.5,False,-150.0,-0.231,-1.56,-11.3,-12.9,156.2,[sl 64782.23000],8,Thursday,10.0,64832.93,51.8,above,bull,HH_HL,70.2,inside,68.8,64813.6,95.9,above,bull,HH_HL,-18.8,inside,76.0,64744.07,196.4,above,bull,HH_HL,229.5,inside,78.8,64744.07,558.6,above,bull,HH_HL,730.0,inside,91.0,True,True,True,True,down,61.9,37.9,43.4,18.7,99.0,1000.0
3051246820,False,2026-08-06T08:53:17,2026-08-06T09:13:29,1212,20.2,BUY,0.01,64932.23,64721.29,-2.11,False,-210.9,-0.3249,-2.19,-10.4,-12.9,224.1,KL-recov-close,8,Thursday,10.0,64832.93,51.8,above,bull,HH_HL,70.2,inside,68.8,64813.6,95.9,above,bull,HH_HL,-18.8,inside,76.0,64744.07,196.4,above,bull,HH_HL,229.5,inside,78.8,64744.07,558.6,above,bull,HH_HL,730.0,inside,91.0,True,True,True,True,down,61.9,37.9,43.4,18.7,99.0,1000.0
3051331524,False,2026-08-06T09:12:01,2026-08-06T11:05:37,6816,113.6,SELL,0.01,64720.58,64470.58,2.5,True,250.0,0.3863,2.36,2.2,276.0,54.5,[tp 64470.58000],9,Thursday,10.0,64772.95,59.9,below,bull,LH_LL,-40.7,inside,37.2,64864.26,96.3,above,bull,HH_HL,116.3,inside,85.9,64864.26,200.2,above,bull,mixed,397.4,inside,89.0,64744.07,558.6,above,bull,HH_HL,730.0,inside,91.0,True,False,False,False,up,17.1,23.9,55.4,20.6,58.0,1000.0
3051335015,False,2026-08-06T09:12:56,2026-08-06T09:13:30,34,0.6,SELL,0.01,64723.07,64728.6,-0.06,False,-5.5,-0.0085,-0.05,-9.8,4.5,6.2,KL-recov-close,9,Thursday,10.0,64772.95,59.9,below,bull,LH_LL,-40.7,inside,37.2,64864.26,96.3,above,bull,HH_HL,116.3,inside,85.9,64864.26,200.2,above,bull,mixed,397.4,inside,89.0,64744.07,558.6,above,bull,HH_HL,730.0,inside,91.0,True,False,False,False,up,17.1,23.9,55.4,20.6,58.0,1000.0
3052741108,False,2026-08-06T13:41:09,2026-08-06T14:35:08,3239,54.0,BUY,0.01,64286.4,64530.1,2.44,True,243.7,0.3791,1.88,4.5,246.9,6.4,[tp 64530.10000],13,Thursday,10.0,64251.06,90.0,below,bear,HH_HL,65.6,inside,33.6,64173.48,118.1,below,bear,LH_LL,-238.8,inside,6.9,64339.23,206.8,below,bull,LH_LL,-404.8,inside,2.2,64549.28,546.2,above,bull,mixed,218.1,inside,84.0,False,False,False,True,up,54.4,69.4,0.6,30.0,100.0,1000.0
3052741222,False,2026-08-06T13:41:10,2026-08-06T14:35:08,3238,54.0,BUY,0.01,64286.4,64530.1,2.44,True,243.7,0.3791,1.88,4.5,246.9,6.4,[tp 64530.10000],13,Thursday,10.0,64251.06,90.0,below,bear,HH_HL,65.6,inside,33.6,64173.48,118.1,below,bear,LH_LL,-238.8,inside,6.9,64339.23,206.8,below,bull,LH_LL,-404.8,inside,2.2,64549.28,546.2,above,bull,mixed,218.1,inside,84.0,False,False,False,True,up,54.4,69.4,0.6,30.0,100.0,1000.0
3053172867,False,2026-08-06T14:35:14,2026-08-06T14:43:01,467,7.8,BUY,0.01,64494.380000000005,64745.09,2.51,True,250.7,0.3887,1.43,32.2,268.0,15.0,[tp 64745.09000],14,Thursday,10.0,64497.99,116.5,above,bull,mixed,98.1,inside,97.9,64347.51,150.2,below,bear,HH_HL,162.0,inside,37.8,64352.5,218.7,below,bear,LH_LL,-511.8,inside,7.2,64549.28,546.2,above,bull,mixed,218.1,inside,84.0,True,False,False,True,up,49.0,16.7,54.5,28.9,129.0,1000.0
3053172952,False,2026-08-06T14:35:15,2026-08-06T14:43:01,466,7.8,BUY,0.01,64507.26,64745.09,2.38,True,237.8,0.3687,1.36,30.6,255.1,27.9,[tp 64745.09000],14,Thursday,10.0,64497.99,116.5,above,bull,mixed,98.1,inside,97.9,64347.51,150.2,below,bear,HH_HL,162.0,inside,37.8,64352.5,218.7,below,bear,LH_LL,-511.8,inside,7.2,64549.28,546.2,above,bull,mixed,218.1,inside,84.0,True,False,False,True,up,49.0,16.7,54.5,28.9,129.0,1000.0
3053455563,False,2026-08-06T15:20:12,2026-08-06T18:07:04,10012,166.9,SELL,0.01,64673.84,64425.56,2.48,True,248.3,0.3839,1.24,1.5,265.2,137.1,[tp 64425.56000],15,Thursday,10.0,64686.52,139.2,above,bull,LH_LL,46.3,inside,70.4,64783.82,192.8,above,bull,HH_HL,431.3,breakout_up,100.5,64701.32,242.5,above,bull,HH_HL,89.0,inside,67.7,64549.28,546.2,above,bull,mixed,218.1,inside,84.0,False,False,False,False,up,54.5,18.7,21.1,60.1,130.0,1000.0
3053456829,False,2026-08-06T15:20:19,2026-08-06T18:33:03,11564,192.7,SELL,0.01,64676.23,64416.34,2.6,True,259.9,0.4018,1.29,1.3,290.8,134.7,[tp 64416.34000],15,Thursday,10.0,64686.52,139.2,above,bull,LH_LL,46.3,inside,70.4,64783.82,192.8,above,bull,HH_HL,431.3,breakout_up,100.5,64701.32,242.5,above,bull,HH_HL,89.0,inside,67.7,64549.28,546.2,above,bull,mixed,218.1,inside,84.0,False,False,False,False,up,54.5,18.7,21.1,60.1,130.0,1000.0
3054684692,False,2026-08-06T20:09:17,2026-08-07T01:33:05,19428,323.8,BUY,0.01,64479.09,64404.26,-0.75,False,-74.8,-0.1161,-0.71,-0.2,1.3,349.1,KL-recov-close,20,Thursday,10.0,64466.84,51.3,above,bear,HH_HL,94.8,inside,70.7,64388.46,109.2,below,bear,HH_HL,32.1,inside,14.9,64388.46,256.3,below,bear,LH_LL,-312.9,inside,35.5,64388.46,550.1,above,bull,mixed,-211.5,inside,78.2,True,False,False,True,down,26.5,60.6,0.0,39.4,63.0,1000.0
3054684856,False,2026-08-06T20:09:20,2026-08-06T22:00:55,6695,111.6,BUY,0.01,64478.65,64326.52,-1.52,False,-152.1,-0.2359,-1.45,-1.4,1.7,155.5,[sl 64328.82],20,Thursday,10.0,64466.84,51.3,above,bear,HH_HL,94.8,inside,70.7,64388.46,109.2,below,bear,HH_HL,32.1,inside,14.9,64388.46,256.3,below,bear,LH_LL,-312.9,inside,35.5,64388.46,550.1,above,bull,mixed,-211.5,inside,78.2,True,False,False,True,down,26.5,60.6,0.0,39.4,63.0,1000.0
3054871452,False,2026-08-06T22:22:19,2026-08-07T02:15:29,13990,233.2,SELL,0.01,64287.93,64474.21,-1.86,False,-186.3,-0.2898,-2.36,-0.8,158.0,187.7,[sl 64434.61000],22,Thursday,10.0,64350.68,47.4,below,bear,LH_LL,-39.5,inside,24.2,64378.32,76.3,below,bear,LH_LL,4.3,inside,17.4,64381.84,246.0,below,bear,LH_LL,-298.9,inside,34.7,64388.46,550.1,above,bull,mixed,-211.5,inside,78.2,True,True,True,False,down,25.3,81.9,7.2,10.9,65.0,1000.0
3055035579,False,2026-08-07T00:06:20,2026-08-07T01:33:06,5206,86.8,BUY,0.01,64324.18,64405.93,0.82,True,81.8,0.1271,0.98,0.9,90.6,159.0,KL-recov-close,0,Friday,10.0,64294.42,46.2,above,bear,mixed,137.4,inside,73.5,64268.64,76.4,below,bear,mixed,-21.3,inside,37.5,64268.64,227.6,below,bear,LH_LL,-92.9,inside,21.3,64268.64,529.5,above,bull,LH_LL,-198.2,inside,72.6,True,False,False,True,up,33.3,46.1,23.6,30.2,66.0,1000.0
3055315706,False,2026-08-07T02:26:13,2026-08-07T08:31:37,21924,365.4,SELL,0.01,64287.89,64440.32,-1.52,False,-152.4,-0.2371,-1.2,-0.4,191.6,157.2,[sl 64438.68000],2,Friday,10.0,64310.24,91.3,below,bull,LH_LL,-46.2,inside,41.3,64337.73,112.1,above,bear,LH_LL,76.3,inside,62.2,64356.44,235.4,below,bear,HH_HL,-17.6,inside,31.7,64268.64,529.5,above,bull,LH_LL,-198.2,inside,72.6,True,False,True,False,up,32.9,64.9,35.1,0.0,73.0,1000.0
3055315716,False,2026-08-07T02:26:13,2026-08-07T14:12:08,42355,705.9,SELL,0.01,64287.89,64743.16,-4.55,False,-455.3,-0.7082,-3.58,-0.6,191.6,1059.1,KL-recov-close,2,Friday,10.0,64310.24,91.3,below,bull,LH_LL,-46.2,inside,41.3,64337.73,112.1,above,bear,LH_LL,76.3,inside,62.2,64356.44,235.4,below,bear,HH_HL,-17.6,inside,31.7,64268.64,529.5,above,bull,LH_LL,-198.2,inside,72.6,True,False,True,False,up,32.9,64.9,35.1,0.0,73.0,1000.0
3056295051,False,2026-08-07T08:31:56,2026-08-07T09:11:34,2378,39.6,BUY,0.01,64418.04,64668.04,2.5,True,250.0,0.3881,2.27,6.3,284.4,32.2,[tp 64668.04000],8,Friday,10.0,64387.02,46.7,above,bull,HH_HL,112.5,breakout_up,102.6,64387.02,99.5,above,bull,HH_HL,107.8,inside,94.3,64261.25,183.5,below,bear,LH_LL,-69.2,inside,20.8,64261.25,496.1,above,bull,LH_LL,-288.0,inside,57.9,True,True,False,True,up,44.5,8.6,81.2,10.2,84.0,1000.0
3057585276,False,2026-08-07T12:31:07,2026-08-07T14:12:09,6062,101.0,SELL,0.01,64973.32,64755.87,2.17,True,217.4,0.3347,1.45,2.2,244.1,373.7,KL-recov-close,12,Friday,10.0,65072.56,92.4,above,bull,LH_LL,80.8,inside,61.2,65072.56,137.5,above,bull,mixed,161.6,inside,83.4,64971.66,226.0,above,bull,HH_HL,726.3,breakout_up,105.8,64971.66,522.2,above,bull,HH_HL,399.7,inside,98.7,False,False,False,False,up,121.0,30.8,19.7,49.5,201.0,1000.0
3057585862,False,2026-08-07T12:31:08,2026-08-07T12:32:25,77,1.3,SELL,0.01,64962.310000000005,65136.15,-1.74,False,-173.8,-0.2676,-1.16,-135.5,-27.7,187.3,[sl 65136.15000],12,Friday,10.0,65072.56,92.4,above,bull,LH_LL,80.8,inside,61.2,65072.56,137.5,above,bull,mixed,161.6,inside,83.4,64971.66,226.0,above,bull,HH_HL,726.3,breakout_up,105.8,64971.66,522.2,above,bull,HH_HL,399.7,inside,98.7,False,False,False,False,up,121.0,30.8,19.7,49.5,201.0,1000.0
3057849250,False,2026-08-07T12:41:13,2026-08-07T13:56:44,4531,75.5,BUY,0.01,65126.51,64975.32,-1.52,False,-151.2,-0.2321,-1.01,-2.0,220.5,158.1,[sl 64975.32000],12,Friday,10.0,65085.22,105.4,above,bull,LH_LL,-78.2,inside,55.5,65072.56,137.5,above,bull,mixed,161.6,inside,83.4,64971.66,226.0,above,bull,HH_HL,726.3,breakout_up,105.8,64971.66,522.2,above,bull,HH_HL,399.7,inside,98.7,True,True,True,True,up,61.6,36.1,2.1,61.8,102.0,1000.0
3058372039,False,2026-08-07T13:29:08,2026-08-07T14:02:19,1991,33.2,SELL,0.01,65101.8,64848.8,2.53,True,253.0,0.3886,1.58,7.6,264.8,194.0,[tp 64848.80000],13,Friday,10.0,65132.3,121.7,above,bull,mixed,-113.8,inside,49.2,65170.67,154.2,above,bull,mixed,199.0,inside,84.1,65246.05,246.7,above,bull,HH_HL,984.8,breakout_up,107.1,64971.66,522.2,above,bull,HH_HL,399.7,inside,98.7,False,False,False,False,up,32.2,91.7,8.3,0.0,70.0,1000.0
3058820320,False,2026-08-07T14:21:13,2026-08-07T15:02:36,2483,41.4,BUY,0.01,65040.74,64878.07,-1.63,False,-162.7,-0.2501,-0.7,-3.9,185.8,170.4,[sl 64878.07000],14,Friday,10.0,64943.1,155.1,below,bear,HH_HL,-140.1,inside,34.6,64780.92,203.4,below,bull,LH_LL,-465.1,inside,29.9,64965.77,260.4,above,bull,LH_LL,425.5,inside,69.5,64971.66,522.2,above,bull,HH_HL,399.7,inside,98.7,False,False,True,True,up,51.5,53.9,26.2,19.9,140.0,1000.0
3058820435,False,2026-08-07T14:21:14,2026-08-07T15:33:10,4316,71.9,BUY,0.01,65040.74,65076.61,0.36,True,35.9,0.0552,0.16,0.5,185.8,211.4,KL-recov-close,14,Friday,10.0,64943.1,155.1,below,bear,HH_HL,-140.1,inside,34.6,64780.92,203.4,below,bull,LH_LL,-465.1,inside,29.9,64965.77,260.4,above,bull,LH_LL,425.5,inside,69.5,64971.66,522.2,above,bull,HH_HL,399.7,inside,98.7,False,False,True,True,up,51.5,53.9,26.2,19.9,140.0,1000.0
3059265059,False,2026-08-07T15:33:09,2026-08-07T15:38:37,328,5.5,BUY,0.01,65086.39,64936.39,-1.5,False,-150.0,-0.2305,-0.63,-27.4,-44.1,168.3,[sl 64936.39000],15,Friday,10.0,64968.44,117.6,below,bear,HH_HL,139.1,inside,42.2,64968.44,244.0,above,bull,HH_HL,187.5,inside,38.7,64906.01,282.4,above,bull,LH_LL,119.0,inside,64.7,64971.66,522.2,above,bull,HH_HL,399.7,inside,98.7,False,True,True,True,down,56.9,82.5,17.5,0.0,90.0,1000.0
3059265245,False,2026-08-07T15:33:10,2026-08-07T19:20:51,13661,227.7,BUY,0.01,65086.86,64871.17,-2.16,False,-215.7,-0.3314,-0.91,-0.9,-44.6,625.2,KL-recov-close,15,Friday,10.0,64968.44,117.6,below,bear,HH_HL,139.1,inside,42.2,64968.44,244.0,above,bull,HH_HL,187.5,inside,38.7,64906.01,282.4,above,bull,LH_LL,119.0,inside,64.7,64971.66,522.2,above,bull,HH_HL,399.7,inside,98.7,False,True,True,True,down,56.9,82.5,17.5,0.0,90.0,1000.0
3059363710,False,2026-08-07T15:53:05,2026-08-07T17:02:28,4163,69.4,SELL,0.01,64914.94,64665.23,2.5,True,249.7,0.3847,1.07,3.6,271.2,110.9,[tp 64665.23000],15,Friday,10.0,64948.52,104.8,below,bear,LH_LL,-26.0,inside,44.1,64949.55,236.8,above,bull,HH_HL,-189.6,inside,35.7,64906.01,282.4,above,bull,LH_LL,119.0,inside,64.7,64971.66,522.2,above,bull,HH_HL,399.7,inside,98.7,True,False,False,False,down,43.9,73.7,3.7,22.6,74.0,1000.0
3059859186,False,2026-08-07T17:46:02,2026-08-07T19:20:52,5690,94.8,BUY,0.01,64672.0,64869.39,1.97,True,197.4,0.3052,1.22,2.1,202.8,73.1,KL-recov-close,17,Friday,10.0,64628.4,84.4,below,bear,HH_HL,-25.7,inside,29.6,64628.4,184.7,below,bear,LH_LL,-255.3,inside,12.4,64749.79,285.8,above,bull,LH_LL,-221.9,inside,52.3,64860.13,528.6,above,bull,HH_HL,471.7,inside,82.8,False,False,True,True,down,35.1,98.2,1.8,0.0,74.0,1000.0
3059859233,False,2026-08-07T17:46:02,2026-08-07T19:28:12,6130,102.2,BUY,0.01,64672.0,64922.0,2.5,True,250.0,0.3866,1.55,2.4,272.6,73.1,[tp 64922.00000],17,Friday,10.0,64628.4,84.4,below,bear,HH_HL,-25.7,inside,29.6,64628.4,184.7,below,bear,LH_LL,-255.3,inside,12.4,64749.79,285.8,above,bull,LH_LL,-221.9,inside,52.3,64860.13,528.6,above,bull,HH_HL,471.7,inside,82.8,False,False,True,True,down,35.1,98.2,1.8,0.0,74.0,1000.0
3060081217,False,2026-08-07T19:02:05,2026-08-07T19:20:52,1127,18.8,BUY,0.01,64776.48,64869.39,0.93,True,92.9,0.1434,0.67,4.9,98.3,60.4,KL-recov-close,19,Friday,10.0,64683.4,62.9,below,bear,HH_HL,-63.4,inside,59.1,64683.4,140.6,below,bear,LH_LL,55.0,inside,26.6,64683.4,298.2,above,bull,HH_HL,-282.4,inside,46.9,64860.13,528.6,above,bull,HH_HL,471.7,inside,82.8,False,False,True,True,down,53.5,92.9,0.0,7.1,71.0,1000.0
3060407417,False,2026-08-07T22:05:02,2026-08-08T22:51:38,89196,1486.6,SELL,0.01,64867.46,64911.54,-0.45,False,-44.1,-0.068,-0.51,-0.0,86.9,278.6,KL-recov-close,22,Friday,10.0,64865.96,40.6,below,bear,LH_LL,-104.6,breakout_dn,-9.3,64893.49,93.0,above,bull,LH_LL,-17.3,inside,71.3,64893.49,297.2,above,bull,mixed,143.7,inside,63.7,64917.91,549.7,above,bull,LH_LL,649.3,inside,78.3,True,False,False,False,up,17.9,49.4,10.9,39.8,56.0,1000.0
3060407621,False,2026-08-07T22:05:17,2026-08-08T03:33:19,19682,328.0,SELL,0.01,64861.19,65022.6,-1.62,False,-161.4,-0.2489,-1.86,-0.5,80.6,151.4,[sl 65014.54000],22,Friday,10.0,64865.96,40.6,below,bear,LH_LL,-104.6,breakout_dn,-9.3,64893.49,93.0,above,bull,LH_LL,-17.3,inside,71.3,64893.49,297.2,above,bull,mixed,143.7,inside,63.7,64917.91,549.7,above,bull,LH_LL,649.3,inside,78.3,True,False,False,False,up,17.9,49.4,10.9,39.8,56.0,1000.0
3060407625,False,2026-08-07T22:05:17,2026-08-08T22:51:39,89182,1486.4,SELL,0.01,64861.19,64911.57,-0.51,False,-50.4,-0.0777,-0.58,-0.0,80.6,284.8,KL-recov-close,22,Friday,10.0,64865.96,40.6,below,bear,LH_LL,-104.6,breakout_dn,-9.3,64893.49,93.0,above,bull,LH_LL,-17.3,inside,71.3,64893.49,297.2,above,bull,mixed,143.7,inside,63.7,64917.91,549.7,above,bull,LH_LL,649.3,inside,78.3,True,False,False,False,up,17.9,49.4,10.9,39.8,56.0,1000.0
3060917103,False,2026-08-08T19:13:05,2026-08-08T22:51:39,13114,218.6,SELL,0.01,64971.5,64911.57,0.6,True,59.9,0.0922,1.44,0.3,78.1,72.8,KL-recov-close,19,Saturday,10.0,64976.99,23.1,below,bear,LH_LL,-29.9,breakout_dn,-2.3,64994.89,41.9,below,bull,mixed,-83.8,inside,23.3,64994.89,82.9,above,bull,LH_LL,29.5,inside,58.6,65031.74,422.9,above,bull,mixed,113.8,inside,79.5,True,True,False,False,up,8.3,49.8,46.3,4.0,55.0,1000.0
3060917114,False,2026-08-08T19:13:05,2026-08-09T03:13:36,28831,480.5,SELL,0.01,64965.3,64721.5,2.43,True,243.8,0.3753,5.85,0.5,259.2,79.0,[tp 64721.50000],19,Saturday,10.0,64976.99,23.1,below,bear,LH_LL,-29.9,breakout_dn,-2.3,64994.89,41.9,below,bull,mixed,-83.8,inside,23.3,64994.89,82.9,above,bull,LH_LL,29.5,inside,58.6,65031.74,422.9,above,bull,mixed,113.8,inside,79.5,True,True,False,False,up,8.3,49.8,46.3,4.0,55.0,1000.0
3060917126,False,2026-08-08T19:13:06,2026-08-08T22:51:40,13114,218.6,SELL,0.01,64965.3,64911.59,0.53,True,53.7,0.0827,1.29,0.2,71.9,79.0,KL-recov-close,19,Saturday,10.0,64976.99,23.1,below,bear,LH_LL,-29.9,breakout_dn,-2.3,64994.89,41.9,below,bull,mixed,-83.8,inside,23.3,64994.89,82.9,above,bull,LH_LL,29.5,inside,58.6,65031.74,422.9,above,bull,mixed,113.8,inside,79.5,True,True,False,False,up,8.3,49.8,46.3,4.0,55.0,1000.0
3060919934,False,2026-08-08T19:17:08,2026-08-09T03:13:31,28583,476.4,SELL,0.01,64969.74,64726.93,2.43,True,242.8,0.3737,6.07,0.5,263.7,74.5,[tp 64726.93000],19,Saturday,10.0,64975.28,23.0,below,bear,LH_LL,-38.8,inside,2.2,64975.28,41.7,below,bear,LH_LL,-96.6,inside,7.6,64994.89,82.9,above,bull,LH_LL,29.5,inside,58.6,65031.74,422.9,above,bull,mixed,113.8,inside,79.5,True,True,False,False,up,14.6,27.9,36.2,35.9,58.0,1000.0
3061187022,False,2026-08-09T08:16:18,2026-08-09T08:44:36,1698,28.3,BUY,0.01,64887.47,64737.47,-1.5,False,-150.0,-0.2312,-4.54,-5.3,-2.1,154.2,[sl 64737.47000],8,Sunday,10.0,64858.39,21.7,above,bull,HH_HL,93.7,inside,85.3,64858.39,31.0,above,bull,HH_HL,63.4,breakout_up,137.9,64771.48,77.9,below,bear,mixed,13.9,inside,21.4,64771.48,318.0,above,bull,mixed,-151.2,inside,54.3,True,True,False,True,up,12.9,70.8,29.2,0.0,62.0,1000.0
3061187031,False,2026-08-09T08:16:19,2026-08-09T10:14:21,7082,118.0,BUY,0.01,64889.0,64893.14,0.04,True,4.1,0.0064,0.13,0.0,8.5,155.7,KL-recov-close,8,Sunday,10.0,64858.39,21.7,above,bull,HH_HL,93.7,inside,85.3,64858.39,31.0,above,bull,HH_HL,63.4,breakout_up,137.9,64771.48,77.9,below,bear,mixed,13.9,inside,21.4,64771.48,318.0,above,bull,mixed,-151.2,inside,54.3,True,True,False,True,up,12.9,70.8,29.2,0.0,62.0,1000.0
3061187042,False,2026-08-09T08:16:20,2026-08-09T10:14:02,7062,117.7,BUY,0.01,64887.34,64887.130000000005,0.0,False,-0.2,-0.0003,-0.01,-0.0,10.2,154.1,KL-d4-close,8,Sunday,10.0,64858.39,21.7,above,bull,HH_HL,93.7,inside,85.3,64858.39,31.0,above,bull,HH_HL,63.4,breakout_up,137.9,64771.48,77.9,below,bear,mixed,13.9,inside,21.4,64771.48,318.0,above,bull,mixed,-151.2,inside,54.3,True,True,False,True,up,12.9,70.8,29.2,0.0,62.0,1000.0
3061187045,False,2026-08-09T08:16:20,2026-08-09T10:14:02,7062,117.7,BUY,0.01,64887.34,64887.130000000005,0.0,False,-0.2,-0.0003,-0.01,-0.0,10.2,154.1,KL-recov-close,8,Sunday,10.0,64858.39,21.7,above,bull,HH_HL,93.7,inside,85.3,64858.39,31.0,above,bull,HH_HL,63.4,breakout_up,137.9,64771.48,77.9,below,bear,mixed,13.9,inside,21.4,64771.48,318.0,above,bull,mixed,-151.2,inside,54.3,True,True,False,True,up,12.9,70.8,29.2,0.0,62.0,1000.0
3061669689,False,2026-08-09T20:11:07,2026-08-09T22:33:07,8520,142.0,SELL,0.01,65054.48,65062.93,-0.09,False,-8.4,-0.013,-0.24,-0.1,63.5,383.7,KL-d4-close,20,Sunday,10.0,65092.44,20.2,below,bear,LH_LL,-58.0,breakout_dn,-14.0,65132.67,31.5,below,bull,LH_LL,-31.1,inside,14.1,65132.67,97.4,above,bull,LH_LL,-72.3,inside,79.5,65132.67,257.5,above,bull,mixed,224.0,inside,83.0,True,True,False,False,up,22.1,54.0,18.8,27.2,59.0,1000.0
3061669855,False,2026-08-09T20:11:20,2026-08-09T22:33:08,8508,141.8,SELL,0.01,65054.59,65064.34,-0.09,False,-9.8,-0.015,-0.27,-0.1,63.6,383.6,KL-recov-close,20,Sunday,10.0,65092.44,20.2,below,bear,LH_LL,-58.0,breakout_dn,-14.0,65132.67,31.5,below,bull,LH_LL,-31.1,inside,14.1,65132.67,97.4,above,bull,LH_LL,-72.3,inside,79.5,65132.67,257.5,above,bull,mixed,224.0,inside,83.0,True,True,False,False,up,22.1,54.0,18.8,27.2,59.0,1000.0
3061669868,False,2026-08-09T20:11:21,2026-08-09T21:40:01,5320,88.7,SELL,0.01,65054.6,65204.59,-1.5,False,-150.0,-0.2306,-4.22,-1.7,38.0,156.6,[sl 65204.59000],20,Sunday,10.0,65092.44,20.2,below,bear,LH_LL,-58.0,breakout_dn,-14.0,65132.67,31.5,below,bull,LH_LL,-31.1,inside,14.1,65132.67,97.4,above,bull,LH_LL,-72.3,inside,79.5,65132.67,257.5,above,bull,mixed,224.0,inside,83.0,True,True,False,False,up,22.1,54.0,18.8,27.2,59.0,1000.0
3061669876,False,2026-08-09T20:11:22,2026-08-09T22:33:06,8504,141.7,SELL,0.01,65054.6,65046.9,0.08,True,7.7,0.0118,0.22,0.1,63.6,383.6,KL-recov-close,20,Sunday,10.0,65092.44,20.2,below,bear,LH_LL,-58.0,breakout_dn,-14.0,65132.67,31.5,below,bull,LH_LL,-31.1,inside,14.1,65132.67,97.4,above,bull,LH_LL,-72.3,inside,79.5,65132.67,257.5,above,bull,mixed,224.0,inside,83.0,True,True,False,False,up,22.1,54.0,18.8,27.2,59.0,1000.0
3061837472,False,2026-08-09T22:10:18,2026-08-09T22:33:00,1362,22.7,BUY,0.01,65243.380000000005,65092.87,-1.5,False,-150.5,-0.2307,-2.17,-6.6,194.8,252.4,[sl 65092.87],22,Sunday,10.0,65227.45,39.4,above,bull,HH_HL,55.3,breakout_up,109.9,65141.59,49.4,above,bull,mixed,50.4,inside,64.2,65141.59,109.0,above,bull,HH_HL,-39.6,inside,81.0,65132.67,257.5,above,bull,mixed,224.0,inside,83.0,True,True,True,True,down,30.1,64.1,27.7,8.2,58.0,1000.0
3061903513,False,2026-08-09T22:25:03,2026-08-09T22:33:07,484,8.1,SELL,0.01,65160.92,65062.93,0.98,True,98.0,0.1504,1.17,12.1,169.9,41.1,KL-recov-close,22,Sunday,10.0,65160.45,72.2,below,bull,LH_LL,18.9,inside,25.7,65363.04,69.2,above,bull,HH_HL,272.4,breakout_up,178.0,65141.59,109.0,above,bull,HH_HL,-39.6,inside,81.0,65132.67,257.5,above,bull,mixed,224.0,inside,83.0,True,False,False,False,up,37.8,95.3,4.7,0.0,61.0,1000.0
3061903536,False,2026-08-09T22:25:04,2026-08-09T22:33:08,484,8.1,SELL,0.01,65160.76,65064.34,0.97,True,96.4,0.148,1.15,12.0,169.8,41.3,KL-d4-close,22,Sunday,10.0,65160.45,72.2,below,bull,LH_LL,18.9,inside,25.7,65363.04,69.2,above,bull,HH_HL,272.4,breakout_up,178.0,65141.59,109.0,above,bull,HH_HL,-39.6,inside,81.0,65132.67,257.5,above,bull,mixed,224.0,inside,83.0,True,False,False,False,up,37.8,95.3,4.7,0.0,61.0,1000.0
3061903568,False,2026-08-09T22:25:04,2026-08-09T22:33:09,485,8.1,SELL,0.01,65160.76,65067.9,0.93,True,92.9,0.1425,1.11,11.5,169.8,41.3,KL-recov-close,22,Sunday,10.0,65160.45,72.2,below,bull,LH_LL,18.9,inside,25.7,65363.04,69.2,above,bull,HH_HL,272.4,breakout_up,178.0,65141.59,109.0,above,bull,HH_HL,-39.6,inside,81.0,65132.67,257.5,above,bull,mixed,224.0,inside,83.0,True,False,False,False,up,37.8,95.3,4.7,0.0,61.0,1000.0
3062165438,False,2026-08-10T00:10:13,2026-08-10T00:11:05,52,0.9,BUY,0.01,64995.87,65244.96,2.49,True,249.1,0.3832,1.58,287.4,272.7,-133.3,[tp 65244.96000],0,Monday,10.0,64978.1,81.9,above,bear,HH_HL,133.2,inside,46.6,64844.33,127.2,below,bear,LH_LL,-138.3,inside,8.0,64844.33,149.4,below,bull,LH_LL,-305.7,inside,22.7,64844.33,260.1,above,bull,mixed,107.2,inside,60.1,True,False,False,True,up,175.4,98.1,0.0,1.9,151.0,1000.0
3062165451,False,2026-08-10T00:10:14,2026-08-10T00:11:05,51,0.8,BUY,0.01,64994.94,65245.87,2.51,True,250.9,0.3861,1.59,295.2,273.6,-134.2,[tp 65245.87000],0,Monday,10.0,64978.1,81.9,above,bear,HH_HL,133.2,inside,46.6,64844.33,127.2,below,bear,LH_LL,-138.3,inside,8.0,64844.33,149.4,below,bull,LH_LL,-305.7,inside,22.7,64844.33,260.1,above,bull,mixed,107.2,inside,60.1,True,False,False,True,up,175.4,98.1,0.0,1.9,151.0,1000.0
3062165478,False,2026-08-10T00:10:15,2026-08-10T00:11:05,50,0.8,BUY,0.01,64994.94,65244.94,2.5,True,250.0,0.3846,1.58,300.0,273.6,-134.2,[tp 65244.94000],0,Monday,10.0,64978.1,81.9,above,bear,HH_HL,133.2,inside,46.6,64844.33,127.2,below,bear,LH_LL,-138.3,inside,8.0,64844.33,149.4,below,bull,LH_LL,-305.7,inside,22.7,64844.33,260.1,above,bull,mixed,107.2,inside,60.1,True,False,False,True,up,175.4,98.1,0.0,1.9,151.0,1000.0
3062165577,False,2026-08-10T00:10:15,2026-08-10T00:11:05,50,0.8,BUY,0.01,64994.93,65244.94,2.5,True,250.0,0.3847,1.58,300.0,273.6,-134.2,[tp 65244.94000],0,Monday,10.0,64978.1,81.9,above,bear,HH_HL,133.2,inside,46.6,64844.33,127.2,below,bear,LH_LL,-138.3,inside,8.0,64844.33,149.4,below,bull,LH_LL,-305.7,inside,22.7,64844.33,260.1,above,bull,mixed,107.2,inside,60.1,True,False,False,True,up,175.4,98.1,0.0,1.9,151.0,1000.0
3062204179,False,2026-08-10T00:21:17,2026-08-10T01:49:26,5289,88.2,SELL,0.01,64975.99,65130.05,-1.54,False,-154.1,-0.2371,-0.91,-1.7,208.7,228.6,[sl 65130.05000],0,Monday,10.0,65043.41,94.2,above,bear,mixed,215.6,inside,53.6,65097.43,158.0,above,bear,HH_HL,78.3,inside,48.0,64844.33,149.4,below,bull,LH_LL,-305.7,inside,22.7,64844.33,260.1,above,bull,mixed,107.2,inside,60.1,False,False,True,False,down,39.2,85.9,0.0,14.1,91.0,1000.0
3062204219,False,2026-08-10T00:21:18,2026-08-10T02:17:34,6976,116.3,SELL,0.01,64982.48,64973.16,0.09,True,9.3,0.0143,0.06,0.1,215.1,366.2,KL-recov-close,0,Monday,10.0,65043.41,94.2,above,bear,mixed,215.6,inside,53.6,65097.43,158.0,above,bear,HH_HL,78.3,inside,48.0,64844.33,149.4,below,bull,LH_LL,-305.7,inside,22.7,64844.33,260.1,above,bull,mixed,107.2,inside,60.1,False,False,True,False,down,39.2,85.9,0.0,14.1,91.0,1000.0
3062204277,False,2026-08-10T00:21:19,2026-08-10T02:17:35,6976,116.3,SELL,0.01,64980.3,64972.6,0.07,True,7.7,0.0118,0.05,0.1,213.0,368.4,KL-d4-close,0,Monday,10.0,65043.41,94.2,above,bear,mixed,215.6,inside,53.6,65097.43,158.0,above,bear,HH_HL,78.3,inside,48.0,64844.33,149.4,below,bull,LH_LL,-305.7,inside,22.7,64844.33,260.1,above,bull,mixed,107.2,inside,60.1,False,False,True,False,down,39.2,85.9,0.0,14.1,91.0,1000.0
3062204293,False,2026-08-10T00:21:20,2026-08-10T02:17:32,6972,116.2,SELL,0.01,64981.21,64973.14,0.08,True,8.1,0.0124,0.05,0.1,213.9,367.5,KL-recov-close,0,Monday,10.0,65043.41,94.2,above,bear,mixed,215.6,inside,53.6,65097.43,158.0,above,bear,HH_HL,78.3,inside,48.0,64844.33,149.4,below,bull,LH_LL,-305.7,inside,22.7,64844.33,260.1,above,bull,mixed,107.2,inside,60.1,False,False,True,False,down,39.2,85.9,0.0,14.1,91.0,1000.0
3062519385,False,2026-08-10T02:16:11,2026-08-10T02:44:05,1674,27.9,SELL,0.01,64999.130000000005,65153.97,-1.55,False,-154.8,-0.2382,-0.79,-5.5,155.1,162.8,[sl 65149.13000],2,Monday,10.0,65056.64,96.7,above,bull,mixed,-128.0,inside,49.8,65056.64,190.9,above,bear,mixed,131.1,inside,43.1,65142.78,209.1,above,bull,HH_HL,52.1,inside,59.2,64844.33,260.1,above,bull,mixed,107.2,inside,60.1,False,False,False,False,down,18.6,60.4,0.0,39.6,73.0,1000.0
3062519394,False,2026-08-10T02:16:11,2026-08-10T02:17:33,82,1.4,SELL,0.01,64998.23,64973.14,0.25,True,25.1,0.0386,0.13,18.4,59.3,4.4,KL-recov-close,2,Monday,10.0,65056.64,96.7,above,bull,mixed,-128.0,inside,49.8,65056.64,190.9,above,bear,mixed,131.1,inside,43.1,65142.78,209.1,above,bull,HH_HL,52.1,inside,59.2,64844.33,260.1,above,bull,mixed,107.2,inside,60.1,False,False,False,False,down,18.6,60.4,0.0,39.6,73.0,1000.0
3062519400,False,2026-08-10T02:16:12,2026-08-10T02:17:34,82,1.4,SELL,0.01,64999.36,64973.16,0.26,True,26.2,0.0403,0.13,19.2,60.4,3.3,KL-recov-close,2,Monday,10.0,65056.64,96.7,above,bull,mixed,-128.0,inside,49.8,65056.64,190.9,above,bear,mixed,131.1,inside,43.1,65142.78,209.1,above,bull,HH_HL,52.1,inside,59.2,64844.33,260.1,above,bull,mixed,107.2,inside,60.1,False,False,False,False,down,18.6,60.4,0.0,39.6,73.0,1000.0
3062519416,False,2026-08-10T02:16:13,2026-08-10T02:17:35,82,1.4,SELL,0.01,64999.36,64972.6,0.26,True,26.8,0.0412,0.14,19.6,60.4,3.3,KL-d4-close,2,Monday,10.0,65056.64,96.7,above,bull,mixed,-128.0,inside,49.8,65056.64,190.9,above,bear,mixed,131.1,inside,43.1,65142.78,209.1,above,bull,HH_HL,52.1,inside,59.2,64844.33,260.1,above,bull,mixed,107.2,inside,60.1,False,False,False,False,down,18.6,60.4,0.0,39.6,73.0,1000.0
3062566156,False,2026-08-10T02:44:02,2026-08-10T03:24:34,2432,40.5,BUY,0.01,65135.17,65089.4,-0.46,False,-45.8,-0.0703,-0.22,-1.1,-0.9,286.4,KL-recov-close,2,Monday,10.0,64965.28,101.4,below,bear,HH_HL,-91.4,inside,25.0,64903.63,195.5,below,bear,LH_LL,-53.0,inside,20.3,65142.78,209.1,above,bull,HH_HL,52.1,inside,59.2,64844.33,260.1,above,bull,mixed,107.2,inside,60.1,False,False,True,True,up,43.7,35.6,64.4,0.0,92.0,1000.0
3062566398,False,2026-08-10T02:44:09,2026-08-10T03:25:49,2500,41.7,BUY,0.01,65163.12,65096.61,-0.66,False,-66.5,-0.1021,-0.32,-1.6,-28.9,314.3,KL-recov-close,2,Monday,10.0,64965.28,101.4,below,bear,HH_HL,-91.4,inside,25.0,64903.63,195.5,below,bear,LH_LL,-53.0,inside,20.3,65142.78,209.1,above,bull,HH_HL,52.1,inside,59.2,64844.33,260.1,above,bull,mixed,107.2,inside,60.1,False,False,True,True,up,43.7,35.6,64.4,0.0,92.0,1000.0
3062566408,False,2026-08-10T02:44:10,2026-08-10T03:25:47,2497,41.6,BUY,0.01,65163.12,65099.77,-0.63,False,-63.3,-0.0972,-0.31,-1.5,-28.9,314.3,KL-d4-close,2,Monday,10.0,64965.28,101.4,below,bear,HH_HL,-91.4,inside,25.0,64903.63,195.5,below,bear,LH_LL,-53.0,inside,20.3,65142.78,209.1,above,bull,HH_HL,52.1,inside,59.2,64844.33,260.1,above,bull,mixed,107.2,inside,60.1,False,False,True,True,up,43.7,35.6,64.4,0.0,92.0,1000.0
3062566545,False,2026-08-10T02:44:19,2026-08-10T03:04:12,1193,19.9,BUY,0.01,65158.25,64999.77,-1.58,False,-158.5,-0.2432,-0.77,-8.0,-24.0,176.8,[sl 64999.77],2,Monday,10.0,64965.28,101.4,below,bear,HH_HL,-91.4,inside,25.0,64903.63,195.5,below,bear,LH_LL,-53.0,inside,20.3,65142.78,209.1,above,bull,HH_HL,52.1,inside,59.2,64844.33,260.1,above,bull,mixed,107.2,inside,60.1,False,False,True,True,up,43.7,35.6,64.4,0.0,92.0,1000.0
3062601379,False,2026-08-10T03:12:07,2026-08-10T03:25:51,824,13.7,SELL,0.01,64960.08,65110.08,-1.5,False,-150.0,-0.2309,-0.73,-10.9,111.3,159.2,[sl 65110.08000],3,Monday,10.0,65026.9,85.8,above,bull,LH_LL,-106.9,inside,37.1,65036.42,201.9,above,bull,mixed,116.4,inside,40.1,65036.42,228.3,above,bull,mixed,-105.2,inside,43.0,64844.33,260.1,above,bull,mixed,107.2,inside,60.1,False,False,False,False,down,35.2,61.3,6.9,31.8,81.0,1000.0
3062613125,False,2026-08-10T03:21:04,2026-08-10T03:25:48,284,4.7,BUY,0.01,65035.78,65096.61,0.61,True,60.8,0.0935,0.28,12.9,83.5,36.3,KL-d4-close,3,Monday,10.0,64979.6,91.6,below,bear,LH_LL,-62.1,inside,27.8,64900.16,206.0,below,bear,LH_LL,-242.6,inside,19.8,65036.42,228.3,above,bull,mixed,-105.2,inside,43.0,64844.33,260.1,above,bull,mixed,107.2,inside,60.1,False,False,True,True,down,28.4,82.3,0.0,17.7,68.0,1000.0
3062613137,False,2026-08-10T03:21:04,2026-08-10T03:25:50,286,4.8,BUY,0.01,65035.71,65096.09,0.6,True,60.4,0.0928,0.28,12.7,83.6,36.2,KL-recov-close,3,Monday,10.0,64979.6,91.6,below,bear,LH_LL,-62.1,inside,27.8,64900.16,206.0,below,bear,LH_LL,-242.6,inside,19.8,65036.42,228.3,above,bull,mixed,-105.2,inside,43.0,64844.33,260.1,above,bull,mixed,107.2,inside,60.1,False,False,True,True,down,28.4,82.3,0.0,17.7,68.0,1000.0
3062613334,False,2026-08-10T03:21:12,2026-08-10T03:24:34,202,3.4,BUY,0.01,65019.01,65083.8,0.65,True,64.8,0.0996,0.3,19.2,75.6,19.5,KL-recov-close,3,Monday,10.0,64979.6,91.6,below,bear,LH_LL,-62.1,inside,27.8,64900.16,206.0,below,bear,LH_LL,-242.6,inside,19.8,65036.42,228.3,above,bull,mixed,-105.2,inside,43.0,64844.33,260.1,above,bull,mixed,107.2,inside,60.1,False,False,True,True,down,28.4,82.3,0.0,17.7,68.0,1000.0
3062653119,False,2026-08-10T03:56:05,2026-08-10T09:37:44,20499,341.6,SELL,0.01,64919.58,65021.51,-1.02,False,-101.9,-0.157,-0.55,-0.3,59.9,402.8,KL-recov-close,3,Monday,10.0,64933.62,85.1,below,bear,LH_LL,-36.6,inside,28.2,64976.24,191.8,below,bear,mixed,72.6,inside,35.9,65036.42,228.3,above,bull,mixed,-105.2,inside,43.0,64844.33,260.1,above,bull,mixed,107.2,inside,60.1,True,True,False,False,up,27.2,20.8,79.2,0.0,59.0,1000.0
3062653123,False,2026-08-10T03:56:06,2026-08-10T09:40:28,20662,344.4,SELL,0.01,64919.61,65014.69,-0.95,False,-95.1,-0.1465,-0.51,-0.3,60.0,402.8,KL-d4-close,3,Monday,10.0,64933.62,85.1,below,bear,LH_LL,-36.6,inside,28.2,64976.24,191.8,below,bear,mixed,72.6,inside,35.9,65036.42,228.3,above,bull,mixed,-105.2,inside,43.0,64844.33,260.1,above,bull,mixed,107.2,inside,60.1,True,True,False,False,up,27.2,20.8,79.2,0.0,59.0,1000.0
3062653129,False,2026-08-10T03:56:07,2026-08-10T09:37:54,20507,341.8,SELL,0.01,64919.61,65021.79,-1.02,False,-102.2,-0.1574,-0.55,-0.3,60.0,402.8,KL-recov-close,3,Monday,10.0,64933.62,85.1,below,bear,LH_LL,-36.6,inside,28.2,64976.24,191.8,below,bear,mixed,72.6,inside,35.9,65036.42,228.3,above,bull,mixed,-105.2,inside,43.0,64844.33,260.1,above,bull,mixed,107.2,inside,60.1,True,True,False,False,up,27.2,20.8,79.2,0.0,59.0,1000.0
3062653131,False,2026-08-10T03:56:07,2026-08-10T05:53:10,7023,117.0,SELL,0.01,64919.64,65069.61,-1.5,False,-150.0,-0.231,-0.81,-1.3,60.0,143.0,[sl 65069.61],3,Monday,10.0,64933.62,85.1,below,bear,LH_LL,-36.6,inside,28.2,64976.24,191.8,below,bear,mixed,72.6,inside,35.9,65036.42,228.3,above,bull,mixed,-105.2,inside,43.0,64844.33,260.1,above,bull,mixed,107.2,inside,60.1,True,True,False,False,up,27.2,20.8,79.2,0.0,59.0,1000.0
3062914012,False,2026-08-10T05:55:16,2026-08-10T09:46:04,13848,230.8,BUY,0.01,65096.42,64946.26,-1.5,False,-150.2,-0.2307,-1.17,-0.7,226.0,163.4,[sl 64946.51000],5,Monday,10.0,65072.69,49.8,above,bull,mixed,79.1,breakout_up,114.2,65026.08,135.5,above,bear,HH_HL,63.8,inside,44.5,64948.86,226.3,below,bear,mixed,104.5,inside,30.6,64919.98,261.4,above,bull,LH_LL,148.5,inside,61.4,True,True,False,True,up,30.5,47.4,52.6,0.0,75.0,1000.0
3063752830,False,2026-08-10T09:26:10,2026-08-10T09:37:54,704,11.7,SELL,0.01,65125.03,65021.79,1.03,True,103.2,0.1585,1.06,8.8,113.7,0.1,KL-recov-close,9,Monday,10.0,65140.88,46.4,below,bear,LH_LL,-45.2,inside,8.3,65167.77,100.8,above,bull,LH_LL,16.0,inside,66.6,65186.1,259.4,above,bull,LH_LL,266.1,inside,62.4,65151.77,275.1,above,bull,mixed,259.6,inside,78.7,True,False,False,False,up,12.0,34.9,48.8,16.2,55.0,1000.0
3063753788,False,2026-08-10T09:26:20,2026-08-10T09:37:45,685,11.4,SELL,0.01,65129.380000000005,65021.51,1.07,True,107.9,0.1656,1.1,9.4,118.1,-4.2,KL-recov-close,9,Monday,10.0,65140.88,46.4,below,bear,LH_LL,-45.2,inside,8.3,65167.77,100.8,above,bull,LH_LL,16.0,inside,66.6,65186.1,259.4,above,bull,LH_LL,266.1,inside,62.4,65151.77,275.1,above,bull,mixed,259.6,inside,78.7,True,False,False,False,up,12.0,34.9,48.8,16.2,55.0,1000.0
3063753826,False,2026-08-10T09:26:20,2026-08-10T09:40:29,849,14.2,SELL,0.01,65129.380000000005,65014.69,1.14,True,114.7,0.1761,1.17,8.1,130.9,-4.2,KL-d4-close,9,Monday,10.0,65140.88,46.4,below,bear,LH_LL,-45.2,inside,8.3,65167.77,100.8,above,bull,LH_LL,16.0,inside,66.6,65186.1,259.4,above,bull,LH_LL,266.1,inside,62.4,65151.77,275.1,above,bull,mixed,259.6,inside,78.7,True,False,False,False,up,12.0,34.9,48.8,16.2,55.0,1000.0
3064473615,False,2026-08-10T12:03:15,2026-08-11T03:12:36,54561,909.4,BUY,0.01,65154.7,64035.85,-11.19,False,-1118.9,-1.7172,-13.58,-1.2,1.4,1423.1,KL-recov-close,12,Monday,10.0,65069.48,42.0,above,bull,HH_HL,28.1,breakout_up,117.3,65069.48,79.9,above,bear,HH_HL,119.6,inside,40.9,65069.48,278.4,above,bull,HH_HL,-173.0,inside,45.0,65069.48,284.5,above,bull,mixed,-105.9,inside,72.5,True,True,True,True,down,66.7,48.9,9.8,41.3,90.0,1000.0
3064473657,False,2026-08-10T12:03:15,2026-08-10T12:26:20,1385,23.1,BUY,0.01,65154.7,65001.08,-1.54,False,-153.6,-0.2358,-1.87,-6.7,1.4,166.5,[sl 65003.44000],12,Monday,10.0,65069.48,42.0,above,bull,HH_HL,28.1,breakout_up,117.3,65069.48,79.9,above,bear,HH_HL,119.6,inside,40.9,65069.48,278.4,above,bull,HH_HL,-173.0,inside,45.0,65069.48,284.5,above,bull,mixed,-105.9,inside,72.5,True,True,True,True,down,66.7,48.9,9.8,41.3,90.0,1000.0
3064473758,False,2026-08-10T12:03:17,2026-08-11T03:12:35,54558,909.3,BUY,0.01,65152.55,64035.04,-11.18,False,-1117.5,-1.7152,-13.57,-1.2,3.6,1421.0,KL-d4-close,12,Monday,10.0,65069.48,42.0,above,bull,HH_HL,28.1,breakout_up,117.3,65069.48,79.9,above,bear,HH_HL,119.6,inside,40.9,65069.48,278.4,above,bull,HH_HL,-173.0,inside,45.0,65069.48,284.5,above,bull,mixed,-105.9,inside,72.5,True,True,True,True,down,66.7,48.9,9.8,41.3,90.0,1000.0
3064473830,False,2026-08-10T12:03:18,2026-08-11T03:12:33,54555,909.2,BUY,0.01,65148.11,64033.51,-11.14,False,-1114.6,-1.7109,-13.53,-1.2,8.0,1416.5,KL-recov-close,12,Monday,10.0,65069.48,42.0,above,bull,HH_HL,28.1,breakout_up,117.3,65069.48,79.9,above,bear,HH_HL,119.6,inside,40.9,65069.48,278.4,above,bull,HH_HL,-173.0,inside,45.0,65069.48,284.5,above,bull,mixed,-105.9,inside,72.5,True,True,True,True,down,66.7,48.9,9.8,41.3,90.0,1000.0
3065290292,False,2026-08-10T14:02:02,2026-08-10T15:13:01,4259,71.0,BUY,0.01,64616.19,64476.25,-1.4,False,-139.9,-0.2166,-1.06,-2.0,211.1,151.8,[sl 64476.94],14,Monday,10.0,64498.21,109.9,below,bear,mixed,-128.6,inside,8.8,64498.21,119.7,below,bear,LH_LL,-460.1,breakout_dn,-6.1,64498.21,284.8,below,bear,LH_LL,-687.9,breakout_dn,-40.1,65069.48,284.5,above,bull,mixed,-105.9,inside,72.5,False,False,False,True,down,52.4,22.8,38.1,39.1,104.0,1000.0
3065290525,False,2026-08-10T14:02:03,2026-08-11T03:12:34,47431,790.5,BUY,0.01,64616.09,64034.79,-5.81,False,-581.3,-0.8996,-4.42,-0.7,211.2,884.5,KL-recov-close,14,Monday,10.0,64498.21,109.9,below,bear,mixed,-128.6,inside,8.8,64498.21,119.7,below,bear,LH_LL,-460.1,breakout_dn,-6.1,64498.21,284.8,below,bear,LH_LL,-687.9,breakout_dn,-40.1,65069.48,284.5,above,bull,mixed,-105.9,inside,72.5,False,False,False,True,down,52.4,22.8,38.1,39.1,104.0,1000.0
3065290644,False,2026-08-10T14:02:04,2026-08-11T03:12:37,47433,790.5,BUY,0.01,64616.09,64036.12,-5.8,False,-580.0,-0.8976,-4.41,-0.7,211.2,884.5,KL-d4-close,14,Monday,10.0,64498.21,109.9,below,bear,mixed,-128.6,inside,8.8,64498.21,119.7,below,bear,LH_LL,-460.1,breakout_dn,-6.1,64498.21,284.8,below,bear,LH_LL,-687.9,breakout_dn,-40.1,65069.48,284.5,above,bull,mixed,-105.9,inside,72.5,False,False,False,True,down,52.4,22.8,38.1,39.1,104.0,1000.0
3065290740,False,2026-08-10T14:02:05,2026-08-11T03:12:38,47433,790.5,BUY,0.01,64616.12,64036.04,-5.8,False,-580.1,-0.8977,-4.41,-0.7,211.2,884.5,KL-recov-close,14,Monday,10.0,64498.21,109.9,below,bear,mixed,-128.6,inside,8.8,64498.21,119.7,below,bear,LH_LL,-460.1,breakout_dn,-6.1,64498.21,284.8,below,bear,LH_LL,-687.9,breakout_dn,-40.1,65069.48,284.5,above,bull,mixed,-105.9,inside,72.5,False,False,False,True,down,52.4,22.8,38.1,39.1,104.0,1000.0
3066537309,False,2026-08-10T17:13:14,2026-08-11T03:12:35,35961,599.4,BUY,0.01,63946.33,64035.04,0.89,True,88.7,0.1387,0.43,0.1,206.5,214.7,KL-recov-close,17,Monday,10.0,63876.55,115.2,below,bear,mixed,-30.2,inside,20.4,63836.57,216.6,below,bear,LH_LL,-445.9,breakout_dn,-2.8,63836.57,292.8,below,bear,LH_LL,-1232.9,breakout_dn,-22.2,64232.95,352.4,below,bull,LH_LL,-899.7,inside,10.2,False,False,False,False,up,23.0,16.0,37.8,46.2,70.0,1000.0
3066537349,False,2026-08-10T17:13:15,2026-08-10T18:36:31,4996,83.3,BUY,0.01,63943.98,63747.69,-1.96,False,-196.3,-0.307,-0.95,-2.4,15.6,212.4,[sl 63796.33000],17,Monday,10.0,63876.55,115.2,below,bear,mixed,-30.2,inside,20.4,63836.57,216.6,below,bear,LH_LL,-445.9,breakout_dn,-2.8,63836.57,292.8,below,bear,LH_LL,-1232.9,breakout_dn,-22.2,64232.95,352.4,below,bull,LH_LL,-899.7,inside,10.2,False,False,False,False,up,23.0,16.0,37.8,46.2,70.0,1000.0
3066537375,False,2026-08-10T17:13:16,2026-08-11T03:12:39,35963,599.4,BUY,0.01,63943.98,64036.04,0.92,True,92.1,0.144,0.45,0.2,208.9,212.4,KL-d4-close,17,Monday,10.0,63876.55,115.2,below,bear,mixed,-30.2,inside,20.4,63836.57,216.6,below,bear,LH_LL,-445.9,breakout_dn,-2.8,63836.57,292.8,below,bear,LH_LL,-1232.9,breakout_dn,-22.2,64232.95,352.4,below,bull,LH_LL,-899.7,inside,10.2,False,False,False,False,up,23.0,16.0,37.8,46.2,70.0,1000.0
3066537401,False,2026-08-10T17:13:16,2026-08-11T03:12:39,35963,599.4,BUY,0.01,63943.75,64035.21,0.91,True,91.5,0.143,0.44,0.2,209.1,212.2,KL-recov-close,17,Monday,10.0,63876.55,115.2,below,bear,mixed,-30.2,inside,20.4,63836.57,216.6,below,bear,LH_LL,-445.9,breakout_dn,-2.8,63836.57,292.8,below,bear,LH_LL,-1232.9,breakout_dn,-22.2,64232.95,352.4,below,bull,LH_LL,-899.7,inside,10.2,False,False,False,False,up,23.0,16.0,37.8,46.2,70.0,1000.0
3066945258,False,2026-08-10T18:37:10,2026-08-10T19:21:36,2666,44.4,SELL,0.01,63747.61,63904.75,-1.57,False,-157.1,-0.2465,-0.89,-3.5,15.8,151.0,[sl 63904.75000],18,Monday,10.0,63838.36,80.5,below,bear,LH_LL,-61.1,inside,41.4,63825.68,180.4,below,bear,mixed,-91.0,inside,6.3,63883.24,288.0,below,bear,mixed,-929.8,inside,7.7,64232.95,352.4,below,bull,LH_LL,-899.7,inside,10.2,True,True,True,True,down,44.3,32.9,42.5,24.6,98.0,1000.0
3067189291,False,2026-08-10T19:26:04,2026-08-11T03:12:36,27992,466.5,BUY,0.01,63933.380000000005,64035.85,1.03,True,102.5,0.1603,0.7,0.2,219.5,111.5,KL-recov-close,19,Monday,10.0,63913.66,63.9,above,bear,HH_HL,94.9,inside,79.9,63856.11,148.9,below,bear,HH_HL,-27.1,inside,11.4,63818.81,290.4,below,bear,LH_LL,-679.4,inside,3.9,64232.95,352.4,below,bull,LH_LL,-899.7,inside,10.2,True,False,False,False,down,11.9,10.1,70.4,19.4,53.0,1000.0
3067189504,False,2026-08-10T19:26:06,2026-08-11T03:12:40,27994,466.6,BUY,0.01,63934.78,64035.5,1.01,True,100.7,0.1575,0.69,0.2,218.1,112.9,KL-d4-close,19,Monday,10.0,63913.66,63.9,above,bear,HH_HL,94.9,inside,79.9,63856.11,148.9,below,bear,HH_HL,-27.1,inside,11.4,63818.81,290.4,below,bear,LH_LL,-679.4,inside,3.9,64232.95,352.4,below,bull,LH_LL,-899.7,inside,10.2,True,False,False,False,down,11.9,10.1,70.4,19.4,53.0,1000.0
3067189564,False,2026-08-10T19:26:07,2026-08-11T06:54:44,41317,688.6,BUY,0.01,63934.78,63776.43,-1.59,False,-158.3,-0.2477,-1.09,-0.2,218.1,158.3,[sl 63784.78000],19,Monday,10.0,63913.66,63.9,above,bear,HH_HL,94.9,inside,79.9,63856.11,148.9,below,bear,HH_HL,-27.1,inside,11.4,63818.81,290.4,below,bear,LH_LL,-679.4,inside,3.9,64232.95,352.4,below,bull,LH_LL,-899.7,inside,10.2,True,False,False,False,down,11.9,10.1,70.4,19.4,53.0,1000.0
3067189632,False,2026-08-10T19:26:08,2026-08-11T03:12:41,27993,466.6,BUY,0.01,63934.75,64035.5,1.01,True,100.8,0.1576,0.69,0.2,218.1,112.8,KL-recov-close,19,Monday,10.0,63913.66,63.9,above,bear,HH_HL,94.9,inside,79.9,63856.11,148.9,below,bear,HH_HL,-27.1,inside,11.4,63818.81,290.4,below,bear,LH_LL,-679.4,inside,3.9,64232.95,352.4,below,bull,LH_LL,-899.7,inside,10.2,True,False,False,False,down,11.9,10.1,70.4,19.4,53.0,1000.0
3068326026,False,2026-08-11T03:12:11,2026-08-11T03:12:38,27,0.5,BUY,0.01,64037.98,64036.12,-0.02,False,-1.9,-0.0029,-0.02,-4.1,,,KL-recov-close,3,Tuesday,10.0,64008.3,29.6,above,bull,HH_HL,26.5,inside,88.6,63976.29,77.2,above,bear,mixed,55.1,inside,76.4,63976.29,257.1,below,bear,HH_HL,62.2,inside,15.4,63909.45,388.6,below,bear,mixed,-1010.5,inside,10.4,True,True,False,False,up,22.8,80.2,3.1,16.7,62.0,1000.0
3068326040,False,2026-08-11T03:12:12,2026-08-11T03:12:42,30,0.5,BUY,0.01,64040.67,64037.18,-0.04,False,-3.5,-0.0054,-0.05,-7.0,,,KL-recov-close,3,Tuesday,10.0,64008.3,29.6,above,bull,HH_HL,26.5,inside,88.6,63976.29,77.2,above,bear,mixed,55.1,inside,76.4,63976.29,257.1,below,bear,HH_HL,62.2,inside,15.4,63909.45,388.6,below,bear,mixed,-1010.5,inside,10.4,True,True,False,False,up,22.8,80.2,3.1,16.7,62.0,1000.0
3068326059,False,2026-08-11T03:12:13,2026-08-11T03:12:41,28,0.5,BUY,0.01,64040.01,64036.39,-0.04,False,-3.6,-0.0057,-0.05,-7.8,,,KL-d4-close,3,Tuesday,10.0,64008.3,29.6,above,bull,HH_HL,26.5,inside,88.6,63976.29,77.2,above,bear,mixed,55.1,inside,76.4,63976.29,257.1,below,bear,HH_HL,62.2,inside,15.4,63909.45,388.6,below,bear,mixed,-1010.5,inside,10.4,True,True,False,False,up,22.8,80.2,3.1,16.7,62.0,1000.0
3068597925,False,2026-08-11T05:21:20,2026-08-11T09:19:21,14281,238.0,SELL,0.01,63892.43,64120.7,-2.29,False,-228.3,-0.3573,-4.17,-1.0,116.0,218.3,KL-recov-close,5,Tuesday,10.0,63947.39,29.0,below,bear,LH_LL,-27.8,inside,12.7,63982.32,54.6,below,bull,LH_LL,-90.7,inside,54.4,63961.01,217.2,below,bear,LH_LL,51.6,inside,14.9,64073.02,398.9,below,bear,LH_LL,-1078.8,inside,20.0,True,True,True,True,down,15.3,17.3,5.6,77.1,52.0,1000.0
3068597944,False,2026-08-11T05:21:21,2026-08-11T13:35:52,29671,494.5,SELL,0.01,63892.43,64051.21,-1.59,False,-158.8,-0.2485,-2.9,-0.3,116.0,541.7,KL-recov-close,5,Tuesday,10.0,63947.39,29.0,below,bear,LH_LL,-27.8,inside,12.7,63982.32,54.6,below,bull,LH_LL,-90.7,inside,54.4,63961.01,217.2,below,bear,LH_LL,51.6,inside,14.9,64073.02,398.9,below,bear,LH_LL,-1078.8,inside,20.0,True,True,True,True,down,15.3,17.3,5.6,77.1,52.0,1000.0
3068597979,False,2026-08-11T05:21:21,2026-08-11T13:35:31,29650,494.2,SELL,0.01,63892.43,64042.21,-1.5,False,-149.8,-0.2344,-2.73,-0.3,116.0,541.7,KL-d4-close,5,Tuesday,10.0,63947.39,29.0,below,bear,LH_LL,-27.8,inside,12.7,63982.32,54.6,below,bull,LH_LL,-90.7,inside,54.4,63961.01,217.2,below,bear,LH_LL,51.6,inside,14.9,64073.02,398.9,below,bear,LH_LL,-1078.8,inside,20.0,True,True,True,True,down,15.3,17.3,5.6,77.1,52.0,1000.0
3069148574,False,2026-08-11T07:36:09,2026-08-11T09:59:53,8624,143.7,BUY,0.01,63988.94,64237.67,2.49,True,248.7,0.3887,2.9,1.7,254.4,23.6,[tp 64237.67000],7,Tuesday,10.0,63922.69,54.9,above,bear,HH_HL,10.9,inside,69.4,63840.26,75.5,below,bear,LH_LL,-125.0,inside,18.8,63900.19,162.7,below,bear,LH_LL,-92.8,inside,11.5,64073.02,398.9,below,bear,LH_LL,-1078.8,inside,20.0,True,False,False,False,down,17.6,5.6,42.0,52.4,60.0,1000.0
3070714742,False,2026-08-11T13:04:15,2026-08-11T13:35:53,1898,31.6,SELL,0.01,64209.03,64051.21,1.58,True,157.8,0.2458,1.76,5.0,183.1,108.2,KL-recov-close,13,Tuesday,10.0,64264.16,52.3,below,bear,LH_LL,-42.1,inside,19.3,64264.16,87.6,above,bull,mixed,-15.1,inside,63.7,64264.16,151.7,above,bear,HH_HL,270.7,inside,85.8,64322.56,416.8,below,bear,HH_HL,89.6,inside,34.6,True,False,False,True,up,33.8,79.3,5.1,15.6,67.0,1000.0
3070714842,False,2026-08-11T13:04:16,2026-08-11T14:24:24,4808,80.1,SELL,0.01,64209.060000000005,63959.03,2.5,True,250.0,0.3894,2.78,3.1,323.2,108.2,[tp 63959.03000],13,Tuesday,10.0,64264.16,52.3,below,bear,LH_LL,-42.1,inside,19.3,64264.16,87.6,above,bull,mixed,-15.1,inside,63.7,64264.16,151.7,above,bear,HH_HL,270.7,inside,85.8,64322.56,416.8,below,bear,HH_HL,89.6,inside,34.6,True,False,False,True,up,33.8,79.3,5.1,15.6,67.0,1000.0
3070715097,False,2026-08-11T13:04:17,2026-08-11T13:35:31,1874,31.2,SELL,0.01,64214.11,64057.04,1.57,True,157.1,0.2446,1.75,5.0,188.2,103.1,KL-d4-close,13,Tuesday,10.0,64264.16,52.3,below,bear,LH_LL,-42.1,inside,19.3,64264.16,87.6,above,bull,mixed,-15.1,inside,63.7,64264.16,151.7,above,bear,HH_HL,270.7,inside,85.8,64322.56,416.8,below,bear,HH_HL,89.6,inside,34.6,True,False,False,True,up,33.8,79.3,5.1,15.6,67.0,1000.0
3071263645,False,2026-08-11T14:16:09,2026-08-12T01:40:41,41072,684.5,BUY,0.01,64204.97,63727.94,-4.77,False,-477.0,-0.743,-3.56,-0.7,-22.4,1044.2,KL-bb15-close,14,Tuesday,10.0,64153.63,101.5,below,bear,mixed,43.9,inside,49.4,64153.63,113.4,below,bull,HH_HL,-110.5,inside,38.4,64139.71,167.3,below,bear,LH_LL,67.3,inside,58.1,64322.56,416.8,below,bear,HH_HL,89.6,inside,34.6,False,False,False,False,down,52.4,18.3,36.7,44.9,104.0,1000.0
3071263693,False,2026-08-11T14:16:10,2026-08-12T01:44:22,41292,688.2,BUY,0.01,64210.89,63747.67,-4.63,False,-463.2,-0.7214,-3.46,-0.7,-28.3,1050.1,KL-recov-close,14,Tuesday,10.0,64153.63,101.5,below,bear,mixed,43.9,inside,49.4,64153.63,113.4,below,bull,HH_HL,-110.5,inside,38.4,64139.71,167.3,below,bear,LH_LL,67.3,inside,58.1,64322.56,416.8,below,bear,HH_HL,89.6,inside,34.6,False,False,False,False,down,52.4,18.3,36.7,44.9,104.0,1000.0
3071323091,False,2026-08-11T14:24:32,2026-08-11T14:52:08,1656,27.6,SELL,0.01,63931.130000000005,63678.6,2.52,True,252.5,0.395,1.88,9.1,282.6,75.2,[tp 63678.60000],14,Tuesday,10.0,64089.87,103.4,below,bear,mixed,45.3,inside,31.4,64153.63,113.4,below,bull,HH_HL,-110.5,inside,38.4,64139.71,167.3,below,bear,LH_LL,67.3,inside,58.1,64322.56,416.8,below,bear,HH_HL,89.6,inside,34.6,True,True,True,True,down,142.8,81.3,16.1,2.6,177.0,1000.0
3071999129,False,2026-08-11T16:06:03,2026-08-11T16:36:15,1812,30.2,BUY,0.01,63584.62,63434.76,-1.5,False,-149.9,-0.2357,-0.78,-5.0,13.5,151.3,[sl 63434.76],16,Tuesday,10.0,63535.36,117.8,below,bear,HH_HL,59.6,inside,20.4,63547.26,188.0,below,bear,mixed,-352.7,inside,15.2,63547.26,216.3,below,bear,LH_LL,-617.5,breakout_dn,-11.7,63547.26,484.9,below,bear,mixed,-422.0,breakout_dn,-10.8,False,False,False,False,down,46.5,74.6,17.2,8.2,88.0,1000.0
3071999175,False,2026-08-11T16:06:04,2026-08-12T01:44:22,34698,578.3,BUY,0.01,63583.51,63747.96,1.64,True,164.4,0.2586,0.86,0.3,178.4,422.7,KL-recov-close,16,Tuesday,10.0,63535.36,117.8,below,bear,HH_HL,59.6,inside,20.4,63547.26,188.0,below,bear,mixed,-352.7,inside,15.2,63547.26,216.3,below,bear,LH_LL,-617.5,breakout_dn,-11.7,63547.26,484.9,below,bear,mixed,-422.0,breakout_dn,-10.8,False,False,False,False,down,46.5,74.6,17.2,8.2,88.0,1000.0
3071999215,False,2026-08-11T16:06:04,2026-08-12T01:40:41,34477,574.6,BUY,0.01,63579.69,63725.14,1.45,True,145.4,0.2288,0.76,0.3,160.6,418.9,KL-bb15-close,16,Tuesday,10.0,63535.36,117.8,below,bear,HH_HL,59.6,inside,20.4,63547.26,188.0,below,bear,mixed,-352.7,inside,15.2,63547.26,216.3,below,bear,LH_LL,-617.5,breakout_dn,-11.7,63547.26,484.9,below,bear,mixed,-422.0,breakout_dn,-10.8,False,False,False,False,down,46.5,74.6,17.2,8.2,88.0,1000.0
3071999273,False,2026-08-11T16:06:05,2026-08-11T20:00:04,14039,234.0,BUY,0.01,63579.69,63497.52,-0.82,False,-82.2,-0.1292,-0.43,-0.4,18.5,418.9,KL-d4-close,16,Tuesday,10.0,63535.36,117.8,below,bear,HH_HL,59.6,inside,20.4,63547.26,188.0,below,bear,mixed,-352.7,inside,15.2,63547.26,216.3,below,bear,LH_LL,-617.5,breakout_dn,-11.7,63547.26,484.9,below,bear,mixed,-422.0,breakout_dn,-10.8,False,False,False,False,down,46.5,74.6,17.2,8.2,88.0,1000.0
3072173881,False,2026-08-11T16:46:16,2026-08-11T17:55:34,4158,69.3,SELL,0.01,63419.86,63563.24,-1.43,False,-143.4,-0.2261,-0.74,-2.1,34.2,145.7,[sl 63561.95000],16,Tuesday,10.0,63430.06,105.4,below,bear,LH_LL,-137.5,inside,9.9,63430.06,198.1,below,bear,LH_LL,-368.0,inside,4.0,63547.26,216.3,below,bear,LH_LL,-617.5,breakout_dn,-11.7,63547.26,484.9,below,bear,mixed,-422.0,breakout_dn,-10.8,True,True,True,True,down,43.5,65.2,34.8,0.0,74.0,1000.0
3072917230,False,2026-08-11T19:43:03,2026-08-11T20:07:37,1474,24.6,BUY,0.01,63396.72,63646.72,2.5,True,250.0,0.3943,2.03,10.2,262.2,87.7,[tp 63646.72000],19,Tuesday,10.0,63359.8,89.0,above,bear,mixed,177.0,inside,49.1,63291.33,124.7,below,bear,HH_HL,-227.3,inside,12.5,63307.2,247.3,below,bear,mixed,-832.5,breakout_dn,-7.4,63547.26,484.9,below,bear,mixed,-422.0,breakout_dn,-10.8,True,False,False,False,down,25.1,89.2,0.9,9.9,63.0,1000.0
3072917730,False,2026-08-11T19:43:12,2026-08-11T20:07:18,1446,24.1,BUY,0.01,63386.78,63636.78,2.5,True,250.0,0.3944,2.03,10.4,272.2,77.7,[tp 63636.78000],19,Tuesday,10.0,63359.8,89.0,above,bear,mixed,177.0,inside,49.1,63291.33,124.7,below,bear,HH_HL,-227.3,inside,12.5,63307.2,247.3,below,bear,mixed,-832.5,breakout_dn,-7.4,63547.26,484.9,below,bear,mixed,-422.0,breakout_dn,-10.8,True,False,False,False,down,25.1,89.2,0.9,9.9,63.0,1000.0
3072917769,False,2026-08-11T19:43:12,2026-08-11T20:00:05,1013,16.9,BUY,0.01,63387.18,63497.52,1.11,True,110.3,0.1741,0.9,6.5,186.9,78.1,KL-d4-close,19,Tuesday,10.0,63359.8,89.0,above,bear,mixed,177.0,inside,49.1,63291.33,124.7,below,bear,HH_HL,-227.3,inside,12.5,63307.2,247.3,below,bear,mixed,-832.5,breakout_dn,-7.4,63547.26,484.9,below,bear,mixed,-422.0,breakout_dn,-10.8,True,False,False,False,down,25.1,89.2,0.9,9.9,63.0,1000.0
3072917787,False,2026-08-11T19:43:13,2026-08-11T20:07:18,1445,24.1,BUY,0.01,63385.91,63637.18,2.51,True,251.3,0.3964,2.04,10.4,273.0,76.8,[tp 63637.18000],19,Tuesday,10.0,63359.8,89.0,above,bear,mixed,177.0,inside,49.1,63291.33,124.7,below,bear,HH_HL,-227.3,inside,12.5,63307.2,247.3,below,bear,mixed,-832.5,breakout_dn,-7.4,63547.26,484.9,below,bear,mixed,-422.0,breakout_dn,-10.8,True,False,False,False,down,25.1,89.2,0.9,9.9,63.0,1000.0
3073297058,False,2026-08-11T23:06:04,2026-08-12T00:34:53,5329,88.8,SELL,0.01,63514.75,63664.44,-1.49,False,-149.7,-0.2357,-1.52,-1.7,56.4,141.4,[sl 63664.09],23,Tuesday,10.0,63523.19,48.2,below,bear,LH_LL,-97.6,breakout_dn,-15.4,63596.63,98.4,above,bull,LH_LL,-7.4,inside,78.2,63596.63,263.2,below,bear,mixed,62.8,inside,34.2,63459.66,500.1,below,bear,LH_LL,-449.8,inside,3.5,True,False,True,True,down,6.2,55.3,44.7,0.0,56.0,1000.0
3073526107,False,2026-08-12T00:46:07,2026-08-12T01:40:42,3275,54.6,BUY,0.01,63672.0,63725.14,0.53,True,53.1,0.0835,0.67,1.0,68.3,47.1,KL-bb15-close,0,Wednesday,10.0,63650.78,49.4,above,bull,mixed,103.9,inside,93.1,63650.78,86.8,above,bull,HH_HL,124.3,inside,84.5,63533.03,258.6,below,bear,LH_LL,225.8,inside,29.2,63533.03,490.5,below,bear,HH_HL,-540.0,inside,16.3,True,True,False,False,down,13.5,19.6,40.5,39.9,55.0,1000.0
3073526260,False,2026-08-12T00:46:14,2026-08-12T09:25:08,31134,518.9,BUY,0.01,63672.96,63922.96,2.5,True,250.0,0.3926,3.14,0.5,277.2,142.9,[tp 63922.96000],0,Wednesday,10.0,63650.78,49.4,above,bull,mixed,103.9,inside,93.1,63650.78,86.8,above,bull,HH_HL,124.3,inside,84.5,63533.03,258.6,below,bear,LH_LL,225.8,inside,29.2,63533.03,490.5,below,bear,HH_HL,-540.0,inside,16.3,True,True,False,False,down,13.5,19.6,40.5,39.9,55.0,1000.0
3073526283,False,2026-08-12T00:46:14,2026-08-12T01:44:23,3489,58.1,BUY,0.01,63673.86,63747.96,0.74,True,74.1,0.1164,0.93,1.3,88.0,49.0,KL-recov-close,0,Wednesday,10.0,63650.78,49.4,above,bull,mixed,103.9,inside,93.1,63650.78,86.8,above,bull,HH_HL,124.3,inside,84.5,63533.03,258.6,below,bear,LH_LL,225.8,inside,29.2,63533.03,490.5,below,bear,HH_HL,-540.0,inside,16.3,True,True,False,False,down,13.5,19.6,40.5,39.9,55.0,1000.0
3073526292,False,2026-08-12T00:46:15,2026-08-12T09:25:08,31133,518.9,BUY,0.01,63673.86,63923.86,2.5,True,250.0,0.3926,3.14,0.5,276.3,143.8,[tp 63923.86000],0,Wednesday,10.0,63650.78,49.4,above,bull,mixed,103.9,inside,93.1,63650.78,86.8,above,bull,HH_HL,124.3,inside,84.5,63533.03,258.6,below,bear,LH_LL,225.8,inside,29.2,63533.03,490.5,below,bear,HH_HL,-540.0,inside,16.3,True,True,False,False,down,13.5,19.6,40.5,39.9,55.0,1000.0
3073526301,False,2026-08-12T00:46:16,2026-08-12T09:25:08,31132,518.9,BUY,0.01,63674.64,63923.86,2.49,True,249.2,0.3914,3.13,0.5,275.6,144.6,[tp 63923.86000],0,Wednesday,10.0,63650.78,49.4,above,bull,mixed,103.9,inside,93.1,63650.78,86.8,above,bull,HH_HL,124.3,inside,84.5,63533.03,258.6,below,bear,LH_LL,225.8,inside,29.2,63533.03,490.5,below,bear,HH_HL,-540.0,inside,16.3,True,True,False,False,down,13.5,19.6,40.5,39.9,55.0,1000.0
3073825159,False,2026-08-12T02:57:14,2026-08-12T06:12:22,11708,195.1,SELL,0.01,63676.98,63672.380000000005,0.05,True,4.6,0.0072,0.05,0.0,40.0,154.6,KL-recov-close,2,Wednesday,10.0,63706.34,53.4,below,bull,mixed,-129.5,inside,35.4,63707.82,88.6,above,bull,mixed,18.9,inside,65.6,63766.94,265.1,below,bear,HH_HL,89.5,inside,47.6,63533.03,490.5,below,bear,HH_HL,-540.0,inside,16.3,True,False,True,True,up,14.5,18.1,81.9,0.0,57.0,1000.0
3073965865,False,2026-08-12T04:23:05,2026-08-12T08:03:09,13204,220.1,BUY,0.01,63835.37,63783.1,-0.52,False,-52.3,-0.0819,-0.55,-0.2,-17.5,305.3,KL-bb15-close,4,Wednesday,10.0,63737.77,48.2,above,bull,mixed,14.2,inside,68.4,63720.12,90.0,above,bull,mixed,31.1,inside,66.0,63758.04,250.3,below,bear,LH_LL,161.4,inside,46.9,63758.04,511.8,below,bear,mixed,-235.4,inside,26.2,True,True,False,False,down,44.1,87.7,0.0,12.3,70.0,1000.0
3073983822,False,2026-08-12T04:36:19,2026-08-12T06:12:22,5763,96.0,SELL,0.01,63672.3,63672.4,0.0,False,-0.1,-0.0002,-0.0,-0.0,15.2,135.0,KL-recov-close,4,Wednesday,10.0,63673.74,56.9,below,bull,LH_LL,-74.4,inside,18.9,63732.31,95.7,above,bull,HH_HL,81.0,inside,69.1,63758.04,250.3,below,bear,LH_LL,161.4,inside,46.9,63758.04,511.8,below,bear,mixed,-235.4,inside,26.2,True,False,True,True,up,14.6,50.1,32.8,17.1,55.0,1000.0
3074396342,False,2026-08-12T07:08:19,2026-08-12T08:03:10,3291,54.9,BUY,0.01,63733.24,63783.1,0.5,True,49.9,0.0782,0.56,0.9,64.8,168.1,KL-bb15-close,7,Wednesday,10.0,63699.97,59.0,above,bear,HH_HL,111.2,inside,61.3,63645.81,90.2,below,bear,HH_HL,-136.2,inside,35.6,63645.81,204.4,below,bear,LH_LL,-121.1,inside,38.1,63758.04,511.8,below,bear,mixed,-235.4,inside,26.2,True,False,False,False,down,12.4,59.3,9.7,31.1,56.0,1000.0
3074396365,False,2026-08-12T07:08:19,2026-08-12T07:58:27,3008,50.1,BUY,0.01,63733.1,63741.53,0.09,True,8.4,0.0132,0.09,0.2,21.1,167.9,KL-recov-close,7,Wednesday,10.0,63699.97,59.0,above,bear,HH_HL,111.2,inside,61.3,63645.81,90.2,below,bear,HH_HL,-136.2,inside,35.6,63645.81,204.4,below,bear,LH_LL,-121.1,inside,38.1,63758.04,511.8,below,bear,mixed,-235.4,inside,26.2,True,False,False,False,down,12.4,59.3,9.7,31.1,56.0,1000.0
3076002983,False,2026-08-12T12:31:06,2026-08-12T12:34:05,179,3.0,SELL,0.01,64105.69,64264.29,-1.58,False,-158.6,-0.2474,-1.19,-53.2,10.0,176.1,[sl 64262.67000],12,Wednesday,10.0,64355.33,65.8,above,bull,mixed,150.2,breakout_up,118.0,64355.33,107.1,above,bull,HH_HL,279.9,breakout_up,116.4,64178.67,182.3,above,bull,HH_HL,532.9,breakout_up,102.1,64178.67,480.8,above,bear,HH_HL,631.4,inside,44.7,False,False,False,False,down,123.9,23.9,9.5,66.6,295.0,1000.0
3076004506,False,2026-08-12T12:31:07,2026-08-12T12:35:50,283,4.7,SELL,0.01,64098.95,64076.75,0.22,True,22.2,0.0346,0.17,4.7,38.9,182.9,KL-d4-close,12,Wednesday,10.0,64355.33,65.8,above,bull,mixed,150.2,breakout_up,118.0,64355.33,107.1,above,bull,HH_HL,279.9,breakout_up,116.4,64178.67,182.3,above,bull,HH_HL,532.9,breakout_up,102.1,64178.67,480.8,above,bear,HH_HL,631.4,inside,44.7,False,False,False,False,down,123.9,23.9,9.5,66.6,295.0,1000.0
3076005075,False,2026-08-12T12:31:08,2026-08-12T12:35:51,283,4.7,SELL,0.01,64105.69,64070.17,0.36,True,35.5,0.0554,0.27,7.5,45.6,176.1,KL-recov-close,12,Wednesday,10.0,64355.33,65.8,above,bull,mixed,150.2,breakout_up,118.0,64355.33,107.1,above,bull,HH_HL,279.9,breakout_up,116.4,64178.67,182.3,above,bull,HH_HL,532.9,breakout_up,102.1,64178.67,480.8,above,bear,HH_HL,631.4,inside,44.7,False,False,False,False,down,123.9,23.9,9.5,66.6,295.0,1000.0
3076005558,False,2026-08-12T12:31:08,2026-08-12T12:35:52,284,4.7,SELL,0.01,64090.27,64071.82,0.18,True,18.5,0.0288,0.14,3.9,30.2,191.5,KL-recov-close,12,Wednesday,10.0,64355.33,65.8,above,bull,mixed,150.2,breakout_up,118.0,64355.33,107.1,above,bull,HH_HL,279.9,breakout_up,116.4,64178.67,182.3,above,bull,HH_HL,532.9,breakout_up,102.1,64178.67,480.8,above,bear,HH_HL,631.4,inside,44.7,False,False,False,False,down,123.9,23.9,9.5,66.6,295.0,1000.0
3077403668,False,2026-08-12T14:11:05,2026-08-12T14:29:12,1087,18.1,BUY,0.01,63801.71,63640.24,-1.62,False,-161.5,-0.2531,-0.89,-8.9,38.6,214.4,[sl 63640.24],14,Wednesday,10.0,63684.31,126.1,below,bear,LH_LL,-236.8,inside,14.0,63770.88,163.9,below,bear,mixed,-270.4,inside,10.8,63770.88,224.1,below,bull,LH_LL,44.5,inside,48.4,64178.67,480.8,above,bear,HH_HL,631.4,inside,44.7,False,False,False,True,up,103.7,38.0,46.7,15.2,172.0,1000.0
3077405166,False,2026-08-12T14:11:13,2026-08-13T00:16:42,36329,605.5,BUY,0.01,63799.5,63584.22,-2.16,False,-215.3,-0.3374,-1.19,-0.4,40.8,570.8,KL-recov-close,14,Wednesday,10.0,63684.31,126.1,below,bear,LH_LL,-236.8,inside,14.0,63770.88,163.9,below,bear,mixed,-270.4,inside,10.8,63770.88,224.1,below,bull,LH_LL,44.5,inside,48.4,64178.67,480.8,above,bear,HH_HL,631.4,inside,44.7,False,False,False,True,up,103.7,38.0,46.7,15.2,172.0,1000.0
3077405362,False,2026-08-12T14:11:14,2026-08-13T00:16:39,36325,605.4,BUY,0.01,63798.46,63583.29,-2.15,False,-215.2,-0.3373,-1.19,-0.4,41.8,569.8,KL-recov-close,14,Wednesday,10.0,63684.31,126.1,below,bear,LH_LL,-236.8,inside,14.0,63770.88,163.9,below,bear,mixed,-270.4,inside,10.8,63770.88,224.1,below,bull,LH_LL,44.5,inside,48.4,64178.67,480.8,above,bear,HH_HL,631.4,inside,44.7,False,False,False,True,up,103.7,38.0,46.7,15.2,172.0,1000.0
3077536436,False,2026-08-12T14:30:03,2026-08-12T14:56:41,1598,26.6,SELL,0.01,63578.84,63339.44,2.4,True,239.4,0.3765,1.24,9.0,258.2,56.4,[tp 63339.44000],14,Wednesday,10.0,63589.22,129.3,below,bear,LH_LL,-14.8,inside,10.5,63589.22,187.2,below,bear,mixed,-338.5,inside,7.0,63770.88,224.1,below,bull,LH_LL,44.5,inside,48.4,64178.67,480.8,above,bear,HH_HL,631.4,inside,44.7,True,True,True,False,up,42.7,13.7,58.1,28.2,120.0,1000.0
3077536596,False,2026-08-12T14:30:05,2026-08-12T14:59:02,1737,28.9,SELL,0.01,63580.36,63328.84,2.51,True,251.5,0.3956,1.31,8.7,292.3,54.9,[tp 63328.84000],14,Wednesday,10.0,63589.22,129.3,below,bear,LH_LL,-14.8,inside,10.5,63589.22,187.2,below,bear,mixed,-338.5,inside,7.0,63770.88,224.1,below,bull,LH_LL,44.5,inside,48.4,64178.67,480.8,above,bear,HH_HL,631.4,inside,44.7,True,True,True,False,up,42.7,13.7,58.1,28.2,120.0,1000.0
3078047678,False,2026-08-12T15:43:23,2026-08-12T16:02:35,1152,19.2,BUY,0.01,63505.92,63339.25,-1.67,False,-166.7,-0.2624,-0.74,-8.7,-18.8,169.9,[sl 63340.16000],15,Wednesday,10.0,63429.91,113.7,below,bear,HH_HL,10.2,inside,30.2,63426.83,220.7,below,bear,HH_HL,-297.8,inside,15.7,63306.29,249.1,below,bear,LH_LL,-739.2,inside,11.5,64178.67,480.8,above,bear,HH_HL,631.4,inside,44.7,False,False,False,True,up,24.0,31.1,53.2,15.7,87.0,1000.0
3078047727,False,2026-08-12T15:43:24,2026-08-13T00:16:40,30796,513.3,BUY,0.01,63503.66,63581.98,0.78,True,78.3,0.1233,0.35,0.2,142.8,275.0,KL-recov-close,15,Wednesday,10.0,63429.91,113.7,below,bear,HH_HL,10.2,inside,30.2,63426.83,220.7,below,bear,HH_HL,-297.8,inside,15.7,63306.29,249.1,below,bear,LH_LL,-739.2,inside,11.5,64178.67,480.8,above,bear,HH_HL,631.4,inside,44.7,False,False,False,True,up,24.0,31.1,53.2,15.7,87.0,1000.0
3078047756,False,2026-08-12T15:43:25,2026-08-13T00:16:43,30798,513.3,BUY,0.01,63503.89,63584.22,0.8,True,80.3,0.1265,0.35,0.2,142.6,275.2,KL-recov-close,15,Wednesday,10.0,63429.91,113.7,below,bear,HH_HL,10.2,inside,30.2,63426.83,220.7,below,bear,HH_HL,-297.8,inside,15.7,63306.29,249.1,below,bear,LH_LL,-739.2,inside,11.5,64178.67,480.8,above,bear,HH_HL,631.4,inside,44.7,False,False,False,True,up,24.0,31.1,53.2,15.7,87.0,1000.0
3078853954,False,2026-08-12T18:21:08,2026-08-12T18:33:42,754,12.6,SELL,0.01,63302.14,63455.48,-1.53,False,-153.3,-0.2422,-1.28,-12.2,-20.2,152.1,[sl 63451.55000],18,Wednesday,10.0,63344.12,58.3,below,bear,LH_LL,-62.3,inside,5.4,63397.55,132.9,below,bear,LH_LL,-22.8,inside,18.1,63395.08,257.9,below,bear,mixed,-671.5,inside,13.0,63369.49,532.1,below,bear,mixed,-90.2,inside,9.2,True,True,True,True,up,29.7,67.2,12.2,20.6,61.0,1000.0
3079286476,False,2026-08-12T20:26:13,2026-08-13T04:45:50,29977,499.6,BUY,0.01,63435.87,63685.01,2.49,True,249.1,0.3927,2.47,0.5,263.1,145.6,[tp 63685.01000],20,Wednesday,10.0,63418.14,69.1,above,bull,HH_HL,74.7,inside,88.4,63393.8,98.3,below,bear,HH_HL,84.9,inside,58.9,63343.44,258.2,below,bear,LH_LL,37.2,inside,8.6,63343.44,524.9,below,bear,LH_LL,-189.6,inside,8.0,True,False,False,False,up,13.9,65.2,15.2,19.6,63.0,1000.0
3079286537,False,2026-08-12T20:26:14,2026-08-13T04:45:50,29976,499.6,BUY,0.01,63436.19,63686.19,2.5,True,250.0,0.3941,2.48,0.5,262.8,145.9,[tp 63686.19000],20,Wednesday,10.0,63418.14,69.1,above,bull,HH_HL,74.7,inside,88.4,63393.8,98.3,below,bear,HH_HL,84.9,inside,58.9,63343.44,258.2,below,bear,LH_LL,37.2,inside,8.6,63343.44,524.9,below,bear,LH_LL,-189.6,inside,8.0,True,False,False,False,up,13.9,65.2,15.2,19.6,63.0,1000.0
3079286550,False,2026-08-12T20:26:15,2026-08-13T00:16:44,13829,230.5,BUY,0.01,63436.060000000005,63585.9,1.5,True,149.8,0.2362,1.48,0.7,210.4,145.8,KL-recov-close,20,Wednesday,10.0,63418.14,69.1,above,bull,HH_HL,74.7,inside,88.4,63393.8,98.3,below,bear,HH_HL,84.9,inside,58.9,63343.44,258.2,below,bear,LH_LL,37.2,inside,8.6,63343.44,524.9,below,bear,LH_LL,-189.6,inside,8.0,True,False,False,False,up,13.9,65.2,15.2,19.6,63.0,1000.0
3079286576,False,2026-08-12T20:26:16,2026-08-13T00:16:40,13824,230.4,BUY,0.01,63436.62,63582.99,1.46,True,146.4,0.2307,1.45,0.6,209.9,146.4,KL-recov-close,20,Wednesday,10.0,63418.14,69.1,above,bull,HH_HL,74.7,inside,88.4,63393.8,98.3,below,bear,HH_HL,84.9,inside,58.9,63343.44,258.2,below,bear,LH_LL,37.2,inside,8.6,63343.44,524.9,below,bear,LH_LL,-189.6,inside,8.0,True,False,False,False,up,13.9,65.2,15.2,19.6,63.0,1000.0
3079664776,False,2026-08-13T00:09:16,2026-08-13T00:16:41,445,7.4,BUY,0.01,63504.4,63582.9,0.79,True,78.5,0.1236,0.77,10.6,142.1,-1.5,KL-recov-close,0,Thursday,10.0,63387.51,49.5,above,bear,HH_HL,-10.2,inside,57.8,63404.28,97.0,below,bear,mixed,64.9,inside,48.5,63404.28,245.6,below,bear,mixed,95.4,inside,14.7,63404.28,470.1,below,bear,HH_HL,-353.8,inside,10.7,True,False,False,False,up,41.8,80.9,19.1,0.0,71.0,1000.0
3079665119,False,2026-08-13T00:09:18,2026-08-13T00:16:45,447,7.5,BUY,0.01,63506.09,63585.62,0.8,True,79.5,0.1252,0.78,10.7,140.4,0.2,KL-recov-close,0,Thursday,10.0,63387.51,49.5,above,bear,HH_HL,-10.2,inside,57.8,63404.28,97.0,below,bear,mixed,64.9,inside,48.5,63404.28,245.6,below,bear,mixed,95.4,inside,14.7,63404.28,470.1,below,bear,HH_HL,-353.8,inside,10.7,True,False,False,False,up,41.8,80.9,19.1,0.0,71.0,1000.0
3079932333,False,2026-08-13T01:24:04,2026-08-13T04:36:43,11559,192.7,SELL,0.01,63393.0,63622.51,-2.3,False,-229.5,-0.362,-2.02,-1.2,94.4,229.0,KL-recov-close,1,Thursday,10.0,63470.56,62.2,below,bull,mixed,-42.9,inside,44.8,63559.82,105.6,above,bull,HH_HL,155.5,inside,75.7,63488.03,252.5,below,bear,HH_HL,144.6,inside,21.7,63404.28,470.1,below,bear,HH_HL,-353.8,inside,10.7,True,False,True,True,down,31.4,74.3,0.0,25.7,77.0,1000.0
3079932358,False,2026-08-13T01:24:06,2026-08-13T04:47:14,12188,203.1,SELL,0.01,63391.53,63672.9,-2.81,False,-281.4,-0.4439,-2.48,-1.4,93.0,325.2,KL-close,1,Thursday,10.0,63470.56,62.2,below,bull,mixed,-42.9,inside,44.8,63559.82,105.6,above,bull,HH_HL,155.5,inside,75.7,63488.03,252.5,below,bear,HH_HL,144.6,inside,21.7,63404.28,470.1,below,bear,HH_HL,-353.8,inside,10.7,True,False,True,True,down,31.4,74.3,0.0,25.7,77.0,1000.0
3080557209,False,2026-08-13T06:04:02,2026-08-13T06:33:51,1789,29.8,SELL,0.01,63772.98,63732.98,0.4,True,40.0,0.0627,0.4,1.3,54.2,18.5,[tp 63732.98000],6,Thursday,10.0,63804.05,65.7,above,bull,mixed,-55.7,inside,67.6,63804.05,103.0,above,bull,LH_LL,183.8,inside,78.5,63804.05,207.1,above,bull,HH_HL,316.0,inside,48.2,63573.09,454.3,below,bear,HH_HL,-182.3,inside,18.1,False,False,False,True,up,21.8,22.1,8.6,69.3,66.0,1000.0
3080557457,False,2026-08-13T06:04:03,2026-08-13T06:33:51,1788,29.8,SELL,0.01,63771.97,63731.97,0.4,True,40.0,0.0627,0.4,1.3,53.2,19.5,[tp 63731.97000],6,Thursday,10.0,63804.05,65.7,above,bull,mixed,-55.7,inside,67.6,63804.05,103.0,above,bull,LH_LL,183.8,inside,78.5,63804.05,207.1,above,bull,HH_HL,316.0,inside,48.2,63573.09,454.3,below,bear,HH_HL,-182.3,inside,18.1,False,False,False,True,up,21.8,22.1,8.6,69.3,66.0,1000.0
3080557785,False,2026-08-13T06:04:04,2026-08-13T06:33:51,1787,29.8,SELL,0.01,63771.880000000005,63731.88,0.4,True,40.0,0.0627,0.4,1.3,53.1,19.6,[tp 63731.88000],6,Thursday,10.0,63804.05,65.7,above,bull,mixed,-55.7,inside,67.6,63804.05,103.0,above,bull,LH_LL,183.8,inside,78.5,63804.05,207.1,above,bull,HH_HL,316.0,inside,48.2,63573.09,454.3,below,bear,HH_HL,-182.3,inside,18.1,False,False,False,True,up,21.8,22.1,8.6,69.3,66.0,1000.0
3080781940,False,2026-08-13T07:00:06,2026-08-13T08:19:08,4742,79.0,BUY,0.01,63888.0,63730.82,-1.57,False,-157.2,-0.246,-1.52,-2.0,-17.2,159.2,[sl 63735.26],7,Thursday,10.0,63879.41,45.3,above,bull,HH_HL,149.4,inside,75.6,63879.41,102.8,above,bull,mixed,26.4,inside,90.3,63879.41,204.9,above,bull,mixed,496.9,inside,54.5,63573.09,454.3,below,bear,HH_HL,-182.3,inside,18.1,True,True,True,False,down,28.4,61.2,2.7,36.1,66.0,1000.0
3080782009,False,2026-08-13T07:00:07,2026-08-13T07:01:40,93,1.6,BUY,0.01,63885.39,63833.95,-0.51,False,-51.4,-0.0805,-0.5,-33.2,-14.6,62.2,KL-close,7,Thursday,10.0,63879.41,45.3,above,bull,HH_HL,149.4,inside,75.6,63879.41,102.8,above,bull,mixed,26.4,inside,90.3,63879.41,204.9,above,bull,mixed,496.9,inside,54.5,63573.09,454.3,below,bear,HH_HL,-182.3,inside,18.1,True,True,True,False,down,28.4,61.2,2.7,36.1,66.0,1000.0
3081176988,False,2026-08-13T08:33:07,2026-08-13T09:47:20,4453,74.2,SELL,0.01,63713.32,63675.61,0.37,True,37.7,0.0592,0.5,0.5,197.7,27.4,KL-close,8,Thursday,10.0,63722.65,36.4,below,bear,LH_LL,-111.9,inside,19.3,63722.65,88.3,above,bull,LH_LL,-86.2,inside,51.9,63803.31,201.0,above,bull,mixed,332.6,inside,48.2,63803.31,462.4,below,bear,HH_HL,-375.4,inside,28.2,True,False,False,True,down,10.3,51.8,10.4,37.7,58.0,1000.0
3081177018,False,2026-08-13T08:33:08,2026-08-13T09:47:21,4453,74.2,SELL,0.01,63714.72,63675.5,0.39,True,39.2,0.0616,0.52,0.5,199.1,26.0,KL-close,8,Thursday,10.0,63722.65,36.4,below,bear,LH_LL,-111.9,inside,19.3,63722.65,88.3,above,bull,LH_LL,-86.2,inside,51.9,63803.31,201.0,above,bull,mixed,332.6,inside,48.2,63803.31,462.4,below,bear,HH_HL,-375.4,inside,28.2,True,False,False,True,down,10.3,51.8,10.4,37.7,58.0,1000.0
3081177210,False,2026-08-13T08:33:13,2026-08-13T09:47:22,4449,74.2,SELL,0.01,63716.8,63677.25,0.4,True,39.6,0.0621,0.53,0.5,201.2,23.9,KL-close,8,Thursday,10.0,63722.65,36.4,below,bear,LH_LL,-111.9,inside,19.3,63722.65,88.3,above,bull,LH_LL,-86.2,inside,51.9,63803.31,201.0,above,bull,mixed,332.6,inside,48.2,63803.31,462.4,below,bear,HH_HL,-375.4,inside,28.2,True,False,False,True,down,10.3,51.8,10.4,37.7,58.0,1000.0
3081575091,False,2026-08-13T10:34:38,2026-08-13T10:34:38,0,0.0,BUY,0.01,63526.18,63504.7,-0.21,False,-21.5,-0.0338,-0.25,,,,[sl 63506.18000],10,Thursday,10.0,63557.12,61.1,below,bear,mixed,-76.7,inside,17.3,63557.12,85.4,below,bear,mixed,8.9,inside,9.7,63714.0,206.2,above,bull,LH_LL,87.8,inside,55.5,63803.31,462.4,below,bear,HH_HL,-375.4,inside,28.2,False,False,True,False,down,51.2,45.6,2.0,52.4,76.0,1000.0
3081875306,False,2026-08-13T11:21:47,2026-08-13T11:21:47,0,0.0,BUY,0.01,63526.18,63501.89,-0.24,False,-24.3,-0.0382,-0.28,,,,[sl 63506.18000],11,Thursday,10.0,63541.33,34.8,below,bear,HH_HL,-30.6,inside,16.2,63554.66,83.8,below,bear,mixed,-159.3,inside,14.5,63579.38,210.4,below,bull,mixed,-224.7,inside,49.2,63803.31,462.4,below,bear,HH_HL,-375.4,inside,28.2,False,False,False,False,down,65.9,63.9,9.1,27.0,81.0,1000.0
3082013403,False,2026-08-13T11:50:25,2026-08-13T11:52:06,101,1.7,BUY,0.01,63414.77,63394.060000000005,-0.21,False,-20.7,-0.0327,-0.21,-12.3,-4.3,22.2,[sl 63394.77],11,Thursday,10.0,63415.0,54.4,below,bear,HH_HL,-7.2,inside,34.4,63397.16,99.7,below,bear,LH_LL,-160.0,inside,6.4,63579.38,210.4,below,bull,mixed,-224.7,inside,49.2,63803.31,462.4,below,bear,HH_HL,-375.4,inside,28.2,False,False,False,False,down,22.9,83.5,16.5,0.0,63.0,1000.0
3082110535,False,2026-08-13T12:10:18,2026-08-13T12:31:12,1254,20.9,BUY,0.01,63485.7,63465.21,-0.21,False,-20.5,-0.0323,-0.19,-1.0,132.7,95.6,[sl 63465.70000],12,Thursday,10.0,63471.36,62.1,below,bear,HH_HL,74.2,inside,61.4,63417.58,99.8,below,bear,HH_HL,-152.6,inside,23.8,63417.58,216.4,below,bull,LH_LL,-461.8,inside,26.5,63417.58,482.7,below,bear,LH_LL,48.1,inside,11.7,False,False,False,False,down,30.8,82.6,11.7,5.7,68.0,1000.0
3082110592,False,2026-08-13T12:10:20,2026-08-13T12:30:45,1225,20.4,BUY,0.01,63484.77,63480.83,-0.04,False,-3.9,-0.0062,-0.04,-0.2,133.6,37.9,KL-close,12,Thursday,10.0,63471.36,62.1,below,bear,HH_HL,74.2,inside,61.4,63417.58,99.8,below,bear,HH_HL,-152.6,inside,23.8,63417.58,216.4,below,bull,LH_LL,-461.8,inside,26.5,63417.58,482.7,below,bear,LH_LL,48.1,inside,11.7,False,False,False,False,down,30.8,82.6,11.7,5.7,68.0,1000.0
3082350453,False,2026-08-13T12:37:41,2026-08-13T12:39:52,131,2.2,BUY,0.01,63526.18,63504.22,-0.22,False,-22.0,-0.0346,-0.2,-10.1,16.0,31.7,[sl 63506.18],12,Thursday,10.0,63548.89,68.2,above,bear,mixed,77.5,inside,85.5,63492.2,104.9,below,bear,HH_HL,-62.5,inside,37.5,63417.58,216.4,below,bull,LH_LL,-461.8,inside,26.5,63417.58,482.7,below,bear,LH_LL,48.1,inside,11.7,True,False,False,False,down,27.8,78.8,0.3,20.9,67.0,1000.0
3082425072,False,2026-08-13T12:55:54,2026-08-13T12:56:29,35,0.6,SELL,0.01,63595.6,63616.39,-0.2,False,-20.8,-0.0327,-0.19,-35.6,7.6,18.6,[sl 63615.60000],12,Thursday,10.0,63582.39,63.3,above,bull,HH_HL,90.2,inside,89.6,63516.58,109.5,below,bear,mixed,142.6,inside,42.0,63417.58,216.4,below,bull,LH_LL,-461.8,inside,26.5,63417.58,482.7,below,bear,LH_LL,48.1,inside,11.7,False,True,True,True,up,27.9,4.4,39.6,56.0,68.0,1000.0
3082771293,False,2026-08-13T13:24:03,2026-08-13T13:25:37,94,1.6,SELL,0.01,63542.130000000005,63539.72,0.02,True,2.4,0.0038,0.02,1.5,48.8,0.6,KL-close,13,Thursday,10.0,63636.88,67.7,above,bull,LH_LL,54.5,inside,78.4,63662.31,115.3,above,bear,HH_HL,244.7,inside,67.2,63621.18,223.4,above,bull,HH_HL,-182.1,inside,55.0,63417.58,482.7,below,bear,LH_LL,48.1,inside,11.7,False,False,False,True,down,35.4,49.4,18.6,32.0,73.0,1000.0
3082771569,False,2026-08-13T13:24:04,2026-08-13T13:25:37,93,1.6,SELL,0.01,63546.130000000005,63539.05,0.07,True,7.1,0.0111,0.06,4.6,52.8,-3.4,KL-close,13,Thursday,10.0,63636.88,67.7,above,bull,LH_LL,54.5,inside,78.4,63662.31,115.3,above,bear,HH_HL,244.7,inside,67.2,63621.18,223.4,above,bull,HH_HL,-182.1,inside,55.0,63417.58,482.7,below,bear,LH_LL,48.1,inside,11.7,False,False,False,True,down,35.4,49.4,18.6,32.0,73.0,1000.0
3082771669,False,2026-08-13T13:24:04,2026-08-13T13:25:38,94,1.6,SELL,0.01,63546.130000000005,63540.05,0.06,True,6.1,0.0096,0.05,3.9,52.8,-3.4,KL-close,13,Thursday,10.0,63636.88,67.7,above,bull,LH_LL,54.5,inside,78.4,63662.31,115.3,above,bear,HH_HL,244.7,inside,67.2,63621.18,223.4,above,bull,HH_HL,-182.1,inside,55.0,63417.58,482.7,below,bear,LH_LL,48.1,inside,11.7,False,False,False,True,down,35.4,49.4,18.6,32.0,73.0,1000.0
3082872200,False,2026-08-13T13:34:50,2026-08-13T13:34:57,7,0.1,SELL,0.01,63644.56,63665.49,-0.2,False,-20.9,-0.0329,-0.16,-179.4,,,[sl 63664.56000],13,Thursday,10.0,63523.95,76.3,below,bull,LH_LL,-137.9,inside,42.6,63523.95,121.4,below,bear,LH_LL,34.6,inside,49.8,63621.18,223.4,above,bull,HH_HL,-182.1,inside,55.0,63417.58,482.7,below,bear,LH_LL,48.1,inside,11.7,True,True,False,True,up,75.9,99.6,0.0,0.4,120.0,1000.0
3082933434,False,2026-08-13T13:38:08,2026-08-13T13:38:54,46,0.8,BUY,0.01,63710.21,63679.71,-0.3,False,-30.5,-0.0479,-0.24,-39.8,,,KL-close,13,Thursday,10.0,63666.69,88.8,above,bull,mixed,-23.7,inside,81.1,63523.95,121.4,below,bear,LH_LL,34.6,inside,49.8,63621.18,223.4,above,bull,HH_HL,-182.1,inside,55.0,63417.58,482.7,below,bear,LH_LL,48.1,inside,11.7,True,False,True,False,up,47.1,27.8,28.0,44.2,121.0,1000.0
3082933549,False,2026-08-13T13:38:09,2026-08-13T13:38:56,47,0.8,BUY,0.01,63721.7,63680.67,-0.41,False,-41.0,-0.0644,-0.32,-52.4,,,KL-close,13,Thursday,10.0,63666.69,88.8,above,bull,mixed,-23.7,inside,81.1,63523.95,121.4,below,bear,LH_LL,34.6,inside,49.8,63621.18,223.4,above,bull,HH_HL,-182.1,inside,55.0,63417.58,482.7,below,bear,LH_LL,48.1,inside,11.7,True,False,True,False,up,47.1,27.8,28.0,44.2,121.0,1000.0
3083311572,False,2026-08-13T14:17:19,2026-08-13T14:17:36,17,0.3,SELL,0.01,63781.81,63804.5,-0.23,False,-22.7,-0.0356,-0.15,-80.1,,,[sl 63801.81],14,Thursday,10.0,63733.88,101.2,above,bull,HH_HL,-29.5,inside,87.8,63733.88,142.7,above,bull,HH_HL,112.7,inside,90.6,63651.34,237.0,above,bull,HH_HL,-56.1,inside,59.2,63417.58,482.7,below,bear,LH_LL,48.1,inside,11.7,False,False,False,True,up,40.2,14.9,78.9,6.2,84.0,1000.0
3083461232,False,2026-08-13T14:32:44,2026-08-13T14:32:44,0,0.0,SELL,0.01,63851.85,63888.68,-0.37,False,-36.8,-0.0577,-0.23,,,,[sl 63871.85],14,Thursday,10.0,63742.97,109.4,above,bull,LH_LL,125.2,inside,78.4,63742.97,149.4,above,bull,HH_HL,80.7,inside,92.4,63651.34,237.0,above,bull,HH_HL,-56.1,inside,59.2,63417.58,482.7,below,bear,LH_LL,48.1,inside,11.7,False,False,False,True,up,74.6,66.2,33.8,0.0,118.0,1000.0
3083581080,False,2026-08-13T14:47:00,2026-08-13T14:47:17,17,0.3,SELL,0.01,63851.85,63873.33,-0.21,False,-21.5,-0.0336,-0.14,-75.8,12.2,12.1,[sl 63871.85000],14,Thursday,10.0,63886.29,105.0,above,bull,mixed,134.5,inside,88.6,63886.29,162.9,above,bull,mixed,362.3,breakout_up,112.7,63651.34,237.0,above,bull,HH_HL,-56.1,inside,59.2,63417.58,482.7,below,bear,LH_LL,48.1,inside,11.7,False,False,False,True,up,24.3,2.6,83.6,13.8,69.0,1000.0
3083655651,False,2026-08-13T15:01:02,2026-08-13T15:01:03,1,0.0,SELL,0.01,63851.85,63872.36,-0.2,False,-20.5,-0.0321,-0.13,-1230.6,,,[sl 63871.85],15,Thursday,10.0,63787.11,92.7,above,bull,LH_LL,-74.7,inside,67.3,63787.11,157.5,above,bull,mixed,58.8,inside,77.1,63787.11,242.1,above,bull,HH_HL,73.1,inside,78.3,63417.58,482.7,below,bear,LH_LL,48.1,inside,11.7,False,False,False,True,up,32.4,51.1,48.9,0.0,78.0,1000.0
3083672604,False,2026-08-13T15:01:31,2026-08-13T15:01:31,0,0.0,SELL,0.01,63851.85,63871.85,-0.2,False,-20.0,-0.0313,-0.13,,,,[sl 63871.85000],15,Thursday,10.0,63787.11,92.7,above,bull,LH_LL,-74.7,inside,67.3,63787.11,157.5,above,bull,mixed,58.8,inside,77.1,63787.11,242.1,above,bull,HH_HL,73.1,inside,78.3,63417.58,482.7,below,bear,LH_LL,48.1,inside,11.7,False,False,False,True,up,32.4,51.1,48.9,0.0,78.0,1000.0
3083725731,False,2026-08-13T15:10:46,2026-08-13T15:11:33,47,0.8,SELL,0.01,63781.81,63802.08,-0.2,False,-20.3,-0.0318,-0.13,-25.9,7.5,17.1,[sl 63801.81],15,Thursday,10.0,63758.65,93.3,above,bull,LH_LL,-127.6,inside,61.2,63787.11,157.5,above,bull,mixed,58.8,inside,77.1,63787.11,242.1,above,bull,HH_HL,73.1,inside,78.3,63417.58,482.7,below,bear,LH_LL,48.1,inside,11.7,False,False,False,True,up,28.8,83.7,16.3,0.0,62.0,1000.0
