rebalance_month,first_monday,information_cutoff_friday,currency,policy_rate_pct,source_observation_date,value_age_days,is_policy_rate_available,availability_reason,policy_regime
2010-01,2010-01-04,2010-01-01,AUD,3.75,2009-12-31,1.0,True,,BIS main policy rate (no post-2010 definition break recorded)
2010-01,2010-01-04,2010-01-01,CAD,0.25,2010-01-01,0.0,True,,BIS main policy rate (no post-2010 definition break recorded)
2010-01,2010-01-04,2010-01-01,CHF,0.375,2010-01-01,0.0,True,,Mid-point of SNB target range
2010-01,2010-01-04,2010-01-01,EUR,1.0,2010-01-01,0.0,True,,MRO fixed rate
2010-01,2010-01-04,2010-01-01,GBP,0.5,2009-12-31,1.0,True,,BIS main policy rate (no post-2010 definition break recorded)
2010-01,2010-01-04,2010-01-01,JPY,0.1,2010-01-01,0.0,True,,BIS main policy rate (no post-2010 definition break recorded)
2010-01,2010-01-04,2010-01-01,NZD,2.5,2010-01-01,0.0,True,,BIS main policy rate (no post-2010 definition break recorded)
2010-01,2010-01-04,2010-01-01,USD,0.125,2010-01-01,0.0,True,,BIS main policy rate (no post-2010 definition break recorded)
2010-02,2010-02-01,2010-01-29,AUD,3.75,2010-01-29,0.0,True,,BIS main policy rate (no post-2010 definition break recorded)
2010-02,2010-02-01,2010-01-29,CAD,0.25,2010-01-29,0.0,True,,BIS main policy rate (no post-2010 definition break recorded)
2010-02,2010-02-01,2010-01-29,CHF,0.375,2010-01-29,0.0,True,,Mid-point of SNB target range
2010-02,2010-02-01,2010-01-29,EUR,1.0,2010-01-29,0.0,True,,MRO fixed rate
2010-02,2010-02-01,2010-01-29,GBP,0.5,2010-01-29,0.0,True,,BIS main policy rate (no post-2010 definition break recorded)
2010-02,2010-02-01,2010-01-29,JPY,0.1,2010-01-29,0.0,True,,BIS main policy rate (no post-2010 definition break recorded)
2010-02,2010-02-01,2010-01-29,NZD,2.5,2010-01-29,0.0,True,,BIS main policy rate (no post-2010 definition break recorded)
2010-02,2010-02-01,2010-01-29,USD,0.125,2010-01-29,0.0,True,,BIS main policy rate (no post-2010 definition break recorded)
2010-03,2010-03-01,2010-02-26,AUD,3.75,2010-02-26,0.0,True,,BIS main policy rate (no post-2010 definition break recorded)
2010-03,2010-03-01,2010-02-26,CAD,0.25,2010-02-26,0.0,True,,BIS main policy rate (no post-2010 definition break recorded)
2010-03,2010-03-01,2010-02-26,CHF,0.375,2010-02-26,0.0,True,,Mid-point of SNB target range
2010-03,2010-03-01,2010-02-26,EUR,1.0,2010-02-26,0.0,True,,MRO fixed rate
2010-03,2010-03-01,2010-02-26,GBP,0.5,2010-02-26,0.0,True,,BIS main policy rate (no post-2010 definition break recorded)
2010-03,2010-03-01,2010-02-26,JPY,0.1,2010-02-26,0.0,True,,BIS main policy rate (no post-2010 definition break recorded)
2010-03,2010-03-01,2010-02-26,NZD,2.5,2010-02-26,0.0,True,,BIS main policy rate (no post-2010 definition break recorded)
2010-03,2010-03-01,2010-02-26,USD,0.125,2010-02-26,0.0,True,,BIS main policy rate (no post-2010 definition break recorded)
2010-04,2010-04-05,2010-04-02,AUD,4.0,2010-04-01,1.0,True,,BIS main policy rate (no post-2010 definition break recorded)
2010-04,2010-04-05,2010-04-02,CAD,0.25,2010-04-02,0.0,True,,BIS main policy rate (no post-2010 definition break recorded)
2010-04,2010-04-05,2010-04-02,CHF,0.375,2010-04-02,0.0,True,,Mid-point of SNB target range
2010-04,2010-04-05,2010-04-02,EUR,1.0,2010-04-02,0.0,True,,MRO fixed rate
2010-04,2010-04-05,2010-04-02,GBP,0.5,2010-04-01,1.0,True,,BIS main policy rate (no post-2010 definition break recorded)
2010-04,2010-04-05,2010-04-02,JPY,0.1,2010-04-02,0.0,True,,BIS main policy rate (no post-2010 definition break recorded)
2010-04,2010-04-05,2010-04-02,NZD,2.5,2010-04-02,0.0,True,,BIS main policy rate (no post-2010 definition break recorded)
2010-04,2010-04-05,2010-04-02,USD,0.125,2010-04-02,0.0,True,,BIS main policy rate (no post-2010 definition break recorded)
2010-05,2010-05-03,2010-04-30,AUD,4.25,2010-04-30,0.0,True,,BIS main policy rate (no post-2010 definition break recorded)
2010-05,2010-05-03,2010-04-30,CAD,0.25,2010-04-30,0.0,True,,BIS main policy rate (no post-2010 definition break recorded)
2010-05,2010-05-03,2010-04-30,CHF,0.375,2010-04-30,0.0,True,,Mid-point of SNB target range
2010-05,2010-05-03,2010-04-30,EUR,1.0,2010-04-30,0.0,True,,MRO fixed rate
2010-05,2010-05-03,2010-04-30,GBP,0.5,2010-04-30,0.0,True,,BIS main policy rate (no post-2010 definition break recorded)
2010-05,2010-05-03,2010-04-30,JPY,0.1,2010-04-30,0.0,True,,BIS main policy rate (no post-2010 definition break recorded)
2010-05,2010-05-03,2010-04-30,NZD,2.5,2010-04-30,0.0,True,,BIS main policy rate (no post-2010 definition break recorded)
2010-05,2010-05-03,2010-04-30,USD,0.125,2010-04-30,0.0,True,,BIS main policy rate (no post-2010 definition break recorded)
2010-06,2010-06-07,2010-06-04,AUD,4.5,2010-06-04,0.0,True,,BIS main policy rate (no post-2010 definition break recorded)
2010-06,2010-06-07,2010-06-04,CAD,0.5,2010-06-04,0.0,True,,BIS main policy rate (no post-2010 definition break recorded)
2010-06,2010-06-07,2010-06-04,CHF,0.375,2010-06-04,0.0,True,,Mid-point of SNB target range
2010-06,2010-06-07,2010-06-04,EUR,1.0,2010-06-04,0.0,True,,MRO fixed rate
2010-06,2010-06-07,2010-06-04,GBP,0.5,2010-06-04,0.0,True,,BIS main policy rate (no post-2010 definition break recorded)
2010-06,2010-06-07,2010-06-04,JPY,0.1,2010-06-04,0.0,True,,BIS main policy rate (no post-2010 definition break recorded)
2010-06,2010-06-07,2010-06-04,NZD,2.5,2010-06-04,0.0,True,,BIS main policy rate (no post-2010 definition break recorded)
2010-06,2010-06-07,2010-06-04,USD,0.125,2010-06-04,0.0,True,,BIS main policy rate (no post-2010 definition break recorded)
2010-07,2010-07-05,2010-07-02,AUD,4.5,2010-07-02,0.0,True,,BIS main policy rate (no post-2010 definition break recorded)
2010-07,2010-07-05,2010-07-02,CAD,0.5,2010-07-02,0.0,True,,BIS main policy rate (no post-2010 definition break recorded)
2010-07,2010-07-05,2010-07-02,CHF,0.375,2010-07-02,0.0,True,,Mid-point of SNB target range
2010-07,2010-07-05,2010-07-02,EUR,1.0,2010-07-02,0.0,True,,MRO fixed rate
2010-07,2010-07-05,2010-07-02,GBP,0.5,2010-07-02,0.0,True,,BIS main policy rate (no post-2010 definition break recorded)
2010-07,2010-07-05,2010-07-02,JPY,0.1,2010-07-02,0.0,True,,BIS main policy rate (no post-2010 definition break recorded)
2010-07,2010-07-05,2010-07-02,NZD,2.75,2010-07-02,0.0,True,,BIS main policy rate (no post-2010 definition break recorded)
2010-07,2010-07-05,2010-07-02,USD,0.125,2010-07-02,0.0,True,,BIS main policy rate (no post-2010 definition break recorded)
2010-08,2010-08-02,2010-07-30,AUD,4.5,2010-07-30,0.0,True,,BIS main policy rate (no post-2010 definition break recorded)
2010-08,2010-08-02,2010-07-30,CAD,0.75,2010-07-30,0.0,True,,BIS main policy rate (no post-2010 definition break recorded)
2010-08,2010-08-02,2010-07-30,CHF,0.375,2010-07-30,0.0,True,,Mid-point of SNB target range
2010-08,2010-08-02,2010-07-30,EUR,1.0,2010-07-30,0.0,True,,MRO fixed rate
2010-08,2010-08-02,2010-07-30,GBP,0.5,2010-07-30,0.0,True,,BIS main policy rate (no post-2010 definition break recorded)
2010-08,2010-08-02,2010-07-30,JPY,0.1,2010-07-30,0.0,True,,BIS main policy rate (no post-2010 definition break recorded)
2010-08,2010-08-02,2010-07-30,NZD,3.0,2010-07-30,0.0,True,,BIS main policy rate (no post-2010 definition break recorded)
2010-08,2010-08-02,2010-07-30,USD,0.125,2010-07-30,0.0,True,,BIS main policy rate (no post-2010 definition break recorded)
2010-09,2010-09-06,2010-09-03,AUD,4.5001,2010-09-03,0.0,True,,BIS main policy rate (no post-2010 definition break recorded)
2010-09,2010-09-06,2010-09-03,CAD,0.75,2010-09-03,0.0,True,,BIS main policy rate (no post-2010 definition break recorded)
2010-09,2010-09-06,2010-09-03,CHF,0.375,2010-09-03,0.0,True,,Mid-point of SNB target range
2010-09,2010-09-06,2010-09-03,EUR,1.0,2010-09-03,0.0,True,,MRO fixed rate
2010-09,2010-09-06,2010-09-03,GBP,0.5,2010-09-03,0.0,True,,BIS main policy rate (no post-2010 definition break recorded)
2010-09,2010-09-06,2010-09-03,JPY,0.1,2010-09-03,0.0,True,,BIS main policy rate (no post-2010 definition break recorded)
2010-09,2010-09-06,2010-09-03,NZD,3.0,2010-09-03,0.0,True,,BIS main policy rate (no post-2010 definition break recorded)
2010-09,2010-09-06,2010-09-03,USD,0.125,2010-09-03,0.0,True,,BIS main policy rate (no post-2010 definition break recorded)
2010-10,2010-10-04,2010-10-01,AUD,4.5,2010-10-01,0.0,True,,BIS main policy rate (no post-2010 definition break recorded)
2010-10,2010-10-04,2010-10-01,CAD,1.0,2010-10-01,0.0,True,,BIS main policy rate (no post-2010 definition break recorded)
2010-10,2010-10-04,2010-10-01,CHF,0.375,2010-10-01,0.0,True,,Mid-point of SNB target range
2010-10,2010-10-04,2010-10-01,EUR,1.0,2010-10-01,0.0,True,,MRO fixed rate
2010-10,2010-10-04,2010-10-01,GBP,0.5,2010-10-01,0.0,True,,BIS main policy rate (no post-2010 definition break recorded)
2010-10,2010-10-04,2010-10-01,JPY,0.1,2010-10-01,0.0,True,,BIS main policy rate (no post-2010 definition break recorded)
2010-10,2010-10-04,2010-10-01,NZD,3.0,2010-10-01,0.0,True,,BIS main policy rate (no post-2010 definition break recorded)
2010-10,2010-10-04,2010-10-01,USD,0.125,2010-10-01,0.0,True,,BIS main policy rate (no post-2010 definition break recorded)
2010-11,2010-11-01,2010-10-29,AUD,4.5,2010-10-29,0.0,True,,BIS main policy rate (no post-2010 definition break recorded)
2010-11,2010-11-01,2010-10-29,CAD,1.0,2010-10-29,0.0,True,,BIS main policy rate (no post-2010 definition break recorded)
2010-11,2010-11-01,2010-10-29,CHF,0.375,2010-10-29,0.0,True,,Mid-point of SNB target range
2010-11,2010-11-01,2010-10-29,EUR,1.0,2010-10-29,0.0,True,,MRO fixed rate
2010-11,2010-11-01,2010-10-29,GBP,0.5,2010-10-29,0.0,True,,BIS main policy rate (no post-2010 definition break recorded)
2010-11,2010-11-01,2010-10-29,JPY,0.05,2010-10-29,0.0,True,,UOCR around 0 to 0.1%
2010-11,2010-11-01,2010-10-29,NZD,3.0,2010-10-29,0.0,True,,BIS main policy rate (no post-2010 definition break recorded)
2010-11,2010-11-01,2010-10-29,USD,0.125,2010-10-29,0.0,True,,BIS main policy rate (no post-2010 definition break recorded)
2010-12,2010-12-06,2010-12-03,AUD,4.75,2010-12-03,0.0,True,,BIS main policy rate (no post-2010 definition break recorded)
2010-12,2010-12-06,2010-12-03,CAD,1.0,2010-12-03,0.0,True,,BIS main policy rate (no post-2010 definition break recorded)
2010-12,2010-12-06,2010-12-03,CHF,0.375,2010-12-03,0.0,True,,Mid-point of SNB target range
2010-12,2010-12-06,2010-12-03,EUR,1.0,2010-12-03,0.0,True,,MRO fixed rate
2010-12,2010-12-06,2010-12-03,GBP,0.5,2010-12-03,0.0,True,,BIS main policy rate (no post-2010 definition break recorded)
2010-12,2010-12-06,2010-12-03,JPY,0.05,2010-12-03,0.0,True,,UOCR around 0 to 0.1%
2010-12,2010-12-06,2010-12-03,NZD,3.0,2010-12-03,0.0,True,,BIS main policy rate (no post-2010 definition break recorded)
2010-12,2010-12-06,2010-12-03,USD,0.125,2010-12-03,0.0,True,,BIS main policy rate (no post-2010 definition break recorded)
2011-01,2011-01-03,2010-12-31,AUD,4.75,2010-12-31,0.0,True,,BIS main policy rate (no post-2010 definition break recorded)
2011-01,2011-01-03,2010-12-31,CAD,1.0,2010-12-31,0.0,True,,BIS main policy rate (no post-2010 definition break recorded)
2011-01,2011-01-03,2010-12-31,CHF,0.375,2010-12-31,0.0,True,,Mid-point of SNB target range
2011-01,2011-01-03,2010-12-31,EUR,1.0,2010-12-31,0.0,True,,MRO fixed rate
2011-01,2011-01-03,2010-12-31,GBP,0.5,2010-12-31,0.0,True,,BIS main policy rate (no post-2010 definition break recorded)
2011-01,2011-01-03,2010-12-31,JPY,0.05,2010-12-31,0.0,True,,UOCR around 0 to 0.1%
2011-01,2011-01-03,2010-12-31,NZD,3.0,2010-12-31,0.0,True,,BIS main policy rate (no post-2010 definition break recorded)
2011-01,2011-01-03,2010-12-31,USD,0.125,2010-12-31,0.0,True,,BIS main policy rate (no post-2010 definition break recorded)
2011-02,2011-02-07,2011-02-04,AUD,4.75,2011-02-04,0.0,True,,BIS main policy rate (no post-2010 definition break recorded)
2011-02,2011-02-07,2011-02-04,CAD,1.0,2011-02-04,0.0,True,,BIS main policy rate (no post-2010 definition break recorded)
2011-02,2011-02-07,2011-02-04,CHF,0.375,2011-02-04,0.0,True,,Mid-point of SNB target range
2011-02,2011-02-07,2011-02-04,EUR,1.0,2011-02-04,0.0,True,,MRO fixed rate
2011-02,2011-02-07,2011-02-04,GBP,0.5,2011-02-04,0.0,True,,BIS main policy rate (no post-2010 definition break recorded)
2011-02,2011-02-07,2011-02-04,JPY,0.05,2011-02-04,0.0,True,,UOCR around 0 to 0.1%
2011-02,2011-02-07,2011-02-04,NZD,3.0,2011-02-04,0.0,True,,BIS main policy rate (no post-2010 definition break recorded)
2011-02,2011-02-07,2011-02-04,USD,0.125,2011-02-04,0.0,True,,BIS main policy rate (no post-2010 definition break recorded)
2011-03,2011-03-07,2011-03-04,AUD,4.75,2011-03-04,0.0,True,,BIS main policy rate (no post-2010 definition break recorded)
2011-03,2011-03-07,2011-03-04,CAD,1.0,2011-03-04,0.0,True,,BIS main policy rate (no post-2010 definition break recorded)
2011-03,2011-03-07,2011-03-04,CHF,0.375,2011-03-04,0.0,True,,Mid-point of SNB target range
2011-03,2011-03-07,2011-03-04,EUR,1.0,2011-03-04,0.0,True,,MRO fixed rate
2011-03,2011-03-07,2011-03-04,GBP,0.5,2011-03-04,0.0,True,,BIS main policy rate (no post-2010 definition break recorded)
2011-03,2011-03-07,2011-03-04,JPY,0.05,2011-03-04,0.0,True,,UOCR around 0 to 0.1%
2011-03,2011-03-07,2011-03-04,NZD,3.0,2011-03-04,0.0,True,,BIS main policy rate (no post-2010 definition break recorded)
2011-03,2011-03-07,2011-03-04,USD,0.125,2011-03-04,0.0,True,,BIS main policy rate (no post-2010 definition break recorded)
2011-04,2011-04-04,2011-04-01,AUD,4.75,2011-04-01,0.0,True,,BIS main policy rate (no post-2010 definition break recorded)
2011-04,2011-04-04,2011-04-01,CAD,1.0,2011-04-01,0.0,True,,BIS main policy rate (no post-2010 definition break recorded)
2011-04,2011-04-04,2011-04-01,CHF,0.375,2011-04-01,0.0,True,,Mid-point of SNB target range
2011-04,2011-04-04,2011-04-01,EUR,1.0,2011-04-01,0.0,True,,MRO fixed rate
2011-04,2011-04-04,2011-04-01,GBP,0.5,2011-04-01,0.0,True,,BIS main policy rate (no post-2010 definition break recorded)
2011-04,2011-04-04,2011-04-01,JPY,0.05,2011-04-01,0.0,True,,UOCR around 0 to 0.1%
2011-04,2011-04-04,2011-04-01,NZD,2.5,2011-04-01,0.0,True,,BIS main policy rate (no post-2010 definition break recorded)
2011-04,2011-04-04,2011-04-01,USD,0.125,2011-04-01,0.0,True,,BIS main policy rate (no post-2010 definition break recorded)
2011-05,2011-05-02,2011-04-29,AUD,4.75,2011-04-29,0.0,True,,BIS main policy rate (no post-2010 definition break recorded)
2011-05,2011-05-02,2011-04-29,CAD,1.0,2011-04-29,0.0,True,,BIS main policy rate (no post-2010 definition break recorded)
2011-05,2011-05-02,2011-04-29,CHF,0.375,2011-04-29,0.0,True,,Mid-point of SNB target range
2011-05,2011-05-02,2011-04-29,EUR,1.25,2011-04-29,0.0,True,,MRO fixed rate
2011-05,2011-05-02,2011-04-29,GBP,0.5,2011-04-28,1.0,True,,BIS main policy rate (no post-2010 definition break recorded)
2011-05,2011-05-02,2011-04-29,JPY,0.05,2011-04-29,0.0,True,,UOCR around 0 to 0.1%
2011-05,2011-05-02,2011-04-29,NZD,2.5,2011-04-29,0.0,True,,BIS main policy rate (no post-2010 definition break recorded)
2011-05,2011-05-02,2011-04-29,USD,0.125,2011-04-29,0.0,True,,BIS main policy rate (no post-2010 definition break recorded)
2011-06,2011-06-06,2011-06-03,AUD,4.75,2011-06-03,0.0,True,,BIS main policy rate (no post-2010 definition break recorded)
2011-06,2011-06-06,2011-06-03,CAD,1.0,2011-06-03,0.0,True,,BIS main policy rate (no post-2010 definition break recorded)
2011-06,2011-06-06,2011-06-03,CHF,0.375,2011-06-03,0.0,True,,Mid-point of SNB target range
2011-06,2011-06-06,2011-06-03,EUR,1.25,2011-06-03,0.0,True,,MRO fixed rate
2011-06,2011-06-06,2011-06-03,GBP,0.5,2011-06-03,0.0,True,,BIS main policy rate (no post-2010 definition break recorded)
2011-06,2011-06-06,2011-06-03,JPY,0.05,2011-06-03,0.0,True,,UOCR around 0 to 0.1%
2011-06,2011-06-06,2011-06-03,NZD,2.5,2011-06-03,0.0,True,,BIS main policy rate (no post-2010 definition break recorded)
2011-06,2011-06-06,2011-06-03,USD,0.125,2011-06-03,0.0,True,,BIS main policy rate (no post-2010 definition break recorded)
2011-07,2011-07-04,2011-07-01,AUD,4.75,2011-07-01,0.0,True,,BIS main policy rate (no post-2010 definition break recorded)
2011-07,2011-07-04,2011-07-01,CAD,1.0,2011-07-01,0.0,True,,BIS main policy rate (no post-2010 definition break recorded)
2011-07,2011-07-04,2011-07-01,CHF,0.375,2011-07-01,0.0,True,,Mid-point of SNB target range
2011-07,2011-07-04,2011-07-01,EUR,1.25,2011-07-01,0.0,True,,MRO fixed rate
2011-07,2011-07-04,2011-07-01,GBP,0.5,2011-07-01,0.0,True,,BIS main policy rate (no post-2010 definition break recorded)
2011-07,2011-07-04,2011-07-01,JPY,0.05,2011-07-01,0.0,True,,UOCR around 0 to 0.1%
2011-07,2011-07-04,2011-07-01,NZD,2.5,2011-07-01,0.0,True,,BIS main policy rate (no post-2010 definition break recorded)
2011-07,2011-07-04,2011-07-01,USD,0.125,2011-07-01,0.0,True,,BIS main policy rate (no post-2010 definition break recorded)
2011-08,2011-08-01,2011-07-29,AUD,4.75,2011-07-29,0.0,True,,BIS main policy rate (no post-2010 definition break recorded)
2011-08,2011-08-01,2011-07-29,CAD,1.0,2011-07-29,0.0,True,,BIS main policy rate (no post-2010 definition break recorded)
2011-08,2011-08-01,2011-07-29,CHF,0.375,2011-07-29,0.0,True,,Mid-point of SNB target range
2011-08,2011-08-01,2011-07-29,EUR,1.5,2011-07-29,0.0,True,,MRO fixed rate
2011-08,2011-08-01,2011-07-29,GBP,0.5,2011-07-29,0.0,True,,BIS main policy rate (no post-2010 definition break recorded)
2011-08,2011-08-01,2011-07-29,JPY,0.05,2011-07-29,0.0,True,,UOCR around 0 to 0.1%
2011-08,2011-08-01,2011-07-29,NZD,2.5,2011-07-29,0.0,True,,BIS main policy rate (no post-2010 definition break recorded)
2011-08,2011-08-01,2011-07-29,USD,0.125,2011-07-29,0.0,True,,BIS main policy rate (no post-2010 definition break recorded)
2011-09,2011-09-05,2011-09-02,AUD,4.75,2011-09-02,0.0,True,,BIS main policy rate (no post-2010 definition break recorded)
2011-09,2011-09-05,2011-09-02,CAD,1.0,2011-09-02,0.0,True,,BIS main policy rate (no post-2010 definition break recorded)
2011-09,2011-09-05,2011-09-02,CHF,0.125,2011-09-02,0.0,True,,Mid-point of SNB target range
2011-09,2011-09-05,2011-09-02,EUR,1.5,2011-09-02,0.0,True,,MRO fixed rate
2011-09,2011-09-05,2011-09-02,GBP,0.5,2011-09-02,0.0,True,,BIS main policy rate (no post-2010 definition break recorded)
2011-09,2011-09-05,2011-09-02,JPY,0.05,2011-09-02,0.0,True,,UOCR around 0 to 0.1%
2011-09,2011-09-05,2011-09-02,NZD,2.5,2011-09-02,0.0,True,,BIS main policy rate (no post-2010 definition break recorded)
2011-09,2011-09-05,2011-09-02,USD,0.125,2011-09-02,0.0,True,,BIS main policy rate (no post-2010 definition break recorded)
2011-10,2011-10-03,2011-09-30,AUD,4.75,2011-09-30,0.0,True,,BIS main policy rate (no post-2010 definition break recorded)
2011-10,2011-10-03,2011-09-30,CAD,1.0,2011-09-30,0.0,True,,BIS main policy rate (no post-2010 definition break recorded)
2011-10,2011-10-03,2011-09-30,CHF,0.125,2011-09-30,0.0,True,,Mid-point of SNB target range
2011-10,2011-10-03,2011-09-30,EUR,1.5,2011-09-30,0.0,True,,MRO fixed rate
2011-10,2011-10-03,2011-09-30,GBP,0.5,2011-09-30,0.0,True,,BIS main policy rate (no post-2010 definition break recorded)
2011-10,2011-10-03,2011-09-30,JPY,0.05,2011-09-30,0.0,True,,UOCR around 0 to 0.1%
2011-10,2011-10-03,2011-09-30,NZD,2.5,2011-09-30,0.0,True,,BIS main policy rate (no post-2010 definition break recorded)
2011-10,2011-10-03,2011-09-30,USD,0.125,2011-09-30,0.0,True,,BIS main policy rate (no post-2010 definition break recorded)
2011-11,2011-11-07,2011-11-04,AUD,4.5,2011-11-04,0.0,True,,BIS main policy rate (no post-2010 definition break recorded)
2011-11,2011-11-07,2011-11-04,CAD,1.0,2011-11-04,0.0,True,,BIS main policy rate (no post-2010 definition break recorded)
2011-11,2011-11-07,2011-11-04,CHF,0.125,2011-11-04,0.0,True,,Mid-point of SNB target range
2011-11,2011-11-07,2011-11-04,EUR,1.5,2011-11-04,0.0,True,,MRO fixed rate
2011-11,2011-11-07,2011-11-04,GBP,0.5,2011-11-04,0.0,True,,BIS main policy rate (no post-2010 definition break recorded)
2011-11,2011-11-07,2011-11-04,JPY,0.05,2011-11-04,0.0,True,,UOCR around 0 to 0.1%
2011-11,2011-11-07,2011-11-04,NZD,2.5,2011-11-04,0.0,True,,BIS main policy rate (no post-2010 definition break recorded)
2011-11,2011-11-07,2011-11-04,USD,0.125,2011-11-04,0.0,True,,BIS main policy rate (no post-2010 definition break recorded)
2011-12,2011-12-05,2011-12-02,AUD,4.5,2011-12-02,0.0,True,,BIS main policy rate (no post-2010 definition break recorded)
2011-12,2011-12-05,2011-12-02,CAD,1.0,2011-12-02,0.0,True,,BIS main policy rate (no post-2010 definition break recorded)
2011-12,2011-12-05,2011-12-02,CHF,0.125,2011-12-02,0.0,True,,Mid-point of SNB target range
2011-12,2011-12-05,2011-12-02,EUR,1.25,2011-12-02,0.0,True,,MRO fixed rate
2011-12,2011-12-05,2011-12-02,GBP,0.5,2011-12-02,0.0,True,,BIS main policy rate (no post-2010 definition break recorded)
2011-12,2011-12-05,2011-12-02,JPY,0.05,2011-12-02,0.0,True,,UOCR around 0 to 0.1%
2011-12,2011-12-05,2011-12-02,NZD,2.5,2011-12-02,0.0,True,,BIS main policy rate (no post-2010 definition break recorded)
2011-12,2011-12-05,2011-12-02,USD,0.125,2011-12-02,0.0,True,,BIS main policy rate (no post-2010 definition break recorded)
2012-01,2012-01-02,2011-12-30,AUD,4.25,2011-12-30,0.0,True,,BIS main policy rate (no post-2010 definition break recorded)
2012-01,2012-01-02,2011-12-30,CAD,1.0,2011-12-30,0.0,True,,BIS main policy rate (no post-2010 definition break recorded)
2012-01,2012-01-02,2011-12-30,CHF,0.125,2011-12-30,0.0,True,,Mid-point of SNB target range
2012-01,2012-01-02,2011-12-30,EUR,1.0,2011-12-30,0.0,True,,MRO fixed rate
2012-01,2012-01-02,2011-12-30,GBP,0.5,2011-12-30,0.0,True,,BIS main policy rate (no post-2010 definition break recorded)
2012-01,2012-01-02,2011-12-30,JPY,0.05,2011-12-30,0.0,True,,UOCR around 0 to 0.1%
2012-01,2012-01-02,2011-12-30,NZD,2.5,2011-12-30,0.0,True,,BIS main policy rate (no post-2010 definition break recorded)
2012-01,2012-01-02,2011-12-30,USD,0.125,2011-12-30,0.0,True,,BIS main policy rate (no post-2010 definition break recorded)
2012-02,2012-02-06,2012-02-03,AUD,4.25,2012-02-03,0.0,True,,BIS main policy rate (no post-2010 definition break recorded)
2012-02,2012-02-06,2012-02-03,CAD,1.0,2012-02-03,0.0,True,,BIS main policy rate (no post-2010 definition break recorded)
2012-02,2012-02-06,2012-02-03,CHF,0.125,2012-02-03,0.0,True,,Mid-point of SNB target range
2012-02,2012-02-06,2012-02-03,EUR,1.0,2012-02-03,0.0,True,,MRO fixed rate
2012-02,2012-02-06,2012-02-03,GBP,0.5,2012-02-03,0.0,True,,BIS main policy rate (no post-2010 definition break recorded)
2012-02,2012-02-06,2012-02-03,JPY,0.05,2012-02-03,0.0,True,,UOCR around 0 to 0.1%
2012-02,2012-02-06,2012-02-03,NZD,2.5,2012-02-03,0.0,True,,BIS main policy rate (no post-2010 definition break recorded)
2012-02,2012-02-06,2012-02-03,USD,0.125,2012-02-03,0.0,True,,BIS main policy rate (no post-2010 definition break recorded)
2012-03,2012-03-05,2012-03-02,AUD,4.25,2012-03-02,0.0,True,,BIS main policy rate (no post-2010 definition break recorded)
2012-03,2012-03-05,2012-03-02,CAD,1.0,2012-03-02,0.0,True,,BIS main policy rate (no post-2010 definition break recorded)
2012-03,2012-03-05,2012-03-02,CHF,0.125,2012-03-02,0.0,True,,Mid-point of SNB target range
2012-03,2012-03-05,2012-03-02,EUR,1.0,2012-03-02,0.0,True,,MRO fixed rate
2012-03,2012-03-05,2012-03-02,GBP,0.5,2012-03-02,0.0,True,,BIS main policy rate (no post-2010 definition break recorded)
2012-03,2012-03-05,2012-03-02,JPY,0.05,2012-03-02,0.0,True,,UOCR around 0 to 0.1%
2012-03,2012-03-05,2012-03-02,NZD,2.5,2012-03-02,0.0,True,,BIS main policy rate (no post-2010 definition break recorded)
2012-03,2012-03-05,2012-03-02,USD,0.125,2012-03-02,0.0,True,,BIS main policy rate (no post-2010 definition break recorded)
2012-04,2012-04-02,2012-03-30,AUD,4.25,2012-03-30,0.0,True,,BIS main policy rate (no post-2010 definition break recorded)
2012-04,2012-04-02,2012-03-30,CAD,1.0,2012-03-30,0.0,True,,BIS main policy rate (no post-2010 definition break recorded)
2012-04,2012-04-02,2012-03-30,CHF,0.125,2012-03-30,0.0,True,,Mid-point of SNB target range
2012-04,2012-04-02,2012-03-30,EUR,1.0,2012-03-30,0.0,True,,MRO fixed rate
2012-04,2012-04-02,2012-03-30,GBP,0.5,2012-03-30,0.0,True,,BIS main policy rate (no post-2010 definition break recorded)
2012-04,2012-04-02,2012-03-30,JPY,0.05,2012-03-30,0.0,True,,UOCR around 0 to 0.1%
2012-04,2012-04-02,2012-03-30,NZD,2.5,2012-03-30,0.0,True,,BIS main policy rate (no post-2010 definition break recorded)
2012-04,2012-04-02,2012-03-30,USD,0.125,2012-03-30,0.0,True,,BIS main policy rate (no post-2010 definition break recorded)
2012-05,2012-05-07,2012-05-04,AUD,3.75,2012-05-04,0.0,True,,BIS main policy rate (no post-2010 definition break recorded)
2012-05,2012-05-07,2012-05-04,CAD,1.0,2012-05-04,0.0,True,,BIS main policy rate (no post-2010 definition break recorded)
2012-05,2012-05-07,2012-05-04,CHF,0.125,2012-05-04,0.0,True,,Mid-point of SNB target range
2012-05,2012-05-07,2012-05-04,EUR,1.0,2012-05-04,0.0,True,,MRO fixed rate
2012-05,2012-05-07,2012-05-04,GBP,0.5,2012-05-04,0.0,True,,BIS main policy rate (no post-2010 definition break recorded)
2012-05,2012-05-07,2012-05-04,JPY,0.05,2012-05-04,0.0,True,,UOCR around 0 to 0.1%
2012-05,2012-05-07,2012-05-04,NZD,2.5,2012-05-04,0.0,True,,BIS main policy rate (no post-2010 definition break recorded)
2012-05,2012-05-07,2012-05-04,USD,0.125,2012-05-04,0.0,True,,BIS main policy rate (no post-2010 definition break recorded)
2012-06,2012-06-04,2012-06-01,AUD,3.75,2012-06-01,0.0,True,,BIS main policy rate (no post-2010 definition break recorded)
2012-06,2012-06-04,2012-06-01,CAD,1.0,2012-06-01,0.0,True,,BIS main policy rate (no post-2010 definition break recorded)
2012-06,2012-06-04,2012-06-01,CHF,0.125,2012-06-01,0.0,True,,Mid-point of SNB target range
2012-06,2012-06-04,2012-06-01,EUR,1.0,2012-06-01,0.0,True,,MRO fixed rate
2012-06,2012-06-04,2012-06-01,GBP,0.5,2012-06-01,0.0,True,,BIS main policy rate (no post-2010 definition break recorded)
2012-06,2012-06-04,2012-06-01,JPY,0.05,2012-06-01,0.0,True,,UOCR around 0 to 0.1%
2012-06,2012-06-04,2012-06-01,NZD,2.5,2012-06-01,0.0,True,,BIS main policy rate (no post-2010 definition break recorded)
2012-06,2012-06-04,2012-06-01,USD,0.125,2012-06-01,0.0,True,,BIS main policy rate (no post-2010 definition break recorded)
2012-07,2012-07-02,2012-06-29,AUD,3.5,2012-06-29,0.0,True,,BIS main policy rate (no post-2010 definition break recorded)
2012-07,2012-07-02,2012-06-29,CAD,1.0,2012-06-29,0.0,True,,BIS main policy rate (no post-2010 definition break recorded)
2012-07,2012-07-02,2012-06-29,CHF,0.125,2012-06-29,0.0,True,,Mid-point of SNB target range
2012-07,2012-07-02,2012-06-29,EUR,1.0,2012-06-29,0.0,True,,MRO fixed rate
2012-07,2012-07-02,2012-06-29,GBP,0.5,2012-06-29,0.0,True,,BIS main policy rate (no post-2010 definition break recorded)
2012-07,2012-07-02,2012-06-29,JPY,0.05,2012-06-29,0.0,True,,UOCR around 0 to 0.1%
2012-07,2012-07-02,2012-06-29,NZD,2.5,2012-06-29,0.0,True,,BIS main policy rate (no post-2010 definition break recorded)
2012-07,2012-07-02,2012-06-29,USD,0.125,2012-06-29,0.0,True,,BIS main policy rate (no post-2010 definition break recorded)
2012-08,2012-08-06,2012-08-03,AUD,3.5,2012-08-03,0.0,True,,BIS main policy rate (no post-2010 definition break recorded)
2012-08,2012-08-06,2012-08-03,CAD,1.0,2012-08-03,0.0,True,,BIS main policy rate (no post-2010 definition break recorded)
2012-08,2012-08-06,2012-08-03,CHF,0.125,2012-08-03,0.0,True,,Mid-point of SNB target range
2012-08,2012-08-06,2012-08-03,EUR,0.75,2012-08-03,0.0,True,,MRO fixed rate
2012-08,2012-08-06,2012-08-03,GBP,0.5,2012-08-03,0.0,True,,BIS main policy rate (no post-2010 definition break recorded)
2012-08,2012-08-06,2012-08-03,JPY,0.05,2012-08-03,0.0,True,,UOCR around 0 to 0.1%
2012-08,2012-08-06,2012-08-03,NZD,2.5,2012-08-03,0.0,True,,BIS main policy rate (no post-2010 definition break recorded)
2012-08,2012-08-06,2012-08-03,USD,0.125,2012-08-03,0.0,True,,BIS main policy rate (no post-2010 definition break recorded)
2012-09,2012-09-03,2012-08-31,AUD,3.5,2012-08-31,0.0,True,,BIS main policy rate (no post-2010 definition break recorded)
2012-09,2012-09-03,2012-08-31,CAD,1.0,2012-08-31,0.0,True,,BIS main policy rate (no post-2010 definition break recorded)
2012-09,2012-09-03,2012-08-31,CHF,0.125,2012-08-31,0.0,True,,Mid-point of SNB target range
2012-09,2012-09-03,2012-08-31,EUR,0.75,2012-08-31,0.0,True,,MRO fixed rate
2012-09,2012-09-03,2012-08-31,GBP,0.5,2012-08-31,0.0,True,,BIS main policy rate (no post-2010 definition break recorded)
2012-09,2012-09-03,2012-08-31,JPY,0.05,2012-08-31,0.0,True,,UOCR around 0 to 0.1%
2012-09,2012-09-03,2012-08-31,NZD,2.5,2012-08-31,0.0,True,,BIS main policy rate (no post-2010 definition break recorded)
2012-09,2012-09-03,2012-08-31,USD,0.125,2012-08-31,0.0,True,,BIS main policy rate (no post-2010 definition break recorded)
2012-10,2012-10-01,2012-09-28,AUD,3.5,2012-09-28,0.0,True,,BIS main policy rate (no post-2010 definition break recorded)
2012-10,2012-10-01,2012-09-28,CAD,1.0,2012-09-28,0.0,True,,BIS main policy rate (no post-2010 definition break recorded)
2012-10,2012-10-01,2012-09-28,CHF,0.125,2012-09-28,0.0,True,,Mid-point of SNB target range
2012-10,2012-10-01,2012-09-28,EUR,0.75,2012-09-28,0.0,True,,MRO fixed rate
2012-10,2012-10-01,2012-09-28,GBP,0.5,2012-09-28,0.0,True,,BIS main policy rate (no post-2010 definition break recorded)
2012-10,2012-10-01,2012-09-28,JPY,0.05,2012-09-28,0.0,True,,UOCR around 0 to 0.1%
2012-10,2012-10-01,2012-09-28,NZD,2.5,2012-09-28,0.0,True,,BIS main policy rate (no post-2010 definition break recorded)
2012-10,2012-10-01,2012-09-28,USD,0.125,2012-09-28,0.0,True,,BIS main policy rate (no post-2010 definition break recorded)
2012-11,2012-11-05,2012-11-02,AUD,3.25,2012-11-02,0.0,True,,BIS main policy rate (no post-2010 definition break recorded)
2012-11,2012-11-05,2012-11-02,CAD,1.0,2012-11-02,0.0,True,,BIS main policy rate (no post-2010 definition break recorded)
2012-11,2012-11-05,2012-11-02,CHF,0.125,2012-11-02,0.0,True,,Mid-point of SNB target range
2012-11,2012-11-05,2012-11-02,EUR,0.75,2012-11-02,0.0,True,,MRO fixed rate
2012-11,2012-11-05,2012-11-02,GBP,0.5,2012-11-02,0.0,True,,BIS main policy rate (no post-2010 definition break recorded)
2012-11,2012-11-05,2012-11-02,JPY,0.05,2012-11-02,0.0,True,,UOCR around 0 to 0.1%
2012-11,2012-11-05,2012-11-02,NZD,2.5,2012-11-02,0.0,True,,BIS main policy rate (no post-2010 definition break recorded)
2012-11,2012-11-05,2012-11-02,USD,0.125,2012-11-02,0.0,True,,BIS main policy rate (no post-2010 definition break recorded)
2012-12,2012-12-03,2012-11-30,AUD,3.25,2012-11-30,0.0,True,,BIS main policy rate (no post-2010 definition break recorded)
2012-12,2012-12-03,2012-11-30,CAD,1.0,2012-11-30,0.0,True,,BIS main policy rate (no post-2010 definition break recorded)
2012-12,2012-12-03,2012-11-30,CHF,0.125,2012-11-30,0.0,True,,Mid-point of SNB target range
2012-12,2012-12-03,2012-11-30,EUR,0.75,2012-11-30,0.0,True,,MRO fixed rate
2012-12,2012-12-03,2012-11-30,GBP,0.5,2012-11-30,0.0,True,,BIS main policy rate (no post-2010 definition break recorded)
2012-12,2012-12-03,2012-11-30,JPY,0.05,2012-11-30,0.0,True,,UOCR around 0 to 0.1%
2012-12,2012-12-03,2012-11-30,NZD,2.5,2012-11-30,0.0,True,,BIS main policy rate (no post-2010 definition break recorded)
2012-12,2012-12-03,2012-11-30,USD,0.125,2012-11-30,0.0,True,,BIS main policy rate (no post-2010 definition break recorded)
2013-01,2013-01-07,2013-01-04,AUD,3.0,2013-01-04,0.0,True,,BIS main policy rate (no post-2010 definition break recorded)
2013-01,2013-01-07,2013-01-04,CAD,1.0,2013-01-04,0.0,True,,BIS main policy rate (no post-2010 definition break recorded)
2013-01,2013-01-07,2013-01-04,CHF,0.125,2013-01-04,0.0,True,,Mid-point of SNB target range
2013-01,2013-01-07,2013-01-04,EUR,0.75,2013-01-04,0.0,True,,MRO fixed rate
2013-01,2013-01-07,2013-01-04,GBP,0.5,2013-01-04,0.0,True,,BIS main policy rate (no post-2010 definition break recorded)
2013-01,2013-01-07,2013-01-04,JPY,0.05,2013-01-04,0.0,True,,UOCR around 0 to 0.1%
2013-01,2013-01-07,2013-01-04,NZD,2.5,2013-01-04,0.0,True,,BIS main policy rate (no post-2010 definition break recorded)
2013-01,2013-01-07,2013-01-04,USD,0.125,2013-01-04,0.0,True,,BIS main policy rate (no post-2010 definition break recorded)
2013-02,2013-02-04,2013-02-01,AUD,3.0,2013-02-01,0.0,True,,BIS main policy rate (no post-2010 definition break recorded)
2013-02,2013-02-04,2013-02-01,CAD,1.0,2013-02-01,0.0,True,,BIS main policy rate (no post-2010 definition break recorded)
2013-02,2013-02-04,2013-02-01,CHF,0.125,2013-02-01,0.0,True,,Mid-point of SNB target range
2013-02,2013-02-04,2013-02-01,EUR,0.75,2013-02-01,0.0,True,,MRO fixed rate
2013-02,2013-02-04,2013-02-01,GBP,0.5,2013-02-01,0.0,True,,BIS main policy rate (no post-2010 definition break recorded)
2013-02,2013-02-04,2013-02-01,JPY,0.05,2013-02-01,0.0,True,,UOCR around 0 to 0.1%
2013-02,2013-02-04,2013-02-01,NZD,2.5,2013-02-01,0.0,True,,BIS main policy rate (no post-2010 definition break recorded)
2013-02,2013-02-04,2013-02-01,USD,0.125,2013-02-01,0.0,True,,BIS main policy rate (no post-2010 definition break recorded)
2013-03,2013-03-04,2013-03-01,AUD,3.0,2013-03-01,0.0,True,,BIS main policy rate (no post-2010 definition break recorded)
2013-03,2013-03-04,2013-03-01,CAD,1.0,2013-03-01,0.0,True,,BIS main policy rate (no post-2010 definition break recorded)
2013-03,2013-03-04,2013-03-01,CHF,0.125,2013-03-01,0.0,True,,Mid-point of SNB target range
2013-03,2013-03-04,2013-03-01,EUR,0.75,2013-03-01,0.0,True,,MRO fixed rate
2013-03,2013-03-04,2013-03-01,GBP,0.5,2013-03-01,0.0,True,,BIS main policy rate (no post-2010 definition break recorded)
2013-03,2013-03-04,2013-03-01,JPY,0.05,2013-03-01,0.0,True,,UOCR around 0 to 0.1%
2013-03,2013-03-04,2013-03-01,NZD,2.5,2013-03-01,0.0,True,,BIS main policy rate (no post-2010 definition break recorded)
2013-03,2013-03-04,2013-03-01,USD,0.125,2013-03-01,0.0,True,,BIS main policy rate (no post-2010 definition break recorded)
2013-04,2013-04-01,2013-03-29,AUD,3.0,2013-03-28,1.0,True,,BIS main policy rate (no post-2010 definition break recorded)
2013-04,2013-04-01,2013-03-29,CAD,1.0,2013-03-29,0.0,True,,BIS main policy rate (no post-2010 definition break recorded)
2013-04,2013-04-01,2013-03-29,CHF,0.125,2013-03-29,0.0,True,,Mid-point of SNB target range
2013-04,2013-04-01,2013-03-29,EUR,0.75,2013-03-29,0.0,True,,MRO fixed rate
2013-04,2013-04-01,2013-03-29,GBP,0.5,2013-03-28,1.0,True,,BIS main policy rate (no post-2010 definition break recorded)
2013-04,2013-04-01,2013-03-29,JPY,0.05,2013-03-29,0.0,True,,UOCR around 0 to 0.1%
2013-04,2013-04-01,2013-03-29,NZD,2.5,2013-03-29,0.0,True,,BIS main policy rate (no post-2010 definition break recorded)
2013-04,2013-04-01,2013-03-29,USD,0.125,2013-03-29,0.0,True,,BIS main policy rate (no post-2010 definition break recorded)
2013-05,2013-05-06,2013-05-03,AUD,3.0,2013-05-03,0.0,True,,BIS main policy rate (no post-2010 definition break recorded)
2013-05,2013-05-06,2013-05-03,CAD,1.0,2013-05-03,0.0,True,,BIS main policy rate (no post-2010 definition break recorded)
2013-05,2013-05-06,2013-05-03,CHF,0.125,2013-05-03,0.0,True,,Mid-point of SNB target range
2013-05,2013-05-06,2013-05-03,EUR,0.75,2013-05-03,0.0,True,,MRO fixed rate
2013-05,2013-05-06,2013-05-03,GBP,0.5,2013-05-03,0.0,True,,BIS main policy rate (no post-2010 definition break recorded)
2013-05,2013-05-06,2013-05-03,JPY,,,,False,BIS metadata: no policy rate under QQE regime,NO POLICY RATE (QQE)
2013-05,2013-05-06,2013-05-03,NZD,2.5,2013-05-03,0.0,True,,BIS main policy rate (no post-2010 definition break recorded)
2013-05,2013-05-06,2013-05-03,USD,0.125,2013-05-03,0.0,True,,BIS main policy rate (no post-2010 definition break recorded)
2013-06,2013-06-03,2013-05-31,AUD,2.75,2013-05-31,0.0,True,,BIS main policy rate (no post-2010 definition break recorded)
2013-06,2013-06-03,2013-05-31,CAD,1.0,2013-05-31,0.0,True,,BIS main policy rate (no post-2010 definition break recorded)
2013-06,2013-06-03,2013-05-31,CHF,0.125,2013-05-31,0.0,True,,Mid-point of SNB target range
2013-06,2013-06-03,2013-05-31,EUR,0.5,2013-05-31,0.0,True,,MRO fixed rate
2013-06,2013-06-03,2013-05-31,GBP,0.5,2013-05-31,0.0,True,,BIS main policy rate (no post-2010 definition break recorded)
2013-06,2013-06-03,2013-05-31,JPY,,,,False,BIS metadata: no policy rate under QQE regime,NO POLICY RATE (QQE)
2013-06,2013-06-03,2013-05-31,NZD,2.5,2013-05-31,0.0,True,,BIS main policy rate (no post-2010 definition break recorded)
2013-06,2013-06-03,2013-05-31,USD,0.125,2013-05-31,0.0,True,,BIS main policy rate (no post-2010 definition break recorded)
2013-07,2013-07-01,2013-06-28,AUD,2.75,2013-06-28,0.0,True,,BIS main policy rate (no post-2010 definition break recorded)
2013-07,2013-07-01,2013-06-28,CAD,1.0,2013-06-28,0.0,True,,BIS main policy rate (no post-2010 definition break recorded)
2013-07,2013-07-01,2013-06-28,CHF,0.125,2013-06-28,0.0,True,,Mid-point of SNB target range
2013-07,2013-07-01,2013-06-28,EUR,0.5,2013-06-28,0.0,True,,MRO fixed rate
2013-07,2013-07-01,2013-06-28,GBP,0.5,2013-06-28,0.0,True,,BIS main policy rate (no post-2010 definition break recorded)
2013-07,2013-07-01,2013-06-28,JPY,,,,False,BIS metadata: no policy rate under QQE regime,NO POLICY RATE (QQE)
2013-07,2013-07-01,2013-06-28,NZD,2.5,2013-06-28,0.0,True,,BIS main policy rate (no post-2010 definition break recorded)
2013-07,2013-07-01,2013-06-28,USD,0.125,2013-06-28,0.0,True,,BIS main policy rate (no post-2010 definition break recorded)
2013-08,2013-08-05,2013-08-02,AUD,2.75,2013-08-02,0.0,True,,BIS main policy rate (no post-2010 definition break recorded)
2013-08,2013-08-05,2013-08-02,CAD,1.0,2013-08-02,0.0,True,,BIS main policy rate (no post-2010 definition break recorded)
2013-08,2013-08-05,2013-08-02,CHF,0.125,2013-08-02,0.0,True,,Mid-point of SNB target range
2013-08,2013-08-05,2013-08-02,EUR,0.5,2013-08-02,0.0,True,,MRO fixed rate
2013-08,2013-08-05,2013-08-02,GBP,0.5,2013-08-02,0.0,True,,BIS main policy rate (no post-2010 definition break recorded)
2013-08,2013-08-05,2013-08-02,JPY,,,,False,BIS metadata: no policy rate under QQE regime,NO POLICY RATE (QQE)
2013-08,2013-08-05,2013-08-02,NZD,2.5,2013-08-02,0.0,True,,BIS main policy rate (no post-2010 definition break recorded)
2013-08,2013-08-05,2013-08-02,USD,0.125,2013-08-02,0.0,True,,BIS main policy rate (no post-2010 definition break recorded)
2013-09,2013-09-02,2013-08-30,AUD,2.5,2013-08-30,0.0,True,,BIS main policy rate (no post-2010 definition break recorded)
2013-09,2013-09-02,2013-08-30,CAD,1.0,2013-08-30,0.0,True,,BIS main policy rate (no post-2010 definition break recorded)
2013-09,2013-09-02,2013-08-30,CHF,0.125,2013-08-30,0.0,True,,Mid-point of SNB target range
2013-09,2013-09-02,2013-08-30,EUR,0.5,2013-08-30,0.0,True,,MRO fixed rate
2013-09,2013-09-02,2013-08-30,GBP,0.5,2013-08-30,0.0,True,,BIS main policy rate (no post-2010 definition break recorded)
2013-09,2013-09-02,2013-08-30,JPY,,,,False,BIS metadata: no policy rate under QQE regime,NO POLICY RATE (QQE)
2013-09,2013-09-02,2013-08-30,NZD,2.5,2013-08-30,0.0,True,,BIS main policy rate (no post-2010 definition break recorded)
2013-09,2013-09-02,2013-08-30,USD,0.125,2013-08-30,0.0,True,,BIS main policy rate (no post-2010 definition break recorded)
2013-10,2013-10-07,2013-10-04,AUD,2.5,2013-10-04,0.0,True,,BIS main policy rate (no post-2010 definition break recorded)
2013-10,2013-10-07,2013-10-04,CAD,1.0,2013-10-04,0.0,True,,BIS main policy rate (no post-2010 definition break recorded)
2013-10,2013-10-07,2013-10-04,CHF,0.125,2013-10-04,0.0,True,,Mid-point of SNB target range
2013-10,2013-10-07,2013-10-04,EUR,0.5,2013-10-04,0.0,True,,MRO fixed rate
2013-10,2013-10-07,2013-10-04,GBP,0.5,2013-10-04,0.0,True,,BIS main policy rate (no post-2010 definition break recorded)
2013-10,2013-10-07,2013-10-04,JPY,,,,False,BIS metadata: no policy rate under QQE regime,NO POLICY RATE (QQE)
2013-10,2013-10-07,2013-10-04,NZD,2.5,2013-10-04,0.0,True,,BIS main policy rate (no post-2010 definition break recorded)
2013-10,2013-10-07,2013-10-04,USD,0.125,2013-10-04,0.0,True,,BIS main policy rate (no post-2010 definition break recorded)
2013-11,2013-11-04,2013-11-01,AUD,2.5,2013-11-01,0.0,True,,BIS main policy rate (no post-2010 definition break recorded)
2013-11,2013-11-04,2013-11-01,CAD,1.0,2013-11-01,0.0,True,,BIS main policy rate (no post-2010 definition break recorded)
2013-11,2013-11-04,2013-11-01,CHF,0.125,2013-11-01,0.0,True,,Mid-point of SNB target range
2013-11,2013-11-04,2013-11-01,EUR,0.5,2013-11-01,0.0,True,,MRO fixed rate
2013-11,2013-11-04,2013-11-01,GBP,0.5,2013-11-01,0.0,True,,BIS main policy rate (no post-2010 definition break recorded)
2013-11,2013-11-04,2013-11-01,JPY,,,,False,BIS metadata: no policy rate under QQE regime,NO POLICY RATE (QQE)
2013-11,2013-11-04,2013-11-01,NZD,2.5,2013-11-01,0.0,True,,BIS main policy rate (no post-2010 definition break recorded)
2013-11,2013-11-04,2013-11-01,USD,0.125,2013-11-01,0.0,True,,BIS main policy rate (no post-2010 definition break recorded)
2013-12,2013-12-02,2013-11-29,AUD,2.5,2013-11-29,0.0,True,,BIS main policy rate (no post-2010 definition break recorded)
2013-12,2013-12-02,2013-11-29,CAD,1.0,2013-11-29,0.0,True,,BIS main policy rate (no post-2010 definition break recorded)
2013-12,2013-12-02,2013-11-29,CHF,0.125,2013-11-29,0.0,True,,Mid-point of SNB target range
2013-12,2013-12-02,2013-11-29,EUR,0.25,2013-11-29,0.0,True,,MRO fixed rate
2013-12,2013-12-02,2013-11-29,GBP,0.5,2013-11-29,0.0,True,,BIS main policy rate (no post-2010 definition break recorded)
2013-12,2013-12-02,2013-11-29,JPY,,,,False,BIS metadata: no policy rate under QQE regime,NO POLICY RATE (QQE)
2013-12,2013-12-02,2013-11-29,NZD,2.5,2013-11-29,0.0,True,,BIS main policy rate (no post-2010 definition break recorded)
2013-12,2013-12-02,2013-11-29,USD,0.125,2013-11-29,0.0,True,,BIS main policy rate (no post-2010 definition break recorded)
2014-01,2014-01-06,2014-01-03,AUD,2.5,2014-01-03,0.0,True,,BIS main policy rate (no post-2010 definition break recorded)
2014-01,2014-01-06,2014-01-03,CAD,1.0,2014-01-03,0.0,True,,BIS main policy rate (no post-2010 definition break recorded)
2014-01,2014-01-06,2014-01-03,CHF,0.125,2014-01-03,0.0,True,,Mid-point of SNB target range
2014-01,2014-01-06,2014-01-03,EUR,0.25,2014-01-03,0.0,True,,MRO fixed rate
2014-01,2014-01-06,2014-01-03,GBP,0.5,2014-01-03,0.0,True,,BIS main policy rate (no post-2010 definition break recorded)
2014-01,2014-01-06,2014-01-03,JPY,,,,False,BIS metadata: no policy rate under QQE regime,NO POLICY RATE (QQE)
2014-01,2014-01-06,2014-01-03,NZD,2.5,2014-01-03,0.0,True,,BIS main policy rate (no post-2010 definition break recorded)
2014-01,2014-01-06,2014-01-03,USD,0.125,2014-01-03,0.0,True,,BIS main policy rate (no post-2010 definition break recorded)
2014-02,2014-02-03,2014-01-31,AUD,2.5,2014-01-31,0.0,True,,BIS main policy rate (no post-2010 definition break recorded)
2014-02,2014-02-03,2014-01-31,CAD,1.0,2014-01-31,0.0,True,,BIS main policy rate (no post-2010 definition break recorded)
2014-02,2014-02-03,2014-01-31,CHF,0.125,2014-01-31,0.0,True,,Mid-point of SNB target range
2014-02,2014-02-03,2014-01-31,EUR,0.25,2014-01-31,0.0,True,,MRO fixed rate
2014-02,2014-02-03,2014-01-31,GBP,0.5,2014-01-31,0.0,True,,BIS main policy rate (no post-2010 definition break recorded)
2014-02,2014-02-03,2014-01-31,JPY,,,,False,BIS metadata: no policy rate under QQE regime,NO POLICY RATE (QQE)
2014-02,2014-02-03,2014-01-31,NZD,2.5,2014-01-31,0.0,True,,BIS main policy rate (no post-2010 definition break recorded)
2014-02,2014-02-03,2014-01-31,USD,0.125,2014-01-31,0.0,True,,BIS main policy rate (no post-2010 definition break recorded)
2014-03,2014-03-03,2014-02-28,AUD,2.5,2014-02-28,0.0,True,,BIS main policy rate (no post-2010 definition break recorded)
2014-03,2014-03-03,2014-02-28,CAD,1.0,2014-02-28,0.0,True,,BIS main policy rate (no post-2010 definition break recorded)
2014-03,2014-03-03,2014-02-28,CHF,0.125,2014-02-28,0.0,True,,Mid-point of SNB target range
2014-03,2014-03-03,2014-02-28,EUR,0.25,2014-02-28,0.0,True,,MRO fixed rate
2014-03,2014-03-03,2014-02-28,GBP,0.5,2014-02-28,0.0,True,,BIS main policy rate (no post-2010 definition break recorded)
2014-03,2014-03-03,2014-02-28,JPY,,,,False,BIS metadata: no policy rate under QQE regime,NO POLICY RATE (QQE)
2014-03,2014-03-03,2014-02-28,NZD,2.5,2014-02-28,0.0,True,,BIS main policy rate (no post-2010 definition break recorded)
2014-03,2014-03-03,2014-02-28,USD,0.125,2014-02-28,0.0,True,,BIS main policy rate (no post-2010 definition break recorded)
2014-04,2014-04-07,2014-04-04,AUD,2.5,2014-04-04,0.0,True,,BIS main policy rate (no post-2010 definition break recorded)
2014-04,2014-04-07,2014-04-04,CAD,1.0,2014-04-04,0.0,True,,BIS main policy rate (no post-2010 definition break recorded)
2014-04,2014-04-07,2014-04-04,CHF,0.125,2014-04-04,0.0,True,,Mid-point of SNB target range
2014-04,2014-04-07,2014-04-04,EUR,0.25,2014-04-04,0.0,True,,MRO fixed rate
2014-04,2014-04-07,2014-04-04,GBP,0.5,2014-04-04,0.0,True,,BIS main policy rate (no post-2010 definition break recorded)
2014-04,2014-04-07,2014-04-04,JPY,,,,False,BIS metadata: no policy rate under QQE regime,NO POLICY RATE (QQE)
2014-04,2014-04-07,2014-04-04,NZD,2.75,2014-04-04,0.0,True,,BIS main policy rate (no post-2010 definition break recorded)
2014-04,2014-04-07,2014-04-04,USD,0.125,2014-04-04,0.0,True,,BIS main policy rate (no post-2010 definition break recorded)
2014-05,2014-05-05,2014-05-02,AUD,2.5,2014-05-02,0.0,True,,BIS main policy rate (no post-2010 definition break recorded)
2014-05,2014-05-05,2014-05-02,CAD,1.0,2014-05-02,0.0,True,,BIS main policy rate (no post-2010 definition break recorded)
2014-05,2014-05-05,2014-05-02,CHF,0.125,2014-05-02,0.0,True,,Mid-point of SNB target range
2014-05,2014-05-05,2014-05-02,EUR,0.25,2014-05-02,0.0,True,,MRO fixed rate
2014-05,2014-05-05,2014-05-02,GBP,0.5,2014-05-02,0.0,True,,BIS main policy rate (no post-2010 definition break recorded)
2014-05,2014-05-05,2014-05-02,JPY,,,,False,BIS metadata: no policy rate under QQE regime,NO POLICY RATE (QQE)
2014-05,2014-05-05,2014-05-02,NZD,3.0,2014-05-02,0.0,True,,BIS main policy rate (no post-2010 definition break recorded)
2014-05,2014-05-05,2014-05-02,USD,0.125,2014-05-02,0.0,True,,BIS main policy rate (no post-2010 definition break recorded)
2014-06,2014-06-02,2014-05-30,AUD,2.5,2014-05-30,0.0,True,,BIS main policy rate (no post-2010 definition break recorded)
2014-06,2014-06-02,2014-05-30,CAD,1.0,2014-05-30,0.0,True,,BIS main policy rate (no post-2010 definition break recorded)
2014-06,2014-06-02,2014-05-30,CHF,0.125,2014-05-30,0.0,True,,Mid-point of SNB target range
2014-06,2014-06-02,2014-05-30,EUR,0.25,2014-05-30,0.0,True,,MRO fixed rate
2014-06,2014-06-02,2014-05-30,GBP,0.5,2014-05-30,0.0,True,,BIS main policy rate (no post-2010 definition break recorded)
2014-06,2014-06-02,2014-05-30,JPY,,,,False,BIS metadata: no policy rate under QQE regime,NO POLICY RATE (QQE)
2014-06,2014-06-02,2014-05-30,NZD,3.0,2014-05-30,0.0,True,,BIS main policy rate (no post-2010 definition break recorded)
2014-06,2014-06-02,2014-05-30,USD,0.125,2014-05-30,0.0,True,,BIS main policy rate (no post-2010 definition break recorded)
2014-07,2014-07-07,2014-07-04,AUD,2.5,2014-07-04,0.0,True,,BIS main policy rate (no post-2010 definition break recorded)
2014-07,2014-07-07,2014-07-04,CAD,1.0,2014-07-04,0.0,True,,BIS main policy rate (no post-2010 definition break recorded)
2014-07,2014-07-07,2014-07-04,CHF,0.125,2014-07-04,0.0,True,,Mid-point of SNB target range
2014-07,2014-07-07,2014-07-04,EUR,0.15,2014-07-04,0.0,True,,MRO fixed rate
2014-07,2014-07-07,2014-07-04,GBP,0.5,2014-07-04,0.0,True,,BIS main policy rate (no post-2010 definition break recorded)
2014-07,2014-07-07,2014-07-04,JPY,,,,False,BIS metadata: no policy rate under QQE regime,NO POLICY RATE (QQE)
2014-07,2014-07-07,2014-07-04,NZD,3.25,2014-07-04,0.0,True,,BIS main policy rate (no post-2010 definition break recorded)
2014-07,2014-07-07,2014-07-04,USD,0.125,2014-07-04,0.0,True,,BIS main policy rate (no post-2010 definition break recorded)
2014-08,2014-08-04,2014-08-01,AUD,2.5,2014-08-01,0.0,True,,BIS main policy rate (no post-2010 definition break recorded)
2014-08,2014-08-04,2014-08-01,CAD,1.0,2014-08-01,0.0,True,,BIS main policy rate (no post-2010 definition break recorded)
2014-08,2014-08-04,2014-08-01,CHF,0.125,2014-08-01,0.0,True,,Mid-point of SNB target range
2014-08,2014-08-04,2014-08-01,EUR,0.15,2014-08-01,0.0,True,,MRO fixed rate
2014-08,2014-08-04,2014-08-01,GBP,0.5,2014-08-01,0.0,True,,BIS main policy rate (no post-2010 definition break recorded)
2014-08,2014-08-04,2014-08-01,JPY,,,,False,BIS metadata: no policy rate under QQE regime,NO POLICY RATE (QQE)
2014-08,2014-08-04,2014-08-01,NZD,3.5,2014-08-01,0.0,True,,BIS main policy rate (no post-2010 definition break recorded)
2014-08,2014-08-04,2014-08-01,USD,0.125,2014-08-01,0.0,True,,BIS main policy rate (no post-2010 definition break recorded)
2014-09,2014-09-01,2014-08-29,AUD,2.5,2014-08-29,0.0,True,,BIS main policy rate (no post-2010 definition break recorded)
2014-09,2014-09-01,2014-08-29,CAD,1.0,2014-08-29,0.0,True,,BIS main policy rate (no post-2010 definition break recorded)
2014-09,2014-09-01,2014-08-29,CHF,0.125,2014-08-29,0.0,True,,Mid-point of SNB target range
2014-09,2014-09-01,2014-08-29,EUR,0.15,2014-08-29,0.0,True,,MRO fixed rate
2014-09,2014-09-01,2014-08-29,GBP,0.5,2014-08-29,0.0,True,,BIS main policy rate (no post-2010 definition break recorded)
2014-09,2014-09-01,2014-08-29,JPY,,,,False,BIS metadata: no policy rate under QQE regime,NO POLICY RATE (QQE)
2014-09,2014-09-01,2014-08-29,NZD,3.5,2014-08-29,0.0,True,,BIS main policy rate (no post-2010 definition break recorded)
2014-09,2014-09-01,2014-08-29,USD,0.125,2014-08-29,0.0,True,,BIS main policy rate (no post-2010 definition break recorded)
2014-10,2014-10-06,2014-10-03,AUD,2.5,2014-10-03,0.0,True,,BIS main policy rate (no post-2010 definition break recorded)
2014-10,2014-10-06,2014-10-03,CAD,1.0,2014-10-03,0.0,True,,BIS main policy rate (no post-2010 definition break recorded)
2014-10,2014-10-06,2014-10-03,CHF,0.125,2014-10-03,0.0,True,,Mid-point of SNB target range
2014-10,2014-10-06,2014-10-03,EUR,0.05,2014-10-03,0.0,True,,MRO fixed rate
2014-10,2014-10-06,2014-10-03,GBP,0.5,2014-10-03,0.0,True,,BIS main policy rate (no post-2010 definition break recorded)
2014-10,2014-10-06,2014-10-03,JPY,,,,False,BIS metadata: no policy rate under QQE regime,NO POLICY RATE (QQE)
2014-10,2014-10-06,2014-10-03,NZD,3.5,2014-10-03,0.0,True,,BIS main policy rate (no post-2010 definition break recorded)
2014-10,2014-10-06,2014-10-03,USD,0.125,2014-10-03,0.0,True,,BIS main policy rate (no post-2010 definition break recorded)
2014-11,2014-11-03,2014-10-31,AUD,2.5,2014-10-31,0.0,True,,BIS main policy rate (no post-2010 definition break recorded)
2014-11,2014-11-03,2014-10-31,CAD,1.0,2014-10-31,0.0,True,,BIS main policy rate (no post-2010 definition break recorded)
2014-11,2014-11-03,2014-10-31,CHF,0.125,2014-10-31,0.0,True,,Mid-point of SNB target range
2014-11,2014-11-03,2014-10-31,EUR,0.05,2014-10-31,0.0,True,,MRO fixed rate
2014-11,2014-11-03,2014-10-31,GBP,0.5,2014-10-31,0.0,True,,BIS main policy rate (no post-2010 definition break recorded)
2014-11,2014-11-03,2014-10-31,JPY,,,,False,BIS metadata: no policy rate under QQE regime,NO POLICY RATE (QQE)
2014-11,2014-11-03,2014-10-31,NZD,3.5,2014-10-31,0.0,True,,BIS main policy rate (no post-2010 definition break recorded)
2014-11,2014-11-03,2014-10-31,USD,0.125,2014-10-31,0.0,True,,BIS main policy rate (no post-2010 definition break recorded)
2014-12,2014-12-01,2014-11-28,AUD,2.5,2014-11-28,0.0,True,,BIS main policy rate (no post-2010 definition break recorded)
2014-12,2014-12-01,2014-11-28,CAD,1.0,2014-11-28,0.0,True,,BIS main policy rate (no post-2010 definition break recorded)
2014-12,2014-12-01,2014-11-28,CHF,0.125,2014-11-28,0.0,True,,Mid-point of SNB target range
2014-12,2014-12-01,2014-11-28,EUR,0.05,2014-11-28,0.0,True,,MRO fixed rate
2014-12,2014-12-01,2014-11-28,GBP,0.5,2014-11-28,0.0,True,,BIS main policy rate (no post-2010 definition break recorded)
2014-12,2014-12-01,2014-11-28,JPY,,,,False,BIS metadata: no policy rate under QQE regime,NO POLICY RATE (QQE)
2014-12,2014-12-01,2014-11-28,NZD,3.5,2014-11-28,0.0,True,,BIS main policy rate (no post-2010 definition break recorded)
2014-12,2014-12-01,2014-11-28,USD,0.125,2014-11-28,0.0,True,,BIS main policy rate (no post-2010 definition break recorded)
2015-01,2015-01-05,2015-01-02,AUD,2.5,2015-01-02,0.0,True,,BIS main policy rate (no post-2010 definition break recorded)
2015-01,2015-01-05,2015-01-02,CAD,1.0,2015-01-02,0.0,True,,BIS main policy rate (no post-2010 definition break recorded)
2015-01,2015-01-05,2015-01-02,CHF,-0.25,2015-01-02,0.0,True,,Mid-point of SNB target range
2015-01,2015-01-05,2015-01-02,EUR,0.05,2015-01-02,0.0,True,,MRO fixed rate
2015-01,2015-01-05,2015-01-02,GBP,0.5,2015-01-02,0.0,True,,BIS main policy rate (no post-2010 definition break recorded)
2015-01,2015-01-05,2015-01-02,JPY,,,,False,BIS metadata: no policy rate under QQE regime,NO POLICY RATE (QQE)
2015-01,2015-01-05,2015-01-02,NZD,3.5,2015-01-02,0.0,True,,BIS main policy rate (no post-2010 definition break recorded)
2015-01,2015-01-05,2015-01-02,USD,0.125,2015-01-02,0.0,True,,BIS main policy rate (no post-2010 definition break recorded)
2015-02,2015-02-02,2015-01-30,AUD,2.5,2015-01-30,0.0,True,,BIS main policy rate (no post-2010 definition break recorded)
2015-02,2015-02-02,2015-01-30,CAD,0.75,2015-01-30,0.0,True,,BIS main policy rate (no post-2010 definition break recorded)
2015-02,2015-02-02,2015-01-30,CHF,-0.75,2015-01-30,0.0,True,,Mid-point of SNB target range
2015-02,2015-02-02,2015-01-30,EUR,0.05,2015-01-30,0.0,True,,MRO fixed rate
2015-02,2015-02-02,2015-01-30,GBP,0.5,2015-01-30,0.0,True,,BIS main policy rate (no post-2010 definition break recorded)
2015-02,2015-02-02,2015-01-30,JPY,,,,False,BIS metadata: no policy rate under QQE regime,NO POLICY RATE (QQE)
2015-02,2015-02-02,2015-01-30,NZD,3.5,2015-01-30,0.0,True,,BIS main policy rate (no post-2010 definition break recorded)
2015-02,2015-02-02,2015-01-30,USD,0.125,2015-01-30,0.0,True,,BIS main policy rate (no post-2010 definition break recorded)
2015-03,2015-03-02,2015-02-27,AUD,2.25,2015-02-27,0.0,True,,BIS main policy rate (no post-2010 definition break recorded)
2015-03,2015-03-02,2015-02-27,CAD,0.75,2015-02-27,0.0,True,,BIS main policy rate (no post-2010 definition break recorded)
2015-03,2015-03-02,2015-02-27,CHF,-0.75,2015-02-27,0.0,True,,Mid-point of SNB target range
2015-03,2015-03-02,2015-02-27,EUR,0.05,2015-02-27,0.0,True,,MRO fixed rate
2015-03,2015-03-02,2015-02-27,GBP,0.5,2015-02-27,0.0,True,,BIS main policy rate (no post-2010 definition break recorded)
2015-03,2015-03-02,2015-02-27,JPY,,,,False,BIS metadata: no policy rate under QQE regime,NO POLICY RATE (QQE)
2015-03,2015-03-02,2015-02-27,NZD,3.5,2015-02-27,0.0,True,,BIS main policy rate (no post-2010 definition break recorded)
2015-03,2015-03-02,2015-02-27,USD,0.125,2015-02-27,0.0,True,,BIS main policy rate (no post-2010 definition break recorded)
2015-04,2015-04-06,2015-04-03,AUD,2.25,2015-04-02,1.0,True,,BIS main policy rate (no post-2010 definition break recorded)
2015-04,2015-04-06,2015-04-03,CAD,0.75,2015-04-03,0.0,True,,BIS main policy rate (no post-2010 definition break recorded)
2015-04,2015-04-06,2015-04-03,CHF,-0.75,2015-04-03,0.0,True,,Mid-point of SNB target range
2015-04,2015-04-06,2015-04-03,EUR,0.05,2015-04-03,0.0,True,,MRO fixed rate
2015-04,2015-04-06,2015-04-03,GBP,0.5,2015-04-02,1.0,True,,BIS main policy rate (no post-2010 definition break recorded)
2015-04,2015-04-06,2015-04-03,JPY,,,,False,BIS metadata: no policy rate under QQE regime,NO POLICY RATE (QQE)
2015-04,2015-04-06,2015-04-03,NZD,3.5,2015-04-03,0.0,True,,BIS main policy rate (no post-2010 definition break recorded)
2015-04,2015-04-06,2015-04-03,USD,0.125,2015-04-03,0.0,True,,BIS main policy rate (no post-2010 definition break recorded)
2015-05,2015-05-04,2015-05-01,AUD,2.25,2015-05-01,0.0,True,,BIS main policy rate (no post-2010 definition break recorded)
2015-05,2015-05-04,2015-05-01,CAD,0.75,2015-05-01,0.0,True,,BIS main policy rate (no post-2010 definition break recorded)
2015-05,2015-05-04,2015-05-01,CHF,-0.75,2015-05-01,0.0,True,,Mid-point of SNB target range
2015-05,2015-05-04,2015-05-01,EUR,0.05,2015-05-01,0.0,True,,MRO fixed rate
2015-05,2015-05-04,2015-05-01,GBP,0.5,2015-05-01,0.0,True,,BIS main policy rate (no post-2010 definition break recorded)
2015-05,2015-05-04,2015-05-01,JPY,,,,False,BIS metadata: no policy rate under QQE regime,NO POLICY RATE (QQE)
2015-05,2015-05-04,2015-05-01,NZD,3.5,2015-05-01,0.0,True,,BIS main policy rate (no post-2010 definition break recorded)
2015-05,2015-05-04,2015-05-01,USD,0.125,2015-05-01,0.0,True,,BIS main policy rate (no post-2010 definition break recorded)
2015-06,2015-06-01,2015-05-29,AUD,2.0,2015-05-29,0.0,True,,BIS main policy rate (no post-2010 definition break recorded)
2015-06,2015-06-01,2015-05-29,CAD,0.75,2015-05-29,0.0,True,,BIS main policy rate (no post-2010 definition break recorded)
2015-06,2015-06-01,2015-05-29,CHF,-0.75,2015-05-29,0.0,True,,Mid-point of SNB target range
2015-06,2015-06-01,2015-05-29,EUR,0.05,2015-05-29,0.0,True,,MRO fixed rate
2015-06,2015-06-01,2015-05-29,GBP,0.5,2015-05-29,0.0,True,,BIS main policy rate (no post-2010 definition break recorded)
2015-06,2015-06-01,2015-05-29,JPY,,,,False,BIS metadata: no policy rate under QQE regime,NO POLICY RATE (QQE)
2015-06,2015-06-01,2015-05-29,NZD,3.5,2015-05-29,0.0,True,,BIS main policy rate (no post-2010 definition break recorded)
2015-06,2015-06-01,2015-05-29,USD,0.125,2015-05-29,0.0,True,,BIS main policy rate (no post-2010 definition break recorded)
2015-07,2015-07-06,2015-07-03,AUD,2.0,2015-07-03,0.0,True,,BIS main policy rate (no post-2010 definition break recorded)
2015-07,2015-07-06,2015-07-03,CAD,0.75,2015-07-03,0.0,True,,BIS main policy rate (no post-2010 definition break recorded)
2015-07,2015-07-06,2015-07-03,CHF,-0.75,2015-07-03,0.0,True,,Mid-point of SNB target range
2015-07,2015-07-06,2015-07-03,EUR,0.05,2015-07-03,0.0,True,,MRO fixed rate
2015-07,2015-07-06,2015-07-03,GBP,0.5,2015-07-03,0.0,True,,BIS main policy rate (no post-2010 definition break recorded)
2015-07,2015-07-06,2015-07-03,JPY,,,,False,BIS metadata: no policy rate under QQE regime,NO POLICY RATE (QQE)
2015-07,2015-07-06,2015-07-03,NZD,3.25,2015-07-03,0.0,True,,BIS main policy rate (no post-2010 definition break recorded)
2015-07,2015-07-06,2015-07-03,USD,0.125,2015-07-03,0.0,True,,BIS main policy rate (no post-2010 definition break recorded)
2015-08,2015-08-03,2015-07-31,AUD,2.0,2015-07-31,0.0,True,,BIS main policy rate (no post-2010 definition break recorded)
2015-08,2015-08-03,2015-07-31,CAD,0.5,2015-07-31,0.0,True,,BIS main policy rate (no post-2010 definition break recorded)
2015-08,2015-08-03,2015-07-31,CHF,-0.75,2015-07-31,0.0,True,,Mid-point of SNB target range
2015-08,2015-08-03,2015-07-31,EUR,0.05,2015-07-31,0.0,True,,MRO fixed rate
2015-08,2015-08-03,2015-07-31,GBP,0.5,2015-07-31,0.0,True,,BIS main policy rate (no post-2010 definition break recorded)
2015-08,2015-08-03,2015-07-31,JPY,,,,False,BIS metadata: no policy rate under QQE regime,NO POLICY RATE (QQE)
2015-08,2015-08-03,2015-07-31,NZD,3.0,2015-07-31,0.0,True,,BIS main policy rate (no post-2010 definition break recorded)
2015-08,2015-08-03,2015-07-31,USD,0.125,2015-07-31,0.0,True,,BIS main policy rate (no post-2010 definition break recorded)
2015-09,2015-09-07,2015-09-04,AUD,2.0,2015-09-04,0.0,True,,BIS main policy rate (no post-2010 definition break recorded)
2015-09,2015-09-07,2015-09-04,CAD,0.5,2015-09-04,0.0,True,,BIS main policy rate (no post-2010 definition break recorded)
2015-09,2015-09-07,2015-09-04,CHF,-0.75,2015-09-04,0.0,True,,Mid-point of SNB target range
2015-09,2015-09-07,2015-09-04,EUR,0.05,2015-09-04,0.0,True,,MRO fixed rate
2015-09,2015-09-07,2015-09-04,GBP,0.5,2015-09-04,0.0,True,,BIS main policy rate (no post-2010 definition break recorded)
2015-09,2015-09-07,2015-09-04,JPY,,,,False,BIS metadata: no policy rate under QQE regime,NO POLICY RATE (QQE)
2015-09,2015-09-07,2015-09-04,NZD,3.0,2015-09-04,0.0,True,,BIS main policy rate (no post-2010 definition break recorded)
2015-09,2015-09-07,2015-09-04,USD,0.125,2015-09-04,0.0,True,,BIS main policy rate (no post-2010 definition break recorded)
2015-10,2015-10-05,2015-10-02,AUD,2.0,2015-10-02,0.0,True,,BIS main policy rate (no post-2010 definition break recorded)
2015-10,2015-10-05,2015-10-02,CAD,0.5,2015-10-02,0.0,True,,BIS main policy rate (no post-2010 definition break recorded)
2015-10,2015-10-05,2015-10-02,CHF,-0.75,2015-10-02,0.0,True,,Mid-point of SNB target range
2015-10,2015-10-05,2015-10-02,EUR,0.05,2015-10-02,0.0,True,,MRO fixed rate
2015-10,2015-10-05,2015-10-02,GBP,0.5,2015-10-02,0.0,True,,BIS main policy rate (no post-2010 definition break recorded)
2015-10,2015-10-05,2015-10-02,JPY,,,,False,BIS metadata: no policy rate under QQE regime,NO POLICY RATE (QQE)
2015-10,2015-10-05,2015-10-02,NZD,2.75,2015-10-02,0.0,True,,BIS main policy rate (no post-2010 definition break recorded)
2015-10,2015-10-05,2015-10-02,USD,0.125,2015-10-02,0.0,True,,BIS main policy rate (no post-2010 definition break recorded)
2015-11,2015-11-02,2015-10-30,AUD,2.0,2015-10-30,0.0,True,,BIS main policy rate (no post-2010 definition break recorded)
2015-11,2015-11-02,2015-10-30,CAD,0.5,2015-10-30,0.0,True,,BIS main policy rate (no post-2010 definition break recorded)
2015-11,2015-11-02,2015-10-30,CHF,-0.75,2015-10-30,0.0,True,,Mid-point of SNB target range
2015-11,2015-11-02,2015-10-30,EUR,0.05,2015-10-30,0.0,True,,MRO fixed rate
2015-11,2015-11-02,2015-10-30,GBP,0.5,2015-10-30,0.0,True,,BIS main policy rate (no post-2010 definition break recorded)
2015-11,2015-11-02,2015-10-30,JPY,,,,False,BIS metadata: no policy rate under QQE regime,NO POLICY RATE (QQE)
2015-11,2015-11-02,2015-10-30,NZD,2.75,2015-10-30,0.0,True,,BIS main policy rate (no post-2010 definition break recorded)
2015-11,2015-11-02,2015-10-30,USD,0.125,2015-10-30,0.0,True,,BIS main policy rate (no post-2010 definition break recorded)
2015-12,2015-12-07,2015-12-04,AUD,2.0,2015-12-04,0.0,True,,BIS main policy rate (no post-2010 definition break recorded)
2015-12,2015-12-07,2015-12-04,CAD,0.5,2015-12-04,0.0,True,,BIS main policy rate (no post-2010 definition break recorded)
2015-12,2015-12-07,2015-12-04,CHF,-0.75,2015-12-04,0.0,True,,Mid-point of SNB target range
2015-12,2015-12-07,2015-12-04,EUR,0.05,2015-12-04,0.0,True,,MRO fixed rate
2015-12,2015-12-07,2015-12-04,GBP,0.5,2015-12-04,0.0,True,,BIS main policy rate (no post-2010 definition break recorded)
2015-12,2015-12-07,2015-12-04,JPY,,,,False,BIS metadata: no policy rate under QQE regime,NO POLICY RATE (QQE)
2015-12,2015-12-07,2015-12-04,NZD,2.75,2015-12-04,0.0,True,,BIS main policy rate (no post-2010 definition break recorded)
2015-12,2015-12-07,2015-12-04,USD,0.125,2015-12-04,0.0,True,,BIS main policy rate (no post-2010 definition break recorded)
2016-01,2016-01-04,2016-01-01,AUD,2.0,2015-12-31,1.0,True,,BIS main policy rate (no post-2010 definition break recorded)
2016-01,2016-01-04,2016-01-01,CAD,0.5,2016-01-01,0.0,True,,BIS main policy rate (no post-2010 definition break recorded)
2016-01,2016-01-04,2016-01-01,CHF,-0.75,2016-01-01,0.0,True,,Mid-point of SNB target range
2016-01,2016-01-04,2016-01-01,EUR,0.05,2016-01-01,0.0,True,,MRO fixed rate
2016-01,2016-01-04,2016-01-01,GBP,0.5,2015-12-31,1.0,True,,BIS main policy rate (no post-2010 definition break recorded)
2016-01,2016-01-04,2016-01-01,JPY,,,,False,BIS metadata: no policy rate under QQE regime,NO POLICY RATE (QQE)
2016-01,2016-01-04,2016-01-01,NZD,2.5,2016-01-01,0.0,True,,BIS main policy rate (no post-2010 definition break recorded)
2016-01,2016-01-04,2016-01-01,USD,0.375,2016-01-01,0.0,True,,BIS main policy rate (no post-2010 definition break recorded)
2016-02,2016-02-01,2016-01-29,AUD,2.0,2016-01-29,0.0,True,,BIS main policy rate (no post-2010 definition break recorded)
2016-02,2016-02-01,2016-01-29,CAD,0.5,2016-01-29,0.0,True,,BIS main policy rate (no post-2010 definition break recorded)
2016-02,2016-02-01,2016-01-29,CHF,-0.75,2016-01-29,0.0,True,,Mid-point of SNB target range
2016-02,2016-02-01,2016-01-29,EUR,0.05,2016-01-29,0.0,True,,MRO fixed rate
2016-02,2016-02-01,2016-01-29,GBP,0.5,2016-01-29,0.0,True,,BIS main policy rate (no post-2010 definition break recorded)
2016-02,2016-02-01,2016-01-29,JPY,,,,False,BIS metadata: no policy rate under QQE regime,NO POLICY RATE (QQE)
2016-02,2016-02-01,2016-01-29,NZD,2.5,2016-01-29,0.0,True,,BIS main policy rate (no post-2010 definition break recorded)
2016-02,2016-02-01,2016-01-29,USD,0.375,2016-01-29,0.0,True,,BIS main policy rate (no post-2010 definition break recorded)
2016-03,2016-03-07,2016-03-04,AUD,2.0,2016-03-04,0.0,True,,BIS main policy rate (no post-2010 definition break recorded)
2016-03,2016-03-07,2016-03-04,CAD,0.5,2016-03-04,0.0,True,,BIS main policy rate (no post-2010 definition break recorded)
2016-03,2016-03-07,2016-03-04,CHF,-0.75,2016-03-04,0.0,True,,Mid-point of SNB target range
2016-03,2016-03-07,2016-03-04,EUR,0.05,2016-03-04,0.0,True,,MRO fixed rate
2016-03,2016-03-07,2016-03-04,GBP,0.5,2016-03-04,0.0,True,,BIS main policy rate (no post-2010 definition break recorded)
2016-03,2016-03-07,2016-03-04,JPY,,,,False,BIS metadata: no policy rate under QQE regime,NO POLICY RATE (QQE)
2016-03,2016-03-07,2016-03-04,NZD,2.5,2016-03-04,0.0,True,,BIS main policy rate (no post-2010 definition break recorded)
2016-03,2016-03-07,2016-03-04,USD,0.375,2016-03-04,0.0,True,,BIS main policy rate (no post-2010 definition break recorded)
2016-04,2016-04-04,2016-04-01,AUD,2.0,2016-04-01,0.0,True,,BIS main policy rate (no post-2010 definition break recorded)
2016-04,2016-04-04,2016-04-01,CAD,0.5,2016-04-01,0.0,True,,BIS main policy rate (no post-2010 definition break recorded)
2016-04,2016-04-04,2016-04-01,CHF,-0.75,2016-04-01,0.0,True,,Mid-point of SNB target range
2016-04,2016-04-04,2016-04-01,EUR,0.0,2016-04-01,0.0,True,,MRO fixed rate
2016-04,2016-04-04,2016-04-01,GBP,0.5,2016-04-01,0.0,True,,BIS main policy rate (no post-2010 definition break recorded)
2016-04,2016-04-04,2016-04-01,JPY,,,,False,BIS metadata: no policy rate under QQE regime,NO POLICY RATE (QQE)
2016-04,2016-04-04,2016-04-01,NZD,2.25,2016-04-01,0.0,True,,BIS main policy rate (no post-2010 definition break recorded)
2016-04,2016-04-04,2016-04-01,USD,0.375,2016-04-01,0.0,True,,BIS main policy rate (no post-2010 definition break recorded)
2016-05,2016-05-02,2016-04-29,AUD,2.0,2016-04-29,0.0,True,,BIS main policy rate (no post-2010 definition break recorded)
2016-05,2016-05-02,2016-04-29,CAD,0.5,2016-04-29,0.0,True,,BIS main policy rate (no post-2010 definition break recorded)
2016-05,2016-05-02,2016-04-29,CHF,-0.75,2016-04-29,0.0,True,,Mid-point of SNB target range
2016-05,2016-05-02,2016-04-29,EUR,0.0,2016-04-29,0.0,True,,MRO fixed rate
2016-05,2016-05-02,2016-04-29,GBP,0.5,2016-04-29,0.0,True,,BIS main policy rate (no post-2010 definition break recorded)
2016-05,2016-05-02,2016-04-29,JPY,,,,False,BIS metadata: no policy rate under QQE regime,NO POLICY RATE (QQE)
2016-05,2016-05-02,2016-04-29,NZD,2.25,2016-04-29,0.0,True,,BIS main policy rate (no post-2010 definition break recorded)
2016-05,2016-05-02,2016-04-29,USD,0.375,2016-04-29,0.0,True,,BIS main policy rate (no post-2010 definition break recorded)
2016-06,2016-06-06,2016-06-03,AUD,1.75,2016-06-03,0.0,True,,BIS main policy rate (no post-2010 definition break recorded)
2016-06,2016-06-06,2016-06-03,CAD,0.5,2016-06-03,0.0,True,,BIS main policy rate (no post-2010 definition break recorded)
2016-06,2016-06-06,2016-06-03,CHF,-0.75,2016-06-03,0.0,True,,Mid-point of SNB target range
2016-06,2016-06-06,2016-06-03,EUR,0.0,2016-06-03,0.0,True,,MRO fixed rate
2016-06,2016-06-06,2016-06-03,GBP,0.5,2016-06-03,0.0,True,,BIS main policy rate (no post-2010 definition break recorded)
2016-06,2016-06-06,2016-06-03,JPY,,,,False,BIS metadata: no policy rate under QQE regime,NO POLICY RATE (QQE)
2016-06,2016-06-06,2016-06-03,NZD,2.25,2016-06-03,0.0,True,,BIS main policy rate (no post-2010 definition break recorded)
2016-06,2016-06-06,2016-06-03,USD,0.375,2016-06-03,0.0,True,,BIS main policy rate (no post-2010 definition break recorded)
2016-07,2016-07-04,2016-07-01,AUD,1.75,2016-07-01,0.0,True,,BIS main policy rate (no post-2010 definition break recorded)
2016-07,2016-07-04,2016-07-01,CAD,0.5,2016-07-01,0.0,True,,BIS main policy rate (no post-2010 definition break recorded)
2016-07,2016-07-04,2016-07-01,CHF,-0.75,2016-07-01,0.0,True,,Mid-point of SNB target range
2016-07,2016-07-04,2016-07-01,EUR,0.0,2016-07-01,0.0,True,,MRO fixed rate
2016-07,2016-07-04,2016-07-01,GBP,0.5,2016-07-01,0.0,True,,BIS main policy rate (no post-2010 definition break recorded)
2016-07,2016-07-04,2016-07-01,JPY,,,,False,BIS metadata: no policy rate under QQE regime,NO POLICY RATE (QQE)
2016-07,2016-07-04,2016-07-01,NZD,2.25,2016-07-01,0.0,True,,BIS main policy rate (no post-2010 definition break recorded)
2016-07,2016-07-04,2016-07-01,USD,0.375,2016-07-01,0.0,True,,BIS main policy rate (no post-2010 definition break recorded)
2016-08,2016-08-01,2016-07-29,AUD,1.75,2016-07-29,0.0,True,,BIS main policy rate (no post-2010 definition break recorded)
2016-08,2016-08-01,2016-07-29,CAD,0.5,2016-07-29,0.0,True,,BIS main policy rate (no post-2010 definition break recorded)
2016-08,2016-08-01,2016-07-29,CHF,-0.75,2016-07-29,0.0,True,,Mid-point of SNB target range
2016-08,2016-08-01,2016-07-29,EUR,0.0,2016-07-29,0.0,True,,MRO fixed rate
2016-08,2016-08-01,2016-07-29,GBP,0.5,2016-07-29,0.0,True,,BIS main policy rate (no post-2010 definition break recorded)
2016-08,2016-08-01,2016-07-29,JPY,,,,False,BIS metadata: no policy rate under QQE regime,NO POLICY RATE (QQE)
2016-08,2016-08-01,2016-07-29,NZD,2.25,2016-07-29,0.0,True,,BIS main policy rate (no post-2010 definition break recorded)
2016-08,2016-08-01,2016-07-29,USD,0.375,2016-07-29,0.0,True,,BIS main policy rate (no post-2010 definition break recorded)
2016-09,2016-09-05,2016-09-02,AUD,1.5,2016-09-02,0.0,True,,BIS main policy rate (no post-2010 definition break recorded)
2016-09,2016-09-05,2016-09-02,CAD,0.5,2016-09-02,0.0,True,,BIS main policy rate (no post-2010 definition break recorded)
2016-09,2016-09-05,2016-09-02,CHF,-0.75,2016-09-02,0.0,True,,Mid-point of SNB target range
2016-09,2016-09-05,2016-09-02,EUR,0.0,2016-09-02,0.0,True,,MRO fixed rate
2016-09,2016-09-05,2016-09-02,GBP,0.25,2016-09-02,0.0,True,,BIS main policy rate (no post-2010 definition break recorded)
2016-09,2016-09-05,2016-09-02,JPY,,,,False,BIS metadata: no policy rate under QQE regime,NO POLICY RATE (QQE)
2016-09,2016-09-05,2016-09-02,NZD,2.0,2016-09-02,0.0,True,,BIS main policy rate (no post-2010 definition break recorded)
2016-09,2016-09-05,2016-09-02,USD,0.375,2016-09-02,0.0,True,,BIS main policy rate (no post-2010 definition break recorded)
2016-10,2016-10-03,2016-09-30,AUD,1.5,2016-09-30,0.0,True,,BIS main policy rate (no post-2010 definition break recorded)
2016-10,2016-10-03,2016-09-30,CAD,0.5,2016-09-30,0.0,True,,BIS main policy rate (no post-2010 definition break recorded)
2016-10,2016-10-03,2016-09-30,CHF,-0.75,2016-09-30,0.0,True,,Mid-point of SNB target range
2016-10,2016-10-03,2016-09-30,EUR,0.0,2016-09-30,0.0,True,,MRO fixed rate
2016-10,2016-10-03,2016-09-30,GBP,0.25,2016-09-30,0.0,True,,BIS main policy rate (no post-2010 definition break recorded)
2016-10,2016-10-03,2016-09-30,JPY,-0.1,2016-09-30,0.0,True,,Short-term policy rate -0.1% with YCC
2016-10,2016-10-03,2016-09-30,NZD,2.0,2016-09-30,0.0,True,,BIS main policy rate (no post-2010 definition break recorded)
2016-10,2016-10-03,2016-09-30,USD,0.375,2016-09-30,0.0,True,,BIS main policy rate (no post-2010 definition break recorded)
2016-11,2016-11-07,2016-11-04,AUD,1.5,2016-11-04,0.0,True,,BIS main policy rate (no post-2010 definition break recorded)
2016-11,2016-11-07,2016-11-04,CAD,0.5,2016-11-04,0.0,True,,BIS main policy rate (no post-2010 definition break recorded)
2016-11,2016-11-07,2016-11-04,CHF,-0.75,2016-11-04,0.0,True,,Mid-point of SNB target range
2016-11,2016-11-07,2016-11-04,EUR,0.0,2016-11-04,0.0,True,,MRO fixed rate
2016-11,2016-11-07,2016-11-04,GBP,0.25,2016-11-04,0.0,True,,BIS main policy rate (no post-2010 definition break recorded)
2016-11,2016-11-07,2016-11-04,JPY,-0.1,2016-11-04,0.0,True,,Short-term policy rate -0.1% with YCC
2016-11,2016-11-07,2016-11-04,NZD,2.0,2016-11-04,0.0,True,,BIS main policy rate (no post-2010 definition break recorded)
2016-11,2016-11-07,2016-11-04,USD,0.375,2016-11-04,0.0,True,,BIS main policy rate (no post-2010 definition break recorded)
2016-12,2016-12-05,2016-12-02,AUD,1.5,2016-12-02,0.0,True,,BIS main policy rate (no post-2010 definition break recorded)
2016-12,2016-12-05,2016-12-02,CAD,0.5,2016-12-02,0.0,True,,BIS main policy rate (no post-2010 definition break recorded)
2016-12,2016-12-05,2016-12-02,CHF,-0.75,2016-12-02,0.0,True,,Mid-point of SNB target range
2016-12,2016-12-05,2016-12-02,EUR,0.0,2016-12-02,0.0,True,,MRO fixed rate
2016-12,2016-12-05,2016-12-02,GBP,0.25,2016-12-02,0.0,True,,BIS main policy rate (no post-2010 definition break recorded)
2016-12,2016-12-05,2016-12-02,JPY,-0.1,2016-12-02,0.0,True,,Short-term policy rate -0.1% with YCC
2016-12,2016-12-05,2016-12-02,NZD,1.75,2016-12-02,0.0,True,,BIS main policy rate (no post-2010 definition break recorded)
2016-12,2016-12-05,2016-12-02,USD,0.375,2016-12-02,0.0,True,,BIS main policy rate (no post-2010 definition break recorded)
2017-01,2017-01-02,2016-12-30,AUD,1.5,2016-12-30,0.0,True,,BIS main policy rate (no post-2010 definition break recorded)
2017-01,2017-01-02,2016-12-30,CAD,0.5,2016-12-30,0.0,True,,BIS main policy rate (no post-2010 definition break recorded)
2017-01,2017-01-02,2016-12-30,CHF,-0.75,2016-12-30,0.0,True,,Mid-point of SNB target range
2017-01,2017-01-02,2016-12-30,EUR,0.0,2016-12-30,0.0,True,,MRO fixed rate
2017-01,2017-01-02,2016-12-30,GBP,0.25,2016-12-30,0.0,True,,BIS main policy rate (no post-2010 definition break recorded)
2017-01,2017-01-02,2016-12-30,JPY,-0.1,2016-12-30,0.0,True,,Short-term policy rate -0.1% with YCC
2017-01,2017-01-02,2016-12-30,NZD,1.75,2016-12-30,0.0,True,,BIS main policy rate (no post-2010 definition break recorded)
2017-01,2017-01-02,2016-12-30,USD,0.625,2016-12-30,0.0,True,,BIS main policy rate (no post-2010 definition break recorded)
2017-02,2017-02-06,2017-02-03,AUD,1.5,2017-02-03,0.0,True,,BIS main policy rate (no post-2010 definition break recorded)
2017-02,2017-02-06,2017-02-03,CAD,0.5,2017-02-03,0.0,True,,BIS main policy rate (no post-2010 definition break recorded)
2017-02,2017-02-06,2017-02-03,CHF,-0.75,2017-02-03,0.0,True,,Mid-point of SNB target range
2017-02,2017-02-06,2017-02-03,EUR,0.0,2017-02-03,0.0,True,,MRO fixed rate
2017-02,2017-02-06,2017-02-03,GBP,0.25,2017-02-03,0.0,True,,BIS main policy rate (no post-2010 definition break recorded)
2017-02,2017-02-06,2017-02-03,JPY,-0.1,2017-02-03,0.0,True,,Short-term policy rate -0.1% with YCC
2017-02,2017-02-06,2017-02-03,NZD,1.75,2017-02-03,0.0,True,,BIS main policy rate (no post-2010 definition break recorded)
2017-02,2017-02-06,2017-02-03,USD,0.625,2017-02-03,0.0,True,,BIS main policy rate (no post-2010 definition break recorded)
2017-03,2017-03-06,2017-03-03,AUD,1.5,2017-03-03,0.0,True,,BIS main policy rate (no post-2010 definition break recorded)
2017-03,2017-03-06,2017-03-03,CAD,0.5,2017-03-03,0.0,True,,BIS main policy rate (no post-2010 definition break recorded)
2017-03,2017-03-06,2017-03-03,CHF,-0.75,2017-03-03,0.0,True,,Mid-point of SNB target range
2017-03,2017-03-06,2017-03-03,EUR,0.0,2017-03-03,0.0,True,,MRO fixed rate
2017-03,2017-03-06,2017-03-03,GBP,0.25,2017-03-03,0.0,True,,BIS main policy rate (no post-2010 definition break recorded)
2017-03,2017-03-06,2017-03-03,JPY,-0.1,2017-03-03,0.0,True,,Short-term policy rate -0.1% with YCC
2017-03,2017-03-06,2017-03-03,NZD,1.75,2017-03-03,0.0,True,,BIS main policy rate (no post-2010 definition break recorded)
2017-03,2017-03-06,2017-03-03,USD,0.625,2017-03-03,0.0,True,,BIS main policy rate (no post-2010 definition break recorded)
2017-04,2017-04-03,2017-03-31,AUD,1.5,2017-03-31,0.0,True,,BIS main policy rate (no post-2010 definition break recorded)
2017-04,2017-04-03,2017-03-31,CAD,0.5,2017-03-31,0.0,True,,BIS main policy rate (no post-2010 definition break recorded)
2017-04,2017-04-03,2017-03-31,CHF,-0.75,2017-03-31,0.0,True,,Mid-point of SNB target range
2017-04,2017-04-03,2017-03-31,EUR,0.0,2017-03-31,0.0,True,,MRO fixed rate
2017-04,2017-04-03,2017-03-31,GBP,0.25,2017-03-31,0.0,True,,BIS main policy rate (no post-2010 definition break recorded)
2017-04,2017-04-03,2017-03-31,JPY,-0.1,2017-03-31,0.0,True,,Short-term policy rate -0.1% with YCC
2017-04,2017-04-03,2017-03-31,NZD,1.75,2017-03-31,0.0,True,,BIS main policy rate (no post-2010 definition break recorded)
2017-04,2017-04-03,2017-03-31,USD,0.875,2017-03-31,0.0,True,,BIS main policy rate (no post-2010 definition break recorded)
2017-05,2017-05-01,2017-04-28,AUD,1.5,2017-04-28,0.0,True,,BIS main policy rate (no post-2010 definition break recorded)
2017-05,2017-05-01,2017-04-28,CAD,0.5,2017-04-28,0.0,True,,BIS main policy rate (no post-2010 definition break recorded)
2017-05,2017-05-01,2017-04-28,CHF,-0.75,2017-04-28,0.0,True,,Mid-point of SNB target range
2017-05,2017-05-01,2017-04-28,EUR,0.0,2017-04-28,0.0,True,,MRO fixed rate
2017-05,2017-05-01,2017-04-28,GBP,0.25,2017-04-28,0.0,True,,BIS main policy rate (no post-2010 definition break recorded)
2017-05,2017-05-01,2017-04-28,JPY,-0.1,2017-04-28,0.0,True,,Short-term policy rate -0.1% with YCC
2017-05,2017-05-01,2017-04-28,NZD,1.75,2017-04-28,0.0,True,,BIS main policy rate (no post-2010 definition break recorded)
2017-05,2017-05-01,2017-04-28,USD,0.875,2017-04-28,0.0,True,,BIS main policy rate (no post-2010 definition break recorded)
2017-06,2017-06-05,2017-06-02,AUD,1.5,2017-06-02,0.0,True,,BIS main policy rate (no post-2010 definition break recorded)
2017-06,2017-06-05,2017-06-02,CAD,0.5,2017-06-02,0.0,True,,BIS main policy rate (no post-2010 definition break recorded)
2017-06,2017-06-05,2017-06-02,CHF,-0.75,2017-06-02,0.0,True,,Mid-point of SNB target range
2017-06,2017-06-05,2017-06-02,EUR,0.0,2017-06-02,0.0,True,,MRO fixed rate
2017-06,2017-06-05,2017-06-02,GBP,0.25,2017-06-02,0.0,True,,BIS main policy rate (no post-2010 definition break recorded)
2017-06,2017-06-05,2017-06-02,JPY,-0.1,2017-06-02,0.0,True,,Short-term policy rate -0.1% with YCC
2017-06,2017-06-05,2017-06-02,NZD,1.75,2017-06-02,0.0,True,,BIS main policy rate (no post-2010 definition break recorded)
2017-06,2017-06-05,2017-06-02,USD,0.875,2017-06-02,0.0,True,,BIS main policy rate (no post-2010 definition break recorded)
2017-07,2017-07-03,2017-06-30,AUD,1.5,2017-06-30,0.0,True,,BIS main policy rate (no post-2010 definition break recorded)
2017-07,2017-07-03,2017-06-30,CAD,0.5,2017-06-30,0.0,True,,BIS main policy rate (no post-2010 definition break recorded)
2017-07,2017-07-03,2017-06-30,CHF,-0.75,2017-06-30,0.0,True,,Mid-point of SNB target range
2017-07,2017-07-03,2017-06-30,EUR,0.0,2017-06-30,0.0,True,,MRO fixed rate
2017-07,2017-07-03,2017-06-30,GBP,0.25,2017-06-30,0.0,True,,BIS main policy rate (no post-2010 definition break recorded)
2017-07,2017-07-03,2017-06-30,JPY,-0.1,2017-06-30,0.0,True,,Short-term policy rate -0.1% with YCC
2017-07,2017-07-03,2017-06-30,NZD,1.75,2017-06-30,0.0,True,,BIS main policy rate (no post-2010 definition break recorded)
2017-07,2017-07-03,2017-06-30,USD,1.125,2017-06-30,0.0,True,,BIS main policy rate (no post-2010 definition break recorded)
2017-08,2017-08-07,2017-08-04,AUD,1.5,2017-08-04,0.0,True,,BIS main policy rate (no post-2010 definition break recorded)
2017-08,2017-08-07,2017-08-04,CAD,0.75,2017-08-04,0.0,True,,BIS main policy rate (no post-2010 definition break recorded)
2017-08,2017-08-07,2017-08-04,CHF,-0.75,2017-08-04,0.0,True,,Mid-point of SNB target range
2017-08,2017-08-07,2017-08-04,EUR,0.0,2017-08-04,0.0,True,,MRO fixed rate
2017-08,2017-08-07,2017-08-04,GBP,0.25,2017-08-04,0.0,True,,BIS main policy rate (no post-2010 definition break recorded)
2017-08,2017-08-07,2017-08-04,JPY,-0.1,2017-08-04,0.0,True,,Short-term policy rate -0.1% with YCC
2017-08,2017-08-07,2017-08-04,NZD,1.75,2017-08-04,0.0,True,,BIS main policy rate (no post-2010 definition break recorded)
2017-08,2017-08-07,2017-08-04,USD,1.125,2017-08-04,0.0,True,,BIS main policy rate (no post-2010 definition break recorded)
2017-09,2017-09-04,2017-09-01,AUD,1.5,2017-09-01,0.0,True,,BIS main policy rate (no post-2010 definition break recorded)
2017-09,2017-09-04,2017-09-01,CAD,0.75,2017-09-01,0.0,True,,BIS main policy rate (no post-2010 definition break recorded)
2017-09,2017-09-04,2017-09-01,CHF,-0.75,2017-09-01,0.0,True,,Mid-point of SNB target range
2017-09,2017-09-04,2017-09-01,EUR,0.0,2017-09-01,0.0,True,,MRO fixed rate
2017-09,2017-09-04,2017-09-01,GBP,0.25,2017-09-01,0.0,True,,BIS main policy rate (no post-2010 definition break recorded)
2017-09,2017-09-04,2017-09-01,JPY,-0.1,2017-09-01,0.0,True,,Short-term policy rate -0.1% with YCC
2017-09,2017-09-04,2017-09-01,NZD,1.75,2017-09-01,0.0,True,,BIS main policy rate (no post-2010 definition break recorded)
2017-09,2017-09-04,2017-09-01,USD,1.125,2017-09-01,0.0,True,,BIS main policy rate (no post-2010 definition break recorded)
2017-10,2017-10-02,2017-09-29,AUD,1.5,2017-09-29,0.0,True,,BIS main policy rate (no post-2010 definition break recorded)
2017-10,2017-10-02,2017-09-29,CAD,1.0,2017-09-29,0.0,True,,BIS main policy rate (no post-2010 definition break recorded)
2017-10,2017-10-02,2017-09-29,CHF,-0.75,2017-09-29,0.0,True,,Mid-point of SNB target range
2017-10,2017-10-02,2017-09-29,EUR,0.0,2017-09-29,0.0,True,,MRO fixed rate
2017-10,2017-10-02,2017-09-29,GBP,0.25,2017-09-29,0.0,True,,BIS main policy rate (no post-2010 definition break recorded)
2017-10,2017-10-02,2017-09-29,JPY,-0.1,2017-09-29,0.0,True,,Short-term policy rate -0.1% with YCC
2017-10,2017-10-02,2017-09-29,NZD,1.75,2017-09-29,0.0,True,,BIS main policy rate (no post-2010 definition break recorded)
2017-10,2017-10-02,2017-09-29,USD,1.125,2017-09-29,0.0,True,,BIS main policy rate (no post-2010 definition break recorded)
2017-11,2017-11-06,2017-11-03,AUD,1.5,2017-11-03,0.0,True,,BIS main policy rate (no post-2010 definition break recorded)
2017-11,2017-11-06,2017-11-03,CAD,1.0,2017-11-03,0.0,True,,BIS main policy rate (no post-2010 definition break recorded)
2017-11,2017-11-06,2017-11-03,CHF,-0.75,2017-11-03,0.0,True,,Mid-point of SNB target range
2017-11,2017-11-06,2017-11-03,EUR,0.0,2017-11-03,0.0,True,,MRO fixed rate
2017-11,2017-11-06,2017-11-03,GBP,0.5,2017-11-03,0.0,True,,BIS main policy rate (no post-2010 definition break recorded)
2017-11,2017-11-06,2017-11-03,JPY,-0.1,2017-11-03,0.0,True,,Short-term policy rate -0.1% with YCC
2017-11,2017-11-06,2017-11-03,NZD,1.75,2017-11-03,0.0,True,,BIS main policy rate (no post-2010 definition break recorded)
2017-11,2017-11-06,2017-11-03,USD,1.125,2017-11-03,0.0,True,,BIS main policy rate (no post-2010 definition break recorded)
2017-12,2017-12-04,2017-12-01,AUD,1.5,2017-12-01,0.0,True,,BIS main policy rate (no post-2010 definition break recorded)
2017-12,2017-12-04,2017-12-01,CAD,1.0,2017-12-01,0.0,True,,BIS main policy rate (no post-2010 definition break recorded)
2017-12,2017-12-04,2017-12-01,CHF,-0.75,2017-12-01,0.0,True,,Mid-point of SNB target range
2017-12,2017-12-04,2017-12-01,EUR,0.0,2017-12-01,0.0,True,,MRO fixed rate
2017-12,2017-12-04,2017-12-01,GBP,0.5,2017-12-01,0.0,True,,BIS main policy rate (no post-2010 definition break recorded)
2017-12,2017-12-04,2017-12-01,JPY,-0.1,2017-12-01,0.0,True,,Short-term policy rate -0.1% with YCC
2017-12,2017-12-04,2017-12-01,NZD,1.75,2017-12-01,0.0,True,,BIS main policy rate (no post-2010 definition break recorded)
2017-12,2017-12-04,2017-12-01,USD,1.125,2017-12-01,0.0,True,,BIS main policy rate (no post-2010 definition break recorded)
2018-01,2018-01-01,2017-12-29,AUD,1.5,2017-12-29,0.0,True,,BIS main policy rate (no post-2010 definition break recorded)
2018-01,2018-01-01,2017-12-29,CAD,1.0,2017-12-29,0.0,True,,BIS main policy rate (no post-2010 definition break recorded)
2018-01,2018-01-01,2017-12-29,CHF,-0.75,2017-12-29,0.0,True,,Mid-point of SNB target range
2018-01,2018-01-01,2017-12-29,EUR,0.0,2017-12-29,0.0,True,,MRO fixed rate
2018-01,2018-01-01,2017-12-29,GBP,0.5,2017-12-29,0.0,True,,BIS main policy rate (no post-2010 definition break recorded)
2018-01,2018-01-01,2017-12-29,JPY,-0.1,2017-12-29,0.0,True,,Short-term policy rate -0.1% with YCC
2018-01,2018-01-01,2017-12-29,NZD,1.75,2017-12-29,0.0,True,,BIS main policy rate (no post-2010 definition break recorded)
2018-01,2018-01-01,2017-12-29,USD,1.375,2017-12-29,0.0,True,,BIS main policy rate (no post-2010 definition break recorded)
2018-02,2018-02-05,2018-02-02,AUD,1.5,2018-02-02,0.0,True,,BIS main policy rate (no post-2010 definition break recorded)
2018-02,2018-02-05,2018-02-02,CAD,1.25,2018-02-02,0.0,True,,BIS main policy rate (no post-2010 definition break recorded)
2018-02,2018-02-05,2018-02-02,CHF,-0.75,2018-02-02,0.0,True,,Mid-point of SNB target range
2018-02,2018-02-05,2018-02-02,EUR,0.0,2018-02-02,0.0,True,,MRO fixed rate
2018-02,2018-02-05,2018-02-02,GBP,0.5,2018-02-02,0.0,True,,BIS main policy rate (no post-2010 definition break recorded)
2018-02,2018-02-05,2018-02-02,JPY,-0.1,2018-02-02,0.0,True,,Short-term policy rate -0.1% with YCC
2018-02,2018-02-05,2018-02-02,NZD,1.75,2018-02-02,0.0,True,,BIS main policy rate (no post-2010 definition break recorded)
2018-02,2018-02-05,2018-02-02,USD,1.375,2018-02-02,0.0,True,,BIS main policy rate (no post-2010 definition break recorded)
2018-03,2018-03-05,2018-03-02,AUD,1.5,2018-03-02,0.0,True,,BIS main policy rate (no post-2010 definition break recorded)
2018-03,2018-03-05,2018-03-02,CAD,1.25,2018-03-02,0.0,True,,BIS main policy rate (no post-2010 definition break recorded)
2018-03,2018-03-05,2018-03-02,CHF,-0.75,2018-03-02,0.0,True,,Mid-point of SNB target range
2018-03,2018-03-05,2018-03-02,EUR,0.0,2018-03-02,0.0,True,,MRO fixed rate
2018-03,2018-03-05,2018-03-02,GBP,0.5,2018-03-02,0.0,True,,BIS main policy rate (no post-2010 definition break recorded)
2018-03,2018-03-05,2018-03-02,JPY,-0.1,2018-03-02,0.0,True,,Short-term policy rate -0.1% with YCC
2018-03,2018-03-05,2018-03-02,NZD,1.75,2018-03-02,0.0,True,,BIS main policy rate (no post-2010 definition break recorded)
2018-03,2018-03-05,2018-03-02,USD,1.375,2018-03-02,0.0,True,,BIS main policy rate (no post-2010 definition break recorded)
2018-04,2018-04-02,2018-03-30,AUD,1.5,2018-03-29,1.0,True,,BIS main policy rate (no post-2010 definition break recorded)
2018-04,2018-04-02,2018-03-30,CAD,1.25,2018-03-30,0.0,True,,BIS main policy rate (no post-2010 definition break recorded)
2018-04,2018-04-02,2018-03-30,CHF,-0.75,2018-03-30,0.0,True,,Mid-point of SNB target range
2018-04,2018-04-02,2018-03-30,EUR,0.0,2018-03-30,0.0,True,,MRO fixed rate
2018-04,2018-04-02,2018-03-30,GBP,0.5,2018-03-29,1.0,True,,BIS main policy rate (no post-2010 definition break recorded)
2018-04,2018-04-02,2018-03-30,JPY,-0.1,2018-03-30,0.0,True,,Short-term policy rate -0.1% with YCC
2018-04,2018-04-02,2018-03-30,NZD,1.75,2018-03-29,1.0,True,,BIS main policy rate (no post-2010 definition break recorded)
2018-04,2018-04-02,2018-03-30,USD,1.625,2018-03-30,0.0,True,,BIS main policy rate (no post-2010 definition break recorded)
2018-05,2018-05-07,2018-05-04,AUD,1.5,2018-05-04,0.0,True,,BIS main policy rate (no post-2010 definition break recorded)
2018-05,2018-05-07,2018-05-04,CAD,1.25,2018-05-04,0.0,True,,BIS main policy rate (no post-2010 definition break recorded)
2018-05,2018-05-07,2018-05-04,CHF,-0.75,2018-05-04,0.0,True,,Mid-point of SNB target range
2018-05,2018-05-07,2018-05-04,EUR,0.0,2018-05-04,0.0,True,,MRO fixed rate
2018-05,2018-05-07,2018-05-04,GBP,0.5,2018-05-04,0.0,True,,BIS main policy rate (no post-2010 definition break recorded)
2018-05,2018-05-07,2018-05-04,JPY,-0.1,2018-05-04,0.0,True,,Short-term policy rate -0.1% with YCC
2018-05,2018-05-07,2018-05-04,NZD,1.75,2018-05-04,0.0,True,,BIS main policy rate (no post-2010 definition break recorded)
2018-05,2018-05-07,2018-05-04,USD,1.625,2018-05-04,0.0,True,,BIS main policy rate (no post-2010 definition break recorded)
2018-06,2018-06-04,2018-06-01,AUD,1.5,2018-06-01,0.0,True,,BIS main policy rate (no post-2010 definition break recorded)
2018-06,2018-06-04,2018-06-01,CAD,1.25,2018-06-01,0.0,True,,BIS main policy rate (no post-2010 definition break recorded)
2018-06,2018-06-04,2018-06-01,CHF,-0.75,2018-06-01,0.0,True,,Mid-point of SNB target range
2018-06,2018-06-04,2018-06-01,EUR,0.0,2018-06-01,0.0,True,,MRO fixed rate
2018-06,2018-06-04,2018-06-01,GBP,0.5,2018-06-01,0.0,True,,BIS main policy rate (no post-2010 definition break recorded)
2018-06,2018-06-04,2018-06-01,JPY,-0.1,2018-06-01,0.0,True,,Short-term policy rate -0.1% with YCC
2018-06,2018-06-04,2018-06-01,NZD,1.75,2018-06-01,0.0,True,,BIS main policy rate (no post-2010 definition break recorded)
2018-06,2018-06-04,2018-06-01,USD,1.625,2018-06-01,0.0,True,,BIS main policy rate (no post-2010 definition break recorded)
2018-07,2018-07-02,2018-06-29,AUD,1.5,2018-06-29,0.0,True,,BIS main policy rate (no post-2010 definition break recorded)
2018-07,2018-07-02,2018-06-29,CAD,1.25,2018-06-29,0.0,True,,BIS main policy rate (no post-2010 definition break recorded)
2018-07,2018-07-02,2018-06-29,CHF,-0.75,2018-06-29,0.0,True,,Mid-point of SNB target range
2018-07,2018-07-02,2018-06-29,EUR,0.0,2018-06-29,0.0,True,,MRO fixed rate
2018-07,2018-07-02,2018-06-29,GBP,0.5,2018-06-29,0.0,True,,BIS main policy rate (no post-2010 definition break recorded)
2018-07,2018-07-02,2018-06-29,JPY,-0.1,2018-06-29,0.0,True,,Short-term policy rate -0.1% with YCC
2018-07,2018-07-02,2018-06-29,NZD,1.75,2018-06-29,0.0,True,,BIS main policy rate (no post-2010 definition break recorded)
2018-07,2018-07-02,2018-06-29,USD,1.875,2018-06-29,0.0,True,,BIS main policy rate (no post-2010 definition break recorded)
2018-08,2018-08-06,2018-08-03,AUD,1.5,2018-08-03,0.0,True,,BIS main policy rate (no post-2010 definition break recorded)
2018-08,2018-08-06,2018-08-03,CAD,1.5,2018-08-03,0.0,True,,BIS main policy rate (no post-2010 definition break recorded)
2018-08,2018-08-06,2018-08-03,CHF,-0.75,2018-08-03,0.0,True,,Mid-point of SNB target range
2018-08,2018-08-06,2018-08-03,EUR,0.0,2018-08-03,0.0,True,,MRO fixed rate
2018-08,2018-08-06,2018-08-03,GBP,0.75,2018-08-03,0.0,True,,BIS main policy rate (no post-2010 definition break recorded)
2018-08,2018-08-06,2018-08-03,JPY,-0.1,2018-08-03,0.0,True,,Short-term policy rate -0.1% with YCC
2018-08,2018-08-06,2018-08-03,NZD,1.75,2018-08-03,0.0,True,,BIS main policy rate (no post-2010 definition break recorded)
2018-08,2018-08-06,2018-08-03,USD,1.875,2018-08-03,0.0,True,,BIS main policy rate (no post-2010 definition break recorded)
2018-09,2018-09-03,2018-08-31,AUD,1.5,2018-08-31,0.0,True,,BIS main policy rate (no post-2010 definition break recorded)
2018-09,2018-09-03,2018-08-31,CAD,1.5,2018-08-31,0.0,True,,BIS main policy rate (no post-2010 definition break recorded)
2018-09,2018-09-03,2018-08-31,CHF,-0.75,2018-08-31,0.0,True,,Mid-point of SNB target range
2018-09,2018-09-03,2018-08-31,EUR,0.0,2018-08-31,0.0,True,,MRO fixed rate
2018-09,2018-09-03,2018-08-31,GBP,0.75,2018-08-31,0.0,True,,BIS main policy rate (no post-2010 definition break recorded)
2018-09,2018-09-03,2018-08-31,JPY,-0.1,2018-08-31,0.0,True,,Short-term policy rate -0.1% with YCC
2018-09,2018-09-03,2018-08-31,NZD,1.75,2018-08-31,0.0,True,,BIS main policy rate (no post-2010 definition break recorded)
2018-09,2018-09-03,2018-08-31,USD,1.875,2018-08-31,0.0,True,,BIS main policy rate (no post-2010 definition break recorded)
2018-10,2018-10-01,2018-09-28,AUD,1.5,2018-09-28,0.0,True,,BIS main policy rate (no post-2010 definition break recorded)
2018-10,2018-10-01,2018-09-28,CAD,1.5,2018-09-28,0.0,True,,BIS main policy rate (no post-2010 definition break recorded)
2018-10,2018-10-01,2018-09-28,CHF,-0.75,2018-09-28,0.0,True,,Mid-point of SNB target range
2018-10,2018-10-01,2018-09-28,EUR,0.0,2018-09-28,0.0,True,,MRO fixed rate
2018-10,2018-10-01,2018-09-28,GBP,0.75,2018-09-28,0.0,True,,BIS main policy rate (no post-2010 definition break recorded)
2018-10,2018-10-01,2018-09-28,JPY,-0.1,2018-09-28,0.0,True,,Short-term policy rate -0.1% with YCC
2018-10,2018-10-01,2018-09-28,NZD,1.75,2018-09-28,0.0,True,,BIS main policy rate (no post-2010 definition break recorded)
2018-10,2018-10-01,2018-09-28,USD,2.125,2018-09-28,0.0,True,,BIS main policy rate (no post-2010 definition break recorded)
2018-11,2018-11-05,2018-11-02,AUD,1.5,2018-11-02,0.0,True,,BIS main policy rate (no post-2010 definition break recorded)
2018-11,2018-11-05,2018-11-02,CAD,1.75,2018-11-02,0.0,True,,BIS main policy rate (no post-2010 definition break recorded)
2018-11,2018-11-05,2018-11-02,CHF,-0.75,2018-11-02,0.0,True,,Mid-point of SNB target range
2018-11,2018-11-05,2018-11-02,EUR,0.0,2018-11-02,0.0,True,,MRO fixed rate
2018-11,2018-11-05,2018-11-02,GBP,0.75,2018-11-02,0.0,True,,BIS main policy rate (no post-2010 definition break recorded)
2018-11,2018-11-05,2018-11-02,JPY,-0.1,2018-11-02,0.0,True,,Short-term policy rate -0.1% with YCC
2018-11,2018-11-05,2018-11-02,NZD,1.75,2018-11-02,0.0,True,,BIS main policy rate (no post-2010 definition break recorded)
2018-11,2018-11-05,2018-11-02,USD,2.125,2018-11-02,0.0,True,,BIS main policy rate (no post-2010 definition break recorded)
2018-12,2018-12-03,2018-11-30,AUD,1.5,2018-11-30,0.0,True,,BIS main policy rate (no post-2010 definition break recorded)
2018-12,2018-12-03,2018-11-30,CAD,1.75,2018-11-30,0.0,True,,BIS main policy rate (no post-2010 definition break recorded)
2018-12,2018-12-03,2018-11-30,CHF,-0.75,2018-11-30,0.0,True,,Mid-point of SNB target range
2018-12,2018-12-03,2018-11-30,EUR,0.0,2018-11-30,0.0,True,,MRO fixed rate
2018-12,2018-12-03,2018-11-30,GBP,0.75,2018-11-30,0.0,True,,BIS main policy rate (no post-2010 definition break recorded)
2018-12,2018-12-03,2018-11-30,JPY,-0.1,2018-11-30,0.0,True,,Short-term policy rate -0.1% with YCC
2018-12,2018-12-03,2018-11-30,NZD,1.75,2018-11-30,0.0,True,,BIS main policy rate (no post-2010 definition break recorded)
2018-12,2018-12-03,2018-11-30,USD,2.125,2018-11-30,0.0,True,,BIS main policy rate (no post-2010 definition break recorded)
2019-01,2019-01-07,2019-01-04,AUD,1.5,2019-01-04,0.0,True,,BIS main policy rate (no post-2010 definition break recorded)
2019-01,2019-01-07,2019-01-04,CAD,1.75,2019-01-04,0.0,True,,BIS main policy rate (no post-2010 definition break recorded)
2019-01,2019-01-07,2019-01-04,CHF,-0.75,2019-01-04,0.0,True,,Mid-point of SNB target range
2019-01,2019-01-07,2019-01-04,EUR,0.0,2019-01-04,0.0,True,,MRO fixed rate
2019-01,2019-01-07,2019-01-04,GBP,0.75,2019-01-02,2.0,True,,BIS main policy rate (no post-2010 definition break recorded)
2019-01,2019-01-07,2019-01-04,JPY,-0.1,2019-01-04,0.0,True,,Short-term policy rate -0.1% with YCC
2019-01,2019-01-07,2019-01-04,NZD,1.75,2019-01-04,0.0,True,,BIS main policy rate (no post-2010 definition break recorded)
2019-01,2019-01-07,2019-01-04,USD,2.375,2019-01-04,0.0,True,,BIS main policy rate (no post-2010 definition break recorded)
2019-02,2019-02-04,2019-02-01,AUD,1.5,2019-02-01,0.0,True,,BIS main policy rate (no post-2010 definition break recorded)
2019-02,2019-02-04,2019-02-01,CAD,1.75,2019-02-01,0.0,True,,BIS main policy rate (no post-2010 definition break recorded)
2019-02,2019-02-04,2019-02-01,CHF,-0.75,2019-02-01,0.0,True,,Mid-point of SNB target range
2019-02,2019-02-04,2019-02-01,EUR,0.0,2019-02-01,0.0,True,,MRO fixed rate
2019-02,2019-02-04,2019-02-01,GBP,0.75,2019-02-01,0.0,True,,BIS main policy rate (no post-2010 definition break recorded)
2019-02,2019-02-04,2019-02-01,JPY,-0.1,2019-02-01,0.0,True,,Short-term policy rate -0.1% with YCC
2019-02,2019-02-04,2019-02-01,NZD,1.75,2019-02-01,0.0,True,,BIS main policy rate (no post-2010 definition break recorded)
2019-02,2019-02-04,2019-02-01,USD,2.375,2019-02-01,0.0,True,,BIS main policy rate (no post-2010 definition break recorded)
2019-03,2019-03-04,2019-03-01,AUD,1.5,2019-03-01,0.0,True,,BIS main policy rate (no post-2010 definition break recorded)
2019-03,2019-03-04,2019-03-01,CAD,1.75,2019-03-01,0.0,True,,BIS main policy rate (no post-2010 definition break recorded)
2019-03,2019-03-04,2019-03-01,CHF,-0.75,2019-03-01,0.0,True,,Mid-point of SNB target range
2019-03,2019-03-04,2019-03-01,EUR,0.0,2019-03-01,0.0,True,,MRO fixed rate
2019-03,2019-03-04,2019-03-01,GBP,0.75,2019-03-01,0.0,True,,BIS main policy rate (no post-2010 definition break recorded)
2019-03,2019-03-04,2019-03-01,JPY,-0.1,2019-03-01,0.0,True,,Short-term policy rate -0.1% with YCC
2019-03,2019-03-04,2019-03-01,NZD,1.75,2019-03-01,0.0,True,,BIS main policy rate (no post-2010 definition break recorded)
2019-03,2019-03-04,2019-03-01,USD,2.375,2019-03-01,0.0,True,,BIS main policy rate (no post-2010 definition break recorded)
2019-04,2019-04-01,2019-03-29,AUD,1.5,2019-03-29,0.0,True,,BIS main policy rate (no post-2010 definition break recorded)
2019-04,2019-04-01,2019-03-29,CAD,1.75,2019-03-29,0.0,True,,BIS main policy rate (no post-2010 definition break recorded)
2019-04,2019-04-01,2019-03-29,CHF,-0.75,2019-03-29,0.0,True,,Mid-point of SNB target range
2019-04,2019-04-01,2019-03-29,EUR,0.0,2019-03-29,0.0,True,,MRO fixed rate
2019-04,2019-04-01,2019-03-29,GBP,0.75,2019-03-29,0.0,True,,BIS main policy rate (no post-2010 definition break recorded)
2019-04,2019-04-01,2019-03-29,JPY,-0.1,2019-03-29,0.0,True,,Short-term policy rate -0.1% with YCC
2019-04,2019-04-01,2019-03-29,NZD,1.75,2019-03-29,0.0,True,,BIS main policy rate (no post-2010 definition break recorded)
2019-04,2019-04-01,2019-03-29,USD,2.375,2019-03-29,0.0,True,,BIS main policy rate (no post-2010 definition break recorded)
2019-05,2019-05-06,2019-05-03,AUD,1.5,2019-05-03,0.0,True,,BIS main policy rate (no post-2010 definition break recorded)
2019-05,2019-05-06,2019-05-03,CAD,1.75,2019-05-03,0.0,True,,BIS main policy rate (no post-2010 definition break recorded)
2019-05,2019-05-06,2019-05-03,CHF,-0.75,2019-05-03,0.0,True,,Mid-point of SNB target range
2019-05,2019-05-06,2019-05-03,EUR,0.0,2019-05-03,0.0,True,,MRO fixed rate
2019-05,2019-05-06,2019-05-03,GBP,0.75,2019-05-03,0.0,True,,BIS main policy rate (no post-2010 definition break recorded)
2019-05,2019-05-06,2019-05-03,JPY,-0.1,2019-05-03,0.0,True,,Short-term policy rate -0.1% with YCC
2019-05,2019-05-06,2019-05-03,NZD,1.75,2019-05-03,0.0,True,,BIS main policy rate (no post-2010 definition break recorded)
2019-05,2019-05-06,2019-05-03,USD,2.375,2019-05-03,0.0,True,,BIS main policy rate (no post-2010 definition break recorded)
2019-06,2019-06-03,2019-05-31,AUD,1.5,2019-05-31,0.0,True,,BIS main policy rate (no post-2010 definition break recorded)
2019-06,2019-06-03,2019-05-31,CAD,1.75,2019-05-31,0.0,True,,BIS main policy rate (no post-2010 definition break recorded)
2019-06,2019-06-03,2019-05-31,CHF,-0.75,2019-05-31,0.0,True,,Mid-point of SNB target range
2019-06,2019-06-03,2019-05-31,EUR,0.0,2019-05-31,0.0,True,,MRO fixed rate
2019-06,2019-06-03,2019-05-31,GBP,0.75,2019-05-31,0.0,True,,BIS main policy rate (no post-2010 definition break recorded)
2019-06,2019-06-03,2019-05-31,JPY,-0.1,2019-05-31,0.0,True,,Short-term policy rate -0.1% with YCC
2019-06,2019-06-03,2019-05-31,NZD,1.5,2019-05-31,0.0,True,,BIS main policy rate (no post-2010 definition break recorded)
2019-06,2019-06-03,2019-05-31,USD,2.375,2019-05-31,0.0,True,,BIS main policy rate (no post-2010 definition break recorded)
2019-07,2019-07-01,2019-06-28,AUD,1.25,2019-06-28,0.0,True,,BIS main policy rate (no post-2010 definition break recorded)
2019-07,2019-07-01,2019-06-28,CAD,1.75,2019-06-28,0.0,True,,BIS main policy rate (no post-2010 definition break recorded)
2019-07,2019-07-01,2019-06-28,CHF,-0.75,2019-06-28,0.0,True,,SNB policy rate
2019-07,2019-07-01,2019-06-28,EUR,0.0,2019-06-28,0.0,True,,MRO fixed rate
2019-07,2019-07-01,2019-06-28,GBP,0.75,2019-06-28,0.0,True,,BIS main policy rate (no post-2010 definition break recorded)
2019-07,2019-07-01,2019-06-28,JPY,-0.1,2019-06-28,0.0,True,,Short-term policy rate -0.1% with YCC
2019-07,2019-07-01,2019-06-28,NZD,1.5,2019-06-28,0.0,True,,BIS main policy rate (no post-2010 definition break recorded)
2019-07,2019-07-01,2019-06-28,USD,2.375,2019-06-28,0.0,True,,BIS main policy rate (no post-2010 definition break recorded)
2019-08,2019-08-05,2019-08-02,AUD,1.0,2019-08-02,0.0,True,,BIS main policy rate (no post-2010 definition break recorded)
2019-08,2019-08-05,2019-08-02,CAD,1.75,2019-08-02,0.0,True,,BIS main policy rate (no post-2010 definition break recorded)
2019-08,2019-08-05,2019-08-02,CHF,-0.75,2019-08-02,0.0,True,,SNB policy rate
2019-08,2019-08-05,2019-08-02,EUR,0.0,2019-08-02,0.0,True,,MRO fixed rate
2019-08,2019-08-05,2019-08-02,GBP,0.75,2019-08-02,0.0,True,,BIS main policy rate (no post-2010 definition break recorded)
2019-08,2019-08-05,2019-08-02,JPY,-0.1,2019-08-02,0.0,True,,Short-term policy rate -0.1% with YCC
2019-08,2019-08-05,2019-08-02,NZD,1.5,2019-08-02,0.0,True,,BIS main policy rate (no post-2010 definition break recorded)
2019-08,2019-08-05,2019-08-02,USD,2.125,2019-08-02,0.0,True,,BIS main policy rate (no post-2010 definition break recorded)
2019-09,2019-09-02,2019-08-30,AUD,1.0,2019-08-30,0.0,True,,BIS main policy rate (no post-2010 definition break recorded)
2019-09,2019-09-02,2019-08-30,CAD,1.75,2019-08-30,0.0,True,,BIS main policy rate (no post-2010 definition break recorded)
2019-09,2019-09-02,2019-08-30,CHF,-0.75,2019-08-30,0.0,True,,SNB policy rate
2019-09,2019-09-02,2019-08-30,EUR,0.0,2019-08-30,0.0,True,,MRO fixed rate
2019-09,2019-09-02,2019-08-30,GBP,0.75,2019-08-30,0.0,True,,BIS main policy rate (no post-2010 definition break recorded)
2019-09,2019-09-02,2019-08-30,JPY,-0.1,2019-08-30,0.0,True,,Short-term policy rate -0.1% with YCC
2019-09,2019-09-02,2019-08-30,NZD,1.0,2019-08-30,0.0,True,,BIS main policy rate (no post-2010 definition break recorded)
2019-09,2019-09-02,2019-08-30,USD,2.125,2019-08-30,0.0,True,,BIS main policy rate (no post-2010 definition break recorded)
2019-10,2019-10-07,2019-10-04,AUD,0.75,2019-10-04,0.0,True,,BIS main policy rate (no post-2010 definition break recorded)
2019-10,2019-10-07,2019-10-04,CAD,1.75,2019-10-04,0.0,True,,BIS main policy rate (no post-2010 definition break recorded)
2019-10,2019-10-07,2019-10-04,CHF,-0.75,2019-10-04,0.0,True,,SNB policy rate
2019-10,2019-10-07,2019-10-04,EUR,0.0,2019-10-04,0.0,True,,MRO fixed rate
2019-10,2019-10-07,2019-10-04,GBP,0.75,2019-10-04,0.0,True,,BIS main policy rate (no post-2010 definition break recorded)
2019-10,2019-10-07,2019-10-04,JPY,-0.1,2019-10-04,0.0,True,,Short-term policy rate -0.1% with YCC
2019-10,2019-10-07,2019-10-04,NZD,1.0,2019-10-04,0.0,True,,BIS main policy rate (no post-2010 definition break recorded)
2019-10,2019-10-07,2019-10-04,USD,1.875,2019-10-04,0.0,True,,BIS main policy rate (no post-2010 definition break recorded)
2019-11,2019-11-04,2019-11-01,AUD,0.75,2019-11-01,0.0,True,,BIS main policy rate (no post-2010 definition break recorded)
2019-11,2019-11-04,2019-11-01,CAD,1.75,2019-11-01,0.0,True,,BIS main policy rate (no post-2010 definition break recorded)
2019-11,2019-11-04,2019-11-01,CHF,-0.75,2019-11-01,0.0,True,,SNB policy rate
2019-11,2019-11-04,2019-11-01,EUR,0.0,2019-11-01,0.0,True,,MRO fixed rate
2019-11,2019-11-04,2019-11-01,GBP,0.75,2019-11-01,0.0,True,,BIS main policy rate (no post-2010 definition break recorded)
2019-11,2019-11-04,2019-11-01,JPY,-0.1,2019-11-01,0.0,True,,Short-term policy rate -0.1% with YCC
2019-11,2019-11-04,2019-11-01,NZD,1.0,2019-11-01,0.0,True,,BIS main policy rate (no post-2010 definition break recorded)
2019-11,2019-11-04,2019-11-01,USD,1.625,2019-11-01,0.0,True,,BIS main policy rate (no post-2010 definition break recorded)
2019-12,2019-12-02,2019-11-29,AUD,0.75,2019-11-29,0.0,True,,BIS main policy rate (no post-2010 definition break recorded)
2019-12,2019-12-02,2019-11-29,CAD,1.75,2019-11-29,0.0,True,,BIS main policy rate (no post-2010 definition break recorded)
2019-12,2019-12-02,2019-11-29,CHF,-0.75,2019-11-29,0.0,True,,SNB policy rate
2019-12,2019-12-02,2019-11-29,EUR,0.0,2019-11-29,0.0,True,,MRO fixed rate
2019-12,2019-12-02,2019-11-29,GBP,0.75,2019-11-29,0.0,True,,BIS main policy rate (no post-2010 definition break recorded)
2019-12,2019-12-02,2019-11-29,JPY,-0.1,2019-11-29,0.0,True,,Short-term policy rate -0.1% with YCC
2019-12,2019-12-02,2019-11-29,NZD,1.0,2019-11-29,0.0,True,,BIS main policy rate (no post-2010 definition break recorded)
2019-12,2019-12-02,2019-11-29,USD,1.625,2019-11-29,0.0,True,,BIS main policy rate (no post-2010 definition break recorded)
2020-01,2020-01-06,2020-01-03,AUD,0.75,2020-01-03,0.0,True,,BIS main policy rate (no post-2010 definition break recorded)
2020-01,2020-01-06,2020-01-03,CAD,1.75,2020-01-03,0.0,True,,BIS main policy rate (no post-2010 definition break recorded)
2020-01,2020-01-06,2020-01-03,CHF,-0.75,2020-01-03,0.0,True,,SNB policy rate
2020-01,2020-01-06,2020-01-03,EUR,0.0,2020-01-03,0.0,True,,MRO fixed rate
2020-01,2020-01-06,2020-01-03,GBP,0.75,2020-01-03,0.0,True,,BIS main policy rate (no post-2010 definition break recorded)
2020-01,2020-01-06,2020-01-03,JPY,-0.1,2020-01-03,0.0,True,,Short-term policy rate -0.1% with YCC
2020-01,2020-01-06,2020-01-03,NZD,1.0,2020-01-03,0.0,True,,BIS main policy rate (no post-2010 definition break recorded)
2020-01,2020-01-06,2020-01-03,USD,1.625,2020-01-03,0.0,True,,BIS main policy rate (no post-2010 definition break recorded)
2020-02,2020-02-03,2020-01-31,AUD,0.75,2020-01-31,0.0,True,,BIS main policy rate (no post-2010 definition break recorded)
2020-02,2020-02-03,2020-01-31,CAD,1.75,2020-01-31,0.0,True,,BIS main policy rate (no post-2010 definition break recorded)
2020-02,2020-02-03,2020-01-31,CHF,-0.75,2020-01-31,0.0,True,,SNB policy rate
2020-02,2020-02-03,2020-01-31,EUR,0.0,2020-01-31,0.0,True,,MRO fixed rate
2020-02,2020-02-03,2020-01-31,GBP,0.75,2020-01-31,0.0,True,,BIS main policy rate (no post-2010 definition break recorded)
2020-02,2020-02-03,2020-01-31,JPY,-0.1,2020-01-31,0.0,True,,Short-term policy rate -0.1% with YCC
2020-02,2020-02-03,2020-01-31,NZD,1.0,2020-01-31,0.0,True,,BIS main policy rate (no post-2010 definition break recorded)
2020-02,2020-02-03,2020-01-31,USD,1.625,2020-01-31,0.0,True,,BIS main policy rate (no post-2010 definition break recorded)
2020-03,2020-03-02,2020-02-28,AUD,0.75,2020-02-28,0.0,True,,BIS main policy rate (no post-2010 definition break recorded)
2020-03,2020-03-02,2020-02-28,CAD,1.75,2020-02-28,0.0,True,,BIS main policy rate (no post-2010 definition break recorded)
2020-03,2020-03-02,2020-02-28,CHF,-0.75,2020-02-28,0.0,True,,SNB policy rate
2020-03,2020-03-02,2020-02-28,EUR,0.0,2020-02-28,0.0,True,,MRO fixed rate
2020-03,2020-03-02,2020-02-28,GBP,0.75,2020-02-28,0.0,True,,BIS main policy rate (no post-2010 definition break recorded)
2020-03,2020-03-02,2020-02-28,JPY,-0.1,2020-02-28,0.0,True,,Short-term policy rate -0.1% with YCC
2020-03,2020-03-02,2020-02-28,NZD,1.0,2020-02-28,0.0,True,,BIS main policy rate (no post-2010 definition break recorded)
2020-03,2020-03-02,2020-02-28,USD,1.625,2020-02-28,0.0,True,,BIS main policy rate (no post-2010 definition break recorded)
2020-04,2020-04-06,2020-04-03,AUD,0.25,2020-04-03,0.0,True,,BIS main policy rate (no post-2010 definition break recorded)
2020-04,2020-04-06,2020-04-03,CAD,0.25,2020-04-03,0.0,True,,BIS main policy rate (no post-2010 definition break recorded)
2020-04,2020-04-06,2020-04-03,CHF,-0.75,2020-04-03,0.0,True,,SNB policy rate
2020-04,2020-04-06,2020-04-03,EUR,0.0,2020-04-03,0.0,True,,MRO fixed rate
2020-04,2020-04-06,2020-04-03,GBP,0.1,2020-04-03,0.0,True,,BIS main policy rate (no post-2010 definition break recorded)
2020-04,2020-04-06,2020-04-03,JPY,-0.1,2020-04-03,0.0,True,,Short-term policy rate -0.1% with YCC
2020-04,2020-04-06,2020-04-03,NZD,0.25,2020-04-03,0.0,True,,BIS main policy rate (no post-2010 definition break recorded)
2020-04,2020-04-06,2020-04-03,USD,0.125,2020-04-03,0.0,True,,BIS main policy rate (no post-2010 definition break recorded)
2020-05,2020-05-04,2020-05-01,AUD,0.25,2020-05-01,0.0,True,,BIS main policy rate (no post-2010 definition break recorded)
2020-05,2020-05-04,2020-05-01,CAD,0.25,2020-05-01,0.0,True,,BIS main policy rate (no post-2010 definition break recorded)
2020-05,2020-05-04,2020-05-01,CHF,-0.75,2020-05-01,0.0,True,,SNB policy rate
2020-05,2020-05-04,2020-05-01,EUR,0.0,2020-05-01,0.0,True,,MRO fixed rate
2020-05,2020-05-04,2020-05-01,GBP,0.1,2020-05-01,0.0,True,,BIS main policy rate (no post-2010 definition break recorded)
2020-05,2020-05-04,2020-05-01,JPY,-0.1,2020-05-01,0.0,True,,Short-term policy rate -0.1% with YCC
2020-05,2020-05-04,2020-05-01,NZD,0.25,2020-05-01,0.0,True,,BIS main policy rate (no post-2010 definition break recorded)
2020-05,2020-05-04,2020-05-01,USD,0.125,2020-05-01,0.0,True,,BIS main policy rate (no post-2010 definition break recorded)
2020-06,2020-06-01,2020-05-29,AUD,0.25,2020-05-29,0.0,True,,BIS main policy rate (no post-2010 definition break recorded)
2020-06,2020-06-01,2020-05-29,CAD,0.25,2020-05-29,0.0,True,,BIS main policy rate (no post-2010 definition break recorded)
2020-06,2020-06-01,2020-05-29,CHF,-0.75,2020-05-29,0.0,True,,SNB policy rate
2020-06,2020-06-01,2020-05-29,EUR,0.0,2020-05-29,0.0,True,,MRO fixed rate
2020-06,2020-06-01,2020-05-29,GBP,0.1,2020-05-29,0.0,True,,BIS main policy rate (no post-2010 definition break recorded)
2020-06,2020-06-01,2020-05-29,JPY,-0.1,2020-05-29,0.0,True,,Short-term policy rate -0.1% with YCC
2020-06,2020-06-01,2020-05-29,NZD,0.25,2020-05-29,0.0,True,,BIS main policy rate (no post-2010 definition break recorded)
2020-06,2020-06-01,2020-05-29,USD,0.125,2020-05-29,0.0,True,,BIS main policy rate (no post-2010 definition break recorded)
2020-07,2020-07-06,2020-07-03,AUD,0.25,2020-07-03,0.0,True,,BIS main policy rate (no post-2010 definition break recorded)
2020-07,2020-07-06,2020-07-03,CAD,0.25,2020-07-03,0.0,True,,BIS main policy rate (no post-2010 definition break recorded)
2020-07,2020-07-06,2020-07-03,CHF,-0.75,2020-07-03,0.0,True,,SNB policy rate
2020-07,2020-07-06,2020-07-03,EUR,0.0,2020-07-03,0.0,True,,MRO fixed rate
2020-07,2020-07-06,2020-07-03,GBP,0.1,2020-07-03,0.0,True,,BIS main policy rate (no post-2010 definition break recorded)
2020-07,2020-07-06,2020-07-03,JPY,-0.1,2020-07-03,0.0,True,,Short-term policy rate -0.1% with YCC
2020-07,2020-07-06,2020-07-03,NZD,0.25,2020-07-03,0.0,True,,BIS main policy rate (no post-2010 definition break recorded)
2020-07,2020-07-06,2020-07-03,USD,0.125,2020-07-03,0.0,True,,BIS main policy rate (no post-2010 definition break recorded)
2020-08,2020-08-03,2020-07-31,AUD,0.25,2020-07-31,0.0,True,,BIS main policy rate (no post-2010 definition break recorded)
2020-08,2020-08-03,2020-07-31,CAD,0.25,2020-07-31,0.0,True,,BIS main policy rate (no post-2010 definition break recorded)
2020-08,2020-08-03,2020-07-31,CHF,-0.75,2020-07-31,0.0,True,,SNB policy rate
2020-08,2020-08-03,2020-07-31,EUR,0.0,2020-07-31,0.0,True,,MRO fixed rate
2020-08,2020-08-03,2020-07-31,GBP,0.1,2020-07-31,0.0,True,,BIS main policy rate (no post-2010 definition break recorded)
2020-08,2020-08-03,2020-07-31,JPY,-0.1,2020-07-31,0.0,True,,Short-term policy rate -0.1% with YCC
2020-08,2020-08-03,2020-07-31,NZD,0.25,2020-07-31,0.0,True,,BIS main policy rate (no post-2010 definition break recorded)
2020-08,2020-08-03,2020-07-31,USD,0.125,2020-07-31,0.0,True,,BIS main policy rate (no post-2010 definition break recorded)
2020-09,2020-09-07,2020-09-04,AUD,0.25,2020-09-04,0.0,True,,BIS main policy rate (no post-2010 definition break recorded)
2020-09,2020-09-07,2020-09-04,CAD,0.25,2020-09-04,0.0,True,,BIS main policy rate (no post-2010 definition break recorded)
2020-09,2020-09-07,2020-09-04,CHF,-0.75,2020-09-04,0.0,True,,SNB policy rate
2020-09,2020-09-07,2020-09-04,EUR,0.0,2020-09-04,0.0,True,,MRO fixed rate
2020-09,2020-09-07,2020-09-04,GBP,0.1,2020-09-04,0.0,True,,BIS main policy rate (no post-2010 definition break recorded)
2020-09,2020-09-07,2020-09-04,JPY,-0.1,2020-09-04,0.0,True,,Short-term policy rate -0.1% with YCC
2020-09,2020-09-07,2020-09-04,NZD,0.25,2020-09-04,0.0,True,,BIS main policy rate (no post-2010 definition break recorded)
2020-09,2020-09-07,2020-09-04,USD,0.125,2020-09-04,0.0,True,,BIS main policy rate (no post-2010 definition break recorded)
2020-10,2020-10-05,2020-10-02,AUD,0.25,2020-10-02,0.0,True,,BIS main policy rate (no post-2010 definition break recorded)
2020-10,2020-10-05,2020-10-02,CAD,0.25,2020-10-02,0.0,True,,BIS main policy rate (no post-2010 definition break recorded)
2020-10,2020-10-05,2020-10-02,CHF,-0.75,2020-10-02,0.0,True,,SNB policy rate
2020-10,2020-10-05,2020-10-02,EUR,0.0,2020-10-02,0.0,True,,MRO fixed rate
2020-10,2020-10-05,2020-10-02,GBP,0.1,2020-10-02,0.0,True,,BIS main policy rate (no post-2010 definition break recorded)
2020-10,2020-10-05,2020-10-02,JPY,-0.1,2020-10-02,0.0,True,,Short-term policy rate -0.1% with YCC
2020-10,2020-10-05,2020-10-02,NZD,0.25,2020-10-02,0.0,True,,BIS main policy rate (no post-2010 definition break recorded)
2020-10,2020-10-05,2020-10-02,USD,0.125,2020-10-02,0.0,True,,BIS main policy rate (no post-2010 definition break recorded)
2020-11,2020-11-02,2020-10-30,AUD,0.25,2020-10-30,0.0,True,,BIS main policy rate (no post-2010 definition break recorded)
2020-11,2020-11-02,2020-10-30,CAD,0.25,2020-10-30,0.0,True,,BIS main policy rate (no post-2010 definition break recorded)
2020-11,2020-11-02,2020-10-30,CHF,-0.75,2020-10-30,0.0,True,,SNB policy rate
2020-11,2020-11-02,2020-10-30,EUR,0.0,2020-10-30,0.0,True,,MRO fixed rate
2020-11,2020-11-02,2020-10-30,GBP,0.1,2020-10-30,0.0,True,,BIS main policy rate (no post-2010 definition break recorded)
2020-11,2020-11-02,2020-10-30,JPY,-0.1,2020-10-30,0.0,True,,Short-term policy rate -0.1% with YCC
2020-11,2020-11-02,2020-10-30,NZD,0.25,2020-10-30,0.0,True,,BIS main policy rate (no post-2010 definition break recorded)
2020-11,2020-11-02,2020-10-30,USD,0.125,2020-10-30,0.0,True,,BIS main policy rate (no post-2010 definition break recorded)
2020-12,2020-12-07,2020-12-04,AUD,0.1,2020-12-04,0.0,True,,BIS main policy rate (no post-2010 definition break recorded)
2020-12,2020-12-07,2020-12-04,CAD,0.25,2020-12-04,0.0,True,,BIS main policy rate (no post-2010 definition break recorded)
2020-12,2020-12-07,2020-12-04,CHF,-0.75,2020-12-04,0.0,True,,SNB policy rate
2020-12,2020-12-07,2020-12-04,EUR,0.0,2020-12-04,0.0,True,,MRO fixed rate
2020-12,2020-12-07,2020-12-04,GBP,0.1,2020-12-04,0.0,True,,BIS main policy rate (no post-2010 definition break recorded)
2020-12,2020-12-07,2020-12-04,JPY,-0.1,2020-12-04,0.0,True,,Short-term policy rate -0.1% with YCC
2020-12,2020-12-07,2020-12-04,NZD,0.25,2020-12-04,0.0,True,,BIS main policy rate (no post-2010 definition break recorded)
2020-12,2020-12-07,2020-12-04,USD,0.125,2020-12-04,0.0,True,,BIS main policy rate (no post-2010 definition break recorded)
2021-01,2021-01-04,2021-01-01,AUD,0.1,2020-12-31,1.0,True,,BIS main policy rate (no post-2010 definition break recorded)
2021-01,2021-01-04,2021-01-01,CAD,0.25,2021-01-01,0.0,True,,BIS main policy rate (no post-2010 definition break recorded)
2021-01,2021-01-04,2021-01-01,CHF,-0.75,2021-01-01,0.0,True,,SNB policy rate
2021-01,2021-01-04,2021-01-01,EUR,0.0,2021-01-01,0.0,True,,MRO fixed rate
2021-01,2021-01-04,2021-01-01,GBP,0.1,2020-12-31,1.0,True,,BIS main policy rate (no post-2010 definition break recorded)
2021-01,2021-01-04,2021-01-01,JPY,-0.1,2021-01-01,0.0,True,,Short-term policy rate -0.1% with YCC
2021-01,2021-01-04,2021-01-01,NZD,0.25,2020-12-31,1.0,True,,BIS main policy rate (no post-2010 definition break recorded)
2021-01,2021-01-04,2021-01-01,USD,0.125,2021-01-01,0.0,True,,BIS main policy rate (no post-2010 definition break recorded)
2021-02,2021-02-01,2021-01-29,AUD,0.1,2021-01-29,0.0,True,,BIS main policy rate (no post-2010 definition break recorded)
2021-02,2021-02-01,2021-01-29,CAD,0.25,2021-01-29,0.0,True,,BIS main policy rate (no post-2010 definition break recorded)
2021-02,2021-02-01,2021-01-29,CHF,-0.75,2021-01-29,0.0,True,,SNB policy rate
2021-02,2021-02-01,2021-01-29,EUR,0.0,2021-01-29,0.0,True,,MRO fixed rate
2021-02,2021-02-01,2021-01-29,GBP,0.1,2021-01-29,0.0,True,,BIS main policy rate (no post-2010 definition break recorded)
2021-02,2021-02-01,2021-01-29,JPY,-0.1,2021-01-29,0.0,True,,Short-term policy rate -0.1% with YCC
2021-02,2021-02-01,2021-01-29,NZD,0.25,2021-01-29,0.0,True,,BIS main policy rate (no post-2010 definition break recorded)
2021-02,2021-02-01,2021-01-29,USD,0.125,2021-01-29,0.0,True,,BIS main policy rate (no post-2010 definition break recorded)
2021-03,2021-03-01,2021-02-26,AUD,0.1,2021-02-26,0.0,True,,BIS main policy rate (no post-2010 definition break recorded)
2021-03,2021-03-01,2021-02-26,CAD,0.25,2021-02-26,0.0,True,,BIS main policy rate (no post-2010 definition break recorded)
2021-03,2021-03-01,2021-02-26,CHF,-0.75,2021-02-26,0.0,True,,SNB policy rate
2021-03,2021-03-01,2021-02-26,EUR,0.0,2021-02-26,0.0,True,,MRO fixed rate
2021-03,2021-03-01,2021-02-26,GBP,0.1,2021-02-26,0.0,True,,BIS main policy rate (no post-2010 definition break recorded)
2021-03,2021-03-01,2021-02-26,JPY,-0.1,2021-02-26,0.0,True,,Short-term policy rate -0.1% with YCC
2021-03,2021-03-01,2021-02-26,NZD,0.25,2021-02-26,0.0,True,,BIS main policy rate (no post-2010 definition break recorded)
2021-03,2021-03-01,2021-02-26,USD,0.125,2021-02-26,0.0,True,,BIS main policy rate (no post-2010 definition break recorded)
2021-04,2021-04-05,2021-04-02,AUD,0.1,2021-04-01,1.0,True,,BIS main policy rate (no post-2010 definition break recorded)
2021-04,2021-04-05,2021-04-02,CAD,0.25,2021-04-02,0.0,True,,BIS main policy rate (no post-2010 definition break recorded)
2021-04,2021-04-05,2021-04-02,CHF,-0.75,2021-04-02,0.0,True,,SNB policy rate
2021-04,2021-04-05,2021-04-02,EUR,0.0,2021-04-02,0.0,True,,MRO fixed rate
2021-04,2021-04-05,2021-04-02,GBP,0.1,2021-04-01,1.0,True,,BIS main policy rate (no post-2010 definition break recorded)
2021-04,2021-04-05,2021-04-02,JPY,-0.1,2021-04-02,0.0,True,,Short-term policy rate -0.1% with YCC
2021-04,2021-04-05,2021-04-02,NZD,0.25,2021-04-01,1.0,True,,BIS main policy rate (no post-2010 definition break recorded)
2021-04,2021-04-05,2021-04-02,USD,0.125,2021-04-02,0.0,True,,BIS main policy rate (no post-2010 definition break recorded)
2021-05,2021-05-03,2021-04-30,AUD,0.1,2021-04-30,0.0,True,,BIS main policy rate (no post-2010 definition break recorded)
2021-05,2021-05-03,2021-04-30,CAD,0.25,2021-04-30,0.0,True,,BIS main policy rate (no post-2010 definition break recorded)
2021-05,2021-05-03,2021-04-30,CHF,-0.75,2021-04-30,0.0,True,,SNB policy rate
2021-05,2021-05-03,2021-04-30,EUR,0.0,2021-04-30,0.0,True,,MRO fixed rate
2021-05,2021-05-03,2021-04-30,GBP,0.1,2021-04-30,0.0,True,,BIS main policy rate (no post-2010 definition break recorded)
2021-05,2021-05-03,2021-04-30,JPY,-0.1,2021-04-30,0.0,True,,Short-term policy rate -0.1% with YCC
2021-05,2021-05-03,2021-04-30,NZD,0.25,2021-04-30,0.0,True,,BIS main policy rate (no post-2010 definition break recorded)
2021-05,2021-05-03,2021-04-30,USD,0.125,2021-04-30,0.0,True,,BIS main policy rate (no post-2010 definition break recorded)
2021-06,2021-06-07,2021-06-04,AUD,0.1,2021-06-04,0.0,True,,BIS main policy rate (no post-2010 definition break recorded)
2021-06,2021-06-07,2021-06-04,CAD,0.25,2021-06-04,0.0,True,,BIS main policy rate (no post-2010 definition break recorded)
2021-06,2021-06-07,2021-06-04,CHF,-0.75,2021-06-04,0.0,True,,SNB policy rate
2021-06,2021-06-07,2021-06-04,EUR,0.0,2021-06-04,0.0,True,,MRO fixed rate
2021-06,2021-06-07,2021-06-04,GBP,0.1,2021-06-04,0.0,True,,BIS main policy rate (no post-2010 definition break recorded)
2021-06,2021-06-07,2021-06-04,JPY,-0.1,2021-06-04,0.0,True,,Short-term policy rate -0.1% with YCC
2021-06,2021-06-07,2021-06-04,NZD,0.25,2021-06-04,0.0,True,,BIS main policy rate (no post-2010 definition break recorded)
2021-06,2021-06-07,2021-06-04,USD,0.125,2021-06-04,0.0,True,,BIS main policy rate (no post-2010 definition break recorded)
2021-07,2021-07-05,2021-07-02,AUD,0.1,2021-07-02,0.0,True,,BIS main policy rate (no post-2010 definition break recorded)
2021-07,2021-07-05,2021-07-02,CAD,0.25,2021-07-02,0.0,True,,BIS main policy rate (no post-2010 definition break recorded)
2021-07,2021-07-05,2021-07-02,CHF,-0.75,2021-07-02,0.0,True,,SNB policy rate
2021-07,2021-07-05,2021-07-02,EUR,0.0,2021-07-02,0.0,True,,MRO fixed rate
2021-07,2021-07-05,2021-07-02,GBP,0.1,2021-07-02,0.0,True,,BIS main policy rate (no post-2010 definition break recorded)
2021-07,2021-07-05,2021-07-02,JPY,-0.1,2021-07-02,0.0,True,,Short-term policy rate -0.1% with YCC
2021-07,2021-07-05,2021-07-02,NZD,0.25,2021-07-02,0.0,True,,BIS main policy rate (no post-2010 definition break recorded)
2021-07,2021-07-05,2021-07-02,USD,0.125,2021-07-02,0.0,True,,BIS main policy rate (no post-2010 definition break recorded)
2021-08,2021-08-02,2021-07-30,AUD,0.1,2021-07-30,0.0,True,,BIS main policy rate (no post-2010 definition break recorded)
2021-08,2021-08-02,2021-07-30,CAD,0.25,2021-07-30,0.0,True,,BIS main policy rate (no post-2010 definition break recorded)
2021-08,2021-08-02,2021-07-30,CHF,-0.75,2021-07-30,0.0,True,,SNB policy rate
2021-08,2021-08-02,2021-07-30,EUR,0.0,2021-07-30,0.0,True,,MRO fixed rate
2021-08,2021-08-02,2021-07-30,GBP,0.1,2021-07-30,0.0,True,,BIS main policy rate (no post-2010 definition break recorded)
2021-08,2021-08-02,2021-07-30,JPY,-0.1,2021-07-30,0.0,True,,Short-term policy rate -0.1% with YCC
2021-08,2021-08-02,2021-07-30,NZD,0.25,2021-07-30,0.0,True,,BIS main policy rate (no post-2010 definition break recorded)
2021-08,2021-08-02,2021-07-30,USD,0.125,2021-07-30,0.0,True,,BIS main policy rate (no post-2010 definition break recorded)
2021-09,2021-09-06,2021-09-03,AUD,0.1,2021-09-03,0.0,True,,BIS main policy rate (no post-2010 definition break recorded)
2021-09,2021-09-06,2021-09-03,CAD,0.25,2021-09-03,0.0,True,,BIS main policy rate (no post-2010 definition break recorded)
2021-09,2021-09-06,2021-09-03,CHF,-0.75,2021-09-03,0.0,True,,SNB policy rate
2021-09,2021-09-06,2021-09-03,EUR,0.0,2021-09-03,0.0,True,,MRO fixed rate
2021-09,2021-09-06,2021-09-03,GBP,0.1,2021-09-03,0.0,True,,BIS main policy rate (no post-2010 definition break recorded)
2021-09,2021-09-06,2021-09-03,JPY,-0.1,2021-09-03,0.0,True,,Short-term policy rate -0.1% with YCC
2021-09,2021-09-06,2021-09-03,NZD,0.25,2021-09-03,0.0,True,,BIS main policy rate (no post-2010 definition break recorded)
2021-09,2021-09-06,2021-09-03,USD,0.125,2021-09-03,0.0,True,,BIS main policy rate (no post-2010 definition break recorded)
2021-10,2021-10-04,2021-10-01,AUD,0.1,2021-10-01,0.0,True,,BIS main policy rate (no post-2010 definition break recorded)
2021-10,2021-10-04,2021-10-01,CAD,0.25,2021-10-01,0.0,True,,BIS main policy rate (no post-2010 definition break recorded)
2021-10,2021-10-04,2021-10-01,CHF,-0.75,2021-10-01,0.0,True,,SNB policy rate
2021-10,2021-10-04,2021-10-01,EUR,0.0,2021-10-01,0.0,True,,MRO fixed rate
2021-10,2021-10-04,2021-10-01,GBP,0.1,2021-10-01,0.0,True,,BIS main policy rate (no post-2010 definition break recorded)
2021-10,2021-10-04,2021-10-01,JPY,-0.1,2021-10-01,0.0,True,,Short-term policy rate -0.1% with YCC
2021-10,2021-10-04,2021-10-01,NZD,0.25,2021-10-01,0.0,True,,BIS main policy rate (no post-2010 definition break recorded)
2021-10,2021-10-04,2021-10-01,USD,0.125,2021-10-01,0.0,True,,BIS main policy rate (no post-2010 definition break recorded)
2021-11,2021-11-01,2021-10-29,AUD,0.1,2021-10-29,0.0,True,,BIS main policy rate (no post-2010 definition break recorded)
2021-11,2021-11-01,2021-10-29,CAD,0.25,2021-10-29,0.0,True,,BIS main policy rate (no post-2010 definition break recorded)
2021-11,2021-11-01,2021-10-29,CHF,-0.75,2021-10-29,0.0,True,,SNB policy rate
2021-11,2021-11-01,2021-10-29,EUR,0.0,2021-10-29,0.0,True,,MRO fixed rate
2021-11,2021-11-01,2021-10-29,GBP,0.1,2021-10-29,0.0,True,,BIS main policy rate (no post-2010 definition break recorded)
2021-11,2021-11-01,2021-10-29,JPY,-0.1,2021-10-29,0.0,True,,Short-term policy rate -0.1% with YCC
2021-11,2021-11-01,2021-10-29,NZD,0.5,2021-10-29,0.0,True,,BIS main policy rate (no post-2010 definition break recorded)
2021-11,2021-11-01,2021-10-29,USD,0.125,2021-10-29,0.0,True,,BIS main policy rate (no post-2010 definition break recorded)
2021-12,2021-12-06,2021-12-03,AUD,0.1,2021-12-03,0.0,True,,BIS main policy rate (no post-2010 definition break recorded)
2021-12,2021-12-06,2021-12-03,CAD,0.25,2021-12-03,0.0,True,,BIS main policy rate (no post-2010 definition break recorded)
2021-12,2021-12-06,2021-12-03,CHF,-0.75,2021-12-03,0.0,True,,SNB policy rate
2021-12,2021-12-06,2021-12-03,EUR,0.0,2021-12-03,0.0,True,,MRO fixed rate
2021-12,2021-12-06,2021-12-03,GBP,0.1,2021-12-03,0.0,True,,BIS main policy rate (no post-2010 definition break recorded)
2021-12,2021-12-06,2021-12-03,JPY,-0.1,2021-12-03,0.0,True,,Short-term policy rate -0.1% with YCC
2021-12,2021-12-06,2021-12-03,NZD,0.75,2021-12-03,0.0,True,,BIS main policy rate (no post-2010 definition break recorded)
2021-12,2021-12-06,2021-12-03,USD,0.125,2021-12-03,0.0,True,,BIS main policy rate (no post-2010 definition break recorded)
2022-01,2022-01-03,2021-12-31,AUD,0.1,2021-12-31,0.0,True,,BIS main policy rate (no post-2010 definition break recorded)
2022-01,2022-01-03,2021-12-31,CAD,0.25,2021-12-31,0.0,True,,BIS main policy rate (no post-2010 definition break recorded)
2022-01,2022-01-03,2021-12-31,CHF,-0.75,2021-12-31,0.0,True,,SNB policy rate
2022-01,2022-01-03,2021-12-31,EUR,0.0,2021-12-31,0.0,True,,MRO fixed rate
2022-01,2022-01-03,2021-12-31,GBP,0.25,2021-12-31,0.0,True,,BIS main policy rate (no post-2010 definition break recorded)
2022-01,2022-01-03,2021-12-31,JPY,-0.1,2021-12-31,0.0,True,,Short-term policy rate -0.1% with YCC
2022-01,2022-01-03,2021-12-31,NZD,0.75,2021-12-31,0.0,True,,BIS main policy rate (no post-2010 definition break recorded)
2022-01,2022-01-03,2021-12-31,USD,0.125,2021-12-31,0.0,True,,BIS main policy rate (no post-2010 definition break recorded)
2022-02,2022-02-07,2022-02-04,AUD,0.1,2022-02-04,0.0,True,,BIS main policy rate (no post-2010 definition break recorded)
2022-02,2022-02-07,2022-02-04,CAD,0.25,2022-02-04,0.0,True,,BIS main policy rate (no post-2010 definition break recorded)
2022-02,2022-02-07,2022-02-04,CHF,-0.75,2022-02-04,0.0,True,,SNB policy rate
2022-02,2022-02-07,2022-02-04,EUR,0.0,2022-02-04,0.0,True,,MRO fixed rate
2022-02,2022-02-07,2022-02-04,GBP,0.5,2022-02-04,0.0,True,,BIS main policy rate (no post-2010 definition break recorded)
2022-02,2022-02-07,2022-02-04,JPY,-0.1,2022-02-04,0.0,True,,Short-term policy rate -0.1% with YCC
2022-02,2022-02-07,2022-02-04,NZD,0.75,2022-02-04,0.0,True,,BIS main policy rate (no post-2010 definition break recorded)
2022-02,2022-02-07,2022-02-04,USD,0.125,2022-02-04,0.0,True,,BIS main policy rate (no post-2010 definition break recorded)
2022-03,2022-03-07,2022-03-04,AUD,0.1,2022-03-04,0.0,True,,BIS main policy rate (no post-2010 definition break recorded)
2022-03,2022-03-07,2022-03-04,CAD,0.5,2022-03-04,0.0,True,,BIS main policy rate (no post-2010 definition break recorded)
2022-03,2022-03-07,2022-03-04,CHF,-0.75,2022-03-04,0.0,True,,SNB policy rate
2022-03,2022-03-07,2022-03-04,EUR,0.0,2022-03-04,0.0,True,,MRO fixed rate
2022-03,2022-03-07,2022-03-04,GBP,0.5,2022-03-04,0.0,True,,BIS main policy rate (no post-2010 definition break recorded)
2022-03,2022-03-07,2022-03-04,JPY,-0.1,2022-03-04,0.0,True,,Short-term policy rate -0.1% with YCC
2022-03,2022-03-07,2022-03-04,NZD,1.0,2022-03-04,0.0,True,,BIS main policy rate (no post-2010 definition break recorded)
2022-03,2022-03-07,2022-03-04,USD,0.125,2022-03-04,0.0,True,,BIS main policy rate (no post-2010 definition break recorded)
2022-04,2022-04-04,2022-04-01,AUD,0.1,2022-04-01,0.0,True,,BIS main policy rate (no post-2010 definition break recorded)
2022-04,2022-04-04,2022-04-01,CAD,0.5,2022-04-01,0.0,True,,BIS main policy rate (no post-2010 definition break recorded)
2022-04,2022-04-04,2022-04-01,CHF,-0.75,2022-04-01,0.0,True,,SNB policy rate
2022-04,2022-04-04,2022-04-01,EUR,0.0,2022-04-01,0.0,True,,MRO fixed rate
2022-04,2022-04-04,2022-04-01,GBP,0.75,2022-04-01,0.0,True,,BIS main policy rate (no post-2010 definition break recorded)
2022-04,2022-04-04,2022-04-01,JPY,-0.1,2022-04-01,0.0,True,,Short-term policy rate -0.1% with YCC
2022-04,2022-04-04,2022-04-01,NZD,1.0,2022-04-01,0.0,True,,BIS main policy rate (no post-2010 definition break recorded)
2022-04,2022-04-04,2022-04-01,USD,0.375,2022-04-01,0.0,True,,BIS main policy rate (no post-2010 definition break recorded)
2022-05,2022-05-02,2022-04-29,AUD,0.1,2022-04-29,0.0,True,,BIS main policy rate (no post-2010 definition break recorded)
2022-05,2022-05-02,2022-04-29,CAD,1.0,2022-04-29,0.0,True,,BIS main policy rate (no post-2010 definition break recorded)
2022-05,2022-05-02,2022-04-29,CHF,-0.75,2022-04-29,0.0,True,,SNB policy rate
2022-05,2022-05-02,2022-04-29,EUR,0.0,2022-04-29,0.0,True,,MRO fixed rate
2022-05,2022-05-02,2022-04-29,GBP,0.75,2022-04-29,0.0,True,,BIS main policy rate (no post-2010 definition break recorded)
2022-05,2022-05-02,2022-04-29,JPY,-0.1,2022-04-29,0.0,True,,Short-term policy rate -0.1% with YCC
2022-05,2022-05-02,2022-04-29,NZD,1.5,2022-04-29,0.0,True,,BIS main policy rate (no post-2010 definition break recorded)
2022-05,2022-05-02,2022-04-29,USD,0.375,2022-04-29,0.0,True,,BIS main policy rate (no post-2010 definition break recorded)
2022-06,2022-06-06,2022-06-03,AUD,0.35,2022-06-03,0.0,True,,BIS main policy rate (no post-2010 definition break recorded)
2022-06,2022-06-06,2022-06-03,CAD,1.5,2022-06-03,0.0,True,,BIS main policy rate (no post-2010 definition break recorded)
2022-06,2022-06-06,2022-06-03,CHF,-0.75,2022-06-03,0.0,True,,SNB policy rate
2022-06,2022-06-06,2022-06-03,EUR,0.0,2022-06-03,0.0,True,,MRO fixed rate
2022-06,2022-06-06,2022-06-03,GBP,1.0,2022-06-01,2.0,True,,BIS main policy rate (no post-2010 definition break recorded)
2022-06,2022-06-06,2022-06-03,JPY,-0.1,2022-06-03,0.0,True,,Short-term policy rate -0.1% with YCC
2022-06,2022-06-06,2022-06-03,NZD,2.0,2022-06-03,0.0,True,,BIS main policy rate (no post-2010 definition break recorded)
2022-06,2022-06-06,2022-06-03,USD,0.875,2022-06-03,0.0,True,,BIS main policy rate (no post-2010 definition break recorded)
2022-07,2022-07-04,2022-07-01,AUD,0.85,2022-07-01,0.0,True,,BIS main policy rate (no post-2010 definition break recorded)
2022-07,2022-07-04,2022-07-01,CAD,1.5,2022-07-01,0.0,True,,BIS main policy rate (no post-2010 definition break recorded)
2022-07,2022-07-04,2022-07-01,CHF,-0.25,2022-07-01,0.0,True,,SNB policy rate
2022-07,2022-07-04,2022-07-01,EUR,0.0,2022-07-01,0.0,True,,MRO fixed rate
2022-07,2022-07-04,2022-07-01,GBP,1.25,2022-07-01,0.0,True,,BIS main policy rate (no post-2010 definition break recorded)
2022-07,2022-07-04,2022-07-01,JPY,-0.1,2022-07-01,0.0,True,,Short-term policy rate -0.1% with YCC
2022-07,2022-07-04,2022-07-01,NZD,2.0,2022-07-01,0.0,True,,BIS main policy rate (no post-2010 definition break recorded)
2022-07,2022-07-04,2022-07-01,USD,1.625,2022-07-01,0.0,True,,BIS main policy rate (no post-2010 definition break recorded)
2022-08,2022-08-01,2022-07-29,AUD,1.35,2022-07-29,0.0,True,,BIS main policy rate (no post-2010 definition break recorded)
2022-08,2022-08-01,2022-07-29,CAD,2.5,2022-07-29,0.0,True,,BIS main policy rate (no post-2010 definition break recorded)
2022-08,2022-08-01,2022-07-29,CHF,-0.25,2022-07-29,0.0,True,,SNB policy rate
2022-08,2022-08-01,2022-07-29,EUR,0.5,2022-07-29,0.0,True,,MRO fixed rate
2022-08,2022-08-01,2022-07-29,GBP,1.25,2022-07-29,0.0,True,,BIS main policy rate (no post-2010 definition break recorded)
2022-08,2022-08-01,2022-07-29,JPY,-0.1,2022-07-29,0.0,True,,Short-term policy rate -0.1% with YCC
2022-08,2022-08-01,2022-07-29,NZD,2.5,2022-07-29,0.0,True,,BIS main policy rate (no post-2010 definition break recorded)
2022-08,2022-08-01,2022-07-29,USD,2.375,2022-07-29,0.0,True,,BIS main policy rate (no post-2010 definition break recorded)
2022-09,2022-09-05,2022-09-02,AUD,1.85,2022-09-02,0.0,True,,BIS main policy rate (no post-2010 definition break recorded)
2022-09,2022-09-05,2022-09-02,CAD,2.5,2022-09-02,0.0,True,,BIS main policy rate (no post-2010 definition break recorded)
2022-09,2022-09-05,2022-09-02,CHF,-0.25,2022-09-02,0.0,True,,SNB policy rate
2022-09,2022-09-05,2022-09-02,EUR,0.5,2022-09-02,0.0,True,,MRO fixed rate
2022-09,2022-09-05,2022-09-02,GBP,1.75,2022-09-02,0.0,True,,BIS main policy rate (no post-2010 definition break recorded)
2022-09,2022-09-05,2022-09-02,JPY,-0.1,2022-09-02,0.0,True,,Short-term policy rate -0.1% with YCC
2022-09,2022-09-05,2022-09-02,NZD,3.0,2022-09-02,0.0,True,,BIS main policy rate (no post-2010 definition break recorded)
2022-09,2022-09-05,2022-09-02,USD,2.375,2022-09-02,0.0,True,,BIS main policy rate (no post-2010 definition break recorded)
2022-10,2022-10-03,2022-09-30,AUD,2.35,2022-09-30,0.0,True,,BIS main policy rate (no post-2010 definition break recorded)
2022-10,2022-10-03,2022-09-30,CAD,3.25,2022-09-29,1.0,True,,BIS main policy rate (no post-2010 definition break recorded)
2022-10,2022-10-03,2022-09-30,CHF,0.5,2022-09-30,0.0,True,,SNB policy rate
2022-10,2022-10-03,2022-09-30,EUR,1.25,2022-09-30,0.0,True,,MRO fixed rate
2022-10,2022-10-03,2022-09-30,GBP,2.25,2022-09-30,0.0,True,,BIS main policy rate (no post-2010 definition break recorded)
2022-10,2022-10-03,2022-09-30,JPY,-0.1,2022-09-30,0.0,True,,Short-term policy rate -0.1% with YCC
2022-10,2022-10-03,2022-09-30,NZD,3.0,2022-09-30,0.0,True,,BIS main policy rate (no post-2010 definition break recorded)
2022-10,2022-10-03,2022-09-30,USD,3.125,2022-09-30,0.0,True,,BIS main policy rate (no post-2010 definition break recorded)
2022-11,2022-11-07,2022-11-04,AUD,2.85,2022-11-04,0.0,True,,BIS main policy rate (no post-2010 definition break recorded)
2022-11,2022-11-07,2022-11-04,CAD,3.75,2022-11-04,0.0,True,,BIS main policy rate (no post-2010 definition break recorded)
2022-11,2022-11-07,2022-11-04,CHF,0.5,2022-11-04,0.0,True,,SNB policy rate
2022-11,2022-11-07,2022-11-04,EUR,2.0,2022-11-04,0.0,True,,MRO fixed rate
2022-11,2022-11-07,2022-11-04,GBP,3.0,2022-11-04,0.0,True,,BIS main policy rate (no post-2010 definition break recorded)
2022-11,2022-11-07,2022-11-04,JPY,-0.1,2022-11-04,0.0,True,,Short-term policy rate -0.1% with YCC
2022-11,2022-11-07,2022-11-04,NZD,3.5,2022-11-04,0.0,True,,BIS main policy rate (no post-2010 definition break recorded)
2022-11,2022-11-07,2022-11-04,USD,3.875,2022-11-04,0.0,True,,BIS main policy rate (no post-2010 definition break recorded)
2022-12,2022-12-05,2022-12-02,AUD,2.85,2022-12-02,0.0,True,,BIS main policy rate (no post-2010 definition break recorded)
2022-12,2022-12-05,2022-12-02,CAD,3.75,2022-12-02,0.0,True,,BIS main policy rate (no post-2010 definition break recorded)
2022-12,2022-12-05,2022-12-02,CHF,0.5,2022-12-02,0.0,True,,SNB policy rate
2022-12,2022-12-05,2022-12-02,EUR,2.0,2022-12-02,0.0,True,,MRO fixed rate
2022-12,2022-12-05,2022-12-02,GBP,3.0,2022-12-02,0.0,True,,BIS main policy rate (no post-2010 definition break recorded)
2022-12,2022-12-05,2022-12-02,JPY,-0.1,2022-12-02,0.0,True,,Short-term policy rate -0.1% with YCC
2022-12,2022-12-05,2022-12-02,NZD,4.25,2022-12-02,0.0,True,,BIS main policy rate (no post-2010 definition break recorded)
2022-12,2022-12-05,2022-12-02,USD,3.875,2022-12-02,0.0,True,,BIS main policy rate (no post-2010 definition break recorded)
2023-01,2023-01-02,2022-12-30,AUD,3.1,2022-12-30,0.0,True,,BIS main policy rate (no post-2010 definition break recorded)
2023-01,2023-01-02,2022-12-30,CAD,4.25,2022-12-30,0.0,True,,BIS main policy rate (no post-2010 definition break recorded)
2023-01,2023-01-02,2022-12-30,CHF,1.0,2022-12-30,0.0,True,,SNB policy rate
2023-01,2023-01-02,2022-12-30,EUR,2.5,2022-12-30,0.0,True,,MRO fixed rate
2023-01,2023-01-02,2022-12-30,GBP,3.5,2022-12-30,0.0,True,,BIS main policy rate (no post-2010 definition break recorded)
2023-01,2023-01-02,2022-12-30,JPY,-0.1,2022-12-30,0.0,True,,Short-term policy rate -0.1% with YCC
2023-01,2023-01-02,2022-12-30,NZD,4.25,2022-12-30,0.0,True,,BIS main policy rate (no post-2010 definition break recorded)
2023-01,2023-01-02,2022-12-30,USD,4.375,2022-12-30,0.0,True,,BIS main policy rate (no post-2010 definition break recorded)
2023-02,2023-02-06,2023-02-03,AUD,3.1,2023-02-03,0.0,True,,BIS main policy rate (no post-2010 definition break recorded)
2023-02,2023-02-06,2023-02-03,CAD,4.5,2023-02-03,0.0,True,,BIS main policy rate (no post-2010 definition break recorded)
2023-02,2023-02-06,2023-02-03,CHF,1.0,2023-02-03,0.0,True,,SNB policy rate
2023-02,2023-02-06,2023-02-03,EUR,2.5,2023-02-03,0.0,True,,MRO fixed rate
2023-02,2023-02-06,2023-02-03,GBP,4.0,2023-02-03,0.0,True,,BIS main policy rate (no post-2010 definition break recorded)
2023-02,2023-02-06,2023-02-03,JPY,-0.1,2023-02-03,0.0,True,,Short-term policy rate -0.1% with YCC
2023-02,2023-02-06,2023-02-03,NZD,4.25,2023-02-03,0.0,True,,BIS main policy rate (no post-2010 definition break recorded)
2023-02,2023-02-06,2023-02-03,USD,4.625,2023-02-03,0.0,True,,BIS main policy rate (no post-2010 definition break recorded)
2023-03,2023-03-06,2023-03-03,AUD,3.35,2023-03-03,0.0,True,,BIS main policy rate (no post-2010 definition break recorded)
2023-03,2023-03-06,2023-03-03,CAD,4.5,2023-03-03,0.0,True,,BIS main policy rate (no post-2010 definition break recorded)
2023-03,2023-03-06,2023-03-03,CHF,1.0,2023-03-03,0.0,True,,SNB policy rate
2023-03,2023-03-06,2023-03-03,EUR,3.0,2023-03-03,0.0,True,,MRO fixed rate
2023-03,2023-03-06,2023-03-03,GBP,4.0,2023-03-03,0.0,True,,BIS main policy rate (no post-2010 definition break recorded)
2023-03,2023-03-06,2023-03-03,JPY,-0.1,2023-03-03,0.0,True,,Short-term policy rate -0.1% with YCC
2023-03,2023-03-06,2023-03-03,NZD,4.75,2023-03-03,0.0,True,,BIS main policy rate (no post-2010 definition break recorded)
2023-03,2023-03-06,2023-03-03,USD,4.625,2023-03-03,0.0,True,,BIS main policy rate (no post-2010 definition break recorded)
2023-04,2023-04-03,2023-03-31,AUD,3.6,2023-03-31,0.0,True,,BIS main policy rate (no post-2010 definition break recorded)
2023-04,2023-04-03,2023-03-31,CAD,4.5,2023-03-31,0.0,True,,BIS main policy rate (no post-2010 definition break recorded)
2023-04,2023-04-03,2023-03-31,CHF,1.5,2023-03-31,0.0,True,,SNB policy rate
2023-04,2023-04-03,2023-03-31,EUR,3.5,2023-03-31,0.0,True,,MRO fixed rate
2023-04,2023-04-03,2023-03-31,GBP,4.25,2023-03-31,0.0,True,,BIS main policy rate (no post-2010 definition break recorded)
2023-04,2023-04-03,2023-03-31,JPY,-0.1,2023-03-31,0.0,True,,Short-term policy rate -0.1% with YCC
2023-04,2023-04-03,2023-03-31,NZD,4.75,2023-03-31,0.0,True,,BIS main policy rate (no post-2010 definition break recorded)
2023-04,2023-04-03,2023-03-31,USD,4.875,2023-03-31,0.0,True,,BIS main policy rate (no post-2010 definition break recorded)
2023-05,2023-05-01,2023-04-28,AUD,3.6,2023-04-28,0.0,True,,BIS main policy rate (no post-2010 definition break recorded)
2023-05,2023-05-01,2023-04-28,CAD,4.5,2023-04-28,0.0,True,,BIS main policy rate (no post-2010 definition break recorded)
2023-05,2023-05-01,2023-04-28,CHF,1.5,2023-04-28,0.0,True,,SNB policy rate
2023-05,2023-05-01,2023-04-28,EUR,3.5,2023-04-28,0.0,True,,MRO fixed rate
2023-05,2023-05-01,2023-04-28,GBP,4.25,2023-04-28,0.0,True,,BIS main policy rate (no post-2010 definition break recorded)
2023-05,2023-05-01,2023-04-28,JPY,-0.1,2023-04-28,0.0,True,,Short-term policy rate -0.1% with YCC
2023-05,2023-05-01,2023-04-28,NZD,5.25,2023-04-28,0.0,True,,BIS main policy rate (no post-2010 definition break recorded)
2023-05,2023-05-01,2023-04-28,USD,4.875,2023-04-28,0.0,True,,BIS main policy rate (no post-2010 definition break recorded)
2023-06,2023-06-05,2023-06-02,AUD,3.85,2023-06-02,0.0,True,,BIS main policy rate (no post-2010 definition break recorded)
2023-06,2023-06-05,2023-06-02,CAD,4.5,2023-06-02,0.0,True,,BIS main policy rate (no post-2010 definition break recorded)
2023-06,2023-06-05,2023-06-02,CHF,1.5,2023-06-02,0.0,True,,SNB policy rate
2023-06,2023-06-05,2023-06-02,EUR,3.75,2023-06-02,0.0,True,,MRO fixed rate
2023-06,2023-06-05,2023-06-02,GBP,4.5,2023-06-02,0.0,True,,BIS main policy rate (no post-2010 definition break recorded)
2023-06,2023-06-05,2023-06-02,JPY,-0.1,2023-06-02,0.0,True,,Short-term policy rate -0.1% with YCC
2023-06,2023-06-05,2023-06-02,NZD,5.5,2023-06-02,0.0,True,,BIS main policy rate (no post-2010 definition break recorded)
2023-06,2023-06-05,2023-06-02,USD,5.125,2023-06-02,0.0,True,,BIS main policy rate (no post-2010 definition break recorded)
2023-07,2023-07-03,2023-06-30,AUD,4.1,2023-06-30,0.0,True,,BIS main policy rate (no post-2010 definition break recorded)
2023-07,2023-07-03,2023-06-30,CAD,4.75,2023-06-30,0.0,True,,BIS main policy rate (no post-2010 definition break recorded)
2023-07,2023-07-03,2023-06-30,CHF,1.75,2023-06-30,0.0,True,,SNB policy rate
2023-07,2023-07-03,2023-06-30,EUR,4.0,2023-06-30,0.0,True,,MRO fixed rate
2023-07,2023-07-03,2023-06-30,GBP,5.0,2023-06-30,0.0,True,,BIS main policy rate (no post-2010 definition break recorded)
2023-07,2023-07-03,2023-06-30,JPY,-0.1,2023-06-30,0.0,True,,Short-term policy rate -0.1% with YCC
2023-07,2023-07-03,2023-06-30,NZD,5.5,2023-06-30,0.0,True,,BIS main policy rate (no post-2010 definition break recorded)
2023-07,2023-07-03,2023-06-30,USD,5.125,2023-06-30,0.0,True,,BIS main policy rate (no post-2010 definition break recorded)
2023-08,2023-08-07,2023-08-04,AUD,4.1,2023-08-04,0.0,True,,BIS main policy rate (no post-2010 definition break recorded)
2023-08,2023-08-07,2023-08-04,CAD,5.0,2023-08-04,0.0,True,,BIS main policy rate (no post-2010 definition break recorded)
2023-08,2023-08-07,2023-08-04,CHF,1.75,2023-08-04,0.0,True,,SNB policy rate
2023-08,2023-08-07,2023-08-04,EUR,4.25,2023-08-04,0.0,True,,MRO fixed rate
2023-08,2023-08-07,2023-08-04,GBP,5.25,2023-08-04,0.0,True,,BIS main policy rate (no post-2010 definition break recorded)
2023-08,2023-08-07,2023-08-04,JPY,-0.1,2023-08-04,0.0,True,,Short-term policy rate -0.1% with YCC
2023-08,2023-08-07,2023-08-04,NZD,5.5,2023-08-04,0.0,True,,BIS main policy rate (no post-2010 definition break recorded)
2023-08,2023-08-07,2023-08-04,USD,5.375,2023-08-04,0.0,True,,BIS main policy rate (no post-2010 definition break recorded)
2023-09,2023-09-04,2023-09-01,AUD,4.1,2023-09-01,0.0,True,,BIS main policy rate (no post-2010 definition break recorded)
2023-09,2023-09-04,2023-09-01,CAD,5.0,2023-09-01,0.0,True,,BIS main policy rate (no post-2010 definition break recorded)
2023-09,2023-09-04,2023-09-01,CHF,1.75,2023-09-01,0.0,True,,SNB policy rate
2023-09,2023-09-04,2023-09-01,EUR,4.25,2023-09-01,0.0,True,,MRO fixed rate
2023-09,2023-09-04,2023-09-01,GBP,5.25,2023-09-01,0.0,True,,BIS main policy rate (no post-2010 definition break recorded)
2023-09,2023-09-04,2023-09-01,JPY,-0.1,2023-09-01,0.0,True,,Short-term policy rate -0.1% with YCC
2023-09,2023-09-04,2023-09-01,NZD,5.5,2023-09-01,0.0,True,,BIS main policy rate (no post-2010 definition break recorded)
2023-09,2023-09-04,2023-09-01,USD,5.375,2023-09-01,0.0,True,,BIS main policy rate (no post-2010 definition break recorded)
2023-10,2023-10-02,2023-09-29,AUD,4.1,2023-09-29,0.0,True,,BIS main policy rate (no post-2010 definition break recorded)
2023-10,2023-10-02,2023-09-29,CAD,5.0,2023-09-29,0.0,True,,BIS main policy rate (no post-2010 definition break recorded)
2023-10,2023-10-02,2023-09-29,CHF,1.75,2023-09-29,0.0,True,,SNB policy rate
2023-10,2023-10-02,2023-09-29,EUR,4.5,2023-09-29,0.0,True,,MRO fixed rate
2023-10,2023-10-02,2023-09-29,GBP,5.25,2023-09-29,0.0,True,,BIS main policy rate (no post-2010 definition break recorded)
2023-10,2023-10-02,2023-09-29,JPY,-0.1,2023-09-29,0.0,True,,Short-term policy rate -0.1% with YCC
2023-10,2023-10-02,2023-09-29,NZD,5.5,2023-09-29,0.0,True,,BIS main policy rate (no post-2010 definition break recorded)
2023-10,2023-10-02,2023-09-29,USD,5.375,2023-09-29,0.0,True,,BIS main policy rate (no post-2010 definition break recorded)
2023-11,2023-11-06,2023-11-03,AUD,4.1,2023-11-03,0.0,True,,BIS main policy rate (no post-2010 definition break recorded)
2023-11,2023-11-06,2023-11-03,CAD,5.0,2023-11-03,0.0,True,,BIS main policy rate (no post-2010 definition break recorded)
2023-11,2023-11-06,2023-11-03,CHF,1.75,2023-11-03,0.0,True,,SNB policy rate
2023-11,2023-11-06,2023-11-03,EUR,4.5,2023-11-03,0.0,True,,MRO fixed rate
2023-11,2023-11-06,2023-11-03,GBP,5.25,2023-11-03,0.0,True,,BIS main policy rate (no post-2010 definition break recorded)
2023-11,2023-11-06,2023-11-03,JPY,-0.1,2023-11-03,0.0,True,,Short-term policy rate -0.1% with YCC
2023-11,2023-11-06,2023-11-03,NZD,5.5,2023-11-03,0.0,True,,BIS main policy rate (no post-2010 definition break recorded)
2023-11,2023-11-06,2023-11-03,USD,5.375,2023-11-03,0.0,True,,BIS main policy rate (no post-2010 definition break recorded)
2023-12,2023-12-04,2023-12-01,AUD,4.35,2023-12-01,0.0,True,,BIS main policy rate (no post-2010 definition break recorded)
2023-12,2023-12-04,2023-12-01,CAD,5.0,2023-12-01,0.0,True,,BIS main policy rate (no post-2010 definition break recorded)
2023-12,2023-12-04,2023-12-01,CHF,1.75,2023-12-01,0.0,True,,SNB policy rate
2023-12,2023-12-04,2023-12-01,EUR,4.5,2023-12-01,0.0,True,,MRO fixed rate
2023-12,2023-12-04,2023-12-01,GBP,5.25,2023-12-01,0.0,True,,BIS main policy rate (no post-2010 definition break recorded)
2023-12,2023-12-04,2023-12-01,JPY,-0.1,2023-12-01,0.0,True,,Short-term policy rate -0.1% with YCC
2023-12,2023-12-04,2023-12-01,NZD,5.5,2023-12-01,0.0,True,,BIS main policy rate (no post-2010 definition break recorded)
2023-12,2023-12-04,2023-12-01,USD,5.375,2023-12-01,0.0,True,,BIS main policy rate (no post-2010 definition break recorded)
2024-01,2024-01-01,2023-12-29,AUD,4.35,2023-12-29,0.0,True,,BIS main policy rate (no post-2010 definition break recorded)
2024-01,2024-01-01,2023-12-29,CAD,5.0,2023-12-29,0.0,True,,BIS main policy rate (no post-2010 definition break recorded)
2024-01,2024-01-01,2023-12-29,CHF,1.75,2023-12-29,0.0,True,,SNB policy rate
2024-01,2024-01-01,2023-12-29,EUR,4.5,2023-12-29,0.0,True,,MRO fixed rate
2024-01,2024-01-01,2023-12-29,GBP,5.25,2023-12-29,0.0,True,,BIS main policy rate (no post-2010 definition break recorded)
2024-01,2024-01-01,2023-12-29,JPY,-0.1,2023-12-29,0.0,True,,Short-term policy rate -0.1% with YCC
2024-01,2024-01-01,2023-12-29,NZD,5.5,2023-12-29,0.0,True,,BIS main policy rate (no post-2010 definition break recorded)
2024-01,2024-01-01,2023-12-29,USD,5.375,2023-12-29,0.0,True,,BIS main policy rate (no post-2010 definition break recorded)
2024-02,2024-02-05,2024-02-02,AUD,4.35,2024-02-02,0.0,True,,BIS main policy rate (no post-2010 definition break recorded)
2024-02,2024-02-05,2024-02-02,CAD,5.0,2024-02-02,0.0,True,,BIS main policy rate (no post-2010 definition break recorded)
2024-02,2024-02-05,2024-02-02,CHF,1.75,2024-02-02,0.0,True,,SNB policy rate
2024-02,2024-02-05,2024-02-02,EUR,4.5,2024-02-02,0.0,True,,MRO fixed rate
2024-02,2024-02-05,2024-02-02,GBP,5.25,2024-02-02,0.0,True,,BIS main policy rate (no post-2010 definition break recorded)
2024-02,2024-02-05,2024-02-02,JPY,-0.1,2024-02-02,0.0,True,,Short-term policy rate -0.1% with YCC
2024-02,2024-02-05,2024-02-02,NZD,5.5,2024-02-02,0.0,True,,BIS main policy rate (no post-2010 definition break recorded)
2024-02,2024-02-05,2024-02-02,USD,5.375,2024-02-02,0.0,True,,BIS main policy rate (no post-2010 definition break recorded)
2024-03,2024-03-04,2024-03-01,AUD,4.35,2024-03-01,0.0,True,,BIS main policy rate (no post-2010 definition break recorded)
2024-03,2024-03-04,2024-03-01,CAD,5.0,2024-03-01,0.0,True,,BIS main policy rate (no post-2010 definition break recorded)
2024-03,2024-03-04,2024-03-01,CHF,1.75,2024-03-01,0.0,True,,SNB policy rate
2024-03,2024-03-04,2024-03-01,EUR,4.5,2024-03-01,0.0,True,,MRO fixed rate
2024-03,2024-03-04,2024-03-01,GBP,5.25,2024-03-01,0.0,True,,BIS main policy rate (no post-2010 definition break recorded)
2024-03,2024-03-04,2024-03-01,JPY,-0.1,2024-03-01,0.0,True,,Short-term policy rate -0.1% with YCC
2024-03,2024-03-04,2024-03-01,NZD,5.5,2024-03-01,0.0,True,,BIS main policy rate (no post-2010 definition break recorded)
2024-03,2024-03-04,2024-03-01,USD,5.375,2024-03-01,0.0,True,,BIS main policy rate (no post-2010 definition break recorded)
2024-04,2024-04-01,2024-03-29,AUD,4.35,2024-03-28,1.0,True,,BIS main policy rate (no post-2010 definition break recorded)
2024-04,2024-04-01,2024-03-29,CAD,5.0,2024-03-29,0.0,True,,BIS main policy rate (no post-2010 definition break recorded)
2024-04,2024-04-01,2024-03-29,CHF,1.5,2024-03-29,0.0,True,,SNB policy rate
2024-04,2024-04-01,2024-03-29,EUR,4.5,2024-03-29,0.0,True,,MRO fixed rate
2024-04,2024-04-01,2024-03-29,GBP,5.25,2024-03-28,1.0,True,,BIS main policy rate (no post-2010 definition break recorded)
2024-04,2024-04-01,2024-03-29,JPY,0.05,2024-03-29,0.0,True,,UOCR around 0 to 0.1%
2024-04,2024-04-01,2024-03-29,NZD,5.5,2024-03-29,0.0,True,,BIS main policy rate (no post-2010 definition break recorded)
2024-04,2024-04-01,2024-03-29,USD,5.375,2024-03-29,0.0,True,,BIS main policy rate (no post-2010 definition break recorded)
2024-05,2024-05-06,2024-05-03,AUD,4.35,2024-05-03,0.0,True,,BIS main policy rate (no post-2010 definition break recorded)
2024-05,2024-05-06,2024-05-03,CAD,5.0,2024-05-03,0.0,True,,BIS main policy rate (no post-2010 definition break recorded)
2024-05,2024-05-06,2024-05-03,CHF,1.5,2024-05-03,0.0,True,,SNB policy rate
2024-05,2024-05-06,2024-05-03,EUR,4.5,2024-05-03,0.0,True,,MRO fixed rate
2024-05,2024-05-06,2024-05-03,GBP,5.25,2024-05-03,0.0,True,,BIS main policy rate (no post-2010 definition break recorded)
2024-05,2024-05-06,2024-05-03,JPY,0.05,2024-05-03,0.0,True,,UOCR around 0 to 0.1%
2024-05,2024-05-06,2024-05-03,NZD,5.5,2024-05-03,0.0,True,,BIS main policy rate (no post-2010 definition break recorded)
2024-05,2024-05-06,2024-05-03,USD,5.375,2024-05-03,0.0,True,,BIS main policy rate (no post-2010 definition break recorded)
2024-06,2024-06-03,2024-05-31,AUD,4.35,2024-05-31,0.0,True,,BIS main policy rate (no post-2010 definition break recorded)
2024-06,2024-06-03,2024-05-31,CAD,5.0,2024-05-31,0.0,True,,BIS main policy rate (no post-2010 definition break recorded)
2024-06,2024-06-03,2024-05-31,CHF,1.5,2024-05-31,0.0,True,,SNB policy rate
2024-06,2024-06-03,2024-05-31,EUR,4.5,2024-05-31,0.0,True,,MRO fixed rate
2024-06,2024-06-03,2024-05-31,GBP,5.25,2024-05-31,0.0,True,,BIS main policy rate (no post-2010 definition break recorded)
2024-06,2024-06-03,2024-05-31,JPY,0.05,2024-05-31,0.0,True,,UOCR around 0 to 0.1%
2024-06,2024-06-03,2024-05-31,NZD,5.5,2024-05-31,0.0,True,,BIS main policy rate (no post-2010 definition break recorded)
2024-06,2024-06-03,2024-05-31,USD,5.375,2024-05-31,0.0,True,,BIS main policy rate (no post-2010 definition break recorded)
2024-07,2024-07-01,2024-06-28,AUD,4.35,2024-06-28,0.0,True,,BIS main policy rate (no post-2010 definition break recorded)
2024-07,2024-07-01,2024-06-28,CAD,4.75,2024-06-28,0.0,True,,BIS main policy rate (no post-2010 definition break recorded)
2024-07,2024-07-01,2024-06-28,CHF,1.25,2024-06-28,0.0,True,,SNB policy rate
2024-07,2024-07-01,2024-06-28,EUR,4.25,2024-06-28,0.0,True,,MRO fixed rate
2024-07,2024-07-01,2024-06-28,GBP,5.25,2024-06-28,0.0,True,,BIS main policy rate (no post-2010 definition break recorded)
2024-07,2024-07-01,2024-06-28,JPY,0.05,2024-06-28,0.0,True,,UOCR around 0 to 0.1%
2024-07,2024-07-01,2024-06-28,NZD,5.5,2024-06-28,0.0,True,,BIS main policy rate (no post-2010 definition break recorded)
2024-07,2024-07-01,2024-06-28,USD,5.375,2024-06-28,0.0,True,,BIS main policy rate (no post-2010 definition break recorded)
2024-08,2024-08-05,2024-08-02,AUD,4.35,2024-08-02,0.0,True,,BIS main policy rate (no post-2010 definition break recorded)
2024-08,2024-08-05,2024-08-02,CAD,4.5,2024-08-02,0.0,True,,BIS main policy rate (no post-2010 definition break recorded)
2024-08,2024-08-05,2024-08-02,CHF,1.25,2024-08-02,0.0,True,,SNB policy rate
2024-08,2024-08-05,2024-08-02,EUR,4.25,2024-08-02,0.0,True,,MRO fixed rate
2024-08,2024-08-05,2024-08-02,GBP,5.0,2024-08-02,0.0,True,,BIS main policy rate (no post-2010 definition break recorded)
2024-08,2024-08-05,2024-08-02,JPY,0.25,2024-08-02,0.0,True,,UOCR around 0.25%
2024-08,2024-08-05,2024-08-02,NZD,5.5,2024-08-02,0.0,True,,BIS main policy rate (no post-2010 definition break recorded)
2024-08,2024-08-05,2024-08-02,USD,5.375,2024-08-02,0.0,True,,BIS main policy rate (no post-2010 definition break recorded)
2024-09,2024-09-02,2024-08-30,AUD,4.35,2024-08-30,0.0,True,,BIS main policy rate (no post-2010 definition break recorded)
2024-09,2024-09-02,2024-08-30,CAD,4.5,2024-08-30,0.0,True,,BIS main policy rate (no post-2010 definition break recorded)
2024-09,2024-09-02,2024-08-30,CHF,1.25,2024-08-30,0.0,True,,SNB policy rate
2024-09,2024-09-02,2024-08-30,EUR,4.25,2024-08-30,0.0,True,,MRO fixed rate
2024-09,2024-09-02,2024-08-30,GBP,5.0,2024-08-30,0.0,True,,BIS main policy rate (no post-2010 definition break recorded)
2024-09,2024-09-02,2024-08-30,JPY,0.25,2024-08-30,0.0,True,,UOCR around 0.25%
2024-09,2024-09-02,2024-08-30,NZD,5.25,2024-08-30,0.0,True,,BIS main policy rate (no post-2010 definition break recorded)
2024-09,2024-09-02,2024-08-30,USD,5.375,2024-08-30,0.0,True,,BIS main policy rate (no post-2010 definition break recorded)
2024-10,2024-10-07,2024-10-04,AUD,4.35,2024-10-04,0.0,True,,BIS main policy rate (no post-2010 definition break recorded)
2024-10,2024-10-07,2024-10-04,CAD,4.25,2024-10-04,0.0,True,,BIS main policy rate (no post-2010 definition break recorded)
2024-10,2024-10-07,2024-10-04,CHF,1.0,2024-10-04,0.0,True,,SNB policy rate
2024-10,2024-10-07,2024-10-04,EUR,3.5,2024-10-04,0.0,True,,Deposit facility rate
2024-10,2024-10-07,2024-10-04,GBP,5.0,2024-10-04,0.0,True,,BIS main policy rate (no post-2010 definition break recorded)
2024-10,2024-10-07,2024-10-04,JPY,0.25,2024-10-04,0.0,True,,UOCR around 0.25%
2024-10,2024-10-07,2024-10-04,NZD,5.25,2024-10-04,0.0,True,,BIS main policy rate (no post-2010 definition break recorded)
2024-10,2024-10-07,2024-10-04,USD,4.875,2024-10-04,0.0,True,,BIS main policy rate (no post-2010 definition break recorded)
2024-11,2024-11-04,2024-11-01,AUD,4.35,2024-11-01,0.0,True,,BIS main policy rate (no post-2010 definition break recorded)
2024-11,2024-11-04,2024-11-01,CAD,3.75,2024-11-01,0.0,True,,BIS main policy rate (no post-2010 definition break recorded)
2024-11,2024-11-04,2024-11-01,CHF,1.0,2024-11-01,0.0,True,,SNB policy rate
2024-11,2024-11-04,2024-11-01,EUR,3.25,2024-11-01,0.0,True,,Deposit facility rate
2024-11,2024-11-04,2024-11-01,GBP,5.0,2024-11-01,0.0,True,,BIS main policy rate (no post-2010 definition break recorded)
2024-11,2024-11-04,2024-11-01,JPY,0.25,2024-11-01,0.0,True,,UOCR around 0.25%
2024-11,2024-11-04,2024-11-01,NZD,4.75,2024-11-01,0.0,True,,BIS main policy rate (no post-2010 definition break recorded)
2024-11,2024-11-04,2024-11-01,USD,4.875,2024-11-01,0.0,True,,BIS main policy rate (no post-2010 definition break recorded)
2024-12,2024-12-02,2024-11-29,AUD,4.35,2024-11-29,0.0,True,,BIS main policy rate (no post-2010 definition break recorded)
2024-12,2024-12-02,2024-11-29,CAD,3.75,2024-11-29,0.0,True,,BIS main policy rate (no post-2010 definition break recorded)
2024-12,2024-12-02,2024-11-29,CHF,1.0,2024-11-29,0.0,True,,SNB policy rate
2024-12,2024-12-02,2024-11-29,EUR,3.25,2024-11-29,0.0,True,,Deposit facility rate
2024-12,2024-12-02,2024-11-29,GBP,4.75,2024-11-29,0.0,True,,BIS main policy rate (no post-2010 definition break recorded)
2024-12,2024-12-02,2024-11-29,JPY,0.25,2024-11-29,0.0,True,,UOCR around 0.25%
2024-12,2024-12-02,2024-11-29,NZD,4.25,2024-11-29,0.0,True,,BIS main policy rate (no post-2010 definition break recorded)
2024-12,2024-12-02,2024-11-29,USD,4.625,2024-11-29,0.0,True,,BIS main policy rate (no post-2010 definition break recorded)
2025-01,2025-01-06,2025-01-03,AUD,4.35,2025-01-03,0.0,True,,BIS main policy rate (no post-2010 definition break recorded)
2025-01,2025-01-06,2025-01-03,CAD,3.25,2025-01-03,0.0,True,,BIS main policy rate (no post-2010 definition break recorded)
2025-01,2025-01-06,2025-01-03,CHF,0.5,2025-01-03,0.0,True,,SNB policy rate
2025-01,2025-01-06,2025-01-03,EUR,3.0,2025-01-03,0.0,True,,Deposit facility rate
2025-01,2025-01-06,2025-01-03,GBP,4.75,2025-01-03,0.0,True,,BIS main policy rate (no post-2010 definition break recorded)
2025-01,2025-01-06,2025-01-03,JPY,0.25,2025-01-03,0.0,True,,UOCR around 0.25%
2025-01,2025-01-06,2025-01-03,NZD,4.25,2025-01-03,0.0,True,,BIS main policy rate (no post-2010 definition break recorded)
2025-01,2025-01-06,2025-01-03,USD,4.375,2025-01-03,0.0,True,,BIS main policy rate (no post-2010 definition break recorded)
2025-02,2025-02-03,2025-01-31,AUD,4.35,2025-01-31,0.0,True,,BIS main policy rate (no post-2010 definition break recorded)
2025-02,2025-02-03,2025-01-31,CAD,3.0,2025-01-31,0.0,True,,BIS main policy rate (no post-2010 definition break recorded)
2025-02,2025-02-03,2025-01-31,CHF,0.5,2025-01-31,0.0,True,,SNB policy rate
2025-02,2025-02-03,2025-01-31,EUR,3.0,2025-01-31,0.0,True,,Deposit facility rate
2025-02,2025-02-03,2025-01-31,GBP,4.75,2025-01-31,0.0,True,,BIS main policy rate (no post-2010 definition break recorded)
2025-02,2025-02-03,2025-01-31,JPY,0.5,2025-01-31,0.0,True,,UOCR around 0.50%
2025-02,2025-02-03,2025-01-31,NZD,4.25,2025-01-31,0.0,True,,BIS main policy rate (no post-2010 definition break recorded)
2025-02,2025-02-03,2025-01-31,USD,4.375,2025-01-31,0.0,True,,BIS main policy rate (no post-2010 definition break recorded)
2025-03,2025-03-03,2025-02-28,AUD,4.1,2025-02-28,0.0,True,,BIS main policy rate (no post-2010 definition break recorded)
2025-03,2025-03-03,2025-02-28,CAD,3.0,2025-02-28,0.0,True,,BIS main policy rate (no post-2010 definition break recorded)
2025-03,2025-03-03,2025-02-28,CHF,0.5,2025-02-28,0.0,True,,SNB policy rate
2025-03,2025-03-03,2025-02-28,EUR,2.75,2025-02-28,0.0,True,,Deposit facility rate
2025-03,2025-03-03,2025-02-28,GBP,4.5,2025-02-28,0.0,True,,BIS main policy rate (no post-2010 definition break recorded)
2025-03,2025-03-03,2025-02-28,JPY,0.5,2025-02-28,0.0,True,,UOCR around 0.50%
2025-03,2025-03-03,2025-02-28,NZD,3.75,2025-02-28,0.0,True,,BIS main policy rate (no post-2010 definition break recorded)
2025-03,2025-03-03,2025-02-28,USD,4.375,2025-02-28,0.0,True,,BIS main policy rate (no post-2010 definition break recorded)
2025-04,2025-04-07,2025-04-04,AUD,4.1,2025-04-04,0.0,True,,BIS main policy rate (no post-2010 definition break recorded)
2025-04,2025-04-07,2025-04-04,CAD,2.75,2025-04-04,0.0,True,,BIS main policy rate (no post-2010 definition break recorded)
2025-04,2025-04-07,2025-04-04,CHF,0.25,2025-04-04,0.0,True,,SNB policy rate
2025-04,2025-04-07,2025-04-04,EUR,2.5,2025-04-04,0.0,True,,Deposit facility rate
2025-04,2025-04-07,2025-04-04,GBP,4.5,2025-04-04,0.0,True,,BIS main policy rate (no post-2010 definition break recorded)
2025-04,2025-04-07,2025-04-04,JPY,0.5,2025-04-04,0.0,True,,UOCR around 0.50%
2025-04,2025-04-07,2025-04-04,NZD,3.75,2025-04-04,0.0,True,,BIS main policy rate (no post-2010 definition break recorded)
2025-04,2025-04-07,2025-04-04,USD,4.375,2025-04-04,0.0,True,,BIS main policy rate (no post-2010 definition break recorded)
2025-05,2025-05-05,2025-05-02,AUD,4.1,2025-05-02,0.0,True,,BIS main policy rate (no post-2010 definition break recorded)
2025-05,2025-05-05,2025-05-02,CAD,2.75,2025-05-02,0.0,True,,BIS main policy rate (no post-2010 definition break recorded)
2025-05,2025-05-05,2025-05-02,CHF,0.25,2025-05-02,0.0,True,,SNB policy rate
2025-05,2025-05-05,2025-05-02,EUR,2.25,2025-05-02,0.0,True,,Deposit facility rate
2025-05,2025-05-05,2025-05-02,GBP,4.5,2025-05-02,0.0,True,,BIS main policy rate (no post-2010 definition break recorded)
2025-05,2025-05-05,2025-05-02,JPY,0.5,2025-05-02,0.0,True,,UOCR around 0.50%
2025-05,2025-05-05,2025-05-02,NZD,3.5,2025-05-02,0.0,True,,BIS main policy rate (no post-2010 definition break recorded)
2025-05,2025-05-05,2025-05-02,USD,4.375,2025-05-02,0.0,True,,BIS main policy rate (no post-2010 definition break recorded)
2025-06,2025-06-02,2025-05-30,AUD,3.85,2025-05-30,0.0,True,,BIS main policy rate (no post-2010 definition break recorded)
2025-06,2025-06-02,2025-05-30,CAD,2.75,2025-05-30,0.0,True,,BIS main policy rate (no post-2010 definition break recorded)
2025-06,2025-06-02,2025-05-30,CHF,0.25,2025-05-30,0.0,True,,SNB policy rate
2025-06,2025-06-02,2025-05-30,EUR,2.25,2025-05-30,0.0,True,,Deposit facility rate
2025-06,2025-06-02,2025-05-30,GBP,4.25,2025-05-30,0.0,True,,BIS main policy rate (no post-2010 definition break recorded)
2025-06,2025-06-02,2025-05-30,JPY,0.5,2025-05-30,0.0,True,,UOCR around 0.50%
2025-06,2025-06-02,2025-05-30,NZD,3.25,2025-05-30,0.0,True,,BIS main policy rate (no post-2010 definition break recorded)
2025-06,2025-06-02,2025-05-30,USD,4.375,2025-05-30,0.0,True,,BIS main policy rate (no post-2010 definition break recorded)
2025-07,2025-07-07,2025-07-04,AUD,3.85,2025-07-04,0.0,True,,BIS main policy rate (no post-2010 definition break recorded)
2025-07,2025-07-07,2025-07-04,CAD,2.75,2025-07-04,0.0,True,,BIS main policy rate (no post-2010 definition break recorded)
2025-07,2025-07-07,2025-07-04,CHF,0.0,2025-07-04,0.0,True,,SNB policy rate
2025-07,2025-07-07,2025-07-04,EUR,2.0,2025-07-04,0.0,True,,Deposit facility rate
2025-07,2025-07-07,2025-07-04,GBP,4.25,2025-07-04,0.0,True,,BIS main policy rate (no post-2010 definition break recorded)
2025-07,2025-07-07,2025-07-04,JPY,0.5,2025-07-04,0.0,True,,UOCR around 0.50%
2025-07,2025-07-07,2025-07-04,NZD,3.25,2025-06-27,7.0,True,,BIS main policy rate (no post-2010 definition break recorded)
2025-07,2025-07-07,2025-07-04,USD,4.375,2025-07-04,0.0,True,,BIS main policy rate (no post-2010 definition break recorded)
2025-08,2025-08-04,2025-08-01,AUD,3.85,2025-08-01,0.0,True,,BIS main policy rate (no post-2010 definition break recorded)
2025-08,2025-08-04,2025-08-01,CAD,2.75,2025-08-01,0.0,True,,BIS main policy rate (no post-2010 definition break recorded)
2025-08,2025-08-04,2025-08-01,CHF,0.0,2025-08-01,0.0,True,,SNB policy rate
2025-08,2025-08-04,2025-08-01,EUR,2.0,2025-08-01,0.0,True,,Deposit facility rate
2025-08,2025-08-04,2025-08-01,GBP,4.25,2025-08-01,0.0,True,,BIS main policy rate (no post-2010 definition break recorded)
2025-08,2025-08-04,2025-08-01,JPY,0.5,2025-08-01,0.0,True,,UOCR around 0.50%
2025-08,2025-08-04,2025-08-01,NZD,3.25,2025-08-01,0.0,True,,BIS main policy rate (no post-2010 definition break recorded)
2025-08,2025-08-04,2025-08-01,USD,4.375,2025-08-01,0.0,True,,BIS main policy rate (no post-2010 definition break recorded)
2025-09,2025-09-01,2025-08-29,AUD,3.6,2025-08-29,0.0,True,,BIS main policy rate (no post-2010 definition break recorded)
2025-09,2025-09-01,2025-08-29,CAD,2.75,2025-08-29,0.0,True,,BIS main policy rate (no post-2010 definition break recorded)
2025-09,2025-09-01,2025-08-29,CHF,0.0,2025-08-29,0.0,True,,SNB policy rate
2025-09,2025-09-01,2025-08-29,EUR,2.0,2025-08-29,0.0,True,,Deposit facility rate
2025-09,2025-09-01,2025-08-29,GBP,4.0,2025-08-29,0.0,True,,BIS main policy rate (no post-2010 definition break recorded)
2025-09,2025-09-01,2025-08-29,JPY,0.5,2025-08-29,0.0,True,,UOCR around 0.50%
2025-09,2025-09-01,2025-08-29,NZD,3.0,2025-08-29,0.0,True,,BIS main policy rate (no post-2010 definition break recorded)
2025-09,2025-09-01,2025-08-29,USD,4.375,2025-08-29,0.0,True,,BIS main policy rate (no post-2010 definition break recorded)
2025-10,2025-10-06,2025-10-03,AUD,3.6,2025-10-03,0.0,True,,BIS main policy rate (no post-2010 definition break recorded)
2025-10,2025-10-06,2025-10-03,CAD,2.5,2025-10-03,0.0,True,,BIS main policy rate (no post-2010 definition break recorded)
2025-10,2025-10-06,2025-10-03,CHF,0.0,2025-10-03,0.0,True,,SNB policy rate
2025-10,2025-10-06,2025-10-03,EUR,2.0,2025-10-03,0.0,True,,Deposit facility rate
2025-10,2025-10-06,2025-10-03,GBP,4.0,2025-10-03,0.0,True,,BIS main policy rate (no post-2010 definition break recorded)
2025-10,2025-10-06,2025-10-03,JPY,0.5,2025-10-03,0.0,True,,UOCR around 0.50%
2025-10,2025-10-06,2025-10-03,NZD,3.0,2025-10-03,0.0,True,,BIS main policy rate (no post-2010 definition break recorded)
2025-10,2025-10-06,2025-10-03,USD,4.125,2025-10-03,0.0,True,,BIS main policy rate (no post-2010 definition break recorded)
2025-11,2025-11-03,2025-10-31,AUD,3.6,2025-10-31,0.0,True,,BIS main policy rate (no post-2010 definition break recorded)
2025-11,2025-11-03,2025-10-31,CAD,2.25,2025-10-31,0.0,True,,BIS main policy rate (no post-2010 definition break recorded)
2025-11,2025-11-03,2025-10-31,CHF,0.0,2025-10-31,0.0,True,,SNB policy rate
2025-11,2025-11-03,2025-10-31,EUR,2.0,2025-10-31,0.0,True,,Deposit facility rate
2025-11,2025-11-03,2025-10-31,GBP,4.0,2025-10-31,0.0,True,,BIS main policy rate (no post-2010 definition break recorded)
2025-11,2025-11-03,2025-10-31,JPY,0.5,2025-10-31,0.0,True,,UOCR around 0.50%
2025-11,2025-11-03,2025-10-31,NZD,2.5,2025-10-31,0.0,True,,BIS main policy rate (no post-2010 definition break recorded)
2025-11,2025-11-03,2025-10-31,USD,3.875,2025-10-31,0.0,True,,BIS main policy rate (no post-2010 definition break recorded)
2025-12,2025-12-01,2025-11-28,AUD,3.6,2025-11-28,0.0,True,,BIS main policy rate (no post-2010 definition break recorded)
2025-12,2025-12-01,2025-11-28,CAD,2.25,2025-11-28,0.0,True,,BIS main policy rate (no post-2010 definition break recorded)
2025-12,2025-12-01,2025-11-28,CHF,0.0,2025-11-28,0.0,True,,SNB policy rate
2025-12,2025-12-01,2025-11-28,EUR,2.0,2025-11-28,0.0,True,,Deposit facility rate
2025-12,2025-12-01,2025-11-28,GBP,4.0,2025-11-28,0.0,True,,BIS main policy rate (no post-2010 definition break recorded)
2025-12,2025-12-01,2025-11-28,JPY,0.5,2025-11-28,0.0,True,,UOCR around 0.50%
2025-12,2025-12-01,2025-11-28,NZD,2.25,2025-11-28,0.0,True,,BIS main policy rate (no post-2010 definition break recorded)
2025-12,2025-12-01,2025-11-28,USD,3.875,2025-11-28,0.0,True,,BIS main policy rate (no post-2010 definition break recorded)
2026-01,2026-01-05,2026-01-02,AUD,3.6,2026-01-02,0.0,True,,BIS main policy rate (no post-2010 definition break recorded)
2026-01,2026-01-05,2026-01-02,CAD,2.25,2026-01-02,0.0,True,,BIS main policy rate (no post-2010 definition break recorded)
2026-01,2026-01-05,2026-01-02,CHF,0.0,2026-01-02,0.0,True,,SNB policy rate
2026-01,2026-01-05,2026-01-02,EUR,2.0,2026-01-02,0.0,True,,Deposit facility rate
2026-01,2026-01-05,2026-01-02,GBP,3.75,2026-01-02,0.0,True,,BIS main policy rate (no post-2010 definition break recorded)
2026-01,2026-01-05,2026-01-02,JPY,0.75,2026-01-02,0.0,True,,UOCR around 0.75%
2026-01,2026-01-05,2026-01-02,NZD,2.25,2026-01-02,0.0,True,,BIS main policy rate (no post-2010 definition break recorded)
2026-01,2026-01-05,2026-01-02,USD,3.625,2026-01-02,0.0,True,,BIS main policy rate (no post-2010 definition break recorded)
2026-02,2026-02-02,2026-01-30,AUD,3.6,2026-01-30,0.0,True,,BIS main policy rate (no post-2010 definition break recorded)
2026-02,2026-02-02,2026-01-30,CAD,2.25,2026-01-30,0.0,True,,BIS main policy rate (no post-2010 definition break recorded)
2026-02,2026-02-02,2026-01-30,CHF,0.0,2026-01-30,0.0,True,,SNB policy rate
2026-02,2026-02-02,2026-01-30,EUR,2.0,2026-01-30,0.0,True,,Deposit facility rate
2026-02,2026-02-02,2026-01-30,GBP,3.75,2026-01-30,0.0,True,,BIS main policy rate (no post-2010 definition break recorded)
2026-02,2026-02-02,2026-01-30,JPY,0.75,2026-01-30,0.0,True,,UOCR around 0.75%
2026-02,2026-02-02,2026-01-30,NZD,2.25,2026-01-30,0.0,True,,BIS main policy rate (no post-2010 definition break recorded)
2026-02,2026-02-02,2026-01-30,USD,3.625,2026-01-30,0.0,True,,BIS main policy rate (no post-2010 definition break recorded)
2026-03,2026-03-02,2026-02-27,AUD,3.85,2026-02-27,0.0,True,,BIS main policy rate (no post-2010 definition break recorded)
2026-03,2026-03-02,2026-02-27,CAD,2.25,2026-02-27,0.0,True,,BIS main policy rate (no post-2010 definition break recorded)
2026-03,2026-03-02,2026-02-27,CHF,0.0,2026-02-27,0.0,True,,SNB policy rate
2026-03,2026-03-02,2026-02-27,EUR,2.0,2026-02-27,0.0,True,,Deposit facility rate
2026-03,2026-03-02,2026-02-27,GBP,3.75,2026-02-27,0.0,True,,BIS main policy rate (no post-2010 definition break recorded)
2026-03,2026-03-02,2026-02-27,JPY,0.75,2026-02-27,0.0,True,,UOCR around 0.75%
2026-03,2026-03-02,2026-02-27,NZD,2.25,2026-02-27,0.0,True,,BIS main policy rate (no post-2010 definition break recorded)
2026-03,2026-03-02,2026-02-27,USD,3.625,2026-02-27,0.0,True,,BIS main policy rate (no post-2010 definition break recorded)
2026-04,2026-04-06,2026-04-03,AUD,4.1,2026-04-02,1.0,True,,BIS main policy rate (no post-2010 definition break recorded)
2026-04,2026-04-06,2026-04-03,CAD,2.25,2026-04-03,0.0,True,,BIS main policy rate (no post-2010 definition break recorded)
2026-04,2026-04-06,2026-04-03,CHF,0.0,2026-04-03,0.0,True,,SNB policy rate
2026-04,2026-04-06,2026-04-03,EUR,2.0,2026-04-03,0.0,True,,Deposit facility rate
2026-04,2026-04-06,2026-04-03,GBP,3.75,2026-04-02,1.0,True,,BIS main policy rate (no post-2010 definition break recorded)
2026-04,2026-04-06,2026-04-03,JPY,0.75,2026-04-03,0.0,True,,UOCR around 0.75%
2026-04,2026-04-06,2026-04-03,NZD,2.25,2026-04-03,0.0,True,,BIS main policy rate (no post-2010 definition break recorded)
2026-04,2026-04-06,2026-04-03,USD,3.625,2026-04-03,0.0,True,,BIS main policy rate (no post-2010 definition break recorded)
2026-05,2026-05-04,2026-05-01,AUD,4.1,2026-05-01,0.0,True,,BIS main policy rate (no post-2010 definition break recorded)
2026-05,2026-05-04,2026-05-01,CAD,2.25,2026-05-01,0.0,True,,BIS main policy rate (no post-2010 definition break recorded)
2026-05,2026-05-04,2026-05-01,CHF,0.0,2026-05-01,0.0,True,,SNB policy rate
2026-05,2026-05-04,2026-05-01,EUR,2.0,2026-05-01,0.0,True,,Deposit facility rate
2026-05,2026-05-04,2026-05-01,GBP,3.75,2026-05-01,0.0,True,,BIS main policy rate (no post-2010 definition break recorded)
2026-05,2026-05-04,2026-05-01,JPY,0.75,2026-05-01,0.0,True,,UOCR around 0.75%
2026-05,2026-05-04,2026-05-01,NZD,2.25,2026-05-01,0.0,True,,BIS main policy rate (no post-2010 definition break recorded)
2026-05,2026-05-04,2026-05-01,USD,3.625,2026-05-01,0.0,True,,BIS main policy rate (no post-2010 definition break recorded)
2026-06,2026-06-01,2026-05-29,AUD,4.35,2026-05-29,0.0,True,,BIS main policy rate (no post-2010 definition break recorded)
2026-06,2026-06-01,2026-05-29,CAD,2.25,2026-05-29,0.0,True,,BIS main policy rate (no post-2010 definition break recorded)
2026-06,2026-06-01,2026-05-29,CHF,0.0,2026-05-29,0.0,True,,SNB policy rate
2026-06,2026-06-01,2026-05-29,EUR,2.0,2026-05-29,0.0,True,,Deposit facility rate
2026-06,2026-06-01,2026-05-29,GBP,3.75,2026-05-29,0.0,True,,BIS main policy rate (no post-2010 definition break recorded)
2026-06,2026-06-01,2026-05-29,JPY,0.75,2026-05-29,0.0,True,,UOCR around 0.75%
2026-06,2026-06-01,2026-05-29,NZD,2.25,2026-05-29,0.0,True,,BIS main policy rate (no post-2010 definition break recorded)
2026-06,2026-06-01,2026-05-29,USD,3.625,2026-05-29,0.0,True,,BIS main policy rate (no post-2010 definition break recorded)
2026-07,2026-07-06,2026-07-03,AUD,4.35,2026-07-03,0.0,True,,BIS main policy rate (no post-2010 definition break recorded)
2026-07,2026-07-06,2026-07-03,CAD,2.25,2026-07-03,0.0,True,,BIS main policy rate (no post-2010 definition break recorded)
2026-07,2026-07-06,2026-07-03,CHF,0.0,2026-07-03,0.0,True,,SNB policy rate
2026-07,2026-07-06,2026-07-03,EUR,2.25,2026-07-03,0.0,True,,Deposit facility rate
2026-07,2026-07-06,2026-07-03,GBP,3.75,2026-07-03,0.0,True,,BIS main policy rate (no post-2010 definition break recorded)
2026-07,2026-07-06,2026-07-03,JPY,1.0,2026-07-03,0.0,True,,UOCR around 1.00%
2026-07,2026-07-06,2026-07-03,NZD,2.25,2026-07-03,0.0,True,,BIS main policy rate (no post-2010 definition break recorded)
2026-07,2026-07-06,2026-07-03,USD,3.625,2026-07-03,0.0,True,,BIS main policy rate (no post-2010 definition break recorded)
