symbol,asset_class,path,status,error,history_depth,bars_requested,trade_mode,calc_mode,bid,ask,spread_points_live,spread_price_live,digits,point,volume_min,volume_step,volume_max,contract_size,currency_profit,currency_margin,currency_base,swap_mode_code,swap_mode,swap_long,swap_short,triple_swap_day,raw_price_x_contract,hist_fetch_s,d1_bars,d1_start,d1_end,d1_years,d1_bars_capped,price_source,long_available,short_available,both_sides,stage2_selected,stage2_reason,margin_min_lot_buy_usd,margin_min_lot_sell_usd,pl_1pct_move_min_lot_usd,notional_usd_min_lot,notional_vs_raw_ratio,atr20_d1_price,atr20_d1_median_price,atr20_pct_of_price,spread_points_med_d1,spread_price_med_d1,loss_1atr_min_lot_usd,loss_2atr_min_lot_usd,atr_loss_method,spread_pct_of_atr_live,spread_pct_of_atr_med,swap_free,swap_converted,swap_usd_day_long,swap_usd_day_short,annual_cost_long_pct,annual_cost_short_pct,risk_2atr_pct_of_balance,fits_risk_0.25pct,fits_risk_0.50pct,fits_risk_1.00pct,exposure_x_equity,under_1x_exposure,under_2x_exposure,under_3x_exposure,group,fail_reason,rank,rank_score,holding_cost_best_side_pct,earliest_cache_year,history_suspect
USDCADm,Forex,Standard\Forex\USDCADm,ok,,EXACT,20000,FULL,FOREX,1.4013,1.40164,34,0.00034,5,1e-05,0.01,0.01,200.0,100000.0,CAD,USD,USD,1,POINTS,0.0,0.0,Wednesday,1401.64,25.78,2522,2018-07-03,2026-07-31,10.01,False,live_tick,True,True,True,True,clean_pass,0.5,0.5,10.0,1000.0,0.7134499586199023,0.0050214999999999,0.0066384999999999,0.3582588967209832,11.0,0.00011,3.58,7.16,order_calc_profit,6.770885193667383,2.190580503833521,False,True,0.0,0.0,-0.0,-0.0,0.731358529111338,False,False,True,1.0214504596527068,False,True,True,A_TRADEABLE_NOW,,1.0,14.125,-0.0,2018.0,False
AUDUSDm,Forex,Standard\Forex\AUDUSDm,ok,,EXACT,20000,FULL,FOREX,0.70308,0.70317,9,8.999999999992347e-05,5,1e-05,0.01,0.01,200.0,100000.0,USD,AUD,AUD,1,POINTS,0.0,-2.2,Wednesday,703.17,33.74,2522,2018-07-03,2026-07-31,10.01,False,live_tick,True,True,True,True,clean_pass,0.35,0.35,7.03,703.0,0.9997582376950098,0.0040414999999999,0.0054555,0.5747543268341927,9.0,9e-05,4.04,8.08,order_calc_profit,2.2268959544704603,2.226895954472354,False,True,0.0,-0.02,-0.0,1.038406827880512,0.8253319713993871,False,False,True,0.7180796731358529,True,True,True,A_TRADEABLE_NOW,,2.0,15.375,-0.0,2018.0,False
NZDCADm,Forex,Standard\Forex\NZDCADm,ok,,EXACT,20000,FULL,FOREX,0.82508,0.82528,20,0.0001999999999999,5,1e-05,0.01,0.01,200.0,100000.0,CAD,NZD,NZD,1,POINTS,-0.2,-2.2,Wednesday,825.28,46.23,2522,2018-07-03,2026-07-31,10.01,False,live_tick,True,True,True,True,clean_pass,0.29,0.29,5.89,589.0,0.7136971694455215,0.0048259999999999,0.0054535,0.5847712291585869,13.0,0.00013,3.45,6.89,order_calc_profit,4.144218814752975,2.69374222958973,False,True,0.0,-0.01,-0.0,0.6196943972835314,0.703779366700715,False,False,True,0.6016343207354443,True,True,True,A_TRADEABLE_NOW,,3.0,15.375,-0.0,2018.0,False
AUDNZDm,Forex,Standard\Forex\AUDNZDm,ok,,EXACT,20000,FULL,FOREX,1.19341,1.19387,46,0.0004599999999999,5,1e-05,0.01,0.01,200.0,100000.0,NZD,AUD,AUD,1,POINTS,0.0,-9.4,Wednesday,1193.87,36.3,2522,2018-07-03,2026-07-31,10.01,False,live_tick,True,True,True,True,clean_pass,0.35,0.35,7.03,703.0,0.5888413311332054,0.005446,0.0046004999999999,0.4561635688977877,18.0,0.00018,3.21,6.41,order_calc_profit,8.446566287181481,3.305178112376045,False,True,0.0,-0.05,-0.0,2.59601706970128,0.6547497446373851,False,False,True,0.7180796731358529,True,True,True,A_TRADEABLE_NOW,,4.0,16.125,-0.0,2018.0,False
AUDCHFm,Forex,Standard\Forex\AUDCHFm,ok,,EXACT,20000,FULL,FOREX,0.56699,0.56768,69,0.0006899999999999,5,1e-05,0.01,0.01,200.0,100000.0,CHF,AUD,AUD,1,POINTS,0.0,-9.8,Wednesday,567.68,0.02,2522,2018-07-03,2026-07-31,10.01,False,live_tick,True,True,True,True,clean_pass,0.35,0.35,7.04,704.0,1.2401352874859075,0.0030764999999999,0.0045989999999999,0.5419426437429496,9.0,9e-05,3.82,7.62,order_calc_profit,22.42808386153011,2.9254022428084085,False,True,0.0,-0.12,-0.0,6.221590909090908,0.7783452502553626,False,False,True,0.7191011235955056,True,True,True,A_TRADEABLE_NOW,,5.0,17.375,-0.0,2018.0,False
NFLXm,Stocks,Standard\Stocks\NFLXm,ok,,EXACT,20000,FULL,CFD,71.45,71.83,38,0.3799999999999954,2,0.01,0.01,0.01,10.0,100.0,USD,USD,USD,1,POINTS,-1.1,-1.0,Friday,71.83,15.98,1603,2020-03-16,2026-07-31,6.36,False,live_tick,True,True,True,True,clean_pass,3.59,3.57,0.72,72.0,1.0023666991507727,2.5710000000000006,1.6489999999999996,3.579284421550885,6.0,0.06,2.57,5.14,order_calc_profit,14.780241151302814,2.3337222870478405,False,True,-0.01,-0.01,5.069444444444445,5.069444444444445,0.5250255362614913,False,False,True,0.0735444330949949,True,True,True,A_TRADEABLE_NOW,,6.0,17.875,5.069444444444445,2020.0,False
AUDCADm,Forex,Standard\Forex\AUDCADm,ok,,EXACT,20000,FULL,FOREX,0.98483,0.98511,28,0.00028,5,1e-05,0.01,0.01,200.0,100000.0,CAD,AUD,AUD,1,POINTS,0.0,-8.1,Wednesday,985.11,0.01,2522,2018-07-03,2026-07-31,10.01,False,live_tick,True,True,True,True,clean_pass,0.35,0.35,7.03,703.0,0.7136258894945742,0.004765,0.0053604999999999,0.4837023276588404,18.0,0.00018,3.4,6.8,order_calc_profit,5.876180482687468,3.77754459601259,False,True,0.0,-0.06,-0.0,3.115220483641536,0.6945863125638406,False,False,True,0.7180796731358529,True,True,True,A_TRADEABLE_NOW,,7.0,18.125,-0.0,2018.0,False
AUDJPYm,Forex,Standard\Forex\AUDJPYm,ok,,EXACT,20000,FULL,FOREX,110.601,110.769,168,0.1680000000000063,3,0.001,0.01,0.01,200.0,100000.0,JPY,AUD,AUD,1,POINTS,-0.1,-2.2,Wednesday,110769.0,37.41,2522,2018-07-03,2026-07-31,10.01,False,live_tick,True,True,True,True,clean_pass,0.35,0.35,7.04,704.0,0.0063555687963238,0.7326000000000008,0.7326500000000017,0.6613763778674546,18.0,0.018,4.66,9.31,order_calc_profit,22.932022932023777,2.4570024570024542,False,True,0.0,-0.01,-0.0,0.5184659090909091,0.95097037793667,False,False,True,0.7191011235955056,True,True,True,A_TRADEABLE_NOW,,8.0,18.375,-0.0,2018.0,False
WMTm,Stocks,Standard\Stocks\WMTm,ok,,EXACT,20000,FULL,CFD,111.1,111.24,14,0.1400000000000005,2,0.01,0.01,0.01,10.0,100.0,USD,USD,USD,1,POINTS,-1.8,-4.1,Friday,111.24,20.53,1603,2020-03-16,2026-07-31,6.36,False,live_tick,True,True,True,True,clean_pass,5.5600000000000005,5.5600000000000005,1.11,111.0,0.9978425026968716,2.5175000000000005,0.8477500000000002,2.263124775260698,5.0,0.05,2.52,5.04,order_calc_profit,5.561072492552157,1.9860973187686195,False,True,-0.02,-0.04,6.576576576576576,13.153153153153152,0.5148110316649642,False,False,True,0.1133810010214504,True,True,True,A_TRADEABLE_NOW,,9.0,20.125,6.576576576576576,2020.0,False
AUS200m,Indices,Standard\Indices\AUS200m,ok,,EXACT,20000,FULL,CFD,8923.82,8926.76,294,2.9400000000005093,2,0.01,0.06,0.01,300.0,1.0,AUD,AUD,AUD,1,POINTS,0.0,-267.6,Friday,535.6056,23.92,2491,2018-06-12,2026-07-31,9.88,False,live_tick,True,True,True,True,clean_pass,1.88,1.88,3.77,377.0,0.703876135723749,106.27749999999988,74.619,1.190549538690408,294.0,2.94,4.49,8.97,order_calc_profit,2.7663428289153518,2.766342828914872,False,True,0.0,-0.11,-0.0,10.649867374005304,0.916241062308478,False,False,True,0.3850868232890704,True,True,True,A_TRADEABLE_NOW,,10.0,20.625,-0.0,2018.0,False
CADJPYm,Forex,Standard\Forex\CADJPYm,ok,,EXACT,20000,FULL,FOREX,112.373,112.467,94,0.093999999999994,3,0.001,0.01,0.01,200.0,100000.0,JPY,CAD,CAD,1,POINTS,0.0,-5.4,Wednesday,112467.0,43.39,2522,2018-07-03,2026-07-31,10.01,False,live_tick,True,True,True,True,clean_pass,0.36,0.36,7.14,714.0,0.0063485289018111,0.6996000000000009,0.6969000000000015,0.6220491344127619,24.0,0.024,4.45,8.89,order_calc_profit,13.436249285305028,3.4305317324185207,False,True,0.0,-0.03,-0.0,1.5336134453781511,0.9080694586312564,False,False,True,0.7293156281920327,True,True,True,A_TRADEABLE_NOW,,11.0,21.125,-0.0,2018.0,False
NZDCHFm,Forex,Standard\Forex\NZDCHFm,ok,,EXACT,20000,FULL,FOREX,0.47508,0.47556,48,0.0004799999999999,5,1e-05,0.01,0.01,200.0,100000.0,CHF,NZD,NZD,1,POINTS,0.0,-4.6,Wednesday,475.56,28.63,1705,2021-02-14,2026-07-31,6.77,False,live_tick,True,True,True,True,clean_pass,0.29,0.29,5.9,590.0,1.2406426108167212,0.0024935,0.004092,0.524329211876526,15.0,0.00015,3.08,6.18,order_calc_profit,19.25005013033804,6.015640665730884,False,True,0.0,-0.06,-0.0,3.711864406779661,0.6312563840653729,False,False,True,0.6026557711950971,True,True,True,A_TRADEABLE_NOW,,12.0,22.625,-0.0,2021.0,False
NZDJPYm,Forex,Standard\Forex\NZDJPYm,ok,,EXACT,20000,FULL,FOREX,92.653,92.774,121,0.1209999999999951,3,0.001,0.01,0.01,200.0,100000.0,JPY,NZD,NZD,1,POINTS,0.0,-8.1,Wednesday,92774.0,39.72,2522,2018-07-03,2026-07-31,10.01,False,live_tick,True,True,True,True,clean_pass,0.29,0.29,5.89,589.0,0.0063487615064565,0.6935000000000009,0.682099999999999,0.7475154676956915,29.0,0.029,4.4,8.81,order_calc_profit,17.447728911318666,4.181687094448445,False,True,0.0,-0.05,-0.0,3.0984719864176573,0.8998978549540348,False,False,True,0.6016343207354443,True,True,True,A_TRADEABLE_NOW,,13.0,23.125,-0.0,2018.0,False
KOm,Stocks,Standard\Stocks\KOm,ok,,EXACT,20000,FULL,CFD,87.71,87.81,10,0.1000000000000085,2,0.01,0.01,0.01,10.0,100.0,USD,USD,USD,1,POINTS,-1.4,-7.7,Friday,87.81,12.01,1603,2020-03-16,2026-07-31,6.36,False,live_tick,True,True,True,True,clean_pass,4.39,4.39,0.88,88.0,1.0021637626693998,1.9254999999999995,0.8489999999999982,2.1928026420681013,10.0,0.1,1.93,3.85,order_calc_profit,5.193456245131578,5.193456245131136,False,True,-0.01,-0.08,4.1477272727272725,33.18181818181818,0.3932584269662921,False,True,True,0.0898876404494382,True,True,True,A_TRADEABLE_NOW,,14.0,23.25,4.1477272727272725,2020.0,False
XOMm,Stocks,Standard\Stocks\XOMm,ok,,EXACT,20000,FULL,CFD,155.78,155.92,14,0.1399999999999863,2,0.01,0.01,0.01,10.0,100.0,USD,USD,USD,1,POINTS,-2.4,-2.6,Friday,155.92,16.93,1603,2020-03-16,2026-07-31,6.36,False,live_tick,True,True,True,True,clean_pass,7.8,7.79,1.56,156.0,1.000513083632632,3.477999999999997,2.01875,2.230631092868136,10.0,0.1,3.48,6.96,order_calc_profit,4.025301897641934,2.8752156411730905,False,True,-0.02,-0.03,4.67948717948718,7.019230769230769,0.7109295199182839,False,False,True,0.1593462717058222,True,True,True,A_TRADEABLE_NOW,,15.0,23.375,4.67948717948718,2020.0,False
CMCSAm,Stocks,Standard\Stocks\CMCSAm,ok,,EXACT,20000,FULL,CFD,23.97,24.02,5,0.0500000000000007,2,0.01,0.01,0.01,10.0,100.0,USD,USD,USD,1,POINTS,-0.4,-5.5,Friday,24.02,10.23,1413,2020-12-14,2026-07-31,5.61,False,live_tick,True,True,True,True,clean_pass,1.2,1.2,0.24,24.0,0.9991673605328892,0.7650000000000002,0.8100000000000002,3.1848459616985854,6.0,0.06,0.77,1.53,order_calc_profit,6.535947712418391,7.843137254901958,False,True,-0.0,-0.06,0.0,91.25,0.1562819203268641,True,True,True,0.0245148110316649,True,True,True,A_TRADEABLE_NOW,,16.0,23.625,0.0,2021.0,False
HK50m,Indices,Standard\Indices\HK50m,ok,,EXACT,20000,FULL,CFD,25895.9,25939.9,440,44.0,1,0.1,0.07,0.01,500.0,1.0,HKD,HKD,HKD,1,POINTS,0.0,-43.4,Friday,1815.7930000000003,45.41,1968,2019-07-10,2026-07-31,7.81,False,live_tick,True,True,True,True,clean_pass,1.16,1.16,2.32,232.0,0.1277678678131262,438.3650000000001,418.96000000000095,1.6899255586952922,199.5,19.950000000000003,3.91,7.83,order_calc_profit,10.03729768571852,4.551002018865557,False,True,0.0,-0.04,-0.0,6.293103448275862,0.7997957099080695,False,False,True,0.2369765066394279,True,True,True,A_TRADEABLE_NOW,,17.0,23.625,-0.0,2019.0,False
WFCm,Stocks,Standard\Stocks\WFCm,ok,,EXACT,20000,FULL,CFD,86.38,86.58,20,0.2000000000000028,2,0.01,0.01,0.01,10.0,100.0,USD,USD,USD,1,POINTS,-1.4,-4.5,Friday,86.58,18.67,1603,2020-03-16,2026-07-31,6.36,False,live_tick,True,True,True,True,clean_pass,4.33,4.32,0.87,87.0,1.0048510048510049,1.9330000000000005,1.3485,2.2326172326172333,10.0,0.1,1.93,3.87,order_calc_profit,10.346611484738892,5.173305742369373,False,True,-0.01,-0.05,4.195402298850574,20.977011494252874,0.3953013278855976,False,True,True,0.0888661899897855,True,True,True,A_TRADEABLE_NOW,,18.0,23.625,4.195402298850574,2020.0,False
MOm,Stocks,Standard\Stocks\MOm,ok,,EXACT,20000,FULL,CFD,68.36,68.46,10,0.0999999999999943,2,0.01,0.01,0.01,10.0,100.0,USD,USD,USD,1,POINTS,-1.1,-3.4,Friday,68.46,10.41,1413,2020-12-14,2026-07-31,5.61,False,live_tick,True,True,True,True,clean_pass,3.42,3.42,0.68,68.0,0.993280747881975,2.0429999999999997,0.7830000000000006,2.984224364592462,7.0,0.07,2.04,4.09,order_calc_profit,4.894762604013429,3.426333822809596,False,True,-0.01,-0.03,5.367647058823529,16.102941176470587,0.4177732379979571,False,True,True,0.069458631256384,True,True,True,A_TRADEABLE_NOW,,19.0,24.5,5.367647058823529,2021.0,False
BILIm,Stocks,Standard\Stocks\BILIm,ok,,EXACT,20000,FULL,CFD,19.01,19.07,6,0.0599999999999987,2,0.01,0.01,0.01,10.0,100.0,USD,USD,USD,1,POINTS,-0.3,-0.3,Friday,19.07,44.3,1216,2021-09-27,2026-07-31,4.83,False,live_tick,True,True,True,True,clean_pass,1.91,1.9,0.19,19.0,0.9963293130571578,0.7050000000000001,1.0565000000000002,3.696906135291033,5.0,0.05,0.71,1.41,order_calc_profit,8.510638297872159,7.092198581560282,False,True,-0.0,-0.0,0.0,0.0,0.1440245148110316,True,True,True,0.0194075587334014,True,True,True,A_TRADEABLE_NOW,,20.0,24.875,0.0,2021.0,False
Cm,Stocks,Standard\Stocks\Cm,ok,,EXACT,20000,FULL,CFD,132.4,132.72,32,0.3199999999999932,2,0.01,0.01,0.01,10.0,100.0,USD,USD,USD,1,POINTS,-2.1,-3.7,Friday,132.72,12.4,1603,2020-03-16,2026-07-31,6.36,False,live_tick,True,True,True,True,clean_pass,6.64,6.62,1.33,133.0,1.0021097046413503,4.147000000000004,1.7327500000000018,3.124623267028333,10.0,0.1,4.15,8.29,order_calc_profit,7.716421509524786,2.4113817217265474,False,True,-0.02,-0.04,5.488721804511278,10.977443609022556,0.8467824310520939,False,False,True,0.13585291113381,True,True,True,A_TRADEABLE_NOW,,21.0,24.875,5.488721804511278,2020.0,False
MRKm,Stocks,Standard\Stocks\MRKm,ok,,EXACT,20000,FULL,CFD,130.66,130.78,12,0.1200000000000045,2,0.01,0.01,0.01,10.0,100.0,USD,USD,USD,1,POINTS,-2.1,-21.5,Friday,130.78,10.77,1413,2020-12-14,2026-07-31,5.61,False,live_tick,True,True,True,True,clean_pass,6.54,6.53,1.31,131.0,1.0016822144058724,3.0074999999999967,1.7959999999999998,2.299663557118823,8.0,0.08,3.01,6.02,order_calc_profit,3.990024937656016,2.6600166251039097,False,True,-0.02,-0.22,5.572519083969466,61.29770992366412,0.6149131767109295,False,False,True,0.1338100102145046,True,True,True,A_TRADEABLE_NOW,,22.0,25.125,5.572519083969466,2021.0,False
XCUUSDm,Forex,Standard\Forex\XCUUSDm,ok,,EXACT,20000,FULL,FOREX_NO_LEVERAGE,13786.86,13801.37,1451,14.510000000000218,2,0.01,0.01,0.01,200.0,1.0,USD,XCU,XCU,1,POINTS,-285.4,0.0,Wednesday,138.0137,11.36,826,2023-04-26,2026-07-31,3.28,False,live_tick,True,True,True,True,clean_pass,1.38,1.38,1.38,138.0,0.9999007344923004,185.24049999999988,160.35000000000008,1.3421892174472525,727.0,7.27,1.85,3.7,order_calc_profit,7.833060264898997,3.92462771370192,False,True,-0.02,0.0,5.289855072463768,-0.0,0.3779366700715015,False,True,True,0.1409601634320735,True,True,True,A_TRADEABLE_NOW,,23.0,25.125,-0.0,2023.0,False
PGm,Stocks,Standard\Stocks\PGm,ok,,EXACT,20000,FULL,CFD,144.6,144.7,10,0.0999999999999943,2,0.01,0.01,0.01,10.0,100.0,USD,USD,USD,1,POINTS,-2.3,-12.3,Friday,144.7,11.22,1413,2020-12-14,2026-07-31,5.61,False,live_tick,True,True,True,True,clean_pass,7.24,7.23,1.45,145.0,1.0020732550103664,3.2999999999999985,2.081999999999997,2.280580511402902,9.0,0.09,3.3,6.6,order_calc_profit,3.0303030303028597,2.7272727272727284,False,True,-0.02,-0.12,5.0344827586206895,30.20689655172414,0.6741573033707865,False,False,True,0.1481103166496425,True,True,True,A_TRADEABLE_NOW,,24.0,25.25,5.0344827586206895,2021.0,False
BMYm,Stocks,Standard\Stocks\BMYm,ok,,EXACT,20000,FULL,CFD,65.47,65.55,8,0.0799999999999983,2,0.01,0.01,0.01,10.0,100.0,USD,USD,USD,1,POINTS,-1.0,-1.6,Friday,65.55,10.28,1413,2020-12-14,2026-07-31,5.61,False,live_tick,True,True,True,True,clean_pass,3.28,3.27,0.66,66.0,1.0068649885583525,1.5290000000000006,1.0887500000000012,2.332570556826851,6.0,0.06,1.53,3.06,order_calc_profit,5.232177894048284,3.9241334205362968,False,True,-0.01,-0.02,5.530303030303029,11.06060606060606,0.3125638406537283,False,True,True,0.0674157303370786,True,True,True,A_TRADEABLE_NOW,,25.0,25.5,5.530303030303029,2021.0,False
GILDm,Stocks,Standard\Stocks\GILDm,ok,,EXACT,20000,FULL,CFD,130.7,130.85,15,0.1500000000000056,2,0.01,0.01,0.01,10.0,100.0,USD,USD,USD,1,POINTS,-2.1,-38.8,Friday,130.85,10.39,1413,2020-12-14,2026-07-31,5.61,False,live_tick,True,True,True,True,clean_pass,6.54,6.54,1.31,131.0,1.0011463507833398,3.4844999999999984,1.392499999999999,2.6629728696981267,7.0,0.07,3.48,6.97,order_calc_profit,4.304778303917513,2.008896541828097,False,True,-0.02,-0.39,5.572519083969466,108.66412213740458,0.7119509703779366,False,False,True,0.1338100102145046,True,True,True,A_TRADEABLE_NOW,,26.0,25.625,5.572519083969466,2021.0,False
VIPSm,Stocks,Standard\Stocks\VIPSm,ok,,EXACT,20000,FULL,CFD,15.31,15.33,2,0.0199999999999995,2,0.01,0.01,0.01,10.0,100.0,USD,USD,USD,1,POINTS,-0.2,-0.2,Friday,15.33,13.17,1216,2021-09-27,2026-07-31,4.83,False,live_tick,True,True,True,True,clean_pass,1.53,1.53,0.15,15.0,0.9784735812133072,0.3455,0.5175,2.2537508153946515,3.0,0.03,0.35,0.69,order_calc_profit,5.7887120115773,8.683068017366136,False,True,-0.0,-0.0,0.0,0.0,0.0704800817160367,True,True,True,0.0153217568947906,True,True,True,A_TRADEABLE_NOW,,27.0,25.625,0.0,2021.0,False
CSCOm,Stocks,Standard\Stocks\CSCOm,ok,,EXACT,20000,FULL,CFD,116.48,116.58,10,0.0999999999999943,2,0.01,0.01,0.01,10.0,100.0,USD,USD,USD,1,POINTS,-1.8,-19.8,Friday,116.58,0.23,1603,2020-03-16,2026-07-31,6.36,False,live_tick,True,True,True,True,clean_pass,5.83,5.82,1.17,117.0,1.0036026762738033,3.1710000000000003,0.90525,2.720020586721565,10.0,0.1,3.17,6.34,order_calc_profit,3.1535793125195304,3.1535793125197094,False,True,-0.02,-0.2,6.23931623931624,62.393162393162406,0.6475995914198162,False,False,True,0.1195097037793666,True,True,True,A_TRADEABLE_NOW,,28.0,25.875,6.23931623931624,2020.0,False
EBAYm,Stocks,Standard\Stocks\EBAYm,ok,,EXACT,20000,FULL,CFD,114.0,114.1,10,0.0999999999999943,2,0.01,0.01,0.01,10.0,100.0,USD,USD,USD,1,POINTS,-1.8,-8.0,Friday,114.1,13.97,1603,2020-03-16,2026-07-31,6.36,False,live_tick,True,True,True,True,clean_pass,5.71,5.7,1.14,114.0,0.9991235758106924,2.6750000000000016,1.4482500000000016,2.344434706397898,10.0,0.1,2.68,5.35,order_calc_profit,3.7383177570091313,3.738317757009344,False,True,-0.02,-0.08,6.403508771929824,25.61403508771929,0.5464759959141982,False,False,True,0.1164453524004086,True,True,True,A_TRADEABLE_NOW,,29.0,25.875,6.403508771929824,2020.0,False
BEKEm,Stocks,Standard\Stocks\BEKEm,ok,,EXACT,20000,FULL,CFD,16.8,16.9,10,0.0999999999999978,2,0.01,0.01,0.01,10.0,100.0,USD,USD,USD,1,POINTS,-0.3,-51.9,Friday,16.9,93.41,1216,2021-09-27,2026-07-31,4.83,False,live_tick,True,True,True,True,clean_pass,1.69,1.6800000000000002,0.17,17.0,1.0059171597633136,0.9005000000000003,0.8815000000000002,5.328402366863908,7.0,0.07,0.9,1.8,order_calc_profit,11.10494169905584,7.773459189339254,False,True,-0.0,-0.52,0.0,1116.470588235294,0.1838610827374872,True,True,True,0.017364657814096,True,True,True,A_TRADEABLE_NOW,,30.0,26.125,0.0,2021.0,False
BACm,Stocks,Standard\Stocks\BACm,ok,,EXACT,20000,FULL,CFD,62.0,62.1,10,0.1000000000000014,2,0.01,0.01,0.01,10.0,100.0,USD,USD,USD,1,POINTS,-1.0,-7.1,Friday,62.1,13.34,1603,2020-03-16,2026-07-31,6.36,False,live_tick,True,True,True,True,clean_pass,3.11,3.1,0.62,62.0,0.998389694041868,1.3984999999999996,0.9514999999999998,2.2520128824476644,10.0,0.1,1.4,2.8,order_calc_profit,7.150518412585017,7.150518412584915,False,True,-0.01,-0.07,5.887096774193548,41.20967741935484,0.2860061287027579,False,True,True,0.0633299284984678,True,True,True,A_TRADEABLE_NOW,,31.0,26.75,5.887096774193548,2020.0,False
MDLZm,Stocks,Standard\Stocks\MDLZm,ok,,EXACT,20000,FULL,CFD,62.37,62.45,8,0.0800000000000054,2,0.01,0.01,0.01,10.0,100.0,USD,USD,USD,1,POINTS,-1.0,-7.1,Friday,62.45,12.75,1413,2020-12-14,2026-07-31,5.61,False,live_tick,True,True,True,True,clean_pass,3.12,3.12,0.62,62.0,0.9927942353883106,1.7295000000000005,1.0254999999999994,2.769415532425941,7.0,0.07,1.73,3.46,order_calc_profit,4.625614339404764,4.047412546978896,False,True,-0.01,-0.07,5.887096774193548,41.20967741935484,0.3534218590398366,False,True,True,0.0633299284984678,True,True,True,A_TRADEABLE_NOW,,32.0,27.125,5.887096774193548,2021.0,False
PEPm,Stocks,Standard\Stocks\PEPm,ok,,EXACT,20000,FULL,CFD,139.74,139.84,10,0.0999999999999943,2,0.01,0.01,0.01,10.0,100.0,USD,USD,USD,1,POINTS,-2.2,-1.9,Friday,139.84,0.24,1413,2020-12-14,2026-07-31,5.61,False,live_tick,True,True,True,True,clean_pass,6.99,6.99,1.4,140.0,1.0011441647597257,3.307999999999997,2.3535000000000013,2.365560640732263,10.0,0.1,3.31,6.62,order_calc_profit,3.022974607013132,3.022974607013304,False,True,-0.02,-0.02,5.214285714285714,5.214285714285714,0.676200204290092,False,False,True,0.1430030643513789,True,True,True,A_TRADEABLE_NOW,,33.0,27.25,5.214285714285714,2021.0,False
SBUXm,Stocks,Standard\Stocks\SBUXm,ok,,EXACT,20000,FULL,CFD,105.39,105.49,10,0.0999999999999943,2,0.01,0.01,0.01,10.0,100.0,USD,USD,USD,1,POINTS,-1.7,-11.4,Friday,105.49,11.59,1413,2020-12-14,2026-07-31,5.61,False,live_tick,True,True,True,True,clean_pass,5.27,5.27,1.05,105.0,0.99535500995355,2.7640000000000007,2.02525,2.6201535690586795,7.0,0.07,2.76,5.53,order_calc_profit,3.617945007235684,2.5325615050651225,False,True,-0.02,-0.11,6.952380952380952,38.23809523809524,0.5648621041879469,False,False,True,0.1072522982635342,True,True,True,A_TRADEABLE_NOW,,34.0,27.25,6.952380952380952,2021.0,False
XALUSDm,Forex,Standard\Forex\XALUSDm,ok,,EXACT,20000,FULL,FOREX_NO_LEVERAGE,3190.54,3197.33,679,6.789999999999964,2,0.01,0.01,0.01,200.0,1.0,USD,XAL,XAL,1,POINTS,-68.5,-48.7,Wednesday,31.9733,8.84,834,2023-04-14,2026-07-31,3.31,False,live_tick,True,True,True,True,clean_pass,0.32,0.32,0.32,32.0,1.0008350717630023,48.18400000000006,43.453,1.5070074093071426,457.0,4.57,0.48,0.96,order_calc_profit,14.091814710277175,9.484476174663778,False,True,0.0,0.0,-0.0,-0.0,0.0980592441266598,True,True,True,0.0326864147088866,True,True,True,A_TRADEABLE_NOW,,35.0,27.375,-0.0,2023.0,False
ABTm,Stocks,Standard\Stocks\ABTm,ok,,EXACT,20000,FULL,CFD,105.95,106.05,10,0.0999999999999943,2,0.01,0.01,0.01,10.0,100.0,USD,USD,USD,1,POINTS,-1.7,-4.2,Friday,106.05,10.6,1413,2020-12-14,2026-07-31,5.61,False,live_tick,True,True,True,True,clean_pass,5.3,5.3,1.06,106.0,0.9995285242809996,3.0740000000000007,2.015000000000001,2.8986327204148994,8.0,0.08,3.07,6.15,order_calc_profit,3.2530904359139328,2.602472348731294,False,True,-0.02,-0.04,6.886792452830188,13.773584905660377,0.6281920326864148,False,False,True,0.1082737487231869,True,True,True,A_TRADEABLE_NOW,,36.0,27.75,6.886792452830188,2021.0,False
CVSm,Stocks,Standard\Stocks\CVSm,ok,,EXACT,20000,FULL,CFD,104.92,105.03,11,0.1099999999999994,2,0.01,0.01,0.01,10.0,100.0,USD,USD,USD,1,POINTS,-1.7,-2.1,Friday,105.03,10.91,1413,2020-12-14,2026-07-31,5.61,False,live_tick,True,True,True,True,clean_pass,5.25,5.25,1.05,105.0,0.9997143673236218,2.344,1.6162500000000004,2.231743311434828,7.0,0.07,2.34,4.69,order_calc_profit,4.692832764505096,2.9863481228668944,False,True,-0.02,-0.02,6.952380952380952,6.952380952380952,0.4790602655771195,False,True,True,0.1072522982635342,True,True,True,A_TRADEABLE_NOW,,37.0,28.0,6.952380952380952,2021.0,False
PYPLm,Stocks,Standard\Stocks\PYPLm,ok,,EXACT,20000,FULL,CFD,57.28,57.42,14,0.1400000000000005,2,0.01,0.01,0.01,10.0,100.0,USD,USD,USD,1,POINTS,-0.9,-0.8,Friday,57.42,36.8,1603,2020-03-16,2026-07-31,6.36,False,live_tick,True,True,True,True,clean_pass,2.87,2.86,0.57,56.99999999999999,0.992685475444096,2.2785,2.6775,3.968129571577848,14.0,0.14,2.28,4.5600000000000005,order_calc_profit,6.144393241167459,6.1443932411674345,False,True,-0.01,-0.01,6.403508771929825,6.403508771929825,0.4657814096016344,False,True,True,0.0582226762002042,True,True,True,A_TRADEABLE_NOW,,38.0,29.625,6.403508771929825,2020.0,False
MMMm,Stocks,Standard\Stocks\MMMm,ok,,EXACT,20000,FULL,CFD,176.78,176.98,20,0.1999999999999886,2,0.01,0.01,0.01,10.0,100.0,USD,USD,USD,1,POINTS,-2.8,-20.6,Friday,176.98,11.11,1413,2020-12-14,2026-07-31,5.61,False,live_tick,True,True,True,True,clean_pass,8.85,8.84,1.77,177.0,1.0001130071194486,4.594500000000001,2.8145000000000007,2.596056051531247,10.0,0.1,4.59,9.19,order_calc_profit,4.353030797692646,2.1765153988464467,False,True,-0.03,-0.21,6.186440677966101,43.30508474576271,0.9387129724208376,False,False,True,0.1807967313585291,True,True,True,A_TRADEABLE_NOW,,39.0,30.25,6.186440677966101,2021.0,False
PDDm,Stocks,Standard\Stocks\PDDm,ok,,EXACT,20000,FULL,CFD,88.16,88.28,12,0.1200000000000045,2,0.01,0.01,0.01,10.0,100.0,USD,USD,USD,1,POINTS,-1.4,-1.2,Friday,88.28,10.15,1216,2021-09-27,2026-07-31,4.83,False,live_tick,True,True,True,True,clean_pass,8.83,8.82,0.88,88.0,0.9968282736746716,2.7379999999999973,4.4345,3.101495242410509,13.0,0.13,2.74,5.48,order_calc_profit,4.382761139518067,4.747991234477725,False,True,-0.01,-0.01,4.1477272727272725,4.1477272727272725,0.5597548518896834,False,False,True,0.0898876404494382,True,True,True,A_TRADEABLE_NOW,,40.0,30.375,4.1477272727272725,2021.0,False
CSXm,Stocks,Standard\Stocks\CSXm,ok,,EXACT,20000,FULL,CFD,50.4,50.47,7,0.0700000000000002,2,0.01,0.01,0.01,10.0,100.0,USD,USD,USD,1,POINTS,-0.8,-48.3,Friday,50.47,10.2,1413,2020-12-14,2026-07-31,5.61,False,live_tick,True,True,True,True,clean_pass,2.52,2.52,0.5,50.0,0.9906875371507826,1.0184999999999984,0.6487499999999997,2.018030513176141,5.0,0.05,1.02,2.04,order_calc_profit,6.872852233677014,4.909180166912134,False,True,-0.01,-0.48,7.3,350.4,0.2083758937691522,True,True,True,0.0510725229826353,True,True,True,A_TRADEABLE_NOW,,41.0,30.5,7.3,2021.0,False
UPSm,Stocks,Standard\Stocks\UPSm,ok,,EXACT,20000,FULL,CFD,104.82,104.9,8,0.0800000000000125,2,0.01,0.01,0.01,10.0,100.0,USD,USD,USD,1,POINTS,-1.7,-24.3,Friday,104.9,51.95,1413,2020-12-14,2026-07-31,5.61,False,live_tick,True,True,True,True,clean_pass,5.25,5.24,1.05,105.0,1.0009532888465205,2.835000000000001,3.015,2.7025738798856063,10.0,0.1,2.84,5.67,order_calc_profit,2.821869488536595,3.527336860670193,False,True,-0.02,-0.24,6.952380952380952,83.42857142857142,0.5791624106230847,False,False,True,0.1072522982635342,True,True,True,A_TRADEABLE_NOW,,42.0,31.0,6.952380952380952,2021.0,False
VZm,Stocks,Standard\Stocks\VZm,ok,,EXACT,20000,FULL,CFD,46.75,46.85,10,0.1000000000000014,2,0.01,0.01,0.01,10.0,100.0,USD,USD,USD,1,POINTS,-0.7,-4.7,Friday,46.85,20.79,1603,2020-03-16,2026-07-31,6.36,False,live_tick,True,True,True,True,clean_pass,2.34,2.34,0.47,46.99999999999999,1.0032017075773745,1.2675,0.6942499999999998,2.7054429028815368,10.0,0.1,1.27,2.54,order_calc_profit,7.889546351084924,7.889546351084813,False,True,-0.01,-0.05,7.765957446808512,38.82978723404256,0.2594484167517875,False,True,True,0.0480081716036772,True,True,True,A_TRADEABLE_NOW,,43.0,31.125,7.765957446808512,2020.0,False
YUMCm,Stocks,Standard\Stocks\YUMCm,ok,,EXACT,20000,FULL,CFD,48.3,48.39,9,0.0900000000000034,2,0.01,0.01,0.01,10.0,100.0,USD,USD,USD,1,POINTS,-0.8,-10.2,Friday,48.39,30.96,1216,2021-09-27,2026-07-31,4.83,False,live_tick,True,True,True,True,clean_pass,4.84,4.83,0.48,48.0,0.9919404835709856,1.0295000000000003,1.2314999999999992,2.127505682992355,4.0,0.04,1.03,2.06,order_calc_profit,8.742107819330098,3.885381253035452,False,True,-0.01,-0.1,7.604166666666666,76.04166666666666,0.2104187946884576,True,True,True,0.0490296220633299,True,True,True,A_TRADEABLE_NOW,,44.0,31.25,7.604166666666666,2021.0,False
EURGBPm,Forex,Standard\Forex\EURGBPm,ok,,EXACT,20000,FULL,FOREX,0.85512,0.85548,36,0.00036,5,1e-05,0.01,0.01,200.0,100000.0,GBP,EUR,EUR,1,POINTS,-4.5,0.0,Wednesday,855.48,0.17,1008,2023-05-11,2026-07-31,4.0,False,live_tick,True,True,True,True,clean_pass,0.58,0.58,11.53,1153.0,1.347781362509936,0.002547,0.0031604999999999,0.297727591527564,14.0,0.00014,3.44,6.86,order_calc_profit,14.134275618375588,5.4966627404789845,False,True,-0.05,0.0,1.5828274067649613,-0.0,0.700715015321757,False,False,True,1.177732379979571,False,True,True,A_TRADEABLE_NOW,,45.0,32.125,-0.0,2023.0,False
BABAm,Stocks,Standard\Stocks\BABAm,ok,,EXACT,20000,FULL,CFD,121.63,121.81,18,0.1800000000000068,2,0.01,0.01,0.01,10.0,100.0,USD,USD,USD,1,POINTS,-1.9,-1.6,Friday,121.81,12.82,1603,2020-03-16,2026-07-31,6.36,False,live_tick,True,True,True,True,clean_pass,12.18,12.16,1.22,122.0,1.001559806255644,4.106,4.798749999999998,3.370823413512848,18.0,0.18,4.11,8.21,order_calc_profit,4.383828543594906,4.383828543594739,False,True,-0.02,-0.02,5.983606557377049,5.983606557377049,0.8386108273748725,False,False,True,0.1246169560776302,True,True,True,A_TRADEABLE_NOW,,46.0,32.375,5.983606557377049,2020.0,False
EURCHFm,Forex,Standard\Forex\EURCHFm,ok,,EXACT_LOWER_BOUND,20000,FULL,FOREX,0.9307,0.93086,16,0.00016,5,1e-05,0.01,0.01,200.0,100000.0,CHF,EUR,EUR,1,POINTS,0.0,-7.4,Wednesday,930.86,3.61,403,2025-04-18,2026-07-31,1.6,False,live_tick,True,True,True,True,clean_pass,0.58,0.58,11.53,1153.0,1.2386395376318673,0.00327,0.0032482499999999,0.3512880562060896,17.0,0.00017,4.05,8.1,order_calc_profit,4.892966360857757,5.198776758409776,False,True,0.0,-0.09,-0.0,2.8490893321769297,0.8273748723186924,False,False,True,1.177732379979571,False,True,True,A_TRADEABLE_NOW,,47.0,35.375,-0.0,2021.0,True
AMTm,Stocks,Standard\Stocks\AMTm,ok,,EXACT,20000,FULL,CFD,173.01,173.19,18,0.1800000000000068,2,0.01,0.01,0.01,10.0,100.0,USD,USD,USD,1,POINTS,-2.7,-24.9,Friday,173.19,20.74,1413,2020-12-14,2026-07-31,5.61,False,live_tick,True,True,True,True,clean_pass,8.66,8.65,1.73,173.0,0.9989029389687628,4.2295,4.413249999999996,2.44211559558866,16.0,0.16,4.23,8.46,order_calc_profit,4.255822201205977,3.782953067738504,False,True,-0.03,-0.25,6.329479768786126,52.74566473988439,0.8641470888661901,False,False,True,0.1767109295199183,True,True,True,A_TRADEABLE_NOW,,48.0,35.5,6.329479768786126,2021.0,False
EURCADm,Forex,Standard\Forex\EURCADm,ok,,EXACT_LOWER_BOUND,20000,FULL,FOREX,1.61584,1.61633,49,0.0004900000000001,5,1e-05,0.01,0.01,200.0,100000.0,CAD,EUR,EUR,1,POINTS,-1.3,-2.3,Wednesday,1616.33,8.21,409,2025-04-11,2026-07-31,1.62,False,live_tick,True,True,True,True,clean_pass,0.58,0.58,11.53,1153.0,0.7133444284273632,0.0056245,0.0067685,0.347979682366844,25.0,0.00025,4.01,8.03,order_calc_profit,8.711885500935205,4.444839541292551,False,True,-0.01,-0.01,0.3165654813529922,0.3165654813529922,0.8202247191011236,False,False,True,1.177732379979571,False,True,True,A_TRADEABLE_NOW,,49.0,35.75,0.3165654813529922,2024.0,True
XZNUSDm,Forex,Standard\Forex\XZNUSDm,ok,,EXACT,20000,FULL,FOREX_NO_LEVERAGE,3638.68,3644.71,603,6.0300000000002,2,0.01,0.01,0.01,200.0,1.0,USD,XZN,XZN,1,POINTS,-107.4,-55.6,Wednesday,36.4471,10.89,868,2023-02-23,2026-07-31,3.44,False,live_tick,True,True,True,True,clean_pass,0.36,0.36,0.36,36.0,0.9877329060473948,58.15500000000007,61.375,1.5956001986440638,432.0,4.32,0.58,1.17,order_calc_profit,10.368841888058109,7.428424039205564,False,True,-0.01,-0.01,10.13888888888889,10.13888888888889,0.1195097037793666,True,True,True,0.0367722165474974,True,True,True,A_TRADEABLE_NOW,,50.0,36.0,10.13888888888889,2023.0,False
ETHUSDm,Crypto,Standard\Crypto\ETHUSDm,ok,,PROVISIONAL,400,FULL,FOREX_NO_LEVERAGE,1866.27,1867.27,100,1.0,2,0.01,0.1,0.01,2000.0,1.0,USD,ETH,ETH,1,POINTS,-37.0,0.0,Friday,186.727,0.01,400,2025-06-29,2026-08-02,1.59,True,live_tick,True,True,True,False,risk1.33%_expo0.19x,0.47,0.47,1.86,186.0,0.996106615540334,64.94300000000001,132.06700000000004,3.4779651576901043,140.0,1.4,6.5,12.99,order_calc_profit,1.5398118349937635,2.1557365689912693,False,True,-0.04,0.0,7.849462365591399,-0.0,1.3268641470888662,False,False,False,0.1899897854954034,True,True,True,B_POSSIBLY_TRADEABLE,,,,,2019.0,False
AUDZARm,Forex,Standard\Forex\AUDZARm,ok,,PROVISIONAL,400,FULL,FOREX_NO_LEVERAGE,11.58245,11.67657,9412,0.0941200000000002,5,1e-05,0.01,0.01,200.0,100000.0,ZAR,AUD,AUD,1,POINTS,-102.7,0.0,Wednesday,11676.57,7.28,400,2025-04-22,2026-07-31,1.59,True,live_tick,True,True,True,False,risk1.86%_expo0.72x,3.52,3.52,7.03,703.0,0.0602060365329887,0.1501985000000001,0.1380625000000001,1.2863238091323064,2808.0,0.02808,9.12,18.24,order_calc_profit,62.66374164855183,18.69525993934692,False,True,-0.06,0.0,3.115220483641536,-0.0,1.863125638406537,False,False,False,0.7180796731358529,True,True,True,B_POSSIBLY_TRADEABLE,,,,,2025.0,False
CHFJPYm,Forex,Standard\Forex\CHFJPYm,ok,,PROVISIONAL,400,FULL,FOREX,195.067,195.256,189,0.1889999999999929,3,0.001,0.01,0.01,200.0,100000.0,JPY,CHF,CHF,1,POINTS,-8.9,0.0,Wednesday,195256.0,4.71,400,2025-04-22,2026-07-31,1.59,True,live_tick,True,True,True,False,risk1.63%_expo1.27x,0.62,0.62,12.4,1240.0,0.0063506371123038,1.2517999999999945,1.040999999999998,0.6411070594501549,19.0,0.019,7.95,15.91,order_calc_profit,15.098258507748344,1.5178143473398371,False,True,-0.06,0.0,1.7661290322580645,-0.0,1.6251276813074564,False,False,False,1.2665985699693565,False,True,True,B_POSSIBLY_TRADEABLE,,,,,2025.0,False
CHFMXNm,Forex,Standard\Forex\CHFMXNm,ok,,PROVISIONAL,400,FULL,FOREX_NO_LEVERAGE,21.4647,21.47864,1394,0.013939999999998,5,1e-05,0.01,0.01,200.0,100000.0,MXN,CHF,CHF,1,POINTS,-450.7,0.0,Wednesday,21478.64,7.13,400,2025-04-22,2026-07-31,1.59,True,live_tick,True,True,True,False,risk1.65%_expo1.27x,6.19,6.19,12.39,1239.0,0.0576852165686468,0.1397724999999994,0.1656540000000001,0.6507511648782205,1515.0,0.01515,8.07,16.13,order_calc_profit,9.973349550160528,10.83904201470251,False,True,-0.26,0.0,7.659402744148508,-0.0,1.6475995914198165,False,False,False,1.265577119509704,False,True,True,B_POSSIBLY_TRADEABLE,,,,,2025.0,False
EURJPYm,Forex,Standard\Forex\EURJPYm,ok,,PROVISIONAL,400,FULL,FOREX,181.572,181.812,240,0.2400000000000091,3,0.001,0.01,0.01,200.0,100000.0,JPY,EUR,EUR,1,POINTS,0.0,-10.5,Wednesday,181812.0,0.03,400,2025-04-22,2026-07-31,1.59,True,live_tick,True,True,True,False,risk1.30%_expo1.18x,0.58,0.58,11.54,1154.0,0.0063472158053373,0.9977999999999996,0.9383999999999986,0.5488086594944225,24.0,0.024,6.34,12.68,order_calc_profit,24.05291641611638,2.405291641611547,False,True,0.0,-0.06,-0.0,1.8977469670710567,1.2951991828396323,False,False,False,1.1787538304392238,False,True,True,B_POSSIBLY_TRADEABLE,,,,,2023.0,False
GBPAUDm,Forex,Standard\Forex\GBPAUDm,ok,,PROVISIONAL,400,FULL,FOREX,1.91832,1.91866,34,0.00034,5,1e-05,0.01,0.01,200.0,100000.0,AUD,GBP,GBP,1,POINTS,-5.9,0.0,Wednesday,1918.66,5.43,400,2025-04-22,2026-07-31,1.59,True,live_tick,True,True,True,False,risk1.28%_expo1.38x,0.67,0.67,13.49,1349.0,0.7030948682934964,0.0089244999999999,0.0105405,0.4651423389240403,25.0,0.00025,6.27,12.55,order_calc_profit,3.809737240181605,2.801277382486417,False,True,-0.04,0.0,1.0822831727205338,-0.0,1.2819203268641473,False,False,False,1.3779366700715014,False,True,True,B_POSSIBLY_TRADEABLE,,,,,2025.0,False
GBPILSm,Forex,Standard\Forex\GBPILSm,ok,,PROVISIONAL,400,FULL,FOREX_NO_LEVERAGE,4.11935,4.12361,426,0.0042600000000003,5,1e-05,0.01,0.01,200.0,100000.0,ILS,GBP,GBP,1,POINTS,-1.0,-30.3,Wednesday,4123.61,6.58,400,2025-01-16,2026-07-31,1.59,True,live_tick,True,True,True,False,risk2.22%_expo1.37x,13.48,13.48,13.46,1346.0,0.3264130216000058,0.0333284999999999,0.0365315,0.8082359873993888,551.0,0.00551,10.89,21.77,order_calc_profit,12.781853368739611,16.53239719759368,False,True,-0.0,-0.1,0.0,2.711738484398217,2.2236976506639428,False,False,False,1.3748723186925431,False,True,True,B_POSSIBLY_TRADEABLE,,,,,2025.0,False
GBPJPYm,Forex,Standard\Forex\GBPJPYm,ok,,PROVISIONAL,400,FULL,FOREX,212.318,212.588,270,0.2699999999999818,3,0.001,0.01,0.01,200.0,100000.0,JPY,GBP,GBP,1,POINTS,0.0,-19.5,Wednesday,212588.0,0.04,400,2025-04-22,2026-07-31,1.59,True,live_tick,True,True,True,False,risk1.69%_expo1.38x,0.67,0.67,13.5,1350.0,0.0063503114004553,1.3053000000000012,1.175450000000002,0.6140045534084714,22.0,0.022,8.29,16.59,order_calc_profit,20.684900022981807,1.6854362981690014,False,True,0.0,-0.12,-0.0,3.2444444444444445,1.6945863125638407,False,False,False,1.3789581205311543,False,True,True,B_POSSIBLY_TRADEABLE,,,,,2023.0,False
GBPMXNm,Forex,Standard\Forex\GBPMXNm,ok,,PROVISIONAL,400,FULL,FOREX_NO_LEVERAGE,23.35793,23.37177,1384,0.0138400000000018,5,1e-05,0.01,0.01,200.0,100000.0,MXN,GBP,GBP,1,POINTS,-255.8,0.0,Wednesday,23371.77,11.65,400,2025-04-22,2026-07-31,1.59,True,live_tick,True,True,True,False,risk1.52%_expo1.38x,13.48,13.48,13.48,1348.0,0.0576764190303087,0.1285645,0.1599145000000007,0.55008456783547,1344.5,0.013445,7.42,14.84,order_calc_profit,10.76502455965826,10.457785780678176,False,True,-0.15,0.0,4.061572700296736,-0.0,1.515832482124617,False,False,False,1.3769152196118488,False,True,True,B_POSSIBLY_TRADEABLE,,,,,2025.0,False
GBPNZDm,Forex,Standard\Forex\GBPNZDm,ok,,PROVISIONAL,400,FULL,FOREX,2.2897,2.2903,60,0.0006000000000003,5,1e-05,0.01,0.01,200.0,100000.0,NZD,GBP,GBP,1,POINTS,0.0,-10.8,Wednesday,2290.3,5.73,400,2025-04-22,2026-07-31,1.59,True,live_tick,True,True,True,False,risk1.32%_expo1.38x,0.67,0.67,13.49,1349.0,0.5890058070995066,0.0109484999999999,0.01217,0.4780378116403947,58.0,0.00058,6.45,12.9,order_calc_profit,5.480202767505869,5.297529341919003,False,True,0.0,-0.06,-0.0,1.6234247590808004,1.317671092951992,False,False,False,1.3779366700715014,False,True,True,B_POSSIBLY_TRADEABLE,,,,,2025.0,False
GBPUSDm,Forex,Standard\Forex\GBPUSDm,ok,,PROVISIONAL,400,FULL,FOREX,1.34802,1.34812,10,9.9999999999989e-05,5,1e-05,0.01,0.01,200.0,100000.0,USD,GBP,GBP,1,POINTS,-1.3,-1.3,Wednesday,1348.12,0.02,400,2025-04-22,2026-07-31,1.59,True,live_tick,True,True,True,False,risk1.53%_expo1.38x,0.67,0.67,13.48,1348.0,0.999910987152479,0.0074925,0.007616,0.555773966709196,10.0,0.0001,7.49,14.98,order_calc_profit,1.334668001334519,1.3346680013346657,False,True,-0.01,-0.01,0.2707715133531157,0.2707715133531157,1.5301327885597549,False,False,False,1.3769152196118488,False,True,True,B_POSSIBLY_TRADEABLE,,,,,2018.0,False
USDCHFm,Forex,Standard\Forex\USDCHFm,ok,,PROVISIONAL,400,FULL,FOREX,0.80715,0.80728,13,0.0001299999999999,5,1e-05,0.01,0.01,200.0,100000.0,CHF,USD,USD,1,POINTS,0.0,-9.8,Wednesday,807.28,0.03,400,2025-04-22,2026-07-31,1.59,True,live_tick,True,True,True,False,risk1.39%_expo1.02x,0.5,0.5,10.0,1000.0,1.2387275790308196,0.0054784999999999,0.0049875,0.6786369041720322,13.0,0.00013,6.79,13.58,order_calc_profit,2.372912293510339,2.372912293511006,False,True,0.0,-0.12,-0.0,4.38,1.3871297242083758,False,False,False,1.0214504596527068,False,True,True,B_POSSIBLY_TRADEABLE,,,,,2023.0,False
USDILSm,Forex,Standard\Forex\USDILSm,ok,,PROVISIONAL,400,FULL,FOREX_NO_LEVERAGE,3.06135,3.06429,294,0.0029400000000001,5,1e-05,0.01,0.01,200.0,100000.0,ILS,USD,USD,1,POINTS,-4.6,-24.3,Wednesday,3064.29,0.04,400,2025-01-16,2026-07-31,1.59,True,live_tick,True,True,True,False,risk1.80%_expo1.02x,10.0,10.0,10.0,1000.0,0.3263398699209278,0.026973,0.0275050000000001,0.8802365311377194,292.0,0.00292,8.81,17.62,order_calc_profit,10.899788677567056,10.825640455270076,False,True,-0.02,-0.08,0.73,2.92,1.7997957099080697,False,False,False,1.0214504596527068,False,True,True,B_POSSIBLY_TRADEABLE,,,,,2017.0,False
USDJPYm,Forex,Standard\Forex\USDJPYm,ok,,PROVISIONAL,400,FULL,FOREX,157.427,157.485,58,0.0580000000000211,3,0.001,0.01,0.01,300.0,100000.0,JPY,USD,USD,1,POINTS,0.0,-14.6,Wednesday,157485.00000000003,0.04,400,2025-04-22,2026-07-31,1.59,True,live_tick,True,True,True,False,risk1.26%_expo1.02x,0.5,0.5,10.0,1000.0,0.0063498110931199,0.9747499999999988,1.0116000000000027,0.6189478363018692,10.0,0.01,6.19,12.38,order_calc_profit,5.950243652220695,1.0259040779687112,False,True,0.0,-0.1,-0.0,3.65,1.2645556690500512,False,False,False,1.0214504596527068,False,True,True,B_POSSIBLY_TRADEABLE,,,,,2018.0,False
USDZARm,Forex,Standard\Forex\USDZARm,ok,,PROVISIONAL,400,FULL,FOREX_NO_LEVERAGE,16.47359,16.60532,13173,0.1317299999999974,5,1e-05,0.01,0.01,200.0,100000.0,ZAR,USD,USD,1,POINTS,-192.8,0.0,Wednesday,16605.32,7.43,400,2025-04-22,2026-07-31,1.59,True,live_tick,True,True,True,False,risk2.44%_expo1.02x,5.0,5.0,10.0,1000.0,0.0602216639004849,0.1969104999999997,0.1808879999999998,1.1858277949476417,390.0,0.0039,11.95,23.91,order_calc_profit,66.89841323850057,1.98059524504788,False,True,-0.12,0.0,4.38,-0.0,2.442288049029622,False,False,False,1.0214504596527068,False,True,True,B_POSSIBLY_TRADEABLE,,,,,2025.0,False
UK100m,Indices,Standard\Indices\UK100m,ok,,PROVISIONAL,400,FULL,CFD,10879.17,10880.73,156,1.559999999999491,2,0.01,0.05,0.01,300.0,1.0,GBP,GBP,GBP,1,POINTS,-189.7,0.0,Friday,544.0365,0.03,400,2025-03-27,2026-07-31,1.59,True,live_tick,True,True,True,False,risk1.78%_expo0.75x,3.67,3.67,7.33,733.0,1.347336070282049,129.0459999999999,92.95849999999992,1.1860049831215362,142.0,1.42,8.7,17.39,order_calc_profit,1.2088712552109262,1.1003828092308177,False,True,-0.12,0.0,5.97544338335607,-0.0,1.7763023493360577,False,False,False,0.7487231869254342,True,True,True,B_POSSIBLY_TRADEABLE,,,,,2018.0,False
US500m,Indices,Standard\Indices\US500m,ok,,PROVISIONAL,400,FULL,CFD,7488.63,7489.92,129,1.2899999999999636,2,0.01,0.14,0.01,1000.0,1.0,USD,USD,USD,1,POINTS,-139.6,0.0,Friday,1048.5888000000002,0.04,400,2025-04-22,2026-07-31,1.59,True,live_tick,True,True,True,False,risk2.42%_expo1.07x,2.62,2.62,10.49,1049.0,1.0003921460919665,84.61550000000003,71.96049999999995,1.1297250170896354,64.0,0.64,11.85,23.69,order_calc_profit,1.524543375622626,0.7563626049600839,False,True,-0.2,0.0,6.959008579599618,-0.0,2.4198161389172625,False,False,False,1.0715015321756896,False,True,True,B_POSSIBLY_TRADEABLE,,,,,2018.0,False
AAPLm,Stocks,Standard\Stocks\AAPLm,ok,,PROVISIONAL,400,FULL,CFD,306.39,306.55,16,0.160000000000025,2,0.01,0.01,0.01,10.0,100.0,USD,USD,USD,1,POINTS,-4.8,-4.1,Friday,306.55,0.02,400,2024-12-24,2026-07-31,1.59,True,live_tick,True,True,True,False,risk1.86%_expo0.31x,15.33,15.32,3.07,307.0,1.0014679497634968,9.110000000000005,5.816999999999998,2.971782743435004,12.0,0.12,9.11,18.22,order_calc_profit,1.7563117453350705,1.3172338090010969,False,True,-0.05,-0.04,5.944625407166123,4.755700325732899,1.861082737487232,False,False,False,0.313585291113381,True,True,True,B_POSSIBLY_TRADEABLE,,,,,2019.0,False
ADBEm,Stocks,Standard\Stocks\ADBEm,ok,,PROVISIONAL,400,FULL,CFD,249.7,249.9,20,0.200000000000017,2,0.01,0.01,0.01,10.0,100.0,USD,USD,USD,1,POINTS,-3.9,-3.3,Friday,249.9,0.03,400,2024-12-24,2026-07-31,1.59,True,live_tick,True,True,True,False,risk2.24%_expo0.26x,12.5,12.49,2.5,250.0,1.0004001600640255,10.9585,8.574500000000004,4.385154061624649,25.0,0.25,10.96,21.92,order_calc_profit,1.82506729935682,2.28133412419583,False,True,-0.04,-0.03,5.84,4.38,2.2390194075587337,False,False,False,0.2553626149131767,True,True,True,B_POSSIBLY_TRADEABLE,,,,,2021.0,False
ADPm,Stocks,Standard\Stocks\ADPm,ok,,PROVISIONAL,400,FULL,CFD,266.11,266.29,18,0.1800000000000068,2,0.01,0.01,0.01,10.0,100.0,USD,USD,USD,1,POINTS,-4.2,-11.4,Friday,266.29,3.12,400,2024-12-24,2026-07-31,1.59,True,live_tick,True,True,True,False,risk1.64%_expo0.27x,13.31,13.31,2.66,266.0,0.9989109617334484,8.046500000000005,4.716500000000005,3.0217056592436835,23.0,0.23,8.05,16.09,order_calc_profit,2.23699745230854,2.858385633505249,False,True,-0.04,-0.11,5.488721804511278,15.093984962406015,1.6435137895812053,False,False,False,0.27170582226762,True,True,True,B_POSSIBLY_TRADEABLE,,,,,2024.0,False
AMGNm,Stocks,Standard\Stocks\AMGNm,ok,,PROVISIONAL,400,FULL,CFD,386.16,386.51,35,0.3499999999999659,2,0.01,0.01,0.01,10.0,100.0,USD,USD,USD,1,POINTS,-6.1,-5.2,Friday,386.51,3.04,400,2024-12-24,2026-07-31,1.59,True,live_tick,True,True,True,False,risk1.78%_expo0.40x,19.33,19.31,3.87,387.0,1.0012677550386797,8.6985,6.762000000000006,2.250523919174148,27.0,0.27,8.7,17.4,order_calc_profit,4.023682244064677,3.103983445421625,False,True,-0.06,-0.05,5.658914728682171,4.715762273901809,1.7773237997957096,False,False,False,0.3953013278855976,True,True,True,B_POSSIBLY_TRADEABLE,,,,,2024.0,False
AMZNm,Stocks,Standard\Stocks\AMZNm,ok,,PROVISIONAL,400,FULL,CFD,271.33,271.49,16,0.160000000000025,2,0.01,0.01,0.01,10.0,100.0,USD,USD,USD,1,POINTS,-4.3,-3.7,Friday,271.49,0.04,400,2024-12-24,2026-07-31,1.59,True,live_tick,True,True,True,False,risk1.64%_expo0.28x,13.57,13.57,2.71,271.0,0.9981951453092196,8.003499999999999,6.085000000000005,2.947990717890161,7.0,0.07,8.0,16.01,order_calc_profit,1.9991253826454052,0.8746173549072284,False,True,-0.04,-0.04,5.387453874538745,5.387453874538745,1.6353421859039838,False,False,False,0.2768130745658835,True,True,True,B_POSSIBLY_TRADEABLE,,,,,2020.0,False
BAm,Stocks,Standard\Stocks\BAm,ok,,PROVISIONAL,400,FULL,CFD,216.32,216.83,51,0.5100000000000193,2,0.01,0.01,0.01,10.0,100.0,USD,USD,USD,1,POINTS,-3.4,-2.9,Friday,216.83,3.33,400,2024-12-24,2026-07-31,1.59,True,live_tick,True,True,True,False,risk1.77%_expo0.22x,10.84,10.82,2.17,217.0,1.000784024350874,8.6495,6.916499999999997,3.9890697781672273,43.0,0.43,8.65,17.3,order_calc_profit,5.8962945835021605,4.971385629227123,False,True,-0.03,-0.03,5.046082949308755,5.046082949308755,1.767109295199183,False,False,False,0.2216547497446374,True,True,True,B_POSSIBLY_TRADEABLE,,,,,2024.0,False
BIIBm,Stocks,Standard\Stocks\BIIBm,ok,,PROVISIONAL,400,FULL,CFD,205.23,205.48,25,0.25,2,0.01,0.01,0.01,10.0,100.0,USD,USD,USD,1,POINTS,-3.3,-2.8,Friday,205.48,3.33,400,2024-12-24,2026-07-31,1.59,True,live_tick,True,True,True,False,risk1.56%_expo0.21x,10.27,10.26,2.05,205.0,0.9976640062293164,7.6225,4.2939999999999925,3.709606774381935,18.0,0.18,7.62,15.25,order_calc_profit,3.279763857002296,2.361429977041653,False,True,-0.03,-0.03,5.341463414634147,5.341463414634147,1.5577119509703778,False,False,False,0.2093973442288048,True,True,True,B_POSSIBLY_TRADEABLE,,,,,2024.0,False
CHTRm,Stocks,Standard\Stocks\CHTRm,ok,,PROVISIONAL,400,FULL,CFD,145.91,146.09,18,0.1800000000000068,2,0.01,0.01,0.01,10.0,100.0,USD,USD,USD,1,POINTS,-2.3,-2.0,Friday,146.09,3.0,400,2024-12-24,2026-07-31,1.59,True,live_tick,True,True,True,False,risk1.30%_expo0.15x,7.3,7.3,1.46,146.0,0.9993839414059826,6.343499999999998,8.055999999999997,4.342186323499211,24.5,0.245,6.34,12.69,order_calc_profit,2.8375502482857557,3.862221171277687,False,True,-0.02,-0.02,5.0,5.0,1.296220633299285,False,False,False,0.1491317671092952,True,True,True,B_POSSIBLY_TRADEABLE,,,,,2024.0,False
CMEm,Stocks,Standard\Stocks\CMEm,ok,,PROVISIONAL,400,FULL,CFD,268.43,268.66,23,0.2300000000000182,2,0.01,0.01,0.01,10.0,100.0,USD,USD,USD,1,POINTS,-4.3,-6.2,Friday,268.66,3.05,400,2024-12-24,2026-07-31,1.59,True,live_tick,True,True,True,False,risk1.25%_expo0.27x,13.43,13.42,2.69,269.0,1.0012655400878432,6.136999999999996,4.871,2.2842998585572825,23.0,0.23,6.14,12.27,order_calc_profit,3.747759491608576,3.74775949160828,False,True,-0.04,-0.06,5.4275092936802976,8.141263940520446,1.2533197139938712,False,False,False,0.2747701736465781,True,True,True,B_POSSIBLY_TRADEABLE,,,,,2024.0,False
GOOGLm,Stocks,Standard\Stocks\GOOGLm,ok,,PROVISIONAL,400,FULL,CFD,357.13,357.45,32,0.3199999999999932,2,0.01,0.01,0.01,10.0,100.0,USD,USD,USD,1,POINTS,-5.6,-4.8,Friday,357.45,0.03,400,2024-12-24,2026-07-31,1.59,True,live_tick,True,True,True,False,risk2.30%_expo0.36x,17.87,17.86,3.57,357.0,0.9987410826689048,11.239999999999997,6.0855000000000015,3.144495733669044,20.0,0.2,11.24,22.48,order_calc_profit,2.846975088967912,1.7793594306049831,False,True,-0.06,-0.05,6.134453781512605,5.1120448179271705,2.296220633299285,False,False,False,0.3646578140960163,True,True,True,B_POSSIBLY_TRADEABLE,,,,,2020.0,False
HDm,Stocks,Standard\Stocks\HDm,ok,,PROVISIONAL,400,FULL,CFD,333.53,333.76,23,0.2300000000000182,2,0.01,0.01,0.01,10.0,100.0,USD,USD,USD,1,POINTS,-5.3,-4.5,Friday,333.76,0.03,400,2024-12-24,2026-07-31,1.59,True,live_tick,True,True,True,False,risk1.69%_expo0.34x,16.69,16.68,3.34,334.0,1.00071907957814,8.262999999999995,7.457000000000002,2.4757310642377743,22.0,0.22,8.26,16.53,order_calc_profit,2.783492678204264,2.662471257412564,False,True,-0.05,-0.05,5.4640718562874255,5.4640718562874255,1.6884576098059247,False,False,False,0.3411644535240041,True,True,True,B_POSSIBLY_TRADEABLE,,,,,2021.0,False
IBMm,Stocks,Standard\Stocks\IBMm,ok,,PROVISIONAL,400,FULL,CFD,222.01,222.22,21,0.2100000000000079,2,0.01,0.01,0.01,10.0,100.0,USD,USD,USD,1,POINTS,-3.5,-4.5,Friday,222.22,0.03,400,2024-12-24,2026-07-31,1.59,True,live_tick,True,True,True,False,risk2.57%_expo0.23x,11.11,11.1,2.22,222.00000000000003,0.9990099900999012,12.558000000000002,6.629500000000002,5.651156511565116,24.0,0.24,12.56,25.12,order_calc_profit,1.6722408026756483,1.9111323459149543,False,True,-0.04,-0.05,6.576576576576576,8.22072072072072,2.5658835546476,False,False,False,0.2267620020429009,True,True,True,B_POSSIBLY_TRADEABLE,,,,,2021.0,False
INTCm,Stocks,Standard\Stocks\INTCm,ok,,PROVISIONAL,400,FULL,CFD,91.83,91.93,10,0.1000000000000085,2,0.01,0.01,0.01,10.0,100.0,USD,USD,USD,1,POINTS,-1.5,-21.6,Friday,91.93,0.03,400,2024-12-24,2026-07-31,1.59,True,live_tick,True,True,True,False,risk1.71%_expo0.09x,4.6,4.59,0.92,92.0,1.0007614489285326,8.364,1.8029999999999984,9.098226911780705,10.0,0.1,8.36,16.73,order_calc_profit,1.1956001912961325,1.1956001912960306,False,True,-0.02,-0.22,7.934782608695652,87.28260869565217,1.7088866189989786,False,False,False,0.093973442288049,True,True,True,B_POSSIBLY_TRADEABLE,,,,,2020.0,False
INTUm,Stocks,Standard\Stocks\INTUm,ok,,PROVISIONAL,400,FULL,CFD,315.82,316.14,32,0.3199999999999932,2,0.01,0.01,0.01,10.0,100.0,USD,USD,USD,1,POINTS,-5.0,-20.2,Friday,316.14,0.02,400,2024-12-24,2026-07-31,1.59,True,live_tick,True,True,True,False,risk2.81%_expo0.32x,15.81,15.79,3.16,316.0,0.9995571582210414,13.767499999999998,15.291499999999996,4.35487442272411,57.0,0.5700000000000001,13.77,27.54,order_calc_profit,2.3243145088069235,4.140185218812421,False,True,-0.05,-0.2,5.775316455696203,23.10126582278481,2.8130745658835545,False,False,False,0.3227783452502553,True,True,True,B_POSSIBLY_TRADEABLE,,,,,2021.0,False
JPMm,Stocks,Standard\Stocks\JPMm,ok,,PROVISIONAL,400,FULL,CFD,353.0,353.32,32,0.3199999999999932,2,0.01,0.01,0.01,10.0,100.0,USD,USD,USD,1,POINTS,-5.6,-4.8,Friday,353.32,2.85,400,2024-12-24,2026-07-31,1.59,True,live_tick,True,True,True,False,risk1.30%_expo0.36x,17.67,17.65,3.53,353.0,0.9990943054454884,6.373500000000002,5.963000000000003,1.803888825993434,32.0,0.32,6.37,12.75,order_calc_profit,5.0207892053031,5.020789205303208,False,True,-0.06,-0.05,6.2039660056657215,5.169971671388102,1.3023493360572012,False,False,False,0.3605720122574055,True,True,True,B_POSSIBLY_TRADEABLE,,,,,2024.0,False
LINm,Stocks,Standard\Stocks\LINm,ok,,PROVISIONAL,400,FULL,CFD,480.05,480.49,44,0.4399999999999977,2,0.01,0.01,0.01,10.0,100.0,USD,USD,USD,1,POINTS,-7.6,-9.7,Friday,480.49,2.82,400,2024-12-24,2026-07-31,1.59,True,live_tick,True,True,True,False,risk2.15%_expo0.49x,24.02,24.0,4.8,480.0,0.9989802077046348,10.524000000000006,6.804499999999999,2.190264105392413,37.0,0.37,10.52,21.05,order_calc_profit,4.180919802356494,3.515773470163434,False,True,-0.08,-0.1,6.083333333333333,7.604166666666666,2.150153217568948,False,False,False,0.4902962206332993,True,True,True,B_POSSIBLY_TRADEABLE,,,,,2024.0,False
LMTm,Stocks,Standard\Stocks\LMTm,ok,,PROVISIONAL,400,FULL,CFD,582.25,582.81,56,0.5599999999999454,2,0.01,0.01,0.01,10.0,100.0,USD,USD,USD,1,POINTS,-9.2,-12.3,Friday,582.81,2.97,400,2024-12-24,2026-07-31,1.59,True,live_tick,True,True,True,False,risk2.92%_expo0.60x,29.14,29.11,5.83,583.0,1.0003260067603508,14.271000000000004,10.345499999999998,2.448653935244764,43.0,0.43,14.27,28.54,order_calc_profit,3.924041763015522,3.0131034966014982,False,True,-0.09,-0.12,5.634648370497428,7.512864493996568,2.9152196118488254,False,False,False,0.5955056179775281,True,True,True,B_POSSIBLY_TRADEABLE,,,,,2024.0,False
MAm,Stocks,Standard\Stocks\MAm,ok,,PROVISIONAL,400,FULL,CFD,573.31,573.85,54,0.5400000000000773,2,0.01,0.01,0.01,10.0,100.0,USD,USD,USD,1,POINTS,-9.1,-12.9,Friday,573.85,3.22,400,2024-12-24,2026-07-31,1.59,True,live_tick,True,True,True,False,risk2.24%_expo0.59x,28.69,28.67,5.74,574.0,1.0002613923499173,10.980999999999977,9.938499999999989,1.9135662629607,54.0,0.54,10.98,21.96,order_calc_profit,4.917584919406962,4.9175849194062575,False,True,-0.09,-0.13,5.7229965156794425,8.266550522648084,2.2431052093973443,False,False,False,0.5863125638406538,True,True,True,B_POSSIBLY_TRADEABLE,,,,,2024.0,False
MSm,Stocks,Standard\Stocks\MSm,ok,,PROVISIONAL,400,FULL,CFD,211.6,211.74,14,0.1400000000000147,2,0.01,0.01,0.01,10.0,100.0,USD,USD,USD,1,POINTS,-3.4,-9.5,Friday,211.74,0.12,400,2024-12-24,2026-07-31,1.59,True,live_tick,True,True,True,False,risk1.34%_expo0.22x,10.59,10.58,2.12,212.0,1.001227921035232,6.556499999999994,3.825999999999996,3.096486256729949,14.0,0.14,6.5600000000000005,13.11,order_calc_profit,2.1352855944484848,2.135285594448259,False,True,-0.03,-0.1,5.165094339622641,17.21698113207547,1.339121552604699,False,False,False,0.2165474974463738,True,True,True,B_POSSIBLY_TRADEABLE,,,,,2020.0,False
MSFTm,Stocks,Standard\Stocks\MSFTm,ok,,PROVISIONAL,400,FULL,CFD,461.94,462.26,32,0.3199999999999932,2,0.01,0.01,0.01,10.0,100.0,USD,USD,USD,1,POINTS,-7.3,-6.8,Friday,462.26,0.04,400,2024-12-24,2026-07-31,1.59,True,live_tick,True,True,True,False,risk2.89%_expo0.47x,23.11,23.1,4.62,462.0,0.9994375459698006,14.156499999999994,9.911999999999995,3.0624540301994534,32.0,0.32,14.16,28.31,order_calc_profit,2.2604457316426614,2.2604457316427093,False,True,-0.07,-0.07,5.53030303030303,5.53030303030303,2.891726251276813,False,False,False,0.4719101123595505,True,True,True,B_POSSIBLY_TRADEABLE,,,,,2020.0,False
NVDAm,Stocks,Standard\Stocks\NVDAm,ok,,PROVISIONAL,400,FULL,CFD,201.01,201.17,16,0.1599999999999966,2,0.01,0.01,0.01,10.0,100.0,USD,USD,USD,1,POINTS,-3.2,-3.1,Friday,201.17,0.03,400,2024-12-24,2026-07-31,1.59,True,live_tick,True,True,True,False,risk1.56%_expo0.21x,10.06,10.05,2.01,201.0,0.9991549435800564,7.643499999999996,6.119000000000005,3.799522791668736,16.0,0.16,7.64,15.29,order_calc_profit,2.0932818734872334,2.093281873487278,False,True,-0.03,-0.03,5.447761194029852,5.447761194029852,1.5617977528089886,False,False,False,0.205311542390194,True,True,True,B_POSSIBLY_TRADEABLE,,,,,2020.0,False
ORCLm,Stocks,Standard\Stocks\ORCLm,ok,,PROVISIONAL,400,FULL,CFD,129.64,129.78,14,0.1400000000000147,2,0.01,0.01,0.01,10.0,100.0,USD,USD,USD,1,POINTS,-2.0,-7.4,Friday,129.78,0.04,400,2024-12-24,2026-07-31,1.59,True,live_tick,True,True,True,False,risk1.36%_expo0.13x,6.49,6.48,1.3,130.0,1.001695176452458,6.653500000000001,7.693500000000002,5.126752966558793,14.0,0.14,6.65,13.31,order_calc_profit,2.1041557075225783,2.1041557075223567,False,True,-0.02,-0.07,5.615384615384615,19.653846153846157,1.359550561797753,False,False,False,0.1327885597548518,True,True,True,B_POSSIBLY_TRADEABLE,,,,,2020.0,False
TMUSm,Stocks,Standard\Stocks\TMUSm,ok,,PROVISIONAL,400,FULL,CFD,171.63,171.82,19,0.1899999999999977,2,0.01,0.01,0.01,10.0,100.0,USD,USD,USD,1,POINTS,-2.7,-2.9,Friday,171.82,2.98,400,2024-12-24,2026-07-31,1.59,True,live_tick,True,True,True,False,risk1.37%_expo0.18x,8.59,8.58,1.72,172.0,1.0010476079618205,6.701500000000003,4.6984999999999975,3.9003026423000833,17.0,0.17,6.7,13.4,order_calc_profit,2.8351861523539155,2.5367455047377443,False,True,-0.03,-0.03,6.366279069767441,6.366279069767441,1.3687436159346271,False,False,False,0.1756894790602655,True,True,True,B_POSSIBLY_TRADEABLE,,,,,2024.0,False
UNHm,Stocks,Standard\Stocks\UNHm,ok,,PROVISIONAL,400,FULL,CFD,416.42,416.71,29,0.2899999999999636,2,0.01,0.01,0.01,10.0,100.0,USD,USD,USD,1,POINTS,-6.7,-5.7,Friday,416.71,3.43,400,2024-12-24,2026-07-31,1.59,True,live_tick,True,True,True,False,risk2.19%_expo0.43x,20.84,20.82,4.17,417.0,1.000695927623527,10.737,9.103,2.576612032348636,22.5,0.225,10.74,21.47,order_calc_profit,2.7009406724407525,2.095557418273261,False,True,-0.07,-0.06,6.127098321342926,5.251798561151079,2.193054136874361,False,False,False,0.4259448416751787,True,True,True,B_POSSIBLY_TRADEABLE,,,,,2024.0,False
Vm,Stocks,Standard\Stocks\Vm,ok,,PROVISIONAL,400,FULL,CFD,366.17,366.57,40,0.3999999999999772,2,0.01,0.01,0.01,10.0,100.0,USD,USD,USD,1,POINTS,-5.8,-20.9,Friday,366.57,24.4,400,2024-12-24,2026-07-31,1.59,True,live_tick,True,True,True,False,risk1.42%_expo0.37x,18.33,18.31,3.67,367.0,1.001173036527812,6.935499999999996,5.959500000000003,1.891998799683552,24.0,0.24,6.94,13.87,order_calc_profit,5.767428447840494,3.460457068704493,False,True,-0.06,-0.21,5.967302452316075,20.885558583106263,1.4167517875383042,False,False,False,0.3748723186925434,True,True,True,B_POSSIBLY_TRADEABLE,,,,,2024.0,False
VRTXm,Stocks,Standard\Stocks\VRTXm,ok,,PROVISIONAL,400,FULL,CFD,479.22,479.79,57,0.5699999999999932,2,0.01,0.01,0.01,10.0,100.0,USD,USD,USD,1,POINTS,-7.6,-6.4,Friday,479.79,2.96,400,2024-12-24,2026-07-31,1.59,True,live_tick,True,True,True,False,risk2.47%_expo0.49x,23.99,23.96,4.8,480.0,1.0004376914900268,12.080000000000002,10.182500000000008,2.5177681902499014,51.0,0.51,12.08,24.16,order_calc_profit,4.718543046357559,4.221854304635761,False,True,-0.08,-0.06,6.083333333333333,4.5625,2.4678243105209394,False,False,False,0.4902962206332993,True,True,True,B_POSSIBLY_TRADEABLE,,,,,2024.0,False
FTNTm,Stocks,Standard\Stocks\FTNTm,ok,,PROVISIONAL,400,FULL,CFD,161.13,161.35,22,0.2199999999999988,2,0.01,0.01,0.01,10.0,100.0,USD,USD,USD,1,POINTS,-2.5,-2.1,Friday,161.35,2.99,400,2024-12-24,2026-07-31,1.59,True,live_tick,True,True,True,False,risk1.65%_expo0.16x,8.07,8.06,1.61,160.99999999999997,0.9978308026030368,8.0645,3.5595,4.998140687945461,10.0,0.1,8.06,16.13,order_calc_profit,2.728005456010898,1.24000248000496,False,True,-0.03,-0.02,6.801242236024846,4.53416149068323,1.6475995914198165,False,False,False,0.1644535240040857,True,True,True,B_POSSIBLY_TRADEABLE,,,,,2024.0,False
AUDMXNm,Forex,Standard\Forex\AUDMXNm,ok,,EXACT,20000,FULL,FOREX_NO_LEVERAGE,12.18153,12.18991,838,0.0083799999999989,5,1e-05,0.01,0.01,200.0,100000.0,MXN,AUD,AUD,1,POINTS,-120.5,0.0,Wednesday,12189.91,49.07,2522,2018-07-03,2026-07-31,10.01,False,live_tick,True,True,True,True,clean_pass,3.52,3.52,7.03,703.0,0.057670647281235,0.0540379999999996,0.1287859999999997,0.4433010580061677,785.0,0.00785,3.12,6.24,order_calc_profit,15.50760575890855,14.52681446389588,False,True,-0.07,0.0,3.634423897581793,-0.0,0.6373850868232891,False,False,True,0.7180796731358529,True,True,True,B_POSSIBLY_TRADEABLE,,,,,2018.0,False
EURMXNm,Forex,Standard\Forex\EURMXNm,ok,,EXACT,20000,FULL,FOREX_NO_LEVERAGE,19.9741,19.99283,1873,0.0187300000000014,5,1e-05,0.01,0.01,200.0,100000.0,MXN,EUR,EUR,1,POINTS,-267.8,0.0,Wednesday,19992.83,1.17,409,2025-04-11,2026-07-31,1.62,False,live_tick,True,True,True,True,near_miss_risk(1.11%),5.77,5.76,11.53,1153.0,0.0576706749369649,0.0942730000000004,0.1302867499999999,0.4715340449551186,1169.0,0.01169,5.44,10.88,order_calc_profit,19.867830662014978,12.400156990866892,False,True,-0.15,0.0,4.748482220294883,-0.0,1.111338100102145,False,False,False,1.177732379979571,False,True,True,B_POSSIBLY_TRADEABLE,,,,,2025.0,False
EURNZDm,Forex,Standard\Forex\EURNZDm,ok,,EXACT,20000,FULL,FOREX,1.95831,1.95865,34,0.00034,5,1e-05,0.01,0.01,200.0,100000.0,NZD,EUR,EUR,1,POINTS,-4.5,-0.9,Wednesday,1958.65,66.64,2522,2018-07-03,2026-07-31,10.01,False,live_tick,True,True,True,True,near_miss_risk(1.19%),0.58,0.58,11.54,1154.0,0.5891813238710336,0.009911,0.011163,0.5060117938375935,36.0,0.00036,5.84,11.67,order_calc_profit,3.430531732418586,3.6323277166784287,False,True,-0.02,-0.01,0.6325823223570191,0.3162911611785095,1.1920326864147088,False,False,False,1.1787538304392238,False,True,True,B_POSSIBLY_TRADEABLE,,,,,2018.0,False
EURSGDm,Forex,Standard\Forex\EURSGDm,ok,,EXACT,20000,FULL,FOREX_NO_LEVERAGE,1.47637,1.48077,440,0.0043999999999999,5,1e-05,0.01,0.01,200.0,100000.0,SGD,EUR,EUR,1,POINTS,0.0,-8.0,Wednesday,1480.77,80.85,2522,2018-07-03,2026-07-31,10.01,False,live_tick,True,True,True,True,clean_pass,5.77,5.76,11.52,1152.0,0.7779736218318848,0.004929,0.0063034999999999,0.332867359549424,80.0,0.0008,3.85,7.71,order_calc_profit,89.26759991884671,16.230472712517734,False,True,0.0,-0.06,-0.0,1.9010416666666663,0.7875383043922369,False,False,True,1.1767109295199183,False,True,True,B_POSSIBLY_TRADEABLE,,,,,2018.0,False
EURUSDm,Forex,Standard\Forex\EURUSDm,ok,,EXACT,20000,FULL,FOREX,1.15284,1.15332,48,0.0004799999999998,5,1e-05,0.01,0.01,200.0,100000.0,USD,EUR,EUR,1,POINTS,-5.8,0.0,Wednesday,1153.32,0.24,2522,2018-07-03,2026-07-31,10.01,False,live_tick,True,True,True,True,near_miss_risk(1.09%),0.58,0.58,11.53,1153.0,0.9997225401449727,0.0053185,0.0062525,0.461146949675722,8.0,8e-05,5.32,10.64,order_calc_profit,9.025101062326044,1.504183510388257,False,True,-0.06,0.0,1.899392888117953,-0.0,1.08682328907048,False,False,False,1.177732379979571,False,True,True,B_POSSIBLY_TRADEABLE,,,,,2018.0,False
GBPCHFm,Forex,Standard\Forex\GBPCHFm,ok,,EXACT,20000,FULL,FOREX,1.08816,1.08873,57,0.0005699999999999,5,1e-05,0.01,0.01,200.0,100000.0,CHF,GBP,GBP,1,POINTS,0.0,-13.2,Wednesday,1088.73,45.14,2522,2018-07-03,2026-07-31,10.01,False,live_tick,True,True,True,True,near_miss_risk(1.19%),0.67,0.67,13.49,1349.0,1.2390583523922367,0.00469,0.0072065,0.4307771440118338,24.0,0.00024,5.8100000000000005,11.62,order_calc_profit,12.153518123666412,5.117270788912538,False,True,0.0,-0.16,-0.0,4.329132690882135,1.1869254341164457,False,False,False,1.3779366700715014,False,True,True,B_POSSIBLY_TRADEABLE,,,,,2018.0,False
HKDJPYm,Forex,Standard\Forex\HKDJPYm,ok,,EXACT,20000,FULL,FOREX,20.283,20.314,31,0.0309999999999988,3,0.001,0.01,0.01,200.0,100000.0,JPY,HKD,HKD,1,POINTS,0.0,-1.2,Wednesday,20314.0,39.74,2518,2018-07-02,2026-07-31,9.99,False,live_tick,True,True,True,True,clean_pass,0.06,0.06,1.29,129.0,0.0063503002855173,0.1298999999999999,0.1113500000000002,0.6394604706114009,24.0,0.024,0.83,1.65,order_calc_profit,23.86451116243173,18.47575057736721,False,True,0.0,-0.01,-0.0,2.8294573643410854,0.1685393258426966,True,True,True,0.1317671092951992,True,True,True,B_POSSIBLY_TRADEABLE,,,,,2018.0,False
USDDKKm,Forex,Standard\Forex\USDDKKm,ok,,EXACT,20000,FULL,FOREX_NO_LEVERAGE,6.47691,6.48889,1198,0.0119799999999994,5,1e-05,0.01,0.01,200.0,100000.0,DKK,USD,USD,1,POINTS,0.0,-41.6,Wednesday,6488.89,28.42,2522,2018-07-03,2026-07-31,10.01,False,live_tick,True,True,True,True,near_miss_risk(1.03%),5.0,5.0,10.0,1000.0,0.1541095626524721,0.0325319999999999,0.037681,0.5013492292210219,626.0,0.00626,5.02,10.04,order_calc_profit,36.82527972457718,19.24259190950451,False,True,0.0,-0.06,-0.0,2.19,1.0255362614913175,False,False,False,1.0214504596527068,False,True,True,B_POSSIBLY_TRADEABLE,,,,,2018.0,False
USDMXNm,Forex,Standard\Forex\USDMXNm,ok,,EXACT,20000,FULL,FOREX_NO_LEVERAGE,17.32587,17.33519,932,0.0093200000000024,5,1e-05,0.01,0.01,200.0,100000.0,MXN,USD,USD,1,POINTS,-179.1,0.0,Wednesday,17335.19,29.39,2522,2018-07-03,2026-07-31,10.01,False,live_tick,True,True,True,True,near_miss_risk(1.08%),20.0,20.0,10.0,1000.0,0.0576861286204535,0.0917434999999997,0.1758754999999991,0.5292327341090565,643.0,0.00643,5.29,10.59,order_calc_profit,10.158757841157644,7.008670914015726,False,True,-0.1,0.0,3.65,-0.0,1.0817160367722165,False,False,False,1.0214504596527068,False,True,True,B_POSSIBLY_TRADEABLE,,,,,2018.0,False
USDSGDm,Forex,Standard\Forex\USDSGDm,ok,,EXACT,20000,FULL,FOREX_NO_LEVERAGE,1.27946,1.28556,610,0.0060999999999999,5,1e-05,0.01,0.01,200.0,100000.0,SGD,USD,USD,1,POINTS,0.0,-12.6,Wednesday,1285.56,22.98,2522,2018-07-03,2026-07-31,10.01,False,live_tick,True,True,True,True,clean_pass,5.0,5.0,10.0,1000.0,0.7778711223124553,0.0050455,0.0053364999999999,0.3924748747627495,125.0,0.00125,3.95,7.89,order_calc_profit,120.8998117134078,24.77455158061638,False,True,0.0,-0.1,-0.0,3.65,0.8059244126659857,False,False,True,1.0214504596527068,False,True,True,B_POSSIBLY_TRADEABLE,,,,,2018.0,False
ZARJPYm,Forex,Standard\Forex\ZARJPYm,ok,,EXACT,20000,FULL,FOREX_NO_LEVERAGE,9.483,9.547,64,0.064,3,0.001,0.01,0.01,200.0,100000.0,JPY,ZAR,ZAR,1,POINTS,0.0,-1.9,Wednesday,9547.000000000002,27.79,2521,2018-07-03,2026-07-31,10.0,False,live_tick,True,True,True,True,clean_pass,0.3,0.3,0.6,60.0,0.0062846967633811,0.1464,0.1346999999999998,1.533466010265005,17.0,0.017,0.93,1.86,order_calc_profit,43.71584699453555,11.612021857923496,False,True,0.0,-0.01,-0.0,6.083333333333333,0.1899897854954034,True,True,True,0.0612870275791624,True,True,True,B_POSSIBLY_TRADEABLE,,,,,2018.0,False
XNIUSDm,Forex,Standard\Forex\XNIUSDm,ok,,EXACT,20000,FULL,FOREX_NO_LEVERAGE,17270.59,17301.42,3083,30.82999999999811,2,0.01,0.01,0.01,200.0,1.0,USD,XNI,XNI,1,POINTS,-373.7,-249.7,Wednesday,173.0142,11.78,909,2022-12-23,2026-07-31,3.61,False,live_tick,True,True,True,True,clean_pass,3.46,3.45,1.73,173.0,0.99991792581187,320.48949999999985,379.2385,1.8523884166733129,4221.0,42.21,3.2,6.41,order_calc_profit,9.619659926455665,13.17047828399995,False,True,-0.03,-0.02,6.329479768786126,4.219653179190751,0.6547497446373851,False,False,True,0.1767109295199183,True,True,True,B_POSSIBLY_TRADEABLE,,,,,2022.0,False
XPBUSDm,Forex,Standard\Forex\XPBUSDm,ok,,EXACT,20000,FULL,FOREX_NO_LEVERAGE,1882.04,1885.48,344,3.4400000000000546,2,0.01,0.01,0.01,200.0,1.0,USD,XPB,XPB,1,POINTS,-61.5,-28.8,Wednesday,18.8548,8.67,851,2023-03-20,2026-07-31,3.38,False,live_tick,True,True,True,True,clean_pass,0.19,0.19,0.19,19.0,1.00770095678554,23.930500000000016,33.0275,1.2691993550713885,430.0,4.3,0.23,0.47,order_calc_profit,14.374960824053204,17.96870103006622,False,True,0.0,0.0,-0.0,-0.0,0.0480081716036772,True,True,True,0.0194075587334014,True,True,True,B_POSSIBLY_TRADEABLE,,,,,2023.0,False
FR40m,Indices,Standard\Indices\FR40m,ok,,EXACT,20000,FULL,CFD,8536.17,8538.05,188,1.8799999999992,2,0.01,0.05,0.01,300.0,1.0,EUR,EUR,EUR,1,POINTS,-110.5,0.0,Friday,426.9025,0.23,2483,2018-01-16,2026-07-31,9.85,False,live_tick,True,True,True,True,near_miss_risk(1.24%),2.46,2.46,4.92,492.0,1.1524879802765269,105.59349999999996,84.36475000000002,1.2367402392818028,236.0,2.36,6.09,12.18,order_calc_profit,1.7804126200942298,2.234986055012857,False,True,-0.07,0.0,5.193089430894309,-0.0,1.2441266598569969,False,False,False,0.5025536261491318,True,True,True,B_POSSIBLY_TRADEABLE,,,,,2018.0,False
ABBVm,Stocks,Standard\Stocks\ABBVm,ok,,EXACT,20000,FULL,CFD,252.49,252.79,30,0.2999999999999829,2,0.01,0.01,0.01,10.0,100.0,USD,USD,USD,1,POINTS,-4.0,-12.1,Friday,252.79,0.25,1413,2020-12-14,2026-07-31,5.61,False,live_tick,True,True,True,True,near_miss_risk(1.22%),12.64,12.62,2.53,253.00000000000003,1.0008307290636498,5.948499999999996,2.877500000000003,2.353138969104789,11.0,0.11,5.95,11.9,order_calc_profit,5.0432882239217145,1.8492056821047336,False,True,-0.04,-0.12,5.770750988142292,17.312252964426875,1.2155260469867213,False,False,False,0.2584269662921348,True,True,True,B_POSSIBLY_TRADEABLE,,,,,2021.0,False
JNJm,Stocks,Standard\Stocks\JNJm,ok,,EXACT,20000,FULL,CFD,256.86,257.05,19,0.1899999999999977,2,0.01,0.01,0.01,10.0,100.0,USD,USD,USD,1,POINTS,-4.1,-4.9,Friday,257.05,12.86,1603,2020-03-16,2026-07-31,6.36,False,live_tick,True,True,True,True,near_miss_risk(1.20%),12.85,12.84,2.57,257.0,0.9998054853141412,5.869000000000004,2.472749999999999,2.2832133826103886,14.0,0.14,5.87,11.74,order_calc_profit,3.237348781734496,2.3854148918043947,False,True,-0.04,-0.05,5.680933852140078,7.101167315175097,1.199182839632278,False,False,False,0.2625127681307456,True,True,True,B_POSSIBLY_TRADEABLE,,,,,2020.0,False
MCDm,Stocks,Standard\Stocks\MCDm,ok,,EXACT,20000,FULL,CFD,270.74,270.9,16,0.1599999999999681,2,0.01,0.01,0.01,10.0,100.0,USD,USD,USD,1,POINTS,-4.3,-19.0,Friday,270.9,0.24,1603,2020-03-16,2026-07-31,6.36,False,live_tick,True,True,True,True,near_miss_risk(1.06%),13.55,13.54,2.71,271.0,1.0003691399040238,5.181,3.961,1.9125138427464008,16.0,0.16,5.18,10.36,order_calc_profit,3.0882069098623464,3.088206909862961,False,True,-0.04,-0.19,5.387453874538745,25.59040590405904,1.058222676200204,False,False,False,0.2768130745658835,True,True,True,B_POSSIBLY_TRADEABLE,,,,,2020.0,False
NKEm,Stocks,Standard\Stocks\NKEm,ok,,EXACT,20000,FULL,CFD,41.85,41.98,13,0.1299999999999954,2,0.01,0.01,0.01,10.0,100.0,USD,USD,USD,1,POINTS,-0.7,-10.1,Friday,41.98,12.81,1603,2020-03-16,2026-07-31,6.36,False,live_tick,True,True,True,True,clean_pass,2.1,2.09,0.42,42.0,1.0004764173415912,1.271,2.3085000000000013,3.027632205812292,13.0,0.13,1.27,2.54,order_calc_profit,10.228166797796652,10.22816679779701,False,True,-0.01,-0.1,8.69047619047619,86.90476190476191,0.2594484167517875,False,True,True,0.0429009193054136,True,True,True,B_POSSIBLY_TRADEABLE,,,,,2020.0,False
PFEm,Stocks,Standard\Stocks\PFEm,ok,,EXACT,20000,FULL,CFD,25.08,25.18,10,0.1000000000000014,2,0.01,0.01,0.01,10.0,100.0,USD,USD,USD,1,POINTS,-0.4,-2.7,Friday,25.18,12.38,1603,2020-03-16,2026-07-31,6.36,False,live_tick,True,True,True,True,clean_pass,1.26,1.25,0.25,25.0,0.9928514694201748,0.4429999999999994,0.6517499999999992,1.7593328038125473,10.0,0.1,0.44,0.89,order_calc_profit,22.57336343115159,22.57336343115127,False,True,-0.0,-0.03,0.0,43.8,0.0909090909090909,True,True,True,0.0255362614913176,True,True,True,B_POSSIBLY_TRADEABLE,,,,,2020.0,False
PMm,Stocks,Standard\Stocks\PMm,ok,,EXACT,20000,FULL,CFD,190.78,191.06,28,0.2800000000000011,2,0.01,0.01,0.01,10.0,100.0,USD,USD,USD,1,POINTS,-3.1,-3.9,Friday,191.06,10.18,1413,2020-12-14,2026-07-31,5.61,False,live_tick,True,True,True,True,near_miss_risk(1.12%),9.55,9.54,1.91,191.0,0.9996859625248612,5.477000000000004,1.679750000000001,2.866638752224434,10.0,0.1,5.48,10.95,order_calc_profit,5.11228774876759,1.8258170531312752,False,True,-0.03,-0.04,5.732984293193717,7.643979057591623,1.118488253319714,False,False,False,0.195097037793667,True,True,True,B_POSSIBLY_TRADEABLE,,,,,2021.0,False
Tm,Stocks,Standard\Stocks\Tm,ok,,EXACT,20000,FULL,CFD,23.19,23.29,10,0.0999999999999978,2,0.01,0.01,0.01,10.0,100.0,USD,USD,USD,1,POINTS,-0.4,-13.1,Friday,23.29,16.31,1603,2020-03-16,2026-07-31,6.36,False,live_tick,True,True,True,True,clean_pass,1.16,1.16,0.23,23.0,0.98754830399313,0.6724999999999998,0.3994999999999998,2.887505367110347,10.0,0.1,0.67,1.35,order_calc_profit,14.86988847583612,14.869888475836438,False,True,-0.0,-0.13,0.0,206.3043478260869,0.1378958120531154,True,True,True,0.0234933605720122,True,True,True,B_POSSIBLY_TRADEABLE,,,,,2020.0,False
BIDUm,Stocks,Standard\Stocks\BIDUm,ok,,EXACT,20000,FULL,CFD,110.16,110.58,42,0.4200000000000017,2,0.01,0.01,0.01,10.0,100.0,USD,USD,USD,1,POINTS,-1.8,-1.5,Friday,110.58,13.48,1216,2021-09-27,2026-07-31,4.83,False,live_tick,True,True,True,True,near_miss_risk(1.00%),11.06,11.02,1.11,111.0,1.003798155181769,4.905999999999999,5.099499999999998,4.436606981370953,19.0,0.19,4.91,9.81,order_calc_profit,8.560945780676759,3.8728088055442327,False,True,-0.02,-0.02,6.576576576576576,6.576576576576576,1.0020429009193057,False,False,False,0.1133810010214504,True,True,True,B_POSSIBLY_TRADEABLE,,,,,2021.0,False
ZTOm,Stocks,Standard\Stocks\ZTOm,ok,,EXACT,20000,FULL,CFD,24.01,24.06,5,0.0499999999999971,2,0.01,0.01,0.01,10.0,100.0,USD,USD,USD,1,POINTS,-0.4,-1.0,Friday,24.06,8.47,1216,2021-09-27,2026-07-31,4.83,False,live_tick,True,True,True,True,clean_pass,2.41,2.4,0.24,24.0,0.997506234413965,0.3489999999999996,0.6004999999999999,1.4505403158769727,5.0,0.05,0.35,0.7,order_calc_profit,14.326647564469114,14.32664756446993,False,True,-0.0,-0.01,0.0,15.208333333333332,0.0715015321756894,True,True,True,0.0245148110316649,True,True,True,B_POSSIBLY_TRADEABLE,,,,,2021.0,False
BCHUSDm,Crypto,Standard\Crypto\BCHUSDm,not_tradeable,trade_mode=DISABLED,PROVISIONAL,400,DISABLED,FOREX_NO_LEVERAGE,205.49,220.49,1500,15.0,2,0.01,0.1,0.01,20.0,1.0,USD,BCH,BCH,0,DISABLED,-4.1,0.0,Wednesday,22.049000000000003,0.01,400,2025-06-09,2026-08-02,1.59,True,live_tick,False,False,False,False,data:not_tradeable,,,,,,,,,,,,,,,,,,,,,,,,,,,,,,C_NOT_TRADEABLE,data:not_tradeable,,,,2019.0,False
BTCJPYm,Crypto,Standard\Crypto\BTCJPYm,ok,,PROVISIONAL,400,CLOSEONLY,FOREX_NO_LEVERAGE,9956725.0,9960716.0,3991,3991.0,0,1.0,0.01,0.01,20.0,1.0,JPY,BTC,BTC,1,POINTS,-1989.5,-3780.8,Wednesday,99607.16,0.01,400,2025-06-24,2026-08-02,1.59,True,live_tick,False,False,False,False,risk3.41%_expo0.65x,1.58,1.58,6.32,632.0,0.0063449254049608,262597.6,416107.2,2.6363325688635237,4775.0,4775.0,16.68,33.36,order_calc_profit,1.5198158703659137,1.818371531194497,False,True,-0.13,-0.24,7.507911392405063,13.860759493670884,3.40755873340143,False,False,False,0.6455566905005107,True,True,True,C_NOT_TRADEABLE,not_tradeable_both_sides(CLOSEONLY);min_lot_risk_3.4pct,,,,2019.0,False
BTCKRWm,Crypto,Standard\Crypto\BTCKRWm,not_tradeable,trade_mode=DISABLED,PROVISIONAL,400,DISABLED,FOREX_NO_LEVERAGE,66181271.0,66543446.0,362175,362175.0,0,1.0,0.01,0.01,20.0,1.0,KRW,BTC,BTC,1,POINTS,0.0,-9947.36,Wednesday,665434.46,0.01,400,2022-11-01,2024-02-12,1.59,True,live_tick,False,False,False,False,data:not_tradeable,,,,,,,,,,,,,,,,,,,,,,,,,,,,,,C_NOT_TRADEABLE,data:not_tradeable,,,,2019.0,False
BTCUSDm,Crypto,Standard\Crypto\BTCUSDm,ok,,PROVISIONAL,400,FULL,FOREX_NO_LEVERAGE,63242.58,63252.58,1000,10.0,2,0.01,0.01,0.01,200.0,1.0,USD,BTC,BTC,1,POINTS,-1248.8,0.0,Friday,632.5258,0.01,400,2025-06-29,2026-08-02,1.59,True,live_tick,True,True,True,False,risk3.18%_expo0.65x,1.58,1.58,6.32,632.0,0.9991687295601224,1554.8329999999994,2708.3645000000006,2.458133723557204,1800.0,18.0,15.55,31.1,order_calc_profit,0.6431558887674756,1.157680599781456,False,True,-0.13,0.0,7.507911392405063,-0.0,3.1767109295199187,False,False,False,0.6455566905005107,True,True,True,C_NOT_TRADEABLE,min_lot_risk_3.2pct,,,,2019.0,False
LTCUSDm,Crypto,Standard\Crypto\LTCUSDm,not_tradeable,trade_mode=DISABLED,PROVISIONAL,400,DISABLED,FOREX_NO_LEVERAGE,44.02,45.82,180,1.7999999999999972,2,0.01,0.1,0.01,20.0,1.0,USD,LTC,LTC,0,DISABLED,-0.9,0.0,Friday,4.582,0.0,400,2025-06-09,2026-08-02,1.59,True,live_tick,False,False,False,False,data:not_tradeable,,,,,,,,,,,,,,,,,,,,,,,,,,,,,,C_NOT_TRADEABLE,data:not_tradeable,,,,2019.0,False
XRPUSDm,Crypto,Standard\Crypto\XRPUSDm,not_tradeable,trade_mode=DISABLED,PROVISIONAL,400,DISABLED,FOREX_NO_LEVERAGE,1.07607,1.08607,1000,0.01,5,1e-05,20.0,10.0,200000.0,1.0,USD,XRP,XRP,0,DISABLED,-21.1,0.0,Wednesday,21.721400000000003,0.0,400,2025-06-09,2026-08-02,1.59,True,live_tick,False,False,False,False,data:not_tradeable,,,,,,,,,,,,,,,,,,,,,,,,,,,,,,C_NOT_TRADEABLE,data:not_tradeable,,,,2019.0,False
AAVEUSDm,Crypto,Standard\Crypto\AAVEUSDm,not_tradeable,trade_mode=DISABLED,PROVISIONAL,400,DISABLED,CFD,142.9,150.87,797,7.969999999999999,2,0.01,0.01,0.01,20.0,1.0,USD,USD,USD,0,DISABLED,0.0,0.0,Wednesday,1.5087000000000002,0.01,400,2023-09-20,2024-10-23,1.59,True,live_tick,False,False,False,False,data:not_tradeable,,,,,,,,,,,,,,,,,,,,,,,,,,,,,,C_NOT_TRADEABLE,data:not_tradeable,,,,2021.0,False
BATUSDm,Crypto,Standard\Crypto\BATUSDm,not_tradeable,trade_mode=DISABLED,PROVISIONAL,400,DISABLED,FOREX_NO_LEVERAGE,0.1559,0.17861,2271,0.0227099999999999,5,1e-05,0.01,0.01,20.0,500.0,USD,BAT,BAT,0,DISABLED,0.0,0.0,Wednesday,0.8930499999999999,0.01,400,2023-09-20,2024-10-23,1.59,True,live_tick,False,False,False,False,data:not_tradeable,,,,,,,,,,,,,,,,,,,,,,,,,,,,,,C_NOT_TRADEABLE,data:not_tradeable,,,,2021.0,False
LINKUSDm,Crypto,Standard\Crypto\LINKUSDm,not_tradeable,trade_mode=DISABLED,PROVISIONAL,400,DISABLED,CFD,11.183,11.278,95,0.0950000000000006,3,0.001,0.01,0.01,20.0,10.0,USD,USD,USD,0,DISABLED,0.0,0.0,Wednesday,1.1278,0.02,400,2023-09-20,2024-10-23,1.59,True,live_tick,False,False,False,False,data:not_tradeable,,,,,,,,,,,,,,,,,,,,,,,,,,,,,,C_NOT_TRADEABLE,data:not_tradeable,,,,2021.0,False
SNXUSDm,Crypto,Standard\Crypto\SNXUSDm,not_tradeable,trade_mode=DISABLED,PROVISIONAL,400,DISABLED,FOREX_NO_LEVERAGE,1.4357,1.5052,695,0.0694999999999999,4,0.0001,0.01,0.01,20.0,10.0,USD,SNX,SNX,0,DISABLED,0.0,0.0,Wednesday,0.15052,0.02,400,2023-09-21,2024-10-24,1.59,True,live_tick,False,False,False,False,data:not_tradeable,,,,,,,,,,,,,,,,,,,,,,,,,,,,,,C_NOT_TRADEABLE,data:not_tradeable,,,,2021.0,False
SOLUSDm,Crypto,Standard\Crypto\SOLUSDm,not_tradeable,trade_mode=DISABLED,PROVISIONAL,400,DISABLED,FOREX_NO_LEVERAGE,73.1321,73.7321,6000,0.6000000000000085,4,0.0001,0.01,0.01,20.0,10.0,USD,SOL,SOL,0,DISABLED,0.0,0.0,Wednesday,7.37321,0.01,400,2024-04-10,2026-08-02,1.59,True,live_tick,False,False,False,False,data:not_tradeable,,,,,,,,,,,,,,,,,,,,,,,,,,,,,,C_NOT_TRADEABLE,data:not_tradeable,,,,2021.0,False
UNIUSDm,Crypto,Standard\Crypto\UNIUSDm,not_tradeable,trade_mode=DISABLED,PROVISIONAL,400,DISABLED,FOREX_NO_LEVERAGE,7.624,7.715,91,0.0910000000000001,3,0.001,0.01,0.01,20.0,10.0,USD,UNI,UNI,0,DISABLED,0.0,0.0,Wednesday,0.7715000000000001,0.01,400,2023-09-20,2024-10-23,1.59,True,live_tick,False,False,False,False,data:not_tradeable,,,,,,,,,,,,,,,,,,,,,,,,,,,,,,C_NOT_TRADEABLE,data:not_tradeable,,,,2021.0,False
ADAUSDm,Crypto,Standard\Crypto\ADAUSDm,not_tradeable,trade_mode=DISABLED,PROVISIONAL,400,DISABLED,FOREX_NO_LEVERAGE,0.3323,0.33507,277,0.0027699999999999,5,1e-05,0.01,0.01,20.0,1000.0,USD,ADA,ADA,0,DISABLED,0.0,0.0,Wednesday,3.3507,0.01,400,2023-07-06,2024-08-08,1.59,True,live_tick,False,False,False,False,data:not_tradeable,,,,,,,,,,,,,,,,,,,,,,,,,,,,,,C_NOT_TRADEABLE,data:not_tradeable,,,,2021.0,False
BNBUSDm,Crypto,Standard\Crypto\BNBUSDm,not_tradeable,trade_mode=DISABLED,PROVISIONAL,400,DISABLED,FOREX_NO_LEVERAGE,587.495,589.495,2000,2.0,3,0.001,0.01,0.01,20.0,10.0,USD,BNB,BNB,0,DISABLED,0.0,0.0,Wednesday,58.9495,0.01,400,2024-04-10,2026-08-02,1.59,True,live_tick,False,False,False,False,data:not_tradeable,,,,,,,,,,,,,,,,,,,,,,,,,,,,,,C_NOT_TRADEABLE,data:not_tradeable,,,,2021.0,False
DOTUSDm,Crypto,Standard\Crypto\DOTUSDm,not_tradeable,trade_mode=DISABLED,PROVISIONAL,400,DISABLED,FOREX_NO_LEVERAGE,4.6441,4.6707,266,0.0266000000000001,4,0.0001,0.01,0.01,20.0,100.0,USD,DOT,DOT,0,DISABLED,0.0,0.0,Wednesday,4.6707,0.01,400,2023-07-06,2024-08-08,1.59,True,live_tick,False,False,False,False,data:not_tradeable,,,,,,,,,,,,,,,,,,,,,,,,,,,,,,C_NOT_TRADEABLE,data:not_tradeable,,,,2021.0,False
ENJUSDm,Crypto,Standard\Crypto\ENJUSDm,not_tradeable,trade_mode=DISABLED,PROVISIONAL,400,DISABLED,FOREX_NO_LEVERAGE,0.13276,0.1351,234,0.00234,5,1e-05,0.01,0.01,20.0,1000.0,USD,ENJ,ENJ,0,DISABLED,0.0,0.0,Wednesday,1.351,0.01,400,2023-07-06,2024-08-08,1.59,True,live_tick,False,False,False,False,data:not_tradeable,,,,,,,,,,,,,,,,,,,,,,,,,,,,,,C_NOT_TRADEABLE,data:not_tradeable,,,,2021.0,False
FILUSDm,Crypto,Standard\Crypto\FILUSDm,not_tradeable,trade_mode=DISABLED,PROVISIONAL,400,DISABLED,FOREX_NO_LEVERAGE,3.5289,3.5566,277,0.0276999999999998,4,0.0001,0.01,0.01,20.0,50.0,USD,FIL,FIL,0,DISABLED,0.0,0.0,Wednesday,1.7783000000000002,0.01,400,2023-07-06,2024-08-08,1.59,True,live_tick,False,False,False,False,data:not_tradeable,,,,,,,,,,,,,,,,,,,,,,,,,,,,,,C_NOT_TRADEABLE,data:not_tradeable,,,,2021.0,False
XTZUSDm,Crypto,Standard\Crypto\XTZUSDm,not_tradeable,trade_mode=DISABLED,PROVISIONAL,400,DISABLED,FOREX_NO_LEVERAGE,0.66194,0.6664,446,0.00446,5,1e-05,0.01,0.01,20.0,500.0,USD,XTZ,XTZ,0,DISABLED,0.0,0.0,Wednesday,3.332,0.03,400,2023-07-06,2024-08-08,1.59,True,live_tick,False,False,False,False,data:not_tradeable,,,,,,,,,,,,,,,,,,,,,,,,,,,,,,C_NOT_TRADEABLE,data:not_tradeable,,,,2021.0,False
1INCHUSDm,Crypto,Standard\Crypto\1INCHUSDm,not_tradeable,trade_mode=DISABLED,PROVISIONAL,400,DISABLED,CFD,0.25473,0.25689,216,0.0021599999999999,5,1e-05,0.01,0.01,20.0,500.0,USD,USD,USD,0,DISABLED,0.0,0.0,Wednesday,1.28445,0.01,400,2023-07-03,2024-08-05,1.59,True,live_tick,False,False,False,False,data:not_tradeable,,,,,,,,,,,,,,,,,,,,,,,,,,,,,,C_NOT_TRADEABLE,data:not_tradeable,,,,2021.0,False
CAKEUSDm,Crypto,Standard\Crypto\CAKEUSDm,not_tradeable,trade_mode=DISABLED,PROVISIONAL,400,DISABLED,CFD,1.5188,1.5338,150,0.0149999999999999,4,0.0001,0.01,0.01,20.0,100.0,USD,USD,USD,0,DISABLED,0.0,0.0,Wednesday,1.5338,0.01,400,2023-07-06,2024-08-08,1.59,True,live_tick,False,False,False,False,data:not_tradeable,,,,,,,,,,,,,,,,,,,,,,,,,,,,,,C_NOT_TRADEABLE,data:not_tradeable,,,,2021.0,False
COMPUSDm,Crypto,Standard\Crypto\COMPUSDm,not_tradeable,trade_mode=DISABLED,PROVISIONAL,400,DISABLED,CFD,37.843,38.579,736,0.7359999999999971,3,0.001,0.01,0.01,20.0,5.0,USD,USD,USD,0,DISABLED,0.0,0.0,Wednesday,1.92895,0.01,400,2023-07-03,2024-08-05,1.59,True,live_tick,False,False,False,False,data:not_tradeable,,,,,,,,,,,,,,,,,,,,,,,,,,,,,,C_NOT_TRADEABLE,data:not_tradeable,,,,2021.0,False
DOGEUSDm,Crypto,Standard\Crypto\DOGEUSDm,not_tradeable,trade_mode=DISABLED,PROVISIONAL,400,DISABLED,CFD,0.100201,0.100792,591,0.000591,6,1e-06,0.01,0.01,20.0,5000.0,USD,USD,USD,0,DISABLED,0.0,0.0,Wednesday,5.0396,0.01,400,2023-07-06,2024-08-08,1.59,True,live_tick,False,False,False,False,data:not_tradeable,,,,,,,,,,,,,,,,,,,,,,,,,,,,,,C_NOT_TRADEABLE,data:not_tradeable,,,,2021.0,False
HBARUSDm,Crypto,Standard\Crypto\HBARUSDm,not_tradeable,trade_mode=DISABLED,PROVISIONAL,400,DISABLED,CFD,0.053494,0.053799,305,0.0003049999999999,6,1e-06,0.01,0.01,20.0,2000.0,USD,USD,USD,0,DISABLED,0.0,0.0,Wednesday,1.07598,0.01,400,2023-07-06,2024-08-08,1.59,True,live_tick,False,False,False,False,data:not_tradeable,,,,,,,,,,,,,,,,,,,,,,,,,,,,,,C_NOT_TRADEABLE,data:not_tradeable,,,,2021.0,False
HTUSDm,Crypto,Standard\Crypto\HTUSDm,not_tradeable,trade_mode=DISABLED,PROVISIONAL,400,DISABLED,CFD,2.7204,2.7666,462,0.0461999999999998,4,0.0001,0.01,0.01,20.0,100.0,USD,USD,USD,0,DISABLED,0.0,0.0,Wednesday,2.7666,0.01,400,2022-06-10,2023-07-15,1.59,True,live_tick,False,False,False,False,data:not_tradeable,,,,,,,,,,,,,,,,,,,,,,,,,,,,,,C_NOT_TRADEABLE,data:not_tradeable,,,,2021.0,False
IOSTUSDm,Crypto,Standard\Crypto\IOSTUSDm,not_tradeable,trade_mode=DISABLED,PROVISIONAL,400,DISABLED,CFD,0.0049327,0.005115,1823,0.0001822999999999,7,1e-07,0.01,0.01,20.0,5000.0,USD,USD,USD,0,DISABLED,0.0,0.0,Wednesday,0.25575,0.01,400,2023-07-06,2024-08-08,1.59,True,live_tick,False,False,False,False,data:not_tradeable,,,,,,,,,,,,,,,,,,,,,,,,,,,,,,C_NOT_TRADEABLE,data:not_tradeable,,,,2021.0,False
MANAUSDm,Crypto,Standard\Crypto\MANAUSDm,not_tradeable,trade_mode=DISABLED,PROVISIONAL,400,DISABLED,CFD,0.264381,0.268419,4038,0.004038,6,1e-06,0.01,0.01,20.0,1000.0,USD,USD,USD,0,DISABLED,0.0,0.0,Wednesday,2.6841900000000005,0.01,400,2023-07-06,2024-08-08,1.59,True,live_tick,False,False,False,False,data:not_tradeable,,,,,,,,,,,,,,,,,,,,,,,,,,,,,,C_NOT_TRADEABLE,data:not_tradeable,,,,2021.0,False
MATICUSDm,Crypto,Standard\Crypto\MATICUSDm,not_tradeable,trade_mode=DISABLED,PROVISIONAL,400,DISABLED,CFD,0.401588,0.403594,2006,0.002006,6,1e-06,0.01,0.01,20.0,2000.0,USD,USD,USD,0,DISABLED,0.0,0.0,Wednesday,8.07188,0.01,400,2023-07-06,2024-08-08,1.59,True,live_tick,False,False,False,False,data:not_tradeable,,,,,,,,,,,,,,,,,,,,,,,,,,,,,,C_NOT_TRADEABLE,data:not_tradeable,,,,2021.0,False
THETAUSDm,Crypto,Standard\Crypto\THETAUSDm,not_tradeable,trade_mode=DISABLED,PROVISIONAL,400,DISABLED,CFD,1.11983,1.12774,791,0.0079099999999998,5,1e-05,0.01,0.01,20.0,500.0,USD,USD,USD,0,DISABLED,0.0,0.0,Wednesday,5.6387,0.03,400,2023-07-06,2024-08-08,1.59,True,live_tick,False,False,False,False,data:not_tradeable,,,,,,,,,,,,,,,,,,,,,,,,,,,,,,C_NOT_TRADEABLE,data:not_tradeable,,,,2021.0,False
BTCUSDTm,Crypto,Standard\Crypto\BTCUSDTm,ok,,PROVISIONAL,400,FULL,CFD,63247.51,63257.51,1000,10.0,2,0.01,0.01,0.01,200.0,1.0,TET,TET,TET,1,POINTS,-1248.8,0.0,Friday,632.5751,0.0,63,2026-06-01,2026-08-02,0.25,False,live_tick,True,True,True,False,history_inadequate(63),1.58,1.58,6.33,633.0,1.0006716989018378,1552.2940000000003,2111.1072500000005,2.453928395221374,1000.0,10.0,15.52,31.05,order_calc_profit,0.6442078626858055,0.6442078626858055,False,True,-0.12,0.0,6.919431279620852,-0.0,3.171603677221655,False,False,False,0.6465781409601634,True,True,True,C_NOT_TRADEABLE,history_inadequate(63d1_bars);min_lot_risk_3.2pct,,,,2026.0,False
ETHBTCm,Crypto,Standard\Crypto\ETHBTCm,ok,,PROVISIONAL,400,FULL,CFD,0.029504,0.029521,17,1.6999999999999654e-05,6,1e-06,0.01,0.01,200.0,100.0,BTC,BTC,BTC,1,POINTS,-0.44,-1.88,Friday,0.029521,0.0,63,2026-06-01,2026-08-02,0.25,False,live_tick,True,True,True,False,history_inadequate(63),4.67,4.66,18.66,1866.0,63209.24087937401,0.0005415499999999,0.000550675,1.8344568273432469,17.0,1.7e-05,34.28,68.5,order_calc_profit,3.139137660419104,3.139137660419168,False,True,-0.0,-0.13,0.0,2.542872454448017,6.996935648621042,False,False,False,1.906026557711951,False,True,True,C_NOT_TRADEABLE,history_inadequate(63d1_bars);min_lot_risk_7.0pct,,,,2026.0,False
BTCAUDm,CryptoCross,Standard\CryptoCross\BTCAUDm,ok,,PROVISIONAL,400,CLOSEONLY,FOREX_NO_LEVERAGE,89943.3,89969.0,257,25.69999999999709,1,0.1,0.5,0.5,20.0,1.0,AUD,BTC,BTC,1,POINTS,-177.7,-136.6,Wednesday,44984.5,0.01,400,2025-06-23,2026-08-02,1.59,True,live_tick,False,False,False,False,risk149.24%_expo32.31x,79.07,79.05,316.28,31628.0,0.7030866187242272,2077.7600000000007,3980.845000000002,2.309417688314865,579.0,57.900000000000006,730.51,1461.02,order_calc_profit,1.2369089789002137,2.7866548590790075,False,True,-6.24,-4.8,7.201214114076136,5.539395472366258,149.23595505617976,False,False,False,32.30643513789581,False,False,False,C_NOT_TRADEABLE,not_tradeable_both_sides(CLOSEONLY);min_lot_risk_149.2pct;exposure_32.3x,,,,2021.0,False
BTCCNHm,CryptoCross,Standard\CryptoCross\BTCCNHm,ok,,PROVISIONAL,400,CLOSEONLY,FOREX_NO_LEVERAGE,426987.3,427291.2,3039,303.9000000000233,1,0.1,0.5,0.5,20.0,1.0,CNH,BTC,BTC,1,POINTS,-843.1,-1549.2,Wednesday,213645.6,0.01,400,2025-06-22,2026-08-02,1.59,True,live_tick,False,False,False,False,risk155.72%_expo32.31x,79.07,79.05,316.28,31628.0,0.1480395570982973,10291.884999999997,19183.075000000008,2.408634907529103,5929.0,592.9,762.23,1524.46,order_calc_profit,2.952811851279172,5.760849445946979,False,True,-6.24,-11.47,7.201214114076136,13.23684709750854,155.71603677221654,False,False,False,32.30643513789581,False,False,False,C_NOT_TRADEABLE,not_tradeable_both_sides(CLOSEONLY);min_lot_risk_155.7pct;exposure_32.3x,,,,2021.0,False
BTCTHBm,CryptoCross,Standard\CryptoCross\BTCTHBm,ok,,PROVISIONAL,400,CLOSEONLY,FOREX_NO_LEVERAGE,2104521.0,2123831.0,19310,19310.0,0,1.0,0.5,0.5,20.0,1.0,THB,BTC,BTC,1,POINTS,-417.4,-740.7,Wednesday,1061915.5,0.0,400,2025-06-29,2026-08-02,1.59,True,live_tick,False,False,False,False,spread_excessive(65%),79.07,79.05,316.28,31628.0,0.0297839140684922,50999.0,84934.15,2.401273924337671,33373.5,33373.5,766.33,1532.66,order_calc_profit,37.863487519363126,65.43951842192985,False,True,-6.27,-11.13,7.235835335778424,12.844473251549262,156.5536261491318,False,False,False,32.30643513789581,False,False,False,C_NOT_TRADEABLE,not_tradeable_both_sides(CLOSEONLY);min_lot_risk_156.6pct;exposure_32.3x;spread_65pct_of_atr,,,,2023.0,False
BTCXAGm,CryptoCross,Standard\CryptoCross\BTCXAGm,ok,,PROVISIONAL,400,CLOSEONLY,FOREX_NO_LEVERAGE,1097.811,1098.557,746,0.7460000000000946,3,0.001,0.5,0.5,20.0,1.0,XAG,BTC,BTC,1,POINTS,-217.2,-508.4,Wednesday,549.2785,33.12,400,2025-06-24,2026-08-02,1.59,True,live_tick,False,False,False,False,risk203.44%_expo32.29x,79.06,79.05,316.14,31614.0,57.55550235445224,34.56485000000002,62.23039999999996,3.14638657802918,920.0,0.92,995.57,1991.72,order_calc_profit,2.158261933727744,2.6616635107631006,False,True,-6.34,-14.98,7.319858290630734,17.295185677231608,203.4443309499489,False,False,False,32.29213483146067,False,False,False,C_NOT_TRADEABLE,not_tradeable_both_sides(CLOSEONLY);min_lot_risk_203.4pct;exposure_32.3x,,,,2025.0,False
BTCXAUm,CryptoCross,Standard\CryptoCross\BTCXAUm,ok,,PROVISIONAL,400,CLOSEONLY,FOREX_NO_LEVERAGE,15.63865,15.64213,348,0.0034799999999997,5,1e-05,0.01,0.01,20.0,1.0,XAU,BTC,BTC,1,POINTS,-308.8,-703.3,Wednesday,0.1564213,0.01,400,2025-06-24,2026-08-02,1.59,True,live_tick,False,False,False,False,risk3.13%_expo0.65x,1.58,1.58,6.33,633.0,4046.763452291983,0.3791130000000002,0.6732790000000004,2.423666086396164,606.0,0.00606,15.33,30.66,order_calc_profit,0.9179321205022524,1.5984680029437124,False,True,-0.13,-0.28,7.496050552922591,16.145339652448655,3.131767109295199,False,False,False,0.6465781409601634,True,True,True,C_NOT_TRADEABLE,not_tradeable_both_sides(CLOSEONLY);min_lot_risk_3.1pct,,,,2021.0,False
BTCZARm,CryptoCross,Standard\CryptoCross\BTCZARm,ok,,PROVISIONAL,400,CLOSEONLY,FOREX_NO_LEVERAGE,1041887.0,1050385.0,8498,8498.0,0,1.0,0.5,0.5,20.0,1.0,ZAR,BTC,BTC,1,POINTS,-206.6,-158.8,Wednesday,525192.5,0.0,400,2025-06-25,2026-08-02,1.59,True,live_tick,False,False,False,False,risk162.49%_expo32.31x,158.13,158.1,316.28,31628.0,0.0602217282234609,26205.35,47425.9,2.494832847003717,956.0,956.0,795.37,1590.75,order_calc_profit,32.428492655125766,3.64811002333493,False,True,-6.27,-4.82,7.235835335778424,5.562476286834452,162.48723186925434,False,False,False,32.30643513789581,False,False,False,C_NOT_TRADEABLE,not_tradeable_both_sides(CLOSEONLY);min_lot_risk_162.5pct;exposure_32.3x,,,,2021.0,False
UKOILm,Energies,Standard\Energies\UKOILm,ok,,PROVISIONAL,400,FULL,CFD,88.29,88.333,43,0.0429999999999921,3,0.001,0.01,0.01,100.0,1000.0,USD,USD,USD,1,POINTS,0.0,-108.6,Friday,883.33,0.01,400,2025-01-14,2026-07-31,1.59,True,live_tick,True,True,True,False,risk8.60%_expo0.90x,4.42,4.41,8.83,883.0,0.99962641368458,4.209499999999999,1.8951500000000012,4.765489681093134,83.0,0.083,42.1,84.19,order_calc_profit,1.0214989903787188,1.9717306093360265,False,True,0.0,-1.09,-0.0,45.05662514156285,8.599591419816138,False,False,False,0.90194075587334,True,True,True,C_NOT_TRADEABLE,min_lot_risk_8.6pct,,,,2020.0,False
USOILm,Energies,Standard\Energies\USOILm,ok,,PROVISIONAL,400,FULL,CFD,84.594,84.614,20,0.0200000000000102,3,0.001,0.01,0.01,100.0,1000.0,USD,USD,USD,1,POINTS,0.0,-129.9,Friday,846.14,0.01,400,2025-04-21,2026-07-31,1.59,True,live_tick,True,True,True,False,risk8.06%_expo0.86x,0.42,0.42,8.46,846.0000000000001,0.9998345427470632,3.944349999999999,1.7911000000000006,4.661580825868058,18.0,0.018,39.44,78.89,order_calc_profit,0.5070543942604038,0.4563489548341299,False,True,0.0,-1.3,-0.0,56.08747044917257,8.058222676200204,False,False,False,0.8641470888661901,True,True,True,C_NOT_TRADEABLE,min_lot_risk_8.1pct,,,,2019.0,False
XNGUSDm,Energies,Standard\Energies\XNGUSDm,ok,,PROVISIONAL,400,FULL,CFD,2.7822,2.7888,66,0.0066000000000001,4,0.0001,0.01,0.01,20.0,10000.0,USD,USD,USD,1,POINTS,-18.8,0.0,Friday,278.88,0.01,400,2025-04-21,2026-07-31,1.59,True,live_tick,True,True,True,False,spread_excessive(34%),13.94,13.91,2.79,279.0,1.0004302925989672,0.0865299999999999,0.1329349999999999,3.1027682157200216,291.0,0.0291,8.65,17.31,order_calc_profit,7.627412458107203,33.629954928926395,False,True,-0.19,0.0,24.85663082437276,-0.0,1.768130745658835,False,False,False,0.2849846782431052,True,True,True,C_NOT_TRADEABLE,spread_34pct_of_atr,,,,2022.0,False
AUDCZKm,Forex,Standard\Forex\AUDCZKm,not_tradeable,trade_mode=DISABLED,PROVISIONAL,400,DISABLED,FOREX_NO_LEVERAGE,14.7051,14.7993,942,0.0942000000000007,4,0.0001,0.01,0.01,200.0,100000.0,CZK,AUD,AUD,1,POINTS,-31.2,-13.4,Wednesday,14799.3,0.01,400,2025-03-21,2026-07-30,1.59,True,live_tick,False,False,False,False,data:not_tradeable,,,,,,,,,,,,,,,,,,,,,,,,,,,,,,C_NOT_TRADEABLE,data:not_tradeable,,,,2018.0,False
AUDDKKm,Forex,Standard\Forex\AUDDKKm,ok,,PROVISIONAL,400,FULL,FOREX_NO_LEVERAGE,4.54936,4.56737,1801,0.0180100000000003,5,1e-05,0.01,0.01,200.0,100000.0,DKK,AUD,AUD,1,POINTS,0.0,-39.5,Wednesday,4567.370000000001,0.0,400,2025-04-22,2026-07-31,1.59,True,live_tick,True,True,True,False,spread_excessive(214%),3.52,3.52,7.04,704.0,0.1541368446173618,0.0267009999999999,0.0258015,0.5846033932000243,5718.0,0.05718,4.12,8.24,order_calc_profit,67.45065727875486,214.14928279839745,False,True,0.0,-0.06,-0.0,3.110795454545454,0.8416751787538304,False,False,True,0.7191011235955056,True,True,True,C_NOT_TRADEABLE,spread_214pct_of_atr,,,,2018.0,False
AUDHUFm,Forex,Standard\Forex\AUDHUFm,not_tradeable,trade_mode=DISABLED,PROVISIONAL,400,DISABLED,FOREX_NO_LEVERAGE,220.445,221.497,1052,1.052000000000021,3,0.001,0.01,0.01,200.0,100000.0,HUF,AUD,AUD,1,POINTS,0.0,0.0,Wednesday,221497.0,0.0,400,2025-03-21,2026-07-30,1.59,True,live_tick,False,False,False,False,data:not_tradeable,,,,,,,,,,,,,,,,,,,,,,,,,,,,,,C_NOT_TRADEABLE,data:not_tradeable,,,,2018.0,False
AUDNOKm,Forex,Standard\Forex\AUDNOKm,ok,,PROVISIONAL,400,FULL,FOREX_NO_LEVERAGE,6.64785,6.66043,1258,0.0125799999999998,5,1e-05,0.01,0.01,200.0,100000.0,NOK,AUD,AUD,1,POINTS,-4.1,-13.8,Wednesday,6660.43,7.11,400,2025-04-22,2026-07-31,1.59,True,live_tick,True,True,True,False,spread_excessive(72%),3.52,3.52,7.02,701.9999999999999,0.1053986003906654,0.0550569999999999,0.150942,0.8266283107847385,3973.0,0.03973,5.82,11.65,order_calc_profit,22.849047350926902,72.16157800098087,False,True,-0.0,-0.01,0.0,0.5199430199430201,1.1899897854954036,False,False,False,0.7170582226762001,True,True,True,C_NOT_TRADEABLE,spread_72pct_of_atr,,,,2025.0,False
AUDPLNm,Forex,Standard\Forex\AUDPLNm,ok,,PROVISIONAL,400,FULL,FOREX_NO_LEVERAGE,2.61273,2.64063,2790,0.0278999999999998,5,1e-05,0.01,0.01,200.0,100000.0,PLN,AUD,AUD,1,POINTS,0.0,-8.0,Wednesday,2640.63,5.69,400,2025-04-22,2026-07-31,1.59,True,live_tick,True,True,True,False,spread_excessive(92%),3.52,3.52,7.03,703.0,0.2662243479775659,0.0261094999999999,0.029502,0.9887602579687418,2393.5,0.023935,7.03,14.05,order_calc_profit,106.85765717459095,91.6716137804248,False,True,0.0,-0.02,-0.0,1.038406827880512,1.4351378958120533,False,False,False,0.7180796731358529,True,True,True,C_NOT_TRADEABLE,spread_92pct_of_atr,,,,2025.0,False
AUDSEKm,Forex,Standard\Forex\AUDSEKm,ok,,PROVISIONAL,400,FULL,FOREX_NO_LEVERAGE,6.67339,6.70916,3577,0.0357699999999994,5,1e-05,0.01,0.01,200.0,100000.0,SEK,AUD,AUD,1,POINTS,0.0,-58.3,Wednesday,6709.16,6.51,400,2025-04-22,2026-07-31,1.59,True,live_tick,True,True,True,False,spread_excessive(66%),7.03,7.03,7.04,704.0,0.1049311687305117,0.069971,0.1651935,1.0429174442106015,4612.5,0.046125,7.36,14.71,order_calc_profit,51.12117877406271,65.92016692629804,False,True,0.0,-0.06,-0.0,3.110795454545454,1.502553626149132,False,False,False,0.7191011235955056,True,True,True,C_NOT_TRADEABLE,spread_66pct_of_atr,,,,2025.0,False
AUDTRYm,Forex,Standard\Forex\AUDTRYm,ok,,PROVISIONAL,400,CLOSEONLY,FOREX_NO_LEVERAGE,33.33339,33.51193,17854,0.1785399999999981,5,1e-05,0.01,0.01,200.0,100000.0,TRY,AUD,AUD,1,POINTS,-1441.04,-192.82,Wednesday,33511.93,7.1,400,2025-04-22,2026-07-31,1.59,True,live_tick,False,False,False,False,spread_excessive(66%),3.52,3.52,7.05,705.0,0.0210372843342654,0.216817499999999,0.216817499999999,0.6469860136375287,14246.5,0.142465,4.5600000000000005,9.13,order_calc_profit,82.34575161137772,65.70733450943794,False,True,-0.3,-0.04,15.53191489361702,2.0709219858156027,0.9325842696629214,False,False,True,0.7201225740551583,True,True,True,C_NOT_TRADEABLE,not_tradeable_both_sides(CLOSEONLY);spread_66pct_of_atr,,,,2025.0,False
CADCZKm,Forex,Standard\Forex\CADCZKm,not_tradeable,trade_mode=DISABLED,PROVISIONAL,400,DISABLED,FOREX_NO_LEVERAGE,14.9397,15.0272,875,0.0875000000000003,4,0.0001,0.01,0.01,200.0,100000.0,CZK,CAD,CAD,1,POINTS,-30.0,-9.8,Wednesday,15027.2,4.14,400,2025-03-21,2026-07-30,1.59,True,live_tick,False,False,False,False,data:not_tradeable,,,,,,,,,,,,,,,,,,,,,,,,,,,,,,C_NOT_TRADEABLE,data:not_tradeable,,,,2025.0,False
CADMXNm,Forex,Standard\Forex\CADMXNm,ok,,PROVISIONAL,400,FULL,FOREX_NO_LEVERAGE,12.35757,12.37375,1618,0.0161799999999985,5,1e-05,0.01,0.01,200.0,100000.0,MXN,CAD,CAD,1,POINTS,-203.4,0.0,Wednesday,12373.75,6.3,400,2025-04-22,2026-07-31,1.59,True,live_tick,True,True,True,False,spread_excessive(180%),3.57,3.57,7.14,714.0,0.0577027982624507,0.0739270000000001,0.0811044999999997,0.5974502474997484,13340.0,0.1334,4.27,8.53,order_calc_profit,21.88645555750741,180.448280060059,False,True,-0.12,0.0,6.134453781512605,-0.0,0.8712972420837588,False,False,True,0.7293156281920327,True,True,True,C_NOT_TRADEABLE,spread_180pct_of_atr,,,,2025.0,False
CADNOKm,Forex,Standard\Forex\CADNOKm,ok,,PROVISIONAL,400,FULL,FOREX_NO_LEVERAGE,6.74453,6.76546,2093,0.0209299999999998,5,1e-05,0.01,0.01,200.0,100000.0,NOK,CAD,CAD,1,POINTS,-50.0,0.0,Wednesday,6765.46,5.89,400,2025-04-22,2026-07-31,1.59,True,live_tick,True,True,True,False,spread_excessive(152%),3.57,3.57,7.14,714.0,0.1055360611104049,0.0642145,0.082206,0.9491520162708827,9733.5,0.097335,6.79,13.58,order_calc_profit,32.59388455878325,151.577914645446,False,True,-0.05,0.0,2.556022408963585,-0.0,1.3871297242083758,False,False,False,0.7293156281920327,True,True,True,C_NOT_TRADEABLE,spread_152pct_of_atr,,,,2025.0,False
CADPLNm,Forex,Standard\Forex\CADPLNm,ok,,PROVISIONAL,400,FULL,FOREX_NO_LEVERAGE,2.65122,2.6804,2918,0.0291800000000002,5,1e-05,0.01,0.01,200.0,100000.0,PLN,CAD,CAD,1,POINTS,-15.8,0.0,Wednesday,2680.4,5.45,400,2025-04-22,2026-07-31,1.59,True,live_tick,True,True,True,False,spread_excessive(92%),3.57,3.57,7.13,713.0,0.2660050738695717,0.0282454999999999,0.0314875,1.0537792866736304,2584.5,0.025845,7.6,15.2,order_calc_profit,103.30849161813462,91.50130109220942,False,True,-0.04,0.0,2.047685834502104,-0.0,1.5526046986721145,False,False,False,0.72829417773238,True,True,True,C_NOT_TRADEABLE,spread_92pct_of_atr,,,,2025.0,False
CADTRYm,Forex,Standard\Forex\CADTRYm,ok,,PROVISIONAL,400,CLOSEONLY,FOREX_NO_LEVERAGE,33.82463,34.0096,18497,0.1849699999999998,5,1e-05,0.01,0.01,200.0,100000.0,TRY,CAD,CAD,1,POINTS,-1552.58,-240.68,Wednesday,34009.6,7.6,400,2025-04-22,2026-07-31,1.59,True,live_tick,False,False,False,False,spread_excessive(102%),3.57,3.57,7.15,715.0,0.0210234757245013,0.1516930000000005,0.1585879999999996,0.4460299444862644,15397.5,0.153975,3.19,6.39,order_calc_profit,121.93707026692012,101.5043541890525,False,True,-0.33,-0.05,16.846153846153847,2.5524475524475525,0.6527068437180796,False,False,True,0.7303370786516854,True,True,True,C_NOT_TRADEABLE,not_tradeable_both_sides(CLOSEONLY);spread_102pct_of_atr,,,,2025.0,False
CHFDKKm,Forex,Standard\Forex\CHFDKKm,ok,,PROVISIONAL,400,FULL,FOREX_NO_LEVERAGE,8.02435,8.03772,1337,0.0133700000000001,5,1e-05,0.01,0.01,200.0,100000.0,DKK,CHF,CHF,1,POINTS,-57.1,0.0,Wednesday,8037.72,5.69,400,2025-04-22,2026-07-31,1.59,True,live_tick,True,True,True,False,spread_excessive(34%),6.19,6.19,12.39,1239.0,0.1541481912781236,0.0344295000000001,0.035231,0.4283490840686184,1180.0,0.0118,5.32,10.63,order_calc_profit,38.832977533801085,34.272934547408326,False,True,-0.09,0.0,2.651331719128329,-0.0,1.0858018386108277,False,False,False,1.265577119509704,False,True,True,C_NOT_TRADEABLE,spread_34pct_of_atr,,,,2025.0,False
CHFHUFm,Forex,Standard\Forex\CHFHUFm,not_tradeable,trade_mode=DISABLED,PROVISIONAL,400,DISABLED,FOREX_NO_LEVERAGE,389.602,391.441,1839,1.8389999999999984,3,0.001,0.01,0.01,200.0,100000.0,HUF,CHF,CHF,1,POINTS,0.0,0.0,Wednesday,391441.0,4.85,400,2025-03-21,2026-07-30,1.59,True,live_tick,False,False,False,False,data:not_tradeable,,,,,,,,,,,,,,,,,,,,,,,,,,,,,,C_NOT_TRADEABLE,data:not_tradeable,,,,2025.0,False
CHFNOKm,Forex,Standard\Forex\CHFNOKm,ok,,PROVISIONAL,400,FULL,FOREX_NO_LEVERAGE,11.71174,11.74711,3537,0.0353699999999985,5,1e-05,0.01,0.01,200.0,100000.0,NOK,CHF,CHF,1,POINTS,-157.9,0.0,Wednesday,11747.11,6.4,400,2025-04-22,2026-07-31,1.59,True,live_tick,True,True,True,False,spread_excessive(145%),6.19,6.19,12.39,1239.0,0.1054727503190146,0.1161625000000001,0.1452179999999999,0.9888602388161868,16806.5,0.168065,12.29,24.57,order_calc_profit,30.4487248466575,144.6809426450014,False,True,-0.17,0.0,5.008071025020177,-0.0,2.5097037793667005,False,False,False,1.265577119509704,False,True,True,C_NOT_TRADEABLE,spread_145pct_of_atr,,,,2025.0,False
CHFPLNm,Forex,Standard\Forex\CHFPLNm,ok,,PROVISIONAL,400,FULL,FOREX_NO_LEVERAGE,4.60343,4.6537,5027,0.0502699999999993,5,1e-05,0.01,0.01,200.0,100000.0,PLN,CHF,CHF,1,POINTS,-56.9,0.0,Wednesday,4653.7,6.06,400,2025-04-22,2026-07-31,1.59,True,live_tick,True,True,True,False,spread_excessive(98%),6.19,6.19,12.39,1239.0,0.2662397662075338,0.0461565000000002,0.0515365,0.9918237101661088,4538.5,0.045385,12.42,24.84,order_calc_profit,108.91207088925536,98.32851277718156,False,True,-0.15,0.0,4.418886198547216,-0.0,2.537282941777324,False,False,False,1.265577119509704,False,True,True,C_NOT_TRADEABLE,spread_98pct_of_atr,,,,2025.0,False
CHFSEKm,Forex,Standard\Forex\CHFSEKm,ok,,PROVISIONAL,400,FULL,FOREX_NO_LEVERAGE,11.78374,11.80607,2233,0.0223300000000001,5,1e-05,0.01,0.01,200.0,100000.0,SEK,CHF,CHF,1,POINTS,-78.8,0.0,Wednesday,11806.07,7.55,400,2025-04-22,2026-07-31,1.59,True,live_tick,True,True,True,False,spread_excessive(197%),6.19,6.19,12.39,1239.0,0.1049460150583555,0.0825524999999999,0.1325165000000002,0.6992377649802176,16280.5,0.162805,8.68,17.36,order_calc_profit,27.04945337815352,197.2138941885467,False,True,-0.08,0.0,2.3567393058918484,-0.0,1.773237997957099,False,False,False,1.265577119509704,False,True,True,C_NOT_TRADEABLE,spread_197pct_of_atr,,,,2025.0,False
CHFSGDm,Forex,Standard\Forex\CHFSGDm,ok,,PROVISIONAL,400,FULL,FOREX_NO_LEVERAGE,1.58494,1.59274,780,0.0078,5,1e-05,0.01,0.01,200.0,100000.0,SGD,CHF,CHF,1,POINTS,-10.7,-0.1,Wednesday,1592.74,7.15,400,2025-04-22,2026-07-31,1.59,True,live_tick,True,True,True,False,spread_excessive(25%),6.19,6.19,12.39,1239.0,0.7779047427703203,0.009359,0.009136,0.587603752024813,236.0,0.00236,7.32,14.63,order_calc_profit,83.34223741852787,25.21636927022116,False,True,-0.09,0.0,2.651331719128329,-0.0,1.4943820224719102,False,False,False,1.265577119509704,False,True,True,C_NOT_TRADEABLE,spread_25pct_of_atr,,,,2025.0,False
CHFTRYm,Forex,Standard\Forex\CHFTRYm,ok,,PROVISIONAL,400,CLOSEONLY,FOREX_NO_LEVERAGE,58.72903,59.04525,31622,0.3162200000000013,5,1e-05,0.01,0.01,200.0,100000.0,TRY,CHF,CHF,1,POINTS,-3280.49,-347.04,Wednesday,59045.25,9.05,400,2025-04-22,2026-07-31,1.59,True,live_tick,False,False,False,False,spread_excessive(62%),6.19,6.19,12.41,1241.0,0.0210177787374937,0.4386964999999992,0.3858170000000004,0.742983559219411,27271.5,0.272715,9.23,18.47,order_calc_profit,72.08172392531095,62.16484517200399,False,True,-0.69,-0.07,20.294117647058822,2.0588235294117645,1.8866189989785496,False,False,False,1.2676200204290091,False,True,True,C_NOT_TRADEABLE,not_tradeable_both_sides(CLOSEONLY);spread_62pct_of_atr,,,,2025.0,False
CHFZARm,Forex,Standard\Forex\CHFZARm,ok,,PROVISIONAL,400,FULL,FOREX_NO_LEVERAGE,20.40692,20.57624,16932,0.169319999999999,5,1e-05,0.01,0.01,200.0,100000.0,ZAR,CHF,CHF,1,POINTS,-412.7,0.0,Wednesday,20576.24,7.83,400,2025-04-22,2026-07-31,1.59,True,live_tick,True,True,True,False,risk3.49%_expo1.27x,6.19,6.19,12.39,1239.0,0.0602150830278029,0.2811295000000003,0.2942865000000003,1.3662821778906171,1077.0,0.01077,17.07,34.13,order_calc_profit,60.22847122055809,3.83097469315742,False,True,-0.25,0.0,7.364810330912026,-0.0,3.4862104187946885,False,False,False,1.265577119509704,False,True,True,C_NOT_TRADEABLE,min_lot_risk_3.5pct,,,,2025.0,False
CZKPLNm,Forex,Standard\Forex\CZKPLNm,not_tradeable,trade_mode=DISABLED,PROVISIONAL,400,DISABLED,FOREX_NO_LEVERAGE,0.17632,0.17959,327,0.0032699999999999,5,1e-05,0.01,0.01,200.0,100000.0,PLN,CZK,CZK,1,POINTS,-1.14,-1.18,Wednesday,179.59,3.74,400,2025-03-21,2026-07-30,1.59,True,live_tick,False,False,False,False,data:not_tradeable,,,,,,,,,,,,,,,,,,,,,,,,,,,,,,C_NOT_TRADEABLE,data:not_tradeable,,,,2025.0,False
DKKCZKm,Forex,Standard\Forex\DKKCZKm,not_tradeable,trade_mode=DISABLED,PROVISIONAL,400,DISABLED,FOREX_NO_LEVERAGE,3.2233,3.2505,272,0.0272000000000001,4,0.0001,0.01,0.01,200.0,100000.0,CZK,DKK,DKK,1,POINTS,-8.6,-4.4,Wednesday,3250.5,4.99,400,2025-03-21,2026-07-30,1.59,True,live_tick,False,False,False,False,data:not_tradeable,,,,,,,,,,,,,,,,,,,,,,,,,,,,,,C_NOT_TRADEABLE,data:not_tradeable,,,,2025.0,False
DKKHUFm,Forex,Standard\Forex\DKKHUFm,not_tradeable,trade_mode=DISABLED,PROVISIONAL,400,DISABLED,FOREX_NO_LEVERAGE,48.321,48.647,326,0.3260000000000005,3,0.001,0.01,0.01,200.0,100000.0,HUF,DKK,DKK,1,POINTS,-35.8,-28.2,Wednesday,48647.0,6.7,400,2025-03-21,2026-07-30,1.59,True,live_tick,False,False,False,False,data:not_tradeable,,,,,,,,,,,,,,,,,,,,,,,,,,,,,,C_NOT_TRADEABLE,data:not_tradeable,,,,2025.0,False
DKKPLNm,Forex,Standard\Forex\DKKPLNm,ok,,PROVISIONAL,400,FULL,FOREX_NO_LEVERAGE,0.57276,0.57983,707,0.0070699999999999,5,1e-05,0.01,0.01,200.0,100000.0,PLN,DKK,DKK,1,POINTS,-3.8,0.0,Wednesday,579.8299999999999,4.51,400,2025-04-22,2026-07-31,1.59,True,live_tick,True,True,True,False,spread_excessive(108%),0.77,0.77,1.54,154.0,0.2655950882155115,0.0057659999999999,0.0067669999999999,0.994429401721194,625.0,0.00625,1.55,3.1,order_calc_profit,122.61533125216634,108.39403399236907,False,True,-0.01,0.0,2.3701298701298703,-0.0,0.3166496424923391,False,True,True,0.1573033707865168,True,True,True,C_NOT_TRADEABLE,spread_108pct_of_atr,,,,2025.0,False
DKKSGDm,Forex,Standard\Forex\DKKSGDm,ok,,PROVISIONAL,400,FULL,FOREX_NO_LEVERAGE,0.19718,0.19849,131,0.00131,5,1e-05,0.01,0.01,200.0,100000.0,SGD,DKK,DKK,1,POINTS,0.0,-0.8,Wednesday,198.49,3.76,400,2025-04-22,2026-07-31,1.59,True,live_tick,True,True,True,False,spread_excessive(54%),0.77,0.77,1.54,154.0,0.7758577258300166,0.0009514999999999,0.0010914999999999,0.4793692377449736,51.0,0.00051,0.74,1.49,order_calc_profit,137.67735155018477,53.59957961114041,False,True,0.0,-0.01,-0.0,2.3701298701298703,0.1521961184882533,True,True,True,0.1573033707865168,True,True,True,C_NOT_TRADEABLE,spread_54pct_of_atr,,,,2025.0,False
EURCZKm,Forex,Standard\Forex\EURCZKm,not_tradeable,trade_mode=DISABLED,PROVISIONAL,400,DISABLED,FOREX_NO_LEVERAGE,24.1311,24.2617,1306,0.1306000000000011,4,0.0001,0.01,0.01,200.0,100000.0,CZK,EUR,EUR,1,POINTS,-38.3,0.0,Wednesday,24261.7,4.32,400,2025-03-21,2026-07-30,1.59,True,live_tick,False,False,False,False,data:not_tradeable,,,,,,,,,,,,,,,,,,,,,,,,,,,,,,C_NOT_TRADEABLE,data:not_tradeable,,,,2025.0,False
EURDKKm,Forex,Standard\Forex\EURDKKm,ok,,PROVISIONAL,400,FULL,FOREX_NO_LEVERAGE,7.47184,7.47817,633,0.0063300000000001,5,1e-05,0.01,0.01,200.0,100000.0,DKK,EUR,EUR,1,POINTS,0.0,-17.1,Wednesday,7478.17,3.91,400,2025-04-22,2026-07-31,1.59,True,live_tick,True,True,True,False,spread_excessive(86%),5.77,5.76,11.52,1152.0,0.1540483834948924,0.007061,0.0070009999999999,0.0944214961681805,607.0,0.00607,1.09,2.18,order_calc_profit,89.64735873105995,85.96516074210419,False,True,0.0,-0.03,-0.0,0.9505208333333331,0.2226762002042901,True,True,True,1.1767109295199183,False,True,True,C_NOT_TRADEABLE,spread_86pct_of_atr,,,,2025.0,False
EURHUFm,Forex,Standard\Forex\EURHUFm,not_tradeable,trade_mode=DISABLED,PROVISIONAL,400,DISABLED,FOREX_NO_LEVERAGE,361.696,363.299,1603,1.6029999999999518,3,0.001,0.01,0.01,200.0,100000.0,HUF,EUR,EUR,1,POINTS,-123.15,-101.9,Wednesday,363299.0,4.09,400,2025-03-21,2026-07-30,1.59,True,live_tick,False,False,False,False,data:not_tradeable,,,,,,,,,,,,,,,,,,,,,,,,,,,,,,C_NOT_TRADEABLE,data:not_tradeable,,,,2025.0,False
EURNOKm,Forex,Standard\Forex\EURNOKm,ok,,PROVISIONAL,400,FULL,FOREX_NO_LEVERAGE,10.90878,10.9283,1952,0.0195199999999999,5,1e-05,0.01,0.01,200.0,100000.0,NOK,EUR,EUR,1,POINTS,-76.3,0.0,Wednesday,10928.3,7.29,400,2025-04-22,2026-07-31,1.59,True,live_tick,True,True,True,False,spread_excessive(66%),5.77,5.76,11.53,1153.0,0.1055058883815414,0.0788739999999999,0.169251,0.7217408014055248,5170.5,0.051705,8.34,16.68,order_calc_profit,24.74833278393385,65.55392144432895,False,True,-0.08,0.0,2.5325238508239374,-0.0,1.703779366700715,False,False,False,1.177732379979571,False,True,True,C_NOT_TRADEABLE,spread_66pct_of_atr,,,,2025.0,False
EURPLNm,Forex,Standard\Forex\EURPLNm,ok,,PROVISIONAL,400,FULL,FOREX_NO_LEVERAGE,4.29868,4.31783,1915,0.0191499999999997,5,1e-05,0.01,0.01,200.0,100000.0,PLN,EUR,EUR,1,POINTS,-23.0,0.0,Wednesday,4317.83,5.5,400,2025-04-22,2026-07-31,1.59,True,live_tick,True,True,True,False,spread_excessive(64%),5.77,5.76,11.5,1150.0,0.2663374889701539,0.0246525,0.0217279999999998,0.5709465171162389,1574.0,0.01574,6.63,13.27,order_calc_profit,77.6797485042073,63.84747997160506,False,True,-0.06,0.0,1.9043478260869564,-0.0,1.3554647599591418,False,False,False,1.1746680286006128,False,True,True,C_NOT_TRADEABLE,spread_64pct_of_atr,,,,2025.0,False
EURSEKm,Forex,Standard\Forex\EURSEKm,ok,,PROVISIONAL,400,FULL,FOREX_NO_LEVERAGE,10.9491,11.00579,5669,0.0566899999999996,5,1e-05,0.01,0.01,200.0,100000.0,SEK,EUR,EUR,1,POINTS,0.0,-25.7,Wednesday,11005.79,7.15,400,2025-04-22,2026-07-31,1.59,True,live_tick,True,True,True,False,spread_excessive(57%),5.77,5.76,11.55,1155.0,0.1049447608940385,0.106497,0.1933729999999998,0.9676452122019416,6052.5,0.060525,11.2,22.39,order_calc_profit,53.23154642853757,56.8325868334319,False,True,0.0,-0.03,-0.0,0.948051948051948,2.2870275791624106,False,False,False,1.1797752808988764,False,True,True,C_NOT_TRADEABLE,spread_57pct_of_atr,,,,2025.0,False
EURTRYm,Forex,Standard\Forex\EURTRYm,ok,,PROVISIONAL,400,CLOSEONLY,FOREX_NO_LEVERAGE,54.73508,54.93209,19701,0.1970100000000059,5,1e-05,0.01,0.01,200.0,100000.0,TRY,EUR,EUR,1,POINTS,-1004.0,-192.9,Wednesday,54932.09,10.94,400,2025-04-22,2026-07-31,1.59,True,live_tick,False,False,False,False,spread_excessive(44%),5.77,5.76,11.55,1155.0,0.0210259613278868,0.3049670000000002,0.3177580000000006,0.5551709392451666,13458.5,0.134585,6.42,12.84,order_calc_profit,64.60043217790965,44.13100433817426,False,True,-0.21,-0.04,6.636363636363636,1.264069264069264,1.3115423901940757,False,False,False,1.1797752808988764,False,True,True,C_NOT_TRADEABLE,not_tradeable_both_sides(CLOSEONLY);spread_44pct_of_atr,,,,2025.0,False
EURZARm,Forex,Standard\Forex\EURZARm,ok,,PROVISIONAL,400,FULL,FOREX_NO_LEVERAGE,18.95789,19.18545,22756,0.2275600000000004,5,1e-05,0.01,0.01,200.0,100000.0,ZAR,EUR,EUR,1,POINTS,-260.7,0.0,Wednesday,19185.45,7.17,400,2025-04-22,2026-07-31,1.59,True,live_tick,True,True,True,False,spread_excessive(28%),5.77,5.76,11.55,1155.0,0.060201871730921,0.3109834999999998,0.2483029999999994,1.620934093284233,8666.0,0.08666,18.88,37.76,order_calc_profit,73.17430024422535,27.8664302125354,False,True,-0.16,0.0,5.056277056277056,-0.0,3.856996935648621,False,False,False,1.1797752808988764,False,True,True,C_NOT_TRADEABLE,min_lot_risk_3.9pct;spread_28pct_of_atr,,,,2025.0,False
GBPCZKm,Forex,Standard\Forex\GBPCZKm,not_tradeable,trade_mode=DISABLED,PROVISIONAL,400,DISABLED,FOREX_NO_LEVERAGE,28.1607,28.3745,2138,0.2138000000000026,4,0.0001,0.01,0.01,200.0,100000.0,CZK,GBP,GBP,1,POINTS,-45.8,-11.2,Wednesday,28374.5,6.01,400,2025-03-21,2026-07-30,1.59,True,live_tick,False,False,False,False,data:not_tradeable,,,,,,,,,,,,,,,,,,,,,,,,,,,,,,C_NOT_TRADEABLE,data:not_tradeable,,,,2025.0,False
GBPDKKm,Forex,Standard\Forex\GBPDKKm,ok,,PROVISIONAL,400,FULL,FOREX_NO_LEVERAGE,8.72757,8.74998,2241,0.0224100000000007,5,1e-05,0.01,0.01,200.0,100000.0,DKK,GBP,GBP,1,POINTS,0.0,-60.6,Wednesday,8749.980000000001,6.98,400,2025-04-22,2026-07-31,1.59,True,live_tick,True,True,True,False,spread_excessive(174%),6.74,6.74,13.48,1348.0,0.1540574949885599,0.0383485,0.0323344999999998,0.4382695731875962,6666.0,0.06666,5.92,11.84,order_calc_profit,58.43774854296958,173.82687719206737,False,True,0.0,-0.09,-0.0,2.4369436201780417,1.2093973442288048,False,False,False,1.3769152196118488,False,True,True,C_NOT_TRADEABLE,spread_174pct_of_atr,,,,2025.0,False
GBPHUFm,Forex,Standard\Forex\GBPHUFm,not_tradeable,trade_mode=DISABLED,PROVISIONAL,400,DISABLED,FOREX_NO_LEVERAGE,422.5,424.309,1809,1.809000000000026,3,0.001,0.01,0.01,200.0,100000.0,HUF,GBP,GBP,1,POINTS,-263.2,-200.2,Wednesday,424309.0,4.97,400,2025-03-21,2026-07-30,1.59,True,live_tick,False,False,False,False,data:not_tradeable,,,,,,,,,,,,,,,,,,,,,,,,,,,,,,C_NOT_TRADEABLE,data:not_tradeable,,,,2025.0,False
GBPNOKm,Forex,Standard\Forex\GBPNOKm,ok,,PROVISIONAL,400,FULL,FOREX_NO_LEVERAGE,12.74399,12.78131,3732,0.0373199999999993,5,1e-05,0.01,0.01,200.0,100000.0,NOK,GBP,GBP,1,POINTS,-31.3,-1.9,Wednesday,12781.31,8.04,400,2025-04-22,2026-07-31,1.59,True,live_tick,True,True,True,False,spread_excessive(142%),6.74,6.74,13.48,1348.0,0.105466497565586,0.1259689999999996,0.1536244999999996,0.9855719014717556,17931.0,0.17931,13.32,26.65,order_calc_profit,29.62633663837886,142.34454508648997,False,True,-0.03,-0.0,0.8123145400593471,0.0,2.722165474974464,False,False,False,1.3769152196118488,False,True,True,C_NOT_TRADEABLE,spread_142pct_of_atr,,,,2025.0,False
GBPPLNm,Forex,Standard\Forex\GBPPLNm,ok,,PROVISIONAL,400,FULL,FOREX_NO_LEVERAGE,5.00972,5.064,5428,0.0542800000000003,5,1e-05,0.01,0.01,200.0,100000.0,PLN,GBP,GBP,1,POINTS,-6.0,-5.2,Wednesday,5064.0,6.3,400,2025-04-22,2026-07-31,1.59,True,live_tick,True,True,True,False,spread_excessive(99%),13.48,13.48,13.48,1348.0,0.2661927330173775,0.0481765,0.0568964999999999,0.9513526856240132,4792.5,0.047925,12.97,25.93,order_calc_profit,112.66903988459164,99.47796124666586,False,True,-0.02,-0.01,0.5415430267062314,0.2707715133531157,2.648621041879469,False,False,False,1.3769152196118488,False,True,True,C_NOT_TRADEABLE,spread_99pct_of_atr,,,,2025.0,False
GBPSEKm,Forex,Standard\Forex\GBPSEKm,ok,,PROVISIONAL,400,FULL,FOREX_NO_LEVERAGE,12.82612,12.84947,2335,0.0233500000000006,5,1e-05,0.01,0.01,200.0,100000.0,SEK,GBP,GBP,1,POINTS,0.0,-85.8,Wednesday,12849.47,8.99,400,2025-04-22,2026-07-31,1.59,True,live_tick,True,True,True,False,spread_excessive(193%),13.48,13.48,13.48,1348.0,0.1049070506409991,0.090831,0.1388479999999999,0.7068851867041989,17555.5,0.175555,9.55,19.1,order_calc_profit,25.70708238376837,193.2765245345752,False,True,0.0,-0.09,-0.0,2.4369436201780417,1.9509703779366705,False,False,False,1.3769152196118488,False,True,True,C_NOT_TRADEABLE,spread_193pct_of_atr,,,,2025.0,False
GBPSGDm,Forex,Standard\Forex\GBPSGDm,ok,,PROVISIONAL,400,FULL,FOREX_NO_LEVERAGE,1.72308,1.73481,1173,0.01173,5,1e-05,0.01,0.01,200.0,100000.0,SGD,GBP,GBP,1,POINTS,0.0,-20.2,Wednesday,1734.81,7.39,400,2025-04-22,2026-07-31,1.59,True,live_tick,True,True,True,False,spread_excessive(211%),6.74,6.74,13.5,1350.0,0.7781832016186211,0.009832,0.0070955,0.5667479435788362,2070.0,0.0207,7.68,15.37,order_calc_profit,119.30431244914574,210.53702196908043,False,True,0.0,-0.16,-0.0,4.325925925925926,1.5699693564862105,False,False,False,1.3789581205311543,False,True,True,C_NOT_TRADEABLE,spread_211pct_of_atr,,,,2025.0,False
GBPTRYm,Forex,Standard\Forex\GBPTRYm,ok,,PROVISIONAL,400,CLOSEONLY,FOREX_NO_LEVERAGE,63.9097,64.24836,33866,0.3386600000000044,5,1e-05,0.01,0.01,200.0,100000.0,TRY,GBP,GBP,1,POINTS,-1078.4,-242.8,Wednesday,64248.36000000001,7.44,400,2025-04-22,2026-07-31,1.59,True,live_tick,False,False,False,False,spread_excessive(71%),6.74,6.74,13.51,1351.0,0.0210277740941558,0.3978525000000008,0.3805630000000001,0.619241487253528,28437.0,0.28437,8.37,16.75,order_calc_profit,85.1219987306863,71.47623805304715,False,True,-0.23,-0.05,6.213915618060696,1.3508512213175423,1.710929519918284,False,False,False,1.379979570990807,False,True,True,C_NOT_TRADEABLE,not_tradeable_both_sides(CLOSEONLY);spread_71pct_of_atr,,,,2025.0,False
GBPZARm,Forex,Standard\Forex\GBPZARm,ok,,PROVISIONAL,400,FULL,FOREX_NO_LEVERAGE,22.22014,22.38931,16917,0.1691699999999976,5,1e-05,0.01,0.01,200.0,100000.0,ZAR,GBP,GBP,1,POINTS,-207.3,0.0,Wednesday,22389.31,6.69,400,2025-04-22,2026-07-31,1.59,True,live_tick,True,True,True,False,risk3.79%_expo1.38x,6.74,6.74,13.48,1348.0,0.0602073042894131,0.3059490000000002,0.2841994999999997,1.3664958857597675,4614.0,0.04614,18.57,37.14,order_calc_profit,55.29352931370832,15.08094486335957,False,True,-0.13,0.0,3.5200296735905043,-0.0,3.7936670071501535,False,False,False,1.3769152196118488,False,True,True,C_NOT_TRADEABLE,min_lot_risk_3.8pct,,,,2025.0,False
HUFJPYm,Forex,Standard\Forex\HUFJPYm,not_tradeable,trade_mode=DISABLED,PROVISIONAL,400,DISABLED,FOREX_NO_LEVERAGE,0.50647,0.50876,229,0.00229,5,1e-05,0.01,0.01,200.0,100000.0,JPY,HUF,HUF,1,POINTS,0.0,0.0,Wednesday,508.76,4.72,400,2025-03-21,2026-07-30,1.59,True,live_tick,False,False,False,False,data:not_tradeable,,,,,,,,,,,,,,,,,,,,,,,,,,,,,,C_NOT_TRADEABLE,data:not_tradeable,,,,2025.0,False
MXNJPYm,Forex,Standard\Forex\MXNJPYm,ok,,PROVISIONAL,400,FULL,FOREX_NO_LEVERAGE,9.0812,9.0914,102,0.0101999999999993,4,0.0001,0.01,0.01,200.0,100000.0,JPY,MXN,MXN,1,POINTS,0.0,-17.5,Wednesday,9091.4,4.49,400,2025-04-22,2026-07-31,1.59,True,live_tick,True,True,True,False,spread_excessive(60%),0.58,0.58,0.58,57.99999999999999,0.006379655498603,0.065155,0.0659649999999997,0.7166663000197993,392.0,0.0392,0.41,0.83,order_calc_profit,15.65497659427414,60.164223774077165,False,True,0.0,-0.01,-0.0,6.293103448275862,0.0847803881511746,True,True,True,0.0592441266598569,True,True,True,C_NOT_TRADEABLE,spread_60pct_of_atr,,,,2025.0,False
NOKDKKm,Forex,Standard\Forex\NOKDKKm,ok,,PROVISIONAL,400,FULL,FOREX_NO_LEVERAGE,0.68313,0.68627,314,0.00314,5,1e-05,0.01,0.01,200.0,100000.0,DKK,NOK,NOK,1,POINTS,0.0,-6.2,Wednesday,686.27,6.05,400,2025-04-22,2026-07-31,1.59,True,live_tick,True,True,True,False,spread_excessive(143%),0.53,0.53,1.06,106.0,0.1544581578678945,0.0063559999999999,0.0077064999999999,0.9261660862342804,911.5,0.009115,0.98,1.96,order_calc_profit,49.40213971051029,143.40780365009454,False,True,0.0,-0.01,-0.0,3.443396226415094,0.2002042900919305,True,True,True,0.1082737487231869,True,True,True,C_NOT_TRADEABLE,spread_143pct_of_atr,,,,2025.0,False
NOKJPYm,Forex,Standard\Forex\NOKJPYm,ok,,PROVISIONAL,400,FULL,FOREX_NO_LEVERAGE,16.592,16.654,62,0.0620000000000011,3,0.001,0.01,0.01,200.0,100000.0,JPY,NOK,NOK,1,POINTS,0.0,-1.9,Wednesday,16654.0,3.96,400,2025-04-22,2026-07-31,1.59,True,live_tick,True,True,True,False,spread_excessive(105%),0.53,0.53,1.06,106.0,0.00636483727633,0.1825999999999997,0.1890999999999999,1.096433289299866,191.5,0.1915,1.16,2.32,order_calc_profit,33.95399780942019,104.87404162102972,False,True,0.0,-0.01,-0.0,3.443396226415094,0.2369765066394279,True,True,True,0.1082737487231869,True,True,True,C_NOT_TRADEABLE,spread_105pct_of_atr,,,,2025.0,False
NOKSEKm,Forex,Standard\Forex\NOKSEKm,ok,,PROVISIONAL,400,FULL,FOREX_NO_LEVERAGE,1.0033,1.00789,459,0.0045899999999998,5,1e-05,0.01,0.01,200.0,100000.0,SEK,NOK,NOK,1,POINTS,0.0,-8.2,Wednesday,1007.89,5.39,400,2025-04-22,2026-07-31,1.59,True,live_tick,True,True,True,False,spread_excessive(219%),0.53,0.53,1.06,106.0,0.1051702070662473,0.0113965,0.0150309999999999,1.1307285517268773,2494.0,0.02494,1.2,2.4,order_calc_profit,40.275523186942166,218.8391172728465,False,True,0.0,-0.01,-0.0,3.443396226415094,0.2451481103166496,True,True,True,0.1082737487231869,True,True,True,C_NOT_TRADEABLE,spread_219pct_of_atr,,,,2025.0,False
NZDCZKm,Forex,Standard\Forex\NZDCZKm,not_tradeable,trade_mode=DISABLED,PROVISIONAL,400,DISABLED,FOREX_NO_LEVERAGE,12.3017,12.3786,769,0.0769000000000001,4,0.0001,0.01,0.01,200.0,100000.0,CZK,NZD,NZD,1,POINTS,-18.6,-2.2,Wednesday,12378.6,3.5,400,2025-03-21,2026-07-30,1.59,True,live_tick,False,False,False,False,data:not_tradeable,,,,,,,,,,,,,,,,,,,,,,,,,,,,,,C_NOT_TRADEABLE,data:not_tradeable,,,,2025.0,False
NZDDKKm,Forex,Standard\Forex\NZDDKKm,ok,,PROVISIONAL,400,FULL,FOREX_NO_LEVERAGE,3.81256,3.82373,1117,0.0111699999999999,5,1e-05,0.01,0.01,200.0,100000.0,DKK,NZD,NZD,1,POINTS,-2.9,-16.2,Wednesday,3823.73,5.59,400,2025-04-22,2026-07-31,1.59,True,live_tick,True,True,True,False,spread_excessive(84%),5.89,5.89,5.89,589.0,0.1540380727718746,0.0220115,0.021902,0.5756551848587661,1848.0,0.01848,3.4,6.8,order_calc_profit,50.74620084955526,83.95611384957827,False,True,-0.0,-0.02,0.0,1.2393887945670627,0.6945863125638406,False,False,True,0.6016343207354443,True,True,True,C_NOT_TRADEABLE,spread_84pct_of_atr,,,,2025.0,False
NZDHUFm,Forex,Standard\Forex\NZDHUFm,not_tradeable,trade_mode=DISABLED,PROVISIONAL,400,DISABLED,FOREX_NO_LEVERAGE,184.355,185.357,1002,1.0020000000000095,3,0.001,0.01,0.01,200.0,100000.0,HUF,NZD,NZD,1,POINTS,-120.0,-90.0,Wednesday,185357.0,3.68,400,2025-03-21,2026-07-30,1.59,True,live_tick,False,False,False,False,data:not_tradeable,,,,,,,,,,,,,,,,,,,,,,,,,,,,,,C_NOT_TRADEABLE,data:not_tradeable,,,,2025.0,False
NZDNOKm,Forex,Standard\Forex\NZDNOKm,ok,,PROVISIONAL,400,FULL,FOREX_NO_LEVERAGE,5.56665,5.58384,1719,0.0171900000000002,5,1e-05,0.01,0.01,200.0,100000.0,NOK,NZD,NZD,1,POINTS,-36.5,0.0,Wednesday,5583.84,10.54,400,2025-04-22,2026-07-31,1.59,True,live_tick,True,True,True,False,spread_excessive(141%),2.95,2.94,5.89,589.0,0.1054829651279406,0.0566894999999998,0.0691665000000001,1.015242198916872,7983.5,0.079835,6.0,11.99,order_calc_profit,30.323075701850076,140.82854849663548,False,True,-0.04,0.0,2.478777589134125,-0.0,1.2247191011235956,False,False,False,0.6016343207354443,True,True,True,C_NOT_TRADEABLE,spread_141pct_of_atr,,,,2025.0,False
NZDPLNm,Forex,Standard\Forex\NZDPLNm,ok,,PROVISIONAL,400,FULL,FOREX_NO_LEVERAGE,2.18832,2.2125,2418,0.0241799999999998,5,1e-05,0.01,0.01,200.0,100000.0,PLN,NZD,NZD,1,POINTS,-10.8,0.0,Wednesday,2212.5,5.78,400,2025-04-22,2026-07-31,1.59,True,live_tick,True,True,True,False,spread_excessive(95%),2.95,2.94,5.89,589.0,0.2662146892655367,0.0226355,0.0258969999999999,1.0230734463276852,2145.5,0.021455,6.09,12.18,order_calc_profit,106.82335269819458,94.78474078328276,False,True,-0.03,0.0,1.859083191850594,-0.0,1.2441266598569969,False,False,False,0.6016343207354443,True,True,True,C_NOT_TRADEABLE,spread_95pct_of_atr,,,,2025.0,False
NZDSEKm,Forex,Standard\Forex\NZDSEKm,ok,,PROVISIONAL,400,FULL,FOREX_NO_LEVERAGE,5.60111,5.61226,1115,0.0111499999999997,5,1e-05,0.01,0.01,200.0,100000.0,SEK,NZD,NZD,1,POINTS,0.0,-19.4,Wednesday,5612.26,5.88,400,2025-04-22,2026-07-31,1.59,True,live_tick,True,True,True,False,spread_excessive(197%),2.95,2.94,5.89,589.0,0.104948808501388,0.039641,0.061622,0.7063286447883754,7808.0,0.07808,4.17,8.33,order_calc_profit,28.12744380817777,196.967785878257,False,True,0.0,-0.02,-0.0,1.2393887945670627,0.8508682328907048,False,False,True,0.6016343207354443,True,True,True,C_NOT_TRADEABLE,spread_197pct_of_atr,,,,2025.0,False
NZDSGDm,Forex,Standard\Forex\NZDSGDm,ok,,PROVISIONAL,400,FULL,FOREX_NO_LEVERAGE,0.75346,0.75725,379,0.0037899999999999,5,1e-05,0.01,0.01,200.0,100000.0,SGD,NZD,NZD,1,POINTS,-0.1,-6.0,Wednesday,757.25,4.39,400,2025-04-22,2026-07-31,1.59,True,live_tick,True,True,True,False,spread_excessive(26%),2.95,2.94,5.89,589.0,0.7778144602178937,0.004728,0.0049335,0.6243644767249924,124.0,0.00124,3.7,7.39,order_calc_profit,80.1607445008451,26.22673434856173,False,True,0.0,-0.05,-0.0,3.0984719864176573,0.7548518896833503,False,False,True,0.6016343207354443,True,True,True,C_NOT_TRADEABLE,spread_26pct_of_atr,,,,2025.0,False
NZDTRYm,Forex,Standard\Forex\NZDTRYm,ok,,PROVISIONAL,400,CLOSEONLY,FOREX_NO_LEVERAGE,27.91801,28.07072,15271,0.1527100000000025,5,1e-05,0.01,0.01,200.0,100000.0,TRY,NZD,NZD,1,POINTS,-1237.22,-206.92,Wednesday,28070.72,7.09,400,2025-04-22,2026-07-31,1.59,True,live_tick,False,False,False,False,spread_excessive(59%),2.95,2.94,5.9,590.0,0.0210183422441604,0.2214935000000004,0.2092965000000003,0.7890552860774515,13094.0,0.13094,4.66,9.32,order_calc_profit,68.94558982543609,59.11685895974364,False,True,-0.26,-0.04,16.084745762711865,2.4745762711864403,0.9519918283963228,False,False,True,0.6026557711950971,True,True,True,C_NOT_TRADEABLE,not_tradeable_both_sides(CLOSEONLY);spread_59pct_of_atr,,,,2025.0,False
NZDZARm,Forex,Standard\Forex\NZDZARm,ok,,PROVISIONAL,400,FULL,FOREX_NO_LEVERAGE,9.68969,9.79546,10577,0.1057699999999997,5,1e-05,0.01,0.01,200.0,100000.0,ZAR,NZD,NZD,1,POINTS,-152.2,0.0,Wednesday,9795.46,6.84,400,2025-04-22,2026-07-31,1.59,True,live_tick,True,True,True,False,spread_excessive(35%),2.95,2.94,5.9,590.0,0.0602319850216324,0.1622359999999998,0.1296744999999999,1.656236664740603,5702.0,0.05702,9.85,19.7,order_calc_profit,65.195147809364,35.14633003772285,False,True,-0.09,0.0,5.567796610169492,-0.0,2.0122574055158324,False,False,False,0.6026557711950971,True,True,True,C_NOT_TRADEABLE,spread_35pct_of_atr,,,,2025.0,False
PLNDKKm,Forex,Standard\Forex\PLNDKKm,ok,,PROVISIONAL,400,FULL,FOREX_NO_LEVERAGE,1.7246,1.74588,2128,0.0212799999999999,5,1e-05,0.01,0.01,200.0,100000.0,DKK,PLN,PLN,1,POINTS,0.0,-11.4,Wednesday,1745.88,5.06,400,2025-04-22,2026-07-31,1.59,True,live_tick,True,True,True,False,spread_excessive(112%),1.35,1.33,2.69,269.0,0.1540770270579879,0.0172365,0.0207189999999999,0.9872671661282562,1931.0,0.01931,2.66,5.32,order_calc_profit,123.45893887970276,112.029704406347,False,True,0.0,-0.02,-0.0,2.7137546468401488,0.54341164453524,False,False,True,0.2747701736465781,True,True,True,C_NOT_TRADEABLE,spread_112pct_of_atr,,,,2025.0,False
PLNHUFm,Forex,Standard\Forex\PLNHUFm,not_tradeable,trade_mode=DISABLED,PROVISIONAL,400,DISABLED,FOREX_NO_LEVERAGE,83.4472,84.9041,14569,1.4569000000000043,4,0.0001,0.01,0.01,200.0,100000.0,HUF,PLN,PLN,1,POINTS,0.0,0.0,Wednesday,84904.1,4.35,400,2025-03-21,2026-07-30,1.59,True,live_tick,False,False,False,False,data:not_tradeable,,,,,,,,,,,,,,,,,,,,,,,,,,,,,,C_NOT_TRADEABLE,data:not_tradeable,,,,2025.0,False
PLNJPYm,Forex,Standard\Forex\PLNJPYm,ok,,PROVISIONAL,400,FULL,FOREX_NO_LEVERAGE,41.8844,42.3637,4793,0.479300000000002,4,0.0001,0.01,0.01,200.0,100000.0,JPY,PLN,PLN,1,POINTS,0.0,-40.4,Wednesday,42363.7,5.68,400,2025-04-22,2026-07-31,1.59,True,live_tick,True,True,True,False,spread_excessive(84%),1.35,1.33,2.69,269.0,0.0063497758694353,0.4931050000000006,0.5068350000000006,1.163980011188826,4124.5,0.41245,3.13,6.27,order_calc_profit,97.20039342533568,83.64344308007412,False,True,0.0,-0.03,-0.0,4.070631970260223,0.6404494382022471,False,False,True,0.2747701736465781,True,True,True,C_NOT_TRADEABLE,spread_84pct_of_atr,,,,2025.0,False
PLNSEKm,Forex,Standard\Forex\PLNSEKm,ok,,PROVISIONAL,400,FULL,FOREX_NO_LEVERAGE,2.53286,2.56406,3120,0.0312000000000001,5,1e-05,0.01,0.01,200.0,100000.0,SEK,PLN,PLN,1,POINTS,0.0,-16.8,Wednesday,2564.06,5.59,400,2025-04-22,2026-07-31,1.59,True,live_tick,True,True,True,False,spread_excessive(231%),1.35,1.33,2.69,269.0,0.1049117415349094,0.0290439999999999,0.0414359999999999,1.1327348033977347,6721.0,0.06721,3.05,6.11,order_calc_profit,107.42321994215727,231.40751962539636,False,True,0.0,-0.02,-0.0,2.7137546468401488,0.6241062308478039,False,False,True,0.2747701736465781,True,True,True,C_NOT_TRADEABLE,spread_231pct_of_atr,,,,2025.0,False
SEKDKKm,Forex,Standard\Forex\SEKDKKm,ok,,PROVISIONAL,400,FULL,FOREX_NO_LEVERAGE,0.67969,0.68207,238,0.0023799999999999,5,1e-05,0.01,0.01,200.0,100000.0,DKK,SEK,SEK,1,POINTS,-0.9,-0.7,Wednesday,682.07,5.46,400,2025-04-22,2026-07-31,1.59,True,live_tick,True,True,True,False,spread_excessive(217%),0.53,0.52,1.05,105.0,0.1539431436656061,0.00506,0.007458,0.7418593399504481,1097.0,0.01097,0.78,1.56,order_calc_profit,47.03557312252823,216.79841897233115,False,True,-0.0,-0.0,0.0,0.0,0.1593462717058222,True,True,True,0.1072522982635342,True,True,True,C_NOT_TRADEABLE,spread_217pct_of_atr,,,,2025.0,False
SEKJPYm,Forex,Standard\Forex\SEKJPYm,ok,,PROVISIONAL,400,FULL,FOREX_NO_LEVERAGE,16.519,16.555,36,0.0360000000000013,3,0.001,0.01,0.01,200.0,100000.0,JPY,SEK,SEK,1,POINTS,0.0,-0.6,Wednesday,16555.0,4.7,400,2025-04-22,2026-07-31,1.59,True,live_tick,True,True,True,False,spread_excessive(167%),0.53,0.52,1.05,105.0,0.0063424947145877,0.1576999999999998,0.1797499999999997,0.9525823014195096,264.0,0.264,1.0,2.0,order_calc_profit,22.82815472416069,167.40646797717204,False,True,0.0,-0.01,-0.0,3.476190476190476,0.2042900919305413,True,True,True,0.1072522982635342,True,True,True,C_NOT_TRADEABLE,spread_167pct_of_atr,,,,2025.0,False
SEKPLNm,Forex,Standard\Forex\SEKPLNm,not_tradeable,trade_mode=DISABLED,PROVISIONAL,400,DISABLED,FOREX_NO_LEVERAGE,0.38818,0.39519,701,0.0070099999999999,5,1e-05,0.01,0.01,200.0,100000.0,PLN,SEK,SEK,1,POINTS,0.0,0.0,Wednesday,395.19,34.22,400,2025-03-21,2026-07-30,1.59,True,live_tick,False,False,False,False,data:not_tradeable,,,,,,,,,,,,,,,,,,,,,,,,,,,,,,C_NOT_TRADEABLE,data:not_tradeable,,,,2025.0,False
SGDHKDm,Forex,Standard\Forex\SGDHKDm,ok,,PROVISIONAL,400,FULL,FOREX_NO_LEVERAGE,6.0984,6.13089,3249,0.0324900000000001,5,1e-05,0.01,0.01,200.0,100000.0,HKD,SGD,SGD,1,POINTS,-52.7,-1.6,Wednesday,6130.89,34.85,400,2025-04-22,2026-07-31,1.59,True,live_tick,True,True,True,False,spread_excessive(49%),3.91,3.89,7.82,782.0,0.1275508123616636,0.0239344999999999,0.0285259999999999,0.3903919333082141,1161.0,0.01161,3.05,6.11,order_calc_profit,135.74547201738147,48.50738473751286,False,True,-0.07,-0.0,3.2672634271099747,0.0,0.6241062308478039,False,False,True,0.7987742594484167,True,True,True,C_NOT_TRADEABLE,spread_49pct_of_atr,,,,2025.0,False
TRYDKKm,Forex,Standard\Forex\TRYDKKm,ok,,PROVISIONAL,400,CLOSEONLY,FOREX_NO_LEVERAGE,0.1359,0.1369,10,0.001,4,0.0001,0.01,0.01,200.0,100000.0,DKK,TRY,TRY,1,POINTS,-0.2,-2.06,Wednesday,136.9,3.08,400,2025-04-22,2026-07-31,1.59,True,live_tick,False,False,False,False,spread_excessive(118%),0.11,0.11,0.21,21.0,0.1533966398831263,0.0007599999999999,0.0010449999999999,0.5551497443389323,9.0,0.0009,0.12,0.23,order_calc_profit,131.5789473684215,118.42105263157924,False,True,-0.0,-0.03,0.0,52.14285714285714,0.0234933605720122,True,True,True,0.0214504596527068,True,True,True,C_NOT_TRADEABLE,not_tradeable_both_sides(CLOSEONLY);spread_118pct_of_atr,,,,2025.0,False
TRYZARm,Forex,Standard\Forex\TRYZARm,ok,,PROVISIONAL,400,CLOSEONLY,FOREX_NO_LEVERAGE,0.34474,0.35116,642,0.00642,5,1e-05,0.01,0.01,200.0,100000.0,ZAR,TRY,TRY,1,POINTS,-10.15,-38.86,Wednesday,351.16,4.42,400,2025-04-22,2026-07-31,1.59,True,live_tick,False,False,False,False,spread_excessive(405%),0.11,0.11,0.21,21.0,0.0598017997494019,0.0064799999999999,0.0041049999999999,1.8453126779815447,2622.0,0.02622,0.39,0.79,order_calc_profit,99.07407407407472,404.62962962963,False,True,-0.01,-0.02,17.38095238095238,34.76190476190476,0.0806945863125638,True,True,True,0.0214504596527068,True,True,True,C_NOT_TRADEABLE,not_tradeable_both_sides(CLOSEONLY);spread_405pct_of_atr,,,,2025.0,False
USDCNHm,Forex,Standard\Forex\USDCNHm,ok,,PROVISIONAL,400,FULL,FOREX,6.75115,6.75489,374,0.0037399999999996,5,1e-05,0.01,0.01,200.0,100000.0,CNH,USD,USD,1,POINTS,0.0,-55.2,Wednesday,6754.89,0.02,400,2025-04-01,2026-07-31,1.59,True,live_tick,True,True,True,False,spread_excessive(34%),0.5,0.5,10.0,1000.0,0.1480409007400564,0.0110125000000001,0.0142125,0.1630300419399892,377.0,0.00377,1.63,3.26,order_calc_profit,33.961407491483186,34.23382519863749,False,True,0.0,-0.08,-0.0,2.92,0.3329928498467824,False,True,True,1.0214504596527068,False,True,True,C_NOT_TRADEABLE,spread_34pct_of_atr,,,,2023.0,False
USDCZKm,Forex,Standard\Forex\USDCZKm,not_tradeable,trade_mode=DISABLED,PROVISIONAL,400,DISABLED,FOREX,20.9222,21.106,1838,0.1838000000000015,4,0.0001,0.01,0.01,200.0,100000.0,CZK,USD,USD,1,POINTS,-4.5,-1.4,Wednesday,21106.0,0.02,400,2025-04-22,2026-07-31,1.59,True,live_tick,False,False,False,False,data:not_tradeable,,,,,,,,,,,,,,,,,,,,,,,,,,,,,,C_NOT_TRADEABLE,data:not_tradeable,,,,2023.0,False
USDHKDm,Forex,Standard\Forex\USDHKDm,ok,,PROVISIONAL,400,FULL,FOREX,7.83993,7.84417,424,0.0042400000000002,5,1e-05,0.01,0.01,200.0,100000.0,HKD,USD,USD,1,POINTS,0.0,-38.8,Wednesday,7844.17,0.02,400,2025-04-22,2026-07-31,1.59,True,live_tick,True,True,True,False,spread_excessive(86%),0.5,0.5,10.0,1000.0,0.1274832136478429,0.0045234999999999,0.0059069999999998,0.0576670316936016,388.0,0.00388,0.58,1.15,order_calc_profit,93.73272908146905,85.77428981982995,False,True,0.0,-0.05,-0.0,1.825,0.1174668028600612,True,True,True,1.0214504596527068,False,True,True,C_NOT_TRADEABLE,spread_86pct_of_atr,,,,2023.0,False
USDNOKm,Forex,Standard\Forex\USDNOKm,ok,,PROVISIONAL,400,FULL,FOREX_NO_LEVERAGE,9.45464,9.48123,2659,0.0265900000000005,5,1e-05,0.01,0.01,200.0,100000.0,NOK,USD,USD,1,POINTS,-23.9,0.0,Wednesday,9481.23,0.04,400,2025-04-22,2026-07-31,1.59,True,live_tick,True,True,True,False,spread_excessive(101%),5.0,5.0,10.0,1000.0,0.1054715474679973,0.1016604999999998,0.1097134999999998,1.0722290251370323,10280.0,0.1028,10.75,21.5,order_calc_profit,26.155684853016265,101.12088766039922,False,True,-0.03,0.0,1.095,-0.0,2.19611848825332,False,False,False,1.0214504596527068,False,True,True,C_NOT_TRADEABLE,spread_101pct_of_atr,,,,2023.0,False
USDPLNm,Forex,Standard\Forex\USDPLNm,ok,,PROVISIONAL,400,FULL,FOREX_NO_LEVERAGE,3.71603,3.75618,4015,0.0401500000000001,5,1e-05,0.01,0.01,200.0,100000.0,PLN,USD,USD,1,POINTS,-4.7,-3.2,Wednesday,3756.18,0.03,400,2025-04-22,2026-07-31,1.59,True,live_tick,True,True,True,False,spread_excessive(66%),5.0,5.0,10.0,1000.0,0.2662279230494811,0.0411009999999999,0.0388259999999999,1.094223386525672,2732.5,0.027325,11.06,22.12,order_calc_profit,97.6861876839983,66.48256733412815,False,True,-0.01,-0.01,0.365,0.365,2.259448416751788,False,False,False,1.0214504596527068,False,True,True,C_NOT_TRADEABLE,spread_66pct_of_atr,,,,2023.0,False
USDSEKm,Forex,Standard\Forex\USDSEKm,ok,,PROVISIONAL,400,FULL,FOREX_NO_LEVERAGE,9.51217,9.52868,1651,0.0165100000000002,5,1e-05,0.01,0.01,200.0,100000.0,SEK,USD,USD,1,POINTS,0.0,-60.0,Wednesday,9528.68,0.04,400,2025-04-22,2026-07-31,1.59,True,live_tick,True,True,True,False,spread_excessive(107%),5.0,5.0,10.0,1000.0,0.1049463304466096,0.0928459999999999,0.1021235000000003,0.9743846996645912,9952.0,0.09952,9.76,19.52,order_calc_profit,17.782133856063005,107.1882472050493,False,True,0.0,-0.06,-0.0,2.19,1.993871297242084,False,False,False,1.0214504596527068,False,True,True,C_NOT_TRADEABLE,spread_107pct_of_atr,,,,2023.0,False
USDTHBm,Forex,Standard\Forex\USDTHBm,ok,,PROVISIONAL,400,FULL,FOREX,33.2749,33.5749,3000,0.2999999999999971,4,0.0001,0.01,0.01,200.0,100000.0,THB,USD,USD,1,POINTS,0.0,-27.5,Wednesday,33574.9,0.07,400,2025-04-01,2026-07-31,1.59,True,live_tick,True,True,True,False,spread_excessive(184%),0.5,0.5,10.0,1000.0,0.0297841542342642,0.1627450000000014,0.1906150000000002,0.4847222180855383,3000.0,0.3,4.89,9.78,order_calc_profit,184.33746044425,184.3374604442517,False,True,0.0,-0.08,-0.0,2.92,0.9989785495403471,False,False,True,1.0214504596527068,False,True,True,C_NOT_TRADEABLE,spread_184pct_of_atr,,,,2023.0,False
USDTRYm,Forex,Standard\Forex\USDTRYm,ok,,PROVISIONAL,400,CLOSEONLY,FOREX_NO_LEVERAGE,47.50686,47.56042,5356,0.0535599999999973,5,1e-05,0.01,0.01,200.0,100000.0,TRY,USD,USD,1,POINTS,-664.0,-109.17,Wednesday,47560.42,0.04,400,2025-04-21,2026-07-31,1.59,True,live_tick,False,False,False,False,spread_excessive(68%),5.0,5.0,10.0,1000.0,0.0210258866511271,0.0785074999999995,0.0706854999999993,0.1650689796263354,5356.0,0.05356,1.65,3.3,order_calc_profit,68.22278126293372,68.22278126293706,False,True,-0.14,-0.02,5.11,0.73,0.3370786516853932,False,True,True,1.0214504596527068,False,True,True,C_NOT_TRADEABLE,not_tradeable_both_sides(CLOSEONLY);spread_68pct_of_atr,,,,2023.0,False
XAGAUDm,Forex,Standard\Forex\XAGAUDm,ok,,PROVISIONAL,400,FULL,FOREX,81.887,81.94,53,0.0529999999999972,3,0.001,0.01,0.01,200.0,5000.0,AUD,XAG,XAG,1,POINTS,-11.8,0.0,Wednesday,4097.0,9.06,400,2025-04-21,2026-07-31,1.59,True,live_tick,True,True,True,False,risk19.87%_expo2.94x,1.44,1.44,28.81,2881.0,0.7031974615572371,2.76655,3.070300000000001,3.3763119355626072,72.0,0.072,97.27,194.53,order_calc_profit,1.915743434964026,2.602519383347491,False,True,-0.41,0.0,5.194376952447066,-0.0,19.870275791624103,False,False,False,2.9427987742594484,False,False,True,C_NOT_TRADEABLE,min_lot_risk_19.9pct,,,,2025.0,False
XAGEURm,Forex,Standard\Forex\XAGEURm,ok,,PROVISIONAL,400,FULL,FOREX,49.917,49.964,47,0.046999999999997,3,0.001,0.01,0.01,200.0,5000.0,EUR,XAG,XAG,1,POINTS,-4.5,0.0,Wednesday,2498.2000000000003,21.99,400,2025-04-21,2026-07-31,1.59,True,live_tick,True,True,True,False,risk20.41%_expo2.94x,1.44,1.44,28.8,2880.0,1.1528300376270917,1.7329,1.7839499999999997,3.4682971739652557,38.0,0.038,99.92,199.86,order_calc_profit,2.712216515667208,2.192855906284263,False,True,-0.25,0.0,3.1684027777777777,-0.0,20.414708886619,False,False,False,2.9417773237997955,False,False,True,C_NOT_TRADEABLE,min_lot_risk_20.4pct,,,,2025.0,False
XAGGBPm,Forex,Standard\Forex\XAGGBPm,ok,,PROVISIONAL,400,FULL,FOREX,42.709,42.734,25,0.0249999999999985,3,0.001,0.01,0.01,200.0,5000.0,GBP,XAG,XAG,1,POINTS,-5.4,0.0,Wednesday,2136.7,20.06,400,2025-04-21,2026-07-31,1.59,True,live_tick,True,True,True,False,risk20.54%_expo2.94x,1.44,1.44,28.81,2881.0,1.3483408995179484,1.4919500000000003,1.5654,3.4912481864557505,33.5,0.0335,100.57,201.13,order_calc_profit,1.675659371962772,2.245383558430242,False,True,-0.36,0.0,4.560916348490108,-0.0,20.544433094994893,False,False,False,2.9427987742594484,False,False,True,C_NOT_TRADEABLE,min_lot_risk_20.5pct,,,,2025.0,False
XAGJPYm,Forex,Standard\Forex\XAGJPYm,not_tradeable,trade_mode=DISABLED,PROVISIONAL,400,DISABLED,FOREX,9411.02,9416.86,584,5.8400000000001455,2,0.01,0.01,0.01,200.0,5000.0,JPY,XAG,XAG,1,POINTS,-215.2,-207.8,Wednesday,470843.0,5.69,400,2025-01-15,2026-07-30,1.59,True,live_tick,False,False,False,False,data:not_tradeable,,,,,,,,,,,,,,,,,,,,,,,,,,,,,,C_NOT_TRADEABLE,data:not_tradeable,,,,2024.0,False
XAGUSDm,Forex,Standard\Forex\XAGUSDm,ok,,PROVISIONAL,400,FULL,FOREX,57.584,57.614,30,0.029999999999994,3,0.001,0.01,0.01,200.0,5000.0,USD,XAG,XAG,1,POINTS,-7.3,0.0,Wednesday,2880.7000000000003,0.03,400,2025-04-21,2026-07-31,1.59,True,live_tick,True,True,True,False,risk21.71%_expo2.94x,1.44,1.44,28.81,2881.0,1.0001041413545315,2.1254000000000004,2.068,3.689033915367793,30.0,0.03,106.27,212.54,order_calc_profit,1.4114990119504105,1.4114990119506914,False,True,-0.36,0.0,4.560916348490108,-0.0,21.70990806945863,False,False,False,2.9427987742594484,False,False,True,C_NOT_TRADEABLE,min_lot_risk_21.7pct,,,,2018.0,False
XAUAUDm,Forex,Standard\Forex\XAUAUDm,ok,,PROVISIONAL,400,FULL,FOREX,5751.058,5752.164,1106,1.1059999999997672,3,0.001,0.01,0.01,200.0,100.0,AUD,XAU,XAU,1,POINTS,-891.7,0.0,Wednesday,5752.164000000001,9.2,400,2025-04-21,2026-07-31,1.59,True,live_tick,True,True,True,False,risk13.17%_expo4.13x,2.02,2.02,40.45,4045.0,0.7032136079569358,91.68294999999992,100.23325000000008,1.5938862313383266,4540.0,4.54,64.47,128.93,order_calc_profit,1.2063311662634852,4.951847644518423,False,True,-0.63,0.0,5.6847960444993815,-0.0,13.16956077630235,False,False,False,4.1317671092952,False,False,False,C_NOT_TRADEABLE,min_lot_risk_13.2pct,,,,2025.0,False
XAUEURm,Forex,Standard\Forex\XAUEURm,ok,,PROVISIONAL,400,FULL,FOREX,3506.137,3507.822,1685,1.6849999999999454,3,0.001,0.01,0.01,200.0,100.0,EUR,XAU,XAU,1,POINTS,-291.6,0.0,Wednesday,3507.822,12.2,400,2025-04-21,2026-07-31,1.59,True,live_tick,True,True,True,False,risk13.76%_expo4.13x,2.02,2.02,40.44,4044.0,1.1528521116521877,58.422050000000034,62.229850000000056,1.6654793202163631,3292.0,3.2920000000000003,67.38,134.75,order_calc_profit,2.884184995220032,5.63485875624015,False,True,-0.33,0.0,2.978486646884273,-0.0,13.764044943820226,False,False,False,4.130745658835546,False,False,False,C_NOT_TRADEABLE,min_lot_risk_13.8pct,,,,2025.0,False
XAUGBPm,Forex,Standard\Forex\XAUGBPm,ok,,PROVISIONAL,400,FULL,FOREX,2999.738,3000.145,407,0.4070000000001528,3,0.001,0.01,0.01,200.0,100.0,GBP,XAU,XAU,1,POINTS,-387.1,0.0,Wednesday,3000.145,11.54,400,2025-04-21,2026-07-31,1.59,True,live_tick,True,True,True,False,risk13.87%_expo4.13x,2.02,2.02,40.44,4044.0,1.347934849815592,50.34095,53.7863,1.6779505657226568,3280.0,3.28,67.88,135.74,order_calc_profit,0.8084869276407235,6.515570325947366,False,True,-0.53,0.0,4.783630069238379,-0.0,13.86516853932584,False,False,False,4.130745658835546,False,False,False,C_NOT_TRADEABLE,min_lot_risk_13.9pct,,,,2025.0,False
XAUUSDm,Forex,Standard\Forex\XAUUSDm,ok,,PROVISIONAL,400,FULL,FOREX,4043.812,4044.072,260,0.2600000000002183,3,0.001,0.01,0.01,200.0,100.0,USD,XAU,XAU,1,POINTS,-482.5,0.0,Wednesday,4044.072,0.09,400,2025-04-21,2026-07-31,1.59,True,live_tick,True,True,True,False,risk15.53%_expo4.13x,2.02,2.02,40.44,4044.0,0.9999821961626796,76.02620000000006,76.89284999999991,1.879941801234005,160.0,0.16,76.02,152.05,order_calc_profit,0.3419873675130653,0.2104537646232481,False,True,-0.48,0.0,4.332344213649852,-0.0,15.53115423901941,False,False,False,4.130745658835546,False,False,False,C_NOT_TRADEABLE,min_lot_risk_15.5pct,,,,2018.0,False
XPDUSDm,Forex,Standard\Forex\XPDUSDm,ok,,PROVISIONAL,400,FULL,FOREX_NO_LEVERAGE,1281.22,1287.22,600,6.0,2,0.01,0.01,0.01,200.0,100.0,USD,XPD,XPD,1,POINTS,-13.4,0.0,Wednesday,1287.22,8.32,400,2025-04-21,2026-07-31,1.59,True,live_tick,True,True,True,False,spread_excessive(29%),12.87,12.81,12.87,1287.0,0.9998290890446078,43.86400000000001,52.72249999999998,3.407653703329657,1256.5,12.565,43.86,87.73,order_calc_profit,13.678643078606598,28.64535838044865,False,True,-0.13,0.0,3.686868686868687,-0.0,8.961184882533198,False,False,False,1.3146067415730338,False,True,True,C_NOT_TRADEABLE,min_lot_risk_9.0pct;spread_29pct_of_atr,,,,2025.0,False
XPTUSDm,Forex,Standard\Forex\XPTUSDm,ok,,PROVISIONAL,400,FULL,FOREX_NO_LEVERAGE,1647.52,1652.43,491,4.910000000000082,2,0.01,0.01,0.01,200.0,100.0,USD,XPT,XPT,1,POINTS,-11.0,0.0,Wednesday,1652.43,0.03,400,2025-04-21,2026-07-31,1.59,True,live_tick,True,True,True,False,risk10.11%_expo1.69x,16.52,16.48,16.52,1652.0,0.9997397771766428,49.472000000000016,58.176499999999976,2.993893841191458,636.0,6.36,49.47,98.94,order_calc_profit,9.924805950841042,12.855756791720566,False,True,-0.11,0.0,2.4303874092009683,-0.0,10.10623084780388,False,False,False,1.6874361593462717,False,True,True,C_NOT_TRADEABLE,min_lot_risk_10.1pct,,,,2023.0,False
XAUUSD247m,Forex,Standard\Forex\XAUUSD247m,no_quote,"(-1, 'Terminal: Call failed') no tick and no history",PROVISIONAL,400,DISABLED,CFD,0.0,0.0,0,,3,0.001,0.01,0.01,200.0,100.0,USD,USD,USD,1,POINTS,-482.5,0.0,Wednesday,0.0,0.23,0,,,,False,live_tick,,,,False,data:no_quote,,,,,,,,,,,,,,,,,,,,,,,,,,,,,,C_NOT_TRADEABLE,data:no_quote,,,,,False
USDAEDm,Forex_Indicator,Standard\Forex_Indicator\USDAEDm,not_tradeable,trade_mode=DISABLED,PROVISIONAL,400,DISABLED,FOREX,3.66591,3.68041,1450,0.0144999999999999,5,1e-05,1e-08,1e-08,1e-08,100000.0,AED,USD,USD,0,DISABLED,0.0,0.0,Wednesday,0.00368041,0.07,400,2025-03-26,2026-07-31,1.59,True,live_tick,False,False,False,False,data:not_tradeable,,,,,,,,,,,,,,,,,,,,,,,,,,,,,,C_NOT_TRADEABLE,data:not_tradeable,,,,2018.0,False
USDAMDm,Forex_Indicator,Standard\Forex_Indicator\USDAMDm,not_tradeable,trade_mode=DISABLED,PROVISIONAL,400,DISABLED,FOREX,365.6811,366.6711,9900,0.9900000000000092,4,0.0001,1e-08,1e-08,1e-08,100000.0,AMD,USD,USD,0,DISABLED,0.0,0.0,Wednesday,0.3666711,2.97,400,2025-01-10,2026-07-31,1.59,True,live_tick,False,False,False,False,data:not_tradeable,,,,,,,,,,,,,,,,,,,,,,,,,,,,,,C_NOT_TRADEABLE,data:not_tradeable,,,,2024.0,False
USDARSm,Forex_Indicator,Standard\Forex_Indicator\USDARSm,not_tradeable,trade_mode=DISABLED,PROVISIONAL,400,DISABLED,FOREX,1542.2094,1594.7684,525590,52.55899999999997,4,0.0001,1e-08,1e-08,1e-08,100000.0,ARS,USD,USD,0,DISABLED,0.0,0.0,Wednesday,1.5947684,2.89,400,2025-03-30,2026-07-31,1.59,True,live_tick,False,False,False,False,data:not_tradeable,,,,,,,,,,,,,,,,,,,,,,,,,,,,,,C_NOT_TRADEABLE,data:not_tradeable,,,,2025.0,False
USDAZNm,Forex_Indicator,Standard\Forex_Indicator\USDAZNm,not_tradeable,trade_mode=DISABLED,PROVISIONAL,400,DISABLED,FOREX,1.6924,1.7076,152,0.0151999999999998,4,0.0001,1e-08,1e-08,1e-08,100000.0,AZN,USD,USD,0,DISABLED,0.0,0.0,Wednesday,0.0017076,1.51,400,2023-03-02,2026-06-29,1.59,True,live_tick,False,False,False,False,data:not_tradeable,,,,,,,,,,,,,,,,,,,,,,,,,,,,,,C_NOT_TRADEABLE,data:not_tradeable,,,,2023.0,False
USDBDTm,Forex_Indicator,Standard\Forex_Indicator\USDBDTm,not_tradeable,trade_mode=DISABLED,PROVISIONAL,400,DISABLED,FOREX,126.2644,130.1328,38684,3.868400000000008,4,0.0001,1e-08,1e-08,1e-08,100000.0,BDT,USD,USD,0,DISABLED,0.0,0.0,Wednesday,0.1301328,2.85,400,2025-03-30,2026-07-31,1.59,True,live_tick,False,False,False,False,data:not_tradeable,,,,,,,,,,,,,,,,,,,,,,,,,,,,,,C_NOT_TRADEABLE,data:not_tradeable,,,,2025.0,False
USDBGNm,Forex_Indicator,Standard\Forex_Indicator\USDBGNm,not_tradeable,trade_mode=DISABLED,PROVISIONAL,400,DISABLED,FOREX,1.6618,1.671,92,0.0092,4,0.0001,1e-08,1e-08,1e-08,100000.0,BGN,USD,USD,0,DISABLED,0.0,0.0,Wednesday,0.001671,3.66,400,2024-06-13,2025-12-31,1.59,True,live_tick,False,False,False,False,data:not_tradeable,,,,,,,,,,,,,,,,,,,,,,,,,,,,,,C_NOT_TRADEABLE,data:not_tradeable,,,,2024.0,False
USDBHDm,Forex_Indicator,Standard\Forex_Indicator\USDBHDm,not_tradeable,trade_mode=DISABLED,PROVISIONAL,400,DISABLED,FOREX,0.37621,0.37794,173,0.00173,5,1e-05,1e-08,1e-08,1e-08,100000.0,BHD,USD,USD,0,DISABLED,0.0,0.0,Wednesday,0.00037794,3.09,400,2024-11-15,2026-07-31,1.59,True,live_tick,False,False,False,False,data:not_tradeable,,,,,,,,,,,,,,,,,,,,,,,,,,,,,,C_NOT_TRADEABLE,data:not_tradeable,,,,2024.0,False
USDBNDm,Forex_Indicator,Standard\Forex_Indicator\USDBNDm,not_tradeable,trade_mode=DISABLED,PROVISIONAL,400,DISABLED,FOREX,1.2815,1.2826,11,0.0011000000000001,4,0.0001,1e-08,1e-08,1e-08,100000.0,BND,USD,USD,0,DISABLED,0.0,0.0,Wednesday,0.0012826,4.86,400,2025-04-21,2026-07-31,1.59,True,live_tick,False,False,False,False,data:not_tradeable,,,,,,,,,,,,,,,,,,,,,,,,,,,,,,C_NOT_TRADEABLE,data:not_tradeable,,,,2025.0,False
USDBRLm,Forex_Indicator,Standard\Forex_Indicator\USDBRLm,not_tradeable,trade_mode=DISABLED,PROVISIONAL,400,DISABLED,FOREX,5.073,5.0751,21,0.0020999999999995,4,0.0001,1e-08,1e-08,1e-08,100000.0,BRL,USD,USD,0,DISABLED,0.0,0.0,Wednesday,0.0050751,5.68,400,2025-02-05,2026-07-31,1.59,True,live_tick,False,False,False,False,data:not_tradeable,,,,,,,,,,,,,,,,,,,,,,,,,,,,,,C_NOT_TRADEABLE,data:not_tradeable,,,,2025.0,False
USDCLPm,Forex_Indicator,Standard\Forex_Indicator\USDCLPm,not_tradeable,trade_mode=DISABLED,PROVISIONAL,400,DISABLED,FOREX,921.4297,935.0297,136000,13.600000000000025,4,0.0001,1e-08,1e-08,1e-08,100000.0,CLP,USD,USD,0,DISABLED,0.0,0.0,Wednesday,0.9350297,3.58,400,2025-01-16,2026-07-31,1.59,True,live_tick,False,False,False,False,data:not_tradeable,,,,,,,,,,,,,,,,,,,,,,,,,,,,,,C_NOT_TRADEABLE,data:not_tradeable,,,,2024.0,False
USDCNYm,Forex_Indicator,Standard\Forex_Indicator\USDCNYm,not_tradeable,trade_mode=DISABLED,PROVISIONAL,400,DISABLED,FOREX,6.7204,6.76,396,0.0396,4,0.0001,1e-08,1e-08,1e-08,100000.0,CNY,USD,USD,0,DISABLED,0.0,0.0,Wednesday,0.00676,3.14,400,2025-02-22,2026-07-30,1.59,True,live_tick,False,False,False,False,data:not_tradeable,,,,,,,,,,,,,,,,,,,,,,,,,,,,,,C_NOT_TRADEABLE,data:not_tradeable,,,,2025.0,False
USDCOPm,Forex_Indicator,Standard\Forex_Indicator\USDCOPm,not_tradeable,trade_mode=DISABLED,PROVISIONAL,400,DISABLED,FOREX,3138.5244,3171.1244,326000,32.600000000000364,4,0.0001,1e-08,1e-08,1e-08,100000.0,COP,USD,USD,0,DISABLED,0.0,0.0,Wednesday,3.1711244,2.62,400,2025-02-05,2026-07-31,1.59,True,live_tick,False,False,False,False,data:not_tradeable,,,,,,,,,,,,,,,,,,,,,,,,,,,,,,C_NOT_TRADEABLE,data:not_tradeable,,,,2025.0,False
USDDZDm,Forex_Indicator,Standard\Forex_Indicator\USDDZDm,not_tradeable,trade_mode=DISABLED,PROVISIONAL,400,DISABLED,FOREX,132.40715,133.30462,89747,0.8974699999999984,5,1e-05,1e-08,1e-08,1e-08,100000.0,DZD,USD,USD,0,DISABLED,0.0,0.0,Wednesday,0.13330462,2.67,400,2025-01-30,2026-07-31,1.59,True,live_tick,False,False,False,False,data:not_tradeable,,,,,,,,,,,,,,,,,,,,,,,,,,,,,,C_NOT_TRADEABLE,data:not_tradeable,,,,2024.0,False
USDEGPm,Forex_Indicator,Standard\Forex_Indicator\USDEGPm,not_tradeable,trade_mode=DISABLED,PROVISIONAL,400,DISABLED,FOREX,49.5774,52.6431,30657,3.0657,4,0.0001,1e-08,1e-08,1e-08,100000.0,EGP,USD,USD,0,DISABLED,0.0,0.0,Wednesday,0.0526431,3.1,400,2025-03-30,2026-07-31,1.59,True,live_tick,False,False,False,False,data:not_tradeable,,,,,,,,,,,,,,,,,,,,,,,,,,,,,,C_NOT_TRADEABLE,data:not_tradeable,,,,2025.0,False
USDGELm,Forex_Indicator,Standard\Forex_Indicator\USDGELm,not_tradeable,trade_mode=DISABLED,PROVISIONAL,400,DISABLED,FOREX,2.6109,2.6297,188,0.0188000000000001,4,0.0001,1e-08,1e-08,1e-08,100000.0,GEL,USD,USD,0,DISABLED,0.0,0.0,Wednesday,0.0026297,2.58,400,2024-08-15,2026-07-29,1.59,True,live_tick,False,False,False,False,data:not_tradeable,,,,,,,,,,,,,,,,,,,,,,,,,,,,,,C_NOT_TRADEABLE,data:not_tradeable,,,,2024.0,False
USDGHSm,Forex_Indicator,Standard\Forex_Indicator\USDGHSm,not_tradeable,trade_mode=DISABLED,PROVISIONAL,400,DISABLED,FOREX,11.70907,12.19236,48329,0.4832900000000002,5,1e-05,1e-08,1e-08,1e-08,100000.0,GHS,USD,USD,0,DISABLED,0.0,0.0,Wednesday,0.01219236,3.57,400,2025-03-30,2026-07-31,1.59,True,live_tick,False,False,False,False,data:not_tradeable,,,,,,,,,,,,,,,,,,,,,,,,,,,,,,C_NOT_TRADEABLE,data:not_tradeable,,,,2025.0,False
USDIDRm,Forex_Indicator,Standard\Forex_Indicator\USDIDRm,not_tradeable,trade_mode=DISABLED,PROVISIONAL,400,DISABLED,FOREX,17985.63,18055.63,700000,70.0,4,0.0001,1e-08,1e-08,1e-08,100000.0,IDR,USD,USD,0,DISABLED,0.0,0.0,Wednesday,18.05563,5.1,400,2025-01-27,2026-07-31,1.59,True,live_tick,False,False,False,False,data:not_tradeable,,,,,,,,,,,,,,,,,,,,,,,,,,,,,,C_NOT_TRADEABLE,data:not_tradeable,,,,2025.0,False
USDINRm,Forex_Indicator,Standard\Forex_Indicator\USDINRm,not_tradeable,trade_mode=DISABLED,PROVISIONAL,400,DISABLED,FOREX,102.005,105.199,3194,3.1940000000000026,3,0.001,1e-08,1e-08,1e-08,100000.0,INR,USD,USD,0,DISABLED,0.0,0.0,Wednesday,0.105199,2.6,400,2025-03-30,2026-07-31,1.59,True,live_tick,False,False,False,False,data:not_tradeable,,,,,,,,,,,,,,,,,,,,,,,,,,,,,,C_NOT_TRADEABLE,data:not_tradeable,,,,2025.0,False
USDISKm,Forex_Indicator,Standard\Forex_Indicator\USDISKm,not_tradeable,trade_mode=DISABLED,PROVISIONAL,400,DISABLED,FOREX,123.0173,123.2849,2676,0.2675999999999874,4,0.0001,1e-08,1e-08,1e-08,100000.0,ISK,USD,USD,0,DISABLED,0.0,0.0,Wednesday,0.1232849,5.09,400,2025-03-19,2026-07-31,1.59,True,live_tick,False,False,False,False,data:not_tradeable,,,,,,,,,,,,,,,,,,,,,,,,,,,,,,C_NOT_TRADEABLE,data:not_tradeable,,,,2025.0,False
USDJODm,Forex_Indicator,Standard\Forex_Indicator\USDJODm,not_tradeable,trade_mode=DISABLED,PROVISIONAL,400,DISABLED,FOREX,0.7084,0.7096,12,0.0011999999999999,4,0.0001,1e-08,1e-08,1e-08,100000.0,JOD,USD,USD,0,DISABLED,0.0,0.0,Wednesday,0.0007096,2.94,400,2025-01-16,2026-07-30,1.59,True,live_tick,False,False,False,False,data:not_tradeable,,,,,,,,,,,,,,,,,,,,,,,,,,,,,,C_NOT_TRADEABLE,data:not_tradeable,,,,2024.0,False
USDKESm,Forex_Indicator,Standard\Forex_Indicator\USDKESm,not_tradeable,trade_mode=DISABLED,PROVISIONAL,400,DISABLED,FOREX,125.78621,130.38307,459686,4.596860000000007,5,1e-05,1e-08,1e-08,1e-08,100000.0,KES,USD,USD,0,DISABLED,0.0,0.0,Wednesday,0.13038307,3.47,400,2025-03-30,2026-07-31,1.59,True,live_tick,False,False,False,False,data:not_tradeable,,,,,,,,,,,,,,,,,,,,,,,,,,,,,,C_NOT_TRADEABLE,data:not_tradeable,,,,2025.0,False
USDKGSm,Forex_Indicator,Standard\Forex_Indicator\USDKGSm,not_tradeable,trade_mode=DISABLED,PROVISIONAL,400,DISABLED,FOREX,87.4256,87.4743,487,0.0486999999999966,4,0.0001,1e-08,1e-08,1e-08,100000.0,KGS,USD,USD,0,DISABLED,0.0,0.0,Wednesday,0.0874743,2.23,400,2023-03-15,2025-10-16,1.59,True,live_tick,False,False,False,False,data:not_tradeable,,,,,,,,,,,,,,,,,,,,,,,,,,,,,,C_NOT_TRADEABLE,data:not_tradeable,,,,2023.0,False
USDKRWm,Forex_Indicator,Standard\Forex_Indicator\USDKRWm,not_tradeable,trade_mode=DISABLED,PROVISIONAL,400,DISABLED,FOREX,1440.9298,1443.7314,28016,2.801600000000008,4,0.0001,1e-08,1e-08,1e-08,100000.0,KRW,USD,USD,0,DISABLED,0.0,0.0,Wednesday,1.4437314,8.37,400,2025-04-09,2026-07-31,1.59,True,live_tick,False,False,False,False,data:not_tradeable,,,,,,,,,,,,,,,,,,,,,,,,,,,,,,C_NOT_TRADEABLE,data:not_tradeable,,,,2025.0,False
USDKWDm,Forex_Indicator,Standard\Forex_Indicator\USDKWDm,not_tradeable,trade_mode=DISABLED,PROVISIONAL,400,DISABLED,FOREX,0.3083,0.3099,16,0.0015999999999999,4,0.0001,1e-08,1e-08,1e-08,100000.0,KWD,USD,USD,0,DISABLED,0.0,0.0,Wednesday,0.0003099,2.62,400,2025-01-16,2026-07-31,1.59,True,live_tick,False,False,False,False,data:not_tradeable,,,,,,,,,,,,,,,,,,,,,,,,,,,,,,C_NOT_TRADEABLE,data:not_tradeable,,,,2024.0,False
USDKZTm,Forex_Indicator,Standard\Forex_Indicator\USDKZTm,not_tradeable,trade_mode=DISABLED,PROVISIONAL,400,DISABLED,FOREX,472.31,475.91,360,3.6000000000000227,2,0.01,1e-08,1e-08,1e-08,100000.0,KZT,USD,USD,0,DISABLED,0.0,0.0,Wednesday,0.47591,2.9,400,2024-11-15,2026-07-31,1.59,True,live_tick,False,False,False,False,data:not_tradeable,,,,,,,,,,,,,,,,,,,,,,,,,,,,,,C_NOT_TRADEABLE,data:not_tradeable,,,,2024.0,False
USDLBPm,Forex_Indicator,Standard\Forex_Indicator\USDLBPm,not_tradeable,trade_mode=DISABLED,PROVISIONAL,400,DISABLED,FOREX,89426.02839,89674.09521,24806682,248.06681999999276,5,1e-05,1e-08,1e-08,1e-08,100000.0,LBP,USD,USD,0,DISABLED,0.0,0.0,Wednesday,89.67409521,2.45,400,2024-08-01,2026-07-30,1.59,True,live_tick,False,False,False,False,data:not_tradeable,,,,,,,,,,,,,,,,,,,,,,,,,,,,,,C_NOT_TRADEABLE,data:not_tradeable,,,,2024.0,False
USDLKRm,Forex_Indicator,Standard\Forex_Indicator\USDLKRm,not_tradeable,trade_mode=DISABLED,PROVISIONAL,400,DISABLED,FOREX,330.67315,345.91441,1524126,15.241259999999954,5,1e-05,1e-08,1e-08,1e-08,100000.0,LKR,USD,USD,0,DISABLED,0.0,0.0,Wednesday,0.34591441,2.82,400,2025-03-13,2026-07-31,1.59,True,live_tick,False,False,False,False,data:not_tradeable,,,,,,,,,,,,,,,,,,,,,,,,,,,,,,C_NOT_TRADEABLE,data:not_tradeable,,,,2025.0,False
USDMADm,Forex_Indicator,Standard\Forex_Indicator\USDMADm,not_tradeable,trade_mode=DISABLED,PROVISIONAL,400,DISABLED,FOREX,9.28929,9.36449,7520,0.0752000000000006,5,1e-05,1e-08,1e-08,1e-08,100000.0,MAD,USD,USD,0,DISABLED,0.0,0.0,Wednesday,0.00936449,3.43,400,2024-10-30,2026-07-31,1.59,True,live_tick,False,False,False,False,data:not_tradeable,,,,,,,,,,,,,,,,,,,,,,,,,,,,,,C_NOT_TRADEABLE,data:not_tradeable,,,,2024.0,False
USDMYRm,Forex_Indicator,Standard\Forex_Indicator\USDMYRm,not_tradeable,trade_mode=DISABLED,PROVISIONAL,400,DISABLED,FOREX,4.0849,4.0865,16,0.0015999999999998,4,0.0001,1e-08,1e-08,1e-08,100000.0,MYR,USD,USD,0,DISABLED,0.0,0.0,Wednesday,0.0040865,2.81,400,2025-03-13,2026-07-31,1.59,True,live_tick,False,False,False,False,data:not_tradeable,,,,,,,,,,,,,,,,,,,,,,,,,,,,,,C_NOT_TRADEABLE,data:not_tradeable,,,,2025.0,False
USDNGNm,Forex_Indicator,Standard\Forex_Indicator\USDNGNm,not_tradeable,trade_mode=DISABLED,PROVISIONAL,400,DISABLED,FOREX,1385.9301,1401.0094,150793,15.079299999999876,4,0.0001,1e-08,1e-08,1e-08,100000.0,NGN,USD,USD,0,DISABLED,0.0,0.0,Wednesday,1.4010094,2.5,400,2025-03-30,2026-07-31,1.59,True,live_tick,False,False,False,False,data:not_tradeable,,,,,,,,,,,,,,,,,,,,,,,,,,,,,,C_NOT_TRADEABLE,data:not_tradeable,,,,2025.0,False
USDNPRm,Forex_Indicator,Standard\Forex_Indicator\USDNPRm,not_tradeable,trade_mode=DISABLED,PROVISIONAL,400,DISABLED,FOREX,151.86309,153.45366,159057,1.5905700000000138,5,1e-05,1e-08,1e-08,1e-08,100000.0,NPR,USD,USD,0,DISABLED,0.0,0.0,Wednesday,0.15345366,2.92,400,2025-01-10,2026-07-31,1.59,True,live_tick,False,False,False,False,data:not_tradeable,,,,,,,,,,,,,,,,,,,,,,,,,,,,,,C_NOT_TRADEABLE,data:not_tradeable,,,,2024.0,False
USDOMRm,Forex_Indicator,Standard\Forex_Indicator\USDOMRm,not_tradeable,trade_mode=DISABLED,PROVISIONAL,400,DISABLED,FOREX,0.3807,0.3883,760,0.0075999999999999,5,1e-05,1e-08,1e-08,1e-08,100000.0,OMR,USD,USD,0,DISABLED,0.0,0.0,Wednesday,0.0003883,2.02,400,2024-09-12,2026-07-29,1.59,True,live_tick,False,False,False,False,data:not_tradeable,,,,,,,,,,,,,,,,,,,,,,,,,,,,,,C_NOT_TRADEABLE,data:not_tradeable,,,,2024.0,False
USDPHPm,Forex_Indicator,Standard\Forex_Indicator\USDPHPm,not_tradeable,trade_mode=DISABLED,PROVISIONAL,400,DISABLED,FOREX,61.0118,61.4918,4800,0.4799999999999969,4,0.0001,1e-08,1e-08,1e-08,100000.0,PHP,USD,USD,0,DISABLED,0.0,0.0,Wednesday,0.0614918,4.06,400,2025-02-27,2026-07-31,1.59,True,live_tick,False,False,False,False,data:not_tradeable,,,,,,,,,,,,,,,,,,,,,,,,,,,,,,C_NOT_TRADEABLE,data:not_tradeable,,,,2025.0,False
USDPKRm,Forex_Indicator,Standard\Forex_Indicator\USDPKRm,not_tradeable,trade_mode=DISABLED,PROVISIONAL,400,DISABLED,FOREX,284.2159,288.3324,41165,4.116500000000031,4,0.0001,1e-08,1e-08,1e-08,100000.0,PKR,USD,USD,0,DISABLED,0.0,0.0,Wednesday,0.2883324,2.85,400,2025-03-30,2026-07-31,1.59,True,live_tick,False,False,False,False,data:not_tradeable,,,,,,,,,,,,,,,,,,,,,,,,,,,,,,C_NOT_TRADEABLE,data:not_tradeable,,,,2025.0,False
USDQARm,Forex_Indicator,Standard\Forex_Indicator\USDQARm,not_tradeable,trade_mode=DISABLED,PROVISIONAL,400,DISABLED,FOREX,3.61098,3.68298,7200,0.072,5,1e-05,1e-08,1e-08,1e-08,100000.0,QAR,USD,USD,0,DISABLED,0.0,0.0,Wednesday,0.00368298,2.18,400,2024-08-16,2026-07-29,1.59,True,live_tick,False,False,False,False,data:not_tradeable,,,,,,,,,,,,,,,,,,,,,,,,,,,,,,C_NOT_TRADEABLE,data:not_tradeable,,,,2024.0,False
USDRONm,Forex_Indicator,Standard\Forex_Indicator\USDRONm,not_tradeable,trade_mode=DISABLED,PROVISIONAL,400,DISABLED,FOREX,4.5445,4.5528,83,0.0082999999999993,4,0.0001,1e-08,1e-08,1e-08,100000.0,RON,USD,USD,0,DISABLED,0.0,0.0,Wednesday,0.0045527999999999,4.73,400,2025-04-17,2026-07-31,1.59,True,live_tick,False,False,False,False,data:not_tradeable,,,,,,,,,,,,,,,,,,,,,,,,,,,,,,C_NOT_TRADEABLE,data:not_tradeable,,,,2025.0,False
USDRURm,Forex_Indicator,Standard\Forex_Indicator\USDRURm,not_tradeable,trade_mode=DISABLED,PROVISIONAL,400,DISABLED,FOREX,92.6393,107.215,145757,14.575699999999998,4,0.0001,1e-08,1e-08,1e-08,100000.0,RUR,USD,USD,0,DISABLED,0.0,0.0,Wednesday,0.107215,5.28,400,2021-06-15,2024-11-15,1.59,True,live_tick,False,False,False,False,data:not_tradeable,,,,,,,,,,,,,,,,,,,,,,,,,,,,,,C_NOT_TRADEABLE,data:not_tradeable,,,,2021.0,False
USDSARm,Forex_Indicator,Standard\Forex_Indicator\USDSARm,not_tradeable,trade_mode=DISABLED,PROVISIONAL,400,DISABLED,FOREX,3.7535,3.7547,12,0.0012000000000003,4,0.0001,1e-08,1e-08,1e-08,100000.0,SAR,USD,USD,0,DISABLED,0.0,0.0,Wednesday,0.0037547,2.42,400,2025-03-11,2026-07-31,1.59,True,live_tick,False,False,False,False,data:not_tradeable,,,,,,,,,,,,,,,,,,,,,,,,,,,,,,C_NOT_TRADEABLE,data:not_tradeable,,,,2025.0,False
USDSYPm,Forex_Indicator,Standard\Forex_Indicator\USDSYPm,not_tradeable,trade_mode=DISABLED,PROVISIONAL,400,DISABLED,FOREX,121.35168,121.70184,35016,0.3501600000000024,5,1e-05,1e-08,1e-08,1e-08,100000.0,SYP,USD,USD,0,DISABLED,0.0,0.0,Wednesday,0.12170184,2.68,400,2024-09-30,2026-07-31,1.59,True,live_tick,False,False,False,False,data:not_tradeable,,,,,,,,,,,,,,,,,,,,,,,,,,,,,,C_NOT_TRADEABLE,data:not_tradeable,,,,2024.0,False
USDTJSm,Forex_Indicator,Standard\Forex_Indicator\USDTJSm,not_tradeable,trade_mode=DISABLED,PROVISIONAL,400,DISABLED,FOREX,9.3085,9.3141,56,0.0055999999999993,4,0.0001,1e-08,1e-08,1e-08,100000.0,TJS,USD,USD,0,DISABLED,0.0,0.0,Wednesday,0.0093141,1.51,400,2024-04-29,2026-06-22,1.59,True,live_tick,False,False,False,False,data:not_tradeable,,,,,,,,,,,,,,,,,,,,,,,,,,,,,,C_NOT_TRADEABLE,data:not_tradeable,,,,2024.0,False
USDTMTm,Forex_Indicator,Standard\Forex_Indicator\USDTMTm,not_tradeable,trade_mode=DISABLED,PROVISIONAL,400,DISABLED,FOREX,3.5023,3.5169,146,0.0146000000000001,4,0.0001,1e-08,1e-08,1e-08,100000.0,TMT,USD,USD,0,DISABLED,0.0,0.0,Wednesday,0.0035169,2.05,400,2024-08-29,2026-07-31,1.59,True,live_tick,False,False,False,False,data:not_tradeable,,,,,,,,,,,,,,,,,,,,,,,,,,,,,,C_NOT_TRADEABLE,data:not_tradeable,,,,2024.0,False
USDTNDm,Forex_Indicator,Standard\Forex_Indicator\USDTNDm,not_tradeable,trade_mode=DISABLED,PROVISIONAL,400,DISABLED,FOREX,2.92054,2.96468,4414,0.04414,5,1e-05,1e-08,1e-08,1e-08,100000.0,TND,USD,USD,0,DISABLED,0.0,0.0,Wednesday,0.00296468,2.89,400,2024-12-30,2026-07-31,1.59,True,live_tick,False,False,False,False,data:not_tradeable,,,,,,,,,,,,,,,,,,,,,,,,,,,,,,C_NOT_TRADEABLE,data:not_tradeable,,,,2024.0,False
USDTWDm,Forex_Indicator,Standard\Forex_Indicator\USDTWDm,not_tradeable,trade_mode=DISABLED,PROVISIONAL,400,DISABLED,FOREX,32.2934,32.3334,400,0.0399999999999991,4,0.0001,1e-08,1e-08,1e-08,100000.0,TWD,USD,USD,0,DISABLED,0.0,0.0,Wednesday,0.0323334,5.19,400,2025-02-05,2026-07-31,1.59,True,live_tick,False,False,False,False,data:not_tradeable,,,,,,,,,,,,,,,,,,,,,,,,,,,,,,C_NOT_TRADEABLE,data:not_tradeable,,,,2025.0,False
USDUAHm,Forex_Indicator,Standard\Forex_Indicator\USDUAHm,not_tradeable,trade_mode=DISABLED,PROVISIONAL,400,DISABLED,FOREX,44.4997,44.8359,3362,0.3362000000000051,4,0.0001,1e-08,1e-08,1e-08,100000.0,UAH,USD,USD,0,DISABLED,0.0,0.0,Wednesday,0.0448359,2.61,400,2024-12-18,2026-07-31,1.59,True,live_tick,False,False,False,False,data:not_tradeable,,,,,,,,,,,,,,,,,,,,,,,,,,,,,,C_NOT_TRADEABLE,data:not_tradeable,,,,2024.0,False
USDUGXm,Forex_Indicator,Standard\Forex_Indicator\USDUGXm,not_tradeable,trade_mode=DISABLED,PROVISIONAL,400,DISABLED,FOREX,3733.0133,3757.8133,2480000,24.799999999999727,5,1e-05,1e-08,1e-08,1e-08,100000.0,UGX,USD,USD,0,DISABLED,0.0,0.0,Wednesday,3.7578133,2.9,400,2024-12-02,2026-07-30,1.59,True,live_tick,False,False,False,False,data:not_tradeable,,,,,,,,,,,,,,,,,,,,,,,,,,,,,,C_NOT_TRADEABLE,data:not_tradeable,,,,2024.0,False
USDUZSm,Forex_Indicator,Standard\Forex_Indicator\USDUZSm,not_tradeable,trade_mode=DISABLED,PROVISIONAL,400,DISABLED,FOREX,11857.0,12237.0,380,380.0,0,1.0,1e-08,1e-08,1e-08,100000.0,UZS,USD,USD,0,DISABLED,0.0,0.0,Wednesday,12.237,1.75,400,2024-01-31,2026-07-29,1.59,True,live_tick,False,False,False,False,data:not_tradeable,,,,,,,,,,,,,,,,,,,,,,,,,,,,,,C_NOT_TRADEABLE,data:not_tradeable,,,,2024.0,False
USDVNDm,Forex_Indicator,Standard\Forex_Indicator\USDVNDm,not_tradeable,trade_mode=DISABLED,PROVISIONAL,400,DISABLED,FOREX,26253.2958,26473.2958,2200000,220.0,4,0.0001,1e-08,1e-08,1e-08,100000.0,VND,USD,USD,0,DISABLED,0.0,0.0,Wednesday,26.4732958,1.74,400,2023-03-16,2026-07-31,1.59,True,live_tick,False,False,False,False,data:not_tradeable,,,,,,,,,,,,,,,,,,,,,,,,,,,,,,C_NOT_TRADEABLE,data:not_tradeable,,,,2023.0,False
USDVUVm,Forex_Indicator,Standard\Forex_Indicator\USDVUVm,not_tradeable,trade_mode=DISABLED,PROVISIONAL,400,DISABLED,FOREX,117.2504,119.0224,17720,1.7720000000000056,4,0.0001,1e-08,1e-08,1e-08,100000.0,VUV,USD,USD,0,DISABLED,0.0,0.0,Wednesday,0.1190224,2.85,400,2025-01-30,2026-07-31,1.59,True,live_tick,False,False,False,False,data:not_tradeable,,,,,,,,,,,,,,,,,,,,,,,,,,,,,,C_NOT_TRADEABLE,data:not_tradeable,,,,2025.0,False
USDXOFm,Forex_Indicator,Standard\Forex_Indicator\USDXOFm,not_tradeable,trade_mode=DISABLED,PROVISIONAL,400,DISABLED,FOREX,591.05525,596.8504,579515,5.795150000000035,5,1e-05,1e-08,1e-08,1e-08,100000.0,XOF,USD,USD,0,DISABLED,0.0,0.0,Wednesday,0.5968504,2.9,400,2025-04-22,2026-07-31,1.59,True,live_tick,False,False,False,False,data:not_tradeable,,,,,,,,,,,,,,,,,,,,,,,,,,,,,,C_NOT_TRADEABLE,data:not_tradeable,,,,2025.0,False
USDHRKm,Forex_Indicator,Standard\Forex_Indicator\USDHRKm,not_tradeable,trade_mode=DISABLED,PROVISIONAL,400,DISABLED,FOREX,7.0211,7.06804,4694,0.0469400000000002,5,1e-05,1e-08,1e-08,1e-08,100000.0,HRK,USD,USD,0,DISABLED,0.0,0.0,Wednesday,0.00706804,4.57,400,2021-06-09,2022-12-30,1.59,True,live_tick,False,False,False,False,data:not_tradeable,,,,,,,,,,,,,,,,,,,,,,,,,,,,,,C_NOT_TRADEABLE,data:not_tradeable,,,,2021.0,False
USDHUFm,Forex_Indicator,Standard\Forex_Indicator\USDHUFm,not_tradeable,trade_mode=DISABLED,PROVISIONAL,400,DISABLED,FOREX,315.968,316.687,719,0.7189999999999941,3,0.001,1e-08,1e-08,1e-08,100000.0,HUF,USD,USD,0,DISABLED,-145.0,0.0,Wednesday,0.316687,6.47,400,2025-04-22,2026-07-31,1.59,True,live_tick,False,False,False,False,data:not_tradeable,,,,,,,,,,,,,,,,,,,,,,,,,,,,,,C_NOT_TRADEABLE,data:not_tradeable,,,,2025.0,False
USDRUBm,Forex_Indicator,Standard\Forex_Indicator\USDRUBm,not_tradeable,trade_mode=DISABLED,PROVISIONAL,400,DISABLED,FOREX,92.6393,107.215,145757,14.575699999999998,4,0.0001,1e-08,1e-08,1e-08,100000.0,RUB,USD,USD,0,DISABLED,-201.45,-44.52,Wednesday,0.107215,4.4,400,2021-06-16,2024-11-15,1.59,True,live_tick,False,False,False,False,data:not_tradeable,,,,,,,,,,,,,,,,,,,,,,,,,,,,,,C_NOT_TRADEABLE,data:not_tradeable,,,,2021.0,False
MBTUSDm,Forex_Indicator,Standard\Forex_Indicator\MBTUSDm,not_tradeable,trade_mode=DISABLED,PROVISIONAL,400,DISABLED,FOREX,0.06323394,0.06324394,1000,9.999999999996125e-06,8,1e-08,0.01,0.01,20.0,1.0,USD,MBT,MBT,0,DISABLED,0.0,0.0,Wednesday,0.0006324394,9.45,400,2025-06-19,2026-08-02,1.59,True,live_tick,False,False,False,False,data:not_tradeable,,,,,,,,,,,,,,,,,,,,,,,,,,,,,,C_NOT_TRADEABLE,data:not_tradeable,,,,2025.0,False
USDIQDm,Forex_Indicator,Standard\Forex_Indicator\USDIQDm,not_tradeable,trade_mode=DISABLED,PROVISIONAL,400,DISABLED,FOREX,1285.55,1335.55,5000,50.0,2,0.01,1e-08,1e-08,1e-08,100000.0,IQD,USD,USD,0,DISABLED,0.0,0.0,Wednesday,1.33555,1.0,147,2025-12-07,2026-07-30,0.58,False,live_tick,False,False,False,False,data:not_tradeable,,,,,,,,,,,,,,,,,,,,,,,,,,,,,,C_NOT_TRADEABLE,data:not_tradeable,,,,2025.0,False
BWPUSDm,Forex_Indicator,Standard\Forex_Indicator\BWPUSDm,not_tradeable,trade_mode=DISABLED,PROVISIONAL,400,DISABLED,FOREX,0.0682,0.0782,100,0.01,4,0.0001,1e-08,1e-08,1e-08,100000.0,USD,BWP,BWP,0,DISABLED,0.0,0.0,Wednesday,7.820000000000002e-05,0.25,136,2025-12-08,2026-07-29,0.54,False,live_tick,False,False,False,False,data:not_tradeable,,,,,,,,,,,,,,,,,,,,,,,,,,,,,,C_NOT_TRADEABLE,data:not_tradeable,,,,2025.0,False
USDAOAm,Forex_Indicator,Standard\Forex_Indicator\USDAOAm,not_tradeable,trade_mode=DISABLED,PROVISIONAL,400,DISABLED,FOREX,913.147,922.69,9543,9.543000000000006,3,0.001,1e-08,1e-08,1e-08,100000.0,AOA,USD,USD,0,DISABLED,0.0,0.0,Wednesday,0.92269,0.23,56,2026-03-30,2026-07-29,0.22,False,live_tick,False,False,False,False,data:not_tradeable,,,,,,,,,,,,,,,,,,,,,,,,,,,,,,C_NOT_TRADEABLE,data:not_tradeable,,,,2026.0,False
USDHNLm,Forex_Indicator,Standard\Forex_Indicator\USDHNLm,not_tradeable,trade_mode=DISABLED,PROVISIONAL,400,DISABLED,FOREX,26.5933,26.9952,4019,0.4019000000000012,4,0.0001,1e-08,1e-08,1e-08,100000.0,HNL,USD,USD,0,DISABLED,0.0,0.0,Wednesday,0.0269952,0.53,78,2026-03-30,2026-07-30,0.31,False,live_tick,False,False,False,False,data:not_tradeable,,,,,,,,,,,,,,,,,,,,,,,,,,,,,,C_NOT_TRADEABLE,data:not_tradeable,,,,2026.0,False
USDGTQm,Forex_Indicator,Standard\Forex_Indicator\USDGTQm,not_tradeable,trade_mode=DISABLED,PROVISIONAL,400,DISABLED,FOREX,7.5776,7.6921,1145,0.1144999999999996,4,0.0001,1e-08,1e-08,1e-08,100000.0,GTQ,USD,USD,0,DISABLED,0.0,0.0,Wednesday,0.0076921,0.53,78,2026-03-30,2026-07-30,0.31,False,live_tick,False,False,False,False,data:not_tradeable,,,,,,,,,,,,,,,,,,,,,,,,,,,,,,C_NOT_TRADEABLE,data:not_tradeable,,,,2026.0,False
TETUSDm,Forex_Indicator,Standard\Forex_Indicator\TETUSDm,not_tradeable,trade_mode=DISABLED,PROVISIONAL,400,DISABLED,FOREX,0.99976,1.00008,320,0.00032,6,1e-06,1e-08,1e-08,1e-08,100000.0,USD,TET,TET,0,DISABLED,0.0,0.0,Wednesday,0.00100008,0.24,63,2026-05-31,2026-08-02,0.25,False,live_tick,False,False,False,False,data:not_tradeable,,,,,,,,,,,,,,,,,,,,,,,,,,,,,,C_NOT_TRADEABLE,data:not_tradeable,,,,2026.0,False
US30_x10m,Idx_Enlarge,Standard\Idx_Enlarge\US30_x10m,ok,,PROVISIONAL,400,FULL,CFD,52453.1,52456.9,38,3.8000000000029104,1,0.1,0.01,0.01,20.0,10.0,USD,USD,USD,1,POINTS,-93.8,0.0,Friday,5245.6900000000005,5.08,354,2025-06-15,2026-07-31,1.4,False,live_tick,True,True,True,False,risk11.79%_expo5.36x,13.11,13.11,52.46,5246.0,1.0000590961341596,577.0550000000003,503.9299999999988,1.1000554741130342,19.0,1.9,57.71,115.41,order_calc_profit,0.6585160859888414,0.3292580429941685,False,True,-0.94,0.0,6.540221120853984,-0.0,11.788559754851889,False,False,False,5.3585291113381,False,False,False,C_NOT_TRADEABLE,min_lot_risk_11.8pct,,,,2025.0,False
US500_x100m,Idx_Enlarge,Standard\Idx_Enlarge\US500_x100m,ok,,PROVISIONAL,400,FULL,CFD,7488.63,7489.92,129,1.2899999999999636,2,0.01,0.01,0.01,20.0,100.0,USD,USD,USD,1,POINTS,-139.6,0.0,Friday,7489.92,5.83,354,2025-06-15,2026-07-31,1.4,False,live_tick,True,True,True,False,risk17.29%_expo7.65x,18.72,18.72,74.9,7490.0,1.0000106810219602,84.61550000000003,72.646,1.1297250170896354,64.0,0.64,84.62,169.23,order_calc_profit,1.524543375622626,0.7563626049600839,False,True,-1.4,0.0,6.822429906542056,-0.0,17.28600612870276,False,False,False,7.650663942798774,False,False,False,C_NOT_TRADEABLE,min_lot_risk_17.3pct,,,,2025.0,False
USTEC_x100m,Idx_Enlarge,Standard\Idx_Enlarge\USTEC_x100m,ok,,PROVISIONAL,400,FULL,CFD,28228.5,28232.1,360,3.599999999998545,2,0.01,0.01,0.01,20.0,100.0,USD,USD,USD,1,POINTS,-553.1,0.0,Friday,28232.1,6.4,354,2025-06-15,2026-07-31,1.4,False,live_tick,True,True,True,False,risk125.26%_expo28.84x,70.58,70.57,282.32,28232.0,0.9999964579326368,613.1284999999998,395.5554999999995,2.171742449197898,192.0,1.92,613.13,1226.26,order_calc_profit,0.5871526115648752,0.3131480595013933,False,True,-5.53,0.0,7.149511192972513,-0.0,125.25638406537284,False,False,False,28.83758937691522,False,False,False,C_NOT_TRADEABLE,min_lot_risk_125.3pct;exposure_28.8x,,,,2025.0,False
DE30m,Indices,Standard\Indices\DE30m,ok,,PROVISIONAL,400,FULL,CFD,25703.0,25704.6,16,1.5999999999985448,1,0.1,0.07,0.01,300.0,1.0,EUR,EUR,EUR,1,POINTS,-36.9,0.0,Friday,1799.322,0.03,400,2025-04-03,2026-07-31,1.59,True,live_tick,True,True,True,False,risk5.47%_expo2.12x,10.38,10.37,20.74,2074.0,1.152656389462253,331.65999999999985,311.10499999999973,1.2902748924317042,16.0,1.6,26.78,53.55,order_calc_profit,0.4824217572208121,0.4824217572212509,False,True,-0.3,0.0,5.279652844744455,-0.0,5.469867211440245,False,False,False,2.118488253319714,False,False,True,C_NOT_TRADEABLE,min_lot_risk_5.5pct,,,,2018.0,False
JP225m,Indices,Standard\Indices\JP225m,ok,,PROVISIONAL,400,FULL,CFD,62887.4,62894.5,71,7.099999999998545,1,0.1,3.0,0.01,5000.0,1.0,JPY,JPY,JPY,1,POINTS,0.0,0.0,Friday,188683.5,0.04,400,2025-04-22,2026-07-31,1.59,True,live_tick,True,True,True,False,risk7.97%_expo1.22x,5.99,5.99,11.98,1198.0,0.0063492568242586,2046.0950000000005,977.8600000000006,3.2532176899410925,30.0,3.0,38.99,77.99,order_calc_profit,0.3470024607849852,0.1466207580781928,False,True,0.0,0.0,-0.0,-0.0,7.96629213483146,False,False,False,1.2236976506639428,False,True,True,C_NOT_TRADEABLE,min_lot_risk_8.0pct,,,,2019.0,False
US30m,Indices,Standard\Indices\US30m,ok,,PROVISIONAL,400,FULL,CFD,52453.1,52456.9,38,3.8000000000029104,1,0.1,0.05,0.01,500.0,1.0,USD,USD,USD,1,POINTS,-93.8,0.0,Friday,2622.8450000000003,0.01,400,2025-04-22,2026-07-31,1.59,True,live_tick,True,True,True,False,risk5.89%_expo2.68x,6.5600000000000005,6.5600000000000005,26.23,2623.0,1.0000590961341596,577.0550000000003,499.625,1.1000554741130342,20.0,2.0,28.85,57.71,order_calc_profit,0.6585160859888414,0.3465874136780721,False,True,-0.47,0.0,6.540221120853984,-0.0,5.894790602655772,False,False,False,2.67926455566905,False,False,True,C_NOT_TRADEABLE,min_lot_risk_5.9pct,,,,2018.0,False
USTECm,Indices,Standard\Indices\USTECm,ok,,PROVISIONAL,400,FULL,CFD,28228.5,28232.1,360,3.599999999998545,2,0.01,0.05,0.01,500.0,1.0,USD,USD,USD,1,POINTS,-553.1,0.0,Friday,1411.605,0.04,400,2025-04-22,2026-07-31,1.59,True,live_tick,True,True,True,False,risk6.26%_expo1.44x,3.53,3.53,14.12,1412.0,1.00027982332168,613.1284999999998,377.6375,2.171742449197898,191.0,1.91,30.66,61.31,order_calc_profit,0.5871526115648752,0.3115170800248236,False,True,-0.28,0.0,7.237960339943343,-0.0,6.262512768130746,False,False,False,1.4422880490296222,False,True,True,C_NOT_TRADEABLE,min_lot_risk_6.3pct,,,,2018.0,False
IN50m,Indices,Standard\Indices\IN50m,not_tradeable,trade_mode=DISABLED,PROVISIONAL,400,DISABLED,CFD,18874.88,18890.11,1523,15.229999999999563,2,0.01,0.01,0.01,300.0,1.0,USD,USD,USD,1,POINTS,0.0,0.0,Friday,188.9011,1.35,59,2023-04-10,2023-06-27,0.23,False,live_tick,False,False,False,False,data:not_tradeable,,,,,,,,,,,,,,,,,,,,,,,,,,,,,,C_NOT_TRADEABLE,data:not_tradeable,,,,2023.0,False
AMDm,Stocks,Standard\Stocks\AMDm,ok,,PROVISIONAL,400,FULL,CFD,483.57,484.53,96,0.9599999999999796,2,0.01,0.01,0.01,10.0,100.0,USD,USD,USD,1,POINTS,-7.8,-6.6,Friday,484.53,0.03,400,2024-12-24,2026-07-31,1.59,True,live_tick,True,True,True,False,risk8.56%_expo0.50x,24.23,24.18,4.85,485.0,1.0009700121767484,41.922,8.564499999999999,8.652095845458486,24.0,0.24,41.92,83.84,order_calc_profit,2.289967081723151,0.5724917704307999,False,True,-0.08,-0.07,6.020618556701032,5.268041237113403,8.563840653728294,False,False,False,0.4954034729315628,True,True,True,C_NOT_TRADEABLE,min_lot_risk_8.6pct,,,,2020.0,False
ATVIm,Stocks,Standard\Stocks\ATVIm,not_tradeable,trade_mode=DISABLED,PROVISIONAL,400,DISABLED,CFD,94.38,94.47,9,0.0900000000000034,2,0.01,0.01,0.01,10.0,100.0,USD,USD,USD,1,POINTS,0.0,0.0,Friday,94.47,3.19,400,2022-03-11,2023-10-12,1.59,True,live_tick,False,False,False,False,data:not_tradeable,,,,,,,,,,,,,,,,,,,,,,,,,,,,,,C_NOT_TRADEABLE,data:not_tradeable,,,,2022.0,False
AVGOm,Stocks,Standard\Stocks\AVGOm,ok,,PROVISIONAL,400,FULL,CFD,388.72,389.04,32,0.3199999999999932,2,0.01,0.01,0.01,10.0,100.0,USD,USD,USD,1,POINTS,-6.2,-16.5,Friday,389.04,0.04,400,2024-12-24,2026-07-31,1.59,True,live_tick,True,True,True,False,risk3.05%_expo0.40x,19.45,19.44,3.89,389.0,0.9998971828089656,14.928,11.535,3.837137569401604,22.0,0.22,14.93,29.86,order_calc_profit,2.143622722400812,1.4737406216505895,False,True,-0.06,-0.17,5.629820051413882,15.951156812339333,3.0500510725229826,False,False,False,0.3973442288049029,True,True,True,C_NOT_TRADEABLE,min_lot_risk_3.1pct,,,,2021.0,False
COSTm,Stocks,Standard\Stocks\COSTm,ok,,PROVISIONAL,400,FULL,CFD,952.48,953.11,63,0.6299999999999955,2,0.01,0.01,0.01,10.0,100.0,USD,USD,USD,1,POINTS,-15.1,-12.8,Friday,953.11,3.01,400,2024-12-24,2026-07-31,1.59,True,live_tick,True,True,True,False,risk3.86%_expo0.97x,47.66,47.62,9.53,953.0,0.9998845883476196,18.9145,16.228499999999997,1.9845033626758712,59.0,0.59,18.91,37.83,order_calc_profit,3.3307779745697514,3.1193000079304243,False,True,-0.15,-0.13,5.74501573976915,4.979013641133264,3.86414708886619,False,False,False,0.9734422880490295,True,True,True,C_NOT_TRADEABLE,min_lot_risk_3.9pct,,,,2024.0,False
EAm,Stocks,Standard\Stocks\EAm,not_tradeable,trade_mode=DISABLED,PROVISIONAL,400,DISABLED,CFD,201.94,202.07,13,0.1299999999999954,2,0.01,0.01,0.01,10.0,100.0,USD,USD,USD,1,POINTS,-3.1,-2.4,Friday,202.07,3.29,400,2024-08-22,2026-03-27,1.59,True,live_tick,False,False,False,False,data:not_tradeable,,,,,,,,,,,,,,,,,,,,,,,,,,,,,,C_NOT_TRADEABLE,data:not_tradeable,,,,2024.0,False
EQIXm,Stocks,Standard\Stocks\EQIXm,ok,,PROVISIONAL,400,FULL,CFD,1024.79,1026.5,171,1.7100000000000364,2,0.01,0.01,0.01,10.0,100.0,USD,USD,USD,1,POINTS,-16.4,-13.9,Friday,1026.5,3.33,400,2024-12-24,2026-07-31,1.59,True,live_tick,True,True,True,False,risk5.54%_expo1.05x,51.33,51.24,10.27,1027.0,1.0004870920603994,27.132499999999983,19.34749999999998,2.643205065757426,125.0,1.25,27.13,54.27,order_calc_profit,6.30240486501442,4.607021100156642,False,True,-0.16,-0.14,5.686465433300876,4.975657254138267,5.543411644535241,False,False,False,1.04902962206333,False,True,True,C_NOT_TRADEABLE,min_lot_risk_5.5pct,,,,2024.0,False
Fm,Stocks,Standard\Stocks\Fm,ok,,PROVISIONAL,400,FULL,CFD,14.58,14.73,15,0.1500000000000003,2,0.01,0.01,0.01,10.0,100.0,USD,USD,USD,1,POINTS,-0.2,-2.9,Friday,14.73,2.68,400,2024-12-24,2026-07-31,1.59,True,live_tick,True,True,True,False,spread_excessive(39%),0.74,0.73,0.15,15.0,1.0183299389002036,0.4360000000000004,0.2794999999999997,2.959945689069928,17.0,0.17,0.44,0.87,order_calc_profit,34.403669724770694,38.99082568807336,False,True,-0.0,-0.03,0.0,73.0,0.0888661899897854,True,True,True,0.0153217568947906,True,True,True,C_NOT_TRADEABLE,spread_39pct_of_atr,,,,2024.0,False
FBm,Stocks,Standard\Stocks\FBm,ok,,PROVISIONAL,400,CLOSEONLY,CFD,549.61,550.25,64,0.6399999999999864,2,0.01,0.01,0.01,10.0,100.0,USD,USD,USD,1,POINTS,-8.7,-7.4,Friday,550.25,3.68,400,2024-12-24,2026-07-31,1.59,True,live_tick,False,False,False,False,risk5.43%_expo0.56x,27.51,27.48,5.5,550.0,0.9995456610631532,26.565000000000012,19.890000000000008,4.827805542935033,64.0,0.64,26.57,53.13,order_calc_profit,2.4091850178806173,2.4091850178806684,False,True,-0.09,-0.07,5.9727272727272736,4.6454545454545455,5.426966292134832,False,False,False,0.5617977528089888,True,True,True,C_NOT_TRADEABLE,not_tradeable_both_sides(CLOSEONLY);min_lot_risk_5.4pct,,,,2024.0,False
ISRGm,Stocks,Standard\Stocks\ISRGm,ok,,PROVISIONAL,400,FULL,CFD,354.2,354.61,41,0.410000000000025,2,0.01,0.01,0.01,10.0,100.0,USD,USD,USD,1,POINTS,-5.6,-4.8,Friday,354.61,2.89,400,2024-12-24,2026-07-31,1.59,True,live_tick,True,True,True,False,risk3.11%_expo0.36x,17.73,17.71,3.55,355.0,1.00109979978004,15.244,12.008500000000002,4.298807140238572,60.0,0.6,15.24,30.49,order_calc_profit,2.689582786670329,3.9359748097612175,False,True,-0.06,-0.05,6.169014084507042,5.140845070422535,3.114402451481103,False,False,False,0.3626149131767109,True,True,True,C_NOT_TRADEABLE,min_lot_risk_3.1pct,,,,2024.0,False
LLYm,Stocks,Standard\Stocks\LLYm,ok,,PROVISIONAL,400,FULL,CFD,1146.55,1147.72,117,1.1700000000000728,2,0.01,0.01,0.01,10.0,100.0,USD,USD,USD,1,POINTS,-18.2,-15.4,Friday,1147.72,2.98,400,2024-12-24,2026-07-31,1.59,True,live_tick,True,True,True,False,risk6.13%_expo1.17x,57.39,57.33,11.48,1148.0,1.000243961941937,30.01300000000001,26.125000000000018,2.615010629770328,83.0,0.8300000000000001,30.01,60.03,order_calc_profit,3.898310732016367,2.7654682970712683,False,True,-0.18,-0.15,5.7229965156794425,4.769163763066202,6.131767109295199,False,False,False,1.1726251276813076,False,True,True,C_NOT_TRADEABLE,min_lot_risk_6.1pct,,,,2024.0,False
REGNm,Stocks,Standard\Stocks\REGNm,ok,,PROVISIONAL,400,FULL,CFD,762.51,763.6,109,1.0900000000000318,2,0.01,0.01,0.01,10.0,100.0,USD,USD,USD,1,POINTS,-11.8,-10.0,Friday,763.6,2.8,400,2024-12-24,2026-07-31,1.59,True,live_tick,True,True,True,False,risk3.56%_expo0.78x,38.18,38.13,7.64,764.0,1.000523834468308,17.438999999999982,18.25000000000002,2.2837873232058645,76.0,0.76,17.44,34.88,order_calc_profit,6.2503583921098285,4.358048053214065,False,True,-0.12,-0.1,5.732984293193717,4.777486910994765,3.562819203268642,False,False,False,0.780388151174668,True,True,True,C_NOT_TRADEABLE,min_lot_risk_3.6pct,,,,2024.0,False
TMOm,Stocks,Standard\Stocks\TMOm,ok,,PROVISIONAL,400,FULL,CFD,576.2,576.79,59,0.5899999999999181,2,0.01,0.01,0.01,10.0,100.0,USD,USD,USD,1,POINTS,-9.1,-7.7,Friday,576.79,3.2,400,2024-12-24,2026-07-31,1.59,True,live_tick,True,True,True,False,risk3.05%_expo0.59x,28.84,28.81,5.77,577.0,1.000364083982039,14.950999999999988,12.581,2.5921045787895056,48.0,0.48,14.95,29.9,order_calc_profit,3.946224332820003,3.2104875928031595,False,True,-0.09,-0.08,5.693240901213172,5.060658578856152,3.054136874361593,False,False,False,0.5893769152196119,True,True,True,C_NOT_TRADEABLE,min_lot_risk_3.1pct,,,,2024.0,False
TSLAm,Stocks,Standard\Stocks\TSLAm,ok,,PROVISIONAL,400,FULL,CFD,311.6,311.71,11,0.1099999999999568,2,0.01,0.01,0.01,10.0,100.0,USD,USD,USD,1,POINTS,-4.9,-4.2,Friday,311.71,0.04,400,2024-12-24,2026-07-31,1.59,True,live_tick,True,True,True,False,risk3.35%_expo0.32x,15.59,15.58,3.12,312.0,1.0009303519296784,16.4015,17.037000000000006,5.261781784350839,11.0,0.11,16.4,32.8,order_calc_profit,0.6706703655150859,0.6706703655153493,False,True,-0.05,-0.04,5.849358974358975,4.67948717948718,3.3503575076608785,False,False,False,0.3186925434116445,True,True,True,C_NOT_TRADEABLE,min_lot_risk_3.4pct,,,,2020.0,False
AMCm,Stocks,Standard\Stocks\AMCm,not_tradeable,trade_mode=DISABLED,PROVISIONAL,400,DISABLED,CFD,4.86,4.91,5,0.0499999999999998,2,0.01,0.01,0.01,10.0,100.0,USD,USD,USD,1,POINTS,-0.07,0.0,Friday,4.91,3.28,400,2022-07-15,2024-02-15,1.59,True,live_tick,False,False,False,False,data:not_tradeable,,,,,,,,,,,,,,,,,,,,,,,,,,,,,,C_NOT_TRADEABLE,data:not_tradeable,,,,2022.0,False
BBm,Stocks,Standard\Stocks\BBm,not_tradeable,trade_mode=DISABLED,PROVISIONAL,400,DISABLED,CFD,8.47,8.63,16,0.1600000000000001,2,0.01,0.01,0.01,10.0,100.0,USD,USD,USD,1,POINTS,-0.1,-0.1,Friday,8.63,2.98,400,2024-12-24,2026-07-31,1.59,True,live_tick,False,False,False,False,data:not_tradeable,,,,,,,,,,,,,,,,,,,,,,,,,,,,,,C_NOT_TRADEABLE,data:not_tradeable,,,,2024.0,False
BBBYm,Stocks,Standard\Stocks\BBBYm,not_tradeable,trade_mode=DISABLED,PROVISIONAL,400,DISABLED,CFD,0.07,0.07,0,0.0,2,0.01,0.01,0.01,10.0,100.0,USD,USD,USD,1,POINTS,0.0,0.0,Friday,0.07,3.1,400,2021-09-29,2023-05-02,1.59,True,live_tick,False,False,False,False,data:not_tradeable,,,,,,,,,,,,,,,,,,,,,,,,,,,,,,C_NOT_TRADEABLE,data:not_tradeable,,,,2021.0,False
BRQSm,Stocks,Standard\Stocks\BRQSm,not_tradeable,trade_mode=DISABLED,PROVISIONAL,400,DISABLED,CFD,0.18,0.19,1,0.01,2,0.01,0.01,0.01,10.0,100.0,USD,USD,USD,1,POINTS,0.0,0.0,Friday,0.19,59.02,400,2021-12-09,2023-07-14,1.59,True,live_tick,False,False,False,False,data:not_tradeable,,,,,,,,,,,,,,,,,,,,,,,,,,,,,,C_NOT_TRADEABLE,data:not_tradeable,,,,2021.0,False
BYNDm,Stocks,Standard\Stocks\BYNDm,not_tradeable,trade_mode=DISABLED,PROVISIONAL,400,DISABLED,CFD,7.11,7.16,5,0.0499999999999998,2,0.01,0.01,0.01,10.0,100.0,USD,USD,USD,1,POINTS,-0.11,0.0,Friday,7.16,3.83,400,2022-07-11,2024-02-09,1.59,True,live_tick,False,False,False,False,data:not_tradeable,,,,,,,,,,,,,,,,,,,,,,,,,,,,,,C_NOT_TRADEABLE,data:not_tradeable,,,,2022.0,False
CANm,Stocks,Standard\Stocks\CANm,not_tradeable,trade_mode=DISABLED,PROVISIONAL,400,DISABLED,CFD,1.59,1.64,5,0.0500000000000002,2,0.01,0.01,0.01,10.0,100.0,USD,USD,USD,1,POINTS,-0.02,0.0,Friday,1.64,3.25,400,2022-07-11,2024-02-09,1.59,True,live_tick,False,False,False,False,data:not_tradeable,,,,,,,,,,,,,,,,,,,,,,,,,,,,,,C_NOT_TRADEABLE,data:not_tradeable,,,,2022.0,False
EDUm,Stocks,Standard\Stocks\EDUm,ok,,PROVISIONAL,400,FULL,CFD,58.1,59.87,177,1.769999999999996,2,0.01,0.01,0.01,10.0,100.0,USD,USD,USD,1,POINTS,-0.9,-0.8,Friday,59.870000000000005,2.95,400,2024-12-24,2026-07-31,1.59,True,live_tick,True,True,True,False,spread_excessive(90%),5.99,5.8100000000000005,0.6,60.0,1.002171371304493,1.6924999999999983,1.4929999999999997,2.826958409888088,153.0,1.53,1.69,3.39,order_calc_profit,104.57902511078274,90.39881831610052,False,True,-0.01,-0.01,6.083333333333333,6.083333333333333,0.3462717058222676,False,True,True,0.0612870275791624,True,True,True,C_NOT_TRADEABLE,spread_90pct_of_atr,,,,2024.0,False
IQm,Stocks,Standard\Stocks\IQm,not_tradeable,trade_mode=DISABLED,PROVISIONAL,400,DISABLED,CFD,1.28,1.29,1,0.01,2,0.01,0.01,0.01,10.0,100.0,USD,USD,USD,1,POINTS,0.0,0.0,Friday,1.29,2.94,400,2024-12-24,2026-07-31,1.59,True,live_tick,False,False,False,False,data:not_tradeable,,,,,,,,,,,,,,,,,,,,,,,,,,,,,,C_NOT_TRADEABLE,data:not_tradeable,,,,2024.0,False
RLXm,Stocks,Standard\Stocks\RLXm,not_tradeable,trade_mode=DISABLED,PROVISIONAL,400,DISABLED,CFD,1.97,2.03,6,0.0599999999999998,2,0.01,0.01,0.01,10.0,100.0,USD,USD,USD,1,POINTS,0.0,0.0,Friday,2.03,2.77,400,2024-12-24,2026-07-31,1.59,True,live_tick,False,False,False,False,data:not_tradeable,,,,,,,,,,,,,,,,,,,,,,,,,,,,,,C_NOT_TRADEABLE,data:not_tradeable,,,,2024.0,False
TALm,Stocks,Standard\Stocks\TALm,ok,,PROVISIONAL,400,FULL,CFD,12.28,12.59,31,0.3100000000000005,2,0.01,0.01,0.01,10.0,100.0,USD,USD,USD,1,POINTS,-0.2,-4.1,Friday,12.59,3.04,400,2024-12-24,2026-07-31,1.59,True,live_tick,True,True,True,False,spread_excessive(48%),1.26,1.23,0.13,13.0,1.0325655281969817,0.6685000000000003,0.4720000000000001,5.309769658459097,32.0,0.32,0.67,1.34,order_calc_profit,46.37247569184747,47.86836200448764,False,True,-0.0,-0.04,0.0,112.3076923076923,0.1368743615934627,True,True,True,0.0132788559754851,True,True,True,C_NOT_TRADEABLE,spread_48pct_of_atr,,,,2024.0,False
TIGRm,Stocks,Standard\Stocks\TIGRm,not_tradeable,trade_mode=DISABLED,PROVISIONAL,400,DISABLED,CFD,3.8,3.83,3,0.0300000000000002,2,0.01,0.01,0.01,10.0,100.0,USD,USD,USD,1,POINTS,-0.06,0.0,Friday,3.83,3.19,400,2022-07-11,2024-02-09,1.59,True,live_tick,False,False,False,False,data:not_tradeable,,,,,,,,,,,,,,,,,,,,,,,,,,,,,,C_NOT_TRADEABLE,data:not_tradeable,,,,2022.0,False
TMEm,Stocks,Standard\Stocks\TMEm,ok,,PROVISIONAL,400,FULL,CFD,9.38,9.43,5,0.0499999999999989,2,0.01,0.01,0.01,10.0,100.0,USD,USD,USD,1,POINTS,-0.1,-0.1,Friday,9.43,2.75,400,2024-12-24,2026-07-31,1.59,True,live_tick,True,True,True,False,spread_excessive(26%),0.94,0.94,0.09,9.0,0.9544008483563096,0.2665000000000003,0.5824999999999998,2.826086956521743,7.0,0.07,0.27,0.53,order_calc_profit,18.761726078798823,26.26641651031892,False,True,-0.0,-0.0,0.0,0.0,0.0541368743615934,True,True,True,0.0091930541368743,True,True,True,C_NOT_TRADEABLE,spread_26pct_of_atr,,,,2024.0,False
TSMm,Stocks,Standard\Stocks\TSMm,ok,,PROVISIONAL,400,FULL,CFD,405.02,405.26,24,0.2400000000000091,2,0.01,0.01,0.01,10.0,100.0,USD,USD,USD,1,POINTS,-6.5,-5.5,Friday,405.26,0.02,400,2024-12-24,2026-07-31,1.59,True,live_tick,True,True,True,False,risk3.77%_expo0.41x,40.53,40.5,4.05,405.0,0.999358436559246,18.473500000000005,9.046500000000002,4.558431624142527,13.0,0.13,18.47,36.95,order_calc_profit,1.2991582537148294,0.7037107207621727,False,True,-0.07,-0.06,6.308641975308642,5.407407407407407,3.774259448416752,False,False,False,0.4136874361593463,True,True,True,C_NOT_TRADEABLE,min_lot_risk_3.8pct,,,,2021.0,False
METAm,Stocks,Standard\Stocks\METAm,ok,,PROVISIONAL,400,FULL,CFD,551.88,552.52,64,0.6399999999999864,2,0.01,0.01,0.01,10.0,100.0,USD,USD,USD,1,POINTS,-8.7,-7.4,Friday,552.52,3.59,400,2024-12-24,2026-07-31,1.59,True,live_tick,True,True,True,False,risk5.33%_expo0.56x,27.63,27.59,5.53,553.0,1.0008687468326938,26.09550000000001,19.914999999999992,4.722996452617101,64.0,0.64,26.1,52.19,order_calc_profit,2.452530129715798,2.4525301297158504,False,True,-0.09,-0.07,5.940325497287523,4.620253164556963,5.330949948927477,False,False,False,0.5648621041879469,True,True,True,C_NOT_TRADEABLE,min_lot_risk_5.3pct,,,,2024.0,False
SPCXm,Stocks,Standard\Stocks\SPCXm,ok,,PROVISIONAL,400,FULL,CFD,107.87,108.11,24,0.2399999999999948,2,0.01,0.01,0.01,10.0,100.0,USD,USD,USD,1,POINTS,-1.7,-1.5,Friday,108.11,0.24,33,2026-06-12,2026-07-30,0.13,False,live_tick,True,True,True,False,history_inadequate(33),5.41,5.39,1.08,108.0,0.9989825178059384,8.566999999999998,10.389749999999996,7.924336324114327,24.0,0.24,8.57,17.13,order_calc_profit,2.801447414497431,2.801447414497491,False,True,-0.02,-0.02,6.75925925925926,6.75925925925926,1.749744637385087,False,False,False,0.1103166496424923,True,True,True,C_NOT_TRADEABLE,history_inadequate(33d1_bars),,,,2026.0,False
AUDSGDm,Forex,Standard\Forex\AUDSGDm,no_history,"(-1, 'Terminal: Call failed') only 0 D1 bars",EXACT,20000,FULL,FOREX_NO_LEVERAGE,0.89866,0.90347,481,0.0048099999999999,5,1e-05,0.01,0.01,200.0,100000.0,SGD,AUD,AUD,1,POINTS,0.0,-10.9,Wednesday,903.47,52.93,0,,,,False,live_tick,True,True,True,True,clean_pass,3.52,3.52,7.02,701.9999999999999,0.7770042170741694,,,,,,,,,,,,,,,,,,,,,,,,,C_NOT_TRADEABLE,data:no_history,,,,2018.0,False
CADCHFm,Forex,Standard\Forex\CADCHFm,no_history,"(-1, 'Terminal: Call failed') only 0 D1 bars",EXACT,20000,FULL,FOREX,0.57588,0.57617,29,0.00029,5,1e-05,0.01,0.01,200.0,100000.0,CHF,CAD,CAD,1,POINTS,0.0,-4.4,Wednesday,576.17,45.54,0,,,,False,live_tick,True,True,True,True,clean_pass,0.36,0.36,7.14,714.0,1.23921759203013,,,,,,,,,,,,,,,,,,,,,,,,,C_NOT_TRADEABLE,data:no_history,,,,2018.0,False
DKKJPYm,Forex,Standard\Forex\DKKJPYm,no_history,"(-1, 'Terminal: Call failed') only 0 D1 bars",EXACT,20000,FULL,FOREX_NO_LEVERAGE,24.264,24.313,49,0.0489999999999994,3,0.001,0.01,0.01,200.0,100000.0,JPY,DKK,DKK,1,POINTS,0.0,-0.9,Wednesday,24313.0,37.01,0,,,,False,live_tick,True,True,True,True,clean_pass,0.77,0.77,1.54,154.0,0.0063340599679183,,,,,,,,,,,,,,,,,,,,,,,,,C_NOT_TRADEABLE,data:no_history,,,,2018.0,False
DKKZARm,Forex,Standard\Forex\DKKZARm,no_history,"(-1, 'Terminal: Call failed') only 0 D1 bars",EXACT,20000,FULL,FOREX_NO_LEVERAGE,2.53927,2.56396,2469,0.0246899999999996,5,1e-05,0.01,0.01,200.0,100000.0,ZAR,DKK,DKK,1,POINTS,-44.1,0.0,Wednesday,2563.96,66.51,0,,,,False,live_tick,True,True,True,True,clean_pass,0.77,0.77,1.54,154.0,0.0600633395216774,,,,,,,,,,,,,,,,,,,,,,,,,C_NOT_TRADEABLE,data:no_history,,,,2024.0,False
DXYm,Forex,Standard\Forex\DXYm,no_history,"(-1, 'Terminal: Call failed') only 0 D1 bars",EXACT,20000,FULL,CFDLEVERAGE,99.765,99.803,38,0.0379999999999967,3,0.001,0.01,0.01,200.0,1000.0,USD,USD,USD,1,POINTS,-3.2,-7.7,Wednesday,998.03,83.97,0,,,,False,live_tick,True,True,True,True,clean_pass,0.5,0.5,9.98,998.0,0.9999699407833432,,,,,,,,,,,,,,,,,,,,,,,,,C_NOT_TRADEABLE,data:no_history,,,,2025.0,False
EURAUDm,Forex,Standard\Forex\EURAUDm,no_history,"(-1, 'Terminal: Call failed') only 0 D1 bars",EXACT,20000,FULL,FOREX,1.64078,1.64095,17,0.0001700000000002,5,1e-05,0.01,0.01,200.0,100000.0,AUD,EUR,EUR,1,POINTS,-12.0,0.0,Wednesday,1640.95,249.23,0,,,,False,live_tick,True,True,True,True,near_miss_risk(1.03%),0.58,0.58,11.54,1154.0,0.7032511654834089,,,,,,,,,,,,,,,,,,,,,,,,,C_NOT_TRADEABLE,data:no_history,,,,2025.0,False
EURHKDm,Forex,Standard\Forex\EURHKDm,ok,,EXACT,20000,CLOSEONLY,FOREX,9.03857,9.04796,939,0.0093899999999997,5,1e-05,0.01,0.01,200.0,100000.0,HKD,EUR,EUR,1,POINTS,-28.2,-6.0,Wednesday,9047.96,0.07,409,2025-04-11,2026-07-31,1.62,False,live_tick,False,False,False,True,near_miss_risk(1.08%),0.58,0.58,11.53,1153.0,0.1274320399294426,0.0416229999999998,0.04899025,0.4600263484807612,429.0,0.00429,5.31,10.62,order_calc_profit,22.55964250534516,10.306801528001378,False,True,-0.04,-0.01,1.2662619254119687,0.3165654813529922,1.0847803881511746,False,False,False,1.177732379979571,False,True,True,C_NOT_TRADEABLE,not_tradeable_both_sides(CLOSEONLY),,,,2025.0,False
GBPCADm,Forex,Standard\Forex\GBPCADm,no_history,"(-1, 'Terminal: Call failed') only 0 D1 bars",EXACT,20000,FULL,FOREX,1.88942,1.88985,43,0.0004300000000001,5,1e-05,0.01,0.01,200.0,100000.0,CAD,GBP,GBP,1,POINTS,0.0,-10.6,Wednesday,1889.85,97.82,0,,,,False,live_tick,True,True,True,True,near_miss_risk(1.23%),0.67,0.67,13.48,1348.0,0.7132841230785512,,,,,,,,,,,,,,,,,,,,,,,,,C_NOT_TRADEABLE,data:no_history,,,,2018.0,False
NZDMXNm,Forex,Standard\Forex\NZDMXNm,no_history,"(-1, 'Terminal: Call failed') only 0 D1 bars",EXACT,20000,FULL,FOREX_NO_LEVERAGE,10.20278,10.21056,778,0.0077799999999985,5,1e-05,0.01,0.01,200.0,100000.0,MXN,NZD,NZD,1,POINTS,-171.6,0.0,Wednesday,10210.56,58.48,0,,,,False,live_tick,True,True,True,True,clean_pass,5.89,5.89,5.89,589.0,0.0576853767080356,,,,,,,,,,,,,,,,,,,,,,,,,C_NOT_TRADEABLE,data:no_history,,,,2018.0,False
NZDUSDm,Forex,Standard\Forex\NZDUSDm,no_history,"(-1, 'Terminal: Call failed') only 0 D1 bars",EXACT,20000,FULL,FOREX,0.58887,0.58901,14,0.00014,5,1e-05,0.01,0.01,200.0,100000.0,USD,NZD,NZD,1,POINTS,-2.6,0.0,Wednesday,589.01,13.64,0,,,,False,live_tick,True,True,True,True,clean_pass,0.29,0.29,5.89,589.0,0.9999830223595524,,,,,,,,,,,,,,,,,,,,,,,,,C_NOT_TRADEABLE,data:no_history,,,,2023.0,False
SGDJPYm,Forex,Standard\Forex\SGDJPYm,no_history,"(-1, 'Terminal: Call failed') only 0 D1 bars",EXACT,20000,FULL,FOREX_NO_LEVERAGE,122.745,123.135,390,0.3900000000000005,3,0.001,0.01,0.01,200.0,100000.0,JPY,SGD,SGD,1,POINTS,-3.1,-2.5,Wednesday,123135.0,76.0,0,,,,False,live_tick,True,True,True,True,clean_pass,3.91,3.89,7.82,782.0,0.0063507532383156,,,,,,,,,,,,,,,,,,,,,,,,,C_NOT_TRADEABLE,data:no_history,,,,2018.0,False
TRYJPYm,Forex,Standard\Forex\TRYJPYm,ok,,EXACT,20000,CLOSEONLY,FOREX_NO_LEVERAGE,3.286,3.34,54,0.0539999999999998,3,0.001,0.01,0.01,200.0,100000.0,JPY,TRY,TRY,1,POINTS,0.0,0.0,Wednesday,3340.0,48.38,2452,2018-07-03,2026-07-31,9.73,False,live_tick,False,False,False,True,clean_pass,0.11,0.11,0.21,21.0,0.0062874251497005,0.0827499999999999,0.2369499999999999,2.477544910179639,19.0,0.019,0.53,1.05,order_calc_profit,65.25679758308141,22.960725075528718,False,True,0.0,0.0,-0.0,-0.0,0.1072522982635342,True,True,True,0.0214504596527068,True,True,True,C_NOT_TRADEABLE,not_tradeable_both_sides(CLOSEONLY),,,,2018.0,False
STOXX50m,Indices,Standard\Indices\STOXX50m,no_history,"(-1, 'Terminal: Call failed') only 0 D1 bars",EXACT,20000,FULL,CFD,6369.49,6371.13,164,1.6400000000003274,2,0.01,0.03,0.01,300.0,1.0,EUR,EUR,EUR,1,POINTS,-65.0,0.0,Friday,191.1339,60.8,0,,,,False,live_tick,True,True,True,True,clean_pass,1.1,1.1,2.2,220.0,1.1510255375943252,,,,,,,,,,,,,,,,,,,,,,,,,C_NOT_TRADEABLE,data:no_history,,,,2018.0,False
FUTUm,Stocks,Standard\Stocks\FUTUm,no_history,"(-1, 'Terminal: Call failed') only 0 D1 bars",EXACT,20000,FULL,CFD,105.01,105.43,42,0.4200000000000017,2,0.01,0.01,0.01,10.0,100.0,USD,USD,USD,1,POINTS,-1.7,-1.4,Friday,105.43,52.24,0,,,,False,live_tick,True,True,True,True,clean_pass,10.54,10.5,1.05,105.0,0.995921464478801,,,,,,,,,,,,,,,,,,,,,,,,,C_NOT_TRADEABLE,data:no_history,,,,2021.0,False
JDm,Stocks,Standard\Stocks\JDm,no_history,"(-1, 'Terminal: Call failed') only 0 D1 bars",EXACT,20000,FULL,CFD,32.9,32.94,4,0.0399999999999991,2,0.01,0.01,0.01,10.0,100.0,USD,USD,USD,1,POINTS,-0.5,-1.6,Friday,32.94,58.89,0,,,,False,live_tick,True,True,True,True,clean_pass,3.29,3.29,0.33,33.0,1.0018214936247725,,,,,,,,,,,,,,,,,,,,,,,,,C_NOT_TRADEABLE,data:no_history,,,,2021.0,False
LIm,Stocks,Standard\Stocks\LIm,no_history,"(-1, 'Terminal: Call failed') only 0 D1 bars",EXACT,20000,FULL,CFD,13.58,13.63,5,0.0500000000000007,2,0.01,0.01,0.01,10.0,100.0,USD,USD,USD,1,POINTS,-0.2,-0.2,Friday,13.63,64.39,0,,,,False,live_tick,True,True,True,True,clean_pass,1.36,1.36,0.14,14.000000000000002,1.0271460014673517,,,,,,,,,,,,,,,,,,,,,,,,,C_NOT_TRADEABLE,data:no_history,,,,2021.0,False
NIOm,Stocks,Standard\Stocks\NIOm,ok,,EXACT,20000,FULL,CFD,4.84,4.88,4,0.04,2,0.01,0.01,0.01,10.0,100.0,USD,USD,USD,1,POINTS,-0.1,-0.1,Friday,4.88,10.49,1216,2021-09-27,2026-07-31,4.83,False,live_tick,True,True,True,True,clean_pass,0.49,0.48,0.05,5.0,1.024590163934426,0.176,0.4164999999999998,3.60655737704918,5.0,0.05,0.18,0.35,order_calc_profit,22.727272727272748,28.40909090909091,False,True,-0.0,-0.0,0.0,0.0,0.0357507660878447,True,True,True,0.0051072522982635,True,True,True,C_NOT_TRADEABLE,spread_28pct_of_atr,,,,2021.0,False
NTESm,Stocks,Standard\Stocks\NTESm,no_history,"(-1, 'Terminal: Call failed') only 0 D1 bars",EXACT,20000,FULL,CFD,133.1,133.26,16,0.1599999999999966,2,0.01,0.01,0.01,10.0,100.0,USD,USD,USD,1,POINTS,-2.1,-4.4,Friday,133.26,5.81,0,,,,False,live_tick,True,True,True,True,clean_pass,13.33,13.31,1.33,133.0,0.9980489269098004,,,,,,,,,,,,,,,,,,,,,,,,,C_NOT_TRADEABLE,data:no_history,,,,2024.0,False
XPEVm,Stocks,Standard\Stocks\XPEVm,no_history,"(-1, 'Terminal: Call failed') only 0 D1 bars",EXACT,20000,FULL,CFD,12.96,12.99,3,0.0299999999999993,2,0.01,0.01,0.01,10.0,100.0,USD,USD,USD,1,POINTS,-0.2,-0.2,Friday,12.99,68.77,0,,,,False,live_tick,True,True,True,True,clean_pass,1.3,1.3,0.13,13.0,1.0007698229407236,,,,,,,,,,,,,,,,,,,,,,,,,C_NOT_TRADEABLE,data:no_history,,,,2021.0,False
